date,market_total,NoDur_total,NoDur_ratio,Durbl_total,Durbl_ratio,Manuf_total,Manuf_ratio,Enrgy_total,Enrgy_ratio,Chems_total,Chems_ratio,BusEq_total,BusEq_ratio,Telcm_total,Telcm_ratio,Utils_total,Utils_ratio,Shops_total,Shops_ratio,Hlth_total,Hlth_ratio,Money_total,Money_ratio,Other_total,Other_ratio
1928-07-31,6.811,6.0977,0.8953,13.2344,1.9431,8.6367,1.2681,6.7873,0.9965,10.9904,1.6136,11.0528,1.6228,4.8793,0.7164,7.7156,1.1328,8.9242,1.3103,8.1831,1.2014,8.9602,1.3155,6.8153,1.0006
1928-08-31,7.9506,6.77,0.8515,14.7414,1.8541,9.4216,1.185,8.4874,1.0675,11.3424,1.4266,12.3857,1.5578,6.1252,0.7704,8.9386,1.1243,9.2791,1.1671,8.4852,1.0672,11.4936,1.4456,7.2704,0.9145
1928-09-29,8.2177,6.7652,0.8233,15.2703,1.8582,9.5535,1.1626,8.7107,1.06,11.8793,1.4456,12.903,1.5702,6.1671,0.7505,9.1909,1.1184,9.2315,1.1234,8.4966,1.0339,11.5041,1.3999,7.3756,0.8975
1928-10-31,8.2525,6.7782,0.8214,15.3282,1.8574,9.5241,1.1541,8.8956,1.0779,11.9836,1.4521,12.9348,1.5674,6.1243,0.7421,9.222,1.1175,9.276,1.124,8.4094,1.019,11.5276,1.3969,7.2964,0.8841
1928-11-30,8.1547,6.7538,0.8282,15.1466,1.8574,9.3728,1.1494,8.9554,1.0982,11.6068,1.4233,12.782,1.5674,5.9932,0.7349,9.2175,1.1303,9.0319,1.1076,8.4189,1.0324,11.5413,1.4153,7.1323,0.8746
1928-12-31,8.1688,6.7914,0.8314,15.2163,1.8627,9.2595,1.1335,9.0946,1.1133,11.5409,1.4128,12.8596,1.5742,5.9759,0.7316,9.1881,1.1248,9.1752,1.1232,8.474,1.0374,11.5284,1.4113,7.0569,0.8639
1929-01-31,8.3194,6.8149,0.8192,15.0777,1.8123,9.418,1.132,9.47,1.1383,11.8552,1.425,13.1985,1.5865,6.1126,0.7347,9.3999,1.1299,9.39,1.1287,8.897,1.0694,11.2911,1.3572,7.0833,0.8514
1929-02-28,9.2828,7.2852,0.7848,16.0502,1.729,10.2675,1.1061,11.0704,1.1926,12.4407,1.3402,14.2742,1.5377,6.5547,0.7061,10.23,1.102,11.0996,1.1957,9.4827,1.0215,12.2106,1.3154,7.7333,0.8331
1929-03-28,9.3907,7.2605,0.7732,16.2566,1.7311,10.4419,1.1119,11.1942,1.192,12.4444,1.3252,14.7996,1.576,6.5767,0.7003,10.3374,1.1008,11.2546,1.1985,9.4695,1.0084,12.3872,1.3191,7.794,0.83
1929-04-30,9.762,7.6232,0.7809,16.0872,1.6479,10.9848,1.1253,11.3881,1.1666,13.2129,1.3535,15.2956,1.5668,7.3788,0.7559,10.9068,1.1173,11.403,1.1681,9.9091,1.0151,12.6996,1.3009,8.0383,0.8234
1929-05-31,10.0108,7.541,0.7533,16.0888,1.6071,11.433,1.1421,11.4442,1.1432,13.3877,1.3373,15.5696,1.5553,7.5248,0.7517,11.0266,1.1015,11.7271,1.1714,9.8039,0.9793,12.9467,1.2933,8.1758,0.8167
1929-06-29,10.2134,7.9274,0.7762,15.9151,1.5583,11.9583,1.1708,12.1936,1.1939,13.4632,1.3182,15.3141,1.4994,7.5359,0.7378,11.0634,1.0832,12.037,1.1785,10.0972,0.9886,12.6816,1.2417,8.4668,0.829
1929-07-31,10.1385,8.0547,0.7945,15.618,1.5405,12.0009,1.1837,12.1946,1.2028,13.1546,1.2975,15.4733,1.5262,7.9375,0.7829,11.1737,1.1021,11.9771,1.1814,9.9084,0.9773,12.5698,1.2398,8.1436,0.8032
1929-08-30,10.8281,8.5142,0.7863,16.7289,1.545,12.6679,1.1699,12.456,1.1503,13.8729,1.2812,16.4194,1.5164,8.2259,0.7597,11.9792,1.1063,12.5909,1.1628,10.4469,0.9648,13.2199,1.2209,8.6006,0.7943
1929-09-30,10.8034,8.4859,0.7855,16.6348,1.5398,12.6832,1.174,12.3974,1.1476,13.9912,1.2951,16.409,1.5189,8.4956,0.7864,12.2763,1.1363,12.5238,1.1592,10.1768,0.942,13.3353,1.2344,8.6683,0.8024
1929-10-31,11.401,8.765,0.7688,17.1325,1.5027,13.206,1.1583,12.9494,1.1358,14.527,1.2742,17.0597,1.4963,10.0923,0.8852,13.7138,1.2029,12.6182,1.1068,10.3937,0.9116,14.0617,1.2334,9.1224,0.8001
1929-11-27,11.5848,8.9869,0.7757,17.3355,1.4964,13.361,1.1533,13.0527,1.1267,15.036,1.2979,17.3764,1.4999,10.4167,0.8992,14.114,1.2183,12.7798,1.1032,10.4749,0.9042,14.1541,1.2218,9.319,0.8044
1929-12-31,11.9565,9.2775,0.7759,17.7486,1.4844,13.5963,1.1371,13.2425,1.1076,15.8165,1.3228,17.8864,1.496,11.128,0.9307,14.9481,1.2502,12.8385,1.0738,10.552,0.8825,14.8926,1.2456,9.2604,0.7745
1930-01-31,23.2377,18.4585,0.7943,30.0913,1.2949,23.4828,1.0105,20.3605,0.8762,33.1093,1.4248,33.8985,1.4588,22.496,0.9681,30.598,1.3167,23.6038,1.0158,23.6506,1.0178,33.3402,1.4347,16.1006,0.6929
1930-02-28,23.8985,18.9349,0.7923,30.7608,1.2871,24.1824,1.0119,20.8453,0.8722,33.9975,1.4226,35.2421,1.4747,22.96,0.9607,31.8513,1.3328,24.3752,1.0199,24.0648,1.007,34.1451,1.4288,16.5015,0.6905
1930-03-31,23.9964,19.0105,0.7922,30.9126,1.2882,24.1787,1.0076,20.8388,0.8684,34.1713,1.424,35.3089,1.4714,22.9957,0.9583,32.1786,1.341,24.9581,1.0401,24.0455,1.002,34.3922,1.4332,16.5514,0.6897
1930-04-30,23.9123,18.9583,0.7928,30.836,1.2895,24.0037,1.0038,20.2821,0.8482,34.2304,1.4315,35.3989,1.4804,22.9265,0.9588,32.2976,1.3507,24.8566,1.0395,23.9423,1.0013,34.395,1.4384,16.4521,0.688
1930-05-29,23.87,19.0648,0.7987,30.8772,1.2936,23.9863,1.0049,20.2815,0.8497,34.1989,1.4327,35.4695,1.4859,22.9211,0.9602,32.2522,1.3512,24.8364,1.0405,23.9291,1.0025,34.2452,1.4347,16.3868,0.6865
1930-06-30,23.7105,18.9168,0.7978,30.5485,1.2884,23.7345,1.001,20.3313,0.8575,34.0119,1.4345,35.2635,1.4873,23.3061,0.9829,32.2245,1.3591,24.7001,1.0417,23.8741,1.0069,34.2118,1.4429,16.2056,0.6835
1930-07-31,23.9331,19.0411,0.7956,30.7319,1.2841,23.8333,0.9958,21.0113,0.8779,33.9978,1.4205,36.0997,1.5084,23.3926,0.9774,32.644,1.364,24.7446,1.0339,23.973,1.0017,34.6737,1.4488,16.2626,0.6795
1930-08-29,24.5883,19.7239,0.8022,31.3725,1.2759,24.365,0.9909,21.9052,0.8909,35.075,1.4265,37.0189,1.5056,23.3416,0.9493,33.2882,1.3538,25.2562,1.0272,24.2916,0.9879,35.7796,1.4551,16.4688,0.6698
1930-09-30,24.7791,19.8534,0.8012,31.7915,1.283,24.5355,0.9902,22.0034,0.888,35.3575,1.4269,37.5865,1.5169,23.471,0.9472,33.5964,1.3558,25.3807,1.0243,24.5004,0.9888,36.0623,1.4554,16.5709,0.6687
1930-10-31,24.9418,19.9202,0.7987,32.3255,1.296,24.5928,0.986,21.9286,0.8792,35.5595,1.4257,38.0916,1.5272,23.5679,0.9449,33.7291,1.3523,25.5184,1.0231,24.7168,0.991,36.0291,1.4445,16.6519,0.6676
1930-11-29,20.2209,16.1604,0.7992,26.5207,1.3115,20.3379,1.0058,18.4842,0.9141,27.5026,1.3601,31.6265,1.564,18.0885,0.8945,28.1352,1.3914,21.6425,1.0703,19.3031,0.9546,29.1095,1.4396,13.9451,0.6896
1930-12-31,19.1319,15.0076,0.7844,25.7181,1.3443,18.9499,0.9905,18.2251,0.9526,26.5019,1.3852,30.4854,1.5934,16.9233,0.8846,26.3875,1.3792,19.9753,1.0441,17.7649,0.9286,27.4754,1.4361,12.7232,0.665
1931-01-31,19.5773,15.2274,0.7778,26.222,1.3394,19.3915,0.9905,18.6378,0.952,26.8672,1.3724,31.4807,1.608,17.0741,0.8721,27.1626,1.3875,20.0896,1.0262,18.7676,0.9586,28.3023,1.4457,13.263,0.6775
1931-02-28,19.5864,15.2958,0.7809,25.9928,1.3271,19.322,0.9865,18.9363,0.9668,26.8224,1.3694,31.4131,1.6038,17.0478,0.8704,27.0329,1.3802,20.54,1.0487,18.945,0.9673,28.3162,1.4457,13.772,0.7031
1931-03-31,20.0456,15.5789,0.7772,26.4397,1.319,19.6571,0.9806,19.5566,0.9756,27.205,1.3572,31.8717,1.59,17.2179,0.8589,27.3751,1.3656,21.0038,1.0478,19.4424,0.9699,29.2886,1.4611,14.5929,0.728
1931-04-30,20.0905,15.5832,0.7757,26.5128,1.3197,19.782,0.9846,19.522,0.9717,27.2055,1.3541,31.9553,1.5906,17.0519,0.8488,27.3207,1.3599,21.2539,1.0579,19.5761,0.9744,29.5589,1.4713,14.7848,0.7359
1931-05-29,20.0563,15.5317,0.7744,26.5615,1.3243,19.8617,0.9903,19.3712,0.9658,27.2333,1.3578,31.8818,1.5896,16.7744,0.8364,27.0953,1.351,21.3396,1.064,19.6382,0.9792,29.5743,1.4746,14.9097,0.7434
1931-06-30,19.5129,15.0546,0.7715,26.2397,1.3447,19.4471,0.9966,18.8225,0.9646,26.471,1.3566,31.1475,1.5963,16.3561,0.8382,26.5606,1.3612,20.8719,1.0697,22.1523,1.1353,28.7916,1.4755,14.8544,0.7613
1931-07-31,19.3092,14.9026,0.7718,26.4465,1.3696,19.5741,1.0137,18.9572,0.9818,25.5969,1.3256,31.0192,1.6064,16.3035,0.8443,25.911,1.3419,20.9991,1.0875,22.3019,1.155,28.3675,1.4691,15.3062,0.7927
1931-08-31,19.7005,15.5456,0.7891,27.3886,1.3903,20.1357,1.0221,19.4004,0.9848,25.586,1.2987,31.4351,1.5956,16.4794,0.8365,25.8283,1.311,21.1136,1.0717,22.978,1.1664,29.0801,1.4761,16.8813,0.8569
1931-09-30,17.6684,13.6973,0.7752,24.9977,1.4148,18.8025,1.0642,18.5514,1.05,21.1572,1.1975,28.8023,1.6302,13.4721,0.7625,22.7629,1.2883,19.176,1.0853,20.4019,1.1547,25.903,1.4661,16.5182,0.9349
1931-10-31,16.4619,12.5425,0.7619,23.7176,1.4408,17.9744,1.0919,18.0682,1.0976,19.4004,1.1785,27.1976,1.6522,13.0663,0.7937,20.2588,1.2306,17.2933,1.0505,19.0841,1.1593,23.5919,1.4331,16.1777,0.9827
1931-11-30,16.1743,12.3825,0.7656,23.3571,1.4441,17.5784,1.0868,18.3213,1.1327,18.6593,1.1536,26.4609,1.636,13.1707,0.8143,19.4402,1.2019,16.4922,1.0196,18.6527,1.1532,22.8639,1.4136,16.5696,1.0244
1931-12-31,19.3651,15.3961,0.795,26.8247,1.3852,20.5081,1.059,20.3024,1.0484,21.8242,1.127,29.7966,1.5387,15.755,0.8136,22.8167,1.1782,19.503,1.0071,23.8395,1.2311,26.9925,1.3939,21.5562,1.1131
1932-01-30,19.8303,15.7146,0.7925,27.4377,1.3836,21.1933,1.0687,20.5756,1.0376,22.3014,1.1246,30.3181,1.5289,16.1083,0.8123,23.3374,1.1769,19.9799,1.0075,24.0777,1.2142,26.8435,1.3537,22.5885,1.1391
1932-02-29,20.2559,16.3506,0.8072,27.8518,1.375,22.0924,1.0907,20.6513,1.0195,22.7213,1.1217,30.4684,1.5042,16.3752,0.8084,23.7776,1.1739,20.4696,1.0105,24.742,1.2215,27.1516,1.3404,23.8801,1.1789
1932-03-31,21.2419,17.3493,0.8167,28.9315,1.362,23.5683,1.1095,21.5631,1.0151,23.6606,1.1139,30.8982,1.4546,17.1634,0.808,24.2944,1.1437,21.4199,1.0084,25.3843,1.195,28.1165,1.3236,25.8199,1.2155
1932-04-30,22.0513,17.7521,0.805,29.5477,1.34,24.5776,1.1146,22.4112,1.0163,24.5833,1.1148,32.8541,1.4899,18.3405,0.8317,24.5878,1.115,22.1517,1.0046,24.5875,1.115,29.0229,1.3162,27.2337,1.235
1932-05-31,21.9931,17.583,0.7995,29.502,1.3414,24.5864,1.1179,22.0612,1.0031,24.1263,1.097,32.9366,1.4976,18.5799,0.8448,24.3747,1.1083,21.9576,0.9984,24.4227,1.1105,28.6297,1.3018,27.6112,1.2555
1932-06-30,22.2046,17.7111,0.7976,30.415,1.3698,24.6357,1.1095,22.4836,1.0126,24.777,1.1158,33.0253,1.4873,18.9622,0.854,25.2114,1.1354,21.9667,0.9893,26.3003,1.1845,28.6262,1.2892,28.2569,1.2726
1932-07-30,22.4145,17.9507,0.8009,30.329,1.3531,24.6068,1.0978,23.0549,1.0286,25.558,1.1402,33.3259,1.4868,19.1675,0.8551,25.5426,1.1396,22.3876,0.9988,27.014,1.2052,28.4212,1.268,28.9513,1.2916
1932-08-31,24.0126,19.8618,0.8271,31.525,1.3129,26.26,1.0936,24.1463,1.0056,26.8876,1.1197,37.3096,1.5538,19.9566,0.8311,28.3377,1.1801,24.3836,1.0155,31.7004,1.3202,29.6606,1.2352,31.3961,1.3075
1932-09-30,24.4508,20.3158,0.8309,31.8124,1.3011,28.5478,1.1676,24.3822,0.9972,27.6665,1.1315,38.0866,1.5577,20.4959,0.8383,28.933,1.1833,24.7966,1.0141,32.323,1.322,29.8953,1.2227,32.1364,1.3143
1932-10-31,24.8719,20.3166,0.8169,33.4391,1.3445,29.7254,1.1951,24.618,0.9898,28.8214,1.1588,39.1179,1.5728,21.5411,0.8661,29.3729,1.181,24.9805,1.0044,31.761,1.277,29.796,1.198,33.2407,1.3365
1932-11-30,25.8466,20.5755,0.7961,35.1164,1.3586,32.1794,1.245,24.9044,0.9635,29.9084,1.1571,40.8175,1.5792,21.9035,0.8474,30.2807,1.1716,25.5951,0.9903,32.0438,1.2398,31.3842,1.2143,34.6631,1.3411
1932-12-31,27.6667,21.0965,0.7625,39.0886,1.4128,35.635,1.288,25.6122,0.9257,31.8452,1.151,42.958,1.5527,22.854,0.826,31.821,1.1502,26.6866,0.9646,33.7191,1.2188,33.6369,1.2158,37.3309,1.3493
1933-01-31,28.1201,21.1447,0.7519,40.1771,1.4288,36.7062,1.3053,25.9067,0.9213,32.5971,1.1592,43.3054,1.54,23.3187,0.8293,32.0345,1.1392,26.9002,0.9566,34.3459,1.2214,33.7333,1.1996,38.025,1.3522
1933-02-28,28.2104,21.2877,0.7546,40.3294,1.4296,36.7462,1.3026,25.7439,0.9126,32.9044,1.1664,43.2111,1.5317,23.1676,0.8212,32.1811,1.1408,27.0599,0.9592,33.7933,1.1979,33.6659,1.1934,38.184,1.3535
1933-03-31,28.1082,21.2922,0.7575,40.1253,1.4275,36.8512,1.3111,25.4751,0.9063,32.8034,1.167,42.8225,1.5235,22.8223,0.8119,32.0789,1.1413,26.8958,0.9569,33.6128,1.1958,33.7149,1.1995,38.3548,1.3645
1933-04-29,27.8033,21.0773,0.7581,39.7217,1.4287,36.8978,1.3271,25.4411,0.915,32.5307,1.17,42.3154,1.522,22.3184,0.8027,31.534,1.1342,26.9028,0.9676,33.3612,1.1999,33.2912,1.1974,38.1363,1.3716
1933-05-31,28.3182,21.3735,0.7548,41.6809,1.4719,37.7034,1.3314,25.222,0.8907,32.8122,1.1587,43.4105,1.533,22.3529,0.7893,31.8812,1.1258,28.0004,0.9888,32.9581,1.1638,34.626,1.2227,38.5903,1.3627
1933-06-30,28.3368,21.0621,0.7433,42.4,1.4963,38.1694,1.347,24.7566,0.8737,32.952,1.1629,42.051,1.484,22.7948,0.8044,31.8995,1.1257,27.8401,0.9825,30.9722,1.093,35.3139,1.2462,38.3957,1.355
1933-07-31,28.4754,20.8458,0.7321,43.3181,1.5212,38.5161,1.3526,25.6497,0.9008,33.145,1.164,41.7343,1.4656,22.7023,0.7973,32.7436,1.1499,28.0324,0.9844,30.3008,1.0641,35.9954,1.2641,38.3978,1.3485
1933-08-31,28.4964,20.6667,0.7252,43.0749,1.5116,37.8687,1.3289,25.935,0.9101,32.9456,1.1561,41.7428,1.4648,22.7131,0.7971,33.0917,1.1613,27.9033,0.9792,30.2261,1.0607,35.8628,1.2585,37.5816,1.3188
1933-09-30,27.7918,19.9782,0.7189,42.0665,1.5136,37.3764,1.3449,26.011,0.9359,31.7626,1.1429,40.6894,1.4641,21.7029,0.7809,32.32,1.1629,27.2079,0.979,29.1617,1.0493,35.2174,1.2672,36.3301,1.3072
1933-10-31,29.1207,21.618,0.7424,43.7482,1.5023,38.0987,1.3083,28.253,0.9702,32.7901,1.126,41.3336,1.4194,21.5403,0.7397,33.1044,1.1368,28.751,0.9873,29.5134,1.0135,37.2411,1.2789,36.8904,1.2668
1933-11-29,27.9608,20.8243,0.7448,42.2351,1.5105,35.9888,1.2871,28.2649,1.0109,31.4777,1.1258,40.1516,1.436,20.5698,0.7357,32.3166,1.1558,27.8522,0.9961,28.2623,1.0108,35.7151,1.2773,34.5562,1.2359
1933-12-30,28.5941,21.0063,0.7346,43.4611,1.5199,36.4283,1.274,29.3319,1.0258,31.5921,1.1048,41.0104,1.4342,20.3212,0.7107,32.7377,1.1449,27.9644,0.978,28.761,1.0058,35.8799,1.2548,35.4569,1.24
1934-01-31,28.966,21.2872,0.7349,44.008,1.5193,36.9948,1.2772,29.8116,1.0292,32.0162,1.1053,41.4157,1.4298,20.2909,0.7005,32.6128,1.1259,28.473,0.983,29.028,1.0021,36.0918,1.246,35.5958,1.2289
1934-02-28,29.0335,21.1611,0.7289,44.1038,1.5191,37.0511,1.2762,29.979,1.0326,32.119,1.1063,41.4807,1.4287,20.0952,0.6921,32.8767,1.1324,28.4402,0.9796,28.7979,0.9919,36.4405,1.2551,35.5783,1.2254
1934-03-31,28.461,20.8641,0.7331,42.3115,1.4867,36.6796,1.2888,29.1397,1.0238,31.2591,1.0983,40.5741,1.4256,19.8865,0.6987,32.6839,1.1484,27.7369,0.9746,28.2534,0.9927,35.7797,1.2572,34.4941,1.212
1934-04-30,27.9664,20.1955,0.7221,41.5902,1.4872,36.0274,1.2882,28.9719,1.036,30.2753,1.0826,39.4547,1.4108,19.3494,0.6919,32.1657,1.1502,27.0616,0.9676,27.4568,0.9818,35.213,1.2591,33.8606,1.2108
1934-05-31,26.7824,19.0763,0.7123,40.2563,1.5031,34.7358,1.297,27.4215,1.0239,28.7829,1.0747,37.6379,1.4053,18.1985,0.6795,29.673,1.1079,25.7403,0.9611,25.1901,0.9405,34.1359,1.2746,32.4196,1.2105
1934-06-30,26.2543,18.759,0.7145,39.6772,1.5113,33.7559,1.2857,26.7273,1.018,27.8836,1.0621,36.9872,1.4088,17.3146,0.6595,28.7257,1.0941,25.3204,0.9644,24.4809,0.9325,33.4601,1.2745,31.8213,1.212
1934-07-31,25.1879,18.0336,0.716,38.2075,1.5169,32.3101,1.2828,25.738,1.0218,26.4888,1.0516,35.3267,1.4025,16.1727,0.6421,27.2015,1.0799,24.2474,0.9627,23.4125,0.9295,31.9749,1.2695,30.7138,1.2194
1934-08-31,22.2819,15.6872,0.704,33.9311,1.5228,28.6226,1.2846,22.8697,1.0264,23.2449,1.0432,31.7391,1.4244,15.2905,0.6862,24.9448,1.1195,21.5702,0.9681,20.9283,0.9393,28.0441,1.2586,27.4607,1.2324
1934-09-29,21.3772,15.2774,0.7147,32.4588,1.5184,27.2181,1.2732,22.0597,1.0319,22.0403,1.031,30.8076,1.4411,14.4842,0.6776,23.7745,1.1121,20.9876,0.9818,19.7438,0.9236,26.9868,1.2624,25.9117,1.2121
1934-10-31,20.3689,14.6552,0.7195,32.138,1.5778,25.6095,1.2573,20.9217,1.0271,20.564,1.0096,29.0576,1.4266,13.6427,0.6698,23.6064,1.1589,20.5286,1.0078,18.4861,0.9076,26.9022,1.3207,24.1785,1.187
1934-11-30,19.7965,14.0617,0.7103,31.8149,1.6071,25.0161,1.2637,20.2587,1.0233,19.8225,1.0013,28.1271,1.4208,13.0055,0.657,23.0824,1.166,19.9943,1.01,17.8849,0.9034,26.1467,1.3208,23.699,1.1971
1934-12-31,19.769,13.9769,0.707,31.9627,1.6168,24.9349,1.2613,20.2157,1.0226,19.5931,0.9911,27.988,1.4158,12.9117,0.6531,23.1953,1.1733,19.8657,1.0049,17.819,0.9014,25.7389,1.302,23.655,1.1966
1935-01-31,19.1692,13.581,0.7085,30.8061,1.6071,24.2841,1.2668,19.8069,1.0333,18.9472,0.9884,26.796,1.3979,13.0248,0.6795,23.1081,1.2055,18.9824,0.9903,16.4054,0.8558,24.6084,1.2837,23.0411,1.202
1935-02-28,18.5791,13.1497,0.7078,30.3647,1.6343,23.6107,1.2708,19.1863,1.0327,18.2467,0.9821,25.9717,1.3979,12.7773,0.6877,22.3732,1.2042,18.2583,0.9827,15.4482,0.8315,23.4629,1.2629,22.474,1.2096
1935-03-30,18.0357,12.7684,0.708,29.4767,1.6344,23.0356,1.2772,18.5123,1.0264,17.7938,0.9866,25.4282,1.4099,12.4477,0.6902,21.7785,1.2075,17.4663,0.9684,15.2406,0.845,22.7464,1.2612,21.9778,1.2186
1935-04-30,17.6056,12.4468,0.707,28.7774,1.6346,22.5381,1.2802,18.0704,1.0264,17.2719,0.981,24.8435,1.4111,12.0584,0.6849,21.4791,1.22,17.0956,0.971,14.7416,0.8373,22.1333,1.2572,21.5908,1.2264
1935-05-31,16.9517,11.9643,0.7058,28.2366,1.6657,21.8731,1.2903,17.1788,1.0134,16.764,0.9889,24.1406,1.4241,11.542,0.6809,21.248,1.2534,16.3983,0.9674,14.0846,0.8309,21.0229,1.2402,21.2794,1.2553
1935-06-29,15.3977,10.5944,0.6881,25.7862,1.6747,20.0129,1.2997,15.6138,1.014,14.9986,0.9741,22.5504,1.4645,11.1202,0.7222,20.7613,1.3483,14.8303,0.9632,12.534,0.814,18.9543,1.231,20.0053,1.2992
1935-07-31,15.1478,10.4014,0.6867,25.6599,1.694,19.7894,1.3064,15.4269,1.0184,14.5056,0.9576,22.2335,1.4678,11.2801,0.7447,21.0374,1.3888,14.3939,0.9502,12.4037,0.8188,18.646,1.2309,19.8179,1.3083
1935-08-31,12.7354,8.7027,0.6834,21.2703,1.6702,16.9038,1.3273,14.1897,1.1142,12.8035,1.0053,18.7321,1.4709,10.9385,0.8589,20.4292,1.6041,12.3207,0.9674,10.6805,0.8386,15.9393,1.2516,16.8031,1.3194
1935-09-30,12.0802,8.2028,0.679,20.3682,1.6861,16.1379,1.3359,13.8699,1.1481,12.0132,0.9945,17.7259,1.4673,10.7427,0.8893,20.4124,1.6897,11.8157,0.9781,10.1759,0.8424,15.1636,1.2552,15.8271,1.3102
1935-10-31,11.8383,7.8731,0.665,20.0656,1.695,15.7695,1.3321,13.5544,1.145,11.4113,0.9639,17.7577,1.5,10.6343,0.8983,21.3939,1.8072,11.4824,0.9699,9.8966,0.836,14.9988,1.267,15.5645,1.3148
1935-11-30,11.8539,7.6009,0.6412,20.1933,1.7035,15.7993,1.3328,13.4014,1.1305,11.4107,0.9626,17.8764,1.5081,9.9304,0.8377,22.3683,1.887,11.3926,0.9611,9.4062,0.7935,14.7886,1.2476,15.2604,1.2874
1935-12-31,12.1632,7.7243,0.6351,20.5478,1.6893,16.1059,1.3242,13.4527,1.106,11.5309,0.948,18.3059,1.505,10.0225,0.824,22.0559,1.8133,11.5821,0.9522,9.1187,0.7497,15.0054,1.2337,15.7223,1.2926
1936-01-31,11.8758,7.4077,0.6238,20.4525,1.7222,15.6805,1.3204,13.3862,1.1272,11.2502,0.9473,17.8624,1.5041,9.9583,0.8385,21.9545,1.8487,11.247,0.9471,8.8264,0.7432,14.5732,1.2271,15.3677,1.294
1936-02-29,12.0014,7.4808,0.6233,20.6695,1.7223,15.8997,1.3248,13.4485,1.1206,11.3004,0.9416,18.0526,1.5042,10.1758,0.8479,21.9423,1.8283,11.3124,0.9426,8.6994,0.7249,14.7258,1.227,15.5404,1.2949
1936-03-31,11.3961,7.0843,0.6216,19.8012,1.7375,15.0092,1.317,13.2234,1.1603,10.7483,0.9432,17.172,1.5068,9.8509,0.8644,21.5379,1.8899,10.6081,0.9309,8.3764,0.735,14.0628,1.234,14.7115,1.2909
1936-04-30,11.1909,6.948,0.6209,19.474,1.7402,14.7206,1.3154,13.0111,1.1626,10.4193,0.9311,16.9247,1.5124,9.8295,0.8783,21.3873,1.9111,10.4484,0.9337,8.3398,0.7452,13.8613,1.2386,14.389,1.2858
1936-05-29,11.6611,7.1994,0.6174,19.8735,1.7042,15.1494,1.2991,13.3657,1.1462,10.8781,0.9328,17.4418,1.4957,10.0128,0.8587,21.6788,1.8591,10.4702,0.8979,8.2365,0.7063,14.1913,1.217,15.073,1.2926
1936-06-30,10.8513,6.3558,0.5857,18.2782,1.6844,13.9939,1.2896,12.0909,1.1142,10.4389,0.962,16.149,1.4882,9.931,0.9152,20.592,1.8977,9.4538,0.8712,7.7545,0.7146,12.986,1.1967,14.1559,1.3045
1936-07-31,11.6832,6.6735,0.5712,18.7525,1.6051,14.9452,1.2792,13.3652,1.144,11.0734,0.9478,17.0214,1.4569,10.5941,0.9068,21.0151,1.7988,9.5094,0.8139,8.3097,0.7112,13.505,1.1559,14.766,1.2639
1936-08-31,11.484,6.6621,0.5801,18.2972,1.5933,14.7816,1.2871,13.0786,1.1389,10.935,0.9522,16.6008,1.4456,10.4619,0.911,20.1968,1.7587,9.3821,0.817,8.0671,0.7025,13.4222,1.1688,14.3399,1.2487
1936-09-30,11.2495,6.5812,0.585,18.035,1.6032,14.4506,1.2846,12.9888,1.1546,10.7761,0.9579,16.3009,1.449,10.0651,0.8947,18.4561,1.6406,9.0967,0.8086,7.9326,0.7052,13.1753,1.1712,14.0801,1.2516
1936-10-31,10.828,6.2144,0.5739,17.2273,1.591,14.0432,1.2969,12.937,1.1948,10.5305,0.9725,15.4072,1.4229,9.764,0.9017,17.7528,1.6395,8.6916,0.8027,7.605,0.7023,12.4298,1.1479,13.5049,1.2472
1936-11-30,10.858,6.1542,0.5668,17.0747,1.5725,13.974,1.287,12.8341,1.182,10.4687,0.9641,15.3451,1.4132,9.7603,0.8989,17.5455,1.6159,8.826,0.8129,7.3189,0.6741,12.3511,1.1375,13.4875,1.2422
1936-12-31,10.7072,6.0171,0.562,16.7292,1.5624,13.6458,1.2745,12.868,1.2018,10.3929,0.9706,14.8316,1.3852,9.5573,0.8926,17.3797,1.6232,8.7453,0.8168,7.3126,0.683,12.1106,1.1311,13.2935,1.2415
1937-01-30,10.7157,6.0464,0.5643,16.5765,1.5469,13.5323,1.2628,13.2796,1.2393,10.3549,0.9663,14.6752,1.3695,9.4272,0.8798,18.018,1.6815,8.8741,0.8281,7.3077,0.682,11.9061,1.1111,13.0667,1.2194
1937-02-27,10.7857,6.1681,0.5719,16.5863,1.5378,13.5841,1.2595,13.3341,1.2363,10.4228,0.9664,14.6249,1.356,9.2799,0.8604,17.8042,1.6507,9.3637,0.8682,7.2924,0.6761,12.1206,1.1238,13.0616,1.211
1937-03-31,10.332,5.8134,0.5627,15.9673,1.5454,13.0283,1.261,12.9674,1.2551,10.0719,0.9748,14.1984,1.3742,8.9719,0.8684,16.6458,1.6111,9.2641,0.8966,6.9338,0.6711,11.6277,1.1254,12.3729,1.1975
1937-04-30,10.2499,5.7995,0.5658,15.7868,1.5402,12.9207,1.2606,12.5755,1.2269,9.779,0.9541,14.0748,1.3732,8.6403,0.843,16.6292,1.6224,9.2129,0.8988,7.0944,0.6921,11.4597,1.118,12.3898,1.2088
1937-05-28,9.5307,5.5304,0.5803,15.1183,1.5863,12.1167,1.2713,11.9746,1.2564,8.8186,0.9253,13.2629,1.3916,7.8316,0.8217,15.8136,1.6592,9.2048,0.9658,6.7511,0.7084,10.7701,1.13,11.9089,1.2495
1937-06-30,9.9316,5.7594,0.5799,15.0445,1.5148,12.8839,1.2973,12.4143,1.25,9.0546,0.9117,13.5048,1.3598,7.7097,0.7763,15.3192,1.5425,9.4979,0.9563,6.7179,0.6764,10.6834,1.0757,12.5,1.2586
1937-07-31,10.8896,6.551,0.6016,15.8999,1.4601,14.1076,1.2955,13.4824,1.2381,9.5419,0.8762,14.0859,1.2935,7.7774,0.7142,14.7979,1.3589,10.4444,0.9591,7.1486,0.6565,11.5803,1.0634,13.4212,1.2325
1937-08-31,10.9724,6.6378,0.605,15.9747,1.4559,14.2351,1.2974,13.6315,1.2424,9.612,0.876,14.0454,1.2801,7.8283,0.7135,14.7114,1.3408,10.5124,0.9581,7.2133,0.6574,11.486,1.0468,13.4338,1.2243
1937-09-30,10.9864,6.5788,0.5988,16.0546,1.4613,14.2836,1.3001,13.6324,1.2409,9.535,0.8679,14.0931,1.2828,7.7871,0.7088,14.7842,1.3457,10.5304,0.9585,7.3178,0.6661,11.4779,1.0447,13.6725,1.2445
1937-10-30,10.8243,6.4617,0.597,16.1254,1.4897,14.0778,1.3006,13.4888,1.2462,9.3067,0.8598,13.7677,1.2719,7.5546,0.6979,14.7402,1.3618,10.328,0.9541,7.2651,0.6712,14.5063,1.3402,13.3939,1.2374
1937-11-30,12.689,7.6287,0.6012,17.8911,1.41,16.33,1.2869,15.0415,1.1854,10.7316,0.8457,16.1129,1.2698,7.858,0.6193,15.3068,1.2063,12.0768,0.9518,7.8836,0.6213,16.1242,1.2707,15.8397,1.2483
1937-12-31,16.0285,9.9276,0.6194,22.0734,1.3771,21.1123,1.3172,18.5716,1.1587,14.5523,0.9079,20.5569,1.2825,8.4826,0.5292,17.2863,1.0785,14.9942,0.9355,9.1,0.5677,18.4035,1.1482,19.382,1.2092
1938-01-31,17.1959,10.7675,0.6262,23.7553,1.3814,22.9247,1.3331,19.778,1.1502,15.6646,0.9109,21.8707,1.2719,9.3092,0.5414,18.9062,1.0995,16.2311,0.9439,9.2769,0.5395,19.3612,1.1259,20.4571,1.1896
1938-02-28,18.2674,11.2568,0.6162,25.3739,1.389,24.5297,1.3428,20.6792,1.132,16.9159,0.926,23.2134,1.2708,9.6761,0.5297,20.3847,1.1159,17.4798,0.9569,9.9941,0.5471,19.9953,1.0946,21.2829,1.1651
1938-03-31,18.5898,11.5186,0.6196,26.0965,1.4038,25.186,1.3548,20.7567,1.1166,17.1854,0.9245,23.6784,1.2737,9.5034,0.5112,20.8867,1.1236,18.0711,0.9721,10.0654,0.5414,20.3452,1.0944,21.4617,1.1545
1938-04-30,18.9488,11.6702,0.6159,26.9826,1.424,25.7525,1.3591,20.6671,1.0907,17.6956,0.9339,24.003,1.2667,10.444,0.5512,21.3223,1.1253,18.5866,0.9809,10.2842,0.5427,20.666,1.0906,21.8161,1.1513
1938-05-31,19.1538,11.8027,0.6162,27.3814,1.4296,26.0193,1.3584,21.0199,1.0974,18.003,0.9399,24.3375,1.2706,10.3821,0.542,21.2698,1.1105,18.7037,0.9765,10.3398,0.5398,20.8558,1.0889,22.3111,1.1648
1938-06-30,20.5392,12.472,0.6072,29.477,1.4352,27.8686,1.3569,22.5502,1.0979,19.5217,0.9505,26.0655,1.2691,11.5553,0.5626,22.3764,1.0895,19.7632,0.9622,11.4627,0.5581,22.1943,1.0806,23.7577,1.1567
1938-07-30,20.6239,12.5472,0.6084,29.6396,1.4371,27.9796,1.3567,22.5747,1.0946,19.804,0.9602,26.5016,1.285,11.6,0.5625,22.8481,1.1078,19.7337,0.9568,11.6485,0.5648,22.0404,1.0687,23.7335,1.1508
1938-08-31,20.927,12.7459,0.6091,29.954,1.4314,28.4425,1.3591,22.842,1.0915,20.3233,0.9712,27.0841,1.2942,11.7586,0.5619,23.1619,1.1068,19.9693,0.9542,11.8671,0.5671,21.2424,1.0151,24.0286,1.1482
1938-09-30,20.8366,12.62,0.6057,30.3144,1.4549,28.5017,1.3679,22.5708,1.0832,20.2497,0.9718,26.9056,1.2913,11.9317,0.5726,22.8657,1.0974,19.9453,0.9572,12.0137,0.5766,21.0684,1.0111,23.9026,1.1471
1938-10-31,19.7563,11.5864,0.5865,29.4084,1.4886,27.0377,1.3686,21.0143,1.0637,19.4885,0.9864,25.4408,1.2877,11.7296,0.5937,22.0505,1.1161,18.8777,0.9555,11.5274,0.5835,20.0239,1.0135,22.7679,1.1524
1938-11-30,19.604,11.525,0.5879,29.8342,1.5218,26.9111,1.3727,20.5928,1.0504,19.2965,0.9843,25.2258,1.2868,11.4165,0.5824,20.9949,1.071,18.6333,0.9505,11.4627,0.5847,20.0387,1.0222,23.1113,1.1789
1938-12-31,19.5397,11.7524,0.6015,29.8287,1.5266,26.5516,1.3589,20.444,1.0463,18.8964,0.9671,25.3484,1.2973,11.6767,0.5976,20.9278,1.071,18.5579,0.9498,11.2127,0.5738,20.2979,1.0388,23.6189,1.2088
1939-01-31,19.3292,11.5836,0.5993,29.4572,1.524,26.153,1.353,20.3242,1.0515,18.7097,0.9679,25.1629,1.3018,11.5458,0.5973,20.9409,1.0834,18.2373,0.9435,11.0462,0.5715,20.1224,1.041,23.3838,1.2098
1939-02-28,18.942,11.3839,0.601,29.0145,1.5318,25.6439,1.3538,19.8867,1.0499,18.3255,0.9675,24.9538,1.3174,10.9255,0.5768,20.5429,1.0845,17.6728,0.933,10.8371,0.5721,20.144,1.0635,23.018,1.2152
1939-03-31,18.4553,11.1205,0.6026,28.4262,1.5403,25.0679,1.3583,19.1337,1.0368,17.7875,0.9638,24.368,1.3204,10.7512,0.5826,20.5148,1.1116,17.2377,0.934,10.5668,0.5726,20.3893,1.1048,22.5116,1.2198
1939-04-29,17.6955,10.7449,0.6072,27.5611,1.5575,24.1125,1.3626,17.8457,1.0085,16.8042,0.9496,23.5527,1.331,10.061,0.5686,20.2022,1.1417,16.6502,0.9409,9.7385,0.5503,19.4893,1.1014,21.8602,1.2354
1939-05-31,17.68,10.7073,0.6056,27.6363,1.5631,24.0692,1.3614,17.6796,1.0,16.449,0.9304,23.3286,1.3195,10.2908,0.5821,19.8024,1.12,16.7026,0.9447,9.5917,0.5425,19.496,1.1027,22.063,1.2479
1939-06-30,18.9423,11.7351,0.6195,29.302,1.5469,25.8765,1.3661,18.5617,0.9799,17.0373,0.8994,24.4861,1.2927,10.8298,0.5717,20.6418,1.0897,17.9363,0.9469,10.4506,0.5517,20.6145,1.0883,23.817,1.2573
1939-07-31,18.2255,11.3291,0.6216,28.5316,1.5655,25.0041,1.3719,17.6978,0.971,16.3581,0.8975,23.6802,1.2993,10.4908,0.5756,20.0546,1.1004,17.2699,0.9476,10.0117,0.5493,19.874,1.0905,22.9003,1.2565
1939-08-31,17.3425,10.6757,0.6156,27.3871,1.5792,23.8971,1.378,16.5656,0.9552,15.375,0.8866,22.5395,1.2997,10.736,0.6191,19.404,1.1189,16.4376,0.9478,9.6818,0.5583,19.0925,1.1009,21.8203,1.2582
1939-09-30,16.4641,10.0717,0.6117,25.8009,1.5671,22.7983,1.3847,15.6403,0.95,14.4908,0.8801,21.8071,1.3245,10.4367,0.6339,18.4285,1.1193,15.6139,0.9484,9.3858,0.5701,18.1526,1.1026,20.6196,1.2524
1939-10-31,15.6919,9.5417,0.6081,24.6298,1.5696,21.7895,1.3886,14.5713,0.9286,13.889,0.8851,20.8216,1.3269,10.0971,0.6435,17.354,1.1059,14.7173,0.9379,8.8399,0.5633,17.4118,1.1096,19.8065,1.2622
1939-11-30,16.032,9.8884,0.6168,25.1393,1.5681,22.3826,1.3961,15.1253,0.9434,14.2767,0.8905,21.1915,1.3218,10.6038,0.6614,17.5222,1.093,15.172,0.9464,9.2227,0.5753,18.053,1.1261,20.4614,1.2763
1939-12-30,16.052,9.8921,0.6163,25.0086,1.558,22.4286,1.3973,15.4221,0.9608,14.1719,0.8829,21.2403,1.3232,10.3989,0.6478,17.4005,1.084,15.0156,0.9354,9.274,0.5778,17.63,1.0983,20.8356,1.298
1940-01-31,15.6837,9.6861,0.6176,24.4755,1.5606,22.0471,1.4057,14.9693,0.9544,13.8681,0.8842,20.9997,1.339,10.225,0.652,16.9955,1.0836,14.7459,0.9402,9.0856,0.5793,16.737,1.0672,20.2356,1.2902
1940-02-29,14.5344,9.1201,0.6275,22.775,1.567,20.5731,1.4155,13.8497,0.9529,12.6791,0.8723,19.5295,1.3437,9.4585,0.6508,15.7994,1.087,13.7535,0.9463,8.3462,0.5742,18.3821,1.2647,19.1409,1.3169
1940-03-30,14.0872,8.9894,0.6381,21.9297,1.5567,20.1162,1.428,13.5737,0.9636,12.1708,0.864,18.7876,1.3337,8.9591,0.636,15.1085,1.0725,13.4171,0.9524,8.1716,0.5801,18.143,1.2879,18.7468,1.3308
1940-04-30,12.3844,7.8687,0.6354,19.5245,1.5765,17.8514,1.4414,12.402,1.0014,10.7156,0.8653,16.8091,1.3573,8.2995,0.6702,13.3198,1.0755,11.7839,0.9515,7.0131,0.5663,16.5615,1.3373,16.7374,1.3515
1940-05-31,11.9329,7.6585,0.6418,18.6407,1.5621,17.3025,1.45,11.9555,1.0019,10.2525,0.8592,16.2102,1.3584,8.0527,0.6748,12.9309,1.0836,11.4018,0.9555,6.7091,0.5622,16.278,1.3641,16.1569,1.354
1940-06-29,11.6231,7.4967,0.645,18.0795,1.5555,16.9936,1.4621,11.8094,1.016,9.9323,0.8545,15.7188,1.3524,7.4938,0.6447,12.852,1.1057,11.0663,0.9521,6.6503,0.5722,16.0589,1.3816,15.8823,1.3664
1940-07-31,14.1295,10.186,0.7209,22.0002,1.557,19.631,1.3894,13.6529,0.9663,12.8401,0.9087,17.291,1.2237,9.8586,0.6977,14.4848,1.0251,13.5659,0.9601,9.3522,0.6619,17.3329,1.2267,18.0412,1.2768
1940-08-31,15.4629,11.6588,0.754,23.3008,1.5069,21.9136,1.4172,15.6185,1.0101,13.7926,0.892,17.7832,1.1501,10.1659,0.6574,15.035,0.9723,14.8855,0.9627,12.3273,0.7972,18.2866,1.1826,19.4317,1.2567
1940-09-30,14.9599,11.32,0.7567,22.6588,1.5146,21.0318,1.4059,14.9768,1.0011,13.3627,0.8932,17.1042,1.1433,9.8251,0.6568,14.8685,0.9939,14.2448,0.9522,12.1323,0.811,17.747,1.1863,18.5822,1.2421
1940-10-31,15.1303,11.3666,0.7512,23.0186,1.5214,21.2235,1.4027,15.0872,0.9972,13.5962,0.8986,17.6155,1.1643,9.8887,0.6536,14.8834,0.9837,14.4416,0.9545,12.2121,0.8071,17.6872,1.169,18.6107,1.23
1940-11-30,15.299,11.4868,0.7508,23.2334,1.5186,21.4707,1.4034,15.2835,0.999,13.806,0.9024,17.7336,1.1591,9.9739,0.6519,14.8631,0.9715,14.6371,0.9567,12.312,0.8048,17.5992,1.1503,18.7252,1.2239
1940-12-31,15.1594,11.4627,0.7561,22.9386,1.5132,21.3194,1.4063,15.2966,1.0091,13.7196,0.905,17.5082,1.1549,9.9367,0.6555,14.6396,0.9657,14.5491,0.9597,12.2896,0.8107,15.7507,1.039,18.5076,1.2209
1941-01-31,15.2056,11.4059,0.7501,22.9201,1.5073,21.4231,1.4089,15.6866,1.0316,13.9073,0.9146,17.6709,1.1621,9.773,0.6427,15.662,1.03,14.4232,0.9485,12.3908,0.8149,15.933,1.0478,18.416,1.2111
1941-02-28,14.6484,11.0454,0.754,22.0128,1.5027,20.619,1.4076,15.3598,1.0486,13.5899,0.9277,16.9063,1.1541,9.6605,0.6595,15.0827,1.0297,13.884,0.9478,12.1317,0.8282,15.1865,1.0367,17.7178,1.2095
1941-03-31,14.6029,11.0628,0.7576,21.9625,1.504,20.5283,1.4058,15.4376,1.0572,13.5218,0.926,16.8248,1.1522,9.6095,0.6581,15.0481,1.0305,13.8629,0.9493,12.153,0.8322,15.1609,1.0382,17.6978,1.2119
1941-04-30,14.7427,11.1616,0.7571,22.0613,1.4964,20.7692,1.4088,15.4868,1.0505,13.7354,0.9317,17.0693,1.1578,9.4847,0.6433,14.9387,1.0133,14.0125,0.9505,12.2703,0.8323,15.0991,1.0242,17.9552,1.2179
1941-05-31,12.8431,9.6083,0.7481,19.0168,1.4807,18.5713,1.446,14.1719,1.1035,11.8116,0.9197,15.363,1.1962,7.6764,0.5977,13.6585,1.0635,12.1781,0.9482,11.4387,0.8906,13.5078,1.0518,15.8659,1.2354
1941-06-30,11.1756,7.9023,0.7071,16.9215,1.5141,16.1064,1.4412,12.4692,1.1158,10.7,0.9574,14.0344,1.2558,7.1776,0.6423,12.5993,1.1274,10.3746,0.9283,9.0134,0.8065,11.7948,1.0554,13.9319,1.2466
1941-07-31,10.8485,7.6269,0.703,16.5157,1.5224,15.6539,1.4429,12.2842,1.1323,10.4219,0.9607,13.5098,1.2453,7.0005,0.6453,11.5576,1.0654,9.9161,0.914,8.9573,0.8257,11.3891,1.0498,13.6251,1.2559
1941-08-30,10.4956,7.5153,0.716,15.8876,1.5137,15.1041,1.4391,12.1304,1.1558,10.1452,0.9666,12.843,1.2237,7.0264,0.6695,11.3961,1.0858,9.5818,0.9129,8.8869,0.8467,11.1655,1.0638,13.1152,1.2496
1941-09-30,10.2688,7.3455,0.7153,15.5159,1.511,14.7252,1.434,12.0732,1.1757,9.984,0.9723,12.5541,1.2226,7.0604,0.6876,11.3183,1.1022,9.3148,0.9071,8.8925,0.866,10.8742,1.059,12.8955,1.2558
1941-10-31,10.0794,7.2541,0.7197,15.4577,1.5336,14.3618,1.4249,12.013,1.1918,9.8589,0.9781,12.4607,1.2363,6.9324,0.6878,11.2488,1.116,9.1528,0.9081,8.8703,0.88,9.7806,0.9704,12.6009,1.2502
1941-11-29,9.651,7.1283,0.7386,14.9943,1.5537,13.809,1.4308,11.3589,1.177,9.3991,0.9739,11.9519,1.2384,6.8517,0.7099,9.4963,0.984,8.9874,0.9312,8.7024,0.9017,9.2839,0.962,12.2335,1.2676
1941-12-31,9.7359,7.2398,0.7436,15.1114,1.5521,14.0324,1.4413,11.4132,1.1723,9.4536,0.971,12.1266,1.2456,6.7964,0.6981,9.4694,0.9726,9.0404,0.9286,8.9259,0.9168,9.3509,0.9605,12.2465,1.2579
1942-01-31,9.8541,7.5618,0.7674,14.9501,1.5171,14.1054,1.4314,11.5094,1.168,9.5722,0.9714,12.2364,1.2418,6.8853,0.6987,9.9539,1.0101,9.2271,0.9364,8.918,0.905,9.4491,0.9589,12.4134,1.2597
1942-02-28,10.6297,8.5828,0.8074,15.397,1.4485,14.6909,1.3821,12.6085,1.1862,9.5106,0.8947,12.2094,1.1486,8.3852,0.7889,11.5782,1.0892,10.3307,0.9719,9.3093,0.8758,10.3589,0.9745,13.5907,1.2786
1942-03-31,9.9466,8.0335,0.8077,14.1577,1.4234,13.8884,1.3963,12.7152,1.2783,8.8784,0.8926,11.8797,1.1943,9.4049,0.9455,11.3569,1.1418,10.1023,1.0157,9.083,0.9132,10.0791,1.0133,12.9204,1.299
1942-04-30,8.8482,7.1314,0.806,12.9289,1.4612,11.8271,1.3367,11.8358,1.3376,8.1915,0.9258,11.0153,1.2449,9.0124,1.0186,10.8591,1.2273,9.0261,1.0201,7.65,0.8646,9.158,1.035,11.703,1.3226
1942-05-29,9.1531,7.4849,0.8177,13.0496,1.4257,11.8195,1.2913,12.3922,1.3539,8.7438,0.9553,11.1209,1.215,9.5906,1.0478,11.0742,1.2099,9.1809,1.003,7.7389,0.8455,9.2703,1.0128,11.7782,1.2868
1942-06-30,9.1449,7.6406,0.8355,12.8903,1.4096,11.7465,1.2845,12.2339,1.3378,8.7792,0.96,10.9847,1.2012,9.5823,1.0478,11.1144,1.2154,9.2243,1.0087,7.9043,0.8643,9.3036,1.0174,11.8382,1.2945
1942-07-31,9.236,7.7303,0.837,13.0231,1.41,11.6628,1.2627,12.3981,1.3424,8.9707,0.9713,11.1867,1.2112,10.4787,1.1345,11.2043,1.2131,9.256,1.0022,8.3661,0.9058,9.2542,1.002,11.7669,1.274
1942-08-31,9.3203,7.8824,0.8457,13.1204,1.4077,11.6332,1.2482,12.3793,1.3282,9.091,0.9754,11.3275,1.2154,10.8312,1.1621,11.3989,1.223,9.406,1.0092,8.5163,0.9137,9.1936,0.9864,11.6992,1.2552
1942-09-30,9.292,7.9348,0.8539,13.1081,1.4107,11.581,1.2463,12.3339,1.3274,9.0364,0.9725,11.1762,1.2028,11.0097,1.1849,10.9063,1.1737,9.5017,1.0226,8.4969,0.9144,9.0735,0.9765,11.7337,1.2628
1942-10-31,9.2053,7.8707,0.855,13.105,1.4236,11.2599,1.2232,12.4071,1.3478,8.8939,0.9662,11.0622,1.2017,11.0217,1.1973,10.9922,1.1941,9.4334,1.0248,8.3372,0.9057,9.0082,0.9786,11.5778,1.2577
1942-11-30,9.1229,7.6924,0.8432,12.9239,1.4166,11.1102,1.2178,12.2637,1.3443,8.8248,0.9673,10.9581,1.2012,11.0605,1.2124,10.8335,1.1875,9.3152,1.0211,8.3756,0.9181,8.9001,0.9756,11.4283,1.2527
1942-12-31,8.2312,6.8236,0.829,12.0484,1.4637,9.71,1.1796,11.6232,1.4121,8.5615,1.0401,10.5067,1.2764,10.5205,1.2781,9.9777,1.2122,7.9697,0.9682,7.8852,0.958,8.1453,0.9896,9.8971,1.2024
1943-01-30,8.1239,6.6627,0.8201,11.7023,1.4405,9.5783,1.179,11.2493,1.3847,8.4033,1.0344,10.408,1.2812,9.8032,1.2067,10.1427,1.2485,7.8317,0.964,7.7512,0.9541,7.9923,0.9838,9.6756,1.191
1943-02-27,7.9729,6.5756,0.8247,11.6297,1.4586,9.3165,1.1685,11.0751,1.3891,8.3448,1.0466,10.201,1.2795,9.8315,1.2331,10.0587,1.2616,7.6642,0.9613,7.6837,0.9637,7.9465,0.9967,9.3313,1.1704
1943-03-31,7.5269,6.2913,0.8358,11.0341,1.466,9.0706,1.2051,10.0106,1.33,7.7562,1.0305,9.8741,1.3118,9.4334,1.2533,10.0673,1.3375,7.4417,0.9887,7.8667,1.0451,7.6271,1.0133,8.9938,1.1949
1943-04-30,7.308,6.0575,0.8289,10.7913,1.4766,8.8548,1.2117,9.9105,1.3561,7.4864,1.0244,9.6167,1.3159,9.4311,1.2905,10.1115,1.3836,7.2468,0.9916,7.5914,1.0388,7.5002,1.0263,8.6213,1.1797
1943-05-29,7.0722,5.9375,0.8395,10.3773,1.4673,8.6952,1.2295,9.4786,1.3403,7.1141,1.0059,9.2733,1.3112,8.6499,1.2231,10.2578,1.4504,7.1072,1.0049,7.0538,0.9974,7.765,1.098,8.6763,1.2268
1943-06-30,7.7937,6.3011,0.8085,11.0221,1.4142,9.7107,1.246,10.3357,1.3262,7.05,0.9046,9.7644,1.2529,8.223,1.0551,10.9086,1.3997,7.5836,0.973,7.1877,0.9223,8.3836,1.0757,9.9127,1.2719
1943-07-31,7.8283,6.2213,0.7947,11.0261,1.4085,9.7711,1.2482,10.2617,1.3108,6.9834,0.8921,9.8722,1.2611,8.0942,1.034,10.9941,1.4044,7.5035,0.9585,7.2587,0.9272,8.6022,1.0989,10.1982,1.3027
1943-08-31,7.8297,6.3845,0.8154,10.9435,1.3977,9.6448,1.2318,10.1612,1.2978,6.8338,0.8728,9.7873,1.25,8.0657,1.0301,11.0157,1.4069,7.5251,0.9611,7.1279,0.9104,8.7404,1.1163,10.2818,1.3132
1943-09-30,7.8176,6.3687,0.8147,10.7469,1.3747,9.6426,1.2334,10.1698,1.3009,6.8129,0.8715,9.715,1.2427,7.9848,1.0214,11.0724,1.4163,7.5251,0.9626,7.0057,0.8961,8.762,1.1208,10.2922,1.3165
1943-10-30,8.1057,6.5458,0.8076,11.1973,1.3814,9.7188,1.199,10.65,1.3139,7.043,0.8689,10.5302,1.2991,7.6495,0.9437,10.8918,1.3437,7.6884,0.9485,7.0661,0.8717,8.91,1.0992,10.6154,1.3096
1943-11-30,8.0031,6.4378,0.8044,11.0295,1.3782,9.593,1.1987,10.3264,1.2903,6.8712,0.8586,10.2957,1.2865,7.0157,0.8766,10.6115,1.3259,7.6312,0.9535,6.9268,0.8655,8.8473,1.1055,10.5782,1.3218
1943-12-31,7.9978,6.4785,0.81,11.0858,1.3861,9.5767,1.1974,10.2153,1.2773,6.6933,0.8369,10.324,1.2908,6.8395,0.8552,10.6762,1.3349,7.7983,0.9751,6.8774,0.8599,8.8225,1.1031,10.4838,1.3108
1944-01-31,8.2757,6.8101,0.8229,11.1923,1.3524,10.0144,1.2101,10.3894,1.2554,6.6829,0.8075,10.5999,1.2808,6.3941,0.7726,11.0546,1.3358,7.8786,0.952,6.7826,0.8196,9.3173,1.1259,11.4101,1.3787
1944-02-29,8.2448,6.7419,0.8177,11.0308,1.3379,9.9648,1.2086,10.5648,1.2814,6.6317,0.8043,10.5776,1.2829,6.2545,0.7586,10.9051,1.3227,7.7743,0.9429,6.5376,0.7929,9.3408,1.1329,11.3984,1.3825
1944-03-31,8.0289,6.5659,0.8178,10.8013,1.3453,9.7673,1.2165,10.332,1.2869,6.3572,0.7918,10.3481,1.2889,5.6265,0.7008,10.9311,1.3615,7.5981,0.9463,6.3795,0.7946,9.0765,1.1305,11.3088,1.4085
1944-04-29,7.5467,6.237,0.8265,10.2049,1.3522,9.0838,1.2037,9.7526,1.2923,6.0996,0.8083,9.8705,1.3079,5.0913,0.6746,10.3578,1.3725,7.1386,0.9459,6.0522,0.802,8.6039,1.1401,10.7947,1.4304
1944-05-31,7.3755,6.1144,0.829,10.0272,1.3595,8.8619,1.2015,9.479,1.2852,6.014,0.8154,9.6179,1.304,4.6302,0.6278,10.4253,1.4135,6.9665,0.9445,5.9399,0.8054,8.439,1.1442,10.6215,1.4401
1944-06-30,7.4232,6.1316,0.826,10.1224,1.3636,8.9135,1.2008,9.3566,1.2605,6.0531,0.8154,9.6325,1.2976,4.5665,0.6152,10.6792,1.4386,6.9303,0.9336,5.9978,0.808,8.495,1.1444,10.8335,1.4594
1944-07-31,7.4014,6.0953,0.8235,10.1962,1.3776,8.871,1.1986,9.3022,1.2568,6.0403,0.8161,9.621,1.2999,4.4929,0.607,10.6558,1.4397,6.8475,0.9252,5.9804,0.808,8.4616,1.1432,10.8364,1.4641
1944-08-31,6.7972,5.7086,0.8399,9.4513,1.3905,8.3229,1.2245,8.4303,1.2403,5.6691,0.834,8.9497,1.3167,3.4508,0.5077,10.3283,1.5195,6.28,0.9239,5.7622,0.8477,8.1643,1.2011,10.1575,1.4944
1944-09-30,6.7494,5.7549,0.8527,9.2915,1.3766,8.399,1.2444,8.3041,1.2303,5.6276,0.8338,8.8195,1.3067,3.4267,0.5077,10.1347,1.5016,6.1591,0.9125,5.7429,0.8509,8.2308,1.2195,10.0991,1.4963
1944-10-31,6.7834,5.7122,0.8421,9.5662,1.4103,8.4704,1.2487,8.3429,1.2299,5.6093,0.8269,8.7368,1.288,3.3807,0.4984,10.0299,1.4786,6.0343,0.8896,5.682,0.8376,8.1434,1.2005,10.1627,1.4982
1944-11-30,6.6066,5.4739,0.8285,9.8772,1.495,8.2389,1.2471,8.2076,1.2423,5.4511,0.8251,8.415,1.2737,3.3158,0.5019,9.4076,1.424,6.0259,0.9121,5.3778,0.814,7.8578,1.1894,9.5301,1.4425
1944-12-30,6.4981,5.324,0.8193,9.8649,1.5181,8.1574,1.2553,7.9192,1.2187,5.3255,0.8195,8.1554,1.255,3.1004,0.4771,9.2583,1.4248,5.9088,0.9093,5.348,0.823,7.6919,1.1837,9.4086,1.4479
1945-01-31,6.54,5.3416,0.8168,10.2069,1.5607,8.2042,1.2545,7.8931,1.2069,5.2641,0.8049,8.1764,1.2502,3.0179,0.4614,8.8585,1.3545,5.9911,0.9161,5.1874,0.7932,7.6757,1.1736,9.3799,1.4342
1945-02-28,6.2812,5.159,0.8213,9.8975,1.5757,7.8792,1.2544,7.5216,1.1975,5.1303,0.8168,7.8462,1.2492,2.9292,0.4663,8.5661,1.3638,5.7755,0.9195,5.1051,0.8128,7.5189,1.197,9.0791,1.4454
1945-03-31,6.3163,5.2154,0.8257,9.8549,1.5602,7.9953,1.2658,7.5679,1.1981,5.1718,0.8188,7.9698,1.2618,2.8984,0.4589,8.3586,1.3233,5.7324,0.9076,5.1355,0.813,7.5222,1.1909,9.2297,1.4612
1945-04-30,6.3503,5.1441,0.81,9.8299,1.5479,8.0439,1.2667,7.5865,1.1947,5.2155,0.8213,8.1295,1.2802,3.3698,0.5306,8.1909,1.2898,5.706,0.8985,5.1875,0.8169,7.521,1.1844,9.3456,1.4717
1945-05-31,6.5512,5.1989,0.7936,9.8754,1.5074,8.4884,1.2957,7.7565,1.184,5.4474,0.8315,8.3666,1.2771,3.3894,0.5174,7.9425,1.2124,5.9877,0.914,5.3203,0.8121,7.6304,1.1647,9.4374,1.4406
1945-06-30,6.5999,5.1832,0.7854,9.8577,1.4936,8.576,1.2994,7.9518,1.2048,5.4529,0.8262,8.3086,1.2589,3.1014,0.4699,7.6445,1.1583,6.0011,0.9093,5.342,0.8094,7.8659,1.1918,9.4812,1.4366
1945-07-31,6.6385,5.2083,0.7845,9.9538,1.4994,8.6524,1.3034,7.9513,1.1977,5.3998,0.8134,8.4104,1.2669,3.1011,0.4671,7.4458,1.1216,5.9818,0.9011,5.4673,0.8236,7.8195,1.1779,9.5543,1.4392
1945-08-31,6.5457,5.1523,0.7871,9.5889,1.4649,8.4913,1.2972,7.8361,1.1971,5.5183,0.843,8.4553,1.2917,3.144,0.4803,7.2728,1.1111,5.8651,0.896,5.4722,0.836,7.6751,1.1725,9.4715,1.447
1945-09-29,6.7861,5.24,0.7722,9.5529,1.4077,8.7997,1.2967,7.9227,1.1675,5.6965,0.8394,8.6492,1.2745,3.3299,0.4907,7.5726,1.1159,6.1105,0.9004,5.5114,0.8122,8.1333,1.1985,10.1072,1.4894
1945-10-31,6.8695,5.1538,0.7503,9.4439,1.3748,8.9181,1.2982,7.7688,1.1309,5.7932,0.8433,9.0506,1.3175,3.5697,0.5197,7.5442,1.0982,6.2211,0.9056,5.524,0.8041,8.0024,1.1649,10.5167,1.5309
1945-11-30,7.0231,5.2703,0.7504,9.4775,1.3495,9.082,1.2932,8.0322,1.1437,5.9386,0.8456,9.2946,1.3234,3.6273,0.5165,7.774,1.1069,6.3838,0.909,5.6896,0.8101,8.1718,1.1636,10.9468,1.5587
1945-12-31,7.1363,5.3255,0.7462,9.8953,1.3866,9.1945,1.2884,8.1018,1.1353,6.1575,0.8628,9.3893,1.3157,3.7333,0.5231,7.7351,1.0839,6.5144,0.9129,5.9406,0.8324,8.4104,1.1785,11.0337,1.5461
1946-01-31,7.2734,5.465,0.7514,10.0874,1.3869,9.3476,1.2852,8.1965,1.1269,6.3716,0.876,9.4899,1.3047,3.9936,0.5491,7.8735,1.0825,6.6593,0.9156,6.2406,0.858,8.4914,1.1675,11.1328,1.5306
1946-02-28,7.4674,5.6229,0.753,10.4658,1.4015,9.5423,1.2779,8.3525,1.1185,6.4536,0.8642,9.6588,1.2935,4.2171,0.5647,7.9397,1.0632,7.079,0.948,6.2579,0.838,8.6387,1.1569,11.1369,1.4914
1946-03-30,7.8016,5.9137,0.758,10.8114,1.3858,9.9264,1.2723,8.442,1.0821,6.6687,0.8548,9.9759,1.2787,4.4668,0.5725,8.4169,1.0789,7.4602,0.9562,6.7064,0.8596,9.3902,1.2036,11.5317,1.4781
1946-04-30,7.8033,5.9552,0.7632,11.0028,1.41,9.8971,1.2683,8.1753,1.0477,6.9864,0.8953,10.1176,1.2966,4.5648,0.585,8.4916,1.0882,7.7536,0.9936,6.7704,0.8676,9.4684,1.2134,11.4172,1.4631
1946-05-31,9.4293,7.3225,0.7766,12.5558,1.3316,11.745,1.2456,9.2473,0.9807,8.3565,0.8862,11.8493,1.2566,5.877,0.6233,10.0547,1.0663,9.8286,1.0423,8.5508,0.9068,11.1612,1.1837,12.804,1.3579
1946-06-28,9.4794,7.3441,0.7747,12.6234,1.3317,11.7706,1.2417,9.375,0.989,8.4275,0.889,11.8222,1.2471,5.8892,0.6213,10.1083,1.0663,10.0049,1.0554,8.7413,0.9221,11.1876,1.1802,12.7909,1.3493
1946-07-31,9.4797,7.3397,0.7743,12.4571,1.3141,11.786,1.2433,9.4332,0.9951,8.5744,0.9045,11.7804,1.2427,5.8715,0.6194,10.1655,1.0723,10.1553,1.0713,9.0477,0.9544,11.2021,1.1817,12.6851,1.3381
1946-08-30,9.2584,7.1996,0.7776,12.472,1.3471,11.5329,1.2457,9.1882,0.9924,8.4678,0.9146,11.6961,1.2633,5.7534,0.6214,9.9193,1.0714,10.0674,1.0874,9.1074,0.9837,10.9428,1.1819,12.1244,1.3096
1946-09-30,9.3538,7.3795,0.7889,12.5252,1.339,11.6506,1.2455,9.1019,0.9731,8.8529,0.9465,11.7402,1.2551,5.7078,0.6102,9.8217,1.05,10.421,1.1141,9.4542,1.0107,11.0914,1.1858,11.8775,1.2698
1946-10-31,9.6117,7.7274,0.804,12.5138,1.3019,12.0141,1.2499,9.1534,0.9523,9.1721,0.9543,11.8676,1.2347,5.6623,0.5891,9.939,1.0341,10.8339,1.1272,10.1949,1.0607,11.2213,1.1675,12.1702,1.2662
1946-11-30,12.7501,11.1464,0.8742,15.8408,1.2424,15.4451,1.2114,11.7848,0.9243,12.328,0.9669,14.2953,1.1212,7.814,0.6129,13.1097,1.0282,13.9047,1.0906,12.7647,1.0011,14.1241,1.1078,15.7167,1.2327
1946-12-31,13.6366,11.975,0.8782,17.0054,1.247,16.4052,1.203,12.6016,0.9241,13.2651,0.9728,15.1268,1.1093,8.0045,0.587,14.1482,1.0375,14.6388,1.0735,13.8006,1.012,15.165,1.1121,16.9441,1.2425
1947-01-31,13.9055,12.2929,0.884,17.5267,1.2604,16.6881,1.2001,12.7843,0.9194,13.515,0.9719,15.2243,1.0948,8.1188,0.5839,14.6559,1.054,14.9653,1.0762,14.1288,1.0161,15.2836,1.0991,17.2686,1.2419
1947-02-28,14.0769,12.436,0.8834,17.8523,1.2682,16.9179,1.2018,12.9148,0.9174,13.7402,0.9761,15.4654,1.0986,8.2112,0.5833,14.6961,1.044,15.1065,1.0731,14.3095,1.0165,15.3151,1.088,17.4867,1.2422
1947-03-31,13.5568,12.2014,0.9,17.4612,1.288,16.2533,1.1989,12.4312,0.917,13.3918,0.9878,14.8891,1.0983,7.8597,0.5798,14.2477,1.051,14.4469,1.0657,14.0492,1.0363,14.7435,1.0875,16.9685,1.2517
1947-04-30,13.5058,12.1438,0.8992,17.6655,1.308,16.2339,1.202,12.2858,0.9097,13.324,0.9865,14.8941,1.1028,7.7763,0.5758,14.0663,1.0415,14.3296,1.061,13.7697,1.0195,14.648,1.0846,16.9267,1.2533
1947-05-29,13.7134,12.283,0.8957,18.1288,1.322,16.492,1.2026,12.3685,0.9019,13.581,0.9903,15.1198,1.1026,7.8954,0.5757,14.1577,1.0324,14.425,1.0519,13.696,0.9987,14.7461,1.0753,17.1992,1.2542
1947-06-30,13.8469,12.4231,0.8972,18.4277,1.3308,16.6474,1.2022,12.4351,0.898,13.7945,0.9962,15.2402,1.1006,7.8654,0.568,14.2161,1.0267,14.4437,1.0431,13.8488,1.0001,15.0124,1.0842,17.3234,1.2511
1947-07-31,13.7927,12.4095,0.8997,18.6104,1.3493,16.5663,1.2011,12.4337,0.9015,13.6852,0.9922,15.1696,1.0998,7.7936,0.5651,14.1108,1.0231,14.4661,1.0488,13.8897,1.007,15.044,1.0907,17.1217,1.2414
1947-08-29,13.9225,12.5046,0.8982,18.8644,1.355,16.7392,1.2023,12.602,0.9052,13.7217,0.9856,15.2265,1.0937,7.8366,0.5629,14.2084,1.0205,14.5339,1.0439,13.892,0.9978,15.2916,1.0983,17.2721,1.2406
1947-09-30,13.9557,12.5974,0.9027,18.9737,1.3596,16.7613,1.201,12.6927,0.9095,13.6923,0.9811,15.3726,1.1015,8.2272,0.5895,14.2162,1.0187,14.5781,1.0446,13.6455,0.9778,15.3701,1.1013,17.246,1.2358
1947-10-31,11.9304,10.6156,0.8898,17.1251,1.4354,14.499,1.2153,10.8804,0.912,11.7601,0.9857,13.9387,1.1683,6.9397,0.5817,11.8593,0.994,12.6082,1.0568,11.9133,0.9986,13.401,1.1233,14.9695,1.2547
1947-11-29,11.6734,10.3394,0.8857,17.026,1.4585,14.2686,1.2223,10.6718,0.9142,11.3104,0.9689,13.8352,1.1852,6.8776,0.5892,11.4311,0.9792,12.2552,1.0498,11.4213,0.9784,12.9385,1.1084,14.6196,1.2524
1947-12-31,11.1403,9.8532,0.8845,16.3725,1.4697,13.7052,1.2302,10.3865,0.9323,10.8556,0.9744,13.4493,1.2073,6.5585,0.5887,10.4141,0.9348,11.5908,1.0404,11.0446,0.9914,12.4293,1.1157,13.9207,1.2496
1948-01-31,10.9361,9.731,0.8898,16.0395,1.4667,13.465,1.2312,10.29,0.9409,10.5353,0.9634,13.1455,1.202,6.4936,0.5938,10.2152,0.9341,11.313,1.0345,10.74,0.9821,12.3511,1.1294,13.6184,1.2453
1948-02-28,10.502,9.3577,0.891,15.5473,1.4804,12.9488,1.233,10.0199,0.9541,10.2216,0.9733,12.6866,1.208,6.1482,0.5854,9.7635,0.9297,10.7353,1.0222,10.3215,0.9828,11.8029,1.1239,13.2282,1.2596
1948-03-31,10.4006,9.2425,0.8887,15.225,1.4639,12.7419,1.2251,10.442,1.004,10.05,0.9663,12.4533,1.1974,6.0609,0.5827,9.7148,0.9341,10.6027,1.0194,10.2425,0.9848,11.7458,1.1293,13.2556,1.2745
1948-04-30,10.4686,9.3605,0.8941,14.9955,1.4324,12.8198,1.2246,10.9635,1.0473,10.0056,0.9558,12.4314,1.1875,5.8571,0.5595,9.5827,0.9154,10.574,1.0101,10.195,0.9739,11.7652,1.1238,13.3885,1.2789
1948-05-28,10.2493,9.0952,0.8874,14.6182,1.4263,12.5736,1.2268,10.9508,1.0684,9.638,0.9404,12.2442,1.1946,5.8128,0.5671,9.3326,0.9106,10.2128,0.9964,9.8642,0.9624,11.3079,1.1033,13.2788,1.2956
1948-06-30,10.0265,8.8936,0.887,14.2251,1.4187,12.2517,1.2219,10.8524,1.0824,9.4753,0.945,12.0131,1.1981,5.75,0.5735,9.0407,0.9017,9.9812,0.9955,9.6996,0.9674,10.9953,1.0966,13.0744,1.304
1948-07-30,9.8924,8.659,0.8753,14.1393,1.4293,12.0613,1.2193,10.9326,1.1051,9.2907,0.9392,11.7806,1.1909,5.2576,0.5315,8.9032,0.9,9.6832,0.9788,9.427,0.9529,10.8085,1.0926,12.9329,1.3074
1948-08-31,9.1989,7.9269,0.8617,13.481,1.4655,11.2767,1.2259,10.4039,1.131,8.64,0.9392,11.3309,1.2318,4.3811,0.4763,8.2135,0.8929,9.0287,0.9815,8.9054,0.9681,10.1859,1.1073,12.1344,1.3191
1948-09-30,8.3354,7.0579,0.8467,12.501,1.4998,10.3205,1.2382,9.8159,1.1776,7.7904,0.9346,10.5178,1.2618,4.0731,0.4887,7.3721,0.8844,8.0974,0.9714,7.9958,0.9593,9.249,1.1096,11.1237,1.3345
1948-10-30,8.6349,7.0216,0.8132,12.6662,1.4669,10.4787,1.2135,10.7752,1.2479,8.1122,0.9395,10.6794,1.2368,3.9104,0.4529,7.3185,0.8476,8.1873,0.9482,7.925,0.9178,9.7408,1.1281,11.2204,1.2994
1948-11-30,8.5232,6.8854,0.8078,12.4584,1.4617,10.2891,1.2072,11.0146,1.2923,8.051,0.9446,10.8001,1.2671,3.7543,0.4405,6.934,0.8135,7.8288,0.9185,7.8405,0.9199,9.4884,1.1132,11.066,1.2983
1948-12-31,8.8189,7.0596,0.8005,12.5763,1.4261,10.5446,1.1957,11.5458,1.3092,8.246,0.935,11.2865,1.2798,3.7033,0.4199,7.0547,0.7999,7.9381,0.9001,7.8607,0.8913,9.4291,1.0692,11.3862,1.2911
1949-01-31,10.3054,8.0031,0.7766,13.7087,1.3302,12.3838,1.2017,13.3051,1.2911,9.4738,0.9193,13.0205,1.2635,3.9337,0.3817,8.5045,0.8252,9.2331,0.8959,8.7844,0.8524,10.6253,1.031,12.9173,1.2535
1949-02-28,10.2749,8.0054,0.7791,13.6716,1.3306,12.3714,1.204,13.1521,1.28,9.5937,0.9337,13.0107,1.2663,3.8782,0.3774,8.3935,0.8169,9.1632,0.8918,8.653,0.8421,10.5917,1.0308,12.7861,1.2444
1949-03-31,10.0174,7.7201,0.7707,13.2566,1.3234,12.0646,1.2044,12.9407,1.2918,9.3443,0.9328,12.9173,1.2895,3.7983,0.3792,8.2519,0.8238,8.9541,0.8939,8.4924,0.8478,10.3761,1.0358,12.4175,1.2396
1949-04-30,9.8699,7.4858,0.7585,13.0018,1.3173,11.8434,1.2,13.0535,1.3226,9.2428,0.9365,12.7636,1.2932,3.8829,0.3934,8.1612,0.8269,8.7089,0.8824,8.2886,0.8398,10.0768,1.021,12.1844,1.2345
1949-05-31,9.711,7.3358,0.7554,12.6548,1.3031,11.6267,1.1973,12.9342,1.3319,9.12,0.9391,12.7302,1.3109,3.8271,0.3941,7.9957,0.8234,8.5153,0.8769,8.1277,0.837,9.9039,1.0199,12.02,1.2378
1949-06-30,9.5826,7.1856,0.7499,12.3645,1.2903,11.4688,1.1968,12.895,1.3457,9.0129,0.9406,12.5179,1.3063,3.4863,0.3638,7.8839,0.8227,8.3627,0.8727,8.0126,0.8362,9.7705,1.0196,11.9061,1.2425
1949-07-29,9.5364,7.1651,0.7513,12.1631,1.2754,11.3775,1.1931,12.9003,1.3527,8.9779,0.9414,12.4044,1.3007,3.5973,0.3772,7.8762,0.8259,8.2731,0.8675,7.9015,0.8286,9.6671,1.0137,11.8225,1.2397
1949-08-31,9.2875,7.0513,0.7592,11.6977,1.2595,11.1488,1.2004,12.5573,1.3521,8.7638,0.9436,12.0022,1.2923,3.4436,0.3708,7.7237,0.8316,8.139,0.8763,7.9879,0.8601,9.297,1.001,11.6207,1.2512
1949-09-30,9.3646,7.06,0.7539,11.7358,1.2532,11.3089,1.2076,12.6937,1.3555,8.94,0.9547,11.9205,1.2729,3.3819,0.3611,7.7278,0.8252,8.15,0.8703,7.9511,0.8491,9.193,0.9817,11.8147,1.2616
1949-10-31,9.0984,6.8568,0.7536,11.4424,1.2576,11.0917,1.2191,12.2977,1.3516,8.8031,0.9675,11.4213,1.2553,3.2332,0.3554,7.5665,0.8316,7.961,0.875,7.8732,0.8653,9.0561,0.9954,11.4718,1.2609
1949-11-30,9.1251,6.8718,0.7531,11.577,1.2687,11.0841,1.2147,12.3235,1.3505,8.974,0.9834,11.4036,1.2497,3.3683,0.3691,7.5246,0.8246,7.9848,0.875,7.8807,0.8636,9.0526,0.9921,11.4186,1.2513
1949-12-31,7.9917,6.0193,0.7532,10.7822,1.3492,9.6378,1.206,11.2543,1.4083,8.1068,1.0144,9.9217,1.2415,3.2244,0.4035,6.2896,0.787,6.973,0.8725,7.0969,0.888,8.1269,1.0169,10.0858,1.262
1950-01-31,7.981,6.0212,0.7544,11.0335,1.3825,9.6671,1.2113,11.0677,1.3868,8.2747,1.0368,9.914,1.2422,3.2472,0.4069,6.2101,0.7781,6.9076,0.8655,7.154,0.8964,8.1108,1.0163,10.0788,1.2629
1950-02-28,7.755,5.7649,0.7434,10.8307,1.3966,9.419,1.2146,10.858,1.4001,8.2507,1.0639,9.7635,1.259,3.1165,0.4019,6.0128,0.7753,6.5995,0.851,7.0803,0.913,7.8994,1.0186,9.8328,1.2679
1950-03-31,7.6869,5.9112,0.769,10.7512,1.3986,9.4393,1.228,10.4626,1.3611,8.261,1.0747,9.6204,1.2515,3.1323,0.4075,5.908,0.7686,6.5269,0.8491,7.2549,0.9438,7.9014,1.0279,9.8776,1.285
1950-04-29,7.6256,5.9078,0.7747,10.646,1.3961,9.3579,1.2272,10.294,1.3499,8.3033,1.0889,9.5348,1.2504,3.1074,0.4075,5.8699,0.7698,6.5358,0.8571,7.2459,0.9502,7.7434,1.0154,9.802,1.2854
1950-05-31,7.5282,5.7984,0.7702,10.5263,1.3982,9.2493,1.2286,10.1856,1.353,8.2737,1.099,9.453,1.2557,3.0346,0.4031,5.7172,0.7594,6.4464,0.8563,7.187,0.9547,7.6514,1.0164,9.6974,1.2881
1950-06-30,7.5951,5.7962,0.7632,10.5774,1.3927,9.3059,1.2253,10.2289,1.3468,8.5065,1.12,9.4731,1.2473,3.0079,0.396,5.7628,0.7588,6.467,0.8515,7.3333,0.9655,7.6688,1.0097,9.7571,1.2847
1950-07-31,7.0221,5.4897,0.7818,10.1544,1.4461,8.6462,1.2313,9.3524,1.3319,8.1484,1.1604,9.1825,1.3077,3.1938,0.4548,5.3702,0.7648,6.0633,0.8635,7.0115,0.9985,7.1041,1.0117,9.0413,1.2875
1950-08-31,6.9571,5.3518,0.7693,10.3176,1.483,8.5279,1.2258,9.282,1.3342,8.1163,1.1666,9.0233,1.297,3.2552,0.4679,5.2688,0.7573,6.0032,0.8629,6.9208,0.9948,7.0069,1.0072,8.9282,1.2833
1950-09-29,8.886,6.5794,0.7404,12.855,1.4467,10.4523,1.1763,10.9182,1.2287,10.1795,1.1456,11.3597,1.2784,5.0721,0.5708,7.1674,0.8066,7.4254,0.8356,8.1746,0.9199,9.2611,1.0422,10.2622,1.1549
1950-10-31,8.9977,6.7467,0.7498,13.7738,1.5308,10.2983,1.1446,10.7168,1.1911,11.0214,1.2249,11.8365,1.3155,5.2392,0.5823,7.6189,0.8468,7.7788,0.8645,8.858,0.9845,10.2795,1.1425,10.0851,1.1209
1950-11-30,8.6963,6.5856,0.7573,13.5359,1.5565,9.9552,1.1448,10.2789,1.182,10.8643,1.2493,11.5614,1.3295,5.2277,0.6011,7.3361,0.8436,7.4953,0.8619,8.873,1.0203,10.0118,1.1513,9.6578,1.1106
1950-12-30,8.7938,6.6587,0.7572,13.7255,1.5608,10.1197,1.1508,10.4055,1.1833,10.7923,1.2273,11.6028,1.3194,5.4101,0.6152,7.3564,0.8366,7.5277,0.856,8.8357,1.0048,10.0968,1.1482,9.7819,1.1124
1951-01-31,9.162,7.0794,0.7727,14.2736,1.5579,10.6597,1.1635,10.5465,1.1511,11.0828,1.2096,11.9527,1.3046,5.444,0.5942,7.5039,0.819,7.854,0.8572,9.1009,0.9933,10.3773,1.1326,10.2086,1.1142
1951-02-28,9.6698,7.4532,0.7708,14.7959,1.5301,11.2552,1.164,11.2624,1.1647,11.6365,1.2034,12.3469,1.2769,5.5008,0.5689,7.7137,0.7977,8.3245,0.8609,9.4411,0.9763,10.7746,1.1143,10.7031,1.1069
1951-03-31,9.8557,7.6301,0.7742,15.0477,1.5268,11.5281,1.1697,11.4639,1.1632,11.819,1.1992,12.4681,1.2651,5.5315,0.5612,7.8555,0.7971,8.4321,0.8555,9.5349,0.9674,10.9767,1.1137,11.0225,1.1184
1951-04-30,9.9119,7.6624,0.7731,15.1095,1.5244,11.5814,1.1684,11.5072,1.161,11.916,1.2022,12.4694,1.258,5.6348,0.5685,7.8393,0.7909,8.4776,0.8553,9.5827,0.9668,11.0277,1.1126,11.0928,1.1191
1951-05-31,9.986,7.7232,0.7734,15.1479,1.5169,11.682,1.1698,11.5514,1.1568,12.0764,1.2093,12.4842,1.2502,5.6875,0.5695,7.8412,0.7852,8.4502,0.8462,9.4613,0.9475,11.0711,1.1087,11.2238,1.124
1951-06-29,9.9572,7.7297,0.7763,14.9635,1.5028,11.6359,1.1686,11.4838,1.1533,12.0495,1.2101,12.4642,1.2518,5.6464,0.5671,7.7832,0.7817,8.4538,0.849,9.4662,0.9507,11.0868,1.1134,11.3324,1.1381
1951-07-31,9.9303,7.718,0.7772,14.7147,1.4818,11.6222,1.1704,11.4939,1.1574,12.0122,1.2096,12.3889,1.2476,5.6205,0.566,7.7577,0.7812,8.4214,0.848,9.6394,0.9707,11.051,1.1129,11.3502,1.143
1951-08-31,8.7404,6.8893,0.7882,12.9234,1.4786,10.5252,1.2042,10.5386,1.2057,10.6052,1.2134,10.4779,1.1988,4.5017,0.5151,6.1003,0.6979,7.3802,0.8444,8.5579,0.9791,9.2207,1.055,10.6617,1.2198
1951-09-28,8.7321,6.8564,0.7852,12.4589,1.4268,10.5561,1.2089,10.6666,1.2215,10.4,1.191,10.3548,1.1858,4.4406,0.5085,5.8806,0.6734,7.3435,0.841,8.6495,0.9905,9.1027,1.0424,10.8328,1.2406
1951-10-31,8.7134,6.7459,0.7742,12.4059,1.4238,10.5013,1.2052,10.8096,1.2406,10.3687,1.19,10.2926,1.1812,4.2782,0.491,5.8593,0.6724,7.271,0.8345,8.7317,1.0021,9.0644,1.0403,10.8246,1.2423
1951-11-30,8.6565,6.7037,0.7744,12.0513,1.3922,10.4334,1.2053,10.7692,1.2441,10.1882,1.1769,10.2569,1.1849,4.3609,0.5038,5.8169,0.672,7.2715,0.84,8.7191,1.0072,9.0426,1.0446,10.7537,1.2423
1951-12-31,8.2972,6.2661,0.7552,11.4441,1.3793,9.9562,1.1999,10.5717,1.2741,9.8405,1.186,9.8672,1.1892,4.3636,0.5259,5.5821,0.6728,6.9585,0.8387,8.4739,1.0213,8.6947,1.0479,10.3917,1.2524
1952-01-31,8.0146,5.8267,0.727,10.7759,1.3445,9.6503,1.2041,10.4703,1.3064,9.6059,1.1985,9.8318,1.2267,4.3074,0.5374,5.084,0.6343,6.4855,0.8092,8.5231,1.0634,8.2966,1.0352,10.025,1.2508
1952-02-29,7.9549,5.7034,0.717,10.6052,1.3332,9.5091,1.1954,10.4478,1.3134,9.7041,1.2199,9.7939,1.2312,4.1914,0.5269,4.9557,0.623,6.3893,0.8032,8.6545,1.088,8.1852,1.029,9.8772,1.2417
1952-03-31,7.8521,5.6644,0.7214,10.4131,1.3262,9.3745,1.1939,10.3496,1.3181,9.5447,1.2156,9.7202,1.2379,4.0621,0.5173,4.9574,0.6313,6.252,0.7962,8.711,1.1094,8.0852,1.0297,9.7711,1.2444
1952-04-30,7.7059,5.5369,0.7185,10.1822,1.3214,9.0582,1.1755,10.5209,1.3653,9.285,1.2049,9.5238,1.2359,3.892,0.5051,4.8065,0.6237,6.0401,0.7838,8.8323,1.1462,7.8574,1.0197,9.4393,1.2249
1952-05-29,7.7943,5.5387,0.7106,10.1117,1.2973,9.0365,1.1594,10.7987,1.3855,9.2786,1.1904,9.6781,1.2417,4.0015,0.5134,4.9468,0.6347,6.1639,0.7908,8.9094,1.1431,7.9061,1.0143,9.4806,1.2163
1952-06-30,7.0565,5.0306,0.7129,8.9799,1.2726,8.2736,1.1725,10.1861,1.4435,8.4195,1.1932,8.8035,1.2476,3.3305,0.472,4.2437,0.6014,5.5984,0.7934,8.4312,1.1948,7.189,1.0188,8.8948,1.2605
1952-07-31,6.886,4.7738,0.6933,8.5224,1.2376,8.2336,1.1957,10.1508,1.4741,7.9271,1.1512,8.4393,1.2256,3.1605,0.459,3.8014,0.552,5.2827,0.7672,8.0836,1.1739,6.5965,0.958,8.8899,1.291
1952-08-29,6.6233,4.522,0.6827,8.1665,1.233,7.909,1.1941,9.8241,1.4833,7.6974,1.1622,8.1963,1.2375,3.1453,0.4749,3.669,0.5539,5.0876,0.7681,7.7582,1.1713,6.3955,0.9656,8.554,1.2915
1952-09-30,6.5133,4.4472,0.6828,8.0325,1.2332,7.7603,1.1915,9.6951,1.4885,7.525,1.1553,8.1083,1.2449,3.5619,0.5469,3.5782,0.5494,5.0408,0.7739,7.8224,1.201,6.2779,0.9639,8.4311,1.2944
1952-10-31,6.3622,4.3111,0.6776,7.8311,1.2309,7.5523,1.1871,9.5167,1.4958,7.3812,1.1602,7.9906,1.256,3.4172,0.5371,3.526,0.5542,4.8978,0.7698,7.7655,1.2206,6.093,0.9577,8.2158,1.2913
1952-11-28,6.2656,4.162,0.6643,7.7418,1.2356,7.3628,1.1751,9.4228,1.5039,7.3207,1.1684,7.864,1.2551,3.3603,0.5363,3.4474,0.5502,4.7907,0.7646,7.7192,1.232,5.9452,0.9489,8.1734,1.3045
1952-12-31,5.5374,3.6592,0.6608,7.0282,1.2692,6.4047,1.1566,8.7264,1.5759,6.4946,1.1729,6.8569,1.2383,3.2684,0.5902,3.104,0.5606,4.1312,0.746,7.1659,1.2941,5.3258,0.9618,7.4123,1.3386
1953-01-30,5.5848,3.6143,0.6472,7.266,1.301,6.3753,1.1415,8.7712,1.5705,6.4589,1.1565,7.1089,1.2729,3.2217,0.5769,3.1703,0.5677,4.1338,0.7402,7.1905,1.2875,5.4037,0.9676,7.3776,1.321
1953-02-27,5.6074,3.6965,0.6592,7.3205,1.3055,6.4296,1.1466,8.7846,1.5666,6.5174,1.1623,7.1409,1.2735,3.1863,0.5682,3.1975,0.5702,4.1632,0.7424,7.3014,1.3021,5.4373,0.9697,7.4191,1.3231
1953-03-31,5.5525,3.6434,0.6562,7.3558,1.3248,6.3777,1.1486,8.6895,1.565,6.4415,1.1601,7.1448,1.2868,3.1689,0.5707,3.1809,0.5729,4.1245,0.7428,7.2386,1.3037,5.3626,0.9658,7.2837,1.3118
1953-04-30,5.2486,3.4664,0.6604,7.4274,1.4151,6.1347,1.1688,8.1797,1.5585,6.0314,1.1492,6.9352,1.3214,3.0861,0.588,3.0238,0.5761,3.894,0.7419,6.9646,1.327,5.1051,0.9727,6.961,1.3263
1953-05-29,5.2915,3.544,0.6698,7.5689,1.4304,6.2536,1.1818,8.0445,1.5203,6.0615,1.1455,6.9569,1.3147,3.0857,0.5831,3.0849,0.583,3.8772,0.7327,7.075,1.337,5.1263,0.9688,7.0556,1.3334
1953-06-30,5.631,3.8341,0.6809,8.2197,1.4597,6.7072,1.1911,8.2547,1.4659,6.134,1.0893,7.7966,1.3846,3.2207,0.5719,3.551,0.6306,3.8604,0.6856,7.0502,1.252,5.4255,0.9635,7.5371,1.3385
1953-07-31,5.6262,3.857,0.6855,8.1059,1.4407,6.6829,1.1878,8.1086,1.4412,6.3188,1.1231,7.8299,1.3917,3.2819,0.5833,3.6268,0.6446,3.8942,0.6922,7.0048,1.245,5.4474,0.9682,7.4473,1.3237
1953-08-31,5.6896,3.8364,0.6743,8.2338,1.4472,6.7355,1.1838,8.1203,1.4272,6.2955,1.1065,7.9706,1.4009,3.3291,0.5851,3.8094,0.6695,3.8665,0.6796,6.9317,1.2183,5.5562,0.9766,7.6553,1.3455
1953-09-30,5.9234,4.0184,0.6784,8.346,1.409,6.9394,1.1715,8.2817,1.3981,6.4608,1.0907,8.3352,1.4072,3.001,0.5066,4.2953,0.7251,4.0199,0.6786,6.8977,1.1645,5.9883,1.011,8.053,1.3595
1953-10-30,5.9787,4.0631,0.6796,8.5212,1.4253,6.9696,1.1657,8.2845,1.3857,6.5817,1.1009,8.4218,1.4086,2.9514,0.4937,4.3168,0.722,4.029,0.6739,6.97,1.1658,6.1138,1.0226,8.1083,1.3562
1953-11-30,6.1312,4.2756,0.6974,8.6149,1.4051,7.1639,1.1684,8.3892,1.3683,6.7639,1.1032,8.7153,1.4215,2.9676,0.484,4.4223,0.7213,4.1818,0.6821,7.0452,1.1491,6.2868,1.0254,8.4593,1.3797
1953-12-31,6.2539,4.4679,0.7144,8.6854,1.3888,7.3868,1.1812,8.4348,1.3487,6.749,1.0792,8.8112,1.4089,2.9338,0.4691,4.6882,0.7496,4.2615,0.6814,6.9574,1.1125,6.6698,1.0665,8.7498,1.3991
1954-01-29,6.2045,4.4519,0.7175,8.6379,1.3922,7.3989,1.1925,8.2841,1.3352,6.7974,1.0956,8.7577,1.4115,3.0589,0.493,4.6774,0.7539,4.181,0.6739,6.8548,1.1048,6.6205,1.067,8.6947,1.4013
1954-02-26,6.1809,4.4195,0.715,8.7049,1.4083,7.3708,1.1925,8.1975,1.3263,6.7502,1.0921,8.7786,1.4203,3.0199,0.4886,4.6559,0.7533,4.1713,0.6749,6.8708,1.1116,6.5556,1.0606,8.6432,1.3984
1954-03-31,6.2128,4.5142,0.7266,8.8034,1.417,7.4804,1.204,8.1631,1.3139,6.8381,1.1006,8.9379,1.4386,2.9689,0.4779,4.6524,0.7488,4.2477,0.6837,6.8617,1.1044,6.5786,1.0589,8.6459,1.3916
1954-04-30,6.1604,4.5643,0.7409,8.8837,1.4421,7.4698,1.2125,8.0134,1.3008,6.7994,1.1037,8.9444,1.4519,2.9405,0.4773,4.6114,0.7486,4.1667,0.6764,6.6866,1.0854,6.6291,1.0761,8.6505,1.4042
1954-05-28,6.1423,4.5822,0.746,8.8493,1.4407,7.4448,1.212,7.9725,1.298,6.7603,1.1006,9.1759,1.4939,2.9637,0.4825,4.5959,0.7482,4.1463,0.675,6.5351,1.0639,6.5913,1.0731,8.5551,1.3928
1954-06-30,5.9027,4.4644,0.7563,8.3851,1.4206,7.2134,1.2221,7.6034,1.2881,6.7664,1.1463,8.7731,1.4863,2.9537,0.5004,4.393,0.7442,4.1469,0.7025,6.4181,1.0873,6.4934,1.1001,8.2381,1.3957
1954-07-30,5.8208,4.4814,0.7699,8.3882,1.4411,7.1493,1.2282,7.4649,1.2825,6.6816,1.1479,8.9293,1.534,2.9566,0.5079,4.304,0.7394,4.1132,0.7066,6.2986,1.0821,6.3922,1.0982,8.1382,1.3981
1954-08-31,5.7251,4.4846,0.7833,8.5552,1.4943,7.0836,1.2373,7.3245,1.2794,6.6406,1.1599,8.8226,1.541,2.9737,0.5194,4.1512,0.7251,4.112,0.7183,6.1809,1.0796,6.2877,1.0983,7.9679,1.3918
1954-09-30,5.8503,4.5026,0.7696,8.7416,1.4942,7.2995,1.2477,7.5673,1.2935,7.3523,1.2567,9.0474,1.5465,2.8301,0.4837,3.9864,0.6814,4.1195,0.7041,6.1819,1.0567,6.2142,1.0622,7.9812,1.3642
1954-10-29,5.817,4.5356,0.7797,8.6601,1.4887,7.2713,1.25,7.6589,1.3166,7.3418,1.2621,9.0879,1.5623,3.0141,0.5181,3.9903,0.686,4.1487,0.7132,6.267,1.0773,6.1587,1.0587,7.9953,1.3745
1954-11-30,5.963,4.5313,0.7599,9.0276,1.5139,7.4306,1.2461,7.7167,1.2941,7.676,1.2873,9.2441,1.5503,3.239,0.5432,4.0723,0.6829,4.3101,0.7228,6.4194,1.0765,6.2687,1.0513,7.9891,1.3398
1954-12-31,5.7084,4.3611,0.764,9.0918,1.5927,7.1104,1.2456,7.4929,1.3126,7.5409,1.321,8.8874,1.5569,3.2365,0.567,3.7379,0.6548,4.2602,0.7463,6.36,1.1141,5.8715,1.0286,7.6095,1.333
1955-01-31,5.7915,4.4685,0.7716,9.2051,1.5894,7.2553,1.2528,7.3822,1.2747,7.7191,1.3328,8.9367,1.5431,3.2631,0.5634,3.9218,0.6772,4.3703,0.7546,6.3281,1.0926,5.9376,1.0252,7.667,1.3238
1955-02-28,5.8477,4.4564,0.7621,9.2156,1.5759,7.3348,1.2543,7.492,1.2812,7.8066,1.335,8.9749,1.5348,3.2409,0.5542,3.9004,0.667,4.3984,0.7522,6.3863,1.0921,5.9271,1.0136,7.8351,1.3399
1955-03-31,6.2187,4.6457,0.747,10.3484,1.6641,7.7355,1.2439,7.8098,1.2559,8.065,1.2969,9.3844,1.5091,3.3479,0.5384,4.0389,0.6495,4.6695,0.7509,6.9705,1.1209,6.0917,0.9796,8.206,1.3196
1955-04-29,6.554,4.7883,0.7306,10.3992,1.5867,8.1553,1.2443,8.1503,1.2436,8.5466,1.304,9.8343,1.5005,3.4346,0.524,4.1459,0.6326,4.879,0.7444,7.2867,1.1118,6.3474,0.9685,8.6854,1.3252
1955-05-31,6.593,4.7524,0.7208,10.6791,1.6198,8.2023,1.2441,8.1669,1.2387,8.6187,1.3073,9.7237,1.4749,3.6349,0.5513,4.1858,0.6349,4.904,0.7438,7.3773,1.119,6.4323,0.9756,8.7447,1.3264
1955-06-30,7.1997,5.1284,0.7123,11.1258,1.5453,8.9164,1.2384,8.6283,1.1984,9.0096,1.2514,10.3069,1.4316,4.0968,0.569,4.7552,0.6605,5.7651,0.8007,7.9763,1.1079,6.984,0.97,9.4151,1.3077
1955-07-29,7.2175,5.1558,0.7144,11.1476,1.5445,8.9645,1.2421,8.489,1.1762,9.0382,1.2523,10.3575,1.4351,4.1139,0.57,4.7748,0.6616,5.8216,0.8066,8.1581,1.1303,7.0163,0.9721,9.5218,1.3193
1955-08-31,7.2086,5.1678,0.7169,11.1964,1.5532,9.0275,1.2523,8.3785,1.1623,9.0581,1.2566,10.4961,1.4561,4.1052,0.5695,4.6673,0.6475,5.8835,0.8162,8.332,1.1559,7.0192,0.9737,9.4556,1.3117
1955-09-30,7.2491,5.1131,0.7053,11.4971,1.586,9.1275,1.2591,8.4253,1.1623,9.3026,1.2833,10.2904,1.4195,4.0718,0.5617,4.4793,0.6179,5.915,0.816,8.2349,1.136,6.9996,0.9656,9.3838,1.2945
1955-10-31,7.3521,5.1441,0.6997,11.5618,1.5726,9.2048,1.252,8.6277,1.1735,9.7101,1.3207,10.1623,1.3822,4.0581,0.552,4.4609,0.6068,6.2388,0.8486,8.0935,1.1008,6.9453,0.9447,9.3915,1.2774
1955-11-30,7.2249,5.0396,0.6975,11.5103,1.5931,9.0971,1.2591,8.4403,1.1682,9.5961,1.3282,9.9233,1.3735,4.1345,0.5723,4.3289,0.5992,6.1302,0.8485,8.0203,1.1101,6.8655,0.9502,9.1396,1.265
1955-12-30,9.3153,6.7155,0.7209,13.2404,1.4214,11.7786,1.2644,10.3874,1.1151,11.7467,1.261,11.4886,1.2333,4.5555,0.489,5.6688,0.6085,7.9614,0.8547,9.7543,1.0471,8.8901,0.9544,10.9041,1.1706
1956-01-31,9.5537,6.7996,0.7117,13.3895,1.4015,12.0344,1.2597,10.8268,1.1333,12.0417,1.2604,11.4995,1.2037,4.6254,0.4841,5.7131,0.598,8.1694,0.8551,9.9243,1.0388,9.0899,0.9515,11.0799,1.1598
1956-02-29,9.5731,6.7703,0.7072,13.8262,1.4443,12.0137,1.2549,10.8392,1.1323,12.2957,1.2844,11.5464,1.2061,4.6138,0.482,5.6945,0.5948,8.3043,0.8675,9.9746,1.0419,9.0727,0.9477,11.0532,1.1546
1956-03-29,9.445,6.63,0.702,13.7155,1.4521,11.8349,1.253,10.694,1.1322,12.2091,1.2927,11.3943,1.2064,4.5746,0.4843,5.6376,0.5969,8.2469,0.8732,9.817,1.0394,9.043,0.9574,10.8091,1.1444
1956-04-30,9.4653,6.6248,0.6999,13.7377,1.4514,11.9023,1.2575,10.7095,1.1315,12.1573,1.2844,11.3585,1.2,4.6464,0.4909,5.6508,0.597,8.3393,0.881,9.7178,1.0267,9.0767,0.9589,10.6781,1.1281
1956-05-31,9.4797,6.6378,0.7002,13.6505,1.44,11.9221,1.2576,10.7995,1.1392,12.2324,1.2904,11.3476,1.197,4.5233,0.4772,5.6454,0.5955,8.43,0.8893,9.8446,1.0385,9.1085,0.9608,10.5839,1.1165
1956-06-29,9.26,6.4108,0.6923,13.8196,1.4924,11.6731,1.2606,10.6963,1.1551,12.0639,1.3028,11.0239,1.1905,4.3253,0.4671,5.333,0.5759,8.1191,0.8768,9.578,1.0343,8.8387,0.9545,10.2291,1.1047
1956-07-31,9.3118,6.3868,0.6859,13.6556,1.4665,11.675,1.2538,11.0007,1.1814,12.1224,1.3018,11.0861,1.1905,4.3053,0.4623,5.3038,0.5696,8.1589,0.8762,9.5537,1.026,8.8517,0.9506,10.1608,1.0912
1956-08-31,9.4607,6.4793,0.6849,13.6937,1.4474,11.8902,1.2568,11.369,1.2017,12.0042,1.2689,11.289,1.1933,4.2625,0.4505,5.3369,0.5641,8.1789,0.8645,9.7724,1.0329,8.9801,0.9492,10.4132,1.1007
1956-09-28,9.5322,6.5218,0.6842,13.4168,1.4075,12.0041,1.2593,11.5981,1.2167,11.76,1.2337,11.2407,1.1792,4.2781,0.4488,5.4157,0.5682,8.1762,0.8577,9.9843,1.0474,9.1746,0.9625,10.4619,1.0975
1956-10-31,9.5159,6.4384,0.6766,13.3003,1.3977,12.0347,1.2647,11.6425,1.2235,11.5854,1.2175,11.2053,1.1775,4.2529,0.4469,5.4061,0.5681,8.0473,0.8457,9.8312,1.0331,9.1353,0.96,10.3553,1.0882
1956-11-30,9.5441,6.4326,0.674,13.3869,1.4026,12.0845,1.2662,11.7154,1.2275,11.4842,1.2033,11.1963,1.1731,4.1176,0.4314,5.4721,0.5734,8.0013,0.8383,9.9133,1.0387,9.0829,0.9517,10.3445,1.0839
1956-12-31,8.3341,5.4798,0.6575,12.1578,1.4588,10.5895,1.2706,10.7349,1.2881,10.0599,1.2071,10.1224,1.2146,5.1788,0.6214,4.6522,0.5582,6.876,0.825,9.0347,1.0841,7.8666,0.9439,9.0903,1.0907
1957-01-31,8.1729,5.3847,0.6588,12.0128,1.4698,10.4155,1.2744,10.5438,1.2901,9.7261,1.19,10.0774,1.233,5.193,0.6354,4.5336,0.5547,6.8191,0.8344,9.0405,1.1062,7.7256,0.9453,8.9694,1.0975
1957-02-28,8.1959,5.4149,0.6607,11.8009,1.4399,10.4387,1.2737,10.7161,1.3075,9.5531,1.1656,10.0352,1.2244,5.2358,0.6388,4.534,0.5532,6.7331,0.8215,9.0651,1.1061,7.7035,0.9399,8.8784,1.0833
1957-03-29,8.2425,5.4354,0.6594,11.4534,1.3895,10.4326,1.2657,10.8393,1.315,9.7471,1.1825,9.9621,1.2086,5.2795,0.6405,4.5558,0.5527,6.7493,0.8188,9.0368,1.0964,7.7179,0.9363,8.9952,1.0913
1957-04-30,8.0315,5.2778,0.6571,11.3866,1.4177,10.2139,1.2717,10.6414,1.3249,9.4598,1.1778,9.5306,1.1866,5.28,0.6574,4.4333,0.552,6.5823,0.8196,8.9088,1.1092,7.5601,0.9413,8.7651,1.0913
1957-05-31,8.1119,5.3999,0.6657,11.3523,1.3995,10.3309,1.2735,10.8521,1.3378,9.4727,1.1677,9.435,1.1631,5.2676,0.6494,4.4547,0.5492,6.5598,0.8087,8.9547,1.1039,7.5638,0.9324,8.9481,1.1031
1957-06-28,7.8313,5.2797,0.6742,10.8359,1.3837,10.0105,1.2783,10.5367,1.3455,9.2228,1.1777,9.0909,1.1608,5.1441,0.6569,4.2345,0.5407,6.3493,0.8108,8.8617,1.1316,7.4061,0.9457,8.6347,1.1026
1957-07-31,7.767,5.2439,0.6752,10.886,1.4016,9.8916,1.2735,10.4876,1.3503,9.0879,1.1701,8.9554,1.153,5.0904,0.6554,4.2383,0.5457,6.2468,0.8043,8.8059,1.1338,7.3931,0.9519,8.505,1.095
1957-08-30,7.5495,5.0708,0.6717,10.6665,1.4129,9.5412,1.2638,10.3264,1.3678,9.0041,1.1927,8.7833,1.1634,5.0523,0.6692,4.1365,0.5479,6.1322,0.8123,8.5635,1.1343,7.1842,0.9516,8.0211,1.0625
1957-09-30,7.4706,5.0045,0.6699,10.52,1.4082,9.3993,1.2582,10.1134,1.3538,8.9303,1.1954,8.837,1.1829,5.1449,0.6887,4.4756,0.5991,6.1091,0.8177,8.5561,1.1453,6.9888,0.9355,7.9124,1.0591
1957-10-31,7.3883,4.9683,0.6725,10.5166,1.4234,9.3086,1.2599,9.8513,1.3334,8.7434,1.1834,9.2119,1.2468,5.0816,0.6878,4.4363,0.6004,5.9459,0.8048,8.9052,1.2053,7.0575,0.9552,7.9206,1.072
1957-11-29,7.7515,5.0239,0.6481,10.5783,1.3647,9.6404,1.2437,10.444,1.3473,9.0338,1.1654,9.7596,1.2591,5.0529,0.6519,4.5921,0.5924,6.0295,0.7778,9.6057,1.2392,7.305,0.9424,8.3245,1.0739
1957-12-31,7.2364,4.4192,0.6107,9.8808,1.3654,8.9957,1.2431,10.1908,1.4083,8.3406,1.1526,9.5259,1.3164,4.0673,0.5621,4.149,0.5734,5.4407,0.7518,9.7098,1.3418,6.5687,0.9077,7.9815,1.103
1958-01-31,8.1259,5.1409,0.6327,10.3723,1.2764,10.1319,1.2469,11.1752,1.3753,9.1218,1.1226,10.4147,1.2817,4.9027,0.6033,4.9349,0.6073,5.9081,0.7271,10.3552,1.2743,7.4766,0.9201,9.4111,1.1582
1958-02-28,8.534,5.2366,0.6136,10.5647,1.238,10.6073,1.243,12.0088,1.4072,9.1856,1.0764,11.1361,1.3049,5.0721,0.5943,5.0824,0.5956,5.8735,0.6882,10.9758,1.2861,7.6509,0.8965,10.1152,1.1853
1958-03-31,8.7316,5.3291,0.6103,10.6364,1.2182,10.9709,1.2565,12.1553,1.3921,9.2515,1.0595,11.4884,1.3157,5.0715,0.5808,5.1746,0.5926,5.9029,0.676,11.069,1.2677,7.761,0.8888,10.4501,1.1968
1958-04-30,8.7328,5.3498,0.6126,10.734,1.2292,10.9571,1.2547,12.1331,1.3894,9.2374,1.0578,11.5605,1.3238,5.162,0.5911,5.2225,0.598,5.8403,0.6688,11.2206,1.2849,7.8002,0.8932,10.5831,1.2119
1958-05-29,8.6203,5.2621,0.6104,10.594,1.2289,10.8132,1.2544,12.0147,1.3938,9.1511,1.0616,11.6265,1.3487,5.0635,0.5874,5.1708,0.5998,5.7003,0.6613,11.1192,1.2899,7.721,0.8957,10.3992,1.2064
1958-06-30,8.6045,5.3005,0.616,10.4852,1.2186,10.808,1.2561,12.0093,1.3957,9.1369,1.0619,11.5668,1.3443,5.0575,0.5878,5.1706,0.6009,5.7518,0.6685,11.1743,1.2987,7.786,0.9049,10.4408,1.2134
1958-07-31,8.6548,5.352,0.6184,10.6747,1.2334,10.8786,1.2569,12.0321,1.3902,9.0923,1.0505,11.5356,1.3329,5.1419,0.5941,5.2272,0.604,5.8627,0.6774,11.2275,1.2973,7.7593,0.8965,10.601,1.2249
1958-08-29,8.588,5.3078,0.6181,10.738,1.2504,10.782,1.2555,11.9324,1.3894,9.0306,1.0515,11.2622,1.3114,5.1677,0.6017,5.2099,0.6067,5.832,0.6791,11.1967,1.3038,7.6809,0.8944,10.6299,1.2378
1958-09-30,8.5284,5.2809,0.6192,10.7037,1.2551,10.7065,1.2554,11.8259,1.3866,8.9884,1.0539,11.1206,1.3039,5.1699,0.6062,5.0089,0.5873,5.7672,0.6762,11.0956,1.301,7.5279,0.8827,10.6925,1.2538
1958-10-31,8.6258,5.3569,0.621,10.8281,1.2553,10.8729,1.2605,12.0097,1.3923,9.1578,1.0617,11.1068,1.2876,5.2443,0.608,4.9817,0.5775,5.7972,0.6721,11.0887,1.2855,7.5151,0.8712,10.8689,1.26
1958-11-28,8.4158,5.3119,0.6312,10.9053,1.2958,10.685,1.2696,11.6553,1.3849,8.961,1.0648,10.7939,1.2826,5.3188,0.632,4.8314,0.5741,5.8273,0.6924,10.6863,1.2698,7.313,0.869,10.7558,1.2781
1958-12-31,8.1554,5.0364,0.6176,10.9987,1.3486,10.3723,1.2718,11.3421,1.3907,8.7046,1.0673,10.6317,1.3036,5.059,0.6203,4.6272,0.5674,5.6045,0.6872,10.2282,1.2542,7.1426,0.8758,10.5347,1.2917
1959-01-30,7.4538,4.4433,0.5961,10.6904,1.4342,9.5653,1.2833,10.6311,1.4263,8.0132,1.075,10.0859,1.3531,4.4139,0.5922,3.8687,0.519,5.0151,0.6728,9.8501,1.3215,6.2803,0.8426,9.7366,1.3062
1959-02-27,7.3703,4.7008,0.6378,10.4729,1.421,9.5096,1.2903,10.0566,1.3645,8.0959,1.0984,9.7715,1.3258,4.753,0.6449,4.0777,0.5533,5.322,0.7221,9.6707,1.3121,6.461,0.8766,9.4699,1.2849
1959-03-31,7.1491,4.6238,0.6468,10.241,1.4325,9.1608,1.2814,9.8796,1.3819,7.8968,1.1046,9.4956,1.3282,5.1856,0.7254,4.0031,0.5599,5.3283,0.7453,9.8647,1.3799,6.2469,0.8738,9.0304,1.2632
1959-04-30,7.1696,4.7389,0.661,9.9558,1.3886,9.0947,1.2685,9.9112,1.3824,8.0762,1.1265,9.6762,1.3496,5.4125,0.7549,4.0512,0.5651,5.4676,0.7626,9.7857,1.3649,6.3492,0.8856,9.0312,1.2597
1959-05-29,7.1968,4.7515,0.6602,10.3542,1.4387,9.0539,1.258,10.0679,1.3989,8.1587,1.1336,9.519,1.3227,5.6122,0.7798,4.1323,0.5742,5.4703,0.7601,9.9348,1.3804,6.3467,0.8819,8.9992,1.2504
1959-06-30,7.2468,4.8241,0.6657,10.5342,1.4536,9.0381,1.2472,10.1448,1.3999,8.3223,1.1484,9.5618,1.3195,5.8122,0.802,4.1613,0.5742,5.511,0.7605,9.8871,1.3643,6.3811,0.8805,9.0412,1.2476
1959-07-31,7.2543,4.9622,0.684,10.4826,1.445,9.0737,1.2508,10.0122,1.3802,8.4615,1.1664,9.6168,1.3257,6.3459,0.8748,4.1729,0.5752,5.4734,0.7545,9.9318,1.3691,6.4031,0.8827,9.0465,1.247
1959-08-31,7.2696,5.1158,0.7037,10.615,1.4602,9.0833,1.2495,9.819,1.3507,8.6158,1.1852,9.7277,1.3381,6.5008,0.8943,4.3488,0.5982,5.4575,0.7507,9.9541,1.3693,6.3926,0.8794,9.0429,1.2439
1959-09-30,7.37,5.2712,0.7152,10.9693,1.4884,9.1303,1.2389,9.8353,1.3345,8.7469,1.1868,9.7658,1.3251,7.332,0.9948,4.4784,0.6077,5.4952,0.7456,10.2544,1.3914,6.4247,0.8717,9.0463,1.2275
1959-10-30,7.2596,5.2613,0.7247,11.0968,1.5286,8.931,1.2302,9.723,1.3393,8.5982,1.1844,9.5971,1.322,7.3642,1.0144,4.469,0.6156,5.4913,0.7564,10.0841,1.3891,6.317,0.8702,8.9132,1.2278
1959-11-30,7.3551,5.3866,0.7324,11.5188,1.5661,9.0946,1.2365,9.616,1.3074,8.6791,1.18,9.7946,1.3317,7.4101,1.0075,4.411,0.5997,5.5418,0.7535,10.3546,1.4078,6.39,0.8688,8.9867,1.2218
1959-12-31,7.501,5.5668,0.7421,11.8667,1.582,9.1404,1.2186,9.4848,1.2645,9.0969,1.2128,10.1171,1.3488,7.6601,1.0212,4.6286,0.6171,5.6071,0.7475,10.6111,1.4146,6.6398,0.8852,9.0505,1.2066
1960-01-29,7.1313,5.282,0.7407,11.8668,1.664,8.6873,1.2182,9.1844,1.2879,8.6431,1.212,9.7076,1.3613,7.4972,1.0513,4.2489,0.5958,5.3208,0.7461,10.2489,1.4372,6.3253,0.887,8.45,1.1849
1960-02-29,6.7003,5.0321,0.751,11.6831,1.7437,8.2331,1.2288,8.595,1.2828,8.3163,1.2412,9.2399,1.379,7.298,1.0892,3.9943,0.5961,4.9743,0.7424,9.7695,1.4581,6.0628,0.9049,7.9229,1.1825
1960-03-31,6.4717,4.8948,0.7563,11.5829,1.7898,7.8806,1.2177,8.4592,1.3071,8.0613,1.2456,8.9297,1.3798,7.0977,1.0967,3.8805,0.5996,4.8727,0.7529,9.6914,1.4975,5.9755,0.9233,7.702,1.1901
1960-04-29,6.6754,4.9792,0.7459,12.014,1.7997,8.0929,1.2123,8.4202,1.2614,8.4265,1.2623,9.3339,1.3982,7.2158,1.081,3.8607,0.5783,5.1114,0.7657,9.661,1.4473,5.9279,0.888,7.6919,1.1523
1960-05-31,6.7451,5.1177,0.7587,12.0658,1.7888,8.3199,1.2335,8.1381,1.2065,8.417,1.2479,9.5583,1.4171,7.5565,1.1203,3.8334,0.5683,5.3353,0.791,9.6433,1.4297,5.9528,0.8825,7.7909,1.155
1960-06-30,6.8149,5.1825,0.7605,12.2006,1.7903,8.3751,1.2289,8.1594,1.1973,8.3694,1.2281,9.7071,1.4244,7.6375,1.1207,3.878,0.569,5.3716,0.7882,9.7246,1.4269,5.922,0.869,7.8504,1.1519
1960-07-29,6.8582,5.1185,0.7463,12.4234,1.8115,8.3595,1.2189,8.1047,1.1817,8.327,1.2142,9.843,1.4352,8.4488,1.2319,3.8752,0.565,5.2978,0.7725,9.723,1.4177,5.8415,0.8518,7.7655,1.1323
1960-08-31,6.8102,5.0671,0.744,12.3843,1.8185,8.3629,1.228,8.4313,1.238,8.2206,1.2071,9.8935,1.4527,8.3993,1.2333,3.612,0.5304,5.3325,0.783,9.6677,1.4196,5.9052,0.8671,7.7404,1.1366
1960-09-30,6.6952,5.1362,0.7671,12.1708,1.8178,8.2928,1.2386,8.3556,1.248,8.0972,1.2094,9.8698,1.4742,8.0547,1.2031,3.5998,0.5377,5.484,0.8191,9.6007,1.434,5.9002,0.8813,7.6494,1.1425
1960-10-31,6.82,5.3652,0.7867,12.086,1.7721,8.4563,1.2399,8.2225,1.2056,8.1865,1.2004,10.4944,1.5388,8.0637,1.1823,3.8615,0.5662,5.6468,0.828,9.8844,1.4493,5.9601,0.8739,7.7157,1.1313
1960-11-30,6.6744,5.2987,0.7939,11.8143,1.7701,8.2232,1.2321,8.2673,1.2387,8.0609,1.2077,10.3329,1.5482,8.1684,1.2238,3.8577,0.578,5.563,0.8335,9.6013,1.4385,5.8611,0.8782,7.547,1.1307
1960-12-30,6.9417,5.7439,0.8274,11.5254,1.6603,8.5922,1.2378,8.243,1.1875,7.9721,1.1484,10.957,1.5784,8.6186,1.2416,4.0044,0.5769,6.4822,0.9338,10.0759,1.4515,5.8106,0.8371,7.7359,1.1144
1961-01-31,7.063,5.9981,0.8492,11.4658,1.6233,8.6973,1.2314,8.1976,1.1606,8.1097,1.1482,11.1581,1.5798,8.9156,1.2623,4.211,0.5962,6.6211,0.9374,10.1809,1.4414,5.7017,0.8073,7.7409,1.096
1961-02-28,6.9354,5.9902,0.8637,11.3661,1.6388,8.5443,1.232,7.9564,1.1472,8.0141,1.1555,11.0478,1.5929,8.8899,1.2818,4.1485,0.5982,6.5762,0.9482,10.0331,1.4466,5.674,0.8181,7.5273,1.0853
1961-03-30,6.9802,6.0995,0.8738,11.3551,1.6268,8.5926,1.231,7.9421,1.1378,7.9941,1.1453,11.025,1.5795,9.3923,1.3456,4.2061,0.6026,6.5232,0.9345,9.8725,1.4144,5.7229,0.8199,7.5086,1.0757
1961-04-28,6.9086,6.052,0.876,11.2022,1.6215,8.5087,1.2316,8.0498,1.1652,7.9733,1.1541,10.9197,1.5806,9.4778,1.3719,4.2244,0.6115,6.3884,0.9247,9.9113,1.4346,5.8097,0.8409,7.504,1.0862
1961-05-31,6.799,6.0066,0.8835,11.0554,1.626,8.3723,1.2314,7.8343,1.1523,7.7769,1.1438,10.8574,1.5969,9.5055,1.3981,4.1816,0.615,6.3569,0.935,9.8798,1.4531,5.7823,0.8505,7.3998,1.0884
1961-06-30,6.7147,6.0139,0.8956,10.9846,1.6359,8.2511,1.2288,7.7007,1.1468,7.7332,1.1517,10.7393,1.5994,9.8454,1.4662,4.186,0.6234,6.4506,0.9607,9.7317,1.4493,5.8235,0.8673,7.3278,1.0913
1961-07-31,6.9056,6.5201,0.9442,10.9929,1.5919,8.3772,1.2131,7.9053,1.1448,7.8262,1.1333,10.769,1.5594,10.0648,1.4575,4.2851,0.6205,6.662,0.9647,10.0014,1.4483,6.2471,0.9046,7.3715,1.0675
1961-08-31,6.8369,6.4784,0.9476,11.3757,1.6639,8.2671,1.2092,7.5046,1.0977,7.774,1.1371,10.6262,1.5542,10.2252,1.4956,4.2301,0.6187,6.7046,0.9806,9.7529,1.4265,6.2409,0.9128,7.212,1.0549
1961-09-29,6.9241,6.5552,0.9467,11.3422,1.6381,8.3185,1.2014,7.4707,1.0789,7.8122,1.1283,10.7217,1.5485,10.2276,1.4771,4.261,0.6154,6.5979,0.9529,9.6103,1.3879,6.2225,0.8987,7.3409,1.0602
1961-10-31,6.8587,6.5332,0.9525,11.1636,1.6277,8.1812,1.1928,7.4366,1.0843,7.8101,1.1387,10.4634,1.5256,10.755,1.5681,4.1495,0.605,6.5828,0.9598,9.4971,1.3847,6.2321,0.9087,7.2814,1.0616
1961-11-30,6.7086,6.4975,0.9685,10.9516,1.6325,7.9863,1.1904,7.311,1.0898,7.6921,1.1466,10.344,1.5419,10.6774,1.5916,4.118,0.6138,6.4371,0.9595,9.2866,1.3843,6.1719,0.92,7.0774,1.055
1961-12-29,6.3811,6.1927,0.9705,10.8542,1.701,7.5812,1.1881,7.2651,1.1385,7.5514,1.1834,9.9246,1.5553,10.3743,1.6258,3.7594,0.5891,5.7551,0.9019,8.3958,1.3157,6.1832,0.969,6.7471,1.0573
1962-01-31,6.1647,6.0457,0.9807,10.7052,1.7365,7.2929,1.183,7.06,1.1452,7.4571,1.2096,9.6478,1.565,10.2858,1.6685,3.6282,0.5886,5.7025,0.925,8.0656,1.3083,6.128,0.9941,6.6034,1.0712
1962-02-28,6.1162,6.0554,0.9901,10.786,1.7635,7.1357,1.1667,7.0391,1.1509,7.3712,1.2052,9.5494,1.5613,10.4266,1.7048,3.6777,0.6013,5.8046,0.9491,8.0054,1.3089,6.2132,1.0159,6.5118,1.0647
1962-03-30,6.1061,6.1571,1.0084,10.8018,1.769,7.063,1.1567,7.0014,1.1466,7.286,1.1932,9.4099,1.5411,10.1235,1.6579,4.0417,0.6619,6.4034,1.0487,7.9579,1.3033,6.6703,1.0924,6.5055,1.0654
1962-04-30,6.1591,6.4561,1.0482,10.8963,1.7691,6.966,1.131,6.9785,1.133,7.1442,1.1599,9.5116,1.5443,10.0702,1.635,4.1824,0.6791,6.7842,1.1015,8.0021,1.2992,6.6361,1.0775,6.4278,1.0436
1962-05-31,5.9871,6.305,1.0531,10.6234,1.7744,6.7059,1.1201,6.8877,1.1504,6.9968,1.1686,9.2276,1.5413,9.8563,1.6463,4.1609,0.695,6.7528,1.1279,7.8255,1.3071,6.5895,1.1006,6.1957,1.0348
1962-06-29,5.9487,6.367,1.0703,10.4929,1.7639,6.63,1.1145,6.8243,1.1472,7.0258,1.1811,9.2695,1.5582,9.6104,1.6155,4.1323,0.6946,6.7116,1.1282,7.8528,1.3201,6.6761,1.1223,6.0259,1.013
1962-07-31,6.0447,6.6255,1.0961,10.3833,1.7178,6.8528,1.1337,6.7357,1.1143,7.1005,1.1747,10.0357,1.6602,9.0306,1.494,4.3537,0.7202,6.9802,1.1548,7.8811,1.3038,6.8406,1.1317,6.2749,1.0381
1962-08-31,9.7241,10.2617,1.0553,11.101,1.1416,9.7148,0.999,9.6102,0.9883,9.5956,0.9868,13.7709,1.4162,13.5704,1.3955,9.6858,0.9961,10.4961,1.0794,12.0135,1.2354,9.9911,1.0275,8.9185,0.9172
1962-09-28,10.4946,11.1705,1.0644,11.8778,1.1318,10.5347,1.0038,9.9952,0.9524,10.4397,0.9948,15.4155,1.4689,14.1186,1.3453,10.3795,0.989,11.2811,1.075,13.3499,1.2721,11.3247,1.0791,9.4634,0.9017
1962-10-31,10.6233,11.3627,1.0696,11.9842,1.1281,10.6871,1.006,9.9641,0.938,10.4934,0.9878,15.7687,1.4844,14.2991,1.346,10.4112,0.98,11.3006,1.0638,13.5163,1.2723,11.5013,1.0827,9.5016,0.8944
1962-11-30,10.6762,11.3536,1.0634,11.8681,1.1116,10.7997,1.0116,9.9024,0.9275,10.5738,0.9904,15.9732,1.4961,14.323,1.3416,10.41,0.9751,11.4099,1.0687,13.5327,1.2676,11.583,1.0849,9.5918,0.8984
1962-12-31,10.7413,11.3963,1.061,12.0379,1.1207,10.797,1.0052,9.9447,0.9258,10.9078,1.0155,16.1839,1.5067,14.2737,1.3289,10.4154,0.9697,11.4999,1.0706,13.4042,1.2479,11.7551,1.0944,9.4965,0.8841
1963-01-31,11.0605,11.7514,1.0625,12.7803,1.1555,10.9663,0.9915,10.4138,0.9415,11.1479,1.0079,16.6312,1.5037,14.4634,1.3077,10.7595,0.9728,12.0304,1.0877,13.8593,1.253,12.1784,1.1011,9.6563,0.873
1963-02-28,11.1564,11.8515,1.0623,12.7655,1.1442,11.1309,0.9977,10.4871,0.94,11.2701,1.0102,16.851,1.5104,14.4782,1.2978,10.8185,0.9697,12.1124,1.0857,14.0672,1.2609,12.2936,1.1019,9.8534,0.8832
1963-03-29,11.2348,11.9692,1.0654,12.8576,1.1444,11.2556,1.0019,10.6054,0.944,11.3577,1.0109,16.9907,1.5123,14.3558,1.2778,10.8376,0.9646,12.0678,1.0741,14.153,1.2597,12.3522,1.0995,10.0164,0.8916
1963-04-30,11.2231,11.9579,1.0655,12.6778,1.1296,11.3256,1.0091,10.4615,0.9321,11.3305,1.0096,16.9576,1.511,14.3101,1.2751,10.8417,0.966,12.0149,1.0705,14.142,1.2601,12.3551,1.1009,9.9973,0.8908
1963-05-31,11.219,11.9482,1.065,12.6963,1.1317,11.3168,1.0087,10.433,0.9299,11.3517,1.0118,16.9191,1.5081,14.2785,1.2727,10.8365,0.9659,11.985,1.0683,14.1442,1.2607,12.3095,1.0972,10.0525,0.896
1963-06-28,11.2571,11.9575,1.0622,12.7104,1.1291,11.3519,1.0084,10.5284,0.9353,11.341,1.0075,16.9779,1.5082,14.1854,1.2601,10.8413,0.9631,11.9388,1.0606,14.1574,1.2576,12.3167,1.0941,10.0714,0.8947
1963-07-31,11.1271,11.7334,1.0545,12.5733,1.13,11.2269,1.009,10.4263,0.937,11.2089,1.0073,16.7261,1.5032,13.9409,1.2529,10.7881,0.9695,11.8662,1.0664,14.024,1.2603,12.2004,1.0965,9.9943,0.8982
1963-08-30,9.2605,9.9182,1.071,11.7885,1.273,9.7634,1.0543,8.7579,0.9457,9.8103,1.0594,15.0286,1.6229,10.9884,1.1866,8.1209,0.8769,10.0657,1.087,12.0566,1.3019,10.7069,1.1562,8.5273,0.9208
1963-09-30,8.4705,8.9656,1.0585,11.1283,1.3138,8.9472,1.0563,8.3459,0.9853,9.0004,1.0626,13.7736,1.6261,10.2089,1.2052,7.237,0.8544,9.301,1.098,10.8901,1.2857,9.5791,1.1309,7.9219,0.9352
1963-10-31,8.2283,8.6408,1.0501,10.9758,1.3339,8.6315,1.049,8.374,1.0177,8.7957,1.0689,13.2733,1.6131,9.5425,1.1597,7.1187,0.8651,9.2072,1.119,10.4591,1.2711,9.2356,1.1224,7.8718,0.9567
1963-11-29,8.1676,8.5729,1.0496,10.9251,1.3376,8.5966,1.0525,8.3222,1.0189,8.6657,1.061,13.0978,1.6036,9.4595,1.1582,7.1139,0.871,9.1832,1.1243,10.3718,1.2699,9.0996,1.1141,7.8351,0.9593
1963-12-31,7.8157,8.282,1.0597,10.7079,1.3701,8.2309,1.0531,8.1684,1.0451,8.0094,1.0248,12.4074,1.5875,9.2541,1.184,6.9506,0.8893,8.8073,1.1269,10.2865,1.3161,8.556,1.0947,7.6518,0.979
1964-01-31,7.2358,7.4425,1.0286,10.1605,1.4042,7.9119,1.0934,7.5731,1.0466,7.581,1.0477,11.8936,1.6437,8.8478,1.2228,6.0607,0.8376,7.7446,1.0703,9.6915,1.3394,7.767,1.0734,7.3974,1.0223
1964-02-28,7.8077,7.5367,0.9653,10.8933,1.3952,8.4656,1.0843,8.204,1.0508,7.9761,1.0216,12.1459,1.5556,10.0108,1.2822,6.1195,0.7838,8.1815,1.0479,10.2988,1.3191,7.8324,1.0032,8.2226,1.0531
1964-03-31,7.7121,7.4069,0.9604,10.9162,1.4155,8.3362,1.0809,8.0654,1.0458,7.9439,1.0301,12.0011,1.5561,9.7957,1.2702,6.0534,0.7849,8.0554,1.0445,10.3359,1.3402,7.6635,0.9937,8.1131,1.052
1964-04-30,7.6141,7.26,0.9535,10.7631,1.4136,8.2322,1.0812,8.0944,1.0631,7.88,1.0349,12.0567,1.5835,9.7565,1.2814,5.9844,0.786,7.8968,1.0371,10.423,1.3689,7.4972,0.9846,8.0484,1.057
1964-05-28,7.5165,7.1035,0.945,10.6371,1.4152,8.1487,1.0841,7.987,1.0626,7.7622,1.0327,12.0018,1.5967,9.6723,1.2868,5.8508,0.7784,7.8711,1.0472,10.2596,1.3649,7.456,0.9919,8.0396,1.0696
1964-06-30,7.4766,7.0761,0.9464,10.6126,1.4195,8.1471,1.0897,7.8811,1.0541,7.7105,1.0313,11.9404,1.597,9.6415,1.2896,5.8201,0.7784,7.9044,1.0572,10.2082,1.3654,7.2954,0.9758,8.0864,1.0816
1964-07-31,7.4241,7.0493,0.9495,10.4351,1.4056,8.094,1.0902,7.8304,1.0547,7.6371,1.0287,11.7539,1.5832,9.6017,1.2933,5.7823,0.7789,7.8927,1.0631,10.1173,1.3628,7.171,0.9659,8.0945,1.0903
1964-08-31,6.2486,5.7829,0.9255,10.0456,1.6076,7.1466,1.1437,6.7823,1.0854,6.8504,1.0963,10.6374,1.7024,7.8322,1.2534,3.9531,0.6326,6.8184,1.0912,8.8064,1.4093,6.1455,0.9835,7.3327,1.1735
1964-09-30,5.7494,5.1666,0.8986,9.7696,1.6992,6.6206,1.1515,6.4789,1.1269,6.2994,1.0957,9.6326,1.6754,7.6214,1.3256,3.4037,0.592,6.4424,1.1205,8.0565,1.4013,5.4464,0.9473,7.0021,1.2179
1964-10-30,5.6615,4.9851,0.8805,9.7573,1.7234,6.5293,1.1533,6.5832,1.1628,6.1736,1.0904,9.4804,1.6745,7.5069,1.326,3.3593,0.5934,6.3448,1.1207,7.8859,1.3929,5.2613,0.9293,6.9342,1.2248
1964-11-30,5.5953,4.938,0.8825,9.71,1.7354,6.4465,1.1521,6.5758,1.1752,6.1396,1.0973,9.3707,1.6747,7.3715,1.3175,3.3115,0.5918,6.2378,1.1148,7.7928,1.3927,5.1404,0.9187,6.9339,1.2392
1964-12-31,5.3273,4.6671,0.8761,9.3727,1.7594,6.1642,1.1571,6.3776,1.1972,5.7873,1.0864,9.0813,1.7047,7.25,1.3609,3.1367,0.5888,5.9614,1.119,7.595,1.4257,4.8423,0.909,6.785,1.2736
1965-01-29,4.9827,4.2766,0.8583,8.845,1.7751,6.0114,1.2065,5.9825,1.2007,5.5691,1.1177,8.5604,1.718,6.9037,1.3855,2.6349,0.5288,5.5239,1.1086,7.0783,1.4206,4.462,0.8955,6.8142,1.3676
1965-02-26,4.3181,3.936,0.9115,8.1647,1.8908,5.2974,1.2268,5.4475,1.2615,4.9941,1.1565,8.0615,1.8669,5.7505,1.3317,2.4576,0.5691,5.4332,1.2582,6.2531,1.4481,4.1623,0.9639,6.1927,1.4341
1965-03-31,4.2749,3.8491,0.9004,8.045,1.8819,5.2389,1.2255,5.439,1.2723,4.9131,1.1493,7.9021,1.8485,5.7916,1.3548,2.4188,0.5658,5.5133,1.2897,6.0979,1.4264,4.1007,0.9592,6.1385,1.4359
1965-04-30,4.2589,3.8532,0.9047,7.9789,1.8735,5.2453,1.2316,5.3573,1.2579,4.8862,1.1473,7.7427,1.818,5.6625,1.3296,2.4214,0.5685,5.4574,1.2814,5.9953,1.4077,3.9955,0.9381,6.1841,1.452
1965-05-28,4.3522,3.902,0.8966,8.0218,1.8432,5.3116,1.2205,5.8173,1.3366,4.9165,1.1297,7.8035,1.793,5.6189,1.2911,2.398,0.551,5.4992,1.2636,5.9395,1.3647,3.968,0.9117,6.2158,1.4282
1965-06-30,4.3189,3.7953,0.8788,7.9297,1.836,5.2918,1.2253,5.7511,1.3316,4.9353,1.1427,7.7409,1.7923,5.5387,1.2824,2.3933,0.5541,5.5112,1.2761,5.8914,1.3641,3.9062,0.9044,6.2024,1.4361
1965-07-30,4.2608,3.7518,0.8805,7.8445,1.8411,5.2486,1.2318,5.6457,1.3251,4.8961,1.1491,7.6424,1.7937,5.4505,1.2792,2.3768,0.5578,5.539,1.3,5.866,1.3768,3.8235,0.8974,6.0426,1.4182
1965-08-31,4.3535,3.8782,0.8908,7.8944,1.8133,5.4131,1.2434,5.5951,1.2852,5.2072,1.1961,7.8005,1.7918,5.6272,1.2925,2.5271,0.5805,5.6986,1.309,5.9787,1.3733,3.8637,0.8875,5.978,1.3731
1965-09-30,5.0641,4.7583,0.9396,8.6963,1.7172,6.1229,1.2091,5.986,1.182,5.7317,1.1318,8.2482,1.6288,5.7434,1.1341,2.9777,0.588,6.531,1.2897,6.7174,1.3265,4.5018,0.889,7.1503,1.412
1965-10-29,5.0993,4.8167,0.9446,8.7059,1.7073,6.1955,1.215,5.8836,1.1538,5.8191,1.1411,8.3342,1.6344,5.5801,1.0943,2.9965,0.5876,6.6717,1.3083,6.8734,1.3479,4.5213,0.8866,7.2766,1.427
1965-11-30,5.074,4.8246,0.9508,8.6256,1.7,6.1832,1.2186,5.879,1.1587,5.8077,1.1446,8.2682,1.6295,5.625,1.1086,2.9699,0.5853,6.6206,1.3048,6.7753,1.3353,4.5515,0.897,7.2607,1.431
1965-12-31,5.0959,4.8327,0.9484,8.7596,1.719,6.2084,1.2183,5.8786,1.1536,5.8284,1.1438,8.1752,1.6043,5.6405,1.1069,2.9437,0.5777,6.7117,1.3171,6.7507,1.3247,4.5241,0.8878,7.2752,1.4277
1966-01-31,5.0693,4.817,0.9502,8.5824,1.693,6.1993,1.2229,5.8401,1.1521,5.9026,1.1644,8.1847,1.6146,5.8073,1.1456,2.9451,0.581,6.66,1.3138,6.6776,1.3173,4.505,0.8887,7.281,1.4363
1966-02-28,4.6732,4.6566,0.9964,8.1942,1.7535,5.8189,1.2452,5.3756,1.1503,5.585,1.1951,7.9555,1.7024,5.4503,1.1663,2.8409,0.6079,6.2502,1.3375,6.3035,1.3489,4.2289,0.9049,6.859,1.4677
1966-03-31,4.712,4.6675,0.9906,8.0304,1.7042,5.9184,1.256,5.3102,1.1269,5.6185,1.1924,7.9825,1.6941,5.8579,1.2432,2.8538,0.6056,6.3005,1.3371,6.259,1.3283,4.2963,0.9118,6.9387,1.4726
1966-04-29,4.7517,4.6322,0.9749,8.0816,1.7008,5.9811,1.2587,5.3438,1.1246,5.5828,1.1749,8.0235,1.6886,6.0162,1.2661,2.8688,0.6037,6.3751,1.3417,6.2118,1.3073,4.3429,0.914,7.2235,1.5202
1966-05-31,4.8892,4.7652,0.9746,8.0644,1.6494,6.1187,1.2515,5.2333,1.0704,5.7235,1.1706,8.2702,1.6915,6.1944,1.267,3.087,0.6314,6.3962,1.3082,6.334,1.2955,4.5744,0.9356,7.523,1.5387
1966-06-30,5.2203,4.9352,0.9454,8.3086,1.5916,6.5362,1.2521,5.3821,1.031,6.0137,1.152,8.7887,1.6836,6.3445,1.2154,3.1921,0.6115,6.5902,1.2624,6.5758,1.2597,4.8169,0.9227,8.2706,1.5843
1966-07-29,5.26,4.956,0.9422,8.2443,1.5673,6.6464,1.2636,5.3457,1.0163,6.0295,1.1463,9.0016,1.7113,6.4037,1.2174,3.2156,0.6113,6.5448,1.2443,6.5708,1.2492,4.8101,0.9145,8.5742,1.6301
1966-08-31,5.9092,5.3399,0.9037,8.9463,1.514,7.742,1.3101,5.6631,0.9583,6.1693,1.044,10.2066,1.7272,6.3431,1.0734,3.224,0.5456,6.4757,1.0959,7.0485,1.1928,5.1006,0.8632,10.1995,1.726
1966-09-30,5.6992,4.9752,0.873,8.5012,1.4917,7.6824,1.348,5.4113,0.9495,6.0077,1.0541,10.3145,1.8098,6.6152,1.1607,3.0245,0.5307,6.0305,1.0581,6.6151,1.1607,4.8078,0.8436,10.1283,1.7771
1966-10-31,6.0145,5.1577,0.8576,8.6448,1.4373,8.1238,1.3507,5.6102,0.9328,6.2002,1.0309,10.7502,1.7874,6.9819,1.1608,3.1082,0.5168,6.1935,1.0298,6.9515,1.1558,4.9925,0.8301,10.5495,1.754
1966-11-30,6.9601,6.033,0.8668,9.2944,1.3354,9.0417,1.2991,6.6516,0.9557,6.7432,0.9688,11.9176,1.7123,7.4616,1.072,3.96,0.5689,6.7697,0.9726,8.0592,1.1579,5.7803,0.8305,12.0231,1.7274
1966-12-30,7.4085,6.3287,0.8542,9.7981,1.3225,9.583,1.2935,6.9055,0.9321,7.3584,0.9932,12.6666,1.7097,7.7374,1.0444,4.1826,0.5646,7.0634,0.9534,8.5747,1.1574,5.9964,0.8094,12.6697,1.7102
1967-01-31,7.6735,6.5446,0.8529,10.2532,1.3362,9.9443,1.2959,7.2222,0.9412,7.7198,1.006,13.3553,1.7404,8.0441,1.0483,4.4463,0.5794,7.2128,0.94,8.7659,1.1424,6.301,0.8211,13.002,1.6944
1967-02-28,7.7901,6.6613,0.8551,10.3532,1.329,10.0518,1.2903,7.2667,0.9328,7.867,1.0099,13.5874,1.7442,8.1464,1.0457,4.5057,0.5784,7.1237,0.9145,8.8497,1.136,6.354,0.8156,13.2439,1.7001
1967-03-31,7.8115,6.6425,0.8504,10.5009,1.3443,10.0621,1.2881,7.3219,0.9373,7.9509,1.0179,13.642,1.7464,8.1293,1.0407,4.5265,0.5795,7.2151,0.9237,8.8468,1.1325,6.3721,0.8157,13.2941,1.7019
1967-04-28,7.9587,6.7644,0.8499,10.7542,1.3513,10.212,1.2831,7.3769,0.9269,8.1343,1.0221,13.8729,1.7431,8.3092,1.044,4.5588,0.5728,7.4128,0.9314,8.9286,1.1219,6.5264,0.82,13.4139,1.6854
1967-05-31,7.9731,6.7501,0.8466,10.9603,1.3747,10.1907,1.2781,7.345,0.9212,8.0939,1.0151,13.9374,1.748,8.3975,1.0532,4.513,0.566,7.4951,0.94,8.9802,1.1263,6.5057,0.816,13.2979,1.6678
1967-06-30,7.9634,6.7743,0.8507,10.994,1.3806,10.2059,1.2816,7.3185,0.919,8.117,1.0193,13.9862,1.7563,8.4143,1.0566,4.5104,0.5664,7.4982,0.9416,9.0497,1.1364,6.4952,0.8156,13.1717,1.654
1967-07-31,8.0361,6.8226,0.849,11.2252,1.3968,10.2477,1.2752,7.3534,0.915,8.3378,1.0375,13.9826,1.74,8.5656,1.0659,4.5216,0.5627,7.7036,0.9586,9.1766,1.1419,6.5311,0.8127,13.064,1.6257
1967-08-31,8.0945,6.9743,0.8616,11.0683,1.3674,10.1657,1.2559,7.7535,0.9579,8.488,1.0486,13.8576,1.712,8.6415,1.0676,4.591,0.5672,7.8667,0.9719,9.2546,1.1433,6.6914,0.8267,12.9334,1.5978
1967-09-29,7.8975,6.7845,0.8591,10.8607,1.3752,9.9146,1.2554,7.6139,0.9641,8.3742,1.0604,13.6072,1.723,8.6937,1.1008,4.5137,0.5715,7.7033,0.9754,9.1171,1.1544,6.6007,0.8358,12.5605,1.5904
1967-10-31,7.7597,6.7389,0.8684,10.9617,1.4126,9.6926,1.2491,7.5503,0.973,8.3454,1.0755,13.2641,1.7094,8.846,1.14,4.4869,0.5782,7.6735,0.9889,8.923,1.1499,6.5995,0.8505,12.3729,1.5945
1967-11-30,7.1643,6.1755,0.862,10.6199,1.4823,9.0497,1.2632,6.9794,0.9742,8.0556,1.1244,12.5566,1.7527,8.5184,1.189,3.9552,0.5521,7.3098,1.0203,8.2108,1.1461,6.0882,0.8498,11.3258,1.5809
1967-12-29,6.7922,5.9161,0.871,10.3387,1.5221,8.5788,1.263,6.7728,0.9971,7.6468,1.1258,11.9865,1.7648,8.5276,1.2555,3.7474,0.5517,7.0303,1.0351,7.8205,1.1514,5.9072,0.8697,10.6836,1.5729
1968-01-31,6.7013,5.8538,0.8735,10.5932,1.5808,8.3206,1.2416,6.7043,1.0005,7.3515,1.097,11.492,1.7149,8.1836,1.2212,3.5992,0.5371,7.0597,1.0535,7.7404,1.1551,5.8341,0.8706,10.4357,1.5573
1968-02-29,6.7942,5.9739,0.8793,10.724,1.5784,8.4372,1.2418,6.8366,1.0062,7.4025,1.0895,11.5794,1.7043,7.9991,1.1773,3.689,0.543,7.1328,1.0498,7.7537,1.1412,6.0267,0.887,10.3953,1.53
1968-03-29,6.7415,5.9953,0.8893,10.5352,1.5627,8.3655,1.2409,6.7489,1.0011,7.3846,1.0954,11.8688,1.7605,7.8527,1.1648,3.7553,0.557,7.0152,1.0406,8.1093,1.2029,6.0376,0.8956,10.3792,1.5396
1968-04-30,6.7557,5.9857,0.886,10.3369,1.5301,8.3204,1.2316,6.8472,1.0136,7.3532,1.0885,12.1142,1.7932,8.0557,1.1924,3.9774,0.5887,7.0391,1.042,8.0611,1.1932,6.1107,0.9045,10.2592,1.5186
1968-05-31,7.0147,6.2914,0.8969,10.2327,1.4588,8.5606,1.2204,7.1687,1.022,7.5868,1.0816,12.4876,1.7802,7.9714,1.1364,4.0664,0.5797,7.2798,1.0378,8.2633,1.178,6.5206,0.9296,10.6172,1.5136
1968-06-28,7.247,6.5324,0.9014,10.2249,1.4109,8.7194,1.2032,7.4163,1.0234,7.6752,1.0591,12.8985,1.7798,8.0549,1.1115,4.2017,0.5798,7.45,1.028,8.53,1.177,6.8401,0.9439,10.7309,1.4807
1968-07-30,7.3516,6.6814,0.9088,10.4683,1.424,8.7232,1.1866,7.5441,1.0262,7.7602,1.0556,12.8446,1.7472,8.0729,1.0981,4.4272,0.6022,7.6166,1.0361,8.6344,1.1745,7.3512,0.9999,10.7889,1.4676
1968-08-30,7.1889,6.6161,0.9203,10.2241,1.4222,8.4645,1.1774,7.4878,1.0416,7.586,1.0552,12.4937,1.7379,8.0281,1.1167,4.4093,0.6133,7.4664,1.0386,8.4643,1.1774,7.3533,1.0229,10.3965,1.4462
1968-09-30,6.9536,6.3604,0.9147,9.9538,1.4315,8.1888,1.1776,7.1803,1.0326,7.4044,1.0648,12.4266,1.7871,7.9925,1.1494,4.3932,0.6318,7.3589,1.0583,8.3451,1.2001,7.28,1.0469,10.0288,1.4422
1968-10-31,7.0173,6.4046,0.9127,10.0272,1.4289,8.2344,1.1735,7.2989,1.0401,7.4699,1.0645,12.6956,1.8092,7.7068,1.0983,4.5763,0.6521,7.3979,1.0542,8.5043,1.2119,7.4647,1.0638,10.0014,1.4252
1968-11-29,7.1294,6.5766,0.9225,10.0311,1.407,8.4155,1.1804,7.4106,1.0395,7.7017,1.0803,12.9151,1.8115,7.5861,1.0641,4.5485,0.638,7.9502,1.1151,8.5194,1.195,7.9179,1.1106,10.2213,1.4337
1968-12-31,6.9963,6.4469,0.9215,9.966,1.4245,8.2977,1.186,7.2662,1.0386,7.6899,1.0991,12.6855,1.8132,7.6163,1.0886,4.4228,0.6322,8.0323,1.1481,8.3645,1.1955,7.8826,1.1267,9.9772,1.4261
1969-01-31,6.7426,6.2669,0.9294,9.7146,1.4408,8.0358,1.1918,7.0296,1.0426,7.5224,1.1157,12.2444,1.816,7.5255,1.1161,4.2425,0.6292,7.8917,1.1704,8.0241,1.1901,7.8685,1.167,9.6329,1.4287
1969-02-28,6.5904,6.169,0.9361,9.4532,1.4344,7.7704,1.1791,6.8504,1.0394,7.3712,1.1185,11.9313,1.8104,7.6859,1.1662,4.3233,0.656,7.7868,1.1815,7.9416,1.205,7.8012,1.1837,9.3557,1.4196
1969-03-28,6.4107,6.0993,0.9514,8.7581,1.3662,7.5701,1.1809,6.7821,1.0579,7.2633,1.133,11.6761,1.8214,7.9544,1.2408,4.3347,0.6762,7.8221,1.2202,7.8364,1.2224,7.9273,1.2366,9.0494,1.4116
1969-04-30,6.5627,6.4423,0.9817,8.9584,1.3651,7.6696,1.1687,6.9536,1.0596,7.2703,1.1078,11.6713,1.7784,7.9928,1.2179,4.4439,0.6771,7.8922,1.2026,7.9394,1.2098,8.2106,1.2511,9.2117,1.4037
1969-05-29,6.704,6.5838,0.9821,9.0507,1.35,7.7281,1.1528,7.1718,1.0698,7.3758,1.1002,11.5209,1.7185,7.7492,1.1559,4.4426,0.6627,8.0848,1.206,7.8457,1.1703,8.5757,1.2792,9.3396,1.3931
1969-06-30,6.649,6.5041,0.9782,9.0708,1.3642,7.5932,1.142,7.1819,1.0801,7.2243,1.0865,11.2949,1.6987,7.6479,1.1502,4.394,0.6609,8.0268,1.2072,7.7306,1.1627,8.6235,1.297,9.1857,1.3815
1969-07-31,6.4458,6.3397,0.9835,8.9532,1.389,7.415,1.1504,7.0614,1.0955,7.0943,1.1006,10.7287,1.6644,7.8778,1.2222,4.2564,0.6603,7.9186,1.2285,7.4355,1.1535,8.5608,1.3281,8.9298,1.3854
1969-08-29,6.2523,6.1922,0.9904,8.5705,1.3708,7.168,1.1465,7.1248,1.1395,6.9174,1.1064,10.4585,1.6727,7.6695,1.2267,4.0836,0.6531,7.6277,1.22,7.1802,1.1484,8.3397,1.3338,8.6688,1.3865
1969-09-30,6.4815,6.4237,0.9911,8.5559,1.32,7.3337,1.1315,7.4602,1.151,7.0379,1.0858,10.5352,1.6254,8.0336,1.2395,4.3551,0.6719,7.631,1.1774,7.228,1.1152,8.6605,1.3362,8.9804,1.3855
1969-10-31,7.0502,6.8691,0.9743,8.9617,1.2711,7.6988,1.092,8.3965,1.191,7.2244,1.0247,10.8351,1.5369,8.1699,1.1588,4.3539,0.6176,8.263,1.172,7.5285,1.0679,9.375,1.3298,9.9264,1.408
1969-11-28,7.0781,6.777,0.9575,8.8944,1.2566,7.6115,1.0754,8.4867,1.199,7.0519,0.9963,10.766,1.521,8.017,1.1327,4.4086,0.6229,8.0664,1.1396,7.5368,1.0648,9.393,1.3271,9.8903,1.3973
1969-12-31,7.1577,6.8096,0.9514,8.8048,1.2301,7.6762,1.0724,9.0095,1.2587,7.0863,0.99,10.9402,1.5285,8.1943,1.1448,4.4473,0.6213,8.0197,1.1204,7.759,1.084,9.5424,1.3332,9.9472,1.3897
1970-01-30,7.2314,6.8834,0.9519,8.7849,1.2148,7.7566,1.0726,8.9937,1.2437,7.1223,0.9849,11.02,1.5239,8.0771,1.117,4.6519,0.6433,8.1549,1.1277,7.8807,1.0898,9.6083,1.3287,10.0228,1.386
1970-02-27,7.2618,6.9231,0.9534,8.6289,1.1883,7.7594,1.0685,9.0868,1.2513,7.1391,0.9831,10.9229,1.5042,8.1527,1.1227,4.7582,0.6552,8.2529,1.1365,7.9363,1.0929,9.6619,1.3305,10.0927,1.3898
1970-03-31,7.4311,6.914,0.9304,8.771,1.1803,7.87,1.0591,9.4022,1.2653,7.2642,0.9775,11.0168,1.4825,8.1521,1.097,4.9792,0.6701,8.2654,1.1123,7.9365,1.068,9.8497,1.3255,10.3377,1.3912
1970-04-30,7.5265,6.9126,0.9184,8.6952,1.1553,7.9621,1.0579,9.5773,1.2725,7.432,0.9874,11.5827,1.5389,8.3527,1.1098,5.0076,0.6653,8.2966,1.1023,8.2733,1.0992,9.8459,1.3082,10.3114,1.37
1970-05-29,7.5417,6.9168,0.9171,8.824,1.17,7.9598,1.0554,9.7904,1.2982,7.3788,0.9784,11.4924,1.5238,8.3694,1.1097,5.1555,0.6836,8.1948,1.0866,8.045,1.0667,9.8874,1.311,10.3405,1.3711
1970-06-30,7.5163,6.8207,0.9075,8.7305,1.1615,7.9516,1.0579,9.7968,1.3034,7.4083,0.9856,11.668,1.5524,8.3656,1.113,5.2071,0.6928,8.0702,1.0737,8.2251,1.0943,9.7933,1.3029,10.2782,1.3675
1970-07-31,7.9329,7.2335,0.9118,9.201,1.1599,8.3813,1.0565,9.7198,1.2253,7.8233,0.9862,12.4995,1.5757,8.7996,1.1093,5.4235,0.6837,8.2454,1.0394,8.7567,1.1039,10.3207,1.301,10.9163,1.3761
1970-08-31,9.269,8.5441,0.9218,10.362,1.1179,10.0943,1.089,10.4699,1.1296,9.1589,0.9881,14.4683,1.5609,9.1541,0.9876,6.1149,0.6597,9.6977,1.0463,10.5574,1.139,11.6685,1.2589,12.7508,1.3756
1970-09-30,9.515,8.7105,0.9155,10.7361,1.1283,10.4251,1.0957,10.5685,1.1107,9.6084,1.0098,14.9773,1.5741,9.3963,0.9875,6.1119,0.6424,9.915,1.042,10.8755,1.143,11.8869,1.2493,13.0896,1.3757
1970-10-30,9.4928,8.6166,0.9077,10.7606,1.1336,10.367,1.0921,10.6379,1.1206,9.7706,1.0293,14.7912,1.5582,9.4468,0.9952,6.1978,0.6529,9.9447,1.0476,10.8148,1.1393,11.6691,1.2293,12.8749,1.3563
1970-11-30,9.6525,8.7265,0.9041,10.8718,1.1263,10.5039,1.0882,10.8563,1.1247,9.834,1.0188,15.2077,1.5755,9.6243,0.9971,6.3185,0.6546,9.9876,1.0347,10.9645,1.1359,11.6325,1.2051,12.9338,1.3399
1970-12-31,9.8043,8.8328,0.9009,10.957,1.1176,10.5976,1.0809,11.0058,1.1225,9.906,1.0104,15.4965,1.5806,9.8464,1.0043,6.3728,0.65,10.1284,1.033,11.0595,1.128,11.7052,1.1939,13.2053,1.3469
1971-01-29,9.7619,8.7269,0.894,10.9419,1.1209,10.4919,1.0748,11.207,1.148,9.7445,0.9982,15.6655,1.6048,9.811,1.005,6.2282,0.638,9.9752,1.0218,10.9307,1.1197,11.576,1.1858,13.0826,1.3402
1971-02-26,9.8812,8.8247,0.8931,11.2955,1.1431,10.6186,1.0746,11.2215,1.1356,9.8967,1.0016,15.7774,1.5967,9.8728,0.9992,6.2724,0.6348,10.1294,1.0251,10.9402,1.1072,11.7059,1.1847,13.1437,1.3302
1971-03-31,9.9074,8.8479,0.8931,11.3126,1.1418,10.6532,1.0753,11.1099,1.1214,9.9775,1.0071,15.8079,1.5956,10.0324,1.0126,6.2517,0.631,10.165,1.026,10.9839,1.1087,11.7334,1.1843,13.1147,1.3237
1971-04-30,9.9265,8.8103,0.8875,11.4186,1.1503,10.7168,1.0796,11.1081,1.119,9.9679,1.0042,15.6827,1.5799,10.1187,1.0194,6.278,0.6324,10.2567,1.0333,10.9263,1.1007,11.7192,1.1806,13.2335,1.3331
1971-05-28,9.8987,8.8559,0.8947,11.258,1.1373,10.7248,1.0835,10.9955,1.1108,9.857,0.9958,15.7808,1.5942,10.3064,1.0412,6.163,0.6226,10.2576,1.0363,10.8777,1.0989,11.5738,1.1692,13.2589,1.3395
1971-06-30,9.8828,8.8845,0.899,11.144,1.1276,10.7068,1.0834,10.974,1.1104,9.8094,0.9926,15.7353,1.5922,10.2245,1.0346,6.164,0.6237,10.2962,1.0418,10.7837,1.0912,11.6144,1.1752,13.262,1.3419
1971-07-30,9.5084,8.5712,0.9014,10.8796,1.1442,10.3879,1.0925,10.7952,1.1353,9.5866,1.0082,15.1249,1.5907,9.9279,1.0441,5.9054,0.6211,10.0733,1.0594,10.3687,1.0905,11.0966,1.167,12.8744,1.354
1971-08-31,8.4393,7.4971,0.8883,10.0848,1.195,9.1163,1.0802,10.06,1.192,8.5012,1.0073,13.7035,1.6238,9.524,1.1285,5.3724,0.6366,8.9203,1.057,9.0386,1.071,9.8564,1.1679,11.5622,1.37
1971-09-30,8.0343,7.1752,0.8931,9.8901,1.231,8.5838,1.0684,9.9663,1.2405,7.8873,0.9817,12.919,1.608,9.1695,1.1413,5.2834,0.6576,8.555,1.0648,8.633,1.0745,9.3703,1.1663,11.0621,1.3769
1971-10-29,8.0133,7.1888,0.8971,9.8727,1.232,8.6117,1.0747,9.7568,1.2176,7.7285,0.9645,13.0259,1.6255,8.9571,1.1178,5.3916,0.6728,8.4002,1.0483,8.5345,1.065,9.1292,1.1393,11.0378,1.3774
1971-11-30,8.0236,7.1698,0.8936,10.1802,1.2688,8.6528,1.0784,9.5959,1.196,7.784,0.9701,12.8875,1.6062,9.0352,1.1261,5.3965,0.6726,8.4389,1.0518,8.4634,1.0548,9.0977,1.1339,11.0349,1.3753
1971-12-31,7.8914,7.0496,0.8933,10.186,1.2908,8.5557,1.0842,9.2501,1.1722,7.6819,0.9735,12.4592,1.5788,8.9207,1.1304,5.4765,0.694,8.2936,1.051,8.2814,1.0494,8.9548,1.1348,10.7427,1.3613
1972-01-31,7.9637,7.1286,0.8951,10.2469,1.2867,8.7659,1.1007,9.1522,1.1492,7.7593,0.9743,12.4567,1.5642,8.993,1.1293,5.4712,0.687,8.3565,1.0493,8.3966,1.0544,8.9175,1.1198,10.9276,1.3722
1972-02-29,8.0786,7.3924,0.9151,10.3266,1.2783,8.986,1.1123,9.1269,1.1298,7.8024,0.9658,12.659,1.567,8.7981,1.0891,5.2854,0.6542,8.4013,1.0399,8.4818,1.0499,9.0278,1.1175,11.2419,1.3916
1972-03-30,8.1046,7.4448,0.9186,10.3412,1.276,9.0198,1.1129,9.1255,1.126,7.8067,0.9632,12.9073,1.5926,8.728,1.0769,5.2764,0.651,8.4706,1.0451,8.5326,1.0528,8.8767,1.0953,11.2321,1.3859
1972-04-28,8.0368,7.3907,0.9196,10.2854,1.2798,8.9625,1.1152,8.8885,1.106,7.7919,0.9695,12.7651,1.5883,8.6506,1.0764,5.2418,0.6522,8.3483,1.0388,8.3843,1.0432,8.7874,1.0934,11.2515,1.4
1972-05-31,7.9591,7.3116,0.9186,10.2672,1.29,8.9079,1.1192,8.5987,1.0804,7.8473,0.9859,12.6032,1.5835,8.3511,1.0492,5.1888,0.6519,8.3013,1.043,8.4389,1.0603,8.6446,1.0861,11.1312,1.3985
1972-06-30,7.9859,7.3878,0.9251,10.1858,1.2755,8.9373,1.1191,8.5854,1.0751,7.9372,0.9939,12.6023,1.5781,8.4084,1.0529,5.1799,0.6486,8.3104,1.0406,8.4814,1.062,8.6856,1.0876,11.1444,1.3955
1972-07-31,7.7655,7.273,0.9366,10.0315,1.2918,8.7402,1.1255,8.4853,1.0927,7.754,0.9985,12.2004,1.5711,8.0807,1.0406,5.0373,0.6487,8.1862,1.0542,8.221,1.0587,8.3151,1.0708,10.7585,1.3854
1972-08-31,7.228,6.6852,0.9249,9.5848,1.3261,8.2286,1.1384,8.1513,1.1277,7.2309,1.0004,11.4719,1.5872,7.8473,1.0857,4.5789,0.6335,7.6647,1.0604,7.4859,1.0357,7.5554,1.0453,9.943,1.3756
1972-09-29,6.8978,6.4396,0.9336,9.2021,1.3341,7.921,1.1483,7.8699,1.1409,6.9191,1.0031,11.0185,1.5974,7.703,1.1167,4.3886,0.6362,7.3622,1.0673,7.173,1.0399,7.1662,1.0389,9.3701,1.3584
1972-10-31,6.7275,6.2486,0.9288,9.1078,1.3538,7.7906,1.158,7.6236,1.1332,6.7831,1.0083,10.7331,1.5954,7.5074,1.1159,4.2476,0.6314,7.3487,1.0923,6.9718,1.0363,7.0486,1.0477,9.2838,1.38
1972-11-30,6.4803,6.0799,0.9382,8.797,1.3575,7.5515,1.1653,7.6705,1.1836,6.5507,1.0109,10.1397,1.5647,7.2427,1.1176,4.205,0.6489,7.2336,1.1162,6.8331,1.0544,6.8188,1.0522,9.0388,1.3948
1972-12-29,6.4227,6.0863,0.9476,8.6974,1.3541,7.496,1.1671,7.4902,1.1662,6.6125,1.0295,10.0152,1.5593,7.0285,1.0943,4.124,0.6421,7.1791,1.1178,6.9409,1.0807,6.7217,1.0465,8.9585,1.3948
1973-01-31,6.35,6.1032,0.9611,8.4868,1.3365,7.4876,1.1791,7.3106,1.1513,6.6386,1.0455,10.005,1.5756,6.9513,1.0947,4.1372,0.6515,7.1836,1.1313,7.0436,1.1092,6.7211,1.0584,8.7594,1.3794
1973-02-28,6.096,5.8256,0.9556,8.2066,1.3462,7.2242,1.1851,7.1181,1.1677,6.4672,1.0609,9.8027,1.608,7.0545,1.1572,4.0755,0.6685,6.9988,1.1481,6.935,1.1376,6.4366,1.0559,8.3018,1.3618
1973-03-30,6.0789,5.8125,0.9562,8.1688,1.3438,7.2499,1.1926,7.0714,1.1633,6.4917,1.0679,9.5964,1.5786,7.1252,1.1721,3.9528,0.6503,7.0088,1.153,6.8987,1.1349,6.3875,1.0508,8.2835,1.3627
1973-04-30,6.1424,5.8791,0.9571,8.4073,1.3687,7.3021,1.1888,7.0051,1.1404,6.7483,1.0986,9.5561,1.5557,7.0931,1.1548,4.0232,0.655,7.2753,1.1844,6.8445,1.1143,6.6191,1.0776,8.3877,1.3655
1973-05-31,6.4017,5.982,0.9344,8.625,1.3473,7.5494,1.1793,7.5238,1.1753,7.0088,1.0948,9.7724,1.5265,7.1162,1.1116,3.9191,0.6122,7.607,1.1883,7.0368,1.0992,6.9136,1.08,8.5047,1.3285
1973-06-29,6.7228,6.2711,0.9328,8.8089,1.3103,7.9254,1.1789,7.7848,1.158,7.3811,1.0979,9.9848,1.4852,7.2281,1.0752,4.0094,0.5964,8.1929,1.2187,7.7674,1.1554,7.2365,1.0764,8.6611,1.2883
1973-07-31,7.079,6.5589,0.9265,9.1217,1.2885,8.342,1.1784,8.0882,1.1426,7.6028,1.074,10.3787,1.4661,7.6063,1.0745,4.0997,0.5791,8.7858,1.2411,8.1953,1.1577,7.6548,1.0813,8.9737,1.2676
1973-08-31,7.6521,7.0975,0.9275,9.4091,1.2296,8.8903,1.1618,8.7323,1.1412,8.2885,1.0832,10.8489,1.4178,7.8544,1.0264,4.2571,0.5563,9.2777,1.2124,8.9682,1.172,8.4226,1.1007,9.8417,1.2862
1973-09-28,7.9408,7.5019,0.9447,9.5776,1.2061,9.1947,1.1579,8.911,1.1222,8.8684,1.1168,11.5105,1.4495,7.8081,0.9833,4.363,0.5494,9.7002,1.2216,9.3724,1.1803,8.6576,1.0903,10.0146,1.2612
1973-10-31,8.0807,7.6904,0.9517,9.8194,1.2152,9.3576,1.158,9.1666,1.1344,9.063,1.1216,11.6783,1.4452,7.9931,0.9892,4.4136,0.5462,10.0284,1.241,9.6247,1.1911,8.8114,1.0904,10.0769,1.247
1973-11-30,8.0937,7.7624,0.9591,9.7755,1.2078,9.3642,1.157,9.0757,1.1213,9.1124,1.1259,11.4868,1.4192,7.9334,0.9802,4.5219,0.5587,10.0682,1.2439,9.9012,1.2233,8.8615,1.0949,10.1022,1.2482
1973-12-31,8.2096,7.8754,0.9593,9.9392,1.2107,9.4975,1.1569,9.2811,1.1305,9.262,1.1282,12.3977,1.5101,8.1556,0.9934,4.651,0.5665,10.2379,1.2471,10.051,1.2243,8.989,1.0949,10.2544,1.2491
1974-01-31,8.3115,7.8985,0.9503,10.1492,1.2211,9.6782,1.1644,9.5852,1.1532,9.801,1.1792,12.5788,1.5134,8.1154,0.9764,4.6237,0.5563,10.1754,1.2243,10.0904,1.214,8.9591,1.0779,10.2669,1.2353
1974-02-28,9.3055,8.9251,0.9591,11.8139,1.2696,10.8197,1.1627,10.7351,1.1536,11.0513,1.1876,13.2548,1.4244,8.3949,0.9021,5.4948,0.5905,11.168,1.2001,10.5465,1.1334,9.5196,1.023,11.2876,1.213
1974-03-29,9.9381,9.588,0.9648,12.5343,1.2612,11.6286,1.1701,11.4263,1.1497,11.8996,1.1974,13.8905,1.3977,8.8578,0.8913,6.0339,0.6071,11.62,1.1692,11.8429,1.1917,10.0693,1.0132,11.7778,1.1851
1974-04-30,10.3582,10.0121,0.9666,12.8488,1.2405,12.0667,1.1649,12.965,1.2517,12.5372,1.2104,14.1483,1.3659,8.8529,0.8547,6.1649,0.5952,12.0243,1.1608,12.565,1.213,10.3206,0.9964,11.9731,1.1559
1974-05-31,10.5426,10.105,0.9585,12.9867,1.2318,12.3709,1.1734,13.1563,1.2479,12.8644,1.2202,14.2934,1.3558,8.8545,0.8399,6.2393,0.5918,12.1215,1.1498,12.7215,1.2067,10.3703,0.9836,12.0855,1.1463
1974-06-28,10.6213,10.1855,0.959,13.1973,1.2425,12.5097,1.1778,13.1751,1.2404,13.0344,1.2272,14.534,1.3684,8.6934,0.8185,6.2391,0.5874,12.045,1.134,12.8138,1.2064,10.2968,0.9695,12.0967,1.1389
1974-07-31,10.6931,10.2174,0.9555,13.0857,1.2237,12.5395,1.1727,13.2369,1.2379,13.171,1.2317,14.5454,1.3603,8.8049,0.8234,7.1067,0.6646,11.9083,1.1136,12.8196,1.1989,10.3418,0.9672,12.1548,1.1367
1974-08-30,10.6873,10.2064,0.955,13.1293,1.2285,12.5646,1.1757,13.4399,1.2576,13.239,1.2388,14.5925,1.3654,8.8701,0.83,7.542,0.7057,11.9147,1.1149,12.704,1.1887,10.3559,0.969,11.8248,1.1064
1974-09-30,10.7784,10.2219,0.9484,13.1402,1.2191,12.6667,1.1752,13.4496,1.2478,13.3205,1.2358,14.5546,1.3503,8.9944,0.8345,7.7875,0.7225,12.0352,1.1166,12.7497,1.1829,10.7205,0.9946,11.9538,1.1091
1974-10-31,11.3212,10.7062,0.9457,13.7029,1.2104,12.9862,1.1471,13.8047,1.2194,13.9046,1.2282,15.4849,1.3678,9.8441,0.8695,8.1682,0.7215,12.752,1.1264,13.2264,1.1683,11.4534,1.0117,12.3516,1.091
1974-11-29,11.8649,11.2762,0.9504,14.4777,1.2202,13.5153,1.1391,13.9962,1.1796,14.6527,1.235,16.1423,1.3605,10.167,0.8569,8.3935,0.7074,13.7725,1.1608,14.1579,1.1933,12.2052,1.0287,12.8519,1.0832
1974-12-31,12.3923,11.855,0.9566,15.1032,1.2188,14.0094,1.1305,14.1951,1.1455,15.228,1.2288,16.4897,1.3306,10.3349,0.834,8.7972,0.7099,14.4573,1.1666,15.7057,1.2674,12.7688,1.0304,13.4471,1.0851
1975-01-31,13.1133,12.5652,0.9582,15.7379,1.2001,14.9427,1.1395,14.9134,1.1373,16.0598,1.2247,17.0968,1.3038,10.5662,0.8058,9.3467,0.7128,15.3321,1.1692,16.8151,1.2823,13.441,1.025,13.9498,1.0638
1975-02-28,13.2223,12.6721,0.9584,15.5817,1.1784,14.943,1.1301,14.856,1.1236,16.2309,1.2275,17.4795,1.322,11.3449,0.858,9.3682,0.7085,15.3684,1.1623,17.4149,1.3171,13.6779,1.0345,13.969,1.0565
1975-03-31,13.2119,12.6158,0.9549,15.7007,1.1884,14.8469,1.1237,14.8505,1.124,16.1373,1.2214,17.3105,1.3102,11.2649,0.8526,9.395,0.7111,15.5123,1.1741,17.2265,1.3039,13.7244,1.0388,13.9652,1.057
1975-04-30,13.4248,12.9028,0.9611,16.117,1.2005,15.0779,1.1231,14.4106,1.0734,16.1258,1.2012,17.7223,1.3201,11.407,0.8497,9.744,0.7258,16.1052,1.1997,17.5933,1.3105,14.0607,1.0474,14.226,1.0597
1975-05-30,13.5729,13.095,0.9648,16.6923,1.2298,15.209,1.1205,14.3845,1.0598,16.282,1.1996,18.1358,1.3362,11.5306,0.8495,9.8881,0.7285,16.297,1.2007,17.9732,1.3242,14.1446,1.0421,14.3656,1.0584
1975-06-30,13.6708,13.2638,0.9702,17.0651,1.2483,15.2727,1.1172,14.4356,1.0559,16.3493,1.1959,18.2146,1.3324,11.7773,0.8615,10.0119,0.7324,16.5166,1.2082,17.9503,1.313,14.2387,1.0415,14.4543,1.0573
1975-07-31,13.8261,13.4192,0.9706,17.4318,1.2608,15.5529,1.1249,14.6129,1.0569,16.6349,1.2032,18.4179,1.3321,11.6663,0.8438,9.74,0.7045,16.6383,1.2034,18.0064,1.3023,14.36,1.0386,14.4757,1.047
1975-08-29,13.724,13.3585,0.9734,17.546,1.2785,15.3953,1.1218,14.4491,1.0528,16.5387,1.2051,18.4441,1.3439,11.8013,0.8599,9.7723,0.7121,16.476,1.2005,17.8932,1.3038,14.0863,1.0264,14.2089,1.0353
1975-09-30,13.592,13.238,0.974,17.6552,1.2989,15.2687,1.1234,14.4031,1.0597,16.3937,1.2061,18.1347,1.3342,11.5789,0.8519,9.7575,0.7179,16.3064,1.1997,17.8344,1.3121,13.7626,1.0125,13.9953,1.0297
1975-10-31,13.2909,12.9637,0.9754,17.3189,1.3031,15.0291,1.1308,14.1151,1.062,16.0881,1.2105,17.6353,1.3269,11.2276,0.8448,9.6475,0.7259,15.8535,1.1928,17.4063,1.3096,13.4043,1.0085,13.7741,1.0364
1975-11-28,13.1344,12.7172,0.9682,17.2654,1.3145,14.8768,1.1327,13.9676,1.0634,15.9458,1.214,17.6628,1.3448,11.4143,0.869,9.4897,0.7225,15.3744,1.1705,17.034,1.2969,12.9974,0.9896,13.547,1.0314
1975-12-31,12.7483,12.2833,0.9635,17.1021,1.3415,14.4695,1.135,13.5782,1.0651,15.4772,1.2141,17.3607,1.3618,11.3741,0.8922,9.1274,0.716,14.8856,1.1677,16.1664,1.2681,12.5923,0.9878,13.0481,1.0235
1976-01-30,12.3283,12.0059,0.9738,16.7891,1.3618,13.8234,1.1213,12.9631,1.0515,14.9136,1.2097,16.8291,1.3651,11.3576,0.9213,8.8558,0.7183,14.4579,1.1727,15.4837,1.2559,12.264,0.9948,12.6942,1.0297
1976-02-27,11.683,11.3835,0.9744,16.1187,1.3797,13.1376,1.1245,12.3094,1.0536,14.0849,1.2056,16.2992,1.3951,10.4842,0.8974,8.4462,0.723,13.8495,1.1854,14.8384,1.2701,11.847,1.014,11.8122,1.0111
1976-03-31,11.3468,11.1276,0.9807,15.7378,1.387,12.7539,1.124,11.6025,1.0225,13.5766,1.1965,15.9851,1.4088,10.1823,0.8974,8.2349,0.7258,13.4111,1.1819,14.0986,1.2425,11.7023,1.0313,11.5317,1.0163
1976-04-30,11.2196,10.9689,0.9777,15.2997,1.3637,12.6723,1.1295,11.1912,0.9975,13.431,1.1971,15.8331,1.4112,10.0902,0.8993,8.1229,0.724,12.8457,1.1449,13.7801,1.2282,11.6229,1.036,11.4117,1.0171
1976-05-28,11.0255,10.9148,0.99,14.969,1.3577,12.4579,1.1299,10.9132,0.9898,13.2101,1.1981,15.4253,1.3991,10.1964,0.9248,8.135,0.7378,12.6231,1.1449,13.4398,1.219,11.4804,1.0413,11.2194,1.0176
1976-06-30,10.8653,10.6783,0.9828,14.7228,1.355,12.2898,1.1311,10.8654,1.0,13.0027,1.1967,15.2044,1.3993,9.9343,0.9143,7.9854,0.7349,12.4457,1.1455,13.3154,1.2255,11.4109,1.0502,11.0935,1.021
1976-07-30,10.6591,10.4537,0.9807,14.4258,1.3534,11.9233,1.1186,10.7617,1.0096,12.6744,1.1891,15.0268,1.4098,9.8109,0.9204,7.7053,0.7229,12.2529,1.1495,13.116,1.2305,11.3123,1.0613,10.9413,1.0265
1976-08-31,10.5036,10.2841,0.9791,14.1576,1.3479,11.7251,1.1163,10.6221,1.0113,12.4303,1.1834,14.8567,1.4144,9.7224,0.9256,7.3987,0.7044,12.0405,1.1463,12.9439,1.2323,11.1036,1.0571,10.7779,1.0261
1976-09-30,10.3519,10.1605,0.9815,13.957,1.3483,11.5984,1.1204,10.4601,1.0104,12.3566,1.1937,14.7115,1.4211,9.515,0.9192,7.1572,0.6914,11.8379,1.1435,12.9731,1.2532,10.87,1.05,10.5582,1.0199
1976-10-29,10.0877,9.9098,0.9824,13.7423,1.3623,11.3923,1.1293,10.2143,1.0126,12.1254,1.202,14.164,1.4041,9.424,0.9342,6.9543,0.6894,11.5127,1.1413,12.6384,1.2529,10.5685,1.0477,10.1971,1.0109
1976-11-30,9.4823,9.369,0.9881,12.9777,1.3686,10.801,1.1391,9.7244,1.0255,11.4995,1.2127,13.5282,1.4267,8.8871,0.9372,6.4534,0.6806,10.8245,1.1416,12.0496,1.2708,9.8619,1.04,9.4813,0.9999
1976-12-31,8.8593,8.7165,0.9839,12.1154,1.3675,10.1844,1.1496,9.3949,1.0605,10.8067,1.2198,12.5657,1.4184,8.3601,0.9436,6.0386,0.6816,10.025,1.1316,10.9058,1.231,9.1613,1.0341,8.7846,0.9916
1977-01-31,8.6636,8.4375,0.9739,11.9218,1.3761,9.8668,1.1389,9.2677,1.0697,10.4943,1.2113,12.3368,1.424,8.3242,0.9608,5.8967,0.6806,9.6937,1.1189,10.4755,1.2091,8.8268,1.0188,8.7005,1.0043
1977-02-28,8.2283,7.9083,0.9611,11.3935,1.3847,9.4032,1.1428,9.1005,1.106,10.0984,1.2273,11.9711,1.4549,7.9646,0.968,5.5356,0.6727,9.1684,1.1143,10.1255,1.2306,8.3034,1.0091,8.0469,0.9779
1977-03-31,8.0055,7.7159,0.9638,11.0799,1.384,9.1489,1.1428,8.8314,1.1032,9.8494,1.2303,11.7337,1.4657,7.8328,0.9784,5.3192,0.6644,8.9338,1.116,9.8664,1.2324,8.0349,1.0037,7.8342,0.9786
1977-04-29,7.7108,7.3226,0.9497,10.4033,1.3492,8.8,1.1413,8.7309,1.1323,9.5051,1.2327,11.1119,1.4411,7.6253,0.9889,5.2057,0.6751,8.4991,1.1022,9.5069,1.2329,7.8479,1.0178,7.5721,0.982
1977-05-31,7.3984,6.9387,0.9379,10.1356,1.37,8.3918,1.1343,8.4602,1.1435,9.2368,1.2485,10.6421,1.4384,7.3222,0.9897,5.032,0.6802,8.1785,1.1054,9.1895,1.2421,7.6025,1.0276,7.2298,0.9772
1977-06-30,7.1718,6.7145,0.9362,9.8453,1.3728,8.1491,1.1363,8.3711,1.1672,8.9485,1.2477,10.438,1.4554,7.1344,0.9948,4.8641,0.6782,7.9456,1.1079,8.9906,1.2536,7.3273,1.0217,7.0494,0.9829
1977-07-29,7.1575,6.7263,0.9398,9.8414,1.375,8.1227,1.1349,8.3525,1.167,8.9417,1.2493,10.2993,1.439,7.0268,0.9817,4.8814,0.682,8.074,1.128,9.1737,1.2817,7.1921,1.0048,7.0097,0.9794
1977-08-31,7.0357,6.6099,0.9395,9.6174,1.367,7.9933,1.1361,8.0909,1.15,8.7811,1.2481,10.1219,1.4387,6.5579,0.9321,4.7329,0.6727,7.9687,1.1326,9.2845,1.3196,7.1563,1.0171,6.8827,0.9783
1977-09-30,6.9278,6.4779,0.9351,9.5099,1.3727,7.8929,1.1393,7.9913,1.1535,8.5239,1.2304,9.9724,1.4395,6.3724,0.9198,4.6463,0.6707,7.8752,1.1368,9.2034,1.3285,7.0642,1.0197,6.7579,0.9755
1977-10-31,6.9534,6.4651,0.9298,9.4221,1.355,7.948,1.143,8.232,1.1839,8.5493,1.2295,9.9343,1.4287,6.3828,0.9179,4.6162,0.6639,7.9072,1.1372,9.2285,1.3272,7.006,1.0076,6.7349,0.9686
1977-11-30,6.6649,6.2338,0.9353,9.0365,1.3558,7.7311,1.16,8.205,1.2311,8.1883,1.2286,9.4883,1.4236,6.004,0.9008,4.463,0.6696,7.7121,1.1571,9.0944,1.3645,6.618,0.993,6.4376,0.9659
1977-12-30,6.479,6.0353,0.9315,8.7482,1.3502,7.5017,1.1578,8.0554,1.2433,8.0739,1.2462,9.2957,1.4347,5.8196,0.8982,4.3665,0.6739,7.5141,1.1597,8.8871,1.3717,6.3064,0.9734,6.1711,0.9525
1978-01-31,6.3215,5.9193,0.9364,8.4327,1.334,7.3323,1.1599,7.8658,1.2443,7.9745,1.2615,8.734,1.3816,5.9442,0.9403,4.4545,0.7047,7.4277,1.175,8.701,1.3764,6.3108,0.9983,6.1698,0.976
1978-02-28,6.339,5.8777,0.9272,8.282,1.3065,7.4738,1.179,7.7621,1.2245,8.0658,1.2724,8.8159,1.3907,5.7493,0.907,4.3177,0.6811,7.5273,1.1875,8.768,1.3832,6.213,0.9801,6.2441,0.985
1978-03-31,6.3616,5.8695,0.9227,8.2625,1.2988,7.4812,1.176,7.8248,1.23,8.1114,1.2751,8.8942,1.3981,5.6763,0.8923,4.2236,0.6639,7.5774,1.1911,8.732,1.3726,6.2299,0.9793,6.3312,0.9952
1978-04-28,6.3957,5.9325,0.9276,8.2798,1.2946,7.4804,1.1696,7.9439,1.2421,8.1271,1.2707,8.7222,1.3638,5.7558,0.8999,4.2934,0.6713,7.6566,1.1971,8.6735,1.3561,6.3286,0.9895,6.4399,1.0069
1978-05-31,6.3192,5.8147,0.9202,8.1133,1.2839,7.3885,1.1692,7.9857,1.2637,8.0342,1.2714,8.5874,1.3589,5.678,0.8985,4.0985,0.6486,7.5964,1.2021,8.5549,1.3538,6.3048,0.9977,6.3911,1.0114
1978-06-30,6.3227,5.8106,0.919,8.0038,1.2659,7.4093,1.1719,7.8919,1.2482,7.9932,1.2642,8.5319,1.3494,5.6501,0.8936,4.1153,0.6509,7.676,1.214,8.5978,1.3598,6.3406,1.0028,6.4066,1.0133
1978-07-31,6.3829,5.8935,0.9233,8.0379,1.2593,7.5233,1.1787,7.9458,1.2448,8.1621,1.2787,8.5174,1.3344,5.6952,0.8923,4.0519,0.6348,7.8022,1.2224,8.5108,1.3334,6.4069,1.0038,6.3978,1.0023
1978-08-31,6.4544,6.0114,0.9314,8.0783,1.2516,7.6734,1.1889,7.9191,1.2269,8.2527,1.2786,8.5093,1.3184,5.6778,0.8797,4.01,0.6213,7.9086,1.2253,8.6909,1.3465,6.4911,1.0057,6.5011,1.0072
1978-09-29,6.4952,6.1018,0.9394,7.9963,1.2311,7.755,1.194,7.8813,1.2134,8.2221,1.2659,8.6565,1.3328,5.7263,0.8816,3.9452,0.6074,7.9295,1.2208,8.8233,1.3584,6.5891,1.0145,6.6438,1.0229
1978-10-31,6.62,6.1602,0.9305,8.196,1.2381,7.947,1.2004,7.941,1.1995,8.324,1.2574,8.824,1.3329,5.7369,0.8666,3.9476,0.5963,8.0315,1.2132,8.9817,1.3567,6.7336,1.0172,6.7908,1.0258
1978-11-30,6.6535,6.1985,0.9316,8.0858,1.2153,7.9885,1.2006,7.9071,1.1884,8.4081,1.2637,8.8123,1.3245,5.7201,0.8597,3.8483,0.5784,8.0512,1.2101,8.9986,1.3525,6.7952,1.0213,6.9185,1.0398
1978-12-29,6.7876,6.3206,0.9312,8.1598,1.2022,8.1241,1.1969,8.0368,1.1841,8.4673,1.2475,9.0136,1.328,5.752,0.8474,3.7978,0.5595,8.1861,1.206,9.2265,1.3593,6.8603,1.0107,7.4155,1.0925
1979-01-31,7.5333,6.9989,0.9291,8.7899,1.1668,9.0085,1.1958,8.5009,1.1284,9.1125,1.2096,9.8529,1.3079,5.9799,0.7938,4.0636,0.5394,8.9902,1.1934,10.0712,1.3369,7.6006,1.0089,9.0789,1.2052
1979-02-28,7.8117,7.1574,0.9162,9.2853,1.1886,9.3389,1.1955,8.9097,1.1406,9.4158,1.2054,10.0523,1.2868,5.9314,0.7593,4.152,0.5315,9.2647,1.186,10.2535,1.3126,7.7511,0.9922,9.6403,1.2341
1979-03-30,7.994,7.33,0.9169,9.2814,1.1611,9.6413,1.2061,8.9536,1.12,9.534,1.1926,10.4659,1.3092,5.9275,0.7415,4.2522,0.5319,9.4105,1.1772,10.5948,1.3253,7.8426,0.9811,9.8966,1.238
1979-04-30,8.0768,7.3619,0.9115,9.4327,1.1679,9.7663,1.2092,8.936,1.1064,9.7207,1.2035,10.7122,1.3263,6.0092,0.744,4.1794,0.5175,9.4268,1.1671,10.6661,1.3206,7.8501,0.9719,9.9344,1.23
1979-05-31,8.2294,7.5238,0.9143,9.4745,1.1513,9.9805,1.2128,9.0823,1.1036,9.8504,1.197,10.8588,1.3195,6.0634,0.7368,4.1952,0.5098,9.5321,1.1583,10.8396,1.3172,7.9479,0.9658,10.1853,1.2377
1979-06-29,8.2606,7.4899,0.9067,9.4193,1.1403,10.0347,1.2148,9.1295,1.1052,9.8845,1.1966,10.9177,1.3216,6.0228,0.7291,4.2611,0.5158,9.4813,1.1478,10.7779,1.3047,7.9625,0.9639,10.2623,1.2423
1979-07-31,8.0928,7.3084,0.9031,9.138,1.1291,9.7699,1.2072,9.1007,1.1245,9.616,1.1882,10.8016,1.3347,5.9222,0.7318,4.2747,0.5282,9.1698,1.1331,10.4759,1.2945,7.768,0.9599,10.1581,1.2552
1979-08-31,8.1845,7.3086,0.893,9.2633,1.1318,9.7918,1.1964,9.4273,1.1519,9.5748,1.1699,10.8037,1.32,5.9049,0.7215,4.3867,0.536,9.185,1.1222,10.41,1.2719,7.8231,0.9558,10.3476,1.2643
1979-09-28,8.167,7.3023,0.8941,9.2183,1.1287,9.7396,1.1926,9.5115,1.1646,9.5798,1.173,10.8042,1.3229,5.9375,0.727,4.3983,0.5385,9.1823,1.1243,10.3656,1.2692,7.8404,0.96,10.3268,1.2645
1979-10-31,8.1089,7.2755,0.8972,9.1726,1.1312,9.6105,1.1852,9.6096,1.1851,9.588,1.1824,10.7931,1.331,5.7611,0.7105,4.3903,0.5414,9.07,1.1185,10.2317,1.2618,7.796,0.9614,10.296,1.2697
1979-11-30,8.2057,7.412,0.9033,9.042,1.1019,9.6956,1.1816,9.8702,1.2028,9.6756,1.1791,10.8243,1.3191,5.7729,0.7035,4.4434,0.5415,9.1499,1.1151,10.2408,1.248,7.861,0.958,10.4093,1.2686
1979-12-31,8.2451,7.3718,0.8941,9.0388,1.0963,9.6955,1.1759,10.2125,1.2386,9.75,1.1825,10.9187,1.3243,5.603,0.6796,4.5062,0.5465,9.0927,1.1028,10.252,1.2434,7.8637,0.9537,10.3094,1.2504
1980-01-31,8.5402,7.7621,0.9089,9.099,1.0654,9.86,1.1545,10.6992,1.2528,9.8212,1.15,10.8076,1.2655,5.6871,0.6659,5.4304,0.6359,9.2312,1.0809,10.1453,1.1879,8.6143,1.0087,10.713,1.2544
1980-02-29,8.4369,7.7073,0.9135,8.9833,1.0648,9.668,1.1459,10.8372,1.2845,9.7394,1.1544,10.7028,1.2686,5.761,0.6828,5.4914,0.6509,8.9678,1.0629,10.0714,1.1937,8.5458,1.0129,10.4523,1.2389
1980-03-31,8.3956,7.6885,0.9158,8.9833,1.07,9.4956,1.131,11.1847,1.3322,9.6856,1.1536,10.6765,1.2717,5.7735,0.6877,5.4308,0.6469,8.76,1.0434,9.9677,1.1872,8.3884,0.9991,10.3458,1.2323
1980-04-30,8.4429,7.7085,0.913,9.0415,1.0709,9.5158,1.1271,11.4366,1.3546,9.7255,1.1519,10.8977,1.2907,5.6886,0.6738,5.4515,0.6457,8.707,1.0313,9.8216,1.1633,8.3836,0.993,10.4062,1.2325
1980-05-30,8.7139,7.9345,0.9106,9.3099,1.0684,9.607,1.1025,12.1657,1.3961,9.9152,1.1379,11.1947,1.2847,6.2692,0.7195,5.8981,0.6769,8.8089,1.0109,10.0465,1.1529,8.5924,0.9861,10.5159,1.2068
1980-06-30,9.8638,8.8103,0.8932,9.731,0.9865,10.5061,1.0651,14.4835,1.4684,10.5878,1.0734,11.9934,1.2159,6.6953,0.6788,7.0185,0.7115,9.6834,0.9817,10.6615,1.0809,9.5655,0.9698,12.6363,1.2811
1980-07-31,10.0769,9.0107,0.8942,10.651,1.057,10.6501,1.0569,14.8637,1.475,10.8446,1.0762,12.2352,1.2142,6.849,0.6797,7.3378,0.7282,9.703,0.9629,10.8681,1.0785,9.7596,0.9685,12.8165,1.2719
1980-08-29,10.216,9.0598,0.8868,10.7735,1.0546,10.7596,1.0532,15.248,1.4926,10.9342,1.0703,12.464,1.22,6.9227,0.6776,7.4245,0.7268,9.8694,0.9661,10.81,1.0581,9.8397,0.9632,12.8679,1.2596
1980-09-30,10.3547,9.1273,0.8815,11.0016,1.0625,10.835,1.0464,15.6284,1.5093,10.999,1.0622,12.6585,1.2225,7.0789,0.6836,7.5386,0.728,9.9082,0.9569,10.8176,1.0447,9.8107,0.9475,12.9459,1.2502
1980-10-31,10.36,9.142,0.8824,11.1192,1.0733,10.851,1.0474,15.9631,1.5408,11.017,1.0634,12.7084,1.2267,7.0531,0.6808,7.5358,0.7274,9.9682,0.9622,10.8055,1.043,9.7539,0.9415,12.9421,1.2492
1980-11-28,10.544,9.2953,0.8816,11.4268,1.0837,10.9804,1.0414,16.0994,1.5269,11.1997,1.0622,13.0183,1.2347,7.3196,0.6942,7.6296,0.7236,10.0953,0.9575,10.9713,1.0405,9.8113,0.9305,13.0706,1.2396
1980-12-31,10.9057,9.7088,0.8903,11.9183,1.0928,11.2859,1.0349,16.4992,1.5129,11.3638,1.042,13.5332,1.2409,7.8638,0.7211,7.8572,0.7205,10.436,0.9569,11.2447,1.0311,10.0741,0.9237,13.4623,1.2344
1981-01-30,10.5394,9.1087,0.8643,11.6663,1.1069,10.6215,1.0078,16.668,1.5815,10.9804,1.0418,13.5143,1.2823,7.7641,0.7367,7.4369,0.7056,9.7502,0.9251,10.5479,1.0008,9.1516,0.8683,12.5243,1.1883
1981-02-27,10.7545,9.1498,0.8508,11.6995,1.0879,10.6821,0.9933,17.0809,1.5883,11.1652,1.0382,13.7489,1.2784,8.0761,0.751,7.6512,0.7114,9.716,0.9034,10.6235,0.9878,9.2119,0.8566,12.5783,1.1696
1981-03-31,11.0771,9.3468,0.8438,11.9699,1.0806,10.9617,0.9896,17.4634,1.5765,11.4586,1.0344,13.9182,1.2565,8.4904,0.7665,8.1565,0.7363,10.0224,0.9048,10.8214,0.9769,9.4913,0.8568,13.0952,1.1822
1981-04-30,11.3498,9.5302,0.8397,12.1643,1.0718,11.1537,0.9827,17.9021,1.5773,11.6356,1.0252,14.1409,1.2459,8.6967,0.7662,8.3943,0.7396,10.1757,0.8966,10.9871,0.968,9.6166,0.8473,13.5662,1.1953
1981-05-29,11.315,9.4449,0.8347,12.2182,1.0798,11.0923,0.9803,17.84,1.5767,11.602,1.0254,14.0939,1.2456,8.5941,0.7595,8.2938,0.733,10.1869,0.9003,10.7776,0.9525,9.534,0.8426,13.5479,1.1973
1981-06-30,10.6903,8.8778,0.8305,12.0893,1.1309,10.5395,0.9859,16.965,1.587,11.2083,1.0485,13.7465,1.2859,8.5863,0.8032,7.6717,0.7176,9.6602,0.9036,10.293,0.9628,8.8843,0.8311,12.3045,1.151
1981-07-31,10.6432,8.9198,0.8381,11.9578,1.1235,10.4325,0.9802,17.0881,1.6055,11.2324,1.0554,13.7386,1.2908,8.7532,0.8224,7.5377,0.7082,9.7515,0.9162,10.2586,0.9639,8.8599,0.8324,12.2799,1.1538
1981-08-31,10.5988,8.9432,0.8438,11.9666,1.1291,10.3365,0.9753,17.1421,1.6174,11.1805,1.0549,13.6695,1.2897,9.1151,0.86,7.5083,0.7084,9.7142,0.9165,10.2574,0.9678,8.8636,0.8363,12.3275,1.1631
1981-09-30,10.5541,8.9367,0.8467,11.9092,1.1284,10.3391,0.9796,17.0951,1.6198,11.306,1.0712,13.5943,1.2881,9.188,0.8706,7.5941,0.7195,9.762,0.925,10.3093,0.9768,9.0032,0.853,12.3683,1.1719
1981-10-30,10.6069,8.941,0.8429,11.8316,1.1155,10.3184,0.9728,17.1203,1.6141,11.2404,1.0597,13.4657,1.2695,9.4141,0.8875,7.7938,0.7348,9.7394,0.9182,10.4304,0.9834,9.0754,0.8556,12.3832,1.1675
1981-11-30,10.7813,8.9161,0.827,11.8262,1.0969,10.341,0.9592,17.4551,1.619,11.3076,1.0488,13.5023,1.2524,9.3914,0.8711,8.0834,0.7498,9.8482,0.9134,10.6784,0.9905,9.2288,0.856,12.589,1.1677
1981-12-31,10.7511,8.7352,0.8125,11.5477,1.0741,10.302,0.9582,17.4915,1.627,11.2127,1.0429,13.333,1.2402,9.4174,0.876,8.2851,0.7706,9.8679,0.9179,10.5332,0.9797,9.0878,0.8453,12.6339,1.1751
1982-01-29,10.6757,8.7229,0.8171,11.6646,1.0926,10.2834,0.9633,17.2825,1.6189,11.1792,1.0472,13.3074,1.2465,9.3866,0.8792,8.1853,0.7667,9.8618,0.9238,10.7173,1.0039,9.0527,0.848,12.5142,1.1722
1982-02-26,10.4827,8.595,0.8199,11.7157,1.1176,10.163,0.9695,16.9225,1.6143,10.9934,1.0487,13.1829,1.2576,9.3064,0.8878,7.9911,0.7623,9.8725,0.9418,10.5085,1.0025,8.9573,0.8545,12.3909,1.182
1982-03-31,10.0903,8.1756,0.8102,11.354,1.1252,9.6685,0.9582,16.4984,1.6351,10.6482,1.0553,12.8518,1.2737,9.0535,0.8973,7.5851,0.7517,9.4877,0.9403,10.1161,1.0026,8.6472,0.857,11.793,1.1688
1982-04-30,10.1854,8.3515,0.82,11.5336,1.1324,9.8596,0.968,16.4009,1.6102,10.6567,1.0463,13.0288,1.2792,9.0712,0.8906,7.6687,0.7529,9.6525,0.9477,10.4504,1.026,8.8493,0.8688,11.8201,1.1605
1982-05-28,10.1657,8.2968,0.8162,11.5265,1.1339,9.8712,0.971,16.3826,1.6116,10.6422,1.0469,13.3528,1.3135,9.0131,0.8866,7.6211,0.7497,9.646,0.9489,10.6807,1.0507,8.7356,0.8593,11.8861,1.1692
1982-06-30,9.9249,8.0184,0.8079,11.4202,1.1507,9.6587,0.9732,16.0345,1.6156,10.5389,1.0619,13.4121,1.3514,8.7646,0.8831,7.3235,0.7379,9.4807,0.9552,10.6359,1.0716,8.4062,0.847,11.4124,1.1499
1982-07-30,9.866,7.8826,0.799,11.1108,1.1262,9.5586,0.9688,15.8929,1.6109,10.3918,1.0533,13.2948,1.3475,8.6771,0.8795,7.1983,0.7296,9.2924,0.9419,10.6847,1.083,8.2406,0.8353,11.2711,1.1424
1982-08-31,9.761,7.7947,0.7986,10.9892,1.1258,9.4899,0.9722,15.5852,1.5967,10.3365,1.059,13.076,1.3396,8.5909,0.8801,7.1686,0.7344,9.159,0.9383,10.548,1.0806,8.2052,0.8406,11.1551,1.1428
1982-09-30,9.6784,7.8051,0.8064,10.8997,1.1262,9.493,0.9808,15.4478,1.5961,10.1735,1.0512,13.0291,1.3462,8.5168,0.88,7.013,0.7246,9.1241,0.9427,10.5677,1.0919,8.169,0.844,11.1433,1.1514
1982-10-29,9.6943,7.8683,0.8116,10.9951,1.1342,9.4965,0.9796,15.4357,1.5923,10.1906,1.0512,13.0881,1.3501,8.6174,0.8889,7.0933,0.7317,9.2574,0.9549,10.937,1.1282,8.187,0.8445,11.2132,1.1567
1982-11-30,9.7348,7.9766,0.8194,11.4909,1.1804,9.6937,0.9958,15.3796,1.5799,10.3403,1.0622,13.2547,1.3616,9.1401,0.9389,7.0055,0.7196,9.4816,0.974,11.0712,1.1373,8.2671,0.8492,11.2976,1.1605
1982-12-31,9.4244,7.8871,0.8369,11.3121,1.2003,9.4166,0.9992,14.8568,1.5764,10.0737,1.0689,12.9446,1.3735,9.0998,0.9656,6.7413,0.7153,9.3157,0.9885,11.0276,1.1701,8.1418,0.8639,10.7511,1.1408
1983-01-31,10.1237,8.553,0.8448,12.0927,1.1945,10.0662,0.9943,15.6865,1.5495,10.7532,1.0622,13.8242,1.3655,10.0386,0.9916,7.1215,0.7034,10.3015,1.0176,11.6357,1.1493,8.828,0.872,11.5268,1.1386
1983-02-28,10.3045,8.7903,0.8531,12.4278,1.2061,10.2688,0.9965,15.7066,1.5243,11.0617,1.0735,14.1661,1.3748,10.1052,0.9807,7.0638,0.6855,10.8111,1.0492,11.8734,1.1523,9.0042,0.8738,11.731,1.1384
1983-03-31,10.3622,9.0001,0.8686,12.5841,1.2144,10.3237,0.9963,15.9868,1.5428,11.0987,1.0711,14.5261,1.4018,10.6579,1.0285,6.8942,0.6653,11.3019,1.0907,11.9853,1.1566,9.2092,0.8887,11.8967,1.1481
1983-04-29,10.4863,8.9398,0.8525,12.8302,1.2235,10.5258,1.0038,16.4477,1.5685,11.2791,1.0756,14.6605,1.3981,11.0874,1.0573,6.8587,0.6541,11.4248,1.0895,11.9258,1.1373,9.3311,0.8898,12.0371,1.1479
1983-05-31,10.5231,9.0085,0.8561,12.8163,1.2179,10.4509,0.9931,16.9091,1.6069,11.327,1.0764,14.4344,1.3717,11.2858,1.0725,6.8268,0.6487,11.4875,1.0916,11.851,1.1262,9.5788,0.9103,11.9432,1.135
1983-06-30,10.4187,8.9653,0.8605,12.7799,1.2266,10.3379,0.9922,17.1216,1.6433,11.2724,1.0819,14.3149,1.374,11.2122,1.0762,6.7262,0.6456,11.4348,1.0975,11.6832,1.1214,9.496,0.9114,11.761,1.1288
1983-07-29,10.5409,9.0074,0.8545,12.9483,1.2284,10.4053,0.9871,17.1004,1.6223,11.4159,1.083,14.5424,1.3796,11.3706,1.0787,6.6962,0.6353,11.6594,1.1061,11.6518,1.1054,9.6899,0.9193,11.8962,1.1286
1983-08-31,10.5952,9.0432,0.8535,13.198,1.2457,10.4755,0.9887,17.1023,1.6142,11.4607,1.0817,14.7018,1.3876,11.3051,1.067,6.6419,0.6269,11.8355,1.1171,11.6515,1.0997,9.6921,0.9148,12.0024,1.1328
1983-09-30,10.7479,9.0626,0.8432,13.4885,1.255,10.4877,0.9758,17.0714,1.5883,11.4525,1.0656,14.9083,1.3871,11.2822,1.0497,6.5603,0.6104,12.1206,1.1277,11.7924,1.0972,9.7458,0.9068,12.1658,1.1319
1983-10-31,10.877,9.0899,0.8357,13.8629,1.2745,10.5879,0.9734,17.0579,1.5683,11.4968,1.057,15.2308,1.4003,11.3468,1.0432,6.4333,0.5915,12.3752,1.1377,11.6848,1.0743,9.9147,0.9115,12.3179,1.1325
1983-11-30,10.5784,8.8357,0.8353,13.7677,1.3015,10.3422,0.9777,16.5833,1.5677,11.2397,1.0625,15.0061,1.4186,11.0322,1.0429,6.0076,0.5679,12.1911,1.1525,11.3615,1.074,9.6884,0.9159,12.0773,1.1417
1983-12-30,10.2914,8.5923,0.8349,13.6201,1.3234,10.0323,0.9748,16.3535,1.589,10.985,1.0674,14.6304,1.4216,10.7278,1.0424,5.8279,0.5663,11.936,1.1598,10.9848,1.0674,9.4179,0.9151,11.7933,1.1459
1984-01-31,9.7977,8.1297,0.8298,13.09,1.336,9.5631,0.9761,15.6512,1.5974,10.5207,1.0738,14.2242,1.4518,10.2869,1.0499,5.5262,0.564,11.445,1.1681,10.5877,1.0806,9.0578,0.9245,11.2732,1.1506
1984-02-29,9.4648,7.8642,0.8309,12.6789,1.3396,9.2936,0.9819,15.319,1.6185,10.1448,1.0718,13.8449,1.4628,10.231,1.0809,5.4613,0.577,11.0939,1.1721,10.2563,1.0836,8.8206,0.9319,10.9718,1.1592
1984-03-30,9.1177,7.4462,0.8167,12.4432,1.3647,8.8615,0.9719,14.968,1.6416,9.6974,1.0636,13.2904,1.4576,9.8215,1.0772,5.4615,0.599,10.6763,1.1709,9.9756,1.0941,8.4585,0.9277,10.3511,1.1353
1984-04-30,8.5897,7.1573,0.8332,12.0074,1.3979,8.36,0.9733,14.1111,1.6428,9.2445,1.0762,12.804,1.4906,9.3645,1.0902,5.453,0.6348,10.4408,1.2155,9.6787,1.1268,8.0744,0.94,9.8698,1.149
1984-05-31,8.7289,7.4089,0.8488,12.4254,1.4235,8.6125,0.9867,13.3946,1.5345,9.2221,1.0565,13.1412,1.5055,9.9563,1.1406,5.7789,0.662,10.732,1.2295,9.6936,1.1105,8.0669,0.9242,10.0555,1.152
1984-06-29,8.7683,7.4633,0.8512,12.6165,1.4389,8.6866,0.9907,12.9279,1.4744,9.1708,1.0459,13.1794,1.5031,10.6319,1.2125,5.8054,0.6621,10.7081,1.2212,9.7899,1.1165,8.073,0.9207,10.1291,1.1552
1984-07-31,8.6867,7.3894,0.8507,12.7686,1.4699,8.6283,0.9933,12.6234,1.4532,9.1129,1.0491,13.1669,1.5158,10.889,1.2535,5.7867,0.6661,10.5945,1.2196,9.7854,1.1265,7.9169,0.9114,10.0823,1.1607
1984-08-31,8.6787,7.4885,0.8629,12.724,1.4661,8.5892,0.9897,12.5352,1.4444,9.0469,1.0424,13.1147,1.5111,11.0501,1.2732,5.8394,0.6728,10.583,1.2194,9.8643,1.1366,7.9543,0.9165,10.0341,1.1562
1984-09-28,8.5495,7.4069,0.8664,12.5962,1.4733,8.4985,0.994,12.1916,1.426,9.0421,1.0576,13.0476,1.5261,11.3144,1.3234,5.8138,0.68,10.5074,1.229,9.6286,1.1262,7.8379,0.9168,9.8486,1.152
1984-10-31,8.4449,7.365,0.8721,12.6723,1.5006,8.4425,0.9997,12.0152,1.4228,9.0168,1.0677,13.098,1.551,11.458,1.3568,5.763,0.6824,10.3953,1.231,9.5803,1.1344,7.6879,0.9104,9.6687,1.1449
1984-11-30,8.2705,7.2378,0.8751,12.5278,1.5148,8.2845,1.0017,11.7668,1.4228,8.8596,1.0712,12.8939,1.559,11.2965,1.3659,5.6804,0.6868,10.1606,1.2285,9.4625,1.1441,7.5648,0.9147,9.4871,1.1471
1984-12-31,8.1288,7.0521,0.8675,12.526,1.5409,8.0727,0.9931,11.5784,1.4244,8.6966,1.0698,12.7176,1.5645,11.2518,1.3842,5.6458,0.6945,9.9624,1.2256,9.2629,1.1395,7.4357,0.9147,9.2932,1.1432
1985-01-31,7.8246,6.8338,0.8734,12.2812,1.5696,7.8527,1.0036,11.4728,1.4663,8.3571,1.0681,12.2985,1.5718,11.0106,1.4072,5.5751,0.7125,9.6555,1.234,9.0797,1.1604,7.2521,0.9268,9.0158,1.1522
1985-02-28,7.6571,6.7057,0.8757,12.0994,1.5802,7.6536,0.9995,11.1893,1.4613,8.203,1.0713,11.9837,1.565,10.8394,1.4156,5.5278,0.7219,9.4377,1.2325,8.8458,1.1552,7.135,0.9318,8.8062,1.1501
1985-03-29,7.5012,6.6504,0.8866,11.9513,1.5933,7.529,1.0037,11.0347,1.4711,8.0873,1.0781,11.728,1.5635,10.6081,1.4142,5.4322,0.7242,9.2298,1.2304,8.6469,1.1527,6.9738,0.9297,8.5463,1.1393
1985-04-30,7.4084,6.5111,0.8789,11.8956,1.6057,7.4218,1.0018,10.6523,1.4379,8.009,1.0811,11.6506,1.5726,10.488,1.4157,5.2164,0.7041,9.1604,1.2365,8.6868,1.1726,6.9787,0.942,8.4068,1.1348
1985-05-31,7.1238,6.3363,0.8895,11.6337,1.6331,7.2058,1.0115,10.0256,1.4074,7.6514,1.0741,11.2766,1.583,10.03,1.408,4.901,0.688,8.8367,1.2405,8.4304,1.1834,6.7612,0.9491,8.1099,1.1384
1985-06-28,6.9996,6.2656,0.8951,11.2787,1.6113,7.1031,1.0148,9.6119,1.3732,7.4457,1.0637,11.2686,1.6099,9.5703,1.3673,4.9169,0.7024,8.6531,1.2362,8.3155,1.188,6.6647,0.9522,7.9535,1.1363
1985-07-31,6.8423,6.297,0.9203,11.1327,1.627,6.9323,1.0131,9.5403,1.3943,7.2003,1.0523,11.0157,1.6099,9.0965,1.3294,4.8551,0.7096,8.4936,1.2413,8.2274,1.2024,6.6327,0.9694,7.8017,1.1402
1985-08-30,6.7592,6.3267,0.936,11.2161,1.6594,6.8503,1.0135,9.3457,1.3827,7.1224,1.0537,11.0397,1.6333,8.9814,1.3288,4.8804,0.722,8.4859,1.2555,8.2466,1.2201,6.4657,0.9566,7.6765,1.1357
1985-09-30,6.5977,6.2043,0.9404,10.8997,1.6521,6.7585,1.0244,9.1998,1.3944,6.9471,1.053,11.0092,1.6686,8.6556,1.3119,4.7911,0.7262,8.2534,1.251,8.153,1.2357,6.3461,0.9619,7.5009,1.1369
1985-10-31,6.3698,6.2274,0.9776,10.285,1.6147,6.5467,1.0278,8.9942,1.412,6.6711,1.0473,10.6941,1.6789,8.777,1.3779,5.7754,0.9067,7.9853,1.2536,7.9929,1.2548,6.3686,0.9998,7.0955,1.1139
1985-11-29,6.2235,6.13,0.985,9.9899,1.6052,6.4072,1.0295,8.8929,1.4289,6.4717,1.0399,10.4851,1.6847,8.5969,1.3814,5.7904,0.9304,7.7072,1.2384,7.8193,1.2564,6.2191,0.9993,6.9655,1.1192
1985-12-31,6.3139,6.1611,0.9758,9.809,1.5536,6.4798,1.0263,8.9365,1.4154,6.4841,1.027,10.5844,1.6764,8.6116,1.3639,6.0056,0.9512,7.7011,1.2197,8.129,1.2875,6.2884,0.996,7.1232,1.1282
1986-01-31,6.2736,6.1553,0.9811,9.7066,1.5472,6.4314,1.0252,8.5158,1.3574,6.5256,1.0402,10.4204,1.661,8.5429,1.3617,5.9154,0.9429,7.6848,1.2249,8.1218,1.2946,6.2797,1.001,7.0794,1.1284
1986-02-28,6.2922,6.2506,0.9934,9.6982,1.5413,6.4584,1.0264,8.431,1.3399,6.4956,1.0323,10.3735,1.6486,8.6367,1.3726,5.942,0.9444,7.6817,1.2208,8.1554,1.2961,6.3467,1.0087,7.0856,1.1261
1986-03-31,6.3764,6.4026,1.0041,9.8419,1.5435,6.5773,1.0315,9.0009,1.4116,6.5453,1.0265,10.4513,1.6391,8.7184,1.3673,6.0228,0.9445,7.7099,1.2091,8.2682,1.2967,6.429,1.0083,7.2023,1.1295
1986-04-30,6.655,6.726,1.0107,10.0364,1.5081,6.6833,1.0043,9.5877,1.4407,6.8258,1.0257,10.7655,1.6177,9.1103,1.3689,6.3308,0.9513,7.8734,1.1831,8.5554,1.2856,6.7243,1.0104,7.2251,1.0857
1986-05-30,6.5801,6.7176,1.0209,10.0006,1.5198,6.6212,1.0063,9.9729,1.5156,7.0124,1.0657,10.5072,1.5968,8.907,1.3536,6.3045,0.9581,7.7629,1.1798,8.437,1.2822,6.7255,1.0221,7.1172,1.0816
1986-06-30,6.8134,7.2953,1.0707,10.243,1.5034,6.854,1.0059,10.3044,1.5124,7.4636,1.0954,10.3298,1.5161,8.6825,1.2743,6.5192,0.9568,7.9743,1.1704,8.796,1.291,7.0798,1.0391,7.3224,1.0747
1986-07-31,7.0506,7.6104,1.0794,10.361,1.4695,7.0614,1.0015,10.5195,1.492,7.7512,1.0994,10.4679,1.4847,8.6726,1.2301,6.8911,0.9774,8.1727,1.1592,9.0641,1.2856,7.2908,1.0341,7.5478,1.0705
1986-08-29,7.0857,7.7552,1.0945,10.3478,1.4604,7.1135,1.0039,10.5836,1.4937,7.7841,1.0986,10.3644,1.4627,8.6105,1.2152,6.8503,0.9668,8.1988,1.1571,9.0867,1.2824,7.2461,1.0226,7.5151,1.0606
1986-09-30,7.6156,8.8792,1.1659,10.6858,1.4031,7.5739,0.9945,10.6893,1.4036,8.4248,1.1063,10.5819,1.3895,8.9104,1.17,7.0368,0.924,8.7996,1.1555,9.879,1.2972,7.7592,1.0188,7.8868,1.0356
1986-10-31,7.7973,9.3859,1.2037,10.6081,1.3605,7.8463,1.0063,10.8256,1.3884,8.7961,1.1281,10.5925,1.3585,8.6246,1.1061,6.7477,0.8654,9.3708,1.2018,10.0973,1.295,7.7801,0.9978,8.1519,1.0455
1986-11-28,7.9916,9.5861,1.1995,10.8469,1.3573,8.046,1.0068,11.2138,1.4032,9.0331,1.1303,10.79,1.3502,8.7975,1.1008,6.9962,0.8754,9.5822,1.199,10.3662,1.2971,7.9609,0.9962,8.2716,1.035
1986-12-31,9.0267,10.8595,1.203,11.6178,1.287,8.9631,0.9929,11.8762,1.3157,9.774,1.0828,11.2489,1.2462,10.0257,1.1107,8.2664,0.9158,10.5906,1.1732,11.4933,1.2732,9.0508,1.0027,9.2553,1.0253
1987-01-30,9.0241,10.956,1.2141,11.6006,1.2855,8.9879,0.996,11.8778,1.3162,9.8236,1.0886,11.3221,1.2546,9.9983,1.108,8.2496,0.9142,10.5747,1.1718,11.4994,1.2743,8.9753,0.9946,9.2262,1.0224
1987-02-27,9.2243,11.3304,1.2283,11.7317,1.2718,9.2088,0.9983,12.0652,1.308,10.0446,1.0889,11.4755,1.244,10.2068,1.1065,8.3229,0.9023,10.7892,1.1696,11.7496,1.2738,9.1163,0.9883,9.4281,1.0221
1987-03-31,9.2673,11.4004,1.2302,11.7524,1.2682,9.189,0.9916,11.8798,1.2819,10.1465,1.0949,11.3898,1.229,10.2188,1.1027,8.3379,0.8997,10.833,1.169,11.8216,1.2756,9.1584,0.9883,9.4567,1.0204
1987-04-30,9.2427,11.4316,1.2368,11.844,1.2814,9.2836,1.0044,11.6227,1.2575,10.272,1.1114,11.446,1.2384,10.1247,1.0954,8.2646,0.8942,10.7586,1.164,11.8007,1.2768,9.0442,0.9785,9.5549,1.0338
1987-05-29,9.2969,11.4983,1.2368,11.9299,1.2832,9.2836,0.9986,11.798,1.269,10.2724,1.1049,11.5323,1.2404,10.0444,1.0804,8.2657,0.8891,10.8579,1.1679,12.0363,1.2947,9.1072,0.9796,9.6033,1.033
1987-06-30,9.4514,11.6366,1.2312,11.8852,1.2575,9.4199,0.9967,12.0779,1.2779,10.4162,1.1021,11.5187,1.2187,10.1098,1.0697,8.2996,0.8781,11.0699,1.1712,12.2547,1.2966,9.2051,0.9739,9.7147,1.0279
1987-07-31,9.9846,12.3392,1.2358,12.4514,1.2471,10.0231,1.0039,12.3031,1.2322,10.9788,1.0996,11.7368,1.1755,10.4091,1.0425,9.1682,0.9182,11.5346,1.1552,12.7414,1.2761,9.7463,0.9761,10.1131,1.0129
1987-08-31,10.1117,12.4641,1.2326,12.5384,1.24,10.1234,1.0012,12.4807,1.2343,11.164,1.1041,11.8937,1.1762,10.5726,1.0456,9.3595,0.9256,11.6402,1.1512,12.9235,1.2781,9.827,0.9718,10.1991,1.0086
1987-09-30,9.9232,12.1151,1.2209,12.4931,1.259,10.0261,1.0104,12.5284,1.2625,10.9884,1.1073,11.5174,1.1607,10.6446,1.0727,9.2948,0.9367,11.3474,1.1435,12.523,1.262,9.6326,0.9707,9.9206,0.9997
1987-10-30,9.8235,12.035,1.2251,12.458,1.2682,9.9738,1.0153,12.4177,1.2641,10.8563,1.1051,11.3589,1.1563,10.762,1.0955,8.998,0.916,11.1189,1.1319,12.3865,1.2609,9.5418,0.9713,9.769,0.9944
1987-11-30,9.9226,12.1047,1.2199,12.7327,1.2832,10.0985,1.0177,12.3924,1.2489,10.9715,1.1057,11.5005,1.159,10.9891,1.1075,8.8614,0.893,11.2003,1.1288,12.2753,1.2371,9.5805,0.9655,9.8066,0.9883
1987-12-31,9.6852,11.9478,1.2336,12.6183,1.3028,9.9142,1.0236,12.1766,1.2572,10.9992,1.1357,11.6146,1.1992,10.6323,1.0978,8.3423,0.8613,10.9896,1.1347,12.0511,1.2443,9.2196,0.9519,9.4102,0.9716
1988-01-29,21.1924,21.9085,1.0338,23.599,1.1136,24.2174,1.1427,24.4503,1.1537,23.8335,1.1246,25.1634,1.1874,20.7296,0.9782,15.0761,0.7114,22.0599,1.0409,22.9101,1.0811,18.2481,0.8611,22.3813,1.0561
1988-02-29,21.5871,22.2499,1.0307,24.0212,1.1128,24.6241,1.1407,25.0701,1.1613,24.308,1.126,25.6067,1.1862,21.0128,0.9734,15.2085,0.7045,22.4562,1.0403,23.4154,1.0847,18.5454,0.8591,22.8742,1.0596
1988-03-31,21.9673,22.6139,1.0294,24.4174,1.1115,25.0363,1.1397,25.453,1.1587,24.6794,1.1235,26.1215,1.1891,21.4857,0.9781,15.273,0.6953,23.0578,1.0496,23.9924,1.0922,18.7789,0.8549,23.321,1.0616
1988-04-29,22.5147,23.176,1.0294,25.1882,1.1187,25.6752,1.1404,26.0022,1.1549,25.3019,1.1238,26.9362,1.1964,21.9554,0.9752,15.4473,0.6861,23.8033,1.0572,24.5364,1.0898,19.1222,0.8493,23.7187,1.0535
1988-05-31,22.5353,23.1721,1.0283,25.2763,1.1216,25.7395,1.1422,25.985,1.1531,25.3201,1.1236,27.0388,1.1998,21.9487,0.974,15.4228,0.6844,23.8269,1.0573,24.5041,1.0874,19.0803,0.8467,23.759,1.0543
1988-06-30,22.5215,23.0835,1.025,25.285,1.1227,25.7676,1.1441,26.0083,1.1548,25.2869,1.1228,27.0811,1.2025,21.9612,0.9751,15.3382,0.681,23.8057,1.057,24.3953,1.0832,19.0249,0.8447,23.7472,1.0544
1988-07-29,22.57,23.0416,1.0209,25.3413,1.1228,25.8578,1.1457,26.1662,1.1593,25.3833,1.1246,27.1798,1.2042,22.0187,0.9756,15.1193,0.6699,23.8776,1.0579,24.4503,1.0833,18.9602,0.8401,23.7639,1.0529
1988-08-31,22.5603,22.9338,1.0166,25.3369,1.1231,25.8677,1.1466,26.108,1.1573,25.3968,1.1257,27.2052,1.2059,21.9809,0.9743,15.0864,0.6687,23.8049,1.0552,24.4587,1.0842,18.9351,0.8393,23.8129,1.0555
1988-09-30,22.5688,22.851,1.0125,25.3705,1.1241,25.9021,1.1477,26.1933,1.1606,25.405,1.1257,27.2621,1.208,21.9861,0.9742,15.0689,0.6677,23.7961,1.0544,24.3744,1.08,18.9278,0.8387,23.818,1.0554
1988-10-31,22.5084,22.7698,1.0116,25.2535,1.122,25.82,1.1471,26.1322,1.161,25.3592,1.1267,27.1551,1.2064,21.8609,0.9712,15.0374,0.6681,23.6905,1.0525,24.277,1.0786,18.8929,0.8394,23.7179,1.0537
1988-11-30,22.5181,22.7953,1.0123,25.2066,1.1194,25.8731,1.149,26.0412,1.1565,25.4096,1.1284,27.1964,1.2078,21.7761,0.967,14.9216,0.6627,23.729,1.0538,24.2863,1.0785,18.827,0.8361,23.7711,1.0556
1988-12-30,22.3049,22.5486,1.0109,24.9619,1.1191,25.6795,1.1513,25.813,1.1573,25.1537,1.1277,26.9665,1.209,21.5133,0.9645,14.7239,0.6601,23.5467,1.0557,24.004,1.0762,18.6413,0.8357,23.5763,1.057
1989-01-31,16.0881,16.9165,1.0515,18.9087,1.1753,18.2047,1.1316,19.1409,1.1898,18.2239,1.1328,19.9088,1.2375,15.7737,0.9805,10.1833,0.633,17.626,1.0956,18.0032,1.119,13.2395,0.8229,16.7228,1.0394
1989-02-28,15.3954,16.3131,1.0596,18.3252,1.1903,17.531,1.1387,18.2871,1.1878,17.4936,1.1363,19.2959,1.2534,15.2114,0.9881,9.8818,0.6419,16.8341,1.0935,17.1015,1.1108,12.5273,0.8137,15.7433,1.0226
1989-03-31,14.9712,15.9013,1.0621,17.85,1.1923,17.11,1.1429,17.6497,1.1789,17.1662,1.1466,18.8094,1.2564,14.6012,0.9753,9.6564,0.645,16.3356,1.0911,16.5554,1.1058,12.1934,0.8145,15.3373,1.0245
1989-04-28,13.943,14.9165,1.0698,16.3853,1.1752,15.8372,1.1359,16.5549,1.1873,16.0679,1.1524,17.1953,1.2333,14.0018,1.0042,9.2758,0.6653,15.0861,1.082,15.5649,1.1163,11.5635,0.8293,14.3711,1.0307
1989-05-31,13.9915,14.9289,1.067,16.3095,1.1657,15.824,1.131,16.5346,1.1818,16.0427,1.1466,17.1283,1.2242,14.0832,1.0066,9.3104,0.6654,15.0636,1.0766,15.5602,1.1121,11.6531,0.8329,14.3528,1.0258
1989-06-30,13.8189,14.7783,1.0694,15.8955,1.1503,15.6061,1.1293,16.2091,1.173,15.8011,1.1434,17.0887,1.2366,14.0183,1.0144,9.1463,0.6619,14.8477,1.0744,15.3902,1.1137,11.4952,0.8318,14.1901,1.0269
1989-07-31,13.3654,14.3405,1.073,15.2386,1.1402,15.1092,1.1305,15.6467,1.1707,15.2379,1.1401,16.7028,1.2497,13.725,1.0269,8.6804,0.6495,14.4156,1.0786,14.8541,1.1114,11.1034,0.8308,13.9079,1.0406
1989-08-31,13.1977,14.1393,1.0713,15.0776,1.1424,14.9663,1.134,15.5362,1.1772,14.9452,1.1324,16.4517,1.2466,13.6182,1.0319,8.5771,0.6499,14.2464,1.0795,14.6455,1.1097,10.952,0.8298,13.6474,1.0341
1989-09-29,13.1723,14.1435,1.0737,14.9102,1.1319,14.9066,1.1317,15.3729,1.1671,14.818,1.1249,16.4538,1.2491,13.6991,1.04,8.5066,0.6458,14.1434,1.0737,14.8053,1.124,10.9654,0.8325,13.6686,1.0377
1989-10-31,13.121,14.1319,1.077,14.8858,1.1345,14.8309,1.1303,15.445,1.1771,14.6877,1.1194,16.3948,1.2495,13.7527,1.0481,8.4757,0.646,14.0888,1.0738,14.8739,1.1336,10.9415,0.8339,13.6355,1.0392
1989-11-30,12.9776,14.0049,1.0792,14.6282,1.1272,14.6734,1.1307,15.3824,1.1853,14.4686,1.1149,16.09,1.2398,13.7925,1.0628,8.4489,0.651,13.9584,1.0756,14.7075,1.1333,10.7878,0.8313,13.5072,1.0408
1989-12-29,12.9609,13.9725,1.0781,14.6064,1.127,14.6435,1.1298,15.3858,1.1871,14.4212,1.1127,16.0126,1.2355,13.8268,1.0668,8.4056,0.6485,13.8963,1.0722,14.6887,1.1333,10.8776,0.8393,13.5298,1.0439
1990-01-31,10.0072,11.593,1.1585,11.7769,1.1768,10.7416,1.0734,12.2735,1.2265,10.8896,1.0882,12.2234,1.2215,11.3494,1.1341,5.7897,0.5786,10.8393,1.0832,11.8672,1.1859,8.613,0.8607,10.4382,1.0431
1990-02-28,9.5553,11.2371,1.176,11.4651,1.1999,10.305,1.0785,11.7087,1.2254,10.3547,1.0837,11.6831,1.2227,10.9784,1.1489,5.627,0.5889,10.1731,1.0647,11.4036,1.1934,8.2514,0.8635,9.8942,1.0355
1990-03-30,9.0501,10.7347,1.1862,10.836,1.1973,9.6402,1.0652,11.0735,1.2236,9.7413,1.0764,10.9283,1.2075,10.8173,1.1953,5.4929,0.6069,9.5036,1.0501,10.8812,1.2023,8.4704,0.9359,9.4957,1.0492
1990-04-30,9.3733,11.1168,1.186,11.0312,1.1769,9.9045,1.0567,11.3168,1.2073,10.1956,1.0877,10.8198,1.1543,11.5841,1.2359,5.8679,0.626,9.7572,1.041,11.1992,1.1948,8.8255,0.9416,9.8218,1.0478
1990-05-31,9.3575,11.0272,1.1784,10.8935,1.1641,9.8668,1.0544,11.2614,1.2035,10.1026,1.0796,10.8546,1.16,11.7789,1.2588,5.8592,0.6261,9.754,1.0424,11.2263,1.1997,8.8518,0.946,9.7962,1.0469
1990-06-29,9.1992,10.8937,1.1842,10.7074,1.164,9.6979,1.0542,11.0561,1.2019,9.961,1.0828,10.4875,1.14,11.6449,1.2659,5.8122,0.6318,9.6237,1.0461,11.1262,1.2095,8.7594,0.9522,9.6352,1.0474
1990-07-31,9.1088,10.899,1.1965,10.5208,1.155,9.5642,1.05,10.8339,1.1894,9.8681,1.0834,10.4363,1.1457,11.577,1.271,5.8401,0.6412,9.5426,1.0476,10.9886,1.2064,8.842,0.9707,9.5529,1.0488
1990-08-31,9.0298,10.8557,1.2022,10.4407,1.1563,9.4285,1.0442,10.8139,1.1976,9.7856,1.0837,10.4384,1.156,11.455,1.2686,5.7665,0.6386,9.5338,1.0558,10.8457,1.2011,8.8267,0.9775,9.4369,1.0451
1990-09-28,9.0341,10.7921,1.1946,10.5622,1.1691,9.4251,1.0433,10.6738,1.1815,9.8098,1.0859,10.3679,1.1476,11.4197,1.2641,5.8284,0.6452,9.5527,1.0574,10.7845,1.1938,8.8986,0.985,9.4867,1.0501
1990-10-31,9.5562,11.5196,1.2055,11.2268,1.1748,10.152,1.0623,10.8733,1.1378,10.5146,1.1003,11.1853,1.1705,11.856,1.2407,6.1181,0.6402,10.7068,1.1204,11.7473,1.2293,9.3787,0.9814,10.4077,1.0891
1990-11-30,10.3532,12.5963,1.2167,12.0879,1.1676,10.9693,1.0595,11.3656,1.0978,11.5904,1.1195,11.7819,1.138,12.8035,1.2367,6.6337,0.6407,11.9299,1.1523,12.6282,1.2197,10.0059,0.9665,11.2702,1.0886
1990-12-31,10.6512,12.8651,1.2078,12.351,1.1596,11.4822,1.078,11.3792,1.0683,11.8107,1.1089,12.2619,1.1512,12.9617,1.2169,6.7595,0.6346,12.4387,1.1678,13.0072,1.2212,10.844,1.0181,11.5486,1.0843
1991-01-31,10.5076,12.4682,1.1866,12.3987,1.18,11.3638,1.0815,10.7214,1.0203,11.8622,1.1289,12.501,1.1897,12.8021,1.2184,6.6902,0.6367,12.6738,1.2062,12.8005,1.2182,11.3149,1.0768,11.3548,1.0806
1991-02-28,10.6074,12.5232,1.1806,12.5791,1.1859,11.4638,1.0807,10.6517,1.0042,11.9813,1.1295,12.7379,1.2008,12.8735,1.2136,6.7769,0.6389,12.87,1.2133,12.8003,1.2067,11.575,1.0912,11.5532,1.0892
1991-03-28,10.5874,12.5719,1.1874,12.6538,1.1952,11.4616,1.0826,10.6048,1.0016,11.9645,1.1301,12.7751,1.2066,12.7783,1.2069,6.6994,0.6328,12.8702,1.2156,12.7795,1.2071,11.5727,1.0931,11.5751,1.0933
1991-04-30,10.6605,12.6893,1.1903,12.8538,1.2057,11.6169,1.0897,10.4053,0.9761,11.9853,1.1243,13.0766,1.2266,12.8408,1.2045,6.6246,0.6214,13.149,1.2334,13.049,1.224,11.8614,1.1126,11.6488,1.0927
1991-05-31,10.8369,12.9623,1.1961,13.2491,1.2226,11.7991,1.0888,10.5878,0.977,12.2301,1.1286,13.3272,1.2298,12.8799,1.1885,6.7088,0.6191,13.3897,1.2356,13.2487,1.2226,12.1933,1.1252,11.8533,1.0938
1991-06-28,10.8554,12.9518,1.1931,13.4073,1.2351,11.7868,1.0858,10.622,0.9785,12.256,1.129,13.8287,1.2739,12.8405,1.1829,6.7448,0.6213,13.501,1.2437,13.4408,1.2382,12.3186,1.1348,11.8853,1.0949
1991-07-31,10.9425,13.0286,1.1906,14.0083,1.2802,11.874,1.0851,10.6958,0.9775,12.3405,1.1278,13.8996,1.2702,12.7809,1.168,6.7488,0.6168,13.6423,1.2467,13.643,1.2468,12.4079,1.1339,11.9347,1.0907
1991-08-30,10.9813,12.9884,1.1828,14.2004,1.2931,11.9599,1.0891,10.9003,0.9926,12.4286,1.1318,14.2441,1.2971,12.7097,1.1574,6.6828,0.6086,13.714,1.2488,13.7286,1.2502,12.3764,1.127,11.9994,1.0927
1991-09-30,10.9955,12.9142,1.1745,14.5137,1.32,11.9812,1.0896,10.9966,1.0001,12.549,1.1413,14.2241,1.2936,12.6451,1.15,6.7407,0.613,13.7922,1.2543,13.658,1.2421,12.3785,1.1258,12.0267,1.0938
1991-10-31,10.6836,12.4604,1.1663,14.2086,1.33,11.5351,1.0797,10.8006,1.011,12.0771,1.1304,13.9493,1.3057,12.2739,1.1489,6.5501,0.6131,13.2789,1.2429,13.1083,1.227,12.2228,1.1441,11.4227,1.0692
1991-11-29,10.291,11.8453,1.151,14.0662,1.3668,11.1451,1.083,10.3859,1.0092,11.6127,1.1284,13.7172,1.3329,11.6439,1.1315,6.2076,0.6032,12.8315,1.2469,12.6664,1.2308,12.1089,1.1767,11.0727,1.076
1991-12-31,10.0223,11.5714,1.1546,13.8648,1.3834,10.7532,1.0729,10.1954,1.0173,11.3945,1.1369,13.5842,1.3554,11.3736,1.1348,6.1318,0.6118,12.4223,1.2395,12.3957,1.2368,11.4965,1.1471,10.7423,1.0718
1992-01-31,9.1614,10.4957,1.1456,12.9954,1.4185,9.9402,1.085,9.3907,1.025,10.497,1.1458,12.8261,1.4,10.6926,1.1671,5.8018,0.6333,11.7282,1.2802,11.7065,1.2778,10.5609,1.1528,9.7332,1.0624
1992-02-28,9.5882,10.8499,1.1316,13.3048,1.3876,10.1353,1.0571,9.649,1.0063,10.6913,1.1151,13.1437,1.3708,11.0219,1.1495,5.9602,0.6216,12.3289,1.2858,12.5224,1.306,10.763,1.1225,9.9264,1.0353
1992-03-31,9.6132,10.8084,1.1243,13.7132,1.4265,10.2293,1.0641,9.697,1.0087,10.7136,1.1145,13.3355,1.3872,10.9316,1.1372,5.9928,0.6234,12.4453,1.2946,12.4709,1.2973,10.6744,1.1104,10.0377,1.0442
1992-04-30,9.354,10.6244,1.1358,13.7989,1.4752,10.0285,1.0721,9.8042,1.0481,10.3479,1.1063,13.3436,1.4265,10.2125,1.0918,6.0267,0.6443,12.2459,1.3092,12.769,1.3651,10.4383,1.1159,9.8565,1.0537
1992-05-29,9.2167,10.5398,1.1436,13.7994,1.4972,9.8502,1.0687,9.7777,1.0609,10.1338,1.0995,13.1668,1.4286,10.0311,1.0884,5.9442,0.6449,12.0938,1.3122,12.8227,1.3912,10.2017,1.1069,9.7639,1.0594
1992-06-30,9.0953,10.3374,1.1366,13.8162,1.519,9.7223,1.0689,9.7161,1.0682,9.9362,1.0924,12.7885,1.406,9.9076,1.0893,5.8763,0.6461,11.9083,1.3093,12.5883,1.384,10.1366,1.1145,9.6789,1.0642
1992-07-31,9.2391,10.4793,1.1342,13.7841,1.4919,9.8395,1.065,9.9537,1.0773,10.0831,1.0913,13.0613,1.4137,9.9946,1.0818,5.8251,0.6305,12.2076,1.3213,13.0861,1.4164,10.2707,1.1117,10.0381,1.0865
1992-08-31,9.0604,10.3564,1.143,13.7173,1.514,9.6647,1.0667,10.1295,1.118,9.8881,1.0914,12.6542,1.3966,9.833,1.0853,5.7963,0.6397,12.1212,1.3378,13.3002,1.4679,10.1651,1.1219,9.8496,1.0871
1992-09-30,8.9864,10.4206,1.1596,13.8614,1.5425,9.6482,1.0736,10.0309,1.1162,9.8536,1.0965,12.8284,1.4275,9.6728,1.0764,5.689,0.6331,12.1025,1.3468,13.4991,1.5022,10.1532,1.1298,9.78,1.0883
1992-10-30,8.7706,10.0931,1.1508,13.998,1.596,9.3276,1.0635,9.8938,1.1281,9.5911,1.0936,12.8058,1.4601,9.4134,1.0733,5.5571,0.6336,11.7691,1.3419,13.1733,1.502,9.9714,1.1369,9.482,1.0811
1992-11-30,8.2664,9.459,1.1443,13.7168,1.6594,8.8142,1.0663,9.8431,1.1907,8.915,1.0785,12.5613,1.5196,8.7469,1.0581,5.2144,0.6308,11.1598,1.35,12.767,1.5445,9.6272,1.1646,8.9671,1.0848
1992-12-31,8.1126,9.2377,1.1387,13.9878,1.7242,8.6389,1.0649,9.8243,1.211,8.8466,1.0905,12.4092,1.5296,8.5528,1.0543,5.1401,0.6336,10.8691,1.3398,12.9452,1.5957,9.211,1.1354,8.9018,1.0973
1993-01-29,7.9635,9.1341,1.147,14.3291,1.7994,8.4725,1.0639,9.8612,1.2383,8.6921,1.0915,12.2556,1.539,8.4552,1.0617,5.0851,0.6385,10.6604,1.3387,12.917,1.622,8.8035,1.1055,8.7001,1.0925
1993-02-26,7.4266,8.6551,1.1654,13.9711,1.8812,8.0485,1.0837,9.6825,1.3038,8.325,1.121,11.9559,1.6099,7.9084,1.0649,4.8274,0.65,10.017,1.3488,12.4661,1.6786,8.2368,1.1091,8.3675,1.1267
1993-03-31,7.1918,8.3698,1.1638,13.6065,1.8919,7.8142,1.0865,9.4729,1.3172,8.0481,1.1191,11.8623,1.6494,7.7903,1.0832,4.7109,0.655,9.7563,1.3566,12.3979,1.7239,7.941,1.1042,8.1074,1.1273
1993-04-30,7.0333,8.108,1.1528,13.3422,1.897,7.5339,1.0712,9.4019,1.3368,7.9066,1.1242,11.6157,1.6515,7.6192,1.0833,4.6255,0.6577,9.4806,1.3479,12.2602,1.7432,7.7382,1.1002,7.9003,1.1233
1993-05-28,7.2489,8.1172,1.1198,13.5771,1.873,7.7673,1.0715,9.3766,1.2935,8.0941,1.1166,11.9564,1.6494,7.5824,1.046,4.6064,0.6355,9.7832,1.3496,13.5369,1.8674,8.06,1.1119,8.228,1.1351
1993-06-30,7.2542,9.2398,1.2737,13.5294,1.865,7.7533,1.0688,9.2958,1.2814,7.8434,1.0812,11.8051,1.6273,7.7107,1.0629,4.7297,0.652,9.7793,1.3481,13.9776,1.9268,8.0096,1.1041,8.1068,1.1175
1993-07-30,7.1002,9.1245,1.2851,13.247,1.8657,7.5909,1.0691,9.2323,1.3003,7.6539,1.078,11.7757,1.6585,7.5928,1.0694,4.759,0.6703,9.8783,1.3913,14.0914,1.9846,8.3502,1.1761,7.8884,1.111
1993-08-31,7.0697,9.0134,1.2749,13.1892,1.8656,7.496,1.0603,8.8167,1.2471,7.6365,1.0802,11.8412,1.6749,7.6341,1.0798,4.9599,0.7016,9.78,1.3834,13.8685,1.9617,8.615,1.2186,7.8514,1.1106
1993-09-30,6.9085,8.8769,1.2849,12.7453,1.8449,7.2079,1.0433,9.1066,1.3182,7.3566,1.0649,11.5544,1.6725,7.5706,1.0958,4.8903,0.7079,9.5596,1.3837,13.8171,2.0,8.5497,1.2376,7.7944,1.1282
1993-10-29,6.8694,8.824,1.2845,12.6257,1.838,7.1766,1.0447,9.0257,1.3139,7.2823,1.0601,11.5472,1.681,7.6101,1.1078,4.816,0.7011,9.6117,1.3992,13.8318,2.0135,8.5036,1.2379,7.7986,1.1353
1993-11-30,6.6948,8.7997,1.3144,12.4364,1.8576,7.0029,1.046,9.0048,1.345,7.1257,1.0644,11.4289,1.7071,7.6294,1.1396,4.7558,0.7104,9.4506,1.4116,13.9291,2.0806,8.1847,1.2225,7.5663,1.1302
1993-12-31,6.5196,8.6643,1.329,12.1845,1.8689,6.7252,1.0315,9.0955,1.3951,7.0124,1.0756,11.3701,1.744,7.5313,1.1552,4.7069,0.722,9.4367,1.4474,13.7969,2.1162,8.1129,1.2444,7.5791,1.1625
1994-01-31,6.5749,8.6972,1.3228,12.1218,1.8436,6.7152,1.0213,8.8458,1.3454,7.0204,1.0678,11.6972,1.7791,7.8845,1.1992,5.7133,0.869,9.2826,1.4118,13.7506,2.0914,8.4031,1.2781,7.5652,1.1506
1994-02-28,6.3487,8.5117,1.3407,12.1464,1.9132,6.4475,1.0156,8.9646,1.412,6.848,1.0786,11.7397,1.8492,7.7147,1.2152,5.7512,0.9059,9.0634,1.4276,13.4125,2.1126,8.256,1.3004,7.4557,1.1744
1994-03-31,6.2793,8.4079,1.339,11.9838,1.9085,6.3642,1.0135,8.8411,1.408,6.7377,1.073,11.5716,1.8428,7.5838,1.2077,5.7178,0.9106,8.9376,1.4233,13.2146,2.1045,8.1422,1.2967,7.3828,1.1757
1994-04-29,6.1968,8.3062,1.3404,11.8183,1.9071,6.2571,1.0097,8.5871,1.3857,6.8246,1.1013,11.3447,1.8307,7.6461,1.2339,5.7814,0.933,8.8321,1.4253,12.9529,2.0902,8.0425,1.2978,7.271,1.1733
1994-05-31,6.1891,8.2091,1.3264,11.3498,1.8338,6.2601,1.0115,8.4841,1.3708,6.8358,1.1045,11.2731,1.8214,7.6439,1.235,6.1116,0.9875,8.6136,1.3917,11.7662,1.9011,8.0295,1.2973,7.1699,1.1585
1994-06-30,6.4175,7.3066,1.1386,11.8302,1.8434,6.6209,1.0317,8.6677,1.3506,7.206,1.1229,11.481,1.789,7.7842,1.213,6.4997,1.0128,8.5662,1.3348,11.3573,1.7697,8.1076,1.2634,7.6298,1.1889
1994-07-29,6.3728,7.2132,1.1319,12.2267,1.9186,6.7214,1.0547,8.6755,1.3613,7.1779,1.1263,11.6455,1.8274,7.9877,1.2534,6.5974,1.0352,8.4029,1.3186,10.7328,1.6842,7.742,1.2149,7.6751,1.2044
1994-08-31,6.4065,7.2246,1.1277,12.1324,1.8938,6.8061,1.0624,8.5388,1.3328,7.2053,1.1247,11.5622,1.8048,8.1305,1.2691,7.3201,1.1426,8.3869,1.3091,10.4672,1.6338,7.5006,1.1708,7.6611,1.1958
1994-09-30,6.4891,7.1736,1.1055,12.0926,1.8635,6.8906,1.0619,8.2962,1.2785,7.2092,1.111,11.7342,1.8083,8.2452,1.2706,7.4455,1.1474,8.3668,1.2894,10.1392,1.5625,7.5362,1.1614,7.6212,1.1745
1994-10-31,6.4868,7.1028,1.095,12.2207,1.884,6.9137,1.0658,8.147,1.2559,7.2133,1.112,11.6372,1.794,8.2074,1.2652,7.533,1.1613,8.2784,1.2762,9.9921,1.5404,7.528,1.1605,7.5756,1.1679
1994-11-30,6.4838,7.04,1.0858,12.2408,1.8879,6.9437,1.0709,8.017,1.2365,7.1695,1.1058,11.7122,1.8064,8.1032,1.2498,7.6128,1.1741,8.2737,1.2761,9.8383,1.5174,7.4767,1.1531,7.4508,1.1491
1994-12-30,6.586,7.1226,1.0815,12.0668,1.8322,6.9434,1.0543,8.0018,1.215,7.2118,1.095,11.6757,1.7728,8.3087,1.2616,7.767,1.1793,8.2963,1.2597,9.6689,1.4681,7.5308,1.1435,7.5218,1.1421
1995-01-31,6.5508,6.989,1.0669,11.9868,1.8298,7.0174,1.0712,8.1634,1.2462,7.2455,1.106,11.4568,1.7489,8.185,1.2495,7.5595,1.154,8.289,1.2653,9.4448,1.4418,7.3161,1.1168,7.4314,1.1344
1995-02-28,6.6976,7.093,1.059,11.9184,1.7795,7.2715,1.0857,7.9401,1.1855,7.4696,1.1153,11.5794,1.7289,8.1513,1.2171,7.606,1.1356,8.3867,1.2522,9.6416,1.4396,7.4562,1.1133,7.5434,1.1263
1995-03-31,6.8249,7.1551,1.0484,12.1168,1.7754,7.4263,1.0881,7.7964,1.1423,7.5143,1.101,11.7602,1.7231,8.1204,1.1898,7.5861,1.1115,8.5421,1.2516,9.6194,1.4095,7.6637,1.1229,7.6314,1.1182
1995-04-28,6.8055,7.118,1.0459,12.1108,1.7796,7.385,1.0852,7.7727,1.1421,7.4296,1.0917,11.8854,1.7464,7.9845,1.1732,7.5698,1.1123,8.4959,1.2484,9.4955,1.3953,7.6776,1.1282,7.5909,1.1154
1995-05-31,6.5011,6.9337,1.0665,11.8172,1.8177,7.1378,1.0979,7.6488,1.1765,7.0912,1.0908,11.6408,1.7906,7.9333,1.2203,7.4101,1.1398,8.1342,1.2512,8.6189,1.3258,7.3469,1.1301,7.2684,1.118
1995-06-30,6.1573,6.2313,1.012,11.5956,1.8832,6.8864,1.1184,7.3609,1.1955,6.9124,1.1226,11.2697,1.8303,7.8711,1.2783,7.2768,1.1818,7.6859,1.2482,8.0228,1.303,7.1464,1.1606,6.8577,1.1137
1995-07-31,6.0529,6.1744,1.0201,11.2046,1.8511,6.767,1.118,7.1733,1.1851,6.8649,1.1342,11.0485,1.8253,7.6376,1.2618,7.0755,1.169,7.5049,1.2399,7.8731,1.3007,6.8902,1.1383,6.5715,1.0857
1995-08-31,6.0344,6.1138,1.0132,11.4607,1.8992,6.9127,1.1456,7.3226,1.2135,7.0058,1.161,11.2912,1.8711,7.5308,1.248,6.7529,1.1191,7.4672,1.2374,7.9811,1.3226,6.8177,1.1298,6.6201,1.0971
1995-09-29,5.9663,6.0899,1.0207,11.2787,1.8904,6.9078,1.1578,7.2194,1.21,6.8666,1.1509,11.3118,1.8959,7.6617,1.2842,6.7443,1.1304,7.3486,1.2317,7.9329,1.3296,6.8388,1.1462,6.5823,1.1032
1995-10-31,6.1682,6.113,0.991,11.1832,1.813,7.1838,1.1646,7.1723,1.1628,6.9509,1.1269,12.4977,2.0261,7.7404,1.2549,6.6736,1.0819,7.3594,1.1931,8.0405,1.3035,6.9909,1.1334,6.8461,1.1099
1995-11-30,6.1366,6.0,0.9777,10.9403,1.7828,7.1456,1.1644,7.1491,1.165,6.8295,1.1129,12.8666,2.0967,7.7331,1.2602,6.5254,1.0634,7.2958,1.1889,7.8299,1.2759,7.0879,1.155,6.8153,1.1106
1995-12-29,5.9635,5.8756,0.9853,10.7229,1.7981,7.1035,1.1912,7.1563,1.2,6.744,1.1309,13.2377,2.2198,7.5703,1.2695,6.4498,1.0816,7.1205,1.194,7.7087,1.2926,7.0354,1.1797,6.6627,1.1173
1996-01-31,5.9832,5.7194,0.9559,10.4917,1.7535,7.1065,1.1877,7.1021,1.187,6.7473,1.1277,13.6977,2.2893,7.3243,1.2241,6.1286,1.0243,7.2472,1.2112,7.7647,1.2977,7.1378,1.193,6.8335,1.1421
1996-02-29,5.838,5.6463,0.9672,10.2628,1.7579,6.901,1.1821,7.0648,1.2101,6.5401,1.1203,13.9908,2.3965,7.3443,1.258,6.0719,1.0401,6.9736,1.1945,7.5682,1.2964,6.9936,1.1979,6.6951,1.1468
1996-03-29,6.0403,6.1077,1.0112,10.1078,1.6734,6.9484,1.1503,7.5501,1.25,6.6729,1.1047,14.5505,2.4089,7.5802,1.2549,6.127,1.0144,6.9682,1.1536,7.6587,1.2679,7.1399,1.182,6.7423,1.1162
1996-04-30,6.2939,6.3087,1.0024,10.1464,1.6121,7.1231,1.1318,8.0158,1.2736,6.818,1.0833,15.5416,2.4693,7.8507,1.2474,6.0223,0.9569,7.2377,1.15,7.8962,1.2546,7.241,1.1505,6.8314,1.0854
1996-05-31,6.4543,6.4522,0.9997,10.129,1.5693,7.2388,1.1216,8.3456,1.293,6.955,1.0776,15.8509,2.4559,8.3596,1.2952,6.1506,0.9529,7.552,1.1701,8.1979,1.2702,7.4359,1.1521,6.8748,1.0652
1996-06-28,6.7788,7.0379,1.0382,10.1249,1.4936,7.4337,1.0966,8.91,1.3144,7.0155,1.0349,16.082,2.3724,8.7862,1.2961,6.3771,0.9407,7.7426,1.1422,8.6892,1.2818,7.9873,1.1783,6.8809,1.0151
1996-07-31,7.0408,7.4573,1.0592,9.839,1.3974,7.4288,1.0551,9.1173,1.2949,7.1096,1.0098,16.0655,2.2818,9.1475,1.2992,6.569,0.933,7.9574,1.1302,9.2679,1.3163,8.6198,1.2243,6.9059,0.9808
1996-08-30,7.0846,7.6633,1.0817,9.5451,1.3473,7.4205,1.0474,9.3473,1.3194,7.0889,1.0006,15.9349,2.2492,9.1693,1.2943,6.3982,0.9031,7.9365,1.1202,9.2429,1.3046,8.6244,1.2173,6.8929,0.9729
1996-09-30,7.1486,7.7572,1.0851,9.7009,1.357,7.3775,1.032,9.2053,1.2877,7.0873,0.9914,15.953,2.2316,9.1005,1.2731,6.6313,0.9276,7.9334,1.1098,9.2459,1.2934,8.8016,1.2312,6.9045,0.9659
1996-10-31,7.827,8.2137,1.0494,9.9848,1.2757,8.0089,1.0232,9.5509,1.2202,7.5786,0.9683,16.8903,2.158,9.8031,1.2525,6.6755,0.8529,8.8863,1.1353,9.6786,1.2366,9.1897,1.1741,7.9586,1.0168
1996-11-29,7.8515,8.5887,1.0939,9.8282,1.2518,8.0184,1.0213,9.6517,1.2293,7.606,0.9687,16.6518,2.1208,9.7836,1.2461,6.655,0.8476,8.9923,1.1453,9.7011,1.2356,9.1873,1.1701,7.8975,1.0059
1996-12-31,7.8623,8.5495,1.0874,9.6286,1.2247,7.9909,1.0164,9.6506,1.2275,7.6496,0.973,16.5411,2.1039,10.0699,1.2808,6.5789,0.8368,9.0016,1.1449,9.6753,1.2306,9.2316,1.1742,7.8357,0.9966
1997-01-31,7.7749,8.4999,1.0933,9.4669,1.2176,7.8582,1.0107,9.6199,1.2373,7.5551,0.9717,16.3519,2.1032,10.0544,1.2932,6.5169,0.8382,8.9825,1.1553,9.7503,1.2541,9.1209,1.1731,7.6842,0.9883
1997-02-28,7.7308,8.4637,1.0948,9.3094,1.2042,7.8169,1.0111,9.6786,1.252,7.3822,0.9549,16.2267,2.099,10.0871,1.3048,6.4246,0.831,8.9198,1.1538,9.7228,1.2577,9.0763,1.174,7.6179,0.9854
1997-03-31,7.8163,8.5049,1.0881,9.4149,1.2045,7.8283,1.0015,9.6715,1.2374,7.483,0.9574,16.0658,2.0554,10.2419,1.3103,6.5647,0.8399,8.9575,1.146,9.8865,1.2649,9.2677,1.1857,7.7082,0.9862
1997-04-30,7.7674,8.5816,1.1048,9.1014,1.1717,7.822,1.007,9.6885,1.2473,7.5406,0.9708,15.5054,1.9962,10.1784,1.3104,6.5467,0.8428,8.8428,1.1385,9.9648,1.2829,9.2183,1.1868,7.6129,0.9801
1997-05-30,7.9372,8.6547,1.0904,9.015,1.1358,7.8475,0.9887,9.8328,1.2388,7.7516,0.9766,15.9725,2.0124,10.2082,1.2861,6.393,0.8054,8.8007,1.1088,10.3428,1.3031,9.418,1.1866,7.671,0.9665
1997-06-30,8.132,8.8913,1.0934,8.8024,1.0824,7.9919,0.9828,9.7605,1.2002,8.0311,0.9876,16.067,1.9758,10.2238,1.2572,6.0618,0.7454,8.8163,1.0841,10.9945,1.352,10.0527,1.2362,7.711,0.9482
1997-07-31,8.5395,9.5625,1.1198,9.0979,1.0654,8.3263,0.975,10.1384,1.1872,8.5403,1.0001,16.5618,1.9395,10.685,1.2513,6.2019,0.7263,9.0388,1.0585,11.3542,1.3296,10.4087,1.2189,8.0591,0.9438
1997-08-29,8.5725,9.499,1.1081,9.0301,1.0534,8.3055,0.9688,10.0482,1.1721,8.6927,1.014,16.7936,1.959,10.7267,1.2513,6.1009,0.7117,8.9634,1.0456,11.371,1.3264,10.5992,1.2364,7.9858,0.9316
1997-09-30,8.7254,9.8614,1.1302,8.899,1.0199,8.5082,0.9751,10.177,1.1664,9.0228,1.0341,16.7843,1.9236,10.8443,1.2428,5.8959,0.6757,9.03,1.0349,11.7788,1.3499,10.7667,1.2339,7.8895,0.9042
1997-10-31,8.4792,9.7412,1.1488,8.6593,1.0212,8.2016,0.9673,10.5272,1.2415,9.1156,1.0751,15.7453,1.8569,10.8627,1.2811,5.9763,0.7048,8.5738,1.0112,11.7687,1.3879,10.8146,1.2754,7.2137,0.8508
1997-11-28,8.8577,10.1543,1.1464,8.9277,1.0079,8.7963,0.9931,10.9728,1.2388,9.8011,1.1065,15.867,1.7913,11.0624,1.2489,6.1853,0.6983,8.716,0.984,12.3203,1.3909,11.1206,1.2555,7.3088,0.8251
1997-12-31,8.9833,10.3187,1.1487,8.9519,0.9965,8.8995,0.9907,11.1466,1.2408,9.9112,1.1033,15.7647,1.7549,11.0011,1.2246,6.2269,0.6932,8.7624,0.9754,12.456,1.3866,11.2902,1.2568,7.3442,0.8175
1998-01-30,10.9863,11.5477,1.0511,10.7243,0.9762,10.8871,0.991,12.772,1.1625,11.5591,1.0521,17.6845,1.6097,12.5011,1.1379,6.8309,0.6218,10.419,0.9484,14.2284,1.2951,12.8416,1.1689,9.983,0.9087
1998-02-27,11.264,11.6931,1.0381,10.966,0.9735,11.2083,0.9951,12.9962,1.1538,11.7691,1.0448,17.9792,1.5962,12.8526,1.141,6.9734,0.6191,10.6273,0.9435,14.4593,1.2837,13.1305,1.1657,10.1921,0.9048
1998-03-31,11.3188,11.6554,1.0297,11.0802,0.9789,11.361,1.0037,12.9986,1.1484,11.9246,1.0535,18.3263,1.6191,12.9095,1.1405,6.9762,0.6163,10.6302,0.9392,14.4889,1.2801,13.13,1.16,10.229,0.9037
1998-04-30,11.5984,11.8239,1.0194,11.452,0.9874,11.6841,1.0074,14.1241,1.2178,12.1994,1.0518,18.3841,1.5851,12.9996,1.1208,7.0986,0.612,10.8633,0.9366,14.713,1.2685,13.4703,1.1614,10.5773,0.912
1998-05-29,11.5137,11.7162,1.0176,11.5411,1.0024,11.634,1.0104,14.2741,1.2397,12.1258,1.0532,18.0246,1.5655,12.8209,1.1135,7.0057,0.6085,10.8283,0.9405,14.4983,1.2592,13.3372,1.1584,10.5783,0.9188
1998-06-30,11.3056,11.4039,1.0087,11.3945,1.0079,11.5086,1.018,14.1925,1.2553,12.0942,1.0698,18.1621,1.6065,12.5423,1.1094,6.8367,0.6047,10.6666,0.9435,14.0279,1.2408,12.8737,1.1387,10.5456,0.9328
1998-07-31,11.2583,11.0322,0.9799,11.4681,1.0186,11.4524,1.0172,14.0907,1.2516,12.0888,1.0738,18.1144,1.609,12.4506,1.1059,6.7956,0.6036,10.8258,0.9616,13.8204,1.2276,12.9493,1.1502,10.7894,0.9584
1998-08-31,11.2641,10.9828,0.975,11.5447,1.0249,11.4732,1.0186,14.1112,1.2528,12.2237,1.0852,18.1063,1.6074,12.4342,1.1039,6.8654,0.6095,10.9223,0.9696,13.8505,1.2296,12.8909,1.1444,10.9122,0.9688
1998-09-30,11.325,10.9188,0.9641,11.7503,1.0376,11.5857,1.023,14.4618,1.277,12.4619,1.1004,18.2267,1.6094,12.6342,1.1156,6.7742,0.5982,11.0023,0.9715,13.8052,1.219,12.9146,1.1404,11.0772,0.9781
1998-10-30,11.73,11.1482,0.9504,12.083,1.0301,11.9437,1.0182,14.8172,1.2632,12.7173,1.0842,18.0654,1.5401,13.159,1.1218,7.0193,0.5984,11.6746,0.9953,14.4147,1.2289,13.4503,1.1467,11.3216,0.9652
1998-11-30,13.5005,12.4285,0.9206,14.2191,1.0532,13.1829,0.9765,15.2365,1.1286,13.6059,1.0078,20.2757,1.5018,14.4599,1.0711,7.2352,0.5359,14.3182,1.0606,16.4528,1.2187,15.4315,1.143,13.6152,1.0085
1998-12-31,14.4276,12.9814,0.8998,16.0212,1.1105,14.2444,0.9873,15.8444,1.0982,14.7542,1.0226,21.4833,1.489,15.0513,1.0432,7.5344,0.5222,15.6194,1.0826,17.0765,1.1836,17.0892,1.1845,14.4705,1.003
1999-01-29,14.0192,12.5208,0.8931,16.0479,1.1447,13.9357,0.994,15.5498,1.1092,14.4943,1.0339,21.2304,1.5144,14.6204,1.0429,8.4703,0.6042,15.6513,1.1164,16.6139,1.1851,17.2178,1.2282,14.4741,1.0325
1999-02-26,14.0585,12.5131,0.8901,16.0917,1.1446,13.9019,0.9889,15.729,1.1188,14.5406,1.0343,21.2792,1.5136,14.6532,1.0423,8.5221,0.6062,15.7938,1.1234,16.5967,1.1805,17.3352,1.2331,14.4912,1.0308
1999-03-31,14.2687,12.6518,0.8867,16.2321,1.1376,14.0451,0.9843,15.8411,1.1102,14.7132,1.0312,21.4448,1.5029,14.8563,1.0412,8.4795,0.5943,16.1474,1.1317,16.913,1.1853,17.4932,1.226,14.6721,1.0283
1999-04-30,14.3567,12.7633,0.889,16.4676,1.147,14.0352,0.9776,15.3299,1.0678,14.7006,1.0239,21.8052,1.5188,15.3997,1.0726,8.6506,0.6025,16.1815,1.1271,16.9526,1.1808,17.592,1.2254,14.6933,1.0234
1999-05-28,14.647,12.7757,0.8722,16.5567,1.1304,14.1183,0.9639,15.3365,1.0471,14.6855,1.0026,22.6322,1.5452,15.7932,1.0783,8.8932,0.6072,16.465,1.1241,17.0849,1.1664,17.8428,1.2182,14.7443,1.0066
1999-06-30,14.8288,12.9685,0.8746,16.7867,1.132,14.3206,0.9657,15.5864,1.0511,14.7286,0.9932,22.9045,1.5446,15.8461,1.0686,9.2052,0.6208,16.6504,1.1228,17.09,1.1525,17.7478,1.1968,14.8629,1.0023
1999-07-30,14.9228,12.9119,0.8652,16.9774,1.1377,14.3899,0.9643,16.1504,1.0823,14.9085,0.999,23.451,1.5715,16.0566,1.076,9.3461,0.6263,17.1828,1.1514,18.2132,1.2205,17.7469,1.1892,14.7704,0.9898
1999-08-31,15.1865,12.8929,0.849,17.2271,1.1344,14.5024,0.9549,16.7273,1.1015,14.8824,0.98,23.8705,1.5718,16.2744,1.0716,9.5311,0.6276,17.3684,1.1437,18.5582,1.222,18.0362,1.1876,14.9096,0.9818
1999-09-30,15.1875,12.6943,0.8358,17.2006,1.1326,14.3928,0.9477,16.7951,1.1059,14.688,0.9671,24.1284,1.5887,16.2231,1.0682,9.6805,0.6374,17.379,1.1443,18.5802,1.2234,17.9811,1.1839,14.9362,0.9835
1999-10-29,15.0338,12.3896,0.8241,17.1277,1.1393,14.1032,0.9381,16.5731,1.1024,14.5581,0.9684,24.4031,1.6232,15.8844,1.0566,9.56,0.6359,17.2383,1.1466,18.2824,1.2161,17.7164,1.1784,14.7974,0.9843
1999-11-30,14.1743,11.3982,0.8041,16.28,1.1486,13.3027,0.9385,16.1163,1.137,13.9165,0.9818,23.4875,1.6571,15.6407,1.1035,9.4925,0.6697,16.2191,1.1443,17.3208,1.222,17.1151,1.2075,13.6275,0.9614
1999-12-31,13.5528,11.0585,0.816,15.1685,1.1192,12.5747,0.9278,15.9965,1.1803,13.0916,0.966,23.0258,1.699,15.3498,1.1326,9.5199,0.7024,15.4558,1.1404,16.922,1.2486,15.8173,1.1671,12.8463,0.9479
2000-01-31,13.2801,11.0771,0.8341,14.6282,1.1015,12.242,0.9218,15.8203,1.1913,12.854,0.9679,22.3668,1.6842,15.1992,1.1445,8.9535,0.6742,15.3366,1.1549,16.9592,1.277,15.7897,1.189,12.0405,0.9067
2000-02-29,13.1932,11.0912,0.8407,14.5143,1.1001,12.1149,0.9183,15.9816,1.2113,12.6902,0.9619,22.3968,1.6976,15.2341,1.1547,9.0848,0.6886,15.3251,1.1616,16.7801,1.2719,15.7837,1.1963,11.9551,0.9062
2000-03-31,13.4037,11.1818,0.8342,14.577,1.0875,12.339,0.9206,16.23,1.2109,12.8819,0.9611,22.5477,1.6822,15.5233,1.1581,9.3327,0.6963,15.6054,1.1643,17.2484,1.2868,16.291,1.2154,11.9933,0.8948
2000-04-28,13.585,11.391,0.8385,14.6384,1.0775,12.7108,0.9356,16.392,1.2066,13.6338,1.0036,23.0109,1.6938,15.6275,1.1503,9.5257,0.7012,16.0301,1.18,17.6386,1.2984,16.6102,1.2227,12.2156,0.8992
2000-05-31,13.7706,11.6551,0.8464,14.6435,1.0634,13.3506,0.9695,16.8397,1.2229,14.3573,1.0426,22.9065,1.6634,15.982,1.1606,9.9995,0.7261,16.6451,1.2087,17.8977,1.2997,16.6414,1.2085,12.4558,0.9045
2000-06-30,14.1526,11.9106,0.8416,14.9446,1.056,13.9443,0.9853,17.2169,1.2165,19.2672,1.3614,24.0266,1.6977,16.1303,1.1397,10.2659,0.7254,17.2681,1.2201,19.3451,1.3669,17.3989,1.2294,12.6574,0.8943
2000-07-31,15.687,12.2524,0.7811,15.6984,1.0007,14.814,0.9443,17.2718,1.101,20.3491,1.2972,26.4844,1.6883,17.5635,1.1196,10.7197,0.6833,18.5559,1.1829,19.1121,1.2183,18.6113,1.1864,13.7846,0.8787
2000-08-31,16.1643,12.4158,0.7681,16.2992,1.0083,15.2668,0.9445,17.2787,1.0689,20.2691,1.2539,27.8637,1.7238,18.1993,1.1259,11.1215,0.688,18.7635,1.1608,18.9432,1.1719,19.0624,1.1793,13.9062,0.8603
2000-09-29,16.1539,12.424,0.7691,16.4846,1.0205,15.3246,0.9487,17.5328,1.0854,20.2677,1.2547,28.0806,1.7383,18.0563,1.1178,11.5947,0.7178,18.7946,1.1635,19.1733,1.1869,19.3196,1.196,13.8711,0.8587
2000-10-31,16.2608,12.4726,0.767,16.4017,1.0087,15.443,0.9497,17.5627,1.0801,20.2532,1.2455,28.5264,1.7543,18.3032,1.1256,11.8639,0.7296,18.9035,1.1625,19.5002,1.1992,19.5788,1.204,14.0849,0.8662
2000-11-30,15.6082,11.9329,0.7645,15.9157,1.0197,14.9613,0.9586,17.5501,1.1244,19.9228,1.2764,27.9467,1.7905,17.8884,1.1461,11.9176,0.7636,18.4879,1.1845,19.1601,1.2276,18.8427,1.2072,13.3148,0.8531
2000-12-29,15.2748,11.8656,0.7768,15.51,1.0154,14.7001,0.9624,17.4867,1.1448,19.8622,1.3003,27.9885,1.8323,17.8699,1.1699,12.567,0.8227,18.2829,1.1969,18.9941,1.2435,18.5214,1.2125,12.9708,0.8492
2001-01-31,15.4924,11.7119,0.756,15.7169,1.0145,14.9433,0.9646,17.7688,1.1469,19.6891,1.2709,28.9073,1.8659,18.6167,1.2017,12.603,0.8135,18.8596,1.2173,18.6907,1.2064,18.8787,1.2186,13.8112,0.8915
2001-02-28,15.7669,11.7057,0.7424,16.405,1.0405,15.0218,0.9527,17.7838,1.1279,19.7023,1.2496,30.094,1.9087,18.6693,1.1841,12.6206,0.8004,19.1796,1.2164,19.0041,1.2053,18.8322,1.1944,14.2564,0.9042
2001-03-30,16.4001,11.9466,0.7284,16.8373,1.0267,15.5347,0.9472,18.256,1.1132,19.8613,1.211,32.2159,1.9644,19.5863,1.1943,13.2096,0.8055,19.279,1.1755,18.8488,1.1493,18.9512,1.1556,15.8575,0.9669
2001-04-30,16.2924,11.7964,0.724,16.8937,1.0369,15.3645,0.943,18.2779,1.1219,19.6807,1.208,32.4653,1.9927,19.7453,1.2119,14.6486,0.8991,19.3613,1.1884,18.9648,1.164,18.6991,1.1477,15.9532,0.9792
2001-05-31,16.1089,11.6521,0.7233,17.0959,1.0613,14.9496,0.928,17.7768,1.1035,16.6774,1.0353,33.0658,2.0526,19.9061,1.2357,14.4842,0.8991,19.1385,1.1881,18.3442,1.1388,18.5229,1.1499,16.0029,0.9934
2001-06-29,16.8263,11.7073,0.6958,17.3973,1.0339,15.3241,0.9107,17.8152,1.0588,16.5555,0.9839,34.3544,2.0417,20.774,1.2346,14.6918,0.8731,19.2111,1.1417,18.4143,1.0944,19.0579,1.1326,17.407,1.0345
2001-07-31,16.3696,11.5,0.7025,17.0552,1.0419,15.0818,0.9213,17.8124,1.0881,15.3127,0.9354,34.6137,2.1145,20.4083,1.2467,14.8685,0.9083,18.2586,1.1154,17.9437,1.0962,18.4842,1.1292,17.3803,1.0617
2001-08-31,16.0766,11.3005,0.7029,16.5707,1.0307,14.9656,0.9309,17.6643,1.0988,15.2552,0.9489,34.3261,2.1352,20.0511,1.2472,14.6665,0.9123,18.0576,1.1232,17.8386,1.1096,17.9495,1.1165,17.3993,1.0823
2001-09-28,15.9948,11.3003,0.7065,16.5007,1.0316,14.97,0.9359,17.5518,1.0973,15.1888,0.9496,34.2227,2.1396,20.0518,1.2536,14.8552,0.9287,17.9748,1.1238,17.6762,1.1051,17.712,1.1074,17.3916,1.0873
2001-10-31,16.0329,11.3018,0.7049,16.574,1.0337,15.052,0.9388,17.2881,1.0783,15.1453,0.9446,34.3853,2.1447,20.0175,1.2485,15.3214,0.9556,17.9108,1.1171,17.4651,1.0893,17.5234,1.093,17.4806,1.0903
2001-11-30,15.9347,11.2274,0.7046,16.8245,1.0558,14.9953,0.9411,17.1382,1.0755,15.1479,0.9506,34.2105,2.1469,19.8312,1.2445,15.4574,0.97,17.6114,1.1052,17.0692,1.0712,17.0909,1.0726,17.5023,1.0984
2001-12-31,16.7746,11.3654,0.6775,20.579,1.2268,17.1372,1.0216,17.6554,1.0525,16.0405,0.9562,34.8769,2.0791,20.1323,1.2002,15.2951,0.9118,18.8029,1.1209,17.1615,1.0231,17.7808,1.06,20.2033,1.2044
2002-01-31,16.6405,11.1909,0.6725,20.5816,1.2368,17.1459,1.0304,17.645,1.0604,15.9444,0.9582,35.069,2.1075,19.4816,1.1707,15.3021,0.9196,18.3174,1.1008,16.8672,1.0136,17.0833,1.0266,20.1317,1.2098
2002-02-28,16.4932,11.0975,0.6729,20.5625,1.2467,17.1369,1.039,18.2509,1.1066,15.9987,0.97,34.6779,2.1026,19.257,1.1676,15.5054,0.9401,18.0517,1.0945,16.5361,1.0026,17.0253,1.0323,20.1726,1.2231
2002-03-28,16.158,10.8023,0.6685,20.3143,1.2572,16.908,1.0464,18.0133,1.1148,15.6562,0.9689,33.7355,2.0879,18.5582,1.1485,15.6921,0.9712,17.9268,1.1095,16.2293,1.0044,16.8065,1.0401,19.9225,1.233
2002-04-30,15.6981,10.2479,0.6528,19.9813,1.2729,16.7624,1.0678,17.6404,1.1237,15.3476,0.9777,32.5498,2.0735,18.0087,1.1472,14.4699,0.9218,17.4455,1.1113,15.1602,0.9657,16.436,1.047,19.3935,1.2354
2002-05-31,15.7813,10.0546,0.6371,20.1065,1.2741,16.85,1.0677,17.5764,1.1137,15.3484,0.9726,32.1025,2.0342,18.1608,1.1508,14.5139,0.9197,16.9642,1.075,15.2164,0.9642,16.5794,1.0506,19.6144,1.2429
2002-06-28,14.9528,9.5132,0.6362,19.7717,1.3223,16.1841,1.0823,17.2268,1.1521,13.0953,0.8758,30.6317,2.0486,17.1167,1.1447,14.0753,0.9413,16.3189,1.0914,13.9569,0.9334,15.4887,1.0358,18.7746,1.2556
2002-07-31,14.0154,8.9975,0.642,19.371,1.3821,15.7031,1.1204,17.1396,1.2229,12.325,0.8794,28.5837,2.0395,17.403,1.2417,13.7101,0.9782,15.6063,1.1135,13.3139,0.9499,14.5788,1.0402,18.5217,1.3215
2002-08-30,14.0031,9.1029,0.6501,19.1432,1.3671,15.5966,1.1138,17.0206,1.2155,12.3972,0.8853,28.3198,2.0224,17.3252,1.2372,14.1221,1.0085,15.5933,1.1136,13.7079,0.9789,14.5468,1.0388,18.6953,1.3351
2002-09-30,14.3082,9.2364,0.6455,19.3346,1.3513,15.7379,1.0999,16.882,1.1799,12.6762,0.8859,28.5934,1.9984,18.1808,1.2707,13.8888,0.9707,15.8815,1.11,14.5967,1.0202,14.6439,1.0235,19.0179,1.3292
2002-10-31,15.6112,11.1407,0.7136,20.3708,1.3049,16.6025,1.0635,19.3416,1.239,14.0414,0.8994,29.1983,1.8703,20.8065,1.3328,16.8883,1.0818,16.8656,1.0804,16.8613,1.0801,16.1964,1.0375,20.2946,1.3
2002-11-29,16.2756,11.3307,0.6962,20.6222,1.2671,16.9997,1.0445,19.9768,1.2274,14.3736,0.8831,29.6544,1.822,22.1044,1.3581,17.2131,1.0576,17.1723,1.0551,17.5871,1.0806,16.9471,1.0413,20.811,1.2787
2002-12-31,16.3231,11.8446,0.7256,18.9208,1.1591,16.1937,0.9921,20.1436,1.2341,14.2702,0.8742,29.1788,1.7876,22.4619,1.3761,17.7745,1.0889,17.0301,1.0433,17.7826,1.0894,17.1531,1.0508,19.8685,1.2172
2003-01-31,16.6943,12.2346,0.7329,19.5977,1.1739,16.532,0.9903,20.2372,1.2122,14.8102,0.8871,29.5383,1.7694,23.1588,1.3872,19.3333,1.1581,17.2934,1.0359,17.9489,1.0752,17.5672,1.0523,20.2273,1.2116
2003-02-28,16.8366,12.4451,0.7392,19.7717,1.1743,16.899,1.0037,19.8353,1.1781,14.9453,0.8877,29.5412,1.7546,23.5027,1.3959,19.659,1.1676,17.313,1.0283,17.9194,1.0643,17.7672,1.0553,20.3463,1.2085
2003-03-31,16.6931,12.4325,0.7448,19.9795,1.1969,16.8447,1.0091,19.455,1.1655,14.8994,0.8925,28.8481,1.7281,23.5165,1.4088,19.6239,1.1756,17.3749,1.0408,17.9026,1.0725,17.7183,1.0614,20.2225,1.2114
2003-04-30,16.6849,12.438,0.7455,20.1057,1.205,16.8161,1.0079,19.6008,1.1748,14.934,0.8951,28.4734,1.7065,23.6738,1.4189,19.4644,1.1666,17.2926,1.0364,17.826,1.0684,17.6013,1.0549,20.0454,1.2014
2003-05-30,16.5721,12.4474,0.7511,20.0106,1.2075,16.5431,0.9983,19.4974,1.1765,14.7811,0.8919,27.8719,1.6819,23.4315,1.4139,19.5008,1.1767,17.1199,1.0331,17.7713,1.0724,17.455,1.0533,19.9064,1.2012
2003-06-30,16.8247,12.7889,0.7601,20.4209,1.2137,16.8271,1.0001,19.4436,1.1557,15.0035,0.8918,27.4396,1.6309,24.0155,1.4274,19.5422,1.1615,17.5963,1.0459,17.9009,1.064,17.6248,1.0476,20.1746,1.1991
2003-07-31,16.7268,12.9266,0.7728,20.5053,1.2259,16.7492,1.0013,19.0764,1.1405,14.9291,0.8925,26.8452,1.6049,23.7539,1.4201,19.5222,1.1671,17.7016,1.0583,17.8462,1.0669,17.6494,1.0552,19.917,1.1907
2003-08-29,16.7363,13.0891,0.7821,20.6339,1.2329,16.8483,1.0067,18.9949,1.135,14.8754,0.8888,26.3344,1.5735,23.8475,1.4249,19.5773,1.1698,17.8259,1.0651,17.8196,1.0647,17.788,1.0628,19.8142,1.1839
2003-09-30,16.651,13.0596,0.7843,20.6337,1.2392,16.8422,1.0115,18.7669,1.1271,14.6705,0.8811,25.7249,1.5449,23.5796,1.4161,19.4308,1.1669,17.7178,1.0641,17.3613,1.0427,17.8071,1.0694,19.7072,1.1835
2003-10-31,15.6076,12.0036,0.7691,19.854,1.2721,16.0362,1.0275,16.6109,1.0643,13.6994,0.8777,24.3091,1.5575,21.9327,1.4053,17.4355,1.1171,16.9555,1.0864,15.5734,0.9978,16.8034,1.0766,18.5258,1.187
2003-11-28,15.185,11.912,0.7845,19.5932,1.2903,15.8282,1.0424,16.0616,1.0577,13.4873,0.8882,23.7068,1.5612,21.1574,1.3933,17.128,1.128,16.7631,1.1039,14.8867,0.9804,16.4262,1.0817,18.1648,1.1962
2003-12-31,14.3769,11.2861,0.785,17.7221,1.2327,14.6677,1.0202,15.1011,1.0504,12.4291,0.8645,23.0107,1.6005,20.3175,1.4132,16.3468,1.137,15.58,1.0837,14.2178,0.9889,15.3254,1.066,16.4654,1.1453
2004-01-30,13.7877,10.7757,0.7815,16.7663,1.216,13.9338,1.0106,14.3804,1.043,11.5843,0.8402,21.8315,1.5834,19.6969,1.4286,14.5412,1.0547,14.8778,1.0791,14.144,1.0258,14.5752,1.0571,15.7275,1.1407
2004-02-27,13.4544,10.5643,0.7852,16.3215,1.2131,13.6069,1.0113,13.7148,1.0194,11.3373,0.8426,21.2001,1.5757,19.1738,1.4251,13.8969,1.0329,14.5122,1.0786,14.1054,1.0484,14.1998,1.0554,15.2696,1.1349
2004-03-31,13.1663,10.4167,0.7912,15.9023,1.2078,13.3114,1.011,13.5914,1.0323,11.1464,0.8466,20.4571,1.5537,18.6366,1.4155,13.5672,1.0304,14.0908,1.0702,13.9981,1.0632,13.9184,1.0571,14.8395,1.1271
2004-04-30,12.7236,10.1081,0.7944,15.4709,1.2159,12.8353,1.0088,12.8121,1.007,10.7107,0.8418,19.7667,1.5535,18.0285,1.4169,12.9072,1.0144,13.8826,1.0911,13.7294,1.0791,13.3992,1.0531,14.2994,1.1238
2004-05-28,12.4152,9.7589,0.786,14.8662,1.1974,12.5965,1.0146,12.7289,1.0253,10.3717,0.8354,19.3449,1.5582,17.5489,1.4135,12.4294,1.0011,13.6343,1.0982,13.4764,1.0855,13.0193,1.0487,13.9647,1.1248
2004-06-30,12.0688,9.3538,0.775,14.6714,1.2156,12.3848,1.0262,12.8358,1.0635,10.1357,0.8398,19.0114,1.5753,16.8018,1.3922,12.2293,1.0133,13.0913,1.0847,13.2515,1.098,12.5052,1.0362,13.499,1.1185
2004-07-30,11.9568,8.9415,0.7478,14.5746,1.2189,12.3845,1.0358,12.9296,1.0814,10.12,0.8464,18.8158,1.5737,16.0839,1.3452,12.2865,1.0276,12.9097,1.0797,13.1044,1.096,12.3744,1.0349,13.2265,1.1062
2004-08-31,11.7523,8.9095,0.7581,14.797,1.2591,12.3607,1.0518,13.1717,1.1208,10.2225,0.8698,18.2583,1.5536,15.7704,1.3419,12.1777,1.0362,12.7535,1.0852,12.7079,1.0813,12.3093,1.0474,13.0796,1.1129
2004-09-30,11.4209,8.6934,0.7612,14.6126,1.2795,12.2199,1.07,13.3238,1.1666,10.0311,0.8783,17.7854,1.5573,15.191,1.3301,12.0993,1.0594,12.4526,1.0903,11.9434,1.0457,11.885,1.0406,12.7498,1.1164
2004-10-29,10.6849,8.1198,0.7599,14.0552,1.3154,11.7969,1.1041,12.195,1.1413,9.5502,0.8938,17.02,1.5929,13.5851,1.2714,10.6948,1.0009,11.9429,1.1177,10.8693,1.0173,11.0092,1.0304,11.9537,1.1187
2004-11-30,10.4206,8.0518,0.7727,13.9105,1.3349,11.7374,1.1264,12.0967,1.1608,9.5513,0.9166,16.845,1.6165,12.9096,1.2388,10.4131,0.9993,11.7769,1.1301,10.5897,1.0162,10.6851,1.0254,11.6044,1.1136
2004-12-31,9.8306,7.8203,0.7955,13.2958,1.3525,11.1597,1.1352,11.8248,1.2028,9.1844,0.9343,16.1177,1.6395,12.2219,1.2432,9.8213,0.9991,11.0077,1.1197,10.1978,1.0374,9.9971,1.0169,10.8045,1.0991
2005-01-31,9.5413,7.6413,0.8009,12.9784,1.3602,10.8012,1.132,11.7391,1.2303,8.8821,0.9309,15.5667,1.6315,11.8349,1.2404,9.0092,0.9442,10.6036,1.1113,10.2057,1.0696,9.8684,1.0343,10.4048,1.0905
2005-02-28,9.384,7.5787,0.8076,12.779,1.3618,10.6079,1.1304,11.9186,1.2701,8.8226,0.9402,15.2395,1.624,11.4988,1.2254,8.7273,0.93,10.5888,1.1284,9.9564,1.061,9.7301,1.0369,10.1537,1.082
2005-03-31,9.201,7.5571,0.8213,12.3905,1.3466,10.4248,1.133,12.3435,1.3415,8.7069,0.9463,14.6812,1.5956,11.0057,1.1961,8.7842,0.9547,10.1832,1.1067,10.083,1.0959,9.5528,1.0382,9.9429,1.0806
2005-04-29,8.955,7.4264,0.8293,12.1712,1.3591,10.2359,1.143,12.1761,1.3597,8.7081,0.9724,14.1673,1.5821,10.3002,1.1502,8.4981,0.949,9.9663,1.1129,10.0103,1.1178,9.2444,1.0323,9.603,1.0724
2005-05-31,8.928,7.3926,0.828,11.9336,1.3366,10.3034,1.1541,12.5266,1.4031,8.8261,0.9886,14.0116,1.5694,9.8529,1.1036,8.5431,0.9569,9.9016,1.1091,10.1017,1.1315,9.219,1.0326,9.5163,1.0659
2005-06-30,8.3627,6.9049,0.8257,11.4937,1.3744,9.7395,1.1646,12.7827,1.5285,8.5192,1.0187,13.3373,1.5949,8.8683,1.0605,8.6964,1.0399,9.3624,1.1196,9.6931,1.1591,8.8059,1.053,8.796,1.0518
2005-07-29,8.4846,6.9307,0.8169,12.0864,1.4245,10.088,1.189,13.7613,1.6219,8.8823,1.0469,13.294,1.5668,8.812,1.0386,8.8556,1.0437,9.4782,1.1171,9.5725,1.1282,8.8251,1.0401,8.9497,1.0548
2005-08-31,8.288,6.7234,0.8112,11.8644,1.4315,9.8868,1.1929,14.1848,1.7115,8.8361,1.0661,13.091,1.5795,8.3013,1.0016,8.5343,1.0297,9.2854,1.1204,9.3166,1.1241,8.5481,1.0314,8.7494,1.0557
2005-09-30,8.1586,6.719,0.8235,11.7946,1.4457,9.7713,1.1977,14.4991,1.7772,8.8918,1.0899,12.6484,1.5503,8.0379,0.9852,8.5933,1.0533,9.2342,1.1318,9.1324,1.1194,8.4306,1.0333,8.6267,1.0574
2005-10-31,7.9526,6.6234,0.8329,11.7852,1.4819,9.5973,1.2068,14.5189,1.8257,8.8602,1.1141,12.0613,1.5167,7.6794,0.9656,8.6375,1.0861,9.0397,1.1367,8.9442,1.1247,8.3215,1.0464,8.4539,1.063
2005-11-30,7.8501,6.5209,0.8307,11.5266,1.4683,9.5252,1.2134,14.8527,1.892,8.7545,1.1152,11.5655,1.4733,7.5548,0.9624,8.8566,1.1282,9.1219,1.162,8.7662,1.1167,8.2223,1.0474,8.29,1.056
2005-12-30,7.7448,6.5619,0.8473,11.733,1.5149,9.4372,1.2185,15.4466,1.9945,8.8943,1.1484,11.0546,1.4274,7.3063,0.9434,9.4102,1.215,9.2387,1.1929,8.4602,1.0924,8.1306,1.0498,8.2181,1.0611
2006-01-31,7.854,6.6124,0.8419,12.0772,1.5377,9.539,1.2145,16.7507,2.1327,8.8857,1.1314,10.8832,1.3857,7.3494,0.9357,10.3097,1.3127,9.441,1.2021,8.3873,1.0679,7.9784,1.0158,8.3121,1.0583
2006-02-28,7.8143,6.5371,0.8365,12.0842,1.5464,9.4746,1.2125,17.0804,2.1858,8.8383,1.131,10.6674,1.3651,7.3333,0.9384,10.2531,1.3121,9.4093,1.2041,8.3033,1.0626,8.0211,1.0265,8.3367,1.0669
2006-03-31,7.748,6.4846,0.8369,11.9379,1.5408,9.438,1.2181,17.24,2.2251,8.8363,1.1405,10.4688,1.3512,7.2248,0.9325,10.2702,1.3255,9.3372,1.2051,8.1798,1.0557,7.9985,1.0323,8.2346,1.0628
2006-04-28,7.7796,6.5034,0.836,12.1295,1.5591,9.5095,1.2224,17.3661,2.2322,8.8334,1.1354,10.5642,1.3579,7.2011,0.9256,10.2762,1.3209,9.3223,1.1983,8.0417,1.0337,8.062,1.0363,8.2811,1.0645
2006-05-31,7.7281,6.4082,0.8292,12.0242,1.5559,9.5011,1.2294,17.4997,2.2644,8.7007,1.1258,10.4971,1.3583,7.1135,0.9205,10.2282,1.3235,9.2047,1.1911,7.9425,1.0277,8.0049,1.0358,8.2725,1.0704
2006-06-30,7.564,6.3072,0.8338,11.6541,1.5407,9.3786,1.2399,17.4004,2.3004,8.4717,1.12,10.3164,1.3639,6.8702,0.9083,10.1193,1.3378,9.1028,1.2034,7.6865,1.0162,7.8172,1.0335,8.0648,1.0662
2006-07-31,7.1994,6.1262,0.8509,11.0017,1.5281,9.0014,1.2503,16.9918,2.3602,8.0764,1.1218,9.8371,1.3664,6.6503,0.9237,10.0813,1.4003,8.7366,1.2135,7.5571,1.0497,7.5474,1.0483,7.6358,1.0606
2006-08-31,7.5391,6.3052,0.8363,11.142,1.4779,9.7278,1.2903,17.2474,2.2877,8.1826,1.0854,10.1169,1.3419,7.0295,0.9324,10.1892,1.3515,8.8832,1.1783,7.8618,1.0428,7.8108,1.036,7.7606,1.0294
2006-09-29,7.7437,6.3674,0.8223,11.1223,1.4363,10.0938,1.3035,17.6399,2.278,8.2716,1.0682,10.2791,1.3274,7.1196,0.9194,10.2374,1.322,8.9515,1.156,7.9835,1.031,8.0925,1.045,7.9158,1.0222
2006-10-31,7.8358,6.3016,0.8042,11.3572,1.4494,10.6398,1.3578,17.7347,2.2633,8.4175,1.0742,10.3916,1.3262,7.4461,0.9503,10.0816,1.2866,9.1851,1.1722,7.8701,1.0044,8.1867,1.0448,8.3024,1.0595
2006-11-30,7.7978,6.2229,0.798,11.4184,1.4643,10.6591,1.3669,17.604,2.2576,8.3214,1.0671,10.3924,1.3327,7.4287,0.9527,10.0232,1.2854,9.1309,1.171,7.768,0.9962,8.138,1.0436,8.355,1.0715
2006-12-29,7.7025,6.0147,0.7809,11.2879,1.4655,10.6392,1.3813,17.7123,2.2996,8.0402,1.0438,10.3955,1.3496,7.4519,0.9675,9.6641,1.2547,9.1352,1.186,7.6497,0.9932,8.0877,1.05,8.3182,1.0799
2007-01-31,7.4852,5.8366,0.7797,10.7634,1.438,10.5607,1.4109,16.9859,2.2693,7.9185,1.0579,10.2712,1.3722,7.3322,0.9796,8.8528,1.1827,8.9854,1.2004,7.1923,0.9609,7.8298,1.046,8.1606,1.0902
2007-02-28,7.5223,5.8518,0.7779,10.8093,1.437,10.6424,1.4148,16.8815,2.2442,7.9274,1.0538,10.37,1.3786,7.3923,0.9827,8.7849,1.1678,8.9249,1.1865,7.4325,0.9881,7.817,1.0392,8.1469,1.083
2007-03-30,7.4469,5.797,0.7784,10.813,1.452,10.5305,1.4141,16.8791,2.2666,7.8277,1.0511,10.3048,1.3838,7.4368,0.9986,8.6252,1.1582,8.8819,1.1927,7.2069,0.9678,7.7993,1.0473,8.117,1.09
2007-04-30,7.3696,5.7416,0.7791,10.5767,1.4352,10.5116,1.4263,16.9518,2.3002,7.7642,1.0535,10.1121,1.3721,7.4382,1.0093,8.6228,1.1701,8.8936,1.2068,7.0912,0.9622,7.73,1.0489,8.0577,1.0934
2007-05-31,7.8456,6.2149,0.7921,11.0943,1.4141,10.8369,1.3813,16.7741,2.138,8.3523,1.0646,10.5028,1.3387,8.2386,1.0501,8.831,1.1256,9.2635,1.1807,7.2218,0.9205,8.2667,1.0537,8.3911,1.0695
2007-06-29,8.0393,6.4459,0.8018,11.1567,1.3878,10.9637,1.3638,16.742,2.0825,8.5487,1.0634,10.6239,1.3215,8.386,1.0431,8.8068,1.0955,9.4617,1.1769,7.2893,0.9067,8.6105,1.071,8.4996,1.0573
2007-07-31,7.9354,6.3378,0.7987,10.8906,1.3724,10.7695,1.3571,16.2975,2.0538,8.344,1.0515,10.4012,1.3107,8.3045,1.0465,8.5811,1.0814,9.4027,1.1849,7.2672,0.9158,8.4772,1.0683,8.3836,1.0565
2007-08-31,7.8281,6.3475,0.8109,10.6014,1.3543,10.4191,1.331,15.8172,2.0206,8.2035,1.048,10.2777,1.3129,8.2695,1.0564,9.1475,1.1685,9.2327,1.1794,7.3087,0.9336,8.2937,1.0595,8.3369,1.065
2007-09-28,7.8152,6.4026,0.8192,10.5022,1.3438,10.2404,1.3103,15.604,1.9966,8.0946,1.0357,10.127,1.2958,8.3935,1.074,9.5241,1.2187,9.0847,1.1624,7.4074,0.9478,8.3277,1.0656,8.2814,1.0597
2007-10-31,8.5907,7.0058,0.8155,11.1168,1.2941,10.3978,1.2104,16.3183,1.8995,8.4644,0.9853,10.3131,1.2005,8.9457,1.0413,10.8928,1.268,9.5818,1.1154,7.7948,0.9074,9.6419,1.1224,8.6907,1.0116
2007-11-30,9.3454,7.5262,0.8053,11.9755,1.2814,11.3198,1.2113,16.6585,1.7825,8.9731,0.9602,10.7436,1.1496,9.8027,1.0489,11.5519,1.2361,10.3375,1.1062,8.0714,0.8637,10.815,1.1573,9.4619,1.0125
2007-12-31,9.4938,7.5923,0.7997,12.3183,1.2975,11.5225,1.2137,16.2016,1.7065,9.1161,0.9602,10.7922,1.1368,9.9228,1.0452,11.6726,1.2295,10.3844,1.0938,8.2086,0.8646,11.0196,1.1607,9.632,1.0146
2008-01-31,9.8641,7.918,0.8027,12.8198,1.2996,11.9934,1.2159,16.1506,1.6373,9.4778,0.9608,11.1561,1.131,10.2281,1.0369,11.6048,1.1765,10.563,1.0709,8.2582,0.8372,11.893,1.2057,9.9236,1.006
2008-02-29,10.5392,8.2906,0.7866,13.5926,1.2897,12.4833,1.1845,16.6272,1.5777,10.0075,0.9495,12.1132,1.1493,11.0125,1.0449,11.8714,1.1264,11.0542,1.0489,8.4858,0.8052,13.3476,1.2665,10.6077,1.0065
2008-03-31,10.998,8.6597,0.7874,14.2873,1.2991,13.1002,1.1911,16.6595,1.5148,10.3255,0.9389,12.6019,1.1458,11.2324,1.0213,12.119,1.1019,11.3958,1.0362,8.6944,0.7905,14.1123,1.2832,11.0989,1.0092
2008-04-30,11.7305,9.3621,0.7981,15.2789,1.3025,14.0127,1.1945,17.239,1.4696,11.1124,0.9473,13.5707,1.1569,12.1515,1.0359,12.9918,1.1075,12.3048,1.049,9.3069,0.7934,15.5195,1.323,11.8815,1.0129
2008-05-30,12.0368,9.5748,0.7955,15.7257,1.3065,14.3232,1.1899,17.6711,1.4681,11.1322,0.9248,13.759,1.1431,12.7161,1.0564,13.3443,1.1086,12.7309,1.0577,9.4178,0.7824,16.233,1.3486,12.034,0.9998
2008-06-30,12.6083,9.7783,0.7755,16.489,1.3078,14.9709,1.1874,18.5953,1.4748,11.8254,0.9379,14.2727,1.132,13.1486,1.0429,13.5895,1.0778,13.137,1.0419,9.7306,0.7718,17.3814,1.3786,12.6493,1.0032
2008-07-31,12.7538,9.882,0.7748,16.7932,1.3167,15.0852,1.1828,18.8118,1.475,12.0276,0.9431,14.5548,1.1412,13.3759,1.0488,13.5646,1.0636,13.3298,1.0452,9.8246,0.7703,17.7124,1.3888,13.2048,1.0354
2008-08-29,12.7872,9.9011,0.7743,16.8416,1.3171,15.0162,1.1743,18.8525,1.4743,12.1642,0.9513,14.627,1.1439,13.4326,1.0505,13.3813,1.0465,13.4643,1.053,9.7546,0.7628,17.9478,1.4036,13.3579,1.0446
2008-09-30,13.0997,10.1513,0.7749,18.1714,1.3872,15.6011,1.191,18.9008,1.4428,12.6186,0.9633,15.0332,1.1476,13.847,1.057,13.4227,1.0247,14.1172,1.0777,9.9974,0.7632,18.7785,1.4335,13.8586,1.0579
2008-10-31,13.2126,10.0928,0.7639,19.2316,1.4555,15.8329,1.1983,19.8157,1.4998,12.651,0.9575,15.1525,1.1468,13.9855,1.0585,13.0219,0.9856,14.2824,1.081,9.9474,0.7529,20.8407,1.5773,14.1239,1.069
2008-11-28,13.3785,10.1378,0.7578,19.3992,1.45,15.9412,1.1916,20.2131,1.5109,12.7094,0.95,15.2841,1.1424,14.3121,1.0698,13.0182,0.9731,14.4776,1.0822,10.0905,0.7542,21.7203,1.6235,14.323,1.0706
2008-12-31,17.1389,12.3442,0.7202,22.3387,1.3034,19.2569,1.1236,24.4077,1.4241,15.2001,0.8869,18.3705,1.0719,17.5122,1.0218,15.9287,0.9294,16.2734,0.9495,12.1687,0.71,28.6443,1.6713,17.645,1.0295
2009-01-30,21.3863,15.9524,0.7459,26.848,1.2554,23.8384,1.1147,32.9679,1.5415,19.7464,0.9233,21.4799,1.0044,22.7193,1.0623,20.7743,0.9714,19.7465,0.9233,15.8102,0.7393,33.0752,1.5466,21.2634,0.9943
2009-02-27,25.1499,18.2473,0.7255,31.486,1.2519,27.9716,1.1122,36.7509,1.4613,22.9062,0.9108,24.5731,0.9771,26.2486,1.0437,23.3416,0.9281,22.331,0.8879,18.5176,0.7363,38.4709,1.5297,25.8286,1.027
2009-03-31,25.764,18.6333,0.7232,33.1082,1.2851,28.6916,1.1136,37.5437,1.4572,23.4018,0.9083,25.2632,0.9806,26.8614,1.0426,24.0345,0.9329,22.8937,0.8886,19.0047,0.7376,39.5984,1.537,26.7413,1.0379
2009-04-30,26.3706,18.7773,0.7121,34.0872,1.2926,29.4056,1.1151,38.0281,1.4421,23.7316,0.8999,26.0553,0.988,27.3384,1.0367,23.9418,0.9079,23.0795,0.8752,19.0441,0.7222,41.8541,1.5871,27.6124,1.0471
2009-05-29,27.0252,19.2599,0.7127,34.8248,1.2886,30.4816,1.1279,38.6773,1.4312,24.2738,0.8982,26.701,0.988,27.8783,1.0316,24.5434,0.9082,23.4692,0.8684,19.922,0.7372,43.3231,1.6031,28.444,1.0525
2009-06-30,27.719,19.6932,0.7105,36.4936,1.3166,31.5003,1.1364,39.1168,1.4112,24.8846,0.8977,27.3952,0.9883,28.865,1.0413,25.0349,0.9032,23.912,0.8627,20.2539,0.7307,45.4661,1.6402,29.3601,1.0592
2009-07-31,28.188,19.8943,0.7058,37.763,1.3397,32.2187,1.143,39.4141,1.3983,25.3414,0.899,27.6139,0.9796,29.2389,1.0373,25.1342,0.8917,24.1654,0.8573,20.3538,0.7221,47.0132,1.6678,30.0048,1.0645
2009-08-31,28.4186,20.0555,0.7057,38.585,1.3577,32.7835,1.1536,39.6843,1.3964,25.6403,0.9022,27.8011,0.9783,29.3,1.031,25.3154,0.8908,24.2261,0.8525,20.4276,0.7188,47.6471,1.6766,30.4772,1.0724
2009-09-30,28.5516,20.1804,0.7068,38.6145,1.3524,32.8465,1.1504,39.648,1.3886,25.7837,0.9031,27.8433,0.9752,29.4495,1.0314,25.4785,0.8924,24.1802,0.8469,20.5931,0.7213,47.7988,1.6741,30.6313,1.0728
2009-10-30,28.6239,20.1525,0.704,38.9048,1.3592,33.0542,1.1548,39.5574,1.382,25.9138,0.9053,27.9052,0.9749,29.5495,1.0323,25.4351,0.8886,24.118,0.8426,20.6234,0.7205,47.5857,1.6624,30.8674,1.0784
2009-11-30,28.6095,20.0711,0.7016,39.0478,1.3649,33.0826,1.1564,39.4356,1.3784,25.8611,0.9039,27.9127,0.9756,29.4316,1.0287,25.2899,0.884,23.9582,0.8374,20.602,0.7201,47.4938,1.6601,30.9593,1.0821
2009-12-31,27.3832,19.3782,0.7077,38.2038,1.3952,32.2398,1.1774,38.0797,1.3906,25.2714,0.9229,26.6666,0.9738,28.5083,1.0411,24.3146,0.8879,23.0529,0.8419,19.9355,0.728,44.9976,1.6433,30.1039,1.0994
2010-01-29,25.6342,17.5961,0.6864,36.7659,1.4343,30.469,1.1886,33.6665,1.3133,23.3898,0.9124,25.216,0.9837,26.0511,1.0163,21.7817,0.8497,21.4582,0.8371,18.3769,0.7169,43.5971,1.7007,28.8399,1.1251
2010-02-26,22.8635,15.6418,0.6841,34.0637,1.4899,27.845,1.2179,30.2489,1.323,21.152,0.9251,22.6927,0.9925,23.299,1.019,19.7474,0.8637,19.1358,0.837,16.315,0.7136,40.1929,1.7579,26.1494,1.1437
2010-03-31,22.2936,15.3039,0.6865,32.7208,1.4677,27.2312,1.2215,29.2333,1.3113,20.7474,0.9306,21.9143,0.983,22.8014,1.0228,19.1155,0.8574,18.6235,0.8354,15.9881,0.7172,39.3391,1.7646,25.3836,1.1386
2010-04-30,21.4154,14.7649,0.6895,31.7495,1.4826,26.3668,1.2312,28.3301,1.3229,20.0816,0.9377,21.0764,0.9842,21.7752,1.0168,18.715,0.8739,17.7122,0.8271,15.7692,0.7363,36.9105,1.7235,24.3605,1.1375
2010-05-28,20.2374,13.8453,0.6841,30.5029,1.5073,24.7957,1.2252,26.7939,1.324,18.993,0.9385,20.0105,0.9888,20.7455,1.0251,17.4683,0.8632,16.8884,0.8345,14.5429,0.7186,34.6164,1.7105,23.2437,1.1486
2010-06-30,19.3852,13.3565,0.689,29.158,1.5041,23.8104,1.2283,25.9836,1.3404,18.2342,0.9406,19.0742,0.984,19.4513,1.0034,16.8532,0.8694,16.2043,0.8359,14.0359,0.7241,32.3595,1.6693,22.3058,1.1507
2010-07-30,18.9857,13.2315,0.6969,28.3666,1.4941,23.3295,1.2288,25.4357,1.3397,17.7905,0.937,18.9101,0.996,19.052,1.0035,16.779,0.8838,15.9683,0.8411,13.9694,0.7358,30.4559,1.6041,21.8069,1.1486
2010-08-31,19.6381,13.8516,0.7053,28.6871,1.4608,23.84,1.214,25.7731,1.3124,17.9988,0.9165,19.5639,0.9962,19.4697,0.9914,17.1781,0.8747,16.6859,0.8497,14.738,0.7505,30.2802,1.5419,22.3052,1.1358
2010-09-30,19.5716,13.812,0.7057,28.6552,1.4641,23.8299,1.2176,25.5457,1.3052,17.6814,0.9034,19.5939,1.0011,19.3907,0.9908,17.0961,0.8735,16.588,0.8476,14.4516,0.7384,30.0001,1.5328,22.23,1.1358
2010-10-29,19.6735,13.9217,0.7076,28.6002,1.4537,23.8633,1.213,25.3032,1.2862,17.7056,0.9,19.6749,1.0001,19.4442,0.9883,17.1439,0.8714,16.7531,0.8516,14.5861,0.7414,29.7761,1.5135,22.2718,1.1321
2010-11-30,19.6902,14.0333,0.7127,28.6032,1.4527,23.9193,1.2148,25.137,1.2766,17.7353,0.9007,19.7222,1.0016,19.3248,0.9814,17.2311,0.8751,16.7383,0.8501,14.8673,0.7551,29.3666,1.4914,22.2242,1.1287
2010-12-31,18.6688,13.4839,0.7223,27.7455,1.4862,23.0478,1.2346,23.9031,1.2804,16.9671,0.9088,18.7294,1.0032,18.4499,0.9883,16.419,0.8795,16.1162,0.8633,14.4016,0.7714,27.4109,1.4683,21.3074,1.1413
2011-01-31,17.2714,12.2526,0.7094,26.2993,1.5227,21.4615,1.2426,20.5421,1.1894,15.397,0.8915,17.7882,1.0299,16.6863,0.9661,14.5916,0.8448,14.8352,0.8589,13.2174,0.7653,25.9346,1.5016,20.1525,1.1668
2011-02-28,15.4968,11.0756,0.7147,24.588,1.5867,19.7034,1.2714,18.4702,1.1919,13.8564,0.8941,16.3076,1.0523,14.8057,0.9554,13.0886,0.8446,13.4878,0.8704,11.8805,0.7666,23.6114,1.5236,18.3895,1.1867
2011-03-31,15.1429,10.7608,0.7106,23.7672,1.5695,19.2508,1.2713,17.8992,1.182,13.4522,0.8884,15.8072,1.0439,14.4604,0.9549,12.6293,0.834,13.1396,0.8677,11.6545,0.7696,23.1588,1.5294,17.9526,1.1855
2011-04-29,14.4169,10.267,0.7122,23.4898,1.6293,18.4458,1.2795,17.1515,1.1897,12.9611,0.899,14.8819,1.0323,13.7486,0.9536,12.2274,0.8481,12.7558,0.8848,11.3054,0.7842,21.4123,1.4852,17.2558,1.1969
2011-05-31,13.7395,9.6212,0.7003,22.7474,1.6556,17.5749,1.2792,16.2188,1.1804,12.3805,0.9011,14.3883,1.0472,13.2758,0.9662,11.3474,0.8259,12.4445,0.9057,10.6057,0.7719,19.8783,1.4468,16.7177,1.2168
2011-06-30,13.4985,9.5789,0.7096,22.1499,1.6409,17.2307,1.2765,16.1246,1.1945,12.1854,0.9027,14.1862,1.0509,12.7491,0.9445,11.2259,0.8316,12.1495,0.9001,10.6058,0.7857,18.7317,1.3877,16.342,1.2107
2011-07-29,12.7611,9.192,0.7203,20.9915,1.645,16.3785,1.2835,15.8824,1.2446,11.5722,0.9068,13.5829,1.0644,12.0392,0.9434,10.8844,0.8529,11.5878,0.9081,10.3074,0.8077,16.9176,1.3257,15.4881,1.2137
2011-08-31,11.8076,8.4287,0.7138,19.2867,1.6334,15.0376,1.2736,14.9757,1.2683,10.7395,0.9095,12.8354,1.087,11.3334,0.9598,9.8751,0.8363,10.7556,0.9109,9.6493,0.8172,15.5264,1.315,14.1597,1.1992
2011-09-30,11.4287,8.284,0.7248,18.6839,1.6348,14.4881,1.2677,14.6121,1.2785,10.4352,0.9131,12.5378,1.097,10.9013,0.9538,9.2698,0.8111,10.4543,0.9147,9.4572,0.8275,14.9894,1.3116,13.6768,1.1967
2011-10-31,12.225,8.9812,0.7347,19.3232,1.5806,15.566,1.2733,15.6853,1.283,11.2493,0.9202,13.2897,1.0871,11.6861,0.9559,9.6472,0.7891,10.9711,0.8974,10.2927,0.8419,15.3792,1.258,14.2853,1.1685
2011-11-30,14.786,10.7769,0.7289,22.1249,1.4963,18.3664,1.2421,18.2866,1.2368,13.1125,0.8868,15.6385,1.0577,13.9424,0.9429,11.4609,0.7751,13.0302,0.8813,12.2937,0.8314,19.2067,1.299,16.6258,1.1244
2011-12-30,15.812,11.5636,0.7313,23.5357,1.4885,19.6548,1.243,19.7914,1.2517,14.3647,0.9085,16.3717,1.0354,14.7223,0.9311,12.0784,0.7639,13.7188,0.8676,13.1486,0.8316,20.6405,1.3054,17.8058,1.1261
2012-01-31,16.3514,11.9143,0.7286,24.107,1.4743,20.3058,1.2418,20.4843,1.2528,14.8155,0.9061,16.8382,1.0298,15.069,0.9216,12.3267,0.7539,13.9103,0.8507,13.5023,0.8258,21.831,1.3351,18.427,1.1269
2012-02-29,16.8374,12.2699,0.7287,24.6271,1.4626,20.8104,1.236,20.9515,1.2443,15.2754,0.9072,17.3832,1.0324,15.5514,0.9236,12.6068,0.7487,14.2392,0.8457,13.8836,0.8246,22.4382,1.3326,18.8718,1.1208
2012-03-30,17.063,12.3737,0.7252,25.144,1.4736,21.1055,1.2369,21.3844,1.2533,15.4605,0.9061,17.6092,1.032,15.7195,0.9213,12.7834,0.7492,14.4099,0.8445,14.0531,0.8236,22.8151,1.3371,19.1978,1.1251
2012-04-30,16.9288,12.2778,0.7253,24.7725,1.4633,20.9781,1.2392,21.1639,1.2502,15.3829,0.9087,17.4114,1.0285,15.5618,0.9192,12.6217,0.7456,14.2675,0.8428,13.9504,0.8241,22.7363,1.3431,19.1016,1.1284
2012-05-31,16.8171,12.2249,0.7269,24.7025,1.4689,20.7817,1.2358,21.1279,1.2563,15.2592,0.9074,17.2904,1.0281,15.4084,0.9162,12.5304,0.7451,14.1422,0.8409,13.8874,0.8258,22.6446,1.3465,18.8566,1.1213
2012-06-29,16.7802,12.1792,0.7258,24.6728,1.4704,20.7467,1.2364,20.9989,1.2514,15.2075,0.9063,17.2591,1.0285,15.3359,0.9139,12.4157,0.7399,14.092,0.8398,13.8531,0.8256,22.7525,1.3559,18.8066,1.1208
2012-07-31,16.7167,12.1599,0.7274,24.4969,1.4654,20.6489,1.2352,20.8033,1.2445,15.1849,0.9084,17.226,1.0305,15.312,0.916,12.2681,0.7339,14.1465,0.8462,13.7853,0.8246,22.7113,1.3586,18.7307,1.1205
2012-08-31,16.4566,11.9646,0.727,24.147,1.4673,20.2555,1.2308,20.4325,1.2416,15.0845,0.9166,17.018,1.0341,15.0302,0.9133,11.919,0.7243,13.9987,0.8506,13.5988,0.8263,22.561,1.3709,18.3393,1.1144
2012-09-28,16.4792,11.8872,0.7213,24.0643,1.4603,20.2059,1.2262,20.6639,1.2539,15.1375,0.9186,17.0791,1.0364,14.9901,0.9096,11.763,0.7138,13.9752,0.8481,13.6409,0.8278,22.6253,1.373,18.3345,1.1126
2012-10-31,16.0403,11.539,0.7194,23.5935,1.4709,19.685,1.2272,20.2533,1.2627,14.7193,0.9176,16.7222,1.0425,14.5274,0.9057,11.405,0.711,13.5449,0.8444,13.248,0.8259,22.2495,1.3871,17.8277,1.1114
2012-11-30,14.1827,10.267,0.7239,21.3711,1.5068,17.5681,1.2387,18.5233,1.306,13.4595,0.949,15.0324,1.0599,12.7027,0.8956,9.9129,0.6989,11.8823,0.8378,11.6582,0.822,19.7576,1.3931,15.8956,1.1208
2012-12-31,13.2536,9.6262,0.7263,20.3421,1.5348,16.4137,1.2384,17.4025,1.313,12.4235,0.9374,14.4109,1.0873,11.9329,0.9004,9.2473,0.6977,11.1578,0.8419,10.8612,0.8195,18.5523,1.3998,14.7979,1.1165
2013-01-31,12.6185,9.291,0.7363,19.577,1.5515,15.646,1.2399,16.6698,1.3211,11.9985,0.9509,13.9185,1.103,11.5871,0.9183,8.9652,0.7105,10.8637,0.8609,10.5806,0.8385,17.2604,1.3679,14.0117,1.1104
2013-02-28,12.0846,9.012,0.7457,18.8783,1.5622,15.1121,1.2505,16.1187,1.3338,11.468,0.949,13.4199,1.1105,11.0348,0.9131,8.7422,0.7234,10.5876,0.8761,10.2484,0.8481,16.5693,1.3711,13.386,1.1077
2013-03-28,11.8031,8.9107,0.7549,18.3574,1.5553,14.7576,1.2503,15.7338,1.333,11.3069,0.958,13.1928,1.1177,10.8423,0.9186,8.5985,0.7285,10.4558,0.8859,10.0858,0.8545,16.0267,1.3578,12.9727,1.0991
2013-04-30,11.7726,8.9638,0.7614,17.9969,1.5287,14.6887,1.2477,15.7359,1.3367,11.3681,0.9656,13.1172,1.1142,10.8663,0.923,8.6156,0.7318,10.4311,0.886,10.152,0.8623,15.8912,1.3498,12.9441,1.0995
2013-05-31,11.9037,9.1146,0.7657,18.0456,1.516,14.7933,1.2428,15.8317,1.33,11.4725,0.9638,13.1679,1.1062,10.9217,0.9175,8.7716,0.7369,10.476,0.8801,10.2589,0.8618,16.0134,1.3452,13.0645,1.0975
2013-06-28,11.7666,9.0467,0.7689,17.7304,1.5068,14.5467,1.2363,15.5415,1.3208,11.3851,0.9676,13.0003,1.1049,10.8251,0.92,8.6778,0.7375,10.4502,0.8881,10.1964,0.8666,15.7931,1.3422,12.8833,1.0949
2013-07-31,11.9411,9.2419,0.774,18.0287,1.5098,14.8285,1.2418,15.8413,1.3266,11.6053,0.9719,13.2235,1.1074,10.869,0.9102,8.8017,0.7371,10.4505,0.8752,10.5347,0.8822,15.889,1.3306,13.2288,1.1078
2013-08-30,11.6976,9.2319,0.7892,17.7243,1.5152,14.4334,1.2339,15.5361,1.3281,11.4721,0.9807,12.9116,1.1038,10.8529,0.9278,9.0385,0.7727,10.2151,0.8733,10.7361,0.9178,15.4604,1.3217,12.9468,1.1068
2013-09-30,11.6535,9.5104,0.8161,17.6415,1.5138,14.2556,1.2233,15.1372,1.2989,11.5429,0.9905,12.6271,1.0835,11.0643,0.9494,9.4938,0.8147,10.1358,0.8698,10.9213,0.9372,15.3469,1.3169,12.9716,1.1131
2013-10-31,11.2254,9.2361,0.8228,17.0375,1.5178,13.6501,1.216,14.5217,1.2936,11.1439,0.9927,12.1755,1.0846,10.6559,0.9493,9.3901,0.8365,9.7951,0.8726,10.5036,0.9357,14.982,1.3346,12.5763,1.1203
2013-11-29,10.3139,8.6914,0.8427,16.0586,1.557,12.5595,1.2177,13.5608,1.3148,10.5003,1.0181,11.3468,1.1001,9.8346,0.9535,8.7739,0.8507,9.0782,0.8802,9.9341,0.9632,13.7108,1.3294,11.6917,1.1336
2013-12-31,9.7534,8.3424,0.8553,15.0837,1.5465,11.8394,1.2139,12.6943,1.3015,9.989,1.0242,10.8968,1.1172,9.3954,0.9633,8.6164,0.8834,8.7607,0.8982,9.5653,0.9807,12.8272,1.3152,11.0473,1.1327
2014-01-31,9.397,8.1827,0.8708,14.5102,1.5441,11.3267,1.2054,12.086,1.2862,9.5718,1.0186,10.5025,1.1176,9.1882,0.9778,8.5417,0.909,8.6679,0.9224,9.4412,1.0047,12.0543,1.2828,10.6179,1.1299
2014-02-28,8.8344,7.8953,0.8937,13.8605,1.5689,10.682,1.2091,11.477,1.2991,9.1207,1.0324,9.9451,1.1257,8.9117,1.0087,8.2368,0.9323,8.3671,0.9471,9.1151,1.0318,11.1888,1.2665,10.0591,1.1386
2014-03-31,8.6328,7.8773,0.9125,13.4484,1.5578,10.4697,1.2128,11.1725,1.2942,8.9677,1.0388,9.7099,1.1248,8.7189,1.01,8.1957,0.9494,8.1793,0.9475,9.0617,1.0497,10.8069,1.2518,9.8593,1.1421
2014-04-30,9.0976,8.3535,0.9182,13.923,1.5304,10.9758,1.2064,11.3895,1.2519,9.1071,1.001,10.0079,1.1001,9.2827,1.0203,8.291,0.9113,8.701,0.9564,9.5932,1.0545,11.2928,1.2413,10.3239,1.1348
2014-05-30,9.0622,8.3737,0.924,13.8414,1.5274,10.8908,1.2018,11.2817,1.2449,9.104,1.0046,9.959,1.099,9.3075,1.0271,8.3298,0.9192,8.7081,0.9609,9.7357,1.0743,11.2105,1.2371,10.275,1.1338
2014-06-30,9.0485,8.3065,0.918,13.7847,1.5234,10.8684,1.2011,11.2707,1.2456,9.047,0.9998,10.0668,1.1125,9.298,1.0276,8.3532,0.9232,8.6884,0.9602,9.942,1.0987,11.0696,1.2234,10.2445,1.1322
2014-07-31,9.0349,8.0796,0.8943,13.548,1.4995,10.5878,1.1719,10.7144,1.1859,8.7612,0.9697,10.2456,1.134,9.3246,1.0321,8.2729,0.9157,8.7777,0.9715,10.3067,1.1408,11.0234,1.2201,9.9627,1.1027
2014-08-29,8.8291,7.9126,0.8962,13.2612,1.502,10.3788,1.1755,10.4684,1.1857,8.4216,0.9538,10.1025,1.1442,9.1297,1.034,8.2168,0.9306,8.6543,0.9802,10.0876,1.1425,10.6719,1.2087,9.8,1.11
2014-09-30,8.3296,7.45,0.8944,12.6375,1.5172,9.8905,1.1874,9.9485,1.1944,7.8271,0.9397,9.6345,1.1567,8.7071,1.0453,7.9152,0.9503,8.2545,0.991,9.7492,1.1704,10.1642,1.2203,9.2857,1.1148
2014-10-31,8.4379,7.6065,0.9015,12.3155,1.4595,9.8298,1.165,10.2539,1.2152,7.8884,0.9349,9.6615,1.145,8.9071,1.0556,8.0813,0.9577,8.3387,0.9882,9.9319,1.1771,10.231,1.2125,9.274,1.0991
2014-11-28,8.3309,7.5207,0.9027,12.066,1.4483,9.6836,1.1624,10.2852,1.2346,7.7846,0.9344,9.497,1.14,8.8131,1.0579,8.1637,0.9799,8.2757,0.9934,9.8976,1.1881,10.063,1.2079,9.1672,1.1004
2014-12-31,8.4485,7.5522,0.8939,12.1564,1.4389,9.7052,1.1487,10.5272,1.246,7.8915,0.9341,9.7006,1.1482,8.8904,1.0523,8.2367,0.9749,8.3655,0.9902,9.9637,1.1793,10.0875,1.194,9.3021,1.101
2015-01-30,8.8278,7.6214,0.8633,12.6319,1.4309,10.2363,1.1596,11.5574,1.3092,8.1896,0.9277,10.132,1.1477,9.1649,1.0382,8.4747,0.96,8.6041,0.9747,10.2906,1.1657,10.4893,1.1882,9.725,1.1016
2015-02-27,8.6471,7.4907,0.8663,12.3899,1.4328,10.0649,1.164,13.247,1.532,8.0886,0.9354,9.9799,1.1541,9.0938,1.0517,8.5248,0.9859,8.5438,0.988,10.2337,1.1835,10.169,1.176,9.6488,1.1158
2015-03-31,8.8535,7.6581,0.865,12.6638,1.4304,10.3168,1.1653,14.083,1.5907,8.3472,0.9428,10.1914,1.1511,9.1877,1.0378,8.9643,1.0125,8.6472,0.9767,10.7127,1.21,10.3944,1.174,9.7891,1.1057
2015-04-30,8.9821,7.6704,0.854,12.6937,1.4132,10.349,1.1522,15.1419,1.6858,8.64,0.9619,10.4946,1.1684,9.1417,1.0178,9.2003,1.0243,8.6497,0.963,10.6133,1.1816,10.7738,1.1995,9.9311,1.1057
2015-05-29,8.8357,7.5821,0.8581,12.4305,1.4069,10.2002,1.1544,15.0675,1.7053,8.4981,0.9618,10.417,1.179,9.0784,1.0275,9.8622,1.1162,8.5544,0.9682,10.6591,1.2064,10.6014,1.1998,9.7514,1.1036
2015-06-30,8.9957,7.9441,0.8831,12.4273,1.3815,10.319,1.1471,15.2304,1.6931,8.7377,0.9713,10.575,1.1756,9.3415,1.0384,10.1901,1.1328,8.7476,0.9724,10.796,1.2001,10.7077,1.1903,9.8653,1.0967
2015-07-31,8.7265,7.7629,0.8896,11.9268,1.3667,9.9249,1.1373,15.0323,1.7226,8.5171,0.976,10.3423,1.1852,9.1772,1.0516,10.2559,1.1753,8.6395,0.99,10.5687,1.2111,10.3098,1.1814,9.5552,1.095
2015-08-31,8.6536,7.6799,0.8875,11.7045,1.3526,9.8407,1.1372,15.0519,1.7394,8.4676,0.9785,10.3465,1.1956,9.0581,1.0467,10.198,1.1785,8.5325,0.986,10.4525,1.2079,10.2086,1.1797,9.4937,1.0971
2015-09-30,8.6758,7.6842,0.8857,11.576,1.3343,9.8009,1.1297,14.9475,1.7229,8.5303,0.9832,10.3613,1.1943,9.0184,1.0395,10.0823,1.1621,8.589,0.99,10.5437,1.2153,10.2712,1.1839,9.4842,1.0932
2015-10-30,8.731,7.6658,0.878,11.8734,1.3599,9.9372,1.1382,15.2843,1.7506,8.6074,0.9858,10.4442,1.1962,9.4872,1.0866,10.0728,1.1537,8.695,0.9959,10.906,1.2491,10.3145,1.1814,9.6151,1.1013
2015-11-30,10.1239,8.6639,0.8558,12.9921,1.2833,10.9377,1.0804,16.8549,1.6649,9.9324,0.9811,11.8052,1.1661,10.541,1.0412,11.0619,1.0927,9.8118,0.9692,12.119,1.1971,11.8079,1.1663,10.7846,1.0653
2015-12-31,10.5109,9.0724,0.8631,13.2767,1.2631,11.2325,1.0687,17.5343,1.6682,10.4262,0.9919,12.0474,1.1462,10.7894,1.0265,11.3343,1.0783,10.1892,0.9694,13.2389,1.2595,12.181,1.1589,11.1286,1.0588
2016-01-29,10.3299,9.037,0.8748,13.1146,1.2696,10.9753,1.0625,17.472,1.6914,10.2571,0.993,11.836,1.1458,10.6245,1.0285,11.1576,1.0801,10.1725,0.9848,13.252,1.2829,12.0811,1.1695,10.9682,1.0618
2016-02-29,10.3925,9.1648,0.8819,13.1497,1.2653,11.0162,1.06,16.9352,1.6296,10.3327,0.9942,11.9117,1.1462,10.5765,1.0177,11.4872,1.1053,10.3933,1.0001,13.3372,1.2834,12.1859,1.1726,10.9988,1.0583
2016-03-31,10.6443,9.3988,0.883,13.2064,1.2407,10.9743,1.031,17.1117,1.6076,10.6049,0.9963,12.1016,1.1369,10.8965,1.0237,11.5088,1.0812,10.6191,0.9976,13.606,1.2782,12.523,1.1765,11.225,1.0546
2016-04-29,11.1451,9.4786,0.8505,13.7254,1.2315,11.4434,1.0268,18.272,1.6395,10.9304,0.9807,12.7503,1.144,11.2381,1.0083,11.8018,1.0589,11.0139,0.9882,14.0577,1.2613,13.0432,1.1703,11.7188,1.0515
2016-05-31,11.4476,9.5468,0.834,14.0884,1.2307,11.7342,1.025,18.754,1.6382,11.1859,0.9771,13.2339,1.156,11.4615,1.0012,11.6772,1.0201,11.3316,0.9899,14.222,1.2424,13.7265,1.1991,12.075,1.0548
2016-06-30,11.4219,9.4831,0.8302,14.2217,1.2451,11.7085,1.0251,19.0671,1.6693,11.1728,0.9782,13.1138,1.1481,11.3431,0.9931,11.6663,1.0214,11.2378,0.9839,14.3125,1.2531,13.6995,1.1994,12.0949,1.0589
2016-07-29,11.358,9.6334,0.8482,14.3198,1.2608,11.7298,1.0327,19.261,1.6958,11.204,0.9864,12.9333,1.1387,11.2907,0.9941,11.7879,1.0378,11.1856,0.9848,14.1187,1.2431,13.8721,1.2214,12.0773,1.0633
2016-08-31,11.4026,9.7962,0.8591,14.4227,1.2649,11.7604,1.0314,19.4189,1.703,11.3217,0.9929,12.9578,1.1364,11.3451,0.995,11.9287,1.0461,11.3665,0.9968,14.2394,1.2488,13.9494,1.2234,12.0959,1.0608
2016-09-30,11.8624,10.0014,0.8431,15.5183,1.3082,12.5522,1.0581,19.7931,1.6686,11.7789,0.993,13.5462,1.1419,11.4832,0.968,11.9151,1.0044,11.446,0.9649,14.418,1.2154,15.0591,1.2695,12.7602,1.0757
2016-10-31,11.8435,9.9506,0.8402,15.7948,1.3336,12.583,1.0624,19.839,1.6751,11.751,0.9922,13.5571,1.1447,11.1062,0.9377,11.7941,0.9958,11.3721,0.9602,14.1957,1.1986,15.1244,1.277,12.7615,1.0775
2016-11-30,10.9601,9.2714,0.8459,15.0761,1.3755,11.8959,1.0854,18.9664,1.7305,10.9412,0.9983,12.6388,1.1532,10.3503,0.9444,11.1654,1.0187,10.6274,0.9696,13.4928,1.2311,14.3416,1.3085,11.9993,1.0948
2016-12-30,10.9067,9.455,0.8669,14.9858,1.374,11.921,1.093,18.9761,1.7399,10.8605,0.9958,12.5561,1.1512,10.471,0.9601,11.6193,1.0653,10.5329,0.9657,13.0077,1.1926,14.2413,1.3057,11.9365,1.0944
2017-01-31,10.6837,9.3465,0.8748,14.7571,1.3813,11.6794,1.0932,18.3894,1.7213,10.6138,0.9935,12.3123,1.1524,10.1493,0.95,11.6316,1.0887,10.3473,0.9685,12.7763,1.1959,13.9972,1.3101,11.6832,1.0936
2017-02-28,10.6946,9.7599,0.9126,14.8168,1.3854,11.7741,1.1009,18.0945,1.6919,10.5634,0.9877,12.3412,1.154,10.3007,0.9632,11.6308,1.0875,10.2051,0.9542,12.9189,1.208,14.247,1.3322,11.7478,1.0985
2017-03-31,10.3006,9.5434,0.9265,14.6012,1.4175,11.425,1.1092,17.1808,1.668,10.0747,0.9781,12.1351,1.1781,9.9858,0.9694,11.5801,1.1242,10.0028,0.9711,12.5236,1.2158,13.878,1.3473,11.368,1.1036
2017-04-28,9.4879,9.1256,0.9618,14.0232,1.478,10.7633,1.1344,15.7344,1.6584,9.5571,1.0073,11.2019,1.1806,9.2723,0.9773,11.269,1.1877,9.2837,0.9785,11.8842,1.2526,13.211,1.3924,10.5595,1.1129
2017-05-31,9.1491,9.0002,0.9837,13.8112,1.5096,10.5255,1.1504,15.3164,1.6741,9.2422,1.0102,10.6634,1.1655,8.9869,0.9823,10.8428,1.1851,8.9789,0.9814,11.561,1.2636,12.7448,1.393,10.2448,1.1198
2017-06-30,8.9619,8.8218,0.9844,13.6748,1.5259,10.397,1.1601,14.9859,1.6722,9.115,1.0171,10.4422,1.1652,8.7401,0.9752,10.8006,1.2052,8.829,0.9852,11.2194,1.2519,12.6487,1.4114,10.0655,1.1231
2017-07-31,8.8707,8.707,0.9815,13.6481,1.5386,10.3818,1.1704,14.7643,1.6644,9.0856,1.0242,10.296,1.1607,8.795,0.9915,10.4546,1.1786,8.7229,0.9833,11.0683,1.2477,12.5781,1.4179,9.9977,1.1271
2017-08-31,8.9137,8.5458,0.9587,13.725,1.5398,10.372,1.1636,14.8251,1.6632,8.9439,1.0034,10.4734,1.175,8.8933,0.9977,10.3358,1.1595,8.5874,0.9634,10.9483,1.2283,12.6192,1.4157,10.0529,1.1278
2017-09-29,8.1592,8.2775,1.0145,12.5621,1.5396,9.4797,1.1618,14.5813,1.7871,8.269,1.0135,10.1369,1.2424,8.746,1.0719,10.1599,1.2452,8.3331,1.0213,10.6226,1.3019,11.3263,1.3882,9.2289,1.1311
2017-10-31,8.0673,8.2134,1.0181,12.2864,1.523,9.3359,1.1573,14.1583,1.755,8.2192,1.0188,10.0418,1.2448,8.6665,1.0743,10.1162,1.254,8.299,1.0287,10.4817,1.2993,11.1919,1.3873,9.0857,1.1262
2017-11-30,7.7624,7.9097,1.019,12.0582,1.5534,9.1051,1.173,13.5409,1.7444,7.7715,1.0012,9.8349,1.267,8.3127,1.0709,9.5209,1.2265,8.0993,1.0434,10.177,1.3111,10.9475,1.4103,8.8851,1.1446
2017-12-29,7.1679,7.2776,1.0153,11.6296,1.6225,8.5804,1.1971,12.906,1.8005,7.1885,1.0029,9.5332,1.33,8.2398,1.1495,8.8819,1.2391,7.6704,1.0701,9.3762,1.3081,10.7069,1.4937,8.3009,1.1581
2018-01-31,7.0348,7.2209,1.0265,11.6138,1.6509,8.4286,1.1981,12.7366,1.8105,7.2052,1.0242,9.4374,1.3415,8.5091,1.2096,8.6574,1.2306,7.4416,1.0578,9.0378,1.2847,10.6338,1.5116,8.2339,1.1705
2018-02-28,6.9252,6.5631,0.9477,11.4273,1.6501,8.3175,1.201,12.4066,1.7915,7.1945,1.0389,9.3458,1.3495,8.4745,1.2237,7.911,1.1423,7.3309,1.0586,8.6126,1.2437,10.3834,1.4994,8.1229,1.1729
2018-03-29,6.621,6.3123,0.9534,11.1326,1.6814,8.1619,1.2327,12.0898,1.826,6.8864,1.0401,9.2406,1.3957,8.4838,1.2814,7.8638,1.1877,7.0963,1.0718,8.3617,1.2629,10.0833,1.5229,7.8961,1.1926
2018-04-30,6.2731,6.1538,0.981,10.7152,1.7081,7.8492,1.2512,11.4549,1.826,6.6284,1.0566,8.8663,1.4134,8.2837,1.3205,7.6984,1.2272,6.9579,1.1092,8.189,1.3054,9.6133,1.5325,7.4869,1.1935
2018-05-31,8.1582,7.3714,0.9036,12.0403,1.4758,9.7264,1.1922,12.7014,1.5569,7.929,0.9719,10.4177,1.277,9.6767,1.1861,8.2261,1.0083,8.3015,1.0176,9.7506,1.1952,10.9071,1.3369,9.3021,1.1402
2018-06-29,8.9986,7.8455,0.8719,12.6858,1.4097,10.5599,1.1735,12.8585,1.4289,8.403,0.9338,11.5204,1.2802,9.9747,1.1085,8.2666,0.9187,9.2972,1.0332,10.5061,1.1675,11.5818,1.2871,10.0023,1.1115
2018-07-31,9.2617,8.4169,0.9088,12.7143,1.3728,11.0201,1.1899,12.8649,1.389,8.7612,0.946,11.8997,1.2848,10.1441,1.0953,8.252,0.891,9.5837,1.0348,10.802,1.1663,11.6691,1.2599,10.2416,1.1058
2018-08-31,9.2416,8.3597,0.9046,12.6403,1.3678,11.1034,1.2015,13.1507,1.423,8.8475,0.9574,11.8385,1.281,10.235,1.1075,8.4653,0.916,9.5354,1.0318,10.7989,1.1685,11.7152,1.2677,10.2174,1.1056
2018-09-28,9.0119,8.3339,0.9248,12.2059,1.3544,10.8571,1.2048,13.0298,1.4458,8.5677,0.9507,11.5454,1.2811,10.2788,1.1406,8.5451,0.9482,9.4442,1.048,10.6151,1.1779,11.0723,1.2286,9.9571,1.1049
2018-10-31,9.0971,8.3658,0.9196,12.248,1.3464,11.0736,1.2173,13.0165,1.4308,8.6951,0.9558,11.7989,1.297,10.3107,1.1334,8.7923,0.9665,9.4903,1.0432,10.7228,1.1787,11.1168,1.222,10.0426,1.1039
2018-11-30,9.0345,8.4156,0.9315,12.2571,1.3567,11.0927,1.2278,13.4318,1.4867,8.7037,0.9634,11.7325,1.2986,10.1896,1.1279,8.7236,0.9656,9.4879,1.0502,10.5463,1.1673,10.9859,1.216,9.9686,1.1034
2018-12-31,8.8762,8.2922,0.9342,12.3379,1.39,10.9399,1.2325,13.2663,1.4946,8.6045,0.9694,11.6817,1.3161,10.0688,1.1344,8.5558,0.9639,9.4461,1.0642,10.4,1.1717,10.8512,1.2225,9.8107,1.1053
2019-01-31,10.059,8.7569,0.8706,13.3478,1.3269,12.1617,1.209,14.4711,1.4386,9.3589,0.9304,13.3733,1.3295,11.1443,1.1079,8.8967,0.8845,10.7901,1.0727,11.3037,1.1237,11.6884,1.162,11.0481,1.0983
2019-02-28,10.4598,8.5675,0.8191,13.5215,1.2927,12.4244,1.1878,15.1907,1.4523,9.5006,0.9083,14.1357,1.3514,11.2893,1.0793,8.7694,0.8384,11.2893,1.0793,11.4372,1.0934,11.8449,1.1324,11.4588,1.0955
2019-03-29,11.6229,9.2856,0.7989,14.3654,1.236,13.6129,1.1712,16.1193,1.3869,10.5445,0.9072,15.3057,1.3169,11.7227,1.0086,9.7448,0.8384,12.7409,1.0962,12.4688,1.0728,12.7709,1.0988,12.6194,1.0857
2019-04-30,11.9585,9.5218,0.7962,14.7762,1.2356,14.0678,1.1764,16.3491,1.3671,10.8652,0.9086,15.9683,1.3353,11.8092,0.9875,9.9132,0.829,13.0168,1.0885,12.6575,1.0585,12.8628,1.0756,13.0712,1.093
2019-05-31,11.2976,9.1464,0.8096,14.2162,1.2583,13.447,1.1902,15.8213,1.4004,10.3803,0.9188,15.424,1.3652,11.1088,0.9833,9.5861,0.8485,12.5254,1.1087,12.051,1.0667,12.0377,1.0655,12.3605,1.0941
2019-06-28,11.0973,9.0029,0.8113,13.9992,1.2615,13.337,1.2018,15.8428,1.4276,10.3235,0.9303,15.2099,1.3706,11.0347,0.9944,9.5124,0.8572,12.3548,1.1133,11.7318,1.0572,11.8794,1.0705,12.2026,1.0996
2019-07-31,10.9544,8.7336,0.7973,14.1324,1.2901,13.2315,1.2079,15.8371,1.4457,10.2656,0.9371,15.0079,1.37,10.8691,0.9922,9.5446,0.8713,12.2207,1.1156,11.9204,1.0882,11.7336,1.0711,12.0909,1.1037
2019-08-30,11.2625,9.0379,0.8025,14.5994,1.2963,13.5661,1.2045,16.0137,1.4219,10.5506,0.9368,15.5332,1.3792,11.0316,0.9795,9.5721,0.8499,12.464,1.1067,12.1162,1.0758,11.8782,1.0547,12.3204,1.0939
2019-09-30,11.3146,8.9944,0.7949,14.6011,1.2905,13.584,1.2006,15.9246,1.4074,10.5749,0.9346,15.556,1.3749,10.9717,0.9697,9.6555,0.8534,12.5478,1.109,12.1553,1.0743,11.9251,1.054,12.3209,1.0889
2019-10-31,11.585,9.2504,0.7985,14.9214,1.288,13.7598,1.1877,16.0834,1.3883,10.9229,0.9428,15.7845,1.3625,11.1255,0.9603,9.5643,0.8256,12.7237,1.0983,12.2777,1.0598,12.2978,1.0615,12.5877,1.0866
2019-11-29,12.1631,9.6317,0.7919,15.7139,1.2919,14.3683,1.1813,16.6105,1.3656,11.3591,0.9339,16.3272,1.3423,11.5168,0.9469,9.7461,0.8013,13.1752,1.0832,12.6768,1.0422,12.9834,1.0674,13.062,1.0739
2019-12-31,12.2803,9.7769,0.7961,15.833,1.2893,14.4925,1.1801,16.8133,1.3691,11.5359,0.9394,16.3996,1.3354,11.4351,0.9312,9.6545,0.7862,13.2422,1.0783,12.7673,1.0397,13.1123,1.0677,13.1582,1.0715
2020-01-31,11.8702,9.5013,0.8004,15.526,1.308,14.0738,1.1856,16.5937,1.3979,11.3286,0.9544,15.7843,1.3297,10.6835,0.9,9.4872,0.7992,12.6591,1.0665,12.3913,1.0439,12.8417,1.0818,12.7372,1.073
2020-02-28,11.5974,9.394,0.81,15.3682,1.3251,13.834,1.1929,16.1615,1.3935,11.1874,0.9646,15.2446,1.3145,10.4622,0.9021,9.4298,0.8131,12.2556,1.0568,12.2663,1.0577,12.632,1.0892,12.4059,1.0697
2020-03-31,10.5971,8.799,0.8303,14.7233,1.3894,12.782,1.2062,15.473,1.4601,10.3926,0.9807,13.9506,1.3165,9.7635,0.9213,8.5621,0.808,11.0371,1.0415,11.3678,1.0727,11.8328,1.1166,11.3028,1.0666
2020-04-30,10.6117,8.7482,0.8244,14.9543,1.4092,12.6971,1.1965,15.4666,1.4575,10.3049,0.9711,14.0093,1.3202,9.9027,0.9332,8.3894,0.7906,10.7783,1.0157,11.2787,1.0629,11.9841,1.1293,11.3398,1.0686
2020-05-29,11.8319,9.6451,0.8152,17.3418,1.4657,13.5276,1.1433,17.044,1.4405,11.4205,0.9652,15.3819,1.3,10.6226,0.8978,9.9661,0.8423,11.826,0.9995,11.7404,0.9923,13.4785,1.1392,12.3158,1.0409
2020-06-30,21.4866,18.6477,0.8679,28.1421,1.3098,24.7937,1.1539,33.5426,1.5611,19.459,0.9056,23.7179,1.1038,18.9019,0.8797,22.3511,1.0402,18.9543,0.8821,18.2309,0.8485,26.5184,1.2342,22.8896,1.0653
2020-07-31,22.1124,19.2247,0.8694,29.5531,1.3365,25.6402,1.1595,34.836,1.5754,19.9051,0.9002,24.4036,1.1036,19.5031,0.882,23.4352,1.0598,19.5775,0.8854,18.7077,0.846,27.4837,1.2429,23.4718,1.0615
2020-08-31,22.3254,19.3737,0.8678,29.9491,1.3415,26.158,1.1717,35.5271,1.5913,20.1246,0.9014,24.4111,1.0934,19.7918,0.8865,23.6543,1.0595,19.6533,0.8803,18.7998,0.8421,28.0386,1.2559,23.8304,1.0674
2020-09-30,23.0854,20.0483,0.8684,30.9601,1.3411,27.3116,1.1831,37.0647,1.6056,20.7054,0.8969,25.0154,1.0836,20.4021,0.8838,24.1089,1.0443,20.0903,0.8703,19.4493,0.8425,29.3107,1.2697,24.7873,1.0737
2020-10-30,23.131,20.0968,0.8688,31.4221,1.3584,27.3746,1.1835,37.4978,1.6211,20.6433,0.8925,25.1428,1.087,20.4447,0.8839,24.2445,1.0481,20.2037,0.8734,19.4553,0.8411,29.3833,1.2703,24.8682,1.0751
2020-11-30,23.1963,20.0983,0.8664,32.2914,1.3921,27.3636,1.1797,37.3757,1.6113,20.6411,0.8898,25.5257,1.1004,20.3318,0.8765,24.295,1.0474,20.258,0.8733,19.472,0.8394,29.3157,1.2638,24.8979,1.0734
2020-12-31,23.4958,20.2233,0.8607,35.1287,1.4951,27.5747,1.1736,37.7397,1.6062,20.7687,0.8839,26.0521,1.1088,20.4792,0.8716,24.4365,1.04,20.7263,0.8821,19.673,0.8373,29.5673,1.2584,25.0756,1.0672
2021-01-29,23.5462,20.357,0.8646,35.1559,1.4931,27.5562,1.1703,37.9239,1.6106,20.8265,0.8845,26.0482,1.1063,20.4304,0.8677,24.5581,1.043,20.8288,0.8846,19.6378,0.834,29.6287,1.2583,25.0447,1.0636
2021-02-26,23.6664,20.4881,0.8657,35.7574,1.5109,27.8056,1.1749,38.8178,1.6402,20.9186,0.8839,26.1595,1.1053,20.5977,0.8703,24.7819,1.0471,20.9668,0.8859,19.7032,0.8325,29.9062,1.2637,25.1947,1.0646
2021-03-31,23.4409,20.4402,0.872,36.2803,1.5477,27.5655,1.176,38.921,1.6604,20.7231,0.8841,25.8133,1.1012,20.5821,0.878,24.6572,1.0519,20.5971,0.8787,19.4307,0.8289,29.8338,1.2727,24.9373,1.0638
2021-04-30,23.5375,20.4323,0.8681,36.7233,1.5602,27.6783,1.1759,39.5049,1.6784,20.8243,0.8847,25.857,1.0985,20.7729,0.8825,24.7018,1.0495,20.6569,0.8776,19.5291,0.8297,29.9635,1.273,25.0608,1.0647
2021-05-28,23.2391,20.1574,0.8674,37.1581,1.5989,27.4713,1.1821,39.7387,1.71,20.4224,0.8788,25.6033,1.1017,20.5208,0.883,24.4099,1.0504,20.3337,0.875,19.316,0.8312,29.7123,1.2785,24.88,1.0706
2021-06-30,17.9036,15.3717,0.8586,33.4596,1.8689,21.6332,1.2083,32.4194,1.8108,15.6139,0.8721,21.1261,1.18,16.2272,0.9064,18.3513,1.025,16.2714,0.9088,15.4966,0.8656,22.9907,1.2841,19.1729,1.0709
2021-07-30,17.3391,14.6869,0.847,32.9076,1.8979,20.7834,1.1986,31.6193,1.8236,15.1298,0.8726,20.6588,1.1915,15.6014,0.8998,17.2531,0.995,15.7501,0.9084,14.8793,0.8581,22.166,1.2784,18.5897,1.0721
2021-08-31,17.1318,14.467,0.8445,32.8519,1.9176,20.3213,1.1862,31.095,1.815,14.8006,0.8639,20.6012,1.2025,15.3365,0.8952,16.9861,0.9915,15.6596,0.9141,14.6786,0.8568,21.4851,1.2541,18.2736,1.0667
2021-09-30,16.1475,13.5854,0.8413,32.257,1.9977,18.8621,1.1681,29.8974,1.8515,14.0479,0.87,19.9749,1.237,14.4708,0.8962,16.4792,1.0205,15.226,0.9429,13.908,0.8613,19.8577,1.2298,16.9227,1.048
2021-10-29,16.0621,13.4009,0.8343,31.966,1.9901,18.7977,1.1703,29.8515,1.8585,13.9751,0.8701,19.6626,1.2242,14.4156,0.8975,16.411,1.0217,15.2451,0.9491,13.8235,0.8606,19.9489,1.242,16.8802,1.0509
2021-11-30,15.6243,13.2393,0.8474,31.231,1.9989,18.4795,1.1827,29.9352,1.9159,13.7146,0.8778,18.8714,1.2078,14.2923,0.9147,16.2435,1.0396,14.8111,0.948,13.5685,0.8684,19.7506,1.2641,16.622,1.0639
2021-12-31,15.3197,13.1186,0.8563,28.9432,1.8893,18.2314,1.1901,29.7485,1.9418,13.4598,0.8786,18.477,1.2061,14.3107,0.9341,16.0744,1.0493,14.459,0.9438,13.3411,0.8708,19.5476,1.276,16.4173,1.0716
2022-01-31,14.8858,12.7757,0.8582,29.2891,1.9676,17.8963,1.2022,29.3668,1.9728,13.2624,0.8909,17.9994,1.2092,14.2918,0.9601,15.8592,1.0654,14.0137,0.9414,13.0846,0.879,19.2407,1.2926,16.0508,1.0783
2022-02-28,15.0457,12.9136,0.8583,30.3632,2.0181,17.9203,1.1911,28.8107,1.9149,13.4487,0.8939,18.1286,1.2049,14.4528,0.9606,15.8624,1.0543,14.1413,0.9399,12.9599,0.8614,19.2532,1.2797,16.2181,1.0779
2022-03-31,15.2548,12.9826,0.8511,31.1249,2.0403,18.0724,1.1847,28.7174,1.8825,13.63,0.8935,18.5065,1.2132,14.574,0.9554,15.7902,1.0351,14.3398,0.94,13.093,0.8583,19.4973,1.2781,16.3836,1.074
2022-04-29,15.427,12.8474,0.8328,32.0345,2.0765,17.9666,1.1646,28.4491,1.8441,13.5263,0.8768,18.996,1.2313,14.632,0.9485,15.6628,1.0153,14.7527,0.9563,13.0679,0.8471,19.3522,1.2544,16.3975,1.0629
2022-05-31,15.4893,12.6484,0.8166,31.9961,2.0657,17.8139,1.1501,27.9362,1.8036,13.4915,0.871,19.2012,1.2396,14.428,0.9315,15.5109,1.0014,15.0812,0.9737,12.8725,0.8311,19.4065,1.2529,16.2824,1.0512
2022-06-30,12.5797,10.0308,0.7974,29.8652,2.3741,14.1387,1.1239,23.3413,1.8555,11.0172,0.8758,16.9256,1.3455,11.8098,0.9388,11.5093,0.9149,13.1868,1.0483,10.6004,0.8427,15.7402,1.2512,13.0834,1.04
2022-07-29,13.1573,10.029,0.7622,31.0164,2.3574,14.1493,1.0754,23.1948,1.7629,11.0342,0.8386,17.6994,1.3452,12.5809,0.9562,11.3716,0.8643,14.5169,1.1033,11.1801,0.8497,15.7387,1.1962,13.4011,1.0185
2022-08-31,14.2628,11.1832,0.7841,34.0375,2.3865,14.6926,1.0301,24.1972,1.6965,11.8014,0.8274,19.1167,1.3403,12.5995,0.8834,11.2406,0.7881,16.3322,1.1451,11.8378,0.83,15.9922,1.1213,14.2669,1.0003
2022-09-30,14.9328,11.1169,0.7445,35.2513,2.3607,15.1393,1.0138,25.2834,1.6931,12.2581,0.8209,19.9819,1.3381,13.0345,0.8729,12.3337,0.8259,17.024,1.14,12.3139,0.8246,15.7628,1.0556,14.864,0.9954
2022-10-31,15.0697,11.0809,0.7353,35.9034,2.3825,15.2033,1.0089,25.2891,1.6781,12.3205,0.8176,20.2306,1.3425,13.1453,0.8723,12.2417,0.8123,17.3706,1.1527,12.3951,0.8225,15.6717,1.0399,14.9857,0.9944
2022-11-30,15.2563,11.183,0.733,35.5984,2.3333,15.5633,1.0201,25.5349,1.6737,12.5874,0.8251,20.2586,1.3279,13.4447,0.8813,12.3089,0.8068,17.63,1.1556,12.5336,0.8215,15.8493,1.0389,15.3058,1.0032
2022-12-30,15.7432,11.6155,0.7378,35.6156,2.2623,16.189,1.0283,26.0915,1.6573,13.097,0.8319,20.6552,1.312,14.1598,0.8994,13.3395,0.8473,18.192,1.1555,12.9412,0.822,16.0559,1.0199,15.8998,1.0099
2023-01-31,15.9894,11.8896,0.7436,35.9593,2.2489,16.4605,1.0295,26.1581,1.636,13.4029,0.8382,21.1506,1.3228,14.2869,0.8935,14.0233,0.877,18.439,1.1532,13.1171,0.8204,16.0967,1.0067,16.1828,1.0121
2023-02-28,16.2363,11.942,0.7355,35.9097,2.2117,16.6457,1.0252,25.8882,1.5945,13.5941,0.8373,21.5008,1.3242,14.5932,0.8988,14.0718,0.8667,18.5846,1.1446,13.2965,0.8189,16.0694,0.9897,16.413,1.0109
2023-03-31,16.2784,11.9222,0.7324,36.3642,2.2339,16.7252,1.0274,25.95,1.5941,13.5499,0.8324,21.5421,1.3234,14.8065,0.9096,14.0337,0.8621,18.6634,1.1465,13.3781,0.8218,15.8782,0.9754,16.4839,1.0126
2023-04-28,16.3022,12.1203,0.7435,36.4373,2.2351,16.8164,1.0315,25.733,1.5785,13.676,0.8389,21.6014,1.3251,14.7229,0.9031,14.1311,0.8668,18.7625,1.1509,13.3176,0.8169,15.8093,0.9698,16.457,1.0095
2023-05-31,16.0779,12.0037,0.7466,36.3891,2.2633,16.6248,1.034,25.464,1.5838,13.5518,0.8429,21.311,1.3255,14.7489,0.9173,14.1414,0.8796,18.6849,1.1621,13.1027,0.815,15.3195,0.9528,16.1843,1.0066
2023-06-30,15.9548,11.7878,0.7388,35.9194,2.2513,16.8611,1.0568,25.572,1.6028,13.488,0.8454,20.9459,1.3128,14.7625,0.9253,14.315,0.8972,18.4247,1.1548,13.0528,0.8181,15.8344,0.9925,16.1031,1.0093
2023-07-31,15.6034,11.5695,0.7415,35.4271,2.2705,16.7013,1.0704,25.2502,1.6182,13.3999,0.8588,20.5046,1.3141,14.6396,0.9382,14.287,0.9156,17.8114,1.1415,12.6878,0.8131,15.5872,0.999,15.9355,1.0213
2023-08-31,14.8808,10.7148,0.72,33.8409,2.2741,16.207,1.0891,24.2347,1.6286,12.9175,0.8681,19.6563,1.3209,14.632,0.9833,14.148,0.9508,16.7081,1.1228,12.2216,0.8213,15.2676,1.026,15.3249,1.0298
2023-09-29,14.162,10.4196,0.7357,33.6418,2.3755,15.5786,1.1,22.7207,1.6043,12.521,0.8841,18.9101,1.3353,14.3224,1.0113,13.3733,0.9443,16.1008,1.1369,11.5843,0.818,14.7105,1.0387,14.6078,1.0315
2023-10-31,14.003,10.3983,0.7426,33.3781,2.3836,15.411,1.1005,22.2542,1.5892,12.3804,0.8841,18.7087,1.336,14.436,1.0309,13.3773,0.9553,15.7316,1.1234,11.4314,0.8164,14.5629,1.04,14.4778,1.0339
2023-11-30,13.7565,10.244,0.7447,33.5433,2.4384,15.0845,1.0965,21.8721,1.59,12.114,0.8806,18.5308,1.3471,14.3086,1.0401,13.2808,0.9654,15.3933,1.119,11.1568,0.811,14.3467,1.0429,14.142,1.028
2023-12-29,13.0965,9.7077,0.7412,32.9572,2.5165,14.3469,1.0955,21.0091,1.6042,11.573,0.8837,17.9553,1.371,13.5726,1.0364,13.2476,1.0115,14.8886,1.1368,10.6021,0.8095,13.7952,1.0534,13.4653,1.0282
2024-01-31,12.7511,9.9496,0.7803,32.6715,2.5623,14.1524,1.1099,20.7173,1.6247,11.1672,0.8758,17.3926,1.364,13.6092,1.0673,12.9206,1.0133,14.5357,1.14,10.4331,0.8182,13.6446,1.0701,13.2495,1.0391
2024-02-29,12.4638,9.7622,0.7832,32.2249,2.5855,13.8791,1.1136,19.9783,1.6029,10.9064,0.8751,16.9131,1.357,13.3121,1.0681,12.6898,1.0181,14.3304,1.1498,10.6753,0.8565,13.3973,1.0749,13.0103,1.0438
2024-03-28,12.1307,9.8016,0.808,31.0751,2.5617,13.685,1.1281,19.6071,1.6163,10.9031,0.8988,16.4183,1.3535,13.0358,1.0746,12.7147,1.0481,14.038,1.1572,10.6265,0.876,13.2778,1.0946,12.8023,1.0554
2024-04-30,11.9144,9.6173,0.8072,30.0818,2.5248,13.4671,1.1303,19.168,1.6088,10.7918,0.9058,16.1638,1.3567,12.9546,1.0873,12.7412,1.0694,13.8299,1.1608,10.4077,0.8735,13.0708,1.0971,12.5525,1.0536
2024-05-31,11.6198,9.5829,0.8247,29.7231,2.558,13.3282,1.147,18.8359,1.621,10.5104,0.9045,15.7025,1.3514,12.7101,1.0938,12.7125,1.094,13.3181,1.1462,10.3261,0.8887,12.8117,1.1026,12.3748,1.065
2024-06-28,11.1179,9.3666,0.8425,29.1902,2.6255,12.716,1.1437,18.0171,1.6205,10.1822,0.9158,15.2757,1.374,12.5199,1.1261,12.4911,1.1235,13.0045,1.1697,10.0067,0.9001,11.5419,1.0381,11.8559,1.0664
2024-07-31,11.0105,9.3976,0.8535,28.9518,2.6295,12.3871,1.125,17.4588,1.5856,10.069,0.9145,15.3346,1.3927,11.9618,1.0864,12.4693,1.1325,12.5675,1.1414,9.76,0.8864,11.1436,1.0121,11.7175,1.0642
2024-08-30,10.4341,8.9965,0.8622,27.5584,2.6412,11.8853,1.1391,16.7417,1.6045,9.6816,0.9279,14.7263,1.4114,11.7467,1.1258,12.518,1.1997,11.6876,1.1201,9.5067,0.9111,10.8502,1.0399,11.1959,1.073
2024-09-30,9.8769,8.8048,0.8915,26.9141,2.725,11.2923,1.1433,15.5848,1.5779,9.3335,0.945,14.2265,1.4404,11.3263,1.1467,11.9146,1.2063,11.2476,1.1388,9.0814,0.9195,10.4155,1.0545,10.6225,1.0755
2024-10-31,10.5121,9.0008,0.8562,28.4283,2.7043,12.1712,1.1578,15.4605,1.4707,9.6514,0.9181,15.1885,1.4448,11.4256,1.0869,12.1469,1.1555,11.7122,1.1142,9.5537,0.9088,11.0236,1.0487,11.001,1.0465
2024-11-29,10.5344,8.9682,0.8513,28.7497,2.7291,12.2898,1.1666,15.4915,1.4706,9.5605,0.9076,15.4181,1.4636,11.2721,1.07,12.0733,1.1461,11.5842,1.0997,9.5077,0.9025,10.9629,1.0407,10.8847,1.0333
2024-12-31,10.1733,8.4291,0.8286,28.8936,2.8401,11.9613,1.1757,14.9875,1.4732,9.1762,0.902,15.1945,1.4936,10.9407,1.0754,11.1838,1.0993,10.9333,1.0747,9.2112,0.9054,10.7095,1.0527,10.4723,1.0294
2025-01-31,9.8469,7.954,0.8078,28.4371,2.8879,11.6112,1.1792,14.816,1.5046,8.8828,0.9021,14.861,1.5092,10.5755,1.074,10.8836,1.1053,10.5762,1.0741,8.8889,0.9027,10.4522,1.0615,10.0035,1.0159
2025-02-28,9.7339,8.0831,0.8304,29.016,2.9809,11.5875,1.1904,14.509,1.4906,8.8142,0.9055,14.6752,1.5076,10.4342,1.0719,10.8418,1.1138,10.5417,1.083,9.0072,0.9253,10.6019,1.0892,9.8378,1.0107
2025-03-31,9.8449,7.9184,0.8043,29.753,3.0222,11.517,1.1698,14.4165,1.4644,8.6395,0.8776,14.645,1.4876,10.7992,1.0969,10.973,1.1146,10.7286,1.0898,8.9673,0.9109,10.7293,1.0898,9.7589,0.9913
2025-04-30,9.8781,8.1882,0.8289,29.5433,2.9908,11.5157,1.1658,14.2712,1.4447,8.6652,0.8772,15.126,1.5313,10.8037,1.0937,11.3243,1.1464,10.5874,1.0718,9.0918,0.9204,10.8853,1.102,9.722,0.9842
2025-05-30,10.0326,8.5168,0.8489,30.1302,3.0032,11.6506,1.1613,14.7569,1.4709,8.7942,0.8766,15.4369,1.5387,10.8734,1.0838,11.123,1.1087,10.7952,1.076,9.0981,0.9069,11.3176,1.1281,9.8321,0.98
2025-06-30,10.4974,8.6459,0.8236,32.4435,3.0906,11.7253,1.117,14.4677,1.3782,8.9281,0.8505,16.206,1.5438,11.3324,1.0795,11.1445,1.0616,11.2872,1.0752,9.2784,0.8839,11.2398,1.0707,10.0151,0.9541
2025-07-31,13.1405,9.4667,0.7204,34.2072,2.6032,14.4791,1.1019,18.6386,1.4184,10.6583,0.8111,18.7239,1.4249,13.2554,1.0087,12.5812,0.9574,12.888,0.9808,11.5809,0.8813,13.9121,1.0587,12.3008,0.9361
2025-08-29,13.2458,9.4839,0.716,34.5902,2.6114,14.5933,1.1017,18.6295,1.4064,10.6904,0.8071,18.7406,1.4148,13.0563,0.9857,12.6536,0.9553,12.999,0.9814,12.1769,0.9193,13.968,1.0545,12.3185,0.93
2025-09-30,13.308,9.5968,0.7211,35.8065,2.6906,14.6005,1.0971,18.8217,1.4143,10.8556,0.8157,18.7051,1.4056,13.2232,0.9936,12.6317,0.9492,13.0053,0.9773,12.2652,0.9216,14.1045,1.0599,12.4211,0.9334
2025-10-31,12.9908,9.5679,0.7365,35.2132,2.7106,14.0719,1.0832,18.5994,1.4317,10.812,0.8323,18.1873,1.4,13.054,1.0049,12.4554,0.9588,12.8045,0.9857,12.3937,0.954,13.9337,1.0726,12.1493,0.9352
2025-11-28,12.8256,9.6053,0.7489,34.989,2.7281,13.9028,1.084,18.5607,1.4472,10.8925,0.8493,17.8883,1.3947,13.0409,1.0168,12.3773,0.965,12.7017,0.9903,12.4273,0.9689,13.9075,1.0844,12.0498,0.9395
2025-12-31,12.7158,9.6529,0.7591,35.2603,2.7729,13.9146,1.0943,18.4594,1.4517,10.8775,0.8554,17.7368,1.3949,13.0203,1.0239,12.1728,0.9573,12.505,0.9834,12.6147,0.992,13.8879,1.0922,11.8942,0.9354
2026-01-30,12.836,9.6297,0.7502,35.2662,2.7475,14.1728,1.1042,18.3661,1.4308,10.9598,0.8538,17.8535,1.3909,12.9621,1.0098,11.9928,0.9343,12.6691,0.987,12.5738,0.9796,14.0691,1.0961,11.955,0.9314
2026-02-27,12.9507,9.6253,0.7432,34.9103,2.6956,14.3205,1.1058,18.3893,1.4199,10.98,0.8478,18.034,1.3925,12.9548,1.0003,11.9043,0.9192,12.7109,0.9815,12.5127,0.9662,14.1168,1.09,12.004,0.9269
2026-03-31,12.7646,9.4673,0.7417,34.3296,2.6894,14.3699,1.1258,18.4642,1.4465,11.0419,0.865,17.9913,1.4095,12.6293,0.9894,11.6809,0.9151,12.4217,0.9731,12.4352,0.9742,13.9963,1.0965,11.7921,0.9238
2026-04-30,12.7135,9.4036,0.7397,33.99,2.6735,14.6457,1.152,18.6435,1.4664,11.0875,0.8721,17.6952,1.3918,12.6894,0.9981,11.4307,0.8991,12.556,0.9876,12.4245,0.9773,14.1434,1.1125,11.7716,0.9259
2026-05-29,12.6568,9.3112,0.7357,33.4744,2.6448,14.7933,1.1688,18.5627,1.4666,11.2509,0.8889,17.609,1.3913,12.597,0.9953,11.362,0.8977,12.2655,0.9691,12.4812,0.9861,14.5771,1.1517,11.8582,0.9369
2026-06-30,12.6142,9.5309,0.7556,32.0847,2.5435,15.4927,1.2282,18.8915,1.4976,11.394,0.9033,17.4412,1.3827,12.4074,0.9836,11.5616,0.9166,12.2177,0.9686,12.6721,1.0046,14.5605,1.1543,11.889,0.9425
