date,market_total,10_total,10_ratio,10_firms,15_total,15_ratio,15_firms,20_total,20_ratio,20_firms,25_total,25_ratio,25_firms,30_total,30_ratio,30_firms,35_total,35_ratio,35_firms,40_total,40_ratio,40_firms,45_total,45_ratio,45_firms,50_total,50_ratio,50_firms,55_total,55_ratio,55_firms,60_total,60_ratio,60_firms
1928-07-31,6.811,6.7767,0.995,56,9.4197,1.383,107,7.3091,1.0731,126,10.6643,1.5657,120,6.2689,0.9204,83,,,6,,,16,,,13,,,14,7.7156,1.1328,23,,,2
1928-08-31,7.9506,8.4839,1.0671,56,10.043,1.2632,107,7.9654,1.0019,126,11.9193,1.4992,119,6.8716,0.8643,83,,,6,,,16,,,13,,,14,8.9386,1.1243,23,,,2
1928-09-29,8.2177,8.7023,1.059,56,10.2686,1.2496,107,8.1803,0.9955,126,12.2833,1.4947,118,6.8493,0.8335,83,,,6,,,16,,,13,,,14,9.1909,1.1184,23,,,2
1928-10-31,8.2525,8.8847,1.0766,56,10.2713,1.2446,107,8.1466,0.9872,126,12.3584,1.4975,118,6.8544,0.8306,83,,,6,,,16,,,13,,,14,9.222,1.1175,23,,,2
1928-11-30,8.1547,8.9445,1.0968,56,10.0626,1.234,107,7.956,0.9756,126,12.2044,1.4966,118,6.83,0.8375,83,,,6,,,15,,,13,,,14,9.2175,1.1303,23,,,2
1928-12-31,8.1688,9.0837,1.112,56,9.979,1.2216,107,7.8846,0.9652,126,12.2819,1.5035,118,6.8548,0.8391,83,,,6,,,15,,,13,,,14,9.1881,1.1248,23,,,2
1929-01-31,8.3194,9.457,1.1367,56,10.1252,1.217,107,7.9994,0.9615,126,12.2487,1.4723,118,6.8954,0.8288,82,,,6,,,15,,,13,,,14,9.3999,1.1299,23,,,2
1929-02-28,9.2828,11.0462,1.19,56,10.8737,1.1714,107,8.7161,0.9389,126,13.459,1.4499,117,7.4287,0.8003,81,,,5,,,14,,,13,,,14,10.23,1.102,23,,,2
1929-03-28,9.3907,11.1686,1.1893,56,10.966,1.1678,107,8.9115,0.949,126,13.6264,1.451,117,7.4021,0.7882,81,,,5,,,14,,,13,,,14,10.3374,1.1008,23,,,2
1929-04-30,9.762,11.364,1.1641,56,11.5819,1.1864,107,9.2898,0.9516,125,13.6231,1.3955,117,7.8235,0.8014,81,,,5,,,14,,,13,,,14,10.9068,1.1173,23,,,2
1929-05-31,10.0108,11.4231,1.1411,56,11.9955,1.1983,107,9.5109,0.9501,125,13.7682,1.3753,117,7.7555,0.7747,81,,,5,,,14,,,13,,,14,11.0266,1.1015,23,,,2
1929-06-29,10.2134,12.1549,1.1901,56,12.506,1.2245,107,9.5247,0.9326,125,13.7144,1.3428,117,8.2033,0.8032,80,,,5,,,14,,,13,,,14,11.0634,1.0832,22,,,2
1929-07-31,10.1385,12.1548,1.1989,61,12.4347,1.2265,133,9.2337,0.9108,137,13.502,1.3318,140,8.3677,0.8253,90,,,6,,,18,,,14,,,19,11.1737,1.1021,23,,,4
1929-08-30,10.8281,12.4176,1.1468,61,13.041,1.2044,132,9.9708,0.9208,137,14.5028,1.3394,140,8.8857,0.8206,89,,,6,,,18,,,14,,,19,11.9792,1.1063,23,,,4
1929-09-30,10.8034,12.3573,1.1438,61,13.053,1.2082,132,10.0382,0.9292,136,14.3305,1.3265,140,8.8781,0.8218,89,,,6,,,18,,,14,,,19,12.2763,1.1363,23,,,4
1929-10-31,11.401,12.9156,1.1328,61,13.5351,1.1872,132,10.646,0.9338,136,14.6379,1.2839,140,9.2292,0.8095,89,,,6,,,17,,,14,,,19,13.7138,1.2029,23,,,4
1929-11-27,11.5848,13.0186,1.1238,60,13.7575,1.1875,132,10.9231,0.9429,136,14.7963,1.2772,140,9.477,0.8181,88,,,6,,,16,,,14,,,19,14.114,1.2183,22,,,4
1929-12-31,11.9565,13.2148,1.1052,60,14.0637,1.1762,132,11.2629,0.942,136,15.0068,1.2551,140,9.8584,0.8245,88,,,6,,,16,,,14,,,19,14.9481,1.2502,22,,,4
1930-01-31,23.2377,20.344,0.8755,60,25.3787,1.0921,132,21.266,0.9152,136,26.4929,1.1401,139,20.6683,0.8894,88,,,6,,,16,,,13,,,19,30.598,1.3167,22,,,4
1930-02-28,23.8985,20.8294,0.8716,59,26.0554,1.0903,132,21.9173,0.9171,136,27.1368,1.1355,139,21.2085,0.8874,88,,,6,,,15,,,13,,,19,31.8513,1.3328,22,,,4
1930-03-31,23.9964,20.8232,0.8678,59,26.0714,1.0865,132,21.9984,0.9167,136,27.3427,1.1394,139,21.3355,0.8891,87,,,6,,,15,,,13,,,19,32.1786,1.341,22,,,4
1930-04-30,23.9123,20.2736,0.8478,59,25.9154,1.0838,132,22.0027,0.9201,136,27.2351,1.139,138,21.2933,0.8905,87,,,5,,,15,,,13,,,19,32.2976,1.3507,22,,,4
1930-05-29,23.87,20.2743,0.8494,58,25.8685,1.0837,131,21.9718,0.9205,135,27.2316,1.1408,138,21.4349,0.898,86,,,5,,,15,,,13,,,19,32.2522,1.3512,22,,,4
1930-06-30,23.7105,20.3214,0.8571,58,25.6449,1.0816,130,21.7917,0.9191,135,26.9049,1.1347,138,21.2929,0.898,86,,,5,,,15,,,13,,,19,32.2245,1.3591,22,,,4
1930-07-31,23.9331,20.9958,0.8773,59,25.6358,1.0711,147,22.012,0.9197,152,26.9842,1.1275,154,21.425,0.8952,88,,,5,39.3128,1.6426,26,,,18,,,19,32.644,1.364,23,,,4
1930-08-29,24.5883,21.8912,0.8903,59,26.1555,1.0637,146,22.5863,0.9186,152,27.6155,1.1231,154,22.1407,0.9005,88,,,5,40.5146,1.6477,26,,,18,,,19,33.2882,1.3538,23,,,4
1930-09-30,24.7791,21.9889,0.8874,58,26.3138,1.0619,146,22.8449,0.9219,152,27.9085,1.1263,154,22.3164,0.9006,88,,,5,40.8891,1.6501,26,,,18,,,19,33.5964,1.3558,23,,,4
1930-10-31,24.9418,21.9132,0.8786,57,26.4498,1.0605,146,23.0138,0.9227,152,28.2505,1.1327,154,22.3415,0.8957,88,,,5,40.8786,1.639,26,,,18,,,19,33.7291,1.3523,23,,,4
1930-11-29,20.2209,18.4669,0.9133,56,21.3887,1.0577,145,19.0547,0.9423,152,23.2144,1.148,154,17.8907,0.8848,88,,,5,32.9179,1.6279,26,,,18,,,19,28.1352,1.3914,23,,,4
1930-12-31,19.1319,18.2165,0.9522,56,20.0236,1.0466,145,18.0263,0.9422,152,21.9476,1.1472,153,16.5933,0.8673,88,,,5,30.4799,1.5931,26,,,18,,,19,26.3875,1.3792,23,,,4
1931-01-31,19.5773,18.6313,0.9517,56,20.4938,1.0468,145,18.6768,0.954,152,22.2883,1.1385,153,16.8473,0.8606,88,,,5,31.3227,1.6,26,,,18,,,19,27.1626,1.3875,23,,,4
1931-02-28,19.5864,18.9245,0.9662,56,20.399,1.0415,144,18.9076,0.9653,151,22.2759,1.1373,153,16.9632,0.8661,88,,,5,31.2769,1.5969,26,,,18,,,19,27.0329,1.3802,23,,,4
1931-03-31,20.0456,19.5463,0.9751,56,20.7657,1.0359,144,19.5914,0.9773,150,22.6285,1.1289,152,17.2576,0.8609,88,,,5,32.2121,1.6069,26,,,18,,,19,27.3751,1.3656,23,,,4
1931-04-30,20.0905,19.5155,0.9714,56,20.9304,1.0418,144,19.6651,0.9788,150,22.7482,1.1323,152,17.2714,0.8597,87,,,5,32.4816,1.6168,26,,,18,,,18,27.3207,1.3599,23,,,4
1931-05-29,20.0563,19.371,0.9658,56,21.0874,1.0514,144,19.7196,0.9832,149,22.8242,1.138,152,17.1875,0.857,87,,,5,32.3512,1.613,26,,,18,,,18,27.0953,1.351,23,,,4
1931-06-30,19.5129,18.8217,0.9646,56,20.7375,1.0628,144,19.3118,0.9897,149,22.398,1.1479,151,16.6048,0.851,87,,,5,31.3384,1.606,26,,,18,,,18,26.5606,1.3612,23,,,4
1931-07-31,19.3092,18.9577,0.9818,57,20.8117,1.0778,153,19.4904,1.0094,151,22.3192,1.1559,154,16.3396,0.8462,89,,,6,30.8919,1.5999,28,,,18,,,18,25.911,1.3419,23,,,4
1931-08-31,19.7005,19.4065,0.9851,57,21.1153,1.0718,153,20.613,1.0463,151,22.7663,1.1556,153,17.0922,0.8676,89,,,6,31.6046,1.6043,28,,,18,,,18,25.8283,1.311,23,,,4
1931-09-30,17.6684,18.5563,1.0502,57,19.0269,1.0769,153,19.5304,1.1054,150,20.4523,1.1576,153,14.766,0.8357,89,,,6,27.5721,1.5605,28,,,18,,,18,22.7629,1.2883,23,,,4
1931-10-31,16.4619,18.0592,1.097,57,18.0824,1.0984,153,18.7371,1.1382,150,18.902,1.1482,153,13.4814,0.8189,89,,,6,24.7806,1.5053,28,,,18,,,18,20.2588,1.2306,22,,,4
1931-11-30,16.1743,18.3044,1.1317,57,17.6603,1.0919,151,18.7512,1.1593,150,18.3892,1.1369,153,13.1643,0.8139,88,,,6,23.8973,1.4775,28,,,18,,,18,19.4402,1.2019,22,,,4
1931-12-31,19.3651,20.2952,1.048,57,20.5668,1.0621,151,23.1822,1.1971,150,21.384,1.1043,153,16.1393,0.8334,88,,,6,27.9874,1.4452,28,,,18,,,18,22.8167,1.1782,22,,,4
1932-01-30,19.8303,20.5669,1.0371,57,21.3172,1.075,149,23.9074,1.2056,149,21.9151,1.1051,152,16.4382,0.8289,88,,,6,27.7982,1.4018,28,,,18,,,18,23.3374,1.1769,22,,,4
1932-02-29,20.2559,20.6496,1.0194,57,22.0263,1.0874,149,24.8692,1.2278,149,22.1622,1.0941,152,17.0055,0.8395,88,,,6,28.108,1.3876,28,,,18,,,18,23.7776,1.1739,22,,,4
1932-03-31,21.2419,21.5654,1.0152,57,23.217,1.093,149,26.5005,1.2476,149,23.1068,1.0878,152,18.0086,0.8478,88,,,6,28.9959,1.365,28,,,18,,,18,24.2944,1.1437,22,,,4
1932-04-30,22.0513,22.411,1.0163,57,24.2844,1.1013,148,28.1466,1.2764,149,23.5976,1.0701,151,18.402,0.8345,87,,,6,29.8604,1.3541,28,,,18,,,18,24.5878,1.115,22,,,4
1932-05-31,21.9931,22.0609,1.0031,56,24.1854,1.0997,148,28.3908,1.2909,147,23.391,1.0636,151,18.1907,0.8271,86,,,6,29.2936,1.3319,28,,,18,,,18,24.3747,1.1083,22,,,2
1932-06-30,22.2046,22.4752,1.0122,55,24.3774,1.0979,148,28.9055,1.3018,147,23.6917,1.067,151,18.2774,0.8231,85,,,6,29.2384,1.3168,28,,,18,,,18,25.2114,1.1354,22,,,2
1932-07-30,22.4145,23.0455,1.0281,54,24.6789,1.101,147,29.4457,1.3137,149,23.6364,1.0545,149,18.6303,0.8312,86,,,6,29.0503,1.296,25,,,17,,,19,25.5426,1.1396,22,,,3
1932-08-31,24.0126,24.1401,1.0053,54,25.9666,1.0814,147,32.612,1.3581,149,24.8741,1.0359,149,20.8252,0.8673,86,,,6,30.1812,1.2569,25,,,17,,,19,28.3377,1.1801,22,,,3
1932-09-30,24.4508,24.3753,0.9969,54,27.4599,1.1231,147,33.443,1.3678,149,25.1846,1.03,148,21.2944,0.8709,85,,,6,30.3644,1.2419,25,,,17,,,19,28.933,1.1833,22,,,3
1932-10-31,24.8719,24.6045,0.9893,53,28.3583,1.1402,147,34.9322,1.4045,149,25.8171,1.038,147,21.2921,0.8561,85,,,6,30.1408,1.2118,25,,,17,,,19,29.3729,1.181,22,,,3
1932-11-30,25.8466,24.8565,0.9617,53,30.2904,1.1719,147,36.7776,1.4229,149,26.9178,1.0414,147,21.4959,0.8317,85,,,6,31.6692,1.2253,25,,,17,,,19,30.2807,1.1716,22,,,3
1932-12-31,27.6667,25.5649,0.924,53,33.3082,1.2039,147,39.8522,1.4404,149,29.3251,1.0599,147,22.0858,0.7983,84,,,6,33.8505,1.2235,25,,,17,,,19,31.821,1.1502,22,,,3
1933-01-31,28.1201,25.8719,0.9201,53,34.5019,1.2269,147,40.5678,1.4427,149,29.8922,1.063,146,22.1506,0.7877,83,,,6,33.9657,1.2079,25,,,17,,,17,32.0345,1.1392,22,,,3
1933-02-28,28.2104,25.7148,0.9115,53,34.5593,1.2251,147,40.685,1.4422,149,30.0594,1.0655,146,22.3285,0.7915,83,,,6,33.883,1.2011,25,,,17,,,17,32.1811,1.1408,22,,,3
1933-03-31,28.1082,25.4489,0.9054,53,34.5434,1.2289,147,40.7422,1.4495,149,29.8864,1.0633,145,22.3275,0.7943,83,,,6,33.8618,1.2047,25,,,17,,,17,32.0789,1.1413,22,,,3
1933-04-29,27.8033,25.4169,0.9142,53,34.5326,1.242,146,40.4875,1.4562,149,29.5879,1.0642,144,22.0439,0.7929,83,,,6,33.3733,1.2003,25,,,17,,,17,31.534,1.1342,22,,,3
1933-05-31,28.3182,25.2004,0.8899,53,34.9484,1.2341,146,41.4048,1.4621,149,31.0205,1.0954,144,22.4032,0.7911,83,,,6,34.6655,1.2241,25,,,17,,,17,31.8812,1.1258,22,,,3
1933-06-30,28.3368,24.7396,0.8731,53,35.3452,1.2473,145,40.9303,1.4444,148,31.4057,1.1083,144,21.9791,0.7756,83,,,6,35.4017,1.2493,25,,,17,,,17,31.8995,1.1257,22,,,3
1933-07-31,28.4754,25.6351,0.9003,54,35.5714,1.2492,147,40.8023,1.4329,153,31.9372,1.1216,140,21.6742,0.7612,83,,,6,36.0745,1.2669,26,,,19,,,18,32.7436,1.1499,22,,,3
1933-08-31,28.4964,25.9236,0.9097,54,35.2032,1.2354,147,40.2622,1.4129,153,31.8728,1.1185,140,21.3922,0.7507,83,,,6,35.883,1.2592,26,,,19,,,18,33.0917,1.1613,22,,,3
1933-09-30,27.7918,26.012,0.936,54,34.6212,1.2457,147,39.0745,1.406,153,31.1638,1.1213,140,20.6909,0.7445,83,,,6,35.2128,1.267,26,,,19,,,18,32.32,1.1629,21,,,3
1933-10-31,29.1207,28.267,0.9707,54,35.2139,1.2092,147,39.6553,1.3618,152,33.2206,1.1408,140,22.1709,0.7613,83,,,6,37.2565,1.2794,26,,,19,,,18,33.1044,1.1368,21,,,3
1933-11-29,27.9608,28.2717,1.0111,54,33.3369,1.1923,147,37.5066,1.3414,152,32.2049,1.1518,140,21.3255,0.7627,83,,,6,35.7176,1.2774,26,,,19,,,18,32.3166,1.1558,21,,,3
1933-12-30,28.5941,29.3393,1.0261,54,33.5488,1.1733,147,38.3679,1.3418,152,33.0992,1.1576,140,21.5461,0.7535,83,,,6,35.8736,1.2546,26,,,19,,,18,32.7377,1.1449,21,,,3
1934-01-31,28.966,29.8196,1.0295,54,33.8882,1.1699,147,38.7795,1.3388,151,33.7541,1.1653,140,21.8747,0.7552,83,,,6,36.0793,1.2456,26,,,19,,,18,32.6128,1.1259,21,,,3
1934-02-28,29.0335,29.9862,1.0328,54,34.0229,1.1719,147,38.7892,1.336,151,33.9044,1.1678,140,21.7162,0.748,83,,,6,36.4374,1.255,25,,,19,,,18,32.8767,1.1324,21,,,3
1934-03-31,28.461,29.1507,1.0242,54,33.5421,1.1785,147,37.7157,1.3252,151,32.9343,1.1572,140,21.3225,0.7492,83,,,6,35.7564,1.2563,25,,,19,,,18,32.6839,1.1484,21,,,3
1934-04-30,27.9664,28.983,1.0364,54,32.7945,1.1726,147,37.0087,1.3233,151,32.4289,1.1596,140,20.5551,0.735,83,,,6,35.1714,1.2576,25,,,19,,,18,32.1657,1.1502,21,,,3
1934-05-31,26.7824,27.4323,1.0243,54,31.4981,1.1761,147,35.5048,1.3257,151,31.3605,1.1709,140,19.2904,0.7203,83,,,6,34.1182,1.2739,25,,,19,,,18,29.673,1.1079,21,,,3
1934-06-30,26.2543,26.7366,1.0184,53,30.6053,1.1657,146,34.9039,1.3295,151,30.931,1.1781,140,18.9768,0.7228,83,,,6,33.4435,1.2738,25,,,19,,,18,28.7257,1.0941,21,,,3
1934-07-31,25.1879,25.7491,1.0223,54,29.2896,1.1628,145,33.4851,1.3294,156,29.8938,1.1868,141,18.2576,0.7249,87,,,9,31.9794,1.2696,27,23.689,0.9405,20,,,18,27.2015,1.0799,21,,,3
1934-08-31,22.2819,22.8968,1.0276,54,25.8987,1.1623,145,29.934,1.3434,156,26.5153,1.19,140,16.0566,0.7206,87,,,9,28.1192,1.262,27,20.8419,0.9354,20,,,18,24.9448,1.1195,21,,,3
1934-09-29,21.3772,22.085,1.0331,54,24.5285,1.1474,145,28.4601,1.3313,156,25.6362,1.1992,140,15.5633,0.728,87,,,9,27.0512,1.2654,27,20.2558,0.9475,20,,,18,23.7745,1.1121,21,,,3
1934-10-31,20.3689,20.9341,1.0278,54,22.831,1.1209,145,26.7132,1.3115,156,25.0724,1.2309,140,14.8743,0.7302,87,,,9,26.9593,1.3236,27,19.1635,0.9408,20,,,18,23.6064,1.1589,21,,,3
1934-11-30,19.7965,20.2717,1.024,54,22.2337,1.1231,143,26.0296,1.3149,155,24.632,1.2443,140,14.2553,0.7201,87,,,9,26.1928,1.3231,25,18.5932,0.9392,20,,,18,23.0824,1.166,21,,,3
1934-12-31,19.769,20.2275,1.0232,54,22.0655,1.1162,142,25.9787,1.3141,155,24.6761,1.2482,140,14.1927,0.7179,87,,,9,25.7759,1.3039,25,18.45,0.9333,20,,,18,23.1953,1.1733,21,,,3
1935-01-31,19.1692,19.8195,1.0339,54,21.4399,1.1185,142,25.1477,1.3119,155,23.8603,1.2447,140,13.7558,0.7176,87,,,9,24.6274,1.2847,25,17.8857,0.933,20,,,18,23.1081,1.2055,21,,,3
1935-02-28,18.5791,19.1984,1.0333,54,20.8133,1.1203,142,24.4428,1.3156,154,23.3269,1.2555,140,13.3014,0.7159,87,,,9,23.4808,1.2638,25,17.4407,0.9387,20,,,18,22.3732,1.2042,21,,,3
1935-03-30,18.0357,18.5238,1.0271,54,20.301,1.1256,142,24.0291,1.3323,154,22.53,1.2492,138,12.9439,0.7177,87,,,9,22.7686,1.2624,25,16.9375,0.9391,20,,,18,21.7785,1.2075,21,,,3
1935-04-30,17.6056,18.0815,1.027,54,19.7432,1.1214,142,23.6265,1.342,154,22.0129,1.2503,138,12.6651,0.7194,87,,,9,22.1502,1.2581,25,16.6012,0.9429,20,,,18,21.4791,1.22,21,,,3
1935-05-31,16.9517,17.1898,1.0141,54,19.12,1.1279,142,23.2001,1.3686,154,21.4235,1.2638,137,12.2533,0.7228,87,,,9,21.0675,1.2428,25,16.0178,0.9449,20,,,18,21.248,1.2534,21,,,3
1935-06-29,15.3977,15.6271,1.0149,54,17.3862,1.1291,142,21.7171,1.4104,153,19.3963,1.2597,137,10.9691,0.7124,87,,,9,19.0193,1.2352,25,,,19,,,18,20.7613,1.3483,21,,,3
1935-07-31,15.1478,15.44,1.0193,55,17.0406,1.125,148,21.4996,1.4193,154,19.1358,1.2633,141,10.7322,0.7085,87,,,9,18.7024,1.2347,27,,,19,,,18,21.0374,1.3888,21,,,2
1935-08-31,12.7354,14.1897,1.1142,54,14.7,1.1543,147,18.1428,1.4246,152,15.8696,1.2461,139,8.9319,0.7013,86,,,9,15.9652,1.2536,27,,,19,,,18,20.4292,1.6041,21,,,2
1935-09-30,12.0802,13.8679,1.148,54,13.9333,1.1534,147,17.1647,1.4209,152,15.1185,1.2515,138,8.4031,0.6956,86,,,9,15.1838,1.2569,27,,,19,,,18,20.4124,1.6897,21,,,2
1935-10-31,11.8383,13.5534,1.1449,54,13.4385,1.1352,146,17.0627,1.4413,152,14.771,1.2477,138,8.1072,0.6848,85,,,9,14.9899,1.2662,26,,,19,,,18,21.3939,1.8072,21,,,2
1935-11-30,11.8539,13.4003,1.1305,54,13.485,1.1376,146,16.9287,1.4281,152,14.8171,1.25,138,7.8257,0.6602,85,,,9,14.7381,1.2433,26,,,19,,,18,22.3683,1.887,21,,,2
1935-12-31,12.1632,13.4508,1.1059,54,13.7772,1.1327,146,17.3753,1.4285,152,15.151,1.2456,138,7.9307,0.652,85,,,9,14.947,1.2289,26,,,19,,,18,22.0559,1.8133,21,,,2
1936-01-31,11.8758,13.3835,1.127,53,13.4278,1.1307,146,16.9303,1.4256,152,14.9419,1.2582,138,7.6042,0.6403,85,,,9,14.4574,1.2174,26,,,19,,,18,21.9545,1.8487,21,,,2
1936-02-29,12.0014,13.4464,1.1204,53,13.5664,1.1304,146,17.1646,1.4302,152,15.1001,1.2582,138,7.6599,0.6383,85,,,9,14.54,1.2115,26,,,19,,,18,21.9423,1.8283,21,,,2
1936-03-31,11.3961,13.2224,1.1603,52,12.8582,1.1283,146,16.1836,1.4201,152,14.2878,1.2537,138,7.2041,0.6322,85,,,9,13.8481,1.2152,26,,,19,,,18,21.5379,1.8899,21,,,2
1936-04-30,11.1909,13.0094,1.1625,52,12.5824,1.1243,146,15.9034,1.4211,152,14.0608,1.2564,137,7.0473,0.6297,85,,,9,13.6282,1.2178,26,,,19,,,17,21.3873,1.9111,21,,,2
1936-05-29,11.6611,13.3651,1.1461,52,12.9684,1.1121,146,16.537,1.4181,152,14.4599,1.24,137,7.3609,0.6312,84,,,9,13.9465,1.196,26,,,19,,,17,21.6788,1.8591,21,,,2
1936-06-30,10.8513,12.0901,1.1142,52,12.0091,1.1067,146,15.5472,1.4328,152,13.3055,1.2262,136,6.5225,0.6011,84,,,9,12.7297,1.1731,26,,,19,,,17,20.592,1.8977,21,,,2
1936-07-31,11.6832,13.3635,1.1438,54,12.8123,1.0966,156,16.471,1.4098,159,13.791,1.1804,141,6.819,0.5837,96,,,10,13.2434,1.1335,28,,,19,,,17,21.0151,1.7988,21,,,2
1936-08-31,11.484,13.0774,1.1387,54,12.7114,1.1069,156,16.0278,1.3957,159,13.5456,1.1795,141,6.801,0.5922,96,,,10,13.1146,1.142,28,,,19,,,17,20.1968,1.7587,21,,,2
1936-09-30,11.2495,12.9879,1.1545,54,12.4964,1.1108,155,15.6773,1.3936,158,13.3359,1.1855,141,6.7346,0.5987,96,,,10,12.883,1.1452,28,,,19,,,17,18.4561,1.6406,21,,,2
1936-10-31,10.828,12.937,1.1948,54,12.1308,1.1203,155,15.0412,1.3891,158,12.7804,1.1803,141,6.3973,0.5908,96,,,10,12.1223,1.1195,28,,,19,,,17,17.7528,1.6395,21,,,2
1936-11-30,10.858,12.8343,1.182,53,12.0742,1.112,154,15.0062,1.382,157,12.7976,1.1786,141,6.3189,0.582,96,,,10,12.059,1.1106,28,,,19,,,17,17.5455,1.6159,21,,,2
1936-12-31,10.7072,12.8659,1.2016,53,11.8641,1.1081,154,14.664,1.3696,157,12.6078,1.1775,141,6.1959,0.5787,96,,,10,11.8702,1.1086,28,,,19,,,17,17.3797,1.6232,21,,,2
1937-01-30,10.7157,13.2763,1.239,52,11.8846,1.1091,154,14.3668,1.3407,157,12.6408,1.1796,141,6.1997,0.5786,96,,,10,11.6595,1.0881,28,,,19,,,17,18.018,1.6815,21,,,2
1937-02-27,10.7857,13.3314,1.236,52,11.9764,1.1104,154,14.3011,1.3259,157,12.8278,1.1893,141,6.2793,0.5822,95,,,10,11.8739,1.1009,25,,,19,,,17,17.8042,1.6507,21,,,2
1937-03-31,10.332,12.9641,1.2548,52,11.4895,1.112,154,13.6759,1.3236,157,12.426,1.2027,141,5.9338,0.5743,95,,,10,11.3973,1.1031,25,,,19,,,17,16.6458,1.6111,21,,,2
1937-04-30,10.2499,12.5734,1.2267,51,11.3477,1.1071,154,13.588,1.3257,157,12.2467,1.1948,141,5.9221,0.5778,95,,,10,11.2399,1.0966,25,,,19,,,17,16.6292,1.6224,21,,,2
1937-05-28,9.5307,11.9734,1.2563,51,10.5788,1.11,152,12.6647,1.3288,157,11.8242,1.2406,141,5.6516,0.593,95,,,10,10.5458,1.1065,25,,,19,,,17,15.8136,1.6592,21,,,2
1937-06-30,9.9316,12.4103,1.2496,51,11.268,1.1346,152,13.0937,1.3184,157,11.9661,1.2049,141,5.8281,0.5868,95,,,10,10.5153,1.0588,25,,,19,,,17,15.3192,1.5425,21,,,2
1937-07-31,10.8896,13.4781,1.2377,53,12.3872,1.1375,166,13.8393,1.2709,166,12.9226,1.1867,148,6.5732,0.6036,101,,,12,11.391,1.046,29,8.544,0.7846,20,,,17,14.7979,1.3589,22,,,3
1937-08-31,10.9724,13.6269,1.2419,53,12.5621,1.1449,166,13.7913,1.2569,166,13.0278,1.1873,148,6.659,0.6069,101,,,12,11.2957,1.0295,29,8.5671,0.7808,20,,,17,14.7114,1.3408,22,,,3
1937-09-30,10.9864,13.6284,1.2405,53,12.6503,1.1515,166,13.8116,1.2572,166,13.0729,1.1899,148,6.6107,0.6017,101,,,12,11.3154,1.03,29,8.5771,0.7807,20,,,17,14.7842,1.3457,22,,,3
1937-10-30,10.8243,13.484,1.2457,52,12.448,1.15,166,13.5114,1.2483,166,13.0212,1.203,148,6.5076,0.6012,101,,,12,14.0028,1.2936,29,8.4792,0.7834,20,,,17,14.7402,1.3618,22,,,3
1937-11-30,12.689,15.0391,1.1852,52,14.2094,1.1198,166,16.4244,1.2944,166,14.8731,1.1721,148,7.6182,0.6004,101,,,12,15.7271,1.2394,29,10.1596,0.8007,20,,,17,15.3068,1.2063,22,,,3
1937-12-31,16.0285,18.5722,1.1587,52,18.5549,1.1576,166,20.7189,1.2926,166,18.5577,1.1578,148,10.0815,0.629,101,,,12,18.0241,1.1245,29,13.0775,0.8159,20,,,17,17.2863,1.0785,22,,,3
1938-01-31,17.1959,19.7777,1.1501,52,20.0109,1.1637,166,22.3628,1.3005,166,19.9452,1.1599,148,10.7885,0.6274,101,,,12,18.9991,1.1049,29,14.5163,0.8442,20,,,17,18.9062,1.0995,22,,,3
1938-02-28,18.2674,20.6795,1.132,52,21.3834,1.1706,166,23.813,1.3036,166,21.3714,1.1699,148,11.2448,0.6156,101,,,12,19.6414,1.0752,29,15.5127,0.8492,20,,,17,20.3847,1.1159,22,,,3
1938-03-31,18.5898,20.7564,1.1165,52,21.8452,1.1751,166,24.2325,1.3035,166,21.9425,1.1803,148,11.493,0.6182,101,,,12,20.0084,1.0763,29,15.7746,0.8486,20,,,17,20.8867,1.1236,22,,,3
1938-04-30,18.9488,20.6688,1.0908,52,22.3683,1.1805,166,24.6964,1.3033,166,22.5586,1.1905,148,11.6257,0.6135,101,,,12,20.3594,1.0744,29,16.3625,0.8635,20,,,17,21.3223,1.1253,22,,,3
1938-05-31,19.1538,21.0211,1.0975,52,22.5968,1.1798,165,25.213,1.3163,166,22.748,1.1877,148,11.7484,0.6134,101,,,12,20.5746,1.0742,29,16.4759,0.8602,20,,,17,21.2698,1.1105,22,,,3
1938-06-30,20.5392,22.5503,1.0979,52,24.2201,1.1792,165,27.0668,1.3178,163,24.2864,1.1824,148,12.4495,0.6061,101,,,12,21.9466,1.0685,29,17.2641,0.8405,20,,,17,22.3764,1.0895,22,,,3
1938-07-30,20.6239,22.5759,1.0946,54,24.3674,1.1815,177,27.2778,1.3226,167,24.314,1.1789,154,12.5281,0.6075,101,,,12,21.7904,1.0566,31,,,19,,,18,22.8481,1.1078,23,,,3
1938-08-31,20.927,22.8433,1.0916,54,24.9038,1.19,176,27.7522,1.3261,166,24.5724,1.1742,154,12.7209,0.6079,101,,,12,21.1471,1.0105,31,,,19,,,18,23.1619,1.1068,23,,,3
1938-09-30,20.8366,22.5724,1.0833,54,24.9516,1.1975,175,27.6405,1.3265,165,24.7043,1.1856,152,12.5913,0.6043,101,,,12,20.957,1.0058,31,,,19,,,18,22.8657,1.0974,23,,,3
1938-10-31,19.7563,21.0157,1.0638,54,23.6849,1.1989,175,26.4136,1.337,165,23.6935,1.1993,152,11.5451,0.5844,101,,,12,19.9312,1.0089,31,,,19,,,18,22.0505,1.1161,23,,,3
1938-11-30,19.604,20.5921,1.0504,54,23.5548,1.2015,175,26.3751,1.3454,164,23.8061,1.2144,152,11.4547,0.5843,101,,,12,19.9586,1.0181,31,,,19,,,18,20.9949,1.071,23,,,3
1938-12-31,19.5397,20.4429,1.0462,54,23.2036,1.1875,175,26.4417,1.3532,164,23.8038,1.2182,152,11.7535,0.6015,101,,,12,20.2215,1.0349,30,,,19,,,18,20.9278,1.071,23,,,3
1939-01-31,19.3292,20.3238,1.0515,53,22.8783,1.1836,175,26.2121,1.3561,160,23.4961,1.2156,152,11.5859,0.5994,101,,,12,20.0404,1.0368,30,,,19,,,18,20.9409,1.0834,23,,,3
1939-02-28,18.942,19.8859,1.0498,53,22.3747,1.1812,175,25.9039,1.3675,160,23.0609,1.2174,152,11.3888,0.6012,101,,,12,20.1082,1.0616,30,,,19,,,18,20.5429,1.0845,23,,,3
1939-03-31,18.4553,19.1345,1.0368,53,21.7793,1.1801,175,25.3506,1.3736,160,22.5596,1.2224,152,11.1215,0.6026,101,,,12,20.4263,1.1068,30,,,19,,,18,20.5148,1.1116,23,,,3
1939-04-29,17.6955,17.8475,1.0086,53,20.8609,1.1789,175,24.5344,1.3865,160,21.9505,1.2405,152,10.6926,0.6043,101,,,12,19.5253,1.1034,30,,,19,,,18,20.2022,1.1417,23,,,3
1939-05-31,17.68,17.6806,1.0,53,20.6846,1.1699,175,24.5731,1.3899,160,22.0839,1.2491,152,10.6524,0.6025,101,,,12,19.5298,1.1046,29,,,19,,,18,19.8024,1.12,23,,,3
1939-06-30,18.9423,18.5649,0.9801,53,21.9203,1.1572,175,26.2985,1.3883,160,23.6413,1.2481,152,11.6006,0.6124,101,,,12,20.7343,1.0946,29,,,19,,,18,20.6418,1.0897,23,,,3
1939-07-31,18.2255,17.7015,0.9712,53,21.091,1.1572,176,25.3815,1.3926,160,22.9176,1.2574,154,11.2126,0.6152,100,,,12,19.9905,1.0968,28,15.2956,0.8392,21,,,19,20.0546,1.1004,23,,,3
1939-08-31,17.3425,16.5666,0.9553,52,20.0221,1.1545,175,24.2879,1.4005,160,21.9033,1.263,153,10.5035,0.6057,100,,,12,19.2328,1.109,28,14.5465,0.8388,21,,,19,19.404,1.1189,23,,,3
1939-09-30,16.4641,15.6427,0.9501,52,19.0464,1.1568,175,23.1132,1.4039,160,20.7087,1.2578,153,9.891,0.6008,100,,,12,18.3211,1.1128,28,,,19,,,19,18.4285,1.1193,23,,,3
1939-10-31,15.6919,14.5756,0.9289,52,18.2162,1.1609,174,22.0755,1.4068,158,19.6651,1.2532,153,9.3335,0.5948,100,,,12,17.5822,1.1205,28,,,19,,,19,17.354,1.1059,23,,,3
1939-11-30,16.032,15.1267,0.9435,52,18.7425,1.1691,174,22.6671,1.4139,158,19.9689,1.2456,153,9.6604,0.6026,100,,,12,18.2017,1.1353,27,,,19,,,19,17.5222,1.093,23,,,3
1939-12-30,16.052,15.42,0.9606,52,18.7222,1.1664,174,22.8601,1.4241,157,19.834,1.2356,153,9.6607,0.6018,100,,,12,17.7456,1.1055,27,,,19,,,19,17.4005,1.084,23,,,3
1940-01-31,15.6837,14.9676,0.9543,52,18.3595,1.1706,174,22.369,1.4263,157,19.4403,1.2395,153,9.4731,0.604,100,,,12,16.7994,1.0711,27,,,19,,,19,16.9955,1.0836,23,,,3
1940-02-29,14.5344,13.8485,0.9528,51,16.9966,1.1694,174,20.953,1.4416,157,18.0589,1.2425,153,8.9005,0.6124,100,,,12,18.1906,1.2516,27,,,19,,,19,15.7994,1.087,23,,,3
1940-03-30,14.0872,13.5733,0.9635,51,16.4964,1.171,174,20.3732,1.4462,157,17.4479,1.2386,153,8.7741,0.6228,100,,,12,17.9583,1.2748,27,,,19,,,19,15.1085,1.0725,23,,,3
1940-04-30,12.3844,12.3998,1.0012,51,14.5179,1.1723,174,18.1511,1.4656,157,15.2648,1.2326,153,7.7032,0.622,100,,,12,16.332,1.3188,27,,,19,,,19,13.3198,1.0755,23,,,3
1940-05-31,11.9329,11.9523,1.0016,51,14.0004,1.1733,174,17.5295,1.469,157,14.6222,1.2254,153,7.4917,0.6278,100,,,12,16.0384,1.3441,27,,,19,,,19,12.9309,1.0836,23,,,3
1940-06-29,11.6231,11.8049,1.0156,51,13.7007,1.1788,174,17.1172,1.4727,157,14.1747,1.2195,152,7.3304,0.6307,99,,,12,15.8186,1.361,27,,,19,,,19,12.852,1.1057,23,,,3
1940-07-31,14.1295,13.651,0.9661,51,16.3489,1.1571,179,19.304,1.3662,165,17.4761,1.2369,156,10.0521,0.7114,101,,,13,17.1029,1.2104,29,11.6125,0.8219,20,,,19,14.4848,1.0251,24,,,2
1940-08-31,15.4629,15.6166,1.0099,51,17.9142,1.1585,179,20.5802,1.3309,165,18.7837,1.2148,156,11.561,0.7477,101,,,13,18.0739,1.1689,29,13.45,0.8698,20,,,19,15.035,0.9723,24,,,2
1940-09-30,14.9599,14.9778,1.0012,51,17.1899,1.1491,179,19.7339,1.3191,164,18.2813,1.222,155,11.2493,0.752,101,,,13,17.5254,1.1715,29,12.9869,0.8681,20,,,19,14.8685,0.9939,24,,,2
1940-10-31,15.1303,15.0888,0.9973,51,17.409,1.1506,179,19.9315,1.3173,162,18.5885,1.2286,155,11.3028,0.747,101,,,13,17.4498,1.1533,29,13.1369,0.8683,20,,,19,14.8834,0.9837,24,,,2
1940-11-30,15.299,15.2842,0.999,51,17.6258,1.1521,179,20.1011,1.3139,161,18.8085,1.2294,155,11.4087,0.7457,101,,,13,17.3364,1.1332,29,13.3156,0.8704,20,,,19,14.8631,0.9715,24,,,2
1940-12-31,15.1594,15.2974,1.0091,51,17.4967,1.1542,179,19.8418,1.3089,161,18.5843,1.2259,155,11.3805,0.7507,101,,,13,15.6551,1.0327,29,13.2733,0.8756,20,,,19,14.6396,0.9657,24,,,2
1941-01-31,15.2056,15.6864,1.0316,50,17.6366,1.1599,179,19.7883,1.3014,161,18.5057,1.217,155,11.3447,0.7461,100,,,13,15.8039,1.0394,29,13.2941,0.8743,20,,,19,15.662,1.03,24,,,2
1941-02-28,14.6484,15.3579,1.0484,50,17.0543,1.1642,179,18.8845,1.2892,161,17.7413,1.2111,155,11.0105,0.7517,100,,,13,15.04,1.0267,29,12.8397,0.8765,20,,,19,15.0827,1.0297,24,,,2
1941-03-31,14.6029,15.4356,1.057,49,16.9963,1.1639,179,18.7705,1.2854,161,17.6557,1.2091,155,11.0343,0.7556,100,,,13,15.012,1.028,29,12.806,0.877,20,,,19,15.0481,1.0305,24,,,2
1941-04-30,14.7427,15.4849,1.0503,49,17.2535,1.1703,179,19.0169,1.2899,161,17.7737,1.2056,155,11.1398,0.7556,100,,,13,14.9518,1.0142,29,12.8745,0.8733,20,,,19,14.9387,1.0133,24,,,2
1941-05-31,12.8431,14.1706,1.1034,49,15.1946,1.1831,179,16.8284,1.3103,161,15.2841,1.1901,155,9.6213,0.7491,100,,,13,13.3536,1.0398,29,12.0172,0.9357,20,,,19,13.6585,1.0635,24,,,2
1941-06-30,11.1756,12.4654,1.1154,49,13.4003,1.1991,179,14.9647,1.3391,161,13.3246,1.1923,155,7.8781,0.7049,100,,,13,11.6218,1.0399,29,10.1151,0.9051,20,,,19,12.5993,1.1274,24,,,2
1941-07-31,10.8485,12.2816,1.1321,50,13.0746,1.2052,183,14.4168,1.3289,168,12.9688,1.1954,156,7.6193,0.7023,101,,,13,11.2379,1.0359,29,9.6306,0.8877,20,7.2188,0.6654,20,11.5576,1.0654,27,,,3
1941-08-30,10.4956,12.1309,1.1558,50,12.6664,1.2068,183,13.749,1.31,168,12.4454,1.1858,156,7.5269,0.7171,101,,,13,11.0098,1.049,29,9.3941,0.8951,20,7.2256,0.6884,20,11.3961,1.0858,27,,,3
1941-09-30,10.2688,12.0729,1.1757,50,12.4088,1.2084,183,13.4123,1.3061,167,12.0772,1.1761,156,7.3828,0.719,101,,,13,10.7152,1.0435,29,9.1589,0.8919,20,7.2321,0.7043,20,11.3183,1.1022,27,,,3
1941-10-31,10.0794,12.0116,1.1917,50,12.1348,1.2039,183,13.1351,1.3032,167,11.9643,1.187,156,7.287,0.723,101,,,13,9.7642,0.9687,29,8.9561,0.8886,20,7.1053,0.7049,20,11.2488,1.116,27,,,3
1941-11-29,9.651,11.3586,1.1769,50,11.6387,1.206,183,12.6742,1.3133,167,11.6218,1.2042,156,7.1486,0.7407,101,,,13,9.3049,0.9641,29,8.7912,0.9109,20,7.009,0.7262,20,9.4963,0.984,27,,,3
1941-12-31,9.7359,11.4128,1.1722,50,11.7052,1.2023,183,12.8652,1.3214,167,11.7019,1.2019,156,7.2347,0.7431,101,,,13,9.3721,0.9626,29,9.1207,0.9368,20,,,19,9.4694,0.9726,27,,,3
1942-01-31,9.8541,11.5075,1.1678,50,11.7798,1.1954,183,12.9949,1.3187,167,11.7118,1.1885,156,7.5469,0.7659,101,,,13,9.4726,0.9613,29,9.0193,0.9153,20,,,19,9.9539,1.0101,27,,,3
1942-02-28,10.6297,12.6091,1.1862,50,11.9967,1.1286,183,13.6497,1.2841,167,12.4367,1.17,156,8.4843,0.7982,101,,,13,10.3675,0.9753,29,9.2981,0.8747,20,,,19,11.5782,1.0892,27,,,3
1942-03-31,9.9466,12.7148,1.2783,50,11.2843,1.1345,183,12.9283,1.2998,167,11.5473,1.1609,156,7.9156,0.7958,101,,,13,10.1301,1.0184,29,9.053,0.9102,20,,,19,11.3569,1.1418,27,,,3
1942-04-30,8.8482,11.8373,1.3378,50,9.7795,1.1052,183,11.5681,1.3074,167,10.3976,1.1751,156,7.0724,0.7993,100,,,13,9.2044,1.0403,29,7.9316,0.8964,20,,,19,10.8591,1.2273,27,,,3
1942-05-29,9.1531,12.3943,1.3541,50,9.9966,1.0922,183,11.6228,1.2698,167,10.5285,1.1503,156,7.4106,0.8096,100,,,13,9.3379,1.0202,29,8.0738,0.8821,20,,,19,11.0742,1.2099,27,,,3
1942-06-30,9.1449,12.2362,1.338,50,9.9731,1.0906,183,11.6201,1.2707,167,10.4405,1.1417,156,7.5869,0.8296,100,,,13,9.3575,1.0232,29,8.06,0.8814,20,,,19,11.1144,1.2154,27,,,3
1942-07-31,9.236,12.4006,1.3426,50,9.9738,1.0799,185,11.5554,1.2511,174,10.508,1.1377,156,7.6578,0.8291,101,,,14,9.3139,1.0084,29,8.4185,0.9115,20,10.3574,1.1214,20,11.2043,1.2131,27,,,3
1942-08-31,9.3203,12.3822,1.3285,50,10.0218,1.0753,184,11.5305,1.2371,174,10.6227,1.1397,156,7.8183,0.8388,101,,,14,9.2329,0.9906,28,8.6383,0.9268,20,10.6921,1.1472,20,11.3989,1.223,27,,,3
1942-09-30,9.292,12.3366,1.3277,50,9.994,1.0755,184,11.4782,1.2353,174,10.6689,1.1482,156,7.8769,0.8477,101,,,14,9.1288,0.9824,28,8.6166,0.9273,20,10.8497,1.1676,20,10.9063,1.1737,27,,,3
1942-10-31,9.2053,12.4085,1.348,50,9.7685,1.0612,184,11.3635,1.2345,174,10.6161,1.1532,156,7.83,0.8506,101,,,14,9.0622,0.9845,28,8.347,0.9068,20,10.8536,1.1791,20,10.9922,1.1941,27,,,3
1942-11-30,9.1229,12.2653,1.3444,50,9.6765,1.0607,184,11.2079,1.2285,174,10.5134,1.1524,155,7.6502,0.8386,101,,,14,8.9617,0.9823,28,8.3634,0.9167,20,10.8768,1.1922,20,10.8335,1.1875,27,,,3
1942-12-31,8.2312,11.6247,1.4123,50,8.8471,1.0748,184,9.9712,1.2114,174,9.4515,1.1482,155,6.8503,0.8322,101,,,14,8.2051,0.9968,28,7.8728,0.9565,20,10.2861,1.2496,20,9.9777,1.2122,27,,,3
1943-01-30,8.1239,11.2504,1.3849,49,8.7158,1.0729,184,9.8154,1.2082,174,9.2228,1.1353,155,6.7192,0.8271,101,,,14,8.0246,0.9878,28,7.6459,0.9412,20,9.6102,1.183,20,10.1427,1.2485,27,,,3
1943-02-27,7.9729,11.0757,1.3892,49,8.5487,1.0722,184,9.5225,1.1944,174,9.0811,1.139,155,6.6255,0.831,101,,,14,7.9789,1.0007,28,7.6076,0.9542,20,9.6306,1.2079,20,10.0587,1.2616,27,,,3
1943-03-31,7.5269,10.0069,1.3295,49,8.1799,1.0868,183,9.24,1.2276,174,8.6981,1.1556,155,6.296,0.8365,101,,,14,7.6398,1.015,28,7.2299,0.9605,20,9.2151,1.2243,20,10.0673,1.3375,27,,,3
1943-04-30,7.308,9.9063,1.3555,49,7.9434,1.0869,183,8.8839,1.2156,173,8.4753,1.1597,155,6.0418,0.8267,101,,,14,7.5095,1.0276,28,7.0508,0.9648,20,9.2058,1.2597,20,10.1115,1.3836,27,,,3
1943-05-29,7.0722,9.4738,1.3396,48,7.6873,1.087,183,8.8059,1.2451,173,8.2083,1.1606,155,5.9665,0.8437,101,,,14,7.7572,1.0969,28,6.5854,0.9312,20,8.4837,1.1996,20,10.2578,1.4504,27,,,3
1943-06-30,7.7937,10.3338,1.3259,48,8.2227,1.0551,183,9.7332,1.2489,173,8.9801,1.1522,155,6.2653,0.8039,101,,,14,8.3551,1.072,28,6.91,0.8866,20,8.1514,1.0459,20,10.9086,1.3997,27,,,3
1943-07-31,7.8283,10.2612,1.3108,49,8.1731,1.044,182,9.9767,1.2744,173,8.9226,1.1398,157,6.1554,0.7863,102,,,14,8.5246,1.0889,28,6.9099,0.8827,21,8.0772,1.0318,20,10.9941,1.4044,27,,,3
1943-08-31,7.8297,10.1605,1.2977,49,8.0394,1.0268,182,9.9292,1.2681,173,8.8716,1.1331,157,6.356,0.8118,101,,,14,8.6576,1.1057,28,7.0907,0.9056,21,8.0692,1.0306,20,11.0157,1.4069,27,,,3
1943-09-30,7.8176,10.1691,1.3008,49,8.0575,1.0307,182,9.8961,1.2659,173,8.7566,1.1201,157,6.3362,0.8105,101,,,14,8.6716,1.1092,28,6.939,0.8876,21,7.9955,1.0228,20,11.0724,1.4163,27,,,3
1943-10-30,8.1057,10.6462,1.3134,49,8.1452,1.0049,182,10.4556,1.2899,173,9.1555,1.1295,157,6.5097,0.8031,101,,,14,8.8404,1.0906,28,7.1343,0.8802,21,7.7385,0.9547,20,10.8918,1.3437,27,,,3
1943-11-30,8.0031,10.3238,1.29,48,7.9668,0.9955,182,10.3748,1.2963,173,9.0759,1.1341,157,6.3909,0.7986,101,,,14,8.7743,1.0964,28,7.0833,0.8851,21,7.1597,0.8946,20,10.6115,1.3259,27,,,3
1943-12-31,7.9978,10.2129,1.277,47,7.8961,0.9873,182,10.3346,1.2922,173,9.1773,1.1475,157,6.411,0.8016,101,,,14,8.7476,1.0937,28,7.0343,0.8795,21,7.0171,0.8774,20,10.6762,1.3349,27,,,3
1944-01-31,8.2757,10.3871,1.2551,47,8.1702,0.9872,182,10.8965,1.3167,171,9.3545,1.1303,157,6.6815,0.8074,101,,,14,9.2417,1.1167,28,7.1311,0.8617,21,6.7692,0.818,20,11.0546,1.3358,27,,,3
1944-02-29,8.2448,10.5616,1.281,46,8.0882,0.981,182,10.9096,1.3232,169,9.2632,1.1235,157,6.6214,0.8031,101,,,14,9.2785,1.1254,28,7.0916,0.8601,21,6.6734,0.8094,20,10.9051,1.3227,27,,,3
1944-03-31,8.0289,10.328,1.2863,46,7.8867,0.9823,182,10.7148,1.3345,168,9.0608,1.1285,157,6.4266,0.8004,101,,,14,9.0205,1.1235,28,6.8353,0.8513,21,6.1239,0.7627,20,10.9311,1.3615,27,,,3
1944-04-29,7.5467,9.747,1.2916,46,7.4105,0.982,182,10.2378,1.3566,168,8.4858,1.1245,157,6.1378,0.8133,101,,,14,8.5605,1.1343,28,6.3999,0.848,21,5.5654,0.7375,20,10.3578,1.3725,27,,,3
1944-05-31,7.3755,9.4742,1.2845,46,7.2702,0.9857,182,10.0122,1.3575,168,8.317,1.1277,157,5.9998,0.8135,101,,,14,8.4246,1.1422,28,6.283,0.8519,21,5.1511,0.6984,20,10.4253,1.4135,27,,,3
1944-06-30,7.4232,9.3518,1.2598,46,7.3283,0.9872,182,10.1444,1.3666,168,8.3711,1.1277,157,6.0078,0.8093,101,,,14,8.4761,1.1418,28,5.9738,0.8048,21,5.1027,0.6874,20,10.6792,1.4386,26,,,3
1944-07-31,7.4014,9.2981,1.2563,48,7.2758,0.983,187,10.1643,1.3733,181,8.3703,1.1309,158,5.981,0.8081,102,,,15,8.4419,1.1406,27,5.9027,0.7975,22,5.0371,0.6806,20,10.6558,1.4397,30,,,3
1944-08-31,6.7972,8.4276,1.2399,48,6.8573,1.0088,187,9.4304,1.3874,180,7.6728,1.1288,158,5.6086,0.8251,102,,,15,8.1393,1.1975,27,5.5857,0.8218,22,4.1296,0.6075,20,10.3283,1.5195,30,,,3
1944-09-30,6.7494,8.3006,1.2298,48,6.8967,1.0218,187,9.3942,1.3919,180,7.5541,1.1192,158,5.6264,0.8336,102,,,15,8.1964,1.2144,27,5.6087,0.831,22,4.0934,0.6065,20,10.1347,1.5016,30,,,3
1944-10-31,6.7834,8.3392,1.2294,48,6.957,1.0256,187,9.4054,1.3865,180,7.7097,1.1366,157,5.5617,0.8199,102,,,15,8.1022,1.1944,27,5.5372,0.8163,22,4.0633,0.599,20,10.0299,1.4786,30,,,3
1944-11-30,6.6066,8.2025,1.2416,48,6.7491,1.0216,187,9.035,1.3676,179,7.8459,1.1876,157,5.3324,0.8071,101,,,15,7.8182,1.1834,27,5.4225,0.8208,22,3.8338,0.5803,20,9.4076,1.424,30,,,3
1944-12-30,6.4981,7.9149,1.218,48,6.6862,1.0289,187,8.8604,1.3635,179,7.8037,1.2009,157,5.1841,0.7978,101,,,15,7.6484,1.177,27,5.283,0.813,22,3.634,0.5592,20,9.2583,1.4248,30,,,3
1945-01-31,6.54,7.8883,1.2062,48,6.685,1.0222,187,8.9291,1.3653,179,8.0171,1.2259,157,5.1813,0.7923,101,,,15,7.6441,1.1688,26,5.2281,0.7994,22,3.5477,0.5425,20,8.8585,1.3545,30,,,3
1945-02-28,6.2812,7.5163,1.1966,48,6.4684,1.0298,187,8.6319,1.3742,179,7.727,1.2302,156,4.9894,0.7943,101,,,15,7.4863,1.1919,26,5.1053,0.8128,22,3.4493,0.5491,20,8.5661,1.3638,30,,,3
1945-03-31,6.3163,7.5629,1.1973,48,6.5776,1.0414,187,8.7166,1.38,179,7.7036,1.2196,156,5.0445,0.7986,101,,,15,7.4991,1.1872,26,5.2586,0.8325,22,3.4199,0.5414,20,8.3586,1.3233,30,,,3
1945-04-30,6.3503,7.5815,1.1939,48,6.6213,1.0427,187,8.8485,1.3934,179,7.7017,1.2128,156,4.9617,0.7813,101,,,15,7.4998,1.181,26,5.3056,0.8355,22,3.771,0.5938,20,8.1909,1.2898,30,,,3
1945-05-31,6.5512,7.7545,1.1837,48,7.0793,1.0806,187,9.058,1.3826,179,7.8393,1.1966,156,4.968,0.7583,101,,,15,7.6063,1.161,26,5.4197,0.8273,22,3.794,0.5791,20,7.9425,1.2124,30,,,3
1945-06-30,6.5999,7.9511,1.2047,48,7.1424,1.0822,187,9.1147,1.381,179,7.8295,1.1863,156,4.9694,0.753,101,,,15,7.8316,1.1866,26,5.4029,0.8186,22,3.5447,0.5371,20,7.6445,1.1583,30,,,3
1945-07-31,6.6385,7.9494,1.1975,49,7.1494,1.0769,191,9.2373,1.3915,189,7.8668,1.185,165,4.9784,0.7499,102,,,16,7.7867,1.1729,26,5.4198,0.8164,23,3.5449,0.534,21,7.4458,1.1216,31,,,3
1945-08-31,6.5457,7.835,1.197,49,7.0895,1.0831,191,9.1699,1.4009,189,7.5986,1.1609,165,4.9294,0.7531,102,,,16,7.6498,1.1687,26,5.3562,0.8183,23,3.5717,0.5457,21,7.2728,1.1111,31,,,3
1945-09-29,6.7861,7.9218,1.1674,49,7.3436,1.0822,191,9.6599,1.4235,189,7.6664,1.1297,165,5.0117,0.7385,102,,,16,8.0877,1.1918,26,5.3806,0.7929,23,3.7854,0.5578,21,7.5726,1.1159,31,,,3
1945-10-31,6.8695,7.769,1.131,49,7.4801,1.0889,191,10.0276,1.4597,189,7.6442,1.1128,165,4.9664,0.723,102,,,16,7.94,1.1558,26,5.2761,0.7681,23,3.9173,0.5702,21,7.5442,1.0982,31,,,3
1945-11-30,7.0231,8.0321,1.1437,49,7.6317,1.0866,191,10.3394,1.4722,189,7.7288,1.1005,165,5.079,0.7232,101,,,16,8.1163,1.1557,26,5.4377,0.7742,23,3.9807,0.5668,21,7.774,1.1069,31,,,3
1945-12-31,7.1363,8.1021,1.1353,48,7.7895,1.0915,191,10.4024,1.4577,189,7.9993,1.1209,165,5.1363,0.7197,101,,,16,8.34,1.1687,26,5.5884,0.7831,23,4.0591,0.5688,20,7.7351,1.0839,31,,,3
1946-01-31,7.2734,8.1956,1.1268,48,7.9846,1.0978,191,10.4893,1.4421,189,8.1336,1.1183,165,5.2511,0.722,101,,,16,8.3928,1.1539,26,5.7707,0.7934,23,4.3078,0.5923,20,7.8735,1.0825,31,,,3
1946-02-28,7.4674,8.3516,1.1184,48,8.1716,1.0943,190,10.5513,1.413,189,8.487,1.1365,165,5.3921,0.7221,101,,,16,8.5286,1.1421,26,5.8074,0.7777,23,4.5047,0.6032,20,7.9397,1.0632,31,,,3
1946-03-30,7.8016,8.442,1.0821,48,8.4892,1.0881,190,10.8861,1.3954,189,8.839,1.133,164,5.6753,0.7274,101,,,16,9.2167,1.1814,26,6.1598,0.7896,23,4.9103,0.6294,20,8.4169,1.0789,31,,,3
1946-04-30,7.8033,8.1731,1.0474,48,8.6292,1.1058,190,10.7555,1.3783,189,9.0271,1.1568,164,5.7321,0.7346,101,,,16,9.303,1.1922,26,6.3926,0.8192,23,5.0514,0.6473,20,8.4916,1.0882,31,,,3
1946-05-31,9.4293,9.2471,0.9807,48,10.3889,1.1018,190,12.2911,1.3035,189,10.7225,1.1371,164,7.0991,0.7529,101,,,16,11.011,1.1677,26,8.2934,0.8795,23,6.5696,0.6967,20,10.0547,1.0663,31,,,3
1946-06-28,9.4794,9.3746,0.989,48,10.4389,1.1012,190,12.2646,1.2938,189,10.8316,1.1426,164,7.1222,0.7513,101,,,16,11.0348,1.1641,26,8.4276,0.889,23,6.6046,0.6967,20,10.1083,1.0663,31,,,3
1946-07-31,9.4797,9.4331,0.9951,50,10.5079,1.1085,201,12.1616,1.2829,198,10.7798,1.1372,168,7.1272,0.7518,109,,,18,11.0522,1.1659,26,8.7003,0.9178,23,6.5905,0.6952,21,10.1655,1.0723,36,,,3
1946-08-30,9.2584,9.1892,0.9925,50,10.3163,1.1143,201,11.7539,1.2695,198,10.6816,1.1537,168,6.9976,0.7558,109,,,18,10.8037,1.1669,26,8.6905,0.9387,23,6.4483,0.6965,21,9.9193,1.0714,36,,,3
1946-09-30,9.3538,9.1034,0.9732,50,10.54,1.1268,201,11.6147,1.2417,198,10.8483,1.1598,167,7.1275,0.762,109,,,18,10.9503,1.1707,26,9.6389,1.0305,23,6.4818,0.693,21,9.8217,1.05,36,,,3
1946-10-31,9.6117,9.1529,0.9523,50,10.9277,1.1369,201,11.8192,1.2297,198,11.0496,1.1496,167,7.4468,0.7748,109,,,18,11.0852,1.1533,26,10.0164,1.0421,23,6.5609,0.6826,21,9.939,1.0341,36,,,3
1946-11-30,12.7501,11.7885,0.9246,50,14.4105,1.1302,201,15.0992,1.1842,198,14.3885,1.1285,166,10.7196,0.8407,109,,,18,13.9509,1.0942,26,12.562,0.9852,23,8.8095,0.6909,21,13.1097,1.0282,36,,,3
1946-12-31,13.6366,12.6045,0.9243,50,15.3679,1.127,201,16.2069,1.1885,197,15.3508,1.1257,166,11.5078,0.8439,109,,,18,14.9599,1.097,26,13.2128,0.9689,23,9.2453,0.678,21,14.1482,1.0375,36,,,3
1947-01-31,13.9055,12.7871,0.9196,50,15.5549,1.1186,201,16.6074,1.1943,197,15.736,1.1316,166,11.8321,0.8509,109,,,18,15.0932,1.0854,26,13.3081,0.957,23,9.4308,0.6782,21,14.6559,1.054,36,,,3
1947-02-28,14.0769,12.9182,0.9177,50,15.7752,1.1206,201,16.897,1.2003,197,15.9315,1.1317,166,11.9924,0.8519,109,,,18,15.1246,1.0744,26,13.439,0.9547,23,9.5262,0.6767,21,14.6961,1.044,36,,,3
1947-03-31,13.5568,12.4341,0.9172,50,15.174,1.1193,201,16.3865,1.2087,197,15.3881,1.1351,166,11.7762,0.8687,109,,,18,14.5492,1.0732,26,12.9766,0.9572,23,9.1215,0.6728,21,14.2477,1.051,36,,,3
1947-04-30,13.5058,12.2891,0.9099,50,15.1516,1.1219,201,16.39,1.2136,197,15.4374,1.143,166,11.7014,0.8664,109,,,18,14.4475,1.0697,26,12.8383,0.9506,23,9.0083,0.667,21,14.0663,1.0415,36,,,3
1947-05-29,13.7134,12.3717,0.9022,50,15.3974,1.1228,201,16.7045,1.2181,197,15.7246,1.1467,166,11.8397,0.8634,109,,,18,14.5378,1.0601,26,12.9776,0.9463,23,9.1453,0.6669,21,14.1577,1.0324,36,,,3
1947-06-30,13.8469,12.4389,0.8983,50,15.5707,1.1245,201,16.8831,1.2193,197,15.8874,1.1474,166,11.984,0.8655,109,,,18,14.7913,1.0682,26,12.9572,0.9357,23,9.1544,0.6611,21,14.2161,1.0267,36,,,3
1947-07-31,13.7927,12.4371,0.9017,51,15.4797,1.1223,207,16.7434,1.2139,204,15.9761,1.1583,180,11.9762,0.8683,115,,,18,14.82,1.0745,26,12.6762,0.919,24,9.1075,0.6603,21,14.1108,1.0231,48,,,2
1947-08-29,13.9225,12.6066,0.9055,51,15.5714,1.1184,207,16.9172,1.2151,204,16.1313,1.1587,180,12.0788,0.8676,115,,,18,15.0737,1.0827,26,13.0589,0.938,24,9.1634,0.6582,21,14.2084,1.0205,47,,,2
1947-09-30,13.9557,12.698,0.9099,51,15.5392,1.1135,207,16.9853,1.2171,204,16.203,1.161,180,12.1693,0.872,115,,,18,15.1377,1.0847,26,13.1145,0.9397,24,9.4042,0.6739,21,14.2162,1.0187,47,,,2
1947-10-31,11.9304,10.8836,0.9123,51,13.2401,1.1098,207,15.0718,1.2633,204,14.2058,1.1907,180,10.277,0.8614,115,,,18,13.2114,1.1074,26,11.3525,0.9516,24,7.965,0.6676,21,11.8593,0.994,47,,,2
1947-11-29,11.6734,10.6731,0.9143,51,12.9369,1.1082,207,14.8016,1.268,204,13.9994,1.1993,180,10.0045,0.857,115,,,18,12.7669,1.0937,26,11.1461,0.9548,24,7.8869,0.6756,21,11.4311,0.9792,46,,,2
1947-12-31,11.1403,10.3885,0.9325,51,12.4681,1.1192,207,14.1354,1.2689,204,13.3713,1.2003,180,9.4864,0.8515,115,,,18,12.2875,1.103,26,10.9606,0.9839,24,7.4559,0.6693,21,10.4141,0.9348,46,,,2
1948-01-31,10.9361,10.293,0.9412,51,12.1856,1.1143,207,13.8238,1.2641,204,13.1077,1.1986,180,9.3514,0.8551,115,,,18,12.215,1.117,26,10.8673,0.9937,24,7.3499,0.6721,21,10.2152,0.9341,46,,,2
1948-02-28,10.502,10.0221,0.9543,51,11.7356,1.1175,207,13.3925,1.2752,204,12.59,1.1988,180,8.9577,0.853,115,,,18,11.6641,1.1107,26,10.6589,1.0149,24,6.9743,0.6641,21,9.7635,0.9297,46,,,2
1948-03-31,10.4006,10.4433,1.0041,51,11.5509,1.1106,207,13.2765,1.2765,204,12.3794,1.1903,180,8.849,0.8508,115,,,18,11.6125,1.1165,26,10.5021,1.0098,24,6.8727,0.6608,21,9.7148,0.9341,46,,,2
1948-04-30,10.4686,10.9635,1.0473,51,11.5877,1.1069,207,13.3377,1.2741,204,12.2725,1.1723,180,8.9512,0.8551,115,,,18,11.6425,1.1121,26,10.6613,1.0184,24,6.6328,0.6336,21,9.5827,0.9154,46,,,2
1948-05-28,10.2493,10.9494,1.0683,51,11.3025,1.1028,207,13.0667,1.2749,204,11.9324,1.1642,180,8.6909,0.848,115,,,18,11.22,1.0947,26,10.6174,1.0359,24,6.6137,0.6453,21,9.3326,0.9106,46,,,2
1948-06-30,10.0265,10.8503,1.0822,51,11.0838,1.1054,207,12.8069,1.2773,204,11.6202,1.1589,180,8.497,0.8475,115,,,18,10.9082,1.0879,26,9.9397,0.9913,24,6.5334,0.6516,21,9.0407,0.9017,46,,,2
1948-07-30,9.8924,10.9309,1.105,53,10.8942,1.1013,211,12.6754,1.2813,215,11.4127,1.1537,186,8.2415,0.8331,120,,,18,10.7187,1.0835,28,9.7574,0.9863,25,6.2201,0.6288,21,8.9032,0.9,53,,,2
1948-08-31,9.1989,10.4008,1.1307,53,10.1438,1.1027,211,11.8983,1.2935,215,10.7284,1.1663,186,7.5111,0.8165,120,,,18,10.1042,1.0984,28,9.4132,1.0233,25,5.5019,0.5981,21,8.2135,0.8929,52,,,2
1948-09-30,8.3354,9.8135,1.1773,53,9.1522,1.098,211,11.0223,1.3224,215,9.7453,1.1692,186,6.6781,0.8012,120,,,18,9.1912,1.1027,28,8.6644,1.0395,25,5.0271,0.6031,21,7.3721,0.8844,52,,,2
1948-10-30,8.6349,10.7703,1.2473,53,9.4534,1.0948,210,11.1473,1.291,215,9.8708,1.1431,186,6.6366,0.7686,120,,,18,9.7151,1.1251,28,8.8721,1.0275,25,4.837,0.5602,21,7.3185,0.8476,52,,,2
1948-11-30,8.5232,11.0115,1.2919,53,9.3543,1.0975,210,10.9757,1.2877,215,9.5832,1.1244,186,6.5069,0.7634,120,,,18,9.477,1.1119,28,8.9051,1.0448,25,4.6531,0.5459,21,6.934,0.8135,52,,,2
1948-12-31,8.8189,11.5417,1.3087,53,9.5813,1.0864,210,11.3235,1.284,215,9.7458,1.1051,186,6.6729,0.7567,120,,,18,9.4018,1.0661,28,9.1365,1.036,25,4.7102,0.5341,21,7.0547,0.7999,52,,,2
1949-01-31,10.3054,13.3038,1.291,53,11.1692,1.0838,210,13.2039,1.2813,215,11.0361,1.0709,186,7.4781,0.7257,120,,,18,10.5718,1.0259,28,10.5985,1.0284,25,5.017,0.4868,21,8.5045,0.8252,52,,,2
1949-02-28,10.2749,13.1502,1.2798,53,11.2082,1.0908,210,13.18,1.2827,215,10.9746,1.0681,186,7.4769,0.7277,120,,,18,10.5394,1.0257,28,10.5259,1.0244,25,4.9617,0.4829,21,8.3935,0.8169,52,,,2
1949-03-31,10.0174,12.9394,1.2917,53,10.8997,1.0881,210,12.9343,1.2912,215,10.6444,1.0626,186,7.2108,0.7198,120,,,18,10.3425,1.0325,28,10.3455,1.0328,25,4.8019,0.4794,21,8.2519,0.8238,52,,,2
1949-04-30,9.8699,13.0517,1.3224,53,10.7221,1.0863,210,12.7017,1.2869,215,10.3798,1.0517,186,6.9849,0.7077,120,,,18,10.0608,1.0193,28,10.3217,1.0458,25,4.7811,0.4844,21,8.1612,0.8269,52,,,2
1949-05-31,9.711,12.9325,1.3317,53,10.5244,1.0838,210,12.5492,1.2923,215,10.1176,1.0419,186,6.8565,0.7061,120,,,18,9.8949,1.0189,28,10.1749,1.0478,25,4.6933,0.4833,21,7.9957,0.8234,52,,,2
1949-06-30,9.5826,12.8934,1.3455,53,10.3873,1.084,210,12.4036,1.2944,215,9.9091,1.0341,186,6.7145,0.7007,120,,,18,9.7635,1.0189,28,10.0376,1.0475,25,4.4433,0.4637,21,7.8839,0.8227,52,,,2
1949-07-29,9.5364,12.898,1.3525,55,10.3186,1.082,216,12.3131,1.2912,219,9.7838,1.0259,189,6.7127,0.7039,121,,,18,9.6548,1.0124,29,9.9567,1.0441,25,4.4078,0.4622,23,7.8762,0.8259,58,,,2
1949-08-31,9.2875,12.5563,1.352,55,10.0496,1.0821,216,12.0753,1.3002,219,9.4668,1.0193,189,6.6466,0.7156,121,,,18,9.2791,0.9991,29,9.6779,1.042,25,4.2232,0.4547,23,7.7237,0.8316,57,,,2
1949-09-30,9.3646,12.6936,1.3555,55,10.2141,1.0907,216,12.1918,1.3019,219,9.5122,1.0158,189,6.6641,0.7116,121,,,18,9.1703,0.9792,29,9.6592,1.0315,25,4.1874,0.4471,23,7.7278,0.8252,57,,,2
1949-10-31,9.0984,12.2979,1.3517,55,10.0225,1.1016,216,11.8421,1.3016,219,9.2769,1.0196,189,6.4788,0.7121,121,,,18,9.0382,0.9934,29,9.45,1.0386,25,3.9702,0.4364,23,7.5665,0.8316,57,,,2
1949-11-30,9.1251,12.3234,1.3505,55,10.0704,1.1036,216,11.8106,1.2943,219,9.3445,1.024,189,6.4952,0.7118,121,,,18,9.0299,0.9896,29,9.4533,1.036,25,4.0769,0.4468,23,7.5246,0.8246,57,,,2
1949-12-31,7.9917,11.2536,1.4082,55,8.8349,1.1055,216,10.2768,1.2859,219,8.3987,1.0509,189,5.7165,0.7153,121,,,18,8.1194,1.016,29,8.3368,1.0432,25,3.8479,0.4815,23,6.2896,0.787,57,,,2
1950-01-31,7.981,11.0688,1.3869,55,8.9069,1.116,216,10.3008,1.2907,218,8.4889,1.0636,189,5.742,0.7195,121,,,18,8.0959,1.0144,29,8.3269,1.0433,25,3.8672,0.4845,23,6.2101,0.7781,57,,,2
1950-02-28,7.755,10.8596,1.4003,55,8.7032,1.1223,216,10.0827,1.3002,218,8.2255,1.0607,187,5.4956,0.7086,121,,,18,7.8816,1.0163,29,8.0919,1.0434,25,3.7383,0.482,23,6.0128,0.7753,57,,,2
1950-03-31,7.6869,10.4624,1.3611,55,8.7234,1.1348,216,10.0831,1.3117,218,8.1737,1.0633,187,5.6487,0.7349,121,,,18,7.877,1.0247,29,7.9848,1.0388,25,3.7277,0.4849,23,5.908,0.7686,57,,,2
1950-04-29,7.6256,10.2944,1.35,55,8.6881,1.1393,216,9.9765,1.3083,218,8.1238,1.0653,187,5.672,0.7438,121,,,18,7.713,1.0115,29,8.0862,1.0604,25,3.7305,0.4892,23,5.8699,0.7698,57,,,2
1950-05-31,7.5282,10.187,1.3532,55,8.6198,1.145,216,9.8791,1.3123,218,8.0194,1.0652,187,5.5779,0.7409,121,,,18,7.6279,1.0132,29,8.109,1.0772,25,3.6451,0.4842,23,5.7172,0.7594,57,,,2
1950-06-30,7.5951,10.2296,1.3469,55,8.7414,1.1509,216,9.9104,1.3048,217,8.0767,1.0634,187,5.5845,0.7353,121,,,18,7.645,1.0066,29,8.1821,1.0773,25,3.6972,0.4868,23,5.7628,0.7588,57,,,2
1950-07-31,7.0221,9.3536,1.332,57,8.1698,1.1634,217,9.297,1.324,217,7.6338,1.0871,188,5.2813,0.7521,121,,,18,7.0747,1.0075,30,7.9104,1.1265,25,3.7176,0.5294,23,5.3702,0.7648,73,,,2
1950-08-31,6.9571,9.2824,1.3342,57,8.0849,1.1621,217,9.2024,1.3227,217,7.6918,1.1056,187,5.1397,0.7388,121,,,18,6.9735,1.0024,30,7.7409,1.1127,25,3.7308,0.5363,23,5.2688,0.7573,73,,,2
1950-09-29,8.886,10.9191,1.2288,57,10.2757,1.1564,217,11.0254,1.2408,217,9.8379,1.1071,187,6.366,0.7164,121,,,18,9.2958,1.0461,30,8.7821,0.9883,25,5.5058,0.6196,23,7.1674,0.8066,73,,,2
1950-10-31,8.9977,10.7194,1.1913,57,10.6175,1.18,217,10.7842,1.1986,217,10.3488,1.1502,187,6.7925,0.7549,121,,,18,10.3335,1.1485,30,9.4375,1.0489,25,5.5954,0.6219,23,7.6189,0.8468,73,,,2
1950-11-30,8.6963,10.2808,1.1822,57,10.3424,1.1893,217,10.3369,1.1887,217,10.0952,1.1609,187,6.7005,0.7705,121,,,18,10.0719,1.1582,30,9.368,1.0772,25,5.5616,0.6395,23,7.3361,0.8436,73,,,2
1950-12-30,8.7938,10.4073,1.1835,57,10.4651,1.1901,217,10.3956,1.1822,217,10.2293,1.1632,187,6.7623,0.769,121,,,18,10.1621,1.1556,30,9.3604,1.0644,25,5.7012,0.6483,23,7.3564,0.8366,73,,,2
1951-01-31,9.162,10.5489,1.1514,57,10.9263,1.1926,217,10.8159,1.1805,216,10.6937,1.1672,187,7.1719,0.7828,120,,,18,10.4321,1.1386,30,9.6871,1.0573,25,5.7497,0.6276,23,7.5039,0.819,73,,,2
1951-02-28,9.6698,11.2644,1.1649,57,11.5876,1.1983,217,11.3079,1.1694,215,11.1511,1.1532,187,7.468,0.7723,120,,,18,10.818,1.1187,30,9.9628,1.0303,25,5.7985,0.5997,23,7.7137,0.7977,73,,,2
1951-03-31,9.8557,11.4668,1.1635,57,11.8148,1.1988,217,11.5535,1.1723,215,11.3394,1.1505,187,7.6026,0.7714,120,,,18,11.013,1.1174,30,10.261,1.0411,25,5.8526,0.5938,23,7.8555,0.7971,73,,,2
1951-04-30,9.9119,11.5106,1.1613,57,11.8879,1.1994,217,11.5722,1.1675,215,11.4113,1.1513,187,7.6282,0.7696,120,,,18,11.0633,1.1162,30,10.245,1.0336,25,5.9733,0.6026,23,7.8393,0.7909,73,,,2
1951-05-31,9.986,11.5556,1.1572,57,12.0441,1.2061,217,11.637,1.1653,215,11.4428,1.1459,187,7.6508,0.7662,120,,,18,11.1079,1.1123,30,10.2045,1.0219,25,6.0638,0.6072,23,7.8412,0.7852,73,,,2
1951-06-29,9.9572,11.4865,1.1536,57,12.0224,1.2074,217,11.6405,1.169,215,11.3696,1.1418,187,7.634,0.7667,120,,,18,11.1278,1.1176,30,10.1318,1.0175,25,6.0223,0.6048,23,7.7832,0.7817,73,,,2
1951-07-31,9.9303,11.4963,1.1577,59,11.9985,1.2083,221,11.6031,1.1684,219,11.2242,1.1303,189,7.6266,0.768,123,,,19,11.0929,1.1171,32,10.1583,1.023,26,6.0063,0.6048,23,7.7577,0.7812,85,,,2
1951-08-31,8.7404,10.5379,1.2057,59,10.6966,1.2238,221,10.5228,1.2039,219,9.7821,1.1192,189,6.7215,0.769,123,,,19,9.2371,1.0568,32,8.9468,1.0236,26,4.867,0.5568,23,6.1003,0.6979,85,,,2
1951-09-28,8.7321,10.6656,1.2214,59,10.628,1.2171,221,10.6601,1.2208,219,9.5603,1.0948,189,6.6516,0.7617,122,,,19,9.1175,1.0441,32,8.6803,0.9941,26,4.7826,0.5477,23,5.8806,0.6734,85,,,2
1951-10-31,8.7134,10.8091,1.2405,59,10.5887,1.2152,220,10.6242,1.2193,219,9.4729,1.0872,189,6.5434,0.751,122,,,19,9.0791,1.042,32,8.6056,0.9876,26,4.6546,0.5342,23,5.8593,0.6724,85,,,2
1951-11-30,8.6565,10.7688,1.244,59,10.4524,1.2075,220,10.5475,1.2184,219,9.3156,1.0761,189,6.5031,0.7512,122,,,19,9.0569,1.0462,32,8.5827,0.9915,26,4.7207,0.5453,23,5.8169,0.672,85,,,2
1951-12-31,8.2972,10.5721,1.2742,59,10.0036,1.2057,220,10.142,1.2223,218,8.8292,1.0641,189,6.0541,0.7297,122,,,19,8.7093,1.0497,32,8.245,0.9937,26,4.6407,0.5593,23,5.5821,0.6728,84,,,2
1952-01-31,8.0146,10.4706,1.3064,59,9.7162,1.2123,220,9.8935,1.2344,218,8.3219,1.0383,189,5.5879,0.6972,122,,,19,8.3303,1.0394,32,7.972,0.9947,26,4.5707,0.5703,23,5.084,0.6343,84,,,2
1952-02-29,7.9549,10.4483,1.3134,59,9.701,1.2195,220,9.7971,1.2316,218,8.1916,1.0298,189,5.4806,0.689,122,,,19,8.2331,1.035,32,7.857,0.9877,26,4.438,0.5579,23,4.9557,0.623,84,,,2
1952-03-31,7.8521,10.3501,1.3181,59,9.5309,1.2138,220,9.7136,1.2371,218,8.0108,1.0202,189,5.4797,0.6979,122,,,19,8.1271,1.035,32,7.79,0.9921,26,4.2891,0.5462,23,4.9574,0.6313,84,,,2
1952-04-30,7.7059,10.5211,1.3653,59,9.2418,1.1993,220,9.4281,1.2235,217,7.7662,1.0078,189,5.3885,0.6993,122,,,19,7.8924,1.0242,32,7.7749,1.009,26,4.0899,0.5308,23,4.8065,0.6237,84,,,2
1952-05-29,7.7943,10.8003,1.3857,59,9.2376,1.1852,220,9.496,1.2183,217,7.7869,0.999,189,5.3747,0.6896,121,,,19,7.943,1.0191,32,7.7804,0.9982,26,4.1893,0.5375,23,4.9468,0.6347,84,,,2
1952-06-30,7.0565,10.1885,1.4438,59,8.4079,1.1915,220,8.7062,1.2338,217,6.9043,0.9784,189,4.8551,0.688,121,,,19,7.2131,1.0222,32,7.2808,1.0318,26,3.4859,0.494,23,4.2437,0.6014,84,,,2
1952-07-31,6.886,10.1526,1.4744,60,8.1341,1.1812,224,8.6516,1.2564,222,6.5726,0.9545,193,4.538,0.659,121,,,19,6.6205,0.9614,32,6.94,1.0078,27,3.3292,0.4835,23,3.8014,0.552,84,,,2
1952-08-29,6.6233,9.8258,1.4835,60,7.8381,1.1834,224,8.3192,1.256,222,6.3079,0.9524,193,4.3039,0.6498,121,,,19,6.42,0.9693,32,6.7732,1.0226,27,3.3222,0.5016,23,3.669,0.5539,84,,,2
1952-09-30,6.5133,9.6966,1.4887,60,7.6703,1.1776,224,8.197,1.2585,222,6.2482,0.9593,193,4.2145,0.6471,121,,,19,6.2981,0.967,32,6.6394,1.0194,27,3.6311,0.5575,23,3.5782,0.5494,84,,,2
1952-10-31,6.3622,9.5175,1.4959,60,7.484,1.1763,224,8.0422,1.2641,222,6.0624,0.9529,193,4.0898,0.6428,121,,,19,6.1138,0.961,32,6.4887,1.0199,27,3.4983,0.5499,23,3.526,0.5542,84,,,2
1952-11-28,6.2656,9.4241,1.5041,60,7.3536,1.1736,224,7.9754,1.2729,222,5.9686,0.9526,193,3.9248,0.6264,121,,,18,5.971,0.953,32,6.3265,1.0097,27,3.4241,0.5465,23,3.4474,0.5502,84,,,2
1952-12-31,5.5374,8.7297,1.5765,60,6.3698,1.1503,223,7.0471,1.2726,222,5.2966,0.9565,193,3.5039,0.6328,121,,,18,5.3549,0.967,32,5.5436,1.0011,27,3.2722,0.5909,23,3.104,0.5606,84,,,2
1953-01-30,5.5848,8.7725,1.5708,60,6.3435,1.1359,223,7.1375,1.278,222,5.4367,0.9735,193,3.4544,0.6185,121,,,18,5.442,0.9744,32,5.5082,0.9863,27,3.2145,0.5756,23,3.1703,0.5677,84,,,2
1953-02-27,5.6074,8.785,1.5667,60,6.3941,1.1403,223,7.1672,1.2782,222,5.4921,0.9794,193,3.5274,0.6291,121,,,18,5.4773,0.9768,32,5.5093,0.9825,27,3.1796,0.567,23,3.1975,0.5702,84,,,2
1953-03-31,5.5525,8.6902,1.5651,60,6.333,1.1406,223,7.0704,1.2734,222,5.4946,0.9896,192,3.4768,0.6262,121,,,18,5.4014,0.9728,32,5.3662,0.9665,27,3.1529,0.5678,22,3.1809,0.5729,84,,,2
1953-04-30,5.2486,8.1818,1.5589,60,5.9963,1.1425,223,6.7614,1.2882,221,5.4292,1.0344,191,3.3522,0.6387,120,,,18,5.1415,0.9796,32,5.2108,0.9928,27,3.0455,0.5803,22,3.0238,0.5761,84,,,2
1953-05-29,5.2915,8.0468,1.5207,60,6.0812,1.1492,223,6.848,1.2941,221,5.5195,1.0431,191,3.4123,0.6449,120,,,18,5.1644,0.976,32,5.2341,0.9892,27,3.0653,0.5793,22,3.0849,0.583,84,,,2
1953-06-30,5.631,8.2593,1.4667,60,6.3238,1.123,220,7.604,1.3504,220,5.9405,1.0549,191,3.6367,0.6458,120,,,17,5.457,0.9691,32,5.5332,0.9826,27,3.2381,0.575,22,3.551,0.6306,84,,,2
1953-07-31,5.6262,8.1145,1.4423,60,6.4156,1.1403,228,7.5729,1.346,224,5.9246,1.053,194,3.6482,0.6484,119,,,18,5.4685,0.972,32,5.495,0.9767,27,3.3081,0.588,24,3.6268,0.6446,90,,,2
1953-08-31,5.6896,8.1248,1.428,60,6.4262,1.1295,228,7.7351,1.3595,224,6.0014,1.0548,194,3.6588,0.6431,119,,,18,5.5683,0.9787,32,5.5707,0.9791,27,3.3545,0.5896,24,3.8094,0.6695,88,,,2
1953-09-30,5.9234,8.2847,1.3986,60,6.6059,1.1152,228,8.1454,1.3751,224,6.1506,1.0384,194,3.8377,0.6479,118,,,18,5.9943,1.012,32,5.6993,0.9622,27,3.158,0.5331,24,4.2953,0.7251,88,,,2
1953-10-30,5.9787,8.2881,1.3863,60,6.694,1.1197,228,8.2121,1.3736,223,6.2613,1.0473,193,3.8757,0.6482,118,,,18,6.121,1.0238,32,5.7593,0.9633,27,3.1163,0.5212,24,4.3168,0.722,88,,,2
1953-11-30,6.1312,8.3926,1.3688,60,6.9084,1.1268,228,8.5126,1.3884,223,6.3947,1.043,192,4.0499,0.6605,118,,,18,6.2854,1.0252,32,5.7194,0.9328,27,3.1629,0.5159,24,4.4223,0.7213,88,,,2
1953-12-31,6.2539,8.4383,1.3493,60,7.0045,1.12,227,8.7662,1.4017,223,6.4891,1.0376,192,4.2376,0.6776,118,,,18,6.6795,1.0681,32,5.7307,0.9164,27,3.1307,0.5006,24,4.6882,0.7496,88,,,2
1954-01-29,6.2045,8.2882,1.3358,60,7.0212,1.1316,227,8.7184,1.4052,223,6.4447,1.0387,192,4.238,0.6831,118,,,18,6.6284,1.0683,32,5.8018,0.9351,27,3.245,0.523,24,4.6774,0.7539,88,,,2
1954-02-26,6.1809,8.2015,1.3269,60,6.9753,1.1285,227,8.7064,1.4086,223,6.4436,1.0425,192,4.2165,0.6822,118,,,18,6.5628,1.0618,32,5.9204,0.9578,27,3.2104,0.5194,24,4.6559,0.7533,88,,,2
1954-03-31,6.2128,8.1661,1.3144,60,7.0731,1.1385,227,8.795,1.4156,223,6.5308,1.0512,192,4.3146,0.6945,118,,,18,6.5868,1.0602,32,6.0001,0.9658,27,3.1764,0.5113,24,4.6524,0.7488,88,,,2
1954-04-30,6.1604,8.0161,1.3012,60,7.031,1.1413,227,8.8061,1.4295,223,6.5492,1.0631,192,4.3436,0.7051,118,,,18,6.6383,1.0776,32,6.0187,0.977,27,3.1523,0.5117,24,4.6114,0.7486,88,,,2
1954-05-28,6.1423,7.9754,1.2984,60,6.9865,1.1374,226,8.8527,1.4413,223,6.5176,1.0611,192,4.3747,0.7122,118,,,18,6.6002,1.0745,32,6.1918,1.0081,27,3.163,0.5149,24,4.5959,0.7482,88,,,2
1954-06-30,5.9027,7.6055,1.2885,60,6.876,1.1649,225,8.4426,1.4303,222,6.2317,1.0557,191,4.3139,0.7308,118,,,18,6.5086,1.1027,32,6.2952,1.0665,27,3.1248,0.5294,24,4.393,0.7442,88,,,2
1954-07-30,5.8208,7.4656,1.2826,60,6.7897,1.1665,230,8.3929,1.4419,226,6.1816,1.062,190,4.3493,0.7472,118,,,18,6.4096,1.1012,32,6.4103,1.1013,26,3.1242,0.5367,25,4.304,0.7394,91,,,2
1954-08-31,5.7251,7.3246,1.2794,60,6.7296,1.1755,230,8.2401,1.4393,226,6.2313,1.0884,190,4.3434,0.7587,118,,,18,6.3075,1.1017,32,6.4994,1.1352,26,3.1001,0.5415,25,4.1512,0.7251,91,,,2
1954-09-30,5.8503,7.5682,1.2936,59,7.1326,1.2192,230,8.3309,1.424,226,6.3321,1.0823,190,4.4563,0.7617,118,,,18,6.237,1.0661,32,6.8167,1.1652,26,2.9796,0.5093,25,3.9864,0.6814,91,,,2
1954-10-29,5.817,7.6593,1.3167,59,7.0995,1.2205,230,8.2748,1.4225,226,6.2833,1.0802,190,4.4807,0.7703,118,,,18,6.1838,1.063,32,6.7476,1.16,26,3.1319,0.5384,25,3.9903,0.686,91,,,2
1954-11-30,5.963,7.7173,1.2942,59,7.3096,1.2258,230,8.3821,1.4057,225,6.5655,1.101,189,4.5619,0.765,117,,,18,6.297,1.056,31,6.8551,1.1496,26,3.339,0.56,25,4.0723,0.6829,91,,,2
1954-12-31,5.7084,7.4923,1.3125,58,7.0899,1.242,230,7.9324,1.3896,225,6.5148,1.1413,189,4.4157,0.7735,117,,,18,5.8959,1.0328,31,6.6567,1.1661,26,3.3203,0.5817,25,3.7379,0.6548,91,,,2
1955-01-31,5.7915,7.3821,1.2746,58,7.2675,1.2549,230,7.9389,1.3708,225,6.6523,1.1486,189,4.5135,0.7793,117,,,18,5.9615,1.0294,31,6.6649,1.1508,26,3.3596,0.5801,25,3.9218,0.6772,91,,,2
1955-02-28,5.8477,7.4928,1.2813,58,7.4041,1.2662,230,7.9777,1.3642,225,6.6508,1.1373,189,4.5178,0.7726,117,,,18,5.9527,1.0179,31,6.9051,1.1808,26,3.3352,0.5703,25,3.9004,0.667,90,,,2
1955-03-31,6.2187,7.8109,1.256,58,7.7402,1.2447,230,8.4327,1.356,224,7.3736,1.1857,187,4.6386,0.7459,117,,,18,6.1114,0.9827,31,7.1052,1.1425,26,3.4509,0.5549,25,4.0389,0.6495,90,,,2
1955-04-29,6.554,8.15,1.2435,58,8.2062,1.2521,229,8.9008,1.3581,223,7.5061,1.1453,187,4.7834,0.7298,117,,,18,6.3605,0.9705,31,7.5749,1.1558,26,3.5437,0.5407,25,4.1459,0.6326,90,,,2
1955-05-31,6.593,8.166,1.2386,58,8.2665,1.2538,229,8.8873,1.348,222,7.6662,1.1628,187,4.772,0.7238,117,,,17,6.4435,0.9773,31,7.6684,1.1631,26,3.7052,0.562,25,4.1858,0.6349,90,,,2
1955-06-30,7.1997,8.6309,1.1988,57,8.8544,1.2298,229,9.5919,1.3323,220,8.2159,1.1411,187,5.1422,0.7142,117,,,17,6.9902,0.9709,31,8.3719,1.1628,26,4.2029,0.5838,25,4.7552,0.6605,90,,,2
1955-07-29,7.2175,8.491,1.1764,59,8.8798,1.2303,237,9.6845,1.3418,226,8.2757,1.1466,187,5.1467,0.7131,120,,,17,7.0186,0.9724,33,8.5842,1.1894,26,4.2177,0.5844,25,4.7748,0.6616,93,,,2
1955-08-31,7.2086,8.3823,1.1628,59,8.9328,1.2392,236,9.7466,1.3521,224,8.3492,1.1582,187,5.0733,0.7038,120,,,17,7.0273,0.9749,33,8.5756,1.1896,26,4.2052,0.5834,25,4.6673,0.6475,93,,,2
1955-09-30,7.2491,8.4291,1.1628,59,9.1402,1.2609,236,9.5993,1.3242,223,8.5279,1.1764,186,4.9963,0.6892,120,,,17,7.0094,0.9669,33,8.4447,1.1649,26,4.1661,0.5747,25,4.4793,0.6179,93,,,2
1955-10-31,7.3521,8.6319,1.1741,58,9.3756,1.2752,236,9.5751,1.3024,222,8.6215,1.1727,186,5.0355,0.6849,119,,,17,6.9521,0.9456,33,8.4828,1.1538,26,4.1636,0.5663,25,4.4609,0.6068,93,,,2
1955-11-30,7.2249,8.4445,1.1688,57,9.2798,1.2844,236,9.3238,1.2905,222,8.5637,1.1853,185,4.9152,0.6803,119,,,17,6.8763,0.9517,33,8.4946,1.1757,26,4.2065,0.5822,25,4.3289,0.5992,93,,,2
1955-12-30,9.3153,10.39,1.1154,57,11.7874,1.2654,236,11.174,1.1995,222,10.588,1.1366,185,6.6092,0.7095,119,,,17,8.9066,0.9561,33,10.1835,1.0932,26,4.7415,0.509,25,5.6688,0.6085,93,,,2
1956-01-31,9.5537,10.828,1.1334,57,12.0768,1.2641,234,11.2904,1.1818,222,10.7987,1.1303,184,6.7019,0.7015,118,,,17,9.1096,0.9535,33,10.3946,1.088,26,4.8059,0.503,25,5.7131,0.598,93,,,2
1956-02-29,9.5731,10.8409,1.1324,57,12.099,1.2639,234,11.3102,1.1815,222,11.0645,1.1558,182,6.6642,0.6961,118,,,17,9.0909,0.9496,33,10.426,1.0891,26,4.7889,0.5002,25,5.6945,0.5948,93,,,2
1956-03-29,9.445,10.6963,1.1325,57,11.9533,1.2656,234,11.1275,1.1781,222,11.0038,1.165,181,6.5558,0.6941,118,,,17,9.0664,0.9599,33,10.2959,1.0901,26,4.7436,0.5022,25,5.6376,0.5969,93,,,2
1956-04-30,9.4653,10.7121,1.1317,57,11.9832,1.266,234,11.0512,1.1675,222,11.0716,1.1697,181,6.5613,0.6932,118,,,17,9.105,0.9619,33,10.2778,1.0858,26,4.803,0.5074,25,5.6508,0.597,93,,,2
1956-05-31,9.4797,10.8007,1.1394,57,12.037,1.2698,234,10.9502,1.1551,222,11.0647,1.1672,181,6.5613,0.6921,118,,,17,9.1366,0.9638,33,10.3154,1.0882,26,4.6973,0.4955,25,5.6454,0.5955,93,,,2
1956-06-29,9.26,10.6964,1.1551,57,11.8369,1.2783,234,10.5718,1.1417,222,11.0159,1.1896,180,6.343,0.685,117,,,17,8.8644,0.9573,33,9.9942,1.0793,26,4.4729,0.483,25,5.333,0.5759,93,,,2
1956-07-31,9.3118,10.9992,1.1812,58,11.8961,1.2775,240,10.5473,1.1327,229,10.9324,1.174,180,6.3124,0.6779,119,,,17,8.8754,0.9531,33,9.8768,1.0607,25,4.4551,0.4784,26,5.3038,0.5696,94,,,2
1956-08-31,9.4607,11.3669,1.2015,57,11.9393,1.262,239,10.7442,1.1357,228,10.9922,1.1619,180,6.421,0.6787,118,,,17,8.9947,0.9507,33,10.3762,1.0968,25,4.4196,0.4672,26,5.3369,0.5641,94,,,2
1956-09-28,9.5322,11.5959,1.2165,56,11.8857,1.2469,238,10.8424,1.1375,228,10.8552,1.1388,180,6.4689,0.6786,117,,,17,9.1899,0.9641,33,10.5126,1.1029,25,4.4428,0.4661,26,5.4157,0.5682,94,,,2
1956-10-31,9.5159,11.6402,1.2232,56,11.8188,1.242,237,10.8228,1.1373,228,10.7673,1.1315,180,6.399,0.6725,117,,,17,9.1544,0.962,33,10.6256,1.1166,25,4.4207,0.4646,26,5.4061,0.5681,94,,,2
1956-11-30,9.5441,11.7133,1.2273,55,11.8087,1.2373,235,10.8326,1.135,228,10.8076,1.1324,180,6.3837,0.6689,117,,,17,9.1025,0.9537,33,10.8126,1.1329,25,4.3078,0.4514,26,5.4721,0.5734,94,,,2
1956-12-31,8.3341,10.7339,1.2879,55,10.3083,1.2369,235,9.5799,1.1495,228,9.5162,1.1418,179,5.39,0.6467,117,,,17,7.8813,0.9457,33,9.9843,1.198,25,5.1801,0.6216,26,4.6522,0.5582,94,,,2
1957-01-31,8.1729,10.5428,1.29,55,10.0497,1.2296,235,9.5059,1.1631,228,9.4409,1.1551,179,5.2738,0.6453,117,,,17,7.7371,0.9467,33,9.9403,1.2162,25,5.1868,0.6346,26,4.5336,0.5547,94,,,2
1957-02-28,8.1959,10.7154,1.3074,54,10.0447,1.2256,232,9.4793,1.1566,228,9.3202,1.1372,179,5.3123,0.6482,117,,,17,7.7154,0.9414,33,9.7889,1.1944,25,5.2243,0.6374,26,4.534,0.5532,94,,,2
1957-03-29,8.2425,10.8392,1.315,54,10.1225,1.2281,232,9.4023,1.1407,228,9.1639,1.1118,179,5.3546,0.6496,117,,,17,7.731,0.9379,33,9.9085,1.2021,25,5.2662,0.6389,26,4.5558,0.5527,94,,,2
1957-04-30,8.0315,10.642,1.325,54,9.8772,1.2298,232,9.1064,1.1338,228,8.9749,1.1175,179,5.2,0.6474,117,,,17,7.5754,0.9432,33,9.731,1.2116,25,5.2607,0.655,26,4.4333,0.552,94,,,2
1957-05-31,8.1119,10.8532,1.3379,54,9.9468,1.2262,232,9.2056,1.1348,228,8.9825,1.1073,179,5.2913,0.6523,116,,,17,7.578,0.9342,33,9.8115,1.2095,25,5.2597,0.6484,26,4.4547,0.5492,94,,,2
1957-06-28,7.8313,10.5368,1.3455,54,9.6334,1.2301,231,8.9166,1.1386,228,8.6421,1.1035,178,5.1688,0.66,116,,,17,7.4263,0.9483,33,9.4743,1.2098,25,5.1206,0.6539,26,4.2345,0.5407,94,,,2
1957-07-31,7.767,10.4892,1.3505,56,9.5078,1.2241,236,8.7951,1.1324,238,8.6475,1.1134,181,5.1418,0.662,119,,,17,7.4183,0.9551,35,9.4843,1.2211,28,5.0644,0.652,26,4.2383,0.5457,95,,,2
1957-08-30,7.5495,10.3282,1.3681,56,9.2767,1.2288,236,8.3704,1.1087,237,8.4567,1.1202,181,4.98,0.6597,119,,,17,7.2166,0.9559,35,9.5328,1.2627,28,5.0192,0.6648,26,4.1365,0.5479,95,,,2
1957-09-30,7.4706,10.1151,1.354,56,9.1826,1.2292,236,8.2082,1.0987,235,8.3738,1.1209,180,4.9529,0.663,119,,,17,7.0198,0.9397,35,9.8577,1.3195,28,5.0945,0.6819,26,4.4756,0.5991,95,,,2
1957-10-31,7.3883,9.8524,1.3335,56,9.0457,1.2243,235,8.2135,1.1117,234,8.3378,1.1285,180,4.9152,0.6653,119,,,17,7.0912,0.9598,35,10.3682,1.4033,28,5.032,0.6811,26,4.4363,0.6004,95,,,2
1957-11-29,7.7515,10.4428,1.3472,56,9.3844,1.2107,235,8.6544,1.1165,234,8.4004,1.0837,179,4.9985,0.6448,118,,,17,7.3498,0.9482,35,10.8354,1.3978,28,5.0157,0.6471,25,4.5921,0.5924,95,,,2
1957-12-31,7.2364,10.19,1.4082,56,8.6562,1.1962,235,8.4534,1.1682,233,7.7231,1.0673,179,4.4405,0.6136,118,,,17,6.6207,0.9149,35,10.5199,1.4537,28,4.0493,0.5596,25,4.149,0.5734,95,,,2
1958-01-31,8.1259,11.1768,1.3755,56,9.7497,1.1998,232,9.7937,1.2053,233,8.2021,1.0094,179,5.0881,0.6262,118,,,17,7.5733,0.932,35,11.0859,1.3643,27,4.9284,0.6065,25,4.9349,0.6073,95,,,2
1958-02-28,8.534,12.0088,1.4072,56,10.0663,1.1796,231,10.6188,1.2443,233,8.3663,0.9803,179,5.1331,0.6015,118,,,17,7.7655,0.9099,35,11.3887,1.3345,26,5.0889,0.5963,25,5.0824,0.5956,95,,,2
1958-03-31,8.7316,12.1549,1.3921,56,10.3407,1.1843,231,11.0168,1.2617,233,8.4873,0.972,178,5.2639,0.6029,118,,,17,7.8711,0.9014,35,11.5595,1.3239,26,5.0898,0.5829,25,5.1746,0.5926,95,,,2
1958-04-30,8.7328,12.133,1.3894,56,10.3494,1.1851,229,11.0568,1.2661,233,8.4909,0.9723,177,5.2632,0.6027,117,,,17,7.9143,0.9063,35,11.5969,1.328,26,5.1732,0.5924,25,5.2225,0.598,95,,,2
1958-05-29,8.6203,12.016,1.3939,56,10.225,1.1862,229,10.9535,1.2707,233,8.3402,0.9675,177,5.2088,0.6042,117,,,17,7.8369,0.9091,35,11.6422,1.3505,26,5.0725,0.5884,25,5.1708,0.5998,95,,,2
1958-06-30,8.6045,12.0111,1.3959,56,10.2148,1.1872,229,10.9296,1.2702,232,8.304,0.9651,177,5.2361,0.6085,116,,,17,7.901,0.9182,35,11.6045,1.3487,26,5.0675,0.5889,25,5.1706,0.6009,95,,,2
1958-07-31,8.6548,12.0349,1.3905,55,10.251,1.1844,240,11.0125,1.2724,240,8.4559,0.977,170,5.2869,0.6109,117,11.2315,1.2977,20,7.8747,0.9099,38,11.6306,1.3438,31,5.1451,0.5945,27,5.2272,0.604,97,,,3
1958-08-29,8.588,11.9358,1.3898,55,10.1988,1.1876,239,10.9324,1.273,240,8.4683,0.9861,170,5.2116,0.6068,117,11.2008,1.3042,20,7.7978,0.908,38,11.1314,1.2962,30,5.1718,0.6022,27,5.2099,0.6067,97,,,3
1958-09-30,8.5284,11.8291,1.387,55,10.1413,1.1891,238,10.9031,1.2784,240,8.419,0.9872,170,5.1738,0.6067,117,11.1005,1.3016,20,7.6473,0.8967,38,10.8406,1.2711,30,5.1794,0.6073,27,5.0089,0.5873,97,,,3
1958-10-31,8.6258,12.0124,1.3926,55,10.3144,1.1958,236,11.0632,1.2826,239,8.5144,0.9871,170,5.2424,0.6078,117,11.089,1.2856,20,7.6279,0.8843,38,10.6644,1.2363,30,5.2563,0.6094,27,4.9817,0.5775,97,,,3
1958-11-28,8.4158,11.6586,1.3853,55,10.123,1.2029,236,10.8741,1.2921,239,8.5375,1.0145,170,5.1621,0.6134,116,10.6832,1.2694,20,7.4207,0.8818,37,10.272,1.2206,30,5.3198,0.6321,27,4.8314,0.5741,97,,,3
1958-12-31,8.1554,11.3444,1.391,55,9.8708,1.2103,236,10.5441,1.2929,239,8.4216,1.0326,170,4.8971,0.6005,116,10.2271,1.254,20,7.2477,0.8887,37,10.1815,1.2484,30,5.0556,0.6199,27,4.6272,0.5674,97,,,3
1959-01-30,7.4538,10.6326,1.4265,55,9.1066,1.2217,235,9.7041,1.3019,239,7.9674,1.0689,170,4.3565,0.5845,116,9.8468,1.321,20,6.3505,0.852,37,9.6702,1.2973,30,4.3769,0.5872,27,3.8687,0.519,97,,,3
1959-02-27,7.3703,10.0598,1.3649,55,9.1231,1.2378,235,9.3081,1.2629,239,7.8629,1.0668,170,4.6803,0.635,116,9.669,1.3119,20,6.504,0.8825,37,9.8441,1.3356,30,4.6977,0.6374,27,4.0777,0.5533,97,,,3
1959-03-31,7.1491,9.8826,1.3824,55,8.8405,1.2366,235,8.8583,1.2391,239,7.6241,1.0664,168,4.5868,0.6416,116,9.8622,1.3795,20,6.2891,0.8797,37,9.7806,1.3681,30,5.1161,0.7156,27,4.0031,0.5599,97,,,3
1959-04-30,7.1696,9.9139,1.3828,55,8.8773,1.2382,233,8.846,1.2338,237,7.517,1.0485,168,4.6891,0.654,116,9.7812,1.3643,20,6.393,0.8917,37,9.9512,1.388,30,5.3244,0.7426,27,4.0512,0.5651,97,,,3
1959-05-29,7.1968,10.0704,1.3993,55,8.8984,1.2364,232,8.7707,1.2187,236,7.683,1.0676,168,4.7449,0.6593,116,9.93,1.3798,20,6.392,0.8882,36,9.7111,1.3494,30,5.5167,0.7665,27,4.1323,0.5742,97,,,3
1959-06-30,7.2468,10.1475,1.4003,55,8.9663,1.2373,232,8.8268,1.218,236,7.8022,1.0766,168,4.8401,0.6679,116,9.8818,1.3636,20,6.4071,0.8841,36,9.7074,1.3395,30,5.7154,0.7887,27,4.1613,0.5742,97,,,3
1959-07-31,7.2543,10.0149,1.3805,52,9.0364,1.2457,236,8.8357,1.218,242,7.7434,1.0674,167,4.9638,0.6842,119,9.9266,1.3684,22,6.4257,0.8858,36,9.784,1.3487,35,6.2329,0.8592,29,4.1729,0.5752,101,,,3
1959-08-31,7.2696,9.822,1.3511,52,9.0868,1.25,236,8.9116,1.2259,242,7.7633,1.0679,167,5.1031,0.702,119,9.9517,1.369,22,6.421,0.8833,35,9.928,1.3657,35,6.3782,0.8774,29,4.3488,0.5982,101,,,3
1959-09-30,7.37,9.8392,1.335,52,9.1394,1.2401,236,9.0491,1.2278,241,7.9988,1.0853,167,5.3018,0.7194,119,10.2514,1.391,22,6.4608,0.8766,35,9.7904,1.3284,35,7.1671,0.9725,29,4.4784,0.6077,101,,,3
1959-10-30,7.2596,9.7265,1.3398,52,8.9519,1.2331,236,8.9777,1.2367,241,7.9789,1.0991,167,5.2747,0.7266,119,10.083,1.3889,22,6.3564,0.8756,35,9.5619,1.3171,35,7.1901,0.9904,29,4.469,0.6156,101,,,3
1959-11-30,7.3551,9.62,1.3079,52,9.0343,1.2283,236,9.182,1.2484,240,8.2904,1.1272,166,5.3675,0.7298,119,10.3525,1.4075,22,6.443,0.876,35,10.0399,1.365,35,7.25,0.9857,29,4.411,0.5997,101,,,3
1959-12-31,7.501,9.4887,1.265,52,9.2096,1.2278,235,9.4067,1.2541,240,8.5415,1.1387,166,5.5712,0.7427,119,10.6104,1.4145,22,6.6973,0.8929,35,10.1909,1.3586,35,7.5165,1.0021,29,4.6286,0.6171,101,,,3
1960-01-29,7.1313,9.1882,1.2884,52,8.7109,1.2215,235,8.9004,1.2481,238,8.4156,1.1801,166,5.2944,0.7424,119,10.2481,1.4371,22,6.3742,0.8938,35,9.8546,1.3819,35,7.3384,1.029,29,4.2489,0.5958,101,,,3
1960-02-29,6.7003,8.6008,1.2836,52,8.3451,1.2455,235,8.3301,1.2432,238,8.134,1.214,166,5.041,0.7524,119,9.769,1.458,22,6.1127,0.9123,35,9.5146,1.42,34,7.1494,1.067,29,3.9943,0.5961,101,,,3
1960-03-31,6.4717,8.466,1.3082,52,8.0129,1.2382,234,8.061,1.2456,238,7.9858,1.234,166,4.8963,0.7566,119,9.684,1.4964,22,6.0256,0.9311,35,9.2149,1.4239,34,6.9533,1.0744,29,3.8805,0.5996,101,,,3
1960-04-29,6.6754,8.4261,1.2623,52,8.2696,1.2388,234,8.3826,1.2557,238,8.3544,1.2515,165,5.053,0.7569,119,9.6521,1.4459,22,5.9634,0.8933,35,9.2715,1.3889,34,7.0834,1.0611,29,3.8607,0.5783,101,,,3
1960-05-31,6.7451,8.143,1.2072,52,8.3842,1.243,234,8.6801,1.2869,238,8.4791,1.2571,165,5.1017,0.7564,118,9.6357,1.4285,22,5.9868,0.8876,35,9.3577,1.3873,33,7.4207,1.1002,28,3.8334,0.5683,101,,,3
1960-06-30,6.8149,8.1643,1.198,52,8.41,1.2341,233,8.781,1.2885,236,8.5746,1.2582,165,5.1061,0.7492,118,9.7176,1.4259,22,5.9692,0.8759,35,9.5028,1.3944,33,7.5054,1.1013,28,3.878,0.569,101,,,3
1960-07-29,6.8582,8.1085,1.1823,52,8.3702,1.2205,241,8.8597,1.2918,255,8.6256,1.2577,172,5.0791,0.7406,120,9.7155,1.4166,23,5.8914,0.859,41,9.4888,1.3836,35,8.287,1.2083,30,3.8752,0.565,102,,,3
1960-08-31,6.8102,8.4353,1.2386,52,8.3218,1.222,240,8.8349,1.2973,254,8.5785,1.2596,172,5.0178,0.7368,119,9.6596,1.4184,23,5.9514,0.8739,40,9.5635,1.4043,35,8.2378,1.2096,30,3.612,0.5304,102,,,3
1960-09-30,6.6952,8.3589,1.2485,52,8.1662,1.2197,240,8.7817,1.3116,254,8.4327,1.2595,171,5.0862,0.7597,119,9.5924,1.4327,23,5.9475,0.8883,40,9.6025,1.4342,35,7.9119,1.1817,30,3.5998,0.5377,102,,,3
1960-10-31,6.82,8.2272,1.2063,52,8.2657,1.212,240,9.1595,1.343,254,8.4963,1.2458,171,5.2696,0.7727,119,9.8778,1.4483,23,6.0187,0.8825,40,10.0291,1.4705,35,7.9328,1.1632,30,3.8615,0.5662,101,,,3
1960-11-30,6.6744,8.2728,1.2395,52,8.0869,1.2116,240,8.9552,1.3417,253,8.2691,1.2389,170,5.2103,0.7806,117,9.5946,1.4375,23,5.9123,0.8858,40,9.8573,1.4769,35,8.0235,1.2021,30,3.8577,0.578,101,,,3
1960-12-30,6.9417,8.2484,1.1882,52,8.2006,1.1814,240,9.4163,1.3565,253,8.3236,1.1991,170,5.7067,0.8221,116,10.0733,1.4511,23,5.8441,0.8419,39,10.6474,1.5338,35,8.5111,1.2261,30,4.0044,0.5769,101,,,3
1961-01-31,7.063,8.2032,1.1614,52,8.2803,1.1723,240,9.5979,1.3589,253,8.3667,1.1846,170,5.9468,0.842,115,10.1777,1.441,23,5.7276,0.8109,39,10.8455,1.5355,35,8.8033,1.2464,30,4.211,0.5962,101,,,3
1961-02-28,6.9354,7.9612,1.1479,52,8.098,1.1676,240,9.4761,1.3663,252,8.3307,1.2012,169,5.9294,0.8549,114,10.0302,1.4462,22,5.7014,0.8221,39,10.7503,1.5501,35,8.7813,1.2661,30,4.1485,0.5982,101,,,3
1961-03-30,6.9802,7.9466,1.1384,52,8.1319,1.165,240,9.4566,1.3548,252,8.3233,1.1924,169,6.0341,0.8645,111,9.8737,1.4145,22,5.7436,0.8228,39,10.8749,1.558,35,9.2609,1.3267,30,4.2061,0.6026,101,,,2
1961-04-28,6.9086,8.0545,1.1659,51,8.0601,1.1667,240,9.3801,1.3578,252,8.1773,1.1836,169,5.9827,0.866,111,9.9133,1.4349,22,5.8387,0.8451,39,10.8207,1.5663,35,9.3423,1.3523,30,4.2244,0.6115,101,,,2
1961-05-31,6.799,7.8394,1.153,50,7.8927,1.1609,240,9.2878,1.3661,252,8.0823,1.1888,168,5.9301,0.8722,111,9.8796,1.4531,22,5.8121,0.8548,39,10.8114,1.5901,35,9.3707,1.3783,30,4.1816,0.615,101,,,2
1961-06-30,6.7147,7.7062,1.1477,50,7.7561,1.1551,240,9.169,1.3655,252,8.0012,1.1916,168,6.0042,0.8942,111,9.7313,1.4492,22,5.8544,0.8719,39,10.6789,1.5904,35,9.6954,1.4439,30,4.186,0.6234,101,,,2
1961-07-31,6.9056,7.913,1.1459,50,7.8464,1.1362,246,9.2382,1.3378,261,8.1461,1.1796,174,6.4929,0.9402,117,9.9958,1.4475,22,6.2703,0.908,41,10.6848,1.5473,38,9.9285,1.4377,33,4.2851,0.6205,105,,,2
1961-08-31,6.8369,7.5125,1.0988,50,7.7651,1.1358,245,9.1307,1.3355,260,8.249,1.2065,174,6.4313,0.9407,116,9.7473,1.4257,22,6.2578,0.9153,41,10.4694,1.5313,38,10.0728,1.4733,33,4.2301,0.6187,104,,,2
1961-09-29,6.9241,7.4781,1.08,50,7.8625,1.1355,245,9.2273,1.3326,258,8.2318,1.1889,174,6.4575,0.9326,115,9.6067,1.3874,22,6.2347,0.9004,40,10.4711,1.5123,38,10.0902,1.4573,33,4.261,0.6154,104,,,2
1961-10-31,6.8587,7.4443,1.0854,50,7.7674,1.1325,245,9.0238,1.3157,258,8.0728,1.177,173,6.4932,0.9467,115,9.4921,1.3839,22,6.2366,0.9093,39,10.253,1.4949,38,10.5832,1.543,33,4.1495,0.605,104,,,2
1961-11-30,6.7086,7.3178,1.0908,50,7.5977,1.1325,245,8.8005,1.3118,257,7.8683,1.1729,172,6.4773,0.9655,115,9.2814,1.3835,22,6.1702,0.9197,39,10.0831,1.503,38,10.4979,1.5648,33,4.118,0.6138,104,,,2
1961-12-29,6.3811,7.2711,1.1395,50,7.3311,1.1489,245,8.4316,1.3213,257,7.6428,1.1977,172,6.132,0.961,115,8.3887,1.3146,22,6.1881,0.9698,39,9.4939,1.4878,38,10.1746,1.5945,31,3.7594,0.5891,104,,,2
1962-01-31,6.1647,7.0651,1.1461,49,7.0719,1.1472,245,8.1662,1.3247,255,7.5036,1.2172,172,6.0109,0.9751,115,8.0583,1.3072,22,6.1259,0.9937,39,9.284,1.506,38,10.0797,1.6351,31,3.6282,0.5886,104,,,2
1962-02-28,6.1162,7.0436,1.1516,49,6.9456,1.1356,245,8.0564,1.3172,255,7.4877,1.2242,172,6.0336,0.9865,115,7.9981,1.3077,22,6.2155,1.0162,39,9.111,1.4897,38,10.2072,1.6689,31,3.6777,0.6013,104,,,2
1962-03-30,6.1061,7.0055,1.1473,48,6.8704,1.1252,244,7.9997,1.3101,255,7.6265,1.249,171,6.1186,1.0021,115,7.9531,1.3025,22,6.6738,1.093,39,8.9266,1.4619,38,9.9076,1.6226,31,4.0417,0.6619,104,,,2
1962-04-30,6.1591,6.9817,1.1336,48,6.7538,1.0966,244,7.9327,1.288,255,7.7033,1.2507,171,6.4378,1.0453,115,7.997,1.2984,22,6.6434,1.0786,39,9.1923,1.4925,38,9.8512,1.5995,31,4.1824,0.6791,104,,,2
1962-05-31,5.9871,6.8901,1.1508,47,6.5525,1.0944,241,7.6034,1.27,255,7.4926,1.2515,171,6.3201,1.0556,115,7.8215,1.3064,22,6.598,1.102,39,9.0325,1.5087,38,9.6387,1.6099,31,4.1609,0.695,104,,,2
1962-06-29,5.9487,6.8266,1.1476,46,6.5048,1.0935,241,7.5462,1.2685,255,7.4217,1.2476,170,6.4188,1.079,115,7.8495,1.3195,22,6.6844,1.1237,39,9.1059,1.5307,38,9.3906,1.5786,31,4.1323,0.6946,104,,,2
1962-07-31,6.0447,6.7378,1.1147,51,6.6961,1.1078,252,7.7398,1.2804,265,7.5363,1.2468,175,6.6253,1.0961,121,7.8828,1.3041,23,6.8496,1.1332,46,10.1238,1.6748,41,8.8141,1.4582,34,4.3537,0.7202,105,,,2
1962-08-31,9.7241,9.6069,0.9879,51,9.1318,0.9391,252,10.8823,1.1191,264,9.9025,1.0183,175,10.0146,1.0299,121,12.0134,1.2354,23,10.0147,1.0299,45,14.1282,1.4529,41,13.4491,1.3831,34,9.6858,0.9961,105,,,2
1962-09-28,10.4946,9.9915,0.9521,51,9.9075,0.9441,252,11.7196,1.1167,264,10.6624,1.016,175,11.0649,1.0543,121,13.3508,1.2722,23,11.3536,1.0819,45,16.2801,1.5513,41,14.0111,1.3351,34,10.3795,0.989,105,,,2
1962-10-31,10.6233,9.9603,0.9376,51,10.0036,0.9417,251,11.8228,1.1129,264,10.7494,1.0119,175,11.2529,1.0593,121,13.5169,1.2724,23,11.5329,1.0856,45,16.6942,1.5715,41,14.2009,1.3368,34,10.4112,0.98,105,,,2
1962-11-30,10.6762,9.898,0.9271,51,10.0919,0.9453,251,11.9541,1.1197,264,10.7743,1.0092,175,11.2583,1.0545,120,13.5328,1.2676,23,11.6138,1.0878,45,16.9155,1.5844,41,14.2312,1.333,34,10.41,0.9751,105,,,2
1962-12-31,10.7413,9.9419,0.9256,51,10.1844,0.9481,250,11.9497,1.1125,264,10.9173,1.0164,175,11.3593,1.0575,119,13.404,1.2479,23,11.7826,1.0969,45,17.2898,1.6097,41,14.1811,1.3202,34,10.4154,0.9697,105,,,2
1963-01-31,11.0605,10.4096,0.9411,51,10.3522,0.936,250,12.1542,1.0989,264,11.5865,1.0476,175,11.691,1.057,118,13.8581,1.2529,23,12.2016,1.1032,45,17.7931,1.6087,41,14.3856,1.3006,34,10.7595,0.9728,105,,,2
1963-02-28,11.1564,10.4826,0.9396,51,10.5181,0.9428,250,12.2875,1.1014,264,11.6689,1.0459,175,11.793,1.0571,118,14.0652,1.2607,23,12.3136,1.1037,44,18.0551,1.6184,41,14.4035,1.2911,34,10.8185,0.9697,105,,,2
1963-03-29,11.2348,10.6011,0.9436,51,10.6073,0.9442,250,12.4293,1.1063,263,11.7212,1.0433,175,11.9272,1.0616,118,14.1508,1.2596,23,12.372,1.1012,44,18.2062,1.6205,41,14.2971,1.2726,34,10.8376,0.9646,105,,,2
1963-04-30,11.2231,10.457,0.9317,51,10.6533,0.9492,250,12.4141,1.1061,263,11.6905,1.0416,174,11.911,1.0613,118,14.1403,1.2599,23,12.3753,1.1027,44,18.1922,1.621,41,14.2605,1.2706,34,10.8417,0.966,105,,,2
1963-05-31,11.219,10.4293,0.9296,51,10.6626,0.9504,250,12.4025,1.1055,262,11.6938,1.0423,174,11.8972,1.0604,118,14.1432,1.2606,23,12.3305,1.0991,44,18.1321,1.6162,40,14.2293,1.2683,34,10.8365,0.9659,105,,,2
1963-06-28,11.2571,10.5252,0.935,50,10.6931,0.9499,249,12.4332,1.1045,260,11.7305,1.0421,173,11.8862,1.0559,118,14.1554,1.2575,23,12.3394,1.0961,44,18.188,1.6157,39,14.1432,1.2564,34,10.8413,0.9631,105,,,2
1963-07-31,11.1271,10.4223,0.9367,117,10.5686,0.9498,427,12.2933,1.1048,368,11.601,1.0426,359,11.6714,1.0489,204,14.0231,1.2603,36,12.2256,1.0987,86,17.9339,1.6117,140,13.9129,1.2504,69,10.7881,0.9695,119,18.2219,1.6376,33
1963-08-30,9.2605,8.7573,0.9457,116,9.2493,0.9988,426,10.6192,1.1467,363,10.3241,1.1149,359,10.0133,1.0813,204,12.0546,1.3017,36,10.7263,1.1583,86,16.2743,1.7574,139,10.9664,1.1842,68,8.1209,0.8769,119,17.1597,1.853,33
1963-09-30,8.4705,8.3456,0.9853,116,8.5036,1.0039,423,9.7708,1.1535,362,9.6838,1.1432,359,8.9655,1.0584,203,10.8868,1.2853,36,9.5839,1.1314,86,14.7313,1.7391,139,10.1738,1.2011,68,7.237,0.8544,119,16.4853,1.9462,32
1963-10-31,8.2283,8.3733,1.0176,116,8.2535,1.0031,421,9.4822,1.1524,362,9.5818,1.1645,359,8.6522,1.0515,202,10.4558,1.2707,36,9.2386,1.1228,86,14.1826,1.7236,139,9.5255,1.1577,68,7.1187,0.8651,116,16.0588,1.9517,32
1963-11-29,8.1676,8.321,1.0188,115,8.1988,1.0038,418,9.3803,1.1485,362,9.5469,1.1689,359,8.6033,1.0533,201,10.3687,1.2695,36,9.1001,1.1142,86,13.9842,1.7121,137,9.4409,1.1559,68,7.1139,0.871,116,16.035,1.9632,31
1963-12-31,7.8157,8.1671,1.045,114,7.8041,0.9985,418,8.8986,1.1386,361,9.2711,1.1862,359,8.2785,1.0592,200,10.2831,1.3157,36,8.5569,1.0948,85,13.1587,1.6836,137,9.2233,1.1801,68,6.9506,0.8893,116,15.2072,1.9457,31
1964-01-31,7.2358,7.5738,1.0467,113,7.5297,1.0406,415,8.4785,1.1717,360,8.5267,1.1784,356,7.6019,1.0506,198,9.687,1.3388,36,7.776,1.0747,85,12.4506,1.7207,137,8.7836,1.2139,68,6.0607,0.8376,115,14.2708,1.9723,31
1964-02-28,7.8077,8.2076,1.0512,113,8.0627,1.0327,414,9.0502,1.1591,357,9.262,1.1863,355,7.8383,1.0039,196,10.2963,1.3187,36,7.8225,1.0019,85,12.5817,1.6114,137,9.9715,1.2771,68,6.1195,0.7838,114,13.7645,1.7629,31
1964-03-31,7.7121,8.0697,1.0464,113,7.9813,1.0349,414,8.8628,1.1492,356,9.2832,1.2037,355,7.7892,1.01,196,10.3337,1.3399,36,7.6635,0.9937,85,12.3918,1.6068,137,9.7595,1.2655,68,6.0534,0.7849,114,12.8218,1.6626,31
1964-04-30,7.6141,8.099,1.0637,113,7.9164,1.0397,411,8.7316,1.1468,356,9.1506,1.2018,354,7.63,1.0021,195,10.4197,1.3685,36,7.4917,0.9839,85,12.4034,1.629,136,9.7117,1.2755,68,5.9844,0.786,114,12.4403,1.6339,31
1964-05-28,7.5165,7.9907,1.0631,113,7.7987,1.0375,409,8.6256,1.1475,353,9.1052,1.2113,354,7.545,1.0038,195,10.2559,1.3644,36,7.4557,0.9919,85,12.3997,1.6497,136,9.623,1.2802,67,5.8508,0.7784,114,12.3184,1.6388,31
1964-06-30,7.4766,7.8846,1.0546,113,7.7877,1.0416,408,8.5985,1.1501,350,9.113,1.2189,351,7.499,1.003,194,10.2047,1.3649,36,7.2985,0.9762,85,12.3774,1.6555,135,9.5922,1.283,67,5.8201,0.7784,114,11.9714,1.6012,31
1964-07-31,7.4241,7.834,1.0552,117,7.7367,1.0421,424,8.5401,1.1503,372,9.0158,1.2144,383,7.4508,1.0036,205,10.1143,1.3624,39,7.1832,0.9675,86,12.0875,1.6281,152,9.5552,1.2871,71,5.7823,0.7789,118,11.7089,1.5772,33
1964-08-31,6.2486,6.7867,1.0861,115,6.9366,1.1101,423,7.4735,1.196,370,8.3187,1.3313,381,6.3658,1.0188,204,8.8038,1.4089,38,6.1486,0.984,86,10.9394,1.7507,152,7.783,1.2456,71,3.9531,0.6326,118,10.8333,1.7337,33
1964-09-30,5.7494,6.4842,1.1278,115,6.435,1.1193,422,6.8492,1.1913,369,8.0551,1.401,380,5.7398,0.9983,204,8.0527,1.4006,38,5.4536,0.9486,86,9.7314,1.6926,152,7.5499,1.3132,71,3.4037,0.592,118,10.1605,1.7672,33
1964-10-30,5.6615,6.5868,1.1634,115,6.3198,1.1163,420,6.7713,1.196,366,8.0088,1.4146,378,5.5584,0.9818,204,7.8827,1.3923,38,5.2677,0.9304,85,9.5569,1.688,152,7.4214,1.3109,71,3.3593,0.5934,118,10.0262,1.7709,33
1964-11-30,5.5953,6.5801,1.176,114,6.2412,1.1154,418,6.7145,1.2,365,7.9411,1.4192,378,5.5348,0.9892,204,7.7895,1.3922,38,5.1565,0.9216,84,9.4224,1.684,152,7.2871,1.3024,70,3.3115,0.5918,118,10.0474,1.7957,33
1964-12-31,5.3273,6.3805,1.1977,113,5.9556,1.1179,418,6.4024,1.2018,363,7.6465,1.4354,378,5.2331,0.9823,203,7.5917,1.4251,38,4.8693,0.914,84,9.0337,1.6957,152,7.1565,1.3434,70,3.1367,0.5888,118,9.5118,1.7855,33
1965-01-29,4.9827,5.9855,1.2013,112,5.7869,1.1614,417,6.3235,1.2691,362,7.1984,1.4447,376,4.8647,0.9763,203,7.0776,1.4204,38,4.4862,0.9003,84,8.4237,1.6906,150,6.8025,1.3652,70,2.6349,0.5288,118,8.9005,1.7863,33
1965-02-26,4.3181,5.4476,1.2616,110,5.0722,1.1746,414,5.7192,1.3245,362,6.5646,1.5202,375,4.502,1.0426,203,6.2527,1.448,38,4.2093,0.9748,83,7.8972,1.8288,149,5.6145,1.3002,70,2.4576,0.5691,118,8.259,1.9126,33
1965-03-31,4.2749,5.4405,1.2727,109,5.0162,1.1734,413,5.7905,1.3545,360,6.4727,1.5141,371,4.3792,1.0244,203,6.0974,1.4263,38,4.1431,0.9692,83,7.7119,1.804,149,5.644,1.3203,70,2.4188,0.5658,118,7.6855,1.7978,33
1965-04-30,4.2589,5.3576,1.258,109,5.0137,1.1772,412,5.8118,1.3646,357,6.4221,1.5079,370,4.3866,1.03,202,5.9956,1.4078,38,4.0422,0.9491,83,7.5499,1.7727,146,5.5163,1.2952,70,2.4214,0.5685,118,7.3646,1.7292,33
1965-05-28,4.3522,5.8164,1.3365,109,5.0495,1.1602,410,5.8038,1.3335,357,6.4921,1.4917,369,4.5777,1.0518,202,5.9393,1.3647,38,3.9962,0.9182,83,7.6329,1.7538,146,5.4729,1.2575,70,2.398,0.551,118,7.4192,1.7047,33
1965-06-30,4.3189,5.7521,1.3318,109,4.9826,1.1537,410,5.822,1.348,355,6.4341,1.4897,368,4.6162,1.0688,202,5.8914,1.3641,38,3.9273,0.9093,83,7.5855,1.7563,146,5.3925,1.2486,70,2.3933,0.5541,118,7.3045,1.6913,31
1965-07-30,4.2608,5.6464,1.3252,110,4.9156,1.1537,428,5.7395,1.3471,382,6.4371,1.5108,392,4.6077,1.0814,211,5.8658,1.3767,40,3.8405,0.9014,95,7.4559,1.7499,163,5.2991,1.2437,75,2.3768,0.5578,120,7.1812,1.6854,31
1965-08-31,4.3535,5.5963,1.2855,109,5.0404,1.1578,428,5.8271,1.3385,380,6.5798,1.5114,392,4.8285,1.1091,211,5.9785,1.3732,39,3.8955,0.8948,95,7.5936,1.7442,162,5.4539,1.2528,75,2.5271,0.5805,120,6.9584,1.5983,31
1965-09-30,5.0641,5.9839,1.1816,108,5.6945,1.1245,428,6.7911,1.341,378,7.4462,1.4704,391,5.4993,1.0859,210,6.7175,1.3265,39,4.5483,0.8981,95,8.0493,1.5895,162,5.6276,1.1113,75,2.9777,0.588,120,7.1041,1.4028,31
1965-10-29,5.0993,5.8816,1.1534,108,5.7566,1.1289,427,6.8045,1.3344,376,7.4622,1.4634,387,5.7084,1.1194,209,6.8728,1.3478,39,4.5589,0.894,94,8.1443,1.5971,161,5.4731,1.0733,75,2.9965,0.5876,120,7.1464,1.4014,31
1965-11-30,5.074,5.8767,1.1582,108,5.7113,1.1256,425,6.8207,1.3443,375,7.3619,1.4509,386,5.7177,1.1269,206,6.7762,1.3355,39,4.5822,0.9031,94,8.0848,1.5934,161,5.5139,1.0867,75,2.9699,0.5853,120,7.1664,1.4124,30
1965-12-31,5.0959,5.8767,1.1532,108,5.6977,1.1181,425,6.8872,1.3515,373,7.4305,1.4581,385,5.8006,1.1383,206,6.7516,1.3249,39,4.5528,0.8934,93,7.9941,1.5687,161,5.5253,1.0843,75,2.9437,0.5777,120,7.3843,1.4491,29
1966-01-31,5.0693,5.8396,1.152,108,5.7034,1.1251,424,6.8938,1.3599,372,7.3011,1.4403,384,5.7851,1.1412,205,6.6799,1.3177,39,4.5274,0.8931,93,8.0023,1.5786,160,5.6487,1.1143,74,2.9451,0.581,120,7.4276,1.4652,29
1966-02-28,4.6732,5.3736,1.1499,107,5.2849,1.1309,422,6.5584,1.4034,370,6.8955,1.4755,383,5.6,1.1983,204,6.3051,1.3492,38,4.2684,0.9134,92,7.7873,1.6664,158,5.2148,1.1159,74,2.8409,0.6079,120,7.1427,1.5285,29
1966-03-31,4.712,5.3066,1.1262,107,5.3049,1.1258,420,6.7106,1.4241,368,6.8605,1.456,380,5.6449,1.198,202,6.261,1.3287,38,4.3383,0.9207,91,7.8154,1.6586,158,5.5721,1.1825,74,2.8538,0.6056,120,7.1839,1.5246,29
1966-04-29,4.7517,5.3413,1.1241,107,5.3112,1.1178,420,6.9155,1.4554,368,6.8887,1.4497,379,5.6403,1.187,201,6.2137,1.3077,38,4.3778,0.9213,91,7.8699,1.6562,158,5.7117,1.202,74,2.8688,0.6037,120,7.3131,1.5391,29
1966-05-31,4.8892,5.2337,1.0705,106,5.4306,1.1107,420,7.105,1.4532,366,6.8887,1.409,376,5.745,1.175,201,6.3334,1.2954,38,4.6165,0.9442,91,8.1088,1.6585,158,5.8833,1.2033,74,3.087,0.6314,120,7.7422,1.5835,29
1966-06-30,5.2203,5.3795,1.0305,105,5.7559,1.1026,418,7.7478,1.4842,364,7.1811,1.3756,374,6.0185,1.1529,200,6.5749,1.2595,38,4.8455,0.9282,90,8.6134,1.65,157,6.0476,1.1585,73,3.1921,0.6115,120,8.1239,1.5562,29
1966-07-29,5.26,5.3426,1.0157,106,5.82,1.1064,439,7.9539,1.5121,380,7.1445,1.3583,399,6.0989,1.1595,206,6.5704,1.2491,39,4.819,0.9162,94,8.8141,1.6757,173,6.0854,1.1569,77,3.2156,0.6113,124,8.5486,1.6252,30
1966-08-31,5.9092,5.6623,0.9582,106,6.4051,1.0839,437,9.2909,1.5723,380,7.6511,1.2948,396,6.9196,1.171,203,7.0454,1.1923,39,5.055,0.8554,94,10.01,1.694,173,6.0658,1.0265,77,3.224,0.5456,123,9.3978,1.5904,30
1966-09-30,5.6992,5.4126,0.9497,106,6.2225,1.0918,437,9.1721,1.6094,378,7.1904,1.2617,395,6.8978,1.2103,203,6.6118,1.1601,39,4.7529,0.834,93,10.0892,1.7703,171,6.2709,1.1003,77,3.0245,0.5307,123,9.2378,1.6209,30
1966-10-31,6.0145,5.6128,0.9332,105,6.4793,1.0773,437,9.5205,1.5829,378,7.3251,1.2179,394,7.387,1.2282,203,6.9495,1.1555,39,4.9196,0.818,93,10.5106,1.7476,170,6.6101,1.099,77,3.1082,0.5168,123,9.6409,1.603,30
1966-11-30,6.9601,6.6554,0.9562,104,7.2619,1.0434,437,10.6838,1.535,375,7.9662,1.1445,394,8.2916,1.1913,203,8.0568,1.1576,39,5.7358,0.8241,92,11.6553,1.6746,170,7.1558,1.0281,76,3.96,0.5689,123,9.9984,1.4365,30
1966-12-30,7.4085,6.913,0.9331,104,7.6549,1.0333,434,11.1725,1.5081,373,8.417,1.1361,391,8.971,1.2109,202,8.5737,1.1573,39,5.9411,0.8019,92,12.3935,1.6729,170,7.4143,1.0008,76,4.1826,0.5646,123,10.3704,1.3998,30
1967-01-31,7.6735,7.2247,0.9415,104,7.9719,1.0389,433,11.4161,1.4877,370,8.6121,1.1223,389,9.316,1.214,200,8.7643,1.1422,39,6.2662,0.8166,91,13.063,1.7023,170,7.6891,1.002,75,4.4463,0.5794,123,10.4809,1.3658,30
1967-02-28,7.7901,7.2689,0.9331,104,8.1196,1.0423,432,11.5743,1.4858,369,8.7103,1.1181,388,9.4303,1.2105,199,8.8487,1.1359,39,6.3246,0.8119,90,13.2897,1.706,170,7.7962,1.0008,75,4.5057,0.5784,123,10.561,1.3557,30
1967-03-31,7.8115,7.325,0.9377,104,8.1861,1.048,430,11.5446,1.4779,368,8.7931,1.1257,388,9.4505,1.2098,198,8.8459,1.1324,39,6.3458,0.8124,90,13.3359,1.7072,170,7.7854,0.9967,75,4.5265,0.5795,123,10.5952,1.3564,30
1967-04-28,7.9587,7.38,0.9273,103,8.3797,1.0529,428,11.6825,1.4679,367,9.0661,1.1391,387,9.5385,1.1985,198,8.9274,1.1217,39,6.5028,0.8171,90,13.5621,1.7041,168,7.9727,1.0018,75,4.5588,0.5728,123,10.6767,1.3415,30
1967-05-31,7.9731,7.3466,0.9214,103,8.3794,1.051,427,11.6436,1.4603,366,9.157,1.1485,386,9.516,1.1935,198,8.98,1.1263,39,6.4753,0.8121,90,13.6279,1.7092,165,8.0556,1.0103,74,4.513,0.566,123,10.6209,1.3321,30
1967-06-30,7.9634,7.3205,0.9193,103,8.4185,1.0571,424,11.5613,1.4518,362,9.1341,1.147,382,9.5198,1.1954,197,9.0492,1.1363,39,6.4614,0.8114,90,13.6805,1.7179,164,8.0411,1.0098,72,4.5104,0.5664,123,10.854,1.363,30
1967-07-31,8.0361,7.3552,0.9153,106,8.5057,1.0584,448,11.5383,1.4358,382,9.3351,1.1616,402,9.6278,1.1981,201,9.1771,1.142,40,6.5016,0.809,91,13.676,1.7018,186,8.1703,1.0167,74,4.5216,0.5627,126,10.7714,1.3404,28
1967-08-31,8.0945,7.7541,0.9579,105,8.5799,1.06,446,11.4873,1.4192,374,9.2622,1.1443,401,9.5255,1.1768,200,9.257,1.1436,40,6.6773,0.8249,91,13.5678,1.6762,185,8.246,1.0187,73,4.591,0.5672,126,11.1239,1.3743,27
1967-09-29,7.8975,7.6157,0.9643,104,8.395,1.063,444,11.1584,1.4129,373,9.0103,1.1409,399,9.3607,1.1853,200,9.1192,1.1547,40,6.5942,0.835,90,13.3209,1.6867,185,8.256,1.0454,72,4.5137,0.5715,126,11.2328,1.4223,27
1967-10-31,7.7597,7.5528,0.9733,104,8.3549,1.0767,439,10.9834,1.4154,369,9.0264,1.1632,396,9.1057,1.1735,199,8.9249,1.1502,40,6.6094,0.8518,89,12.9793,1.6726,184,8.3102,1.0709,72,4.4869,0.5782,126,11.1557,1.4376,26
1967-11-30,7.1643,6.9802,0.9743,103,7.891,1.1014,438,10.1538,1.4173,366,8.6506,1.2075,392,8.4979,1.1862,199,8.2135,1.1464,40,6.0967,0.851,88,12.2795,1.714,183,7.9284,1.1066,70,3.9552,0.5521,126,10.8257,1.5111,26
1967-12-29,6.7922,6.7712,0.9969,103,7.5782,1.1157,437,9.6371,1.4189,364,8.3419,1.2282,389,7.9402,1.169,198,7.8223,1.1517,40,5.9468,0.8755,88,11.705,1.7233,183,7.8819,1.1604,69,3.7474,0.5517,126,10.9454,1.6115,25
1968-01-31,6.7013,6.7084,1.0011,102,7.4282,1.1085,434,9.4586,1.4115,364,8.4492,1.2608,387,7.7767,1.1605,197,7.7415,1.1552,39,5.852,0.8733,87,11.224,1.6749,182,7.5649,1.1289,69,3.5992,0.5371,126,11.0747,1.6526,25
1968-02-29,6.7942,6.8414,1.007,101,7.4841,1.1015,430,9.4529,1.3913,360,8.5039,1.2516,385,7.96,1.1716,194,7.7544,1.1413,38,6.0156,0.8854,86,11.323,1.6666,180,7.3901,1.0877,68,3.689,0.543,124,11.5165,1.6951,25
1968-03-29,6.7415,6.7529,1.0017,101,7.413,1.0996,426,9.4245,1.398,359,8.3771,1.2426,382,7.9348,1.177,194,8.1159,1.2039,38,6.0169,0.8925,86,11.6031,1.7211,179,7.2418,1.0742,68,3.7553,0.557,124,11.6841,1.7332,24
1968-04-30,6.7557,6.8498,1.0139,101,7.3041,1.0812,426,9.4182,1.3941,355,8.2427,1.2201,382,7.918,1.1721,193,8.0687,1.1944,38,6.0988,0.9028,86,11.8487,1.7539,179,7.3659,1.0903,68,3.9774,0.5887,124,11.7901,1.7452,24
1968-05-31,7.0147,7.1719,1.0224,100,7.3926,1.0539,424,9.8193,1.3998,351,8.302,1.1835,379,8.1826,1.1665,193,8.2711,1.1791,38,6.4477,0.9192,86,12.2169,1.7416,179,7.3108,1.0422,68,4.0664,0.5797,123,12.8807,1.8362,24
1968-06-28,7.247,7.4159,1.0233,100,7.5118,1.0365,422,9.9601,1.3744,347,8.4138,1.161,377,8.3233,1.1485,193,8.5389,1.1783,38,6.7434,0.9305,86,12.6327,1.7432,179,7.445,1.0273,67,4.2017,0.5798,123,13.314,1.8372,24
1968-07-30,7.3516,7.5443,1.0262,99,7.6019,1.034,438,9.9808,1.3576,363,8.6577,1.1777,409,8.3336,1.1336,202,8.6433,1.1757,44,7.275,0.9896,86,12.5956,1.7133,215,7.4689,1.016,73,4.4272,0.6022,127,13.5349,1.8411,24
1968-08-30,7.1889,7.4869,1.0415,99,7.4024,1.0297,435,9.6092,1.3367,362,8.3958,1.1679,406,8.216,1.1429,196,8.4728,1.1786,44,7.2838,1.0132,82,12.2552,1.7047,212,7.4275,1.0332,71,4.4093,0.6133,126,13.3775,1.8608,24
1968-09-30,6.9536,7.1804,1.0326,99,7.1847,1.0332,435,9.2396,1.3287,360,8.1341,1.1698,405,7.9677,1.1458,196,8.3542,1.2014,44,7.2023,1.0358,81,12.1777,1.7513,212,7.3639,1.059,71,4.3932,0.6318,126,13.4335,1.9319,24
1968-10-31,7.0173,7.2995,1.0402,99,7.2131,1.0279,432,9.2208,1.314,357,8.2032,1.169,404,8.0494,1.1471,195,8.5122,1.213,44,7.3716,1.0505,80,12.4546,1.7749,211,7.1304,1.0161,71,4.5763,0.6521,126,13.8237,1.97,24
1968-11-29,7.1294,7.4102,1.0394,98,7.3889,1.0364,429,9.3966,1.318,354,8.4395,1.1838,402,8.1617,1.1448,194,8.5278,1.1962,44,7.7896,1.0926,80,12.6822,1.7789,210,7.034,0.9866,71,4.5485,0.638,126,14.5558,2.0417,24
1968-12-31,6.9963,7.2647,1.0384,98,7.3265,1.0472,424,9.1924,1.3139,354,8.4146,1.2027,400,8.0175,1.146,193,8.3739,1.1969,44,7.7381,1.106,80,12.463,1.7814,209,6.9979,1.0002,71,4.4228,0.6322,126,14.7655,2.1105,24
1969-01-31,6.7426,7.0273,1.0422,97,7.1602,1.0619,419,8.8696,1.3154,352,8.2024,1.2165,398,7.7603,1.1509,192,8.0341,1.1915,44,7.7312,1.1466,80,12.0286,1.784,209,6.878,1.0201,70,4.2425,0.6292,126,14.6358,2.1706,24
1969-02-28,6.5904,6.8467,1.0389,97,6.9756,1.0585,418,8.692,1.3189,345,7.9724,1.2097,395,7.5356,1.1434,192,7.9516,1.2065,44,7.667,1.1634,78,11.7248,1.7791,209,7.0232,1.0657,70,4.3233,0.656,126,14.5756,2.2116,24
1969-03-28,6.4107,6.7776,1.0572,97,6.7936,1.0597,415,8.4669,1.3207,344,7.5974,1.1851,393,7.361,1.1482,191,7.8455,1.2238,44,7.8166,1.2193,78,11.4776,1.7904,209,7.2516,1.1312,70,4.3347,0.6762,126,14.6095,2.2789,23
1969-04-30,6.5627,6.9458,1.0584,96,6.9494,1.0589,415,8.6223,1.3138,341,7.7775,1.1851,391,7.423,1.1311,191,7.9475,1.211,44,8.0442,1.2258,77,11.4784,1.749,207,7.2849,1.1101,70,4.4439,0.6771,126,15.1177,2.3036,23
1969-05-29,6.704,7.1652,1.0688,96,7.125,1.0628,414,8.6741,1.2939,341,7.8458,1.1703,390,7.4774,1.1154,189,7.8493,1.1708,44,8.3812,1.2502,77,11.3195,1.6885,206,7.1249,1.0628,69,4.4426,0.6627,126,15.3347,2.2874,23
1969-06-30,6.649,7.1734,1.0789,96,7.0765,1.0643,411,8.4943,1.2775,339,7.8099,1.1746,389,7.3638,1.1075,189,7.7342,1.1632,44,8.4044,1.264,77,11.0892,1.6678,204,7.0254,1.0566,69,4.394,0.6609,126,15.4471,2.3232,23
1969-07-31,6.4458,7.0544,1.0944,98,6.9963,1.0854,429,8.1542,1.265,364,7.6748,1.1907,435,7.2251,1.1209,202,7.4375,1.1539,49,8.3211,1.2909,104,10.537,1.6347,237,7.1711,1.1125,74,4.2564,0.6603,132,15.4178,2.3919,24
1969-08-29,6.2523,7.1186,1.1386,98,6.7937,1.0866,427,7.8367,1.2534,363,7.307,1.1687,435,7.0188,1.1226,202,7.1811,1.1485,49,8.0897,1.2939,104,10.2655,1.6419,235,6.9614,1.1134,73,4.0836,0.6531,132,15.4389,2.4693,23
1969-09-30,6.4815,7.4541,1.1501,98,7.0607,1.0894,426,8.1029,1.2501,362,7.3581,1.1352,434,7.1272,1.0996,202,7.2279,1.1151,49,8.366,1.2907,104,10.3461,1.5963,232,7.3146,1.1285,73,4.3551,0.6719,132,16.0345,2.4739,23
1969-10-31,7.0502,8.3904,1.1901,98,7.4373,1.0549,424,8.5804,1.2171,361,7.961,1.1292,432,7.4335,1.0544,202,7.5343,1.0687,49,8.9291,1.2665,103,10.6733,1.5139,230,7.6288,1.0821,73,4.3539,0.6176,132,17.969,2.5487,23
1969-11-28,7.0781,8.481,1.1982,98,7.3407,1.0371,424,8.5145,1.2029,360,7.8493,1.109,432,7.3183,1.0339,202,7.5406,1.0654,49,8.9557,1.2653,103,10.5986,1.4974,229,7.5423,1.0656,73,4.4086,0.6229,132,17.8406,2.5205,23
1969-12-31,7.1577,9.0056,1.2582,96,7.3307,1.0242,423,8.5216,1.1906,359,7.8144,1.0918,432,7.4243,1.0372,201,7.7611,1.0843,49,9.1113,1.2729,102,10.7685,1.5045,228,7.6784,1.0727,73,4.4473,0.6213,132,18.0058,2.5156,23
1970-01-30,7.2314,8.9901,1.2432,96,7.3644,1.0184,423,8.5857,1.1873,357,7.8583,1.0867,428,7.5099,1.0385,200,7.8828,1.0901,49,9.1686,1.2679,102,10.8579,1.5015,227,7.6192,1.0536,73,4.6519,0.6433,132,18.0203,2.4919,23
1970-02-27,7.2618,9.0839,1.2509,96,7.4209,1.0219,422,8.6007,1.1844,356,7.8374,1.0793,427,7.4378,1.0242,200,7.939,1.0933,49,9.2369,1.272,102,10.7791,1.4844,226,7.6991,1.0602,73,4.7582,0.6552,132,18.0344,2.4835,23
1970-03-31,7.4311,9.3982,1.2647,96,7.5385,1.0145,420,8.8369,1.1892,356,7.9853,1.0746,427,7.4442,1.0018,199,7.9395,1.0684,49,9.4194,1.2676,102,10.8717,1.463,226,7.7444,1.0422,73,4.9792,0.6701,132,18.4505,2.4829,23
1970-04-30,7.5265,9.5748,1.2721,96,7.5818,1.0074,420,8.8182,1.1716,353,7.9621,1.0579,427,7.5768,1.0067,199,8.276,1.0996,49,9.4419,1.2545,102,11.374,1.5112,226,7.9185,1.0521,72,5.0076,0.6653,132,18.8275,2.5015,23
1970-05-29,7.5417,9.7907,1.2982,96,7.5928,1.0068,420,8.8758,1.1769,350,7.9935,1.0599,427,7.6024,1.008,199,8.0478,1.0671,49,9.4903,1.2584,102,11.2936,1.4975,224,7.9464,1.0536,72,5.1555,0.6836,132,18.9721,2.5156,23
1970-06-30,7.5163,9.7963,1.3034,96,7.5791,1.0084,417,8.775,1.1675,349,7.8822,1.0487,425,7.5829,1.0089,198,8.2308,1.0951,49,9.4167,1.2528,102,11.4605,1.5248,224,7.9606,1.0591,72,5.2071,0.6928,132,18.6927,2.487,23
1970-07-31,7.9329,9.7193,1.2252,103,7.9563,1.003,444,9.3152,1.1743,370,8.179,1.031,468,8.0684,1.0171,213,8.7666,1.1051,53,9.9406,1.2531,120,12.289,1.5491,240,8.4859,1.0697,77,5.4235,0.6837,135,19.7486,2.4895,24
1970-08-31,9.269,10.4702,1.1296,103,9.6128,1.0371,442,11.0459,1.1917,369,9.5441,1.0297,467,9.5013,1.0251,211,10.5905,1.1426,53,11.2565,1.2144,119,14.2263,1.5348,240,9.0097,0.972,77,6.1149,0.6597,135,22.6778,2.4466,24
1970-09-30,9.515,10.5682,1.1107,103,9.8872,1.0391,442,11.2863,1.1862,367,9.8168,1.0317,464,9.8689,1.0372,211,10.9076,1.1464,53,11.4909,1.2077,119,14.6994,1.5449,239,9.2591,0.9731,77,6.1119,0.6424,135,22.858,2.4023,23
1970-10-30,9.4928,10.6397,1.1208,103,9.8923,1.0421,442,11.2593,1.1861,367,9.7947,1.0318,464,9.8424,1.0368,211,10.8491,1.1429,53,11.3416,1.1948,118,14.5043,1.5279,237,9.2967,0.9793,76,6.1978,0.6529,135,22.2538,2.3443,23
1970-11-30,9.6525,10.8583,1.1249,102,9.9914,1.0351,440,11.3881,1.1798,367,9.8876,1.0244,464,9.9533,1.0312,211,11.0009,1.1397,53,11.3069,1.1714,118,14.9091,1.5446,237,9.4834,0.9825,76,6.3185,0.6546,135,22.3734,2.3179,23
1970-12-31,9.8043,11.0069,1.1227,102,10.0675,1.0268,440,11.6119,1.1844,365,10.0069,1.0207,462,10.0214,1.0221,211,11.0947,1.1316,52,11.3807,1.1608,118,15.196,1.5499,237,9.6565,0.9849,76,6.3728,0.65,135,22.4826,2.2931,23
1971-01-29,9.7619,11.2065,1.148,102,9.9397,1.0182,437,11.451,1.173,363,9.9337,1.0176,460,9.9462,1.0189,209,10.9663,1.1234,52,11.2419,1.1516,117,15.3459,1.572,236,9.6162,0.9851,76,6.2282,0.638,135,22.4191,2.2966,23
1971-02-26,9.8812,11.2206,1.1356,102,9.9992,1.0119,436,11.6019,1.1741,362,10.228,1.0351,456,10.071,1.0192,209,10.9759,1.1108,51,11.3648,1.1501,117,15.4536,1.5639,236,9.6736,0.979,76,6.2724,0.6348,135,22.619,2.2891,23
1971-03-31,9.9074,11.1094,1.1213,101,10.0617,1.0156,436,11.5965,1.1705,360,10.2924,1.0389,454,10.083,1.0177,209,11.0196,1.1123,51,11.3977,1.1504,117,15.4853,1.563,235,9.8071,0.9899,76,6.2517,0.631,135,22.5172,2.2728,23
1971-04-30,9.9265,11.1088,1.1191,101,10.0902,1.0165,436,11.7349,1.1822,359,10.3283,1.0405,453,10.0953,1.017,208,10.9621,1.1043,51,11.3814,1.1466,116,15.3907,1.5505,234,9.9195,0.9993,75,6.278,0.6324,135,22.2454,2.241,23
1971-05-28,9.8987,10.995,1.1108,101,10.0024,1.0105,434,11.7568,1.1877,358,10.3137,1.0419,453,10.098,1.0201,206,10.9116,1.1023,51,11.2281,1.1343,116,15.4791,1.5638,233,10.0484,1.0151,75,6.163,0.6226,135,22.3134,2.2542,23
1971-06-30,9.8828,10.9729,1.1103,101,9.9591,1.0077,432,11.7545,1.1894,356,10.3017,1.0424,452,10.0767,1.0196,203,10.8133,1.0941,51,11.2824,1.1416,116,15.44,1.5623,233,9.9878,1.0106,74,6.164,0.6237,135,22.1093,2.2371,23
1971-07-30,9.5084,10.7946,1.1353,105,9.6776,1.0178,435,11.4484,1.204,372,10.0668,1.0587,487,9.7357,1.0239,212,10.3956,1.0933,60,10.8059,1.1365,133,14.8216,1.5588,249,9.6218,1.0119,79,5.9054,0.6211,140,20.9534,2.2037,31
1971-08-31,8.4393,10.0571,1.1917,105,8.351,0.9895,434,10.2376,1.2131,372,9.0318,1.0702,485,8.6697,1.0273,212,9.0457,1.0718,60,9.6098,1.1387,133,13.4053,1.5884,249,9.0838,1.0764,79,5.3724,0.6366,140,18.3284,2.1718,31
1971-09-30,8.0343,9.9623,1.24,105,7.9159,0.9853,433,9.7604,1.2148,371,8.7431,1.0882,485,8.1354,1.0126,211,8.6349,1.0748,60,9.1251,1.1358,133,12.652,1.5748,249,8.7133,1.0845,79,5.2834,0.6576,140,17.6224,2.1934,31
1971-10-29,8.0133,9.7539,1.2172,105,7.8524,0.9799,433,9.8945,1.2348,370,8.7274,1.0891,485,8.0416,1.0035,211,8.5337,1.0649,60,8.9094,1.1118,133,12.7603,1.5924,248,8.5033,1.0611,79,5.3916,0.6728,140,17.467,2.1797,31
1971-11-30,8.0236,9.5942,1.1957,105,7.922,0.9873,433,9.9448,1.2394,370,8.9246,1.1123,485,8.0216,0.9998,211,8.4621,1.0547,60,8.882,1.107,133,12.6108,1.5717,248,8.5237,1.0623,79,5.3965,0.6726,140,17.2078,2.1446,31
1971-12-31,7.8914,9.2476,1.1719,105,7.8382,0.9933,433,9.8008,1.242,368,8.8253,1.1183,485,7.9646,1.0093,211,8.2821,1.0495,60,8.7355,1.107,133,12.1862,1.5442,248,8.4556,1.0715,79,5.4765,0.694,139,17.1119,2.1684,31
1972-01-31,7.9637,9.1517,1.1492,105,8.1188,1.0195,432,9.9485,1.2492,366,8.8914,1.1165,485,8.0229,1.0074,211,8.3978,1.0545,60,8.6569,1.087,132,12.1543,1.5262,248,8.4914,1.0663,79,5.4712,0.687,139,17.9773,2.2574,31
1972-02-29,8.0786,9.1254,1.1296,105,8.346,1.0331,429,10.203,1.263,365,8.9793,1.1115,484,8.213,1.0166,211,8.4837,1.0501,60,8.7434,1.0823,132,12.3436,1.5279,248,8.3383,1.0321,79,5.2854,0.6542,139,18.5824,2.3002,31
1972-03-30,8.1046,9.1252,1.1259,105,8.3416,1.0292,429,10.1525,1.2527,364,8.973,1.1071,484,8.3205,1.0266,211,8.5336,1.0529,60,8.5983,1.0609,132,12.5774,1.5519,248,8.2938,1.0233,79,5.2764,0.651,139,18.1909,2.2445,31
1972-04-28,8.0368,8.8866,1.1057,105,8.2783,1.0301,429,10.1221,1.2595,364,8.8882,1.1059,482,8.2823,1.0306,211,8.3861,1.0435,60,8.5119,1.0591,132,12.4538,1.5496,248,8.2211,1.0229,79,5.2418,0.6522,139,17.9759,2.2367,31
1972-05-31,7.9591,8.5962,1.08,104,8.2508,1.0366,429,9.98,1.2539,363,8.8011,1.1058,481,8.2809,1.0404,211,8.4427,1.0608,60,8.3672,1.0513,132,12.2988,1.5452,246,7.9502,0.9989,79,5.1888,0.6519,139,17.846,2.2422,31
1972-06-30,7.9859,8.5824,1.0747,103,8.2683,1.0354,428,10.0296,1.2559,361,8.7979,1.1017,481,8.3663,1.0476,211,8.4849,1.0625,60,8.4056,1.0526,131,12.2853,1.5384,246,7.9868,1.0001,79,5.1799,0.6486,139,17.9097,2.2427,31
1972-07-31,7.7655,8.4837,1.0925,108,8.0707,1.0393,439,9.7218,1.2519,373,8.6985,1.1202,531,8.1731,1.0525,222,8.2224,1.0588,70,8.046,1.0361,159,11.8825,1.5302,257,7.6609,0.9865,81,5.0373,0.6487,143,17.2696,2.2239,45
1972-08-31,7.228,8.1473,1.1272,107,7.4866,1.0358,438,9.0021,1.2454,372,8.2326,1.139,528,7.6397,1.057,222,7.4776,1.0345,70,7.3102,1.0114,158,11.1591,1.5439,257,7.3606,1.0183,81,4.5789,0.6335,143,15.8252,2.1894,45
1972-09-29,6.8978,7.8676,1.1406,107,7.1967,1.0433,437,8.5874,1.2449,370,7.8653,1.1403,524,7.3156,1.0606,219,7.1632,1.0385,70,6.9242,1.0038,158,10.7069,1.5522,257,7.1751,1.0402,81,4.3886,0.6362,143,15.2556,2.2117,45
1972-10-31,6.7275,7.6213,1.1329,107,7.0623,1.0498,437,8.3823,1.246,370,7.8096,1.1609,523,7.19,1.0688,219,6.9609,1.0347,70,6.8364,1.0162,158,10.402,1.5462,257,6.946,1.0325,81,4.2476,0.6314,143,14.7596,2.1939,45
1972-11-30,6.4803,7.6675,1.1832,107,6.8797,1.0616,437,8.1077,1.2511,369,7.4809,1.1544,522,7.022,1.0836,219,6.8219,1.0527,70,6.6122,1.0203,158,9.8214,1.5156,257,6.6974,1.0335,80,4.205,0.6489,143,14.3551,2.2152,45
1972-12-29,6.4227,7.488,1.1659,107,6.866,1.069,436,8.0551,1.2541,367,7.3977,1.1518,522,7.0173,1.0926,218,6.931,1.0791,70,6.5207,1.0152,158,9.7008,1.5104,257,6.5183,1.0149,80,4.124,0.6421,143,14.1625,2.2051,44
1973-01-31,6.35,7.3081,1.1509,107,6.6271,1.0436,436,7.946,1.2513,366,7.2791,1.1463,520,7.1877,1.1319,218,7.0354,1.1079,70,6.5692,1.0345,158,9.6968,1.527,257,6.4551,1.0166,80,4.1372,0.6515,143,13.254,2.0872,44
1973-02-28,6.096,7.1165,1.1674,107,6.3435,1.0406,435,7.4983,1.23,364,7.0304,1.1533,519,7.0315,1.1535,216,6.928,1.1365,70,6.3106,1.0352,158,9.4813,1.5553,256,6.4752,1.0622,80,4.0755,0.6685,142,12.5384,2.0568,44
1973-03-30,6.0789,7.0701,1.1631,107,6.3297,1.0413,433,7.4575,1.2268,364,7.0704,1.1631,516,7.0312,1.1567,214,6.8926,1.1339,70,6.2595,1.0297,158,9.2923,1.5286,255,6.4969,1.0688,80,3.9528,0.6503,142,12.613,2.0749,44
1973-04-30,6.1424,7.004,1.1403,106,6.5227,1.0619,432,7.4704,1.2162,363,7.3499,1.1966,516,7.0657,1.1503,213,6.8413,1.1138,70,6.5067,1.0593,158,9.2297,1.5026,255,6.5695,1.0695,80,4.0232,0.655,142,12.6312,2.0564,43
1973-05-31,6.4017,7.5245,1.1754,106,6.6352,1.0365,432,7.578,1.1837,363,7.6155,1.1896,515,7.3919,1.1547,213,7.0363,1.0991,70,6.8154,1.0646,158,9.452,1.4765,254,6.6132,1.033,80,3.9191,0.6122,142,12.6497,1.976,43
1973-06-29,6.7228,7.7875,1.1584,105,6.8424,1.0178,428,7.7742,1.1564,362,7.9628,1.1844,511,7.8939,1.1742,213,7.7706,1.1559,70,7.1559,1.0644,158,9.6567,1.4364,253,6.8441,1.018,78,4.0094,0.5964,142,12.6936,1.8881,42
1973-07-31,7.079,8.0925,1.1432,166,7.1573,1.0111,649,8.1706,1.1542,672,8.3842,1.1844,860,8.3202,1.1753,362,8.2004,1.1584,138,7.5692,1.0692,611,10.0447,1.4189,584,7.2364,1.0222,165,4.0997,0.5791,184,13.1985,1.8645,89
1973-08-31,7.6521,8.7409,1.1423,165,7.9311,1.0365,648,8.9522,1.1699,668,8.8216,1.1528,854,8.7725,1.1464,359,8.9744,1.1728,136,8.3664,1.0934,602,10.5116,1.3737,582,7.5857,0.9913,162,4.2571,0.5563,183,14.716,1.9231,88
1973-09-28,7.9408,8.921,1.1235,164,8.207,1.0335,643,9.3009,1.1713,661,9.0998,1.146,848,9.2098,1.1598,356,9.3804,1.1813,136,8.6103,1.0843,597,11.1555,1.4048,577,7.596,0.9566,159,4.363,0.5494,183,14.8169,1.8659,87
1973-10-31,8.0807,9.1778,1.1358,164,8.3592,1.0345,641,9.5536,1.1823,658,9.3254,1.154,844,9.4036,1.1637,354,9.6329,1.1921,133,8.7749,1.0859,594,11.307,1.3993,572,7.7558,0.9598,156,4.4136,0.5462,183,14.7117,1.8206,87
1973-11-30,8.0937,9.0849,1.1225,164,8.3555,1.0323,638,9.6104,1.1874,652,9.3641,1.157,841,9.4285,1.1649,352,9.9144,1.225,133,8.8302,1.091,590,11.1321,1.3754,567,7.7294,0.955,156,4.5219,0.5587,183,14.6152,1.8057,87
1973-12-31,8.2096,9.2908,1.1317,162,8.5687,1.0437,632,9.8541,1.2003,643,9.5216,1.1598,828,9.5205,1.1597,348,10.0649,1.226,133,8.96,1.0914,583,11.949,1.4555,560,7.9129,0.9639,154,4.651,0.5665,183,14.6373,1.7829,81
1974-01-31,8.3115,9.5965,1.1546,160,8.9864,1.0812,629,10.0081,1.2041,635,9.5568,1.1498,815,9.6286,1.1585,345,10.1034,1.2156,130,8.933,1.0748,577,12.1432,1.461,553,7.8932,0.9497,152,4.6237,0.5563,183,14.5113,1.7459,77
1974-02-28,9.3055,10.7443,1.1546,160,10.4152,1.1193,626,11.1938,1.2029,632,11.1662,1.1999,809,10.517,1.1302,344,10.5604,1.1349,128,9.4919,1.02,574,12.8687,1.3829,548,8.463,0.9095,152,5.4948,0.5905,183,15.1501,1.6281,75
1974-03-29,9.9381,11.4343,1.1506,160,11.062,1.1131,624,12.0547,1.213,629,11.818,1.1892,805,11.3696,1.144,343,11.8578,1.1932,128,10.0345,1.0097,573,13.4577,1.3541,546,9.0207,0.9077,151,6.0339,0.6071,183,16.0425,1.6142,74
1974-04-30,10.3582,12.9753,1.2527,159,11.5631,1.1163,624,12.5597,1.2125,628,12.1693,1.1748,803,11.8048,1.1397,343,12.5771,1.2142,128,10.2848,0.9929,569,13.7047,1.3231,541,9.0704,0.8757,149,6.1649,0.5952,183,16.4296,1.5861,73
1974-05-31,10.5426,13.1662,1.2489,157,11.8446,1.1235,621,12.8622,1.22,626,12.3519,1.1716,797,12.0079,1.139,342,12.7335,1.2078,127,10.333,0.9801,569,13.8505,1.3138,538,9.1376,0.8667,149,6.2393,0.5918,183,16.5023,1.5653,73
1974-06-28,10.6213,13.1838,1.2413,157,11.9691,1.1269,618,12.9503,1.2193,621,12.426,1.1699,785,12.16,1.1449,341,12.8256,1.2075,125,10.261,0.9661,565,14.0694,1.3246,534,8.9848,0.8459,149,6.2391,0.5874,182,16.4539,1.5491,71
1974-07-31,10.6931,13.2459,1.2387,169,12.1059,1.1321,621,13.0022,1.2159,613,12.3295,1.153,764,12.173,1.1384,339,12.8304,1.1999,131,10.3171,0.9648,578,14.0753,1.3163,525,9.0667,0.8479,149,7.1067,0.6646,185,16.3228,1.5265,69
1974-08-30,10.6873,13.4501,1.2585,168,12.078,1.1301,620,12.7915,1.1969,611,12.3332,1.154,761,12.2638,1.1475,338,12.7147,1.1897,130,10.3416,0.9677,573,14.1238,1.3216,523,9.0641,0.8481,149,7.542,0.7057,184,15.186,1.4209,69
1974-09-30,10.7784,13.4601,1.2488,166,12.1124,1.1238,618,12.7773,1.1855,607,12.3984,1.1503,756,12.4607,1.1561,337,12.7596,1.1838,129,10.713,0.9939,570,14.084,1.3067,518,9.1852,0.8522,147,7.7875,0.7225,184,15.3175,1.4211,67
1974-10-31,11.3212,13.8167,1.2204,166,12.4661,1.1011,616,13.0953,1.1567,605,12.8833,1.138,747,13.0032,1.1486,333,13.2338,1.1689,129,11.4578,1.0121,570,14.9928,1.3243,515,9.9334,0.8774,146,8.1682,0.7215,184,15.39,1.3594,67
1974-11-29,11.8649,14.0097,1.1808,166,13.0293,1.0981,615,13.4477,1.1334,603,13.583,1.1448,737,13.887,1.1704,331,14.1657,1.1939,129,12.2215,1.0301,569,15.6333,1.3176,508,10.2077,0.8603,146,8.3935,0.7074,184,15.8304,1.3342,67
1974-12-31,12.3923,14.2084,1.1465,165,13.5222,1.0912,612,13.9984,1.1296,601,14.0652,1.135,733,14.7104,1.1871,331,15.708,1.2676,129,12.7932,1.0323,565,16.0315,1.2937,506,10.3895,0.8384,146,8.7972,0.7099,182,16.0981,1.299,64
1975-01-31,13.1133,14.9265,1.1383,160,14.1951,1.0825,610,14.7642,1.1259,599,14.7976,1.1284,733,15.8462,1.2084,331,16.8168,1.2824,129,13.4681,1.0271,560,16.6244,1.2678,501,10.6595,0.8129,145,9.3467,0.7128,182,16.2927,1.2425,63
1975-02-28,13.2223,14.8682,1.1245,159,14.0557,1.063,609,14.6984,1.1116,596,14.4589,1.0935,728,16.1892,1.2244,330,17.4043,1.3163,126,13.7168,1.0374,556,16.9584,1.2826,496,11.1225,0.8412,144,9.3682,0.7085,182,15.8176,1.1963,63
1975-03-31,13.2119,14.8628,1.125,158,13.9862,1.0586,608,14.555,1.1017,596,14.5305,1.0998,727,16.1306,1.2209,330,17.212,1.3028,125,13.7723,1.0424,554,16.8269,1.2736,494,11.0223,0.8343,144,9.395,0.7111,182,15.5712,1.1786,63
1975-04-30,13.4248,14.4192,1.0741,157,14.0511,1.0467,605,14.7367,1.0977,595,15.0073,1.1179,725,16.5184,1.2304,329,17.5792,1.3095,125,14.1061,1.0508,553,17.2451,1.2846,492,11.1568,0.8311,144,9.744,0.7258,182,16.193,1.2062,63
1975-05-30,13.5729,14.3929,1.0604,157,14.2494,1.0498,602,14.891,1.0971,594,15.2484,1.1234,723,16.7164,1.2316,328,17.9596,1.3232,125,14.1899,1.0455,549,17.6403,1.2997,491,11.2855,0.8315,144,9.8881,0.7285,181,16.2301,1.1958,62
1975-06-30,13.6708,14.4434,1.0565,157,14.3481,1.0495,601,15.048,1.1007,593,15.4976,1.1336,723,16.7652,1.2263,328,17.9353,1.3119,125,14.278,1.0444,549,17.7356,1.2973,490,11.4934,0.8407,144,10.0119,0.7324,181,16.8105,1.2297,62
1975-07-31,13.8261,14.619,1.0573,171,14.6156,1.0571,613,15.1737,1.0975,600,15.6936,1.1351,715,16.9933,1.2291,327,17.9913,1.3013,134,14.4026,1.0417,561,17.9357,1.2972,489,11.3959,0.8242,140,9.74,0.7045,185,16.7567,1.212,57
1975-08-29,13.724,14.453,1.0531,171,14.4056,1.0497,612,15.0478,1.0965,599,15.6605,1.1411,712,16.9124,1.2323,326,17.8783,1.3027,134,14.1253,1.0292,558,17.9469,1.3077,489,11.4728,0.836,140,9.7723,0.7121,185,16.3681,1.1927,55
1975-09-30,13.592,14.4067,1.0599,171,14.381,1.058,606,14.8978,1.0961,598,15.6265,1.1497,712,16.7245,1.2305,323,17.8184,1.3109,134,13.7919,1.0147,554,17.6464,1.2983,487,11.2424,0.8271,140,9.7575,0.7179,185,16.36,1.2036,55
1975-10-31,13.2909,14.1169,1.0621,171,14.148,1.0645,606,14.7025,1.1062,597,15.3214,1.1528,710,16.3708,1.2317,323,17.3908,1.3085,133,13.4273,1.0103,553,17.1674,1.2917,485,10.9583,0.8245,140,9.6475,0.7259,185,16.2722,1.2243,55
1975-11-28,13.1344,13.9688,1.0635,171,13.9973,1.0657,606,14.523,1.1057,595,15.0471,1.1456,708,16.2097,1.2341,323,17.0173,1.2956,131,13.0186,0.9912,551,17.1776,1.3078,485,11.1309,0.8475,139,9.4897,0.7225,184,16.0724,1.2237,55
1975-12-31,12.7483,13.5798,1.0652,170,13.5887,1.0659,605,13.9982,1.098,592,14.803,1.1612,704,15.7172,1.2329,322,16.1491,1.2668,131,12.6173,0.9897,549,16.8396,1.3209,484,11.0636,0.8678,139,9.1274,0.716,184,15.6564,1.2281,54
1976-01-30,12.3283,12.965,1.0516,170,13.1037,1.0629,604,13.4561,1.0915,589,14.4216,1.1698,703,15.0601,1.2216,320,15.4679,1.2547,129,12.2928,0.9971,548,16.3155,1.3234,481,11.025,0.8943,137,8.8558,0.7183,184,15.4003,1.2492,53
1976-02-27,11.683,12.3114,1.0538,167,12.3247,1.0549,601,12.705,1.0875,586,13.7125,1.1737,700,14.3323,1.2268,320,14.8308,1.2694,129,11.8854,1.0173,543,15.7607,1.349,480,10.2127,0.8741,136,8.4462,0.723,184,14.6313,1.2524,52
1976-03-31,11.3468,11.6035,1.0226,166,11.96,1.054,598,12.3029,1.0843,584,13.3472,1.1763,697,13.9266,1.2274,320,14.0902,1.2418,129,11.7376,1.0344,541,15.4689,1.3633,480,9.9082,0.8732,136,8.2349,0.7258,184,14.3428,1.264,52
1976-04-30,11.2196,11.1915,0.9975,166,11.9236,1.0627,597,12.1971,1.0871,580,12.8942,1.1493,693,13.6804,1.2193,320,13.7732,1.2276,129,11.6594,1.0392,540,15.3216,1.3656,478,9.8503,0.878,135,8.1229,0.724,184,14.2536,1.2704,52
1976-05-28,11.0255,10.9153,0.99,166,11.7446,1.0652,596,11.9682,1.0855,579,12.6507,1.1474,690,13.424,1.2175,317,13.4351,1.2185,128,11.5164,1.0445,539,14.9357,1.3546,473,9.9479,0.9023,134,8.135,0.7378,184,14.3507,1.3016,52
1976-06-30,10.8653,10.8681,1.0002,163,11.5778,1.0656,592,11.7575,1.0821,577,12.4816,1.1488,689,13.2332,1.2179,316,13.3125,1.2252,128,11.4466,1.0535,537,14.7138,1.3542,471,9.7328,0.8958,133,7.9854,0.7349,184,14.2398,1.3106,52
1976-07-30,10.6591,10.7644,1.0099,181,11.2607,1.0564,612,11.6243,1.0906,604,12.3089,1.1548,718,12.8831,1.2087,327,13.1129,1.2302,135,11.3447,1.0643,564,14.5319,1.3633,497,9.6271,0.9032,135,7.7053,0.7229,187,14.0798,1.3209,57
1976-08-31,10.5036,10.6213,1.0112,181,11.0661,1.0536,611,11.5157,1.0964,602,12.0953,1.1515,715,12.6744,1.2067,327,12.9408,1.232,135,11.1337,1.06,563,14.3604,1.3672,495,9.528,0.9071,135,7.3987,0.7044,187,14.1175,1.3441,56
1976-09-30,10.3519,10.4585,1.0103,181,11.0145,1.064,609,11.3581,1.0972,595,11.9148,1.151,710,12.5357,1.211,326,12.9703,1.2529,135,10.8964,1.0526,562,14.2205,1.3737,494,9.3326,0.9015,134,7.1572,0.6914,187,13.931,1.3457,56
1976-10-29,10.0877,10.2125,1.0124,181,10.841,1.0747,607,11.0136,1.0918,593,11.6686,1.1567,708,12.2744,1.2168,326,12.6345,1.2525,135,10.5995,1.0507,561,13.7022,1.3583,491,9.1907,0.9111,134,6.9543,0.6894,187,13.7052,1.3586,56
1976-11-30,9.4823,9.7221,1.0253,179,10.2147,1.0772,604,10.4874,1.106,591,11.0764,1.1681,707,11.49,1.2117,325,12.0434,1.2701,135,9.8844,1.0424,561,13.0688,1.3782,491,8.6859,0.916,134,6.4534,0.6806,187,13.435,1.4169,56
1976-12-31,8.8593,9.3923,1.0602,178,9.56,1.0791,604,9.7548,1.1011,589,10.4254,1.1768,704,10.6369,1.2006,324,10.9011,1.2305,134,9.175,1.0356,561,12.1455,1.3709,489,8.1812,0.9235,134,6.0386,0.6816,187,13.1529,1.4846,56
1977-01-31,8.6636,9.2631,1.0692,177,9.3376,1.0778,602,9.7358,1.1238,584,10.1697,1.1738,702,10.1545,1.1721,324,10.4715,1.2087,131,8.833,1.0196,558,11.9425,1.3785,486,8.1381,0.9393,134,5.8967,0.6806,187,13.1607,1.5191,55
1977-02-28,8.2283,9.0979,1.1057,175,8.9356,1.086,600,9.1787,1.1155,583,9.6954,1.1783,698,9.6595,1.1739,320,10.1273,1.2308,130,8.3087,1.0098,555,11.5549,1.4043,482,7.7709,0.9444,134,5.5356,0.6727,187,12.7515,1.5497,55
1977-03-31,8.0055,8.8293,1.1029,173,8.782,1.097,597,8.9018,1.112,583,9.4179,1.1764,694,9.3718,1.1707,320,9.8687,1.2327,129,8.0384,1.0041,553,11.3238,1.4145,480,7.625,0.9525,134,5.3192,0.6644,187,12.2678,1.5324,55
1977-04-29,7.7108,8.7297,1.1321,171,8.4513,1.096,596,8.62,1.1179,580,8.9317,1.1583,689,8.8994,1.1541,319,9.5139,1.2338,128,7.8535,1.0185,550,10.7221,1.3905,480,7.4069,0.9606,133,5.2057,0.6751,187,11.7646,1.5257,55
1977-05-31,7.3984,8.4568,1.1431,171,8.078,1.0919,594,8.2679,1.1175,577,8.6731,1.1723,688,8.4997,1.1489,319,9.1936,1.2426,127,7.611,1.0287,549,10.2643,1.3874,479,7.0648,0.9549,133,5.032,0.6802,187,11.2709,1.5234,55
1977-06-30,7.1718,8.3706,1.1671,168,7.8398,1.0931,588,7.9996,1.1154,575,8.458,1.1793,687,8.3101,1.1587,318,8.9957,1.2543,125,7.3349,1.0228,548,10.0507,1.4014,478,6.8986,0.9619,132,4.8641,0.6782,187,10.8709,1.5158,54
1977-07-29,7.1575,8.3523,1.1669,191,7.8192,1.0924,624,7.9512,1.1109,597,8.4452,1.1799,713,8.3281,1.1636,326,9.1762,1.282,135,7.1992,1.0058,590,9.9203,1.386,516,6.8161,0.9523,139,4.8814,0.682,187,10.743,1.501,58
1977-08-31,7.0357,8.0911,1.15,189,7.6989,1.0943,621,7.7877,1.1069,595,8.2929,1.1787,704,8.2265,1.1693,326,9.2874,1.32,133,7.1675,1.0187,587,9.745,1.3851,514,6.4328,0.9143,137,4.7329,0.6727,187,10.3324,1.4686,58
1977-09-30,6.9278,7.9909,1.1534,186,7.5077,1.0837,620,7.6624,1.106,592,8.2153,1.1858,696,8.0809,1.1664,324,9.2058,1.3288,132,7.077,1.0215,583,9.5945,1.3849,511,6.2606,0.9037,136,4.6463,0.6707,187,10.2012,1.4725,58
1977-10-31,6.9534,8.2312,1.1838,185,7.6096,1.0944,618,7.6228,1.0963,589,8.1802,1.1764,692,8.0708,1.1607,323,9.2313,1.3276,132,7.0192,1.0095,580,9.5552,1.3742,507,6.2507,0.8989,136,4.6162,0.6639,187,9.8783,1.4206,58
1977-11-30,6.6649,8.2039,1.2309,185,7.36,1.1043,616,7.4365,1.1158,583,7.913,1.1873,686,7.7814,1.1675,323,9.0977,1.365,131,6.6302,0.9948,577,9.119,1.3682,505,5.8951,0.8845,136,4.463,0.6696,187,9.4246,1.4141,58
1977-12-30,6.479,8.0547,1.2432,184,7.145,1.1028,615,7.1995,1.1112,582,7.6679,1.1835,682,7.581,1.1701,323,8.8901,1.3721,130,6.3136,0.9745,576,8.9255,1.3776,503,5.6895,0.8781,136,4.3665,0.6739,187,9.1653,1.4146,58
1978-01-31,6.3215,7.8668,1.2444,184,7.0464,1.1147,606,7.0804,1.12,580,7.4689,1.1815,676,7.3453,1.1619,322,8.6999,1.3762,128,6.3158,0.9991,573,8.4023,1.3292,500,5.7737,0.9133,136,4.4545,0.7047,187,9.1158,1.442,58
1978-02-28,6.339,7.7626,1.2246,184,7.1668,1.1306,599,7.1806,1.1328,576,7.4669,1.1779,671,7.4086,1.1687,321,8.7681,1.3832,125,6.2132,0.9802,569,8.4822,1.3381,494,5.6272,0.8877,132,4.3177,0.6811,187,9.163,1.4455,58
1978-03-31,6.3616,7.8239,1.2299,184,7.19,1.1302,597,7.2129,1.1338,573,7.5068,1.18,668,7.3792,1.16,319,8.7315,1.3725,125,6.2317,0.9796,565,8.5571,1.3451,491,5.5837,0.8777,130,4.2236,0.6639,187,9.0525,1.423,58
1978-04-28,6.3957,7.9437,1.242,184,7.1931,1.1247,594,7.3285,1.1458,570,7.547,1.18,666,7.3453,1.1485,319,8.6696,1.3555,125,6.3275,0.9893,563,8.3957,1.3127,488,5.6901,0.8897,129,4.2934,0.6713,187,9.0733,1.4187,58
1978-05-31,6.3192,7.9859,1.2638,181,7.123,1.1272,589,7.2288,1.1439,568,7.4088,1.1724,663,7.2005,1.1395,318,8.5523,1.3534,124,6.3051,0.9978,562,8.2545,1.3063,485,5.5981,0.8859,127,4.0985,0.6486,187,8.8351,1.3981,58
1978-06-30,6.3227,7.8916,1.2481,178,7.1277,1.1273,582,7.2804,1.1515,564,7.3891,1.1687,659,7.1474,1.1304,314,8.5946,1.3593,123,6.3406,1.0028,559,8.2013,1.2971,484,5.5848,0.8833,127,4.1153,0.6509,187,8.9026,1.408,58
1978-07-31,6.3829,7.9456,1.2448,188,7.2347,1.1334,607,7.2981,1.1434,582,7.4851,1.1727,666,7.2641,1.138,314,8.508,1.3329,125,6.4069,1.0038,608,8.1931,1.2836,502,5.6488,0.885,128,4.0519,0.6348,189,9.0159,1.4125,60
1978-08-31,6.4544,7.9196,1.227,187,7.3267,1.1351,605,7.4924,1.1608,579,7.5179,1.1648,663,7.3908,1.1451,313,8.6893,1.3462,124,6.4902,1.0056,605,8.1899,1.2689,499,5.6303,0.8723,128,4.01,0.6213,189,9.1178,1.4126,60
1978-09-29,6.4952,7.8829,1.2137,184,7.3485,1.1314,601,7.6739,1.1815,576,7.4374,1.1451,658,7.432,1.1442,309,8.8204,1.358,124,6.5846,1.0138,601,8.3355,1.2833,496,5.6879,0.8757,127,3.9452,0.6074,187,9.4843,1.4602,59
1978-10-31,6.62,7.9425,1.1998,184,7.4879,1.1311,599,7.8787,1.1901,571,7.5696,1.1434,654,7.5825,1.1454,309,8.9781,1.3562,122,6.7279,1.0163,597,8.4871,1.282,495,5.6819,0.8583,125,3.9476,0.5963,187,9.6267,1.4542,59
1978-11-30,6.6535,7.9086,1.1886,183,7.5606,1.1363,598,7.9326,1.1923,566,7.562,1.1365,649,7.6093,1.1437,305,8.9945,1.3518,122,6.7878,1.0202,595,8.4863,1.2755,494,5.6642,0.8513,124,3.8483,0.5784,187,9.7331,1.4629,58
1978-12-29,6.7876,8.0386,1.1843,183,7.6533,1.1275,592,8.2219,1.2113,562,7.7069,1.1354,647,7.7117,1.1361,305,9.2237,1.3589,122,6.8462,1.0086,592,8.6713,1.2775,492,5.7303,0.8442,122,3.7978,0.5595,187,10.1337,1.493,58
1979-01-31,7.5333,8.5024,1.1286,182,8.4907,1.1271,589,9.417,1.25,559,8.5867,1.1398,647,8.1971,1.0881,303,10.077,1.3377,121,7.5414,1.0011,589,9.5397,1.2663,488,6.1608,0.8178,122,4.0636,0.5394,187,13.2742,1.7621,58
1979-02-28,7.8117,8.9124,1.1409,181,8.7961,1.126,583,9.8472,1.2606,552,8.9296,1.1431,640,8.4323,1.0794,300,10.2603,1.3135,121,7.683,0.9835,584,9.7551,1.2488,486,6.2023,0.794,122,4.152,0.5315,187,13.8454,1.7724,58
1979-03-30,7.994,8.9571,1.1205,178,8.9419,1.1186,582,10.2205,1.2785,550,9.0088,1.1269,636,8.6267,1.0792,298,10.6001,1.326,120,7.7678,0.9717,577,10.1434,1.2689,485,6.2439,0.7811,121,4.2522,0.5319,187,14.1449,1.7695,58
1979-04-30,8.0768,8.9396,1.1068,176,9.0736,1.1234,581,10.2927,1.2744,549,9.1128,1.1283,635,8.7281,1.0806,295,10.6677,1.3208,119,7.7781,0.963,577,10.3771,1.2848,482,6.326,0.7832,120,4.1794,0.5175,187,14.0638,1.7413,57
1979-05-31,8.2294,9.0864,1.1041,175,9.2124,1.1194,580,10.5615,1.2834,545,9.2465,1.1236,633,8.8581,1.0764,293,10.8428,1.3176,118,7.8747,0.9569,570,10.5298,1.2795,477,6.4263,0.7809,119,4.1952,0.5098,187,14.1806,1.7232,57
1979-06-29,8.2606,9.1331,1.1056,174,9.2926,1.1249,575,10.6329,1.2872,544,9.1979,1.1135,632,8.818,1.0675,292,10.783,1.3054,117,7.8903,0.9552,566,10.5932,1.2824,476,6.3723,0.7714,119,4.2611,0.5158,187,14.1502,1.713,57
1979-07-31,8.0928,9.1039,1.1249,198,9.0928,1.1236,601,10.3797,1.2826,568,8.963,1.1075,646,8.5282,1.0538,296,10.4826,1.2953,127,7.6947,0.9508,604,10.4738,1.2942,530,6.2292,0.7697,128,4.2747,0.5282,188,13.9901,1.7287,57
1979-08-31,8.1845,9.4314,1.1524,197,9.177,1.1213,598,10.4162,1.2727,562,9.0858,1.1101,638,8.4379,1.031,292,10.4173,1.2728,127,7.7434,0.9461,599,10.4874,1.2814,527,6.2211,0.7601,127,4.3867,0.536,188,14.1905,1.7338,57
1979-09-28,8.167,9.5167,1.1653,196,9.1418,1.1194,593,10.4005,1.2735,557,9.0897,1.113,633,8.3691,1.0247,291,10.3743,1.2703,126,7.763,0.9505,596,10.481,1.2833,527,6.233,0.7632,126,4.3983,0.5385,187,14.1699,1.735,57
1979-10-31,8.1089,9.6143,1.1856,196,9.0448,1.1154,591,10.3503,1.2764,552,9.0241,1.1129,631,8.3024,1.0239,290,10.239,1.2627,124,7.7162,0.9516,591,10.4593,1.2899,525,6.1039,0.7527,125,4.3903,0.5414,187,14.3203,1.766,57
1979-11-30,8.2057,9.8741,1.2033,194,9.1543,1.1156,589,10.4299,1.2711,551,9.0468,1.1025,629,8.3339,1.0156,288,10.2478,1.2489,124,7.7779,0.9479,590,10.4955,1.2791,523,6.1326,0.7474,125,4.4434,0.5415,187,14.5325,1.771,57
1979-12-31,8.2451,10.2166,1.2391,193,9.1608,1.1111,589,10.412,1.2628,547,8.9915,1.0905,625,8.3044,1.0072,286,10.2591,1.2443,124,7.7814,0.9438,587,10.5919,1.2846,519,6.0122,0.7292,124,4.5062,0.5465,187,14.4538,1.753,56
1980-01-31,8.5402,10.7072,1.2537,191,9.5607,1.1195,586,10.5419,1.2344,546,9.0547,1.0602,622,8.2582,0.967,283,10.1507,1.1886,123,8.5205,0.9977,584,10.4846,1.2277,512,6.1579,0.721,124,5.4304,0.6359,187,15.197,1.7795,56
1980-02-29,8.4369,10.8458,1.2855,189,9.4328,1.118,578,10.3174,1.2229,539,8.8803,1.0526,618,8.1218,0.9627,279,10.0759,1.1943,123,8.4542,1.0021,574,10.3745,1.2297,508,6.1749,0.7319,123,5.4914,0.6509,187,15.0538,1.7843,56
1980-03-31,8.3956,11.1948,1.3334,189,9.3238,1.1105,576,10.1154,1.2048,536,8.7072,1.0371,613,8.0871,0.9632,278,9.9719,1.1877,122,8.2944,0.9879,571,10.3496,1.2327,506,6.1605,0.7338,122,5.4308,0.6469,187,14.928,1.7781,56
1980-04-30,8.4429,11.4463,1.3557,188,9.4305,1.117,575,10.1491,1.2021,534,8.6789,1.0279,611,8.0695,0.9558,277,9.8268,1.1639,122,8.2896,0.9818,567,10.5637,1.2512,505,6.014,0.7123,121,5.4515,0.6457,187,14.9674,1.7728,55
1980-05-30,8.7139,12.1747,1.3972,187,9.6196,1.1039,570,10.2475,1.176,531,8.7747,1.007,606,8.3095,0.9536,276,10.0534,1.1537,119,8.5052,0.9761,564,10.8378,1.2437,504,6.409,0.7355,120,5.8981,0.6769,187,14.937,1.7142,55
1980-06-30,9.8638,14.4909,1.4691,186,11.0917,1.1245,567,11.3615,1.1518,531,9.3455,0.9475,601,8.7465,0.8867,276,10.6668,1.0814,117,9.4488,0.9579,561,11.6503,1.1811,499,6.8853,0.698,119,7.0185,0.7115,186,17.0912,1.7327,53
1980-07-31,10.0769,14.8722,1.4759,242,11.261,1.1175,592,11.6395,1.1551,555,9.5617,0.9489,621,8.947,0.8879,283,10.8744,1.0791,136,9.6428,0.9569,610,11.8791,1.1788,550,7.0139,0.696,126,7.3378,0.7282,189,17.3375,1.7205,62
1980-08-29,10.216,15.2559,1.4933,242,11.4048,1.1164,591,11.713,1.1465,554,9.6706,0.9466,620,9.0478,0.8856,280,10.8154,1.0587,136,9.7235,0.9518,604,12.0814,1.1826,550,7.1118,0.6961,126,7.4245,0.7268,189,17.3715,1.7004,61
1980-09-30,10.3547,15.6355,1.51,241,11.456,1.1064,587,11.7907,1.1387,553,9.8026,0.9467,618,9.1586,0.8845,279,10.8226,1.0452,135,9.6923,0.936,596,12.2487,1.1829,546,7.2357,0.6988,126,7.5386,0.728,188,17.3325,1.6739,58
1980-10-31,10.36,15.9706,1.5416,240,11.4803,1.1081,582,11.8236,1.1413,551,9.8832,0.954,614,9.1576,0.8839,275,10.8064,1.0431,134,9.635,0.93,593,12.3025,1.1875,542,7.2079,0.6957,124,7.5358,0.7274,188,17.2095,1.6611,58
1980-11-28,10.544,16.1072,1.5276,239,11.6145,1.1015,581,11.9704,1.1353,547,10.0805,0.956,610,9.378,0.8894,275,10.9715,1.0405,134,9.6938,0.9194,589,12.6038,1.1954,541,7.4239,0.7041,124,7.6296,0.7236,188,17.1512,1.6266,58
1980-12-31,10.9057,16.5072,1.5136,238,11.9028,1.0914,578,12.3609,1.1334,543,10.4157,0.9551,609,9.7739,0.8962,274,11.241,1.0307,133,9.9523,0.9126,588,13.112,1.2023,538,7.8792,0.7225,124,7.8572,0.7205,188,17.4162,1.597,57
1981-01-30,10.5394,16.6739,1.5821,238,11.2624,1.0686,576,11.6009,1.1007,537,9.8664,0.9361,605,9.5174,0.903,273,10.5406,1.0001,133,9.062,0.8598,581,13.0352,1.2368,535,7.5605,0.7174,121,7.4369,0.7056,187,14.9599,1.4194,57
1981-02-27,10.7545,17.0866,1.5888,238,11.4067,1.0606,575,11.646,1.0829,534,9.8812,0.9188,595,9.5977,0.8924,272,10.6161,0.9871,132,9.1235,0.8483,577,13.2411,1.2312,530,7.7316,0.7189,120,7.6512,0.7114,186,14.7905,1.3753,57
1981-03-31,11.0771,17.4689,1.577,235,11.8024,1.0655,572,11.9949,1.0829,532,10.1631,0.9175,588,9.8479,0.889,271,10.8154,0.9764,131,9.3955,0.8482,575,13.4175,1.2113,528,8.0638,0.728,120,8.1565,0.7363,186,15.2011,1.3723,56
1981-04-30,11.3498,17.9079,1.5778,235,11.9698,1.0546,568,12.3847,1.0912,529,10.4014,0.9164,585,9.9453,0.8763,270,10.9849,0.9678,130,9.5218,0.8389,573,13.6254,1.2005,526,8.2576,0.7276,118,8.3943,0.7396,186,15.5099,1.3665,55
1981-05-29,11.315,17.8447,1.5771,232,11.8814,1.0501,566,12.356,1.092,525,10.4206,0.921,582,9.9065,0.8755,268,10.7744,0.9522,128,9.436,0.8339,571,13.5663,1.199,524,8.1688,0.7219,118,8.2938,0.733,186,15.5449,1.3738,55
1981-06-30,10.6903,16.9686,1.5873,231,11.0225,1.0311,562,11.6649,1.0912,525,10.1539,0.9498,580,9.7019,0.9075,266,10.2912,0.9627,127,8.8096,0.8241,570,13.1621,1.2312,524,8.0415,0.7522,118,7.6717,0.7176,186,13.824,1.2931,55
1981-07-31,10.6432,17.0926,1.606,358,10.9575,1.0295,602,11.5683,1.0869,586,10.2522,0.9633,609,9.7887,0.9197,274,10.2528,0.9633,158,8.7881,0.8257,629,13.166,1.237,652,8.2031,0.7707,139,7.5377,0.7082,191,13.6147,1.2792,69
1981-08-31,10.5988,17.1477,1.6179,358,10.854,1.0241,602,11.5127,1.0862,583,10.246,0.9667,605,9.7525,0.9202,271,10.2517,0.9673,156,8.795,0.8298,626,13.109,1.2368,651,8.3856,0.7912,137,7.5083,0.7084,191,13.5318,1.2767,68
1981-09-30,10.5541,17.1007,1.6203,357,10.9216,1.0348,598,11.4608,1.0859,582,10.2663,0.9727,601,9.7561,0.9244,268,10.3022,0.9761,156,8.9327,0.8464,625,13.0546,1.2369,651,8.4283,0.7986,136,7.5941,0.7195,190,13.5383,1.2828,68
1981-10-30,10.6069,17.1253,1.6145,356,10.9532,1.0327,595,11.4067,1.0754,578,10.2005,0.9617,595,9.7144,0.9159,268,10.4253,0.9829,155,9.0068,0.8491,620,12.931,1.2191,649,8.6038,0.8111,136,7.7938,0.7348,190,13.541,1.2766,67
1981-11-30,10.7813,17.4621,1.6197,354,10.9968,1.02,592,11.5277,1.0692,574,10.2532,0.951,591,9.6688,0.8968,268,10.6775,0.9904,154,9.1696,0.8505,617,12.9845,1.2043,643,8.6299,0.8005,136,8.0834,0.7498,190,13.3278,1.2362,66
1981-12-31,10.7511,17.499,1.6277,353,11.0157,1.0246,590,11.5123,1.0708,569,10.1205,0.9413,589,9.4711,0.8809,267,10.5428,0.9806,154,9.0309,0.84,615,12.8345,1.1938,642,8.635,0.8032,134,8.2851,0.7706,190,13.2651,1.2338,66
1982-01-29,10.6757,17.2908,1.6196,349,10.9948,1.0299,589,11.4691,1.0743,566,10.1172,0.9477,583,9.5,0.8899,266,10.726,1.0047,152,9.0069,0.8437,611,12.8254,1.2014,640,8.5892,0.8046,134,8.1853,0.7667,190,12.7637,1.1956,66
1982-02-26,10.4827,16.9302,1.6151,348,10.8678,1.0367,588,11.3266,1.0805,564,10.1128,0.9647,580,9.392,0.896,265,10.5164,1.0032,152,8.9181,0.8507,605,12.7076,1.2122,635,8.4814,0.8091,134,7.9911,0.7623,190,12.5588,1.198,65
1982-03-31,10.0903,16.5045,1.6357,347,10.3697,1.0277,586,10.7979,1.0701,562,9.7644,0.9677,575,8.9992,0.8919,264,10.1253,1.0035,152,8.6232,0.8546,602,12.3474,1.2237,632,8.2762,0.8202,133,7.5851,0.7517,190,11.5729,1.1469,65
1982-04-30,10.1854,16.4071,1.6109,345,10.5192,1.0328,585,10.8606,1.0663,557,9.9411,0.976,570,9.2451,0.9077,264,10.4615,1.0271,150,8.8319,0.8671,596,12.5206,1.2293,630,8.3144,0.8163,133,7.6687,0.7529,190,11.4697,1.1261,64
1982-05-28,10.1657,16.3898,1.6123,342,10.5176,1.0346,582,10.9696,1.0791,555,9.977,0.9814,565,9.1728,0.9023,263,10.6906,1.0516,149,8.7172,0.8575,589,12.8061,1.2597,626,8.2097,0.8076,132,7.6211,0.7497,188,11.4271,1.1241,64
1982-06-30,9.9249,16.0417,1.6163,341,10.1816,1.0259,581,10.8341,1.0916,550,9.9079,0.9983,559,9.0054,0.9074,261,10.6528,1.0733,149,8.4063,0.847,586,12.853,1.295,625,7.9948,0.8055,131,7.3235,0.7379,188,10.3232,1.0401,64
1982-07-30,9.866,15.8993,1.6115,404,10.0585,1.0195,605,10.7371,1.0883,605,9.6711,0.9802,579,8.797,0.8916,270,10.7023,1.0848,179,8.2443,0.8356,663,12.7465,1.292,730,7.8809,0.7988,148,7.1983,0.7296,190,9.9682,1.0104,66
1982-08-31,9.761,15.5916,1.5973,401,9.9951,1.024,604,10.6884,1.095,601,9.5916,0.9826,577,8.6634,0.8876,268,10.5651,1.0824,175,8.2133,0.8414,660,12.5333,1.284,728,7.8675,0.806,147,7.1686,0.7344,190,9.8219,1.0062,66
1982-09-30,9.6784,15.4537,1.5967,399,9.9672,1.0298,601,10.7072,1.1063,600,9.5369,0.9854,573,8.627,0.8914,265,10.5864,1.0938,174,8.192,0.8464,655,12.4859,1.2901,726,7.8485,0.8109,147,7.013,0.7246,190,10.1255,1.0462,65
1982-10-29,9.6943,15.4412,1.5928,395,9.9616,1.0276,596,10.7037,1.1041,595,9.6329,0.9937,571,8.7195,0.8995,263,10.9583,1.1304,172,8.2222,0.8482,648,12.5436,1.2939,721,7.965,0.8216,144,7.0933,0.7317,190,10.0343,1.0351,63
1982-11-30,9.7348,15.3832,1.5802,392,10.1729,1.045,592,10.8922,1.1189,588,9.9448,1.0216,567,8.8982,0.9141,262,11.0884,1.139,171,8.3086,0.8535,643,12.6805,1.3026,717,8.3229,0.855,142,7.0055,0.7196,190,9.9881,1.026,63
1982-12-31,9.4244,14.8602,1.5768,392,9.7924,1.039,590,10.5894,1.1236,586,9.7875,1.0385,564,8.7703,0.9306,259,11.0412,1.1716,170,8.1931,0.8694,635,12.333,1.3086,715,8.2826,0.8788,142,6.7413,0.7153,190,9.5708,1.0155,61
1983-01-31,10.1237,15.6925,1.5501,389,10.6148,1.0485,584,11.3339,1.1195,583,10.667,1.0537,563,9.4192,0.9304,258,11.6486,1.1506,168,8.8798,0.8771,628,13.1707,1.301,711,9.2218,0.9109,140,7.1215,0.7034,190,9.9491,0.9827,60
1983-02-28,10.3045,15.7146,1.525,385,10.7951,1.0476,579,11.638,1.1294,580,11.058,1.0731,558,9.6968,0.941,254,11.8853,1.1534,167,9.054,0.8786,619,13.5107,1.3111,708,9.361,0.9084,138,7.0638,0.6855,190,10.1461,0.9846,60
1983-03-31,10.3622,15.9957,1.5436,380,10.8057,1.0428,577,11.7569,1.1346,576,11.2759,1.0882,555,9.9474,0.96,253,11.9904,1.1571,166,9.2715,0.8947,617,13.8378,1.3354,707,9.9191,0.9572,138,6.8942,0.6653,190,9.8925,0.9547,60
1983-04-29,10.4863,16.4547,1.5692,378,11.1171,1.0602,573,11.8619,1.1312,574,11.4057,1.0877,553,9.9681,0.9506,252,11.9327,1.1379,164,9.3826,0.8947,614,13.9962,1.3347,705,10.2335,0.9759,138,6.8587,0.6541,190,10.588,1.0097,60
1983-05-31,10.5231,16.9175,1.6077,374,11.1432,1.0589,570,11.7528,1.1169,572,11.4078,1.0841,553,9.9594,0.9464,252,11.8542,1.1265,162,9.6344,0.9156,609,13.7899,1.3104,703,10.4101,0.9893,136,6.8268,0.6487,190,10.5619,1.0037,60
1983-06-30,10.4187,17.1299,1.6441,371,10.99,1.0548,569,11.6653,1.1196,568,11.2993,1.0845,550,9.9766,0.9576,251,11.6851,1.1215,162,9.5502,0.9166,603,13.6784,1.3129,697,10.318,0.9903,136,6.7262,0.6456,189,10.7534,1.0321,59
1983-07-29,10.5409,17.1095,1.6232,388,11.1163,1.0546,598,11.7418,1.1139,634,11.5316,1.094,607,9.9772,0.9465,270,11.6552,1.1057,204,9.7475,0.9247,695,13.8837,1.3171,824,10.5039,0.9965,163,6.6962,0.6353,195,10.9517,1.039,65
1983-08-31,10.5952,17.1111,1.615,386,11.2349,1.0604,595,11.8517,1.1186,633,11.7271,1.1068,605,9.973,0.9413,269,11.6547,1.1,204,9.7468,0.9199,689,14.0334,1.3245,820,10.501,0.9911,163,6.6419,0.6269,195,11.119,1.0494,65
1983-09-30,10.7479,17.0803,1.5892,378,11.267,1.0483,589,11.9587,1.1126,629,12.0085,1.1173,602,9.9581,0.9265,268,11.7937,1.0973,202,9.7868,0.9106,683,14.2367,1.3246,817,10.5181,0.9786,162,6.5603,0.6104,194,11.1983,1.0419,64
1983-10-31,10.877,17.0688,1.5693,371,11.3293,1.0416,584,12.1942,1.1211,627,12.291,1.13,597,10.0308,0.9222,268,11.6838,1.0742,202,9.927,0.9127,677,14.5287,1.3357,813,10.5336,0.9684,162,6.4333,0.5915,194,11.4094,1.0489,62
1983-11-30,10.5784,16.592,1.5685,369,11.1003,1.0493,581,11.8897,1.124,626,12.1867,1.152,597,9.7912,0.9256,267,11.3648,1.0743,202,9.7022,0.9172,676,14.293,1.3511,811,10.2361,0.9676,161,6.0076,0.5679,191,11.231,1.0617,62
1983-12-30,10.2914,16.3622,1.5899,368,10.8058,1.05,579,11.5941,1.1266,623,11.973,1.1634,596,9.5693,0.9298,267,10.9856,1.0675,202,9.4333,0.9166,674,13.9364,1.3542,808,9.918,0.9637,161,5.8279,0.5663,191,10.8762,1.0568,62
1984-01-31,9.7977,15.6579,1.5981,359,10.2122,1.0423,579,11.0499,1.1278,620,11.4908,1.1728,589,9.1253,0.9314,266,10.5946,1.0813,201,9.0735,0.9261,670,13.5537,1.3834,805,9.4573,0.9653,161,5.5262,0.564,189,10.5632,1.0781,62
1984-02-29,9.4648,15.3239,1.619,352,9.9306,1.0492,577,10.6942,1.1299,618,11.1355,1.1765,582,8.8175,0.9316,266,10.2661,1.0847,198,8.833,0.9332,662,13.1856,1.3931,801,9.3291,0.9857,160,5.4613,0.577,189,10.5694,1.1167,61
1984-03-30,9.1177,14.9726,1.6421,349,9.5283,1.045,576,10.1903,1.1176,611,10.8097,1.1856,578,8.3786,0.9189,260,9.9871,1.0954,196,8.4615,0.928,659,12.6535,1.3878,799,8.8646,0.9722,159,5.4615,0.599,189,10.3943,1.14,60
1984-04-30,8.5897,14.1167,1.6434,344,8.9341,1.0401,574,9.7394,1.1339,611,10.5043,1.2229,575,7.9577,0.9264,259,9.6875,1.1278,196,8.0818,0.9409,656,12.1831,1.4183,798,8.4551,0.9843,159,5.453,0.6348,189,9.8448,1.1461,60
1984-05-31,8.7289,13.3995,1.5351,342,9.0024,1.0313,570,10.0854,1.1554,610,10.8967,1.2484,571,8.0732,0.9249,257,9.7037,1.1117,196,8.0686,0.9244,651,12.5014,1.4322,796,9.0302,1.0345,156,5.7789,0.662,189,9.7912,1.1217,59
1984-06-29,8.7683,12.9331,1.475,340,9.0737,1.0348,569,10.1575,1.1584,608,10.9482,1.2486,566,8.0815,0.9217,255,9.8012,1.1178,193,8.0753,0.921,649,12.5428,1.4305,794,9.4185,1.0742,156,5.8054,0.6621,189,9.7153,1.108,58
1984-07-31,8.6867,12.6287,1.4538,374,8.9883,1.0347,626,10.1155,1.1645,719,10.8469,1.2487,681,8.1058,0.9331,284,9.797,1.1278,290,7.9187,0.9116,852,12.5303,1.4425,1055,9.5191,1.0958,199,5.7867,0.6661,195,9.593,1.1043,72
1984-08-31,8.6787,12.5398,1.4449,370,8.8874,1.0241,620,10.0876,1.1623,714,10.7906,1.2434,676,8.2315,0.9485,282,9.8754,1.1379,288,7.9574,0.9169,847,12.4922,1.4394,1054,9.6216,1.1087,197,5.8394,0.6728,195,9.6107,1.1074,71
1984-09-28,8.5495,12.1952,1.4264,367,8.7422,1.0225,618,9.948,1.1636,711,10.6981,1.2513,676,8.1907,0.958,279,9.6444,1.1281,287,7.8408,0.9171,844,12.4108,1.4516,1051,9.7124,1.136,195,5.8138,0.68,194,9.0294,1.0561,71
1984-10-31,8.4449,12.0186,1.4232,357,8.6456,1.0238,613,9.8995,1.1722,703,10.6095,1.2563,666,8.1575,0.966,277,9.607,1.1376,285,7.7177,0.9139,838,12.4661,1.4762,1044,9.8174,1.1625,194,5.763,0.6824,193,8.9556,1.0605,71
1984-11-30,8.2705,11.7696,1.4231,353,8.4709,1.0242,607,9.7316,1.1767,697,10.3479,1.2512,660,8.0862,0.9777,277,9.4854,1.1469,282,7.5933,0.9181,832,12.2701,1.4836,1036,9.7169,1.1749,192,5.6804,0.6868,193,8.7964,1.0636,71
1984-12-31,8.1288,11.5801,1.4246,343,8.2325,1.0128,601,9.5156,1.1706,694,10.1667,1.2507,652,7.9065,0.9727,276,9.2845,1.1422,281,7.4614,0.9179,828,12.0938,1.4878,1030,9.6722,1.1899,190,5.6458,0.6945,193,8.645,1.0635,71
1985-01-31,7.8246,11.4721,1.4662,335,7.9587,1.0171,599,9.315,1.1905,690,9.8804,1.2627,648,7.6181,0.9736,274,9.0998,1.163,277,7.2769,0.93,825,11.6954,1.4947,1028,9.4076,1.2023,189,5.5751,0.7125,193,8.4542,1.0805,70
1985-02-28,7.6571,11.1875,1.4611,330,7.7718,1.015,594,9.0597,1.1832,683,9.6976,1.2665,646,7.4926,0.9785,269,8.8673,1.158,273,7.1593,0.935,815,11.3798,1.4862,1021,9.2852,1.2126,188,5.5278,0.7219,193,8.2471,1.077,66
1985-03-29,7.5012,11.0345,1.471,328,7.6147,1.0151,588,8.9043,1.1871,676,9.5679,1.2755,643,7.3464,0.9794,267,8.6727,1.1562,272,6.9936,0.9323,814,11.1307,1.4839,1014,9.0481,1.2062,185,5.4322,0.7242,193,8.1617,1.0881,66
1985-04-30,7.4084,10.6531,1.438,325,7.4466,1.0052,585,8.8167,1.1901,674,9.4746,1.2789,637,7.2776,0.9823,264,8.7137,1.1762,269,7.0003,0.9449,812,11.0488,1.4914,1006,8.9758,1.2116,184,5.2164,0.7041,191,7.9341,1.071,65
1985-05-31,7.1238,10.0256,1.4073,324,7.1415,1.0025,584,8.5896,1.2058,668,9.086,1.2754,628,7.143,1.0027,264,8.4528,1.1866,268,6.7825,0.9521,806,10.6827,1.4996,997,8.5683,1.2028,184,4.901,0.688,191,7.7407,1.0866,65
1985-06-28,6.9996,9.6121,1.3732,320,7.0087,1.0013,578,8.5096,1.2157,664,8.8132,1.2591,620,6.9301,0.9901,258,8.3377,1.1912,268,6.6894,0.9557,797,10.6767,1.5253,992,8.2858,1.1838,182,4.9169,0.7024,190,7.4895,1.07,64
1985-07-31,6.8423,9.5402,1.3943,357,6.8254,0.9975,602,8.3313,1.2176,712,8.6504,1.2642,676,6.8938,1.0075,284,8.2497,1.2057,317,6.6568,0.9729,912,10.4261,1.5238,1095,7.9704,1.1649,214,4.8551,0.7096,192,7.2939,1.066,73
1985-08-30,6.7592,9.3447,1.3825,356,6.7087,0.9925,592,8.2652,1.2228,708,8.6539,1.2803,672,6.933,1.0257,282,8.2704,1.2236,314,6.487,0.9597,907,10.4311,1.5432,1085,7.8458,1.1607,214,4.8804,0.722,191,7.1572,1.0589,71
1985-09-30,6.5977,9.1998,1.3944,351,6.5507,0.9929,585,8.1779,1.2395,701,8.3619,1.2674,667,6.7813,1.0278,280,8.1741,1.2389,313,6.3719,0.9658,902,10.3768,1.5728,1073,7.6195,1.1549,213,4.7911,0.7262,191,6.9419,1.0522,69
1985-10-31,6.3698,8.9945,1.4121,347,6.276,0.9853,583,7.7888,1.2228,699,8.0153,1.2583,658,6.631,1.041,278,8.0006,1.256,312,6.4062,1.0057,896,10.0766,1.5819,1068,7.6563,1.202,210,5.7754,0.9067,191,6.6563,1.045,68
1985-11-29,6.2235,8.894,1.4291,339,6.0927,0.979,581,7.6469,1.2287,695,7.7556,1.2462,650,6.5105,1.0461,278,7.8291,1.258,310,6.2546,1.005,895,9.8802,1.5875,1058,7.4813,1.2021,208,5.7904,0.9304,190,6.6092,1.062,67
1985-12-31,6.3139,8.9371,1.4155,333,6.0982,0.9658,578,7.724,1.2233,681,7.7607,1.2291,645,6.519,1.0325,276,8.1631,1.2929,307,6.3248,1.0017,892,9.9566,1.5769,1052,7.5388,1.194,205,6.0056,0.9512,190,6.6054,1.0462,67
1986-01-31,6.2736,8.5178,1.3577,327,6.0206,0.9597,577,7.6866,1.2252,675,7.6985,1.2271,638,6.5308,1.041,272,8.1573,1.3003,303,6.3163,1.0068,882,9.7977,1.5617,1047,7.4783,1.192,202,5.9154,0.9429,189,6.5397,1.0424,67
1986-02-28,6.2922,8.4335,1.3403,321,6.0231,0.9572,575,7.7062,1.2247,672,7.6622,1.2177,637,6.5841,1.0464,270,8.1915,1.3019,299,6.3839,1.0146,873,9.7753,1.5536,1039,7.5477,1.1995,201,5.942,0.9444,188,6.5907,1.0474,65
1986-03-31,6.3764,9.0007,1.4116,317,6.1079,0.9579,572,7.7924,1.2221,669,7.7109,1.2093,632,6.7497,1.0585,269,8.3013,1.3019,296,6.4665,1.0141,871,9.8601,1.5464,1036,7.6378,1.1978,199,6.0228,0.9445,188,6.6467,1.0424,64
1986-04-30,6.655,9.5908,1.4411,313,6.2219,0.9349,570,7.8191,1.1749,665,7.8975,1.1867,628,7.1437,1.0734,267,8.5847,1.29,292,6.763,1.0162,862,10.12,1.5207,1024,7.9719,1.1979,196,6.3308,0.9513,187,6.6898,1.0052,63
1986-05-30,6.5801,9.977,1.5163,304,6.2123,0.9441,566,7.6741,1.1663,661,7.7854,1.1832,623,7.1815,1.0914,262,8.4668,1.2867,291,6.7647,1.0281,853,9.8827,1.5019,1019,7.8324,1.1903,195,6.3045,0.9581,185,6.8235,1.037,61
1986-06-30,6.8134,10.3094,1.5131,299,6.5967,0.9682,562,7.7394,1.1359,656,8.009,1.1755,619,7.713,1.132,260,8.8189,1.2943,288,7.1201,1.045,846,9.7456,1.4304,1014,7.8202,1.1478,192,6.5192,0.9568,184,7.2908,1.0701,59
1986-07-31,7.0506,10.5248,1.4928,329,6.8258,0.9681,609,7.8785,1.1174,822,8.1652,1.1581,730,8.0891,1.1473,270,9.0858,1.2887,364,7.3299,1.0396,1010,9.8899,1.4027,1074,7.8816,1.1179,233,6.8911,0.9774,195,7.4088,1.0508,92
1986-08-29,7.0857,10.5891,1.4944,322,6.8684,0.9693,602,7.7725,1.0969,816,8.1888,1.1557,720,8.2551,1.165,269,9.1077,1.2854,361,7.2833,1.0279,1002,9.8153,1.3852,1067,7.9132,1.1168,230,6.8503,0.9668,193,7.5008,1.0586,91
1986-09-30,7.6156,10.6945,1.4043,313,7.3933,0.9708,598,8.0591,1.0582,812,8.6707,1.1385,717,9.267,1.2168,266,9.8908,1.2987,358,7.7977,1.0239,992,10.0774,1.3233,1055,8.499,1.116,229,7.0368,0.924,193,7.7746,1.0209,91
1986-10-31,7.7973,10.8315,1.3891,309,7.7399,0.9926,596,8.1077,1.0398,802,9.0094,1.1554,709,9.5465,1.2243,264,10.1005,1.2954,356,7.8093,1.0015,987,10.1399,1.3004,1044,8.5447,1.0958,228,6.7477,0.8654,192,7.9724,1.0225,90
1986-11-28,7.9916,11.2196,1.4039,307,7.9604,0.9961,587,8.2561,1.0331,792,9.2213,1.1539,704,9.7819,1.224,260,10.368,1.2974,351,7.9939,1.0003,983,10.3339,1.2931,1035,8.7268,1.092,226,6.9962,0.8754,191,8.0254,1.0042,89
1986-12-31,9.0267,11.8813,1.3162,299,8.8402,0.9793,582,9.0721,1.005,787,10.2229,1.1325,697,10.9242,1.2102,257,11.4858,1.2724,346,9.0959,1.0077,976,10.8579,1.2029,1027,9.9579,1.1032,219,8.2664,0.9158,191,8.6606,0.9594,88
1987-01-30,9.0241,11.8834,1.3168,289,8.9049,0.9868,567,9.0114,0.9986,766,10.2325,1.1339,687,10.9986,1.2188,253,11.4895,1.2732,345,9.0234,0.9999,964,10.9054,1.2085,1009,9.9579,1.1035,216,8.2496,0.9142,190,8.6152,0.9547,86
1987-02-27,9.2243,12.0705,1.3085,288,9.1549,0.9925,564,9.1037,0.9869,761,10.4297,1.1307,674,11.3066,1.2257,252,11.738,1.2725,341,9.1728,0.9944,950,11.0737,1.2005,999,10.2329,1.1093,213,8.3229,0.9023,190,8.5089,0.9224,86
1987-03-31,9.2673,11.8848,1.2825,283,9.1964,0.9924,561,9.0546,0.977,756,10.478,1.1307,674,11.3798,1.228,251,11.8088,1.2742,338,9.219,0.9948,949,11.0036,1.1874,998,10.2417,1.1051,213,8.3379,0.8997,190,8.5181,0.9192,86
1987-04-30,9.2427,11.6266,1.2579,280,9.3889,1.0158,555,9.0391,0.978,752,10.4352,1.129,671,11.4301,1.2367,249,11.7855,1.2751,334,9.1031,0.9849,943,11.0447,1.195,993,10.1662,1.0999,211,8.2646,0.8942,190,8.5013,0.9198,85
1987-05-29,9.2969,11.8023,1.2695,277,9.4404,1.0154,550,9.0194,0.9702,746,10.5234,1.1319,663,11.4623,1.2329,246,12.0208,1.293,334,9.168,0.9861,940,11.1233,1.1965,992,10.1273,1.0893,210,8.2657,0.8891,190,8.4276,0.9065,84
1987-06-30,9.4514,12.0818,1.2783,274,9.5363,1.009,550,9.1304,0.966,743,10.658,1.1277,663,11.5999,1.2273,243,12.2413,1.2952,334,9.268,0.9806,931,11.1335,1.178,985,10.1956,1.0787,208,8.2996,0.8781,190,8.3993,0.8887,84
1987-07-31,9.9846,12.3067,1.2326,281,10.0577,1.0073,610,9.5829,0.9598,858,11.223,1.124,769,12.3183,1.2337,286,12.7281,1.2748,412,9.8238,0.9839,1208,11.3827,1.14,1123,10.6283,1.0645,258,9.1682,0.9182,194,8.6371,0.8651,88
1987-08-31,10.1117,12.4864,1.2348,281,10.1794,1.0067,607,9.6872,0.958,852,11.3437,1.1218,760,12.4072,1.227,284,12.9083,1.2766,410,9.9102,0.9801,1199,11.526,1.1399,1115,10.79,1.0671,255,9.3595,0.9256,194,8.5754,0.8481,88
1987-09-30,9.9232,12.5338,1.2631,278,10.0346,1.0112,597,9.5408,0.9615,846,11.1002,1.1186,751,12.1717,1.2266,283,12.5124,1.2609,408,9.723,0.9798,1196,11.152,1.1238,1106,10.6539,1.0736,251,9.2948,0.9367,194,8.1947,0.8258,88
1987-10-30,9.8235,12.4208,1.2644,273,9.9453,1.0124,590,9.4404,0.961,840,10.9483,1.1145,747,12.1785,1.2397,283,12.3783,1.2601,406,9.6333,0.9806,1193,10.9788,1.1176,1101,10.7373,1.093,250,8.998,0.916,194,8.2084,0.8356,88
1987-11-30,9.9226,12.3946,1.2491,271,10.075,1.0154,587,9.485,0.9559,835,11.0877,1.1174,737,12.2991,1.2395,278,12.2649,1.236,405,9.6709,0.9746,1186,11.1022,1.1189,1090,10.9012,1.0986,247,8.8614,0.893,194,8.4827,0.8549,85
1987-12-31,9.6852,12.1781,1.2574,267,9.923,1.0245,579,9.2104,0.951,831,10.859,1.1212,725,12.2631,1.2662,277,12.0306,1.2422,399,9.3091,0.9612,1178,11.15,1.1512,1082,10.5339,1.0876,246,8.3423,0.8613,194,8.4373,0.8711,85
1988-01-29,21.1924,24.4522,1.1538,265,23.1338,1.0916,576,21.6582,1.022,822,22.7218,1.0722,712,23.5195,1.1098,273,22.8883,1.08,397,18.3299,0.8649,1172,24.4601,1.1542,1074,22.2326,1.0491,243,15.0761,0.7114,194,18.1376,0.8559,85
1988-02-29,21.5871,25.0728,1.1615,263,23.6451,1.0953,572,21.9758,1.018,816,23.1686,1.0733,707,23.894,1.1069,271,23.3917,1.0836,394,18.6357,0.8633,1165,24.8923,1.1531,1068,22.5366,1.044,240,15.2085,0.7045,194,18.4331,0.8539,85
1988-03-31,21.9673,25.4566,1.1588,261,24.0605,1.0953,568,22.3703,1.0183,808,23.6706,1.0775,700,24.3207,1.1071,268,23.9698,1.0912,392,18.8784,0.8594,1155,25.3954,1.1561,1053,22.9352,1.0441,238,15.273,0.6953,193,18.6353,0.8483,85
1988-04-29,22.5147,26.0064,1.1551,260,24.6681,1.0956,564,22.8612,1.0154,802,24.3792,1.0828,694,25.012,1.1109,267,24.5127,1.0887,384,19.2283,0.854,1147,26.1522,1.1616,1047,23.4421,1.0412,236,15.4473,0.6861,192,18.8902,0.839,85
1988-05-31,22.5353,25.9889,1.1533,259,24.7336,1.0975,559,22.9293,1.0175,795,24.4294,1.0841,683,25.0033,1.1095,261,24.4802,1.0863,384,19.187,0.8514,1140,26.2487,1.1648,1041,23.4256,1.0395,231,15.4228,0.6844,192,18.8557,0.8367,85
1988-06-30,22.5215,26.0119,1.155,257,24.7686,1.0998,555,22.961,1.0195,781,24.4344,1.0849,667,24.9014,1.1057,256,24.3706,1.0821,382,19.1306,0.8494,1127,26.271,1.1665,1032,23.4241,1.0401,225,15.3382,0.681,192,18.8666,0.8377,84
1988-07-29,22.57,26.1699,1.1595,242,24.9144,1.1039,543,23.0118,1.0196,819,24.4911,1.0851,700,24.909,1.1036,299,24.4276,1.0823,405,19.0603,0.8445,1279,26.3525,1.1676,1163,23.4417,1.0386,288,15.1193,0.6699,202,19.0035,0.842,75
1988-08-31,22.5603,26.1115,1.1574,237,24.9458,1.1057,541,23.0287,1.0208,813,24.4536,1.0839,690,24.8453,1.1013,298,24.4374,1.0832,403,19.0344,0.8437,1272,26.3738,1.169,1154,23.3906,1.0368,288,15.0864,0.6687,202,19.051,0.8445,75
1988-09-30,22.5688,26.1969,1.1608,233,24.9714,1.1065,538,23.0822,1.0227,801,24.4737,1.0844,683,24.7909,1.0985,298,24.3538,1.0791,397,19.0277,0.8431,1259,26.416,1.1705,1142,23.3642,1.0352,286,15.0689,0.6677,200,18.9745,0.8407,74
1988-10-31,22.5084,26.1359,1.1612,230,24.8818,1.1054,535,23.0191,1.0227,791,24.3643,1.0825,675,24.7264,1.0985,298,24.2521,1.0775,391,18.9857,0.8435,1249,26.3054,1.1687,1129,23.2484,1.0329,284,15.0374,0.6681,200,18.8994,0.8397,74
1988-11-30,22.5181,26.0447,1.1566,228,24.931,1.1072,531,23.0688,1.0245,785,24.4018,1.0837,668,24.7321,1.0983,296,24.2614,1.0774,390,18.9172,0.8401,1246,26.3502,1.1702,1119,23.2201,1.0312,284,14.9216,0.6627,200,18.8365,0.8365,72
1988-12-30,22.3049,25.8167,1.1574,225,24.7019,1.1075,521,22.8893,1.0262,780,24.2182,1.0858,660,24.485,1.0977,292,23.98,1.0751,386,18.7312,0.8398,1238,26.1275,1.1714,1107,22.9737,1.03,281,14.7239,0.6601,199,18.6534,0.8363,72
1989-01-31,16.0881,19.1451,1.19,220,17.8966,1.1124,516,16.3603,1.0169,769,17.883,1.1116,650,18.2081,1.1318,285,17.9787,1.1175,383,13.3308,0.8286,1223,19.1784,1.1921,1095,16.3743,1.0178,274,10.1833,0.633,199,13.0817,0.8131,69
1989-02-28,15.3954,18.289,1.188,217,17.0348,1.1065,515,15.8195,1.0275,765,17.1378,1.1132,646,17.5661,1.141,278,17.081,1.1095,381,12.6015,0.8185,1213,18.5218,1.2031,1087,15.7702,1.0243,267,9.8818,0.6419,198,12.4329,0.8076,69
1989-03-31,14.9712,17.6503,1.179,216,16.6741,1.1137,512,15.4045,1.0289,758,16.6619,1.1129,643,17.0958,1.1419,276,16.5334,1.1043,380,12.2598,0.8189,1205,18.0485,1.2055,1076,15.2605,1.0193,263,9.6564,0.645,198,12.1663,0.8126,66
1989-04-28,13.943,16.5543,1.1873,214,15.4573,1.1086,510,14.4912,1.0393,753,15.4198,1.1059,635,15.8053,1.1336,276,15.5466,1.115,378,11.6185,0.8333,1197,16.5192,1.1848,1060,14.4778,1.0384,262,9.2758,0.6653,198,11.6219,0.8335,65
1989-05-31,13.9915,16.5349,1.1818,213,15.4225,1.1023,506,14.5062,1.0368,749,15.4149,1.1017,630,15.7867,1.1283,274,15.5442,1.111,375,11.7101,0.8369,1191,16.4632,1.1767,1055,14.5807,1.0421,258,9.3104,0.6654,198,11.5005,0.822,63
1989-06-30,13.8189,16.2098,1.173,211,15.1133,1.0937,503,14.3472,1.0382,743,15.1347,1.0952,621,15.599,1.1288,270,15.375,1.1126,372,11.5494,0.8358,1184,16.4368,1.1894,1046,14.504,1.0496,256,9.1463,0.6619,197,11.5974,0.8392,62
1989-07-31,13.3654,15.6472,1.1707,218,14.5325,1.0873,540,14.0087,1.0481,800,14.6395,1.0953,650,15.0585,1.1267,275,14.8333,1.1098,401,11.1551,0.8346,1231,16.0719,1.2025,1085,14.2327,1.0649,273,8.6804,0.6495,197,11.1535,0.8345,60
1989-08-31,13.1977,15.5378,1.1773,216,14.2644,1.0808,536,13.8764,1.0514,795,14.488,1.0978,647,14.8388,1.1244,272,14.6242,1.1081,399,10.9961,0.8332,1228,15.8197,1.1987,1077,14.1102,1.0691,272,8.5771,0.6499,197,10.994,0.833,59
1989-09-29,13.1723,15.3744,1.1672,214,14.1601,1.075,530,13.8112,1.0485,783,14.3797,1.0917,641,14.807,1.1241,267,14.7868,1.1226,397,11.0111,0.8359,1218,15.8368,1.2023,1070,14.1942,1.0776,266,8.5066,0.6458,197,11.0735,0.8407,58
1989-10-31,13.121,15.4451,1.1771,210,14.0671,1.0721,526,13.7558,1.0484,775,14.361,1.0945,631,14.7995,1.1279,266,14.8647,1.1329,396,11.0,0.8383,1209,15.7748,1.2022,1061,14.2244,1.0841,262,8.4757,0.646,197,10.9365,0.8335,56
1989-11-30,12.9776,15.3838,1.1854,210,13.8326,1.0659,522,13.6781,1.054,770,14.1704,1.0919,627,14.644,1.1284,262,14.6992,1.1327,392,10.8449,0.8357,1203,15.4924,1.1938,1054,14.1959,1.0939,262,8.4489,0.651,197,10.811,0.8331,56
1989-12-29,12.9609,15.3864,1.1871,209,13.777,1.063,519,13.6706,1.0548,763,14.1301,1.0902,619,14.6166,1.1277,261,14.681,1.1327,391,10.9374,0.8439,1189,15.4033,1.1884,1040,14.2024,1.0958,259,8.4056,0.6485,197,10.7232,0.8273,56
1990-01-31,10.0072,12.2741,1.2265,209,10.1716,1.0164,514,10.4236,1.0416,761,11.164,1.1156,610,11.8527,1.1844,259,11.8645,1.1856,388,8.6866,0.868,1176,11.6723,1.1664,1035,11.1915,1.1183,257,5.7897,0.5786,197,7.4631,0.7458,55
1990-02-28,9.5553,11.7092,1.2254,208,9.6146,1.0062,508,10.1189,1.059,757,10.598,1.1091,606,11.4668,1.2,254,11.4055,1.1936,385,8.3234,0.8711,1164,11.1201,1.1638,1027,10.7724,1.1274,254,5.627,0.5889,197,7.1933,0.7528,55
1990-03-30,9.0501,11.0741,1.2237,208,8.9374,0.9875,507,9.6773,1.0693,751,9.9805,1.1028,599,10.8121,1.1947,253,10.8847,1.2027,383,8.5282,0.9423,1155,10.3724,1.1461,1020,10.5029,1.1605,254,5.4929,0.6069,196,7.547,0.8339,55
1990-04-30,9.3733,11.317,1.2074,207,9.208,0.9824,502,9.9113,1.0574,744,10.3135,1.1003,597,11.1658,1.1912,251,11.2038,1.1953,381,8.8788,0.9472,1145,10.3125,1.1002,1011,11.1713,1.1918,254,5.8679,0.626,196,7.4931,0.7994,55
1990-05-31,9.3575,11.2606,1.2034,207,9.1128,0.9738,501,9.8931,1.0572,735,10.2601,1.0965,593,11.1038,1.1866,248,11.2286,1.2,377,8.9025,0.9514,1137,10.322,1.1031,1002,11.3169,1.2094,253,5.8592,0.6261,196,7.5132,0.8029,54
1990-06-29,9.1992,11.0559,1.2018,205,8.909,0.9685,500,9.7055,1.055,726,10.1081,1.0988,590,11.0148,1.1974,247,11.1289,1.2098,375,8.809,0.9576,1127,9.9602,1.0827,993,11.1525,1.2123,251,5.8122,0.6318,196,7.415,0.8061,54
1990-07-31,9.1088,10.832,1.1892,229,8.699,0.955,520,9.6401,1.0583,749,9.9712,1.0947,638,10.9848,1.206,261,10.9892,1.2064,430,8.8988,0.977,1200,9.904,1.0873,1053,11.1003,1.2186,280,5.8401,0.6412,198,7.3024,0.8017,62
1990-08-31,9.0298,10.8119,1.1974,227,8.5994,0.9523,517,9.528,1.0552,745,9.9116,1.0977,629,10.9012,1.2072,259,10.8475,1.2013,427,8.8812,0.9835,1190,9.8936,1.0957,1042,10.9942,1.2176,279,5.7665,0.6386,197,7.2921,0.8076,62
1990-09-28,9.0341,10.6713,1.1812,224,8.5682,0.9484,514,9.5331,1.0552,738,9.9863,1.1054,620,10.8766,1.2039,259,10.7883,1.1942,426,8.9547,0.9912,1177,9.814,1.0863,1036,10.9843,1.2159,275,5.8284,0.6452,197,7.3254,0.8109,60
1990-10-31,9.5562,10.8728,1.1378,222,9.179,0.9605,513,10.2567,1.0733,736,11.0439,1.1557,617,11.603,1.2142,257,11.7533,1.2299,424,9.4393,0.9878,1167,10.6539,1.1149,1030,11.5096,1.2044,272,6.1181,0.6402,197,7.7038,0.8062,60
1990-11-30,10.3532,11.3653,1.0978,221,9.8681,0.9532,511,11.1196,1.074,730,12.2526,1.1835,610,12.7935,1.2357,254,12.634,1.2203,420,10.0686,0.9725,1156,11.3046,1.0919,1023,12.435,1.2011,270,6.6337,0.6407,197,8.373,0.8087,60
1990-12-31,10.6512,11.3799,1.0684,220,10.1334,0.9514,509,11.6561,1.0943,725,12.7486,1.1969,607,13.047,1.2249,253,13.0134,1.2218,416,10.9149,1.0248,1148,11.7651,1.1046,1014,12.6117,1.1841,267,6.7595,0.6346,194,9.5519,0.8968,57
1991-01-31,10.5076,10.7214,1.0203,218,10.1238,0.9635,504,11.4998,1.0944,722,12.8521,1.2231,607,12.725,1.211,253,12.805,1.2186,416,11.3855,1.0836,1139,11.9486,1.1371,1006,12.3939,1.1795,265,6.6902,0.6367,193,10.1769,0.9685,57
1991-02-28,10.6074,10.6541,1.0044,217,10.2183,0.9633,503,11.6193,1.0954,712,13.0463,1.2299,604,12.7626,1.2032,251,12.8041,1.2071,414,11.6432,1.0976,1128,12.1652,1.1469,1000,12.4508,1.1738,263,6.7769,0.6389,193,10.6028,0.9996,56
1991-03-28,10.5874,10.6065,1.0018,215,10.2452,0.9677,503,11.6087,1.0965,708,13.0551,1.2331,598,12.7921,1.2082,251,12.784,1.2075,411,11.6373,1.0992,1122,12.2064,1.1529,995,12.3966,1.1709,262,6.6994,0.6328,193,10.6645,1.0073,55
1991-04-30,10.6605,10.4081,0.9763,214,10.2918,0.9654,500,11.7875,1.1057,700,13.3281,1.2502,597,12.8797,1.2082,248,13.0516,1.2243,409,11.9263,1.1187,1119,12.4982,1.1724,987,12.438,1.1667,260,6.6246,0.6214,193,11.0796,1.0393,55
1991-05-31,10.8369,10.5908,0.9773,211,10.4822,0.9673,496,11.9792,1.1054,694,13.6154,1.2564,586,13.1515,1.2136,247,13.2533,1.223,407,12.2574,1.1311,1108,12.749,1.1765,977,12.4914,1.1527,259,6.7088,0.6191,193,11.7829,1.0873,55
1991-06-28,10.8554,10.6258,0.9788,210,10.4906,0.9664,492,11.9591,1.1017,686,13.7246,1.2643,581,13.157,1.212,246,13.4437,1.2384,405,12.381,1.1405,1098,13.1742,1.2136,974,12.4394,1.1459,257,6.7448,0.6213,193,11.8749,1.0939,54
1991-07-31,10.9425,10.6998,0.9778,231,10.6053,0.9692,515,12.0425,1.1005,714,13.9505,1.2749,627,13.2441,1.2103,252,13.6466,1.2471,460,12.4675,1.1394,1151,13.2537,1.2112,1030,12.3958,1.1328,271,6.7488,0.6168,194,12.2466,1.1192,54
1991-08-30,10.9813,10.9057,0.9931,224,10.7477,0.9787,512,12.1503,1.1065,709,14.0491,1.2794,620,13.2113,1.2031,250,13.732,1.2505,459,12.4325,1.1322,1139,13.5628,1.2351,1018,12.3039,1.1204,267,6.6828,0.6086,193,12.2695,1.1173,54
1991-09-30,10.9955,11.0023,1.0006,224,10.8946,0.9908,508,12.164,1.1063,707,14.1863,1.2902,614,13.1071,1.192,249,13.6609,1.2424,456,12.4338,1.1308,1133,13.5554,1.2328,1014,12.2608,1.1151,263,6.7407,0.613,193,12.2148,1.1109,54
1991-10-31,10.6836,10.808,1.0116,224,10.4512,0.9782,506,11.7353,1.0984,706,13.7071,1.283,611,12.665,1.1855,249,13.1103,1.2271,455,12.273,1.1488,1126,13.2617,1.2413,1006,11.8048,1.105,261,6.5501,0.6131,193,12.2961,1.1509,54
1991-11-29,10.291,10.3935,1.01,224,10.1778,0.989,504,11.3175,1.0997,697,13.2645,1.2889,608,12.0201,1.168,249,12.6683,1.231,452,12.1478,1.1804,1123,13.0006,1.2633,998,11.1899,1.0874,260,6.2076,0.6032,193,12.3434,1.1994,53
1991-12-31,10.0223,10.203,1.018,224,9.9633,0.9941,501,10.8939,1.087,693,12.8528,1.2824,604,11.7252,1.1699,247,12.3968,1.2369,452,11.5271,1.1501,1115,12.8557,1.2827,991,10.9142,1.089,257,6.1318,0.6118,193,11.9525,1.1926,53
1992-01-31,9.1614,9.4003,1.0261,224,9.1197,0.9954,498,10.1442,1.1073,690,12.0118,1.3111,601,10.6009,1.1571,244,11.7084,1.278,450,10.5776,1.1546,1101,12.1398,1.3251,979,10.1246,1.1051,254,5.8018,0.6333,193,11.6797,1.2749,51
1992-02-28,9.5882,9.6588,1.0074,222,9.2988,0.9698,493,10.3347,1.0779,685,12.5656,1.3105,599,11.0164,1.149,243,12.5206,1.3058,448,10.7856,1.1249,1094,12.4503,1.2985,972,10.4248,1.0873,252,5.9602,0.6216,193,11.7312,1.2235,51
1992-03-31,9.6132,9.7079,1.0098,219,9.3709,0.9748,492,10.4694,1.0891,682,12.7099,1.3221,591,10.9621,1.1403,243,12.469,1.2971,443,10.7035,1.1134,1090,12.6349,1.3143,969,10.3563,1.0773,249,5.9928,0.6234,193,12.1978,1.2689,50
1992-04-30,9.354,9.8131,1.0491,217,9.1718,0.9805,489,10.2926,1.1003,678,12.5178,1.3382,587,10.8038,1.155,243,12.7727,1.3655,442,10.4651,1.1188,1075,12.617,1.3488,963,9.7276,1.0399,248,6.0267,0.6443,193,12.3683,1.3222,49
1992-05-29,9.2167,9.7869,1.0619,216,9.0459,0.9815,488,10.1193,1.0979,672,12.3277,1.3375,580,10.711,1.1621,241,12.8251,1.3915,439,10.2286,1.1098,1065,12.4405,1.3498,958,9.5462,1.0357,247,5.9442,0.6449,191,12.0173,1.3039,49
1992-06-30,9.0953,9.725,1.0692,210,8.9392,0.9828,483,9.9832,1.0976,670,12.218,1.3433,573,10.4885,1.1532,240,12.5905,1.3843,434,10.1601,1.1171,1058,12.103,1.3307,948,9.4231,1.036,243,5.8763,0.6461,191,11.9227,1.3109,48
1992-07-31,9.2391,9.9625,1.0783,210,9.1106,0.9861,513,10.1459,1.0981,731,12.3775,1.3397,678,10.593,1.1465,258,13.0879,1.4166,565,10.2931,1.1141,1158,12.3577,1.3375,1019,9.5629,1.035,274,5.8251,0.6305,193,12.2068,1.3212,47
1992-08-31,9.0604,10.1355,1.1187,207,8.9158,0.984,506,9.9294,1.0959,726,12.3141,1.3591,675,10.5186,1.1609,253,13.2994,1.4679,557,10.1879,1.1244,1147,11.9714,1.3213,1011,9.3767,1.0349,270,5.7963,0.6397,193,12.365,1.3647,45
1992-09-30,8.9864,10.0366,1.1169,204,8.9545,0.9965,504,9.8856,1.1001,719,12.3053,1.3693,670,10.5855,1.1779,248,13.5016,1.5025,555,10.1769,1.1325,1141,12.1217,1.3489,1001,9.2028,1.0241,267,5.689,0.6331,192,12.5114,1.3923,45
1992-10-30,8.7706,9.8991,1.1287,203,8.7502,0.9977,500,9.6124,1.096,715,12.0288,1.3715,668,10.2634,1.1702,246,13.1755,1.5022,549,9.9928,1.1394,1133,12.0671,1.3759,998,8.931,1.0183,267,5.5571,0.6336,192,12.6574,1.4432,44
1992-11-30,8.2664,9.8467,1.1912,203,8.3246,1.007,495,9.0982,1.1006,711,11.4311,1.3828,662,9.5817,1.1591,243,12.7692,1.5447,542,9.6547,1.1679,1119,11.7913,1.4264,993,8.2832,1.002,265,5.2144,0.6308,192,12.4493,1.506,43
1992-12-31,8.1126,9.8276,1.2114,203,8.3099,1.0243,493,8.892,1.0961,709,11.2268,1.3839,658,9.3981,1.1585,242,12.9472,1.5959,542,9.2311,1.1379,1112,11.6549,1.4366,987,8.0738,0.9952,264,5.1401,0.6336,192,12.3893,1.5272,43
1993-01-29,7.9635,9.8637,1.2386,201,8.2288,1.0333,493,8.6936,1.0917,708,11.0715,1.3903,656,9.3181,1.1701,241,12.9197,1.6224,541,8.8179,1.1073,1098,11.499,1.444,985,7.9482,0.9981,260,5.0851,0.6385,192,12.4075,1.5581,42
1993-02-26,7.4266,9.684,1.304,201,8.0056,1.078,492,8.2266,1.1077,705,10.4399,1.4057,653,8.8044,1.1855,241,12.4725,1.6794,540,8.2496,1.1108,1085,11.1944,1.5073,977,7.4315,1.0007,260,4.8274,0.65,192,11.9935,1.6149,39
1993-03-31,7.1918,9.4744,1.3174,200,7.7395,1.0762,490,7.9533,1.1059,703,10.1192,1.4071,650,8.5412,1.1876,240,12.4044,1.7248,537,7.9542,1.106,1076,11.0882,1.5418,974,7.2638,1.01,259,4.7109,0.655,192,11.8605,1.6492,39
1993-04-30,7.0333,9.4037,1.337,199,7.4936,1.0654,489,7.6507,1.0878,700,9.8016,1.3936,647,8.3163,1.1824,240,12.2724,1.7449,535,7.7531,1.1023,1064,10.8386,1.541,968,7.1198,1.0123,254,4.6255,0.6577,192,11.3636,1.6157,38
1993-05-28,7.2489,9.3763,1.2935,198,7.7263,1.0659,488,7.8627,1.0847,698,10.1595,1.4015,645,8.2877,1.1433,239,13.5444,1.8685,532,8.0766,1.1142,1059,11.1719,1.5412,966,7.1314,0.9838,254,4.6064,0.6355,192,11.3046,1.5595,38
1993-06-30,7.2542,9.2964,1.2815,198,7.6627,1.0563,486,7.7836,1.073,694,10.1487,1.399,644,9.4428,1.3017,239,13.9799,1.9271,528,8.0267,1.1065,1053,11.0285,1.5203,963,7.2167,0.9948,254,4.7297,0.652,192,11.1108,1.5316,38
1993-07-30,7.1002,9.2346,1.3006,213,7.4615,1.0509,508,7.6512,1.0776,760,10.0868,1.4206,732,9.3909,1.3226,256,14.0928,1.9848,599,8.3697,1.1788,1211,10.9791,1.5463,1090,7.0394,0.9914,283,4.759,0.6703,195,10.9973,1.5489,35
1993-08-31,7.0697,8.8188,1.2474,211,7.3817,1.0441,507,7.56,1.0693,753,9.9258,1.404,727,9.2956,1.3148,255,13.8693,1.9618,596,8.6406,1.2222,1204,11.0196,1.5587,1087,7.1181,1.0068,281,4.9599,0.7016,194,10.8472,1.5343,35
1993-09-30,6.9085,9.1058,1.3181,211,7.0913,1.0265,505,7.2773,1.0534,745,9.6142,1.3916,727,9.1737,1.3279,255,13.8233,2.0009,590,8.5763,1.2414,1196,10.7476,1.5557,1085,7.0828,1.0252,279,4.8903,0.7079,194,10.8008,1.5634,35
1993-10-29,6.8694,9.0242,1.3137,211,7.003,1.0194,503,7.2267,1.052,743,9.644,1.4039,725,9.1271,1.3287,254,13.8462,2.0156,586,8.5324,1.2421,1190,10.7444,1.5641,1082,7.1108,1.0351,278,4.816,0.7011,194,10.6845,1.5554,35
1993-11-30,6.6948,9.0044,1.345,211,6.8219,1.019,500,7.0293,1.05,740,9.4113,1.4058,723,9.1411,1.3654,253,13.9447,2.0829,584,8.2156,1.2272,1183,10.6295,1.5877,1076,7.0364,1.051,277,4.7558,0.7104,194,10.5684,1.5786,35
1993-12-31,6.5196,9.096,1.3952,209,6.6392,1.0183,495,6.8347,1.0483,738,9.3366,1.4321,719,8.998,1.3802,253,13.8112,2.1184,582,8.1429,1.249,1178,10.5715,1.6215,1074,6.9451,1.0653,277,4.7069,0.722,194,10.5285,1.6149,35
1994-01-31,6.5749,8.8464,1.3455,209,6.545,0.9955,490,6.8299,1.0388,738,9.2206,1.4024,715,9.0408,1.375,252,13.7654,2.0936,580,8.4319,1.2824,1165,10.8691,1.6531,1066,7.1967,1.0946,275,5.7133,0.869,194,10.3041,1.5672,34
1994-02-28,6.3487,8.9654,1.4122,209,6.3595,1.0017,489,6.5666,1.0343,736,9.0258,1.4217,709,8.8761,1.3981,252,13.4281,2.1151,579,8.2824,1.3046,1152,10.9069,1.718,1060,7.0229,1.1062,274,5.7512,0.9059,192,10.1873,1.6046,34
1994-03-31,6.2793,8.8423,1.4082,209,6.3023,1.0037,487,6.4767,1.0314,731,8.8904,1.4158,708,8.8265,1.4057,251,13.2298,2.1069,574,8.168,1.3008,1145,10.7523,1.7123,1054,6.9034,1.0994,271,5.7178,0.9106,192,9.8779,1.5731,34
1994-04-29,6.1968,8.5879,1.3858,208,6.232,1.0057,486,6.3468,1.0242,728,8.7463,1.4114,706,8.7433,1.4109,250,12.9633,2.0919,572,8.068,1.302,1136,10.5388,1.7007,1051,6.9384,1.1197,270,5.7814,0.933,192,9.6577,1.5585,33
1994-05-31,6.1891,8.4866,1.3712,208,6.223,1.0055,483,6.3701,1.0292,725,8.4193,1.3603,705,8.7269,1.41,250,11.7797,1.9033,567,8.0586,1.3021,1128,10.4748,1.6925,1044,6.9701,1.1262,269,6.1116,0.9875,191,9.3972,1.5183,33
1994-06-30,6.4175,8.6679,1.3507,205,6.6182,1.0313,483,6.8162,1.0621,722,8.5779,1.3366,703,7.7505,1.2077,248,11.3767,1.7728,563,8.1363,1.2678,1121,10.6882,1.6655,1037,7.2109,1.1236,268,6.4997,1.0128,191,9.273,1.445,33
1994-07-29,6.3728,8.676,1.3614,232,6.7209,1.0546,563,6.8698,1.078,851,8.5956,1.3488,836,7.6529,1.2009,272,10.7561,1.6878,631,7.7667,1.2187,1310,10.8465,1.702,1205,7.3583,1.1546,344,6.5974,1.0352,193,9.3444,1.4663,34
1994-08-31,6.4065,8.5396,1.333,231,6.7273,1.0501,561,6.9786,1.0893,847,8.5693,1.3376,834,7.6826,1.1992,272,10.4924,1.6378,627,7.5204,1.1739,1300,10.7897,1.6842,1204,7.5031,1.1712,341,7.3201,1.1426,191,9.2071,1.4372,34
1994-09-30,6.4891,8.2996,1.279,230,6.7796,1.0448,560,7.0843,1.0917,839,8.5586,1.3189,832,7.569,1.1664,269,10.157,1.5652,626,7.5547,1.1642,1289,10.9354,1.6852,1195,7.6031,1.1717,338,7.4455,1.1474,191,9.0127,1.3889,34
1994-10-31,6.4868,8.1507,1.2565,227,6.8251,1.0522,560,7.0933,1.0935,834,8.5414,1.3168,829,7.4854,1.1539,269,10.003,1.5421,622,7.5458,1.1633,1277,10.8373,1.6707,1187,7.5696,1.1669,332,7.533,1.1613,191,8.7685,1.3518,34
1994-11-30,6.4838,8.0205,1.237,224,6.7891,1.0471,560,7.0858,1.0928,833,8.5669,1.3213,825,7.4235,1.1449,268,9.8477,1.5188,614,7.4944,1.1559,1269,10.898,1.6808,1180,7.4863,1.1546,331,7.6128,1.1741,190,8.6388,1.3324,34
1994-12-30,6.586,8.0053,1.2155,222,6.8864,1.0456,557,7.1113,1.0798,829,8.5569,1.2993,823,7.5,1.1388,265,9.6831,1.4703,611,7.5503,1.1464,1260,10.8716,1.6507,1175,7.662,1.1634,331,7.767,1.1793,190,8.2799,1.2572,32
1995-01-31,6.5508,8.168,1.2469,219,6.9923,1.0674,553,7.1495,1.0914,825,8.5708,1.3084,819,7.3926,1.1285,262,9.459,1.4439,606,7.3364,1.1199,1248,10.6736,1.6294,1165,7.6055,1.161,326,7.5595,1.154,189,8.2377,1.2575,32
1995-02-28,6.6976,7.9439,1.1861,218,7.2617,1.0842,553,7.2907,1.0886,819,8.637,1.2896,814,7.5194,1.1227,261,9.6521,1.4411,602,7.4815,1.1171,1227,10.8021,1.6128,1159,7.5927,1.1336,324,7.606,1.1356,189,8.0892,1.2078,32
1995-03-31,6.8249,7.7999,1.1429,217,7.3144,1.0717,552,7.4439,1.0907,815,8.8743,1.3003,810,7.5431,1.1052,261,9.6329,1.4114,598,7.691,1.1269,1217,10.9942,1.6109,1151,7.6021,1.1139,322,7.5861,1.1115,188,8.024,1.1757,31
1995-04-28,6.8055,7.7764,1.1427,215,7.3892,1.0858,550,7.3971,1.0869,812,8.8023,1.2934,804,7.4927,1.101,257,9.5038,1.3965,593,7.7068,1.1324,1204,11.1134,1.633,1142,7.5053,1.1028,320,7.5698,1.1123,188,7.9404,1.1668,31
1995-05-31,6.5011,7.652,1.177,214,7.103,1.0926,548,7.1715,1.1031,800,8.4209,1.2953,800,7.2604,1.1168,256,8.6327,1.3279,590,7.374,1.1343,1198,10.8615,1.6707,1139,7.4046,1.139,319,7.4101,1.1398,188,7.8613,1.2092,30
1995-06-30,6.1573,7.3659,1.1963,213,6.8435,1.1114,546,6.9052,1.1215,791,8.0404,1.3058,793,6.6293,1.0767,253,8.0399,1.3057,583,7.1736,1.165,1189,10.5003,1.7053,1134,7.2067,1.1704,312,7.2768,1.1818,186,7.7169,1.2533,30
1995-07-31,6.0529,7.1778,1.1858,216,6.7504,1.1152,579,6.7339,1.1125,867,7.7815,1.2856,881,6.5911,1.0889,270,7.8908,1.3036,629,6.9155,1.1425,1303,10.2994,1.7016,1263,6.9892,1.1547,348,7.0755,1.169,185,7.6226,1.2593,43
1995-08-31,6.0344,7.3266,1.2141,215,6.9246,1.1475,579,6.8248,1.131,866,7.8523,1.3013,874,6.5665,1.0882,269,7.9903,1.3241,621,6.8412,1.1337,1293,10.5491,1.7482,1252,6.852,1.1355,344,6.7529,1.1191,184,7.6212,1.263,43
1995-09-29,5.9663,7.2247,1.2109,214,6.8758,1.1524,576,6.7924,1.1385,860,7.7251,1.2948,867,6.5522,1.0982,268,7.9402,1.3308,613,6.8633,1.1503,1290,10.5822,1.7737,1245,6.9642,1.1672,340,6.7443,1.1304,184,7.4814,1.2539,42
1995-10-31,6.1682,7.1781,1.1637,214,7.1093,1.1526,574,7.1052,1.1519,854,7.7115,1.2502,862,6.5817,1.067,268,8.0426,1.3039,608,7.016,1.1374,1282,11.7152,1.8993,1243,7.0215,1.1383,334,6.6736,1.0819,183,7.4824,1.2131,42
1995-11-30,6.1366,7.1545,1.1659,213,7.0421,1.1476,571,7.0665,1.1515,849,7.6358,1.2443,856,6.4616,1.053,267,7.8333,1.2765,604,7.1146,1.1594,1269,12.0448,1.9628,1233,7.0142,1.143,332,6.5254,1.0634,183,7.4519,1.2143,42
1995-12-29,5.9635,7.1616,1.2009,212,6.9802,1.1705,567,7.0128,1.176,844,7.4151,1.2434,853,6.3668,1.0676,266,7.7146,1.2936,595,7.0637,1.1845,1260,12.3936,2.0783,1228,6.8295,1.1452,325,6.4498,1.0816,183,7.4214,1.2445,42
1996-01-31,5.9832,7.1071,1.1878,212,7.019,1.1731,563,7.0738,1.1823,843,7.4695,1.2484,848,6.1803,1.0329,265,7.7732,1.2992,592,7.1649,1.1975,1247,12.8338,2.145,1215,6.617,1.1059,323,6.1286,1.0243,183,7.59,1.2685,41
1996-02-29,5.838,7.069,1.2109,211,6.7821,1.1617,559,6.9616,1.1925,838,7.2203,1.2368,842,6.0922,1.0435,262,7.5783,1.2981,588,7.0171,1.202,1220,13.1122,2.246,1206,6.6072,1.1318,319,6.0719,1.0401,183,7.5471,1.2928,41
1996-03-29,6.0403,7.5542,1.2506,208,6.8724,1.1378,557,6.9966,1.1583,834,7.1353,1.1813,837,6.5397,1.0827,258,7.6649,1.269,585,7.168,1.1867,1209,13.6438,2.2588,1199,6.862,1.136,315,6.127,1.0144,183,7.4183,1.2281,41
1996-04-30,6.2939,8.0166,1.2737,207,6.8521,1.0887,549,7.2323,1.1491,832,7.426,1.1799,837,6.7276,1.0689,256,7.8987,1.255,581,7.2695,1.155,1198,14.5852,2.3174,1194,7.118,1.1309,314,6.0223,0.9569,183,7.4002,1.1758,41
1996-05-31,6.4543,8.346,1.2931,207,6.9283,1.0734,544,7.3184,1.1339,827,7.6375,1.1833,836,6.8834,1.0665,256,8.2007,1.2706,578,7.4645,1.1565,1181,14.8618,2.3026,1187,7.5366,1.1677,313,6.1506,0.9529,183,7.3883,1.1447,40
1996-06-28,6.7788,8.9117,1.3146,205,6.9663,1.0277,537,7.4817,1.1037,824,7.8456,1.1574,830,7.4239,1.0952,255,8.6909,1.2821,575,8.0137,1.1822,1175,15.091,2.2262,1179,7.897,1.165,309,6.3771,0.9407,183,7.3723,1.0876,40
1996-07-31,7.0408,9.1188,1.2951,214,6.9242,0.9834,572,7.5759,1.076,924,7.9622,1.1309,921,7.836,1.1129,282,9.2689,1.3165,705,8.6489,1.2284,1341,15.0862,2.1427,1476,8.1895,1.1631,367,6.569,0.933,184,7.5133,1.0671,41
1996-08-30,7.0846,9.3478,1.3195,213,6.8386,0.9653,571,7.6066,1.0737,920,7.868,1.1106,914,8.0083,1.1304,280,9.2478,1.3053,698,8.6559,1.2218,1331,14.9809,2.1146,1468,8.1997,1.1574,363,6.3982,0.9031,184,7.5489,1.0655,39
1996-09-30,7.1486,9.206,1.2878,212,6.7504,0.9443,564,7.5899,1.0617,912,7.8844,1.1029,910,8.0965,1.1326,280,9.2447,1.2932,693,8.831,1.2354,1322,15.017,2.1007,1455,8.1397,1.1387,362,6.6313,0.9276,184,7.7038,1.0777,39
1996-10-31,7.827,9.5508,1.2202,211,7.1179,0.9094,561,8.3391,1.0654,907,8.6922,1.1105,900,8.5597,1.0936,278,9.68,1.2367,689,9.2193,1.1779,1314,16.0189,2.0466,1451,8.9377,1.1419,360,6.6755,0.8529,184,8.2833,1.0583,39
1996-11-29,7.8515,9.6517,1.2293,209,7.0936,0.9035,554,8.3197,1.0596,902,8.7688,1.1168,895,8.8912,1.1324,276,9.7014,1.2356,688,9.2149,1.1736,1298,15.8057,2.0131,1444,8.9246,1.1367,358,6.655,0.8476,184,8.2857,1.0553,39
1996-12-31,7.8623,9.6506,1.2275,209,6.9908,0.8892,551,8.3283,1.0593,896,8.7319,1.1106,890,8.8293,1.123,276,9.6767,1.2308,686,9.2594,1.1777,1287,15.6985,1.9967,1436,9.1295,1.1612,354,6.5789,0.8368,184,8.2357,1.0475,38
1997-01-31,7.7749,9.619,1.2372,208,6.7945,0.8739,548,8.2271,1.0582,892,8.6259,1.1095,879,8.754,1.1259,273,9.7473,1.2537,679,9.1476,1.1766,1277,15.5232,1.9966,1427,9.0921,1.1694,350,6.5169,0.8382,184,8.0356,1.0335,38
1997-02-28,7.7308,9.6773,1.2518,207,6.6355,0.8583,544,8.2136,1.0624,884,8.5309,1.1035,869,8.733,1.1296,272,9.7169,1.2569,674,9.1007,1.1772,1264,15.3986,1.9918,1421,9.135,1.1816,347,6.4246,0.831,184,7.9594,1.0296,38
1997-03-31,7.8163,9.6689,1.237,207,6.7507,0.8637,544,8.2719,1.0583,879,8.5839,1.0982,862,8.7373,1.1178,269,9.8795,1.264,671,9.2916,1.1888,1257,15.2347,1.9491,1412,9.2411,1.1823,344,6.5647,0.8399,183,7.9385,1.0156,38
1997-04-30,7.7674,9.6866,1.2471,206,6.6534,0.8566,540,8.2464,1.0617,873,8.4106,1.0828,854,8.8097,1.1342,268,9.9599,1.2823,666,9.241,1.1897,1240,14.7096,1.8938,1401,9.1598,1.1793,341,6.5467,0.8428,182,8.0231,1.0329,38
1997-05-30,7.9372,9.832,1.2387,206,6.696,0.8436,540,8.3064,1.0465,868,8.4002,1.0583,848,8.9116,1.1228,265,10.3268,1.3011,662,9.4404,1.1894,1228,15.1533,1.9092,1394,9.1561,1.1536,336,6.393,0.8054,182,7.9135,0.997,38
1997-06-30,8.132,9.7592,1.2001,205,6.8723,0.8451,538,8.3601,1.028,863,8.3216,1.0233,840,9.1929,1.1305,263,10.9754,1.3496,659,10.0801,1.2396,1220,15.2476,1.875,1387,9.139,1.1238,334,6.0618,0.7454,182,7.9732,0.9805,38
1997-07-31,8.5395,10.1397,1.1874,222,7.2201,0.8455,565,8.7022,1.0191,934,8.561,1.0025,917,9.7803,1.1453,289,11.3337,1.3272,738,10.4368,1.2222,1345,15.7364,1.8428,1634,9.579,1.1217,390,6.2019,0.7263,183,8.1053,0.9492,45
1997-08-29,8.5725,10.0498,1.1723,218,7.2543,0.8462,561,8.6619,1.0104,930,8.4965,0.9911,903,9.766,1.1392,288,11.3513,1.3241,735,10.6277,1.2397,1327,15.9271,1.8579,1621,9.6104,1.1211,384,6.1009,0.7117,182,8.0632,0.9406,44
1997-09-30,8.7254,10.1785,1.1665,215,7.4311,0.8517,555,8.7853,1.0069,922,8.5311,0.9777,893,10.1442,1.1626,285,11.7577,1.3475,730,10.8014,1.2379,1310,15.9048,1.8228,1608,9.713,1.1132,382,5.8959,0.6757,178,8.0448,0.922,44
1997-10-31,8.4792,10.5305,1.2419,215,7.3168,0.8629,550,8.3932,0.9899,918,8.0787,0.9528,882,10.0454,1.1847,281,11.7514,1.3859,720,10.8505,1.2797,1300,14.8479,1.7511,1600,9.5973,1.1319,378,5.9763,0.7048,178,7.6684,0.9044,44
1997-11-28,8.8577,10.9762,1.2392,210,7.6554,0.8643,544,8.9326,1.0085,910,8.2703,0.9337,872,10.5702,1.1933,281,12.3125,1.39,713,11.1593,1.2598,1287,14.9631,1.6893,1596,9.8091,1.1074,373,6.1853,0.6983,178,7.7853,0.8789,44
1997-12-31,8.9833,11.1499,1.2412,208,7.7074,0.858,543,9.0386,1.0062,903,8.3115,0.9252,871,10.7681,1.1987,277,12.4511,1.386,708,11.329,1.2611,1276,14.8724,1.6556,1581,9.8004,1.091,370,6.2269,0.6932,177,7.7769,0.8657,43
1998-01-30,10.9863,12.7708,1.1624,204,9.7004,0.883,538,11.2076,1.0201,892,10.1133,0.9205,856,12.1013,1.1015,276,14.2317,1.2954,702,12.8732,1.1718,1258,16.8615,1.5348,1563,11.304,1.0289,362,6.8309,0.6218,177,9.2228,0.8395,41
1998-02-27,11.264,12.9942,1.1536,201,9.9223,0.8809,532,11.5727,1.0274,886,10.3147,0.9157,844,12.2771,1.0899,273,14.4632,1.284,698,13.1624,1.1685,1248,17.1556,1.523,1550,11.606,1.0304,358,6.9734,0.6191,174,9.3612,0.8311,41
1998-03-31,11.3188,12.9979,1.1483,200,9.9952,0.8831,530,11.7719,1.04,880,10.3667,0.9159,839,12.2662,1.0837,271,14.492,1.2804,694,13.1611,1.1628,1232,17.4724,1.5437,1534,11.6257,1.0271,351,6.9762,0.6163,174,9.5089,0.8401,41
1998-04-30,11.5984,14.1238,1.2177,197,10.4002,0.8967,526,12.0958,1.0429,873,10.6346,0.9169,828,12.3673,1.0663,268,14.7109,1.2684,686,13.506,1.1645,1210,17.5524,1.5134,1522,11.7431,1.0125,344,7.0986,0.612,173,9.6274,0.8301,40
1998-05-29,11.5137,14.2743,1.2398,196,10.378,0.9014,521,12.0679,1.0481,866,10.6243,0.9228,819,12.2566,1.0645,265,14.4993,1.2593,683,13.3741,1.1616,1192,17.2347,1.4969,1509,11.6146,1.0088,341,7.0057,0.6085,171,9.6295,0.8363,40
1998-06-30,11.3056,14.1941,1.2555,193,10.3064,0.9116,519,11.9429,1.0564,862,10.4663,0.9258,814,11.9778,1.0595,264,14.0324,1.2412,678,12.9107,1.142,1178,17.3508,1.5347,1494,11.388,1.0073,336,6.8367,0.6047,170,9.5782,0.8472,40
1998-07-31,11.2583,14.0915,1.2517,208,10.396,0.9234,543,11.9109,1.058,895,10.5765,0.9394,899,11.6315,1.0331,294,13.8264,1.2281,733,12.9868,1.1535,1307,17.312,1.5377,1675,11.2964,1.0034,371,6.7956,0.6036,166,9.6488,0.857,53
1998-08-31,11.2641,14.1118,1.2528,207,10.5064,0.9327,537,11.9373,1.0598,889,10.6746,0.9477,886,11.5805,1.0281,290,13.8549,1.23,728,12.9273,1.1476,1287,17.3094,1.5367,1661,11.3174,1.0047,364,6.8654,0.6095,166,9.7436,0.865,51
1998-09-30,11.325,14.4669,1.2774,202,10.8001,0.9536,533,11.9888,1.0586,882,10.769,0.9509,877,11.5549,1.0203,287,13.809,1.2193,720,12.9491,1.1434,1270,17.4238,1.5385,1646,11.4045,1.007,359,6.7742,0.5982,166,9.7605,0.8619,50
1998-10-30,11.73,14.8417,1.2653,199,11.0662,0.9434,530,12.358,1.0535,872,11.3979,0.9717,867,11.6335,0.9918,284,14.415,1.2289,713,13.4703,1.1484,1259,17.2582,1.4713,1620,11.9686,1.0203,352,7.0193,0.5984,164,10.156,0.8658,50
1998-11-30,13.5005,15.256,1.13,199,12.1096,0.897,526,13.8038,1.0225,854,13.9544,1.0336,853,12.9257,0.9574,281,16.4266,1.2167,696,15.4695,1.1458,1238,19.4786,1.4428,1594,13.4935,0.9995,345,7.2352,0.5359,162,11.2732,0.835,49
1998-12-31,14.4276,15.8639,1.0996,198,12.98,0.8997,521,14.857,1.0298,853,15.405,1.0677,846,13.6861,0.9486,277,17.0559,1.1822,687,17.1635,1.1896,1228,20.6892,1.434,1580,14.0787,0.9758,338,7.5344,0.5222,162,12.2256,0.8474,48
1999-01-29,14.0192,15.5766,1.1111,195,12.7117,0.9067,513,14.674,1.0467,846,15.418,1.0998,836,13.1917,0.941,274,16.5895,1.1833,678,17.3004,1.2341,1213,20.42,1.4566,1559,13.6773,0.9756,331,8.4703,0.6042,162,14.2447,1.0161,47
1999-02-26,14.0585,15.7591,1.121,192,12.7631,0.9079,506,14.6225,1.0401,834,15.5682,1.1074,832,13.1736,0.9371,268,16.5729,1.1788,670,17.4166,1.2389,1199,20.469,1.456,1541,13.708,0.9751,325,8.5221,0.6062,162,14.4841,1.0303,47
1999-03-31,14.2687,15.8722,1.1124,192,12.8079,0.8976,499,14.759,1.0344,825,15.9518,1.118,824,13.2669,0.9298,262,16.8894,1.1837,665,17.5752,1.2317,1192,20.6526,1.4474,1527,13.9404,0.977,319,8.4795,0.5943,161,14.4884,1.0154,47
1999-04-30,14.3567,15.3571,1.0697,186,12.8244,0.8933,495,14.7745,1.0291,813,16.0107,1.1152,810,13.3227,0.928,260,16.9313,1.1793,654,17.6614,1.2302,1181,20.9731,1.4609,1506,14.4074,1.0035,308,8.6506,0.6025,159,14.4746,1.0082,45
1999-05-28,14.647,15.364,1.049,183,12.7855,0.8729,490,14.8683,1.0151,803,16.2681,1.1107,801,13.2941,0.9076,255,17.0629,1.1649,649,17.9077,1.2226,1169,21.7691,1.4863,1493,14.7443,1.0066,304,8.8932,0.6072,159,14.4658,0.9876,45
1999-06-30,14.8288,15.6156,1.0531,178,12.9738,0.8749,486,15.0756,1.0166,800,16.4723,1.1108,791,13.4565,0.9075,254,17.0634,1.1507,646,17.8129,1.2012,1160,22.0392,1.4862,1477,14.8547,1.0018,296,9.2052,0.6208,158,14.3861,0.9701,45
1999-07-30,14.9228,16.1788,1.0842,179,13.289,0.8905,502,15.1176,1.0131,793,16.7821,1.1246,808,13.399,0.8979,258,18.199,1.2195,641,17.8021,1.1929,1258,22.5395,1.5104,1637,15.1255,1.0136,326,9.3461,0.6263,160,14.447,0.9681,48
1999-08-31,15.1865,16.7596,1.1036,178,13.361,0.8798,497,15.2838,1.0064,779,16.956,1.1165,803,13.3665,0.8802,257,18.5548,1.2218,632,18.0907,1.1912,1241,22.9676,1.5124,1617,15.325,1.0091,321,9.5311,0.6276,157,14.5152,0.9558,48
1999-09-30,15.1875,16.8218,1.1076,172,13.2021,0.8693,493,15.2376,1.0033,765,16.9577,1.1166,795,13.0889,0.8618,255,18.5788,1.2233,626,18.0448,1.1881,1231,23.2236,1.5291,1598,15.3372,1.0099,316,9.6805,0.6374,155,14.5072,0.9552,47
1999-10-29,15.0338,16.5892,1.1035,170,12.9924,0.8642,488,14.9561,0.9948,756,16.8261,1.1192,783,12.9091,0.8587,254,18.2786,1.2158,616,17.7818,1.1828,1224,23.5091,1.5637,1579,15.0309,0.9998,312,9.56,0.6359,154,14.326,0.9529,47
1999-11-30,14.1743,16.138,1.1385,169,12.4251,0.8766,485,14.087,0.9938,752,15.8379,1.1174,777,11.8394,0.8353,249,17.3272,1.2224,612,17.1702,1.2114,1206,22.5973,1.5942,1559,14.6113,1.0308,305,9.4925,0.6697,152,13.8965,0.9804,47
1999-12-31,13.5528,16.0135,1.1816,168,11.9381,0.8809,479,13.2569,0.9782,744,14.9814,1.1054,773,11.3152,0.8349,245,16.9208,1.2485,596,15.842,1.1689,1189,22.1254,1.6325,1536,14.352,1.059,301,9.5199,0.7024,150,12.7309,0.9394,47
2000-01-31,13.2801,15.8393,1.1927,166,11.4174,0.8597,473,12.755,0.9605,738,14.7806,1.113,758,11.2882,0.85,242,16.948,1.2762,590,15.8151,1.1909,1176,21.4879,1.6181,1513,14.2136,1.0703,300,8.9535,0.6742,150,10.9663,0.8258,47
2000-02-29,13.1932,16.0101,1.2135,164,11.3521,0.8604,472,12.5718,0.9529,730,14.7238,1.116,754,11.2527,0.8529,240,16.7704,1.2711,586,15.8094,1.1983,1164,21.5296,1.6319,1494,14.2488,1.08,298,9.0848,0.6886,148,10.6694,0.8087,46
2000-03-31,13.4037,16.2693,1.2138,164,11.8051,0.8807,466,12.6695,0.9452,724,14.9309,1.1139,747,11.3712,0.8484,238,17.2464,1.2867,580,16.3209,1.2176,1156,21.7295,1.6212,1473,14.4145,1.0754,294,9.3327,0.6963,145,10.8382,0.8086,46
2000-04-28,13.585,16.4462,1.2106,163,11.9197,0.8774,465,13.0209,0.9585,714,15.3165,1.1275,742,11.5133,0.8475,237,17.6464,1.299,578,16.6537,1.2259,1135,22.2201,1.6356,1456,14.5757,1.0729,288,9.5257,0.7012,143,10.9345,0.8049,44
2000-05-31,13.7706,16.9107,1.228,162,12.4701,0.9056,464,13.6033,0.9878,705,15.9712,1.1598,736,12.0198,0.8729,237,17.9091,1.3005,575,16.6877,1.2118,1123,22.1494,1.6084,1438,14.9207,1.0835,286,9.9995,0.7261,139,10.985,0.7977,44
2000-06-30,14.1526,17.2812,1.2211,161,13.2669,0.9374,462,14.055,0.9931,698,16.6414,1.1758,731,14.5807,1.0302,232,19.3771,1.3691,570,17.4593,1.2336,1120,23.2688,1.6441,1423,15.0682,1.0647,282,10.2659,0.7254,138,11.0607,0.7815,43
2000-07-31,15.687,17.2807,1.1016,167,13.7622,0.8773,458,14.9388,0.9523,714,18.0205,1.1488,769,15.2129,0.9698,235,19.1392,1.2201,606,18.7138,1.193,1173,25.784,1.6437,1771,16.2634,1.0367,340,10.7197,0.6833,139,11.2079,0.7145,46
2000-08-31,16.1643,17.2703,1.0684,166,13.9115,0.8606,452,15.371,0.9509,707,18.2567,1.1294,760,15.3727,0.951,235,18.965,1.1733,603,19.1783,1.1865,1159,27.1378,1.6789,1758,16.8134,1.0402,334,11.1215,0.688,138,11.3137,0.6999,45
2000-09-29,16.1539,17.4741,1.0817,165,13.7939,0.8539,449,15.406,0.9537,702,18.2913,1.1323,750,15.5324,0.9615,231,19.1939,1.1882,596,19.4326,1.203,1153,27.3471,1.6929,1742,16.734,1.0359,328,11.5947,0.7178,137,12.5583,0.7774,45
2000-10-31,16.2608,17.4847,1.0753,163,13.8684,0.8529,440,15.9882,0.9832,698,18.3721,1.1298,741,15.616,0.9603,229,19.5171,1.2003,588,19.6895,1.2109,1146,27.786,1.7088,1719,16.8818,1.0382,328,11.8639,0.7296,131,12.3618,0.7602,44
2000-11-30,15.6082,17.4695,1.1193,163,13.5394,0.8675,434,15.4526,0.99,687,18.0022,1.1534,728,15.1089,0.968,218,19.2016,1.2302,582,18.9452,1.2138,1132,27.219,1.7439,1692,16.4025,1.0509,324,11.9176,0.7636,130,11.9931,0.7684,44
2000-12-29,15.2748,17.4076,1.1396,162,13.3344,0.873,428,15.1532,0.992,676,17.7572,1.1625,715,15.061,0.986,218,19.0394,1.2465,569,18.6129,1.2185,1116,27.2673,1.7851,1678,16.363,1.0712,319,12.567,0.8227,126,11.5618,0.7569,44
2001-01-31,15.4924,17.6845,1.1415,160,13.4145,0.8659,423,15.3028,0.9878,672,18.3993,1.1876,702,14.9796,0.9669,213,18.7392,1.2096,557,19.0032,1.2266,1104,28.1933,1.8198,1659,17.3161,1.1177,314,12.603,0.8135,124,11.0619,0.714,44
2001-02-28,15.7669,17.6971,1.1224,158,13.5653,0.8604,417,15.4549,0.9802,661,18.7828,1.1913,690,14.9987,0.9513,207,19.0509,1.2083,553,18.9677,1.203,1089,29.3456,1.8612,1642,17.4632,1.1076,306,12.6206,0.8004,122,11.0017,0.6978,44
2001-03-30,16.4001,18.1639,1.1075,156,13.9002,0.8476,414,15.8968,0.9693,657,18.9795,1.1573,681,15.45,0.9421,207,18.8918,1.1519,548,19.1023,1.1648,1078,31.46,1.9183,1621,18.4492,1.1249,302,13.2096,0.8055,122,10.9442,0.6673,44
2001-04-30,16.2924,18.1814,1.1159,152,13.9303,0.855,412,15.6297,0.9593,651,19.0627,1.17,673,15.65,0.9606,202,19.0026,1.1663,544,18.8477,1.1568,1072,31.7048,1.946,1600,18.6968,1.1476,298,14.6486,0.8991,120,10.8391,0.6653,44
2001-05-31,16.1089,17.6603,1.0963,152,13.6473,0.8472,409,15.2033,0.9438,640,18.8499,1.1702,663,14.3623,0.8916,200,18.3781,1.1409,537,18.6739,1.1592,1060,32.2957,2.0048,1572,18.737,1.1632,288,14.4842,0.8991,120,10.7001,0.6642,43
2001-06-29,16.8263,17.7041,1.0522,150,13.8983,0.826,404,15.7178,0.9341,629,18.8642,1.1211,654,13.9244,0.8275,197,18.449,1.0964,533,19.2446,1.1437,1051,33.5759,1.9954,1544,19.591,1.1643,282,14.6918,0.8731,119,10.8421,0.6444,43
2001-07-31,16.3696,17.7348,1.0834,168,13.4936,0.8243,401,15.4864,0.946,646,18.0282,1.1013,660,13.4186,0.8197,195,17.9766,1.0982,576,18.6642,1.1402,1076,33.7737,2.0632,1654,19.3171,1.1801,290,14.8685,0.9083,123,10.8279,0.6615,43
2001-08-31,16.0766,17.5943,1.0944,167,13.5404,0.8422,399,15.2798,0.9504,643,17.8381,1.1096,655,13.2106,0.8217,192,17.8673,1.1114,572,18.1195,1.1271,1065,33.4887,2.0831,1625,19.05,1.185,282,14.6665,0.9123,123,10.714,0.6664,42
2001-09-28,15.9948,17.4825,1.093,162,13.5189,0.8452,396,15.3082,0.9571,635,17.7872,1.1121,641,13.0938,0.8186,190,17.7068,1.107,569,17.8822,1.118,1054,33.384,2.0872,1581,19.0204,1.1892,274,14.8552,0.9287,123,10.7098,0.6696,42
2001-10-31,16.0329,17.2665,1.0769,160,13.7534,0.8578,394,14.9814,0.9344,629,17.8074,1.1107,635,13.0005,0.8109,190,17.5067,1.0919,566,17.7015,1.1041,1048,33.5385,2.0919,1563,19.0644,1.1891,272,15.3214,0.9556,123,9.7623,0.6089,40
2001-11-30,15.9347,17.1144,1.074,159,13.6972,0.8596,391,14.8653,0.9329,622,17.5913,1.104,631,13.0037,0.8161,186,17.1025,1.0733,564,17.2693,1.0838,1041,33.3605,2.0936,1547,18.9178,1.1872,271,15.4574,0.97,122,9.7021,0.6089,40
2001-12-31,16.7746,17.6325,1.0511,157,15.6883,0.9352,387,17.3134,1.0321,612,19.2863,1.1497,621,13.2225,0.7882,184,17.1938,1.025,560,17.9556,1.0704,1027,34.0279,2.0285,1524,19.3327,1.1525,265,15.2951,0.9118,121,10.8465,0.6466,40
2002-01-31,16.6405,17.6237,1.0591,156,15.6761,0.942,385,17.3733,1.044,607,18.8933,1.1354,617,13.0317,0.7831,179,16.9027,1.0158,558,17.2486,1.0365,1014,34.191,2.0547,1507,18.6237,1.1192,262,15.3021,0.9196,121,10.6805,0.6418,40
2002-02-28,16.4932,18.2291,1.1053,153,15.6408,0.9483,383,17.35,1.0519,603,18.6666,1.1318,608,12.9475,0.785,178,16.573,1.0048,556,17.1728,1.0412,998,33.7972,2.0492,1492,18.4573,1.1191,258,15.5054,0.9401,120,10.6849,0.6478,40
2002-03-28,16.158,17.9901,1.1134,153,15.4527,0.9564,381,17.1298,1.0601,594,18.4853,1.144,602,12.5592,0.7773,177,16.2664,1.0067,554,16.9429,1.0486,988,32.8558,2.0334,1482,17.7822,1.1005,250,15.6921,0.9712,118,10.7959,0.6681,39
2002-04-30,15.6981,17.6078,1.1217,152,15.3697,0.9791,377,17.0008,1.083,589,18.0386,1.1491,596,11.8534,0.7551,175,15.1967,0.9681,553,16.5743,1.0558,977,31.668,2.0173,1472,17.1719,1.0939,244,14.4699,0.9218,118,10.632,0.6773,39
2002-05-31,15.7813,17.5381,1.1113,151,15.4314,0.9778,371,17.0929,1.0831,585,17.6277,1.117,591,11.6466,0.738,173,15.2508,0.9664,547,16.7203,1.0595,969,31.228,1.9788,1454,17.4086,1.1031,241,14.5139,0.9197,117,10.6014,0.6718,39
2002-06-28,14.9528,17.1853,1.1493,151,14.755,0.9868,369,16.4099,1.0974,583,17.0886,1.1428,586,10.3774,0.694,173,13.9821,0.9351,546,15.5976,1.0431,964,29.7545,1.9899,1436,16.4189,1.098,237,14.0753,0.9413,117,10.3417,0.6916,39
2002-07-31,14.0154,17.1194,1.2215,151,14.3687,1.0252,359,15.8662,1.1321,588,16.4593,1.1744,593,9.7069,0.6926,177,13.3492,0.9525,579,14.6625,1.0462,994,27.7464,1.9797,1467,16.5288,1.1793,244,13.7101,0.9782,117,10.1654,0.7253,38
2002-08-30,14.0031,17.0007,1.2141,146,14.2963,1.0209,355,15.8324,1.1306,587,16.4331,1.1735,590,9.7312,0.6949,176,13.7521,0.9821,571,14.6321,1.0449,990,27.4714,1.9618,1456,16.4925,1.1778,242,14.1221,1.0085,116,10.1466,0.7246,38
2002-09-30,14.3082,16.8657,1.1787,146,14.4638,1.0109,351,16.0948,1.1249,580,16.6395,1.1629,587,9.9597,0.6961,175,14.6511,1.024,568,14.735,1.0298,982,27.7453,1.9391,1426,17.1697,1.2,239,13.8888,0.9707,115,10.2127,0.7138,38
2002-10-31,15.6112,19.3437,1.2391,145,15.7097,1.0063,349,16.8251,1.0778,578,17.6603,1.1313,583,11.876,0.7607,175,16.9092,1.0832,566,16.2935,1.0437,974,28.3131,1.8136,1413,19.4787,1.2477,237,16.8883,1.0818,115,10.5208,0.6739,37
2002-11-29,16.2756,19.9798,1.2276,141,16.1033,0.9894,348,17.3653,1.067,572,17.9555,1.1032,578,12.0246,0.7388,173,17.6253,1.0829,561,17.0401,1.047,969,28.792,1.769,1390,20.6839,1.2709,236,17.2131,1.0576,115,10.8125,0.6643,36
2002-12-31,16.3231,20.1467,1.2342,140,15.7176,0.9629,344,16.4972,1.0107,569,17.4311,1.0679,575,12.287,0.7527,173,17.822,1.0918,560,17.2496,1.0568,963,28.3108,1.7344,1378,20.9332,1.2824,232,17.7745,1.0889,115,10.2232,0.6263,35
2003-01-31,16.6943,20.2408,1.2124,139,16.3409,0.9788,341,16.8248,1.0078,568,17.7363,1.0624,571,12.6047,0.755,172,17.992,1.0777,557,17.6641,1.0581,959,28.6377,1.7154,1361,21.4534,1.2851,227,19.3333,1.1581,115,10.7211,0.6422,35
2003-02-28,16.8366,19.8388,1.1783,139,16.606,0.9863,335,17.1028,1.0158,565,17.7731,1.0556,565,12.8092,0.7608,172,17.954,1.0664,553,17.8581,1.0607,947,28.6447,1.7013,1346,21.7604,1.2924,224,19.659,1.1676,114,10.7368,0.6377,35
2003-03-31,16.6931,19.4595,1.1657,139,16.5486,0.9913,332,17.0019,1.0185,560,17.8785,1.071,563,12.7391,0.7631,171,17.937,1.0745,548,17.805,1.0666,946,27.9565,1.6747,1332,21.8306,1.3078,221,19.6239,1.1756,114,10.5336,0.631,35
2003-04-30,16.6849,19.607,1.1751,138,16.5635,0.9927,328,16.9292,1.0146,555,17.8401,1.0692,560,12.6025,0.7553,170,17.8609,1.0705,537,17.6951,1.0605,934,27.5631,1.652,1309,21.9597,1.3161,219,19.4644,1.1666,113,10.4326,0.6253,35
2003-05-30,16.5721,19.5045,1.1769,137,16.3113,0.9843,327,16.7734,1.0121,548,17.6702,1.0663,557,12.5769,0.7589,168,17.8063,1.0745,532,17.5457,1.0587,931,26.973,1.6276,1299,21.8166,1.3165,219,19.5008,1.1767,112,10.4142,0.6284,35
2003-06-30,16.8247,19.4502,1.156,136,16.6258,0.9882,324,17.066,1.0143,546,18.2015,1.0818,551,12.8272,0.7624,168,17.9332,1.0659,531,17.7007,1.0521,926,26.5558,1.5784,1287,22.3056,1.3258,217,19.5422,1.1615,112,10.4456,0.6208,34
2003-07-31,16.7268,19.0818,1.1408,144,16.5952,0.9921,326,17.0228,1.0177,550,18.2994,1.094,558,12.917,0.7722,171,17.8744,1.0686,531,17.7203,1.0594,976,26.0034,1.5546,1270,22.1155,1.3222,216,19.5222,1.1671,112,10.3186,0.6169,27
2003-08-29,16.7363,19.0015,1.1353,143,16.6479,0.9947,323,17.1273,1.0234,547,18.424,1.1008,555,13.0137,0.7776,170,17.8445,1.0662,521,17.8567,1.0669,970,25.531,1.5255,1256,22.2117,1.3272,215,19.5773,1.1698,111,10.4005,0.6214,24
2003-09-30,16.651,18.7732,1.1275,142,16.6245,0.9984,319,17.0584,1.0245,545,18.3558,1.1024,551,12.9056,0.7751,169,17.3765,1.0436,517,17.8709,1.0733,963,24.9413,1.4979,1238,22.002,1.3214,214,19.4308,1.1669,111,10.3844,0.6237,24
2003-10-31,15.6076,16.6211,1.0649,142,15.6729,1.0042,318,16.245,1.0408,543,17.5928,1.1272,547,11.7581,0.7534,168,15.5873,0.9987,516,16.862,1.0804,961,23.5928,1.5116,1225,20.5122,1.3142,213,17.4355,1.1171,110,9.7242,0.623,24
2003-11-28,15.185,16.0725,1.0584,141,15.5075,1.0212,317,15.977,1.0522,539,17.3872,1.145,543,11.6571,0.7677,167,14.9032,0.9814,515,16.4854,1.0856,957,22.9935,1.5142,1212,19.8034,1.3041,211,17.128,1.128,110,9.6163,0.6333,24
2003-12-31,14.3769,15.1106,1.051,141,14.1899,0.987,316,14.7176,1.0237,535,16.0281,1.1149,538,10.9683,0.7629,167,14.2316,0.9899,514,15.3708,1.0691,947,22.2829,1.5499,1200,18.9741,1.3198,210,16.3468,1.137,110,8.8071,0.6126,23
2004-01-30,13.7877,14.3891,1.0436,140,13.4037,0.9722,312,13.9726,1.0134,531,15.2699,1.1075,533,10.466,0.7591,167,14.1566,1.0268,513,14.612,1.0598,941,21.1442,1.5336,1189,18.4475,1.338,207,14.5412,1.0547,110,8.1155,0.5886,23
2004-02-27,13.4544,13.7199,1.0197,138,13.0975,0.9735,311,13.6483,1.0144,530,14.8896,1.1067,530,10.213,0.7591,164,14.1254,1.0499,510,14.2393,1.0583,931,20.5395,1.5266,1179,17.9591,1.3348,207,13.8969,1.0329,110,8.0584,0.5989,23
2004-03-31,13.1663,13.597,1.0327,136,12.8953,0.9794,311,13.3872,1.0168,530,14.4059,1.0941,528,10.0648,0.7644,163,14.0182,1.0647,507,13.9594,1.0602,924,19.8381,1.5067,1169,17.3407,1.317,207,13.5672,1.0304,110,8.0388,0.6106,23
2004-04-30,12.7236,12.8164,1.0073,136,12.3612,0.9715,308,13.0073,1.0223,528,14.1641,1.1132,527,9.7244,0.7643,161,13.7482,1.0805,507,13.4316,1.0556,920,19.1719,1.5068,1157,16.7184,1.314,206,12.9072,1.0144,110,8.1792,0.6428,23
2004-05-28,12.4152,12.7317,1.0255,136,12.1426,0.978,306,12.7729,1.0288,524,13.8634,1.1166,523,9.4027,0.7574,160,13.4942,1.0869,505,13.0491,1.0511,908,18.7667,1.5116,1150,16.1966,1.3046,205,12.4294,1.0011,110,8.1249,0.6544,23
2004-06-30,12.0688,12.8392,1.0638,134,12.0571,0.999,304,12.4595,1.0324,523,13.3417,1.1055,517,9.1118,0.755,159,13.2688,1.0994,503,12.5327,1.0384,898,18.4447,1.5283,1146,15.5375,1.2874,204,12.2293,1.0133,110,8.185,0.6782,22
2004-07-30,11.9568,12.9338,1.0817,143,12.1657,1.0175,307,12.4367,1.0401,540,13.174,1.1018,540,8.8119,0.737,161,13.1203,1.0973,555,12.4013,1.0372,958,18.2615,1.5273,1178,14.9221,1.248,224,12.2865,1.0276,111,8.6006,0.7193,25
2004-08-31,11.7523,13.1751,1.1211,139,12.414,1.0563,305,12.3566,1.0514,540,13.0485,1.1103,535,8.8552,0.7535,160,12.7192,1.0823,553,12.3351,1.0496,939,17.7345,1.509,1170,14.6529,1.2468,223,12.1777,1.0362,111,8.9715,0.7634,25
2004-09-30,11.4209,13.328,1.167,139,12.3741,1.0835,305,12.2092,1.069,537,12.7239,1.1141,528,8.6079,0.7537,160,11.952,1.0465,549,11.9112,1.0429,934,17.2651,1.5117,1162,14.1275,1.237,220,12.0993,1.0594,111,8.8637,0.7761,25
2004-10-29,10.6849,12.1999,1.1418,138,11.9345,1.1169,303,11.7772,1.1022,533,12.178,1.1397,528,8.0204,0.7506,158,10.8744,1.0177,549,11.0334,1.0326,926,16.5206,1.5462,1160,12.7208,1.1905,219,10.6948,1.0009,111,8.32,0.7787,25
2004-11-30,10.4206,12.1024,1.1614,138,11.9029,1.1422,301,11.6537,1.1183,531,12.0086,1.1524,523,7.9635,0.7642,157,10.5978,1.017,549,10.7106,1.0278,918,16.3393,1.568,1151,12.1263,1.1637,218,10.4131,0.9993,111,8.2651,0.7931,25
2004-12-31,9.8306,11.8313,1.2035,138,11.3063,1.1501,300,11.1011,1.1292,528,11.2158,1.1409,516,7.8623,0.7998,157,10.2038,1.038,548,10.0184,1.0191,912,15.6283,1.5898,1142,11.4915,1.1689,216,9.8213,0.9991,111,8.0548,0.8194,24
2005-01-31,9.5413,11.7466,1.2311,138,11.0317,1.1562,297,10.7173,1.1233,525,10.7903,1.1309,511,7.7219,0.8093,156,10.2133,1.0704,545,9.8909,1.0366,906,15.0954,1.5821,1135,11.1732,1.171,214,9.0092,0.9442,109,7.8296,0.8206,24
2005-02-28,9.384,11.9262,1.2709,138,10.9017,1.1617,292,10.5455,1.1238,524,10.7615,1.1468,510,7.6602,0.8163,155,9.9666,1.0621,542,9.7539,1.0394,890,14.7746,1.5744,1129,10.8828,1.1597,214,8.7273,0.93,109,7.9139,0.8433,24
2005-03-31,9.201,12.3492,1.3422,138,10.7797,1.1716,290,10.453,1.1361,522,10.3251,1.1222,508,7.6565,0.8321,154,10.0944,1.0971,541,9.5762,1.0408,880,14.2439,1.5481,1122,10.3834,1.1285,213,8.7842,0.9547,109,8.0192,0.8716,24
2005-04-29,8.955,12.1814,1.3603,137,10.6925,1.194,287,10.3708,1.1581,517,10.1125,1.1293,503,7.5108,0.8387,153,10.0208,1.119,540,9.2635,1.0345,873,13.759,1.5365,1120,9.72,1.0854,212,8.4981,0.949,109,8.6051,0.9609,24
2005-05-31,8.928,12.532,1.4037,137,10.7585,1.205,286,10.4142,1.1665,514,10.0211,1.1224,497,7.495,0.8395,153,10.1151,1.133,538,9.2364,1.0345,871,13.6054,1.5239,1113,9.3022,1.0419,208,8.5431,0.9569,109,9.0167,1.0099,24
2005-06-30,8.3627,12.7891,1.5293,136,10.1808,1.2174,284,9.9155,1.1857,510,9.4319,1.1279,494,7.0973,0.8487,153,9.7083,1.1609,535,8.8265,1.0555,864,12.9357,1.5468,1102,8.4076,1.0054,207,8.6964,1.0399,109,9.0389,1.0809,24
2005-07-29,8.4846,13.766,1.6225,151,10.6116,1.2507,298,10.367,1.2219,527,9.5862,1.1298,521,7.1279,0.8401,155,9.5867,1.1299,578,8.8421,1.0421,935,12.8996,1.5204,1149,8.426,0.9931,231,8.8556,1.0437,113,9.8128,1.1565,27
2005-08-31,8.288,14.1902,1.7121,150,10.5252,1.2699,297,10.1621,1.2261,525,9.378,1.1315,516,6.9483,0.8384,154,9.3299,1.1257,571,8.5648,1.0334,931,12.693,1.5315,1140,7.9671,0.9613,230,8.5343,1.0297,113,9.737,1.1748,27
2005-09-30,8.1586,14.506,1.778,148,10.5343,1.2912,296,9.9783,1.223,518,9.3786,1.1495,511,6.8998,0.8457,153,9.1459,1.121,568,8.4484,1.0355,929,12.2646,1.5033,1129,7.7764,0.9532,224,8.5933,1.0533,113,9.7003,1.189,25
2005-10-31,7.9526,14.5257,1.8265,148,10.4143,1.3095,294,9.8666,1.2407,515,9.2013,1.157,505,6.7552,0.8494,153,8.9558,1.1261,564,8.3384,1.0485,927,11.687,1.4696,1119,7.4721,0.9396,224,8.6375,1.0861,113,10.0534,1.2642,25
2005-11-30,7.8501,14.8588,1.8928,147,10.3091,1.3132,290,9.755,1.2427,512,9.2395,1.177,498,6.6396,0.8458,150,8.7764,1.118,560,8.2382,1.0494,925,11.2213,1.4294,1110,7.3689,0.9387,222,8.8566,1.1282,113,10.3679,1.3207,25
2005-12-30,7.7448,15.4493,1.9948,147,10.3831,1.3406,290,9.6754,1.2493,510,9.3666,1.2094,493,6.6131,0.8539,150,8.4674,1.0933,554,8.1446,1.0516,923,10.7344,1.386,1101,7.2666,0.9383,218,9.4102,1.215,112,10.7732,1.391,25
2006-01-31,7.854,16.7563,2.1335,145,10.4062,1.325,289,9.8777,1.2577,504,9.5825,1.2201,490,6.6497,0.8467,149,8.3943,1.0688,553,7.9847,1.0166,913,10.5822,1.3474,1095,7.3867,0.9405,217,10.3097,1.3127,112,11.453,1.4582,24
2006-02-28,7.8143,17.0872,2.1866,144,10.3793,1.3282,288,9.8572,1.2614,504,9.5723,1.225,487,6.55,0.8382,147,8.3105,1.0635,547,8.0289,1.0275,903,10.384,1.3288,1084,7.3639,0.9424,215,10.2531,1.3121,112,11.6267,1.4879,24
2006-03-31,7.748,17.2456,2.2258,144,10.2721,1.3258,288,9.798,1.2646,501,9.5007,1.2262,480,6.5234,0.8419,147,8.1865,1.0566,544,8.0091,1.0337,898,10.1812,1.314,1072,7.2622,0.9373,212,10.2702,1.3255,112,12.1494,1.5681,24
2006-04-28,7.7796,17.3714,2.2329,144,10.3567,1.3313,288,9.8423,1.2651,497,9.4912,1.22,477,6.5515,0.8421,146,8.0489,1.0346,541,8.0734,1.0378,891,10.2688,1.32,1067,7.2366,0.9302,210,10.2762,1.3209,112,12.0501,1.5489,24
2006-05-31,7.7281,17.5048,2.2651,143,10.3895,1.3444,286,9.7605,1.263,495,9.3783,1.2135,476,6.4677,0.8369,145,7.947,1.0283,535,8.0167,1.0373,885,10.2007,1.3199,1060,7.1303,0.9226,210,10.2282,1.3235,111,12.1639,1.574,24
2006-06-30,7.564,17.4053,2.3011,142,10.3126,1.3634,285,9.6738,1.2789,493,9.2461,1.2224,474,6.3667,0.8417,143,7.6883,1.0164,531,7.8282,1.0349,880,10.0253,1.3254,1052,6.8552,0.9063,207,10.1193,1.3378,110,12.3012,1.6263,24
2006-07-31,7.1994,16.9977,2.361,167,9.804,1.3618,293,9.2039,1.2784,525,8.8687,1.2319,505,6.2017,0.8614,152,7.5626,1.0504,576,7.5586,1.0499,934,9.5335,1.3242,1093,6.5927,0.9157,224,10.0813,1.4003,113,12.0236,1.6701,26
2006-08-31,7.5391,17.2486,2.2879,165,10.4396,1.3847,292,9.7255,1.29,523,8.9711,1.1899,501,6.4135,0.8507,152,7.8652,1.0433,573,7.8213,1.0374,927,9.808,1.301,1086,6.8565,0.9095,218,10.1892,1.3515,113,12.4015,1.645,25
2006-09-29,7.7437,17.6415,2.2782,164,10.7906,1.3935,292,9.9789,1.2887,520,9.03,1.1661,498,6.4763,0.8363,152,7.9876,1.0315,572,8.1085,1.0471,922,9.9924,1.2904,1079,6.9556,0.8982,217,10.2374,1.322,112,12.7642,1.6483,25
2006-10-31,7.8358,17.7432,2.2644,164,11.272,1.4385,290,10.5809,1.3503,516,9.2761,1.1838,495,6.4406,0.8219,151,7.874,1.0049,572,8.1998,1.0465,920,10.1226,1.2918,1075,7.3009,0.9317,216,10.0816,1.2866,112,13.9963,1.7862,24
2006-11-30,7.7978,17.6126,2.2587,163,11.2609,1.4441,288,10.7286,1.3759,515,9.2539,1.1867,491,6.3595,0.8156,150,7.7719,0.9967,571,8.1468,1.0448,912,10.1277,1.2988,1064,7.2658,0.9318,215,10.0232,1.2854,112,14.7951,1.8973,24
2006-12-29,7.7025,17.7261,2.3013,163,11.24,1.4593,288,10.6861,1.3874,510,9.2459,1.2004,483,6.1261,0.7953,150,7.653,0.9936,564,8.0962,1.0511,905,10.1275,1.3148,1059,7.2057,0.9355,213,9.6641,1.2547,112,14.8813,1.932,24
2007-01-31,7.4852,16.9992,2.271,162,11.1408,1.4884,286,10.5711,1.4123,507,9.0703,1.2118,482,5.9638,0.7967,148,7.1941,0.9611,559,7.8342,1.0466,897,10.0017,1.3362,1049,7.0163,0.9374,211,8.8528,1.1827,112,14.8175,1.9796,23
2007-02-28,7.5223,16.8956,2.2461,161,11.1636,1.4841,283,10.6154,1.4112,506,9.0144,1.1984,479,5.9751,0.7943,146,7.4339,0.9883,553,7.8144,1.0388,890,10.0995,1.3426,1035,7.0232,0.9336,206,8.7849,1.1678,112,14.8609,1.9756,23
2007-03-30,7.4469,16.8954,2.2688,161,11.1257,1.494,282,10.4516,1.4035,502,8.9959,1.208,477,5.8917,0.7912,146,7.2085,0.968,551,7.7961,1.0469,880,10.037,1.3478,1027,7.0527,0.9471,206,8.6252,1.1582,111,14.4726,1.9434,23
2007-04-30,7.3696,16.9692,2.3026,160,11.0772,1.5031,279,10.4472,1.4176,501,9.0118,1.2228,475,5.7962,0.7865,146,7.0918,0.9623,549,7.724,1.0481,875,9.8533,1.337,1019,7.0906,0.9621,202,8.6228,1.1701,111,14.4941,1.9667,23
2007-05-31,7.8456,16.7903,2.1401,160,11.4684,1.4618,274,10.6958,1.3633,497,9.4276,1.2016,475,6.3429,0.8085,143,7.2222,0.9205,543,8.2656,1.0535,867,10.2466,1.306,1006,7.9847,1.0177,201,8.831,1.1256,110,14.439,1.8404,23
2007-06-29,8.0393,16.7585,2.0846,160,11.6222,1.4457,272,10.8396,1.3483,494,9.625,1.1972,471,6.5136,0.8102,142,7.2907,0.9069,542,8.6157,1.0717,864,10.3778,1.2909,995,8.1467,1.0133,199,8.8068,1.0955,109,14.5334,1.8078,22
2007-07-31,7.9354,16.3147,2.0559,175,11.3692,1.4327,293,10.6702,1.3446,513,9.5531,1.2039,488,6.3719,0.803,145,7.27,0.9162,585,8.4817,1.0688,911,10.1786,1.2827,1045,8.0546,1.015,216,8.5811,1.0814,110,14.3777,1.8119,26
2007-08-31,7.8281,15.8385,2.0233,174,10.9631,1.4005,292,10.413,1.3302,511,9.3918,1.1997,487,6.2915,0.8037,144,7.3107,0.9339,579,8.2963,1.0598,903,10.0784,1.2875,1035,8.0439,1.0276,215,9.1475,1.1685,109,14.1415,1.8065,26
2007-09-28,7.8152,15.625,1.9993,174,10.7098,1.3704,291,10.2688,1.314,506,9.2687,1.186,481,6.3168,0.8083,142,7.4105,0.9482,573,8.3256,1.0653,896,9.9243,1.2699,1023,8.1117,1.0379,213,9.5241,1.2187,108,14.4582,1.85,26
2007-10-31,8.5907,16.3344,1.9014,174,11.1117,1.2935,289,10.4158,1.2124,504,9.7552,1.1356,478,6.7653,0.7875,142,7.7984,0.9078,570,9.6371,1.1218,890,10.1129,1.1772,1010,8.6479,1.0067,212,10.8928,1.268,108,14.5449,1.6931,26
2007-11-30,9.3454,16.6733,1.7841,174,12.1715,1.3024,288,11.1765,1.1959,498,10.5173,1.1254,471,7.1506,0.7651,142,8.0746,0.864,565,10.8213,1.1579,883,10.5382,1.1276,998,9.4486,1.0111,211,11.5519,1.2361,107,15.2638,1.6333,26
2007-12-31,9.4938,16.2138,1.7078,173,12.3927,1.3053,285,11.3335,1.1938,493,10.6201,1.1186,464,7.2028,0.7587,141,8.2119,0.865,557,11.0252,1.1613,879,10.5928,1.1158,990,9.5754,1.0086,206,11.6726,1.2295,106,15.6344,1.6468,26
2008-01-31,9.8641,16.1595,1.6382,173,12.8722,1.305,281,11.6041,1.1764,488,10.8845,1.1035,461,7.4611,0.7564,141,8.2619,0.8376,554,11.9018,1.2066,870,10.9519,1.1103,980,9.9167,1.0053,204,11.6048,1.1765,106,15.7871,1.6005,26
2008-02-29,10.5392,16.6303,1.5779,173,13.8792,1.3169,280,12.0439,1.1428,487,11.436,1.0851,461,7.7822,0.7384,141,8.4866,0.8052,549,13.3846,1.27,866,11.8557,1.1249,972,10.7707,1.022,202,11.8714,1.1264,105,16.3792,1.5541,26
2008-03-31,10.998,16.6597,1.5148,171,14.54,1.3221,279,12.635,1.1488,484,11.8165,1.0744,459,8.0936,0.7359,140,8.6956,0.7907,545,14.1528,1.2868,856,12.3554,1.1234,969,11.0261,1.0026,200,12.119,1.1019,105,17.2147,1.5653,26
2008-04-30,11.7305,17.2368,1.4694,168,15.6174,1.3313,277,13.4224,1.1442,480,12.8901,1.0989,458,8.8412,0.7537,140,9.3087,0.7935,540,15.576,1.3278,849,13.2893,1.1329,961,11.9687,1.0203,199,12.9918,1.1075,105,18.371,1.5661,26
2008-05-30,12.0368,17.6684,1.4679,167,15.9417,1.3244,274,13.7076,1.1388,476,13.3431,1.1085,455,8.8832,0.738,139,9.4194,0.7826,533,16.2849,1.3529,843,13.492,1.1209,955,12.263,1.0188,197,13.3443,1.1086,105,18.7526,1.5579,25
2008-06-30,12.6083,18.5943,1.4748,166,16.9236,1.3423,274,14.2598,1.131,470,13.8746,1.1004,451,9.0218,0.7155,138,9.7334,0.772,524,17.442,1.3834,839,14.0036,1.1107,946,12.747,1.011,195,13.5895,1.0778,105,19.3898,1.5379,25
2008-07-31,12.7538,18.8096,1.4748,182,17.0978,1.3406,295,14.4152,1.1303,491,14.0989,1.1055,462,9.0847,0.7123,150,9.8272,0.7705,561,17.7708,1.3934,870,14.2769,1.1194,989,12.9973,1.0191,206,13.5646,1.0636,106,19.6761,1.5428,27
2008-08-29,12.7872,18.8482,1.474,182,17.1085,1.3379,293,14.4124,1.1271,490,14.2535,1.1147,456,9.0986,0.7115,150,9.7598,0.7632,555,18.0035,1.4079,861,14.3496,1.1222,981,13.1013,1.0246,204,13.3813,1.0465,105,19.8819,1.5548,27
2008-09-30,13.0997,18.8812,1.4413,180,17.5767,1.3418,291,15.0397,1.1481,487,14.9884,1.1442,453,9.4394,0.7206,149,9.9996,0.7633,550,18.8457,1.4386,857,14.7558,1.1264,970,13.6333,1.0407,203,13.4227,1.0247,105,20.1829,1.5407,27
2008-10-31,13.2126,19.7893,1.4978,180,17.7881,1.3463,289,15.2934,1.1575,486,15.3317,1.1604,449,9.4136,0.7125,148,9.9495,0.753,546,20.8862,1.5808,851,14.8735,1.1257,958,13.9511,1.0559,202,13.0219,0.9856,104,21.4758,1.6254,27
2008-11-28,13.3785,20.1937,1.5094,180,17.846,1.3339,288,15.3787,1.1495,481,15.5715,1.1639,446,9.5063,0.7106,147,10.0938,0.7545,539,21.7547,1.6261,841,15.0091,1.1219,949,14.3748,1.0745,200,13.0182,0.9731,104,21.4615,1.6042,27
2008-12-31,17.1389,24.4742,1.428,177,22.1764,1.2939,286,18.6418,1.0877,479,17.3668,1.0133,443,11.4728,0.6694,146,12.1783,0.7106,537,28.5896,1.6681,835,18.0998,1.0561,938,17.7525,1.0358,197,15.9287,0.9294,104,25.8925,1.5107,26
2009-01-30,21.3863,33.0641,1.546,176,27.3951,1.281,285,22.7333,1.063,476,20.9719,0.9806,442,15.2413,0.7127,145,15.8264,0.74,531,33.0919,1.5473,828,21.2779,0.9949,932,22.8743,1.0696,196,20.7743,0.9714,103,30.8894,1.4444,26
2009-02-27,25.1499,36.9098,1.4676,176,31.7287,1.2616,283,26.7927,1.0653,474,23.6227,0.9393,439,17.4618,0.6943,144,18.5559,0.7378,524,38.5021,1.5309,818,24.4552,0.9724,930,26.6176,1.0584,195,23.3416,0.9281,103,39.0541,1.5529,26
2009-03-31,25.764,37.7184,1.464,176,32.4701,1.2603,283,27.497,1.0673,470,24.2899,0.9428,436,17.8384,0.6924,143,19.0427,0.7391,520,39.6536,1.5391,813,25.1521,0.9763,924,27.281,1.0589,193,24.0345,0.9329,102,41.0965,1.5951,26
2009-04-30,26.3706,38.196,1.4484,175,33.1486,1.257,280,28.2224,1.0702,469,24.4383,0.9267,434,18.0094,0.6829,142,19.0821,0.7236,512,42.1063,1.5967,809,25.9475,0.984,918,27.8045,1.0544,191,23.9418,0.9079,102,43.1259,1.6354,24
2009-05-29,27.0252,38.8349,1.437,174,34.1124,1.2622,277,29.2193,1.0812,464,24.7914,0.9173,431,18.4714,0.6835,142,19.9541,0.7384,509,43.6336,1.6145,805,26.585,0.9837,908,28.3775,1.05,188,24.5434,0.9082,102,44.396,1.6428,23
2009-06-30,27.719,39.2716,1.4168,172,34.8954,1.2589,277,30.1905,1.0892,461,25.2611,0.9113,430,18.9417,0.6833,141,20.2862,0.7318,500,45.7734,1.6513,802,27.2882,0.9845,903,29.354,1.059,187,25.0349,0.9032,102,46.0769,1.6623,22
2009-07-31,28.188,39.5671,1.4037,174,35.6213,1.2637,275,30.8189,1.0933,464,25.5743,0.9073,429,19.1662,0.6799,144,20.3853,0.7232,506,47.2736,1.6771,814,27.5221,0.9764,904,29.8126,1.0576,188,25.1342,0.8917,103,48.4409,1.7185,20
2009-08-31,28.4186,39.8327,1.4016,174,36.2084,1.2741,273,31.3011,1.1014,462,25.667,0.9032,428,19.3617,0.6813,144,20.4586,0.7199,502,47.8947,1.6853,811,27.7102,0.9751,894,29.913,1.0526,187,25.3154,0.8908,103,49.4284,1.7393,20
2009-09-30,28.5516,39.7975,1.3939,173,36.4203,1.2756,272,31.3875,1.0993,457,25.5893,0.8962,426,19.4901,0.6826,143,20.6244,0.7224,498,48.0457,1.6828,806,27.7665,0.9725,890,30.0665,1.0531,187,25.4785,0.8924,103,49.702,1.7408,20
2009-10-30,28.6239,39.7117,1.3874,173,36.7674,1.2845,270,31.5243,1.1013,456,25.5224,0.8916,426,19.4419,0.6792,141,20.654,0.7216,493,47.8369,1.6712,799,27.8298,0.9723,889,30.1676,1.0539,186,25.4351,0.8886,103,50.0068,1.747,20
2009-11-30,28.6095,39.5888,1.3838,172,36.8175,1.2869,269,31.5585,1.1031,455,25.3777,0.887,425,19.3675,0.677,141,20.6324,0.7212,488,47.7435,1.6688,793,27.8462,0.9733,882,30.0719,1.0511,185,25.2899,0.884,102,,,19
2009-12-31,27.3832,38.2055,1.3952,169,35.5787,1.2993,267,30.6515,1.1194,449,24.4685,0.8936,424,18.8017,0.6866,141,19.9658,0.7291,483,45.3155,1.6549,787,26.6404,0.9729,876,29.0991,1.0627,180,24.3146,0.8879,102,,,19
2010-01-29,25.6342,33.7805,1.3178,168,33.4578,1.3052,266,29.0618,1.1337,448,22.7967,0.8893,423,17.0585,0.6655,138,18.4039,0.7179,477,43.893,1.7123,781,25.18,0.9823,872,26.7543,1.0437,176,21.7817,0.8497,102,,,19
2010-02-26,22.8635,30.3043,1.3254,168,30.4252,1.3307,266,26.5026,1.1592,446,20.4335,0.8937,421,15.28,0.6683,138,16.3246,0.714,473,40.5091,1.7718,775,22.6484,0.9906,864,23.9052,1.0456,174,19.7474,0.8637,102,,,18
2010-03-31,22.2936,29.2689,1.3129,168,29.781,1.3359,265,25.8957,1.1616,444,19.8163,0.8889,418,14.9618,0.6711,138,15.9966,0.7175,470,39.6416,1.7782,772,21.8822,0.9815,855,23.3943,1.0494,172,19.1155,0.8574,102,,,18
2010-04-30,21.4154,28.3674,1.3246,165,28.8255,1.346,265,24.9886,1.1669,442,18.8773,0.8815,415,14.4071,0.6727,134,15.7763,0.7367,465,37.0454,1.7298,768,21.0312,0.9821,852,22.3656,1.0444,171,18.715,0.8739,102,,,18
2010-05-28,20.2374,26.8341,1.326,164,27.4381,1.3558,264,23.538,1.1631,439,18.0762,0.8932,414,13.513,0.6677,134,14.5527,0.7191,465,34.652,1.7123,763,19.9747,0.987,841,21.397,1.0573,171,17.4683,0.8632,102,,,18
2010-06-30,19.3852,26.0241,1.3425,163,26.538,1.369,262,22.5695,1.1643,438,17.3695,0.896,414,13.0044,0.6708,134,14.0451,0.7245,463,32.3957,1.6712,756,19.0394,0.9822,838,20.1691,1.0404,169,16.8532,0.8694,102,,,18
2010-07-30,18.9857,25.476,1.3419,174,25.9055,1.3645,282,22.1923,1.1689,458,17.1051,0.9009,423,12.8179,0.6751,144,13.9771,0.7362,494,30.544,1.6088,773,18.8621,0.9935,875,19.7829,1.042,173,16.779,0.8838,103,,,18
2010-08-31,19.6381,25.8282,1.3152,172,26.0546,1.3267,280,22.7742,1.1597,457,17.8901,0.911,422,13.2664,0.6755,142,14.7441,0.7508,485,30.3842,1.5472,759,19.5335,0.9947,865,20.2519,1.0313,171,17.1781,0.8747,103,,,18
2010-09-30,19.5716,25.6072,1.3084,172,25.7697,1.3167,278,22.7262,1.1612,456,17.8455,0.9118,420,13.1529,0.672,142,14.4577,0.7387,482,30.1024,1.5381,758,19.552,0.999,859,20.2184,1.0331,170,17.0961,0.8735,103,,,18
2010-10-29,19.6735,25.3644,1.2893,169,25.6859,1.3056,277,22.7602,1.1569,453,18.0379,0.9169,419,13.2012,0.671,141,14.596,0.7419,479,29.8677,1.5182,756,19.6425,0.9984,854,20.2444,1.029,170,17.1439,0.8714,102,,,18
2010-11-30,19.6902,25.1979,1.2797,168,25.6321,1.3018,277,22.8481,1.1604,450,18.0163,0.915,417,13.2554,0.6732,141,14.8812,0.7558,474,29.467,1.4965,751,19.7015,1.0006,844,20.1121,1.0214,168,17.2311,0.8751,102,,,18
2010-12-31,18.6688,23.9455,1.2827,167,24.3853,1.3062,276,22.0274,1.1799,446,17.3709,0.9305,415,12.746,0.6827,141,14.4143,0.7721,469,27.5523,1.4758,747,18.734,1.0035,834,19.1679,1.0267,168,16.419,0.8795,102,,,18
2011-01-31,17.2714,20.5764,1.1914,164,22.4982,1.3026,273,20.6059,1.1931,443,16.0368,0.9285,413,11.4869,0.6651,141,13.2323,0.7661,462,26.0439,1.5079,741,17.7724,1.029,820,17.5004,1.0133,168,14.5916,0.8448,100,,,18
2011-02-28,15.4968,18.4634,1.1914,164,20.5554,1.3264,270,18.8966,1.2194,440,14.6815,0.9474,412,10.367,0.669,141,11.8845,0.7669,459,23.7287,1.5312,734,16.267,1.0497,815,15.5589,1.004,168,13.0886,0.8446,100,,,18
2011-03-31,15.1429,17.8822,1.1809,162,20.0084,1.3213,270,18.4736,1.22,437,14.2819,0.9431,411,10.0752,0.6653,141,11.6578,0.7699,455,23.263,1.5362,733,15.7711,1.0415,808,15.1942,1.0034,168,12.6293,0.834,98,,,18
2011-04-29,14.4169,17.1395,1.1889,162,19.0814,1.3235,267,17.7434,1.2307,435,13.9357,0.9666,407,9.5689,0.6637,139,11.3098,0.7845,452,21.399,1.4843,730,14.8805,1.0322,802,14.463,1.0032,166,12.2274,0.8481,98,,,18
2011-05-31,13.7395,16.2098,1.1798,161,18.2292,1.3268,266,17.0124,1.2382,429,13.648,0.9933,405,8.919,0.6491,138,10.609,0.7722,448,19.8049,1.4415,724,14.3981,1.0479,793,14.0067,1.0195,164,11.3474,0.8259,98,,,18
2011-06-30,13.4985,16.1176,1.194,161,17.9103,1.3268,266,16.6703,1.235,424,13.3473,0.9888,402,8.8299,0.6541,136,10.608,0.7859,446,18.6621,1.3825,720,14.19,1.0512,788,13.506,1.0006,164,11.2259,0.8316,98,,,17
2011-07-29,12.7611,15.8738,1.2439,166,17.1354,1.3428,278,15.8536,1.2423,430,12.7195,0.9967,413,8.4897,0.6653,136,10.3081,0.8078,465,16.8793,1.3227,742,13.5913,1.0651,823,12.7174,0.9966,167,10.8844,0.8529,99,,,19
2011-08-31,11.8076,14.9663,1.2675,165,15.8954,1.3462,277,14.5344,1.2309,427,11.7933,0.9988,411,7.7827,0.6591,136,9.6537,0.8176,465,15.5127,1.3138,735,12.829,1.0865,815,11.892,1.0072,166,9.8751,0.8363,99,,,19
2011-09-30,11.4287,14.6045,1.2779,164,15.283,1.3372,277,13.9721,1.2225,426,11.4644,1.0031,409,7.6409,0.6686,136,9.4627,0.828,463,14.9751,1.3103,735,12.5264,1.096,809,11.4145,0.9988,166,9.2698,0.8111,99,,,19
2011-10-31,12.225,15.6862,1.2831,163,16.1604,1.3219,276,14.9628,1.224,426,12.089,0.9889,408,8.1787,0.669,136,10.2933,0.842,462,15.3777,1.2579,732,13.2776,1.0861,804,12.1798,0.9963,164,9.6472,0.7891,98,,,19
2011-11-30,14.786,18.2979,1.2375,163,18.4036,1.2447,274,17.5985,1.1902,424,14.3465,0.9703,407,9.7221,0.6575,135,12.3112,0.8326,458,19.2115,1.2993,727,15.6713,1.0599,798,14.549,0.984,164,11.4609,0.7751,98,,,19
2011-12-30,15.812,19.8201,1.2535,162,20.076,1.2697,273,18.8979,1.1952,417,15.1677,0.9592,406,10.4762,0.6625,135,13.1767,0.8333,455,20.6466,1.3058,720,16.419,1.0384,793,15.3744,0.9723,163,12.0784,0.7639,97,,,19
2012-01-31,16.3514,20.5164,1.2547,159,20.906,1.2785,272,19.4919,1.1921,416,15.3905,0.9412,402,10.7685,0.6586,133,13.5322,0.8276,453,21.8396,1.3356,715,16.8919,1.0331,788,15.7576,0.9637,161,12.3267,0.7539,96,,,19
2012-02-29,16.8374,20.9838,1.2463,158,21.3902,1.2704,271,19.9714,1.1861,416,15.7331,0.9344,400,11.1208,0.6605,132,13.9118,0.8262,451,22.4476,1.3332,709,17.4337,1.0354,781,16.225,0.9636,160,12.6068,0.7487,95,,,18
2012-03-30,17.063,21.4169,1.2552,157,21.7471,1.2745,270,20.276,1.1883,415,15.9614,0.9354,397,11.2032,0.6566,132,14.0821,0.8253,446,22.8274,1.3378,707,17.6529,1.0346,773,16.4262,0.9627,160,12.7834,0.7492,95,,,18
2012-04-30,16.9288,21.1969,1.2521,156,21.5518,1.2731,270,20.1775,1.1919,414,15.8076,0.9338,396,11.1224,0.657,132,13.9806,0.8259,443,22.7467,1.3437,704,17.4643,1.0316,768,16.2881,0.9622,160,12.6217,0.7456,93,,,18
2012-05-31,16.8171,21.1608,1.2583,156,21.3634,1.2703,270,19.9508,1.1863,412,15.6919,0.9331,393,11.0782,0.6588,130,13.9186,0.8276,439,22.6533,1.347,702,17.3357,1.0308,764,16.1296,0.9591,160,12.5304,0.7451,92,,,18
2012-06-29,16.7802,21.0333,1.2535,155,21.3056,1.2697,269,19.9318,1.1878,411,15.6448,0.9323,389,11.0229,0.6569,129,13.885,0.8275,438,22.7596,1.3563,698,17.3047,1.0313,760,16.0575,0.9569,160,12.4157,0.7399,91,,,17
2012-07-31,16.7167,20.8386,1.2466,166,21.2367,1.2704,267,19.83,1.1862,419,15.6864,0.9384,402,10.9797,0.6568,132,13.8169,0.8265,451,22.7189,1.3591,710,17.2711,1.0332,800,16.0065,0.9575,169,12.2681,0.7339,91,,,19
2012-08-31,16.4566,20.4663,1.2437,165,20.8559,1.2673,264,19.4868,1.1841,416,15.5514,0.945,398,10.7831,0.6552,132,13.6324,0.8284,451,22.568,1.3714,706,17.0576,1.0365,795,15.7385,0.9564,166,11.919,0.7243,90,,,19
2012-09-28,16.4792,20.6988,1.2561,162,20.8937,1.2679,264,19.4552,1.1806,416,15.498,0.9405,395,10.7211,0.6506,131,13.6752,0.8298,442,22.6323,1.3734,704,17.1177,1.0387,788,15.6738,0.9511,166,11.763,0.7138,90,,,19
2012-10-31,16.0403,20.288,1.2648,162,20.33,1.2674,262,18.9643,1.1823,413,15.0049,0.9355,394,10.4498,0.6515,130,13.2832,0.8281,438,22.2652,1.3881,697,16.7548,1.0445,786,15.1973,0.9474,164,11.405,0.711,90,,,19
2012-11-30,14.1827,18.5558,1.3083,158,18.6296,1.3135,261,16.9127,1.1925,407,13.226,0.9325,391,9.37,0.6607,129,11.6821,0.8237,437,19.7724,1.3941,691,15.0216,1.0591,781,13.3047,0.9381,164,9.9129,0.6989,90,,,19
2012-12-31,13.2536,17.4246,1.3147,157,17.323,1.307,260,15.7342,1.1872,404,12.4137,0.9366,389,8.7747,0.6621,129,10.8753,0.8206,436,18.5647,1.4007,689,14.3764,1.0847,777,12.4746,0.9412,162,9.2473,0.6977,90,,,19
2013-01-31,12.6185,16.6886,1.3226,156,16.4023,1.2999,257,15.0149,1.1899,403,12.0648,0.9561,388,8.5129,0.6746,128,10.5924,0.8394,430,17.2652,1.3682,682,13.8667,1.0989,769,12.0303,0.9534,162,8.9652,0.7105,89,,,19
2013-02-28,12.0846,16.136,1.3353,156,15.6216,1.2927,256,14.4982,1.1997,402,11.7655,0.9736,384,8.2125,0.6796,127,10.262,0.8492,428,16.573,1.3714,681,13.3623,1.1057,768,11.4654,0.9488,161,8.7422,0.7234,89,,,19
2013-03-28,11.8031,15.7511,1.3345,156,15.1865,1.2867,256,14.1495,1.1988,400,11.5379,0.9775,380,8.156,0.691,126,10.0987,0.8556,427,16.0274,1.3579,676,13.1324,1.1126,765,11.2131,0.95,160,8.5985,0.7285,89,,,19
2013-04-30,11.7726,15.753,1.3381,156,15.0813,1.2811,255,14.1063,1.1982,400,11.4627,0.9737,378,8.249,0.7007,125,10.1644,0.8634,423,15.8922,1.3499,673,13.062,1.1095,759,11.2265,0.9536,160,8.6156,0.7318,89,,,19
2013-05-31,11.9037,15.8497,1.3315,154,15.2364,1.28,255,14.2023,1.1931,396,11.4952,0.9657,376,8.3945,0.7052,124,10.2727,0.863,422,16.0137,1.3453,667,13.1235,1.1025,752,11.2815,0.9477,160,8.7716,0.7369,89,,,18
2013-06-28,11.7666,15.5587,1.3223,152,14.9792,1.273,253,13.977,1.1879,395,11.4333,0.9717,373,8.3847,0.7126,124,10.2102,0.8677,421,15.7977,1.3426,663,12.9613,1.1015,748,11.1565,0.9482,158,8.6778,0.7375,89,,,18
2013-07-31,11.9411,15.8581,1.328,156,15.423,1.2916,260,14.2979,1.1974,405,11.4789,0.9613,384,8.6648,0.7256,129,10.5428,0.8829,459,15.8961,1.3312,682,13.1861,1.1043,780,11.2217,0.9398,159,8.8017,0.7371,88,17.1662,1.4376,20
2013-08-30,11.6976,15.5532,1.3296,155,15.0671,1.2881,259,13.8918,1.1876,403,11.1669,0.9546,381,8.8377,0.7555,129,10.7405,0.9182,458,15.475,1.3229,677,12.87,1.1002,776,11.1174,0.9504,155,9.0385,0.7727,88,16.3277,1.3958,20
2013-09-30,11.6535,15.1532,1.3003,154,14.8817,1.277,258,13.7748,1.182,401,11.0749,0.9503,381,9.2214,0.7913,127,10.9257,0.9375,456,15.3602,1.3181,677,12.5882,1.0802,771,11.3223,0.9716,152,9.4938,0.8147,88,16.2886,1.3977,20
2013-10-31,11.2254,14.5374,1.295,153,14.3673,1.2799,258,13.2251,1.1781,400,10.6553,0.9492,380,9.0085,0.8025,126,10.5079,0.9361,455,14.9998,1.3362,675,12.1265,1.0803,765,10.887,0.9699,151,9.3901,0.8365,88,15.625,1.3919,20
2013-11-29,10.3139,13.5739,1.3161,152,13.5043,1.3093,256,12.2276,1.1856,398,9.86,0.956,378,8.5762,0.8315,126,9.931,0.9629,449,13.7285,1.3311,674,11.2813,1.0938,760,10.0055,0.9701,151,8.7739,0.8507,88,14.2954,1.386,20
2013-12-31,9.7534,12.7002,1.3021,151,12.6372,1.2957,255,11.5464,1.1838,392,9.4394,0.9678,377,8.3006,0.851,124,9.556,0.9798,448,12.843,1.3168,669,10.8248,1.1098,753,9.5437,0.9785,151,8.6164,0.8834,88,13.3372,1.3674,20
2014-01-31,9.397,12.0898,1.2866,150,11.9299,1.2695,255,11.0923,1.1804,391,9.3092,0.9907,376,8.2085,0.8735,124,9.4344,1.004,447,12.0658,1.284,667,10.4334,1.1103,749,9.3009,0.9898,149,8.5417,0.909,87,,,19
2014-02-28,8.8344,11.4841,1.2999,150,11.3508,1.2848,255,10.4992,1.1884,391,8.9496,1.013,374,7.9385,0.8986,124,9.1086,1.031,442,11.1966,1.2674,664,9.8681,1.117,745,9.0141,1.0203,149,8.2368,0.9323,87,,,19
2014-03-31,8.6328,11.18,1.2951,150,11.1036,1.2862,252,10.3039,1.1936,389,8.7383,1.0122,371,7.9569,0.9217,124,9.0545,1.0488,439,10.8141,1.2527,662,9.6424,1.1169,735,8.7816,1.0172,149,8.1957,0.9494,87,,,19
2014-04-30,9.0976,11.3957,1.2526,148,11.5154,1.2658,250,10.8173,1.189,389,9.2701,1.019,371,8.3023,0.9126,124,9.5868,1.0538,438,11.3054,1.2427,661,9.9433,1.093,734,9.3645,1.0293,148,8.291,0.9113,87,,,19
2014-05-30,9.0622,11.2871,1.2455,147,11.3676,1.2544,249,10.7319,1.1842,387,9.2795,1.024,369,8.3434,0.9207,124,9.7295,1.0736,437,11.228,1.239,658,9.8938,1.0918,731,9.3992,1.0372,148,8.3298,0.9192,87,,,19
2014-06-30,9.0485,11.2755,1.2461,147,11.3337,1.2526,245,10.6791,1.1802,387,9.262,1.0236,367,8.2748,0.9145,123,9.9367,1.0982,435,11.0888,1.2255,654,10.0011,1.1053,730,9.4012,1.039,148,8.3532,0.9232,87,,,19
2014-07-31,9.0349,10.7211,1.1866,164,10.8771,1.2039,254,10.3746,1.1483,408,9.3096,1.0304,382,8.0475,0.8907,129,10.3118,1.1413,537,11.0473,1.2227,678,10.19,1.1278,786,9.5598,1.0581,160,8.2729,0.9157,88,11.7848,1.3044,20
2014-08-29,8.8291,10.475,1.1864,164,10.6398,1.2051,253,10.154,1.1501,408,9.1454,1.0358,377,7.8209,0.8858,129,10.093,1.1432,535,10.6981,1.2117,675,10.0478,1.138,783,9.3686,1.0611,157,8.2168,0.9306,88,11.4375,1.2954,20
2014-09-30,8.3296,9.9547,1.1951,164,10.0808,1.2102,253,9.7005,1.1646,407,8.7248,1.0474,374,7.29,0.8752,128,9.7544,1.1711,533,10.1947,1.2239,674,9.5802,1.1501,782,8.9318,1.0723,156,7.9152,0.9503,87,,,19
2014-10-31,8.4379,10.2591,1.2158,163,10.0158,1.187,252,9.6412,1.1426,407,8.7872,1.0414,373,7.4464,0.8825,128,9.9378,1.1778,530,10.2579,1.2157,672,9.6176,1.1398,780,9.1475,1.0841,154,8.0813,0.9577,87,,,19
2014-11-28,8.3309,10.2924,1.2355,161,9.842,1.1814,252,9.5365,1.1447,406,8.6927,1.0434,372,7.3735,0.8851,127,9.9049,1.1889,529,10.0894,1.2111,669,9.4539,1.1348,774,9.0413,1.0853,153,8.1637,0.9799,87,,,19
2014-12-31,8.4485,10.5354,1.247,160,9.861,1.1672,252,9.6169,1.1383,404,8.7795,1.0392,370,7.381,0.8736,127,9.9714,1.1802,524,10.1142,1.1972,665,9.6565,1.143,772,9.1333,1.0811,152,8.2367,0.9749,87,,,19
2015-01-30,8.8278,11.569,1.3105,159,10.4045,1.1786,251,10.2596,1.1622,403,9.0333,1.0233,368,7.4335,0.8421,127,10.2981,1.1666,523,10.513,1.1909,663,10.081,1.142,765,9.4135,1.0663,150,8.4747,0.96,87,,,19
2015-02-27,8.6471,13.2732,1.535,158,10.3344,1.1951,250,10.1439,1.1731,403,8.9573,1.0359,366,7.3371,0.8485,126,10.2417,1.1844,520,10.1912,1.1786,659,9.9325,1.1486,760,9.3372,1.0798,150,8.5248,0.9859,87,,,19
2015-03-31,8.8535,14.1122,1.594,157,10.6318,1.2009,250,10.329,1.1667,399,9.0993,1.0278,363,7.4654,0.8432,126,10.7217,1.211,517,10.4166,1.1766,655,10.1401,1.1453,755,9.4484,1.0672,150,8.9643,1.0125,87,,,19
2015-04-30,8.9821,15.1786,1.6899,155,10.7462,1.1964,248,10.4288,1.1611,399,9.155,1.0193,361,7.6114,0.8474,125,10.623,1.1827,515,10.8054,1.203,651,10.4213,1.1602,750,9.43,1.0499,150,9.2003,1.0243,87,,,19
2015-05-29,8.8357,15.1048,1.7095,155,10.5488,1.1939,247,10.2725,1.1626,399,9.0366,1.0227,361,7.51,0.85,124,10.6648,1.207,513,10.6338,1.2035,647,10.342,1.1705,746,9.3462,1.0578,148,9.8622,1.1162,87,,,19
2015-06-30,8.9957,15.2684,1.6973,154,10.6646,1.1855,246,10.3981,1.1559,399,9.2015,1.0229,360,7.9221,0.8807,124,10.7974,1.2003,509,10.7373,1.1936,647,10.4943,1.1666,741,9.5445,1.061,148,10.1901,1.1328,87,,,19
2015-07-31,8.7265,15.0717,1.7271,157,10.2218,1.1714,249,10.0199,1.1482,417,8.9883,1.03,374,7.7361,0.8865,121,10.5645,1.2106,595,10.3401,1.1849,686,10.2471,1.1742,777,9.3012,1.0659,153,10.2559,1.1753,88,10.8647,1.245,23
2015-08-31,8.6536,15.0907,1.7439,153,10.1485,1.1728,247,9.947,1.1495,416,8.8705,1.0251,370,7.6496,0.884,120,10.4488,1.2075,594,10.2376,1.183,681,10.2443,1.1838,770,9.164,1.059,152,10.198,1.1785,88,10.7454,1.2417,23
2015-09-30,8.6758,14.9863,1.7274,153,10.1204,1.1665,247,9.8866,1.1396,412,8.9129,1.0273,367,7.6248,0.8789,120,10.5352,1.2143,592,10.303,1.1875,679,10.262,1.1828,767,9.1225,1.0515,152,10.0823,1.1621,88,10.7205,1.2357,23
2015-10-30,8.731,15.3287,1.7557,152,10.3439,1.1847,244,9.9814,1.1432,408,9.0176,1.0328,366,7.5628,0.8662,120,10.8877,1.247,590,10.3458,1.1849,677,10.3455,1.1849,764,9.477,1.0854,152,10.0728,1.1537,88,10.7066,1.2263,23
2015-11-30,10.1239,16.9007,1.6694,150,11.5632,1.1422,243,10.8944,1.0761,403,10.202,1.0077,364,8.5958,0.8491,120,12.1054,1.1957,585,11.8445,1.17,673,11.6988,1.1556,755,10.6765,1.0546,152,11.0619,1.0927,88,11.5566,1.1415,23
2015-12-31,10.5109,17.5846,1.673,149,12.0878,1.15,242,11.1638,1.0621,402,10.5872,1.0073,364,8.9623,0.8527,120,13.229,1.2586,582,12.2192,1.1625,668,11.9454,1.1365,752,10.9342,1.0403,152,11.3343,1.0783,88,11.866,1.1289,23
2016-01-29,10.3299,17.5251,1.6965,149,11.7898,1.1413,240,10.9538,1.0604,401,10.5126,1.0177,361,8.8865,0.8603,120,13.2394,1.2817,580,12.1215,1.1734,661,11.7401,1.1365,748,10.7758,1.0432,148,11.1576,1.0801,87,11.5866,1.1217,23
2016-02-29,10.3925,16.9866,1.6345,141,11.8187,1.1372,238,10.9614,1.0547,400,10.7492,1.0343,359,9.0207,0.868,119,13.3271,1.2824,578,12.2276,1.1766,655,11.8153,1.1369,741,10.7317,1.0326,148,11.4872,1.1053,87,11.6533,1.1213,23
2016-03-31,10.6443,17.1657,1.6127,140,11.8987,1.1178,236,11.0533,1.0384,398,10.9878,1.0323,358,9.2609,0.87,118,13.5959,1.2773,574,12.5619,1.1802,652,12.0124,1.1285,735,11.0325,1.0365,146,11.5088,1.0812,87,11.969,1.1245,22
2016-04-29,11.1451,18.3293,1.6446,138,12.4086,1.1134,235,11.5195,1.0336,395,11.3775,1.0209,358,9.3348,0.8376,116,14.048,1.2605,574,13.0861,1.1742,647,12.6711,1.1369,732,11.4282,1.0254,146,11.8018,1.0589,86,12.9094,1.1583,22
2016-05-31,11.4476,18.8138,1.6435,137,12.7664,1.1152,233,11.8128,1.0319,393,11.7528,1.0267,353,9.3834,0.8197,116,14.2106,1.2414,573,13.7692,1.2028,645,13.147,1.1484,729,11.6697,1.0194,144,11.6772,1.0201,85,13.8267,1.2078,22
2016-06-30,11.4219,19.1277,1.6746,135,12.832,1.1234,233,11.8217,1.035,389,11.6514,1.0201,351,9.2996,0.8142,115,14.3032,1.2523,568,13.7416,1.2031,638,13.0284,1.1406,723,11.5526,1.0114,140,11.6663,1.0214,85,14.0073,1.2263,22
2016-07-29,11.358,19.3216,1.7011,131,12.8969,1.1355,244,11.8992,1.0477,397,11.5952,1.0209,361,9.4756,0.8343,118,14.1087,1.2422,624,13.9121,1.2249,659,12.8449,1.1309,737,11.4711,1.01,145,11.7879,1.0378,87,14.131,1.2441,22
2016-08-31,11.4026,19.4804,1.7084,131,13.0011,1.1402,244,11.9084,1.0444,395,11.787,1.0337,360,9.6326,0.8448,118,14.2304,1.248,616,13.9892,1.2268,654,12.873,1.129,732,11.5373,1.0118,143,11.9287,1.0461,84,14.1686,1.2426,22
2016-09-30,11.8624,19.8536,1.6737,131,13.7227,1.1568,243,12.6963,1.0703,395,11.939,1.0065,359,9.8134,0.8273,117,14.4128,1.215,612,15.1031,1.2732,647,13.4868,1.1369,724,11.6948,0.9859,142,11.9151,1.0044,84,15.5993,1.315,22
2016-10-31,11.8435,19.8995,1.6802,129,13.7178,1.1583,241,12.7682,1.0781,394,11.9123,1.0058,354,9.7744,0.8253,116,14.1943,1.1985,607,15.1705,1.2809,642,13.5002,1.1399,717,11.416,0.9639,141,11.7941,0.9958,83,15.9624,1.3478,22
2016-11-30,10.9601,19.0286,1.7362,129,12.9895,1.1852,241,12.1159,1.1055,394,11.1314,1.0156,352,9.0556,0.8262,114,13.4891,1.2307,602,14.3856,1.3125,640,12.5944,1.1491,710,10.613,0.9683,141,11.1654,1.0187,81,15.517,1.4158,22
2016-12-30,10.9067,19.0361,1.7454,128,12.9554,1.1878,241,12.1512,1.1141,391,11.007,1.0092,351,9.2715,0.8501,114,13.0009,1.192,598,14.2826,1.3095,639,12.5129,1.1473,699,10.6822,0.9794,141,11.6193,1.0653,81,15.6374,1.4337,22
2017-01-31,10.6837,18.4474,1.7267,128,12.7392,1.1924,241,11.8169,1.1061,387,10.8165,1.0124,350,9.1714,0.8584,114,12.7686,1.1952,594,14.0381,1.314,636,12.2769,1.1491,694,10.3747,0.9711,138,11.6316,1.0887,80,15.602,1.4604,21
2017-02-28,10.6946,18.151,1.6972,128,12.7673,1.1938,240,11.9552,1.1179,386,10.6479,0.9956,349,9.6563,0.9029,114,12.9105,1.2072,593,14.2885,1.336,635,12.2995,1.1501,691,10.4984,0.9817,136,11.6308,1.0875,79,15.6787,1.466,21
2017-03-31,10.3006,17.2344,1.6732,128,12.3281,1.1968,240,11.6225,1.1283,384,10.4162,1.0112,346,9.4457,0.917,114,12.5133,1.2148,589,13.9165,1.351,633,12.0839,1.1731,686,10.1449,0.9849,135,11.5801,1.1242,78,15.5568,1.5103,21
2017-04-28,9.4879,15.7841,1.6636,127,11.6682,1.2298,240,10.9352,1.1525,384,9.6719,1.0194,341,9.0466,0.9535,114,11.874,1.2515,585,13.2399,1.3954,628,11.1498,1.1752,683,9.3466,0.9851,135,11.269,1.1877,78,14.8853,1.5689,21
2017-05-31,9.1491,15.365,1.6794,125,11.3101,1.2362,238,10.7437,1.1743,381,9.3232,1.019,340,8.9306,0.9761,113,11.5534,1.2628,582,12.7714,1.3959,624,10.6245,1.1613,677,9.0432,0.9884,135,10.8428,1.1851,78,14.3341,1.5667,21
2017-06-30,8.9619,15.0354,1.6777,124,11.1694,1.2463,236,10.5962,1.1824,379,9.1859,1.025,340,8.7599,0.9775,112,11.2123,1.2511,581,12.6767,1.4145,618,10.4038,1.1609,674,8.8277,0.985,134,10.8006,1.2052,78,14.1106,1.5745,21
2017-07-31,8.8707,14.8151,1.6701,145,11.1557,1.2576,242,10.5503,1.1894,389,9.1199,1.0281,345,8.6386,0.9738,118,11.0608,1.2469,617,12.6075,1.4213,640,10.2731,1.1581,716,8.827,0.9951,139,10.4546,1.1786,80,14.0831,1.5876,25
2017-08-31,8.9137,14.877,1.669,144,11.1306,1.2487,242,10.6497,1.1948,389,8.9792,1.0073,343,8.4773,0.951,117,10.9419,1.2275,617,12.6517,1.4194,638,10.4361,1.1708,711,8.9327,1.0021,138,10.3358,1.1595,80,14.0759,1.5791,25
2017-09-29,8.1592,14.6359,1.7938,143,10.3187,1.2647,242,9.7813,1.1988,388,8.6095,1.0552,342,8.2517,1.0113,117,10.6174,1.3013,614,11.3531,1.3914,638,10.0283,1.2291,704,8.7014,1.0665,136,10.1599,1.2452,79,12.6596,1.5516,25
2017-10-31,8.0673,14.2082,1.7612,143,10.2052,1.265,240,9.6191,1.1924,385,8.5152,1.0555,338,8.2403,1.0214,116,10.4776,1.2988,613,11.2186,1.3906,637,9.9306,1.231,695,8.6558,1.073,135,10.1162,1.254,78,12.2689,1.5208,25
2017-11-30,7.7624,13.5888,1.7506,142,9.8517,1.2692,238,9.5095,1.2251,385,8.3058,1.07,338,7.9014,1.0179,116,10.1711,1.3103,607,10.9731,1.4136,630,9.719,1.2521,686,8.269,1.0653,134,9.5209,1.2265,78,12.3016,1.5848,24
2017-12-29,7.1679,12.9531,1.8071,140,9.164,1.2785,237,9.0003,1.2556,384,7.8575,1.0962,336,7.3453,1.0248,116,9.3709,1.3074,603,10.7363,1.4978,623,9.4032,1.3119,678,8.0682,1.1256,131,8.8819,1.2391,78,11.7555,1.64,24
2018-01-31,7.0348,12.7832,1.8171,138,8.9849,1.2772,237,8.884,1.2629,383,7.6796,1.0917,334,7.328,1.0417,114,9.0354,1.2844,598,10.6646,1.516,614,9.2982,1.3217,675,8.2511,1.1729,131,8.6574,1.2306,78,11.3525,1.6138,24
2018-02-28,6.9252,12.4525,1.7981,138,8.881,1.2824,237,8.7948,1.27,382,7.5272,1.0869,333,6.6428,0.9592,112,8.6087,1.2431,598,10.416,1.5041,610,9.2118,1.3302,673,8.1722,1.1801,130,7.911,1.1423,78,11.1933,1.6163,24
2018-03-29,6.621,12.132,1.8324,138,8.7037,1.3146,233,8.6386,1.3047,381,7.2477,1.0947,332,6.4214,0.9699,112,8.3575,1.2623,592,10.1161,1.5279,608,9.0943,1.3736,668,8.1006,1.2235,129,7.8638,1.1877,78,11.058,1.6702,24
2018-04-30,6.2731,11.4945,1.8324,138,8.3737,1.3349,232,8.2416,1.3138,379,7.0589,1.1253,331,6.2329,0.9936,109,8.1806,1.3041,589,9.6478,1.538,608,8.7191,1.3899,667,7.8208,1.2467,126,7.6984,1.2272,78,10.5881,1.6879,24
2018-05-31,8.1582,12.7462,1.5624,134,9.7221,1.1917,231,9.866,1.2093,378,8.4507,1.0359,329,7.4396,0.9119,107,9.7486,1.1949,585,10.9426,1.3413,603,10.2704,1.2589,664,9.2808,1.1376,126,8.2261,1.0083,78,10.9264,1.3393,24
2018-06-29,8.9986,12.9011,1.4337,133,10.4568,1.162,231,10.5494,1.1723,377,9.4205,1.0469,328,7.9183,0.8799,107,10.5119,1.1682,584,11.6181,1.2911,601,11.3542,1.2618,661,9.6888,1.0767,126,8.2666,0.9187,78,10.9014,1.2115,24
2018-07-31,9.2617,12.9032,1.3932,143,10.8252,1.1688,233,10.876,1.1743,387,9.6858,1.0458,341,8.5395,0.922,111,10.8077,1.1669,647,11.7065,1.264,632,11.734,1.2669,710,9.7923,1.0573,132,8.252,0.891,78,10.9324,1.1804,29
2018-08-31,9.2416,13.1912,1.4274,142,10.8156,1.1703,233,10.9155,1.1811,386,9.6073,1.0396,341,8.5132,0.9212,110,10.8044,1.1691,643,11.7517,1.2716,627,11.6761,1.2634,706,9.8002,1.0604,131,8.4653,0.916,77,10.8644,1.1756,29
2018-09-28,9.0119,13.0754,1.4509,142,10.4406,1.1585,232,10.6417,1.1809,386,9.4585,1.0496,340,8.5254,0.946,110,10.62,1.1784,641,11.1055,1.2323,626,11.3858,1.2634,701,9.8402,1.0919,131,8.5451,0.9482,77,10.1921,1.131,29
2018-10-31,9.0971,13.0611,1.4357,141,10.5879,1.1639,232,10.844,1.192,386,9.505,1.0448,339,8.5647,0.9415,110,10.7283,1.1793,639,11.152,1.2259,624,11.6408,1.2796,699,9.8413,1.0818,131,8.7923,0.9665,77,10.0389,1.1035,28
2018-11-30,9.0345,13.4797,1.492,139,10.6385,1.1775,231,10.7835,1.1936,382,9.4855,1.0499,337,8.5982,0.9517,109,10.5535,1.1681,636,11.0213,1.2199,620,11.5804,1.2818,693,9.7582,1.0801,130,8.7236,0.9656,77,10.3133,1.1416,28
2018-12-31,8.8762,13.3154,1.5001,138,10.425,1.1745,229,10.5918,1.1933,379,9.441,1.0636,335,8.5382,0.9619,108,10.4073,1.1725,633,10.8889,1.2268,616,11.5239,1.2983,691,9.6217,1.084,129,8.5558,0.9639,76,10.1472,1.1432,28
2019-01-31,10.059,14.5152,1.443,138,11.4523,1.1385,229,11.7696,1.1701,377,10.7765,1.0713,332,9.0611,0.9008,108,11.3099,1.1244,630,11.7268,1.1658,614,13.2019,1.3125,684,11.1232,1.1058,129,8.8967,0.8845,76,10.9866,1.0922,28
2019-02-28,10.4598,15.2408,1.4571,137,11.7387,1.1223,229,11.9694,1.1443,376,11.2654,1.077,330,8.8483,0.8459,108,11.447,1.0944,628,11.885,1.1363,610,13.9475,1.3334,678,11.3566,1.0857,129,8.7694,0.8384,75,11.2548,1.076,28
2019-03-29,11.6229,16.1718,1.3914,134,12.5242,1.0775,229,13.1962,1.1354,374,12.6984,1.0925,330,9.5394,0.8207,108,12.4825,1.074,626,12.8036,1.1016,609,15.1274,1.3015,670,12.0736,1.0388,129,9.7448,0.8384,74,12.7667,1.0984,28
2019-04-30,11.9585,16.4018,1.3716,132,12.8621,1.0756,229,13.6852,1.1444,371,12.9824,1.0856,329,9.8063,0.82,107,12.6743,1.0599,623,12.8914,1.078,606,15.7786,1.3194,666,12.2203,1.0219,126,9.9132,0.829,74,13.381,1.1189,28
2019-05-31,11.2976,15.8712,1.4048,132,12.3734,1.0952,226,13.0397,1.1542,370,12.4518,1.1022,327,9.4081,0.8327,106,12.0695,1.0683,619,12.0656,1.068,602,15.2347,1.3485,664,11.5762,1.0247,125,9.5861,0.8485,74,13.2235,1.1705,28
2019-06-28,11.0973,15.8929,1.4321,131,12.3043,1.1088,226,12.905,1.1629,368,12.2772,1.1063,326,9.2465,0.8332,106,11.7474,1.0586,619,11.9032,1.0726,599,15.0312,1.3545,663,11.4505,1.0318,125,9.5124,0.8572,74,13.3383,1.2019,28
2019-07-31,10.9544,15.8934,1.4509,142,12.3534,1.1277,230,12.7832,1.167,378,12.1607,1.1101,335,8.9101,0.8134,112,11.9348,1.0895,697,11.7552,1.0731,626,14.8297,1.3538,691,11.3523,1.0363,127,9.5446,0.8713,77,13.3233,1.2163,29
2019-08-30,11.2625,16.0697,1.4268,142,12.6251,1.121,228,13.1144,1.1644,377,12.4349,1.1041,335,9.1668,0.8139,112,12.1299,1.077,695,11.8969,1.0563,620,15.3419,1.3622,683,11.5757,1.0278,127,9.5721,0.8499,77,13.7032,1.2167,29
2019-09-30,11.3146,15.9805,1.4124,139,12.6484,1.1179,228,13.1308,1.1605,375,12.5286,1.1073,333,9.1662,0.8101,112,12.1696,1.0756,694,11.9427,1.0555,618,15.3646,1.3579,678,11.5223,1.0184,125,9.6555,0.8534,77,13.9573,1.2336,29
2019-10-31,11.585,16.1393,1.3931,138,12.8312,1.1076,228,13.371,1.1542,374,12.7238,1.0983,330,9.5074,0.8207,112,12.2902,1.0609,693,12.3126,1.0628,615,15.5965,1.3463,673,11.7429,1.0136,121,9.5643,0.8256,77,14.4289,1.2455,29
2019-11-29,12.1631,16.6648,1.3701,136,13.3523,1.0978,227,13.9613,1.1478,374,13.2625,1.0904,328,9.8104,0.8066,111,12.689,1.0432,691,12.9957,1.0685,615,16.1343,1.3265,665,12.1406,0.9981,120,9.7461,0.8013,76,15.1146,1.2427,29
2019-12-31,12.2803,16.8673,1.3735,134,13.5431,1.1028,227,14.1097,1.149,371,13.3464,1.0868,328,9.9306,0.8087,110,12.7802,1.0407,686,13.1206,1.0684,611,16.2101,1.32,665,12.1042,0.9857,118,9.6545,0.7862,76,15.2698,1.2434,29
2020-01-31,11.8702,16.6499,1.4027,131,13.218,1.1135,226,13.7633,1.1595,366,12.7966,1.078,327,9.6477,0.8128,110,12.406,1.0451,682,12.8474,1.0823,607,15.6037,1.3145,660,11.22,0.9452,117,9.4872,0.7992,76,15.1844,1.2792,29
2020-02-28,11.5974,16.2176,1.3984,129,12.9648,1.1179,226,13.5343,1.167,364,12.4207,1.071,327,9.5516,0.8236,109,12.2794,1.0588,676,12.6354,1.0895,602,15.0763,1.3,660,10.9651,0.9455,117,9.4298,0.8131,76,15.2081,1.3113,29
2020-03-31,10.5971,15.5296,1.4655,128,12.2041,1.1516,224,12.4054,1.1706,363,11.2504,1.0616,324,8.9503,0.8446,109,11.3775,1.0736,673,11.8411,1.1174,600,13.79,1.3013,659,10.1423,0.9571,116,8.5621,0.808,76,14.1716,1.3373,29
2020-04-30,10.6117,15.5258,1.4631,128,12.1912,1.1489,222,12.3782,1.1665,363,11.0884,1.0449,323,8.8251,0.8316,108,11.2893,1.0639,673,11.9971,1.1306,600,13.8409,1.3043,655,10.2269,0.9637,115,8.3894,0.7906,76,13.9072,1.3106,29
2020-05-29,11.8319,17.1069,1.4458,126,12.9277,1.0926,221,13.3908,1.1318,362,12.2073,1.0317,323,9.7835,0.8269,108,11.7474,0.9929,669,13.5023,1.1412,598,15.1919,1.284,651,10.981,0.9281,113,9.9661,0.8423,75,14.5398,1.2289,29
2020-06-30,21.4866,33.7743,1.5719,125,22.7025,1.0566,220,25.5371,1.1885,361,19.7969,0.9214,318,18.0071,0.8381,108,18.3128,0.8523,668,26.5284,1.2346,594,23.6894,1.1025,650,19.6249,0.9134,112,22.3511,1.0402,75,31.1746,1.4509,29
2020-07-31,22.1124,35.0698,1.586,124,23.6372,1.069,223,26.4164,1.1946,362,20.5106,0.9276,330,18.3686,0.8307,110,18.7937,0.8499,728,27.5166,1.2444,616,24.3734,1.1022,670,20.0937,0.9087,118,23.4352,1.0598,75,32.6601,1.477,32
2020-08-31,22.3254,35.7572,1.6016,121,24.053,1.0774,222,26.9077,1.2053,361,20.6203,0.9236,329,18.4956,0.8285,110,18.8855,0.8459,724,28.0678,1.2572,612,24.3987,1.0929,668,20.372,0.9125,117,23.6543,1.0595,74,34.1534,1.5298,32
2020-09-30,23.0854,37.2949,1.6155,119,25.0416,1.0847,222,28.0493,1.215,361,21.1277,0.9152,326,19.0238,0.8241,110,19.5287,0.8459,724,29.3312,1.2706,606,25.0036,1.0831,664,20.9759,0.9086,116,24.1089,1.0443,74,35.5009,1.5378,32
2020-10-30,23.131,37.7308,1.6312,117,25.1842,1.0888,221,28.116,1.2155,361,21.2534,0.9188,326,18.9942,0.8212,109,19.532,0.8444,723,29.4079,1.2714,605,25.1269,1.0863,661,21.0355,0.9094,115,24.2445,1.0481,74,35.6352,1.5406,32
2020-11-30,23.1963,37.6095,1.6214,114,25.1712,1.0851,220,28.1192,1.2122,360,21.3719,0.9213,326,18.9936,0.8188,109,19.548,0.8427,717,29.3385,1.2648,602,25.4751,1.0982,658,20.9727,0.9041,115,24.295,1.0474,74,35.7202,1.5399,32
2020-12-31,23.4958,37.9715,1.6161,112,25.5244,1.0863,220,28.337,1.206,360,21.9217,0.933,326,19.0926,0.8126,109,19.7487,0.8405,714,29.5885,1.2593,601,25.9774,1.1056,658,21.1651,0.9008,114,24.4365,1.04,74,36.1151,1.5371,32
2021-01-29,23.5462,38.1578,1.6206,112,25.5031,1.0831,220,28.3837,1.2054,358,22.0483,0.9364,324,19.2043,0.8156,109,19.713,0.8372,710,29.6508,1.2593,601,25.9735,1.1031,656,21.0288,0.8931,113,24.5581,1.043,74,36.184,1.5367,32
2021-02-26,23.6664,39.0558,1.6503,109,25.7085,1.0863,220,28.6463,1.2104,357,22.2103,0.9385,322,19.2969,0.8154,109,19.778,0.8357,707,29.9291,1.2646,600,26.0874,1.1023,654,21.1747,0.8947,113,24.7819,1.0471,74,36.4709,1.541,32
2021-03-31,23.4409,39.1626,1.6707,109,25.5574,1.0903,220,28.4124,1.2121,357,21.8876,0.9337,322,19.2289,0.8203,108,19.5056,0.8321,704,29.8575,1.2737,598,25.7483,1.0984,651,21.0853,0.8995,112,24.6572,1.0519,74,36.455,1.5552,32
2021-04-30,23.5375,39.7501,1.6888,107,25.6874,1.0913,220,28.5603,1.2134,357,22.0354,0.9362,321,19.2177,0.8165,108,19.6045,0.8329,701,29.983,1.2738,598,25.7973,1.096,648,21.3138,0.9055,112,24.7018,1.0495,74,36.8251,1.5645,32
2021-05-28,23.2391,39.9902,1.7208,106,25.531,1.0986,220,28.3809,1.2213,356,21.8461,0.9401,320,18.9087,0.8137,108,19.3912,0.8344,698,29.722,1.279,596,25.5675,1.1002,640,21.0654,0.9065,111,24.4099,1.0504,74,37.3327,1.6065,32
2021-06-30,17.9036,32.5921,1.8204,106,20.3248,1.1352,220,22.2253,1.2414,355,17.8402,0.9965,319,14.2866,0.798,108,15.5262,0.8672,698,23.0024,1.2848,594,20.9992,1.1729,636,16.4253,0.9174,109,18.3513,1.025,74,30.3648,1.696,32
2021-07-30,17.3391,31.7891,1.8334,118,19.5281,1.1262,227,21.3347,1.2304,382,17.3011,0.9978,353,13.792,0.7954,116,14.9064,0.8597,845,22.1571,1.2779,615,20.5268,1.1838,756,15.9123,0.9177,118,17.2531,0.995,73,29.1437,1.6808,32
2021-08-31,17.1318,31.2721,1.8254,118,19.2312,1.1225,226,20.8769,1.2186,382,17.2757,1.0084,351,13.5585,0.7914,116,14.706,0.8584,842,21.4762,1.2536,612,20.461,1.1943,753,15.6294,0.9123,116,16.9861,0.9915,73,27.7967,1.6225,32
2021-09-30,16.1475,30.074,1.8625,117,18.2275,1.1288,225,19.3836,1.2004,382,16.7931,1.04,351,12.8591,0.7964,116,13.9395,0.8633,840,19.8599,1.2299,608,19.828,1.2279,750,14.7266,0.912,115,16.4792,1.0205,73,26.0747,1.6148,32
2021-10-29,16.0621,30.034,1.8699,117,18.1645,1.1309,224,19.3316,1.2036,380,16.7535,1.043,350,12.7253,0.7923,116,13.8549,0.8626,839,19.9479,1.2419,605,19.5178,1.2151,748,14.6328,0.911,113,16.411,1.0217,73,26.1249,1.6265,32
2021-11-30,15.6243,30.1196,1.9277,116,17.975,1.1504,223,19.0428,1.2188,380,16.2914,1.0427,348,12.6024,0.8066,116,13.6009,0.8705,837,19.7521,1.2642,600,18.7589,1.2006,742,14.4664,0.9259,113,16.2435,1.0396,73,25.8672,1.6556,32
2021-12-31,15.3197,29.9428,1.9545,114,17.5783,1.1474,221,18.7747,1.2255,378,15.8243,1.0329,348,12.4626,0.8135,116,13.3725,0.8729,833,19.5506,1.2762,594,18.3998,1.2011,739,14.4379,0.9424,112,16.0744,1.0493,73,25.6191,1.6723,32
2022-01-31,14.8858,29.5598,1.9858,112,17.3823,1.1677,221,18.3145,1.2303,377,15.4866,1.0404,348,12.1421,0.8157,115,13.1155,0.8811,830,19.2442,1.2928,591,17.9187,1.2037,736,14.2705,0.9587,109,15.8592,1.0654,73,25.2765,1.698,32
2022-02-28,15.0457,29.0035,1.9277,112,17.4082,1.157,221,18.4314,1.225,377,15.5809,1.0356,348,12.3426,0.8203,114,12.9914,0.8635,829,19.2571,1.2799,584,18.04,1.199,735,14.5073,0.9642,109,15.8624,1.0543,73,25.4233,1.6897,32
2022-03-31,15.2548,28.905,1.8948,111,17.5829,1.1526,221,18.6073,1.2198,377,16.0604,1.0528,348,12.4655,0.8172,114,13.1282,0.8606,829,19.5031,1.2785,579,18.3936,1.2058,730,14.6071,0.9575,109,15.7902,1.0351,73,25.5534,1.6751,32
2022-04-29,15.427,28.6416,1.8566,110,17.5159,1.1354,218,18.4465,1.1957,377,16.5128,1.0704,347,12.3318,0.7994,113,13.1001,0.8492,825,19.3613,1.255,577,18.8668,1.223,726,15.1643,0.983,109,15.6628,1.0153,73,25.5243,1.6545,32
2022-05-31,15.4893,28.1275,1.8159,110,17.3783,1.122,217,18.3413,1.1841,376,16.902,1.0912,346,12.1914,0.7871,113,12.9084,0.8334,824,19.4247,1.2541,571,19.0486,1.2298,723,15.065,0.9726,107,15.5109,1.0014,73,25.2908,1.6328,32
2022-06-30,12.5797,23.4938,1.8676,109,14.2896,1.1359,216,14.4994,1.1526,375,15.0646,1.1975,345,9.801,0.7791,113,10.6058,0.8431,820,15.7827,1.2546,569,16.7207,1.3292,720,12.5815,1.0001,106,11.5093,0.9149,73,20.6978,1.6453,31
2022-07-29,13.1573,23.3502,1.7747,113,14.089,1.0708,229,14.5234,1.1038,403,16.1265,1.2257,380,9.9525,0.7564,135,11.1996,0.8512,939,15.7742,1.1989,608,17.4828,1.3288,830,13.7858,1.0478,119,11.3716,0.8643,76,20.576,1.5638,33
2022-08-31,14.2628,24.349,1.7072,112,14.6059,1.0241,225,15.0599,1.0559,402,18.3949,1.2897,379,11.1271,0.7802,134,11.8738,0.8325,936,16.0257,1.1236,605,18.8873,1.3242,826,14.2227,0.9972,118,11.2406,0.7881,76,20.8905,1.4647,33
2022-09-30,14.9328,25.4427,1.7038,112,15.0943,1.0108,225,15.3725,1.0294,402,19.3259,1.2942,378,11.142,0.7461,133,12.3512,0.8271,930,15.7868,1.0572,604,19.7499,1.3226,823,14.9212,0.9992,117,12.3337,0.8259,76,21.6135,1.4474,33
2022-10-31,15.0697,25.4465,1.6886,112,15.0327,0.9975,224,15.4125,1.0227,401,19.8024,1.3141,377,11.1531,0.7401,133,12.4373,0.8253,928,15.6925,1.0413,604,19.9966,1.3269,816,15.0587,0.9993,116,12.2417,0.8123,76,21.3974,1.4199,33
2022-11-30,15.2563,25.6962,1.6843,111,15.3927,1.0089,224,15.7099,1.0297,399,20.0047,1.3112,376,11.2719,0.7388,132,12.5704,0.8239,924,15.8637,1.0398,598,20.0356,1.3133,807,15.312,1.0037,116,12.3089,0.8068,76,21.6549,1.4194,33
2022-12-30,15.7432,26.2556,1.6677,109,15.9686,1.0143,224,16.2975,1.0352,399,20.5895,1.3078,374,11.6786,0.7418,132,12.9781,0.8244,921,16.0671,1.0206,597,20.432,1.2978,804,15.9908,1.0157,116,13.3395,0.8473,76,22.0953,1.4035,32
2023-01-31,15.9894,26.3266,1.6465,108,16.3871,1.0249,224,16.4943,1.0316,399,20.8777,1.3057,372,11.9557,0.7477,131,13.1548,0.8227,915,16.1039,1.0072,595,20.9189,1.3083,797,16.2464,1.0161,115,14.0233,0.877,75,22.6197,1.4147,32
2023-02-28,16.2363,26.0543,1.6047,108,16.7396,1.031,223,16.594,1.022,399,21.1589,1.3032,370,11.978,0.7377,131,13.3361,0.8214,904,16.0724,0.9899,593,21.268,1.3099,793,16.5462,1.0191,115,14.0718,0.8667,75,22.797,1.4041,32
2023-03-31,16.2784,26.115,1.6043,108,16.8269,1.0337,223,16.5537,1.0169,399,21.1093,1.2968,369,11.8836,0.73,130,13.4136,0.824,896,15.8785,0.9754,589,21.3179,1.3096,786,16.7988,1.032,115,14.0337,0.8621,74,22.6685,1.3926,32
2023-04-28,16.3022,25.8964,1.5885,108,16.9841,1.0418,221,16.5533,1.0154,395,21.3222,1.3079,367,12.0791,0.7409,130,13.3526,0.8191,887,15.8066,0.9696,585,21.3717,1.311,780,16.54,1.0146,115,14.1311,0.8668,74,22.5651,1.3842,32
2023-05-31,16.0779,25.6274,1.5939,108,16.8568,1.0484,221,16.268,1.0118,394,21.1263,1.314,367,11.9076,0.7406,130,13.1369,0.8171,880,15.3142,0.9525,583,21.0765,1.3109,778,16.4543,1.0234,115,14.1414,0.8796,74,22.057,1.3719,32
2023-06-30,15.9548,25.7213,1.6121,108,17.1908,1.0775,221,16.3012,1.0217,393,20.7678,1.3017,365,11.6708,0.7315,130,13.0871,0.8203,875,15.8291,0.9921,580,20.7082,1.2979,774,16.4367,1.0302,113,14.315,0.8972,74,22.0357,1.3811,32
2023-07-31,15.6034,25.3936,1.6274,113,17.0692,1.0939,227,16.1249,1.0334,412,20.2857,1.3001,376,11.4698,0.7351,135,12.716,0.8149,911,15.5785,0.9984,596,20.2712,1.2991,800,16.0348,1.0276,120,14.287,0.9156,76,21.8325,1.3992,32
2023-08-31,14.8808,24.3721,1.6378,113,16.6806,1.1209,227,15.5532,1.0452,407,18.9755,1.2752,374,10.6312,0.7144,134,12.2395,0.8225,902,15.2622,1.0256,594,19.425,1.3054,799,15.7669,1.0595,119,14.148,0.9508,76,21.2282,1.4265,32
2023-09-29,14.162,22.8488,1.6134,112,16.1943,1.1435,225,14.9405,1.055,404,18.2691,1.29,372,10.353,0.731,133,11.6011,0.8192,895,14.7108,1.0388,588,18.6632,1.3178,793,15.2387,1.076,118,13.3733,0.9443,76,20.2674,1.4311,32
2023-10-31,14.003,22.3759,1.5979,111,16.0886,1.1489,224,14.7394,1.0526,403,17.9159,1.2794,371,10.337,0.7382,133,11.4456,0.8174,887,14.5606,1.0398,587,18.4623,1.3184,789,15.2103,1.0862,117,13.3773,0.9553,76,20.3127,1.4506,32
2023-11-30,13.7565,21.9911,1.5986,111,15.7835,1.1474,223,14.4502,1.0504,401,17.6582,1.2836,368,10.1545,0.7382,133,11.1772,0.8125,877,14.3511,1.0432,587,18.276,1.3285,782,15.0126,1.0913,116,13.2808,0.9654,76,19.8511,1.443,32
2023-12-29,13.0965,21.1234,1.6129,109,15.1582,1.1574,221,13.6857,1.045,399,17.1053,1.3061,367,9.6596,0.7376,130,10.624,0.8112,866,13.8043,1.054,585,17.6984,1.3514,774,14.1327,1.0791,116,13.2476,1.0115,76,19.5667,1.494,31
2024-01-31,12.7511,20.8334,1.6339,109,14.9767,1.1745,221,13.5066,1.0593,395,16.6888,1.3088,366,9.7358,0.7635,130,10.4525,0.8197,857,13.6584,1.0712,581,17.147,1.3447,764,14.1695,1.1112,115,12.9206,1.0133,76,19.1498,1.5018,31
2024-02-29,12.4638,20.084,1.6114,109,14.6957,1.1791,220,13.2597,1.0639,395,16.4747,1.3218,364,9.5332,0.7649,130,10.692,0.8578,852,13.4116,1.076,580,16.6878,1.3389,761,13.8249,1.1092,113,12.6898,1.0181,76,19.1369,1.5354,31
2024-03-28,12.1307,19.7132,1.6251,109,14.5445,1.199,220,13.1179,1.0814,393,16.0849,1.326,363,9.6507,0.7956,128,10.6438,0.8774,842,13.2869,1.0953,580,16.1995,1.3354,757,13.4902,1.1121,112,12.7147,1.0481,76,19.1162,1.5759,31
2024-04-30,11.9144,19.2681,1.6172,109,14.3862,1.2075,219,12.8928,1.0821,393,15.7211,1.3195,358,9.4681,0.7947,126,10.4277,0.8752,835,13.0754,1.0974,578,15.9432,1.3381,752,13.1305,1.1021,111,12.7412,1.0694,76,18.9304,1.5889,31
2024-05-31,11.6198,18.9294,1.6291,108,14.3907,1.2385,218,12.7163,1.0944,390,15.2956,1.3163,358,9.3425,0.804,126,10.3453,0.8903,826,12.8116,1.1026,575,15.4894,1.333,749,12.8852,1.1089,110,12.7125,1.094,76,19.0235,1.6372,30
2024-06-28,11.1179,18.114,1.6293,107,13.8272,1.2437,217,12.1764,1.0952,387,14.8735,1.3378,355,9.1419,0.8223,126,10.0258,0.9018,815,11.5261,1.0367,571,15.0508,1.3537,747,12.468,1.1214,110,12.4911,1.1235,76,18.4376,1.6584,30
2024-07-31,11.0105,17.5557,1.5945,105,13.6181,1.2368,218,11.9251,1.0831,410,14.6114,1.327,365,9.089,0.8255,132,9.7731,0.8876,833,11.1101,1.009,588,15.0967,1.3711,764,11.8799,1.079,114,12.4693,1.1325,75,18.4383,1.6746,31
2024-08-30,10.4341,16.8381,1.6138,104,13.2496,1.2698,216,11.4871,1.1009,408,13.5941,1.3029,362,8.672,0.8311,132,9.5149,0.9119,829,10.8152,1.0365,583,14.4772,1.3875,759,11.4473,1.0971,112,12.518,1.1997,74,17.9615,1.7214,30
2024-09-30,9.8769,15.679,1.5874,103,12.7303,1.2889,214,10.947,1.1083,406,13.0768,1.324,359,8.489,0.8595,130,9.0868,0.92,823,10.3869,1.0516,580,13.9525,1.4126,752,10.8759,1.1011,108,11.9146,1.2063,74,17.533,1.7752,30
2024-10-31,10.5121,15.547,1.479,102,13.3053,1.2657,213,11.7702,1.1197,405,13.561,1.29,357,8.6583,0.8236,127,9.5562,0.9091,816,11.005,1.0469,579,14.8381,1.4115,746,10.8637,1.0334,107,12.1469,1.1555,74,18.02,1.7142,30
2024-11-29,10.5344,15.5703,1.478,100,13.3822,1.2703,212,11.7942,1.1196,403,13.5259,1.284,354,8.6358,0.8198,126,9.5092,0.9027,810,10.9475,1.0392,577,15.0219,1.426,739,10.6616,1.0121,107,12.0733,1.1461,74,17.977,1.7065,30
2024-12-31,10.1733,15.0656,1.4809,98,13.1246,1.2901,211,11.4881,1.1292,401,13.045,1.2823,354,8.1623,0.8023,126,9.211,0.9054,807,10.7024,1.052,576,14.7729,1.4521,732,10.2809,1.0106,107,11.1838,1.0993,74,17.3177,1.7023,30
2025-01-31,9.8469,14.8941,1.5126,97,12.5706,1.2766,209,11.089,1.1261,400,12.6005,1.2796,351,7.7669,0.7888,124,8.8871,0.9025,797,10.4368,1.0599,575,14.416,1.464,731,9.7637,0.9915,105,10.8836,1.1053,73,16.9977,1.7262,30
2025-02-28,9.7339,14.5918,1.4991,96,12.3531,1.2691,206,11.0602,1.1363,399,12.453,1.2793,348,7.9055,0.8122,124,9.0237,0.927,796,10.5889,1.0878,574,14.2231,1.4612,726,9.5848,0.9847,105,10.8418,1.1138,73,16.6498,1.7105,29
2025-03-31,9.8449,14.4998,1.4728,96,12.3164,1.251,205,10.9443,1.1117,397,12.768,1.2969,346,7.7004,0.7822,123,8.9855,0.9127,786,10.699,1.0868,573,14.1827,1.4406,718,9.7509,0.9905,103,10.973,1.1146,73,16.8959,1.7162,29
2025-04-30,9.8781,14.3502,1.4527,96,12.2162,1.2367,205,10.9661,1.1101,395,12.637,1.2793,346,8.0368,0.8136,123,9.1129,0.9225,781,10.858,1.0992,569,14.5757,1.4756,714,9.7952,0.9916,102,11.3243,1.1464,73,17.0477,1.7258,29
2025-05-30,10.0326,14.8425,1.4794,96,12.3139,1.2274,202,11.0288,1.0993,390,12.9022,1.286,343,8.4698,0.8442,123,9.1215,0.9092,772,11.3021,1.1265,562,14.842,1.4794,708,9.7815,0.975,102,11.123,1.1087,72,17.0279,1.6973,29
2025-06-30,10.4974,14.5568,1.3867,96,12.1534,1.1577,202,11.1502,1.0622,389,13.8953,1.3237,340,8.7029,0.8291,123,9.3027,0.8862,763,11.2461,1.0713,559,15.5726,1.4835,706,10.1691,0.9687,101,11.1445,1.0616,72,17.6838,1.6846,29
2025-07-31,13.1405,18.7585,1.4275,100,14.5837,1.1098,204,13.444,1.0231,391,15.7687,1.2,336,9.7529,0.7422,124,11.6187,0.8842,760,13.9945,1.065,555,18.1352,1.3801,723,12.1375,0.9237,102,12.5812,0.9574,73,19.5669,1.4891,29
2025-08-29,13.2458,18.7497,1.4155,99,14.6426,1.1055,203,13.5525,1.0231,386,15.9392,1.2033,335,9.7585,0.7367,124,12.2389,0.924,749,14.0451,1.0603,551,18.1572,1.3708,717,11.9981,0.9058,101,12.6536,0.9553,73,20.0908,1.5168,28
2025-09-30,13.308,18.9496,1.4239,98,14.7065,1.1051,203,13.5859,1.0209,383,16.014,1.2033,333,9.8515,0.7403,123,12.3289,0.9264,740,14.1724,1.065,551,18.1354,1.3627,714,12.1282,0.9113,100,12.6317,0.9492,73,20.28,1.5239,28
2025-10-31,12.9908,18.7255,1.4414,98,14.5242,1.118,202,13.1363,1.0112,380,15.6942,1.2081,331,9.7954,0.754,122,12.4436,0.9579,736,14.001,1.0778,547,17.6355,1.3575,712,12.0399,0.9268,99,12.4554,0.9588,73,19.992,1.5389,28
2025-11-28,12.8256,18.6884,1.4571,97,14.3698,1.1204,201,12.9964,1.0133,379,15.5379,1.2115,328,9.8421,0.7674,122,12.4744,0.9726,728,13.9745,1.0896,543,17.345,1.3524,707,11.9448,0.9313,99,12.3773,0.965,73,19.9812,1.5579,28
2025-12-31,12.7158,18.5909,1.462,97,14.3362,1.1274,201,12.941,1.0177,378,15.3525,1.2074,326,9.8909,0.7778,122,12.6589,0.9955,727,13.9577,1.0977,538,17.191,1.3519,701,11.863,0.9329,99,12.1728,0.9573,73,19.8162,1.5584,28
2026-01-30,12.836,18.4946,1.4408,95,14.3883,1.1209,200,13.1456,1.0241,375,15.5434,1.2109,322,9.9159,0.7725,121,12.621,0.9833,720,14.1418,1.1017,536,17.2867,1.3467,698,12.0833,0.9414,97,11.9928,0.9343,72,19.8679,1.5478,28
2026-02-27,12.9507,18.5185,1.4299,93,14.546,1.1232,199,13.3087,1.0276,375,15.5867,1.2035,318,9.902,0.7646,121,12.5516,0.9692,712,14.1867,1.0954,533,17.4479,1.3473,696,12.1869,0.941,95,11.9043,0.9192,72,19.7927,1.5283,27
2026-03-31,12.7646,18.5962,1.4569,92,14.4632,1.1331,199,13.3423,1.0453,372,15.219,1.1923,316,9.7556,0.7643,120,12.4712,0.977,706,14.0838,1.1033,529,17.3922,1.3625,694,11.8791,0.9306,95,11.6809,0.9151,72,19.405,1.5202,27
2026-04-30,12.7135,18.7788,1.4771,92,14.7675,1.1616,199,13.5869,1.0687,372,15.3241,1.2053,316,9.6917,0.7623,119,12.4543,0.9796,701,14.2341,1.1196,526,17.1565,1.3495,689,11.726,0.9223,94,11.4307,0.8991,72,19.4161,1.5272,27
2026-05-29,12.6568,18.6949,1.4771,92,14.9858,1.184,198,13.6608,1.0793,371,15.0415,1.1884,314,9.691,0.7657,119,12.5044,0.988,696,14.6445,1.157,520,17.0865,1.35,683,11.7813,0.9308,93,11.362,0.8977,72,21.8405,1.7256,27
2026-06-30,12.6142,19.0302,1.5086,91,15.6271,1.2388,196,14.2549,1.1301,366,14.6946,1.1649,312,9.9377,0.7878,118,12.6918,1.0062,689,14.6171,1.1588,519,16.9332,1.3424,676,11.5643,0.9168,93,11.5616,0.9166,72,21.5979,1.7122,27
