ticker,sample,bond_code,bond_name,quote_date,curve_date,maturity,tenor_yrs,coupon,price,yield_pct,tsy_pct,spread_bp,ytm_check_gap_bp
A,sample2,US00846UAK79,AGILENT TECHNOLOGIES INC 3.05% 22Sep2026,2026-08-19,2026-08-18,2026-09-22,0.0931,3.05,99.875,4.4065,3.86,54.65,-2.4
A,sample2,US00846UAM36,"Agilent Technologies, 2.1% 4jun2030",2026-08-19,2026-08-18,2030-06-04,3.7919,2.1,90.554,4.8588,4.3036,55.52,-0.2
A,sample2,US00846UAN19,AGILENT TECHNOLOGIES INC 2.3% 12Mar2031,2026-08-19,2026-08-18,2031-03-12,4.5613,2.3,89.214,4.9718,4.3459,62.59,-0.0
AAPL,sample3_extension_2026-08-20,US037833CJ77,APPLE INC 3.35% 09Feb2027,2026-08-19,2026-08-18,2027-02-09,0.4764,3.35,99.727,3.9383,3.8992,3.91,-0.6
AAPL,sample3_extension_2026-08-20,US037833CR93,APPLE INC 3.2% 11May2027,2026-08-19,2026-08-18,2027-05-11,0.7255,3.2,99.436,3.9914,3.9424,4.9,-0.1
AAPL,sample3_extension_2026-08-20,US037833CX61,APPLE INC 3% 20Jun2027,2026-08-19,2026-08-18,2027-06-20,0.835,3.0,99.195,3.9877,3.9614,2.63,-0.2
AAPL,sample3_extension_2026-08-20,US037833DB33,APPLE INC 2.9% 12Sep2027,2026-08-19,2026-08-18,2027-09-12,1.065,2.9,98.767,4.0978,4.003,9.48,-0.4
AAPL,sample3_extension_2026-08-20,US037833DK32,APPLE INC 3% 13Nov2027,2026-08-19,2026-08-18,2027-11-13,1.2348,3.0,98.581,4.1919,4.037,15.49,-0.4
AAPL,sample3_extension_2026-08-20,US037833EC07,AAPL 1.2 08-FEB-28,2026-08-19,2026-08-18,2028-02-08,1.473,1.2,95.921,4.0935,4.0846,1.0,-1.2
AAPL,sample3_extension_2026-08-20,US037833EN61,AAPL 3.25 08-AUG-29,2026-08-19,2026-08-18,2029-08-08,2.9706,3.25,97.005,4.3364,4.2579,7.85,-0.1
AAPL,sample3_extension_2026-08-20,US037833EP10,AAPL 3.35 08-AUG-32,2026-08-19,2026-08-18,2032-08-08,5.9713,3.35,93.848,4.5383,4.4477,9.06,-0.1
AAPL,sample3_extension_2026-08-20,US037833BW97,APPLE INC 4.5% 23Feb2036,2026-08-19,2026-08-18,2036-02-23,9.514,4.5,97.206,4.8706,4.6808,18.98,-0.0
AAPL,sample3_extension_2026-08-20,US037833AL42,APPLE INC 3.85% 04May2043,2026-08-19,2026-08-18,2043-05-04,16.7064,3.85,80.464,5.6748,5.0923,58.25,-0.0
AAPL,sample3_extension_2026-08-20,US037833AT77,APPLE INC 4.45% 06May2044,2026-08-19,2026-08-18,2044-05-06,17.7139,4.45,85.983,5.7184,5.1497,56.87,-0.0
AAPL,sample3_extension_2026-08-20,US037833BA77,APPLE INC 3.45% 09Feb2045,2026-08-19,2026-08-18,2045-02-09,18.4778,3.45,73.748,5.7813,5.1932,58.81,-0.1
AAPL,sample3_extension_2026-08-20,US037833BH21,APPLE INC 4.375% 13May2045,2026-08-19,2026-08-18,2045-05-13,18.7324,4.375,83.865,5.7978,5.2077,59.01,-0.0
AAPL,sample3_extension_2026-08-20,US037833BX70,APPLE INC 4.65% 23Feb2046,2026-08-19,2026-08-18,2046-02-23,19.5154,4.65,87.342,5.7366,5.2524,48.42,-0.0
AAPL,sample3_extension_2026-08-20,US037833CD08,APPLE INC 3.85% 04Aug2046,2026-08-19,2026-08-18,2046-08-04,19.9589,3.85,76.799,5.8325,5.2777,55.48,-0.0
AAPL,sample3_extension_2026-08-20,US037833CH12,APPLE INC 4.25% 09Feb2047,2026-08-19,2026-08-18,2047-02-09,20.4764,4.25,81.2502,5.8305,5.28,55.05,-0.0
AAPL,sample3_extension_2026-08-20,US037833DD98,APPLE INC 3.75% 12Sep2047,2026-08-19,2026-08-18,2047-09-12,21.065,3.75,74.393,5.887,5.28,60.7,-0.0
AAPL,sample3_extension_2026-08-20,US037833DG20,APPLE INC 3.75% 13Nov2047,2026-08-19,2026-08-18,2047-11-13,21.2348,3.75,74.699,5.845,5.28,56.5,-0.0
AAPL,sample3_extension_2026-08-20,US037833EQ92,AAPL 3.95 08-AUG-52,2026-08-19,2026-08-18,2052-08-08,25.9713,3.95,74.248,5.9001,5.28,62.01,-0.0
AAPL,sample3_extension_2026-08-20,US037833ER75,AAPL 4.1 08-AUG-62,2026-08-19,2026-08-18,2062-08-08,35.9699,4.1,72.816,5.9382,5.28,65.82,-0.0
ABBV,sample3_extension_2026-08-20,US00287YBF51,ABBVIE INC 4.25% 14Nov2028,2026-08-19,2026-08-18,2028-11-14,2.2396,4.25,99.586,4.444,4.2068,23.72,-0.1
ABBV,sample3_extension_2026-08-20,US00287YAR09,ABBVIE INC 4.5% 14May2035,2026-08-19,2026-08-18,2035-05-14,8.7337,4.5,94.853,5.241,4.634,60.7,-0.0
ABBV,sample3_extension_2026-08-20,US00287YAV11,ABBVIE INC 4.3% 14May2036,2026-08-19,2026-08-18,2036-05-14,9.7358,4.3,92.242,5.3311,4.6941,63.7,-0.0
ABBV,sample3_extension_2026-08-20,US00287YAM12,ABBVIE INC 4.4% 06Nov2042,2026-08-19,2026-08-18,2042-11-06,16.2163,4.4,85.1842,5.8238,5.0643,75.95,-0.0
ABBV,sample3_extension_2026-08-20,US00287YAS81,ABBVIE INC 4.7% 14May2045,2026-08-19,2026-08-18,2045-05-14,18.7351,4.7,86.381,5.9113,5.2079,70.34,-0.0
ABBV,sample3_extension_2026-08-20,US00287YAW93,ABBVIE INC 4.45% 14May2046,2026-08-19,2026-08-18,2046-05-14,19.7344,4.45,82.877,5.9334,5.2649,66.85,-0.0
ABBV,sample3_extension_2026-08-20,US00287YBD04,ABBVIE INC 4.875% 14Nov2048,2026-08-19,2026-08-18,2048-11-14,22.2396,4.875,86.622,5.9688,5.28,68.88,-0.0
ABT,sample1,US002824BG43,ABBOTT LABS 4.75% 30Nov2036,2026-08-19,2026-08-18,2036-11-30,10.2834,4.75,95.96,5.263,4.7262,53.68,-0.0
ABT,sample1,US002819AC45,ABBOTT LABORATORIES 6.15% 30Nov2037,2026-08-18,2026-08-18,2037-11-30,11.2854,6.15,106.4,5.3844,4.7833,60.11,0.0
ABT,sample1,US002824AV29,ABBOTT LABS 6% 01Apr2039,2026-08-19,2026-08-18,2039-04-01,12.616,6.0,105.464,5.3964,4.8591,53.73,0.0
ABT,sample1,US002824AY67,ABBOTT LABS 5.3% 27May2040,2026-08-19,2026-08-18,2040-05-27,13.7714,5.3,97.967,5.5117,4.925,58.67,-0.0
ABT,sample1,US002824BN93,ABBOTT LABS 4.75% 15Apr2043,2026-08-18,2026-08-18,2043-04-15,16.6571,4.75,88.1421,5.8751,5.0895,78.56,-0.0
ABT,sample1,US002824BH26,ABBOTT LABS 4.9% 30Nov2046,2026-08-19,2026-08-18,2046-11-30,20.282,4.9,89.317,5.8022,5.28,52.22,-0.0
ACGL,sample3_extension_2026-08-20,US03937LAA35,ARCH CAP GROUP LTD 7.35% 01May2034,2026-07-30,2026-07-30,2034-05-01,7.7536,7.35,112.367,5.3758,4.5602,81.56,0.1
ADI,sample3_extension_2026-08-20,US032654AN54,ANALOG DEVICES INC 3.5% 05Dec2026,2026-08-19,2026-08-18,2026-12-05,0.2957,3.5,99.804,4.1499,3.8679,28.2,0.9
ADI,sample3_extension_2026-08-20,US032654AU97,ADI 1.7 01-OCT-28,2026-08-19,2026-08-18,2028-10-01,2.1191,1.7,94.506,4.4512,4.1983,25.29,-0.7
ADI,sample3_extension_2026-08-20,US032654AV70,ADI 2.1 01-OCT-31,2026-08-19,2026-08-18,2031-10-01,5.117,2.1,87.719,4.8392,4.3794,45.98,-0.2
ADI,sample3_extension_2026-08-20,US032654AW53,ADI 2.8 01-OCT-41,2026-08-19,2026-08-18,2041-10-01,15.1184,2.8,70.365,5.7633,5.0017,76.16,-0.1
ADI,sample3_extension_2026-08-20,US032654AK16,ANALOG DEVICES INC 5.3% 15Dec2045,2026-08-18,2026-08-18,2045-12-15,19.3265,5.3,91.3983,6.0608,5.2416,81.92,-0.0
ADI,sample3_extension_2026-08-20,US032654AX37,ADI 2.95 01-OCT-51,2026-08-18,2026-08-18,2051-10-01,25.1198,2.95,59.8818,6.0879,5.28,80.79,-0.0
ADM,sample3_extension_2026-08-20,US039483AM40,ARCHER-DANIELS MIDLAND CO 7.5% 15Mar2027,2026-08-19,2026-08-18,2027-03-15,0.5695,7.5,101.977,3.947,3.9154,3.16,0.0
ADM,sample3_extension_2026-08-20,US039482AD67,ADM 2.9 01-MAR-32,2026-08-19,2026-08-18,2032-03-01,5.5332,2.9,90.709,4.8344,4.4127,42.17,-0.1
ADM,sample3_extension_2026-08-20,US039483BE15,ARCHER-DANIELS MIDLAND CO 4.535% 26Mar2042,2026-08-11,2026-08-11,2042-03-26,15.6222,4.535,86.708,5.84,5.0092,83.08,0.3
ADM,sample3_extension_2026-08-20,US039483BQ45,ARCHER-DANIELS MIDLAND CO 4.5% 15Mar2049,2026-08-19,2026-08-18,2049-03-15,22.5708,4.5,82.4845,5.9157,5.28,63.57,-0.0
ADM,sample3_extension_2026-08-20,US039482AC84,ADM 2.7 15-SEP-51,2026-08-19,2026-08-18,2051-09-15,25.0732,2.7,57.856,5.959,5.28,67.9,-0.0
ADP,sample1,US053015AG87,AUTOMATIC DATA PROCESSING INC 1.7% 15May2028,2026-08-19,2026-08-18,2028-05-15,1.7385,1.7,95.6031,4.3557,4.1377,21.8,-0.4
ADP,sample1,US053015AF05,AUTOMATIC DATA PROCESSING INC 1.25% 01Sep2030,2026-08-19,2026-08-18,2030-09-01,4.0356,1.25,87.738,4.619,4.317,30.2,-0.4
ADSK,sample3_extension_2026-08-20,US052769AE63,AUTODESK INC 3.5% 15Jun2027,2026-08-19,2026-08-18,2027-06-15,0.8214,3.5,99.5407,4.0706,3.959,11.16,-0.1
ADSK,sample3_extension_2026-08-20,US052769AH94,ADSK 2.4 15-DEC-31,2026-08-19,2026-08-18,2031-12-15,5.3224,2.4,87.529,5.1061,4.3958,71.03,-0.1
AEE,sample2,US023608AL60,AEE 1.95 15-MAR-27,2026-08-19,2026-08-18,2027-03-15,0.5695,1.95,98.639,4.3939,3.9154,47.85,-0.0
AEE,sample2,US023608AK87,AEE 1.75 15-MAR-28,2026-08-18,2026-08-18,2028-03-15,1.5743,1.75,95.696,4.6188,4.1049,51.39,-0.4
AEE,sample2,US023608AJ15,AMEREN CORP 3.5% 15Jan2031,2026-08-19,2026-08-18,2031-01-15,4.4079,3.5,94.395,4.931,4.3374,59.36,-0.2
AEE,sample2,US906548CT77,AEE 2.15 15-MAR-32,2026-08-17,2026-08-17,2032-03-15,5.577,2.15,86.664,4.9134,4.4262,48.72,-0.1
AEE,sample2,US02361DAY67,AEE 3.85 01-SEP-32,2026-08-19,2026-08-18,2032-09-01,6.037,3.85,93.921,5.0309,4.453,57.79,-0.1
AEE,sample2,US02361DAQ34,AMEREN ILL CO 4.15% 15Mar2046,2026-08-11,2026-08-11,2046-03-15,19.5921,4.15,78.8082,6.0038,5.2276,77.62,-0.0
AEE,sample2,US02361DAR17,AMEREN ILL CO 3.7% 01Dec2047,2026-08-19,2026-08-18,2047-12-01,21.2841,3.7,72.826,5.9718,5.28,69.18,-0.0
AEE,sample2,US02361DAX84,AEE 2.9 15-JUN-51,2026-08-19,2026-08-18,2051-06-15,24.8214,2.9,60.7846,5.9404,5.28,66.04,-0.0
AEE,sample2,US906548CU41,AEE 3.9 01-APR-52,2026-08-19,2026-08-18,2052-04-01,25.6181,3.9,72.4488,6.0237,5.28,74.37,-0.0
AEE,sample2,US02361DAZ33,AEE 5.9 01-DEC-52,2026-08-19,2026-08-18,2052-12-01,26.2861,5.9,98.869,5.9851,5.28,70.51,0.0
AEE,sample2,US906548CW07,AEE 5.45 15-MAR-53,2026-08-19,2026-08-18,2053-03-15,26.5708,5.45,91.736,6.0806,5.28,80.06,-0.0
AEP,sample2,US00115AAE91,AEP TRANSMISSION CO LLC 3.1% 01Dec2026,2026-08-18,2026-08-18,2026-12-01,0.2875,3.1,99.718,4.0794,3.8665,21.29,0.4
AEP,sample2,US025537AV36,AEP 5.75 01-NOV-27,2026-08-19,2026-08-18,2027-11-01,1.2019,5.75,101.401,4.4438,4.0304,41.34,8.9
AEP,sample2,US025537AJ08,AMERICAN ELEC PWR CO INC 3.2% 13Nov2027,2026-08-19,2026-08-18,2027-11-13,1.2348,3.2,98.481,4.4788,4.037,44.18,-0.4
AEP,sample2,US00108WAH34,AEP TEX INC 3.95% 01Jun2028,2026-08-18,2026-08-18,2028-06-01,1.7878,3.95,98.8002,4.6556,4.1476,50.8,-0.2
AEP,sample2,US025537AM37,AMERICAN ELEC PWR CO INC 4.3% 01Dec2028,2026-08-19,2026-08-18,2028-12-01,2.2861,4.3,99.3001,4.6241,4.21,41.41,-0.1
AEP,sample2,US00108WAM29,AEP Texas 2.1% 1jul2030,2026-08-19,2026-08-18,2030-07-01,3.8658,2.1,90.6493,4.7783,4.3076,47.07,-0.1
AEP,sample2,US037735CZ84,AEP 2.7 01-APR-31,2026-08-19,2026-08-18,2031-04-01,4.616,2.7,90.778,4.96,4.3489,61.11,-0.1
AEP,sample2,US744533BM10,AEP 2.2 15-AUG-31,2026-08-19,2026-08-18,2031-08-15,4.9884,2.2,87.471,5.0756,4.3694,70.62,-0.1
AEP,sample2,US00108WAP59,AEP 4.7 15-MAY-32,2026-08-19,2026-08-18,2032-05-15,5.7385,4.7,97.843,5.1374,4.4291,70.83,-0.0
AEP,sample2,US037735DA25,AEP 4.5 01-AUG-32,2026-08-19,2026-08-18,2032-08-01,5.9521,4.5,97.109,5.0686,4.4462,62.24,-0.0
AEP,sample2,US025537AW19,AEP 5.95 01-NOV-32,2026-08-19,2026-08-18,2032-11-01,6.204,5.95,104.249,5.112,4.4663,64.57,2.8
AEP,sample2,US744533BQ24,AEP 5.25 15-JAN-33,2026-08-19,2026-08-18,2033-01-15,6.4093,5.25,99.835,5.2797,4.4827,79.7,0.0
AEP,sample2,US0010EPAF55,AEP TEX CENT CO 6.65% 15Feb2033,2026-08-19,2026-08-18,2033-02-15,6.4942,6.65,107.08,5.3438,4.4895,85.43,0.1
AEP,sample2,US025537AX91,AEP 5.625 01-MAR-33,2026-08-19,2026-08-18,2033-03-01,6.5325,5.625,102.338,5.1849,4.4926,69.23,1.3
AEP,sample2,US00108WAF77,AEP TEX INC 3.8% 01Oct2047,2026-08-19,2026-08-18,2047-10-01,21.117,3.8,71.83,6.2128,5.28,93.28,-0.0
AEP,sample2,US00115AAH23,AEP TRANSMISSION CO LLC 3.75% 01Dec2047,2026-08-19,2026-08-18,2047-12-01,21.2841,3.75,72.967,6.0191,5.28,73.91,-0.0
AEP,sample2,US00115AAJ88,AEP TRANSMISSION CO LLC 4.25% 15Sep2048,2026-08-18,2026-08-18,2048-09-15,22.078,4.25,77.5272,6.119,5.28,83.9,-0.0
AEP,sample2,US00108WAJ99,AEP Texas 4.15% 1may2049,2026-08-19,2026-08-18,2049-05-01,22.6995,4.15,73.5,6.3738,5.28,109.38,0.0
AEP,sample2,US00115AAK51,AEP Transmission Company 3.8% 15jun2049,2026-08-17,2026-08-17,2049-06-15,22.8282,3.8,70.909,6.198,5.3028,89.52,-0.0
AEP,sample2,US00108WAK62,AEP Texas 3.45% 15jan2050,2026-08-17,2026-08-17,2050-01-15,23.4141,3.45,64.792,6.3618,5.3034,105.84,-0.0
AEP,sample2,US00115AAM18,AEP Transmission Company 3.65% 1apr2050,2026-08-11,2026-08-11,2050-04-01,23.6386,3.65,69.536,6.1,5.2464,85.36,-0.0
AEP,sample2,US454889AU09,AEP 3.25 01-MAY-51,2026-08-11,2026-08-11,2051-05-01,24.7201,3.25,63.435,6.145,5.2453,89.97,-0.0
AEP,sample2,US00108WAN02,AEP 3.45 15-MAY-51,2026-08-14,2026-08-14,2051-05-15,24.7502,3.45,63.9,6.3663,5.25,111.63,-0.0
AEP,sample2,US00115AAN90,AEP 2.75 15-AUG-51,2026-08-19,2026-08-18,2051-08-15,24.9884,2.75,57.951,6.0279,5.28,74.79,-0.0
AEP,sample2,US744533BP41,AEP 3.15 15-AUG-51,2026-08-12,2026-08-12,2051-08-15,25.0075,3.15,62.528,6.08,5.24,84.0,0.6
AEP,sample2,US677415CU30,AEP 2.9 01-OCT-51,2026-08-19,2026-08-18,2051-10-01,25.117,2.9,58.44,6.179,5.28,89.9,-0.0
AEP,sample2,US845437BT80,AEP 3.25 01-NOV-51,2026-08-18,2026-08-18,2051-11-01,25.2047,3.25,62.3,6.236,5.28,95.6,-0.0
AEP,sample2,US00108WAQ33,AEP 5.25 15-MAY-52,2026-08-18,2026-08-18,2052-05-15,25.7413,5.25,84.7754,6.4718,5.28,119.18,-0.0
AEP,sample2,US00115AAP49,AEP 4.5 15-JUN-52,2026-08-19,2026-08-18,2052-06-15,25.8234,4.5,79.706,6.065,5.28,78.5,-0.0
AEP,sample2,US00115AAQ22,AEP 5.4 15-MAR-53,2026-08-19,2026-08-18,2053-03-15,26.5708,5.4,91.377,6.0565,5.28,77.65,-0.0
AES,sample3_extension_2026-08-20,US00109AAB35,AES 4.375 31-MAY-30,2026-08-03,2026-08-03,2030-05-31,3.8248,4.375,94.0,6.15,4.353,179.7,0.7
AES,sample3_extension_2026-08-20,US00130HCG83,AES 2.45 15-JAN-31,2026-08-19,2026-08-18,2031-01-15,4.4079,2.45,88.85,5.3236,4.3374,98.62,-0.3
AES,sample3_extension_2026-08-20,US455434BV12,AES 5.65 01-DEC-32,2026-08-14,2026-08-14,2032-12-01,6.2998,5.65,102.967,5.073,4.4575,61.55,1.9
AFL,sample3_extension_2026-08-20,US001055AQ51,AFLAC INC 2.875% 15Oct2026,2026-08-19,2026-08-18,2026-10-15,0.1561,2.875,99.86,3.7591,3.86,1.0,0.5
AFL,sample3_extension_2026-08-20,US001055AF96,AFLAC INC 6.45% 15Aug2040,2026-08-17,2026-08-17,2040-08-15,13.9959,6.45,106.368,5.78,4.9518,82.82,0.0
AFL,sample3_extension_2026-08-20,US001055AR35,AFLAC INC 4% 15Oct2046,2026-08-19,2026-08-18,2046-10-15,20.1561,4.0,77.216,5.956,5.28,67.6,-0.0
AFL,sample3_extension_2026-08-20,US001055AY85,AFLAC INC 4.75% 15Jan2049,2026-08-18,2026-08-18,2049-01-15,22.412,4.75,84.051,6.06,5.28,78.0,-0.0
AIG,sample2,US026874DK01,AMERICAN INTL GROUP INC 4.2% 01Apr2028,2026-08-19,2026-08-18,2028-04-01,1.6181,4.2,98.886,4.9236,4.1136,81.0,-0.2
AIG,sample2,US026874DR53,AMERICAN INTL GROUP INC 3.4% 30Jun2030,2026-08-19,2026-08-18,2030-06-30,3.8631,3.4,94.679,4.9291,4.3075,62.16,-0.1
AIG,sample2,US026874DC84,AMERICAN INTL GROUP INC 3.875% 15Jan2035,2026-08-19,2026-08-18,2035-01-15,8.4079,3.875,90.3403,5.3147,4.6145,70.02,-0.1
AIG,sample2,US026874DE41,AMERICAN INTL GROUP INC 4.7% 10Jul2035,2026-08-17,2026-08-17,2035-07-10,8.8953,4.7,92.678,5.7629,4.6537,110.92,-0.0
AIG,sample2,US026874DA29,AMERICAN INTL GROUP INC 4.5% 16Jul2044,2026-08-14,2026-08-14,2044-07-16,17.922,4.5,83.5698,6.01,5.1316,87.84,-0.1
AIG,sample2,US026874DL83,AMERICAN INTL GROUP INC 4.75% 01Apr2048,2026-08-14,2026-08-14,2048-04-01,21.6318,4.75,83.814,6.108,5.25,85.8,-0.0
AIG,sample2,US026874DP97,AMERICAN INTL GROUP INC 4.375% 30Jun2050,2026-08-19,2026-08-18,2050-06-30,23.8631,4.375,79.379,6.013,5.28,73.3,-0.0
AIZ,sample3_extension_2026-08-20,US04621XAJ72,ASSURANT INC 4.9% 27Mar2028,2026-08-19,2026-08-18,2028-03-27,1.6044,4.9,100.176,4.7657,4.1109,65.48,1.6
AIZ,sample3_extension_2026-08-20,US04621XAN84,AIZ 2.65 15-JAN-32,2026-08-19,2026-08-18,2032-01-15,5.4073,2.65,87.019,5.4559,4.4026,105.33,-0.2
AIZ,sample3_extension_2026-08-20,US04621XAD03,ASSURANT INC 6.75% 15Feb2034,2026-08-19,2026-08-18,2034-02-15,7.4935,6.75,106.529,5.6675,4.5596,110.79,0.1
AJG,sample2,US04316JAA79,AJG 2.4 09-NOV-31,2026-08-19,2026-08-18,2031-11-09,5.2238,2.4,87.7933,5.0919,4.3879,70.4,-0.2
AJG,sample2,US04316JAD19,AJG 5.5 02-MAR-33,2026-08-19,2026-08-18,2033-03-02,6.5352,5.5,100.928,5.3251,4.4928,83.23,0.4
AJG,sample2,US363576AB52,AJG 3.5 20-MAY-51,2026-08-17,2026-08-17,2051-05-20,24.7556,3.5,65.034,6.3095,5.3048,100.47,-0.0
AJG,sample2,US04316JAB52,AJG 3.05 09-MAR-52,2026-08-19,2026-08-18,2052-03-09,25.5551,3.05,60.035,6.181,5.28,90.1,-0.0
AJG,sample2,US04316JAE91,AJG 5.75 02-MAR-53,2026-08-19,2026-08-18,2053-03-02,26.5352,5.75,92.941,6.3008,5.28,102.08,-0.0
ALB,sample3_extension_2026-08-20,US012653AE17,ALB 5.05 01-JUN-32,2026-08-19,2026-08-18,2032-06-01,5.7851,5.05,99.281,5.194,4.4328,76.12,-0.0
ALB,sample3_extension_2026-08-20,US012725AD95,ALBEMARLE CORP 5.45% 01Dec2044,2026-08-18,2026-08-18,2044-12-01,18.2888,5.45,90.415,6.3421,5.1825,115.96,-0.0
ALB,sample3_extension_2026-08-20,US012653AF81,ALB 5.65 01-JUN-52,2026-08-18,2026-08-18,2052-06-01,25.7878,5.65,86.45,6.767,5.28,148.7,-0.0
ALL,sample3_extension_2026-08-20,US020002BD26,ALLSTATE CORP 3.28% 15Dec2026,2026-08-19,2026-08-18,2026-12-15,0.3231,3.28,99.795,3.9066,3.8727,3.39,0.7
ALL,sample3_extension_2026-08-20,US020002AQ48,ALLSTATE CORP 5.35% 01Jun2033,2026-08-19,2026-08-18,2033-06-01,6.7844,5.35,100.624,5.238,4.5128,72.52,0.0
ALL,sample3_extension_2026-08-20,US020002AS04,ALLSTATE CORP 5.55% 09May2035,2026-08-19,2026-08-18,2035-05-09,8.7201,5.55,101.204,5.3739,4.6332,74.07,0.0
ALL,sample3_extension_2026-08-20,US020002AJ05,ALL 6.9 15-MAY-38,2026-08-13,2026-08-13,2038-05-15,11.7536,6.9,112.458,5.4493,4.73,71.93,0.0
ALL,sample3_extension_2026-08-20,US020002BA86,ALLSTATE CORP 4.5% 15Jun2043,2026-08-17,2026-08-17,2043-06-15,16.8268,4.5,83.105,6.1218,5.116,100.58,-0.0
ALL,sample3_extension_2026-08-20,US020002BC43,ALLSTATE CORP 4.2% 15Dec2046,2026-08-19,2026-08-18,2046-12-15,20.3231,4.2,78.218,6.081,5.28,80.1,-0.0
ALLE,sample3_extension_2026-08-20,US01748NAE40,ALLEGION US HLDG CO INC 3.55% 01Oct2027,2026-08-19,2026-08-18,2027-10-01,1.117,3.55,98.885,4.5849,4.0134,57.15,-0.3
ALLE,sample3_extension_2026-08-20,US01748TAB70,Allegion 3.5% 1oct2029 USD,2026-08-19,2026-08-18,2029-10-01,3.1184,3.5,96.306,4.7898,4.2665,52.33,-0.2
ALLE,sample3_extension_2026-08-20,US01748TAC53,ALLE 5.411 01-JUL-32,2026-08-19,2026-08-18,2032-07-01,5.8672,5.411,100.9945,5.2044,4.4394,76.5,0.6
AMAT,sample3_extension_2026-08-20,US038222AL98,APPLIED MATLS INC 3.3% 01Apr2027,2026-08-19,2026-08-18,2027-04-01,0.616,3.3,99.489,4.1467,3.9234,22.33,-0.3
AMAT,sample3_extension_2026-08-20,US038222AK16,APPLIED MATLS INC 5.1% 01Oct2035,2026-08-19,2026-08-18,2035-10-01,9.117,5.1,99.4779,5.1718,4.657,51.48,-0.0
AMAT,sample3_extension_2026-08-20,US038222AG04,APPLIED MATLS INC 5.85% 15Jun2041,2026-08-19,2026-08-18,2041-06-15,14.8227,5.85,101.538,5.694,4.9849,70.91,0.0
AMAT,sample3_extension_2026-08-20,US038222AM71,APPLIED MATLS INC 4.35% 01Apr2047,2026-08-19,2026-08-18,2047-04-01,20.616,4.35,82.179,5.8486,5.28,56.86,-0.0
AMCR,sample3_extension_2026-08-20,US081437AS43,AMCR 3.1 15-SEP-26,2026-08-18,2026-08-18,2026-09-15,0.0767,3.1,99.901,4.4166,3.86,55.66,-3.8
AMCR,sample3_extension_2026-08-20,US02343UAH86,AMCR 4.5 15-MAY-28,2026-08-19,2026-08-18,2028-05-15,1.7385,4.5,99.782,4.6282,4.1377,49.05,-0.0
AMCR,sample3_extension_2026-08-20,US02344AAA60,AMCR 2.69 25-MAY-31,2026-08-19,2026-08-18,2031-05-25,4.7639,2.69,90.078,5.0589,4.357,70.19,0.0
AMD,sample3_extension_2026-08-20,US007903BF39,AMD 3.924 01-JUN-32,2026-08-19,2026-08-18,2032-06-01,5.7851,3.924,94.299,5.0731,4.4328,64.03,-0.1
AMD,sample3_extension_2026-08-20,US007903BG12,AMD 4.393 01-JUN-52,2026-08-19,2026-08-18,2052-06-01,25.7851,4.393,77.609,6.132,5.28,85.2,-0.0
AMGN,sample1,US031162CT53,AMGEN INC 2.2% 21Feb2027,2026-08-19,2026-08-18,2027-02-21,0.5092,2.2,98.93,4.3747,3.9049,46.98,-2.8
AMGN,sample1,US031162CQ15,AMGEN INC 3.2% 02Nov2027,2026-08-19,2026-08-18,2027-11-02,1.2047,3.2,98.603,4.4044,4.0309,37.35,-0.5
AMGN,sample1,US031162DP23,AMGN 5.15 02-MAR-28,2026-08-19,2026-08-18,2028-03-02,1.5359,5.15,100.865,4.5283,4.0972,43.11,3.1
AMGN,sample1,US031162DB37,AMGEN INC 1.65% 15Aug2028,2026-08-19,2026-08-18,2028-08-15,1.9904,1.65,94.497,4.5801,4.1881,39.2,-0.6
AMGN,sample1,US031162DD92,AMGN 3 22-FEB-29,2026-08-19,2026-08-18,2029-02-22,2.5133,3.0,96.254,4.5999,4.2259,37.4,-0.5
AMGN,sample1,US031162DH07,AMGN 4.05 18-AUG-29,2026-08-19,2026-08-18,2029-08-18,2.9979,4.05,98.3803,4.6355,4.2599,37.56,-0.1
AMGN,sample1,US031162CU27,AMGEN INC 2.45% 21Feb2030,2026-08-19,2026-08-18,2030-02-21,3.5099,2.45,92.469,4.812,4.288,52.4,-0.5
AMGN,sample1,US031162DQ06,AMGN 5.25 02-MAR-30,2026-08-19,2026-08-18,2030-03-02,3.5346,5.25,101.394,4.798,4.2894,50.86,1.8
AMGN,sample1,US031162CW82,AMGEN INC 2.3% 25Feb2031,2026-08-19,2026-08-18,2031-02-25,4.5202,2.3,89.927,4.809,4.3436,46.54,-0.3
AMGN,sample1,US031162CZ14,AMGEN INC 2% 15Jan2032,2026-08-19,2026-08-18,2032-01-15,5.4073,2.0,85.9775,4.9929,4.4026,59.03,-0.2
AMGN,sample1,US031162DE75,AMGN 3.35 22-FEB-32,2026-08-19,2026-08-18,2032-02-22,5.5113,3.35,92.227,4.9817,4.4109,57.08,-0.2
AMGN,sample1,US031162DJ62,AMGN 4.2 01-MAR-33,2026-08-19,2026-08-18,2033-03-01,6.5325,4.2,95.046,5.1012,4.4926,60.86,-0.0
AMGN,sample1,US031162DR88,AMGN 5.25 02-MAR-33,2026-08-19,2026-08-18,2033-03-02,6.5352,5.25,100.594,5.1389,4.4928,64.61,0.3
AMGN,sample1,US031162AW01,AMGEN INC 6.375% 01Jun2037,2026-08-19,2026-08-18,2037-06-01,10.7844,6.375,107.203,5.48,4.7547,72.53,0.0
AMGN,sample1,US031162BA71,AMGEN INC 6.4% 01Feb2039,2026-08-19,2026-08-18,2039-02-01,12.4545,6.4,107.778,5.527,4.8499,67.71,0.0
AMGN,sample1,US031162CR97,AMGEN INC 3.15% 21Feb2040,2026-08-19,2026-08-18,2040-02-21,13.5086,3.15,76.042,5.721,4.91,81.1,-0.1
AMGN,sample1,US031162DA53,AMGEN INC 2.8% 15Aug2041,2026-08-18,2026-08-18,2041-08-15,14.9925,2.8,69.839,5.849,4.9946,85.44,-0.1
AMGN,sample1,US031162BE93,AMGEN INC 4.95% 01Oct2041,2026-08-19,2026-08-18,2041-10-01,15.1184,4.95,90.8702,5.8687,5.0017,86.7,-0.0
AMGN,sample1,US031162BK53,AMGEN INC 5.15% 15Nov2041,2026-08-19,2026-08-18,2041-11-15,15.2416,5.15,92.929,5.857,5.0088,84.82,-0.0
AMGN,sample1,US031162BH25,AMGEN INC 5.65% 15Jun2042,2026-08-18,2026-08-18,2042-06-15,15.8248,5.65,97.4,5.9042,5.042,86.22,-0.0
AMGN,sample1,US031162DS61,AMGN 5.6 02-MAR-43,2026-08-19,2026-08-18,2043-03-02,16.5339,5.6,96.673,5.918,5.0824,83.56,-0.0
AMGN,sample1,US031162BZ23,AMGEN INC 4.4% 01May2045,2026-08-19,2026-08-18,2045-05-01,18.6995,4.4,81.668,6.05,5.2059,84.41,-0.0
AMGN,sample1,US031162CD02,AMGEN INC 4.563% 15Jun2048,2026-08-17,2026-08-17,2048-06-15,21.8289,4.563,80.461,6.2091,5.3018,90.73,-0.0
AMGN,sample1,US031162CS70,AMGEN INC 3.375% 21Feb2050,2026-08-18,2026-08-18,2050-02-21,23.5127,3.375,66.612,6.0569,5.28,77.69,-0.1
AMGN,sample1,US031162CF59,AMGEN INC 4.663% 15Jun2051,2026-08-19,2026-08-18,2051-06-15,24.8214,4.663,81.605,6.112,5.28,83.2,-0.0
AMGN,sample1,US031162DC10,AMGEN INC 3% 15Jan2052,2026-08-19,2026-08-18,2052-01-15,25.4073,3.0,61.662,5.9431,5.28,66.31,-0.0
AMGN,sample1,US031162DF41,AMGN 4.2 22-FEB-52,2026-08-19,2026-08-18,2052-02-22,25.5113,4.2,75.401,6.117,5.28,83.7,-0.0
AMGN,sample1,US031162DK36,AMGN 4.875 01-MAR-53,2026-08-18,2026-08-18,2053-03-01,26.5352,4.875,82.351,6.245,5.28,96.5,-0.0
AMGN,sample1,US031162DT45,AMGN 5.65 02-MAR-53,2026-08-19,2026-08-18,2053-03-02,26.5352,5.65,93.658,6.137,5.28,85.7,-0.0
AMGN,sample1,US031162CY49,AMGEN INC 2.77% 01Sep2053,2026-08-19,2026-08-18,2053-09-01,27.0363,2.77,56.345,6.0798,5.28,79.98,-0.0
AMGN,sample1,US031162DG24,AMGN 4.4 22-FEB-62,2026-08-17,2026-08-17,2062-02-22,35.5181,4.4,73.371,6.282,5.31,97.2,-0.0
AMGN,sample1,US031162DU18,AMGN 5.75 02-MAR-63,2026-08-19,2026-08-18,2063-03-02,36.5339,5.75,93.002,6.2381,5.28,95.81,0.0
AMP,sample2,US03076CAH97,AMERIPRISE FINL INC 2.875% 15Sep2026,2026-08-19,2026-08-18,2026-09-15,0.0739,2.875,99.91,4.1237,3.86,26.37,-4.2
AMP,sample2,US03076CAL00,AMP 4.5 13-MAY-32,2026-08-19,2026-08-18,2032-05-13,5.7331,4.5,97.865,4.9308,4.4286,50.22,-0.0
AMP,sample2,US03076CAM82,AMP 5.15 15-MAY-33,2026-08-19,2026-08-18,2033-05-15,6.7379,5.15,100.238,5.106,4.509,59.7,0.0
AMT,sample3_extension_2026-08-20,US03027XBR08,AMT 1.45 15-SEP-26,2026-08-19,2026-08-18,2026-09-15,0.0739,1.45,99.79,4.4555,3.86,59.55,-14.3
AMT,sample3_extension_2026-08-20,US03027XAK63,AMERICAN TOWER CORP NEW 3.375% 15Oct2026,2026-08-19,2026-08-18,2026-10-15,0.1561,3.375,99.846,4.3388,3.86,47.88,1.2
AMT,sample3_extension_2026-08-20,US03027XAM20,AMERICAN TOWER CORP NEW 3.125% 15Jan2027,2026-08-19,2026-08-18,2027-01-15,0.4079,3.125,99.63,4.0463,3.8874,15.89,-0.4
AMT,sample3_extension_2026-08-20,US03027XBV10,AMT 3.65 15-MAR-27,2026-08-19,2026-08-18,2027-03-15,0.5695,3.65,99.604,4.3574,3.9154,44.2,-0.0
AMT,sample3_extension_2026-08-20,US03027XAP50,AMERICAN TOWER CORP NEW 3.55% 15Jul2027,2026-08-19,2026-08-18,2027-07-15,0.9035,3.55,99.274,4.3755,3.9733,40.22,-0.1
AMT,sample3_extension_2026-08-20,US03027XAR17,AMERICAN TOWER CORP NEW 3.6% 15Jan2028,2026-08-19,2026-08-18,2028-01-15,1.4073,3.6,98.717,4.5521,4.0715,48.06,-0.3
AMT,sample3_extension_2026-08-20,US03027XBY58,AMT 5.5 15-MAR-28,2026-08-19,2026-08-18,2028-03-15,1.5715,5.5,101.251,4.6195,4.1043,51.52,4.3
AMT,sample3_extension_2026-08-20,US03027XBM11,AMT 2.7 15-APR-31,2026-08-19,2026-08-18,2031-04-15,4.6543,2.7,90.561,4.998,4.351,64.7,-0.1
AMT,sample3_extension_2026-08-20,US03027XBS80,AMT 2.3 15-SEP-31,2026-08-19,2026-08-18,2031-09-15,5.0732,2.3,87.815,5.0558,4.3759,67.99,-0.3
AMT,sample3_extension_2026-08-20,US03027XBW92,AMT 4.05 15-MAR-32,2026-08-19,2026-08-18,2032-03-15,5.5715,4.05,94.868,5.1201,4.4157,70.44,-0.0
AMT,sample3_extension_2026-08-20,US03027XBZ24,AMT 5.65 15-MAR-33,2026-08-19,2026-08-18,2033-03-15,6.5708,5.65,101.985,5.2769,4.4957,78.12,1.1
AMZN,sample1,US023135CF19,AMZN 3.3 13-APR-27,2026-08-19,2026-08-18,2027-04-13,0.6489,3.3,99.4425,4.1764,3.9291,24.73,-0.2
AMZN,sample1,US023135BR65,AMAZON COM INC 1.2% 03Jun2027,2026-08-19,2026-08-18,2027-06-03,0.7885,1.2,97.717,4.1804,3.9533,22.71,-0.9
AMZN,sample1,US023135BC96,AMAZON COM INC 3.15% 22Aug2027,2026-08-19,2026-08-18,2027-08-22,1.0075,3.15,99.027,4.1478,3.9915,15.63,-0.2
AMZN,sample1,US023135CP90,AMZN 4.55 01-DEC-27,2026-08-19,2026-08-18,2027-12-01,1.2841,4.55,100.334,4.2585,4.0468,21.17,1.7
AMZN,sample1,US023135BY17,AMAZON COM INC 1.65% 12May2028,2026-08-19,2026-08-18,2028-05-12,1.7303,1.65,95.523,4.367,4.1361,23.09,-0.4
AMZN,sample1,US023135CG91,AMZN 3.45 13-APR-29,2026-08-19,2026-08-18,2029-04-13,2.6502,3.45,97.341,4.5255,4.2355,29.0,-0.1
AMZN,sample1,US023135CQ73,AMZN 4.65 01-DEC-29,2026-08-19,2026-08-18,2029-12-01,3.2854,4.65,100.156,4.5952,4.2757,31.95,0.1
AMZN,sample1,US023135BS49,AMAZON COM INC 1.5% 03Jun2030,2026-08-19,2026-08-18,2030-06-03,3.7892,1.5,88.703,4.7979,4.3034,49.45,-0.3
AMZN,sample1,US023135BZ81,AMAZON COM INC 2.1% 12May2031,2026-08-19,2026-08-18,2031-05-12,4.7283,2.1,88.436,4.8669,4.3551,51.18,-0.0
AMZN,sample1,US023135CH74,AMZN 3.6 13-APR-32,2026-08-19,2026-08-18,2032-04-13,5.6509,3.6,93.834,4.8608,4.4221,43.87,-0.1
AMZN,sample1,US023135CR56,AMZN 4.7 01-DEC-32,2026-08-19,2026-08-18,2032-12-01,6.2861,4.7,98.907,4.903,4.4729,43.01,-0.0
AMZN,sample1,US023135AP19,AMAZON COM INC 4.8% 05Dec2034,2026-08-19,2026-08-18,2034-12-05,8.2957,4.8,98.1,5.0826,4.6077,47.49,-0.0
AMZN,sample1,US023135BF28,AMAZON COM INC 3.875% 22Aug2037,2026-08-19,2026-08-18,2037-08-22,11.0089,3.875,87.614,5.381,4.7675,61.35,-0.0
AMZN,sample1,US023135CA22,AMAZON COM INC 2.875% 12May2041,2026-08-19,2026-08-18,2041-05-12,14.7296,2.875,72.157,5.6922,4.9796,71.26,-0.0
AMZN,sample1,US023135AQ91,AMAZON COM INC 4.95% 05Dec2044,2026-08-19,2026-08-18,2044-12-05,18.2971,4.95,89.728,5.8729,5.1829,69.0,-0.0
AMZN,sample1,US023135BJ40,AMAZON COM INC 4.05% 22Aug2047,2026-08-19,2026-08-18,2047-08-22,21.0075,4.05,75.304,6.162,5.28,88.2,-0.0
AMZN,sample1,US023135BT22,AMAZON COM INC 2.5% 03Jun2050,2026-08-19,2026-08-18,2050-06-03,23.7892,2.5,54.638,6.157,5.28,87.7,-0.0
AMZN,sample1,US023135CB05,AMAZON COM INC 3.1% 12May2051,2026-08-19,2026-08-18,2051-05-12,24.7283,3.1,61.22,6.18,5.28,90.0,0.0
AMZN,sample1,US023135CJ31,AMZN 3.95 13-APR-52,2026-08-19,2026-08-18,2052-04-13,25.6509,3.95,70.974,6.231,5.28,95.1,-0.0
AMZN,sample1,US023135BM78,AMAZON COM INC 4.25% 22Aug2057,2026-08-19,2026-08-18,2057-08-22,31.0089,4.25,72.353,6.287,5.28,100.7,-0.0
AMZN,sample1,US023135BU94,AMAZON COM INC 2.7% 03Jun2060,2026-08-19,2026-08-18,2060-06-03,33.7906,2.7,51.909,6.062,5.28,78.2,-0.0
AMZN,sample1,US023135CC87,AMAZON COM INC 3.25% 12May2061,2026-08-19,2026-08-18,2061-05-12,34.7296,3.25,57.509,6.266,5.28,98.6,-0.0
AMZN,sample1,US023135CK04,AMZN 4.1 13-APR-62,2026-08-19,2026-08-18,2062-04-13,35.6496,4.1,69.174,6.274,5.28,99.4,-0.0
AON,sample2,US037389AK90,AON CORP 8.205% 01Jan2027,2026-08-19,2026-08-18,2027-01-01,0.3696,8.205,101.3,4.5232,3.8807,64.25,7.0
AON,sample2,US03740LAD47,AON 2.85 28-MAY-27,2026-08-19,2026-08-18,2027-05-28,0.7721,2.85,98.875,4.3421,3.9505,39.16,0.0
AON,sample2,US037389BB82,AON CORP 4.5% 15Dec2028,2026-08-19,2026-08-18,2028-12-15,2.3244,4.5,99.696,4.637,4.2127,42.43,-0.0
AON,sample2,US037389BC65,AON CORP 3.75% 02May2029,2026-08-19,2026-08-18,2029-05-02,2.7023,3.75,97.579,4.7134,4.2392,47.42,-0.1
AON,sample2,US037389BE22,AON CORP 2.8% 15May2030,2026-08-19,2026-08-18,2030-05-15,3.7372,2.8,92.873,4.9099,4.3005,60.94,-0.1
AON,sample2,US03740LAA08,AON 2.05 23-AUG-31,2026-08-19,2026-08-18,2031-08-23,5.0103,2.05,87.925,4.7903,4.3708,41.95,-0.1
AON,sample2,US03740LAC63,AON 2.6 02-DEC-31,2026-08-19,2026-08-18,2031-12-02,5.2868,2.6,88.472,5.1169,4.3929,72.4,-0.2
AON,sample2,US03740LAF94,AON 5 12-SEP-32,2026-08-19,2026-08-18,2032-09-12,6.0671,5.0,99.066,5.1809,4.4554,72.55,-0.0
AON,sample2,US03740LAG77,AON 5.35 28-FEB-33,2026-08-19,2026-08-18,2033-02-28,6.5298,5.35,100.671,5.2241,4.4924,73.17,0.3
AON,sample2,US037389AU72,AON CORP 6.25% 30Sep2040,2026-08-07,2026-08-07,2040-09-30,14.1492,6.25,105.302,5.69,4.8782,81.18,0.8
AON,sample2,US00185AAC80,AON PLC 4.45% 24May2043,2026-08-07,2026-08-07,2043-05-24,16.794,4.45,82.687,6.11,5.0237,108.63,0.3
AON,sample2,US00185AAG94,AON PLC 4.6% 14Jun2044,2026-08-19,2026-08-18,2044-06-14,17.8207,4.6,83.5283,6.1317,5.1558,97.59,-0.0
AON,sample2,US00185AAH77,AON PLC 4.75% 15May2045,2026-08-13,2026-08-13,2045-05-15,18.7543,4.75,84.778,6.1256,5.129,99.66,-0.0
AON,sample2,US03740LAB80,AON 2.9 23-AUG-51,2026-08-19,2026-08-18,2051-08-23,25.0103,2.9,58.666,6.162,5.28,88.2,-0.0
AON,sample2,US03740LAE20,AON 3.9 28-FEB-52,2026-08-19,2026-08-18,2052-02-28,25.5277,3.9,69.719,6.3007,5.28,102.07,-0.0
APA,sample3_extension_2026-08-20,US03746AAA88,APA 7.75 15-DEC-29,2026-08-19,2026-08-18,2029-12-15,3.3238,7.75,106.579,5.5486,4.2778,127.08,0.2
APA,sample3_extension_2026-08-20,US037411AR61,APACHE CORP 6% 15Jan2037,2026-08-18,2026-08-18,2037-01-15,10.412,6.0,100.568,5.9252,4.7335,119.17,0.0
APA,sample3_extension_2026-08-20,US037411AW56,APACHE CORP 5.1% 01Sep2040,2026-08-19,2026-08-18,2040-09-01,14.037,5.1,89.269,6.2602,4.9401,132.01,-0.0
APA,sample3_extension_2026-08-20,US037411AY13,APACHE CORP 5.25% 01Feb2042,2026-08-18,2026-08-18,2042-02-01,15.4579,5.25,89.1,6.3686,5.0211,134.75,-0.0
APA,sample3_extension_2026-08-20,US037411BA28,APACHE CORP 4.75% 15Apr2043,2026-08-18,2026-08-18,2043-04-15,16.6571,4.75,81.924,6.5478,5.0895,145.83,-0.0
APA,sample3_extension_2026-08-20,US037411BC83,APACHE CORP 4.25% 15Jan2044,2026-08-14,2026-08-14,2044-01-15,17.4209,4.25,75.497,6.6455,5.103,154.25,-0.1
APA,sample3_extension_2026-08-20,US037411BG97,Apache 5.35% 1jul2049 USD,2026-08-17,2026-08-17,2049-07-01,22.872,5.35,82.301,6.8988,5.3029,159.59,-0.0
APD,sample3_extension_2026-08-20,US009158BF29,APD 4.8 03-MAR-33,2026-08-19,2026-08-18,2033-03-03,6.538,4.8,99.345,4.918,4.493,42.5,-0.0
APH,sample3_extension_2026-08-20,US032095AH42,AMPHENOL CORP NEW 4.35% 01Jun2029,2026-08-19,2026-08-18,2029-06-01,2.7844,4.35,99.402,4.5792,4.2449,33.43,-0.0
APH,sample3_extension_2026-08-20,US032095AL53,APH 2.2 15-SEP-31,2026-08-19,2026-08-18,2031-09-15,5.0732,2.2,88.09,4.88,4.3759,50.41,-0.2
APTV,sample3_extension_2026-08-20,US00217GAB95,APTV 3.25 01-MAR-32,2026-08-19,2026-08-18,2032-03-01,5.5332,3.25,90.701,5.2065,4.4127,79.38,-0.1
APTV,sample3_extension_2026-08-20,US03835VAJ52,APTV 3.1 01-DEC-51,2026-08-19,2026-08-18,2051-12-01,25.2841,3.1,58.854,6.4076,5.28,112.76,-0.0
APTV,sample3_extension_2026-08-20,US00217GAC78,APTV 4.15 01-MAY-52,2026-08-19,2026-08-18,2052-05-01,25.7002,4.15,71.242,6.457,5.28,117.7,-0.0
ARE,sample3_extension_2026-08-20,US015271AJ82,ALEXANDRIA REAL ESTATE EQUITIES INC 3.95% 15Jan2027,2026-08-19,2026-08-18,2027-01-15,0.4079,3.95,99.759,4.5418,3.8874,65.44,0.3
ARE,sample3_extension_2026-08-20,US015271AK55,ALEXANDRIA REAL ESTATE EQUITIES INC 3.95% 15Jan2028,2026-08-19,2026-08-18,2028-01-15,1.4073,3.95,99.052,4.6533,4.0715,58.18,-0.2
ARE,sample3_extension_2026-08-20,US015271AG44,ALEXANDRIA REAL ESTATE EQUITIES INC 4.5% 30Jul2029,2026-08-19,2026-08-18,2029-07-30,2.9459,4.5,98.673,4.9892,4.2562,73.3,-0.0
ARE,sample3_extension_2026-08-20,US015271AN94,ALEXANDRIA REAL ESTATE EQUITIES INC 4.7% 01Jul2030,2026-08-19,2026-08-18,2030-07-01,3.8658,4.7,98.542,5.119,4.3076,81.14,-0.0
ARE,sample3_extension_2026-08-20,US015271AY59,ARE 2.95 15-MAR-34,2026-08-19,2026-08-18,2034-03-15,7.5702,2.95,83.697,5.624,4.5642,105.98,-0.0
ARE,sample3_extension_2026-08-20,US015271BA64,ARE 4.75 15-APR-35,2026-08-19,2026-08-18,2035-04-15,8.6543,4.75,93.215,5.7555,4.6293,112.62,-0.0
ARE,sample3_extension_2026-08-20,US015271AZ25,ARE 3.55 15-MAR-52,2026-07-24,2026-07-24,2052-03-15,25.6427,3.55,66.87,6.12,5.1687,95.13,0.8
ARES,sample3_extension_2026-08-20,US039936AA70,ARES 3.65 01-FEB-52,2026-08-13,2026-08-13,2052-02-01,25.4702,3.65,66.2708,6.3353,5.2055,112.98,-0.0
ATO,sample3_extension_2026-08-20,US049560AN51,ATMOS ENERGY CORP 3% 15Jun2027,2026-08-19,2026-08-18,2027-06-15,0.8214,3.0,98.887,4.393,3.959,43.4,-0.3
ATO,sample3_extension_2026-08-20,US049560AX34,ATO 5.45 15-OCT-32,2026-08-17,2026-08-17,2032-10-15,6.1629,5.45,102.237,5.0077,4.473,53.47,1.4
ATO,sample3_extension_2026-08-20,US049560AK13,ATMOS ENERGY CORP 5.5% 15Jun2041,2026-08-19,2026-08-18,2041-06-15,14.8227,5.5,97.931,5.7079,4.9849,72.3,-0.0
ATO,sample3_extension_2026-08-20,US049560AL95,ATMOS ENERGY CORP 4.15% 15Jan2043,2026-08-19,2026-08-18,2043-01-15,16.4079,4.15,82.991,5.767,5.0753,69.17,-0.0
ATO,sample3_extension_2026-08-20,US049560AM78,ATMOS ENERGY CORP 4.125% 15Oct2044,2026-08-14,2026-08-14,2044-10-15,18.1711,4.125,80.556,5.881,5.1458,73.52,-0.1
ATO,sample3_extension_2026-08-20,US049560AW50,ATO 2.85 15-FEB-52,2026-08-17,2026-08-17,2052-02-15,25.4976,2.85,58.347,6.0879,5.3055,78.24,-0.1
ATO,sample3_extension_2026-08-20,US049560AY17,ATO 5.75 15-OCT-52,2026-08-17,2026-08-17,2052-10-15,26.1629,5.75,95.307,6.111,5.3062,80.48,-0.0
AVGO,sample3_extension_2026-08-20,US11134LAR06,BROADCOM CORP / BROADCOM CAYMAN FIN LTD 3.5% 15Jan2028,2026-08-19,2026-08-18,2028-01-15,1.4073,3.5,98.3932,4.6946,4.0715,62.31,-0.4
AVGO,sample3_extension_2026-08-20,US11135FBR10,AVGO 4 15-APR-29,2026-07-22,2026-07-22,2029-04-15,2.7324,4.0,98.165,4.7226,4.332,39.06,-0.1
AVGO,sample3_extension_2026-08-20,US11135FBT75,AVGO 4.15 15-APR-32,2026-07-31,2026-07-31,2032-04-15,5.7084,4.15,94.881,5.1979,4.4996,69.83,-0.1
AVGO,sample3_extension_2026-08-20,US11135FBP53,AVGO 3.137 15-NOV-35,2026-07-27,2026-07-27,2035-11-15,9.3032,3.137,83.143,5.4739,4.6198,85.41,-0.1
AVGO,sample3_extension_2026-08-20,US11135FBQ37,AVGO 3.187 15-NOV-36,2026-08-18,2026-08-18,2036-11-15,10.245,3.187,78.915,5.9681,4.724,124.41,-0.1
AVGO,sample3_extension_2026-08-20,US11135FBV22,AVGO 4.926 15-MAY-37,2026-08-19,2026-08-18,2037-05-15,10.7379,4.926,92.7716,5.8406,4.7521,108.85,-0.0
AVY,sample3_extension_2026-08-20,US053611AJ82,AVERY DENNISON CORP 4.875% 06Dec2028,2026-08-19,2026-08-18,2028-12-06,2.2998,4.875,100.465,4.6338,4.211,42.28,2.3
AVY,sample3_extension_2026-08-20,US053611AM12,AVY 2.25 15-FEB-32,2026-08-19,2026-08-18,2032-02-15,5.4921,2.25,86.557,5.0891,4.4094,67.97,-0.3
AVY,sample3_extension_2026-08-20,US053611AN94,AVY 5.75 15-MAR-33,2026-08-19,2026-08-18,2033-03-15,6.5708,5.75,102.752,5.2333,4.4957,73.76,1.5
AWK,sample3_extension_2026-08-20,US03040WAY12,AWK 2.3 01-JUN-31,2026-08-19,2026-08-18,2031-06-01,4.783,2.3,88.914,4.9305,4.3581,57.24,-0.1
AWK,sample3_extension_2026-08-20,US03040WBA27,AWK 4.45 01-JUN-32,2026-08-19,2026-08-18,2032-06-01,5.7851,4.45,97.625,4.9258,4.4328,49.3,-0.0
AWK,sample3_extension_2026-08-20,US03040WAZ86,AWK 3.25 01-JUN-51,2026-08-18,2026-08-18,2051-06-01,24.7858,3.25,62.655,6.2259,5.28,94.59,-0.0
AXP,sample1,US025816CS64,AXP 2.55 04-MAR-27,2026-08-19,2026-08-18,2027-03-04,0.5394,2.55,99.218,4.0298,3.9102,11.96,-0.1
AXP,sample1,US025816CP26,AXP 3.3 03-MAY-27,2026-08-19,2026-08-18,2027-05-03,0.7036,3.3,99.405,4.1619,3.9386,22.33,-0.1
AXP,sample1,US0258M0EL96,AMERICAN EXPRESS CR CORP MEDIUM TERM NTS 3.3% 03May2027,2026-08-19,2026-08-18,2027-05-03,0.7036,3.3,99.429,4.1268,3.9386,18.82,-0.1
AXP,sample1,US025816DB21,AXP 5.85 05-NOV-27,2026-08-19,2026-08-18,2027-11-05,1.2129,5.85,101.702,4.2811,4.0326,24.85,10.6
AXP,sample1,US025816CW76,AXP 4.05 03-MAY-29,2026-08-19,2026-08-18,2029-05-03,2.705,4.05,99.037,4.4299,4.2393,19.06,-0.0
AXP,sample1,US025816AZ26,AMERICAN EXPRESS CO 8.15% 19Mar2038,2026-08-18,2026-08-18,2038-03-19,11.5838,8.15,122.696,5.4771,4.8003,67.68,0.0
AXP,sample1,US025816BF52,AMERICAN EXPRESS CO 4.05% 03Dec2042,2026-08-19,2026-08-18,2042-12-03,16.2902,4.05,82.002,5.7684,5.0685,69.99,-0.0
AZO,sample2,US053332AV43,AUTOZONE INC 3.75% 01Jun2027,2026-08-19,2026-08-18,2027-06-01,0.783,3.75,99.5,4.402,3.9524,44.96,-0.2
AZO,sample2,US053332BC52,AZO 4.5 01-FEB-28,2026-08-19,2026-08-18,2028-02-01,1.4538,4.5,99.903,4.5683,4.0808,48.75,-0.0
AZO,sample2,US053332AZ56,AUTOZONE INC 4% 15Apr2030,2026-08-19,2026-08-18,2030-04-15,3.655,4.0,96.912,4.9326,4.296,63.66,-0.1
AZO,sample2,US053332BB79,AZO 4.75 01-AUG-32,2026-08-19,2026-08-18,2032-08-01,5.9521,4.75,98.27,5.0902,4.4462,64.4,-0.0
AZO,sample2,US053332BD36,AZO 4.75 01-FEB-33,2026-08-19,2026-08-18,2033-02-01,6.4559,4.75,97.388,5.232,4.4865,74.55,-0.0
BA,sample3_extension_2026-08-20,US097023BU85,BOEING CO 2.8% 01Mar2027,2026-08-19,2026-08-18,2027-03-01,0.5311,2.8,99.127,4.4817,3.9087,57.3,-0.2
BA,sample3_extension_2026-08-20,US097023CU76,BOEING CO 5.04% 01May2027,2026-08-19,2026-08-18,2027-05-01,0.6982,5.04,100.362,4.3413,3.9377,40.36,15.6
BA,sample3_extension_2026-08-20,US097023BX25,BOEING CO 3.25% 01Mar2028,2026-08-19,2026-08-18,2028-03-01,1.5332,3.25,98.057,4.5782,4.0966,48.16,-0.2
BA,sample3_extension_2026-08-20,US097023CA13,BOEING CO 3.45% 01Nov2028,2026-08-19,2026-08-18,2028-11-01,2.204,3.45,97.556,4.6304,4.2043,42.61,-0.4
BA,sample3_extension_2026-08-20,US097023AE52,BOEING CO 8.75% 15Sep2031,2026-08-19,2026-08-18,2031-09-15,5.0732,8.75,116.134,5.0969,4.3759,72.1,0.2
BA,sample3_extension_2026-08-20,US097023AU94,BOEING CO 6.125% 15Feb2033,2026-08-19,2026-08-18,2033-02-15,6.4942,6.125,104.446,5.3057,4.4895,81.62,0.1
BA,sample3_extension_2026-08-20,US097023BK04,BOEING CO 3.3% 01Mar2035,2026-08-19,2026-08-18,2035-03-01,8.5311,3.3,84.827,5.5574,4.6219,93.55,-0.0
BA,sample3_extension_2026-08-20,US097023AS49,BOEING CO 6.625% 15Feb2038,2026-08-19,2026-08-18,2038-02-15,11.4935,6.625,107.702,5.7017,4.7951,90.66,0.1
BA,sample3_extension_2026-08-20,US097023BY08,BOEING CO 3.55% 01Mar2038,2026-08-19,2026-08-18,2038-03-01,11.5318,3.55,82.192,5.6754,4.7973,87.81,-0.0
BA,sample3_extension_2026-08-20,US097023AX34,BOEING CO 6.875% 15Mar2039,2026-08-19,2026-08-18,2039-03-15,12.5695,6.875,109.978,5.7486,4.8565,89.21,-0.0
BA,sample3_extension_2026-08-20,US097023BA22,BOEING CO 5.875% 15Feb2040,2026-08-19,2026-08-18,2040-02-15,13.4921,5.875,100.413,5.8302,4.9091,92.11,0.0
BA,sample3_extension_2026-08-20,US097023AN51,BA 6.875 15-OCT-43,2026-08-18,2026-08-18,2043-10-15,17.1581,6.875,106.39,6.261,5.118,114.3,0.0
BA,sample3_extension_2026-08-20,US097023BL86,BOEING CO 3.5% 01Mar2045,2026-08-19,2026-08-18,2045-03-01,18.5325,3.5,69.283,6.3413,5.1964,114.49,-0.0
BA,sample3_extension_2026-08-20,US097023BS30,BOEING CO 3.375% 15Jun2046,2026-08-11,2026-08-11,2046-06-15,19.8439,3.375,68.253,6.1709,5.2414,92.95,-0.0
BA,sample3_extension_2026-08-20,US097023BV68,BOEING CO 3.65% 01Mar2047,2026-08-13,2026-08-13,2047-03-01,20.5476,3.65,70.955,6.1611,5.2005,96.06,-0.0
BA,sample3_extension_2026-08-20,US097023BZ72,BOEING CO 3.625% 01Mar2048,2026-08-19,2026-08-18,2048-03-01,21.5332,3.625,69.26,6.2392,5.28,95.92,-0.0
BA,sample3_extension_2026-08-20,US097023CB95,BOEING CO 3.85% 01Nov2048,2026-08-19,2026-08-18,2048-11-01,22.204,3.85,71.446,6.244,5.28,96.4,-0.0
BA,sample3_extension_2026-08-20,US097023CW33,BOEING CO 5.805% 01May2050,2026-08-19,2026-08-18,2050-05-01,23.6988,5.805,95.072,6.2038,5.28,92.38,0.0
BAC,sample3_extension_2026-08-20,US338915AH41,BANK OF AMERICA  CORP 6.875% 15Jan2028,2026-08-19,2026-08-18,2028-01-15,1.4073,6.875,103.543,4.2425,4.0715,17.1,0.8
BAC,sample3_extension_2026-08-20,US638585BF51,BANK OF AMERICA CORP 6.8% 15Mar2028,2026-08-19,2026-08-18,2028-03-15,1.5715,6.8,102.935,4.8324,4.1043,72.81,0.2
BAC,sample3_extension_2026-08-20,US338915AM36,BANK OF AMERICA  CORP 6.7% 15Jul2028,2026-08-19,2026-08-18,2028-07-15,1.9055,6.7,104.4626,4.2313,4.1711,6.02,0.3
BAC,sample3_extension_2026-08-20,US06050XA944,Bank of America Corporation 6.05% 15feb2038,2026-08-19,2026-08-18,2038-02-15,11.4935,6.05,106.4315,5.3012,4.7951,50.61,-0.5
BAC,sample3_extension_2026-08-20,US06051GEN51,BANK OF AMERICA  CORP 5.875% 07Feb2042,2026-08-19,2026-08-18,2042-02-07,15.4716,5.875,101.266,5.75,5.0219,72.81,0.0
BALL,sample3_extension_2026-08-20,US058498AW66,BALL CORP 2.875% 15Aug2030,2026-08-19,2026-08-18,2030-08-15,3.989,2.875,91.253,5.3401,4.3144,102.57,-0.2
BAX,sample3_extension_2026-08-20,US071813CL19,BAX 1.915 01-FEB-27,2026-08-19,2026-08-18,2027-02-01,0.4545,1.915,98.77,4.7186,3.8954,82.32,-3.9
BAX,sample3_extension_2026-08-20,US071813CP23,BAX 2.272 01-DEC-28,2026-08-19,2026-08-18,2028-12-01,2.2861,2.272,94.434,4.879,4.21,66.9,-0.6
BAX,sample3_extension_2026-08-20,US071813BY49,BAX 3.95 01-APR-30,2026-08-19,2026-08-18,2030-04-01,3.6167,3.95,96.39,5.0541,4.2939,76.02,-0.1
BAX,sample3_extension_2026-08-20,US071813CB37,BAX 1.73 01-APR-31,2026-08-19,2026-08-18,2031-04-01,4.616,1.73,85.2887,5.3718,4.3489,102.29,-0.2
BAX,sample3_extension_2026-08-20,US071813CS61,BAX 2.539 01-FEB-32,2026-08-19,2026-08-18,2032-02-01,5.4538,2.539,86.471,5.442,4.4063,103.57,-0.3
BAX,sample3_extension_2026-08-20,US071813BP32,BAXTER INTL INC 3.5% 15Aug2046,2026-08-17,2026-08-17,2046-08-15,19.9945,3.5,68.4,6.3023,5.2997,100.26,-0.1
BAX,sample3_extension_2026-08-20,US071813CV90,BAX 3.132 01-DEC-51,2026-08-12,2026-08-12,2051-12-01,25.3032,3.132,59.21,6.411,5.24,117.1,-0.0
BBY,sample3_extension_2026-08-20,US08652BAA70,BEST BUY CO INC 4.45% 01Oct2028,2026-08-19,2026-08-18,2028-10-01,2.1191,4.45,99.548,4.6748,4.1983,47.65,-0.1
BDX,sample3_extension_2026-08-20,US075887CQ08,BDX 4.693 13-FEB-28,2026-08-19,2026-08-18,2028-02-13,1.4867,4.693,100.219,4.5313,4.0873,44.4,0.7
BDX,sample3_extension_2026-08-20,US075887CP25,BDX 4.298 22-AUG-32,2026-08-19,2026-08-18,2032-08-22,6.0096,4.298,96.191,5.0409,4.4508,59.01,-0.0
BF-B,sample3_extension_2026-08-20,US115637AT79,BROWN FORMAN CORP 4% 15Apr2038,2026-08-18,2026-08-18,2038-04-15,11.6578,4.0,87.66,5.443,4.8045,63.85,-0.0
BIIB,sample2,US09062XAH61,BIOGEN INC 2.25% 01May2030,2026-08-19,2026-08-18,2030-05-01,3.6988,2.25,91.182,4.8848,4.2984,58.64,-0.1
BIIB,sample2,US09062XAD57,BIOGEN INC 5.2% 15Sep2045,2026-08-19,2026-08-18,2045-09-15,19.0746,5.2,89.647,6.1275,5.2273,90.02,-0.0
BIIB,sample2,US09062XAG88,BIOGEN INC 3.15% 01May2050,2026-08-19,2026-08-18,2050-05-01,23.6988,3.15,62.3116,6.2072,5.28,92.72,-0.0
BIIB,sample2,US09062XAK90,BIIB 3.25 15-FEB-51,2026-08-18,2026-08-18,2051-02-15,24.4956,3.25,62.07,6.313,5.28,103.3,-0.0
BKNG,sample3_extension_2026-08-20,US741503BC97,PRICELINE GROUP INC 3.55% 15Mar2028,2026-08-19,2026-08-18,2028-03-15,1.5715,3.55,98.51,4.5428,4.1043,43.85,-0.1
BKR,sample3_extension_2026-08-20,US05723KAE01,BAKER HUGHES A GE CO LLC / BAKER HUGHES 3.337% 15Dec2027,2026-08-19,2026-08-18,2027-12-15,1.3224,3.337,98.679,4.375,4.0545,32.05,-0.2
BKR,sample3_extension_2026-08-20,US05723KAF75,BAKER HUGHES A GE CO LLC / BAKER HUGHES 4.08% 15Dec2047,2026-08-19,2026-08-18,2047-12-15,21.3224,4.08,76.9125,6.0155,5.28,73.55,-0.0
BLDR,sample3_extension_2026-08-20,US12008RAN70,Builders FirstSource 5% 1mar2030 USD,2026-08-19,2026-08-18,2030-03-01,3.5318,5.0,97.625,5.7523,4.2893,146.3,-0.0
BLDR,sample3_extension_2026-08-20,US12008RAR84,BLDR 6.375 15-JUN-32,2026-08-19,2026-08-18,2032-06-15,5.8234,6.375,100.5,6.2225,4.4359,178.66,4.6
BLK,sample1,US09247XAN12,BLACKROCK INC 3.2% 15Mar2027,2026-08-19,2026-08-18,2027-03-15,0.5695,3.2,99.419,4.2398,3.9154,32.44,-0.0
BLK,sample1,US09247XAP69,BLACKROCK INC 3.25% 30Apr2029,2026-08-19,2026-08-18,2029-04-30,2.6968,3.25,97.017,4.4351,4.2388,19.63,-0.1
BLK,sample1,US09247XAS09,BLK 2.1 25-FEB-32,2026-08-19,2026-08-18,2032-02-25,5.5195,2.1,86.7862,4.8607,4.4116,44.91,-0.3
BMY,sample3_extension_2026-08-20,US110122AB49,BRISTOL MYERS SQUIBB CO 6.8% 15Nov2026,2026-08-19,2026-08-18,2026-11-15,0.2409,6.8,100.645,3.9714,3.86,11.14,7.6
BMY,sample3_extension_2026-08-20,US110122BB30,BRISTOL MYERS SQUIBB CO 3.25% 27Feb2027,2026-08-19,2026-08-18,2027-02-27,0.5257,3.25,99.616,4.0032,3.9078,9.54,-0.9
BMY,sample3_extension_2026-08-20,US110122DU92,BMY 2.95 15-MAR-32,2026-08-19,2026-08-18,2032-03-15,5.5715,2.95,90.775,4.8601,4.4157,44.44,-0.1
BMY,sample3_extension_2026-08-20,US110122DV75,BMY 3.55 15-MAR-42,2026-08-19,2026-08-18,2042-03-15,15.5702,3.55,77.07,5.8071,5.0275,77.96,-0.0
BMY,sample3_extension_2026-08-20,US110122AU20,BRISTOL MYERS SQUIBB CO 3.25% 01Aug2042,2026-08-19,2026-08-18,2042-08-01,15.9507,3.25,73.154,5.8642,5.0492,81.5,-0.0
BMY,sample3_extension_2026-08-20,US110122DW58,BMY 3.7 15-MAR-52,2026-08-19,2026-08-18,2052-03-15,25.5715,3.7,69.217,6.0899,5.28,80.99,-0.0
BMY,sample3_extension_2026-08-20,US110122DX32,BMY 3.9 15-MAR-62,2026-08-14,2026-08-14,2062-03-15,35.5838,3.9,67.763,6.1394,5.25,88.94,-0.0
BNY,sample2,US06406FAE34,BANK NEW YORK MELLON CORP MEDIUM TERM SR 2.45% 17Aug2026,2026-08-13,2026-08-13,2026-08-17,0.011,2.45,99.987,3.9628,3.87,9.28,-33.7
BNY,sample2,US06406RAD98,BANK NEW YORK MELLON CORP MEDIUM TERM SR 3.25% 16May2027,2026-08-19,2026-08-18,2027-05-16,0.7392,3.25,99.35,4.1466,3.9448,20.18,-0.0
BNY,sample2,US06406RAF47,BANK NEW YORK MELLON CORP MEDIUM TERM SR 3.4% 29Jan2028,2026-08-19,2026-08-18,2028-01-29,1.4456,3.4,98.87,4.2148,4.0791,13.57,-0.2
BNY,sample2,US06406RAH03,BANK NEW YORK MELLON CORP MEDIUM TERM SR 3.85% 28Apr2028,2026-08-19,2026-08-18,2028-04-28,1.692,3.85,99.2074,4.3388,4.1284,21.04,-0.1
BNY,sample2,US06406GAA94,BANK NEW YORK MELLON CORP MEDIUM TERM SR 3% 30Oct2028,2026-08-19,2026-08-18,2028-10-30,2.1985,3.0,96.747,4.5729,4.2039,36.9,-0.3
BNY,sample2,US06406YAA01,BANK NEW YORK MELLON CORP MEDIUM TERM SR 3.3% 23Aug2029,2026-08-19,2026-08-18,2029-08-23,3.0116,3.3,95.926,4.7697,4.2606,50.91,-0.2
BR,sample2,US11133TAD54,BROADRIDGE FINL SOLUTIONS INC 2.9% 01Dec2029,2026-08-19,2026-08-18,2029-12-01,3.2854,2.9,93.734,4.993,4.2757,71.73,-0.3
BR,sample2,US11133TAE38,BROADRIDGE FINL SOLUTIONS INC 2.6% 01May2031,2026-08-18,2026-08-18,2031-05-01,4.7009,2.6,89.024,5.2657,4.3535,91.22,-0.1
BRK-B,sample3_extension_2026-08-20,US084659AM36,BERKSHIRE HATHAWAY ENERGY CO 3.25% 15Apr2028,2026-08-19,2026-08-18,2028-04-15,1.6564,3.25,98.187,4.3969,4.1213,27.56,-0.2
BRK-B,sample3_extension_2026-08-20,US084664BL47,BERKSHIRE HATHAWAY FIN CORP 5.75% 15Jan2040,2026-08-19,2026-08-18,2040-01-15,13.4073,5.75,103.4777,5.3818,4.9042,47.76,0.0
BRK-B,sample3_extension_2026-08-20,US084664BU46,BERKSHIRE HATHAWAY FIN CORP 4.4% 15May2042,2026-08-19,2026-08-18,2042-05-15,15.7372,4.4,86.345,5.7276,5.037,69.06,-0.0
BRK-B,sample3_extension_2026-08-20,US084670BK32,BERKSHIRE HATHAWAY INC DEL 4.5% 11Feb2043,2026-08-19,2026-08-18,2043-02-11,16.4819,4.5,86.677,5.7631,5.0795,68.36,-0.0
BRK-B,sample3_extension_2026-08-20,US084664BV29,BERKSHIRE HATHAWAY FIN CORP 4.3% 15May2043,2026-08-19,2026-08-18,2043-05-15,16.7365,4.3,86.327,5.5656,5.094,47.16,-0.0
BRK-B,sample3_extension_2026-08-20,US084659AF84,BERKSHIRE HATHAWAY ENERGY CO 4.5% 01Feb2045,2026-08-19,2026-08-18,2045-02-01,18.4559,4.5,82.812,6.06,5.192,86.8,-0.0
BRK-B,sample3_extension_2026-08-20,US084659AP66,BERKSHIRE HATHAWAY ENERGY CO 3.8% 15Jul2048,2026-08-19,2026-08-18,2048-07-15,21.9055,3.8,72.441,6.096,5.28,81.6,-0.0
BRK-B,sample3_extension_2026-08-20,US084664CQ25,BERKSHIRE HATHAWAY FIN CORP 4.2% 15Aug2048,2026-08-19,2026-08-18,2048-08-15,21.9904,4.2,78.232,5.9946,5.28,71.46,-0.0
BRK-B,sample3_extension_2026-08-20,US084659AR23,BERKSHIRE HATHAWAY ENERGY CO 4.45% 15Jan2049,2026-08-19,2026-08-18,2049-01-15,22.4093,4.45,79.573,6.1398,5.28,85.98,-0.0
BRK-B,sample3_extension_2026-08-20,US084664CR08,BERKSHIRE HATHAWAY FIN CORP 4.25% 15Jan2049,2026-08-19,2026-08-18,2049-01-15,22.4093,4.25,78.651,5.9937,5.28,71.37,-0.0
BRO,sample2,US115236AE14,BRO 4.2 17-MAR-32,2026-08-19,2026-08-18,2032-03-17,5.577,4.2,94.159,5.4275,4.4162,101.13,-0.0
BRO,sample2,US115236AF88,BRO 4.95 17-MAR-52,2026-08-12,2026-08-12,2052-03-17,25.5962,4.95,80.924,6.487,5.24,124.7,-0.0
BSX,sample1,US101137AS67,BOSTON SCIENTIFIC CORP 4% 01Mar2028,2026-08-19,2026-08-18,2028-03-01,1.5332,4.0,99.759,4.1634,4.0966,6.68,-0.0
BSX,sample1,US101137AX52,BOSTON SCIENTIFIC CORP 4% 01Mar2029,2026-08-12,2026-08-12,2029-03-01,2.5517,4.0,98.993,4.4211,4.2276,19.35,-0.0
BSX,sample1,US101137BA41,BOSTON SCIENTIFIC CORP 2.65% 01Jun2030,2026-08-19,2026-08-18,2030-06-01,3.7837,2.65,92.708,4.7801,4.3031,47.7,-0.2
BSX,sample1,US101137AT41,BOSTON SCIENTIFIC CORP 4.55% 01Mar2039,2026-08-19,2026-08-18,2039-03-01,12.5311,4.55,91.435,5.505,4.8543,65.07,-0.0
BSX,sample1,US101137AL15,BOSTON SCIENTIFIC CORP 7.375% 15Jan2040,2026-08-19,2026-08-18,2040-01-15,13.4073,7.375,116.535,5.6033,4.9042,69.91,0.0
BSX,sample1,US101137AU14,BOSTON SCIENTIFIC CORP 4.7% 01Mar2049,2026-08-12,2026-08-12,2049-03-01,22.5517,4.7,85.339,5.882,5.24,64.2,-0.0
BXP,sample3_extension_2026-08-20,US10112RBG83,BXP 6.75 01-DEC-27,2026-08-19,2026-08-18,2027-12-01,1.2841,6.75,102.604,4.488,4.0468,44.12,14.2
BXP,sample3_extension_2026-08-20,US10112RBF01,BXP 2.45 01-OCT-33,2026-08-19,2026-08-18,2033-10-01,7.1184,2.45,81.773,5.59,4.5371,105.29,-0.2
C,sample3_extension_2026-08-20,US172967KY63,CITIGROUP INC 3.2% 21Oct2026,2026-08-19,2026-08-18,2026-10-21,0.1725,3.2,99.81,4.2841,3.86,42.41,1.1
C,sample3_extension_2026-08-20,US172967JC62,CITIGROUP INC 4.3% 20Nov2026,2026-08-18,2026-08-18,2026-11-20,0.2574,4.3,99.959,4.4171,3.8613,55.58,2.2
C,sample3_extension_2026-08-20,US172967KA87,CITIGROUP INC 4.45% 29Sep2027,2026-08-19,2026-08-18,2027-09-29,1.1116,4.45,99.908,4.5321,4.0123,51.98,-0.0
C,sample3_extension_2026-08-20,US172967AR23,CITIGROUP INC 6.625% 15Jan2028,2026-08-19,2026-08-18,2028-01-15,1.4073,6.625,103.062,4.3472,4.0715,27.57,0.7
C,sample3_extension_2026-08-20,US172967KU42,CITIGROUP INC 4.125% 25Jul2028,2026-08-19,2026-08-18,2028-07-25,1.9329,4.125,99.067,4.6343,4.1766,45.77,-0.1
C,sample3_extension_2026-08-20,US172967BL44,CITIGROUP INC 6.625% 15Jun2032,2026-08-19,2026-08-18,2032-06-15,5.8234,6.625,107.076,5.1983,4.4359,76.24,0.1
C,sample3_extension_2026-08-20,US172967BU43,CITIGROUP INC 5.875% 22Feb2033,2026-08-19,2026-08-18,2033-02-22,6.5133,5.875,102.328,5.4452,4.4911,95.41,0.0
C,sample3_extension_2026-08-20,US172967CC36,CITIGROUP INC 6% 31Oct2033,2026-08-19,2026-08-18,2033-10-31,7.2005,6.0,103.72,5.3682,4.542,82.62,0.0
C,sample3_extension_2026-08-20,US172967CT60,CITIGROUP INC 5.85% 11Dec2034,2026-08-19,2026-08-18,2034-12-11,8.3121,5.85,104.0,5.2484,4.6087,63.97,0.0
C,sample3_extension_2026-08-20,US172967EC18,CITIGROUP INC 5.875% 29May2037,2026-08-19,2026-08-18,2037-05-29,10.7762,5.875,99.2599,5.9677,4.7542,121.35,0.0
C,sample3_extension_2026-08-20,US172967EP21,CITIGROUP INC 6.875% 05Mar2038,2026-08-19,2026-08-18,2038-03-05,11.5428,6.875,110.181,5.6611,4.7979,86.32,0.0
C,sample3_extension_2026-08-20,US172967EW71,CITIGROUP INC 8.125% 15Jul2039,2026-08-19,2026-08-18,2039-07-15,12.9035,8.125,121.829,5.7101,4.8755,83.46,0.0
C,sample3_extension_2026-08-20,US172967FX46,CITIGROUP INC 5.875% 30Jan2042,2026-08-19,2026-08-18,2042-01-30,15.4497,5.875,103.33,5.5507,5.0206,53.01,0.0
C,sample3_extension_2026-08-20,US172967HA25,CITIGROUP INC 6.675% 13Sep2043,2026-08-19,2026-08-18,2043-09-13,17.0678,6.675,106.46,6.0617,5.1129,94.88,0.0
C,sample3_extension_2026-08-20,US172967HS33,CITIGROUP INC 5.3% 06May2044,2026-08-19,2026-08-18,2044-05-06,17.7139,5.3,91.178,6.122,5.1497,97.23,-0.0
C,sample3_extension_2026-08-20,US172967JU60,CITIGROUP INC 4.65% 30Jul2045,2026-08-19,2026-08-18,2045-07-30,18.9459,4.65,85.236,5.9606,5.2199,74.07,-0.0
C,sample3_extension_2026-08-20,US172967KR13,CITIGROUP INC 4.75% 18May2046,2026-08-19,2026-08-18,2046-05-18,19.7454,4.75,82.647,6.297,5.2655,103.15,-0.0
C,sample3_extension_2026-08-20,US172967MD09,CITIGROUP INC 4.65% 23Jul2048,2026-08-18,2026-08-18,2048-07-23,21.9302,4.65,82.685,6.091,5.28,81.1,-0.0
C,sample3_extension_2026-08-20,US172967AS06,CITIGROUP INC 6.875% 15Feb2098,2026-08-19,2026-08-18,2098-02-15,71.4935,6.875,109.186,6.2901,5.28,101.01,0.0
CAH,sample2,US14149YBJ64,CARDINAL HEALTH INC 3.41% 15Jun2027,2026-08-19,2026-08-18,2027-06-15,0.8214,3.41,99.237,4.3627,3.959,40.37,-0.2
CAH,sample2,US14149YAW84,CARDINAL HEALTH INC 4.6% 15Mar2043,2026-08-19,2026-08-18,2043-03-15,16.5695,4.6,84.279,6.123,5.0845,103.85,-0.0
CAH,sample2,US14149YBB39,CARDINAL HEALTH INC 4.5% 15Nov2044,2026-08-19,2026-08-18,2044-11-15,18.2423,4.5,82.033,6.152,5.1798,97.22,-0.0
CAH,sample2,US14149YBD94,CARDINAL HEALTH INC 4.9% 15Sep2045,2026-08-19,2026-08-18,2045-09-15,19.0746,4.9,85.613,6.1959,5.2273,96.86,-0.0
CAH,sample2,US14149YBM93,CARDINAL HEALTH INC 4.368% 15Jun2047,2026-08-17,2026-08-17,2047-06-15,20.8268,4.368,78.601,6.213,5.3008,91.22,-0.0
CARR,sample2,US14448CAP95,CARRIER GLOBAL CORP 2.493% 15Feb2027,2026-08-19,2026-08-18,2027-02-15,0.4928,2.493,99.078,4.429,3.9021,52.69,-2.5
CARR,sample2,US14448CAQ78,CARRIER GLOBAL CORP 2.722% 15Feb2030,2026-08-19,2026-08-18,2030-02-15,3.4935,2.722,93.298,4.834,4.2871,54.69,-0.4
CARR,sample2,US14448CAL81,CARRIER GLOBAL CORP 2.7% 15Feb2031,2026-08-19,2026-08-18,2031-02-15,4.4928,2.7,91.303,4.8821,4.3421,54.0,-0.3
CARR,sample2,US14448CAR51,CARRIER GLOBAL CORP 3.377% 05Apr2040,2026-08-19,2026-08-18,2040-04-05,13.629,3.377,78.409,5.673,4.9169,75.61,-0.0
CARR,sample2,US14448CAS35,CARRIER GLOBAL CORP 3.577% 05Apr2050,2026-08-18,2026-08-18,2050-04-05,23.6304,3.577,68.749,6.088,5.28,80.8,-0.0
CAT,sample3_extension_2026-08-20,US14912L6T33,CATERPILLAR FINL SVCS CORP MEDIUM TERM N 2.4% 09Aug2026,2026-08-03,2026-08-03,2026-08-09,0.0164,2.4,99.966,4.79,3.91,88.0,-32.2
CAT,sample3_extension_2026-08-20,US14913R2Q92,CAT 1.15 14-SEP-26,2026-08-19,2026-08-18,2026-09-14,0.0712,1.15,99.765,4.6627,3.86,80.27,-18.0
CAT,sample3_extension_2026-08-20,US14913R2U05,CAT 1.7 08-JAN-27,2026-08-19,2026-08-18,2027-01-08,0.3888,1.7,99.017,4.2981,3.8841,41.4,-2.6
CAT,sample3_extension_2026-08-20,US14913R3A32,CAT 3.6 12-AUG-27,2026-08-19,2026-08-18,2027-08-12,0.9802,3.6,99.391,4.2416,3.9866,25.5,-0.1
CAT,sample3_extension_2026-08-20,US149123CK50,CAT 1.9 12-MAR-31,2026-08-19,2026-08-18,2031-03-12,4.5613,1.9,88.527,4.7254,4.3459,37.95,-0.0
CAT,sample3_extension_2026-08-20,US149123BL43,CATERPILLAR INC 5.3% 15Sep2035,2026-08-19,2026-08-18,2035-09-15,9.0732,5.3,101.337,5.1134,4.6544,45.9,0.0
CAT,sample3_extension_2026-08-20,US149123BN09,CATERPILLAR INC 6.05% 15Aug2036,2026-08-19,2026-08-18,2036-08-15,9.9904,6.05,106.877,5.16,4.7094,45.06,0.0
CAT,sample3_extension_2026-08-20,US149123BS95,CATERPILLAR INC 5.2% 27May2041,2026-08-19,2026-08-18,2041-05-27,14.7707,5.2,97.4031,5.4575,4.9819,47.56,-0.0
CAT,sample3_extension_2026-08-20,US149123CB51,CATERPILLAR INC 3.803% 15Aug2042,2026-08-19,2026-08-18,2042-08-15,15.989,3.803,80.878,5.6331,5.0514,58.17,-0.0
CAT,sample3_extension_2026-08-20,US149123CD18,CATERPILLAR INC 4.3% 15May2044,2026-08-17,2026-08-17,2044-05-15,17.744,4.3,83.55,5.7958,5.1692,62.66,-0.0
CAT,sample3_extension_2026-08-20,US149123CE90,CATERPILLAR INC 4.75% 15May2064,2026-08-19,2026-08-18,2064-05-15,37.7385,4.75,84.11,5.7903,5.28,51.03,-0.0
CB,sample1,US171232AE11,CHUBB CORP 6.8% 15Nov2031,2026-08-19,2026-08-18,2031-11-15,5.2402,6.8,108.427,4.951,4.3892,56.18,0.1
CB,sample1,US00440EAH09,ACE INA HLDGS INC 6.7% 15May2036,2026-08-19,2026-08-18,2036-05-15,9.7385,6.7,109.567,5.4209,4.6943,72.66,0.0
CB,sample1,US171232AQ41,CHUBB CORP 6% 11May2037,2026-08-19,2026-08-18,2037-05-11,10.7269,6.0,104.562,5.4319,4.7514,68.05,0.0
CB,sample1,US171232AS07,CHUBB CORP 6.5% 15May2038,2026-08-19,2026-08-18,2038-05-15,11.7372,6.5,109.456,5.4004,4.809,59.14,0.0
CB,sample1,US00440EAQ08,ACE INA HLDGS INC 4.15% 13Mar2043,2026-08-18,2026-08-18,2043-03-13,16.5667,4.15,81.83,5.881,5.0843,79.67,0.0
CB,sample1,US00440EAW75,ACE INA HLDGS INC 4.35% 03Nov2045,2026-08-19,2026-08-18,2045-11-03,19.2088,4.35,82.781,5.8544,5.2349,61.95,-0.0
CBOE,sample2,US12503MAA62,CBOE GLOBAL MKTS INC 3.65% 12Jan2027,2026-08-19,2026-08-18,2027-01-12,0.3997,3.65,99.767,4.2343,3.886,34.83,0.2
CBOE,sample2,US12503MAD02,CBOE 3 16-MAR-32,2026-08-19,2026-08-18,2032-03-16,5.5743,3.0,89.8046,5.1261,4.4159,71.02,-0.1
CCI,sample3_extension_2026-08-20,US22822VAE11,CROWN CASTLE INTL CORP NEW 4% 01Mar2027,2026-08-19,2026-08-18,2027-03-01,0.5311,4.0,99.823,4.3387,3.9087,43.0,-0.0
CCI,sample3_extension_2026-08-20,US22822VAZ40,CCI 2.9 15-MAR-27,2026-08-19,2026-08-18,2027-03-15,0.5695,2.9,99.097,4.5206,3.9154,60.52,-0.0
CCI,sample3_extension_2026-08-20,US22822VAH42,CROWN CASTLE INTL CORP NEW 3.65% 01Sep2027,2026-08-19,2026-08-18,2027-09-01,1.0349,3.65,99.275,4.376,3.997,37.9,-0.3
CCI,sample3_extension_2026-08-20,US22822VBA89,CCI 5 11-JAN-28,2026-08-19,2026-08-18,2028-01-11,1.3963,5.0,101.191,4.0554,4.0693,1.0,5.5
CCI,sample3_extension_2026-08-20,US22822VAK70,CROWN CASTLE INTL CORP NEW 3.8% 15Feb2028,2026-08-19,2026-08-18,2028-02-15,1.4921,3.8,98.667,4.7391,4.0884,65.07,-0.4
CCI,sample3_extension_2026-08-20,US22822VAL53,CROWN CASTLE INTL CORP NEW 4.3% 15Feb2029,2026-08-19,2026-08-18,2029-02-15,2.4942,4.3,98.69,4.8655,4.2246,64.09,-0.2
CCL,sample2,US143658AH53,CARNIVAL CORP 6.65% 15Jan2028,2026-08-19,2026-08-18,2028-01-15,1.4073,6.65,102.279,4.9437,4.0715,87.22,0.5
CDW,sample2,US12513GBD07,CDW LLC / CDW FIN CORP 4.25% 01Apr2028,2026-08-19,2026-08-18,2028-04-01,1.6181,4.25,98.417,5.283,4.1136,116.94,-0.3
CDW,sample2,US12513GBF54,CDW LLC / CDW FIN CORP 3.25% 15Feb2029,2026-08-19,2026-08-18,2029-02-15,2.4942,3.25,95.466,5.218,4.2246,99.34,-0.6
CEG,sample3_extension_2026-08-20,US314382AA01,CEG 3.046 31-JAN-27,2026-08-19,2026-08-18,2027-01-31,0.4517,3.046,99.371,4.4819,3.895,58.69,-1.7
CEG,sample3_extension_2026-08-20,US210385AB64,CEG 5.6 01-MAR-28,2026-08-19,2026-08-18,2028-03-01,1.5332,5.6,102.19,4.0285,4.0966,1.0,8.2
CEG,sample3_extension_2026-08-20,US210371AF74,CONSTELLATION ENERGY GROUP INC MARYLAND 7.6% 01Apr2032,2026-08-19,2026-08-18,2032-04-01,5.6181,7.6,110.961,5.3143,4.4194,89.49,0.1
CEG,sample3_extension_2026-08-20,US210385AC48,CEG 5.8 01-MAR-33,2026-08-19,2026-08-18,2033-03-01,6.5325,5.8,102.947,5.2441,4.4926,75.15,1.7
CF,sample3_extension_2026-08-20,US12527GAF00,CF Industries 5.15% 15mar2034 USD,2026-08-19,2026-08-18,2034-03-15,7.5702,5.15,98.149,5.451,4.5642,88.68,0.0
CF,sample3_extension_2026-08-20,US12527GAD51,CF Industries 4.95% 1jun2043 USD,2026-08-19,2026-08-18,2043-06-01,16.783,4.95,88.583,6.0411,5.0966,94.45,-0.0
CFG,sample2,US174610AT28,CITIZENS FINL GROUP INC 3.25% 30Apr2030,2026-08-19,2026-08-18,2030-04-30,3.6961,3.25,94.4,4.925,4.2983,62.67,-0.1
CHD,sample2,US171340AN27,CHURCH & DWIGHT INC 3.15% 01Aug2027,2026-08-19,2026-08-18,2027-08-01,0.95,3.15,98.993,4.2442,3.9813,26.29,-0.3
CHD,sample2,US17136MAA09,CHD 2.3 15-DEC-31,2026-08-19,2026-08-18,2031-12-15,5.3224,2.3,87.8102,4.9326,4.3958,53.68,-0.1
CHD,sample2,US17136MAC64,CHD 5.6 15-NOV-32,2026-08-19,2026-08-18,2032-11-15,6.2423,5.6,103.536,4.9106,4.4694,44.12,2.3
CHD,sample2,US171340AL60,CHURCH & DWIGHT INC 3.95% 01Aug2047,2026-08-19,2026-08-18,2047-08-01,20.95,3.95,76.31,5.9416,5.28,66.16,-0.0
CHD,sample2,US17136MAB81,CHD 5 15-JUN-52,2026-08-05,2026-08-05,2052-06-15,25.8617,5.0,88.168,5.897,5.1741,72.29,-0.0
CHRW,sample3_extension_2026-08-20,US12541WAA80,C H ROBINSON WORLDWIDE INC 4.2% 15Apr2028,2026-08-19,2026-08-18,2028-04-15,1.6564,4.2,99.1618,4.7299,4.1213,60.86,-0.1
CHTR,sample2,US161175BJ23,CHARTER COMMUNICATIONS OPER LLC / CHARTE 3.75% 15Feb2028,2026-08-19,2026-08-18,2028-02-15,1.4921,3.75,98.108,5.0875,4.0884,99.91,-0.5
CHTR,sample2,US161175BK95,CHARTER COMMUNICATIONS OPER LLC / CHARTE 4.2% 15Mar2028,2026-08-19,2026-08-18,2028-03-15,1.5715,4.2,98.744,5.0403,4.1043,93.6,-0.1
CHTR,sample2,US161175BR49,CHARTER COMMUNICATIONS OPER LLC / CHARTE 5.05% 30Mar2029,2026-08-19,2026-08-18,2029-03-30,2.6119,5.05,99.312,5.3334,4.2328,110.06,-0.0
CHTR,sample2,US1248EPCS01,CHTR 6.375 01-SEP-29,2026-08-19,2026-08-18,2029-09-01,3.0363,6.375,100.209,6.1598,4.262,189.78,13.7
CHTR,sample2,US1248EPCT83,CHTR 7.375 01-MAR-31,2026-08-18,2026-08-18,2031-03-01,4.5339,7.375,101.052,6.6395,4.3444,229.51,45.9
CHTR,sample2,US161175BU77,CHARTER COMMUNICATIONS OPER LLC / CHARTE 2.8% 01Apr2031,2026-08-19,2026-08-18,2031-04-01,4.616,2.8,88.078,5.7798,4.3489,143.09,-0.1
CHTR,sample2,US161175BX17,CHARTER COMMUNICATIONS OPER LLC / CHARTE 2.3% 01Feb2032,2026-08-19,2026-08-18,2032-02-01,5.4538,2.3,83.543,5.8737,4.4063,146.74,-0.4
CHTR,sample2,US161175CJ14,CHTR 4.4 01-APR-33,2026-08-19,2026-08-18,2033-04-01,6.6174,4.4,90.41,6.1878,4.4994,168.84,-0.1
CHTR,sample2,US161175AZ73,CHARTER COMMUNICATIONS OPER LLC / CHARTE 6.384% 23Oct2035,2026-08-19,2026-08-18,2035-10-23,9.1773,6.384,97.916,6.6898,4.6606,202.92,-0.0
CHTR,sample2,US161175BM51,CHARTER COMMUNICATIONS OPER LLC / CHARTE 5.375% 01Apr2038,2026-08-19,2026-08-18,2038-04-01,11.6167,5.375,87.5363,6.956,4.8022,215.38,-0.0
CHTR,sample2,US161175BZ64,CHARTER COMMUNICATIONS OPER LLC / CHARTE 3.5% 01Jun2041,2026-08-19,2026-08-18,2041-06-01,14.7844,3.5,67.339,7.1041,4.9827,212.14,-0.1
CHTR,sample2,US161175CE27,CHTR 3.5 01-MAR-42,2026-08-19,2026-08-18,2042-03-01,15.5318,3.5,67.225,6.9929,5.0253,196.76,-0.0
CHTR,sample2,US161175BA14,CHARTER COMMUNICATIONS OPER LLC / CHARTE 6.484% 23Oct2045,2026-08-19,2026-08-18,2045-10-23,19.1786,6.484,89.032,7.5764,5.2332,234.32,-0.0
CHTR,sample2,US161175BL78,CHARTER COMMUNICATIONS OPER LLC / CHARTE 5.375% 01May2047,2026-08-19,2026-08-18,2047-05-01,20.6982,5.375,76.679,7.6334,5.28,235.34,-0.0
CHTR,sample2,US161175BN35,CHARTER COMMUNICATIONS OPER LLC / CHARTE 5.75% 01Apr2048,2026-08-19,2026-08-18,2048-04-01,21.6181,5.75,81.516,7.4888,5.28,220.88,-0.1
CHTR,sample2,US161175BS22,CHARTER COMMUNICATIONS OPER LLC / CHARTE 5.125% 01Jul2049,2026-08-18,2026-08-18,2049-07-01,22.8693,5.125,72.846,7.658,5.28,237.8,-0.0
CHTR,sample2,US161175BT05,CHARTER COMMUNICATIONS OPER LLC / CHARTE 4.8% 01Mar2050,2026-08-13,2026-08-13,2050-03-01,23.5483,4.8,70.896,7.4365,5.2035,223.3,-0.0
CHTR,sample2,US161175BV50,CHARTER COMMUNICATIONS OPER LLC / CHARTE 3.7% 01Apr2051,2026-08-19,2026-08-18,2051-04-01,24.616,3.7,59.2,7.2901,5.28,201.01,-0.0
CHTR,sample2,US161175CA05,CHARTER COMMUNICATIONS OPER LLC / CHARTE 3.9% 01Jun2052,2026-08-19,2026-08-18,2052-06-01,25.7851,3.9,60.631,7.315,5.28,203.5,-0.0
CHTR,sample2,US161175CK86,CHTR 5.25 01-APR-53,2026-08-19,2026-08-18,2053-04-01,26.6174,5.25,75.027,7.412,5.28,213.2,-0.0
CHTR,sample2,US161175BC79,CHARTER COMMUNICATIONS OPER LLC / CHARTE 6.834% 23Oct2055,2026-08-19,2026-08-18,2055-10-23,29.1773,6.834,90.483,7.6527,5.28,237.27,-0.0
CHTR,sample2,US161175BY99,CHARTER COMMUNICATIONS OPER LLC / CHARTE 3.85% 01Apr2061,2026-08-19,2026-08-18,2061-04-01,34.6174,3.85,56.589,7.312,5.28,203.2,-0.0
CHTR,sample2,US161175CC60,CHARTER COMMUNICATIONS OPER LLC / CHARTE 4.4% 01Dec2061,2026-08-19,2026-08-18,2061-12-01,35.2854,4.4,62.159,7.449,5.28,216.9,-0.0
CHTR,sample2,US161175CG74,CHTR 3.95 30-JUN-62,2026-08-19,2026-08-18,2062-06-30,35.8631,3.95,56.832,7.3977,5.28,211.77,-0.0
CHTR,sample2,US161175CL69,CHTR 5.5 01-APR-63,2026-08-18,2026-08-18,2063-04-01,36.6188,5.5,71.948,7.838,5.28,255.8,-0.0
CI,sample1,US125523CB40,CIGNA GROUP 3.4% 01Mar2027,2026-08-19,2026-08-18,2027-03-01,0.5311,3.4,99.525,4.3132,3.9087,40.45,-0.1
CI,sample1,US125509AZ26,CIGNA CORP 7.875% 15May2027,2026-08-13,2026-08-13,2027-05-15,0.7529,7.875,102.812,4.0316,3.9371,9.45,0.1
CI,sample1,US125509BV03,CIGNA CORP 3.05% 15Oct2027,2026-08-10,2026-08-10,2027-10-15,1.18,3.05,98.124,4.7,4.0778,62.22,-0.1
CI,sample1,US125523AH38,CIGNA GROUP 4.375% 15Oct2028,2026-08-19,2026-08-18,2028-10-15,2.1574,4.375,99.565,4.5869,4.201,38.59,-0.0
CI,sample1,US125523CL22,CIGNA GROUP 2.4% 15Mar2030,2026-08-19,2026-08-18,2030-03-15,3.5702,2.4,92.287,4.7753,4.2914,48.39,-0.0
CI,sample1,US125523CM05,CIGNA GROUP 2.375% 15Mar2031,2026-08-19,2026-08-18,2031-03-15,4.5695,2.375,89.806,4.8911,4.3463,54.48,0.0
CI,sample1,US125523CS74,CI 5.4 15-MAR-33,2026-08-19,2026-08-18,2033-03-15,6.5708,5.4,101.401,5.138,4.4957,64.23,0.7
CI,sample1,US125523AJ93,CIGNA GROUP 4.8% 15Aug2038,2026-08-19,2026-08-18,2038-08-15,11.989,4.8,92.843,5.629,4.8234,80.56,-0.0
CI,sample1,US125523CJ75,CIGNA GROUP 3.2% 15Mar2040,2026-08-19,2026-08-18,2040-03-15,13.5715,3.2,75.9812,5.7776,4.9136,86.4,-0.0
CI,sample1,US125523CF53,CIGNA GROUP 4.8% 15Jul2046,2026-08-19,2026-08-18,2046-07-15,19.9042,4.8,84.971,6.1153,5.2745,84.08,-0.0
CI,sample1,US125523BK57,CIGNA GROUP 3.875% 15Oct2047,2026-08-18,2026-08-18,2047-10-15,21.1581,3.875,72.283,6.255,5.28,97.5,-0.0
CI,sample1,US125523AK66,CIGNA GROUP 4.9% 15Dec2048,2026-08-19,2026-08-18,2048-12-15,22.3244,4.9,84.939,6.1487,5.28,86.87,-0.0
CI,sample1,US125523CK49,CIGNA GROUP 3.4% 15Mar2050,2026-08-19,2026-08-18,2050-03-15,23.5702,3.4,66.24,6.125,5.28,84.5,-0.0
CI,sample1,US125523CQ19,CIGNA GROUP 3.4% 15Mar2051,2026-08-19,2026-08-18,2051-03-15,24.5695,3.4,65.659,6.12,5.28,84.0,-0.0
CINF,sample3_extension_2026-08-20,US172062AF88,CINCINNATI FINL CORP 6.92% 15May2028,2026-08-19,2026-08-18,2028-05-15,1.7385,6.92,103.924,4.5382,4.1377,40.05,0.3
CINF,sample3_extension_2026-08-20,US172062AE14,CINCINNATI FINL CORP 6.125% 01Nov2034,2026-08-19,2026-08-18,2034-11-01,8.2026,6.125,102.869,5.6808,4.6022,107.86,0.0
CL,sample1,US194162AN32,CL 3.1 15-AUG-27,2026-08-19,2026-08-18,2027-08-15,0.9884,3.1,98.95,4.1977,3.988,20.97,-0.2
CL,sample1,US194162AP89,CL 3.25 15-AUG-32,2026-08-19,2026-08-18,2032-08-15,5.9904,3.25,92.8606,4.6291,4.4492,17.99,-0.1
CL,sample1,US194162AS29,CL 4.6 01-MAR-33,2026-08-19,2026-08-18,2033-03-01,6.5325,4.6,100.166,4.5699,4.4926,7.73,0.0
CL,sample1,US19416QEJ58,COLGATE-PALMOLIVE CO MEDIUM TERM NTS BOO 4% 15Aug2045,2026-08-19,2026-08-18,2045-08-15,18.9897,4.0,81.838,5.5609,5.2224,33.85,-0.0
CL,sample1,US19416QEK22,COLGATE-PALMOLIVE CO MEDIUM TERM NTS BOO 3.7% 01Aug2047,2026-08-18,2026-08-18,2047-08-01,20.9528,3.7,74.0735,5.8656,5.28,58.56,-0.0
CLX,sample3_extension_2026-08-20,US189054AV17,CLOROX CO 3.1% 01Oct2027,2026-08-19,2026-08-18,2027-10-01,1.117,3.1,98.52,4.4741,4.0134,46.07,-0.4
CLX,sample3_extension_2026-08-20,US189054AW99,CLOROX CO 3.9% 15May2028,2026-08-19,2026-08-18,2028-05-15,1.7385,3.9,98.766,4.6447,4.1377,50.7,-0.1
CLX,sample3_extension_2026-08-20,US189054AY55,CLX 4.4 01-MAY-29,2026-08-19,2026-08-18,2029-05-01,2.6995,4.4,99.152,4.7362,4.239,49.72,-0.0
CLX,sample3_extension_2026-08-20,US189054AZ21,CLX 4.6 01-MAY-32,2026-08-19,2026-08-18,2032-05-01,5.7002,4.6,97.606,5.0879,4.426,66.19,-0.0
CMCSA,sample3_extension_2026-08-20,US20030NBW02,COMCAST CORP NEW 2.35% 15Jan2027,2026-08-19,2026-08-18,2027-01-15,0.4079,2.35,99.181,4.4094,3.8874,52.2,-1.7
CMCSA,sample3_extension_2026-08-20,US20030NBY67,COMCAST CORP NEW 3.3% 01Feb2027,2026-08-19,2026-08-18,2027-02-01,0.4545,3.3,99.615,4.1697,3.8954,27.43,-0.9
CMCSA,sample3_extension_2026-08-20,US20030NCA72,COMCAST CORP NEW 3.15% 15Feb2028,2026-08-19,2026-08-18,2028-02-15,1.4921,3.15,98.024,4.5397,4.0884,45.13,-0.5
CMCSA,sample3_extension_2026-08-20,US20030NCH26,COMCAST CORP NEW 3.55% 01May2028,2026-08-19,2026-08-18,2028-05-01,1.7002,3.55,98.399,4.5378,4.13,40.78,-0.2
CMCSA,sample3_extension_2026-08-20,US20030NCT63,COMCAST CORP NEW 4.15% 15Oct2028,2026-08-19,2026-08-18,2028-10-15,2.1574,4.15,99.0969,4.5929,4.201,39.19,-0.1
CMCSA,sample3_extension_2026-08-20,US20030NCU37,COMCAST CORP NEW 4.25% 15Oct2030,2026-08-19,2026-08-18,2030-10-15,4.1561,4.25,97.395,4.9502,4.3236,62.66,-0.1
CMCSA,sample3_extension_2026-08-20,US20030NEB38,CMCSA 5.5 15-NOV-32,2026-08-19,2026-08-18,2032-11-15,6.2423,5.5,102.31,5.0476,4.4694,57.82,1.5
CMCSA,sample3_extension_2026-08-20,US20030NBH35,COMCAST CORP NEW 4.25% 15Jan2033,2026-08-19,2026-08-18,2033-01-15,6.4093,4.25,94.273,5.3162,4.4827,83.35,-0.1
CMCSA,sample3_extension_2026-08-20,US20030NEC11,CMCSA 4.65 15-FEB-33,2026-08-19,2026-08-18,2033-02-15,6.4942,4.65,96.189,5.3531,4.4895,86.36,-0.1
CMCSA,sample3_extension_2026-08-20,US20030NAC56,COMCAST CORP NEW 7.05% 15Mar2033,2026-08-19,2026-08-18,2033-03-15,6.5708,7.05,109.561,5.3062,4.4957,81.05,0.0
CMCSA,sample3_extension_2026-08-20,US20030NBM20,COMCAST CORP NEW 4.2% 15Aug2034,2026-08-19,2026-08-18,2034-08-15,7.989,4.2,91.476,5.5349,4.5893,94.56,-0.0
CMCSA,sample3_extension_2026-08-20,US20030NAF87,COMCAST CORP NEW 5.65% 15Jun2035,2026-08-19,2026-08-18,2035-06-15,8.8214,5.65,100.343,5.5989,4.6393,95.96,-0.0
CMCSA,sample3_extension_2026-08-20,US20030NBP50,COMCAST CORP NEW 4.4% 15Aug2035,2026-08-19,2026-08-18,2035-08-15,8.9884,4.4,90.98,5.6963,4.6493,104.7,-0.0
CMCSA,sample3_extension_2026-08-20,US11778BAB80,CMCSA 6.5 15-OCT-35,2026-08-18,2026-08-18,2035-10-15,9.1581,6.5,106.37,5.5999,4.6595,94.04,0.0
CMCSA,sample3_extension_2026-08-20,US20030NAK72,COMCAST CORP NEW 6.5% 15Nov2035,2026-08-19,2026-08-18,2035-11-15,9.2402,6.5,106.096,5.6425,4.6644,97.81,0.0
CMCSA,sample3_extension_2026-08-20,US20030NBT72,COMCAST CORP NEW 3.2% 15Jul2036,2026-08-19,2026-08-18,2036-07-15,9.9055,3.2,81.487,5.6682,4.7043,96.39,-0.1
CMCSA,sample3_extension_2026-08-20,US20030NAM39,COMCAST CORP NEW 6.45% 15Mar2037,2026-08-19,2026-08-18,2037-03-15,10.5708,6.45,104.395,5.8849,4.7425,114.24,0.0
CMCSA,sample3_extension_2026-08-20,US20030NAV38,COMCAST CORP NEW 6.95% 15Aug2037,2026-08-18,2026-08-18,2037-08-15,10.9925,6.95,105.956,6.1946,4.7666,142.8,0.0
CMCSA,sample3_extension_2026-08-20,US20030NCJ81,COMCAST CORP NEW 3.9% 01Mar2038,2026-08-19,2026-08-18,2038-03-01,11.5318,3.9,82.569,6.0179,4.7973,122.06,-0.0
CMCSA,sample3_extension_2026-08-20,US20030NAX93,COMCAST CORP NEW 6.4% 15May2038,2026-08-19,2026-08-18,2038-05-15,11.7372,6.4,102.426,6.106,4.809,129.7,0.0
CMCSA,sample3_extension_2026-08-20,US20030NCL38,COMCAST CORP NEW 4.6% 15Oct2038,2026-08-19,2026-08-18,2038-10-15,12.1561,4.6,87.78,6.0323,4.8329,119.94,-0.0
CMCSA,sample3_extension_2026-08-20,US20030NAY76,COMCAST CORP NEW 6.55% 01Jul2039,2026-08-19,2026-08-18,2039-07-01,12.8652,6.55,103.701,6.1289,4.8733,125.56,-0.0
CMCSA,sample3_extension_2026-08-20,US20030NBB64,COMCAST CORP NEW 6.4% 01Mar2040,2026-08-19,2026-08-18,2040-03-01,13.5332,6.4,101.978,6.1818,4.9114,127.04,0.0
CMCSA,sample3_extension_2026-08-20,US20030NBE04,COMCAST CORP NEW 4.65% 15Jul2042,2026-08-18,2026-08-18,2042-07-15,15.9069,4.65,80.662,6.636,5.0467,158.93,-0.0
CMCSA,sample3_extension_2026-08-20,US20030NBG51,COMCAST CORP NEW 4.5% 15Jan2043,2026-08-19,2026-08-18,2043-01-15,16.4079,4.5,79.7,6.5349,5.0753,145.96,-0.0
CMCSA,sample3_extension_2026-08-20,US20030NBK63,COMCAST CORP NEW 4.75% 01Mar2044,2026-08-19,2026-08-18,2044-03-01,17.5332,4.75,81.594,6.528,5.1394,138.86,-0.0
CMCSA,sample3_extension_2026-08-20,US20030NBQ34,COMCAST CORP NEW 4.6% 15Aug2045,2026-08-18,2026-08-18,2045-08-15,18.9925,4.6,78.947,6.554,5.2226,133.14,-0.0
CMCSA,sample3_extension_2026-08-20,US20030NBU46,COMCAST CORP NEW 3.4% 15Jul2046,2026-08-19,2026-08-18,2046-07-15,19.9042,3.4,65.6105,6.5054,5.2745,123.09,-0.0
CMCSA,sample3_extension_2026-08-20,US20030NBZ33,COMCAST CORP NEW 4% 15Aug2047,2026-08-19,2026-08-18,2047-08-15,20.9884,4.0,69.55,6.7297,5.28,144.97,-0.0
CMCSA,sample3_extension_2026-08-20,US20030NCC39,COMCAST CORP NEW 3.969% 01Nov2047,2026-08-19,2026-08-18,2047-11-01,21.2019,3.969,68.947,6.7421,5.28,146.21,-0.0
CMCSA,sample3_extension_2026-08-20,US20030NCK54,COMCAST CORP NEW 4% 01Mar2048,2026-08-19,2026-08-18,2048-03-01,21.5332,4.0,69.153,6.734,5.28,145.4,-0.0
CMCSA,sample3_extension_2026-08-20,US20030NCM11,COMCAST CORP NEW 4.7% 15Oct2048,2026-08-19,2026-08-18,2048-10-15,22.1574,4.7,76.431,6.7679,5.28,148.79,-0.0
CMCSA,sample3_extension_2026-08-20,US20030NCE94,COMCAST CORP NEW 3.999% 01Nov2049,2026-08-19,2026-08-18,2049-11-01,23.2033,3.999,68.027,6.744,5.28,146.4,-0.0
CMCSA,sample3_extension_2026-08-20,US20030NDS71,CMCSA 2.887 01-NOV-51,2026-08-19,2026-08-18,2051-11-01,25.2019,2.887,53.792,6.7136,5.28,143.36,-0.0
CMCSA,sample3_extension_2026-08-20,US20030NCG43,COMCAST CORP NEW 4.049% 01Nov2052,2026-08-19,2026-08-18,2052-11-01,26.204,4.049,66.952,6.756,5.28,147.6,-0.0
CMCSA,sample3_extension_2026-08-20,US20030NDU28,CMCSA 2.937 01-NOV-56,2026-08-19,2026-08-18,2056-11-01,30.204,2.937,51.384,6.7156,5.28,143.56,-0.0
CMCSA,sample3_extension_2026-08-20,US20030NCN93,COMCAST CORP NEW 4.95% 15Oct2058,2026-08-19,2026-08-18,2058-10-15,32.1561,4.95,75.648,6.8294,5.28,154.94,-0.0
CMCSA,sample3_extension_2026-08-20,US20030NDW83,CMCSA 2.987 01-NOV-63,2026-08-19,2026-08-18,2063-11-01,37.2019,2.987,48.986,6.7472,5.28,146.72,-0.0
CME,sample1,US12572QAJ40,CME GROUP INC 3.75% 15Jun2028,2026-08-19,2026-08-18,2028-06-15,1.8234,3.75,98.789,4.4475,4.1547,29.28,-0.1
CME,sample1,US12572QAK13,CME 2.65 15-MAR-32,2026-08-19,2026-08-18,2032-03-15,5.5715,2.65,89.546,4.8117,4.4157,39.6,-0.1
CME,sample1,US12572QAF28,CME GROUP INC 5.3% 15Sep2043,2026-08-19,2026-08-18,2043-09-15,17.0732,5.3,95.874,5.6803,5.1132,56.71,-0.0
CME,sample1,US12572QAH83,CME GROUP INC 4.15% 15Jun2048,2026-08-18,2026-08-18,2048-06-15,21.8261,4.15,79.201,5.849,5.28,56.9,-0.0
CMI,sample2,US231021AJ54,CUMMINS INC 7.125% 01Mar2028,2026-08-19,2026-08-18,2028-03-01,1.5332,7.125,104.377,4.1427,4.0966,4.61,0.5
CMI,sample2,US231021AT37,CUMMINS INC 1.5% 01Sep2030,2026-08-19,2026-08-18,2030-09-01,4.0356,1.5,88.478,4.6691,4.317,35.21,-0.4
CMI,sample2,US231021AQ97,CUMMINS INC 4.875% 01Oct2043,2026-08-19,2026-08-18,2043-10-01,17.117,4.875,91.3119,5.6745,5.1157,55.88,-0.0
CMI,sample2,US231021AK28,CUMMINS INC 5.65% 01Mar2098,2026-08-18,2026-08-18,2098-03-01,71.5346,5.65,85.48,6.6203,5.28,134.03,-0.0
CMS,sample2,US125896BR00,CMS ENERGY CORP 2.95% 15Feb2027,2026-08-19,2026-08-18,2027-02-15,0.4928,2.95,99.223,4.5821,3.9021,68.0,-2.0
CMS,sample2,US125896BS82,CMS ENERGY CORP 3.45% 15Aug2027,2026-08-19,2026-08-18,2027-08-15,0.9884,3.45,99.18,4.3077,3.988,31.97,-0.2
CMS,sample2,US210518DC78,CONSUMERS ENERGY CO 3.8% 15Nov2028,2026-08-19,2026-08-18,2028-11-15,2.2423,3.8,98.632,4.447,4.207,24.0,-0.2
CMS,sample2,US210518DP81,CMS 3.6 15-AUG-32,2026-08-19,2026-08-18,2032-08-15,5.9904,3.6,93.395,4.8858,4.4492,43.66,-0.1
CMS,sample2,US210518DU76,CMS 4.625 15-MAY-33,2026-08-19,2026-08-18,2033-05-15,6.7379,4.625,97.687,5.0329,4.509,52.39,-0.0
CMS,sample2,US125896BL30,CMS ENERGY CORP 4.7% 31Mar2043,2026-08-19,2026-08-18,2043-03-31,16.6133,4.7,85.585,6.0911,5.087,100.41,-0.0
CMS,sample2,US125896BN95,CMS ENERGY CORP 4.875% 01Mar2044,2026-08-19,2026-08-18,2044-03-01,17.5332,4.875,85.535,6.2439,5.1394,110.45,-0.0
CMS,sample2,US210518CZ72,CONSUMERS ENERGY CO 3.25% 15Aug2046,2026-08-17,2026-08-17,2046-08-15,19.9945,3.25,68.3003,5.9915,5.2997,69.18,-0.0
CMS,sample2,US210518DB95,CONSUMERS ENERGY CO 4.05% 15May2048,2026-08-12,2026-08-12,2048-05-15,21.7577,4.05,76.3362,6.0137,5.24,77.37,-0.0
CMS,sample2,US210518DD51,CONSUMERS ENERGY CO 4.35% 15Apr2049,2026-08-14,2026-08-14,2049-04-15,22.6694,4.35,79.172,6.0501,5.25,80.01,-0.0
CMS,sample2,US210518DQ64,CMS 4.2 01-SEP-52,2026-08-19,2026-08-18,2052-09-01,26.037,4.2,76.384,6.0049,5.28,72.49,-0.0
CNC,sample3_extension_2026-08-20,US15135BAR24,Centene 4.25% 15dec2027 USD,2026-08-19,2026-08-18,2027-12-15,1.3224,4.25,99.47,4.6644,4.0545,60.99,-0.1
CNC,sample3_extension_2026-08-20,US15135BAT89,Centene 4.625% 15dec2029 USD,2026-08-19,2026-08-18,2029-12-15,3.3238,4.625,97.578,5.4298,4.2778,115.2,-0.1
CNC,sample3_extension_2026-08-20,US15135BAV36,Centene 3.375% 15feb2030 USD,2026-08-19,2026-08-18,2030-02-15,3.4935,3.375,93.097,5.5812,4.2871,129.41,-0.4
CNC,sample3_extension_2026-08-20,US15135BAW19,CENTENE CORP DEL 3% 15Oct2030,2026-08-19,2026-08-18,2030-10-15,4.1561,3.0,90.529,5.5857,4.3236,126.21,-0.2
CNP,sample3_extension_2026-08-20,US15189XAR98,CENTERPOINT ENERGY HOUSTON ELEC LLC 3% 01Feb2027,2026-08-19,2026-08-18,2027-02-01,0.4545,3.0,99.527,4.0704,3.8954,17.5,-1.2
CNP,sample3_extension_2026-08-20,US15189YAG17,CNP 5.25 01-MAR-28,2026-08-19,2026-08-18,2028-03-01,1.5332,5.25,101.088,4.4668,4.0966,37.02,4.0
CNP,sample3_extension_2026-08-20,US15189WAL46,CENTERPOINT ENERGY RES CORP DEL 4% 01Apr2028,2026-08-19,2026-08-18,2028-04-01,1.6181,4.0,99.073,4.5999,4.1136,48.63,-0.2
CNP,sample3_extension_2026-08-20,US15189TAV98,CENTERPOINT ENERGY INC 4.25% 01Nov2028,2026-08-19,2026-08-18,2028-11-01,2.204,4.25,98.246,5.1009,4.2043,89.66,-0.3
CNP,sample3_extension_2026-08-20,US15189XAV01,CNP 2.35 01-APR-31,2026-08-18,2026-08-18,2031-04-01,4.6188,2.35,89.717,4.863,4.349,51.4,-0.1
CNP,sample3_extension_2026-08-20,US15189TBB26,CNP 2.65 01-JUN-31,2026-08-17,2026-08-17,2031-06-01,4.7885,2.65,89.685,5.1055,4.3663,73.92,-0.1
CNP,sample3_extension_2026-08-20,US15189XAX66,CNP 3 01-MAR-32,2026-08-13,2026-08-13,2032-03-01,5.5496,3.0,90.9345,4.8851,4.3612,52.39,-0.1
CNP,sample3_extension_2026-08-20,US15189WAP59,CNP 4.4 01-JUL-32,2026-08-19,2026-08-18,2032-07-01,5.8672,4.4,96.679,5.0605,4.4394,62.11,-0.0
CNP,sample3_extension_2026-08-20,US15189XAZ15,CNP 4.45 01-OCT-32,2026-08-19,2026-08-18,2032-10-01,6.1191,4.45,96.764,5.0713,4.4595,61.18,-0.1
CNP,sample3_extension_2026-08-20,US15189YAH99,CNP 5.4 01-MAR-33,2026-08-19,2026-08-18,2033-03-01,6.5325,5.4,100.844,5.2414,4.4926,74.88,0.4
CNP,sample3_extension_2026-08-20,US15189WAH34,CENTERPOINT ENERGY RES CORP DEL 5.85% 15Jan2041,2026-08-18,2026-08-18,2041-01-15,14.412,5.85,99.587,5.8923,4.9615,93.08,-0.0
CNP,sample3_extension_2026-08-20,US15189XAN84,CENTERPOINT ENERGY HOUSTON ELEC LLC 4.5% 01Apr2044,2026-08-17,2026-08-17,2044-04-01,17.6235,4.5,83.524,6.0305,5.1622,86.83,-0.0
CNP,sample3_extension_2026-08-20,US15189XAS71,CENTERPOINT ENERGY HOUSTON ELEC LLC 3.95% 01Mar2048,2026-08-18,2026-08-18,2048-03-01,21.5359,3.95,75.033,6.037,5.28,75.7,-0.0
CNP,sample3_extension_2026-08-20,US15189XAT54,CENTERPOINT ENERGY HOUSTON ELEC LLC 4.25% 01Feb2049,2026-07-21,2026-07-21,2049-02-01,22.5352,4.25,79.366,5.9203,5.1375,78.28,-0.0
CNP,sample3_extension_2026-08-20,US15189XAW83,CNP 3.35 01-APR-51,2026-08-17,2026-08-17,2051-04-01,24.6215,3.35,65.227,6.0953,5.3046,79.07,-0.0
CNP,sample3_extension_2026-08-20,US15189XAY40,CNP 3.6 01-MAR-52,2026-08-06,2026-08-06,2052-03-01,25.5688,3.6,69.3179,5.9504,5.22,73.04,-0.0
CNP,sample3_extension_2026-08-20,US15189XBA54,CNP 4.85 01-OCT-52,2026-08-13,2026-08-13,2052-10-01,26.1355,4.85,85.231,5.973,5.2061,76.69,-0.0
COF,sample3_extension_2026-08-20,US14040HBN44,CAPITAL ONE FINL CORP 3.75% 09Mar2027,2026-08-19,2026-08-18,2027-03-09,0.553,3.75,99.681,4.3367,3.9125,42.42,-0.0
COF,sample3_extension_2026-08-20,US14040HBW43,CAPITAL ONE FINL CORP 3.8% 31Jan2028,2026-08-19,2026-08-18,2028-01-31,1.4511,3.8,98.943,4.5629,4.0802,48.27,-0.3
COP,sample3_extension_2026-08-20,US20825CAY03,COP 4.3 15-AUG-28,2026-08-14,2026-08-14,2028-08-15,2.0041,4.3,100.181,4.1943,4.1703,2.4,1.0
COP,sample3_extension_2026-08-20,US208251AE82,CONOCO INC 6.95% 15Apr2029,2026-08-19,2026-08-18,2029-04-15,2.6557,6.95,105.9243,4.5506,4.2359,31.47,0.2
COP,sample3_extension_2026-08-20,US20825CAF14,CONOCOPHILLIPS 5.9% 15Oct2032,2026-08-19,2026-08-18,2032-10-15,6.1574,5.9,104.5539,5.0288,4.4626,56.62,0.1
COP,sample3_extension_2026-08-20,US20826FAF36,CONOCOPHILLIPS CO 4.15% 15Nov2034,2026-08-19,2026-08-18,2034-11-15,8.2409,4.15,93.581,5.1138,4.6045,50.93,-0.0
COP,sample3_extension_2026-08-20,US20825VAB80,CONOCOPHILLIPS CDA FDG CO II 5.95% 15Oct2036,2026-08-19,2026-08-18,2036-10-15,10.1574,5.95,105.018,5.3034,4.719,58.44,0.0
COP,sample3_extension_2026-08-20,US20825CAP95,CONOCOPHILLIPS 5.9% 15May2038,2026-08-19,2026-08-18,2038-05-15,11.7372,5.9,104.5,5.3769,4.809,56.79,-0.0
COP,sample3_extension_2026-08-20,US20825CAQ78,CONOCOPHILLIPS 6.5% 01Feb2039,2026-08-19,2026-08-18,2039-02-01,12.4545,6.5,108.945,5.4977,4.8499,64.78,0.0
COP,sample3_extension_2026-08-20,US20826FBC95,ConocoPhillips Company 3.758% 15mar2042,2026-08-19,2026-08-18,2042-03-15,15.5702,3.758,79.379,5.7848,5.0275,75.73,-0.0
COP,sample3_extension_2026-08-20,US20826FAC05,CONOCOPHILLIPS CO 4.3% 15Nov2044,2026-08-18,2026-08-18,2044-11-15,18.245,4.3,80.9411,6.0373,5.18,85.73,-0.0
COP,sample3_extension_2026-08-20,US20826FAR73,CONOCOPHILLIPS CO 5.95% 15Mar2046,2026-08-19,2026-08-18,2046-03-15,19.5702,5.95,100.139,5.9373,5.2555,68.18,0.0
COP,sample3_extension_2026-08-20,US20826FAV85,COP 3.8 15-MAR-52,2026-08-19,2026-08-18,2052-03-15,25.5715,3.8,71.076,6.0334,5.28,75.34,-0.0
COP,sample3_extension_2026-08-20,US20826FBD78,COP 4.025 15-MAR-62,2026-08-18,2026-08-18,2062-03-15,35.5729,4.025,68.855,6.2054,5.28,92.54,0.0
COR,sample2,US03073EAP07,CENCORA INC 3.45% 15Dec2027,2026-08-19,2026-08-18,2027-12-15,1.3224,3.45,98.713,4.4618,4.0545,40.73,-0.2
COR,sample2,US03073EAT29,CENCORA INC 2.7% 15Mar2031,2026-08-19,2026-08-18,2031-03-15,4.5695,2.7,91.007,4.9212,4.3463,57.49,-0.0
COR,sample2,US03073EAN58,CENCORA INC 4.25% 01Mar2045,2026-08-05,2026-08-05,2045-03-01,18.5708,4.25,80.433,6.01,5.1014,90.86,0.3
COR,sample2,US03073EAQ89,CENCORA INC 4.3% 15Dec2047,2026-08-18,2026-08-18,2047-12-15,21.3251,4.3,78.219,6.146,5.28,86.6,-0.0
COST,sample3_extension_2026-08-20,US22160KAM71,COSTCO WHOLESALE CORP NEW 3% 18May2027,2026-08-19,2026-08-18,2027-05-18,0.7447,3.0,99.324,3.9253,3.9457,1.0,-0.0
CPT,sample3_extension_2026-08-20,US133131AW29,CAMDEN PPTY TR 4.1% 15Oct2028,2026-08-19,2026-08-18,2028-10-15,2.1574,4.1,99.383,4.4012,4.201,20.02,-0.1
CRL,sample3_extension_2026-08-20,US159864AE78,Charles River Laboratories International 4.25% 1may2028 USD,2026-08-19,2026-08-18,2028-05-01,1.7002,4.25,98.75,5.0236,4.13,89.36,-0.1
CRM,sample1,US79466LAF13,SALESFORCE INC 3.7% 11Apr2028,2026-08-19,2026-08-18,2028-04-11,1.6454,3.7,98.807,4.459,4.1191,33.99,-0.2
CRM,sample1,US79466LAH78,SALESFORCE INC 1.5% 15Jul2028,2026-08-19,2026-08-18,2028-07-15,1.9055,1.5,94.6455,4.4659,4.1711,29.48,-0.4
CRM,sample1,US79466LAJ35,SALESFORCE INC 1.95% 15Jul2031,2026-08-19,2026-08-18,2031-07-15,4.9035,1.95,86.726,5.039,4.3647,67.43,-0.0
CRM,sample1,US79466LAK08,SALESFORCE INC 2.7% 15Jul2041,2026-08-19,2026-08-18,2041-07-15,14.9049,2.7,66.1489,6.2162,4.9896,122.66,-0.0
CRM,sample1,US79466LAL80,SALESFORCE INC 2.9% 15Jul2051,2026-08-19,2026-08-18,2051-07-15,24.9035,2.9,55.791,6.51,5.28,123.0,-0.0
CRM,sample1,US79466LAM63,SALESFORCE INC 3.05% 15Jul2061,2026-08-19,2026-08-18,2061-07-15,34.9049,3.05,53.024,6.4511,5.28,117.11,-0.0
CSCO,sample1,US17275RBL50,CISCO SYS INC 2.5% 20Sep2026,2026-08-19,2026-08-18,2026-09-20,0.0876,2.5,99.848,4.2859,3.86,42.59,-5.1
CSCO,sample1,US17275RAD44,CISCO SYS INC 5.9% 15Feb2039,2026-08-19,2026-08-18,2039-02-15,12.4928,5.9,104.317,5.4196,4.8521,56.75,0.0
CSCO,sample1,US17275RAF91,CISCO SYS INC 5.5% 15Jan2040,2026-08-19,2026-08-18,2040-01-15,13.4073,5.5,99.421,5.5612,4.9042,65.7,0.0
CSX,sample1,US126408HE65,CSX CORP 2.6% 01Nov2026,2026-08-19,2026-08-18,2026-11-01,0.2026,2.6,99.635,4.432,3.86,57.2,-2.0
CSX,sample1,US126408HH96,CSX CORP 3.25% 01Jun2027,2026-08-19,2026-08-18,2027-06-01,0.783,3.25,99.201,4.2962,3.9524,34.38,-0.3
CSX,sample1,US126408HJ52,CSX CORP 3.8% 01Mar2028,2026-08-19,2026-08-18,2028-03-01,1.5332,3.8,99.13,4.3932,4.0966,29.66,-0.1
CSX,sample1,US126408HM81,CSX CORP 4.25% 15Mar2029,2026-08-19,2026-08-18,2029-03-15,2.5708,4.25,99.361,4.515,4.23,28.5,-0.0
CSX,sample1,US126408HU08,CSX 4.1 15-NOV-32,2026-08-19,2026-08-18,2032-11-15,6.2423,4.1,95.911,4.867,4.4694,39.76,-0.1
CSX,sample1,US126408GH06,CSX CORP 6% 01Oct2036,2026-08-19,2026-08-18,2036-10-01,10.1191,6.0,105.533,5.2858,4.7168,56.9,0.0
CSX,sample1,US126408GK35,CSX CORP 6.15% 01May2037,2026-08-19,2026-08-18,2037-05-01,10.6995,6.15,106.183,5.381,4.7499,63.11,0.0
CSX,sample1,US126408GS60,CSX CORP 6.22% 30Apr2040,2026-08-19,2026-08-18,2040-04-30,13.6975,6.22,105.776,5.609,4.9208,68.82,0.0
CSX,sample1,US126408GU17,CSX CORP 5.5% 15Apr2041,2026-08-19,2026-08-18,2041-04-15,14.6557,5.5,100.6832,5.4294,4.9754,45.4,0.2
CSX,sample1,US126408GW72,CSX CORP 4.75% 30May2042,2026-08-19,2026-08-18,2042-05-30,15.7782,4.75,89.51,5.771,5.0394,73.16,-0.0
CSX,sample1,US126408GX55,CSX CORP 4.4% 01Mar2043,2026-08-18,2026-08-18,2043-03-01,16.5339,4.4,83.708,5.963,5.0824,88.06,-0.0
CSX,sample1,US126408GY39,CSX CORP 4.1% 15Mar2044,2026-08-19,2026-08-18,2044-03-15,17.5715,4.1,80.84,5.861,5.1416,71.94,-0.0
CSX,sample1,US126408HF31,CSX CORP 3.8% 01Nov2046,2026-08-19,2026-08-18,2046-11-01,20.2026,3.8,75.072,5.9338,5.28,65.38,-0.0
CSX,sample1,US126408HK26,CSX CORP 4.3% 01Mar2048,2026-08-19,2026-08-18,2048-03-01,21.5332,4.3,80.075,5.9538,5.28,67.38,-0.0
CSX,sample1,US126408HN64,CSX CORP 4.75% 15Nov2048,2026-08-18,2026-08-18,2048-11-15,22.245,4.75,83.973,6.0723,5.28,79.23,-0.0
CSX,sample1,US126408HC00,CSX CORP 3.95% 01May2050,2026-08-18,2026-08-18,2050-05-01,23.7016,3.95,73.8286,6.0407,5.28,76.07,-0.0
CSX,sample1,US126408HV80,CSX 4.5 15-NOV-52,2026-08-19,2026-08-18,2052-11-15,26.2423,4.5,80.438,5.987,5.28,70.7,-0.0
CSX,sample1,US126408HG14,CSX CORP 4.25% 01Nov2066,2026-08-13,2026-08-13,2066-11-01,40.219,4.25,73.5175,6.0013,5.21,79.13,-0.0
CSX,sample1,US126408HL09,CSX CORP 4.65% 01Mar2068,2026-08-19,2026-08-18,2068-03-01,41.5332,4.65,78.483,6.076,5.28,79.6,-0.0
CTAS,sample2,US17252MAN02,CINTAS CORP NO 2 3.7% 01Apr2027,2026-08-19,2026-08-18,2027-04-01,0.616,3.7,99.651,4.2763,3.9234,35.29,-0.2
CTAS,sample2,US17252MAQ33,CTAS 4 01-MAY-32,2026-08-19,2026-08-18,2032-05-01,5.7002,4.0,95.807,4.85,4.426,42.4,-0.0
CTAS,sample2,US17252MAG50,CINTAS CORP NO 2 6.15% 15Aug2036,2026-08-19,2026-08-18,2036-08-15,9.9904,6.15,106.676,5.281,4.7094,57.16,0.0
CVS,sample3_extension_2026-08-20,US126650BJ87,CVS HEALTH CORP 6.25% 01Jun2027,2026-08-19,2026-08-18,2027-06-01,0.783,6.25,101.337,4.4767,3.9524,52.43,0.5
CVS,sample3_extension_2026-08-20,US126650CX62,CVS HEALTH CORP 4.3% 25Mar2028,2026-08-19,2026-08-18,2028-03-25,1.5989,4.3,99.612,4.5521,4.1098,44.23,-0.0
CVS,sample3_extension_2026-08-20,US126650DT42,CVS 5.125 21-FEB-30,2026-08-19,2026-08-18,2030-02-21,3.5099,5.125,100.787,4.8684,4.288,58.04,1.0
CVS,sample3_extension_2026-08-20,US126650DR85,CVS 2.125 15-SEP-31,2026-08-19,2026-08-18,2031-09-15,5.0732,2.125,86.74,5.1282,4.3759,75.23,-0.2
CVS,sample3_extension_2026-08-20,US126650DU15,CVS 5.25 21-FEB-33,2026-08-19,2026-08-18,2033-02-21,6.5106,5.25,100.215,5.2104,4.4908,71.96,0.0
CVS,sample3_extension_2026-08-20,US126650CM08,CVS HEALTH CORP 4.875% 20Jul2035,2026-08-19,2026-08-18,2035-07-20,8.9172,4.875,95.352,5.542,4.645,89.7,-0.0
CVS,sample3_extension_2026-08-20,US126650CY46,CVS HEALTH CORP 4.78% 25Mar2038,2026-08-19,2026-08-18,2038-03-25,11.5975,4.78,91.676,5.774,4.8011,97.29,-0.0
CVS,sample3_extension_2026-08-20,US126650BR04,CVS HEALTH CORP 6.125% 15Sep2039,2026-08-19,2026-08-18,2039-09-15,13.0732,6.125,101.667,5.9392,4.8852,105.4,0.0
CVS,sample3_extension_2026-08-20,US126650CD09,CVS HEALTH CORP 5.3% 05Dec2043,2026-08-19,2026-08-18,2043-12-05,17.295,5.3,90.074,6.2459,5.1258,112.01,-0.0
CVS,sample3_extension_2026-08-20,US126650CN80,CVS HEALTH CORP 5.125% 20Jul2045,2026-08-19,2026-08-18,2045-07-20,18.9185,5.125,87.573,6.254,5.2184,103.56,-0.0
CVS,sample3_extension_2026-08-20,US126650CZ11,CVS HEALTH CORP 5.05% 25Mar2048,2026-08-19,2026-08-18,2048-03-25,21.5989,5.05,85.266,6.3084,5.28,102.84,-0.0
CVS,sample3_extension_2026-08-20,US126650DV97,CVS 5.625 21-FEB-53,2026-08-19,2026-08-18,2053-02-21,26.5106,5.625,90.441,6.377,5.28,109.7,-0.0
CVX,sample3_extension_2026-08-20,US166756AR79,CVX 3.85 15-JAN-28,2026-08-19,2026-08-18,2028-01-15,1.4073,3.85,99.5,4.2185,4.0715,14.7,-0.1
CVX,sample3_extension_2026-08-20,US166756AS52,CVX 3.25 15-OCT-29,2026-08-19,2026-08-18,2029-10-15,3.1567,3.25,96.497,4.4519,4.2686,18.33,-0.1
D,sample3_extension_2026-08-20,US25746UCY38,DOMINION ENERGY INC 4.25% 01Jun2028,2026-08-18,2026-08-18,2028-06-01,1.7878,4.25,99.254,4.6874,4.1476,53.98,-0.1
D,sample3_extension_2026-08-20,US25746UAN90,DOMINION ENERGY INC 6.3% 15Mar2033,2026-08-19,2026-08-18,2033-03-15,6.5708,6.3,105.789,5.246,4.4957,75.03,0.0
D,sample3_extension_2026-08-20,US257469AJ58,DOMINION RES INC DEL 5.25% 01Aug2033,2026-08-19,2026-08-18,2033-08-01,6.9514,5.25,99.612,5.317,4.5261,79.09,-0.0
D,sample3_extension_2026-08-20,US25746UAV17,DOMINION ENERGY INC 5.95% 15Jun2035,2026-08-19,2026-08-18,2035-06-15,8.8214,5.95,102.954,5.5211,4.6393,88.18,0.0
D,sample3_extension_2026-08-20,US25746UBD00,DOMINION ENERGY INC 7% 15Jun2038,2026-08-19,2026-08-18,2038-06-15,11.822,7.0,110.47,5.7648,4.8139,95.09,0.0
D,sample3_extension_2026-08-20,US25746UBM09,DOMINION ENERGY INC 4.9% 01Aug2041,2026-08-17,2026-08-17,2041-08-01,14.9569,4.9,87.905,6.1481,5.0075,114.06,-0.0
D,sample3_extension_2026-08-20,US25746UBQ13,DOMINION ENERGY INC 4.05% 15Sep2042,2026-08-19,2026-08-18,2042-09-15,16.0739,4.05,78.93,6.1293,5.0562,107.31,-0.0
D,sample3_extension_2026-08-20,US257375AF22,DOMINION ENERGY GAS HLDGS LLC 4.8% 01Nov2043,2026-08-14,2026-08-14,2043-11-01,17.2156,4.8,84.0,6.34,5.0913,124.87,-0.1
D,sample3_extension_2026-08-20,US25746UCC18,DOMINION ENERGY INC 4.7% 01Dec2044,2026-08-14,2026-08-14,2044-12-01,18.2998,4.7,83.2234,6.2515,5.1531,109.84,-0.1
D,sample3_extension_2026-08-20,US257375AJ44,DOMINION ENERGY GAS HLDGS LLC 4.6% 15Dec2044,2026-08-19,2026-08-18,2044-12-15,18.3244,4.6,80.8163,6.3913,5.1845,120.68,-0.0
DAL,sample2,US247361ZN12,DELTA AIR LINES INC DEL 4.375% 19Apr2028,2026-08-19,2026-08-18,2028-04-19,1.6674,4.375,99.695,4.564,4.1235,44.05,-0.0
DAL,sample2,US247361ZT81,DELTA AIR LINES INC DEL 3.75% 28Oct2029,2026-08-19,2026-08-18,2029-10-28,3.1923,3.75,96.547,4.9316,4.2706,66.1,-0.1
DE,sample1,US24422ETW92,DEERE JOHN CAP CORP MEDIUM TERM NTS-BOOK 2.8% 08Sep2027,2026-08-19,2026-08-18,2027-09-08,1.0541,2.8,98.558,4.2171,4.0008,21.63,-0.6
DE,sample1,US24422EUB37,DEERE JOHN CAP CORP MEDIUM TERM NTS-BOOK 3.05% 06Jan2028,2026-08-19,2026-08-18,2028-01-06,1.3826,3.05,98.366,4.2817,4.0665,21.52,-0.4
DE,sample1,US244199AW56,DEERE & CO 6.55% 01Oct2028,2026-08-18,2026-08-18,2028-10-01,2.1218,6.55,104.513,4.2936,4.1985,9.51,0.5
DE,sample1,US244199BD66,DEERE & CO 5.375% 16Oct2029,2026-08-19,2026-08-18,2029-10-16,3.1595,5.375,102.814,4.4079,4.2688,13.91,0.1
DE,sample1,US244199AZ87,DEERE & CO 8.1% 15May2030,2026-08-19,2026-08-18,2030-05-15,3.7372,8.1,112.144,4.527,4.3005,22.65,0.1
DE,sample1,US244199BA28,DEERE & CO 7.125% 03Mar2031,2026-08-18,2026-08-18,2031-03-03,4.5394,7.125,109.76,4.7108,4.3447,36.61,0.0
DE,sample1,US244199BF15,DEERE & CO 3.9% 09Jun2042,2026-08-17,2026-08-17,2042-06-09,15.8111,3.9,80.978,5.747,5.057,69.0,-0.0
DE,sample1,US244199BK00,DEERE & CO 3.75% 15Apr2050,2026-08-19,2026-08-18,2050-04-15,23.655,3.75,73.661,5.8125,5.28,53.25,-0.0
DELL,sample3_extension_2026-08-20,US24703TAF30,DELL 6.1 15-JUL-27,2026-08-19,2026-08-18,2027-07-15,0.9035,6.1,101.046,4.6411,3.9733,66.78,25.5
DELL,sample3_extension_2026-08-20,US24703DBJ90,DELL 5.25 01-FEB-28,2026-08-19,2026-08-18,2028-02-01,1.4538,5.25,100.896,4.5658,4.0808,48.5,3.8
DELL,sample3_extension_2026-08-20,US247025AE93,DELL COMPUTER CORP 7.1% 15Apr2028,2026-08-19,2026-08-18,2028-04-15,1.6564,7.1,104.064,4.5152,4.1213,39.39,0.5
DELL,sample3_extension_2026-08-20,US24703DBL47,DELL 5.75 01-FEB-33,2026-08-19,2026-08-18,2033-02-01,6.4559,5.75,102.582,5.257,4.4865,77.05,1.5
DELL,sample3_extension_2026-08-20,US24702RAF82,DELL INC 6.5% 15Apr2038,2026-08-19,2026-08-18,2038-04-15,11.655,6.5,104.728,5.9311,4.8043,112.68,0.0
DELL,sample3_extension_2026-08-20,US24702RAM34,Dell 5.4% 10sep2040 USD,2026-08-19,2026-08-18,2040-09-10,14.0616,5.4,94.081,6.03,4.9415,108.85,-0.0
DG,sample2,US256677AF29,DOLLAR GEN CORP NEW 4.125% 01May2028,2026-08-19,2026-08-18,2028-05-01,1.7002,4.125,99.111,4.6724,4.13,54.24,-0.1
DG,sample2,US256677AG02,DOLLAR GEN CORP NEW 3.5% 03Apr2030,2026-08-19,2026-08-18,2030-04-03,3.6222,3.5,95.137,4.9838,4.2942,68.96,-0.1
DG,sample2,US256677AL96,DG 5 01-NOV-32,2026-08-19,2026-08-18,2032-11-01,6.204,5.0,98.612,5.2639,4.4663,79.76,-0.0
DG,sample2,US256677AM79,DG 5.5 01-NOV-52,2026-08-13,2026-08-13,2052-11-01,26.2204,5.5,90.487,6.241,5.2062,103.48,-0.0
DGX,sample2,US74834LBB53,QUEST DIAGNOSTICS INC 2.95% 30Jun2030,2026-08-19,2026-08-18,2030-06-30,3.8631,2.95,93.56,4.796,4.3075,48.85,-0.1
DHI,sample2,US23331ABQ13,DHI 1.3 15-OCT-26,2026-08-19,2026-08-18,2026-10-15,0.1561,1.3,99.581,4.0412,3.86,18.12,-3.0
DHR,sample1,US235851AR35,DANAHER CORP 4.375% 15Sep2045,2026-08-19,2026-08-18,2045-09-15,19.0746,4.375,82.9356,5.8742,5.2273,64.69,-0.0
DHR,sample1,US235851AV47,DANAHER CORP 2.6% 01Oct2050,2026-08-19,2026-08-18,2050-10-01,24.1177,2.6,57.638,5.9215,5.28,64.15,-0.0
DHR,sample1,US235851AW20,DHR 2.8 10-DEC-51,2026-08-19,2026-08-18,2051-12-10,25.3087,2.8,59.777,5.8716,5.28,59.16,-0.0
DIS,sample1,US254687FW18,DISNEY WALT CO 2.2% 13Jan2028,2026-08-19,2026-08-18,2028-01-13,1.4018,2.2,97.343,4.176,4.0704,10.56,-0.6
DIS,sample1,US254687DM53,DIS 7.125 08-APR-28,2026-08-19,2026-08-18,2028-04-08,1.6372,7.125,104.24,4.4013,4.1174,28.39,0.6
DIS,sample1,US254687DP84,DIS 7.3 30-APR-28,2026-08-18,2026-08-18,2028-04-30,1.7002,7.3,104.7039,4.3879,4.13,25.79,0.5
DIS,sample1,US254687FL52,DISNEY WALT CO 2% 01Sep2029,2026-08-19,2026-08-18,2029-09-01,3.0363,2.0,92.996,4.4978,4.262,23.58,-0.5
DIS,sample1,US254687FQ40,DISNEY WALT CO 3.8% 22Mar2030,2026-08-19,2026-08-18,2030-03-22,3.5893,3.8,97.423,4.586,4.2924,29.36,-0.0
DIS,sample1,US254687FX90,DISNEY WALT CO 2.65% 13Jan2031,2026-08-19,2026-08-18,2031-01-13,4.4025,2.65,92.167,4.6391,4.3371,30.2,-0.2
DIS,sample1,US254687DZ66,DISNEY WALT CO 6.2% 15Dec2034,2026-08-19,2026-08-18,2034-12-15,8.3231,6.2,107.403,5.0958,4.6094,48.64,0.0
DIS,sample1,US254687EB89,DISNEY WALT CO 6.4% 15Dec2035,2026-08-19,2026-08-18,2035-12-15,9.3224,6.4,108.944,5.1768,4.6693,50.75,0.0
DIS,sample1,US254687EH59,DISNEY WALT CO 6.65% 15Nov2037,2026-08-19,2026-08-18,2037-11-15,11.2416,6.65,110.142,5.431,4.7808,65.02,0.0
DIS,sample1,US254687EP75,DIS 6.9 15-AUG-39,2026-07-30,2026-07-30,2039-08-15,13.0431,6.9,112.952,5.4953,4.8443,65.1,0.0
DIS,sample1,US254687FR23,DISNEY WALT CO 4.625% 23Mar2040,2026-08-19,2026-08-18,2040-03-23,13.5934,4.625,91.347,5.5389,4.9148,62.41,-0.0
DIS,sample1,US254687FY73,DISNEY WALT CO 3.5% 13May2040,2026-08-19,2026-08-18,2040-05-13,13.7331,3.5,80.368,5.563,4.9228,64.02,-0.0
DIS,sample1,US254687FM36,DISNEY WALT CO 2.75% 01Sep2049,2026-08-19,2026-08-18,2049-09-01,23.0363,2.75,60.18,5.9472,5.28,66.72,-0.1
DIS,sample1,US254687FS06,DISNEY WALT CO 4.7% 23Mar2050,2026-08-19,2026-08-18,2050-03-23,23.5921,4.7,83.791,5.9917,5.28,71.17,0.0
DIS,sample1,US254687FZ49,DISNEY WALT CO 3.6% 13Jan2051,2026-08-19,2026-08-18,2051-01-13,24.4025,3.6,70.225,5.9222,5.28,64.22,-0.0
DIS,sample1,US254687GA88,DISNEY WALT CO 3.8% 13May2060,2026-08-19,2026-08-18,2060-05-13,33.7331,3.8,69.253,5.914,5.28,63.4,-0.0
DLR,sample3_extension_2026-08-20,US25389JAV89,DLR 5.55 15-JAN-28,2026-08-19,2026-08-18,2028-01-15,1.4073,5.55,101.205,4.5977,4.0715,52.62,5.4
DLTR,sample2,US256746AH16,DOLLAR TREE INC 4.2% 15May2028,2026-08-19,2026-08-18,2028-05-15,1.7385,4.2,99.161,4.7052,4.1377,56.75,-0.1
DLTR,sample2,US256746AJ71,DLTR 2.65 01-DEC-31,2026-08-19,2026-08-18,2031-12-01,5.2841,2.65,88.66,5.1277,4.3927,73.5,-0.2
DLTR,sample2,US256746AK45,DLTR 3.375 01-DEC-51,2026-08-12,2026-08-12,2051-12-01,25.3032,3.375,63.45,6.276,5.24,103.6,-0.0
DOC,sample3_extension_2026-08-20,US71951QAC69,DOC 2.625 01-NOV-31,2026-08-19,2026-08-18,2031-11-01,5.2019,2.625,88.842,5.0949,4.3862,70.87,-0.2
DOW,sample3_extension_2026-08-20,US260543BJ10,DOW CHEM CO 7.375% 01Nov2029,2026-08-19,2026-08-18,2029-11-01,3.2033,7.375,108.032,4.6395,4.2712,36.83,0.5
DOW,sample3_extension_2026-08-20,US260543DG52,DOW 6.3 15-MAR-33,2026-08-19,2026-08-18,2033-03-15,6.5708,6.3,104.658,5.4201,4.4957,92.44,2.6
DOW,sample3_extension_2026-08-20,US260543CK73,DOW CHEM CO 4.25% 01Oct2034,2026-08-19,2026-08-18,2034-10-01,8.1177,4.25,90.839,5.6737,4.5971,107.66,-0.1
DOW,sample3_extension_2026-08-20,US260543CE14,DOW CHEM CO 5.25% 15Nov2041,2026-08-19,2026-08-18,2041-11-15,15.2416,5.25,88.504,6.4447,5.0088,143.59,-0.0
DOW,sample3_extension_2026-08-20,US260543CG61,DOW CHEM CO 4.375% 15Nov2042,2026-08-19,2026-08-18,2042-11-15,16.2409,4.375,79.68,6.4056,5.0657,133.99,-0.0
DOW,sample3_extension_2026-08-20,US260543CL56,DOW CHEM CO 4.625% 01Oct2044,2026-08-19,2026-08-18,2044-10-01,18.1191,4.625,79.835,6.5405,5.1728,136.77,-0.0
DOW,sample3_extension_2026-08-20,US260543DH36,DOW 6.9 15-MAY-53,2026-08-19,2026-08-18,2053-05-15,26.7379,6.9,104.031,6.5744,5.28,129.44,0.2
DRI,sample2,US237194AL90,DARDEN RESTAURANTS INC 3.85% 01May2027,2026-08-19,2026-08-18,2027-05-01,0.6982,3.85,99.536,4.526,3.9377,58.83,-0.1
DRI,sample2,US237194AM73,DARDEN RESTAURANTS INC 4.55% 15Feb2048,2026-08-13,2026-08-13,2048-02-15,21.5086,4.55,79.6691,6.2872,5.2015,108.57,-0.0
DTE,sample2,US233331AY31,DTE Energy Company (DTE) 2.85% 01Oct2026,2026-08-19,2026-08-18,2026-10-01,0.1177,2.85,99.816,4.4251,3.86,56.51,-1.5
DTE,sample2,US233331AZ06,DTE Energy Company (DTE) 3.8% 15Mar2027,2026-08-17,2026-08-17,2027-03-15,0.5749,3.8,99.382,4.8978,3.9263,97.15,0.0
DTE,sample2,US23338VAN64,DTE 1.9 01-APR-28,2026-08-19,2026-08-18,2028-04-01,1.6181,1.9,96.17,4.3828,4.1136,26.92,-0.6
DTE,sample2,US23338VAQ95,DTE 3 01-MAR-32,2026-08-19,2026-08-18,2032-03-01,5.5332,3.0,91.414,4.7851,4.4127,37.24,-0.1
DTE,sample2,US23338VAS51,DTE 5.2 01-APR-33,2026-08-19,2026-08-18,2033-04-01,6.6174,5.2,100.608,5.087,4.4994,58.76,0.3
DTE,sample2,US23338VAD82,DTE ELEC CO 4.3% 01Jul2044,2026-07-22,2026-07-22,2044-07-01,17.9439,4.3,82.2,5.9242,5.0672,85.7,-0.0
DTE,sample2,US23338VAE65,DTE ELEC CO 3.7% 15Mar2045,2026-08-19,2026-08-18,2045-03-15,18.5708,3.7,74.782,5.964,5.1985,76.55,-0.0
DTE,sample2,US23338VAG14,DTE ELEC CO 3.75% 15Aug2047,2026-08-18,2026-08-18,2047-08-15,20.9911,3.75,72.988,6.037,5.28,75.7,-0.0
DTE,sample2,US23338VAH96,DTE ELEC CO 4.05% 15May2048,2026-08-18,2026-08-18,2048-05-15,21.7413,4.05,75.517,6.097,5.28,81.7,-0.0
DTE,sample2,US23338VAP13,DTE 3.25 01-APR-51,2026-08-07,2026-08-07,2051-04-01,24.6489,3.25,65.428,5.9384,5.1954,74.3,-0.0
DTE,sample2,US23338VAR78,DTE 3.65 01-MAR-52,2026-08-17,2026-08-17,2052-03-01,25.5387,3.65,68.13,6.137,5.3055,83.15,-0.0
DTE,sample2,US23338VAT35,DTE 5.4 01-APR-53,2026-08-14,2026-08-14,2053-04-01,26.6311,5.4,91.489,6.0466,5.25,79.66,-0.0
DUK,sample1,US26441CAS44,DUKE ENERGY CORP NEW 2.65% 01Sep2026,2026-08-19,2026-08-18,2026-09-01,0.0356,2.65,99.932,4.8188,3.86,95.88,-26.3
DUK,sample1,US26442CAS35,DUKE ENERGY CAROLINAS LLC 2.95% 01Dec2026,2026-08-19,2026-08-18,2026-12-01,0.2847,2.95,99.6565,4.1618,3.866,29.58,0.1
DUK,sample1,US26444HAC51,DUKE ENERGY FLA LLC 3.2% 15Jan2027,2026-08-19,2026-08-18,2027-01-15,0.4079,3.2,99.681,3.9923,3.8874,10.49,-0.2
DUK,sample1,US26441CAX39,DUKE ENERGY CORP NEW 3.15% 15Aug2027,2026-08-19,2026-08-18,2027-08-15,0.9884,3.15,98.908,4.2924,3.988,30.44,-0.3
DUK,sample1,US26441CBS35,DUK 4.3 15-MAR-28,2026-08-19,2026-08-18,2028-03-15,1.5715,4.3,99.705,4.4949,4.1043,39.06,-0.0
DUK,sample1,US26444HAE18,DUKE ENERGY FLA LLC 3.8% 15Jul2028,2026-08-19,2026-08-18,2028-07-15,1.9055,3.8,99.0,4.3515,4.1711,18.04,-0.1
DUK,sample1,US26442UAG94,DUKE ENERGY PROGRESS LLC 3.7% 01Sep2028,2026-08-19,2026-08-18,2028-09-01,2.037,3.7,98.599,4.4284,4.1926,23.58,-0.2
DUK,sample1,US26442CAX20,DUKE ENERGY CAROLINAS LLC 3.95% 15Nov2028,2026-08-19,2026-08-18,2028-11-15,2.2423,3.95,98.726,4.5531,4.207,34.61,-0.2
DUK,sample1,US264399DK95,DUKE PWR CO LLC 6% 01Dec2028,2026-08-19,2026-08-18,2028-12-01,2.2861,6.0,103.157,4.5236,4.21,31.36,0.3
DUK,sample1,US26442EAF79,DUKE ENERGY OHIO INC 3.65% 01Feb2029,2026-08-19,2026-08-18,2029-02-01,2.4559,3.65,97.947,4.5451,4.2219,32.32,-0.3
DUK,sample1,US26441CBH79,DUKE ENERGY CORP NEW 2.45% 01Jun2030,2026-08-19,2026-08-18,2030-06-01,3.7837,2.45,91.641,4.8979,4.3031,59.48,-0.2
DUK,sample1,US743263AE50,PROGRESS ENERGY INC 7.75% 01Mar2031,2026-08-19,2026-08-18,2031-03-01,4.5311,7.75,110.778,5.0576,4.3442,71.34,0.0
DUK,sample1,US720186AN51,DUK 2.5 15-MAR-31,2026-08-19,2026-08-18,2031-03-15,4.5695,2.5,90.2,4.9205,4.3463,57.42,0.0
DUK,sample1,US26442CBB90,DUK 2.55 15-APR-31,2026-08-19,2026-08-18,2031-04-15,4.6543,2.55,90.6,4.8292,4.351,47.82,-0.1
DUK,sample1,US26441CBL81,DUKE ENERGY CORP NEW 2.55% 15Jun2031,2026-08-19,2026-08-18,2031-06-15,4.8214,2.55,89.698,4.9799,4.3602,61.97,-0.1
DUK,sample1,US26442UAL89,DUK 2 15-AUG-31,2026-08-19,2026-08-18,2031-08-15,4.9884,2.0,87.779,4.7839,4.3694,41.45,-0.1
DUK,sample1,US743263AG09,PROGRESS ENERGY INC 7% 30Oct2031,2026-08-19,2026-08-18,2031-10-30,5.1964,7.0,108.8447,5.0411,4.3857,65.54,0.1
DUK,sample1,US26444HAK77,DUK 2.4 15-DEC-31,2026-08-19,2026-08-18,2031-12-15,5.3224,2.4,88.616,4.8532,4.3958,45.74,-0.1
DUK,sample1,US26442CBG87,DUK 2.85 15-MAR-32,2026-08-19,2026-08-18,2032-03-15,5.5715,2.85,89.85,4.9575,4.4157,54.18,-0.1
DUK,sample1,US26442UAN46,DUK 3.4 01-APR-32,2026-08-19,2026-08-18,2032-04-01,5.6181,3.4,92.512,4.943,4.4194,52.36,-0.1
DUK,sample1,US26441CBT18,DUK 4.5 15-AUG-32,2026-08-19,2026-08-18,2032-08-15,5.9904,4.5,97.048,5.0779,4.4492,62.87,-0.0
DUK,sample1,US264399ED44,DUKE PWR CO LLC 6.45% 15Oct2032,2026-08-19,2026-08-18,2032-10-15,6.1574,6.45,107.0384,5.1011,4.4626,63.85,0.1
DUK,sample1,US26442CBJ27,DUK 4.95 15-JAN-33,2026-08-19,2026-08-18,2033-01-15,6.4093,4.95,99.385,5.0628,4.4827,58.01,-0.0
DUK,sample1,US26442UAQ76,DUK 5.25 15-MAR-33,2026-08-19,2026-08-18,2033-03-15,6.5708,5.25,100.837,5.0938,4.4957,59.81,0.4
DUK,sample1,US172070CQ59,DUK 5.375 15-JUN-33,2026-08-17,2026-08-17,2033-06-15,6.8282,5.375,100.332,5.3149,4.5263,78.86,0.0
DUK,sample1,US26442CAA27,DUKE ENERGY CAROLINAS LLC 6.1% 01Jun2037,2026-08-19,2026-08-18,2037-06-01,10.7844,6.1,104.282,5.5652,4.7547,81.05,0.0
DUK,sample1,US26442CAB00,DUKE ENERGY CAROLINAS LLC 6% 15Jan2038,2026-08-18,2026-08-18,2038-01-15,11.4114,6.0,103.1529,5.621,4.7904,83.06,0.0
DUK,sample1,US26442CAE49,DUKE ENERGY CAROLINAS LLC 6.05% 15Apr2038,2026-08-19,2026-08-18,2038-04-15,11.655,6.05,106.25,5.3224,4.8043,51.81,0.0
DUK,sample1,US263901AA85,DUKE ENERGY IND INC 6.35% 15Aug2038,2026-08-19,2026-08-18,2038-08-15,11.989,6.35,106.92,5.5516,4.8234,72.82,0.0
DUK,sample1,US263901AB68,DUKE ENERGY IND INC 6.45% 01Apr2039,2026-08-19,2026-08-18,2039-04-01,12.616,6.45,109.0756,5.4451,4.8591,58.6,0.0
DUK,sample1,US743263AP08,PROGRESS ENERGY INC 6% 01Dec2039,2026-08-19,2026-08-18,2039-12-01,13.2841,6.0,101.611,5.823,4.8972,92.58,0.0
DUK,sample1,US26442CAH79,DUKE ENERGY CAROLINAS LLC 5.3% 15Feb2040,2026-08-19,2026-08-18,2040-02-15,13.4921,5.3,96.158,5.7123,4.9091,80.32,-0.0
DUK,sample1,US26441CBM64,DUKE ENERGY CORP NEW 3.3% 15Jun2041,2026-08-19,2026-08-18,2041-06-15,14.8227,3.3,74.299,5.93,4.9849,94.51,-0.0
DUK,sample1,US26442CAM64,DUKE ENERGY CAROLINAS LLC 4.25% 15Dec2041,2026-08-19,2026-08-18,2041-12-15,15.3238,4.25,84.839,5.7515,5.0135,73.8,-0.0
DUK,sample1,US263901AD25,DUKE ENERGY IND INC 4.2% 15Mar2042,2026-08-19,2026-08-18,2042-03-15,15.5702,4.2,82.133,5.9789,5.0275,95.14,-0.0
DUK,sample1,US26442CAN48,DUKE ENERGY CAROLINAS LLC 4% 30Sep2042,2026-08-19,2026-08-18,2042-09-30,16.115,4.0,80.6225,5.8765,5.0586,81.79,-0.0
DUK,sample1,US263901AF72,DUKE ENERGY IND INC 4.9% 15Jul2043,2026-08-19,2026-08-18,2043-07-15,16.9035,4.9,89.436,5.8952,5.1035,79.17,-0.0
DUK,sample1,US26442RAB78,DUKE ENERGY PROGRESS INC 4.375% 30Mar2044,2026-08-05,2026-08-05,2044-03-30,17.6509,4.375,83.275,5.9138,5.0508,86.3,-0.0
DUK,sample1,US26442RAD35,DUKE ENERGY PROGRESS INC 4.15% 01Dec2044,2026-08-19,2026-08-18,2044-12-01,18.2861,4.15,79.773,5.9841,5.1823,80.18,-0.0
DUK,sample1,US26442CAP95,DUKE ENERGY CAROLINAS LLC 3.75% 01Jun2045,2026-08-19,2026-08-18,2045-06-01,18.7844,3.75,75.052,5.978,5.2107,76.73,-0.0
DUK,sample1,US26442UAB08,DUKE ENERGY PROGRESS LLC 4.2% 15Aug2045,2026-08-17,2026-08-17,2045-08-15,18.9952,4.2,78.81,6.0991,5.2417,85.74,-0.0
DUK,sample1,US26441CAP05,DUKE ENERGY CORP NEW 4.8% 15Dec2045,2026-08-19,2026-08-18,2045-12-15,19.3238,4.8,84.982,6.137,5.2415,89.55,-0.0
DUK,sample1,US26442CAR51,DUKE ENERGY CAROLINAS LLC 3.875% 15Mar2046,2026-08-19,2026-08-18,2046-03-15,19.5702,3.875,75.1959,6.0551,5.2555,79.96,-0.0
DUK,sample1,US26443TAA43,DUKE ENERGY IND LLC 3.75% 15May2046,2026-08-14,2026-08-14,2046-05-15,19.7509,3.75,73.231,6.1,5.2358,86.42,-0.1
DUK,sample1,US26441CAT27,DUKE ENERGY CORP NEW 3.75% 01Sep2046,2026-08-19,2026-08-18,2046-09-01,20.0356,3.75,72.128,6.1984,5.28,91.84,-0.0
DUK,sample1,US26444HAA95,DUKE ENERGY FLA LLC 3.4% 01Oct2046,2026-08-19,2026-08-18,2046-10-01,20.1177,3.4,69.956,5.9892,5.28,70.92,-0.0
DUK,sample1,US26442UAC80,DUKE ENERGY PROGRESS LLC 3.7% 15Oct2046,2026-08-18,2026-08-18,2046-10-15,20.1588,3.7,72.44,6.0924,5.28,81.24,-0.0
DUK,sample1,US26441CAY12,DUKE ENERGY CORP NEW 3.95% 15Aug2047,2026-08-19,2026-08-18,2047-08-15,20.9884,3.95,72.8862,6.2957,5.28,101.57,-0.0
DUK,sample1,US26442UAE47,DUKE ENERGY PROGRESS LLC 3.6% 15Sep2047,2026-07-27,2026-07-27,2047-09-15,21.1362,3.6,71.3468,6.0124,5.1466,86.58,-0.0
DUK,sample1,US26442CAT18,DUKE ENERGY CAROLINAS LLC 3.7% 01Dec2047,2026-08-14,2026-08-14,2047-12-01,21.2977,3.7,71.375,6.1235,5.25,87.35,-0.1
DUK,sample1,US26442CAU80,DUKE ENERGY CAROLINAS LLC 3.95% 15Mar2048,2026-08-19,2026-08-18,2048-03-15,21.5715,3.95,74.736,6.065,5.28,78.5,-0.0
DUK,sample1,US26444HAF82,DUKE ENERGY FLA LLC 4.2% 15Jul2048,2026-08-14,2026-08-14,2048-07-15,21.9192,4.2,76.7442,6.1454,5.25,89.54,-0.1
DUK,sample1,US26442EAG52,DUKE ENERGY OHIO INC 4.3% 01Feb2049,2026-08-19,2026-08-18,2049-02-01,22.4559,4.3,78.177,6.0971,5.28,81.71,-0.0
DUK,sample1,US26442CAZ77,DUKE ENERGY CAROLINAS LLC 3.2% 15Aug2049,2026-08-18,2026-08-18,2049-08-15,22.9925,3.2,64.257,6.116,5.28,83.6,-0.0
DUK,sample1,US26441CBN48,DUKE ENERGY CORP NEW 3.5% 15Jun2051,2026-08-19,2026-08-18,2051-06-15,24.8214,3.5,65.281,6.2785,5.28,99.85,-0.0
DUK,sample1,US26442UAM62,DUK 2.9 15-AUG-51,2026-08-11,2026-08-11,2051-08-15,25.0103,2.9,59.241,6.097,5.245,85.2,-0.0
DUK,sample1,US26444HAL50,DUK 3 15-DEC-51,2026-08-19,2026-08-18,2051-12-15,25.3224,3.0,61.353,5.982,5.28,70.2,-0.0
DUK,sample1,US26442CBH60,DUK 3.55 15-MAR-52,2026-08-19,2026-08-18,2052-03-15,25.5715,3.55,67.8248,6.0349,5.28,75.49,-0.0
DUK,sample1,US26442UAP93,DUK 4 01-APR-52,2026-08-18,2026-08-18,2052-04-01,25.6208,4.0,71.8029,6.2133,5.28,93.33,-0.0
DUK,sample1,US720186AP00,DUK 5.05 15-MAY-52,2026-08-19,2026-08-18,2052-05-15,25.7385,5.05,86.1679,6.1239,5.28,84.39,-0.0
DUK,sample1,US26441CBU80,DUK 5 15-AUG-52,2026-08-19,2026-08-18,2052-08-15,25.9904,5.0,83.37,6.31,5.28,103.0,-0.0
DUK,sample1,US26444HAN17,DUK 5.95 15-NOV-52,2026-08-19,2026-08-18,2052-11-15,26.2423,5.95,97.706,6.126,5.28,84.6,-0.0
DUK,sample1,US26442CBK99,DUK 5.35 15-JAN-53,2026-08-19,2026-08-18,2053-01-15,26.4093,5.35,90.433,6.082,5.28,80.2,-0.0
DUK,sample1,US26442UAR59,DUK 5.35 15-MAR-53,2026-08-18,2026-08-18,2053-03-15,26.5736,5.35,88.378,6.252,5.28,97.2,-0.0
DVN,sample3_extension_2026-08-20,US25179MBE21,DVN 5.875 15-JUN-28,2026-08-18,2026-08-18,2028-06-15,1.8261,5.875,100.411,5.6291,4.1552,147.39,0.1
DVN,sample3_extension_2026-08-20,US25179MBF95,DVN 4.5 15-JAN-30,2026-08-19,2026-08-18,2030-01-15,3.4086,4.5,98.881,4.8594,4.2825,57.69,-0.1
DVN,sample3_extension_2026-08-20,US251799AA02,DEVON ENERGY CORP 7.95% 15Apr2032,2026-08-19,2026-08-18,2032-04-15,5.6564,7.95,114.105,5.0485,4.4225,62.6,0.1
EBAY,sample2,US278642AU75,EBAY INC 3.6% 05Jun2027,2026-08-19,2026-08-18,2027-06-05,0.794,3.6,99.479,4.2703,3.9543,31.6,-0.2
EBAY,sample2,US278642BA03,EBAY 5.95 22-NOV-27,2026-08-19,2026-08-18,2027-11-22,1.2594,5.95,101.647,4.4885,4.0419,44.66,9.4
EBAY,sample2,US278642AW32,EBAY INC 2.7% 11Mar2030,2026-08-19,2026-08-18,2030-03-11,3.5592,2.7,92.643,4.9812,4.2908,69.04,-0.1
EBAY,sample2,US278642AY97,EBAY INC 2.6% 10May2031,2026-08-19,2026-08-18,2031-05-10,4.7228,2.6,90.483,4.8799,4.3548,52.51,-0.0
EBAY,sample2,US278642BB85,EBAY 6.3 22-NOV-32,2026-08-19,2026-08-18,2032-11-22,6.2615,6.3,106.054,5.1159,4.4709,64.5,3.9
EBAY,sample2,US278642AF09,EBAY INC 4% 15Jul2042,2026-08-19,2026-08-18,2042-07-15,15.9042,4.0,77.142,6.2952,5.0465,124.87,-0.0
EBAY,sample2,US278642AZ62,EBAY INC 3.65% 10May2051,2026-08-12,2026-08-12,2051-05-10,24.742,3.65,68.97,6.09,5.24,85.0,0.4
ECL,sample3_extension_2026-08-20,US278865AV25,ECOLAB INC 2.7% 01Nov2026,2026-08-19,2026-08-18,2026-11-01,0.2026,2.7,99.45,5.4741,3.86,161.41,-3.0
ECL,sample3_extension_2026-08-20,US278865BL34,ECL 1.65 01-FEB-27,2026-08-19,2026-08-18,2027-02-01,0.4545,1.65,98.857,4.2507,3.8954,35.53,-3.7
ECL,sample3_extension_2026-08-20,US278865BD18,ECOLAB INC 3.25% 01Dec2027,2026-08-19,2026-08-18,2027-12-01,1.2841,3.25,98.655,4.3376,4.0468,29.08,-0.3
ECL,sample3_extension_2026-08-20,US278865BP48,ECL 5.25 15-JAN-28,2026-08-19,2026-08-18,2028-01-15,1.4073,5.25,101.114,4.3714,4.0715,29.99,5.0
ECL,sample3_extension_2026-08-20,US278865BM17,ECL 2.125 01-FEB-32,2026-08-19,2026-08-18,2032-02-01,5.4538,2.125,86.98,4.8752,4.4063,46.89,-0.3
ECL,sample3_extension_2026-08-20,US278865BA78,ECOLAB INC 3.95% 01Dec2047,2026-08-10,2026-08-10,2047-12-01,21.3087,3.95,76.3979,5.912,5.25,66.2,-0.0
ECL,sample3_extension_2026-08-20,US278865BN99,ECL 2.7 15-DEC-51,2026-08-19,2026-08-18,2051-12-15,25.3224,2.7,58.2035,5.8997,5.28,61.97,-0.0
ECL,sample3_extension_2026-08-20,US278865BJ87,ECL 2.75 18-AUG-55,2026-08-18,2026-08-18,2055-08-18,28.9993,2.75,55.847,5.9714,5.28,69.14,-0.0
ED,sample2,US209111FJ72,CONSOLIDATED EDISON CO N Y INC 2.9% 01Dec2026,2026-08-19,2026-08-18,2026-12-01,0.2847,2.9,99.561,4.456,3.866,59.0,-0.1
ED,sample2,US209111FM02,CONSOLIDATED EDISON CO N Y INC 3.125% 15Nov2027,2026-08-19,2026-08-18,2027-11-15,1.2402,3.125,98.7,4.2119,4.038,17.39,-0.4
ED,sample2,US209111FP33,CONSOLIDATED EDISON CO N Y INC 3.8% 15May2028,2026-08-17,2026-08-17,2028-05-15,1.744,3.8,98.9,4.4603,4.1414,31.89,-0.1
ED,sample2,US209111FS71,CONSOLIDATED EDISON CO N Y INC 4% 01Dec2028,2026-08-19,2026-08-18,2028-12-01,2.2861,4.0,98.69,4.6091,4.21,39.91,-0.1
ED,sample2,US209111GA54,CONSOLIDATED EDISON CO N Y INC 2.4% 15Jun2031,2026-08-19,2026-08-18,2031-06-15,4.8214,2.4,89.552,4.8568,4.3602,49.66,-0.1
ED,sample2,US209111GE76,ED 5.2 01-MAR-33,2026-08-19,2026-08-18,2033-03-01,6.5325,5.2,100.5365,5.0999,4.4926,60.73,0.2
ED,sample2,US209111ED12,CONSOLIDATED EDISON CO N Y INC 5.1% 15Jun2033,2026-08-19,2026-08-18,2033-06-15,6.8227,5.1,99.304,5.2213,4.5158,70.55,-0.0
ED,sample2,US209111EF69,CONSOLIDATED EDISON CO N Y INC 5.7% 01Feb2034,2026-08-12,2026-08-12,2034-02-01,7.4743,5.7,100.886,5.553,4.5453,100.77,0.0
ED,sample2,US209111EH26,CONSOLIDATED EDISON CO N Y INC 5.3% 01Mar2035,2026-08-19,2026-08-18,2035-03-01,8.5311,5.3,99.581,5.3616,4.6219,73.97,-0.0
ED,sample2,US209111EL38,CONSOLIDATED EDISON CO N Y INC 5.85% 15Mar2036,2026-08-12,2026-08-12,2036-03-15,9.5907,5.85,102.756,5.4759,4.6582,81.77,0.0
ED,sample2,US209111EM11,CONSOLIDATED EDISON CO N Y INC 6.2% 15Jun2036,2026-08-19,2026-08-18,2036-06-15,9.8234,6.2,105.353,5.4863,4.6994,78.69,0.0
ED,sample2,US209111ES80,CONSOLIDATED EDISON CO N Y INC 6.3% 15Aug2037,2026-08-18,2026-08-18,2037-08-15,10.9925,6.3,105.78,5.5889,4.7666,82.23,0.0
ED,sample2,US209111EU37,CONSOLIDATED EDISON CO N Y INC 6.75% 01Apr2038,2026-08-19,2026-08-18,2038-04-01,11.6167,6.75,109.8127,5.5891,4.8022,78.69,0.0
ED,sample2,US209111EY58,CONSOLIDATED EDISON CO N Y INC 5.5% 01Dec2039,2026-08-19,2026-08-18,2039-12-01,13.2841,5.5,100.473,5.4485,4.8972,55.13,0.0
ED,sample2,US209111FA63,CONSOLIDATED EDISON CO N Y INC 5.7% 15Jun2040,2026-08-19,2026-08-18,2040-06-15,13.8234,5.7,99.684,5.7324,4.9279,80.45,0.0
ED,sample2,US209111FB47,CONSOLIDATED EDISON CO N Y INC 4.2% 15Mar2042,2026-08-14,2026-08-14,2042-03-15,15.5838,4.2,82.407,5.9474,4.9983,94.91,-0.1
ED,sample2,US209111FC20,CONSOLIDATED EDISON CO N Y INC 3.95% 01Mar2043,2026-08-17,2026-08-17,2043-03-01,16.5366,3.95,78.007,6.0766,5.0991,97.75,-0.0
ED,sample2,US209111FD03,CONSOLIDATED EDISON CO N Y INC 4.45% 15Mar2044,2026-08-18,2026-08-18,2044-03-15,17.5743,4.45,82.47,6.088,5.1417,94.63,-0.0
ED,sample2,US209111FG34,CONSOLIDATED EDISON CO N Y INC 4.5% 01Dec2045,2026-08-18,2026-08-18,2045-12-01,19.2882,4.5,81.087,6.193,5.2394,95.36,-0.0
ED,sample2,US209111FH17,CONSOLIDATED EDISON CO N Y INC 3.85% 15Jun2046,2026-08-19,2026-08-18,2046-06-15,19.822,3.85,74.3645,6.0952,5.2699,82.53,-0.0
ED,sample2,US209111FL29,CONSOLIDATED EDISON CO N Y INC 3.875% 15Jun2047,2026-08-19,2026-08-18,2047-06-15,20.8214,3.875,73.698,6.1273,5.28,84.73,-0.0
ED,sample2,US209111FT54,CONSOLIDATED EDISON CO N Y INC 4.65% 01Dec2048,2026-08-14,2026-08-14,2048-12-01,22.2998,4.65,81.861,6.156,5.25,90.6,-0.0
ED,sample2,US209111FY40,CONSOLIDATED EDISON CO N Y INC 3.95% 01Apr2050,2026-08-19,2026-08-18,2050-04-01,23.6167,3.95,73.719,6.056,5.28,77.6,-0.0
ED,sample2,US209111GC11,ED 3.2 01-DEC-51,2026-08-17,2026-08-17,2051-12-01,25.2895,3.2,62.321,6.1584,5.3053,85.31,-0.0
ED,sample2,US209111GD93,ED 6.15 15-NOV-52,2026-08-19,2026-08-18,2052-11-15,26.2423,6.15,100.348,6.1221,5.28,84.21,0.0
ED,sample2,US209111FF50,CONSOLIDATED EDISON CO N Y INC 4.625% 01Dec2054,2026-08-19,2026-08-18,2054-12-01,28.2847,4.625,78.392,6.2646,5.28,98.46,-0.0
ED,sample2,US209111FK46,CONSOLIDATED EDISON CO N Y INC 4.3% 01Dec2056,2026-08-13,2026-08-13,2056-12-01,30.3025,4.3,74.8276,6.1394,5.21,92.94,-0.0
ED,sample2,US209111FN84,CONSOLIDATED EDISON CO N Y INC 4% 15Nov2057,2026-08-12,2026-08-12,2057-11-15,31.2608,4.0,70.329,6.147,5.24,90.7,-0.0
ED,sample2,US209111FQ16,CONSOLIDATED EDISON CO N Y INC 4.5% 15May2058,2026-08-18,2026-08-18,2058-05-15,31.7399,4.5,75.9155,6.2542,5.28,97.42,-0.0
ED,sample2,US209111GB38,CONSOLIDATED EDISON CO N Y INC 3.6% 15Jun2061,2026-08-18,2026-08-18,2061-06-15,34.8255,3.6,63.611,6.145,5.28,86.5,-0.0
EFX,sample2,US294429AV70,EFX 5.1 15-DEC-27,2026-08-19,2026-08-18,2027-12-15,1.3224,5.1,100.702,4.5074,4.0545,45.29,3.4
EFX,sample2,US294429AC99,EQUIFAX INC 6.9% 01Jul2028,2026-08-19,2026-08-18,2028-07-01,1.8672,6.9,103.977,4.6435,4.1634,48.01,0.4
EFX,sample2,US294429AT25,EFX 2.35 15-SEP-31,2026-08-19,2026-08-18,2031-09-15,5.0732,2.35,87.6152,5.1571,4.3759,78.12,-0.2
EFX,sample2,US294429AG04,EQUIFAX INC 7% 01Jul2037,2026-08-19,2026-08-18,2037-07-01,10.8665,7.0,108.524,5.9236,4.7594,116.42,0.0
EIX,sample3_extension_2026-08-20,US842400HQ95,EIX 4.7 01-JUN-27,2026-08-19,2026-08-18,2027-06-01,0.783,4.7,100.038,4.6396,3.9524,68.72,0.2
EIX,sample3_extension_2026-08-20,US842400HS51,EIX 5.85 01-NOV-27,2026-08-19,2026-08-18,2027-11-01,1.2019,5.85,101.357,4.5832,4.0304,55.28,8.6
EIX,sample3_extension_2026-08-20,US281020AW79,EIX 6.95 15-NOV-29,2026-08-19,2026-08-18,2029-11-15,3.2416,6.95,104.153,5.4611,4.2733,118.78,6.8
EIX,sample3_extension_2026-08-20,US842400HD82,EIX 2.5 01-JUN-31,2026-08-14,2026-08-14,2031-06-01,4.7967,2.5,89.071,5.1001,4.3478,75.23,-0.4
EIX,sample3_extension_2026-08-20,US842400HM81,EIX 2.75 01-FEB-32,2026-08-19,2026-08-18,2032-02-01,5.4538,2.75,88.423,5.2188,4.4063,81.25,-0.3
EIX,sample3_extension_2026-08-20,US842400HT35,EIX 5.95 01-NOV-32,2026-08-19,2026-08-18,2032-11-01,6.204,5.95,103.396,5.2768,4.4663,81.05,2.2
EIX,sample3_extension_2026-08-20,US842400HF31,EIX 3.65 01-JUN-51,2026-08-19,2026-08-18,2051-06-01,24.783,3.65,66.375,6.3641,5.28,108.41,-0.0
EIX,sample3_extension_2026-08-20,US842400HN64,EIX 3.45 01-FEB-52,2026-08-19,2026-08-18,2052-02-01,25.4538,3.45,63.961,6.3142,5.28,103.42,-0.0
EIX,sample3_extension_2026-08-20,US842400HR78,EIX 5.45 01-JUN-52,2026-08-19,2026-08-18,2052-06-01,25.7851,5.45,87.496,6.4506,5.28,117.06,-0.0
EIX,sample3_extension_2026-08-20,US842400HV80,EIX 5.7 01-MAR-53,2026-08-19,2026-08-18,2053-03-01,26.5325,5.7,89.214,6.5634,5.28,128.34,-0.0
EL,sample3_extension_2026-08-20,US29736RAJ95,ESTEE LAUDER COS INC 3.15% 15Mar2027,2026-08-19,2026-08-18,2027-03-15,0.5695,3.15,99.46,4.1157,3.9154,20.03,-0.0
EL,sample3_extension_2026-08-20,US29736RAC43,ESTEE LAUDER COS INC 6% 15May2037,2026-08-19,2026-08-18,2037-05-15,10.7379,6.0,104.7194,5.4134,4.7521,66.13,0.0
EL,sample3_extension_2026-08-20,US29736RAG56,ESTEE LAUDER COS INC 4.375% 15Jun2045,2026-08-18,2026-08-18,2045-06-15,18.8255,4.375,80.312,6.155,5.2131,94.19,-0.0
EL,sample3_extension_2026-08-20,US29736RAK68,ESTEE LAUDER COS INC 4.15% 15Mar2047,2026-08-19,2026-08-18,2047-03-15,20.5695,4.15,78.163,6.014,5.28,73.4,0.0
ELV,sample3_extension_2026-08-20,US036752AT01,ELV 4.1 15-MAY-32,2026-08-19,2026-08-18,2032-05-15,5.7385,4.1,95.371,5.038,4.4291,60.89,-0.0
ELV,sample3_extension_2026-08-20,US036752AW30,ELV 5.5 15-OCT-32,2026-08-19,2026-08-18,2032-10-15,6.1574,5.5,101.8666,5.1293,4.4626,66.67,1.2
ELV,sample3_extension_2026-08-20,US28622HAB78,ELV 4.75 15-FEB-33,2026-08-19,2026-08-18,2033-02-15,6.4942,4.75,97.505,5.2081,4.4895,71.86,-0.0
ELV,sample3_extension_2026-08-20,US036752AU73,ELV 4.55 15-MAY-52,2026-08-19,2026-08-18,2052-05-15,25.7385,4.55,78.915,6.1993,5.28,91.93,-0.0
ELV,sample3_extension_2026-08-20,US036752AX13,ELV 6.1 15-OCT-52,2026-08-19,2026-08-18,2052-10-15,26.1574,6.1,98.0,6.2556,5.28,97.56,-0.0
ELV,sample3_extension_2026-08-20,US28622HAC51,ELV 5.125 15-FEB-53,2026-08-19,2026-08-18,2053-02-15,26.4942,5.125,85.342,6.266,5.28,98.6,-0.0
EMR,sample1,US291011BP85,EMERSON ELEC CO 0.875% 15Oct2026,2026-08-19,2026-08-18,2026-10-15,0.1561,0.875,99.504,4.1295,3.86,26.95,-4.0
EMR,sample1,US291011BQ68,EMR 2 21-DEC-28,2026-08-19,2026-08-18,2028-12-21,2.3409,2.0,94.671,4.4251,4.2139,21.12,-0.5
EMR,sample1,US291011BR42,EMR 2.2 21-DEC-31,2026-08-19,2026-08-18,2031-12-21,5.3388,2.2,88.048,4.7623,4.3971,36.52,-0.1
EMR,sample1,US291011BS25,EMR 2.8 21-DEC-51,2026-08-19,2026-08-18,2051-12-21,25.3388,2.8,59.747,5.8726,5.28,59.26,-0.0
EOG,sample3_extension_2026-08-20,US26875PAN15,EOG RES INC 3.9% 01Apr2035,2026-08-19,2026-08-18,2035-04-01,8.616,3.9,90.371,5.3066,4.627,67.96,-0.0
EQIX,sample3_extension_2026-08-20,US29444UBR68,EQIX 2 15-MAY-28,2026-08-19,2026-08-18,2028-05-15,1.7385,2.0,95.7,4.6038,4.1377,46.61,-0.4
EQIX,sample3_extension_2026-08-20,US29444UBU97,EQIX 3.9 15-APR-32,2026-08-19,2026-08-18,2032-04-15,5.6564,3.9,94.3839,5.0535,4.4225,63.1,-0.1
EQIX,sample3_extension_2026-08-20,US29444UBT25,EQIX 3.4 15-FEB-52,2026-08-19,2026-08-18,2052-02-15,25.4921,3.4,64.16,6.222,5.28,94.2,-0.0
EQR,sample3_extension_2026-08-20,US26884ABN28,EQR 1.85 01-AUG-31,2026-08-19,2026-08-18,2031-08-01,4.95,1.85,86.984,4.8398,4.3673,47.25,-0.2
EQT,sample3_extension_2026-08-20,US26884LAF67,EQT CORP 3.9% 01Oct2027,2026-08-19,2026-08-18,2027-10-01,1.117,3.9,99.158,4.6809,4.0134,66.75,-0.2
EQT,sample3_extension_2026-08-20,US26884LAG41,EQT 7% 1feb2030 USD,2026-08-19,2026-08-18,2030-02-01,3.4552,7.0,105.91,4.9794,4.285,69.44,13.2
ES,sample3_extension_2026-08-20,US30040WAE84,EVERSOURCE ENERGY 3.3% 15Jan2028,2026-08-18,2026-08-18,2028-01-15,1.41,3.3,98.225,4.6166,4.072,54.46,-0.4
ES,sample3_extension_2026-08-20,US30040WAF59,EVERSOURCE ENERGY 4.25% 01Apr2029,2026-08-19,2026-08-18,2029-04-01,2.6174,4.25,98.814,4.7359,4.2332,50.27,-0.1
ES,sample3_extension_2026-08-20,US30040WAH16,Eversource Energy 3.45% 15jan2050 USD,2026-08-18,2026-08-18,2050-01-15,23.4114,3.45,65.714,6.26,5.28,98.0,-0.0
ESS,sample3_extension_2026-08-20,US29717PAZ09,ESS 2.55 15-JUN-31,2026-08-18,2026-08-18,2031-06-15,4.8241,2.55,89.2621,5.0883,4.3603,72.8,-0.1
ETN,sample1,US278062AG90,EATON CORP OHIO 3.103% 15Sep2027,2026-08-19,2026-08-18,2027-09-15,1.0732,3.103,98.741,4.3184,4.0046,31.38,-0.4
ETN,sample1,US278058AW21,ETN 7.65 15-NOV-29,2026-08-18,2026-08-18,2029-11-15,3.2444,7.65,109.338,4.515,4.2734,24.16,0.5
ETN,sample1,US278062AD69,EATON CORP OHIO 4% 02Nov2032,2026-08-19,2026-08-18,2032-11-02,6.2067,4.0,95.255,4.8955,4.4665,42.9,-0.1
ETN,sample1,US278062AH73,ETN 4.15 15-MAR-33,2026-08-19,2026-08-18,2033-03-15,6.5708,4.15,95.45,4.9697,4.4957,47.4,-0.0
ETN,sample1,US278062AE43,EATON CORP OHIO 4.15% 02Nov2042,2026-08-19,2026-08-18,2042-11-02,16.2053,4.15,84.442,5.6254,5.0637,56.17,-0.0
ETN,sample1,US278062AJ30,ETN 4.7 23-AUG-52,2026-08-04,2026-08-04,2052-08-23,26.0534,4.7,85.368,5.795,5.18,61.5,-0.0
ETR,sample3_extension_2026-08-20,US29364GAJ22,ENTERGY CORP NEW 2.95% 01Sep2026,2026-08-19,2026-08-18,2026-09-01,0.0356,2.95,99.94,4.6883,3.86,82.83,-6.4
ETR,sample3_extension_2026-08-20,US29365TAL89,ETR 1.5 01-SEP-26,2026-08-11,2026-08-11,2026-09-01,0.0575,1.5,99.828,4.7353,3.89,84.53,-22.1
ETR,sample3_extension_2026-08-20,US29364WAY49,ENTERGY LA LLC 2.4% 01Oct2026,2026-08-19,2026-08-18,2026-10-01,0.1177,2.4,100.051,1.9333,3.86,1.0,2.2
ETR,sample3_extension_2026-08-20,US29364WAZ14,ENTERGY LA LLC 3.12% 01Sep2027,2026-08-18,2026-08-18,2027-09-01,1.0376,3.12,98.896,4.2221,3.9975,22.46,-0.5
ETR,sample3_extension_2026-08-20,US29365TAF12,ENTERGY TEX INC 3.45% 01Dec2027,2026-08-19,2026-08-18,2027-12-01,1.2841,3.45,98.925,4.3183,4.0468,27.15,-0.2
ETR,sample3_extension_2026-08-20,US29364WAW82,ENTERGY LA LLC 3.25% 01Apr2028,2026-08-19,2026-08-18,2028-04-01,1.6181,3.25,98.166,4.4381,4.1136,32.45,-0.3
ETR,sample3_extension_2026-08-20,US29364DAV29,ENTERGY ARK INC 4% 01Jun2028,2026-08-19,2026-08-18,2028-06-01,1.7851,4.0,99.157,4.4947,4.147,34.77,-0.1
ETR,sample3_extension_2026-08-20,US29364NAT54,ENTERGY MISS INC 2.85% 01Jun2028,2026-08-19,2026-08-18,2028-06-01,1.7851,2.85,97.2119,4.4946,4.147,34.76,-0.4
ETR,sample3_extension_2026-08-20,US29364GAN34,ETR 1.9 15-JUN-28,2026-08-19,2026-08-18,2028-06-15,1.8234,1.9,95.349,4.5923,4.1547,43.76,-0.6
ETR,sample3_extension_2026-08-20,US29365TAG94,ENTERGY TEX INC 4% 30Mar2029,2026-08-19,2026-08-18,2029-03-30,2.6119,4.0,98.468,4.628,4.2328,39.52,-0.0
ETR,sample3_extension_2026-08-20,US29364GAP81,ETR 2.4 15-JUN-31,2026-08-19,2026-08-18,2031-06-15,4.8214,2.4,88.878,5.0265,4.3602,66.63,-0.1
ETR,sample3_extension_2026-08-20,US29364WBH07,ETR 2.35 15-JUN-32,2026-08-19,2026-08-18,2032-06-15,5.8234,2.35,86.8279,4.9849,4.4359,54.9,-0.2
ETR,sample3_extension_2026-08-20,US29366MAD02,ETR 5.15 15-JAN-33,2026-08-19,2026-08-18,2033-01-15,6.4093,5.15,99.882,5.1709,4.4827,68.82,0.0
ETR,sample3_extension_2026-08-20,US29364WBA53,ENTERGY LA LLC 4% 15Mar2033,2026-08-19,2026-08-18,2033-03-15,6.5708,4.0,93.852,5.1131,4.4957,61.74,-0.0
ETR,sample3_extension_2026-08-20,US29365TAH77,ENTERGY TEX INC 4.5% 30Mar2039,2026-08-19,2026-08-18,2039-03-30,12.6105,4.5,88.6095,5.7842,4.8588,92.54,-0.0
ETR,sample3_extension_2026-08-20,US29364WBJ62,ETR 3.1 15-JUN-41,2026-08-19,2026-08-18,2041-06-15,14.8227,3.1,73.892,5.7391,4.9849,75.42,-0.0
ETR,sample3_extension_2026-08-20,US29364DAT72,ENTERGY ARK INC 4.95% 15Dec2044,2026-08-17,2026-08-17,2044-12-15,18.3299,4.95,88.385,6.0029,5.2031,79.98,-0.0
ETR,sample3_extension_2026-08-20,US29364WAV00,ENTERGY LA LLC 4.95% 15Jan2045,2026-08-19,2026-08-18,2045-01-15,18.4093,4.95,88.873,5.9527,5.1893,76.34,-0.0
ETR,sample3_extension_2026-08-20,US29364WBB37,ENTERGY LA LLC 4.2% 01Sep2048,2026-08-19,2026-08-18,2048-09-01,22.037,4.2,77.2621,6.0879,5.28,80.79,-0.0
ETR,sample3_extension_2026-08-20,US29366WAB28,ETR 3.5 01-JUN-51,2026-08-18,2026-08-18,2051-06-01,24.7858,3.5,67.172,6.0805,5.28,80.05,-0.0
ETR,sample3_extension_2026-08-20,US29366MAC29,ETR 3.35 15-JUN-52,2026-08-17,2026-08-17,2052-06-15,25.8289,3.35,63.776,6.173,5.3058,86.72,-0.0
ETR,sample3_extension_2026-08-20,US29365TAM62,ETR 5 15-SEP-52,2026-08-19,2026-08-18,2052-09-15,26.0753,5.0,85.408,6.1277,5.28,84.77,-0.0
EVRG,sample3_extension_2026-08-20,US30037FAA84,EVRG 5.15 15-DEC-27,2026-08-10,2026-08-10,2027-12-15,1.347,5.15,100.559,4.6863,4.1129,57.34,2.6
EVRG,sample3_extension_2026-08-20,US30036FAB76,EVRG 5.7 15-MAR-53,2026-08-19,2026-08-18,2053-03-15,26.5708,5.7,95.4465,6.0461,5.28,76.61,-0.0
EW,sample2,US28176EAD04,EDWARDS LIFESCIENCES CORP 4.3% 15Jun2028,2026-08-19,2026-08-18,2028-06-15,1.8234,4.3,99.5572,4.5531,4.1547,39.84,-0.0
EXC,sample3_extension_2026-08-20,US30161NBJ90,EXC 5.15 15-MAR-28,2026-08-19,2026-08-18,2028-03-15,1.5715,5.15,100.848,4.5536,4.1043,44.93,2.9
EXC,sample3_extension_2026-08-20,US048303CJ83,EXC 2.3 15-MAR-31,2026-08-19,2026-08-18,2031-03-15,4.5695,2.3,89.618,4.8607,4.3463,51.44,-0.0
EXC,sample3_extension_2026-08-20,US059165EN63,EXC 2.25 15-JUN-31,2026-08-19,2026-08-18,2031-06-15,4.8214,2.25,88.87,4.868,4.3602,50.78,-0.1
EXC,sample3_extension_2026-08-20,US30161NBE04,EXC 3.35 15-MAR-32,2026-08-19,2026-08-18,2032-03-15,5.5715,3.35,91.6316,5.0942,4.4157,67.85,-0.1
EXC,sample3_extension_2026-08-20,US202795JW12,EXC 3.15 15-MAR-32,2026-08-13,2026-08-13,2032-03-15,5.588,3.15,91.654,4.8741,4.3641,51.0,-0.0
EXC,sample3_extension_2026-08-20,US202795JX94,EXC 4.9 01-FEB-33,2026-08-19,2026-08-18,2033-02-01,6.4559,4.9,99.029,5.078,4.4865,59.15,-0.0
EXC,sample3_extension_2026-08-20,US30161NBK63,EXC 5.3 15-MAR-33,2026-08-19,2026-08-18,2033-03-15,6.5708,5.3,100.268,5.25,4.4957,75.43,0.0
EXC,sample3_extension_2026-08-20,US30161NAC56,EXELON CORP 5.625% 15Jun2035,2026-08-19,2026-08-18,2035-06-15,8.8214,5.625,100.731,5.5179,4.6393,87.86,0.0
EXC,sample3_extension_2026-08-20,US30161NAQ43,EXELON CORP 4.95% 15Jun2035,2026-08-19,2026-08-18,2035-06-15,8.8214,4.95,95.302,5.6321,4.6393,99.28,-0.0
EXC,sample3_extension_2026-08-20,US30161MAG87,EXELON GENERATION CO LLC 6.25% 01Oct2039,2026-08-19,2026-08-18,2039-10-01,13.117,6.25,102.7532,5.9439,4.8877,105.62,-0.0
EXC,sample3_extension_2026-08-20,US30161MAJ27,EXELON GENERATION CO LLC 5.75% 01Oct2041,2026-08-12,2026-08-12,2041-10-01,15.1376,5.75,98.298,5.92,4.9677,95.23,0.1
EXC,sample3_extension_2026-08-20,US30161MAN39,EXELON GENERATION CO LLC 5.6% 15Jun2042,2026-08-19,2026-08-18,2042-06-15,15.822,5.6,95.679,6.0266,5.0419,98.47,-0.0
EXC,sample3_extension_2026-08-20,US30161NAS09,EXELON CORP 5.1% 15Jun2045,2026-08-18,2026-08-18,2045-06-15,18.8255,5.1,86.464,6.341,5.2131,112.79,-0.0
EXC,sample3_extension_2026-08-20,US30161NAV38,EXELON CORP 4.45% 15Apr2046,2026-08-19,2026-08-18,2046-04-15,19.655,4.45,79.353,6.295,5.2603,103.47,-0.0
EXC,sample3_extension_2026-08-20,US202795JT82,EXC 3.125 15-MAR-51,2026-08-18,2026-08-18,2051-03-15,24.5722,3.125,62.449,6.0911,5.28,81.11,-0.0
EXC,sample3_extension_2026-08-20,US693304BA44,EXC 3.05 15-MAR-51,2026-08-10,2026-08-10,2051-03-15,24.5941,3.05,61.9576,6.0391,5.25,78.91,0.0
EXC,sample3_extension_2026-08-20,US202795JU55,EXC 2.75 01-SEP-51,2026-08-19,2026-08-18,2051-09-01,25.0349,2.75,58.02,6.0164,5.28,73.64,-0.0
EXC,sample3_extension_2026-08-20,US693304BC00,EXC 2.85 15-SEP-51,2026-08-18,2026-08-18,2051-09-15,25.076,2.85,58.563,6.0962,5.28,81.62,-0.0
EXC,sample3_extension_2026-08-20,US30161NBH35,EXC 4.1 15-MAR-52,2026-08-17,2026-08-17,2052-03-15,25.577,4.1,71.81,6.3413,5.3056,103.57,0.0
EXC,sample3_extension_2026-08-20,US202795JV39,EXC 3.85 15-MAR-52,2026-08-14,2026-08-14,2052-03-15,25.5852,3.85,70.5049,6.1536,5.25,90.36,-0.0
EXC,sample3_extension_2026-08-20,US059165EP12,EXC 4.55 01-JUN-52,2026-08-18,2026-08-18,2052-06-01,25.7878,4.55,78.714,6.2165,5.28,93.65,-0.0
EXC,sample3_extension_2026-08-20,US693304BE65,EXC 4.375 15-AUG-52,2026-08-19,2026-08-18,2052-08-15,25.9904,4.375,78.203,6.0494,5.28,76.94,-0.0
EXC,sample3_extension_2026-08-20,US202795JY77,EXC 5.3 01-FEB-53,2026-08-19,2026-08-18,2053-02-01,26.4559,5.3,89.3041,6.1212,5.28,84.12,-0.0
EXC,sample3_extension_2026-08-20,US30161NBL47,EXC 5.6 15-MAR-53,2026-08-18,2026-08-18,2053-03-15,26.5736,5.6,89.745,6.408,5.28,112.8,-0.0
EXPE,sample2,US30212PBK03,EXPEDIA GROUP INC 4.625% 01Aug2027,2026-08-19,2026-08-18,2027-08-01,0.95,4.625,100.032,4.5836,3.9813,60.23,0.4
EXPE,sample2,US30212PAP09,EXPEDIA GROUP INC 3.8% 15Feb2028,2026-08-19,2026-08-18,2028-02-15,1.4921,3.8,99.119,4.4186,4.0884,33.02,-0.2
EXPE,sample2,US30212PAR64,EXPEDIA GROUP INC 3.25% 15Feb2030,2026-08-19,2026-08-18,2030-02-15,3.4935,3.25,94.871,4.8672,4.2871,58.01,-0.3
EXPE,sample2,US30212PBH73,EXPEDIA GROUP INC 2.95% 15Mar2031,2026-08-19,2026-08-18,2031-03-15,4.5695,2.95,91.585,5.0339,4.3463,68.76,0.0
EXR,sample3_extension_2026-08-20,US30225VAH06,EXR 3.9 01-APR-29,2026-08-17,2026-08-17,2029-04-01,2.6229,3.9,97.642,4.8679,4.2274,64.05,-0.1
EXR,sample3_extension_2026-08-20,US30225VAF40,EXR 2.55 01-JUN-31,2026-08-19,2026-08-18,2031-06-01,4.783,2.55,89.2263,5.1182,4.3581,76.01,-0.1
EXR,sample3_extension_2026-08-20,US30225VAG23,EXR 2.35 15-MAR-32,2026-08-19,2026-08-18,2032-03-15,5.5715,2.35,86.356,5.203,4.4157,78.73,-0.1
F,sample3_extension_2026-08-20,US345370BP43,FORD MTR CO DEL 7.5% 01Aug2026,2026-07-30,2026-07-30,2026-08-01,0.0055,7.5,100.0,7.2304,3.82,341.04,13.2
F,sample3_extension_2026-08-20,US34540TNN80,Ford Motor Credit Company 3.4% 20sep2026,2026-08-19,2026-08-18,2026-09-20,0.0876,3.4,99.5024,9.2859,3.86,542.59,-11.9
F,sample3_extension_2026-08-20,US345397A456,Ford Motor Credit Company 4.271% 9jan2027 USD,2026-08-19,2026-08-18,2027-01-09,0.3915,4.271,99.808,4.7543,3.8845,86.98,0.6
F,sample3_extension_2026-08-20,US345370BT64,FORD MTR CO DEL 6.625% 15Feb2028,2026-08-19,2026-08-18,2028-02-15,1.4921,6.625,101.9623,5.2346,4.0884,114.62,0.6
F,sample3_extension_2026-08-20,US345370BY59,FORD MTR CO DEL 6.625% 01Oct2028,2026-08-19,2026-08-18,2028-10-01,2.1191,6.625,103.095,5.0591,4.1983,86.08,0.3
F,sample3_extension_2026-08-20,US345370BZ25,FORD MTR CO DEL 6.375% 01Feb2029,2026-08-19,2026-08-18,2029-02-01,2.4559,6.375,102.717,5.177,4.2219,95.51,0.4
F,sample3_extension_2026-08-20,US345397ZR75,Ford Motor Credit Company 5.113% 3may2029 USD,2026-08-19,2026-08-18,2029-05-03,2.705,5.113,99.412,5.3463,4.2393,110.7,-0.0
F,sample3_extension_2026-08-20,US345370CA64,FORD MTR CO DEL 7.45% 16Jul2031,2026-08-19,2026-08-18,2031-07-16,4.9062,7.45,109.2,5.2942,4.3648,92.94,0.0
F,sample3_extension_2026-08-20,US345370BV11,FORD MTR CO DEL 8.9% 15Jan2032,2026-08-19,2026-08-18,2032-01-15,5.4073,8.9,114.75,5.6885,4.4026,128.59,0.2
F,sample3_extension_2026-08-20,US345370CQ17,FORD MTR CO DEL 4.75% 15Jan2043,2026-08-19,2026-08-18,2043-01-15,16.4079,4.75,77.599,7.0796,5.0753,200.43,-0.0
F,sample3_extension_2026-08-20,US345370BM12,FORD MTR CO DEL 7.75% 15Jun2043,2026-08-19,2026-08-18,2043-06-15,16.8214,7.75,106.747,7.0569,5.0988,195.81,0.0
F,sample3_extension_2026-08-20,US345370BR09,FORD MTR CO DEL 7.4% 01Nov2046,2026-08-19,2026-08-18,2046-11-01,20.2026,7.4,102.45,7.1671,5.28,188.71,0.0
F,sample3_extension_2026-08-20,US345370CS72,FORD MTR CO DEL 5.291% 08Dec2046,2026-08-19,2026-08-18,2046-12-08,20.3039,5.291,81.365,7.0269,5.28,174.69,-0.0
F,sample3_extension_2026-08-20,US345370BW93,FORD MTR CO DEL 9.98% 15Feb2047,2026-08-19,2026-08-18,2047-02-15,20.4928,9.98,128.93,7.2476,5.28,196.76,0.0
F,sample3_extension_2026-08-20,US345370BS81,FORD MTR CO DEL 7.7% 15May2097,2026-08-19,2026-08-18,2097-05-15,70.7379,7.7,102.892,7.4811,5.28,220.11,0.0
FANG,sample3_extension_2026-08-20,US25278XAV10,FANG 6.25 15-MAR-33,2026-08-19,2026-08-18,2033-03-15,6.5708,6.25,105.415,5.233,4.4957,73.73,3.1
FANG,sample3_extension_2026-08-20,US25278XAW92,FANG 6.25 15-MAR-53,2026-08-19,2026-08-18,2053-03-15,26.5708,6.25,100.907,6.1791,5.28,89.91,0.1
FCX,sample3_extension_2026-08-20,US35671DCC74,Freeport-McMoRan 5% 1sep2027 USD,2026-08-19,2026-08-18,2027-09-01,1.0349,5.0,99.986,5.0123,3.997,101.53,-0.0
FCX,sample3_extension_2026-08-20,US717265AJ16,FCX 7.125 01-NOV-27,2026-08-17,2026-08-17,2027-11-01,1.2074,7.125,103.059,4.4761,4.0394,43.67,1.0
FCX,sample3_extension_2026-08-20,US35671DCE31,Freeport-McMoRan 4.125% 1mar2028 USD,2026-08-19,2026-08-18,2028-03-01,1.5332,4.125,99.162,4.6979,4.0966,60.13,-0.1
FCX,sample3_extension_2026-08-20,US35671DCG88,FREEPORT-MCMORAN INC 4.375% 01Aug2028,2026-08-19,2026-08-18,2028-08-01,1.9521,4.375,99.27,4.7707,4.1804,59.03,-0.1
FCX,sample3_extension_2026-08-20,US35671DCD57,FREEPORT-MCMORAN INC 5.25% 01Sep2029,2026-08-19,2026-08-18,2029-09-01,3.0363,5.25,100.421,4.8245,4.262,56.25,27.3
FCX,sample3_extension_2026-08-20,US35671DCF06,Freeport-McMoRan 4.25% 1mar2030 USD,2026-08-19,2026-08-18,2030-03-01,3.5318,4.25,97.655,4.9821,4.2893,69.28,-0.0
FCX,sample3_extension_2026-08-20,US35671DCH61,FREEPORT-MCMORAN INC 4.625% 01Aug2030,2026-08-19,2026-08-18,2030-08-01,3.9507,4.625,98.757,4.975,4.3123,66.27,-0.0
FCX,sample3_extension_2026-08-20,US35671DBJ37,Freeport-McMoRan 5.4% 14nov2034 USD,2026-08-19,2026-08-18,2034-11-14,8.2382,5.4,100.252,5.3584,4.6043,75.41,0.2
FCX,sample3_extension_2026-08-20,US35671DBC83,Freeport-McMoRan 5.45% 15mar2043 USD,2026-08-19,2026-08-18,2043-03-15,16.5695,5.45,94.14,6.013,5.0845,92.85,0.0
FDS,sample2,US303075AA30,FDS 2.9 01-MAR-27,2026-08-19,2026-08-18,2027-03-01,0.5311,2.9,99.162,4.5144,3.9087,60.57,-0.2
FDS,sample2,US303075AB13,FDS 3.45 01-MAR-32,2026-08-19,2026-08-18,2032-03-01,5.5332,3.45,90.71,5.4161,4.4127,100.34,-0.1
FDX,sample1,US31428XBP06,FEDEX CORP 3.4% 15Feb2028,2026-08-19,2026-08-18,2028-02-15,1.4921,3.4,98.417,4.5129,4.0884,42.45,-0.4
FDX,sample1,US31428XBR61,FEDEX CORP 4.2% 17Oct2028,2026-08-19,2026-08-18,2028-10-17,2.1629,4.2,98.581,4.8981,4.2014,69.67,-0.1
FDX,sample1,US31428XBV73,FEDEX CORP 3.1% 05Aug2029,2026-08-19,2026-08-18,2029-08-05,2.9624,3.1,95.379,4.7935,4.2574,53.61,-0.2
FDX,sample1,US31428XBZ87,FEDEX CORP 4.25% 15May2030,2026-08-19,2026-08-18,2030-05-15,3.7372,4.25,98.166,4.7901,4.3005,48.96,-0.0
FDX,sample1,US31428XCD66,FEDEX CORP 2.4% 15May2031,2026-08-19,2026-08-18,2031-05-15,4.7365,2.4,89.739,4.8501,4.3555,49.46,-0.0
FDX,sample1,US31428XAX49,FEDEX CORP 4.9% 15Jan2034,2026-08-19,2026-08-18,2034-01-15,7.4086,4.9,98.288,5.1806,4.5545,62.61,-0.0
FDX,sample1,US314353AA14,FDX 1.875 20-FEB-34,2026-08-19,2026-08-18,2034-02-20,7.5072,1.875,85.391,3.7963,4.5604,1.0,36.4
FDX,sample1,US31428XBA37,FEDEX CORP 3.9% 01Feb2035,2026-08-19,2026-08-18,2035-02-01,8.4545,3.9,90.386,5.3279,4.6173,71.06,-0.1
FDX,sample1,US31428XCE40,FEDEX CORP 3.25% 15May2041,2026-08-13,2026-08-13,2041-05-15,14.7543,3.25,71.26,6.2623,4.901,136.13,-0.0
FDX,sample1,US31428XAT37,FEDEX CORP 3.875% 01Aug2042,2026-08-19,2026-08-18,2042-08-01,15.9507,3.875,73.702,6.5584,5.0492,150.92,-0.0
FDX,sample1,US31428XAU00,FEDEX CORP 4.1% 15Apr2043,2026-08-19,2026-08-18,2043-04-15,16.6543,4.1,77.85,6.26,5.0893,117.07,-0.0
FDX,sample1,US31428XAW65,FEDEX CORP 5.1% 15Jan2044,2026-08-14,2026-08-14,2044-01-15,17.4209,5.1,87.771,6.263,5.103,116.0,-0.0
FDX,sample1,US31428XBB10,FEDEX CORP 4.1% 01Feb2045,2026-08-19,2026-08-18,2045-02-01,18.4559,4.1,76.416,6.2758,5.192,108.38,-0.1
FDX,sample1,US31428XBE58,FEDEX CORP 4.75% 15Nov2045,2026-08-19,2026-08-18,2045-11-15,19.2416,4.75,85.0646,6.0764,5.2368,83.96,-0.0
FDX,sample1,US31428XBG07,FEDEX CORP 4.55% 01Apr2046,2026-08-18,2026-08-18,2046-04-01,19.6194,4.55,78.981,6.4537,5.2583,119.54,-0.0
FDX,sample1,US31428XBN57,FEDEX CORP 4.4% 15Jan2047,2026-08-19,2026-08-18,2047-01-15,20.4079,4.4,76.5019,6.4941,5.28,121.41,-0.0
FDX,sample1,US31428XBQ88,FEDEX CORP 4.05% 15Feb2048,2026-08-14,2026-08-14,2048-02-15,21.5058,4.05,71.442,6.5435,5.25,129.35,-0.1
FDX,sample1,US31428XBS45,FEDEX CORP 4.95% 17Oct2048,2026-08-19,2026-08-18,2048-10-17,22.1629,4.95,82.614,6.4322,5.28,115.22,-0.0
FDX,sample1,US31428XCA28,FEDEX CORP 5.25% 15May2050,2026-08-19,2026-08-18,2050-05-15,23.7372,5.25,85.005,6.4969,5.28,121.69,-0.0
FDX,sample1,US31428XBD75,FEDEX CORP 4.5% 01Feb2065,2026-08-18,2026-08-18,2065-02-01,38.4586,4.5,70.42,6.6364,5.28,135.64,-0.0
FE,sample2,US337932AH00,FIRSTENERGY CORP 4.15% 15Jul2027,2026-08-19,2026-08-18,2027-07-15,0.9035,4.15,99.413,4.5672,3.9733,59.39,25.0
FE,sample2,US677347CE41,OHIO EDISON CO 6.875% 15Jul2036,2026-08-19,2026-08-18,2036-07-15,9.9055,6.875,109.4,5.6231,4.7043,91.88,0.0
FICO,sample3_extension_2026-08-20,US303250AF16,Fair Isaac 4% 15jun2028 USD,2026-08-19,2026-08-18,2028-06-15,1.8234,4.0,97.919,5.2102,4.1547,105.55,-0.3
FIS,sample3_extension_2026-08-20,US31620MBW55,FIS 4.7 15-JUL-27,2026-08-19,2026-08-18,2027-07-15,0.9035,4.7,100.045,4.6426,3.9733,66.93,0.1
FIS,sample3_extension_2026-08-20,US31620MBY12,FIS 5.1 15-JUL-32,2026-08-19,2026-08-18,2032-07-15,5.9055,5.1,99.16,5.2664,4.4424,82.4,-0.0
FISV,sample3_extension_2026-08-20,US337738BD90,FISV 5.45 02-MAR-28,2026-08-19,2026-08-18,2028-03-02,1.5359,5.45,100.941,4.7722,4.0972,67.5,3.3
FISV,sample3_extension_2026-08-20,US337738AR95,FISERV INC 4.2% 01Oct2028,2026-08-19,2026-08-18,2028-10-01,2.1191,4.2,98.768,4.8178,4.1983,61.95,-0.2
FISV,sample3_extension_2026-08-20,US337738AU25,Fiserv 3.5% 1jul2029 USD,2026-08-19,2026-08-18,2029-07-01,2.8665,3.5,96.119,4.969,4.2507,71.83,-0.1
FISV,sample3_extension_2026-08-20,US337738BE73,FISV 5.6 02-MAR-33,2026-08-19,2026-08-18,2033-03-02,6.5352,5.6,99.857,5.626,4.4928,113.32,-0.0
FISV,sample3_extension_2026-08-20,US337738AV08,Fiserv 4.4% 1jul2049 USD,2026-08-19,2026-08-18,2049-07-01,22.8665,4.4,77.358,6.278,5.28,99.8,-0.0
FITB,sample2,US316773DA59,FIFTH THIRD BANCORP 2.55% 05May2027,2026-08-19,2026-08-18,2027-05-05,0.7091,2.55,98.867,4.1854,3.9396,24.58,-0.2
FITB,sample2,US316773CV06,FIFTH THIRD BANCORP 3.95% 14Mar2028,2026-08-19,2026-08-18,2028-03-14,1.5688,3.95,99.082,4.5621,4.1038,45.83,-0.1
FITB,sample2,US316773CH12,FIFTH THIRD BANCORP 8.25% 01Mar2038,2026-08-19,2026-08-18,2038-03-01,11.5318,8.25,119.521,5.8929,4.7973,109.56,0.0
FLEX,sample3_extension_2026-08-20,US33938XAE58,FLEX 6 15-JAN-28,2026-08-19,2026-08-18,2028-01-15,1.4073,6.0,101.317,4.9558,4.0715,88.43,5.9
FRT,sample3_extension_2026-08-20,US313747AY39,FEDERAL RLTY INVT TR 3.25% 15Jul2027,2026-08-19,2026-08-18,2027-07-15,0.9035,3.25,98.957,4.4382,3.9733,46.49,-0.1
FRT,sample3_extension_2026-08-20,US313747AV99,FEDERAL RLTY INVT TR 4.5% 01Dec2044,2026-08-19,2026-08-18,2044-12-01,18.2861,4.5,83.068,6.0419,5.1823,85.96,-0.0
FTNT,sample2,US34959EAB56,FTNT 2.2 15-MAR-31,2026-08-19,2026-08-18,2031-03-15,4.5695,2.2,88.535,5.04,4.3463,69.37,-0.0
FTV,sample2,US34959JAH14,FORTIVE CORP 4.3% 15Jun2046,2026-08-19,2026-08-18,2046-06-15,19.822,4.3,79.103,6.1359,5.2699,86.6,-0.0
GD,sample1,US369550BL15,GENERAL DYNAMICS CORP 3.5% 01Apr2027,2026-08-19,2026-08-18,2027-04-01,0.616,3.5,99.655,4.0696,3.9234,14.62,-0.2
GD,sample1,US369550AZ10,GENERAL DYNAMICS CORP 2.625% 15Nov2027,2026-08-19,2026-08-18,2027-11-15,1.2402,2.625,98.076,4.2361,4.038,19.81,-0.5
GD,sample1,US369550BC16,GENERAL DYNAMICS CORP 3.75% 15May2028,2026-08-19,2026-08-18,2028-05-15,1.7385,3.75,99.206,4.2262,4.1377,8.85,-0.1
GD,sample1,US369550BM97,GENERAL DYNAMICS CORP 3.625% 01Apr2030,2026-08-19,2026-08-18,2030-04-01,3.6167,3.625,96.448,4.7041,4.2939,41.02,-0.1
GD,sample1,US369550BH03,GENERAL DYNAMICS CORP 4.25% 01Apr2040,2026-08-19,2026-08-18,2040-04-01,13.6181,4.25,87.825,5.5343,4.9162,61.81,-0.0
GD,sample1,US369550BQ02,GD 2.85 01-JUN-41,2026-08-19,2026-08-18,2041-06-01,14.7844,2.85,72.688,5.5888,4.9827,60.61,-0.1
GD,sample1,US369550BJ68,GENERAL DYNAMICS CORP 4.25% 01Apr2050,2026-08-19,2026-08-18,2050-04-01,23.6167,4.25,80.44,5.7779,5.28,49.79,-0.0
GE,sample3_extension_2026-08-20,US369604BF92,GENERAL ELEC CO 4.125% 09Oct2042,2026-08-19,2026-08-18,2042-10-09,16.1396,4.125,83.222,5.732,5.06,67.2,-0.0
GE,sample3_extension_2026-08-20,US369604BH58,GENERAL ELEC CO 4.5% 11Mar2044,2026-08-19,2026-08-18,2044-03-11,17.5606,4.5,86.695,5.7096,5.141,56.86,-0.0
GILD,sample3_extension_2026-08-20,US375558BM47,GILEAD SCIENCES INC 2.95% 01Mar2027,2026-08-19,2026-08-18,2027-03-01,0.5311,2.95,99.329,4.2406,3.9087,33.19,-0.1
GILD,sample3_extension_2026-08-20,US375558BG78,GILEAD SCIENCES INC 4.6% 01Sep2035,2026-08-19,2026-08-18,2035-09-01,9.0349,4.6,95.697,5.203,4.6521,55.09,-0.0
GILD,sample3_extension_2026-08-20,US375558BJ18,GILEAD SCIENCES INC 4% 01Sep2036,2026-08-19,2026-08-18,2036-09-01,10.037,4.0,89.679,5.3423,4.7121,63.02,-0.1
GILD,sample3_extension_2026-08-20,US375558AS26,GILEAD SCIENCES INC 5.65% 01Dec2041,2026-08-19,2026-08-18,2041-12-01,15.2854,5.65,99.114,5.7369,5.0113,72.56,-0.0
GILD,sample3_extension_2026-08-20,US375558AX11,GILEAD SCIENCES INC 4.8% 01Apr2044,2026-08-19,2026-08-18,2044-04-01,17.6181,4.8,88.231,5.8814,5.1442,73.72,-0.0
GILD,sample3_extension_2026-08-20,US375558BA09,GILEAD SCIENCES INC 4.5% 01Feb2045,2026-08-19,2026-08-18,2045-02-01,18.4559,4.5,84.468,5.8918,5.192,69.98,-0.0
GILD,sample3_extension_2026-08-20,US375558BD48,GILEAD SCIENCES INC 4.75% 01Mar2046,2026-08-19,2026-08-18,2046-03-01,19.5318,4.75,86.611,5.915,5.2533,66.17,-0.0
GILD,sample3_extension_2026-08-20,US375558BK80,GILEAD SCIENCES INC 4.15% 01Mar2047,2026-08-19,2026-08-18,2047-03-01,20.5311,4.15,79.153,5.9172,5.28,63.72,-0.0
GIS,sample3_extension_2026-08-20,US370334CG79,GENERAL MLS INC 4.2% 17Apr2028,2026-08-19,2026-08-18,2028-04-17,1.6619,4.2,99.559,4.4757,4.1224,35.33,-0.1
GIS,sample3_extension_2026-08-20,US370334CQ51,GIS 2.25 14-OCT-31,2026-08-19,2026-08-18,2031-10-14,5.1526,2.25,87.6126,5.008,4.3822,62.58,-0.1
GIS,sample3_extension_2026-08-20,US370334CH52,GENERAL MLS INC 4.55% 17Apr2038,2026-08-19,2026-08-18,2038-04-17,11.6605,4.55,90.057,5.7301,4.8046,92.55,-0.0
GIS,sample3_extension_2026-08-20,US370334BJ28,GENERAL MLS INC 5.4% 15Jun2040,2026-08-19,2026-08-18,2040-06-15,13.8234,5.4,96.052,5.8188,4.9279,89.09,-0.0
GIS,sample3_extension_2026-08-20,US370334CP78,GIS 3 01-FEB-51,2026-08-19,2026-08-18,2051-02-01,24.4545,3.0,61.945,5.9823,5.28,70.23,-0.1
GL,sample3_extension_2026-08-20,US37959EAB83,GL 4.8 15-JUN-32,2026-08-19,2026-08-18,2032-06-15,5.8234,4.8,97.766,5.249,4.4359,81.31,-0.0
GLW,sample3_extension_2026-08-20,US219350AR68,CORNING INC 7.25% 15Aug2036,2026-08-12,2026-08-12,2036-08-15,10.0096,7.25,100.0,6.99,4.6805,230.95,26.0
GLW,sample3_extension_2026-08-20,US219350AV70,CORNING INC 5.75% 15Aug2040,2026-08-17,2026-08-17,2040-08-15,13.9959,5.75,99.1878,5.8357,4.9518,88.39,-0.0
GLW,sample3_extension_2026-08-20,US219350BK07,CORNING INC 5.35% 15Nov2048,2026-08-18,2026-08-18,2048-11-15,22.245,5.35,89.3943,6.2372,5.28,95.72,-0.0
GLW,sample3_extension_2026-08-20,US219350BF12,CORNING INC 4.375% 15Nov2057,2026-08-14,2026-08-14,2057-11-15,31.2553,4.375,74.6625,6.2239,5.25,97.39,-0.0
GLW,sample3_extension_2026-08-20,US219350BL89,CORNING INC 5.85% 15Nov2068,2026-08-19,2026-08-18,2068-11-15,42.2423,5.85,91.23,6.457,5.28,117.7,-0.0
GM,sample3_extension_2026-08-20,US37045VAN01,GENERAL MTRS CO 4.2% 01Oct2027,2026-08-19,2026-08-18,2027-10-01,1.117,4.2,99.691,4.4837,4.0134,47.03,-0.1
GM,sample3_extension_2026-08-20,US37045VAU44,General Motors 6.8% 1oct2027 USD,2026-08-19,2026-08-18,2027-10-01,1.117,6.8,102.116,4.4947,4.0134,48.13,33.0
GM,sample3_extension_2026-08-20,US37045VAS97,GENERAL MTRS CO 5% 01Oct2028,2026-08-19,2026-08-18,2028-10-01,2.1191,5.0,100.485,4.726,4.1983,52.77,2.8
GM,sample3_extension_2026-08-20,US37045VAY65,GM 5.4 15-OCT-29,2026-08-19,2026-08-18,2029-10-15,3.1567,5.4,101.489,4.8581,4.2686,58.95,2.5
GM,sample3_extension_2026-08-20,US37045VAZ31,GM 5.6 15-OCT-32,2026-08-19,2026-08-18,2032-10-15,6.1574,5.6,102.047,5.1927,4.4626,73.01,1.3
GM,sample3_extension_2026-08-20,US37045VAH33,GENERAL MTRS CO 5% 01Apr2035,2026-08-19,2026-08-18,2035-04-01,8.616,5.0,95.712,5.6343,4.627,100.73,-0.0
GM,sample3_extension_2026-08-20,US37045VAK61,GENERAL MTRS CO 6.6% 01Apr2036,2026-08-19,2026-08-18,2036-04-01,9.6181,6.6,105.691,5.7865,4.6871,109.94,3.1
GM,sample3_extension_2026-08-20,US37045VAP58,GENERAL MTRS CO 5.15% 01Apr2038,2026-08-19,2026-08-18,2038-04-01,11.6167,5.15,93.435,5.9397,4.8022,113.75,-0.0
GM,sample3_extension_2026-08-20,US37045VAF76,GENERAL MTRS CO 6.25% 02Oct2043,2026-08-19,2026-08-18,2043-10-02,17.1198,6.25,98.172,6.4268,5.1158,131.1,-0.0
GM,sample3_extension_2026-08-20,US37045VAJ98,GENERAL MTRS CO 5.2% 01Apr2045,2026-08-19,2026-08-18,2045-04-01,18.6174,5.2,86.027,6.5048,5.2012,130.36,-0.0
GM,sample3_extension_2026-08-20,US37045VAL45,GENERAL MTRS CO 6.75% 01Apr2046,2026-08-19,2026-08-18,2046-04-01,19.6167,6.75,102.891,6.4831,5.2582,122.49,0.3
GM,sample3_extension_2026-08-20,US37045VAQ32,GENERAL MTRS CO 5.4% 01Apr2048,2026-08-19,2026-08-18,2048-04-01,21.6181,5.4,87.5417,6.4785,5.28,119.85,-0.0
GM,sample3_extension_2026-08-20,US37045VAT70,GENERAL MTRS CO 5.95% 01Apr2049,2026-08-19,2026-08-18,2049-04-01,22.6174,5.95,93.3916,6.5116,5.28,123.16,-0.0
GOOG,sample1,US02079KAC18,ALPHABET INC 1.998% 15Aug2026,2026-08-13,2026-08-13,2026-08-15,0.0055,1.998,99.998,2.6913,3.87,1.0,-33.8
GOOG,sample1,US02079KAJ60,ALPHABET INC 0.8% 15Aug2027,2026-08-19,2026-08-18,2027-08-15,0.9884,0.8,96.945,3.9901,3.988,1.0,-0.7
GOOG,sample1,US02079KAD90,ALPHABET INC 1.1% 15Aug2030,2026-08-19,2026-08-18,2030-08-15,3.989,1.1,87.301,4.625,4.3144,31.06,-0.3
GOOG,sample1,US02079KAE73,ALPHABET INC 1.9% 15Aug2040,2026-08-19,2026-08-18,2040-08-15,13.9904,1.9,63.9587,5.6659,4.9375,72.84,-0.1
GOOG,sample1,US02079KAF49,ALPHABET INC 2.05% 15Aug2050,2026-08-19,2026-08-18,2050-08-15,23.989,2.05,50.285,5.9784,5.28,69.84,-0.0
GOOG,sample1,US02079KAG22,ALPHABET INC 2.25% 15Aug2060,2026-08-19,2026-08-18,2060-08-15,33.9904,2.25,46.143,5.9681,5.28,68.81,-0.0
GPC,sample2,US372460AC93,GPC 2.75 01-FEB-32,2026-08-19,2026-08-18,2032-02-01,5.4538,2.75,87.124,5.5187,4.4063,111.24,-0.3
GPN,sample2,US37940XAG79,GPN 2.15 15-JAN-27,2026-08-19,2026-08-18,2027-01-15,0.4079,2.15,99.025,4.606,3.8874,71.86,-2.1
GPN,sample2,US37940XAP78,GPN 4.95 15-AUG-27,2026-08-19,2026-08-18,2027-08-15,0.9884,4.95,100.357,4.5453,3.988,55.73,3.0
GPN,sample2,US37940XAB82,GLOBAL PMTS INC 3.2% 15Aug2029,2026-08-19,2026-08-18,2029-08-15,2.9897,3.2,94.671,5.1479,4.2593,88.86,-0.2
GPN,sample2,US37940XAN21,GPN 5.3 15-AUG-29,2026-08-19,2026-08-18,2029-08-15,2.9897,5.3,100.356,5.1649,4.2593,90.56,0.5
GPN,sample2,US37940XAD49,GLOBAL PMTS INC 2.9% 15May2030,2026-08-19,2026-08-18,2030-05-15,3.7372,2.9,91.685,5.3853,4.3005,108.48,-0.1
GPN,sample2,US37940XAH52,GPN 2.9 15-NOV-31,2026-08-19,2026-08-18,2031-11-15,5.2402,2.9,87.835,5.6125,4.3892,122.33,-0.2
GPN,sample2,US37940XAQ51,GPN 5.4 15-AUG-32,2026-08-19,2026-08-18,2032-08-15,5.9904,5.4,98.819,5.635,4.4492,118.58,-0.0
GPN,sample2,US37940XAC65,GLOBAL PMTS INC 4.15% 15Aug2049,2026-08-19,2026-08-18,2049-08-15,22.9897,4.15,70.781,6.648,5.28,136.8,-0.0
GPN,sample2,US37940XAR35,GPN 5.95 15-AUG-52,2026-08-19,2026-08-18,2052-08-15,25.9904,5.95,91.509,6.6401,5.28,136.01,0.0
GS,sample1,US38141ET828,GOLDMAN SACHS GROUP INC MEDIUM TERM NTS 5.25% 15Sep2026,2026-08-10,2026-08-10,2026-09-15,0.0986,5.25,100.002,5.22,3.89,133.0,-4.5
GS,sample1,US38145GAH39,GOLDMAN SACHS GROUP INC 3.5% 16Nov2026,2026-08-19,2026-08-18,2026-11-16,0.2437,3.5,99.803,4.2939,3.86,43.39,0.8
GS,sample1,US38141GES93,GOLDMAN SACHS GROUP INC 5.95% 15Jan2027,2026-08-19,2026-08-18,2027-01-15,0.4079,5.95,100.4517,4.7793,3.8874,89.19,2.6
GS,sample1,US38141GWB66,GOLDMAN SACHS GROUP INC 3.85% 26Jan2027,2026-08-19,2026-08-18,2027-01-26,0.4381,3.85,99.873,4.1377,3.8926,24.51,0.3
GS,sample1,US38141EF876,GOLDMAN SACHS GROUP INC MEDIUM TERM NTS 4.5% 15Aug2027,2026-08-17,2026-08-17,2027-08-15,0.9938,4.5,100.195,4.2987,3.9989,29.98,-0.2
GS,sample1,US38141GXG45,GOLDMAN SACHS GROUP INC 2.6% 07Feb2030,2026-08-19,2026-08-18,2030-02-07,3.4716,2.6,92.7421,4.9035,4.2859,61.76,-0.5
GS,sample1,US38141GXH28,GOLDMAN SACHS GROUP INC 3.8% 15Mar2030,2026-08-19,2026-08-18,2030-03-15,3.5702,3.8,96.505,4.8779,4.2914,58.65,-0.0
GS,sample1,US38141ED483,GOLDMAN SACHS GROUP INC MEDIUM TERM NTS 5.5% 15Jun2030,2026-08-13,2026-08-13,2030-06-15,3.8385,5.5,102.593,4.7591,4.2503,50.88,-0.8
GS,sample1,US38141E3S63,GOLDMAN SACHS GROUP INC MEDIUM TERM NTS 5% 15Nov2030,2026-08-17,2026-08-17,2030-11-15,4.2464,5.0,98.614,5.3661,4.331,103.51,0.1
GS,sample1,US38141E2V02,GOLDMAN SACHS GROUP INC MEDIUM TERM NTS 5.5% 15Feb2031,2026-08-18,2026-08-18,2031-02-15,4.4956,5.5,100.287,5.4278,4.3423,108.55,-0.1
GS,sample1,US38141ES671,GOLDMAN SACHS GROUP INC MEDIUM TERM NTS 5.75% 15Nov2031,2026-08-19,2026-08-18,2031-11-15,5.2402,5.75,106.306,4.3994,4.3892,1.02,-1.1
GS,sample1,US38141EM484,GOLDMAN SACHS GROUP INC MEDIUM TERM NTS 5.35% 15Feb2032,2026-08-19,2026-08-18,2032-02-15,5.4921,5.35,100.957,5.1494,4.4094,74.0,-0.2
GS,sample1,US38141EM716,GOLDMAN SACHS GROUP INC MEDIUM TERM NTS 5.5% 15Mar2032,2026-08-19,2026-08-18,2032-03-15,5.5715,5.5,100.884,5.3162,4.4157,90.05,-0.3
GS,sample1,US38141EN219,GOLDMAN SACHS GROUP INC MEDIUM TERM NTS 5.5% 15Mar2032,2026-08-19,2026-08-18,2032-03-15,5.5715,5.5,101.909,5.1054,4.4157,68.97,-0.4
GS,sample1,US38143CBR16,GOLDMAN SACHS GROUP INC MEDIUM TERM NTS 4.05% 15Mar2032,2026-08-04,2026-08-04,2032-03-15,5.6126,4.05,96.296,4.8044,4.3729,43.15,0.6
GS,sample1,US38141EQ931,GOLDMAN SACHS GROUP INC MEDIUM TERM NTS 5.85% 15Jun2032,2026-08-19,2026-08-18,2032-06-15,5.8234,5.85,101.838,5.4804,4.4359,104.45,-0.5
GS,sample1,US38141EJ670,GOLDMAN SACHS GROUP INC MEDIUM TERM NTS 4.3% 15Nov2032,2026-08-17,2026-08-17,2032-11-15,6.2478,4.3,95.257,5.1913,4.4798,71.15,0.6
GS,sample1,US38141EK249,GOLDMAN SACHS GROUP INC MEDIUM TERM NTS 4.25% 15Nov2032,2026-08-17,2026-08-17,2032-11-15,6.2478,4.25,95.104,5.1694,4.4798,68.96,0.6
GS,sample1,US38143CAD39,GOLDMAN SACHS GROUP INC MEDIUM TERM NTS 4.25% 15Nov2032,2026-08-12,2026-08-12,2032-11-15,6.2615,4.25,95.45,5.1011,4.4683,63.28,0.6
GS,sample1,US38141GCU67,GOLDMAN SACHS GROUP INC 6.125% 15Feb2033,2026-08-19,2026-08-18,2033-02-15,6.4942,6.125,105.843,5.0569,4.4895,56.74,0.1
GS,sample1,US38143CCE93,GOLDMAN SACHS GROUP INC MEDIUM TERM NTS 4% 15May2033,2026-08-18,2026-08-18,2033-05-15,6.7406,4.0,93.184,5.2012,4.5092,69.2,1.0
GS,sample1,US38143CCK53,GOLDMAN SACHS GROUP INC MEDIUM TERM NTS 4% 15May2033,2026-08-17,2026-08-17,2033-05-15,6.7433,4.0,93.813,5.0859,4.5195,56.64,0.9
GS,sample1,US38141ED897,GOLDMAN SACHS GROUP INC MEDIUM TERM NTS 5.25% 15Jun2033,2026-08-18,2026-08-18,2033-06-15,6.8255,5.25,100.956,5.0839,4.516,56.79,-0.3
GS,sample1,US38141EF462,GOLDMAN SACHS GROUP INC MEDIUM TERM NTS 4.75% 15Aug2033,2026-08-19,2026-08-18,2033-08-15,6.9897,4.75,97.25,5.2206,4.5292,69.14,0.4
GS,sample1,US38143CDX65,GOLDMAN SACHS GROUP INC MEDIUM TERM NTS 5% 15Aug2033,2026-08-19,2026-08-18,2033-08-15,6.9897,5.0,96.7688,5.5592,4.5292,103.0,0.5
GS,sample1,US38141EE887,GOLDMAN SACHS GROUP INC MEDIUM TERM NTS 4.75% 15Aug2033,2026-08-17,2026-08-17,2033-08-15,6.9952,4.75,98.507,5.0035,4.5396,46.39,0.2
GS,sample1,US38143CEA53,GOLDMAN SACHS GROUP INC MEDIUM TERM NTS 5% 15Sep2033,2026-08-19,2026-08-18,2033-09-15,7.0746,5.0,97.384,5.4467,4.5345,91.22,0.3
GS,sample1,US38141E3V92,GOLDMAN SACHS GROUP INC MEDIUM TERM NTS 5.25% 15Nov2033,2026-08-19,2026-08-18,2033-11-15,7.2416,5.25,99.158,5.3908,4.5445,84.63,-0.0
GS,sample1,US38143CEM91,GOLDMAN SACHS GROUP INC MEDIUM TERM NTS 4.5% 15Nov2033,2026-08-14,2026-08-14,2033-11-15,7.2553,4.5,96.958,5.0014,4.5245,47.69,0.3
GS,sample1,US38143VAA70,GOLDMAN SACHS CAP I 6.345% 15Feb2034,2026-08-19,2026-08-18,2034-02-15,7.4935,6.345,103.41,5.7773,4.5596,121.77,0.1
GS,sample1,US38143CFW64,GOLDMAN SACHS GROUP INC MEDIUM TERM NTS 4.35% 15Apr2034,2026-08-17,2026-08-17,2034-04-15,7.6605,4.35,94.2,5.2721,4.5796,69.25,0.7
GS,sample1,US38143CAV37,GOLDMAN SACHS GROUP INC MEDIUM TERM NTS 4.25% 15Dec2034,2026-08-18,2026-08-18,2034-12-15,8.3258,4.25,92.533,5.3643,4.6095,75.48,0.9
GS,sample1,US38141EX465,GOLDMAN SACHS GROUP INC MEDIUM TERM NTS 5.5% 15Jun2035,2026-08-18,2026-08-18,2035-06-15,8.8241,5.5,100.085,5.4878,4.6394,84.84,-0.1
GS,sample1,US38143YAC75,GOLDMAN SACHS GROUP INC FOR FUTURE EQUIT 6.45% 01May2036,2026-08-19,2026-08-18,2036-05-01,9.7002,6.45,104.01,5.8995,4.692,120.75,0.0
GS,sample1,US38141EP529,GOLDMAN SACHS GROUP INC MEDIUM TERM NTS 5.75% 15May2036,2026-08-13,2026-08-13,2036-05-15,9.755,5.75,103.266,5.32,4.6169,70.31,-0.5
GS,sample1,US38141EU560,GOLDMAN SACHS GROUP INC MEDIUM TERM NTS 5.5% 15Sep2036,2026-08-19,2026-08-18,2036-09-15,10.0753,5.5,99.336,5.5863,4.7143,87.2,0.0
GS,sample1,US38141EP867,GOLDMAN SACHS GROUP INC MEDIUM TERM NTS 5.5% 15May2037,2026-08-19,2026-08-18,2037-05-15,10.7379,5.5,99.946,5.5067,4.7521,75.46,-0.1
GS,sample1,US38141E2B48,GOLDMAN SACHS GROUP INC MEDIUM TERM NTS 5.5% 15May2037,2026-08-18,2026-08-18,2037-05-15,10.7406,5.5,99.677,5.54,4.7522,78.78,-0.1
GS,sample1,US38141EE473,GOLDMAN SACHS GROUP INC MEDIUM TERM NTS 5% 15Aug2037,2026-08-17,2026-08-17,2037-08-15,10.9952,5.0,99.1311,5.1034,4.7777,32.57,0.1
GS,sample1,US38141EG866,GOLDMAN SACHS GROUP INC MEDIUM TERM NTS 4.75% 15Sep2037,2026-08-19,2026-08-18,2037-09-15,11.0746,4.75,89.169,6.0979,4.7713,132.66,1.2
GS,sample1,US38141E3Y32,GOLDMAN SACHS GROUP INC MEDIUM TERM NTS 5.5% 15Nov2037,2026-08-19,2026-08-18,2037-11-15,11.2416,5.5,98.025,5.7389,4.7808,95.81,0.1
GS,sample1,US38143CAM38,GOLDMAN SACHS GROUP INC MEDIUM TERM NTS 4.3% 15Dec2037,2026-08-19,2026-08-18,2037-12-15,11.3238,4.3,90.041,5.4828,4.7855,69.73,0.9
GS,sample1,US38143CAR25,GOLDMAN SACHS GROUP INC MEDIUM TERM NTS 4.25% 15Dec2037,2026-08-14,2026-08-14,2037-12-15,11.3374,4.25,92.0,5.1853,4.7562,42.91,0.6
GS,sample1,US38143CBJ99,GOLDMAN SACHS GROUP INC MEDIUM TERM NTS 4.25% 15Feb2038,2026-08-18,2026-08-18,2038-02-15,11.4962,4.25,89.883,5.4359,4.7953,64.06,1.0
GS,sample1,US38141E3B39,GOLDMAN SACHS GROUP INC MEDIUM TERM NTS 5.75% 15Feb2038,2026-08-14,2026-08-14,2038-02-15,11.5072,5.75,101.369,5.5883,4.7659,82.24,-0.1
GS,sample1,US38143CBE03,GOLDMAN SACHS GROUP INC MEDIUM TERM NTS 4.3% 15Feb2038,2026-08-14,2026-08-14,2038-02-15,11.5072,4.3,92.294,5.1916,4.7659,42.57,0.7
GS,sample1,US38143CBW01,GOLDMAN SACHS GROUP INC MEDIUM TERM NTS 4.3% 15Mar2038,2026-08-05,2026-08-05,2038-03-15,11.6085,4.3,92.154,5.2018,4.7185,48.33,0.7
GS,sample1,US38143CDL28,GOLDMAN SACHS GROUP INC MEDIUM TERM NTS 5.15% 15Jul2038,2026-08-14,2026-08-14,2038-07-15,11.9179,5.15,100.395,5.1057,4.7893,31.64,-0.1
GS,sample1,US38141E2E86,GOLDMAN SACHS GROUP INC MEDIUM TERM NTS 5.75% 15May2039,2026-08-19,2026-08-18,2039-05-15,12.7365,5.75,101.152,5.6231,4.866,75.71,-0.2
GS,sample1,US38143CDP32,GOLDMAN SACHS GROUP INC MEDIUM TERM NTS 4.7% 15Aug2039,2026-08-18,2026-08-18,2039-08-15,12.9911,4.7,94.1,5.3304,4.8805,44.99,0.5
GS,sample1,US38141EW962,GOLDMAN SACHS GROUP INC MEDIUM TERM NTS 5.75% 15Jun2040,2026-08-18,2026-08-18,2040-06-15,13.8261,5.75,101.003,5.6453,4.9281,71.72,-0.2
GS,sample1,US38141EV634,GOLDMAN SACHS GROUP INC MEDIUM TERM NTS 5.5% 15Aug2040,2026-08-19,2026-08-18,2040-08-15,13.9904,5.5,99.11,5.5919,4.9375,65.44,0.1
GS,sample1,US38141GGM06,GOLDMAN SACHS GROUP INC 6.25% 01Feb2041,2026-08-19,2026-08-18,2041-02-01,14.4559,6.25,103.47,5.8896,4.964,92.56,0.0
GS,sample1,US38141EY786,GOLDMAN SACHS GROUP INC MEDIUM TERM NTS 6% 15Mar2041,2026-08-19,2026-08-18,2041-03-15,14.5708,6.0,104.79,5.5207,4.9705,55.02,-0.4
GS,sample1,US38141EZ288,GOLDMAN SACHS GROUP INC MEDIUM TERM NTS 6% 15Mar2041,2026-08-19,2026-08-18,2041-03-15,14.5708,6.0,103.661,5.6311,4.9705,66.06,-0.3
GS,sample1,US38141EX952,GOLDMAN SACHS GROUP INC MEDIUM TERM NTS 6% 15Mar2041,2026-08-18,2026-08-18,2041-03-15,14.5736,6.0,102.5253,5.7438,4.9707,77.31,-0.2
GS,sample1,US38141EZ510,GOLDMAN SACHS GROUP INC MEDIUM TERM NTS 5.75% 15May2041,2026-08-19,2026-08-18,2041-05-15,14.7379,5.75,101.046,5.6453,4.9801,66.52,-0.2
GS,sample1,US38141EW624,GOLDMAN SACHS GROUP INC MEDIUM TERM NTS 5.75% 15Jun2041,2026-08-19,2026-08-18,2041-06-15,14.8227,5.75,98.626,5.8892,4.9849,90.43,0.0
GS,sample1,US38141EX796,GOLDMAN SACHS GROUP INC MEDIUM TERM NTS 5.85% 15Jun2041,2026-08-13,2026-08-13,2041-06-15,14.8392,5.85,102.78,5.5742,4.9058,66.84,-0.3
GS,sample1,US38141EW475,GOLDMAN SACHS GROUP INC MEDIUM TERM NTS 5.75% 15Jul2041,2026-08-19,2026-08-18,2041-07-15,14.9049,5.75,99.734,5.7766,4.9896,78.7,-0.0
GS,sample1,US38141EV972,GOLDMAN SACHS GROUP INC MEDIUM TERM NTS 5.75% 15Aug2041,2026-08-18,2026-08-18,2041-08-15,14.9925,5.75,101.994,5.5537,4.9946,55.91,-0.1
GS,sample1,US38141EU495,GOLDMAN SACHS GROUP INC MEDIUM TERM NTS 5.75% 15Sep2041,2026-08-19,2026-08-18,2041-09-15,15.0746,5.75,97.95,5.9564,4.9993,95.71,0.1
GS,sample1,US38141ET901,GOLDMAN SACHS GROUP INC MEDIUM TERM NTS 6% 15Sep2041,2026-08-18,2026-08-18,2041-09-15,15.0773,6.0,103.547,5.6499,4.9994,65.05,-0.3
GS,sample1,US38141EG452,GOLDMAN SACHS GROUP INC MEDIUM TERM NTS 5% 15Aug2042,2026-08-19,2026-08-18,2042-08-15,15.989,5.0,96.01,5.3724,5.0514,32.1,0.3
GS,sample1,US38141EC311,GOLDMAN SACHS GROUP INC MEDIUM TERM NTS 4.8% 08Jul2044,2026-08-19,2026-08-18,2044-07-08,17.8864,4.8,86.072,6.0884,5.1595,92.89,-0.0
GS,sample1,US38148LAF31,GOLDMAN SACHS GROUP INC 5.15% 22May2045,2026-08-19,2026-08-18,2045-05-22,18.757,5.15,88.278,6.2163,5.2091,100.72,-0.0
GS,sample1,US38143C4L28,GOLDMAN SACHS GROUP INC MEDIUM TERM NTS 4.4% 15Jul2045,2026-08-11,2026-08-11,2045-07-15,18.9268,4.4,88.153,5.4,5.191,20.9,0.7
GS,sample1,US38141GVS01,GOLDMAN SACHS GROUP INC 4.75% 21Oct2045,2026-08-19,2026-08-18,2045-10-21,19.1732,4.75,83.94,6.1919,5.2329,95.9,-0.0
GWW,sample2,US384802AB05,GRAINGER W W INC 4.6% 15Jun2045,2026-08-19,2026-08-18,2045-06-15,18.8227,4.6,86.254,5.81,5.2129,59.71,-0.0
GWW,sample2,US384802AC87,GRAINGER W W INC 3.75% 15May2046,2026-08-18,2026-08-18,2046-05-15,19.7399,3.75,75.627,5.847,5.2652,58.18,-0.0
GWW,sample2,US384802AD60,GRAINGER W W INC 4.2% 15May2047,2026-08-19,2026-08-18,2047-05-15,20.7365,4.2,80.9968,5.7845,5.28,50.45,-0.0
HAL,sample3_extension_2026-08-20,US406216BJ98,HALLIBURTON CO 4.85% 15Nov2035,2026-08-19,2026-08-18,2035-11-15,9.2402,4.85,95.578,5.465,4.6644,80.06,-0.0
HAL,sample3_extension_2026-08-20,US406216AW19,HALLIBURTON CO 6.7% 15Sep2038,2026-08-19,2026-08-18,2038-09-15,12.0739,6.7,108.041,5.7655,4.8282,93.73,0.0
HAL,sample3_extension_2026-08-20,US406216AY74,HALLIBURTON CO 7.45% 15Sep2039,2026-08-19,2026-08-18,2039-09-15,13.0732,7.45,114.507,5.8464,4.8852,96.12,0.0
HAL,sample3_extension_2026-08-20,US406216BA89,HALLIBURTON CO 4.5% 15Nov2041,2026-08-18,2026-08-18,2041-11-15,15.2444,4.5,85.209,5.9931,5.0089,98.42,-0.0
HAL,sample3_extension_2026-08-20,US406216BE02,HALLIBURTON CO 4.75% 01Aug2043,2026-08-19,2026-08-18,2043-08-01,16.95,4.75,85.8139,6.1048,5.1062,99.86,-0.0
HAL,sample3_extension_2026-08-20,US406216BK61,HALLIBURTON CO 5% 15Nov2045,2026-08-19,2026-08-18,2045-11-15,19.2416,5.0,86.692,6.1924,5.2368,95.56,-0.0
HAS,sample3_extension_2026-08-20,US418056AV91,HASBRO INC 3.5% 15Sep2027,2026-08-19,2026-08-18,2027-09-15,1.0732,3.5,99.152,4.3177,4.0046,31.31,-0.3
HAS,sample3_extension_2026-08-20,US418056AH08,HASBRO INC 6.6% 15Jul2028,2026-08-17,2026-08-17,2028-07-15,1.911,6.6,103.741,4.5286,4.1731,35.55,0.3
HAS,sample3_extension_2026-08-20,US418056AS62,HASBRO INC 6.35% 15Mar2040,2026-08-19,2026-08-18,2040-03-15,13.5715,6.35,102.716,6.053,4.9136,113.94,0.0
HAS,sample3_extension_2026-08-20,US418056AU19,HASBRO INC 5.1% 15May2044,2026-08-18,2026-08-18,2044-05-15,17.7413,5.1,84.493,6.5948,5.1513,144.35,-0.0
HBAN,sample2,US44644MAJ09,HBAN 5.65 10-JAN-30,2026-08-19,2026-08-18,2030-01-10,3.3949,5.65,102.382,4.8429,4.2817,56.12,3.5
HBAN,sample2,US446150AS35,HUNTINGTON BANCSHARES INC 2.55% 04Feb2030,2026-08-19,2026-08-18,2030-02-04,3.4634,2.55,92.205,5.0355,4.2855,75.0,-0.5
HCA,sample2,US404119BU21,HCA INC 4.5% 15Feb2027,2026-08-19,2026-08-18,2027-02-15,0.4928,4.5,100.016,4.4636,3.9021,56.15,0.2
HCA,sample2,US197677AJ62,COLUMBIA / HCA HEALTHCARE CORP 7.05% 01Dec2027,2026-08-19,2026-08-18,2027-12-01,1.2841,7.05,103.269,4.3892,4.0468,34.24,0.7
HCA,sample2,US404121AJ49,HCA INC 5.625% 01Sep2028,2026-08-19,2026-08-18,2028-09-01,2.037,5.625,101.455,4.6281,4.1926,43.55,23.7
HCA,sample2,US404119BW86,HCA INC 5.875% 01Feb2029,2026-08-19,2026-08-18,2029-02-01,2.4559,5.875,102.153,4.7032,4.2219,48.13,22.9
HCA,sample2,US404119BX69,HCA INC 4.125% 15Jun2029,2026-08-19,2026-08-18,2029-06-15,2.8227,4.125,98.336,4.7605,4.2476,51.29,-0.1
HCA,sample2,US404119CA57,HCA INC 3.5% 01Sep2030,2026-08-19,2026-08-18,2030-09-01,4.0356,3.5,94.7,4.9668,4.317,64.98,-0.2
HCA,sample2,US404119CC14,HCA INC 2.375% 15Jul2031,2026-08-19,2026-08-18,2031-07-15,4.9035,2.375,88.378,5.0824,4.3647,71.77,-0.0
HCA,sample2,US404119AJ84,HCA INC 7.5% 06Nov2033,2026-08-19,2026-08-18,2033-11-06,7.217,7.5,111.848,5.4863,4.543,94.33,0.1
HCA,sample2,US404119BY43,HCA INC 5.125% 15Jun2039,2026-08-19,2026-08-18,2039-06-15,12.8214,5.125,93.285,5.877,4.8708,100.62,-0.0
HCA,sample2,US404119BV04,HCA INC 5.5% 15Jun2047,2026-08-19,2026-08-18,2047-06-15,20.8214,5.5,90.032,6.3702,5.28,109.02,-0.0
HCA,sample2,US404119BZ18,HCA INC 5.25% 15Jun2049,2026-08-19,2026-08-18,2049-06-15,22.8227,5.25,86.04,6.4233,5.28,114.33,-0.0
HCA,sample2,US404119CB31,HCA INC 3.5% 15Jul2051,2026-08-19,2026-08-18,2051-07-15,24.9035,3.5,64.275,6.3831,5.28,110.31,-0.0
HCA,sample2,US197677AH07,COLUMBIA / HCA HEALTHCARE CORP 7.5% 15Nov2095,2026-08-19,2026-08-18,2095-11-15,69.2402,7.5,104.5,7.1735,5.28,189.35,0.0
HD,sample1,US437076BN13,HOME DEPOT INC 2.125% 15Sep2026,2026-08-19,2026-08-18,2026-09-15,0.0739,2.125,99.796,5.0269,3.86,116.69,-12.6
HD,sample1,US437076CA82,HOME DEPOT INC 2.5% 15Apr2027,2026-08-19,2026-08-18,2027-04-15,0.6543,2.5,98.991,4.0779,3.9301,14.78,-0.4
HD,sample1,US437076CN04,HD 2.875 15-APR-27,2026-08-19,2026-08-18,2027-04-15,0.6543,2.875,99.23,4.0775,3.9301,14.74,-0.3
HD,sample1,US437076BT82,HOME DEPOT INC 2.8% 14Sep2027,2026-08-19,2026-08-18,2027-09-14,1.0705,2.8,98.581,4.1723,4.0041,16.82,-0.5
HD,sample1,US437076CE05,HD .9 15-MAR-28,2026-08-18,2026-08-18,2028-03-15,1.5743,,95.043,4.1904,4.1049,8.55,
HD,sample1,US437076CH36,HD 1.5 15-SEP-28,2026-08-19,2026-08-18,2028-09-15,2.0753,1.5,94.5,4.3059,4.1953,11.06,-0.8
HD,sample1,US437076BW12,HOME DEPOT INC 3.9% 06Dec2028,2026-08-19,2026-08-18,2028-12-06,2.2998,3.9,99.098,4.3148,4.211,10.38,-0.1
HD,sample1,US437076BY77,HOME DEPOT INC 2.95% 15Jun2029,2026-08-19,2026-08-18,2029-06-15,2.8227,2.95,96.007,4.4717,4.2476,22.41,-0.2
HD,sample1,US437076CB65,HOME DEPOT INC 2.7% 15Apr2030,2026-08-19,2026-08-18,2030-04-15,3.655,2.7,93.534,4.644,4.296,34.8,-0.1
HD,sample1,US437076CF79,HOME DEPOT INC 1.375% 15Mar2031,2026-08-19,2026-08-18,2031-03-15,4.5695,1.375,86.438,4.7081,4.3463,36.18,-0.0
HD,sample1,US437076CJ91,HD 1.875 15-SEP-31,2026-08-19,2026-08-18,2031-09-15,5.0732,1.875,87.13,4.7622,4.3759,38.63,-0.2
HD,sample1,US437076CP51,HD 3.25 15-APR-32,2026-08-19,2026-08-18,2032-04-15,5.6564,3.25,92.511,4.7766,4.4225,35.41,-0.1
HD,sample1,US437076CS90,HD 4.5 15-SEP-32,2026-08-19,2026-08-18,2032-09-15,6.0753,4.5,98.66,4.7562,4.456,30.02,-0.0
HD,sample1,US437076AS19,HOME DEPOT INC 5.875% 16Dec2036,2026-08-19,2026-08-18,2036-12-16,10.3272,5.875,104.283,5.329,4.7286,60.04,0.0
HD,sample1,US437076CC49,HOME DEPOT INC 3.3% 15Apr2040,2026-08-19,2026-08-18,2040-04-15,13.6564,3.3,78.517,5.5668,4.9184,64.84,-0.0
HD,sample1,US437076AU64,HOME DEPOT INC 5.4% 15Sep2040,2026-08-19,2026-08-18,2040-09-15,14.0753,5.4,98.448,5.56,4.9423,61.77,-0.0
HD,sample1,US437076AV48,HOME DEPOT INC 5.95% 01Apr2041,2026-08-19,2026-08-18,2041-04-01,14.6174,5.95,102.8843,5.65,4.9732,67.68,0.7
HD,sample1,US437076BA91,HOME DEPOT INC 4.2% 01Apr2043,2026-08-19,2026-08-18,2043-04-01,16.616,4.2,83.069,5.801,5.0871,71.39,-0.0
HD,sample1,US437076BD31,HOME DEPOT INC 4.875% 15Feb2044,2026-08-19,2026-08-18,2044-02-15,17.4921,4.875,89.475,5.8439,5.1371,70.68,-0.0
HD,sample1,US437076BF88,HOME DEPOT INC 4.4% 15Mar2045,2026-08-19,2026-08-18,2045-03-15,18.5708,4.4,83.09,5.912,5.1985,71.35,-0.0
HD,sample1,US437076BH45,HOME DEPOT INC 4.25% 01Apr2046,2026-08-19,2026-08-18,2046-04-01,19.6167,4.25,80.918,5.905,5.2582,64.68,-0.0
HD,sample1,US437076BS00,HOME DEPOT INC 3.9% 15Jun2047,2026-08-19,2026-08-18,2047-06-15,20.8214,3.9,75.991,5.9209,5.28,64.09,-0.0
HD,sample1,US437076BX94,HOME DEPOT INC 4.5% 06Dec2048,2026-08-19,2026-08-18,2048-12-06,22.2998,4.5,82.409,5.932,5.28,65.2,-0.0
HD,sample1,US437076BZ43,HOME DEPOT INC 3.125% 15Dec2049,2026-08-19,2026-08-18,2049-12-15,23.3238,3.125,64.765,5.9338,5.28,65.38,-0.0
HD,sample1,US437076CD22,HOME DEPOT INC 3.35% 15Apr2050,2026-08-19,2026-08-18,2050-04-15,23.655,3.35,67.124,5.9596,5.28,67.96,-0.0
HD,sample1,US437076CG52,HOME DEPOT INC 2.375% 15Mar2051,2026-08-19,2026-08-18,2051-03-15,24.5695,2.375,54.14,5.9502,5.28,67.02,-0.0
HD,sample1,US437076CK64,HD 2.75 15-SEP-51,2026-08-19,2026-08-18,2051-09-15,25.0732,2.75,58.426,5.9675,5.28,68.75,-0.0
HD,sample1,US437076CQ35,HD 3.625 15-APR-52,2026-08-19,2026-08-18,2052-04-15,25.6564,3.625,69.495,5.9606,5.28,68.06,-0.0
HD,sample1,US437076CT73,HD 4.95 15-SEP-52,2026-08-19,2026-08-18,2052-09-15,26.0753,4.95,86.3094,5.9944,5.28,71.44,-0.0
HD,sample1,US437076BP60,HOME DEPOT INC 3.5% 15Sep2056,2026-08-19,2026-08-18,2056-09-15,30.0753,3.5,65.965,5.942,5.28,66.2,-0.0
HIG,sample3_extension_2026-08-20,US416518AD08,HIG 2.9 15-SEP-51,2026-08-18,2026-08-18,2051-09-15,25.076,2.9,58.919,6.128,5.28,84.8,-0.0
HII,sample3_extension_2026-08-20,US446413AL01,HUNTINGTON INGALLS INDS INC 3.483% 01Dec2027,2026-08-19,2026-08-18,2027-12-01,1.2841,3.483,98.588,4.6274,4.0468,58.06,-0.3
HII,sample3_extension_2026-08-20,US446413AZ96,HII 2.043 16-AUG-28,2026-08-19,2026-08-18,2028-08-16,1.9932,2.043,95.024,4.6925,4.1886,50.39,-0.5
HII,sample3_extension_2026-08-20,US446413AT37,HII 4.2 01-MAY-30,2026-08-18,2026-08-18,2030-05-01,3.7016,4.2,97.45,4.961,4.2986,66.24,-0.0
HLT,sample2,US432891AK52,HILTON WORLDWIDE FIN LLC / HILTON WORLDW 4.875% 01Apr2027,2026-08-19,2026-08-18,2027-04-01,0.616,4.875,99.949,4.9516,3.9234,102.82,-0.0
HLT,sample2,US432833AF84,HILTON DOMESTIC OPER CO INC 4.875% 15Jan2030,2026-08-19,2026-08-18,2030-01-15,3.4086,4.875,98.992,5.2005,4.2825,91.8,-0.0
HON,sample1,US438516CE43,HONEYWELL INTL INC 1.1% 01Mar2027,2026-08-19,2026-08-18,2027-03-01,0.5311,1.1,98.4,4.18,3.9087,27.13,-0.3
HON,sample1,US438516BU93,HONEYWELL INTL INC 2.7% 15Aug2029,2026-08-19,2026-08-18,2029-08-15,2.9897,2.7,94.76,4.5979,4.2593,33.86,-0.2
HON,sample1,US438516BZ80,HONEYWELL INTL INC 1.95% 01Jun2030,2026-08-19,2026-08-18,2030-06-01,3.7837,1.95,90.3486,4.7694,4.3031,46.63,-0.2
HON,sample1,US438516CF18,HONEYWELL INTL INC 1.75% 01Sep2031,2026-08-19,2026-08-18,2031-09-01,5.0349,1.75,86.4,4.8272,4.3728,45.44,-0.3
HON,sample1,US438516CK03,HON 5 15-FEB-33,2026-08-19,2026-08-18,2033-02-15,6.4942,5.0,100.946,4.8234,4.4895,33.39,0.5
HON,sample1,US438516CA21,HONEYWELL INTL INC 2.8% 01Jun2050,2026-08-19,2026-08-18,2050-06-01,23.7837,2.8,61.228,5.835,5.28,55.5,-0.0
HPE,sample3_extension_2026-08-20,US42824CAX74,HEWLETT PACKARD ENTERPRISE CO 6.2% 15Oct2035,2026-08-19,2026-08-18,2035-10-15,9.1554,6.2,105.59,5.3821,4.6593,72.28,3.4
HPQ,sample3_extension_2026-08-20,US40434LAM72,HPQ 4.75 15-JAN-28,2026-08-19,2026-08-18,2028-01-15,1.4073,4.75,100.23,4.5679,4.0715,49.64,0.8
HPQ,sample3_extension_2026-08-20,US40434LAJ44,HPQ 2.65 17-JUN-31,2026-08-19,2026-08-18,2031-06-17,4.8268,2.65,89.315,5.1803,4.3605,81.98,-0.1
HPQ,sample3_extension_2026-08-20,US40434LAL99,HPQ 4.2 15-APR-32,2026-08-19,2026-08-18,2032-04-15,5.6564,4.2,95.061,5.219,4.4225,79.65,-0.1
HPQ,sample3_extension_2026-08-20,US40434LAN55,HPQ 5.5 15-JAN-33,2026-08-19,2026-08-18,2033-01-15,6.4093,5.5,101.509,5.2104,4.4827,72.77,0.9
HPQ,sample3_extension_2026-08-20,US428236BR31,HEWLETT PACKARD CO 6% 15Sep2041,2026-08-19,2026-08-18,2041-09-15,15.0746,6.0,98.723,6.1305,4.9993,113.12,-0.0
HRL,sample2,US440452AH36,HORMEL FOODS CORP 1.7% 03Jun2028,2026-08-19,2026-08-18,2028-06-03,1.7906,1.7,95.291,4.4711,4.1481,32.3,-0.7
HRL,sample2,US440452AF79,HORMEL FOODS CORP 1.8% 11Jun2030,2026-08-19,2026-08-18,2030-06-11,3.8111,1.8,89.662,4.802,4.3046,49.74,-0.2
HRL,sample2,US440452AJ91,HRL 3.05 03-JUN-51,2026-08-17,2026-08-17,2051-06-03,24.794,3.05,61.9251,6.0279,5.3048,72.31,-0.0
HST,sample3_extension_2026-08-20,US44107TBA34,HST 2.9 15-DEC-31,2026-08-19,2026-08-18,2031-12-15,5.3224,2.9,88.906,5.3211,4.3958,92.53,-0.1
HSY,sample3_extension_2026-08-20,US427866AL29,HERSHEY CO 7.2% 15Aug2027,2026-08-19,2026-08-18,2027-08-15,0.9884,7.2,103.27,3.7893,3.988,1.0,0.8
HUBB,sample3_extension_2026-08-20,US443510AJ12,HUBBELL INC 3.5% 15Feb2028,2026-08-19,2026-08-18,2028-02-15,1.4921,3.5,98.41,4.619,4.0884,53.06,-0.4
HUBB,sample3_extension_2026-08-20,US443510AK84,HUBB 2.3 15-MAR-31,2026-08-19,2026-08-18,2031-03-15,4.5695,2.3,89.4064,4.9164,4.3463,57.01,-0.0
HUM,sample3_extension_2026-08-20,US444859BF87,HUMANA INC 3.95% 15Mar2027,2026-08-19,2026-08-18,2027-03-15,0.5695,3.95,99.556,4.7445,3.9154,82.91,-0.0
HUM,sample3_extension_2026-08-20,US444859BU54,HUM 5.75 01-MAR-28,2026-08-19,2026-08-18,2028-03-01,1.5332,5.75,102.14,4.2119,4.0966,11.53,8.0
HUM,sample3_extension_2026-08-20,US444859BT81,HUM 3.7 23-MAR-29,2026-08-19,2026-08-18,2029-03-23,2.5927,3.7,97.295,4.8214,4.2315,58.99,-0.0
HUM,sample3_extension_2026-08-20,US444859BV38,HUM 5.875 01-MAR-33,2026-08-19,2026-08-18,2033-03-01,6.5325,5.875,101.824,5.5282,4.4926,103.56,1.0
HUM,sample3_extension_2026-08-20,US444859BB73,HUMANA INC 4.625% 01Dec2042,2026-08-19,2026-08-18,2042-12-01,16.2847,4.625,82.916,6.3194,5.0682,125.12,-0.0
HUM,sample3_extension_2026-08-20,US444859BE13,HUMANA INC 4.95% 01Oct2044,2026-08-19,2026-08-18,2044-10-01,18.1191,4.95,84.203,6.4393,5.1728,126.65,-0.0
HUM,sample3_extension_2026-08-20,US444859BG60,HUMANA INC 4.8% 15Mar2047,2026-08-18,2026-08-18,2047-03-15,20.5722,4.8,79.371,6.655,5.28,137.5,-0.0
HUM,sample3_extension_2026-08-20,US444859BX93,HUM 5.5 15-MAR-53,2026-08-19,2026-08-18,2053-03-15,26.5708,5.5,87.161,6.523,5.28,124.3,-0.0
HWM,sample3_extension_2026-08-20,US022249AU09,Howmet Aerospace 6.75% 15jan2028 USD,2026-08-19,2026-08-18,2028-01-15,1.4073,6.75,103.036,4.4883,4.0715,41.68,0.7
IBM,sample1,US459200JR30,INTERNATIONAL BUSINESS MACHS CORP 3.3% 27Jan2027,2026-08-19,2026-08-18,2027-01-27,0.4408,3.3,99.72,3.9448,3.8931,5.17,-0.2
IBM,sample1,US459200KM24,IBM 2.2 09-FEB-27,2026-08-19,2026-08-18,2027-02-09,0.4764,2.2,99.138,4.0685,3.8992,16.93,-2.4
IBM,sample1,US459200KH39,INTERNATIONAL BUSINESS MACHS CORP 1.7% 15May2027,2026-08-19,2026-08-18,2027-05-15,0.7365,1.7,98.102,4.3446,3.9443,40.03,-0.1
IBM,sample1,US459200KT76,IBM 4.15 27-JUL-27,2026-08-19,2026-08-18,2027-07-27,0.9363,4.15,99.91,4.2464,3.979,26.74,0.0
IBM,sample1,US459200AR21,INTERNATIONAL BUSINESS MACHS CORP 6.22% 01Aug2027,2026-08-19,2026-08-18,2027-08-01,0.95,6.22,101.797,4.2608,3.9813,27.95,0.6
IBM,sample1,US459200AS04,INTERNATIONAL BUSINESS MACHS CORP 6.5% 15Jan2028,2026-08-18,2026-08-18,2028-01-15,1.41,6.5,103.23,4.1078,4.072,3.58,0.7
IBM,sample1,US459200KX88,IBM 4.5 06-FEB-28,2026-08-19,2026-08-18,2028-02-06,1.4675,4.5,100.1867,4.36,4.0835,27.65,0.6
IBM,sample1,US459200KA85,INTERNATIONAL BUSINESS MACHS CORP 3.5% 15May2029,2026-08-19,2026-08-18,2029-05-15,2.7379,3.5,96.982,4.6861,4.2416,44.45,-0.1
IBM,sample1,US459200KJ94,INTERNATIONAL BUSINESS MACHS CORP 1.95% 15May2030,2026-08-19,2026-08-18,2030-05-15,3.7372,1.95,90.085,4.8847,4.3005,58.42,-0.1
IBM,sample1,US459200KN07,IBM 2.72 09-FEB-32,2026-08-19,2026-08-18,2032-02-09,5.4757,2.72,88.7726,5.0979,4.4081,68.98,-0.2
IBM,sample1,US459200KU40,IBM 4.4 27-JUL-32,2026-08-19,2026-08-18,2032-07-27,5.9384,4.4,96.282,5.1339,4.4451,68.88,-0.0
IBM,sample1,US459200BB69,INTERNATIONAL BUSINESS MACHS CORP 5.875% 29Nov2032,2026-08-19,2026-08-18,2032-11-29,6.2806,5.875,104.392,5.048,4.4725,57.55,0.1
IBM,sample1,US459200KY61,IBM 4.75 06-FEB-33,2026-08-19,2026-08-18,2033-02-06,6.4695,4.75,97.775,5.1589,4.4876,67.13,-0.0
IBM,sample1,US459200KB68,INTERNATIONAL BUSINESS MACHS CORP 4.15% 15May2039,2026-08-19,2026-08-18,2039-05-15,12.7365,4.15,84.037,5.955,4.866,108.9,-0.0
IBM,sample1,US459200GS40,INTERNATIONAL BUSINESS MACHS CORP 5.6% 30Nov2039,2026-08-18,2026-08-18,2039-11-30,13.2841,5.6,97.752,5.8446,4.8972,94.74,-0.0
IBM,sample1,US459200HF10,INTERNATIONAL BUSINESS MACHS CORP 4% 20Jun2042,2026-08-19,2026-08-18,2042-06-20,15.8357,4.0,78.227,6.1739,5.0426,113.13,-0.0
IBM,sample1,US459200JH57,INTERNATIONAL BUSINESS MACHS CORP 4.7% 19Feb2046,2026-08-19,2026-08-18,2046-02-19,19.5044,4.7,82.152,6.303,5.2518,105.12,-0.0
IBM,sample1,US459200KC42,INTERNATIONAL BUSINESS MACHS CORP 4.25% 15May2049,2026-08-19,2026-08-18,2049-05-15,22.7379,4.25,73.499,6.496,5.28,121.6,-0.0
IBM,sample1,US459200KL41,INTERNATIONAL BUSINESS MACHS CORP 2.95% 15May2050,2026-08-11,2026-08-11,2050-05-15,23.7591,2.95,58.992,6.3,5.2462,105.38,0.1
IBM,sample1,US459200KP54,IBM 3.43 09-FEB-52,2026-08-19,2026-08-18,2052-02-09,25.4757,3.43,62.454,6.452,5.28,117.2,-0.0
IBM,sample1,US459200KV23,IBM 4.9 27-JUL-52,2026-08-19,2026-08-18,2052-07-27,25.9384,4.9,80.118,6.495,5.28,121.5,-0.0
IBM,sample1,US459200KZ37,IBM 5.1 06-FEB-53,2026-08-19,2026-08-18,2053-02-06,26.4695,5.1,82.13,6.527,5.28,124.7,-0.0
IBM,sample1,US459200AP64,INTERNATIONAL BUSINESS MACHS CORP 7.125% 01Dec2096,2026-08-19,2026-08-18,2096-12-01,70.2861,7.125,107.9,6.5974,5.28,131.74,-0.0
ICE,sample1,US45866FAF18,INTERCONTINENTAL EXCHANGE INC 3.1% 15Sep2027,2026-08-19,2026-08-18,2027-09-15,1.0732,3.1,98.74,4.3163,4.0046,31.17,-0.4
ICE,sample1,US45866FAU84,ICE 4 15-SEP-27,2026-08-19,2026-08-18,2027-09-15,1.0732,4.0,99.684,4.303,4.0046,29.84,-0.1
ICE,sample1,US45866FAJ30,INTERCONTINENTAL EXCHANGE INC 3.75% 21Sep2028,2026-08-19,2026-08-18,2028-09-21,2.0917,3.75,98.535,4.492,4.1964,29.56,-0.2
ICE,sample1,US45866FAV67,ICE 4.35 15-JUN-29,2026-08-19,2026-08-18,2029-06-15,2.8227,4.35,99.2,4.6538,4.2476,40.62,-0.0
ICE,sample1,US45866FAK03,INTERCONTINENTAL EXCHANGE INC 2.1% 15Jun2030,2026-08-19,2026-08-18,2030-06-15,3.822,2.1,90.699,4.793,4.3052,48.78,-0.2
ICE,sample1,US45866FAN42,INTERCONTINENTAL EXCHANGE INC 1.85% 15Sep2032,2026-08-19,2026-08-18,2032-09-15,6.0753,1.85,83.743,4.987,4.456,53.1,-0.3
ICE,sample1,US45866FAW41,ICE 4.6 15-MAR-33,2026-08-19,2026-08-18,2033-03-15,6.5708,4.6,97.202,5.1061,4.4957,61.04,-0.0
ICE,sample1,US45866FAP99,INTERCONTINENTAL EXCHANGE INC 2.65% 15Sep2040,2026-08-19,2026-08-18,2040-09-15,14.0753,2.65,70.773,5.6978,4.9423,75.55,-0.1
ICE,sample1,US45866FAH73,INTERCONTINENTAL EXCHANGE INC 4.25% 21Sep2048,2026-08-19,2026-08-18,2048-09-21,22.0917,4.25,78.45,6.0275,5.28,74.75,-0.0
ICE,sample1,US45866FAL85,INTERCONTINENTAL EXCHANGE INC 3% 15Jun2050,2026-08-19,2026-08-18,2050-06-15,23.822,3.0,62.463,5.9739,5.28,69.39,-0.0
ICE,sample1,US45866FAX24,ICE 4.95 15-JUN-52,2026-08-19,2026-08-18,2052-06-15,25.8234,4.95,86.33,5.997,5.28,71.7,-0.0
ICE,sample1,US45866FAQ72,INTERCONTINENTAL EXCHANGE INC 3% 15Sep2060,2026-08-19,2026-08-18,2060-09-15,34.0753,3.0,55.636,6.1112,5.28,83.12,-0.0
ICE,sample1,US45866FAY07,ICE 5.2 15-JUN-62,2026-08-18,2026-08-18,2062-06-15,35.8248,5.2,84.808,6.2689,5.28,98.89,0.0
IEX,sample2,US45167RAH75,IEX 2.625 15-JUN-31,2026-08-19,2026-08-18,2031-06-15,4.8214,2.625,89.97,4.9914,4.3602,63.12,-0.1
IFF,sample3_extension_2026-08-20,US459506AP65,IFF 1.832 15-OCT-27,2026-08-19,2026-08-18,2027-10-15,1.1554,1.832,97.08,4.4568,4.0211,43.57,-0.6
IFF,sample3_extension_2026-08-20,US459506AK78,INTERNATIONAL FLAVORS & FRAGRANCES INC 4.45% 26Sep2028,2026-08-19,2026-08-18,2028-09-26,2.1054,4.45,99.722,4.5883,4.1974,39.09,-0.0
IFF,sample3_extension_2026-08-20,US459506AQ49,IFF 2.3 01-NOV-30,2026-08-17,2026-08-17,2030-11-01,4.2081,2.3,89.819,5.016,4.3285,68.75,-0.3
IFF,sample3_extension_2026-08-20,US459506AR22,IFF 3.268 15-NOV-40,2026-08-19,2026-08-18,2040-11-15,14.2423,3.268,74.536,5.9431,4.9518,99.13,-0.1
IFF,sample3_extension_2026-08-20,US459506AL51,INTERNATIONAL FLAVORS & FRAGRANCES INC 5% 26Sep2048,2026-08-19,2026-08-18,2048-09-26,22.1054,5.0,85.786,6.1882,5.28,90.82,-0.0
IFF,sample3_extension_2026-08-20,US459506AS05,IFF 3.468 01-DEC-50,2026-08-07,2026-08-07,2050-12-01,24.3176,3.468,66.572,6.13,5.1957,93.43,-0.0
INTC,sample3_extension_2026-08-20,US458140AX85,INTEL CORP 3.15% 11May2027,2026-08-19,2026-08-18,2027-05-11,0.7255,3.15,99.097,4.4233,3.9424,48.09,-0.1
INTC,sample3_extension_2026-08-20,US458140BY59,INTC 3.75 05-AUG-27,2026-08-19,2026-08-18,2027-08-05,0.961,3.75,99.418,4.3751,3.9832,39.19,-0.2
INTC,sample3_extension_2026-08-20,US458140CE86,INTC 4.875 10-FEB-28,2026-08-19,2026-08-18,2028-02-10,1.4784,4.875,100.464,4.5281,4.0857,44.24,1.8
INTC,sample3_extension_2026-08-20,US458140BT64,INTC 1.6 12-AUG-28,2026-08-19,2026-08-18,2028-08-12,1.9822,1.6,94.409,4.5892,4.1864,40.28,-0.7
INTC,sample3_extension_2026-08-20,US458140BZ25,INTC 4 05-AUG-29,2026-08-19,2026-08-18,2029-08-05,2.9624,4.0,97.919,4.7618,4.2574,50.44,-0.1
INTC,sample3_extension_2026-08-20,US458140BH27,Intel 2.45% 15nov2029 USD,2026-08-19,2026-08-18,2029-11-15,3.2416,2.45,92.879,4.8531,4.2733,57.98,-0.4
INTC,sample3_extension_2026-08-20,US458140CF51,INTC 5.125 10-FEB-30,2026-08-19,2026-08-18,2030-02-10,3.4798,5.125,101.0885,4.7666,4.2864,48.02,1.5
INTC,sample3_extension_2026-08-20,US458140BU38,INTC 2 12-AUG-31,2026-08-19,2026-08-18,2031-08-12,4.9802,2.0,86.633,5.0722,4.3689,70.33,-0.1
INTC,sample3_extension_2026-08-20,US458140CA64,INTC 4.15 05-AUG-32,2026-08-19,2026-08-18,2032-08-05,5.963,4.15,94.942,5.1461,4.447,69.91,-0.1
INTC,sample3_extension_2026-08-20,US458140AN04,INTEL CORP 4% 15Dec2032,2026-08-19,2026-08-18,2032-12-15,6.3244,4.0,93.5636,5.2072,4.476,73.12,-0.1
INTC,sample3_extension_2026-08-20,US458140CG35,INTC 5.2 10-FEB-33,2026-08-19,2026-08-18,2033-02-10,6.4805,5.2,99.667,5.261,4.4884,77.26,0.0
INTC,sample3_extension_2026-08-20,US458140BV11,INTC 2.8 12-AUG-41,2026-08-19,2026-08-18,2041-08-12,14.9815,2.8,67.674,6.129,4.9939,113.51,-0.1
INTC,sample3_extension_2026-08-20,US458140AK64,INTEL CORP 4.8% 01Oct2041,2026-08-19,2026-08-18,2041-10-01,15.1184,4.8,86.235,6.2171,5.0017,121.54,-0.0
INTC,sample3_extension_2026-08-20,US458140AP51,INTEL CORP 4.25% 15Dec2042,2026-08-17,2026-08-17,2042-12-15,16.3285,4.25,78.824,6.3519,5.0871,126.48,-0.0
INTC,sample3_extension_2026-08-20,US458140CH18,INTC 5.625 10-FEB-43,2026-08-19,2026-08-18,2043-02-10,16.4791,5.625,93.833,6.2288,5.0793,114.95,-0.0
INTC,sample3_extension_2026-08-20,US458140AT73,INTEL CORP 4.9% 29Jul2045,2026-08-18,2026-08-18,2045-07-29,18.9459,4.9,82.509,6.521,5.2199,130.11,-0.0
INTC,sample3_extension_2026-08-20,US458140AV20,INTEL CORP 4.1% 19May2046,2026-08-19,2026-08-18,2046-05-19,19.7481,4.1,74.366,6.4051,5.2656,113.95,-0.0
INTC,sample3_extension_2026-08-20,US458140AY68,INTEL CORP 4.1% 11May2047,2026-08-19,2026-08-18,2047-05-11,20.7255,4.1,73.25,6.4591,5.28,117.91,-0.0
INTC,sample3_extension_2026-08-20,US458140BG44,INTEL CORP 3.734% 08Dec2047,2026-08-19,2026-08-18,2047-12-08,21.3032,3.734,69.007,6.4242,5.28,114.42,-0.0
INTC,sample3_extension_2026-08-20,US458140BJ82,Intel 3.25% 15nov2049 USD,2026-08-19,2026-08-18,2049-11-15,23.2416,3.25,62.403,6.3722,5.28,109.22,-0.0
INTC,sample3_extension_2026-08-20,US458140BW93,INTC 3.05 12-AUG-51,2026-08-19,2026-08-18,2051-08-12,24.9802,3.05,59.334,6.304,5.28,102.4,-0.0
INTC,sample3_extension_2026-08-20,US458140CB48,INTC 4.9 05-AUG-52,2026-08-19,2026-08-18,2052-08-05,25.963,4.9,79.994,6.5062,5.28,122.62,-0.0
INTC,sample3_extension_2026-08-20,US458140CJ73,INTC 5.7 10-FEB-53,2026-08-19,2026-08-18,2053-02-10,26.4805,5.7,89.968,6.4987,5.28,121.87,-0.0
INTC,sample3_extension_2026-08-20,US458140BK55,Intel 3.1% 15feb2060 USD,2026-08-19,2026-08-18,2060-02-15,33.4921,3.1,53.499,6.5397,5.28,125.97,-0.0
INTC,sample3_extension_2026-08-20,US458140BX76,INTC 3.2 12-AUG-61,2026-08-19,2026-08-18,2061-08-12,34.9815,3.2,54.744,6.4889,5.28,120.89,-0.0
INTC,sample3_extension_2026-08-20,US458140CC21,INTC 5.05 05-AUG-62,2026-08-19,2026-08-18,2062-08-05,35.9617,5.05,78.951,6.5854,5.28,130.54,-0.0
INTC,sample3_extension_2026-08-20,US458140CK47,INTC 5.9 10-FEB-63,2026-08-19,2026-08-18,2063-02-10,36.4791,5.9,88.703,6.7353,5.28,145.53,-0.0
INVH,sample3_extension_2026-08-20,US46188BAB80,INVH 2.3 15-NOV-28,2026-08-18,2026-08-18,2028-11-15,2.245,2.3,94.899,4.7262,4.2072,51.9,-0.6
INVH,sample3_extension_2026-08-20,US46188BAA08,INVH 2 15-AUG-31,2026-08-19,2026-08-18,2031-08-15,4.9884,2.0,86.038,5.2162,4.3694,84.68,-0.1
INVH,sample3_extension_2026-08-20,US46188BAD47,INVH 4.15 15-APR-32,2026-08-19,2026-08-18,2032-04-15,5.6564,4.15,94.73,5.238,4.4225,81.55,-0.1
INVH,sample3_extension_2026-08-20,US46188BAC63,INVH 2.7 15-JAN-34,2026-08-17,2026-08-17,2034-01-15,7.4141,2.7,82.5274,5.615,4.5648,105.02,-0.2
IP,sample3_extension_2026-08-20,US460146CM37,INTERNATIONAL PAPER CO 5% 15Sep2035,2026-08-19,2026-08-18,2035-09-15,9.0732,5.0,96.7233,5.4624,4.6544,80.8,-0.0
IP,sample3_extension_2026-08-20,US460146CH42,INTERNATIONAL PAPER CO 6% 15Nov2041,2026-08-19,2026-08-18,2041-11-15,15.2416,6.0,99.722,6.027,5.0088,101.82,0.0
IP,sample3_extension_2026-08-20,US460146CK70,INTERNATIONAL PAPER CO 4.8% 15Jun2044,2026-08-18,2026-08-18,2044-06-15,17.8261,4.8,84.594,6.2442,5.1561,108.81,-0.0
IP,sample3_extension_2026-08-20,US460146CN10,INTERNATIONAL PAPER CO 5.15% 15May2046,2026-08-18,2026-08-18,2046-05-15,19.7399,5.15,87.091,6.3011,5.2652,103.59,-0.0
IP,sample3_extension_2026-08-20,US460146CQ41,INTERNATIONAL PAPER CO 4.4% 15Aug2047,2026-08-18,2026-08-18,2047-08-15,20.9911,4.4,77.088,6.399,5.28,111.9,-0.0
IP,sample3_extension_2026-08-20,US460146CS07,INTERNATIONAL PAPER CO 4.35% 15Aug2048,2026-08-19,2026-08-18,2048-08-15,21.9904,4.35,77.321,6.2636,5.28,98.36,-0.0
IQV,sample2,US449934AD05,IMS HEALTH INC 5% 15Oct2026,2026-08-18,2026-08-18,2026-10-15,0.1588,5.0,99.959,5.1765,3.86,131.65,4.1
IQV,sample2,US46266TAA60,IQVIA INC 5% 15May2027,2026-08-17,2026-08-17,2027-05-15,0.742,5.0,100.0133,4.9709,3.9553,101.56,-0.0
IR,sample2,US45687AAP75,INGERSOLL-RAND GLOBAL HLDG CO LTD 3.75% 21Aug2028,2026-08-19,2026-08-18,2028-08-21,2.0068,3.75,98.556,4.5121,4.1905,32.16,-0.2
IR,sample2,US456873AD03,INGERSOLL-RAND LUXEMBOURG FIN S A 3.8% 21Mar2029,2026-08-19,2026-08-18,2029-03-21,2.5873,3.8,98.117,4.5791,4.2311,34.8,-0.0
IR,sample2,US45687AAG76,INGERSOLL-RAND GLOBAL HLDG CO LTD 5.75% 15Jun2043,2026-08-19,2026-08-18,2043-06-15,16.8214,5.75,100.598,5.6934,5.0988,59.46,0.0
IR,sample2,US456873AC20,INGERSOLL-RAND LUXEMBOURG FIN S A 4.65% 01Nov2044,2026-08-11,2026-08-11,2044-11-01,18.2259,4.65,86.15,5.9,5.1524,74.76,-0.0
IR,sample2,US45687AAN28,INGERSOLL-RAND GLOBAL HLDG CO LTD 4.3% 21Feb2048,2026-08-11,2026-08-11,2048-02-21,21.5305,4.3,79.52,6.008,5.2485,75.95,-0.0
IRM,sample3_extension_2026-08-20,US46284VAC54,Iron Mountain 4.875% 15sep2027 USD,2026-08-19,2026-08-18,2027-09-15,1.0732,4.875,99.9203,4.949,4.0046,94.44,-0.0
IRM,sample3_extension_2026-08-20,US46284VAE11,Iron Mountain 5.25% 15mar2028 USD,2026-08-19,2026-08-18,2028-03-15,1.5715,5.25,99.9503,5.2807,4.1043,117.64,-0.0
IRM,sample3_extension_2026-08-20,US46284VAG68,Iron Mountain 5% 15jul2028 USD,2026-08-17,2026-08-17,2028-07-15,1.911,5.0,99.386,5.3399,4.1731,116.68,-0.0
IRM,sample3_extension_2026-08-20,US46284VAF85,Iron Mountain 4.875% 15sep2029 USD,2026-08-19,2026-08-18,2029-09-15,3.0746,4.875,98.125,5.5463,4.2641,128.22,-0.1
IRM,sample3_extension_2026-08-20,US46284VAJ08,Iron Mountain 5.25% 15jul2030 USD,2026-08-19,2026-08-18,2030-07-15,3.9042,5.25,98.25,5.7554,4.3097,144.57,-0.0
IT,sample2,US366651AC11,GARTNER INC 4.5% 01Jul2028,2026-08-19,2026-08-18,2028-07-01,1.8672,4.5,98.641,5.2718,4.1634,110.84,-0.1
IT,sample2,US366651AE76,GARTNER INC 3.75% 01Oct2030,2026-08-19,2026-08-18,2030-10-01,4.1177,3.75,92.12,5.9356,4.3215,161.41,-0.2
ITW,sample2,US452308AX78,ILLINOIS TOOL WKS INC 2.65% 15Nov2026,2026-08-19,2026-08-18,2026-11-15,0.2409,2.65,99.66,4.0754,3.86,21.54,-0.7
ITW,sample2,US452308AQ28,ILLINOIS TOOL WKS INC 4.875% 15Sep2041,2026-08-19,2026-08-18,2041-09-15,15.0746,4.875,92.302,5.6396,4.9993,64.03,-0.0
ITW,sample2,US452308AR01,ILLINOIS TOOL WKS INC 3.9% 01Sep2042,2026-08-19,2026-08-18,2042-09-01,16.0356,3.9,80.8636,5.742,5.054,68.8,-0.0
IVZ,sample3_extension_2026-08-20,US46132FAC41,INVESCO FIN PLC 5.375% 30Nov2043,2026-08-14,2026-08-14,2043-11-30,17.295,5.375,93.5287,5.9798,5.0958,88.4,-0.0
JBL,sample3_extension_2026-08-20,US466313AM58,JBL 4.25 15-MAY-27,2026-08-19,2026-08-18,2027-05-15,0.7365,4.25,99.843,4.461,3.9443,51.67,-0.0
JCI,sample2,US47837RAD26,JCI 2 16-SEP-31,2026-08-19,2026-08-18,2031-09-16,5.076,2.0,87.136,4.8944,4.3761,51.83,-0.2
JCI,sample2,US47837RAE09,JCI 4.9 01-DEC-32,2026-08-19,2026-08-18,2032-12-01,6.2861,4.9,99.3407,5.0223,4.4729,54.94,-0.0
JNJ,sample1,US478160CE22,JOHNSON & JOHNSON 2.95% 03Mar2027,2026-08-19,2026-08-18,2027-03-03,0.5366,2.95,99.559,3.787,3.9097,1.0,-0.1
JNJ,sample1,US478160CP78,JOHNSON & JOHNSON 0.95% 01Sep2027,2026-08-19,2026-08-18,2027-09-01,1.0349,0.95,96.972,3.9777,3.997,1.0,-1.3
JNJ,sample1,US478160CK81,JOHNSON & JOHNSON 2.9% 15Jan2028,2026-08-19,2026-08-18,2028-01-15,1.4073,2.9,98.795,3.7886,4.0715,1.0,-0.3
JNJ,sample1,US478160AJ37,JOHNSON & JOHNSON 6.95% 01Sep2029,2026-08-19,2026-08-18,2029-09-01,3.0363,6.95,107.567,4.2612,4.262,1.0,0.4
JNJ,sample1,US478160CQ51,JOHNSON & JOHNSON 1.3% 01Sep2030,2026-08-19,2026-08-18,2030-09-01,4.0356,1.3,88.32,4.5009,4.317,18.39,-0.4
JNJ,sample1,US478160AL82,JOHNSON & JOHNSON 4.95% 15May2033,2026-08-19,2026-08-18,2033-05-15,6.7379,4.95,101.89,4.6191,4.509,11.01,0.0
JNJ,sample1,US478160BJ28,JOHNSON & JOHNSON 4.375% 05Dec2033,2026-08-19,2026-08-18,2033-12-05,7.2964,4.375,98.098,4.6849,4.5478,13.71,-0.0
JNJ,sample1,US478160BU72,JOHNSON & JOHNSON 3.55% 01Mar2036,2026-08-19,2026-08-18,2036-03-01,9.5332,3.55,89.287,4.975,4.682,29.3,-0.0
JNJ,sample1,US478160CF96,JOHNSON & JOHNSON 3.625% 03Mar2037,2026-08-19,2026-08-18,2037-03-03,10.538,3.625,88.201,5.0852,4.7407,34.45,-0.0
JNJ,sample1,US478160AN49,JOHNSON & JOHNSON 5.95% 15Aug2037,2026-08-19,2026-08-18,2037-08-15,10.9897,5.95,107.867,5.01,4.7664,24.36,0.0
JNJ,sample1,US478160CL64,JOHNSON & JOHNSON 3.4% 15Jan2038,2026-08-19,2026-08-18,2038-01-15,11.4086,3.4,85.426,5.1011,4.7903,31.08,-0.1
JNJ,sample1,US478160AT19,JOHNSON & JOHNSON 5.85% 15Jul2038,2026-08-19,2026-08-18,2038-07-15,11.9042,5.85,106.735,5.088,4.8185,26.95,0.0
JNJ,sample1,US478160AV64,JOHNSON & JOHNSON 4.5% 01Sep2040,2026-08-19,2026-08-18,2040-09-01,14.037,4.5,92.2801,5.286,4.9401,34.59,-0.0
JNJ,sample1,US478160CR35,JOHNSON & JOHNSON 2.1% 01Sep2040,2026-08-19,2026-08-18,2040-09-01,14.037,2.1,68.113,5.3628,4.9401,42.27,-0.1
JNJ,sample1,US478160BA19,JOHNSON & JOHNSON 4.85% 15May2041,2026-08-18,2026-08-18,2041-05-15,14.7406,4.85,94.455,5.3996,4.9802,41.94,-0.0
JNJ,sample1,US478160BK90,JOHNSON & JOHNSON 4.5% 05Dec2043,2026-08-19,2026-08-18,2043-12-05,17.295,4.5,89.8603,5.4095,5.1258,28.37,-0.0
JNJ,sample1,US478160BV55,JOHNSON & JOHNSON 3.7% 01Mar2046,2026-08-19,2026-08-18,2046-03-01,19.5318,3.7,77.221,5.6388,5.2533,38.55,-0.0
JNJ,sample1,US478160CG79,JOHNSON & JOHNSON 3.75% 03Mar2047,2026-08-18,2026-08-18,2047-03-03,20.5394,3.75,75.7867,5.7787,5.28,49.87,-0.0
JNJ,sample1,US478160CM48,JOHNSON & JOHNSON 3.5% 15Jan2048,2026-08-19,2026-08-18,2048-01-15,21.4073,3.5,72.909,5.7083,5.28,42.83,-0.0
JNJ,sample1,US478160CS18,JOHNSON & JOHNSON 2.25% 01Sep2050,2026-08-19,2026-08-18,2050-09-01,24.0356,2.25,55.426,5.6692,5.28,38.92,-0.0
JNJ,sample1,US478160CT90,JOHNSON & JOHNSON 2.45% 01Sep2060,2026-08-19,2026-08-18,2060-09-01,34.037,2.45,51.451,5.6948,5.28,41.48,-0.0
JPM,sample1,US46625HRV41,JPMORGAN CHASE & CO 2.95% 01Oct2026,2026-08-19,2026-08-18,2026-10-01,0.1177,2.95,99.847,4.2515,3.86,39.15,-0.9
JPM,sample1,US46625HJZ47,JPMORGAN CHASE & CO 4.125% 15Dec2026,2026-08-19,2026-08-18,2026-12-15,0.3231,4.125,100.12,3.7172,3.8727,1.0,1.7
JPM,sample1,US46625HNJ58,JPMORGAN CHASE & CO 4.25% 01Oct2027,2026-08-19,2026-08-18,2027-10-01,1.117,4.25,100.078,4.174,4.0134,16.06,0.0
JPM,sample1,US46625HRX07,JPMORGAN CHASE & CO 3.625% 01Dec2027,2026-08-19,2026-08-18,2027-12-01,1.2841,3.625,99.048,4.3937,4.0468,34.69,-0.2
JPM,sample1,US46625HHF01,JPMORGAN CHASE & CO 6.4% 15May2038,2026-08-19,2026-08-18,2038-05-15,11.7372,6.4,107.544,5.517,4.809,70.8,0.0
JPM,sample1,US46625HHV50,JPMORGAN CHASE & CO 5.5% 15Oct2040,2026-08-19,2026-08-18,2040-10-15,14.1574,5.5,99.052,5.597,4.947,65.0,-0.0
JPM,sample1,US46625HJB78,JPMORGAN CHASE & CO 5.6% 15Jul2041,2026-08-19,2026-08-18,2041-07-15,14.9049,5.6,99.375,5.662,4.9896,67.24,0.0
JPM,sample1,US46625HJM34,JPMORGAN CHASE & CO 5.625% 16Aug2043,2026-08-19,2026-08-18,2043-08-16,16.9911,5.625,99.38,5.6823,5.1085,57.38,0.0
JPM,sample1,US46625HJU59,JPMORGAN CHASE & CO 4.85% 01Feb2044,2026-08-19,2026-08-18,2044-02-01,17.4538,4.85,88.291,5.9364,5.1349,80.15,-0.0
JPM,sample1,US46625HLL23,JPMORGAN CHASE & CO 4.95% 01Jun2045,2026-08-19,2026-08-18,2045-06-01,18.7844,4.95,90.7321,5.7635,5.2107,55.28,-0.0
KDP,sample2,US49271VAF76,KEURIG DR PEPPER INC 4.597% 25May2028,2026-08-19,2026-08-18,2028-05-25,1.7659,4.597,99.881,4.6641,4.1432,52.09,-0.0
KDP,sample2,US49271VAP58,KDP 3.95 15-APR-29,2026-08-19,2026-08-18,2029-04-15,2.6557,3.95,97.751,4.8618,4.2359,62.59,-0.1
KDP,sample2,US49271VAJ98,KEURIG DR PEPPER INC 3.2% 01May2030,2026-08-19,2026-08-18,2030-05-01,3.6988,3.2,93.918,5.0215,4.2984,72.31,-0.1
KDP,sample2,US49271VAN01,KDP 2.25 15-MAR-31,2026-08-19,2026-08-18,2031-03-15,4.5695,2.25,88.5437,5.0913,4.3463,74.5,-0.0
KDP,sample2,US49271VAQ32,KDP 4.05 15-APR-32,2026-08-19,2026-08-18,2032-04-15,5.6564,4.05,94.374,5.2107,4.4225,78.82,-0.1
KDP,sample2,US49271VAK61,KEURIG DR PEPPER INC 3.8% 01May2050,2026-08-19,2026-08-18,2050-05-01,23.6988,3.8,68.7177,6.3763,5.28,109.63,-0.0
KDP,sample2,US49271VAM28,KDP 3.35 15-MAR-51,2026-08-13,2026-08-13,2051-03-15,24.5859,3.35,63.246,6.3133,5.2046,110.87,-0.1
KDP,sample2,US49271VAR15,KDP 4.5 15-APR-52,2026-08-19,2026-08-18,2052-04-15,25.6564,4.5,77.323,6.2921,5.28,101.21,-0.0
KEY,sample3_extension_2026-08-20,US49327M3F97,KEY 5.85 15-NOV-27,2026-08-19,2026-08-18,2027-11-15,1.2402,5.85,101.417,4.5735,4.038,53.55,8.0
KEY,sample3_extension_2026-08-20,US49326EEG44,KEYCORP MEDIUM TERM SR NTS BOOK ENTRY 4.1% 30Apr2028,2026-08-19,2026-08-18,2028-04-30,1.6975,4.1,99.253,4.5597,4.1295,43.02,-0.1
KEY,sample3_extension_2026-08-20,US49327V2C76,KEY 4.9 08-AUG-32,2026-08-19,2026-08-18,2032-08-08,5.9713,4.9,97.136,5.4686,4.4477,102.09,-0.0
KEY,sample3_extension_2026-08-20,US49327M3H53,KEY 5 26-JAN-33,2026-08-19,2026-08-18,2033-01-26,6.4394,5.0,97.84,5.4012,4.4852,91.6,-0.0
KEYS,sample2,US49338LAE39,KEYSIGHT TECHNOLOGIES INC 4.6% 06Apr2027,2026-08-19,2026-08-18,2027-04-06,0.6297,4.6,100.016,4.5607,3.9258,63.49,0.5
KHC,sample3_extension_2026-08-20,US50077LAT35,KRAFT HEINZ FOODS CO 4.625% 30Jan2029,2026-08-19,2026-08-18,2029-01-30,2.4504,4.625,100.119,4.569,4.2215,34.75,0.3
KHC,sample3_extension_2026-08-20,US50075NAC83,KRAFT FOODS INC 6.5% 01Nov2031,2026-08-18,2026-08-18,2031-11-01,5.2047,6.5,107.371,4.876,4.3864,48.96,0.1
KHC,sample3_extension_2026-08-20,US50077LAL09,KRAFT HEINZ FOODS CO 5% 15Jul2035,2026-08-18,2026-08-18,2035-07-15,8.9062,5.0,95.352,5.6712,4.6444,102.68,-0.0
KHC,sample3_extension_2026-08-20,US42307TAH14,Kraft Heinz Foods 7.125% 1aug2039 USD,2026-08-19,2026-08-18,2039-08-01,12.95,7.125,108.651,6.1458,4.8782,126.76,0.0
KHC,sample3_extension_2026-08-20,US50077LAM81,KRAFT HEINZ FOODS CO 5.2% 15Jul2045,2026-08-19,2026-08-18,2045-07-15,18.9049,5.2,87.3,6.364,5.2176,114.64,-0.0
KHC,sample3_extension_2026-08-20,US50077LAB27,KRAFT HEINZ FOODS CO 4.375% 01Jun2046,2026-08-19,2026-08-18,2046-06-01,19.7837,4.375,78.025,6.339,5.2677,107.13,-0.0
KIM,sample3_extension_2026-08-20,US49446RAP47,KIMCO RLTY CORP 2.8% 01Oct2026,2026-08-19,2026-08-18,2026-10-01,0.1177,2.8,99.844,4.1315,3.86,27.15,-1.2
KIM,sample3_extension_2026-08-20,US49446RAY53,KIM 2.25 01-DEC-31,2026-08-19,2026-08-18,2031-12-01,5.2841,2.25,87.778,4.9045,4.3927,51.18,-0.2
KIM,sample3_extension_2026-08-20,US49446RAZ29,KIM 3.2 01-APR-32,2026-08-19,2026-08-18,2032-04-01,5.6181,3.2,91.2855,4.9988,4.4194,57.94,-0.1
KIM,sample3_extension_2026-08-20,US49446RBA68,KIM 4.6 01-FEB-33,2026-08-19,2026-08-18,2033-02-01,6.4559,4.6,96.721,5.2047,4.4865,71.82,-0.1
KIM,sample3_extension_2026-08-20,US49446RAM16,KIMCO RLTY CORP 4.25% 01Apr2045,2026-08-18,2026-08-18,2045-04-01,18.6201,4.25,80.784,5.974,5.2013,77.27,-0.0
KIM,sample3_extension_2026-08-20,US49446RAQ20,KIMCO RLTY CORP 4.125% 01Dec2046,2026-08-14,2026-08-14,2046-12-01,20.2984,4.125,78.885,5.927,5.25,67.7,-0.1
KIM,sample3_extension_2026-08-20,US49446RAT68,KIMCO RLTY CORP 4.45% 01Sep2047,2026-08-18,2026-08-18,2047-09-01,21.0376,4.45,81.07,6.053,5.28,77.3,-0.0
KKR,sample3_extension_2026-08-20,US48255GAA31,KKR 4.85 17-MAY-32,2026-08-14,2026-08-14,2032-05-17,5.7577,4.85,97.816,5.2939,4.4168,87.71,-0.0
KKR,sample3_extension_2026-08-20,US48255BAA44,KKR 3.25 15-DEC-51,2026-08-10,2026-08-10,2051-12-15,25.347,3.25,60.6705,6.4087,5.25,115.87,-0.0
KLAC,sample3_extension_2026-08-20,US482480AL46,KLAC 4.65 15-JUL-32,2026-08-19,2026-08-18,2032-07-15,5.9055,4.65,98.592,4.9269,4.4424,48.45,-0.0
KLAC,sample3_extension_2026-08-20,US482480AF77,KLA-TENCOR CORP 5.65% 01Nov2034,2026-08-18,2026-08-18,2034-11-01,8.2053,5.65,101.607,5.396,4.6023,79.37,0.8
KLAC,sample3_extension_2026-08-20,US482480AM29,KLAC 4.95 15-JUL-52,2026-08-18,2026-08-18,2052-07-15,25.9083,4.95,85.063,6.1047,5.28,82.47,-0.0
KLAC,sample3_extension_2026-08-20,US482480AN02,KLAC 5.25 15-JUL-62,2026-08-19,2026-08-18,2062-07-15,35.9042,5.25,87.71,6.097,5.28,81.7,-0.0
KMB,sample3_extension_2026-08-20,US494368BY83,KIMBERLY CLARK CORP 3.95% 01Nov2028,2026-08-19,2026-08-18,2028-11-01,2.204,3.95,99.041,4.4103,4.2043,20.6,-0.1
KMB,sample3_extension_2026-08-20,US494368CD38,KMB 2 02-NOV-31,2026-08-19,2026-08-18,2031-11-02,5.2047,2.0,87.25,4.7991,4.3864,41.27,-0.2
KMB,sample3_extension_2026-08-20,US494368CE11,KMB 4.5 16-FEB-33,2026-08-19,2026-08-18,2033-02-16,6.4969,4.5,98.725,4.7304,4.4898,24.06,-0.0
KMB,sample3_extension_2026-08-20,US494368BC63,KIMBERLY CLARK CORP 6.625% 01Aug2037,2026-08-18,2026-08-18,2037-08-01,10.9541,6.625,110.933,5.2959,4.7644,53.15,0.0
KMB,sample3_extension_2026-08-20,US494368BG77,KIMBERLY CLARK CORP 5.3% 01Mar2041,2026-08-19,2026-08-18,2041-03-01,14.5325,5.3,98.57,5.4435,4.9684,47.51,-0.0
KMB,sample3_extension_2026-08-20,US494368BV45,KIMBERLY CLARK CORP 3.2% 30Jul2046,2026-08-19,2026-08-18,2046-07-30,19.9452,3.2,68.839,5.8722,5.2769,59.53,-0.0
KMB,sample3_extension_2026-08-20,US494368BW28,KIMBERLY CLARK CORP 3.9% 04May2047,2026-08-14,2026-08-14,2047-05-04,20.7201,3.9,75.9447,5.9319,5.25,68.19,-0.0
KMI,sample3_extension_2026-08-20,US49456BAU52,KMI 1.75 15-NOV-26,2026-08-19,2026-08-18,2026-11-15,0.2409,1.75,99.415,4.2329,3.86,37.29,-2.7
KMI,sample3_extension_2026-08-20,US49456BAP67,KINDER MORGAN INC DEL 4.3% 01Mar2028,2026-08-19,2026-08-18,2028-03-01,1.5332,4.3,100.115,4.2101,4.0966,11.35,1.1
KMI,sample3_extension_2026-08-20,US494550AJ57,KINDER MORGAN ENERGY PARTNERS L P 7.4% 15Mar2031,2026-08-19,2026-08-18,2031-03-15,4.5695,7.4,111.0453,4.6854,4.3463,33.91,0.0
KMI,sample3_extension_2026-08-20,US494550AL04,KINDER MORGAN ENERGY PARTNERS L P 7.75% 15Mar2032,2026-08-19,2026-08-18,2032-03-15,5.5715,7.75,112.8622,5.0691,4.4157,65.34,0.1
KMI,sample3_extension_2026-08-20,US49456BAV36,KMI 4.8 01-FEB-33,2026-08-19,2026-08-18,2033-02-01,6.4559,4.8,97.76,5.213,4.4865,72.65,-0.0
KMI,sample3_extension_2026-08-20,US49456BAX91,KMI 5.2 01-JUN-33,2026-08-19,2026-08-18,2033-06-01,6.7844,5.2,100.113,5.1786,4.5128,66.58,-0.0
KMI,sample3_extension_2026-08-20,US494550AQ90,KINDER MORGAN ENERGY PARTNERS L P 7.3% 15Aug2033,2026-08-19,2026-08-18,2033-08-15,6.9897,7.3,111.088,5.375,4.5292,84.58,0.1
KMI,sample3_extension_2026-08-20,US49456BAG68,KINDER MORGAN INC DEL 5.3% 01Dec2034,2026-08-19,2026-08-18,2034-12-01,8.2847,5.3,99.193,5.4209,4.6071,81.38,-0.0
KMI,sample3_extension_2026-08-20,US494550AT30,KINDER MORGAN ENERGY PARTNERS L P 5.8% 15Mar2035,2026-08-19,2026-08-18,2035-03-15,8.5695,5.8,102.104,5.4882,4.6242,86.4,0.0
KMI,sample3_extension_2026-08-20,US196522AE66,KMI 6.85 15-JUN-37,2026-08-19,2026-08-18,2037-06-15,10.8227,6.85,107.796,5.8652,4.7569,110.83,0.0
KMI,sample3_extension_2026-08-20,US494550AW68,KINDER MORGAN ENERGY PARTNERS L P 6.95% 15Jan2038,2026-08-19,2026-08-18,2038-01-15,11.4086,6.95,109.708,5.775,4.7903,98.47,0.0
KMI,sample3_extension_2026-08-20,US494550BD78,KINDER MORGAN ENERGY PARTNERS L P 6.5% 01Sep2039,2026-08-19,2026-08-18,2039-09-01,13.0349,6.5,104.976,5.9456,4.883,106.26,0.0
KMI,sample3_extension_2026-08-20,US494550BF27,KINDER MORGAN ENERGY PARTNERS L P 6.55% 15Sep2040,2026-08-18,2026-08-18,2040-09-15,14.078,6.55,105.104,6.0069,4.9424,106.45,0.0
KMI,sample3_extension_2026-08-20,US494550BH82,KINDER MORGAN ENERGY PARTNERS L P 6.375% 01Mar2041,2026-08-19,2026-08-18,2041-03-01,14.5325,6.375,104.038,5.9556,4.9684,98.72,-0.0
KMI,sample3_extension_2026-08-20,US494550BK12,KINDER MORGAN ENERGY PARTNERS L P 5.625% 01Sep2041,2026-08-19,2026-08-18,2041-09-01,15.0363,5.625,98.3576,5.7899,4.9971,79.28,-0.0
KMI,sample3_extension_2026-08-20,US494550BN50,KINDER MORGAN ENERGY PARTNERS L P 5% 15Aug2042,2026-08-19,2026-08-18,2042-08-15,15.989,5.0,88.779,6.1094,5.0514,105.8,-0.0
KMI,sample3_extension_2026-08-20,US494550BP09,KINDER MORGAN ENERGY PARTNERS L P 5% 01Mar2043,2026-08-19,2026-08-18,2043-03-01,16.5311,5.0,89.1845,6.0435,5.0823,96.12,-0.0
KMI,sample3_extension_2026-08-20,US494550BU93,KINDER MORGAN ENERGY PARTNERS L P 5.5% 01Mar2044,2026-08-19,2026-08-18,2044-03-01,17.5332,5.5,93.009,6.1573,5.1394,101.79,-0.0
KMI,sample3_extension_2026-08-20,US494550BW59,KINDER MORGAN ENERGY PARTNERS L P 5.4% 01Sep2044,2026-08-19,2026-08-18,2044-09-01,18.037,5.4,91.912,6.1482,5.1681,98.01,-0.0
KMI,sample3_extension_2026-08-20,US49456BAH42,KINDER MORGAN INC DEL 5.55% 01Jun2045,2026-08-19,2026-08-18,2045-06-01,18.7844,5.55,93.48,6.1387,5.2107,92.8,-0.0
KMI,sample3_extension_2026-08-20,US49456BAJ08,KINDER MORGAN INC DEL 5.05% 15Feb2046,2026-08-19,2026-08-18,2046-02-15,19.4935,5.05,87.383,6.1718,5.2511,92.07,-0.0
KMI,sample3_extension_2026-08-20,US49456BAQ41,KINDER MORGAN INC DEL 5.2% 01Mar2048,2026-08-19,2026-08-18,2048-03-01,21.5332,5.2,87.941,6.2241,5.28,94.41,-0.0
KMI,sample3_extension_2026-08-20,US49456BAW19,KMI 5.45 01-AUG-52,2026-08-19,2026-08-18,2052-08-01,25.9521,5.45,89.575,6.2682,5.28,98.82,-0.0
KO,sample1,US191216CR95,COCA COLA CO 3.375% 25Mar2027,2026-08-19,2026-08-18,2027-03-25,0.5969,3.375,100.171,3.0804,3.9201,1.0,-0.0
KO,sample1,US191216CE82,COCA COLA CO 2.9% 25May2027,2026-08-19,2026-08-18,2027-05-25,0.7639,2.9,99.09,4.1174,3.9491,16.83,0.0
KO,sample1,US191216CU25,COCA COLA CO 1.45% 01Jun2027,2026-08-19,2026-08-18,2027-06-01,0.783,1.45,98.0223,4.0472,3.9524,9.48,-0.8
KO,sample1,US191216DJ60,COCA COLA CO 1.5% 05Mar2028,2026-08-18,2026-08-18,2028-03-05,1.5469,1.5,95.955,4.2328,4.0994,13.34,-0.4
KO,sample1,US191216DD90,COCA COLA CO 1% 15Mar2028,2026-08-19,2026-08-18,2028-03-15,1.5715,1.0,95.535,3.962,4.1043,1.0,-0.4
KO,sample1,US191216CM09,COCA COLA CO 2.125% 06Sep2029,2026-08-19,2026-08-18,2029-09-06,3.05,2.125,93.639,4.3792,4.2627,11.65,-0.4
KO,sample1,US191216CT51,COCA COLA CO 3.45% 25Mar2030,2026-08-19,2026-08-18,2030-03-25,3.5975,3.45,96.745,4.4381,4.2929,14.52,-0.0
KO,sample1,US191216CV08,COCA COLA CO 1.65% 01Jun2030,2026-08-19,2026-08-18,2030-06-01,3.7837,1.65,89.996,4.5601,4.3031,25.7,-0.2
KO,sample1,US191216DK34,COCA COLA CO 2% 05Mar2031,2026-08-19,2026-08-18,2031-03-05,4.5421,2.0,89.436,4.604,4.3448,25.92,-0.0
KO,sample1,US191216DE73,COCA COLA CO 1.375% 15Mar2031,2026-08-19,2026-08-18,2031-03-15,4.5695,1.375,86.922,4.5792,4.3463,23.29,0.0
KO,sample1,US191216DP21,COCA COLA CO 2.25% 05Jan2032,2026-08-19,2026-08-18,2032-01-05,5.3799,2.25,88.833,4.6194,4.4004,21.9,-0.2
KO,sample1,US191216CP30,KO 4.125 25-MAR-40,2026-08-18,2026-08-18,2040-03-25,13.6016,4.125,89.2857,5.2357,4.9153,32.04,-0.0
KO,sample1,US191216CW80,COCA COLA CO 2.5% 01Jun2040,2026-08-19,2026-08-18,2040-06-01,13.7851,2.5,71.783,5.4353,4.9257,50.96,-0.1
KO,sample1,US191216DQ04,COCA COLA CO 2.875% 05May2041,2026-08-19,2026-08-18,2041-05-05,14.7105,2.875,73.9667,5.4746,4.9785,49.61,-0.0
KO,sample1,US191216CX63,COCA COLA CO 2.6% 01Jun2050,2026-08-19,2026-08-18,2050-06-01,23.7837,2.6,58.9362,5.8058,5.28,52.58,-0.0
KO,sample1,US191216DL17,COCA COLA CO 3% 05Mar2051,2026-08-13,2026-08-13,2051-03-05,24.5585,3.0,63.1849,5.8413,5.2046,63.67,-0.0
KO,sample1,US191216DC18,COCA COLA CO 2.5% 15Mar2051,2026-08-19,2026-08-18,2051-03-15,24.5695,2.5,56.949,5.813,5.28,53.3,0.0
KO,sample1,US191216CY47,COCA COLA CO 2.75% 01Jun2060,2026-08-19,2026-08-18,2060-06-01,33.7851,2.75,55.105,5.7922,5.28,51.22,-0.0
KR,sample2,US501044DE89,KROGER CO 2.65% 15Oct2026,2026-08-19,2026-08-18,2026-10-15,0.1561,2.65,99.722,4.4411,3.86,58.11,-0.4
KR,sample2,US501044DJ76,KROGER CO 3.7% 01Aug2027,2026-08-19,2026-08-18,2027-08-01,0.95,3.7,99.4446,4.3026,3.9813,32.13,-0.2
KR,sample2,US501044DL23,KROGER CO 4.5% 15Jan2029,2026-08-19,2026-08-18,2029-01-15,2.4093,4.5,99.8038,4.5854,4.2187,36.67,-0.0
KR,sample2,US501044BV23,KROGER CO 8% 15Sep2029,2026-08-19,2026-08-18,2029-09-15,3.0746,8.0,109.639,4.5952,4.2641,33.11,0.5
KR,sample2,US501044DQ10,KR 1.7 15-JAN-31,2026-08-19,2026-08-18,2031-01-15,4.4079,1.7,87.547,4.8768,4.3374,53.94,-0.4
KR,sample2,US501044BZ37,KROGER CO 7.5% 01Apr2031,2026-08-19,2026-08-18,2031-04-01,4.616,7.5,110.511,4.9236,4.3489,57.47,0.1
KR,sample2,US501044CK58,KROGER CO 6.9% 15Apr2038,2026-08-19,2026-08-18,2038-04-15,11.655,6.9,110.057,5.7054,4.8043,90.11,0.0
KR,sample2,US501044CN97,KROGER CO 5.4% 15Jul2040,2026-08-19,2026-08-18,2040-07-15,13.9055,5.4,95.848,5.8396,4.9326,90.7,-0.0
KR,sample2,US501044CR02,KROGER CO 5% 15Apr2042,2026-08-18,2026-08-18,2042-04-15,15.6578,5.0,91.673,5.8168,5.0325,78.43,-0.0
KR,sample2,US501044CT67,KROGER CO 5.15% 01Aug2043,2026-08-19,2026-08-18,2043-08-01,16.95,5.15,89.967,6.1083,5.1062,100.21,-0.0
KR,sample2,US501044DF54,KROGER CO 3.875% 15Oct2046,2026-08-18,2026-08-18,2046-10-15,20.1588,3.875,72.7024,6.2808,5.28,100.08,-0.0
KR,sample2,US501044DG38,KROGER CO 4.45% 01Feb2047,2026-08-19,2026-08-18,2047-02-01,20.4545,4.45,80.236,6.163,5.28,88.3,-0.0
KR,sample2,US501044DK40,KROGER CO 4.65% 15Jan2048,2026-08-19,2026-08-18,2048-01-15,21.4073,4.65,82.018,6.175,5.28,89.5,-0.0
KR,sample2,US501044DM06,KROGER CO 5.4% 15Jan2049,2026-08-19,2026-08-18,2049-01-15,22.4093,5.4,90.803,6.162,5.28,88.2,-0.0
KR,sample2,US501044DN88,KROGER CO 3.95% 15Jan2050,2026-08-18,2026-08-18,2050-01-15,23.4114,3.95,71.669,6.2749,5.28,99.49,-0.0
L,sample3_extension_2026-08-20,US540424AP38,LOEWS CORP 6% 01Feb2035,2026-08-19,2026-08-18,2035-02-01,8.4545,6.0,104.585,5.3186,4.6173,70.13,0.0
L,sample3_extension_2026-08-20,US540424AR93,LOEWS CORP 4.125% 15May2043,2026-08-11,2026-08-11,2043-05-15,16.7584,4.125,80.75,5.9557,5.0717,88.4,-0.0
LDOS,sample3_extension_2026-08-20,US808626AE53,LDOS 7.125 01-JUL-32,2026-08-17,2026-08-17,2032-07-01,5.8727,7.125,109.194,5.2811,4.4498,83.13,0.1
LDOS,sample3_extension_2026-08-20,US52532XAJ46,LDOS 5.75 15-MAR-33,2026-08-19,2026-08-18,2033-03-15,6.5708,5.75,101.941,5.384,4.4957,88.83,1.0
LEN,sample3_extension_2026-08-20,US526057CV49,LENNAR CORP 5% 15Jun2027,2026-08-18,2026-08-18,2027-06-15,0.8241,5.0,100.197,4.3698,3.9595,41.03,37.5
LEN,sample3_extension_2026-08-20,US526057CD41,Lennar 4.75% 29nov2027 USD,2026-08-19,2026-08-18,2027-11-29,1.2786,4.75,100.195,4.4825,4.0457,43.68,10.3
LH,sample2,US50540RAY80,LH 2.7 01-JUN-31,2026-08-19,2026-08-18,2031-06-01,4.783,2.7,90.382,4.985,4.3581,62.69,-0.1
LH,sample2,US50540RAS13,LABORATORY CORP AMER HLDGS 4.7% 01Feb2045,2026-08-06,2026-08-06,2045-02-01,18.4914,4.7,86.87,5.8738,5.14,73.38,-0.0
LHX,sample2,US502431AM16,L3HARRIS TECHNOLOGIES INC 4.4% 15Jun2028,2026-08-19,2026-08-18,2028-06-15,1.8234,4.4,99.758,4.5368,4.1547,38.21,-0.0
LIN,sample3_extension_2026-08-20,US74005PBD50,PRAXAIR INC 3.55% 07Nov2042,2026-08-19,2026-08-18,2042-11-07,16.219,3.55,77.179,5.7291,5.0645,66.46,-0.0
LLY,sample3_extension_2026-08-20,US532457AZ17,LILLY ELI & CO 5.5% 15Mar2027,2026-08-19,2026-08-18,2027-03-15,0.5695,5.5,100.76,4.1298,3.9154,21.44,0.0
LLY,sample3_extension_2026-08-20,US532457BP26,LILLY ELI & CO 3.1% 15May2027,2026-08-19,2026-08-18,2027-05-15,0.7365,3.1,99.182,4.2347,3.9443,29.04,-0.1
LLY,sample3_extension_2026-08-20,US532457CF35,LLY 4.7 27-FEB-33,2026-08-19,2026-08-18,2033-02-27,6.527,4.7,99.29,4.8281,4.4922,33.59,-0.0
LLY,sample3_extension_2026-08-20,US532457CG18,LLY 4.875 27-FEB-53,2026-08-19,2026-08-18,2053-02-27,26.527,4.875,86.607,5.878,5.28,59.8,-0.0
LLY,sample3_extension_2026-08-20,US532457CH90,LLY 4.95 27-FEB-63,2026-08-19,2026-08-18,2063-02-27,36.5257,4.95,84.871,5.9728,5.28,69.28,-0.0
LMT,sample1,US539830BV05,LMT 5.1 15-NOV-27,2026-08-19,2026-08-18,2027-11-15,1.2402,5.1,101.035,4.1684,4.038,13.04,6.1
LMT,sample1,US539830BR92,LMT 3.9 15-JUN-32,2026-08-19,2026-08-18,2032-06-15,5.8234,3.9,95.6823,4.7571,4.4359,32.12,-0.1
LMT,sample1,US539830BW87,LMT 5.25 15-JAN-33,2026-08-19,2026-08-18,2033-01-15,6.4093,5.25,102.407,4.7938,4.4827,31.11,1.5
LMT,sample1,US539830BC24,LOCKHEED MARTIN CORP 3.6% 01Mar2035,2026-08-19,2026-08-18,2035-03-01,8.5311,3.6,90.133,5.037,4.6219,41.51,-0.0
LMT,sample1,US539830BK40,LOCKHEED MARTIN CORP 4.5% 15May2036,2026-08-19,2026-08-18,2036-05-15,9.7385,4.5,94.727,5.196,4.6943,50.17,-0.0
LMT,sample1,US539830AR02,LOCKHEED MARTIN CORP 6.15% 01Sep2036,2026-08-19,2026-08-18,2036-09-01,10.037,6.15,107.48,5.184,4.7121,47.19,0.0
LMT,sample1,US539830AZ28,LOCKHEED MARTIN CORP 4.85% 15Sep2041,2026-08-18,2026-08-18,2041-09-15,15.0773,4.85,92.9455,5.5463,4.9994,54.69,-0.0
LMT,sample1,US539830BB41,LOCKHEED MARTIN CORP 4.07% 15Dec2042,2026-08-19,2026-08-18,2042-12-15,16.3231,4.07,82.36,5.75,5.0704,67.96,-0.0
LMT,sample1,US539830BD07,LOCKHEED MARTIN CORP 3.8% 01Mar2045,2026-08-18,2026-08-18,2045-03-01,18.5352,3.8,75.951,5.961,5.1965,76.45,-0.0
LMT,sample1,US539830BL23,LOCKHEED MARTIN CORP 4.7% 15May2046,2026-08-19,2026-08-18,2046-05-15,19.7372,4.7,86.388,5.8733,5.265,60.83,-0.0
LMT,sample1,US539830BQ10,LOCKHEED MARTIN CORP 2.8% 15Jun2050,2026-08-19,2026-08-18,2050-06-15,23.822,2.8,60.373,5.9257,5.28,64.57,-0.0
LMT,sample1,US539830BN88,LOCKHEED MARTIN CORP 4.09% 15Sep2052,2026-08-19,2026-08-18,2052-09-15,26.0753,4.09,75.659,5.9366,5.28,65.66,-0.0
LMT,sample1,US539830BS75,LMT 4.15 15-JUN-53,2026-08-14,2026-08-14,2053-06-15,26.8364,4.15,75.4999,5.9975,5.25,74.75,-0.0
LMT,sample1,US539830BX60,LMT 5.7 15-NOV-54,2026-08-19,2026-08-18,2054-11-15,28.2409,5.7,96.418,5.963,5.28,68.3,0.0
LMT,sample1,US539830BT58,LMT 4.3 15-JUN-62,2026-08-13,2026-08-13,2062-06-15,35.8385,4.3,74.832,6.02,5.21,81.0,-0.0
LMT,sample1,US539830BY44,LMT 5.9 15-NOV-63,2026-08-19,2026-08-18,2063-11-15,37.2402,5.9,99.409,5.9389,5.28,65.89,-0.0
LNT,sample3_extension_2026-08-20,US976826BP11,LNT 1.95 16-SEP-31,2026-08-19,2026-08-18,2031-09-16,5.076,1.95,86.5088,4.9934,4.3761,61.73,-0.2
LNT,sample3_extension_2026-08-20,US01882YAD85,LNT 3.6 01-MAR-32,2026-08-19,2026-08-18,2032-03-01,5.5332,3.6,92.5086,5.1747,4.4127,76.2,-0.1
LOW,sample1,US548661EG89,LOW 3.35 01-APR-27,2026-08-19,2026-08-18,2027-04-01,0.616,3.35,99.455,4.2537,3.9234,33.03,-0.3
LOW,sample1,US548661DP97,LOWES COS INC 3.1% 03May2027,2026-08-19,2026-08-18,2027-05-03,0.7036,3.1,99.22,4.2325,3.9386,29.39,-0.1
LOW,sample1,US548661AH09,LOWES COS INC 6.875% 15Feb2028,2026-08-19,2026-08-18,2028-02-15,1.4921,6.875,103.214,4.6118,4.0884,52.34,0.9
LOW,sample1,US548661DX22,LOWES COS INC 1.3% 15Apr2028,2026-08-19,2026-08-18,2028-04-15,1.6564,1.3,95.005,4.4678,4.1213,34.65,-0.7
LOW,sample1,US548661ED58,LOW 1.7 15-SEP-28,2026-08-19,2026-08-18,2028-09-15,2.0753,1.7,94.465,4.5316,4.1953,33.63,-0.8
LOW,sample1,US548661AK38,LOWES COS INC 6.5% 15Mar2029,2026-08-19,2026-08-18,2029-03-15,2.5708,6.5,104.867,4.472,4.23,24.2,0.1
LOW,sample1,US548661DR53,LOWES COS INC 3.65% 05Apr2029,2026-08-19,2026-08-18,2029-04-05,2.6283,3.65,97.513,4.666,4.234,43.2,-0.1
LOW,sample1,US548661DU82,LOWES COS INC 4.5% 15Apr2030,2026-08-19,2026-08-18,2030-04-15,3.655,4.5,99.076,4.777,4.296,48.1,-0.0
LOW,sample1,US548661DY05,LOWES COS INC 1.7% 15Oct2030,2026-08-19,2026-08-18,2030-10-15,4.1561,1.7,87.7,5.0174,4.3236,69.38,-0.3
LOW,sample1,US548661EA10,LOWES COS INC 2.625% 01Apr2031,2026-08-19,2026-08-18,2031-04-01,4.616,2.625,90.785,4.8789,4.3489,53.0,-0.1
LOW,sample1,US548661EH62,LOW 3.75 01-APR-32,2026-08-19,2026-08-18,2032-04-01,5.6181,3.75,93.747,5.0419,4.4194,62.25,-0.1
LOW,sample1,US548661EL74,LOW 5 15-APR-33,2026-08-19,2026-08-18,2033-04-15,6.6557,5.0,99.122,5.1564,4.5025,65.39,-0.0
LOW,sample1,US548661CJ47,LOWES COS INC 5.5% 15Oct2035,2026-08-19,2026-08-18,2035-10-15,9.1554,5.5,101.302,5.3174,4.6593,65.81,0.0
LOW,sample1,US548661CL92,LOWES COS INC 5.8% 15Oct2036,2026-08-19,2026-08-18,2036-10-15,10.1574,5.8,104.272,5.2508,4.719,53.18,0.0
LOW,sample1,US548661CP07,LOWES COS INC 6.65% 15Sep2037,2026-08-18,2026-08-18,2037-09-15,11.0773,6.65,108.062,5.6594,4.7714,88.8,0.0
LOW,sample1,US548661EE32,LOW 2.8 15-SEP-41,2026-08-19,2026-08-18,2041-09-15,15.0746,2.8,69.798,5.8411,4.9993,84.18,-0.1
LOW,sample1,US548661CX31,LOWES COS INC 4.65% 15Apr2042,2026-08-19,2026-08-18,2042-04-15,15.655,4.65,86.733,5.965,5.0323,93.27,-0.0
LOW,sample1,US548661DE41,LOWES COS INC 4.25% 15Sep2044,2026-08-19,2026-08-18,2044-09-15,18.0753,4.25,78.4641,6.2562,5.1703,108.59,-0.0
LOW,sample1,US548661DJ38,LOWES COS INC 4.375% 15Sep2045,2026-08-17,2026-08-17,2045-09-15,19.0801,4.375,79.266,6.2504,5.2466,100.38,-0.0
LOW,sample1,US548661DN40,LOWES COS INC 3.7% 15Apr2046,2026-08-19,2026-08-18,2046-04-15,19.655,3.7,72.225,6.155,5.2603,89.47,-0.0
LOW,sample1,US548661DQ70,LOWES COS INC 4.05% 03May2047,2026-08-18,2026-08-18,2047-05-03,20.7064,4.05,74.484,6.2661,5.28,98.61,-0.0
LOW,sample1,US548661DZ79,LOWES COS INC 3% 15Oct2050,2026-08-19,2026-08-18,2050-10-15,24.1561,3.0,60.558,6.1587,5.28,87.87,-0.0
LOW,sample1,US548661EB92,LOW 3.5 01-APR-51,2026-08-17,2026-08-17,2051-04-01,24.6215,3.5,65.813,6.2343,5.3046,92.97,-0.0
LOW,sample1,US548661EJ29,LOW 4.25 01-APR-52,2026-08-19,2026-08-18,2052-04-01,25.6181,4.25,75.171,6.1956,5.28,91.56,-0.0
LOW,sample1,US548661EM57,LOW 5.625 15-APR-53,2026-08-19,2026-08-18,2053-04-15,26.6557,5.625,92.649,6.191,5.28,91.1,-0.0
LOW,sample1,US548661EF07,LOW 4.45 01-APR-62,2026-08-19,2026-08-18,2062-04-01,35.6167,4.45,74.111,6.2768,5.28,99.68,-0.0
LOW,sample1,US548661EN31,LOW 5.8 15-SEP-62,2026-08-19,2026-08-18,2062-09-15,36.0739,5.8,92.937,6.2976,5.28,101.76,-0.0
LUV,sample3_extension_2026-08-20,US844741BC18,SOUTHWEST AIRLS CO 3% 15Nov2026,2026-08-19,2026-08-18,2026-11-15,0.2409,3.0,99.535,4.9532,3.86,109.32,-0.7
LUV,sample3_extension_2026-08-20,US844741AN81,SOUTHWEST AIRLS CO 7.375% 01Mar2027,2026-08-19,2026-08-18,2027-03-01,0.5311,7.375,101.347,4.7689,3.9087,86.02,0.3
LUV,sample3_extension_2026-08-20,US844741BE73,SOUTHWEST AIRLS CO 3.45% 16Nov2027,2026-08-19,2026-08-18,2027-11-16,1.243,3.45,98.616,4.608,4.0386,56.94,-0.4
LVS,sample2,US517834AF40,LAS VEGAS SANDS CORP 3.9% 08Aug2029,2026-08-19,2026-08-18,2029-08-08,2.9706,3.9,96.597,5.1511,4.2579,89.32,-0.2
LYB,sample3_extension_2026-08-20,US50247WAB37,LYB INTL FIN II B V 3.5% 02Mar2027,2026-08-19,2026-08-18,2027-03-02,0.5339,3.5,99.391,4.667,3.9092,75.78,-0.1
LYB,sample3_extension_2026-08-20,US50249AAG85,LYB 2.25 01-OCT-30,2026-08-19,2026-08-18,2030-10-01,4.1177,2.25,89.444,5.1281,4.3215,80.66,-0.3
LYB,sample3_extension_2026-08-20,US50247VAB53,LYB INTL FIN B V 5.25% 15Jul2043,2026-08-19,2026-08-18,2043-07-15,16.9035,5.25,86.517,6.5833,5.1035,147.98,-0.0
LYB,sample3_extension_2026-08-20,US50247VAC37,LYB INTL FIN B V 4.875% 15Mar2044,2026-08-19,2026-08-18,2044-03-15,17.5715,4.875,82.502,6.5678,5.1416,142.62,-0.0
LYB,sample3_extension_2026-08-20,US50249AAK97,LYB 3.8 01-OCT-60,2026-08-19,2026-08-18,2060-10-01,34.1191,3.8,61.7326,6.6506,5.28,137.06,-0.0
LYV,sample3_extension_2026-08-20,US538034AR08,Live Nation Entertainment 4.75% 15oct2027 USD,2026-08-18,2026-08-18,2027-10-15,1.1581,4.75,99.452,5.239,4.0216,121.74,-0.1
MA,sample1,US57636QAG91,MASTERCARD INC 2.95% 21Nov2026,2026-08-19,2026-08-18,2026-11-21,0.2574,2.95,99.805,3.7017,3.8613,1.0,0.3
MA,sample1,US57636QAR56,MASTERCARD INC 3.3% 26Mar2027,2026-08-19,2026-08-18,2027-03-26,0.5996,3.3,99.52,4.1135,3.9206,19.29,0.1
MA,sample1,US57636QAJ31,MASTERCARD INC 3.5% 26Feb2028,2026-08-19,2026-08-18,2028-02-26,1.5222,3.5,98.7612,4.3525,4.0944,25.81,-0.3
MA,sample1,US57636QAW42,MA 4.875 09-MAR-28,2026-08-18,2026-08-18,2028-03-09,1.5578,4.875,100.89,4.2456,4.1016,14.4,3.1
MA,sample1,US57636QAM69,MASTERCARD INC 2.95% 01Jun2029,2026-08-19,2026-08-18,2029-06-01,2.7844,2.95,96.0842,4.4615,4.2449,21.66,-0.2
MA,sample1,US57636QAP90,MASTERCARD INC 3.35% 26Mar2030,2026-08-19,2026-08-18,2030-03-26,3.6003,3.35,95.714,4.6559,4.293,36.29,-0.0
MA,sample1,US57636QAS30,MA 1.9 15-MAR-31,2026-08-19,2026-08-18,2031-03-15,4.5695,1.9,88.59,4.7038,4.3463,35.75,-0.0
MA,sample1,US57636QAU85,MA 2 18-NOV-31,2026-08-19,2026-08-18,2031-11-18,5.2485,2.0,87.786,4.6507,4.3899,26.08,-0.2
MA,sample1,US57636QAX25,MA 4.85 09-MAR-33,2026-08-19,2026-08-18,2033-03-09,6.5544,4.85,99.554,4.93,4.4944,43.56,-0.0
MA,sample1,US57636QAH74,MASTERCARD INC 3.8% 21Nov2046,2026-08-11,2026-08-11,2046-11-21,20.2793,3.8,76.593,5.7733,5.2497,52.36,-0.0
MA,sample1,US57636QAK04,MASTERCARD INC 3.95% 26Feb2048,2026-08-19,2026-08-18,2048-02-26,21.5222,3.95,76.599,5.881,5.28,60.1,-0.0
MA,sample1,US57636QAL86,MASTERCARD INC 3.65% 01Jun2049,2026-08-19,2026-08-18,2049-06-01,22.7844,3.65,72.108,5.889,5.28,60.9,-0.0
MA,sample1,US57636QAQ73,MASTERCARD INC 3.85% 26Mar2050,2026-08-19,2026-08-18,2050-03-26,23.6003,3.85,74.773,5.831,5.28,55.1,-0.0
MA,sample1,US57636QAT13,MA 2.95 15-MAR-51,2026-08-18,2026-08-18,2051-03-15,24.5722,2.95,61.2501,5.9788,5.28,69.88,-0.0
MAA,sample3_extension_2026-08-20,US59523UAT43,MAA 1.1 15-SEP-26,2026-08-18,2026-08-18,2026-09-15,0.0767,1.1,99.761,4.399,3.86,53.9,-15.3
MAA,sample3_extension_2026-08-20,US59523UAU16,MAA 2.875 15-SEP-51,2026-08-17,2026-08-17,2051-09-15,25.0787,2.875,59.46,6.0313,5.3051,72.62,-0.0
MAR,sample1,US571903BJ14,MAR 5 15-OCT-27,2026-08-19,2026-08-18,2027-10-15,1.1554,5.0,100.569,4.4472,4.0211,42.61,3.7
MAR,sample1,US571903BE27,MARRIOTT INTL INC NEW 4.625% 15Jun2030,2026-08-19,2026-08-18,2030-06-15,3.822,4.625,99.176,4.8621,4.3052,55.69,-0.0
MAR,sample1,US571903BG74,MARRIOTT INTL INC NEW 2.85% 15Apr2031,2026-08-19,2026-08-18,2031-04-15,4.6543,2.85,91.336,4.9571,4.351,60.61,-0.1
MAR,sample1,US571903BF91,MARRIOTT INTL INC NEW 3.5% 15Oct2032,2026-08-19,2026-08-18,2032-10-15,6.1574,3.5,91.321,5.1636,4.4626,70.1,-0.1
MAR,sample1,US571903BH57,MAR 2.75 15-OCT-33,2026-08-19,2026-08-18,2033-10-15,7.1567,2.75,85.8802,5.1328,4.5394,59.34,-0.1
MAS,sample2,US574599BN52,MASCO CORP 3.5% 15Nov2027,2026-08-18,2026-08-18,2027-11-15,1.243,3.5,98.673,4.6101,4.0386,57.15,-0.4
MAS,sample2,US574599BS40,MAS 1.5 15-FEB-28,2026-08-19,2026-08-18,2028-02-15,1.4921,1.5,95.664,4.5503,4.0884,46.19,-1.2
MAS,sample2,US574599AT32,MASCO CORP 7.75% 01Aug2029,2026-08-19,2026-08-18,2029-08-01,2.9514,7.75,108.265,4.712,4.2566,45.54,0.4
MAS,sample2,US574599BQ83,MAS 2 15-FEB-31,2026-08-19,2026-08-18,2031-02-15,4.4928,2.0,87.785,5.079,4.3421,73.69,-0.4
MAS,sample2,US574599AY27,MASCO CORP 6.5% 15Aug2032,2026-08-19,2026-08-18,2032-08-15,5.9904,6.5,106.666,5.19,4.4492,74.08,0.1
MAS,sample2,US574599BM79,MASCO CORP 4.5% 15May2047,2026-08-17,2026-08-17,2047-05-15,20.742,4.5,79.8,6.2504,5.3007,94.97,-0.0
MAS,sample2,US574599BR66,MAS 3.125 15-FEB-51,2026-08-17,2026-08-17,2051-02-15,24.4983,3.125,61.755,6.1738,5.3045,86.93,-0.0
MCD,sample3_extension_2026-08-20,US58013MFB54,MCDONALDS CORP MEDIUM TERM NTS BOOK ENTR 3.5% 01Mar2027,2026-08-19,2026-08-18,2027-03-01,0.5311,3.5,99.581,4.3052,3.9087,39.65,-0.1
MCD,sample1,US580135BY65,MCDONALDS CORP 6.375% 08Jan2028,2026-08-14,2026-08-14,2028-01-08,1.4018,6.375,103.154,4.018,4.0563,1.0,1.6
MCD,sample3_extension_2026-08-20,US58013MFF68,MCDONALDS CORP MEDIUM TERM NTS BOOK ENTR 3.8% 01Apr2028,2026-08-19,2026-08-18,2028-04-01,1.6181,3.8,99.03,4.427,4.1136,31.34,-0.2
MCD,sample1,US58013MFS89,MCD 4.6 09-SEP-32,2026-08-19,2026-08-18,2032-09-09,6.0589,4.6,98.937,4.804,4.4547,34.93,-0.0
MCD,sample3_extension_2026-08-20,US58013MEZ32,MCDONALDS CORP MEDIUM TERM NTS BOOK ENTR 4.7% 09Dec2035,2026-08-19,2026-08-18,2035-12-09,9.306,4.7,96.064,5.239,4.6684,57.06,-0.0
MCD,sample3_extension_2026-08-20,US58013MEC47,MCDONALDS CORP MEDIUM TERM NTS BOOK ENTR 6.3% 15Oct2037,2026-08-19,2026-08-18,2037-10-15,11.1567,6.3,106.943,5.4595,4.7759,68.36,0.0
MCD,sample3_extension_2026-08-20,US58013MEF77,MCDONALDS CORP MEDIUM TERM NTS BOOK ENTR 6.3% 01Mar2038,2026-08-19,2026-08-18,2038-03-01,11.5318,6.3,106.827,5.4926,4.7973,69.53,0.0
MCD,sample3_extension_2026-08-20,US58013MEH34,MCDONALDS CORP MEDIUM TERM NTS BOOK ENTR 5.7% 01Feb2039,2026-08-19,2026-08-18,2039-02-01,12.4545,5.7,100.9,5.5982,4.8499,74.83,0.0
MCD,sample3_extension_2026-08-20,US58013MEK62,MCDONALDS CORP MEDIUM TERM NTS BOOK ENTR 4.875% 15Jul2040,2026-08-19,2026-08-18,2040-07-15,13.9055,4.875,92.3361,5.6791,4.9326,74.65,-0.0
MCD,sample3_extension_2026-08-20,US58013MEN02,MCDONALDS CORP MEDIUM TERM NTS BOOK ENTR 3.7% 15Feb2042,2026-08-19,2026-08-18,2042-02-15,15.4935,3.7,78.6085,5.8139,5.0231,79.08,-0.1
MCD,sample3_extension_2026-08-20,US58013MER16,MCDONALDS CORP MEDIUM TERM NTS BOOK ENTR 3.625% 01May2043,2026-08-19,2026-08-18,2043-05-01,16.6982,3.625,75.987,5.9058,5.0918,81.4,-0.0
MCD,sample3_extension_2026-08-20,US58013MEV28,MCDONALDS CORP MEDIUM TERM NTS BOOK ENTR 4.6% 26May2045,2026-08-19,2026-08-18,2045-05-26,18.768,4.6,84.456,5.9896,5.2098,77.98,-0.0
MCD,sample3_extension_2026-08-20,US58013MFA71,MCDONALDS CORP MEDIUM TERM NTS BOOK ENTR 4.875% 09Dec2045,2026-08-19,2026-08-18,2045-12-09,19.3073,4.875,86.984,6.024,5.2405,78.35,-0.0
MCD,sample3_extension_2026-08-20,US58013MFC38,MCDONALDS CORP MEDIUM TERM NTS BOOK ENTR 4.45% 01Mar2047,2026-08-19,2026-08-18,2047-03-01,20.5311,4.45,81.28,6.055,5.28,77.5,-0.0
MCD,sample3_extension_2026-08-20,US58013MFH25,MCDONALDS CORP MEDIUM TERM NTS BOOK ENTR 4.45% 01Sep2048,2026-08-19,2026-08-18,2048-09-01,22.037,4.45,80.07,6.108,5.28,82.8,-0.1
MCD,sample1,US58013MFT62,MCD 5.15 09-SEP-52,2026-08-19,2026-08-18,2052-09-09,26.0589,5.15,87.842,6.086,5.28,80.6,-0.0
MCK,sample1,US581557BJ38,MCKESSON CORP NEW 3.95% 16Feb2028,2026-08-19,2026-08-18,2028-02-16,1.4949,3.95,99.2635,4.4665,4.089,37.75,-0.2
MCK,sample1,US581557BN40,MCKESSON CORP NEW 4.75% 30May2029,2026-08-19,2026-08-18,2029-05-30,2.7789,4.75,100.151,4.6855,4.2445,44.1,0.3
MCO,sample3_extension_2026-08-20,US615369AM79,MOODYS CORP 3.25% 15Jan2028,2026-08-19,2026-08-18,2028-01-15,1.4073,3.25,98.435,4.4107,4.0715,33.92,-0.4
MCO,sample3_extension_2026-08-20,US615369AW51,MCO 2 19-AUG-31,2026-08-19,2026-08-18,2031-08-19,4.9993,2.0,87.6281,4.8151,4.37,44.51,-0.1
MCO,sample3_extension_2026-08-20,US615369AZ82,MCO 4.25 08-AUG-32,2026-08-19,2026-08-18,2032-08-08,5.9713,4.25,96.459,4.9422,4.4477,49.45,-0.0
MCO,sample3_extension_2026-08-20,US615369AV78,MCO 2.75 19-AUG-41,2026-08-18,2026-08-18,2041-08-19,15.0034,2.75,68.242,5.988,4.9952,99.28,-0.1
MCO,sample3_extension_2026-08-20,US615369AE53,MOODYS CORP 5.25% 15Jul2044,2026-08-19,2026-08-18,2044-07-15,17.9055,5.25,91.483,6.034,5.1606,87.34,-0.0
MCO,sample3_extension_2026-08-20,US615369AQ83,MOODYS CORP 4.875% 17Dec2048,2026-08-19,2026-08-18,2048-12-17,22.3299,4.875,84.665,6.146,5.28,86.6,-0.0
MCO,sample3_extension_2026-08-20,US615369AY18,MCO 3.75 25-FEB-52,2026-08-13,2026-08-13,2052-02-25,25.5359,3.75,69.6583,6.1124,5.2055,90.69,-0.0
MCO,sample3_extension_2026-08-20,US615369AX35,MCO 3.1 29-NOV-61,2026-08-17,2026-08-17,2061-11-29,35.2854,3.1,55.739,6.2061,5.31,89.61,-0.0
MDLZ,sample1,US60920LAR50,MDLZ 1.25 24-SEP-26,2026-08-19,2026-08-18,2026-09-24,0.0986,1.25,99.714,4.2688,3.86,40.88,-9.1
MDLZ,sample1,US609207BA22,MDLZ 2.625 17-MAR-27,2026-08-19,2026-08-18,2027-03-17,0.5749,2.625,99.093,4.2352,3.9163,31.89,0.0
MDLZ,sample1,US609207AM78,MONDELEZ INTL INC 4.125% 07May2028,2026-08-19,2026-08-18,2028-05-07,1.7166,4.125,99.2878,4.5582,4.1333,42.49,-0.1
MDLZ,sample1,US609207AT22,MONDELEZ INTL INC 2.75% 13Apr2030,2026-08-19,2026-08-18,2030-04-13,3.6496,2.75,93.186,4.8082,4.2957,51.25,-0.1
MDLZ,sample1,US609207BB05,MDLZ 3 17-MAR-32,2026-08-19,2026-08-18,2032-03-17,5.577,3.0,90.398,4.994,4.4162,57.78,-0.1
MDLZ,sample1,US609207AW50,MONDELEZ INTL INC 2.625% 04Sep2050,2026-08-14,2026-08-14,2050-09-04,24.0575,2.625,57.305,6.002,5.25,75.2,-0.1
MDT,sample1,US585055BT26,MEDTRONIC INC 4.375% 15Mar2035,2026-08-19,2026-08-18,2035-03-15,8.5695,4.375,94.574,5.1662,4.6242,54.2,-0.0
MDT,sample1,US585055BU98,MEDTRONIC INC 4.625% 15Mar2045,2026-08-18,2026-08-18,2045-03-15,18.5736,4.625,85.895,5.8832,5.1987,68.45,-0.0
MET,sample2,US58989V2D54,MET 1.25 14-SEP-26,2026-08-17,2026-08-17,2026-09-14,0.0767,1.25,99.8,4.0058,3.87,13.58,-12.8
MET,sample2,US59217GER65,MET 1.875 11-JAN-27,2026-08-17,2026-08-17,2027-01-11,0.4025,1.875,99.114,4.1342,3.8964,23.78,-2.1
MET,sample2,US59217GFB05,MET 4.4 30-JUN-27,2026-08-17,2026-08-17,2027-06-30,0.8679,4.4,100.121,4.251,3.9771,27.39,0.0
MET,sample2,US592179KF10,MET 5.05 06-JAN-28,2026-08-13,2026-08-13,2028-01-06,1.399,5.05,100.798,4.45,4.0418,40.82,0.2
MET,sample2,US59217GEZ81,MET 3.3 21-MAR-29,2026-08-18,2026-08-18,2029-03-21,2.59,3.3,96.437,4.7783,4.2313,54.7,-0.1
MET,sample2,US59217GFD60,MET 4.3 25-AUG-29,2026-08-19,2026-08-18,2029-08-25,3.0171,4.3,98.801,4.7313,4.2609,47.04,-0.0
MET,sample2,US59156RBZ01,METLIFE INC 4.55% 23Mar2030,2026-08-19,2026-08-18,2030-03-23,3.5921,4.55,99.538,4.6901,4.2926,39.75,-0.0
MET,sample2,US59217GGU76,MET 1.55 07-JAN-31,2026-07-31,2026-07-31,2031-01-07,4.4381,1.55,86.606,4.958,4.4191,53.89,-1.0
MET,sample2,US59217GET22,MET 2.4 11-JAN-32,2026-08-18,2026-08-18,2032-01-11,5.399,2.4,87.715,5.0279,4.4019,62.6,-0.2
MET,sample2,US59156RAJ77,METLIFE INC 6.375% 15Jun2034,2026-08-19,2026-08-18,2034-06-15,7.822,6.375,106.8334,5.2949,4.5793,71.56,0.0
MET,sample2,US59156RAM07,METLIFE INC 5.7% 15Jun2035,2026-08-19,2026-08-18,2035-06-15,8.8214,5.7,102.9,5.2832,4.6393,64.39,0.0
MET,sample2,US59156RAY45,METLIFE INC 5.875% 06Feb2041,2026-08-19,2026-08-18,2041-02-06,14.4695,5.875,100.916,5.7804,4.9648,81.56,0.0
MET,sample2,US59156RBD98,METLIFE INC 4.125% 13Aug2042,2026-08-19,2026-08-18,2042-08-13,15.9836,4.125,81.748,5.9051,5.0511,85.4,-0.0
MET,sample2,US59156RBG20,METLIFE INC 4.875% 13Nov2043,2026-08-19,2026-08-18,2043-11-13,17.2348,4.875,89.064,5.8933,5.1224,77.09,-0.0
MET,sample2,US59156RBN70,METLIFE INC 4.05% 01Mar2045,2026-08-19,2026-08-18,2045-03-01,18.5325,4.05,78.979,5.9354,5.1964,73.9,-0.0
MET,sample2,US59156RBR84,METLIFE INC 4.6% 13May2046,2026-08-19,2026-08-18,2046-05-13,19.7317,4.6,84.3203,5.9614,5.2647,69.67,-0.0
MET,sample2,US59156RCC07,MET 5 15-JUL-52,2026-08-19,2026-08-18,2052-07-15,25.9055,5.0,86.252,6.058,5.28,77.8,-0.0
MET,sample2,US59156RCD89,MET 5.25 15-JAN-54,2026-08-19,2026-08-18,2054-01-15,27.4086,5.25,89.623,6.028,5.28,74.8,-0.0
META,sample1,US30303M8G02,"Meta Platforms, 3.5% 15aug2027, USD",2026-08-19,2026-08-18,2027-08-15,0.9884,3.5,99.28,4.2528,3.988,26.48,-0.2
META,sample1,US30303M8H84,META 3.85 15-AUG-32,2026-08-19,2026-08-18,2032-08-15,5.9904,3.85,93.106,5.2051,4.4492,75.59,-0.1
META,sample1,US30303M8J41,META 4.45 15-AUG-52,2026-08-19,2026-08-18,2052-08-15,25.9904,4.45,72.176,6.7311,5.28,145.11,-0.0
META,sample1,US30303M8K14,META 4.65 15-AUG-62,2026-08-19,2026-08-18,2062-08-15,35.989,4.65,70.055,6.9176,5.28,163.76,-0.0
MGM,sample3_extension_2026-08-20,US552953CD18,MGM Resorts International 4.625% 1sep2026 USD,2026-08-19,2026-08-18,2026-09-01,0.0356,4.625,99.9975,4.6069,3.86,74.69,3.9
MGM,sample3_extension_2026-08-20,US55303XAB10,MGM Growth Properties Operating Partnership 4.5% 1sep2026 USD,2026-08-19,2026-08-18,2026-09-01,0.0356,4.5,100.0,4.4069,3.86,54.69,4.6
MGM,sample3_extension_2026-08-20,US552953CF65,MGM RESORTS INTL 5.5% 15Apr2027,2026-08-19,2026-08-18,2027-04-15,0.6543,5.5,100.181,5.0432,3.9301,111.31,16.0
MGM,sample3_extension_2026-08-20,US552953CH22,MGM RESORTS INTL 4.75% 15Oct2028,2026-08-19,2026-08-18,2028-10-15,2.1574,4.75,99.359,5.0649,4.201,86.39,-0.1
MKC,sample2,US579780AN77,MCCORMICK & CO INC 3.4% 15Aug2027,2026-08-19,2026-08-18,2027-08-15,0.9884,3.4,99.01,4.4366,3.988,44.86,-0.2
MKC,sample2,US579780AS64,MKC 1.85 15-FEB-31,2026-08-19,2026-08-18,2031-02-15,4.4928,1.85,87.6774,4.9465,4.3421,60.44,-0.4
MLM,sample3_extension_2026-08-20,US573284AQ94,MARTIN MARIETTA MATLS INC 3.45% 01Jun2027,2026-08-19,2026-08-18,2027-06-01,0.783,3.45,99.01,4.7504,3.9524,79.8,-0.4
MLM,sample3_extension_2026-08-20,US573284AT34,MARTIN MARIETTA MATLS INC 3.5% 15Dec2027,2026-08-19,2026-08-18,2027-12-15,1.3224,3.5,98.596,4.6053,4.0545,55.08,-0.2
MLM,sample3_extension_2026-08-20,US573284AJ51,MARTIN MARIETTA MATLS INC 6.25% 01May2037,2026-08-18,2026-08-18,2037-05-01,10.7023,6.25,106.33,5.4598,4.75,70.98,0.0
MLM,sample3_extension_2026-08-20,US573284AU07,MARTIN MARIETTA MATLS INC 4.25% 15Dec2047,2026-08-18,2026-08-18,2047-12-15,21.3251,4.25,76.409,6.2706,5.28,99.06,-0.0
MMM,sample1,US88579YAV39,3M CO 2.25% 19Sep2026,2026-08-19,2026-08-18,2026-09-19,0.0849,2.25,99.821,4.4381,3.86,57.81,-7.3
MMM,sample1,US88579YAY77,3M CO 2.875% 15Oct2027,2026-08-19,2026-08-18,2027-10-15,1.1554,2.875,98.29,4.4097,4.0211,38.86,-0.3
MMM,sample1,US88579YBC49,3M CO 3.625% 14Sep2028,2026-08-19,2026-08-18,2028-09-14,2.0726,3.625,98.144,4.5752,4.1951,38.01,-0.3
MMM,sample1,US88579YBG52,3M CO 3.375% 01Mar2029,2026-08-19,2026-08-18,2029-03-01,2.5325,3.375,97.174,4.5698,4.2273,34.25,-0.1
MMM,sample1,US88579YBJ91,3M CO 2.375% 26Aug2029,2026-08-19,2026-08-18,2029-08-26,3.0198,2.375,93.967,4.5373,4.2611,27.62,-0.2
MMM,sample1,US88579YAW12,3M CO 3.125% 19Sep2046,2026-08-18,2026-08-18,2046-09-19,20.0876,3.125,64.915,6.2042,5.28,92.42,-0.0
MMM,sample1,US88579YAZ43,3M CO 3.625% 15Oct2047,2026-08-18,2026-08-18,2047-10-15,21.1581,3.625,70.2543,6.1588,5.28,87.88,-0.0
MMM,sample1,US88579YBD22,3M CO 4% 14Sep2048,2026-08-19,2026-08-18,2048-09-14,22.0726,4.0,74.8901,6.082,5.28,80.2,-0.0
MMM,sample1,US88579YBK64,3M CO 3.25% 26Aug2049,2026-08-19,2026-08-18,2049-08-26,23.0198,3.25,65.923,5.9998,5.28,71.98,-0.0
MO,sample3_extension_2026-08-20,US02209SAU78,ALTRIA GROUP INC 2.625% 16Sep2026,2026-08-19,2026-08-18,2026-09-16,0.0767,2.625,99.845,4.7254,3.86,86.54,-7.7
MO,sample3_extension_2026-08-20,US718154CF28,PHILIP MORRIS COS INC 7.75% 15Jan2027,2026-08-18,2026-08-18,2027-01-15,0.4107,7.75,101.466,4.0463,3.8879,15.84,5.3
MO,sample3_extension_2026-08-20,US02209SAE37,Altria Group 9.95% 10nov2038,2026-08-19,2026-08-18,2038-11-10,12.2272,9.95,130.621,6.3149,4.837,147.79,0.1
MO,sample3_extension_2026-08-20,US02209SAM52,ALTRIA GROUP INC 4.25% 09Aug2042,2026-08-19,2026-08-18,2042-08-09,15.9726,4.25,80.13,6.2321,5.0504,118.17,-0.0
MO,sample3_extension_2026-08-20,US02209SAQ66,ALTRIA GROUP INC 4.5% 02May2043,2026-08-18,2026-08-18,2043-05-02,16.7036,4.5,80.317,6.44,5.0921,134.79,-0.0
MO,sample3_extension_2026-08-20,US02209SAR40,ALTRIA GROUP INC 5.375% 31Jan2044,2026-08-19,2026-08-18,2044-01-31,17.4511,5.375,90.081,6.3213,5.1347,118.66,-0.0
MO,sample3_extension_2026-08-20,US02209SAV51,ALTRIA GROUP INC 3.875% 16Sep2046,2026-08-19,2026-08-18,2046-09-16,20.0767,3.875,70.884,6.49,5.28,121.0,-0.0
MO,sample3_extension_2026-08-20,US02209SBF92,ALTRIA GROUP INC 5.95% 14Feb2049,2026-08-19,2026-08-18,2049-02-14,22.4914,5.95,94.878,6.382,5.28,110.2,-0.0
MOS,sample3_extension_2026-08-20,US61945CAG87,MOSAIC CO NEW 4.05% 15Nov2027,2026-08-19,2026-08-18,2027-11-15,1.2402,4.05,99.545,4.4277,4.038,38.97,-0.1
MOS,sample3_extension_2026-08-20,US449669AK64,IMC GLOBAL INC 7.3% 15Jan2028,2026-08-19,2026-08-18,2028-01-15,1.4073,7.3,102.705,5.2687,4.0715,119.72,0.6
MOS,sample3_extension_2026-08-20,US61945CAD56,MOSAIC CO NEW 5.45% 15Nov2033,2026-08-19,2026-08-18,2033-11-15,7.2416,5.45,99.33,5.5622,4.5445,101.77,-0.0
MOS,sample3_extension_2026-08-20,US61945CAB90,MOSAIC CO NEW 4.875% 15Nov2041,2026-08-18,2026-08-18,2041-11-15,15.2444,4.875,86.386,6.2745,5.0089,126.56,-0.0
MOS,sample3_extension_2026-08-20,US61945CAE30,MOSAIC CO NEW 5.625% 15Nov2043,2026-08-19,2026-08-18,2043-11-15,17.2402,5.625,91.706,6.4268,5.1227,130.41,-0.0
MPC,sample3_extension_2026-08-20,US56585AAF93,MARATHON PETE CORP 6.5% 01Mar2041,2026-08-19,2026-08-18,2041-03-01,14.5325,6.5,105.271,5.9407,4.9684,97.23,1.2
MPC,sample3_extension_2026-08-20,US56585AAH59,MARATHON PETE CORP 4.75% 15Sep2044,2026-08-19,2026-08-18,2044-09-15,18.0753,4.75,85.338,6.0999,5.1703,92.96,-0.0
MPC,sample3_extension_2026-08-20,US56585AAM45,MARATHON PETE CORP 5.85% 15Dec2045,2026-08-19,2026-08-18,2045-12-15,19.3238,5.85,96.916,6.1235,5.2415,88.2,-0.0
MPC,sample3_extension_2026-08-20,US56585AAJ16,MARATHON PETE CORP 5% 15Sep2054,2026-08-19,2026-08-18,2054-09-15,28.0739,5.0,83.561,6.249,5.28,96.9,-0.0
MRK,sample1,US58933YBC84,MRK 1.7 10-JUN-27,2026-08-19,2026-08-18,2027-06-10,0.8077,1.7,97.993,4.2581,3.9567,30.14,-0.7
MRK,sample1,US589331AD98,MERCK & CO INC 6.4% 01Mar2028,2026-08-18,2026-08-18,2028-03-01,1.5359,6.4,103.009,4.3487,4.0972,25.15,0.3
MRK,sample1,US589331AE71,MERCK & CO INC 5.95% 01Dec2028,2026-08-19,2026-08-18,2028-12-01,2.2861,5.95,103.401,4.3634,4.21,15.34,0.4
MRK,sample1,US58933YBD67,MRK 1.9 10-DEC-28,2026-08-19,2026-08-18,2028-12-10,2.3107,1.9,94.571,4.4009,4.2118,18.91,-0.6
MRK,sample1,US58933YAX31,MERCK & CO INC NEW 3.4% 07Mar2029,2026-08-19,2026-08-18,2029-03-07,2.5489,3.4,97.562,4.423,4.2284,19.46,-0.2
MRK,sample1,US58933YAZ88,MERCK & CO INC NEW 1.45% 24Jun2030,2026-08-19,2026-08-18,2030-06-24,3.8467,1.45,88.816,4.6607,4.3066,35.41,-0.2
MRK,sample1,US58933YBE41,MRK 2.15 10-DEC-31,2026-08-19,2026-08-18,2031-12-10,5.3087,2.15,87.692,4.805,4.3947,41.03,-0.1
MRK,sample1,US58933YAV74,MERCK & CO INC NEW 3.9% 07Mar2039,2026-08-19,2026-08-18,2039-03-07,12.5476,3.9,85.885,5.4692,4.8552,61.4,-0.0
MRK,sample1,US589331AS67,MERCK & CO INC 3.6% 15Sep2042,2026-08-14,2026-08-14,2042-09-15,16.0876,3.6,76.8468,5.8395,5.027,81.25,-0.1
MRK,sample1,US58933YAJ47,MERCK & CO INC NEW 4.15% 18May2043,2026-08-19,2026-08-18,2043-05-18,16.7447,4.15,82.381,5.809,5.0944,71.46,0.0
MRK,sample1,US58933YAT29,MERCK & CO INC NEW 3.7% 10Feb2045,2026-08-19,2026-08-18,2045-02-10,18.4805,3.7,75.5523,5.8888,5.1934,69.54,-0.1
MRK,sample1,US58933YAW57,MERCK & CO INC NEW 4% 07Mar2049,2026-08-19,2026-08-18,2049-03-07,22.5489,4.0,75.88,5.958,5.28,67.8,-0.0
MRK,sample1,US58933YBB02,MERCK & CO INC NEW 2.45% 24Jun2050,2026-08-18,2026-08-18,2050-06-24,23.8494,2.45,55.111,6.0197,5.28,73.97,-0.0
MRK,sample1,US58933YBF16,MRK 2.75 10-DEC-51,2026-08-19,2026-08-18,2051-12-10,25.3087,2.75,58.664,5.922,5.28,64.2,-0.0
MRK,sample1,US58933YBG98,MRK 2.9 10-DEC-61,2026-08-18,2026-08-18,2061-12-10,35.3128,2.9,53.709,6.1126,5.28,83.26,-0.0
MRSH,sample2,US571748BG65,MARSH & MCLENNAN COS INC 4.375% 15Mar2029,2026-08-19,2026-08-18,2029-03-15,2.5708,4.375,99.322,4.6568,4.23,42.68,-0.0
MRSH,sample2,US571748BN17,MARSH & MCLENNAN COS INC 2.25% 15Nov2030,2026-08-19,2026-08-18,2030-11-15,4.2409,2.25,90.165,4.8451,4.3283,51.68,-0.3
MRSH,sample2,US571748AK86,MARSH & MCLENNAN COS INC 5.875% 01Aug2033,2026-08-19,2026-08-18,2033-08-01,6.9514,5.875,103.682,5.2353,4.5261,70.92,0.0
MRSH,sample2,US571748BH49,MARSH & MCLENNAN COS INC 4.75% 15Mar2039,2026-08-19,2026-08-18,2039-03-15,12.5695,4.75,91.736,5.6782,4.8565,82.17,0.0
MRSH,sample2,US571748BC51,MARSH & MCLENNAN COS INC 4.35% 30Jan2047,2026-08-19,2026-08-18,2047-01-30,20.449,4.35,80.585,6.0122,5.28,73.22,-0.0
MRSH,sample2,US571748BD35,MARSH & MCLENNAN COS INC 4.2% 01Mar2048,2026-08-18,2026-08-18,2048-03-01,21.5359,4.2,76.819,6.1576,5.28,87.76,-0.0
MRSH,sample2,US571748BJ05,MARSH & MCLENNAN COS INC 4.9% 15Mar2049,2026-08-19,2026-08-18,2049-03-15,22.5708,4.9,85.733,6.0688,5.28,78.88,-0.0
MRVL,sample3_extension_2026-08-20,US573874AF10,MRVL 2.45 15-APR-28,2026-08-18,2026-08-18,2028-04-15,1.6591,2.45,96.6287,4.586,4.1218,46.42,-0.5
MRVL,sample3_extension_2026-08-20,US57385LAB45,MARVELL TECHNOLOGY GROUP LTD 4.875% 22Jun2028,2026-08-19,2026-08-18,2028-06-22,1.8426,4.875,99.248,5.3056,4.1585,114.71,-0.1
MRVL,sample3_extension_2026-08-20,US573874AN44,MRVL 4.875 22-JUN-28,2026-08-19,2026-08-18,2028-06-22,1.8426,4.875,100.375,4.6277,4.1585,46.92,2.9
MRVL,sample3_extension_2026-08-20,US573874AJ32,MRVL 2.95 15-APR-31,2026-08-19,2026-08-18,2031-04-15,4.6543,2.95,91.186,5.101,4.351,75.0,-0.1
MS,sample1,US61761J3R84,MORGAN STANLEY 3.125% 27Jul2026,2026-07-23,2026-07-23,2026-07-27,0.011,3.125,99.99,4.25,3.95,30.0,-23.3
MS,sample1,US6174467Y92,MORGAN STANLEY 4.35% 08Sep2026,2026-08-19,2026-08-18,2026-09-08,0.0548,4.35,100.114,2.0289,3.86,1.0,20.5
MS,sample1,US61746BEF94,MORGAN STANLEY 3.625% 20Jan2027,2026-08-19,2026-08-18,2027-01-20,0.4216,3.625,99.829,4.0301,3.8897,14.04,0.2
MS,sample1,US61761JZN26,MORGAN STANLEY 3.95% 23Apr2027,2026-08-19,2026-08-18,2027-04-23,0.6762,3.95,99.862,4.1524,3.9339,21.85,-0.0
MS,sample1,US617446HD43,MORGAN STANLEY 7.25% 01Apr2032,2026-08-19,2026-08-18,2032-04-01,5.6181,7.25,111.347,4.9112,4.4194,49.18,0.1
MS,sample1,US61746BEG77,MORGAN STANLEY 4.375% 22Jan2047,2026-08-19,2026-08-18,2047-01-22,20.4271,4.375,80.586,6.0421,5.28,76.21,-0.0
MSCI,sample2,US55354GAH39,MSCI INC 4% 15Nov2029,2026-08-19,2026-08-18,2029-11-15,3.2416,4.0,96.6972,5.1183,4.2733,84.5,-0.2
MSCI,sample2,US55354GAK67,MSCI INC 3.625% 01Sep2030,2026-08-17,2026-08-17,2030-09-01,4.0411,3.625,94.077,5.2729,4.3177,95.52,-0.2
MSCI,sample2,US55354GAL41,MSCI INC 3.875% 15Feb2031,2026-08-19,2026-08-18,2031-02-15,4.4928,3.875,94.066,5.3811,4.3421,103.9,-0.2
MSFT,sample3_extension_2026-08-20,US00507VAK52,ACTIVISION BLIZZARD INC 3.4% 15Sep2026,2026-08-13,2026-08-13,2026-09-15,0.0903,3.4,99.9,4.5024,3.87,63.24,-1.2
MSFT,sample3_extension_2026-08-20,US00507VAM19,ACTIVISION BLIZZARD INC 3.4% 15Jun2027,2026-08-18,2026-08-18,2027-06-15,0.8241,3.4,98.27,5.5751,3.9595,161.56,-0.5
MSFT,sample1,US594918BC73,MICROSOFT CORP 3.5% 12Feb2035,2026-08-19,2026-08-18,2035-02-12,8.4846,3.5,90.751,4.8431,4.6191,22.4,-0.1
MSFT,sample1,US594918BK99,MICROSOFT CORP 4.2% 03Nov2035,2026-08-19,2026-08-18,2035-11-03,9.2074,4.2,95.029,4.876,4.6624,21.36,-0.0
MSFT,sample1,US594918BS26,MICROSOFT CORP 3.45% 08Aug2036,2026-08-19,2026-08-18,2036-08-08,9.9713,3.45,87.767,5.0252,4.7083,31.69,-0.1
MSFT,sample1,US594918BZ68,MICROSOFT CORP 4.1% 06Feb2037,2026-08-19,2026-08-18,2037-02-06,10.4695,4.1,92.612,5.0161,4.7368,27.93,-0.1
MSFT,sample1,US594918AD65,MICROSOFT CORP 5.2% 01Jun2039,2026-08-19,2026-08-18,2039-06-01,12.783,5.2,100.265,5.1705,4.8686,30.19,0.0
MSFT,sample1,US594918AJ36,MICROSOFT CORP 4.5% 01Oct2040,2026-08-19,2026-08-18,2040-10-01,14.1191,4.5,90.4549,5.4794,4.9448,53.46,-0.0
MSFT,sample1,US594918AM64,MICROSOFT CORP 5.3% 08Feb2041,2026-08-19,2026-08-18,2041-02-08,14.475,5.3,99.293,5.3707,4.9651,40.56,0.0
MSFT,sample1,US594918AR51,MICROSOFT CORP 3.5% 15Nov2042,2026-08-19,2026-08-18,2042-11-15,16.2409,3.5,77.745,5.605,5.0657,53.93,-0.0
MSFT,sample1,US594918AU80,MICROSOFT CORP 3.75% 01May2043,2026-08-19,2026-08-18,2043-05-01,16.6982,3.75,79.499,5.6641,5.0918,57.23,-0.0
MSFT,sample1,US594918BD56,MICROSOFT CORP 3.75% 12Feb2045,2026-08-19,2026-08-18,2045-02-12,18.486,3.75,77.019,5.792,5.1937,59.83,-0.1
MSFT,sample1,US594918BL72,MICROSOFT CORP 4.45% 03Nov2045,2026-08-19,2026-08-18,2045-11-03,19.2088,4.45,84.612,5.7872,5.2349,55.23,-0.0
MSFT,sample1,US594918BT09,MICROSOFT CORP 3.7% 08Aug2046,2026-08-19,2026-08-18,2046-08-08,19.9699,3.7,74.988,5.8376,5.2783,55.93,-0.0
MSFT,sample1,US594918CA09,MICROSOFT CORP 4.25% 06Feb2047,2026-08-19,2026-08-18,2047-02-06,20.4682,4.25,81.476,5.809,5.28,52.9,-0.0
MSFT,sample1,US594918CC64,MICROSOFT CORP 2.525% 01Jun2050,2026-08-19,2026-08-18,2050-06-01,23.7837,2.525,56.752,5.945,5.28,66.5,-0.0
MSFT,sample1,US594918CE21,MICROSOFT CORP 2.921% 17Mar2052,2026-08-19,2026-08-18,2052-03-17,25.577,2.921,60.388,5.9572,5.28,67.72,-0.0
MSFT,sample1,US594918BE30,MICROSOFT CORP 4% 12Feb2055,2026-08-19,2026-08-18,2055-02-12,28.4846,4.0,74.297,5.868,5.28,58.8,-0.0
MSFT,sample1,US594918BM55,MICROSOFT CORP 4.75% 03Nov2055,2026-08-19,2026-08-18,2055-11-03,29.2074,4.75,83.785,5.9233,5.28,64.33,-0.0
MSFT,sample1,US594918BU71,MICROSOFT CORP 3.95% 08Aug2056,2026-08-19,2026-08-18,2056-08-08,29.9713,3.95,72.4291,5.9277,5.28,64.77,-0.0
MSFT,sample1,US594918CB81,MICROSOFT CORP 4.5% 06Feb2057,2026-08-18,2026-08-18,2057-02-06,30.4723,4.5,79.265,5.9881,5.28,70.81,-0.0
MSFT,sample1,US594918CD48,MICROSOFT CORP 2.675% 01Jun2060,2026-08-19,2026-08-18,2060-06-01,33.7851,2.675,52.255,5.9827,5.28,70.27,-0.0
MSFT,sample1,US594918CF95,MICROSOFT CORP 3.041% 17Mar2062,2026-08-19,2026-08-18,2062-03-17,35.5756,3.041,56.713,5.9987,5.28,71.87,-0.0
MSI,sample2,US620076BL24,MOTOROLA SOLUTIONS INC 4.6% 23Feb2028,2026-08-19,2026-08-18,2028-02-23,1.514,4.6,100.083,4.5361,4.0928,44.33,0.6
MSI,sample2,US620076AP47,MOTOROLA SOLUTIONS INC 6.5% 15Nov2028,2026-08-19,2026-08-18,2028-11-15,2.2423,6.5,103.595,4.7811,4.207,57.41,0.4
MSI,sample2,US620076BN89,MOTOROLA SOLUTIONS INC 4.6% 23May2029,2026-08-19,2026-08-18,2029-05-23,2.7598,4.6,99.673,4.7252,4.2432,48.2,-0.0
MSI,sample2,US620076BT59,MOTOROLA SOLUTIONS INC 2.3% 15Nov2030,2026-08-19,2026-08-18,2030-11-15,4.2409,2.3,89.842,4.989,4.3283,66.07,-0.3
MSI,sample2,US620076BU23,MOTOROLA SOLUTIONS INC 2.75% 24May2031,2026-08-19,2026-08-18,2031-05-24,4.7611,2.75,90.278,5.0731,4.3569,71.62,0.0
MSI,sample2,US620076BW88,MSI 5.6 01-JUN-32,2026-08-19,2026-08-18,2032-06-01,5.7851,5.6,101.943,5.1909,4.4328,75.81,1.4
MSI,sample2,US620076BE80,MOTOROLA SOLUTIONS INC 5.5% 01Sep2044,2026-08-19,2026-08-18,2044-09-01,18.037,5.5,91.155,6.3293,5.1681,116.12,-0.0
MSI,sample2,US620076AM16,MOTOROLA SOLUTIONS INC 5.22% 01Oct2097,2026-08-19,2026-08-18,2097-10-01,71.1184,5.22,74.802,6.9955,5.28,171.55,0.0
MTB,sample2,US55279HAW07,MTB 4.7 27-JAN-28,2026-08-19,2026-08-18,2028-01-27,1.4401,4.7,100.0,4.6978,4.078,61.98,0.0
MU,sample3_extension_2026-08-20,US595112BS19,MU 2.703 15-APR-32,2026-08-19,2026-08-18,2032-04-15,5.6564,2.703,88.67,5.03,4.4225,60.75,-0.1
MU,sample3_extension_2026-08-20,US595112BZ51,MU 5.875 09-FEB-33,2026-08-19,2026-08-18,2033-02-09,6.4778,5.875,103.02,5.2996,4.4882,81.14,1.8
MU,sample3_extension_2026-08-20,US595112BT91,MU 3.366 01-NOV-41,2026-08-19,2026-08-18,2041-11-01,15.2033,3.366,75.47,5.819,5.0066,81.24,-0.1
MU,sample3_extension_2026-08-20,US595112BU64,MU 3.477 01-NOV-51,2026-08-19,2026-08-18,2051-11-01,25.2019,3.477,67.184,6.0246,5.28,74.46,-0.0
NDAQ,sample2,US631103AM02,NDAQ 3.95 07-MAR-52,2026-08-10,2026-08-10,2052-03-07,25.5743,3.95,71.5793,6.1743,5.25,92.43,-0.0
NEE,sample1,US65339KBY55,NEE 1.875 15-JAN-27,2026-08-19,2026-08-18,2027-01-15,0.4079,1.875,99.061,4.2384,3.8874,35.1,-2.1
NEE,sample1,US65339KAT79,NEXTERA ENERGY CAP HLDGS INC 3.55% 01May2027,2026-08-19,2026-08-18,2027-05-01,0.6982,3.55,99.571,4.1743,3.9377,23.66,-0.1
NEE,sample1,US65339KCH14,NEE 4.625 15-JUL-27,2026-08-19,2026-08-18,2027-07-15,0.9035,4.625,100.142,4.4459,3.9733,47.26,1.2
NEE,sample1,US65342QAB86,NEXTERA ENERGY OPER PARTNERS LP 4.5% 15Sep2027,2026-08-19,2026-08-18,2027-09-15,1.0732,4.5,99.299,5.1789,4.0046,117.43,-0.3
NEE,sample1,US65339KCM09,NEE 4.9 28-FEB-28,2026-08-19,2026-08-18,2028-02-28,1.5277,4.9,100.529,4.5179,4.0955,42.24,1.9
NEE,sample1,US341081GK75,NEE 5.05 01-APR-28,2026-08-19,2026-08-18,2028-04-01,1.6181,5.05,101.008,4.3612,4.1136,24.76,3.3
NEE,sample1,US65339KBW99,NEXTERA ENERGY CAP HLDGS INC 1.9% 15Jun2028,2026-08-19,2026-08-18,2028-06-15,1.8234,1.9,95.483,4.5124,4.1547,35.77,-0.6
NEE,sample1,US65339KBM18,NEXTERA ENERGY CAP HLDGS INC 2.75% 01Nov2029,2026-08-19,2026-08-18,2029-11-01,3.2033,2.75,94.322,4.6815,4.2712,41.03,-0.4
NEE,sample1,US65339KCN81,NEE 5 28-FEB-30,2026-08-19,2026-08-18,2030-02-28,3.5291,5.0,100.602,4.805,4.2891,51.59,0.7
NEE,sample1,US65339KBR05,NEXTERA ENERGY CAP HLDGS INC 2.25% 01Jun2030,2026-08-19,2026-08-18,2030-06-01,3.7837,2.25,91.068,4.8641,4.3031,56.1,-0.2
NEE,sample1,US65339KBZ21,NEE 2.44 15-JAN-32,2026-08-19,2026-08-18,2032-01-15,5.4073,2.44,87.612,5.091,4.4026,68.84,-0.2
NEE,sample1,US341081GG63,NEE 2.45 03-FEB-32,2026-08-19,2026-08-18,2032-02-03,5.4593,2.45,88.771,4.8158,4.4067,40.91,-0.3
NEE,sample1,US65339KCJ79,NEE 5 15-JUL-32,2026-08-19,2026-08-18,2032-07-15,5.9055,5.0,99.576,5.0831,4.4424,64.07,-0.0
NEE,sample1,US65339KCP30,NEE 5.05 28-FEB-33,2026-08-19,2026-08-18,2033-02-28,6.5298,5.05,99.064,5.2209,4.4924,72.85,-0.0
NEE,sample1,US341081GL58,NEE 5.1 01-APR-33,2026-08-19,2026-08-18,2033-04-01,6.6174,5.1,100.068,5.0867,4.4994,58.73,0.0
NEE,sample1,US341081FX06,FLORIDA PWR & LT CO 3.15% 01Oct2049,2026-08-18,2026-08-18,2049-10-01,23.1211,3.15,63.638,6.106,5.28,82.6,-0.0
NEE,sample1,US341081GE16,NEE 2.875 04-DEC-51,2026-08-19,2026-08-18,2051-12-04,25.2923,2.875,59.78,5.9792,5.28,69.92,-0.0
NEE,sample1,US65339KCA60,NEE 3 15-JAN-52,2026-08-19,2026-08-18,2052-01-15,25.4073,3.0,59.105,6.2251,5.28,94.51,-0.0
NEE,sample1,US65339KCQ13,NEE 5.25 28-FEB-53,2026-08-19,2026-08-18,2053-02-28,26.5298,5.25,85.753,6.3696,5.28,108.96,-0.0
NEE,sample1,US341081GM32,NEE 5.3 01-APR-53,2026-08-19,2026-08-18,2053-04-01,26.6174,5.3,90.1947,6.045,5.28,76.5,-0.0
NEM,sample3_extension_2026-08-20,US651639AZ99,NEM 2.6 15-JUL-32,2026-08-19,2026-08-18,2032-07-15,5.9055,2.6,89.007,4.7575,4.4424,31.51,-0.1
NEM,sample3_extension_2026-08-20,US651639AE60,NEWMONT MNG CORP 5.875% 01Apr2035,2026-08-11,2026-08-11,2035-04-01,8.6379,5.875,103.903,5.3047,4.6274,67.73,0.0
NEM,sample3_extension_2026-08-20,US651639AM86,NEWMONT MNG CORP 6.25% 01Oct2039,2026-08-19,2026-08-18,2039-10-01,13.117,6.25,102.228,6.0013,4.8877,111.36,-0.0
NEM,sample3_extension_2026-08-20,US651639AP18,NEWMONT MNG CORP 4.875% 15Mar2042,2026-08-19,2026-08-18,2042-03-15,15.5702,4.875,91.75,5.6799,5.0275,65.24,-0.0
NFLX,sample1,US64110LAN64,NETFLIX INC 4.375% 15Nov2026,2026-08-19,2026-08-18,2026-11-15,0.2409,4.375,100.0781,3.9952,3.86,13.52,2.8
NFLX,sample1,US64110LAS51,NETFLIX INC 4.875% 15Apr2028,2026-08-19,2026-08-18,2028-04-15,1.6564,4.875,100.5,4.5538,4.1213,43.25,0.1
NFLX,sample1,US64110LAT35,NETFLIX INC 5.875% 15Nov2028,2026-08-19,2026-08-18,2028-11-15,2.2423,5.875,102.927,4.4809,4.207,27.39,0.4
NFLX,sample1,US64110LAX47,NETFLIX INC 6.375% 15May2029,2026-08-19,2026-08-18,2029-05-15,2.7379,6.375,104.728,4.5152,4.2416,27.36,0.1
NFLX,sample1,US64110LAV80,NETFLIX INC 4.875% 15Jun2030,2026-08-19,2026-08-18,2030-06-15,3.822,4.875,100.197,4.8141,4.3052,50.89,0.2
NI,sample3_extension_2026-08-20,US65473QBE26,NISOURCE FIN CORP 3.49% 15May2027,2026-08-19,2026-08-18,2027-05-15,0.7365,3.49,99.351,4.389,3.9443,44.47,-0.0
NI,sample3_extension_2026-08-20,US65473QAX16,NISOURCE FIN CORP 5.95% 15Jun2041,2026-08-18,2026-08-18,2041-06-15,14.8255,5.95,99.146,6.037,4.9851,105.19,-0.0
NI,sample3_extension_2026-08-20,US65473QBB86,NISOURCE FIN CORP 5.25% 15Feb2043,2026-08-18,2026-08-18,2043-02-15,16.4956,5.25,90.9,6.135,5.0802,105.48,-0.0
NI,sample3_extension_2026-08-20,US65473QBC69,NISOURCE FIN CORP 4.8% 15Feb2044,2026-08-19,2026-08-18,2044-02-15,17.4921,4.8,86.307,6.0827,5.1371,94.56,-0.0
NI,sample3_extension_2026-08-20,US65473QBD43,NISOURCE FIN CORP 5.65% 01Feb2045,2026-08-18,2026-08-18,2045-02-01,18.4586,5.65,93.2375,6.2735,5.1921,108.14,-0.0
NI,sample3_extension_2026-08-20,US65473QBF90,NISOURCE FIN CORP 4.375% 15May2047,2026-08-19,2026-08-18,2047-05-15,20.7365,4.375,79.419,6.143,5.28,86.3,-0.0
NI,sample3_extension_2026-08-20,US65473QBG73,NISOURCE FIN CORP 3.95% 30Mar2048,2026-08-19,2026-08-18,2048-03-30,21.6126,3.95,73.621,6.1773,5.28,89.73,-0.0
NI,sample3_extension_2026-08-20,US65473PAM77,NI 5 15-JUN-52,2026-08-19,2026-08-18,2052-06-15,25.8234,5.0,84.7185,6.1928,5.28,91.28,-0.0
NKE,sample2,US654106AF00,NIKE INC 2.375% 01Nov2026,2026-08-19,2026-08-18,2026-11-01,0.2026,2.375,99.61,4.3382,3.86,47.82,-2.4
NKE,sample2,US654106AJ22,NIKE INC 2.75% 27Mar2027,2026-08-19,2026-08-18,2027-03-27,0.6023,2.75,99.22,4.0692,3.9211,14.81,0.1
NKE,sample2,US654106AK94,NIKE INC 2.85% 27Mar2030,2026-08-19,2026-08-18,2030-03-27,3.603,2.85,94.248,4.5999,4.2932,30.67,-0.0
NKE,sample2,US654106AL77,NIKE INC 3.25% 27Mar2040,2026-08-19,2026-08-18,2040-03-27,13.6044,3.25,77.782,5.6058,4.9154,69.04,-0.0
NKE,sample2,US654106AD51,NIKE INC 3.625% 01May2043,2026-08-18,2026-08-18,2043-05-01,16.7009,3.625,75.454,5.9662,5.092,87.42,-0.0
NKE,sample2,US654106AE35,NIKE INC 3.875% 01Nov2045,2026-08-18,2026-08-18,2045-11-01,19.206,3.875,76.1086,5.9842,5.2347,74.95,-0.0
NKE,sample2,US654106AG82,NIKE INC 3.375% 01Nov2046,2026-08-19,2026-08-18,2046-11-01,20.2026,3.375,70.2171,5.9221,5.28,64.21,-0.0
NKE,sample2,US654106AM50,NIKE INC 3.375% 27Mar2050,2026-08-18,2026-08-18,2050-03-27,23.6057,3.375,66.223,6.091,5.28,81.1,-0.0
NOC,sample1,US666807BK73,NORTHROP GRUMMAN CORP 3.2% 01Feb2027,2026-08-19,2026-08-18,2027-02-01,0.4545,3.2,99.605,4.0925,3.8954,19.71,-0.9
NOC,sample1,US666807BN13,NORTHROP GRUMMAN CORP 3.25% 15Jan2028,2026-08-19,2026-08-18,2028-01-15,1.4073,3.25,98.334,4.4866,4.0715,41.51,-0.4
NOC,sample1,US666807BS00,NORTHROP GRUMMAN CORP 4.4% 01May2030,2026-08-19,2026-08-18,2030-05-01,3.6988,4.4,98.948,4.7115,4.2984,41.31,-0.0
NOC,sample1,US666807AW21,NORTHROP GRUMMAN CORP 7.75% 15Feb2031,2026-08-19,2026-08-18,2031-02-15,4.4928,7.75,111.641,4.8323,4.3421,49.02,0.4
NOC,sample1,US666807CE05,NOC 7.75 15-FEB-31,2026-08-19,2026-08-18,2031-02-15,4.4928,7.75,111.656,4.8288,4.3421,48.67,0.4
NOC,sample1,US666807CH36,NOC 4.7 15-MAR-33,2026-08-19,2026-08-18,2033-03-15,6.5708,4.7,98.051,5.0517,4.4957,55.6,-0.0
NOC,sample1,US666807BH45,NORTHROP GRUMMAN CORP 4.75% 01Jun2043,2026-08-19,2026-08-18,2043-06-01,16.783,4.75,88.619,5.8208,5.0966,72.42,-0.0
NOC,sample1,US666807BJ01,NORTHROP GRUMMAN CORP 3.85% 15Apr2045,2026-08-14,2026-08-14,2045-04-15,18.6694,3.85,75.929,6.013,5.1742,83.88,-0.1
NOC,sample1,US666807BP60,NORTHROP GRUMMAN CORP 4.03% 15Oct2047,2026-08-19,2026-08-18,2047-10-15,21.1554,4.03,76.847,5.9714,5.28,69.14,-0.0
NOC,sample1,US666807BU55,NORTHROP GRUMMAN CORP 5.25% 01May2050,2026-08-17,2026-08-17,2050-05-01,23.7043,5.25,88.713,6.161,5.3037,85.73,-0.0
NOC,sample1,US666807CJ91,NOC 4.95 15-MAR-53,2026-08-19,2026-08-18,2053-03-15,26.5708,4.95,85.842,6.0247,5.28,74.47,-0.0
NRG,sample3_extension_2026-08-20,US629377CE03,NRG Energy 5.75% 15jan2028 USD,2026-08-19,2026-08-18,2028-01-15,1.4073,5.75,100.182,5.6086,4.0715,153.71,0.1
NRG,sample3_extension_2026-08-20,US629377CH34,NRG Energy 5.25% 15jun2029 USD,2026-08-19,2026-08-18,2029-06-15,2.8227,5.25,99.393,5.4821,4.2476,123.45,-0.0
NRG,sample3_extension_2026-08-20,US629377CT71,NRG 7 15-MAR-33,2026-08-19,2026-08-18,2033-03-15,6.5708,7.0,106.489,5.7609,4.4957,126.52,3.6
NSC,sample1,US655844BT49,NORFOLK SOUTHN CORP 3.15% 01Jun2027,2026-08-19,2026-08-18,2027-06-01,0.783,3.15,99.143,4.2726,3.9524,32.02,-0.3
NSC,sample1,US655844BZ09,NORFOLK SOUTHN CORP 3.8% 01Aug2028,2026-08-19,2026-08-18,2028-08-01,1.9521,3.8,98.835,4.43,4.1804,24.96,-0.1
NSC,sample1,US655844AX69,NORFOLK SOUTHN CORP 5.64% 17May2029,2026-08-19,2026-08-18,2029-05-17,2.7433,5.64,102.575,4.626,4.242,38.4,0.1
NSC,sample1,US655844CK21,NSC 2.3 15-MAY-31,2026-08-19,2026-08-18,2031-05-15,4.7365,2.3,89.364,4.839,4.3555,48.35,-0.0
NSC,sample1,US655844CM86,NSC 3 15-MAR-32,2026-08-19,2026-08-18,2032-03-15,5.5715,3.0,90.989,4.8661,4.4157,45.04,-0.1
NSC,sample1,US655844CQ90,NSC 4.45 01-MAR-33,2026-08-19,2026-08-18,2033-03-01,6.5325,4.45,96.665,5.0557,4.4926,56.31,-0.0
NSC,sample1,US655844BH01,NORFOLK SOUTHN CORP 4.837% 01Oct2041,2026-08-18,2026-08-18,2041-10-01,15.1211,4.837,90.06,5.835,5.0019,83.31,-0.0
NSC,sample1,US655844BM95,NORFOLK SOUTHN CORP 3.95% 01Oct2042,2026-08-19,2026-08-18,2042-10-01,16.1177,3.95,80.297,5.855,5.0587,79.63,-0.0
NSC,sample1,US655844BR82,NORFOLK SOUTHN CORP 4.65% 15Jan2046,2026-08-18,2026-08-18,2046-01-15,19.4114,4.65,83.5157,6.1115,5.2464,86.51,-0.0
NSC,sample1,US655844BX50,NORFOLK SOUTHN CORP 3.942% 01Nov2047,2026-08-19,2026-08-18,2047-11-01,21.2019,3.942,75.832,5.9653,5.28,68.53,-0.0
NSC,sample1,US655844BY34,NORFOLK SOUTHN CORP 4.15% 28Feb2048,2026-08-19,2026-08-18,2048-02-28,21.5277,4.15,77.462,6.034,5.28,75.4,-0.0
NSC,sample1,US655844CF36,NORFOLK SOUTHN CORP 3.05% 15May2050,2026-08-19,2026-08-18,2050-05-15,23.7372,3.05,62.917,5.9996,5.28,71.96,-0.0
NSC,sample1,US655844CL04,NSC 2.9 25-AUG-51,2026-08-19,2026-08-18,2051-08-25,25.0157,2.9,60.063,6.005,5.28,72.5,-0.0
NSC,sample1,US655844BV94,NORFOLK SOUTHN CORP 4.05% 15Aug2052,2026-08-18,2026-08-18,2052-08-15,25.9932,4.05,72.937,6.149,5.28,86.9,-0.0
NSC,sample1,US655844CN69,NSC 3.7 15-MAR-53,2026-08-06,2026-08-06,2053-03-15,26.6064,3.7,69.046,6.0561,5.22,83.61,-0.0
NSC,sample1,US655844CP18,NSC 4.55 01-JUN-53,2026-08-19,2026-08-18,2053-06-01,26.7844,4.55,80.482,6.027,5.28,74.7,-0.0
NSC,sample1,US655844CH91,NORFOLK SOUTHN CORP 3.155% 15May2055,2026-08-19,2026-08-18,2055-05-15,28.7365,3.155,61.458,5.9784,5.28,69.84,-0.0
NSC,sample1,US655844CB22,NORFOLK SOUTHN CORP 5.1% 01Aug2118,2026-08-19,2026-08-18,2118-08-01,91.948,5.1,85.318,5.982,5.28,70.2,-0.0
NTRS,sample2,US665859AW46,NTRS 4 10-MAY-27,2026-08-19,2026-08-18,2027-05-10,0.7228,4.0,99.923,4.1022,3.942,16.02,-0.0
NTRS,sample2,US665859AT17,NORTHERN TR CORP 3.65% 03Aug2028,2026-08-19,2026-08-18,2028-08-03,1.9576,3.65,98.6277,4.3901,4.1815,20.86,-0.2
NTRS,sample2,US665859AV62,NORTHERN TR CORP 1.95% 01May2030,2026-08-19,2026-08-18,2030-05-01,3.6988,1.95,90.76,4.701,4.2984,40.26,-0.1
NTRS,sample2,US665859AX29,NTRS 6.125 02-NOV-32,2026-08-19,2026-08-18,2032-11-02,6.2067,6.125,105.795,4.987,4.4665,52.05,3.8
NUE,sample3_extension_2026-08-20,US670346AY11,NUE 4.3 23-MAY-27,2026-08-19,2026-08-18,2027-05-23,0.7584,4.3,99.99,4.3058,3.9481,35.77,0.0
NUE,sample3_extension_2026-08-20,US670346AP04,NUCOR CORP 3.95% 01May2028,2026-08-19,2026-08-18,2028-05-01,1.7002,3.95,99.231,4.4221,4.13,29.21,-0.1
NUE,sample3_extension_2026-08-20,US670346AV71,NUE 3.125 01-APR-32,2026-08-19,2026-08-18,2032-04-01,5.6181,3.125,91.464,4.881,4.4194,46.16,-0.1
NUE,sample3_extension_2026-08-20,US670346AH87,NUCOR CORP 6.4% 01Dec2037,2026-08-19,2026-08-18,2037-12-01,11.2854,6.4,109.502,5.2706,4.7833,48.73,0.0
NUE,sample3_extension_2026-08-20,US670346AN55,NUCOR CORP 5.2% 01Aug2043,2026-08-14,2026-08-14,2043-08-01,16.9637,5.2,92.817,5.8745,5.0769,79.76,-0.0
NUE,sample3_extension_2026-08-20,US670346AQ86,NUCOR CORP 4.4% 01May2048,2026-08-17,2026-08-17,2048-05-01,21.7057,4.4,81.724,5.904,5.3017,60.23,-0.0
NUE,sample3_extension_2026-08-20,US670346AW54,NUE 3.85 01-APR-52,2026-08-17,2026-08-17,2052-04-01,25.6235,3.85,72.208,5.9839,5.3056,67.83,-0.0
NUE,sample3_extension_2026-08-20,US670346AU98,NUE 2.979 15-DEC-55,2026-08-14,2026-08-14,2055-12-15,29.3361,2.979,59.602,5.8876,5.25,63.76,-0.0
NVDA,sample3_extension_2026-08-20,US67066GAE44,NVIDIA CORP 3.2% 16Sep2026,2026-08-19,2026-08-18,2026-09-16,0.0767,3.2,99.927,4.1569,3.86,29.69,-2.1
NXPI,sample2,US62954HBE71,NXPI 4.4 01-JUN-27,2026-08-19,2026-08-18,2027-06-01,0.783,4.4,100.074,4.2873,3.9524,33.49,0.8
NXPI,sample2,US62954HAV06,NXPI 4.3 18-JUN-29,2026-08-19,2026-08-18,2029-06-18,2.8309,4.3,98.601,4.833,4.2482,58.48,-0.0
NXPI,sample2,US62954HAY45,NXPI 3.4 01-MAY-30,2026-08-19,2026-08-18,2030-05-01,3.6988,3.4,94.771,4.964,4.2984,66.56,-0.1
NXPI,sample2,US62954HBA59,NXPI 2.5 11-MAY-31,2026-08-19,2026-08-18,2031-05-11,4.7255,2.5,89.197,5.1009,4.3549,74.6,-0.0
NXPI,sample2,US62954HAJ77,NXPI 2.65 15-FEB-32,2026-08-19,2026-08-18,2032-02-15,5.4921,2.65,87.862,5.2231,4.4094,81.37,-0.3
NXPI,sample2,US62954HBB33,NXPI 5 15-JAN-33,2026-08-19,2026-08-18,2033-01-15,6.4093,5.0,98.373,5.302,4.4827,81.93,-0.0
NXPI,sample2,US62954HAU23,NXPI 3.25 11-MAY-41,2026-08-19,2026-08-18,2041-05-11,14.7269,3.25,72.859,6.0621,4.9794,108.27,-0.0
NXPI,sample2,US62954HAN89,NXPI 3.25 30-NOV-51,2026-08-17,2026-08-17,2051-11-30,25.2868,3.25,62.001,6.263,5.3053,95.77,0.0
O,sample3_extension_2026-08-20,US756109AR55,REALTY INCOME CORP 4.125% 15Oct2026,2026-08-19,2026-08-18,2026-10-15,0.1561,4.125,99.95,4.3916,3.86,53.16,2.7
O,sample3_extension_2026-08-20,US756109AS39,REALTY INCOME CORP 3% 15Jan2027,2026-08-19,2026-08-18,2027-01-15,0.4079,3.0,99.548,4.1288,3.8874,24.14,-0.6
O,sample3_extension_2026-08-20,US756109BG81,O 3.95 15-AUG-27,2026-08-19,2026-08-18,2027-08-15,0.9884,3.95,99.63,4.3367,3.988,34.87,-0.1
O,sample3_extension_2026-08-20,US756109BH64,O 3.4 15-JAN-28,2026-08-19,2026-08-18,2028-01-15,1.4073,3.4,98.515,4.5021,4.0715,43.06,-0.3
O,sample3_extension_2026-08-20,US756109AU84,REALTY INCOME CORP 3.65% 15Jan2028,2026-08-18,2026-08-18,2028-01-15,1.41,3.65,98.876,4.4818,4.072,40.98,-0.3
O,sample3_extension_2026-08-20,US756109BK93,O 3.1 15-DEC-29,2026-08-19,2026-08-18,2029-12-15,3.3238,3.1,95.02,4.7376,4.2778,45.98,-0.2
O,sample3_extension_2026-08-20,US756109BR47,O 4.85 15-MAR-30,2026-08-19,2026-08-18,2030-03-15,3.5702,4.85,100.3,4.7541,4.2914,46.27,0.2
O,sample3_extension_2026-08-20,US756109BP80,O 5.625 13-OCT-32,2026-08-19,2026-08-18,2032-10-13,6.152,5.625,102.93,5.0443,4.4622,58.21,1.9
O,sample3_extension_2026-08-20,US756109BL76,O 2.85 15-DEC-32,2026-08-19,2026-08-18,2032-12-15,6.3244,2.85,88.164,5.061,4.476,58.5,-0.2
O,sample3_extension_2026-08-20,US756109AT12,REALTY INCOME CORP 4.65% 15Mar2047,2026-08-18,2026-08-18,2047-03-15,20.5722,4.65,83.866,6.0287,5.28,74.87,-0.0
OKE,sample3_extension_2026-08-20,US682680AS26,ONEOK INC NEW 4% 13Jul2027,2026-08-19,2026-08-18,2027-07-13,0.898,4.0,99.974,4.0261,3.9723,5.38,-0.0
OKE,sample3_extension_2026-08-20,US682680AU71,ONEOK INC NEW 4.55% 15Jul2028,2026-08-19,2026-08-18,2028-07-15,1.9055,4.55,99.782,4.6688,4.1711,49.77,-0.0
OKE,sample3_extension_2026-08-20,US682680BG78,OKE 6.1 15-NOV-32,2026-08-19,2026-08-18,2032-11-15,6.2423,6.1,104.357,5.2421,4.4694,77.27,2.8
OKE,sample3_extension_2026-08-20,US682680AN39,ONEOK INC NEW 6% 15Jun2035,2026-08-19,2026-08-18,2035-06-15,8.8214,6.0,102.5,5.635,4.6393,99.57,0.0
OKE,sample3_extension_2026-08-20,US68268NAC74,ONEOK PARTNERS L P 6.65% 01Oct2036,2026-08-18,2026-08-18,2036-10-01,10.1218,6.65,106.35,5.8099,4.7169,109.3,0.0
OKE,sample3_extension_2026-08-20,US68268NAD57,ONEOK PARTNERS L P 6.85% 15Oct2037,2026-08-19,2026-08-18,2037-10-15,11.1567,6.85,108.251,5.832,4.7759,105.61,0.0
OKE,sample3_extension_2026-08-20,US68268NAG88,ONEOK PARTNERS L P 6.125% 01Feb2041,2026-08-19,2026-08-18,2041-02-01,14.4559,6.125,100.7959,6.0393,4.964,107.53,0.2
OKE,sample3_extension_2026-08-20,US68268NAM56,ONEOK PARTNERS L P 6.2% 15Sep2043,2026-08-19,2026-08-18,2043-09-15,17.0732,6.2,99.8852,6.2105,5.1132,109.73,-0.0
OKE,sample3_extension_2026-08-20,US682680AT09,ONEOK INC NEW 4.95% 13Jul2047,2026-08-19,2026-08-18,2047-07-13,20.898,4.95,83.46,6.3951,5.28,111.51,0.0
OKE,sample3_extension_2026-08-20,US682680AV54,ONEOK INC NEW 5.2% 15Jul2048,2026-08-19,2026-08-18,2048-07-15,21.9055,5.2,86.081,6.3886,5.28,110.86,-0.0
OMC,sample2,US681919BD76,OMNICOM GROUP INC 2.6% 01Aug2031,2026-08-19,2026-08-18,2031-08-01,4.95,2.6,89.334,5.064,4.3673,69.67,-0.1
ON,sample3_extension_2026-08-20,US682189AQ81,ON SEMICONDUCTOR CORP 3.875% 01Sep2028,2026-08-19,2026-08-18,2028-09-01,2.037,3.875,97.5533,5.1589,4.1926,96.63,-0.4
ORCL,sample3_extension_2026-08-20,US68389XBN49,ORACLE CORP 3.25% 15Nov2027,2026-08-19,2026-08-18,2027-11-15,1.2402,3.25,98.123,4.8284,4.038,79.04,-0.5
ORCL,sample3_extension_2026-08-20,US68389XCM56,ORCL 4.5 06-MAY-28,2026-08-19,2026-08-18,2028-05-06,1.7139,4.5,99.13,5.0328,4.1328,90.0,-0.1
ORCL,sample3_extension_2026-08-20,US68389XCH61,ORCL 6.15 09-NOV-29,2026-08-19,2026-08-18,2029-11-09,3.2252,6.15,101.74,5.5219,4.2724,124.95,2.8
ORCL,sample3_extension_2026-08-20,US68389XCN30,ORCL 4.65 06-MAY-30,2026-08-19,2026-08-18,2030-05-06,3.7125,4.65,96.767,5.625,4.2992,132.58,-0.0
ORCL,sample3_extension_2026-08-20,US68389XBD66,ORACLE CORP 3.25% 15May2030,2026-08-19,2026-08-18,2030-05-15,3.7372,3.25,91.497,5.813,4.3005,151.25,-0.1
ORCL,sample3_extension_2026-08-20,US68389XCP87,ORCL 4.9 06-FEB-33,2026-08-19,2026-08-18,2033-02-06,6.4695,4.9,92.524,6.3271,4.4876,183.95,-0.1
ORCL,sample3_extension_2026-08-20,US68389XAV73,ORACLE CORP 4.3% 08Jul2034,2026-08-19,2026-08-18,2034-07-08,7.885,4.3,85.995,6.6067,4.5831,202.36,-0.0
ORCL,sample3_extension_2026-08-20,US68389XBE40,ORACLE CORP 3.9% 15May2035,2026-08-19,2026-08-18,2035-05-15,8.7365,3.9,82.376,6.5838,4.6342,194.96,-0.0
ORCL,sample3_extension_2026-08-20,US68389XBH70,ORACLE CORP 3.85% 15Jul2036,2026-08-19,2026-08-18,2036-07-15,9.9055,3.85,79.644,6.6939,4.7043,198.96,-0.1
ORCL,sample3_extension_2026-08-20,US68389XBP96,ORACLE CORP 3.8% 15Nov2037,2026-08-19,2026-08-18,2037-11-15,11.2416,3.8,76.193,6.8749,4.7808,209.41,-0.1
ORCL,sample3_extension_2026-08-20,US68389XAE58,ORACLE CORP 6.5% 15Apr2038,2026-08-19,2026-08-18,2038-04-15,11.655,6.5,96.55,6.935,4.8043,213.07,-0.0
ORCL,sample3_extension_2026-08-20,US68389XAH89,ORACLE CORP 6.125% 08Jul2039,2026-08-19,2026-08-18,2039-07-08,12.8843,6.125,92.359,7.0355,4.8744,216.11,-0.0
ORCL,sample3_extension_2026-08-20,US68389XAM74,ORACLE CORP 5.375% 15Jul2040,2026-08-19,2026-08-18,2040-07-15,13.9055,5.375,83.424,7.2909,4.9326,235.83,-0.0
ORCL,sample3_extension_2026-08-20,US68389XAW56,ORACLE CORP 4.5% 08Jul2044,2026-08-19,2026-08-18,2044-07-08,17.8864,4.5,70.573,7.5182,5.1595,235.87,-0.0
ORCL,sample3_extension_2026-08-20,US68389XBF15,ORACLE CORP 4.125% 15May2045,2026-08-19,2026-08-18,2045-05-15,18.7379,4.125,66.396,7.4896,5.2081,228.15,-0.0
ORCL,sample3_extension_2026-08-20,US68389XBJ37,ORACLE CORP 4% 15Jul2046,2026-08-19,2026-08-18,2046-07-15,19.9042,4.0,64.648,7.4286,5.2745,215.41,-0.0
ORCL,sample3_extension_2026-08-20,US68389XBQ79,ORACLE CORP 4% 15Nov2047,2026-08-19,2026-08-18,2047-11-15,21.2402,4.0,63.083,7.5016,5.28,222.16,-0.0
ORCL,sample3_extension_2026-08-20,US68389XCK90,ORCL 6.9 09-NOV-52,2026-08-19,2026-08-18,2052-11-09,26.2259,6.9,90.243,7.776,5.28,249.6,-0.0
ORCL,sample3_extension_2026-08-20,US68389XCQ60,ORCL 5.55 06-FEB-53,2026-08-19,2026-08-18,2053-02-06,26.4695,5.55,75.28,7.764,5.28,248.4,-0.0
ORCL,sample3_extension_2026-08-20,US68389XBG97,ORACLE CORP 4.375% 15May2055,2026-08-19,2026-08-18,2055-05-15,28.7365,4.375,62.904,7.554,5.28,227.4,-0.0
ORLY,sample3_extension_2026-08-20,US67103HAL15,ORLY 4.7 15-JUN-32,2026-08-19,2026-08-18,2032-06-15,5.8234,4.7,98.435,5.012,4.4359,57.61,-0.0
OTIS,sample2,US68902VAK35,OTIS WORLDWIDE CORP 2.565% 15Feb2030,2026-08-19,2026-08-18,2030-02-15,3.4935,2.565,92.76,4.8471,4.2871,56.0,-0.5
OTIS,sample2,US68902VAL18,OTIS WORLDWIDE CORP 3.112% 15Feb2040,2026-08-19,2026-08-18,2040-02-15,13.4921,3.112,75.227,5.7824,4.9091,87.33,-0.1
OXY,sample3_extension_2026-08-20,US674599DN25,OXY 7.5 15-OCT-26,2026-08-19,2026-08-18,2026-10-15,0.1561,7.5,99.622,9.757,3.86,589.7,11.5
OXY,sample3_extension_2026-08-20,US674599CM50,OCCIDENTAL PETE CORP 3% 15Feb2027,2026-08-19,2026-08-18,2027-02-15,0.4928,3.0,98.849,5.428,3.9021,152.59,-3.0
OXY,sample3_extension_2026-08-20,US674599DT94,OXY 7.2 15-MAR-29,2026-08-19,2026-08-18,2029-03-15,2.5708,7.2,104.95,5.1173,4.23,88.73,0.1
OXY,sample3_extension_2026-08-20,US674599DU67,OXY 7.95 15-APR-29,2026-08-19,2026-08-18,2029-04-15,2.6557,7.95,104.915,5.9157,4.2359,167.98,0.2
OXY,sample3_extension_2026-08-20,US674599CS21,Occidental Petroleum 3.5% 15aug2029 USD,2026-08-19,2026-08-18,2029-08-15,2.9897,3.5,96.106,4.9179,4.2593,65.86,-0.2
OXY,sample3_extension_2026-08-20,US674599EA94,Occidental Petroleum 8.875% 15jul2030 USD,2026-08-19,2026-08-18,2030-07-15,3.9042,8.875,111.989,4.9972,4.3097,68.75,42.6
OXY,sample3_extension_2026-08-20,US674599ED34,OCCIDENTAL PETE CORP 6.625% 01Sep2030,2026-08-19,2026-08-18,2030-09-01,4.0356,6.625,105.4,4.9388,4.317,62.18,18.7
OXY,sample3_extension_2026-08-20,US674599DD43,Occidental Petroleum 7.5% 1may2031 USD,2026-08-19,2026-08-18,2031-05-01,4.6982,7.5,110.103,5.0541,4.3534,70.07,0.0
OXY,sample3_extension_2026-08-20,US674599DE26,Occidental Petroleum 7.875% 15sep2031 USD,2026-08-19,2026-08-18,2031-09-15,5.0732,7.875,112.135,5.1251,4.3759,74.92,0.2
OXY,sample3_extension_2026-08-20,US674599DF90,Occidental Petroleum 6.45% 15sep2036 USD,2026-08-19,2026-08-18,2036-09-15,10.0753,6.45,106.379,5.6114,4.7143,89.71,0.0
OXY,sample3_extension_2026-08-20,US674599DH56,Occidental Petroleum 7.95% 15jun2039 USD,2026-08-19,2026-08-18,2039-06-15,12.8214,7.95,117.4385,5.9813,4.8708,111.05,0.0
OXY,sample3_extension_2026-08-20,US674599CX16,Occidental Petroleum 4.3% 15aug2039 USD,2026-08-19,2026-08-18,2039-08-15,12.9884,4.3,83.597,6.1524,4.8803,127.21,-0.0
OXY,sample3_extension_2026-08-20,US674599DJ13,Occidental Petroleum 6.2% 15mar2040 USD,2026-08-19,2026-08-18,2040-03-15,13.5715,6.2,101.977,5.9846,4.9136,107.1,-0.0
OXY,sample3_extension_2026-08-20,US674599DK85,OCCIDENTAL PETE CORP 4.5% 15Jul2044,2026-08-19,2026-08-18,2044-07-15,17.9055,4.5,80.577,6.3279,5.1606,116.73,-0.0
OXY,sample3_extension_2026-08-20,US674599CF00,OCCIDENTAL PETE CORP 4.625% 15Jun2045,2026-08-19,2026-08-18,2045-06-15,18.8227,4.625,81.388,6.3305,5.2129,111.76,-0.0
OXY,sample3_extension_2026-08-20,US674599DL68,Occidental Petroleum 6.6% 15mar2046 USD,2026-08-19,2026-08-18,2046-03-15,19.5702,6.6,104.684,6.178,5.2555,92.25,0.6
OXY,sample3_extension_2026-08-20,US674599CJ22,OCCIDENTAL PETE CORP 4.4% 15Apr2046,2026-08-19,2026-08-18,2046-04-15,19.655,4.4,81.631,6.004,5.2603,74.37,-0.0
OXY,sample3_extension_2026-08-20,US674599CL77,OCCIDENTAL PETE CORP 4.1% 15Feb2047,2026-08-17,2026-08-17,2047-02-15,20.4983,4.1,72.879,6.5168,5.3005,121.63,-0.0
OXY,sample3_extension_2026-08-20,US674599CN34,OCCIDENTAL PETE CORP 4.2% 15Mar2048,2026-08-19,2026-08-18,2048-03-15,21.5715,4.2,77.762,6.061,5.28,78.1,-0.0
OXY,sample3_extension_2026-08-20,US674599CY98,Occidental Petroleum 4.4% 15aug2049 USD,2026-08-17,2026-08-17,2049-08-15,22.9952,4.4,74.806,6.532,5.303,122.9,-0.0
PCAR,sample2,US69371RR654,PCAR 2 04-FEB-27,2026-08-17,2026-08-17,2027-02-04,0.4682,2.0,98.941,4.353,3.9078,44.52,-4.5
PCAR,sample2,US69371RS314,PCAR 4.6 10-JAN-28,2026-08-19,2026-08-18,2028-01-10,1.3936,4.6,100.369,4.3202,4.0687,25.15,0.1
PCG,sample3_extension_2026-08-20,US69331CAH16,PG&E 5% 1jul2028 USD,2026-08-19,2026-08-18,2028-07-01,1.8672,5.0,99.583,5.2341,4.1634,107.07,-0.0
PCG,sample3_extension_2026-08-20,US694308KB20,PCG 4.2 01-MAR-29,2026-08-18,2026-08-18,2029-03-01,2.5352,4.2,98.4482,4.8577,4.2275,63.02,-0.0
PCG,sample3_extension_2026-08-20,US69331CAJ71,PG&E 5.25% 1jul2030 USD,2026-08-19,2026-08-18,2030-07-01,3.8658,5.25,98.9994,5.5392,4.3076,123.16,-0.0
PCG,sample3_extension_2026-08-20,US694308JT56,PCG 3.25 01-JUN-31,2026-08-19,2026-08-18,2031-06-01,4.783,3.25,92.125,5.1271,4.3581,76.9,-0.1
PCG,sample3_extension_2026-08-20,US694308KC03,PCG 4.4 01-MAR-32,2026-08-19,2026-08-18,2032-03-01,5.5332,4.4,95.864,5.2715,4.4127,85.88,-0.0
PCG,sample3_extension_2026-08-20,US694308KG17,PCG 5.9 15-JUN-32,2026-08-19,2026-08-18,2032-06-15,5.8234,5.9,103.097,5.2511,4.4359,81.52,2.3
PCG,sample3_extension_2026-08-20,US694308KJ55,PCG 6.15 15-JAN-33,2026-08-19,2026-08-18,2033-01-15,6.4093,6.15,103.884,5.3999,4.4827,91.72,2.3
PCG,sample3_extension_2026-08-20,US694308JU20,PCG 4.2 01-JUN-41,2026-08-19,2026-08-18,2041-06-01,14.7844,4.2,80.418,6.2478,4.9827,126.51,-0.0
PCG,sample3_extension_2026-08-20,US694308KD85,PCG 5.25 01-MAR-52,2026-08-19,2026-08-18,2052-03-01,25.5332,5.25,83.568,6.5881,5.28,130.81,-0.0
PCG,sample3_extension_2026-08-20,US694308KH99,PCG 6.75 15-JAN-53,2026-08-19,2026-08-18,2053-01-15,26.4093,6.75,102.292,6.5641,5.28,128.41,0.1
PEG,sample2,US744573AS57,PEG 8.625 15-APR-31,2026-08-19,2026-08-18,2031-04-15,4.6543,8.625,112.712,5.1804,4.351,82.94,30.9
PEG,sample2,US74456QCH74,PEG 1.9 15-AUG-31,2026-08-19,2026-08-18,2031-08-15,4.9884,1.9,87.116,4.8392,4.3694,46.98,-0.1
PEG,sample2,US744573AU04,PEG 2.45 15-NOV-31,2026-08-19,2026-08-18,2031-11-15,5.2402,2.45,88.288,5.0206,4.3892,63.14,-0.2
PEG,sample2,US74456QCJ31,PEG 3.1 15-MAR-32,2026-08-18,2026-08-18,2032-03-15,5.5743,3.1,91.135,4.9388,4.4159,52.29,-0.1
PEG,sample2,US74456QCK04,PEG 4.9 15-DEC-32,2026-08-19,2026-08-18,2032-12-15,6.3244,4.9,99.497,4.9925,4.476,51.65,-0.0
PEG,sample2,US74456QCG91,PEG 3 01-MAR-51,2026-08-13,2026-08-13,2051-03-01,24.5476,3.0,62.369,5.929,5.2045,72.45,-0.0
PEP,sample1,US713448DN57,PEPSICO INC 2.375% 06Oct2026,2026-08-19,2026-08-18,2026-10-06,0.1314,2.375,99.771,4.1401,3.86,28.01,-1.8
PEP,sample1,US713448DY13,PEPSICO INC 3% 15Oct2027,2026-08-19,2026-08-18,2027-10-15,1.1554,3.0,98.68,4.1819,4.0211,16.08,-0.3
PEP,sample1,US713448FL73,PEP 3.6 18-FEB-28,2026-08-19,2026-08-18,2028-02-18,1.5003,3.6,99.027,4.2789,4.0901,18.88,-0.2
PEP,sample1,US713448FR44,PEP 4.45 15-MAY-28,2026-08-19,2026-08-18,2028-05-15,1.7385,4.45,100.296,4.2609,4.1377,12.32,0.7
PEP,sample1,US713448EL82,PEPSICO INC 2.625% 29Jul2029,2026-08-19,2026-08-18,2029-07-29,2.9432,2.625,95.082,4.4259,4.256,16.99,-0.1
PEP,sample1,US713448ES36,PEPSICO INC 2.75% 19Mar2030,2026-08-19,2026-08-18,2030-03-19,3.5811,2.75,93.844,4.635,4.292,34.3,-0.0
PEP,sample1,US713448EZ78,PEPSICO INC 1.625% 01May2030,2026-08-19,2026-08-18,2030-05-01,3.6988,1.625,89.945,4.6137,4.2984,31.53,-0.1
PEP,sample1,US713448FA19,PEPSICO INC 1.4% 25Feb2031,2026-08-19,2026-08-18,2031-02-25,4.5202,1.4,86.841,4.6667,4.3436,32.31,-0.4
PEP,sample1,US713448FE31,PEP 1.95 21-OCT-31,2026-08-19,2026-08-18,2031-10-21,5.1718,1.95,87.35,4.7371,4.3837,35.34,-0.1
PEP,sample1,US713448FM56,PEP 3.9 18-JUL-32,2026-08-19,2026-08-18,2032-07-18,5.9138,3.9,96.081,4.6656,4.4431,22.25,-0.0
PEP,sample1,US713448FS27,PEP 4.45 15-FEB-33,2026-08-19,2026-08-18,2033-02-15,6.4942,4.45,98.079,4.798,4.4895,30.85,-0.0
PEP,sample1,US713448BP24,PEPSICO INC 5.5% 15Jan2040,2026-08-19,2026-08-18,2040-01-15,13.4073,5.5,100.481,5.4484,4.9042,54.42,-0.0
PEP,sample1,US713448ET19,PEPSICO INC 3.5% 19Mar2040,2026-08-18,2026-08-18,2040-03-19,13.5852,3.5,80.5026,5.5641,4.9144,64.97,-0.0
PEP,sample1,US713448FF06,PEP 2.625 21-OCT-41,2026-08-19,2026-08-18,2041-10-21,15.1732,2.625,69.866,5.5987,5.0049,59.38,-0.1
PEP,sample1,US713448BZ06,PEPSICO INC 4% 05Mar2042,2026-08-19,2026-08-18,2042-03-05,15.5428,4.0,82.118,5.7562,5.0259,73.03,-0.0
PEP,sample1,US713448CC02,PEPSICO INC 3.6% 13Aug2042,2026-08-18,2026-08-18,2042-08-13,15.9863,3.6,76.9934,5.8325,5.0512,78.13,-0.0
PEP,sample1,US713448CQ97,PEPSICO INC 4.25% 22Oct2044,2026-08-13,2026-08-13,2044-10-22,18.193,4.25,83.222,5.7487,5.097,65.17,-0.0
PEP,sample1,US713448DD75,PEPSICO INC 4.45% 14Apr2046,2026-08-19,2026-08-18,2046-04-14,19.6523,4.45,84.545,5.775,5.2602,51.48,-0.0
PEP,sample1,US713448DP06,PEPSICO INC 3.45% 06Oct2046,2026-08-19,2026-08-18,2046-10-06,20.1314,3.45,71.87,5.845,5.28,56.5,-0.0
PEP,sample1,US713448EM65,PEPSICO INC 3.375% 29Jul2049,2026-08-14,2026-08-14,2049-07-29,22.9569,3.375,69.42,5.8025,5.25,55.25,-0.0
PEP,sample1,US713448EP96,PEPSICO INC 2.875% 15Oct2049,2026-08-19,2026-08-18,2049-10-15,23.1567,2.875,62.6574,5.8355,5.28,55.55,-0.0
PEP,sample1,US713448EU81,PEPSICO INC 3.625% 19Mar2050,2026-08-18,2026-08-18,2050-03-19,23.5838,3.625,70.044,6.0191,5.28,73.91,-0.0
PEP,sample1,US713448FG88,PEP 2.75 21-OCT-51,2026-08-19,2026-08-18,2051-10-21,25.1718,2.75,59.6661,5.8231,5.28,54.31,-0.0
PEP,sample1,US713448FN30,PEP 4.2 18-JUL-52,2026-08-18,2026-08-18,2052-07-18,25.9165,4.2,76.771,5.973,5.28,69.3,-0.0
PEP,sample1,US713448FT00,PEP 4.65 15-FEB-53,2026-08-19,2026-08-18,2053-02-15,26.4942,4.65,84.058,5.84,5.28,56.0,-0.0
PEP,sample1,US713448EV64,PEPSICO INC 3.875% 19Mar2060,2026-08-19,2026-08-18,2060-03-19,33.5825,3.875,71.8327,5.786,5.28,50.6,-0.0
PFE,sample3_extension_2026-08-20,US717081EA70,PFIZER INC 3% 15Dec2026,2026-08-19,2026-08-18,2026-12-15,0.3231,3.0,99.685,3.9771,3.8727,10.44,0.3
PFE,sample3_extension_2026-08-20,US717081EP40,PFIZER INC 3.6% 15Sep2028,2026-08-19,2026-08-18,2028-09-15,2.0753,3.6,98.554,4.3369,4.1953,14.16,-0.2
PFE,sample3_extension_2026-08-20,US717081FB45,PFE 1.75 18-AUG-31,2026-08-19,2026-08-18,2031-08-18,4.9966,1.75,86.711,4.7718,4.3698,40.2,-0.1
PFE,sample3_extension_2026-08-20,US717081EC37,PFIZER INC 4% 15Dec2036,2026-08-19,2026-08-18,2036-12-15,10.3244,4.0,90.236,5.236,4.7285,50.75,-0.0
PFE,sample3_extension_2026-08-20,US717081EJ89,PFIZER INC 4.1% 15Sep2038,2026-08-19,2026-08-18,2038-09-15,12.0739,4.1,88.422,5.4191,4.8282,59.09,-0.0
PFE,sample3_extension_2026-08-20,US717081CY74,PFIZER INC 7.2% 15Mar2039,2026-08-19,2026-08-18,2039-03-15,12.5695,7.2,114.455,5.5836,4.8565,72.71,0.0
PFE,sample3_extension_2026-08-20,US717081DE02,PFIZER INC 4.3% 15Jun2043,2026-08-19,2026-08-18,2043-06-15,16.8214,4.3,83.704,5.833,5.0988,73.42,-0.0
PFE,sample3_extension_2026-08-20,US717081DK61,PFIZER INC 4.4% 15May2044,2026-08-19,2026-08-18,2044-05-15,17.7385,4.4,83.701,5.893,5.1511,74.19,-0.0
PFE,sample3_extension_2026-08-20,US717081ED10,PFIZER INC 4.125% 15Dec2046,2026-08-17,2026-08-17,2046-12-15,20.3285,4.125,78.486,5.9651,5.3003,66.48,-0.0
PFE,sample3_extension_2026-08-20,US717081EK52,PFIZER INC 4.2% 15Sep2048,2026-08-18,2026-08-18,2048-09-15,22.078,4.2,76.955,6.117,5.28,83.7,-0.1
PFG,sample3_extension_2026-08-20,US74251VAM46,PRINCIPAL FINL GROUP INC 3.1% 15Nov2026,2026-08-19,2026-08-18,2026-11-15,0.2409,3.1,99.728,4.2289,3.86,36.89,0.1
PFG,sample3_extension_2026-08-20,US74256LES43,PFG 1.5 17-NOV-26,2026-08-18,2026-08-18,2026-11-17,0.2491,1.5,99.34,4.2117,3.86,35.17,-2.9
PFG,sample3_extension_2026-08-20,US74251VAT98,PFG 5.375 15-MAR-33,2026-08-19,2026-08-18,2033-03-15,6.5708,5.375,100.592,5.2641,4.4957,76.84,0.2
PFG,sample3_extension_2026-08-20,US74251VAA08,PRINCIPAL FINL GROUP INC 6.05% 15Oct2036,2026-08-19,2026-08-18,2036-10-15,10.1574,6.05,103.159,5.636,4.719,91.7,0.0
PFG,sample3_extension_2026-08-20,US74251VAF94,PRINCIPAL FINL GROUP INC 4.625% 15Sep2042,2026-08-18,2026-08-18,2042-09-15,16.0767,4.625,85.846,6.0102,5.0564,95.38,-0.0
PFG,sample3_extension_2026-08-20,US74251VAJ17,PRINCIPAL FINL GROUP INC 4.35% 15May2043,2026-08-07,2026-08-07,2043-05-15,16.7693,4.35,82.644,6.006,5.0223,98.37,-0.0
PFG,sample3_extension_2026-08-20,US74251VAN29,PRINCIPAL FINL GROUP INC 4.3% 15Nov2046,2026-08-19,2026-08-18,2046-11-15,20.2409,4.3,80.667,5.956,5.28,67.6,-0.0
PFG,sample3_extension_2026-08-20,US74251VAU61,PFG 5.5 15-MAR-53,2026-08-19,2026-08-18,2053-03-15,26.5708,5.5,91.9796,6.114,5.28,83.4,-0.0
PG,sample3_extension_2026-08-20,US742718ER62,PROCTER & GAMBLE CO 2.45% 03Nov2026,2026-08-19,2026-08-18,2026-11-03,0.2081,2.45,99.775,3.5418,3.86,1.0,-1.0
PG,sample3_extension_2026-08-20,US742718FV65,PG 1.9 01-FEB-27,2026-08-19,2026-08-18,2027-02-01,0.4545,1.9,99.02,4.1276,3.8954,23.22,-3.1
PG,sample3_extension_2026-08-20,US742718EV74,PROCTER & GAMBLE CO 2.85% 11Aug2027,2026-08-19,2026-08-18,2027-08-11,0.9774,2.85,98.801,4.1165,3.9861,13.04,-0.3
PG,sample3_extension_2026-08-20,US742718FZ79,PG 3.95 26-JAN-28,2026-08-19,2026-08-18,2028-01-26,1.4374,3.95,99.851,4.0564,4.0775,1.0,-0.0
PG,sample3_extension_2026-08-20,US742718FW49,PG 2.3 01-FEB-32,2026-08-19,2026-08-18,2032-02-01,5.4538,2.3,89.442,4.5073,4.4063,10.1,-0.2
PG,sample3_extension_2026-08-20,US742718GA10,PG 4.05 26-JAN-33,2026-08-19,2026-08-18,2033-01-26,6.4394,4.05,96.862,4.6189,4.4852,13.37,-0.0
PG,sample3_extension_2026-08-20,US742718CB39,PROCTER & GAMBLE CO 5.5% 01Feb2034,2026-08-19,2026-08-18,2034-02-01,7.4552,5.5,103.068,5.001,4.5573,44.37,0.0
PG,sample3_extension_2026-08-20,US742718DB20,PROCTER & GAMBLE CO 5.8% 15Aug2034,2026-08-19,2026-08-18,2034-08-15,7.989,5.8,105.3838,4.9747,4.5893,38.54,0.0
PG,sample3_extension_2026-08-20,US742718DF34,PROCTER & GAMBLE CO 5.55% 05Mar2037,2026-08-19,2026-08-18,2037-03-05,10.5435,5.55,104.12,5.0411,4.741,30.01,0.0
PG,sample3_extension_2026-08-20,US742718FB02,PROCTER & GAMBLE CO 3.5% 25Oct2047,2026-08-17,2026-08-17,2047-10-25,21.1882,3.5,74.5993,5.5539,5.3012,25.27,-0.0
PGR,sample3_extension_2026-08-20,US743315AR46,PROGRESSIVE CORP OH 2.45% 15Jan2027,2026-08-19,2026-08-18,2027-01-15,0.4079,2.45,99.5505,3.5737,3.8874,1.0,-0.8
PGR,sample3_extension_2026-08-20,US743315AY96,PGR 2.5 15-MAR-27,2026-08-19,2026-08-18,2027-03-15,0.5695,2.5,99.102,4.1089,3.9154,19.35,-0.0
PGR,sample3_extension_2026-08-20,US743315AJ20,PROGRESSIVE CORP OH 6.625% 01Mar2029,2026-08-19,2026-08-18,2029-03-01,2.5325,6.625,104.807,4.5903,4.2273,36.3,0.1
PGR,sample3_extension_2026-08-20,US743315AV57,PROGRESSIVE CORP OH 4% 01Mar2029,2026-08-19,2026-08-18,2029-03-01,2.5325,4.0,98.698,4.55,4.2273,32.27,-0.0
PGR,sample3_extension_2026-08-20,US743315AZ61,PGR 3 15-MAR-32,2026-08-19,2026-08-18,2032-03-15,5.5715,3.0,90.534,4.9659,4.4157,55.02,-0.1
PGR,sample3_extension_2026-08-20,US743315AL75,PROGRESSIVE CORP OH 6.25% 01Dec2032,2026-08-19,2026-08-18,2032-12-01,6.2861,6.25,106.731,4.9867,4.4729,51.38,0.1
PGR,sample3_extension_2026-08-20,US743315AP89,PROGRESSIVE CORP OH 4.35% 25Apr2044,2026-08-05,2026-08-05,2044-04-25,17.7221,4.35,83.358,5.873,5.0547,81.83,-0.0
PGR,sample3_extension_2026-08-20,US743315AS29,PROGRESSIVE CORP OH 4.125% 15Apr2047,2026-08-13,2026-08-13,2047-04-15,20.6708,4.125,78.379,5.9571,5.2007,75.64,-0.0
PGR,sample3_extension_2026-08-20,US743315AT02,PROGRESSIVE CORP OH 4.2% 15Mar2048,2026-07-28,2026-07-28,2048-03-15,21.6318,4.2,79.4643,5.8912,5.1067,78.45,-0.0
PGR,sample3_extension_2026-08-20,US743315BA02,PGR 3.7 15-MAR-52,2026-08-13,2026-08-13,2052-03-15,25.588,3.7,70.352,5.976,5.2056,77.04,-0.0
PH,sample2,US701094AJ33,PARKER-HANNIFIN CORP 3.25% 01Mar2027,2026-08-19,2026-08-18,2027-03-01,0.5311,3.25,99.438,4.331,3.9087,42.23,-0.1
PH,sample2,US701094AR58,PH 4.25 15-SEP-27,2026-08-19,2026-08-18,2027-09-15,1.0732,4.25,99.94,4.3054,4.0046,30.08,-0.0
PH,sample2,US701094AN45,PARKER-HANNIFIN CORP 3.25% 14Jun2029,2026-08-19,2026-08-18,2029-06-14,2.82,3.25,96.398,4.627,4.2474,37.96,-0.2
PH,sample2,US701094AS32,PH 4.5 15-SEP-29,2026-08-19,2026-08-18,2029-09-15,3.0746,4.5,99.539,4.6618,4.2641,39.77,-0.0
PH,sample2,US70109HAM79,PARKER-HANNIFIN CORP MEDIUM TERM NTS BOO 4.2% 21Nov2034,2026-08-19,2026-08-18,2034-11-21,8.2574,4.2,93.469,5.1816,4.6054,57.62,-0.0
PH,sample2,US70109HAJ41,PARKER-HANNIFIN CORP MEDIUM TERM NTS BOO 6.25% 15May2038,2026-08-13,2026-08-13,2038-05-15,11.7536,6.25,107.785,5.348,4.73,61.8,0.0
PH,sample2,US70109HAN52,PARKER-HANNIFIN CORP MEDIUM TERM NTS BOO 4.45% 21Nov2044,2026-08-19,2026-08-18,2044-11-21,18.2587,4.45,84.25,5.8665,5.1807,68.58,-0.0
PH,sample2,US701094AL88,PARKER-HANNIFIN CORP 4.1% 01Mar2047,2026-08-03,2026-08-03,2047-03-01,20.5749,4.1,78.5946,5.9115,5.23,68.15,-0.0
PH,sample2,US701094AP92,PARKER-HANNIFIN CORP 4% 14Jun2049,2026-08-12,2026-08-12,2049-06-14,22.8392,4.0,75.382,5.9921,5.24,75.21,-0.0
PHM,sample3_extension_2026-08-20,US745867AM30,PulteGroup 7.875% 15jun2032 USD,2026-08-19,2026-08-18,2032-06-15,5.8234,7.875,115.015,4.878,4.4359,44.21,0.2
PHM,sample3_extension_2026-08-20,US745867AP60,PulteGroup 6.375% 15may2033 USD,2026-08-19,2026-08-18,2033-05-15,6.7379,6.375,106.153,5.2759,4.509,76.69,0.0
PHM,sample3_extension_2026-08-20,US745867AT82,PulteGroup 6% 15feb2035 USD,2026-08-18,2026-08-18,2035-02-15,8.4956,6.0,102.9133,5.5646,4.6197,94.49,0.0
PKG,sample3_extension_2026-08-20,US695156AT63,PACKAGING CORP AMER 3.4% 15Dec2027,2026-08-19,2026-08-18,2027-12-15,1.3224,3.4,98.639,4.4703,4.0545,41.58,-0.2
PKG,sample3_extension_2026-08-20,US695156AW92,PKG 3.05 01-OCT-51,2026-08-14,2026-08-14,2051-10-01,25.1307,3.05,61.201,6.083,5.25,83.3,-0.1
PLD,sample3_extension_2026-08-20,US74340XBV29,PLD 3.375 15-DEC-27,2026-08-19,2026-08-18,2027-12-15,1.3224,3.375,98.813,4.3068,4.0545,25.23,-0.2
PLD,sample3_extension_2026-08-20,US74340XBH35,PROLOGIS L P 3.875% 15Sep2028,2026-08-19,2026-08-18,2028-09-15,2.0753,3.875,98.714,4.5317,4.1953,33.64,-0.2
PLD,sample3_extension_2026-08-20,US74340XBX84,PLD 4 15-SEP-28,2026-08-19,2026-08-18,2028-09-15,2.0753,4.0,99.08,4.469,4.1953,27.37,-0.1
PLD,sample3_extension_2026-08-20,US74340XBY67,PLD 2.875 15-NOV-29,2026-08-19,2026-08-18,2029-11-15,3.2416,2.875,94.43,4.7508,4.2733,47.75,-0.3
PLD,sample3_extension_2026-08-20,US74340XBZ33,PLD 1.75 01-JUL-30,2026-08-19,2026-08-18,2030-07-01,3.8658,1.75,89.465,4.7691,4.3076,46.15,-0.4
PLD,sample3_extension_2026-08-20,US74340XCA72,PLD 1.75 01-FEB-31,2026-08-19,2026-08-18,2031-02-01,4.4545,1.75,88.175,4.7293,4.34,38.93,-0.5
PLD,sample3_extension_2026-08-20,US74340XBS99,PLD 1.625 15-MAR-31,2026-08-17,2026-08-17,2031-03-15,4.5749,1.625,86.669,4.9139,4.3524,56.15,0.0
PLD,sample3_extension_2026-08-20,US74340XCB55,PLD 2.25 15-JAN-32,2026-08-19,2026-08-18,2032-01-15,5.4073,2.25,87.1269,4.9978,4.4026,59.52,-0.2
PLD,sample3_extension_2026-08-20,US74340XBT72,PLD 4.625 15-JAN-33,2026-08-19,2026-08-18,2033-01-15,6.4093,4.625,97.7,5.0491,4.4827,56.64,-0.0
PLD,sample3_extension_2026-08-20,US74340XCC39,PLD 3.05 01-MAR-50,2026-08-19,2026-08-18,2050-03-01,23.5318,3.05,62.746,6.035,5.28,75.5,-0.0
PM,sample1,US718172CB38,PHILIP MORRIS INTL INC 3.125% 17Aug2027,2026-08-19,2026-08-18,2027-08-17,0.9938,3.125,98.866,4.3051,3.9889,31.62,-0.2
PM,sample1,US718172CV91,PM 5.125 17-NOV-27,2026-08-19,2026-08-18,2027-11-17,1.2457,5.125,100.852,4.3598,4.0391,32.07,4.9
PM,sample1,US718172CZ06,PM 4.875 15-FEB-28,2026-08-19,2026-08-18,2028-02-15,1.4921,4.875,100.588,4.4401,4.0884,35.17,2.3
PM,sample1,US718172CE76,PHILIP MORRIS INTL INC 3.125% 02Mar2028,2026-08-19,2026-08-18,2028-03-02,1.5359,3.125,98.038,4.4623,4.0972,36.51,-0.2
PM,sample1,US718172CJ63,PHILIP MORRIS INTL INC 3.375% 15Aug2029,2026-08-19,2026-08-18,2029-08-15,2.9897,3.375,96.464,4.6569,4.2593,39.76,-0.1
PM,sample1,US718172CW74,PM 5.625 17-NOV-29,2026-08-19,2026-08-18,2029-11-17,3.2471,5.625,102.667,4.683,4.2736,40.94,4.4
PM,sample1,US718172DA46,PM 5.125 15-FEB-30,2026-08-19,2026-08-18,2030-02-15,3.4935,5.125,101.071,4.7739,4.2871,48.68,1.4
PM,sample1,US718172CP24,PHILIP MORRIS INTL INC 2.1% 01May2030,2026-08-19,2026-08-18,2030-05-01,3.6988,2.1,91.019,4.7779,4.2984,47.95,-0.1
PM,sample1,US718172CS62,PHILIP MORRIS INTL INC 1.75% 01Nov2030,2026-08-19,2026-08-18,2030-11-01,4.2026,1.75,88.416,4.8317,4.3261,50.56,-0.4
PM,sample1,US718172CX57,PM 5.75 17-NOV-32,2026-08-19,2026-08-18,2032-11-17,6.2478,5.75,103.633,5.0395,4.4698,56.97,2.3
PM,sample1,US718172DB29,PM 5.375 15-FEB-33,2026-08-19,2026-08-18,2033-02-15,6.4942,5.375,101.244,5.1403,4.4895,65.08,0.7
PM,sample1,US718172AC39,PHILIP MORRIS INTL INC 6.375% 16May2038,2026-08-19,2026-08-18,2038-05-16,11.7399,6.375,106.801,5.5764,4.8092,76.72,0.0
PM,sample1,US718172AM11,PHILIP MORRIS INTL INC 4.375% 15Nov2041,2026-08-19,2026-08-18,2041-11-15,15.2416,4.375,85.079,5.8692,5.0088,86.04,-0.0
PM,sample1,US718172AP42,PHILIP MORRIS INTL INC 4.5% 20Mar2042,2026-08-19,2026-08-18,2042-03-20,15.5838,4.5,85.122,5.9805,5.0283,95.22,-0.0
PM,sample1,US718172AU37,PHILIP MORRIS INTL INC 3.875% 21Aug2042,2026-08-19,2026-08-18,2042-08-21,16.0055,3.875,79.392,5.8798,5.0523,82.75,-0.0
PM,sample1,US718172AW92,PHILIP MORRIS INTL INC 4.125% 04Mar2043,2026-08-19,2026-08-18,2043-03-04,16.5394,4.125,81.202,5.9231,5.0827,84.04,-0.0
PM,sample1,US718172BD03,PHILIP MORRIS INTL INC 4.875% 15Nov2043,2026-08-19,2026-08-18,2043-11-15,17.2402,4.875,88.641,5.9358,5.1227,81.31,-0.0
PM,sample1,US718172BL29,PHILIP MORRIS INTL INC 4.25% 10Nov2044,2026-08-19,2026-08-18,2044-11-10,18.2286,4.25,81.019,5.9727,5.179,79.37,-0.0
PNC,sample3_extension_2026-08-20,US693475AT21,PNC FINL SVCS GROUP INC 3.15% 19May2027,2026-08-19,2026-08-18,2027-05-19,0.7474,3.15,99.32,4.0778,3.9462,13.16,-0.0
PNC,sample3_extension_2026-08-20,US69353RFG83,PNC BK N A PITTSBURGH PA MEDIUM TERM SR 3.1% 25Oct2027,2026-08-19,2026-08-18,2027-10-25,1.1828,3.1,98.739,4.2028,4.0266,17.62,-0.2
PNR,sample3_extension_2026-08-20,US709629AR06,PNR 4.5 01-JUL-29,2026-08-19,2026-08-18,2029-07-01,2.8665,4.5,98.417,5.099,4.2507,84.83,-0.1
PNR,sample3_extension_2026-08-20,US709629AS88,PNR 5.9 15-JUL-32,2026-08-18,2026-08-18,2032-07-15,5.9083,5.9,101.7678,5.532,4.4427,108.93,1.2
PNW,sample3_extension_2026-08-20,US040555DD31,PNW 2.2 15-DEC-31,2026-08-19,2026-08-18,2031-12-15,5.3224,2.2,86.718,5.0801,4.3958,68.43,-0.1
PNW,sample3_extension_2026-08-20,US040555DE14,PNW 6.35 15-DEC-32,2026-08-19,2026-08-18,2032-12-15,6.3244,6.35,105.379,5.3016,4.476,82.56,3.3
PPG,sample3_extension_2026-08-20,US693506BP19,PPG INDS INC 3.75% 15Mar2028,2026-08-19,2026-08-18,2028-03-15,1.5715,3.75,98.704,4.6138,4.1043,50.95,-0.1
PPL,sample2,US546676AZ04,PPL 5.45 15-APR-33,2026-08-19,2026-08-18,2033-04-15,6.6557,5.45,100.899,5.2825,4.5025,78.0,0.4
PPL,sample2,US69351UBA07,PPL 5 15-MAY-33,2026-08-19,2026-08-18,2033-05-15,6.7379,5.0,99.329,5.1176,4.509,60.86,0.0
PPL,sample2,US69351UAM53,PPL ELEC UTILS CORP 6.25% 15May2039,2026-07-22,2026-07-22,2039-05-15,12.8131,6.25,105.98,5.58,4.8107,76.93,0.9
PPL,sample2,US69351UAR41,PPL ELEC UTILS CORP 4.75% 15Jul2043,2026-08-13,2026-08-13,2043-07-15,16.9199,4.75,87.885,5.8904,5.0244,86.6,-0.0
PPL,sample2,US546676AV99,LOUISVILLE GAS & ELEC CO 4.65% 15Nov2043,2026-08-19,2026-08-18,2043-11-15,17.2402,4.65,85.903,5.9699,5.1227,84.72,-0.0
PPL,sample2,US69351UAS24,PPL ELEC UTILS CORP 4.125% 15Jun2044,2026-08-12,2026-08-12,2044-06-15,17.8426,4.125,80.278,5.931,5.1192,81.18,-0.0
PPL,sample2,US69351UAU79,PPL ELEC UTILS CORP 3.95% 01Jun2047,2026-08-11,2026-08-11,2047-06-01,20.8049,3.95,75.5753,6.0245,5.2492,77.53,-0.0
PPL,sample2,US69351UAV52,PPL ELEC UTILS CORP 4.15% 15Jun2048,2026-07-30,2026-07-30,2048-06-15,21.8782,4.15,77.6827,5.9941,5.2181,77.6,-0.0
PPL,sample2,US69351UBB89,PPL 5.25 15-MAY-53,2026-08-18,2026-08-18,2053-05-15,26.7406,5.25,88.1728,6.1568,5.28,87.68,-0.0
PRU,sample3_extension_2026-08-20,US74153WCP23,PRU 1.2 01-SEP-26,2026-08-18,2026-08-18,2026-09-01,0.0383,1.2,99.9,4.1808,3.86,32.08,-35.6
PRU,sample3_extension_2026-08-20,US33830GAA94,PRU 5.791 15-FEB-33,2026-08-19,2026-08-18,2033-02-15,6.4942,5.791,102.222,5.3679,4.4895,87.84,1.3
PRU,sample3_extension_2026-08-20,US744320AY89,PRUDENTIAL FINL INC 3.905% 07Dec2047,2026-08-19,2026-08-18,2047-12-07,21.3005,3.905,73.546,6.149,5.28,86.9,-0.0
PRU,sample3_extension_2026-08-20,US744320BA94,PRUDENTIAL FINL INC 3.935% 07Dec2049,2026-08-19,2026-08-18,2049-12-07,23.3018,3.935,73.136,6.1119,5.28,83.19,-0.0
PRU,sample3_extension_2026-08-20,US33835PAA49,PRU 5.997 15-FEB-53,2026-08-18,2026-08-18,2053-02-15,26.4969,5.997,96.3852,6.2787,5.28,99.87,-0.0
PSA,sample3_extension_2026-08-20,US74460DAG43,PSA 1.5 09-NOV-26,2026-08-18,2026-08-18,2026-11-09,0.2272,1.5,99.454,3.9621,3.86,10.21,-3.3
PSA,sample3_extension_2026-08-20,US74460DAC39,Public Storage 3.094% 15Sep2027,2026-08-19,2026-08-18,2027-09-15,1.0732,3.094,98.857,4.1963,4.0046,19.17,-0.4
PSA,sample3_extension_2026-08-20,US74460DAH26,PSA 1.95 09-NOV-28,2026-08-19,2026-08-18,2028-11-09,2.2259,1.95,94.627,4.5203,4.2058,31.45,-0.7
PSA,sample3_extension_2026-08-20,US74460WAE75,PSA 2.3 01-MAY-31,2026-08-19,2026-08-18,2031-05-01,4.6982,2.3,89.8,4.7474,4.3534,39.4,-0.0
PSA,sample3_extension_2026-08-20,US74460DAJ81,PSA 2.25 09-NOV-31,2026-08-19,2026-08-18,2031-11-09,5.2238,2.25,88.188,4.8372,4.3879,44.93,-0.2
PSX,sample3_extension_2026-08-20,US718549AD00,Phillips 66 Partners LP 3.55% 01Oct2026,2026-08-19,2026-08-18,2026-10-01,0.1177,3.55,99.692,6.1886,3.86,232.86,-1.5
PSX,sample3_extension_2026-08-20,US718549AF57,Phillips 66 Partners LP 3.75% 01Mar2028,2026-08-18,2026-08-18,2028-03-01,1.5359,3.75,97.211,5.6737,4.0972,157.65,-0.3
PSX,sample3_extension_2026-08-20,US718546AR56,PHILLIPS 66 3.9% 15Mar2028,2026-08-19,2026-08-18,2028-03-15,1.5715,3.9,99.29,4.3713,4.1043,26.7,-0.1
PSX,sample3_extension_2026-08-20,US718546AK04,PHILLIPS 66 4.65% 15Nov2034,2026-08-19,2026-08-18,2034-11-15,8.2409,4.65,95.926,5.2649,4.6045,66.04,-0.0
PSX,sample3_extension_2026-08-20,US718546AH74,PHILLIPS 66 5.875% 01May2042,2026-08-19,2026-08-18,2042-05-01,15.6988,5.875,102.72,5.6111,5.0348,57.63,0.0
PSX,sample3_extension_2026-08-20,US718546AL86,PHILLIPS 66 4.875% 15Nov2044,2026-08-18,2026-08-18,2044-11-15,18.245,4.875,86.176,6.145,5.18,96.5,-0.0
PSX,sample3_extension_2026-08-20,US718546BA13,PSX 3.3 15-MAR-52,2026-08-17,2026-08-17,2052-03-15,25.577,3.3,62.861,6.219,5.3056,91.34,-0.0
PTC,sample2,US69370CAC47,PTC INC 4% 15Feb2028,2026-08-17,2026-08-17,2028-02-15,1.4976,4.0,98.2188,5.2569,4.0945,116.24,-0.5
PWR,sample3_extension_2026-08-20,US74762EAH53,PWR 2.35 15-JAN-32,2026-08-19,2026-08-18,2032-01-15,5.4073,2.35,86.995,5.1366,4.4026,73.4,-0.2
PWR,sample3_extension_2026-08-20,US74762EAJ10,PWR 3.05 01-OCT-41,2026-08-19,2026-08-18,2041-10-01,15.1184,3.05,71.541,5.926,5.0017,92.43,-0.1
PYPL,sample3_extension_2026-08-20,US70450YAK91,PYPL 3.9 01-JUN-27,2026-08-19,2026-08-18,2027-06-01,0.783,3.9,99.521,4.5244,3.9524,57.2,-0.2
PYPL,sample3_extension_2026-08-20,US70450YAL74,PYPL 4.4 01-JUN-32,2026-08-19,2026-08-18,2032-06-01,5.7851,4.4,97.508,4.8989,4.4328,46.61,-0.0
PYPL,sample3_extension_2026-08-20,US70450YAM57,PYPL 5.05 01-JUN-52,2026-08-19,2026-08-18,2052-06-01,25.7851,5.05,87.285,6.0272,5.28,74.72,-0.0
PYPL,sample3_extension_2026-08-20,US70450YAN31,PYPL 5.25 01-JUN-62,2026-08-19,2026-08-18,2062-06-01,35.7837,5.25,87.306,6.1287,5.28,84.87,0.0
QCOM,sample1,US747525AU71,QUALCOMM INC 3.25% 20May2027,2026-08-19,2026-08-18,2027-05-20,0.7502,3.25,99.333,4.1568,3.9467,21.01,-0.0
QCOM,sample1,US747525BN20,QUALCOMM INC 1.3% 20May2028,2026-08-19,2026-08-18,2028-05-20,1.7522,1.3,94.873,4.3741,4.1404,23.37,-0.4
QCOM,sample1,US747525BK80,QUALCOMM INC 2.15% 20May2030,2026-08-19,2026-08-18,2030-05-20,3.7509,2.15,91.082,4.7747,4.3013,47.34,-0.1
QCOM,sample1,US747525BP77,QUALCOMM INC 1.65% 20May2032,2026-08-19,2026-08-18,2032-05-20,5.7522,1.65,83.961,4.8824,4.4302,45.22,-0.1
QCOM,sample1,US747525BQ50,QCOM 4.25 20-MAY-32,2026-08-19,2026-08-18,2032-05-20,5.7522,4.25,97.1,4.8324,4.4302,40.22,-0.0
QCOM,sample1,US747525BS17,QCOM 5.4 20-MAY-33,2026-08-19,2026-08-18,2033-05-20,6.7515,5.4,102.231,4.9934,4.5101,48.33,1.2
QCOM,sample1,US747525AJ27,QUALCOMM INC 4.65% 20May2035,2026-08-19,2026-08-18,2035-05-20,8.7502,4.65,96.008,5.2231,4.635,58.81,0.0
QCOM,sample1,US747525AK99,QUALCOMM INC 4.8% 20May2045,2026-08-19,2026-08-18,2045-05-20,18.7515,4.8,85.757,6.083,5.2088,87.42,-0.0
QCOM,sample1,US747525BJ18,QUALCOMM INC 3.25% 20May2050,2026-08-12,2026-08-12,2050-05-20,23.77,3.25,63.614,6.194,5.24,95.4,-0.0
QCOM,sample1,US747525BR34,QCOM 4.5 20-MAY-52,2026-08-19,2026-08-18,2052-05-20,25.7522,4.5,78.639,6.165,5.28,88.5,-0.0
QCOM,sample1,US747525BT99,QCOM 6 20-MAY-53,2026-08-19,2026-08-18,2053-05-20,26.7515,6.0,97.975,6.1544,5.28,87.44,0.0
RCL,sample2,US780153AG79,ROYAL CARIBBEAN CRUISES LTD 7.5% 15Oct2027,2026-08-19,2026-08-18,2027-10-15,1.1554,7.5,103.313,4.5104,4.0211,48.93,0.6
RCL,sample2,US780153AW20,ROYAL CARIBBEAN CRUISES LTD 3.7% 15Mar2028,2026-08-19,2026-08-18,2028-03-15,1.5715,3.7,98.85,4.4652,4.1043,36.09,-0.1
REGN,sample1,US75886FAE79,REGENERON PHARMACEUTICALS INC 1.75% 15Sep2030,2026-08-19,2026-08-18,2030-09-15,4.0739,1.75,88.272,4.9683,4.3191,64.92,-0.3
REGN,sample1,US75886FAF45,REGENERON PHARMACEUTICALS INC 2.8% 15Sep2050,2026-08-19,2026-08-18,2050-09-15,24.0739,2.8,58.302,6.1384,5.28,85.84,-0.0
RF,sample2,US7591EPAT77,RF 1.8 12-AUG-28,2026-08-19,2026-08-18,2028-08-12,1.9822,1.8,94.729,4.6191,4.1864,43.27,-0.6
RF,sample2,US7591EPAE09,REGIONS FINL CORP NEW 7.375% 10Dec2037,2026-08-19,2026-08-18,2037-12-10,11.3101,7.375,112.336,5.8655,4.7847,108.08,0.0
RJF,sample2,US754730AF69,RAYMOND JAMES FINL INC 4.95% 15Jul2046,2026-08-19,2026-08-18,2046-07-15,19.9042,4.95,87.323,6.054,5.2745,77.95,-0.0
RJF,sample2,US754730AH26,RAYMOND JAMES FINL INC 3.75% 01Apr2051,2026-08-19,2026-08-18,2051-04-01,24.616,3.75,69.953,6.13,5.28,85.0,-0.0
ROK,sample2,US773903AL39,ROK 1.75 15-AUG-31,2026-08-19,2026-08-18,2031-08-15,4.9884,1.75,86.101,4.928,4.3694,55.86,-0.1
ROK,sample2,US773903AM12,ROK 2.8 15-AUG-61,2026-08-19,2026-08-18,2061-08-15,34.9897,2.8,53.8264,5.9542,5.28,67.42,-0.0
ROP,sample2,US776743AD85,ROPER TECHNOLOGIES INC 3.8% 15Dec2026,2026-08-19,2026-08-18,2026-12-15,0.3231,3.8,99.8282,4.3158,3.8727,44.31,1.1
ROP,sample2,US776743AF34,ROPER TECHNOLOGIES INC 4.2% 15Sep2028,2026-08-19,2026-08-18,2028-09-15,2.0753,4.2,99.098,4.6608,4.1953,46.55,-0.1
ROP,sample2,US776743AL02,ROPER TECHNOLOGIES INC 1.75% 15Feb2031,2026-08-19,2026-08-18,2031-02-15,4.4928,1.75,86.618,5.127,4.3421,78.49,-0.5
ROST,sample2,US778296AC75,ROST 4.7 15-APR-27,2026-08-18,2026-08-18,2027-04-15,0.6571,4.7,100.282,4.1116,3.9306,18.1,14.0
ROST,sample2,US778296AD58,ROST 4.8 15-APR-30,2026-08-19,2026-08-18,2030-04-15,3.655,4.8,98.853,5.1465,4.296,85.05,-0.0
ROST,sample2,US778296AE32,ROST 5.45 15-APR-50,2026-08-18,2026-08-18,2050-04-15,23.6578,5.45,87.215,6.5165,5.28,123.65,-0.0
RSG,sample2,US760759AS91,REPUBLIC SVCS INC 3.375% 15Nov2027,2026-08-19,2026-08-18,2027-11-15,1.2402,3.375,98.861,4.3275,4.038,28.95,-0.3
RSG,sample2,US760759AT74,REPUBLIC SVCS INC 3.95% 15May2028,2026-08-19,2026-08-18,2028-05-15,1.7385,3.95,99.21,4.4245,4.1377,28.68,-0.1
RSG,sample2,US760759AZ35,REPUBLIC SVCS INC 1.75% 15Feb2032,2026-08-19,2026-08-18,2032-02-15,5.4921,1.75,84.975,4.9071,4.4094,49.77,-0.3
RSG,sample2,US760759BA74,RSG 2.375 15-MAR-33,2026-08-19,2026-08-18,2033-03-15,6.5708,2.375,85.808,4.93,4.4957,43.43,-0.1
RTX,sample1,US75513ECH27,RTX CORP 3.5% 15Mar2027,2026-08-19,2026-08-18,2027-03-15,0.5695,3.5,99.616,4.1856,3.9154,27.02,-0.0
RTX,sample1,US75513EBZ34,RTX 7 01-NOV-28,2026-08-19,2026-08-18,2028-11-01,2.204,7.0,104.785,4.6784,4.2043,47.41,0.6
RTX,sample1,US75513EAD31,RTX CORP 2.25% 01Jul2030,2026-08-19,2026-08-18,2030-07-01,3.8658,2.25,91.314,4.7356,4.3076,42.8,-0.1
RTX,sample1,US75513ECM12,RTX CORP 1.9% 01Sep2031,2026-08-19,2026-08-18,2031-09-01,5.0349,1.9,87.031,4.835,4.3728,46.22,-0.2
RTX,sample1,US75513ECN94,RTX 2.375 15-MAR-32,2026-08-19,2026-08-18,2032-03-15,5.5715,2.375,87.7186,4.9227,4.4157,50.7,-0.1
RTX,sample1,US75513ECR09,RTX 5.15 27-FEB-33,2026-08-19,2026-08-18,2033-02-27,6.527,5.15,100.59,5.0399,4.4922,54.77,0.3
RTX,sample1,US75513ECK55,RTX CORP 4.35% 15Apr2047,2026-08-19,2026-08-18,2047-04-15,20.6543,4.35,81.17,5.9445,5.28,66.45,-0.0
RTX,sample1,US75513EAC57,RTX CORP 3.125% 01Jul2050,2026-08-19,2026-08-18,2050-07-01,23.8658,3.125,64.151,5.9589,5.28,67.89,-0.0
RTX,sample1,US75513ECL39,RTX CORP 2.82% 01Sep2051,2026-08-11,2026-08-11,2051-09-01,25.0568,2.82,59.089,5.9957,5.2449,75.08,-0.0
RTX,sample1,US75513ECP43,RTX 3.03 15-MAR-52,2026-08-19,2026-08-18,2052-03-15,25.5715,3.03,61.959,5.9417,5.28,66.17,-0.0
RTX,sample1,US75513ECS81,RTX 5.375 27-FEB-53,2026-08-19,2026-08-18,2053-02-27,26.527,5.375,91.992,5.9808,5.28,70.08,-0.0
RVTY,sample3_extension_2026-08-20,US714046AM14,PKI 1.9 15-SEP-28,2026-08-19,2026-08-18,2028-09-15,2.0753,1.9,94.432,4.7563,4.1953,56.1,-0.8
RVTY,sample3_extension_2026-08-20,US714046AH29,PKI 2.55 15-MAR-31,2026-08-17,2026-08-17,2031-03-15,4.5749,2.55,89.813,5.0725,4.3524,72.01,0.0
RVTY,sample3_extension_2026-08-20,US714046AN96,PKI 2.25 15-SEP-31,2026-08-18,2026-08-18,2031-09-15,5.076,2.25,87.454,5.087,4.3761,71.09,-0.2
RVTY,sample3_extension_2026-08-20,US714046AJ84,PKI 3.625 15-MAR-51,2026-08-18,2026-08-18,2051-03-15,24.5722,3.625,67.64,6.2093,5.28,92.93,-0.0
SBUX,sample1,US855244AP46,STARBUCKS CORP 3.5% 01Mar2028,2026-08-19,2026-08-18,2028-03-01,1.5332,3.5,98.582,4.468,4.0966,37.14,-0.2
SBUX,sample1,US855244AR02,STARBUCKS CORP 4% 15Nov2028,2026-08-19,2026-08-18,2028-11-15,2.2423,4.0,98.5,4.7119,4.207,50.49,-0.2
SBUX,sample1,US855244AT67,STARBUCKS CORP 3.55% 15Aug2029,2026-08-19,2026-08-18,2029-08-15,2.9897,3.55,97.006,4.635,4.2593,37.57,-0.1
SBUX,sample1,US855244AW96,STARBUCKS CORP 2.25% 12Mar2030,2026-08-19,2026-08-18,2030-03-12,3.5619,2.25,91.699,4.814,4.2909,52.31,-0.1
SBUX,sample1,US855244AZ28,STARBUCKS CORP 2.55% 15Nov2030,2026-08-19,2026-08-18,2030-11-15,4.2409,2.55,91.304,4.8443,4.3283,51.6,-0.2
SBUX,sample1,US855244BC24,SBUX 3 14-FEB-32,2026-08-19,2026-08-18,2032-02-14,5.4894,3.0,90.898,4.9137,4.4092,50.45,-0.2
SBUX,sample1,US855244BF54,SBUX 4.8 15-FEB-33,2026-08-19,2026-08-18,2033-02-15,6.4942,4.8,98.495,5.0751,4.4895,58.56,-0.0
SBUX,sample1,US855244AH20,STARBUCKS CORP 4.3% 15Jun2045,2026-08-19,2026-08-18,2045-06-15,18.8227,4.3,81.046,5.9925,5.2129,77.96,-0.0
SBUX,sample1,US855244AM15,STARBUCKS CORP 3.75% 01Dec2047,2026-08-11,2026-08-11,2047-12-01,21.306,3.75,71.848,6.135,5.2487,88.63,-0.0
SBUX,sample1,US855244AS84,STARBUCKS CORP 4.5% 15Nov2048,2026-08-17,2026-08-17,2048-11-15,22.2478,4.5,79.412,6.2207,5.3022,91.85,-0.0
SBUX,sample1,US855244AU31,STARBUCKS CORP 4.45% 15Aug2049,2026-08-19,2026-08-18,2049-08-15,22.9897,4.45,79.9777,6.078,5.28,79.8,-0.0
SBUX,sample1,US855244BA67,STARBUCKS CORP 3.5% 15Nov2050,2026-08-19,2026-08-18,2050-11-15,24.2409,3.5,67.341,6.0963,5.28,81.63,-0.0
SCHW,sample1,US808513AQ89,SCHWAB CHARLES CORP NEW 3.2% 02Mar2027,2026-08-19,2026-08-18,2027-03-02,0.5339,3.2,99.511,4.1345,3.9092,22.53,-0.1
SCHW,sample1,US808513BY05,SCHW 2.45 03-MAR-27,2026-08-19,2026-08-18,2027-03-03,0.5366,2.45,99.033,4.2922,3.9097,38.25,-0.2
SCHW,sample1,US808513BW49,SCHW 3.3 01-APR-27,2026-08-19,2026-08-18,2027-04-01,0.616,3.3,99.447,4.2169,3.9234,29.35,-0.3
SCHW,sample1,US808513AU91,SCHWAB CHARLES CORP NEW 3.2% 25Jan2028,2026-08-19,2026-08-18,2028-01-25,1.4346,3.2,98.247,4.4772,4.0769,40.03,-0.4
SCHW,sample1,US808513BP97,SCHWAB CHARLES CORP NEW 2% 20Mar2028,2026-08-19,2026-08-18,2028-03-20,1.5852,2.0,96.292,4.4503,4.107,34.33,-0.3
SCHW,sample1,US808513AZ88,SCHWAB CHARLES CORP NEW 4% 01Feb2029,2026-08-19,2026-08-18,2029-02-01,2.4559,4.0,98.758,4.541,4.2219,31.91,-0.2
SCHW,sample1,US808513BX22,SCHW 2.75 01-OCT-29,2026-08-19,2026-08-18,2029-10-01,3.1184,2.75,94.199,4.776,4.2665,50.95,-0.3
SCHW,sample1,US808513BG98,SCHWAB CHARLES CORP NEW 1.65% 11Mar2031,2026-08-19,2026-08-18,2031-03-11,4.5585,1.65,87.08,4.8425,4.3457,49.68,-0.0
SCHW,sample1,US808513BS37,SCHWAB CHARLES CORP NEW 2.3% 13May2031,2026-08-19,2026-08-18,2031-05-13,4.731,2.3,89.371,4.8401,4.3552,48.49,-0.0
SCHW,sample1,US808513BT10,SCHW 1.95 01-DEC-31,2026-08-19,2026-08-18,2031-12-01,5.2841,1.95,86.485,4.8839,4.3927,49.12,-0.2
SCHW,sample1,US808513CA10,SCHW 2.9 03-MAR-32,2026-08-19,2026-08-18,2032-03-03,5.5387,2.9,90.085,4.9704,4.4131,55.73,-0.1
SHW,sample3_extension_2026-08-20,US824348AW63,SHERWIN-WILLIAMS CO 3.45% 01Jun2027,2026-08-19,2026-08-18,2027-06-01,0.783,3.45,99.32,4.3394,3.9524,38.7,-0.3
SHW,sample3_extension_2026-08-20,US824348BN55,SHW 2.2 15-MAR-32,2026-08-19,2026-08-18,2032-03-15,5.5715,2.2,86.8441,4.9297,4.4157,51.4,-0.1
SHW,sample3_extension_2026-08-20,US824348AQ95,SHERWIN-WILLIAMS CO 4% 15Dec2042,2026-08-18,2026-08-18,2042-12-15,16.3258,4.0,78.626,6.0831,5.0706,101.25,-0.0
SHW,sample3_extension_2026-08-20,US824348AS51,SHERWIN-WILLIAMS CO 4.55% 01Aug2045,2026-08-14,2026-08-14,2045-08-01,18.9651,4.55,83.0995,6.0616,5.191,87.06,-0.0
SHW,sample3_extension_2026-08-20,US824348AX47,SHERWIN-WILLIAMS CO 4.5% 01Jun2047,2026-08-19,2026-08-18,2047-06-01,20.783,4.5,81.684,6.061,5.28,78.1,-0.0
SHW,sample3_extension_2026-08-20,US824348BP04,SHW 2.9 15-MAR-52,2026-08-14,2026-08-14,2052-03-15,25.5852,2.9,58.774,6.105,5.25,85.5,-0.1
SJM,sample3_extension_2026-08-20,US832696AR95,SMUCKER J M CO 3.375% 15Dec2027,2026-08-19,2026-08-18,2027-12-15,1.3224,3.375,98.3,4.7155,4.0545,66.1,-0.3
SJM,sample3_extension_2026-08-20,US832696AU25,SJM 2.125 15-MAR-32,2026-08-19,2026-08-18,2032-03-15,5.5715,2.125,85.557,5.1397,4.4157,72.4,-0.1
SJM,sample3_extension_2026-08-20,US832696AM09,SMUCKER J M CO 4.25% 15Mar2035,2026-08-19,2026-08-18,2035-03-15,8.5695,4.25,91.648,5.4841,4.6242,85.99,-0.0
SJM,sample3_extension_2026-08-20,US832696AP30,SMUCKER J M CO 4.375% 15Mar2045,2026-08-14,2026-08-14,2045-03-15,18.5845,4.375,80.7637,6.1224,5.1693,95.31,-0.0
SNA,sample3_extension_2026-08-20,US833034AK75,SNAP ON INC 3.25% 01Mar2027,2026-08-17,2026-08-17,2027-03-01,0.5366,3.25,99.549,4.107,3.9197,18.73,-0.1
SNA,sample3_extension_2026-08-20,US833034AL58,SNAP ON INC 4.1% 01Mar2048,2026-08-19,2026-08-18,2048-03-01,21.5332,4.1,77.7006,5.9504,5.28,67.04,-0.0
SO,sample1,US842587DD65,SO 5.113 01-AUG-27,2026-08-19,2026-08-18,2027-08-01,0.95,5.113,100.655,4.3966,3.9813,41.53,0.2
SO,sample1,US842587DH79,SO 1.75 15-MAR-28,2026-08-19,2026-08-18,2028-03-15,1.5715,1.75,95.799,4.5531,4.1043,44.88,-0.4
SO,sample1,US842587DE49,SOUTHERN CO 3.7% 30Apr2030,2026-08-19,2026-08-18,2030-04-30,3.6961,3.7,96.199,4.8342,4.2983,53.59,-0.0
SO,sample1,US842587DL81,SO 5.7 15-OCT-32,2026-08-19,2026-08-18,2032-10-15,6.1574,5.7,103.0931,5.0624,4.4626,59.98,4.4
SO,sample1,US842587CW55,SOUTHERN CO 4.25% 01Jul2036,2026-08-19,2026-08-18,2036-07-01,9.8672,4.25,90.329,5.5347,4.702,83.27,-0.0
SO,sample1,US842587CX39,SOUTHERN CO 4.4% 01Jul2046,2026-08-19,2026-08-18,2046-07-01,19.8658,4.4,81.098,6.047,5.2724,77.46,-0.0
SO,sample1,US8426EPAB43,SOUTHERN CO GAS CAP CORP 3.95% 01Oct2046,2026-08-17,2026-08-17,2046-10-01,20.1232,3.95,73.586,6.28,5.3001,97.99,-0.0
SO,sample1,US8426EPAC26,SOUTHERN CO GAS CAP CORP 4.4% 30May2047,2026-08-18,2026-08-18,2047-05-30,20.7803,4.4,78.1089,6.3035,5.28,102.35,0.0
SO,sample1,US373334KP56,GEORGIA PWR CO 3.25% 15Mar2051,2026-08-14,2026-08-14,2051-03-15,24.5832,3.25,63.911,6.1036,5.25,85.36,-0.0
SPG,sample3_extension_2026-08-20,US828807DP98,SPG 1.375 15-JAN-27,2026-08-19,2026-08-18,2027-01-15,0.4079,1.375,98.78,4.4523,3.8874,56.49,-2.9
SPG,sample3_extension_2026-08-20,US828807DM67,SPG 2.2 01-FEB-31,2026-08-19,2026-08-18,2031-02-01,4.4545,2.2,89.545,4.841,4.34,50.1,-0.4
SPG,sample3_extension_2026-08-20,US828807DQ71,SPG 2.25 15-JAN-32,2026-08-19,2026-08-18,2032-01-15,5.4073,2.25,87.027,5.0209,4.4026,61.83,-0.2
SPG,sample3_extension_2026-08-20,US828807DT11,SPG 2.65 01-FEB-32,2026-08-19,2026-08-18,2032-02-01,5.4538,2.65,88.794,5.027,4.4063,62.07,-0.3
SPG,sample3_extension_2026-08-20,US828807DU83,SPG 5.5 08-MAR-33,2026-08-19,2026-08-18,2033-03-08,6.5517,5.5,102.881,4.9625,4.4941,46.84,1.6
SPG,sample3_extension_2026-08-20,US828807DV66,SPG 5.85 08-MAR-53,2026-08-19,2026-08-18,2053-03-08,26.5517,5.85,97.25,6.0593,5.28,77.93,-0.0
SPGI,sample1,US78409VAM63,S&P GLOBAL INC 2.95% 22Jan2027,2026-08-19,2026-08-18,2027-01-22,0.4271,2.95,99.399,4.3897,3.8907,49.9,-0.9
SPGI,sample1,US78409VBH69,SPGI 2.45 01-MAR-27,2026-08-19,2026-08-18,2027-03-01,0.5311,2.45,99.1,4.1815,3.9087,27.28,-0.2
SPGI,sample1,US78409VBG86,SPGI 4.25 01-MAY-29,2026-08-19,2026-08-18,2029-05-01,2.6995,4.25,98.921,4.6781,4.239,43.91,-0.0
SPGI,sample1,US78409VBK98,SPGI 2.9 01-MAR-32,2026-08-19,2026-08-18,2032-03-01,5.5332,2.9,90.368,4.9097,4.4127,49.7,-0.1
SPGI,sample1,US78409VBL71,SPGI 3.7 01-MAR-52,2026-08-19,2026-08-18,2052-03-01,25.5332,3.7,70.841,5.931,5.28,65.1,-0.0
SPGI,sample1,US78409VBM54,SPGI 3.9 01-MAR-62,2026-08-13,2026-08-13,2062-03-01,35.5483,3.9,68.818,6.042,5.21,83.2,-0.0
SRE,sample2,US842434CW01,SRE 2.95 15-APR-27,2026-08-19,2026-08-18,2027-04-15,0.6543,2.95,99.211,4.1828,3.9301,25.27,-0.3
SRE,sample2,US816851BA63,SEMPRA ENERGY 3.25% 15Jun2027,2026-08-19,2026-08-18,2027-06-15,0.8214,3.25,99.174,4.2816,3.959,32.26,-0.2
SRE,sample2,US816851BG34,SEMPRA ENERGY 3.4% 01Feb2028,2026-08-19,2026-08-18,2028-02-01,1.4538,3.4,98.405,4.55,4.0808,46.92,-0.5
SRE,sample2,US816851BP33,SRE 3.7 01-APR-29,2026-08-19,2026-08-18,2029-04-01,2.6174,3.7,97.384,4.7749,4.2332,54.17,-0.1
SRE,sample2,US797440BZ64,SAN DIEGO GAS & ELEC CO 1.7% 01Oct2030,2026-08-19,2026-08-18,2030-10-01,4.1177,1.7,88.757,4.7397,4.3215,41.82,-0.3
SRE,sample2,US81685VAA17,SRE 3.25 15-JAN-32,2026-08-06,2026-08-06,2032-01-15,5.4428,3.25,88.47,5.7481,4.4288,131.93,-0.2
SRE,sample2,US797440CB87,SRE 3 15-MAR-32,2026-08-19,2026-08-18,2032-03-15,5.5715,3.0,89.909,5.104,4.4157,68.83,-0.1
SRE,sample2,US816851BH17,SEMPRA ENERGY 3.8% 01Feb2038,2026-08-19,2026-08-18,2038-02-01,11.4552,3.8,83.204,5.8313,4.7929,103.84,-0.1
SRE,sample2,US816851AP42,SEMPRA ENERGY 6% 15Oct2039,2026-08-19,2026-08-18,2039-10-15,13.1554,6.0,100.479,5.946,4.8899,105.61,-0.0
SRE,sample2,US797440BM51,SAN DIEGO GAS & ELEC CO 4.5% 15Aug2040,2026-08-19,2026-08-18,2040-08-15,13.9904,4.5,87.355,5.835,4.9375,89.75,-0.0
SRE,sample2,US797440BP82,SAN DIEGO GAS & ELEC CO 3.95% 15Nov2041,2026-08-11,2026-08-11,2041-11-15,15.2635,3.95,80.5035,5.9056,4.9895,91.61,-0.0
SRE,sample2,US797440BQ65,SAN DIEGO GAS & ELEC CO 4.3% 01Apr2042,2026-08-19,2026-08-18,2042-04-01,15.6167,4.3,83.31,5.9561,5.0302,92.59,-0.0
SRE,sample2,US842434CK62,SOUTHERN CALIF GAS CO 3.75% 15Sep2042,2026-08-17,2026-08-17,2042-09-15,16.0794,3.75,76.094,6.1049,5.0726,103.23,-0.1
SRE,sample2,US842434CL46,SOUTHERN CALIF GAS CO 4.45% 15Mar2044,2026-08-19,2026-08-18,2044-03-15,17.5715,4.45,80.992,6.2469,5.1416,110.53,-0.0
SRE,sample2,US797440BV50,SAN DIEGO GAS & ELEC CO 3.75% 01Jun2047,2026-08-19,2026-08-18,2047-06-01,20.783,3.75,73.327,6.015,5.28,73.5,-0.0
SRE,sample2,US816851BJ72,SEMPRA ENERGY 4% 01Feb2048,2026-08-19,2026-08-18,2048-02-01,21.4538,4.0,72.925,6.323,5.28,104.3,-0.0
SRE,sample2,US797440BW34,SAN DIEGO GAS & ELEC CO 4.15% 15May2048,2026-08-19,2026-08-18,2048-05-15,21.7385,4.15,76.772,6.0912,5.28,81.12,-0.0
SRE,sample2,US842434CR16,SOUTHERN CALIF GAS CO 4.125% 01Jun2048,2026-08-19,2026-08-18,2048-06-01,21.7851,4.125,76.0418,6.1323,5.28,85.23,-0.0
SRE,sample2,US842434CS98,SOUTHERN CALIF GAS CO 4.3% 15Jan2049,2026-08-17,2026-08-17,2049-01-15,22.4148,4.3,77.3829,6.1769,5.3024,87.45,-0.0
SRE,sample2,US797440CA05,SRE 2.95 15-AUG-51,2026-08-18,2026-08-18,2051-08-15,24.9911,2.95,60.107,6.073,5.28,79.3,-0.0
SRE,sample2,US842434CX83,SRE 6.35 15-NOV-52,2026-08-12,2026-08-12,2052-11-15,26.2615,6.35,102.276,6.1715,5.24,93.15,0.1
SRE,sample2,US797440CD44,SRE 5.35 01-APR-53,2026-08-19,2026-08-18,2053-04-01,26.6174,5.35,88.9,6.207,5.28,92.7,-0.0
STE,sample2,US85917PAA57,STE 2.7 15-MAR-31,2026-08-18,2026-08-18,2031-03-15,4.5722,2.7,90.41,5.0761,4.3465,72.96,0.0
STE,sample2,US85917PAB31,STE 3.75 15-MAR-51,2026-08-13,2026-08-13,2051-03-15,24.5859,3.75,68.48,6.284,5.2046,107.94,0.0
STT,sample2,US857477BG73,STATE STR CORP 2.4% 24Jan2030,2026-08-19,2026-08-18,2030-01-24,3.4333,2.4,93.187,4.5693,4.2838,28.55,-0.3
STT,sample2,US857477BP72,STATE STR CORP 2.2% 03Mar2031,2026-08-19,2026-08-18,2031-03-03,4.5366,2.2,88.847,4.9768,4.3445,63.23,-0.0
STX,sample3_extension_2026-08-20,US81180WAN11,Seagate Technology 5.75% 1dec2034 USD,2026-08-19,2026-08-18,2034-12-01,8.2847,5.75,95.105,6.5227,4.6071,191.56,-0.0
STZ,sample3_extension_2026-08-20,US21036PAS74,CONSTELLATION BRANDS INC 3.5% 09May2027,2026-08-19,2026-08-18,2027-05-09,0.7201,3.5,99.37,4.3925,3.9415,45.1,-0.1
STZ,sample3_extension_2026-08-20,US21036PBK30,STZ 4.35 09-MAY-27,2026-08-19,2026-08-18,2027-05-09,0.7201,4.35,99.977,4.3746,3.9415,43.31,-0.0
STZ,sample3_extension_2026-08-20,US21036PAY43,CONSTELLATION BRANDS INC 3.6% 15Feb2028,2026-08-19,2026-08-18,2028-02-15,1.4921,3.6,98.53,4.6346,4.0884,54.62,-0.4
STZ,sample3_extension_2026-08-20,US21036PBC14,CONSTELLATION BRANDS INC 4.65% 15Nov2028,2026-08-19,2026-08-18,2028-11-15,2.2423,4.65,99.77,4.7564,4.207,54.94,-0.0
STZ,sample3_extension_2026-08-20,US21036PBL13,STZ 4.75 09-MAY-32,2026-08-19,2026-08-18,2032-05-09,5.7221,4.75,98.139,5.128,4.4278,70.02,-0.0
STZ,sample3_extension_2026-08-20,US21036PAT57,CONSTELLATION BRANDS INC 4.5% 09May2047,2026-08-19,2026-08-18,2047-05-09,20.7201,4.5,80.181,6.213,5.28,93.3,-0.0
STZ,sample3_extension_2026-08-20,US21036PAZ18,CONSTELLATION BRANDS INC 4.1% 15Feb2048,2026-08-17,2026-08-17,2048-02-15,21.4976,4.1,74.688,6.258,5.3015,95.65,-0.0
STZ,sample3_extension_2026-08-20,US21036PBD96,CONSTELLATION BRANDS INC 5.25% 15Nov2048,2026-08-13,2026-08-13,2048-11-15,22.2587,5.25,89.346,6.133,5.2023,93.07,-0.0
SWK,sample2,US854502AT83,SWK 6 06-MAR-28,2026-08-19,2026-08-18,2028-03-06,1.5469,6.0,101.907,4.6363,4.0994,53.69,6.9
SWK,sample2,US854502AH46,STANLEY BLACK & DECKER INC 4.25% 15Nov2028,2026-08-19,2026-08-18,2028-11-15,2.2423,4.25,99.239,4.6092,4.207,40.22,-0.1
SWK,sample2,US854502AL57,STANLEY BLACK & DECKER INC 2.3% 15Mar2030,2026-08-19,2026-08-18,2030-03-15,3.5702,2.3,92.75,4.5218,4.2914,23.04,-0.0
SWK,sample2,US854502AQ45,SWK 3 15-MAY-32,2026-08-19,2026-08-18,2032-05-15,5.7385,3.0,89.687,5.0951,4.4291,66.6,-0.1
SWK,sample2,US854502AA92,STANLEY BLACK & DECKER INC 5.2% 01Sep2040,2026-08-19,2026-08-18,2040-09-01,14.037,5.2,92.448,6.0038,4.9401,106.37,-0.0
SWK,sample2,US854502AJ02,STANLEY BLACK & DECKER INC 4.85% 15Nov2048,2026-08-17,2026-08-17,2048-11-15,22.2478,4.85,83.087,6.2693,5.3022,96.71,-0.0
SWK,sample2,US854502AN14,STANLEY BLACK & DECKER INC 2.75% 15Nov2050,2026-08-17,2026-08-17,2050-11-15,24.2464,2.75,56.482,6.263,5.3042,95.88,-0.0
SWKS,sample3_extension_2026-08-20,US83088MAL63,SWKS 3 01-JUN-31,2026-08-19,2026-08-18,2031-06-01,4.783,3.0,89.942,5.415,4.3581,105.69,-0.1
SYF,sample2,US87166FAE34,SYF 5.625 23-AUG-27,2026-08-19,2026-08-18,2027-08-23,1.0103,5.625,100.982,4.5331,3.9921,54.1,8.5
SYF,sample2,US87165BAM54,SYNCHRONY FINL 3.95% 01Dec2027,2026-08-19,2026-08-18,2027-12-01,1.2841,3.95,99.109,4.6703,4.0468,62.35,-0.2
SYF,sample2,US87165BAR42,SYF 2.875 28-OCT-31,2026-08-19,2026-08-18,2031-10-28,5.191,2.875,88.191,5.5225,4.3853,113.72,-0.1
SYF,sample2,US87165BAU70,SYF 7.25 02-FEB-33,2026-08-19,2026-08-18,2033-02-02,6.4586,7.25,103.474,6.5599,4.4867,207.32,2.0
SYK,sample1,US863667AQ47,STRYKER CORP 3.65% 07Mar2028,2026-08-18,2026-08-18,2028-03-07,1.5524,3.65,98.763,4.4838,4.1005,38.33,-0.1
SYK,sample1,US863667AY70,STRYKER CORP 1.95% 15Jun2030,2026-08-19,2026-08-18,2030-06-15,3.822,1.95,90.14,4.8057,4.3052,50.05,-0.2
SYK,sample1,US863667AE17,STRYKER CORP 4.1% 01Apr2043,2026-08-14,2026-08-14,2043-04-01,16.6297,4.1,80.863,5.925,5.0579,86.71,-0.1
SYK,sample1,US863667AG64,STRYKER CORP 4.375% 15May2044,2026-08-19,2026-08-18,2044-05-15,17.7385,4.375,83.554,5.88,5.1511,72.89,-0.0
SYK,sample1,US863667AJ04,STRYKER CORP 4.625% 15Mar2046,2026-08-19,2026-08-18,2046-03-15,19.5702,4.625,84.858,5.944,5.2555,68.85,-0.0
SYY,sample1,US871829BF39,SYSCO CORP 3.25% 15Jul2027,2026-08-19,2026-08-18,2027-07-15,0.9035,3.25,98.989,4.4014,3.9733,42.81,-0.1
SYY,sample1,US871829BL07,SYSCO CORP 5.95% 01Apr2030,2026-08-19,2026-08-18,2030-04-01,3.6167,5.95,103.1,4.9389,4.2939,64.5,6.1
SYY,sample1,US871829BQ93,SYY 2.45 14-DEC-31,2026-08-19,2026-08-18,2031-12-14,5.3196,2.45,88.267,4.9889,4.3956,59.33,-0.1
SYY,sample1,US871829AJ69,SYSCO CORP 5.375% 21Sep2035,2026-08-18,2026-08-18,2035-09-21,9.0924,5.375,98.252,5.6225,4.6555,96.7,-0.0
SYY,sample1,US871829AY37,SYSCO CORP 4.85% 01Oct2045,2026-08-11,2026-08-11,2045-10-01,19.1403,4.85,83.873,6.313,5.2027,111.03,-0.0
SYY,sample1,US871829BD80,SYSCO CORP 4.5% 01Apr2046,2026-08-17,2026-08-17,2046-04-01,19.6222,4.5,79.482,6.342,5.2781,106.39,-0.0
SYY,sample1,US871829BH94,SYSCO CORP 4.45% 15Mar2048,2026-08-17,2026-08-17,2048-03-15,21.577,4.45,77.655,6.369,5.3016,106.74,-0.0
SYY,sample1,US871829BN62,SYSCO CORP 6.6% 01Apr2050,2026-08-19,2026-08-18,2050-04-01,23.6167,6.6,102.0816,6.4251,5.28,114.51,0.2
SYY,sample1,US871829BR76,SYY 3.15 14-DEC-51,2026-08-18,2026-08-18,2051-12-14,25.3224,3.15,60.039,6.34,5.28,106.0,-0.0
T,sample3_extension_2026-08-20,US00206RDQ20,AT&T INC 4.25% 01Mar2027,2026-08-19,2026-08-18,2027-03-01,0.5311,4.25,99.92,4.4016,3.9087,49.29,-0.0
T,sample3_extension_2026-08-20,US00206RGL06,AT&T INC 4.1% 15Feb2028,2026-08-19,2026-08-18,2028-02-15,1.4921,4.1,99.368,4.5442,4.0884,45.58,-0.2
T,sample3_extension_2026-08-20,US00206RGM88,AT&T INC 6.375% 01Jun2028,2026-08-18,2026-08-18,2028-06-01,1.7878,6.375,102.013,5.1729,4.1476,102.53,0.3
T,sample3_extension_2026-08-20,US001957AW94,AT&T CORP 6.5% 15Mar2029,2026-08-19,2026-08-18,2029-03-15,2.5708,6.5,103.2,5.1523,4.23,92.23,0.1
T,sample3_extension_2026-08-20,US00206RGQ92,AT&T INC 4.3% 15Feb2030,2026-08-19,2026-08-18,2030-02-15,3.4935,4.3,99.619,4.4189,4.2871,13.18,-0.0
T,sample3_extension_2026-08-20,US78387GAM50,SBC COMMUNICATIONS INC 6.45% 15Jun2034,2026-08-18,2026-08-18,2034-06-15,7.8248,6.45,105.538,5.5655,4.5795,98.6,0.0
T,sample3_extension_2026-08-20,US78387GAQ64,SBC COMMUNICATIONS INC 6.15% 15Sep2034,2026-08-19,2026-08-18,2034-09-15,8.0739,6.15,104.336,5.4772,4.5944,88.28,0.0
T,sample3_extension_2026-08-20,US00206RCP55,AT&T INC 4.5% 15May2035,2026-08-19,2026-08-18,2035-05-15,8.7365,4.5,92.532,5.5911,4.6342,95.69,-0.0
T,sample3_extension_2026-08-20,US00206RAB87,AT&T INC 6.8% 15May2036,2026-08-19,2026-08-18,2036-05-15,9.7385,6.8,106.526,5.9073,4.6943,121.3,0.0
T,sample3_extension_2026-08-20,US00206RDR03,AT&T INC 5.25% 01Mar2037,2026-08-19,2026-08-18,2037-03-01,10.5325,5.25,95.531,5.8234,4.7404,108.3,-0.0
T,sample3_extension_2026-08-20,US00206RFW79,AT&T INC 4.9% 15Aug2037,2026-08-19,2026-08-18,2037-08-15,10.9897,4.9,92.7581,5.8004,4.7664,103.4,-0.0
T,sample3_extension_2026-08-20,US00206RAD44,AT&T INC 6.5% 01Sep2037,2026-08-18,2026-08-18,2037-09-01,11.039,6.5,103.897,6.0113,4.7692,124.21,0.0
T,sample3_extension_2026-08-20,US00206RAG74,AT&T INC 6.3% 15Jan2038,2026-08-19,2026-08-18,2038-01-15,11.4086,6.3,103.45,5.8796,4.7903,108.93,0.0
T,sample3_extension_2026-08-20,US00206RAS13,AT&T INC 6.55% 15Feb2039,2026-08-19,2026-08-18,2039-02-15,12.4928,6.55,106.024,5.8627,4.8521,101.06,0.0
T,sample3_extension_2026-08-20,US00206RDF64,AT&T INC 6% 15Aug2040,2026-08-19,2026-08-18,2040-08-15,13.9904,6.0,99.124,6.0938,4.9375,115.63,0.0
T,sample3_extension_2026-08-20,US04650NAB01,AT&T INC 5.35% 01Sep2040,2026-08-19,2026-08-18,2040-09-01,14.037,5.35,93.759,6.0146,4.9401,107.45,-0.0
T,sample3_extension_2026-08-20,US00206RDG48,AT&T INC 6.375% 01Mar2041,2026-08-18,2026-08-18,2041-03-01,14.5352,6.375,102.19,6.1447,4.9685,117.62,-0.0
T,sample3_extension_2026-08-20,US00206RBA95,AT&T INC 5.55% 15Aug2041,2026-08-19,2026-08-18,2041-08-15,14.9897,5.55,97.0989,5.8431,4.9944,84.87,-0.0
T,sample3_extension_2026-08-20,US00206RDH21,AT&T INC 5.15% 15Mar2042,2026-08-19,2026-08-18,2042-03-15,15.5702,5.15,88.253,6.3483,5.0275,132.08,-0.0
T,sample3_extension_2026-08-20,US00206RJH66,AT & T Inc 4.9% 15jun2042,2026-08-18,2026-08-18,2042-06-15,15.8248,4.9,83.974,6.5399,5.042,149.79,-0.0
T,sample3_extension_2026-08-20,US00206RBH49,AT&T INC 4.3% 15Dec2042,2026-08-19,2026-08-18,2042-12-15,16.3231,4.3,79.26,6.3602,5.0704,128.98,-0.0
T,sample3_extension_2026-08-20,US00206RJK95,AT&T Inc 4.65% 1jun2044,2026-08-18,2026-08-18,2044-06-01,17.7878,4.65,81.099,6.4511,5.1539,129.72,-0.0
T,sample3_extension_2026-08-20,US00206RCG56,AT&T INC 4.8% 15Jun2044,2026-08-19,2026-08-18,2044-06-15,17.8234,4.8,82.64,6.4525,5.1559,129.66,-0.0
T,sample3_extension_2026-08-20,US00206RBK77,AT&T INC 4.35% 15Jun2045,2026-08-19,2026-08-18,2045-06-15,18.8227,4.35,76.7,6.5155,5.2129,130.26,-0.0
T,sample3_extension_2026-08-20,US00206RCQ39,AT&T INC 4.75% 15May2046,2026-08-19,2026-08-18,2046-05-15,19.7372,4.75,79.25,6.6525,5.265,138.75,0.0
T,sample3_extension_2026-08-20,US00206RHA32,AT&T INC 5.15% 15Nov2046,2026-08-19,2026-08-18,2046-11-15,20.2409,5.15,84.642,6.5272,5.28,124.72,-0.0
T,sample3_extension_2026-08-20,US00206RCU41,AT&T INC 5.65% 15Feb2047,2026-08-19,2026-08-18,2047-02-15,20.4928,5.65,92.5092,6.3062,5.28,102.62,-0.0
T,sample3_extension_2026-08-20,US00206RDS85,AT&T INC 5.45% 01Mar2047,2026-08-19,2026-08-18,2047-03-01,20.5311,5.45,87.8,6.5378,5.28,125.78,-0.0
T,sample3_extension_2026-08-20,US00206RDJ86,AT&T INC 4.5% 09Mar2048,2026-08-19,2026-08-18,2048-03-09,21.5551,4.5,76.448,6.5556,5.28,127.56,-0.0
T,sample3_extension_2026-08-20,US00206RDK59,AT&T INC 4.55% 09Mar2049,2026-08-19,2026-08-18,2049-03-09,22.5544,4.55,76.0,6.6121,5.28,133.21,0.0
T,sample3_extension_2026-08-20,US00206RFU14,AT&T INC 5.15% 15Feb2050,2026-08-19,2026-08-18,2050-02-15,23.4935,5.15,83.5937,6.5247,5.28,124.47,-0.0
T,sample3_extension_2026-08-20,US00206RDT68,AT&T INC 5.7% 01Mar2057,2026-08-13,2026-08-13,2057-03-01,30.5489,5.7,89.98,6.455,5.21,124.5,-0.0
TAP,sample3_extension_2026-08-20,US60871RAD26,MOLSON COORS BREWING CO 5% 01May2042,2026-08-19,2026-08-18,2042-05-01,15.6988,5.0,88.333,6.1701,5.0348,113.53,-0.0
TAP,sample3_extension_2026-08-20,US60871RAH30,MOLSON COORS BREWING CO 4.2% 15Jul2046,2026-08-19,2026-08-18,2046-07-15,19.9042,4.2,76.862,6.2468,5.2745,97.23,-0.0
TDY,sample2,US879360AD71,TDY 2.25 01-APR-28,2026-08-19,2026-08-18,2028-04-01,1.6181,2.25,96.209,4.7156,4.1136,60.2,-0.6
TDY,sample2,US879360AE54,TELEDYNE TECHNOLOGIES INC 2.75% 01Apr2031,2026-08-19,2026-08-18,2031-04-01,4.616,2.75,90.77,5.015,4.3489,66.61,-0.1
TEL,sample2,US902133AU19,TYCO ELECTRONICS GROUP S A 3.125% 15Aug2027,2026-08-19,2026-08-18,2027-08-15,0.9884,3.125,98.874,4.303,3.988,31.5,-0.3
TEL,sample2,US902133AY31,TEL 2.5 04-FEB-32,2026-08-19,2026-08-18,2032-02-04,5.462,2.5,88.001,5.043,4.407,63.6,-0.3
TEL,sample2,US902133AG25,TYCO ELECTRONICS GROUP S A 7.125% 01Oct2037,2026-08-06,2026-08-06,2037-10-01,11.154,7.125,113.714,5.465,4.7512,71.38,0.0
TFC,sample2,US89788MAC64,TRUIST FINL CORP SR MED TERM NTS BOOK EN 1.125% 03Aug2027,2026-08-19,2026-08-18,2027-08-03,0.9555,1.125,97.258,4.0881,3.9823,10.58,-0.8
TFC,sample2,US89788MAB81,TRUIST FINL CORP SR MED TERM NTS BOOK EN 1.95% 05Jun2030,2026-08-19,2026-08-18,2030-06-05,3.7947,1.95,90.191,4.8102,4.3037,50.65,-0.2
TGT,sample1,US87612EBM75,TGT 1.95 15-JAN-27,2026-08-19,2026-08-18,2027-01-15,0.4079,1.95,99.119,4.1661,3.8874,27.87,-2.0
TGT,sample1,US87612EBH80,TARGET CORP 3.375% 15Apr2029,2026-08-19,2026-08-18,2029-04-15,2.6557,3.375,97.385,4.4291,4.2359,19.32,-0.1
TGT,sample1,US87612EBJ47,TARGET CORP 2.35% 15Feb2030,2026-08-19,2026-08-18,2030-02-15,3.4935,2.35,92.676,4.65,4.2871,36.29,-0.5
TGT,sample1,US87612EAF34,TARGET CORP 7% 15Jul2031,2026-08-18,2026-08-18,2031-07-15,4.9062,7.0,109.109,4.8876,4.3648,52.28,0.0
TGT,sample1,US87612EBP07,TGT 4.5 15-SEP-32,2026-08-19,2026-08-18,2032-09-15,6.0753,4.5,99.007,4.6893,4.456,23.33,-0.0
TGT,sample1,US87612EAK29,TARGET CORP 6.35% 01Nov2032,2026-08-19,2026-08-18,2032-11-01,6.204,6.35,107.896,4.8575,4.4663,39.12,0.1
TGT,sample1,US87612EBQ89,TGT 4.4 15-JAN-33,2026-08-19,2026-08-18,2033-01-15,6.4093,4.4,97.534,4.8519,4.4827,36.92,-0.0
TGT,sample1,US87612EAR71,TARGET CORP 6.5% 15Oct2037,2026-08-10,2026-08-10,2037-10-15,11.1814,6.5,108.4946,5.4728,4.7826,69.02,0.0
TGT,sample1,US87612EBA38,TARGET CORP 4% 01Jul2042,2026-08-19,2026-08-18,2042-07-01,15.8658,4.0,81.273,5.824,5.0444,77.96,-0.0
TGT,sample1,US87612EBF25,TARGET CORP 3.625% 15Apr2046,2026-08-18,2026-08-18,2046-04-15,19.6578,3.625,72.204,6.064,5.2605,80.35,-0.0
TGT,sample1,US87612EBG08,TARGET CORP 3.9% 15Nov2047,2026-08-18,2026-08-18,2047-11-15,21.243,3.9,73.88,6.1117,5.28,83.17,-0.0
TGT,sample1,US87612EBN58,TGT 2.95 15-JAN-52,2026-08-19,2026-08-18,2052-01-15,25.4073,2.95,61.318,5.91,5.28,63.0,-0.0
TGT,sample1,US87612EBR62,TGT 4.8 15-JAN-53,2026-08-19,2026-08-18,2053-01-15,26.4093,4.8,85.604,5.88,5.28,60.0,-0.0
TJX,sample1,US872540AQ25,TJX COS INC NEW 2.25% 15Sep2026,2026-08-19,2026-08-18,2026-09-15,0.0739,2.25,99.849,4.3885,3.86,52.85,-9.1
TMO,sample1,US883556CT77,TMO 4.8 21-NOV-27,2026-08-19,2026-08-18,2027-11-21,1.2567,4.8,100.615,4.2527,4.0413,21.14,3.4
TMO,sample1,US883556CK68,TMO 1.75 15-OCT-28,2026-08-19,2026-08-18,2028-10-15,2.1574,1.75,94.492,4.4608,4.201,25.98,-0.6
TMO,sample1,US883556BZ47,THERMO FISHER SCIENTIFIC INC 2.6% 01Oct2029,2026-08-19,2026-08-18,2029-10-01,3.1184,2.6,94.197,4.6214,4.2665,35.49,-0.3
TMO,sample1,US883556CL42,TMO 2 15-OCT-31,2026-08-19,2026-08-18,2031-10-15,5.1554,2.0,87.447,4.7765,4.3824,39.41,-0.1
TMO,sample1,US883556CU41,TMO 4.95 21-NOV-32,2026-08-19,2026-08-18,2032-11-21,6.2587,4.95,100.114,4.9272,4.4707,45.65,0.0
TMO,sample1,US883556CM25,TMO 2.8 15-OCT-41,2026-08-19,2026-08-18,2041-10-15,15.1567,2.8,71.035,5.6747,5.0039,67.08,-0.1
TMO,sample1,US883556BG65,THERMO FISHER SCIENTIFIC INC 5.3% 01Feb2044,2026-08-19,2026-08-18,2044-02-01,17.4538,5.3,94.324,5.8221,5.1349,68.72,-0.0
TMO,sample1,US883556BY71,THERMO FISHER SCIENTIFIC INC 4.1% 15Aug2047,2026-08-19,2026-08-18,2047-08-15,20.9884,4.1,79.31,5.8202,5.28,54.02,-0.0
TMUS,sample2,US87264ACZ66,TMUS 4.95 15-MAR-28,2026-08-19,2026-08-18,2028-03-15,1.5715,4.95,100.617,4.5163,4.1043,41.2,2.0
TMUS,sample2,US87264ACS24,TMUS 2.4 15-MAR-29,2026-08-19,2026-08-18,2029-03-15,2.5708,2.4,94.456,4.7156,4.23,48.56,-0.1
TMUS,sample2,US87264ACQ67,TMUS 2.7 15-MAR-32,2026-08-19,2026-08-18,2032-03-15,5.5715,2.7,88.127,5.181,4.4157,76.53,-0.1
TMUS,sample2,US87264ACY91,TMUS 5.05 15-JUL-33,2026-08-19,2026-08-18,2033-07-15,6.9049,5.05,98.395,5.33,4.5224,80.76,-0.0
TMUS,sample2,US87264ACT07,TMUS 3.4 15-OCT-52,2026-08-19,2026-08-18,2052-10-15,26.1574,3.4,61.811,6.4371,5.28,115.71,-0.0
TMUS,sample2,US87264ACX19,TMUS 5.8 15-SEP-62,2026-08-19,2026-08-18,2062-09-15,36.0739,5.8,89.143,6.5916,5.28,131.16,-0.0
TPR,sample3_extension_2026-08-20,US876030AA54,TPR 3.05 15-MAR-32,2026-08-19,2026-08-18,2032-03-15,5.5715,3.05,90.875,4.9439,4.4157,52.82,-0.1
TRGP,sample3_extension_2026-08-20,US87612KAA07,TRGP 5.2 01-JUL-27,2026-08-19,2026-08-18,2027-07-01,0.8652,5.2,100.654,4.3365,3.9666,36.99,7.8
TRGP,sample3_extension_2026-08-20,US87612BBU52,Targa Resources Partners 4% 15jan2032 USD,2026-08-19,2026-08-18,2032-01-15,5.4073,4.0,94.474,5.185,4.4026,78.24,-0.1
TRGP,sample3_extension_2026-08-20,US87612GAA94,TRGP 4.2 01-FEB-33,2026-08-19,2026-08-18,2033-02-01,6.4559,4.2,93.771,5.3548,4.4865,86.83,-0.1
TRGP,sample3_extension_2026-08-20,US87612GAC50,TRGP 6.125 15-MAR-33,2026-08-18,2026-08-18,2033-03-15,6.5736,6.125,103.793,5.4091,4.4959,91.32,2.1
TRGP,sample3_extension_2026-08-20,US87612GAB77,TRGP 4.95 15-APR-52,2026-08-19,2026-08-18,2052-04-15,25.6564,4.95,82.108,6.375,5.28,109.5,-0.0
TRGP,sample3_extension_2026-08-20,US87612KAC62,TRGP 6.25 01-JUL-52,2026-08-19,2026-08-18,2052-07-01,25.8672,6.25,98.3618,6.3794,5.28,109.94,-0.0
TRGP,sample3_extension_2026-08-20,US87612GAD34,TRGP 6.5 15-FEB-53,2026-08-18,2026-08-18,2053-02-15,26.4969,6.5,100.224,6.482,5.28,120.2,0.0
TRMB,sample3_extension_2026-08-20,US896239AE08,TRMB 6.1 15-MAR-33,2026-08-19,2026-08-18,2033-03-15,6.5708,6.1,103.056,5.521,4.4957,102.53,1.7
TRV,sample3_extension_2026-08-20,US89420GAE98,TRAVELERS PPTY CAS CORP NEW 6.375% 15Mar2033,2026-08-19,2026-08-18,2033-03-15,6.5708,6.375,107.441,5.03,4.4957,53.43,0.0
TRV,sample3_extension_2026-08-20,US89417EAD13,TRAVELERS COS INC 6.25% 15Jun2037,2026-08-19,2026-08-18,2037-06-15,10.8227,6.25,107.44,5.3349,4.7569,57.8,0.0
TRV,sample3_extension_2026-08-20,US89417EAH27,TRAVELERS COS INC 5.35% 01Nov2040,2026-08-19,2026-08-18,2040-11-01,14.204,5.35,97.099,5.6489,4.9496,69.93,-0.0
TRV,sample3_extension_2026-08-20,US89417EAJ82,TRAVELERS COS INC 4.6% 01Aug2043,2026-08-19,2026-08-18,2043-08-01,16.95,4.6,86.082,5.911,5.1062,80.48,-0.0
TRV,sample3_extension_2026-08-20,US89417EAK55,TRAVELERS COS INC 4.3% 25Aug2045,2026-08-18,2026-08-18,2045-08-25,19.0198,4.3,79.855,6.105,5.2241,88.09,-0.0
TRV,sample3_extension_2026-08-20,US89417EAL39,TRAVELERS COS INC 3.75% 15May2046,2026-08-18,2026-08-18,2046-05-15,19.7399,3.75,73.921,6.0263,5.2652,76.11,-0.0
TRV,sample3_extension_2026-08-20,US89417EAM12,TRAVELERS COS INC 4% 30May2047,2026-08-19,2026-08-18,2047-05-30,20.7775,4.0,76.952,5.946,5.28,66.6,0.0
TRV,sample3_extension_2026-08-20,US89417EAN94,TRAVELERS COS INC 4.05% 07Mar2048,2026-08-14,2026-08-14,2048-03-07,21.5633,4.05,76.415,6.017,5.25,76.7,-0.0
TSN,sample3_extension_2026-08-20,US902494BC62,TYSON FOODS INC 3.55% 02Jun2027,2026-08-19,2026-08-18,2027-06-02,0.7858,3.55,99.238,4.5448,3.9529,59.19,-0.3
TSN,sample3_extension_2026-08-20,US902494AZ66,TYSON FOODS INC 4.875% 15Aug2034,2026-08-19,2026-08-18,2034-08-15,7.989,4.875,96.3253,5.4485,4.5893,85.92,-0.0
TSN,sample3_extension_2026-08-20,US902494AY91,TYSON FOODS INC 5.15% 15Aug2044,2026-08-14,2026-08-14,2044-08-15,18.0041,5.15,89.668,6.104,5.1362,96.78,-0.0
TSN,sample3_extension_2026-08-20,US902494BD46,TYSON FOODS INC 4.55% 02Jun2047,2026-08-18,2026-08-18,2047-06-02,20.7885,4.55,80.482,6.2377,5.28,95.77,-0.0
TSN,sample3_extension_2026-08-20,US902494BH59,TYSON FOODS INC 5.1% 28Sep2048,2026-08-19,2026-08-18,2048-09-28,22.1109,5.1,86.96,6.19,5.28,91.0,-0.0
TTWO,sample3_extension_2026-08-20,US874054AG47,TTWO 3.7 14-APR-27,2026-08-19,2026-08-18,2027-04-14,0.6516,3.7,99.59,4.3399,3.9296,41.03,-0.2
TTWO,sample3_extension_2026-08-20,US874054AH20,TTWO 4 14-APR-32,2026-08-19,2026-08-18,2032-04-14,5.6537,4.0,94.679,5.0946,4.4223,67.23,-0.1
TXN,sample3_extension_2026-08-20,US882508BC78,TEXAS INSTRS INC 2.9% 03Nov2027,2026-08-19,2026-08-18,2027-11-03,1.2074,2.9,98.568,4.1296,4.0315,9.81,-0.5
TXN,sample3_extension_2026-08-20,US882508BV59,TXN 4.6 15-FEB-28,2026-08-19,2026-08-18,2028-02-15,1.4921,4.6,100.311,4.3709,4.0884,28.25,1.1
TXN,sample3_extension_2026-08-20,US882508CB86,TXN 4.9 14-MAR-33,2026-08-19,2026-08-18,2033-03-14,6.5681,4.9,99.855,4.9255,4.4954,43.01,-0.0
TXN,sample3_extension_2026-08-20,US882508BD51,TEXAS INSTRS INC 4.15% 15May2048,2026-08-18,2026-08-18,2048-05-15,21.7413,4.15,77.739,5.995,5.28,71.5,-0.0
TXN,sample3_extension_2026-08-20,US882508BM50,TXN 2.7 15-SEP-51,2026-08-19,2026-08-18,2051-09-15,25.0732,2.7,58.066,5.9355,5.28,65.55,-0.0
TXN,sample3_extension_2026-08-20,US882508BQ64,TXN 4.1 16-AUG-52,2026-08-05,2026-08-05,2052-08-16,26.0315,4.1,76.437,5.87,5.174,69.6,0.9
TXN,sample3_extension_2026-08-20,US882508CC69,TXN 5 14-MAR-53,2026-08-17,2026-08-17,2053-03-14,26.5736,5.0,85.688,6.0938,5.3066,78.72,-0.0
TXT,sample2,US883203BX87,TEXTRON INC 3.65% 15Mar2027,2026-08-19,2026-08-18,2027-03-15,0.5695,3.65,99.466,4.6064,3.9154,69.1,-0.0
TXT,sample2,US883203BY60,TEXTRON INC 3.375% 01Mar2028,2026-08-19,2026-08-18,2028-03-01,1.5332,3.375,98.1,4.675,4.0966,57.84,-0.2
UDR,sample3_extension_2026-08-20,US90265EAL48,UDR INC MEDIUM TERM NTS BOOK ENTRY 2.95% 01Sep2026,2026-08-19,2026-08-18,2026-09-01,0.0356,2.95,99.935,5.0111,3.86,115.11,-24.4
UDR,sample3_extension_2026-08-20,US90265EAM21,UDR INC MEDIUM TERM NTS BOOK ENTRY 3.5% 01Jul2027,2026-08-19,2026-08-18,2027-07-01,0.8652,3.5,99.27,4.3658,3.9666,39.92,-0.1
UDR,sample3_extension_2026-08-20,US90265EAN04,UDR INC MEDIUM TERM NTS BOOK ENTRY 3.5% 15Jan2028,2026-08-17,2026-08-17,2028-01-15,1.4127,3.5,98.54,4.5801,4.0784,50.17,-0.3
UDR,sample3_extension_2026-08-20,US90265EAP51,UDR INC MEDIUM TERM NTS BOOK ENTRY 4.4% 26Jan2029,2026-08-19,2026-08-18,2029-01-26,2.4394,4.4,99.292,4.7101,4.2208,48.93,-0.1
UDR,sample3_extension_2026-08-20,US90265EAV20,UDR 2.1 15-JUN-33,2026-08-17,2026-08-17,2033-06-15,6.8282,2.1,81.248,5.4235,4.5263,89.72,-0.1
UHS,sample3_extension_2026-08-20,US913903AW04,UHS 2.65 15-OCT-30,2026-08-18,2026-08-18,2030-10-15,4.1588,2.65,89.974,5.3732,4.3237,104.95,-0.2
UHS,sample3_extension_2026-08-20,US913903BA74,UHS 2.65 15-JAN-32,2026-08-18,2026-08-18,2032-01-15,5.41,2.65,86.6855,5.5328,4.4028,113.0,-0.2
UNH,sample1,US91324PCW05,UNITEDHEALTH GROUP INC 3.45% 15Jan2027,2026-08-19,2026-08-18,2027-01-15,0.4079,3.45,99.667,4.2767,3.8874,38.93,-0.1
UNH,sample1,US91324PCY60,UNITEDHEALTH GROUP INC 3.375% 15Apr2027,2026-08-19,2026-08-18,2027-04-15,0.6543,3.375,99.42,4.2795,3.9301,34.94,-0.2
UNH,sample1,US91324PEG37,UNH 3.7 15-MAY-27,2026-08-19,2026-08-18,2027-05-15,0.7365,3.7,99.7,4.1114,3.9443,16.71,-0.0
UNH,sample1,US91324PDE97,UNITEDHEALTH GROUP INC 2.95% 15Oct2027,2026-08-19,2026-08-18,2027-10-15,1.1554,2.95,98.518,4.2783,4.0211,25.72,-0.3
UNH,sample1,US91324PEP36,UNH 5.25 15-FEB-28,2026-08-19,2026-08-18,2028-02-15,1.4921,5.25,101.28,4.3021,4.0884,21.37,5.2
UNH,sample1,US91324PDK57,UNITEDHEALTH GROUP INC 3.85% 15Jun2028,2026-08-19,2026-08-18,2028-06-15,1.8234,3.85,98.964,4.4462,4.1547,29.15,-0.1
UNH,sample1,US91324PDP45,UNITEDHEALTH GROUP INC 3.875% 15Dec2028,2026-08-19,2026-08-18,2028-12-15,2.3244,3.875,98.601,4.5148,4.2127,30.21,-0.1
UNH,sample1,US91324PEH10,UNH 4 15-MAY-29,2026-08-19,2026-08-18,2029-05-15,2.7379,4.0,98.504,4.5858,4.2416,34.42,-0.0
UNH,sample1,US91324PDS83,UNITEDHEALTH GROUP INC 2.875% 15Aug2029,2026-08-19,2026-08-18,2029-08-15,2.9897,2.875,95.275,4.586,4.2593,32.67,-0.2
UNH,sample1,US91324PEQ19,UNH 5.3 15-FEB-30,2026-08-19,2026-08-18,2030-02-15,3.4935,5.3,101.787,4.7138,4.2871,42.67,2.5
UNH,sample1,US91324PDX78,UNITEDHEALTH GROUP INC 2% 15May2030,2026-08-19,2026-08-18,2030-05-15,3.7372,2.0,90.712,4.7411,4.3005,44.06,-0.1
UNH,sample1,US91324PED06,UNITEDHEALTH GROUP INC 2.3% 15May2031,2026-08-19,2026-08-18,2031-05-15,4.7365,2.3,89.219,4.876,4.3555,52.05,-0.0
UNH,sample1,US91324PEJ75,UNH 4.2 15-MAY-32,2026-08-19,2026-08-18,2032-05-15,5.7385,4.2,96.67,4.8711,4.4291,44.2,-0.0
UNH,sample1,US91324PER91,UNH 5.35 15-FEB-33,2026-08-19,2026-08-18,2033-02-15,6.4942,5.35,101.476,5.0719,4.4895,58.24,0.8
UNH,sample1,US91324PCQ37,UNITEDHEALTH GROUP INC 4.625% 15Jul2035,2026-08-19,2026-08-18,2035-07-15,8.9035,4.625,95.42,5.2756,4.6442,63.14,0.0
UNH,sample1,US91324PAR38,UNITEDHEALTH GROUP INC 5.8% 15Mar2036,2026-08-19,2026-08-18,2036-03-15,9.5715,5.8,103.233,5.363,4.6843,67.87,0.0
UNH,sample1,US91324PAX06,UNITEDHEALTH GROUP INC 6.5% 15Jun2037,2026-08-19,2026-08-18,2037-06-15,10.8227,6.5,107.767,5.535,4.7569,77.81,0.0
UNH,sample1,US91324PBE16,UNITEDHEALTH GROUP INC 6.625% 15Nov2037,2026-08-19,2026-08-18,2037-11-15,11.2416,6.625,109.5209,5.4778,4.7808,69.7,0.0
UNH,sample1,US91324PBK75,UNITEDHEALTH GROUP INC 6.875% 15Feb2038,2026-08-19,2026-08-18,2038-02-15,11.4935,6.875,111.091,5.5557,4.7951,76.06,0.1
UNH,sample1,US91324PDT66,UNITEDHEALTH GROUP INC 3.5% 15Aug2039,2026-08-19,2026-08-18,2039-08-15,12.9884,3.5,80.523,5.635,4.8803,75.47,-0.0
UNH,sample1,US91324PDY51,UNITEDHEALTH GROUP INC 2.75% 15May2040,2026-08-19,2026-08-18,2040-05-15,13.7385,2.75,72.506,5.6549,4.9231,73.18,-0.0
UNH,sample1,US91324PBN15,UNITEDHEALTH GROUP INC 5.7% 15Oct2040,2026-08-19,2026-08-18,2040-10-15,14.1574,5.7,100.444,5.652,4.947,70.5,0.1
UNH,sample1,US91324PBQ46,UNITEDHEALTH GROUP INC 5.95% 15Feb2041,2026-08-19,2026-08-18,2041-02-15,14.4942,5.95,102.09,5.7306,4.9662,76.44,0.5
UNH,sample1,US91324PEE88,UNITEDHEALTH GROUP INC 3.05% 15May2041,2026-08-19,2026-08-18,2041-05-15,14.7379,3.05,73.626,5.7227,4.9801,74.26,-0.0
UNH,sample1,US91324PBU57,UNITEDHEALTH GROUP INC 4.625% 15Nov2041,2026-08-19,2026-08-18,2041-11-15,15.2416,4.625,88.044,5.8181,5.0088,80.93,-0.0
UNH,sample1,US91324PBW14,UNITEDHEALTH GROUP INC 4.375% 15Mar2042,2026-08-19,2026-08-18,2042-03-15,15.5702,4.375,84.882,5.8692,5.0275,84.17,-0.0
UNH,sample1,US91324PCA84,UNITEDHEALTH GROUP INC 3.95% 15Oct2042,2026-08-19,2026-08-18,2042-10-15,16.1561,3.95,80.448,5.8349,5.0609,77.4,-0.0
UNH,sample1,US91324PCD24,UNITEDHEALTH GROUP INC 4.25% 15Mar2043,2026-08-19,2026-08-18,2043-03-15,16.5695,4.25,82.525,5.919,5.0845,83.45,0.0
UNH,sample1,US91324PCR10,UNITEDHEALTH GROUP INC 4.75% 15Jul2045,2026-08-18,2026-08-18,2045-07-15,18.9076,4.75,84.582,6.139,5.2177,92.13,-0.0
UNH,sample1,US91324PCX87,UNITEDHEALTH GROUP INC 4.2% 15Jan2047,2026-08-19,2026-08-18,2047-01-15,20.4079,4.2,78.618,6.036,5.28,75.6,-0.0
UNH,sample1,US91324PCZ36,UNITEDHEALTH GROUP INC 4.25% 15Apr2047,2026-08-19,2026-08-18,2047-04-15,20.6543,4.25,79.165,6.0264,5.28,74.64,-0.0
UNH,sample1,US91324PDF62,UNITEDHEALTH GROUP INC 3.75% 15Oct2047,2026-08-19,2026-08-18,2047-10-15,21.1554,3.75,72.927,6.0318,5.28,75.18,-0.0
UNH,sample1,US91324PDL31,UNITEDHEALTH GROUP INC 4.25% 15Jun2048,2026-08-19,2026-08-18,2048-06-15,21.8234,4.25,78.51,6.0338,5.28,75.38,-0.0
UNH,sample1,US91324PDQ28,UNITEDHEALTH GROUP INC 4.45% 15Dec2048,2026-08-19,2026-08-18,2048-12-15,22.3244,4.45,80.474,6.0562,5.28,77.62,-0.0
UNH,sample1,US91324PDU30,UNITEDHEALTH GROUP INC 3.7% 15Aug2049,2026-08-19,2026-08-18,2049-08-15,22.9897,3.7,70.7009,6.0835,5.28,80.35,-0.0
UNH,sample1,US91324PEF53,UNITEDHEALTH GROUP INC 3.25% 15May2051,2026-08-19,2026-08-18,2051-05-15,24.7365,3.25,64.252,6.056,5.28,77.6,-0.0
UNH,sample1,US91324PEK49,UNH 4.75 15-MAY-52,2026-08-19,2026-08-18,2052-05-15,25.7385,4.75,82.612,6.0966,5.28,81.66,-0.0
UNH,sample1,US91324PES74,UNH 5.875 15-FEB-53,2026-08-19,2026-08-18,2053-02-15,26.4942,5.875,96.668,6.1309,5.28,85.09,0.0
UNH,sample1,US91324PDV13,UNITEDHEALTH GROUP INC 3.875% 15Aug2059,2026-08-12,2026-08-12,2059-08-15,33.0075,3.875,67.329,6.2164,5.24,97.64,-0.0
UNH,sample1,US91324PEA66,UNITEDHEALTH GROUP INC 3.125% 15May2060,2026-08-19,2026-08-18,2060-05-15,33.7385,3.125,57.619,6.103,5.28,82.3,-0.0
UNH,sample1,US91324PEL22,UNH 4.95 15-MAY-62,2026-08-19,2026-08-18,2062-05-15,35.7372,4.95,82.116,6.199,5.28,91.9,-0.0
UNH,sample1,US91324PET57,UNH 6.05 15-FEB-63,2026-08-19,2026-08-18,2063-02-15,36.4928,6.05,97.365,6.2337,5.28,95.37,0.0
UNP,sample1,US907818EP96,UNION PAC CORP 3% 15Apr2027,2026-08-19,2026-08-18,2027-04-15,0.6543,3.0,99.33,4.0453,3.9301,11.52,-0.2
UNP,sample1,US907818EY04,UNION PAC CORP 3.95% 10Sep2028,2026-08-19,2026-08-18,2028-09-10,2.0616,3.95,99.179,4.3709,4.1943,17.66,-0.1
UNP,sample1,US907818FB91,UNION PAC CORP 3.7% 01Mar2029,2026-08-19,2026-08-18,2029-03-01,2.5325,3.7,98.106,4.4998,4.2273,27.25,-0.1
UNP,sample1,US907818FH61,UNION PAC CORP 2.4% 05Feb2030,2026-08-19,2026-08-18,2030-02-05,3.4661,2.4,92.89,4.649,4.2856,36.34,-0.5
UNP,sample1,US907818FU72,UNION PAC CORP 2.375% 20May2031,2026-08-19,2026-08-18,2031-05-20,4.7502,2.375,90.042,4.7401,4.3563,38.38,-0.0
UNP,sample1,US907818FX12,UNP 2.8 14-FEB-32,2026-08-19,2026-08-18,2032-02-14,5.4894,2.8,90.398,4.8131,4.4092,40.39,-0.2
UNP,sample1,US907818GB82,UNP 4.5 20-JAN-33,2026-08-19,2026-08-18,2033-01-20,6.423,4.5,98.151,4.838,4.4838,35.42,-0.0
UNP,sample1,US907818EB01,UNION PAC CORP 3.375% 01Feb2035,2026-08-19,2026-08-18,2035-02-01,8.4545,3.375,87.649,5.2,4.6173,58.27,-0.1
UNP,sample1,US907818FQ60,UNP 2.891 06-APR-36,2026-08-19,2026-08-18,2036-04-06,9.6318,2.891,83.653,5.0561,4.6879,36.82,-0.1
UNP,sample1,US907818EQ79,UNION PAC CORP 3.6% 15Sep2037,2026-08-19,2026-08-18,2037-09-15,11.0746,3.6,85.8,5.3129,4.7713,54.16,-0.1
UNP,sample1,US907818EV64,UNION PAC CORP 4.375% 10Sep2038,2026-08-19,2026-08-18,2038-09-10,12.0602,4.375,90.844,5.4189,4.8274,59.15,-0.0
UNP,sample1,US907818FT00,UNION PAC CORP 3.2% 20May2041,2026-08-19,2026-08-18,2041-05-20,14.7515,3.2,76.415,5.5643,4.9808,58.35,-0.0
UNP,sample1,US907818FY94,UNP 3.375 14-FEB-42,2026-08-19,2026-08-18,2042-02-14,15.4908,3.375,76.631,5.6611,5.023,63.81,-0.1
UNP,sample1,US907818DZ87,UNION PAC CORP 4.15% 15Jan2045,2026-08-06,2026-08-06,2045-01-15,18.4449,4.15,77.95,6.16,5.1376,102.24,0.8
UNP,sample1,US907818EF15,UNION PAC CORP 4.05% 15Nov2045,2026-08-14,2026-08-14,2045-11-15,19.2553,4.05,77.1758,6.0771,5.2076,86.95,-0.1
UNP,sample1,US907818EJ37,UNION PAC CORP 4.05% 01Mar2046,2026-08-18,2026-08-18,2046-03-01,19.5346,4.05,77.345,6.0411,5.2535,78.76,-0.0
UNP,sample1,US907818EK00,UNION PAC CORP 3.35% 15Aug2046,2026-08-03,2026-08-03,2046-08-15,20.0329,3.35,70.003,5.92,5.23,69.0,0.8
UNP,sample1,US907818EN49,UNION PAC CORP 4% 15Apr2047,2026-08-18,2026-08-18,2047-04-15,20.6571,4.0,76.256,6.024,5.28,74.4,-0.0
UNP,sample1,US907818EW48,UNION PAC CORP 4.5% 10Sep2048,2026-08-19,2026-08-18,2048-09-10,22.0616,4.5,82.0853,5.9715,5.28,69.15,-0.0
UNP,sample1,US907818FK90,UNION PAC CORP 3.25% 05Feb2050,2026-08-19,2026-08-18,2050-02-05,23.4661,3.25,65.995,5.9599,5.28,67.99,-0.1
UNP,sample1,US907818EM65,UNION PAC CORP 3.799% 01Oct2051,2026-08-19,2026-08-18,2051-10-01,25.117,3.799,72.051,5.9582,5.28,67.82,-0.0
UNP,sample1,US907818FW39,UNP 2.95 10-MAR-52,2026-08-19,2026-08-18,2052-03-10,25.5578,2.95,60.653,5.9709,5.28,69.09,-0.0
UNP,sample1,US907818GC65,UNP 4.95 09-SEP-52,2026-08-19,2026-08-18,2052-09-09,26.0589,4.95,86.909,5.944,5.28,66.4,-0.0
UNP,sample1,US907818FZ69,UNP 3.5 14-FEB-53,2026-08-19,2026-08-18,2053-02-14,26.4914,3.5,67.459,5.9579,5.28,67.79,-0.0
UNP,sample1,US907818GF96,UNP 4.95 15-MAY-53,2026-08-19,2026-08-18,2053-05-15,26.7379,4.95,86.489,5.9667,5.28,68.67,0.0
UNP,sample1,US907818EC83,UNION PAC CORP 3.875% 01Feb2055,2026-08-17,2026-08-17,2055-02-01,28.46,3.875,71.0275,6.0133,5.3085,70.48,-0.0
UNP,sample1,US907818FG88,UNION PAC CORP 3.839% 20Mar2060,2026-08-19,2026-08-18,2060-03-20,33.5852,3.839,68.998,5.9933,5.28,71.33,-0.0
UNP,sample1,US907818FV55,UNP 3.55 20-MAY-61,2026-08-19,2026-08-18,2061-05-20,34.7515,3.55,64.4298,5.9966,5.28,71.66,-0.0
UNP,sample1,US907818FN30,UNION PAC CORP 2.973% 16Sep2062,2026-08-19,2026-08-18,2062-09-16,36.0767,2.973,55.606,5.9916,5.28,71.16,-0.0
UNP,sample1,US907818GD49,UNP 5.15 20-JAN-63,2026-08-13,2026-08-13,2063-01-20,36.4381,5.15,87.154,6.0242,5.21,81.42,-0.0
UNP,sample1,US907818EG97,UNION PAC CORP 4.375% 15Nov2065,2026-07-17,2026-07-17,2065-11-15,39.332,4.375,76.582,5.9155,5.06,85.55,-0.0
UNP,sample1,US907818ER52,UNION PAC CORP 4.1% 15Sep2067,2026-08-14,2026-08-14,2067-09-15,41.0869,4.1,70.091,6.0907,5.25,84.07,-0.0
UNP,sample1,US907818FL73,UNION PAC CORP 3.75% 05Feb2070,2026-08-19,2026-08-18,2070-02-05,43.4661,3.75,65.251,6.011,5.28,73.1,-0.0
UNP,sample1,US907818FS27,UNP 3.799 06-APR-71,2026-08-18,2026-08-18,2071-04-06,44.6324,3.799,64.076,6.174,5.28,89.4,0.0
UNP,sample1,US907818GA00,UNP 3.85 14-FEB-72,2026-08-18,2026-08-18,2072-02-14,45.4921,3.85,66.081,6.0474,5.28,76.74,-0.0
UPS,sample2,US911312AY27,UNITED PARCEL SVC INC 2.4% 15Nov2026,2026-08-19,2026-08-18,2026-11-15,0.2409,2.4,99.688,3.7095,3.86,1.0,-0.8
UPS,sample2,US911312BM79,UNITED PARCEL SVC INC 3.05% 15Nov2027,2026-08-19,2026-08-18,2027-11-15,1.2402,3.05,98.48,4.3226,4.038,28.46,-0.4
UPS,sample2,US911312BR66,UNITED PARCEL SVC INC 3.4% 15Mar2029,2026-08-19,2026-08-18,2029-03-15,2.5708,3.4,97.388,4.4867,4.23,25.67,-0.1
UPS,sample2,US911312BY18,UNITED PARCEL SVC INC 4.45% 01Apr2030,2026-08-19,2026-08-18,2030-04-01,3.6167,4.45,99.623,4.563,4.2939,26.91,-0.0
UPS,sample2,US911312BZ82,UPS 4.875 03-MAR-33,2026-08-19,2026-08-18,2033-03-03,6.538,4.875,100.405,4.8002,4.493,30.72,0.2
UPS,sample2,US911312AJ59,UNITED PARCEL SVC INC 6.2% 15Jan2038,2026-08-19,2026-08-18,2038-01-15,11.4086,6.2,106.2917,5.4511,4.7903,66.08,0.0
UPS,sample2,US911312AN61,UNITED PARCEL SVC INC 4.875% 15Nov2040,2026-08-19,2026-08-18,2040-11-15,14.2423,4.875,92.572,5.6401,4.9518,68.83,-0.0
UPS,sample2,US911312AR75,UNITED PARCEL SVC INC 3.625% 01Oct2042,2026-08-13,2026-08-13,2042-10-01,16.1342,3.625,77.671,5.77,4.9796,79.04,-0.0
UPS,sample2,US911312AZ91,UNITED PARCEL SVC INC 3.4% 15Nov2046,2026-08-17,2026-08-17,2046-11-15,20.2464,3.4,70.381,5.9322,5.3002,63.2,-0.0
UPS,sample2,US911312BN52,UNITED PARCEL SVC INC 3.75% 15Nov2047,2026-08-19,2026-08-18,2047-11-15,21.2402,3.75,73.411,5.976,5.28,69.6,-0.0
UPS,sample2,US911312BQ83,UNITED PARCEL SVC INC 4.25% 15Mar2049,2026-08-12,2026-08-12,2049-03-15,22.59,4.25,77.879,6.0602,5.24,82.02,-0.0
UPS,sample2,US911312BW51,UNITED PARCEL SVC INC 5.3% 01Apr2050,2026-08-19,2026-08-18,2050-04-01,23.6167,5.3,91.027,6.016,5.28,73.6,-0.0
UPS,sample2,US911312CA23,UPS 5.05 03-MAR-53,2026-08-18,2026-08-18,2053-03-03,26.5407,5.05,85.525,6.1647,5.28,88.47,-0.0
URI,sample2,US911365BM59,UNITED RENTALS NORTH AMER INC 3.875% 15Nov2027,2026-08-19,2026-08-18,2027-11-15,1.2402,3.875,99.325,4.4378,4.038,39.98,-0.2
URI,sample2,US911365BG81,UNITED RENTALS NORTH AMER INC 4.875% 15Jan2028,2026-08-19,2026-08-18,2028-01-15,1.4073,4.875,99.703,5.0935,4.0715,102.2,-0.1
URI,sample2,US911365BL76,UNITED RENTALS NORTH AMER INC 5.25% 15Jan2030,2026-08-19,2026-08-18,2030-01-15,3.4086,5.25,99.867,5.2915,4.2825,100.9,-0.0
URI,sample2,US911365BN33,UNITED RENTALS NORTH AMER INC 4% 15Jul2030,2026-08-19,2026-08-18,2030-07-15,3.9042,4.0,95.527,5.2821,4.3097,97.24,-0.0
URI,sample2,US911363AM11,UNITED RENTALS INC 3.875% 15Feb2031,2026-08-19,2026-08-18,2031-02-15,4.4928,3.875,94.132,5.3639,4.3421,102.18,-0.2
USB,sample3_extension_2026-08-20,US91159HHR49,U S BANCORP MEDIUM TERM NTS- BOOK ENTRY 3.15% 27Apr2027,2026-08-19,2026-08-18,2027-04-27,0.6872,3.15,99.3,4.1899,3.9358,25.41,-0.2
USB,sample3_extension_2026-08-20,US91159HHS22,U S BANCORP MEDIUM TERM NTS- BOOK ENTRY 3.9% 26Apr2028,2026-08-19,2026-08-18,2028-04-26,1.6865,3.9,99.1,4.4578,4.1273,33.05,-0.1
V,sample1,US92826CAL63,VISA INC 1.9% 15Apr2027,2026-08-19,2026-08-18,2027-04-15,0.6543,1.9,98.596,4.0985,3.9301,16.84,-0.5
V,sample1,US92826CAH51,VISA INC 2.75% 15Sep2027,2026-08-19,2026-08-18,2027-09-15,1.0732,2.75,98.369,4.3254,4.0046,32.08,-0.6
V,sample1,US92826CAM47,VISA INC 2.05% 15Apr2030,2026-08-19,2026-08-18,2030-04-15,3.655,2.05,91.472,4.6129,4.296,31.69,-0.2
V,sample1,US92826CAN20,VISA INC 1.1% 15Feb2031,2026-08-19,2026-08-18,2031-02-15,4.4928,1.1,86.2635,4.517,4.3421,17.49,-0.5
V,sample1,US92826CAE21,VISA INC 4.15% 14Dec2035,2026-08-19,2026-08-18,2035-12-14,9.3196,4.15,94.293,4.9202,4.6692,25.1,-0.0
V,sample1,US92826CAK80,VISA INC 2.7% 15Apr2040,2026-08-19,2026-08-18,2040-04-15,13.6564,2.7,73.9408,5.4265,4.9184,50.81,-0.1
V,sample1,US92826CAF95,VISA INC 4.3% 14Dec2045,2026-08-19,2026-08-18,2045-12-14,19.321,4.3,83.178,5.7533,5.2413,51.2,-0.0
V,sample1,US92826CAJ18,VISA INC 3.65% 15Sep2047,2026-08-19,2026-08-18,2047-09-15,21.0732,3.65,74.086,5.7955,5.28,51.55,-0.0
V,sample1,US92826CAQ50,VISA INC 2% 15Aug2050,2026-08-19,2026-08-18,2050-08-15,23.989,2.0,53.1224,5.5636,5.28,28.36,-0.0
VICI,sample3_extension_2026-08-20,US92564RAH84,VICI 4.5 01-SEP-26,2026-08-06,2026-08-06,2026-09-01,0.0712,4.5,99.773,7.7711,3.9,387.11,-8.7
VICI,sample3_extension_2026-08-20,US92564RAA32,VICI Properties 4.25% 1dec2026 USD,2026-08-06,2026-08-06,2026-12-01,0.3203,4.25,99.9022,4.52,3.915,60.5,2.4
VICI,sample3_extension_2026-08-20,US92564RAD70,VICI Properties 3.75% 15feb2027 USD,2026-08-17,2026-08-17,2027-02-15,0.4983,3.75,99.613,4.5533,3.913,64.03,-0.9
VICI,sample3_extension_2026-08-20,US92564RAK14,VICI 4.5 15-JAN-28,2026-08-18,2026-08-18,2028-01-15,1.41,4.5,99.517,4.8566,4.072,78.46,-0.1
VICI,sample3_extension_2026-08-20,US925650AB99,VICI 4.75 15-FEB-28,2026-08-19,2026-08-18,2028-02-15,1.4921,4.75,99.995,4.753,4.0884,66.46,0.0
VICI,sample3_extension_2026-08-20,US92564RAL96,VICI 3.875 15-FEB-29,2026-08-19,2026-08-18,2029-02-15,2.4942,3.875,97.08,5.1409,4.2246,91.63,-0.4
VICI,sample3_extension_2026-08-20,US92564RAB15,VICI Properties 4.625% 1dec2029 USD,2026-08-17,2026-08-17,2029-12-01,3.2909,4.625,97.854,5.3432,4.2689,107.43,-0.1
VICI,sample3_extension_2026-08-20,US925650AC72,VICI 4.95 15-FEB-30,2026-08-18,2026-08-18,2030-02-15,3.4962,4.95,98.979,5.274,4.2873,98.67,-0.0
VICI,sample3_extension_2026-08-20,US92564RAE53,VICI Properties 4.125% 15aug2030 USD,2026-08-17,2026-08-17,2030-08-15,3.9945,4.125,95.392,5.4243,4.3146,110.97,-0.1
VICI,sample3_extension_2026-08-20,US925650AD55,VICI 5.125 15-MAY-32,2026-08-19,2026-08-18,2032-05-15,5.7385,5.125,97.832,5.5699,4.4291,114.08,-0.0
VICI,sample3_extension_2026-08-20,US925650AE39,VICI 5.625 15-MAY-52,2026-08-19,2026-08-18,2052-05-15,25.7385,5.625,87.814,6.6161,5.28,133.61,-0.0
VLO,sample3_extension_2026-08-20,US91913YAU47,VALERO ENERGY CORP NEW 3.4% 15Sep2026,2026-08-19,2026-08-18,2026-09-15,0.0739,3.4,99.875,5.1313,3.86,127.13,-5.3
VLO,sample3_extension_2026-08-20,US91913YAV20,VALERO ENERGY CORP NEW 4.35% 01Jun2028,2026-08-19,2026-08-18,2028-06-01,1.7851,4.35,99.793,4.4687,4.147,32.17,-0.0
VLO,sample3_extension_2026-08-20,US91913YAB65,VALERO ENERGY CORP NEW 8.75% 15Jun2030,2026-08-19,2026-08-18,2030-06-15,3.822,8.75,112.699,5.049,4.3052,74.38,0.2
VLO,sample3_extension_2026-08-20,US91913YBC30,VLO 2.8 01-DEC-31,2026-08-19,2026-08-18,2031-12-01,5.2841,2.8,90.063,4.9613,4.3927,56.86,-0.1
VLO,sample3_extension_2026-08-20,US91913YAE05,VALERO ENERGY CORP NEW 7.5% 15Apr2032,2026-08-19,2026-08-18,2032-04-15,5.6564,7.5,112.2569,4.9833,4.4225,56.08,0.1
VLO,sample3_extension_2026-08-20,US91913YAL48,VALERO ENERGY CORP NEW 6.625% 15Jun2037,2026-08-19,2026-08-18,2037-06-15,10.8227,6.625,108.353,5.5847,4.7569,82.78,0.0
VLO,sample3_extension_2026-08-20,US91913YAP51,VALERO ENERGY CORP NEW 10.5% 15Mar2039,2026-08-19,2026-08-18,2039-03-15,12.5695,10.5,141.499,5.8027,4.8565,94.62,-0.0
VLO,sample3_extension_2026-08-20,US91913YAT73,VALERO ENERGY CORP NEW 4.9% 15Mar2045,2026-08-19,2026-08-18,2045-03-15,18.5708,4.9,87.557,6.0218,5.1985,82.33,-0.0
VLO,sample3_extension_2026-08-20,US91913YBD13,VLO 3.65 01-DEC-51,2026-08-19,2026-08-18,2051-12-01,25.2841,3.65,67.605,6.2047,5.28,92.47,-0.0
VMC,sample3_extension_2026-08-20,US929160AT60,VULCAN MATLS CO 3.9% 01Apr2027,2026-08-19,2026-08-18,2027-04-01,0.616,3.9,99.85,4.1441,3.9234,22.07,-0.1
VMC,sample3_extension_2026-08-20,US929160AG40,VMC 7.15 30-NOV-37,2026-08-19,2026-08-18,2037-11-30,11.2827,7.15,110.678,5.8424,4.7831,105.93,0.0
VMC,sample3_extension_2026-08-20,US929160AV17,VULCAN MATLS CO 4.5% 15Jun2047,2026-08-18,2026-08-18,2047-06-15,20.8241,4.5,80.442,6.182,5.28,90.2,-0.0
VMC,sample3_extension_2026-08-20,US929160AY55,VULCAN MATLS CO 4.7% 01Mar2048,2026-08-13,2026-08-13,2048-03-01,21.5496,4.7,83.172,6.1155,5.2015,91.4,-0.0
VRSK,sample2,US92345YAE68,VERISK ANALYTICS INC 5.5% 15Jun2045,2026-08-19,2026-08-18,2045-06-15,18.8227,5.5,91.852,6.241,5.2129,102.81,-0.0
VRSN,sample2,US92343EAM49,VRSN 2.7 15-JUN-31,2026-08-19,2026-08-18,2031-06-15,4.8214,2.7,89.645,5.1529,4.3602,79.27,-0.1
VST,sample3_extension_2026-08-20,US92840VAG77,VISTRA OPERATIONS CO LLC 3.7% 30Jan2027,2026-08-19,2026-08-18,2027-01-30,0.449,3.7,99.591,4.6297,3.8945,73.52,-0.3
VST,sample3_extension_2026-08-20,US92840VAF94,Vistra Operations Co. 5% 31jul2027 USD,2026-08-19,2026-08-18,2027-07-31,0.9473,5.0,100.0043,4.992,3.9809,101.11,0.0
VST,sample3_extension_2026-08-20,US92840VAE20,Vistra Operations Co. 4.3% 15jul2029 USD,2026-08-18,2026-08-18,2029-07-15,2.9076,4.3,97.8297,5.1117,4.2535,85.82,-0.0
VTR,sample3_extension_2026-08-20,US92277GAJ67,VENTAS RLTY LTD PARTNERSHIP 3.25% 15Oct2026,2026-08-19,2026-08-18,2026-10-15,0.1561,3.25,99.835,4.2887,3.86,42.87,0.9
VTR,sample3_extension_2026-08-20,US92277GAL14,VENTAS RLTY LTD PARTNERSHIP 3.85% 01Apr2027,2026-08-19,2026-08-18,2027-04-01,0.616,3.85,99.67,4.3946,3.9234,47.12,-0.2
VTR,sample3_extension_2026-08-20,US92277GAM96,VENTAS RLTY LTD PARTNERSHIP 4% 01Mar2028,2026-08-19,2026-08-18,2028-03-01,1.5332,4.0,99.036,4.659,4.0966,56.24,-0.1
VTR,sample3_extension_2026-08-20,US92277GAN79,VENTAS RLTY LTD PARTNERSHIP 4.4% 15Jan2029,2026-08-19,2026-08-18,2029-01-15,2.4093,4.4,99.268,4.7241,4.2187,50.54,-0.1
VTR,sample3_extension_2026-08-20,US92277GAW78,VTR 2.5 01-SEP-31,2026-08-19,2026-08-18,2031-09-01,5.0349,2.5,88.507,5.1202,4.3728,74.74,-0.2
VTRS,sample3_extension_2026-08-20,US92556VAC00,VTRS 2.3 22-JUN-27,2026-08-19,2026-08-18,2027-06-22,0.8405,2.3,97.993,4.7653,3.9624,80.29,-0.5
VZ,sample1,US92343VDY74,VERIZON COMMUNICATIONS INC 4.125% 16Mar2027,2026-08-19,2026-08-18,2027-03-16,0.5722,4.125,99.94,4.2275,3.9158,31.17,-0.0
VZ,sample1,US92343VGH15,VERIZON COMMUNICATIONS INC 2.1% 22Mar2028,2026-08-19,2026-08-18,2028-03-22,1.5907,2.1,96.421,4.4571,4.1081,34.9,-0.3
VZ,sample1,US92343VER15,VERIZON COMMUNICATIONS INC 4.329% 21Sep2028,2026-08-19,2026-08-18,2028-09-21,2.0917,4.329,99.635,4.5125,4.1964,31.61,-0.1
VZ,sample1,US92343VES97,VERIZON COMMUNICATIONS INC 3.875% 08Feb2029,2026-08-19,2026-08-18,2029-02-08,2.475,3.875,98.256,4.6307,4.2233,40.74,-0.2
VZ,sample1,US92343VEU44,VERIZON COMMUNICATIONS INC 4.016% 03Dec2029,2026-08-19,2026-08-18,2029-12-03,3.2909,4.016,97.878,4.7188,4.276,44.28,-0.1
VZ,sample1,US92343VFE92,VERIZON COMMUNICATIONS INC 3.15% 22Mar2030,2026-08-19,2026-08-18,2030-03-22,3.5893,3.15,94.506,4.835,4.2924,54.26,-0.0
VZ,sample1,US92343VFL36,VERIZON COMMUNICATIONS INC 1.5% 18Sep2030,2026-08-19,2026-08-18,2030-09-18,4.0821,1.5,87.776,4.8389,4.3195,51.94,-0.4
VZ,sample1,US92343VFX73,VERIZON COMMUNICATIONS INC 1.68% 30Oct2030,2026-08-19,2026-08-18,2030-10-30,4.1971,1.68,88.176,4.8271,4.3258,50.13,-0.2
VZ,sample1,US92343VFR06,VERIZON COMMUNICATIONS INC 1.75% 20Jan2031,2026-08-19,2026-08-18,2031-01-20,4.4216,1.75,87.868,4.8349,4.3382,49.67,-0.5
VZ,sample1,US92343VGJ70,VERIZON COMMUNICATIONS INC 2.55% 21Mar2031,2026-08-19,2026-08-18,2031-03-21,4.5859,2.55,90.338,4.9291,4.3472,58.19,0.0
VZ,sample1,US92343VEA89,VERIZON COMMUNICATIONS INC 4.5% 10Aug2033,2026-08-19,2026-08-18,2033-08-10,6.976,4.5,95.386,5.2999,4.5281,77.18,-0.0
VZ,sample1,US92343VBS25,VERIZON COMMUNICATIONS INC 6.4% 15Sep2033,2026-08-18,2026-08-18,2033-09-15,7.0773,6.4,105.9244,5.3808,4.5346,84.62,0.1
VZ,sample1,US92343VBZ67,VERIZON COMMUNICATIONS INC 5.05% 15Mar2034,2026-08-19,2026-08-18,2034-03-15,7.5702,5.05,98.2127,5.3395,4.5642,77.53,-0.0
VZ,sample1,US92343VCQ59,VERIZON COMMUNICATIONS INC 4.4% 01Nov2034,2026-08-19,2026-08-18,2034-11-01,8.2026,4.4,93.281,5.4252,4.6022,82.3,-0.1
VZ,sample1,US92343VCV45,VERIZON COMMUNICATIONS INC 4.272% 15Jan2036,2026-08-19,2026-08-18,2036-01-15,9.4073,4.272,90.07,5.647,4.6744,97.26,-0.1
VZ,sample1,US92343VDU52,VERIZON COMMUNICATIONS INC 5.25% 16Mar2037,2026-08-19,2026-08-18,2037-03-16,10.5736,5.25,96.436,5.7029,4.7427,96.02,-0.0
VZ,sample1,US92343VAF13,VERIZON COMMUNICATIONS INC 6.25% 01Apr2037,2026-08-19,2026-08-18,2037-04-01,10.6174,6.25,102.0,5.9916,4.7452,124.64,0.0
VZ,sample1,US92343VAK08,VERIZON COMMUNICATIONS INC 6.4% 15Feb2038,2026-08-19,2026-08-18,2038-02-15,11.4935,6.4,104.038,5.9106,4.7951,111.55,0.0
VZ,sample1,US92343VDR24,VERIZON COMMUNICATIONS INC 4.812% 15Mar2039,2026-08-19,2026-08-18,2039-03-15,12.5695,4.812,90.543,5.8868,4.8565,103.03,0.0
VZ,sample1,US92343VFT61,VERIZON COMMUNICATIONS INC 2.65% 20Nov2040,2026-08-19,2026-08-18,2040-11-20,14.256,2.65,69.13,5.8783,4.9526,92.57,-0.1
VZ,sample1,US92343VGK44,VERIZON COMMUNICATIONS INC 3.4% 22Mar2041,2026-08-19,2026-08-18,2041-03-22,14.59,3.4,74.904,6.0063,4.9716,103.47,-0.0
VZ,sample1,US92343VBE39,VERIZON COMMUNICATIONS INC 4.75% 01Nov2041,2026-08-19,2026-08-18,2041-11-01,15.2033,4.75,87.8581,5.9762,5.0066,96.96,-0.0
VZ,sample1,US92343VBG86,VERIZON COMMUNICATIONS INC 3.85% 01Nov2042,2026-08-19,2026-08-18,2042-11-01,16.2026,3.85,77.041,6.1005,5.0635,103.7,-0.1
VZ,sample1,US92343VBT08,VERIZON COMMUNICATIONS INC 6.55% 15Sep2043,2026-08-19,2026-08-18,2043-09-15,17.0732,6.55,105.9647,5.9868,5.1132,87.36,0.0
VZ,sample1,US92343VDC54,VERIZON COMMUNICATIONS INC 4.125% 15Aug2046,2026-08-19,2026-08-18,2046-08-15,19.989,4.125,74.7,6.3831,5.2794,110.37,-0.0
VZ,sample1,US92343VCK89,VERIZON COMMUNICATIONS INC 4.862% 21Aug2046,2026-08-19,2026-08-18,2046-08-21,20.0055,4.862,83.5078,6.3269,5.28,104.69,-0.0
VZ,sample1,US92343VDV36,VERIZON COMMUNICATIONS INC 5.5% 16Mar2047,2026-08-19,2026-08-18,2047-03-16,20.5722,5.5,90.811,6.3028,5.28,102.28,-0.0
VZ,sample1,US92346MAC55,VERIZON COMMUNICATIONS INC INTERNOTES BO 4.9% 15May2047,2026-08-19,2026-08-18,2047-05-15,20.7365,4.9,86.0,6.0979,5.28,81.79,-0.0
VZ,sample1,US92346MAL54,VERIZON COMMUNICATIONS INC INTERNOTES BO 4.7% 15Jun2047,2026-08-19,2026-08-18,2047-06-15,20.8214,4.7,83.794,6.0822,5.28,80.22,-0.0
VZ,sample1,US92346MAS08,VERIZON COMMUNICATIONS INC INTERNOTES BO 4.8% 15Aug2047,2026-08-19,2026-08-18,2047-08-15,20.9884,4.8,82.388,6.3276,5.28,104.76,-0.0
VZ,sample1,US92346MAU53,VERIZON COMMUNICATIONS INC INTERNOTES BO 4.8% 15Aug2047,2026-08-19,2026-08-18,2047-08-15,20.9884,4.8,82.218,6.3445,5.28,106.45,-0.0
VZ,sample1,US92346MAY75,VERIZON COMMUNICATIONS INC INTERNOTES BO 4.85% 15Aug2047,2026-08-19,2026-08-18,2047-08-15,20.9884,4.85,82.901,6.3339,5.28,105.39,-0.0
VZ,sample1,US92346MBB63,VERIZON COMMUNICATIONS INC INTERNOTES BO 4.75% 15Sep2047,2026-08-19,2026-08-18,2047-09-15,21.0732,4.75,80.925,6.4127,5.28,113.27,-0.0
VZ,sample1,US92346MAZ41,VERIZON COMMUNICATIONS INC INTERNOTES BO 4.75% 15Sep2047,2026-08-18,2026-08-18,2047-09-15,21.076,4.75,82.373,6.2681,5.28,98.81,-0.0
VZ,sample1,US92346MBD20,VERIZON COMMUNICATIONS INC INTERNOTES BO 4.7% 15Sep2047,2026-08-18,2026-08-18,2047-09-15,21.076,4.7,82.363,6.2119,5.28,93.19,-0.0
VZ,sample1,US92346MBF77,VERIZON COMMUNICATIONS INC INTERNOTES BO 4.7% 15Nov2047,2026-08-13,2026-08-13,2047-11-15,21.2567,4.7,81.896,6.25,5.2013,104.87,-0.0
VZ,sample1,US92346MBK62,VERIZON COMMUNICATIONS INC INTERNOTES BO 4.65% 15Nov2047,2026-08-06,2026-08-06,2047-11-15,21.2758,4.65,84.136,5.9767,5.22,75.67,-0.0
VZ,sample1,US92346MBM29,VERIZON COMMUNICATIONS INC INTERNOTES BO 4.65% 15Nov2047,2026-08-03,2026-08-03,2047-11-15,21.2841,4.65,81.85,6.19,5.23,96.0,0.6
VZ,sample1,US92346MBR16,VERIZON COMMUNICATIONS INC INTERNOTES BO 4.5% 15Dec2047,2026-08-18,2026-08-18,2047-12-15,21.3251,4.5,80.75,6.129,5.28,84.9,-0.0
VZ,sample1,US92346MCU36,VERIZON COMMUNICATIONS INC INTERNOTES BO 5% 15Jun2048,2026-08-19,2026-08-18,2048-06-15,21.8234,5.0,85.0,6.2702,5.28,99.02,-0.0
VZ,sample1,US92346MCW91,VERIZON COMMUNICATIONS INC INTERNOTES BO 4.95% 15Jun2048,2026-08-18,2026-08-18,2048-06-15,21.8261,4.95,83.216,6.3852,5.28,110.52,-0.0
VZ,sample1,US92343VCX01,VERIZON COMMUNICATIONS INC 4.522% 15Sep2048,2026-08-19,2026-08-18,2048-09-15,22.0753,4.522,78.433,6.3521,5.28,107.21,-0.0
VZ,sample1,US92343VDS07,VERIZON COMMUNICATIONS INC 5.012% 15Apr2049,2026-08-19,2026-08-18,2049-04-15,22.6557,5.012,85.2965,6.2315,5.28,95.15,-0.0
VZ,sample1,US92343VFD10,VERIZON COMMUNICATIONS INC 4% 22Mar2050,2026-08-17,2026-08-17,2050-03-22,23.5948,4.0,72.38,6.2543,5.3036,95.07,0.0
VZ,sample1,US92343VFU35,VERIZON COMMUNICATIONS INC 2.875% 20Nov2050,2026-08-19,2026-08-18,2050-11-20,24.2546,2.875,57.98,6.2682,5.28,98.82,-0.0
VZ,sample1,US92343VGB45,VERIZON COMMUNICATIONS INC 3.55% 22Mar2051,2026-08-19,2026-08-18,2051-03-22,24.5886,3.55,66.233,6.258,5.28,97.8,0.0
VZ,sample1,US92343VCM46,VERIZON COMMUNICATIONS INC 5.012% 21Aug2054,2026-08-18,2026-08-18,2054-08-21,28.0082,5.012,80.75,6.516,5.28,123.6,-0.0
VZ,sample1,US92343VCZ58,VERIZON COMMUNICATIONS INC 4.672% 15Mar2055,2026-08-18,2026-08-18,2055-03-15,28.5722,4.672,77.4935,6.3968,5.28,111.68,-0.0
VZ,sample1,US92343VFW90,VERIZON COMMUNICATIONS INC 2.987% 30Oct2056,2026-08-19,2026-08-18,2056-10-30,30.1985,2.987,55.213,6.3317,5.28,105.17,-0.0
VZ,sample1,US92343VFV18,VERIZON COMMUNICATIONS INC 3% 20Nov2060,2026-08-18,2026-08-18,2060-11-20,34.2587,3.0,53.61,6.3301,5.28,105.01,-0.0
VZ,sample1,US92343VGC28,VERIZON COMMUNICATIONS INC 3.7% 22Mar2061,2026-08-19,2026-08-18,2061-03-22,34.59,3.7,63.9141,6.2637,5.28,98.37,-0.0
WAB,sample2,US960386AL46,WESTINGHOUSE AIR BRAKE TECHNOLOGIES CORP 3.45% 15Nov2026,2026-08-19,2026-08-18,2026-11-15,0.2409,3.45,99.68,4.7771,3.86,91.71,0.3
WDAY,sample3_extension_2026-08-20,US98138HAH49,WDAY 3.7 01-APR-29,2026-08-19,2026-08-18,2029-04-01,2.6174,3.7,97.5266,4.7153,4.2332,48.21,-0.1
WDAY,sample3_extension_2026-08-20,US98138HAJ05,WDAY 3.8 01-APR-32,2026-08-19,2026-08-18,2032-04-01,5.6181,3.8,93.096,5.2343,4.4194,81.49,-0.1
WEC,sample2,US92939UAG13,WEC 2.2 15-DEC-28,2026-08-19,2026-08-18,2028-12-15,2.3244,2.2,94.66,4.6541,4.2127,44.14,-0.5
WEC,sample2,US976843BH44,WISCONSIN PUB SVC CORP 3.671% 01Dec2042,2026-08-12,2026-08-12,2042-12-01,16.3039,3.671,77.201,5.86,5.033,82.7,0.1
WEC,sample2,US976843BN12,WEC 2.85 01-DEC-51,2026-08-18,2026-08-18,2051-12-01,25.2868,2.85,58.9146,6.0397,5.28,75.97,-0.0
WELL,sample3_extension_2026-08-20,US95040QAD60,WELLTOWER INC 4.25% 15Apr2028,2026-08-19,2026-08-18,2028-04-15,1.6564,4.25,99.6466,4.471,4.1213,34.97,-0.0
WELL,sample3_extension_2026-08-20,US95040QAN43,WELL 2.05 15-JAN-29,2026-08-19,2026-08-18,2029-01-15,2.4093,2.05,94.368,4.5502,4.2187,33.15,-0.7
WELL,sample3_extension_2026-08-20,US95040QAR56,WELL 3.85 15-JUN-32,2026-08-19,2026-08-18,2032-06-15,5.8234,3.85,94.482,4.9519,4.4359,51.6,-0.1
WELL,sample3_extension_2026-08-20,US42217KAX46,HEALTH CARE REIT INC 6.5% 15Mar2041,2026-08-13,2026-08-13,2041-03-15,14.5873,6.5,108.3943,5.6284,4.8915,73.69,1.9
WELL,sample3_extension_2026-08-20,US42217KBB17,HEALTH CARE REIT INC 5.125% 15Mar2043,2026-08-19,2026-08-18,2043-03-15,16.5695,5.125,90.987,5.9899,5.0845,90.54,-0.0
WELL,sample3_extension_2026-08-20,US95040QAF19,WELLTOWER INC 4.95% 01Sep2048,2026-08-07,2026-08-07,2048-09-01,22.0698,4.95,88.741,5.8662,5.1979,66.83,-0.0
WFC,sample3_extension_2026-08-20,US949746SH57,WELLS FARGO & CO NEW 3% 23Oct2026,2026-08-19,2026-08-18,2026-10-23,0.178,3.0,99.681,4.7914,3.86,93.14,0.7
WFC,sample3_extension_2026-08-20,US94974BGL80,WELLS FARGO & CO NEW MEDIUM TERM SR NTS 4.3% 22Jul2027,2026-08-19,2026-08-18,2027-07-22,0.9227,4.3,99.902,4.4062,3.9766,42.96,-0.0
WFC,sample3_extension_2026-08-20,US95000U2D40,WELLS FARGO & CO MEDIUM TERM SR NTS BOOK 4.15% 24Jan2029,2026-08-19,2026-08-18,2029-01-24,2.4339,4.15,99.076,4.5551,4.2204,33.47,-0.1
WFC,sample3_extension_2026-08-20,US949746JM44,WELLS FARGO & CO NEW 5.375% 07Feb2035,2026-08-19,2026-08-18,2035-02-07,8.4709,5.375,100.931,5.237,4.6183,61.87,0.0
WFC,sample3_extension_2026-08-20,US94980VAG32,WELLS FARGO BK NATL ASSN 5.95% 26Aug2036,2026-08-19,2026-08-18,2036-08-26,10.0205,5.95,102.4353,5.6284,4.7112,91.72,0.0
WFC,sample3_extension_2026-08-20,US94974BFP04,WELLS FARGO & CO NEW MEDIUM TERM SR NTS 5.375% 02Nov2043,2026-08-19,2026-08-18,2043-11-02,17.2047,5.375,90.872,6.2475,5.1207,112.68,-0.0
WFC,sample3_extension_2026-08-20,US949746RF01,WELLS FARGO & CO NEW 5.606% 15Jan2044,2026-08-19,2026-08-18,2044-01-15,17.4073,5.606,93.916,6.181,5.1322,104.88,-0.0
WFC,sample3_extension_2026-08-20,US94974BGE48,WELLS FARGO & CO NEW MEDIUM TERM SR NTS 4.65% 04Nov2044,2026-08-19,2026-08-18,2044-11-04,18.2122,4.65,82.776,6.2463,5.1781,106.82,-0.0
WFC,sample3_extension_2026-08-20,US94974BGK08,WELLS FARGO & CO NEW MEDIUM TERM SR NTS 3.9% 01May2045,2026-08-19,2026-08-18,2045-05-01,18.6995,3.9,76.433,6.0159,5.2059,81.0,-0.0
WFC,sample3_extension_2026-08-20,US94974BGQ77,WELLS FARGO & CO NEW MEDIUM TERM SR NTS 4.9% 17Nov2045,2026-08-19,2026-08-18,2045-11-17,19.2471,4.9,84.887,6.2614,5.2371,102.43,-0.0
WFC,sample3_extension_2026-08-20,US94974BGT17,WELLS FARGO & CO NEW MEDIUM TERM SR NTS 4.4% 14Jun2046,2026-08-19,2026-08-18,2046-06-14,19.8193,4.4,78.93,6.2713,5.2697,100.16,-0.0
WFC,sample3_extension_2026-08-20,US94974BGU89,WELLS FARGO & CO NEW MEDIUM TERM SR NTS 4.75% 07Dec2046,2026-08-19,2026-08-18,2046-12-07,20.3012,4.75,82.502,6.2871,5.28,100.71,-0.0
WM,sample1,US94106LBP31,WASTE MGMT INC DEL 1.5% 15Mar2031,2026-08-19,2026-08-18,2031-03-15,4.5695,1.5,86.695,4.7752,4.3463,42.89,-0.0
WMB,sample3_extension_2026-08-20,US96949LAD73,WILLIAMS PARTNERS L P NEW 3.75% 15Jun2027,2026-08-19,2026-08-18,2027-06-15,0.8214,3.75,99.58,4.2713,3.959,31.23,-0.1
WMB,sample3_extension_2026-08-20,US96950GAE26,WILLIAMS SCOTSMAN INTL INC 4.625% 15Aug2028,2026-08-18,2026-08-18,2028-08-15,1.9932,4.625,98.9893,5.1659,4.1886,97.73,-0.1
WMB,sample3_extension_2026-08-20,US969457BB59,WILLIAMS COS INC 7.5% 15Jan2031,2026-08-19,2026-08-18,2031-01-15,4.4079,7.5,111.673,4.5432,4.3374,20.58,0.3
WMB,sample3_extension_2026-08-20,US969457BD16,WILLIAMS COS INC 7.75% 15Jun2031,2026-08-17,2026-08-17,2031-06-15,4.8268,7.75,111.129,5.1153,4.3687,74.66,0.1
WMB,sample3_extension_2026-08-20,US969457BM15,WILLIAMS COS INC 8.75% 15Mar2032,2026-08-19,2026-08-18,2032-03-15,5.5715,8.75,117.039,5.1869,4.4157,77.12,0.1
WMB,sample3_extension_2026-08-20,US969457BZ28,WMB 4.65 15-AUG-32,2026-08-19,2026-08-18,2032-08-15,5.9904,4.65,97.541,5.1322,4.4492,68.3,-0.0
WMB,sample3_extension_2026-08-20,US969457CJ76,WMB 5.65 15-MAR-33,2026-08-19,2026-08-18,2033-03-15,6.5708,5.65,101.922,5.2887,4.4957,79.3,1.0
WMB,sample3_extension_2026-08-20,US96950FAF18,WILLIAMS PARTNERS L P 6.3% 15Apr2040,2026-08-18,2026-08-18,2040-04-15,13.6591,6.3,102.996,5.9749,4.9186,105.63,0.0
WMB,sample3_extension_2026-08-20,US96950FAK03,WILLIAMS PARTNERS L P 5.8% 15Nov2043,2026-08-19,2026-08-18,2043-11-15,17.2402,5.8,97.068,6.0758,5.1227,95.31,-0.0
WMB,sample3_extension_2026-08-20,US96950FAN42,WILLIAMS PARTNERS L P 5.4% 04Mar2044,2026-08-17,2026-08-17,2044-03-04,17.5469,5.4,91.1364,6.2379,5.1577,108.02,-0.0
WMB,sample3_extension_2026-08-20,US969457BV14,WILLIAMS COS INC 5.75% 24Jun2044,2026-08-19,2026-08-18,2044-06-24,17.848,5.75,96.441,6.0787,5.1573,92.14,-0.0
WMB,sample3_extension_2026-08-20,US96950FAP99,WILLIAMS PARTNERS L P 4.9% 15Jan2045,2026-08-19,2026-08-18,2045-01-15,18.4093,4.9,85.817,6.2026,5.1893,101.33,-0.0
WMB,sample3_extension_2026-08-20,US96949LAC90,WILLIAMS PARTNERS L P NEW 5.1% 15Sep2045,2026-08-19,2026-08-18,2045-09-15,19.0746,5.1,88.069,6.1727,5.2273,94.54,-0.0
WMB,sample3_extension_2026-08-20,US96949LAE56,WILLIAMS PARTNERS L P NEW 4.85% 01Mar2048,2026-08-13,2026-08-13,2048-03-01,21.5496,4.85,83.877,6.218,5.2015,101.65,-0.0
WMB,sample3_extension_2026-08-20,US88339WAA45,WMB 3.5 15-OCT-51,2026-08-19,2026-08-18,2051-10-15,25.1554,3.5,65.922,6.1893,5.28,90.93,-0.0
WMB,sample3_extension_2026-08-20,US969457CA67,WMB 5.3 15-AUG-52,2026-08-17,2026-08-17,2052-08-15,25.9959,5.3,86.547,6.3653,5.306,105.93,-0.0
WMT,sample3_extension_2026-08-20,US931142ER00,WMT 1.05 17-SEP-26,2026-08-19,2026-08-18,2026-09-17,0.0794,1.05,99.7693,4.117,3.86,25.7,-13.7
WMT,sample3_extension_2026-08-20,US931142CH46,WALMART INC 5.875% 05Apr2027,2026-08-19,2026-08-18,2027-04-05,0.627,5.875,100.444,5.1326,3.9253,120.73,0.2
WMT,sample3_extension_2026-08-20,US931142EX77,WMT 3.95 09-SEP-27,2026-08-19,2026-08-18,2027-09-09,1.0568,3.95,99.867,4.0785,4.0014,7.71,-0.1
WMT,sample3_extension_2026-08-20,US931142EE96,WALMART INC 3.7% 26Jun2028,2026-08-19,2026-08-18,2028-06-26,1.8535,3.7,99.107,4.2045,4.1607,4.38,-0.1
WMT,sample3_extension_2026-08-20,US931142ES82,WMT 1.5 22-SEP-28,2026-08-19,2026-08-18,2028-09-22,2.0945,1.5,94.765,4.1414,4.1966,1.0,-0.7
WMT,sample3_extension_2026-08-20,US931142BF98,WALMART INC 7.55% 15Feb2030,2026-08-19,2026-08-18,2030-02-15,3.4935,7.55,109.944,4.4393,4.2871,15.22,0.6
WMT,sample3_extension_2026-08-20,US931142EY50,WMT 4.15 09-SEP-32,2026-08-19,2026-08-18,2032-09-09,6.0589,4.15,97.65,4.5988,4.4547,14.41,-0.0
WMT,sample3_extension_2026-08-20,US931142CB75,WALMART INC 5.25% 01Sep2035,2026-08-19,2026-08-18,2035-09-01,9.0349,5.25,101.458,5.0467,4.6521,39.46,0.0
WMT,sample3_extension_2026-08-20,US931142CK74,WALMART INC 6.5% 15Aug2037,2026-08-19,2026-08-18,2037-08-15,10.9897,6.5,111.685,5.0976,4.7664,33.12,0.0
WMT,sample3_extension_2026-08-20,US931142CM31,WALMART INC 6.2% 15Apr2038,2026-08-19,2026-08-18,2038-04-15,11.655,6.2,108.795,5.184,4.8043,37.97,0.0
WMT,sample3_extension_2026-08-20,US931142EB57,WALMART INC 3.95% 28Jun2038,2026-08-19,2026-08-18,2038-06-28,11.8576,3.95,89.982,5.085,4.8159,26.91,-0.0
WMT,sample3_extension_2026-08-20,US931142CS01,WALMART INC 5.625% 01Apr2040,2026-08-19,2026-08-18,2040-04-01,13.6181,5.625,101.503,5.4663,4.9162,55.01,0.0
WMT,sample3_extension_2026-08-20,US931142CV30,WALMART INC 4.875% 08Jul2040,2026-08-19,2026-08-18,2040-07-08,13.8864,4.875,95.526,5.3347,4.9315,40.32,-0.0
WMT,sample3_extension_2026-08-20,US931142CY78,WALMART INC 5% 25Oct2040,2026-08-19,2026-08-18,2040-10-25,14.1848,5.0,97.79,5.2218,4.9485,27.33,-0.0
WMT,sample3_extension_2026-08-20,US931142DB66,WALMART INC 5.625% 15Apr2041,2026-08-19,2026-08-18,2041-04-15,14.6557,5.625,104.507,5.1815,4.9754,20.61,0.0
WMT,sample3_extension_2026-08-20,US931142DG53,WALMART INC 4% 11Apr2043,2026-08-19,2026-08-18,2043-04-11,16.6434,4.0,82.5565,5.6277,5.0887,53.9,-0.0
WMT,sample3_extension_2026-08-20,US931142DW04,WALMART INC 3.625% 15Dec2047,2026-08-19,2026-08-18,2047-12-15,21.3224,3.625,76.231,5.5379,5.28,25.79,-0.0
WMT,sample3_extension_2026-08-20,US931142EC31,WALMART INC 4.05% 29Jun2048,2026-08-19,2026-08-18,2048-06-29,21.8617,4.05,79.753,5.6782,5.28,39.82,-0.0
WMT,sample3_extension_2026-08-20,US931142EV12,WMT 2.65 22-SEP-51,2026-08-19,2026-08-18,2051-09-22,25.0924,2.65,59.059,5.753,5.28,47.3,-0.0
WMT,sample3_extension_2026-08-20,US931142EZ26,WMT 4.5 09-SEP-52,2026-08-19,2026-08-18,2052-09-09,26.0589,4.5,83.595,5.7184,5.28,43.84,-0.0
WRB,sample3_extension_2026-08-20,US084423AT91,BERKLEY W R CORP 4.75% 01Aug2044,2026-08-19,2026-08-18,2044-08-01,17.9521,4.75,86.237,6.0139,5.1633,85.06,-0.0
WRB,sample3_extension_2026-08-20,US084423AV48,WRB 3.55 30-MAR-52,2026-08-18,2026-08-18,2052-03-30,25.6153,3.55,65.981,6.223,5.28,94.3,-0.0
WRB,sample3_extension_2026-08-20,US084423AW21,WRB 3.15 30-SEP-61,2026-08-18,2026-08-18,2061-09-30,35.1184,3.15,56.51,6.2062,5.28,92.62,-0.0
WTW,sample2,US970648AL56,WTW 4.65 15-JUN-27,2026-08-19,2026-08-18,2027-06-15,0.8214,4.65,100.04,4.5906,3.959,63.16,0.2
WTW,sample2,US970648AG61,WILLIS NORTH AMER INC 4.5% 15Sep2028,2026-08-19,2026-08-18,2028-09-15,2.0753,4.5,99.568,4.72,4.1953,52.47,-0.1
WTW,sample2,US970648AJ01,WTW 2.95 15-SEP-29,2026-08-19,2026-08-18,2029-09-15,3.0746,2.95,94.648,4.8468,4.2641,58.27,-0.3
WTW,sample2,US970648AH45,WILLIS NORTH AMER INC 5.05% 15Sep2048,2026-07-31,2026-07-31,2048-09-15,22.1273,5.05,84.9999,6.31,5.2779,103.21,0.7
WTW,sample2,US970648AK73,WTW 3.875 15-SEP-49,2026-08-10,2026-08-10,2049-09-15,23.0992,3.875,71.3588,6.2302,5.25,98.02,-0.0
WY,sample3_extension_2026-08-20,US962166AW45,WEYERHAEUSER CO 6.95% 01Oct2027,2026-08-19,2026-08-18,2027-10-01,1.117,6.95,102.772,4.3672,4.0134,35.38,0.7
WY,sample3_extension_2026-08-20,US962166BR41,WEYERHAEUSER CO 7.375% 15Mar2032,2026-08-19,2026-08-18,2032-03-15,5.5715,7.375,110.465,5.1863,4.4157,77.06,0.1
WY,sample3_extension_2026-08-20,US962166CA07,WY 3.375 09-MAR-33,2026-08-19,2026-08-18,2033-03-09,6.5544,3.375,89.524,5.2871,4.4944,79.27,-0.0
WY,sample3_extension_2026-08-20,US962166BT07,WEYERHAEUSER CO 6.875% 15Dec2033,2026-08-19,2026-08-18,2033-12-15,7.3238,6.875,108.516,5.4469,4.5494,89.75,0.1
WY,sample3_extension_2026-08-20,US962166CB89,WY 4 09-MAR-52,2026-08-13,2026-08-13,2052-03-09,25.5715,4.0,72.0138,6.1946,5.2056,98.9,-0.0
WYNN,sample2,US983130AX35,WYNN LAS VEGAS LLC / WYNN LAS VEGAS CAP 5.25% 15May2027,2026-08-19,2026-08-18,2027-05-15,0.7365,5.25,100.0903,5.0593,3.9443,111.5,5.3
WYNN,sample2,US983133AA70,WYNN RESORTS FIN LLC / WYNN RESORTS CAP 5.125% 01Oct2029,2026-08-19,2026-08-18,2029-10-01,3.1184,5.125,99.645,5.248,4.2665,98.15,-0.0
XEL,sample2,US98389BAU44,XCEL ENERGY INC 3.35% 01Dec2026,2026-08-19,2026-08-18,2026-12-01,0.2847,3.35,99.727,4.3032,3.866,43.72,0.6
XEL,sample2,US98388MAB37,XEL 1.75 15-MAR-27,2026-08-19,2026-08-18,2027-03-15,0.5695,1.75,98.65,4.1717,3.9154,25.63,-0.0
XEL,sample2,US665772BT51,NORTHERN STS PWR CO MINN 6.5% 01Mar2028,2026-08-10,2026-08-10,2028-03-01,1.5578,6.5,103.283,4.29,4.1571,13.29,0.6
XEL,sample2,US98389BAV27,XCEL ENERGY INC 4% 15Jun2028,2026-08-19,2026-08-18,2028-06-15,1.8234,4.0,98.9622,4.5981,4.1547,44.34,-0.1
XEL,sample2,US665772CT43,XEL 2.25 01-APR-31,2026-08-17,2026-08-17,2031-04-01,4.6215,2.25,89.557,4.7967,4.3554,44.13,-0.1
XEL,sample2,US744448CV12,PUBLIC SVC CO COLO 1.875% 15Jun2031,2026-08-19,2026-08-18,2031-06-15,4.8214,1.875,86.815,4.9858,4.3602,62.56,-0.1
XEL,sample2,US98388MAC10,XEL 2.35 15-NOV-31,2026-08-19,2026-08-18,2031-11-15,5.2402,2.35,87.595,5.0769,4.3892,68.77,-0.2
XEL,sample2,US98388MAD92,XEL 4.6 01-JUN-32,2026-08-19,2026-08-18,2032-06-01,5.7851,4.6,97.427,5.1184,4.4328,68.56,-0.0
XEL,sample2,US744448CW94,XEL 4.1 01-JUN-32,2026-08-18,2026-08-18,2032-06-01,5.7878,4.1,95.716,4.9599,4.433,52.69,-0.1
XEL,sample2,US98389BAH33,XCEL ENERGY INC 6.5% 01Jul2036,2026-08-19,2026-08-18,2036-07-01,9.8672,6.5,105.616,5.745,4.702,104.3,0.0
XEL,sample2,US665772CE73,NORTHERN STS PWR CO MINN 5.35% 01Nov2039,2026-08-19,2026-08-18,2039-11-01,13.2019,5.35,97.881,5.578,4.8925,68.55,-0.0
XEL,sample2,US98389BAN01,XCEL ENERGY INC 4.8% 15Sep2041,2026-08-18,2026-08-18,2041-09-15,15.0773,4.8,87.622,6.0641,4.9994,106.47,-0.0
XEL,sample2,US665772CQ04,NORTHERN STS PWR CO MINN 3.6% 15Sep2047,2026-08-18,2026-08-18,2047-09-15,21.076,3.6,70.862,6.0683,5.28,78.83,-0.0
XEL,sample2,US665772CU16,XEL 3.2 01-APR-52,2026-08-03,2026-08-03,2052-04-01,25.6619,3.2,65.7752,5.7728,5.23,54.28,-0.0
XEL,sample2,US665772CV98,XEL 4.5 01-JUN-52,2026-08-19,2026-08-18,2052-06-01,25.7851,4.5,80.406,6.0028,5.28,72.28,-0.0
XEL,sample2,US744448CX77,XEL 4.5 01-JUN-52,2026-08-07,2026-08-07,2052-06-01,25.8179,4.5,78.897,6.1394,5.1942,94.52,-0.0
XOM,sample3_extension_2026-08-20,US30231GBE17,Exxon Mobil 2.44% 16aug2029 USD,2026-08-19,2026-08-18,2029-08-16,2.9925,2.44,94.613,4.3825,4.2595,12.3,-0.2
XOM,sample3_extension_2026-08-20,US30231GAN25,EXXON MOBIL CORP 3.567% 06Mar2045,2026-08-19,2026-08-18,2045-03-06,18.5462,3.567,74.684,5.816,5.1971,61.89,-0.0
XOM,sample3_extension_2026-08-20,US30231GAW24,EXXON MOBIL CORP 4.114% 01Mar2046,2026-08-19,2026-08-18,2046-03-01,19.5318,4.114,80.3294,5.8116,5.2533,55.83,-0.0
XYL,sample2,US98419MAJ99,XYLEM INC 3.25% 01Nov2026,2026-08-19,2026-08-18,2026-11-01,0.2026,3.25,99.756,4.4542,3.86,59.42,-0.3
XYZ,sample3_extension_2026-08-20,US852234AP86,SQ 3.5 01-JUN-31,2026-08-19,2026-08-18,2031-06-01,4.783,3.5,92.089,5.3983,4.3581,104.02,-0.1
YUM,sample2,US988498AL59,YUM BRANDS INC 4.75% 15Jan2030,2026-08-18,2026-08-18,2030-01-15,3.4114,4.75,98.2273,5.3245,4.2826,104.19,-0.1
YUM,sample2,US988498AN16,YUM BRANDS INC 3.625% 15Mar2031,2026-08-19,2026-08-18,2031-03-15,4.5695,3.625,92.705,5.4493,4.3463,110.3,-0.0
YUM,sample2,US988498AD34,YUM BRANDS INC 6.875% 15Nov2037,2026-08-19,2026-08-18,2037-11-15,11.2416,6.875,107.6173,5.9349,4.7808,115.41,0.0
YUM,sample2,US988498AK76,YUM BRANDS INC 5.35% 01Nov2043,2026-08-19,2026-08-18,2043-11-01,17.2019,5.35,90.986,6.2093,5.1205,108.88,-0.0
ZBH,sample3_extension_2026-08-20,US98956PAV40,ZBH 2.6 24-NOV-31,2026-08-19,2026-08-18,2031-11-24,5.2649,2.6,88.949,5.015,4.3912,62.38,-0.2
ZBH,sample3_extension_2026-08-20,US98956PAG72,ZIMMER BIOMET HLDGS INC 4.25% 15Aug2035,2026-08-17,2026-08-17,2035-08-15,8.9938,4.25,91.231,5.4992,4.6596,83.96,-0.0
ZBH,sample3_extension_2026-08-20,US98956PAH55,ZIMMER BIOMET HLDGS INC 4.45% 15Aug2045,2026-07-24,2026-07-24,2045-08-15,19.0609,4.45,84.722,5.7835,5.134,64.95,-0.0
ZTS,sample3_extension_2026-08-20,US98978VAL71,ZOETIS INC 3% 12Sep2027,2026-08-19,2026-08-18,2027-09-12,1.065,3.0,98.668,4.2959,4.003,29.29,-0.5
ZTS,sample3_extension_2026-08-20,US98978VAN38,ZOETIS INC 3.9% 20Aug2028,2026-08-19,2026-08-18,2028-08-20,2.0041,3.9,98.94,4.4599,4.1903,26.96,-0.1
ZTS,sample3_extension_2026-08-20,US98978VAV53,ZTS 5.6 16-NOV-32,2026-08-19,2026-08-18,2032-11-16,6.245,5.6,102.695,5.0721,4.4696,60.25,1.7
ZTS,sample3_extension_2026-08-20,US98978VAH69,ZOETIS INC 4.7% 01Feb2043,2026-08-19,2026-08-18,2043-02-01,16.4545,4.7,86.523,6.0002,5.0779,92.23,-0.0
ZTS,sample3_extension_2026-08-20,US98978VAM54,ZOETIS INC 3.95% 12Sep2047,2026-07-21,2026-07-21,2047-09-12,21.1444,3.95,76.1722,5.94,5.1389,80.11,0.4
ZTS,sample3_extension_2026-08-20,US98978VAP85,ZOETIS INC 4.45% 20Aug2048,2026-08-18,2026-08-18,2048-08-20,22.0068,4.45,79.661,6.1487,5.28,86.87,-0.0
