ticker,sample,bond_code,route,cusip6,bond_name,echo_named
A,universe,US00846UAK79,cusip6,00846U,AGILENT TECHNOLOGIES INC 3.05% 22Sep2026,0
A,universe,US00846UAL52,cusip6,00846U,US00846UAL52,1
A,universe,US00846UAM36,cusip6,00846U,Agilent Technologies 2.1% 4jun2030,0
A,universe,US00846UAN19,cusip6,00846U,AGILENT TECHNOLOGIES INC,0
AAPL,universe,US037833AL42,cusip6,037833,APPLE INC 3.85% 04May2043,0
AAPL,universe,US037833AT77,cusip6,037833,APPLE INC 4.45% 06May2044,0
AAPL,universe,US037833BA77,cusip6,037833,APPLE INC 3.45% 09Feb2045,0
AAPL,universe,US037833BH21,cusip6,037833,APPLE INC 4.375% 13May2045,0
AAPL,universe,US037833BW97,cusip6,037833,APPLE INC 4.5% 23Feb2036,0
AAPL,universe,US037833BX70,cusip6,037833,APPLE INC 4.65% 23Feb2046,0
AAPL,universe,US037833BZ29,cusip6,037833,APPLE INC 2.45% 04Aug2026,0
AAPL,universe,US037833CD08,cusip6,037833,APPLE INC 3.85% 04Aug2046,0
AAPL,universe,US037833CH12,cusip6,037833,APPLE INC 4.25% 09Feb2047,0
AAPL,universe,US037833CJ77,cusip6,037833,APPLE INC 3.35% 09Feb2027,0
AAPL,universe,US037833CR93,cusip6,037833,APPLE INC 3.2% 11May2027,0
AAPL,universe,US037833CX61,cusip6,037833,APPLE INC 3% 20Jun2027,0
AAPL,universe,US037833DB33,cusip6,037833,APPLE INC 2.9% 12Sep2027,0
AAPL,universe,US037833DD98,cusip6,037833,APPLE INC 3.75% 12Sep2047,0
AAPL,universe,US037833DG20,cusip6,037833,APPLE INC 3.75% 13Nov2047,0
AAPL,universe,US037833DK32,cusip6,037833,APPLE INC 3% 13Nov2027,0
AAPL,universe,US037833DN70,cusip6,037833,APPLE INC,0
AAPL,universe,US037833DP29,cusip6,037833,APPLE INC,0
AAPL,universe,US037833DQ02,cusip6,037833,APPLE INC,0
AAPL,universe,US037833DU14,cusip6,037833,APPLE INC,0
AAPL,universe,US037833DW79,cusip6,037833,APPLE INC,0
AAPL,universe,US037833DY36,cusip6,037833,APPLE INC,0
AAPL,universe,US037833DZ01,cusip6,037833,APPLE INC,0
AAPL,universe,US037833EA41,cusip6,037833,APPLE INC,0
AAPL,universe,US037833EC07,cusip6,037833,AAPL 1.2 08-FEB-28,0
AAPL,universe,US037833ED89,cusip6,037833,APPLE INC,0
AAPL,universe,US037833EE62,cusip6,037833,APPLE INC,0
AAPL,universe,US037833EF38,cusip6,037833,APPLE INC,0
AAPL,universe,US037833EG11,cusip6,037833,APPLE INC,0
AAPL,universe,US037833EH93,cusip6,037833,APPLE INC,0
AAPL,universe,US037833EJ59,cusip6,037833,APPLE INC,0
AAPL,universe,US037833EK23,cusip6,037833,APPLE INC,0
AAPL,universe,US037833EL06,cusip6,037833,APPLE INC,0
AAPL,universe,US037833EN61,cusip6,037833,AAPL 3.25 08-AUG-29,0
AAPL,universe,US037833EP10,cusip6,037833,AAPL 3.35 08-AUG-32,0
AAPL,universe,US037833EQ92,cusip6,037833,AAPL 3.95 08-AUG-52,0
AAPL,universe,US037833ER75,cusip6,037833,AAPL 4.1 08-AUG-62,0
ABBV,universe,US00287YAM12,cusip6,00287Y,ABBVIE INC 4.4% 06Nov2042,0
ABBV,universe,US00287YAR09,cusip6,00287Y,ABBVIE INC 4.5% 14May2035,0
ABBV,universe,US00287YAS81,cusip6,00287Y,ABBVIE INC 4.7% 14May2045,0
ABBV,universe,US00287YAV11,cusip6,00287Y,ABBVIE INC 4.3% 14May2036,0
ABBV,universe,US00287YAW93,cusip6,00287Y,ABBVIE INC 4.45% 14May2046,0
ABBV,universe,US00287YBD04,cusip6,00287Y,ABBVIE INC 4.875% 14Nov2048,0
ABBV,universe,US00287YBF51,cusip6,00287Y,ABBVIE INC 4.25% 14Nov2028,0
ABBV,universe,US00287YBV02,cusip6,00287Y,ABBVIE INC,0
ABBV,universe,US00287YBX67,cusip6,00287Y,ABBVIE INC,0
ABBV,universe,US00287YCA55,cusip6,00287Y,ABBVIE INC,0
ABBV,universe,US00287YCB39,cusip6,00287Y,ABBVIE INC,0
ABBV,universe,US00287YCY32,cusip6,00287Y,ABBVIE INC,0
ABBV,universe,US00287YCZ07,cusip6,00287Y,US00287YCZ07,1
ABBV,universe,US00287YDA47,cusip6,00287Y,ABBVIE INC,0
ABBV,universe,US00287YDB20,cusip6,00287Y,ABBVIE INC,0
ABT,universe,US002819AC45,name_block,002819,ABBOTT LABORATORIES 6.15% 30Nov2037,0
ABT,universe,US002824AV29,cusip6,002824,ABBOTT LABS 6% 01Apr2039,0
ABT,universe,US002824AY67,cusip6,002824,ABBOTT LABS 5.3% 27May2040,0
ABT,universe,US002824BF69,cusip6,002824,US002824BF69,1
ABT,universe,US002824BG43,cusip6,002824,ABBOTT LABS 4.75% 30Nov2036,0
ABT,universe,US002824BH26,cusip6,002824,ABBOTT LABS 4.9% 30Nov2046,0
ABT,universe,US002824BN93,cusip6,002824,ABBOTT LABS 4.75% 15Apr2043,0
ABT,universe,US002824BP42,cusip6,002824,US002824BP42,1
ABT,universe,US002824BQ25,cusip6,002824,US002824BQ25,1
ACGL,universe,US03937LAA35,cusip6,03937L,ARCH CAP GROUP LTD 7.35% 01May2034,0
ACGL,universe,US03939AAA51,name_block,03939A,ARCH CAPITAL GROUP LTD.,0
ADI,universe,US032654AK16,cusip6,032654,ANALOG DEVICES INC 5.3% 15Dec2045,0
ADI,universe,US032654AN54,cusip6,032654,ANALOG DEVICES INC 3.5% 05Dec2026,0
ADI,universe,US032654AU97,cusip6,032654,ADI 1.7 01-OCT-28,0
ADI,universe,US032654AV70,cusip6,032654,ADI 2.1 01-OCT-31,0
ADI,universe,US032654AW53,cusip6,032654,ADI 2.8 01-OCT-41,0
ADI,universe,US032654AX37,cusip6,032654,ADI 2.95 01-OCT-51,0
ADM,universe,US039482AB02,name_block,039482,ARCHER DANIELS MIDLAND CO,0
ADM,universe,US039482AC84,name_block,039482,ADM 2.7 15-SEP-51,0
ADM,universe,US039482AD67,name_block,039482,ADM 2.9 01-MAR-32,0
ADM,universe,US039483AM40,cusip6,039483,ARCHER-DANIELS MIDLAND CO 7.5% 15Mar2027,0
ADM,universe,US039483AN23,cusip6,039483,US039483AN23,1
ADM,universe,US039483AS10,cusip6,039483,US039483AS10,1
ADM,universe,US039483AT92,cusip6,039483,US039483AT92,1
ADM,universe,US039483BE15,cusip6,039483,ARCHER-DANIELS MIDLAND CO 4.535% 26Mar2042,0
ADM,universe,US039483BL57,cusip6,039483,ARCHER-DANIELS MIDLAND CO 2.5% 11Aug2026,0
ADM,universe,US039483BQ45,cusip6,039483,ARCHER-DANIELS MIDLAND CO 4.5% 15Mar2049,0
ADP,universe,US053015AF05,cusip6,053015,AUTOMATIC DATA PROCESSING INC,0
ADP,universe,US053015AG87,cusip6,053015,AUTOMATIC DATA PROCESSING INC,0
ADSK,universe,US052769AE63,cusip6,052769,AUTODESK INC 3.5% 15Jun2027,0
ADSK,universe,US052769AG12,cusip6,052769,US052769AG12,1
ADSK,universe,US052769AH94,cusip6,052769,ADSK 2.4 15-DEC-31,0
AEE,universe,US023608AJ15,cusip6,023608,AMEREN CORPORATION,0
AEE,universe,US023608AK87,cusip6,023608,AEE 1.75 15-MAR-28,0
AEE,universe,US023608AL60,cusip6,023608,AEE 1.95 15-MAR-27,0
AEE,universe,US02361DAQ34,name_block,02361D,AMEREN ILL CO 4.15% 15Mar2046,0
AEE,universe,US02361DAR17,name_block,02361D,AMEREN ILL CO 3.7% 01Dec2047,0
AEE,universe,US02361DAS99,name_block,02361D,US02361DAS99,1
AEE,universe,US02361DAT72,name_block,02361D,US02361DAT72,1
AEE,universe,US02361DAU46,name_block,02361D,US02361DAU46,1
AEE,universe,US02361DAV29,name_block,02361D,US02361DAV29,1
AEE,universe,US02361DAX84,name_block,02361D,AEE 2.9 15-JUN-51,0
AEE,universe,US02361DAY67,name_block,02361D,AEE 3.85 01-SEP-32,0
AEE,universe,US02361DAZ33,name_block,02361D,AEE 5.9 01-DEC-52,0
AEE,universe,US906548CT77,name_only,906548,AEE 2.15 15-MAR-32,0
AEE,universe,US906548CU41,name_only,906548,AEE 3.9 01-APR-52,0
AEE,universe,US906548CW07,name_only,906548,AEE 5.45 15-MAR-53,0
AEP,universe,US00108WAF77,name_block,00108W,AEP TEX INC 3.8% 01Oct2047,0
AEP,universe,US00108WAH34,name_block,00108W,AEP TEX INC 3.95% 01Jun2028,0
AEP,universe,US00108WAJ99,name_block,00108W,AEP Texas 4.15% 1may2049,0
AEP,universe,US00108WAK62,name_block,00108W,AEP Texas 3.45% 15jan2050,0
AEP,universe,US00108WAM29,name_block,00108W,AEP Texas 2.1% 1jul2030,0
AEP,universe,US00108WAN02,name_block,00108W,AEP 3.45 15-MAY-51,0
AEP,universe,US00108WAP59,name_block,00108W,AEP 4.7 15-MAY-32,0
AEP,universe,US00108WAQ33,name_block,00108W,AEP 5.25 15-MAY-52,0
AEP,universe,US0010EPAF55,name_block,0010EP,AEP TEX CENT CO 6.65% 15Feb2033,0
AEP,universe,US00115AAE91,name_block,00115A,AEP TRANSMISSION CO LLC 3.1% 01Dec2026,0
AEP,universe,US00115AAH23,name_block,00115A,AEP TRANSMISSION CO LLC 3.75% 01Dec2047,0
AEP,universe,US00115AAJ88,name_block,00115A,AEP TRANSMISSION CO LLC 4.25% 15Sep2048,0
AEP,universe,US00115AAK51,name_block,00115A,AEP Transmission Company 3.8% 15jun2049,0
AEP,universe,US00115AAM18,name_block,00115A,AEP Transmission Company 3.65% 1apr2050,0
AEP,universe,US00115AAN90,name_block,00115A,AEP 2.75 15-AUG-51,0
AEP,universe,US00115AAP49,name_block,00115A,AEP 4.5 15-JUN-52,0
AEP,universe,US00115AAQ22,name_block,00115A,AEP 5.4 15-MAR-53,0
AEP,universe,US025537AJ08,cusip6,025537,AMERICAN ELEC PWR CO INC 3.2% 13Nov2027,0
AEP,universe,US025537AM37,cusip6,025537,AMERICAN ELEC PWR CO INC 4.3% 01Dec2028,0
AEP,universe,US025537AN10,cusip6,025537,US025537AN10,1
AEP,universe,US025537AP67,cusip6,025537,US025537AP67,1
AEP,universe,US025537AU52,cusip6,025537,AEP 3.875 15-FEB-62,0
AEP,universe,US025537AV36,cusip6,025537,AEP 5.75 01-NOV-27,0
AEP,universe,US025537AW19,cusip6,025537,AEP 5.95 01-NOV-32,0
AEP,universe,US025537AX91,cusip6,025537,AEP 5.625 01-MAR-33,0
AEP,universe,US037735CZ84,name_only,037735,AEP 2.7 01-APR-31,0
AEP,universe,US037735DA25,name_only,037735,AEP 4.5 01-AUG-32,0
AEP,universe,US454889AU09,name_only,454889,AEP 3.25 01-MAY-51,0
AEP,universe,US677415CT66,name_only,677415,AEP 1.625 15-JAN-31,0
AEP,universe,US677415CU30,name_only,677415,AEP 2.9 01-OCT-51,0
AEP,universe,US744533BM10,name_block,744533,AEP 2.2 15-AUG-31,0
AEP,universe,US744533BP41,name_block,744533,AEP 3.15 15-AUG-51,0
AEP,universe,US744533BQ24,name_block,744533,AEP 5.25 15-JAN-33,0
AEP,universe,US845437BT80,name_only,845437,AEP 3.25 01-NOV-51,0
AES,universe,US00109AAB35,name_block,00109A,AES 4.375 31-MAY-30,0
AES,universe,US00130HCC79,cusip6,00130H,US00130HCC79,1
AES,universe,US00130HCG83,cusip6,00130H,AES 2.45 15-JAN-31,0
AES,universe,US455434BV12,name_block,455434,AES 5.65 01-DEC-32,0
AES,universe,USP0608AAB28,name_block,P0608A,AES 4.375 31-MAY-30,0
AFL,universe,US001055AD49,cusip6,001055,US001055AD49,1
AFL,universe,US001055AF96,cusip6,001055,AFLAC INC 6.45% 15Aug2040,0
AFL,universe,US001055AQ51,cusip6,001055,AFLAC INC 2.875% 15Oct2026,0
AFL,universe,US001055AR35,cusip6,001055,AFLAC INC 4% 15Oct2046,0
AFL,universe,US001055AY85,cusip6,001055,AFLAC INC 4.75% 15Jan2049,0
AFL,universe,US001055BJ00,cusip6,001055,AFLAC INCORPORATED,0
AIG,universe,US026874BS54,cusip6,026874,American International Group 8.175% 15may2068 USD,0
AIG,universe,US026874DA29,cusip6,026874,AMERICAN INTL GROUP INC 4.5% 16Jul2044,0
AIG,universe,US026874DC84,cusip6,026874,AMERICAN INTL GROUP INC 3.875% 15Jan2035,0
AIG,universe,US026874DE41,cusip6,026874,AMERICAN INTL GROUP INC 4.7% 10Jul2035,0
AIG,universe,US026874DK01,cusip6,026874,AMERICAN INTL GROUP INC 4.2% 01Apr2028,0
AIG,universe,US026874DL83,cusip6,026874,AMERICAN INTL GROUP INC 4.75% 01Apr2048,0
AIG,universe,US026874DM66,cusip6,026874,US026874DM66,1
AIG,universe,US026874DN40,cusip6,026874,US026874DN40,1
AIG,universe,US026874DP97,cusip6,026874,AMERICAN INTERNATIONAL GROUP INC,0
AIG,universe,US026874DR53,cusip6,026874,AMERICAN INTERNATIONAL GROUP INC,0
AIZ,universe,US04621XAD03,cusip6,04621X,ASSURANT INC 6.75% 15Feb2034,0
AIZ,universe,US04621XAJ72,cusip6,04621X,ASSURANT INC 4.9% 27Mar2028,0
AIZ,universe,US04621XAK46,cusip6,04621X,Assurant 7% 27mar2048 USD,0
AIZ,universe,US04621XAM02,cusip6,04621X,US04621XAM02,1
AIZ,universe,US04621XAN84,cusip6,04621X,AIZ 2.65 15-JAN-32,0
AJG,universe,US04316JAA79,name_block,04316J,AJG 2.4 09-NOV-31,0
AJG,universe,US04316JAB52,name_block,04316J,AJG 3.05 09-MAR-52,0
AJG,universe,US04316JAD19,name_block,04316J,AJG 5.5 02-MAR-33,0
AJG,universe,US04316JAE91,name_block,04316J,AJG 5.75 02-MAR-53,0
AJG,universe,US363576AB52,cusip6,363576,AJG 3.5 20-MAY-51,0
ALB,universe,US012653AE17,cusip6,012653,ALB 5.05 01-JUN-32,0
ALB,universe,US012653AF81,cusip6,012653,ALB 5.65 01-JUN-52,0
ALB,universe,US012725AD95,name_block,012725,ALBEMARLE CORP 5.45% 01Dec2044,0
ALL,universe,US020002AJ05,cusip6,020002,ALL 6.9 15-MAY-38,0
ALL,universe,US020002AP64,cusip6,020002,US020002AP64,1
ALL,universe,US020002AQ48,cusip6,020002,ALLSTATE CORP 5.35% 01Jun2033,0
ALL,universe,US020002AS04,cusip6,020002,ALLSTATE CORP 5.55% 09May2035,0
ALL,universe,US020002AU59,cusip6,020002,US020002AU59,1
ALL,universe,US020002BA86,cusip6,020002,ALLSTATE CORP 4.5% 15Jun2043,0
ALL,universe,US020002BB69,cusip6,020002,US020002BB69,1
ALL,universe,US020002BC43,cusip6,020002,ALLSTATE CORP 4.2% 15Dec2046,0
ALL,universe,US020002BD26,cusip6,020002,ALLSTATE CORP 3.28% 15Dec2026,0
ALL,universe,US020002BG56,cusip6,020002,US020002BG56,1
ALL,universe,US020002BJ95,cusip6,020002,US020002BJ95,1
ALLE,universe,US01748NAE40,name_block,01748N,ALLEGION US HLDG CO INC 3.55% 01Oct2027,0
ALLE,universe,US01748TAB70,name_block,01748T,Allegion 3.5% 1oct2029 USD,0
ALLE,universe,US01748TAC53,name_block,01748T,ALLE 5.411 01-JUL-32,0
AMAT,universe,US038222AG04,cusip6,038222,APPLIED MATLS INC 5.85% 15Jun2041,0
AMAT,universe,US038222AK16,cusip6,038222,APPLIED MATLS INC 5.1% 01Oct2035,0
AMAT,universe,US038222AL98,cusip6,038222,APPLIED MATLS INC 3.3% 01Apr2027,0
AMAT,universe,US038222AM71,cusip6,038222,APPLIED MATLS INC 4.35% 01Apr2047,0
AMAT,universe,US038222AN54,cusip6,038222,APPLIED MATERIALS INC,0
AMAT,universe,US038222AP03,cusip6,038222,APPLIED MATERIALS INC,0
AMCR,universe,US02343UAH86,name_block,02343U,AMCR 4.5 15-MAY-28,0
AMCR,universe,US02344AAA60,name_block,02344A,AMCR 2.69 25-MAY-31,0
AMCR,universe,US081437AS43,name_block,081437,AMCR 3.1 15-SEP-26,0
AMD,universe,US007903BF39,cusip6,007903,AMD 3.924 01-JUN-32,0
AMD,universe,US007903BG12,cusip6,007903,AMD 4.393 01-JUN-52,0
AMGN,universe,US031162AW01,cusip6,031162,AMGEN INC 6.375% 01Jun2037,0
AMGN,universe,US031162BA71,cusip6,031162,AMGEN INC 6.4% 01Feb2039,0
AMGN,universe,US031162BE93,cusip6,031162,AMGEN INC 4.95% 01Oct2041,0
AMGN,universe,US031162BH25,cusip6,031162,AMGEN INC 5.65% 15Jun2042,0
AMGN,universe,US031162BK53,cusip6,031162,AMGEN INC 5.15% 15Nov2041,0
AMGN,universe,US031162BZ23,cusip6,031162,AMGEN INC 4.4% 01May2045,0
AMGN,universe,US031162CD02,cusip6,031162,AMGEN INC 4.563% 15Jun2048,0
AMGN,universe,US031162CF59,cusip6,031162,AMGEN INC 4.663% 15Jun2051,0
AMGN,universe,US031162CJ71,cusip6,031162,AMGEN INC 2.6% 19Aug2026,0
AMGN,universe,US031162CQ15,cusip6,031162,AMGEN INC 3.2% 02Nov2027,0
AMGN,universe,US031162CR97,cusip6,031162,AMGEN INC,0
AMGN,universe,US031162CS70,cusip6,031162,AMGEN INC,0
AMGN,universe,US031162CT53,cusip6,031162,AMGEN INC,0
AMGN,universe,US031162CU27,cusip6,031162,AMGEN INC,0
AMGN,universe,US031162CW82,cusip6,031162,AMGEN INC,0
AMGN,universe,US031162CY49,cusip6,031162,AMGEN INC,0
AMGN,universe,US031162CZ14,cusip6,031162,AMGEN INC,0
AMGN,universe,US031162DA53,cusip6,031162,AMGEN INC,0
AMGN,universe,US031162DB37,cusip6,031162,AMGEN INC,0
AMGN,universe,US031162DC10,cusip6,031162,AMGEN INC,0
AMGN,universe,US031162DD92,cusip6,031162,AMGN 3 22-FEB-29,0
AMGN,universe,US031162DE75,cusip6,031162,AMGN 3.35 22-FEB-32,0
AMGN,universe,US031162DF41,cusip6,031162,AMGN 4.2 22-FEB-52,0
AMGN,universe,US031162DG24,cusip6,031162,AMGN 4.4 22-FEB-62,0
AMGN,universe,US031162DH07,cusip6,031162,AMGN 4.05 18-AUG-29,0
AMGN,universe,US031162DJ62,cusip6,031162,AMGN 4.2 01-MAR-33,0
AMGN,universe,US031162DK36,cusip6,031162,AMGN 4.875 01-MAR-53,0
AMGN,universe,US031162DP23,cusip6,031162,AMGN 5.15 02-MAR-28,0
AMGN,universe,US031162DQ06,cusip6,031162,AMGN 5.25 02-MAR-30,0
AMGN,universe,US031162DR88,cusip6,031162,AMGN 5.25 02-MAR-33,0
AMGN,universe,US031162DS61,cusip6,031162,AMGN 5.6 02-MAR-43,0
AMGN,universe,US031162DT45,cusip6,031162,AMGN 5.65 02-MAR-53,0
AMGN,universe,US031162DU18,cusip6,031162,AMGN 5.75 02-MAR-63,0
AMP,universe,US03076CAH97,cusip6,03076C,AMERIPRISE FINL INC 2.875% 15Sep2026,0
AMP,universe,US03076CAL00,cusip6,03076C,AMP 4.5 13-MAY-32,0
AMP,universe,US03076CAM82,cusip6,03076C,AMP 5.15 15-MAY-33,0
AMT,universe,US03027XAK63,name_block,03027X,AMERICAN TOWER CORP NEW 3.375% 15Oct2026,0
AMT,universe,US03027XAM20,name_block,03027X,AMERICAN TOWER CORP NEW 3.125% 15Jan2027,0
AMT,universe,US03027XAP50,name_block,03027X,AMERICAN TOWER CORP NEW 3.55% 15Jul2027,0
AMT,universe,US03027XAR17,name_block,03027X,AMERICAN TOWER CORP NEW 3.6% 15Jan2028,0
AMT,universe,US03027XAU46,name_block,03027X,US03027XAU46,1
AMT,universe,US03027XAW02,name_block,03027X,AMERICAN TOWER CORPORATION,0
AMT,universe,US03027XAX84,name_block,03027X,AMERICAN TOWER CORPORATION,0
AMT,universe,US03027XAY67,name_block,03027X,US03027XAY67,1
AMT,universe,US03027XBA72,name_block,03027X,AMERICAN TOWER CORPORATION,0
AMT,universe,US03027XBC39,name_block,03027X,AMERICAN TOWER CORPORATION,0
AMT,universe,US03027XBD12,name_block,03027X,AMERICAN TOWER CORPORATION,0
AMT,universe,US03027XBG43,name_block,03027X,AMERICAN TOWER CORPORATION,0
AMT,universe,US03027XBJ81,name_block,03027X,US03027XBJ81,1
AMT,universe,US03027XBK54,name_block,03027X,US03027XBK54,1
AMT,universe,US03027XBM11,name_block,03027X,AMT 2.7 15-APR-31,0
AMT,universe,US03027XBR08,name_block,03027X,AMT 1.45 15-SEP-26,0
AMT,universe,US03027XBS80,name_block,03027X,AMT 2.3 15-SEP-31,0
AMT,universe,US03027XBV10,name_block,03027X,AMT 3.65 15-MAR-27,0
AMT,universe,US03027XBW92,name_block,03027X,AMT 4.05 15-MAR-32,0
AMT,universe,US03027XBY58,name_block,03027X,AMT 5.5 15-MAR-28,0
AMT,universe,US03027XBZ24,name_block,03027X,AMT 5.65 15-MAR-33,0
AMZN,universe,US023135AP19,cusip6,023135,AMAZON COM INC 4.8% 05Dec2034,0
AMZN,universe,US023135AQ91,cusip6,023135,AMAZON COM INC 4.95% 05Dec2044,0
AMZN,universe,US023135BC96,cusip6,023135,AMAZON COM INC 3.15% 22Aug2027,0
AMZN,universe,US023135BF28,cusip6,023135,AMAZON COM INC 3.875% 22Aug2037,0
AMZN,universe,US023135BJ40,cusip6,023135,AMAZON COM INC 4.05% 22Aug2047,0
AMZN,universe,US023135BM78,cusip6,023135,AMAZON COM INC 4.25% 22Aug2057,0
AMZN,universe,US023135BR65,cusip6,023135,AMAZON.COM INC,0
AMZN,universe,US023135BS49,cusip6,023135,AMAZON.COM INC,0
AMZN,universe,US023135BT22,cusip6,023135,AMAZON.COM INC,0
AMZN,universe,US023135BU94,cusip6,023135,AMAZON.COM INC,0
AMZN,universe,US023135BY17,cusip6,023135,AMAZON.COM INC,0
AMZN,universe,US023135BZ81,cusip6,023135,AMAZON.COM INC,0
AMZN,universe,US023135CA22,cusip6,023135,AMAZON.COM INC,0
AMZN,universe,US023135CB05,cusip6,023135,AMAZON.COM INC,0
AMZN,universe,US023135CC87,cusip6,023135,AMAZON.COM INC,0
AMZN,universe,US023135CF19,cusip6,023135,AMZN 3.3 13-APR-27,0
AMZN,universe,US023135CG91,cusip6,023135,AMZN 3.45 13-APR-29,0
AMZN,universe,US023135CH74,cusip6,023135,AMZN 3.6 13-APR-32,0
AMZN,universe,US023135CJ31,cusip6,023135,AMZN 3.95 13-APR-52,0
AMZN,universe,US023135CK04,cusip6,023135,AMZN 4.1 13-APR-62,0
AMZN,universe,US023135CP90,cusip6,023135,AMZN 4.55 01-DEC-27,0
AMZN,universe,US023135CQ73,cusip6,023135,AMZN 4.65 01-DEC-29,0
AMZN,universe,US023135CR56,cusip6,023135,AMZN 4.7 01-DEC-32,0
AON,universe,US00185AAC80,name_block,00185A,AON PLC 4.45% 24May2043,0
AON,universe,US00185AAG94,name_block,00185A,AON PLC 4.6% 14Jun2044,0
AON,universe,US00185AAH77,name_block,00185A,AON PLC 4.75% 15May2045,0
AON,universe,US037389AK90,name_block,037389,AON CORP 8.205% 01Jan2027,0
AON,universe,US037389AU72,name_block,037389,AON CORP 6.25% 30Sep2040,0
AON,universe,US037389BB82,name_block,037389,AON CORP 4.5% 15Dec2028,0
AON,universe,US037389BC65,name_block,037389,AON CORP,0
AON,universe,US037389BE22,name_block,037389,AON CORP,0
AON,universe,US03740LAA08,name_block,03740L,AON 2.05 23-AUG-31,0
AON,universe,US03740LAB80,name_block,03740L,AON 2.9 23-AUG-51,0
AON,universe,US03740LAC63,name_block,03740L,AON 2.6 02-DEC-31,0
AON,universe,US03740LAD47,name_block,03740L,AON 2.85 28-MAY-27,0
AON,universe,US03740LAE20,name_block,03740L,AON 3.9 28-FEB-52,0
AON,universe,US03740LAF94,name_block,03740L,AON 5 12-SEP-32,0
AON,universe,US03740LAG77,name_block,03740L,AON 5.35 28-FEB-33,0
APA,universe,US037411AR61,cusip6,037411,APACHE CORP 6% 15Jan2037,0
APA,universe,US037411AW56,cusip6,037411,APACHE CORP 5.1% 01Sep2040,0
APA,universe,US037411AY13,cusip6,037411,APACHE CORP 5.25% 01Feb2042,0
APA,universe,US037411BA28,cusip6,037411,APACHE CORP 4.75% 15Apr2043,0
APA,universe,US037411BC83,cusip6,037411,APACHE CORP 4.25% 15Jan2044,0
APA,universe,US037411BG97,cusip6,037411,Apache 5.35% 1jul2049 USD,0
APA,universe,US03746AAA88,name_block,03746A,APA 7.75 15-DEC-29,0
APD,universe,US009158AY27,cusip6,009158,US009158AY27,1
APD,universe,US009158AZ91,cusip6,009158,AIR PRODUCTS AND CHEMICALS INC,0
APD,universe,US009158BA32,cusip6,009158,AIR PRODUCTS AND CHEMICALS INC,0
APD,universe,US009158BC97,cusip6,009158,AIR PRODUCTS AND CHEMICALS INC,0
APD,universe,US009158BF29,cusip6,009158,APD 4.8 03-MAR-33,0
APH,universe,US032095AH42,name_block,032095,AMPHENOL CORP NEW 4.35% 01Jun2029,0
APH,universe,US032095AJ08,name_block,032095,US032095AJ08,1
APH,universe,US032095AL53,name_block,032095,APH 2.2 15-SEP-31,0
APH,universe,US032095AP67,name_block,032095,US032095AP67,1
APTV,universe,US00217GAB95,name_block,00217G,APTV 3.25 01-MAR-32,0
APTV,universe,US00217GAC78,name_block,00217G,APTV 4.15 01-MAY-52,0
APTV,universe,US03835VAH96,name_block,03835V,US03835VAH96,1
APTV,universe,US03835VAJ52,name_block,03835V,APTV 3.1 01-DEC-51,0
ARE,universe,US015271AG44,cusip6,015271,ALEXANDRIA REAL ESTATE EQUITIES INC 4.5% 30Jul2029,0
ARE,universe,US015271AJ82,cusip6,015271,ALEXANDRIA REAL ESTATE EQUITIES INC 3.95% 15Jan2027,0
ARE,universe,US015271AK55,cusip6,015271,ALEXANDRIA REAL ESTATE EQUITIES INC 3.95% 15Jan2028,0
ARE,universe,US015271AN94,cusip6,015271,ALEXANDRIA REAL ESTATE EQUITIES INC 4.7% 01Jul2030,0
ARE,universe,US015271AQ26,cusip6,015271,US015271AQ26,1
ARE,universe,US015271AR09,cusip6,015271,ALEXANDRIA REAL ESTATE EQUITIES IN,0
ARE,universe,US015271AS81,cusip6,015271,US015271AS81,1
ARE,universe,US015271AT64,cusip6,015271,US015271AT64,1
ARE,universe,US015271AU38,cusip6,015271,US015271AU38,1
ARE,universe,US015271AV11,cusip6,015271,ALEXANDRIA REAL ESTATE EQUITIES IN,0
ARE,universe,US015271AW93,cusip6,015271,ALEXANDRIA REAL ESTATE EQUITIES IN,0
ARE,universe,US015271AY59,cusip6,015271,ARE 2.95 15-MAR-34,0
ARE,universe,US015271AZ25,cusip6,015271,ARE 3.55 15-MAR-52,0
ARE,universe,US015271BA64,cusip6,015271,ARE 4.75 15-APR-35,0
ARE,universe,US015271BB48,cusip6,015271,"Alexandria Real Estate Equities Inc. 5,15% 23/53",0
ARES,universe,US039936AA70,name_block,039936,ARES 3.65 01-FEB-52,0
ARES,universe,US04010LBB80,name_only,04010L,ARES CAPITAL CORPORATION,0
ATO,universe,US049560AK13,cusip6,049560,ATMOS ENERGY CORP 5.5% 15Jun2041,0
ATO,universe,US049560AL95,cusip6,049560,ATMOS ENERGY CORP 4.15% 15Jan2043,0
ATO,universe,US049560AM78,cusip6,049560,ATMOS ENERGY CORP 4.125% 15Oct2044,0
ATO,universe,US049560AN51,cusip6,049560,ATMOS ENERGY CORP 3% 15Jun2027,0
ATO,universe,US049560AP00,cusip6,049560,US049560AP00,1
ATO,universe,US049560AQ82,cusip6,049560,US049560AQ82,1
ATO,universe,US049560AR65,cusip6,049560,US049560AR65,1
ATO,universe,US049560AS49,cusip6,049560,US049560AS49,1
ATO,universe,US049560AT22,cusip6,049560,US049560AT22,1
ATO,universe,US049560AW50,cusip6,049560,ATO 2.85 15-FEB-52,0
ATO,universe,US049560AX34,cusip6,049560,ATO 5.45 15-OCT-32,0
ATO,universe,US049560AY17,cusip6,049560,ATO 5.75 15-OCT-52,0
AVGO,universe,US11134LAR06,name_block,11134L,BROADCOM CORP / BROADCOM CAYMAN FIN LTD 3.5% 15Jan2028,0
AVGO,universe,US11135FAN15,name_block,11135F,BROADCOM INC,0
AVGO,universe,US11135FAQ46,name_block,11135F,BROADCOM INC,0
AVGO,universe,US11135FAS02,name_block,11135F,BROADCOM INC,0
AVGO,universe,US11135FBA84,name_block,11135F,BROADCOM INC,0
AVGO,universe,US11135FBD24,name_block,11135F,BROADCOM INC,0
AVGO,universe,US11135FBP53,name_block,11135F,AVGO 3.137 15-NOV-35,0
AVGO,universe,US11135FBQ37,name_block,11135F,AVGO 3.187 15-NOV-36,0
AVGO,universe,US11135FBR10,name_block,11135F,AVGO 4 15-APR-29,0
AVGO,universe,US11135FBT75,name_block,11135F,AVGO 4.15 15-APR-32,0
AVGO,universe,US11135FBV22,name_block,11135F,AVGO 4.926 15-MAY-37,0
AVY,universe,US053611AJ82,cusip6,053611,AVERY DENNISON CORP 4.875% 06Dec2028,0
AVY,universe,US053611AK55,cusip6,053611,US053611AK55,1
AVY,universe,US053611AM12,cusip6,053611,AVY 2.25 15-FEB-32,0
AVY,universe,US053611AN94,cusip6,053611,AVY 5.75 15-MAR-33,0
AWK,universe,US03040WAY12,name_only,03040W,AWK 2.3 01-JUN-31,0
AWK,universe,US03040WAZ86,name_only,03040W,AWK 3.25 01-JUN-51,0
AWK,universe,US03040WBA27,name_only,03040W,AWK 4.45 01-JUN-32,0
AXP,universe,US025816AZ26,cusip6,025816,AMERICAN EXPRESS CO 8.15% 19Mar2038,0
AXP,universe,US025816BF52,cusip6,025816,AMERICAN EXPRESS CO 4.05% 03Dec2042,0
AXP,universe,US025816CH00,cusip6,025816,AXP 3.55,0
AXP,universe,US025816CL12,cusip6,025816,AXP 4.732065 04-NOV-26,0
AXP,universe,US025816CM94,cusip6,025816,American Express Co. 165% 21/26,0
AXP,universe,US025816CP26,cusip6,025816,AXP 3.3 03-MAY-27,0
AXP,universe,US025816CS64,cusip6,025816,AXP 2.55 04-MAR-27,0
AXP,universe,US025816CW76,cusip6,025816,AXP 4.05 03-MAY-29,0
AXP,universe,US025816CX59,cusip6,025816,AXP 4.989 26-MAY-33,0
AXP,universe,US025816DA48,cusip6,025816,AXP 4.42 03-AUG-33,0
AXP,universe,US025816DB21,cusip6,025816,AXP 5.85 05-NOV-27,0
AXP,universe,US0258M0EL96,name_block,0258M0,AMERICAN EXPRESS CR CORP MEDIUM TERM NTS 3.3% 03May2027,0
AZO,universe,US053332AV43,cusip6,053332,AUTOZONE INC 3.75% 01Jun2027,0
AZO,universe,US053332AW26,cusip6,053332,US053332AW26,1
AZO,universe,US053332AZ56,cusip6,053332,AUTOZONE INC,0
AZO,universe,US053332BA96,cusip6,053332,US053332BA96,1
AZO,universe,US053332BB79,cusip6,053332,AZO 4.75 01-AUG-32,0
AZO,universe,US053332BC52,cusip6,053332,AZO 4.5 01-FEB-28,0
AZO,universe,US053332BD36,cusip6,053332,AZO 4.75 01-FEB-33,0
BA,universe,US097023AE52,cusip6,097023,BOEING CO 8.75% 15Sep2031,0
BA,universe,US097023AN51,cusip6,097023,BA 6.875 15-OCT-43,0
BA,universe,US097023AS49,cusip6,097023,BOEING CO 6.625% 15Feb2038,0
BA,universe,US097023AU94,cusip6,097023,BOEING CO 6.125% 15Feb2033,0
BA,universe,US097023AX34,cusip6,097023,BOEING CO 6.875% 15Mar2039,0
BA,universe,US097023BA22,cusip6,097023,BOEING CO 5.875% 15Feb2040,0
BA,universe,US097023BK04,cusip6,097023,BOEING CO 3.3% 01Mar2035,0
BA,universe,US097023BL86,cusip6,097023,BOEING CO 3.5% 01Mar2045,0
BA,universe,US097023BS30,cusip6,097023,BOEING CO 3.375% 15Jun2046,0
BA,universe,US097023BU85,cusip6,097023,BOEING CO 2.8% 01Mar2027,0
BA,universe,US097023BV68,cusip6,097023,BOEING CO 3.65% 01Mar2047,0
BA,universe,US097023BX25,cusip6,097023,BOEING CO 3.25% 01Mar2028,0
BA,universe,US097023BY08,cusip6,097023,BOEING CO 3.55% 01Mar2038,0
BA,universe,US097023BZ72,cusip6,097023,BOEING CO 3.625% 01Mar2048,0
BA,universe,US097023CA13,cusip6,097023,BOEING CO 3.45% 01Nov2028,0
BA,universe,US097023CB95,cusip6,097023,BOEING CO 3.85% 01Nov2048,0
BA,universe,US097023CD51,cusip6,097023,BOEING CO,0
BA,universe,US097023CE35,cusip6,097023,US097023CE35,1
BA,universe,US097023CF00,cusip6,097023,US097023CF00,1
BA,universe,US097023CJ22,cusip6,097023,BOEING CO,0
BA,universe,US097023CK94,cusip6,097023,BOEING CO,0
BA,universe,US097023CM50,cusip6,097023,BOEING CO,0
BA,universe,US097023CN34,cusip6,097023,BOEING CO,0
BA,universe,US097023CP81,cusip6,097023,BOEING CO,0
BA,universe,US097023CQ64,cusip6,097023,BOEING CO,0
BA,universe,US097023CR48,cusip6,097023,BOEING CO,0
BA,universe,US097023CU76,cusip6,097023,BOEING CO 5.04% 01May2027,0
BA,universe,US097023CV59,cusip6,097023,BOEING CO,0
BA,universe,US097023CW33,cusip6,097023,BOEING CO 5.805% 01May2050,0
BA,universe,US097023CX16,cusip6,097023,BOEING CO,0
BA,universe,US097023CY98,cusip6,097023,BOEING CO,0
BA,universe,US097023DB86,cusip6,097023,BOEING CO,0
BA,universe,US097023DC69,cusip6,097023,BOEING CO,0
BAC,universe,US060505FL38,name_only,060505,BAC 5.875,0
BAC,universe,US060505GB47,name_only,060505,BAC 4.375,0
BAC,universe,US06050XA944,name_block,06050X,Bank of America Corporation 6.05% 15feb2038,0
BAC,universe,US06051GEN51,name_only,06051G,BANK OF AMERICA  CORP 5.875% 07Feb2042,0
BAC,universe,US06051GHQ55,name_only,06051G,BANK OF AMERICA CORP MTN,0
BAC,universe,US06051GHS12,name_only,06051G,BANK OF AMERICA CORP MTN,0
BAC,universe,US06051GHU67,name_only,06051G,BANK OF AMERICA CORP MTN,0
BAC,universe,US06051GHV41,name_only,06051G,BANK OF AMERICA CORP,0
BAC,universe,US06051GHX07,name_only,06051G,BANK OF AMERICA CORP MTN,0
BAC,universe,US06051GHZ54,name_only,06051G,BANK OF AMERICA CORP MTN,0
BAC,universe,US06051GJA85,name_only,06051G,BANK OF AMERICA CORP MTN,0
BAC,universe,US06051GJB68,name_only,06051G,BANK OF AMERICA CORP MTN,0
BAC,universe,US06051GJE08,name_only,06051G,BANK OF AMERICA CORP MTN,0
BAC,universe,US06051GJF72,name_only,06051G,BANK OF AMERICA CORP MTN,0
BAC,universe,US06051GJL41,name_only,06051G,BANK OF AMERICA CORP MTN,0
BAC,universe,US06051GJM24,name_only,06051G,BANK OF AMERICA CORP MTN,0
BAC,universe,US06051GJN07,name_only,06051G,BANK OF AMERICA CORP,0
BAC,universe,US06051GJP54,name_only,06051G,BANK OF AMERICA CORP,0
BAC,universe,US06051GJS93,name_only,06051G,BANK OF AMERICA CORP,0
BAC,universe,US06051GJT76,name_only,06051G,BANK OF AMERICA CORP,0
BAC,universe,US06051GJV23,name_only,06051G,BAC 5.518368 22-JUL-27,0
BAC,universe,US06051GJW06,name_only,06051G,BANK OF AMERICA CORP,0
BAC,universe,US06051GJZ37,name_only,06051G,BANK OF AMERICA CORP MTN,0
BAC,universe,US06051GKA66,name_only,06051G,BANK OF AMERICA CORP,0
BAC,universe,US06051GKB40,name_only,06051G,BANK OF AMERICA CORP,0
BAC,universe,US06051GKC23,name_only,06051G,BAC 2.482 21-SEP-36,0
BAC,universe,US06051GKD06,name_only,06051G,BAC 2.572 20-OCT-32,0
BAC,universe,US06051GKH10,name_only,06051G,BAC 5.624556 04-FEB-28,0
BAC,universe,US06051GKJ75,name_only,06051G,BAC 2.551 04-FEB-28,0
BAC,universe,US06051GKK49,name_only,06051G,BAC 2.972 04-FEB-33,0
BAC,universe,US06051GKL22,name_only,06051G,BAC 3.846 08-MAR-37,0
BAC,universe,US06051GKP36,name_only,06051G,BAC 4.376 27-APR-28,0
BAC,universe,US06051GKQ19,name_only,06051G,BAC 4.571 27-APR-33,0
BAC,universe,US06051GKW86,name_only,06051G,BAC 4.948 22-JUL-28,0
BAC,universe,US06051GKY43,name_only,06051G,BAC 5.015 22-JUL-33,0
BAC,universe,US06051GLC14,name_only,06051G,BAC 6.204 10-NOV-28,0
BAC,universe,US06055HAB96,name_block,06055H,BAC 6.125,0
BAC,universe,US338915AH41,name_block,338915,BANK OF AMERICA  CORP 6.875% 15Jan2028,0
BAC,universe,US338915AM36,name_block,338915,BANK OF AMERICA  CORP 6.7% 15Jul2028,0
BAC,universe,US638585BF51,cusip6,638585,BANK OF AMERICA CORP 6.8% 15Mar2028,0
BALL,universe,US058498AW66,cusip6,058498,BALL CORP 2.875% 15Aug2030,0
BALL,universe,US058498AX40,cusip6,058498,US058498AX40,1
BAX,universe,US071813BG33,cusip6,071813,US071813BG33,1
BAX,universe,US071813BP32,cusip6,071813,BAXTER INTL INC 3.5% 15Aug2046,0
BAX,universe,US071813BQ15,cusip6,071813,BAXTER INTL INC 2.6% 15Aug2026,0
BAX,universe,US071813BY49,cusip6,071813,BAX 3.95 01-APR-30,0
BAX,universe,US071813CB37,cusip6,071813,BAX 1.73 01-APR-31,0
BAX,universe,US071813CL19,cusip6,071813,BAX 1.915 01-FEB-27,0
BAX,universe,US071813CP23,cusip6,071813,BAX 2.272 01-DEC-28,0
BAX,universe,US071813CS61,cusip6,071813,BAX 2.539 01-FEB-32,0
BAX,universe,US071813CV90,cusip6,071813,BAX 3.132 01-DEC-51,0
BBY,universe,US08652BAA70,name_block,08652B,BEST BUY CO INC 4.45% 01Oct2028,0
BBY,universe,US08652BAB53,name_block,08652B,US08652BAB53,1
BDX,universe,US075887AN94,cusip6,075887,US075887AN94,1
BDX,universe,US075887BG35,cusip6,075887,US075887BG35,1
BDX,universe,US075887BW84,cusip6,075887,US075887BW84,1
BDX,universe,US075887BX67,cusip6,075887,US075887BX67,1
BDX,universe,US075887CJ64,cusip6,075887,BECTON DICKINSON AND COMPANY,0
BDX,universe,US075887CK38,cusip6,075887,BECTON DICKINSON AND COMPANY,0
BDX,universe,US075887CL11,cusip6,075887,BECTON DICKINSON AND COMPANY,0
BDX,universe,US075887CP25,cusip6,075887,BDX 4.298 22-AUG-32,0
BDX,universe,US075887CQ08,cusip6,075887,BDX 4.693 13-FEB-28,0
BEN,universe,US354613AL54,cusip6,354613,US354613AL54,1
BF-B,universe,US115637AT79,cusip6,115637,BROWN FORMAN CORP 4% 15Apr2038,0
BIIB,universe,US09062XAD57,name_block,09062X,BIOGEN INC 5.2% 15Sep2045,0
BIIB,universe,US09062XAG88,name_block,09062X,BIOGEN INC,0
BIIB,universe,US09062XAH61,name_block,09062X,BIOGEN INC,0
BIIB,universe,US09062XAK90,name_block,09062X,BIIB 3.25 15-FEB-51,0
BKNG,universe,US741503BC97,cusip6,741503,PRICELINE GROUP INC 3.55% 15Mar2028,0
BKR,universe,US05723KAE01,name_block,05723K,BAKER HUGHES A GE CO LLC / BAKER HUGHES 3.337% 15Dec2027,0
BKR,universe,US05723KAF75,name_block,05723K,BAKER HUGHES A GE CO LLC / BAKER HUGHES 4.08% 15Dec2047,0
BKR,universe,US05723KAG58,name_block,05723K,US05723KAG58,1
BLDR,universe,US12008RAN70,cusip6,12008R,Builders FirstSource 5% 1mar2030 USD,0
BLDR,universe,US12008RAP29,cusip6,12008R,US12008RAP29,1
BLDR,universe,US12008RAR84,cusip6,12008R,BLDR 6.375 15-JUN-32,0
BLK,universe,US09247XAN12,cusip6,09247X,BLACKROCK INC 3.2% 15Mar2027,0
BLK,universe,US09247XAP69,cusip6,09247X,BLACKROCK INC 3.25% 30Apr2029,0
BLK,universe,US09247XAQ43,cusip6,09247X,US09247XAQ43,1
BLK,universe,US09247XAR26,cusip6,09247X,US09247XAR26,1
BLK,universe,US09247XAS09,cusip6,09247X,BLK 2.1 25-FEB-32,0
BMY,universe,US110122AB49,cusip6,110122,BRISTOL MYERS SQUIBB CO 6.8% 15Nov2026,0
BMY,universe,US110122AP35,cusip6,110122,US110122AP35,1
BMY,universe,US110122AU20,cusip6,110122,BRISTOL MYERS SQUIBB CO 3.25% 01Aug2042,0
BMY,universe,US110122BB30,cusip6,110122,BRISTOL MYERS SQUIBB CO 3.25% 27Feb2027,0
BMY,universe,US110122CP17,cusip6,110122,BRISTOL-MYERS SQUIBB CO,0
BMY,universe,US110122CQ99,cusip6,110122,BRISTOL-MYERS SQUIBB CO,0
BMY,universe,US110122CR72,cusip6,110122,BRISTOL-MYERS SQUIBB CO,0
BMY,universe,US110122DD77,cusip6,110122,BRISTOL-MYERS SQUIBB CO,0
BMY,universe,US110122DE50,cusip6,110122,BRISTOL-MYERS SQUIBB CO,0
BMY,universe,US110122DH81,cusip6,110122,US110122DH81,1
BMY,universe,US110122DJ48,cusip6,110122,BRISTOL-MYERS SQUIBB CO,0
BMY,universe,US110122DK11,cusip6,110122,BRISTOL-MYERS SQUIBB CO,0
BMY,universe,US110122DL93,cusip6,110122,BRISTOL-MYERS SQUIBB CO,0
BMY,universe,US110122DP08,cusip6,110122,BRISTOL-MYERS SQUIBB CO,0
BMY,universe,US110122DQ80,cusip6,110122,BRISTOL-MYERS SQUIBB CO,0
BMY,universe,US110122DR63,cusip6,110122,BRISTOL-MYERS SQUIBB CO,0
BMY,universe,US110122DS47,cusip6,110122,BRISTOL-MYERS SQUIBB CO,0
BMY,universe,US110122DU92,cusip6,110122,BMY 2.95 15-MAR-32,0
BMY,universe,US110122DV75,cusip6,110122,BMY 3.55 15-MAR-42,0
BMY,universe,US110122DW58,cusip6,110122,BMY 3.7 15-MAR-52,0
BMY,universe,US110122DX32,cusip6,110122,BMY 3.9 15-MAR-62,0
BNY,universe,US06406FAE34,name_block,06406F,BANK NEW YORK MELLON CORP MEDIUM TERM SR 2.45% 17Aug2026,0
BNY,universe,US06406GAA94,name_block,06406G,BANK NEW YORK MELLON CORP MEDIUM TERM SR 3% 30Oct2028,0
BNY,universe,US06406RAD98,name_only,06406R,BANK NEW YORK MELLON CORP MEDIUM TERM SR 3.25% 16May2027,0
BNY,universe,US06406RAF47,name_only,06406R,BANK NEW YORK MELLON CORP MEDIUM TERM SR 3.4% 29Jan2028,0
BNY,universe,US06406RAH03,name_only,06406R,BANK NEW YORK MELLON CORP MEDIUM TERM SR 3.85% 28Apr2028,0
BNY,universe,US06406YAA01,name_block,06406Y,BANK NEW YORK MELLON CORP MEDIUM TERM SR 3.3% 23Aug2029,0
BR,universe,US11133TAD54,cusip6,11133T,BROADRIDGE FINANCIAL SOLUTIONS INC,0
BR,universe,US11133TAE38,cusip6,11133T,BROADRIDGE FINANCIAL SOLUTIONS INC,0
BRK-B,universe,US084659AF84,name_only,084659,BERKSHIRE HATHAWAY ENERGY CO 4.5% 01Feb2045,0
BRK-B,universe,US084659AM36,name_only,084659,BERKSHIRE HATHAWAY ENERGY CO 3.25% 15Apr2028,0
BRK-B,universe,US084659AP66,name_only,084659,BERKSHIRE HATHAWAY ENERGY CO 3.8% 15Jul2048,0
BRK-B,universe,US084659AR23,name_only,084659,BERKSHIRE HATHAWAY ENERGY CO 4.45% 15Jan2049,0
BRK-B,universe,US084659AV35,name_only,084659,BERKSHIRE HATHAWAY ENERGY CO,0
BRK-B,universe,US084659AX90,name_only,084659,BERKSHIRE HATHAWAY ENERGY CO,0
BRK-B,universe,US084659BC45,name_only,084659,BERKSHIRE HATHAWAY ENERGY CO,0
BRK-B,universe,US084664BL47,name_only,084664,BERKSHIRE HATHAWAY FIN CORP 5.75% 15Jan2040,0
BRK-B,universe,US084664BU46,name_only,084664,BERKSHIRE HATHAWAY FIN CORP 4.4% 15May2042,0
BRK-B,universe,US084664BV29,name_only,084664,BERKSHIRE HATHAWAY FIN CORP 4.3% 15May2043,0
BRK-B,universe,US084664CQ25,name_only,084664,BERKSHIRE HATHAWAY FIN CORP 4.2% 15Aug2048,0
BRK-B,universe,US084664CR08,name_only,084664,BERKSHIRE HATHAWAY FIN CORP 4.25% 15Jan2049,0
BRK-B,universe,US084664CV10,name_only,084664,BERKSHIRE HATHAWAY FINANCE CORP,0
BRK-B,universe,US084664CW92,name_only,084664,BERKSHIRE HATHAWAY FINANCE CORP,0
BRK-B,universe,US084664CX75,name_only,084664,BERKSHIRE HATHAWAY FINANCE CORP,0
BRK-B,universe,US084670BK32,cusip6,084670,BERKSHIRE HATHAWAY INC DEL 4.5% 11Feb2043,0
BRO,universe,US115236AB74,name_block,115236,US115236AB74,1
BRO,universe,US115236AC57,name_block,115236,US115236AC57,1
BRO,universe,US115236AE14,name_block,115236,BRO 4.2 17-MAR-32,0
BRO,universe,US115236AF88,name_block,115236,BRO 4.95 17-MAR-52,0
BSX,universe,US101137AE71,cusip6,101137,US101137AE71,1
BSX,universe,US101137AL15,cusip6,101137,BOSTON SCIENTIFIC CORP 7.375% 15Jan2040,0
BSX,universe,US101137AS67,cusip6,101137,BOSTON SCIENTIFIC CORP 4% 01Mar2028,0
BSX,universe,US101137AT41,cusip6,101137,BOSTON SCIENTIFIC CORPORATION,0
BSX,universe,US101137AU14,cusip6,101137,BOSTON SCIENTIFIC CORPORATION,0
BSX,universe,US101137AX52,cusip6,101137,BOSTON SCIENTIFIC CORPORATION,0
BSX,universe,US101137BA41,cusip6,101137,BOSTON SCIENTIFIC CORPORATION,0
BXP,universe,US10112RBF01,name_only,10112R,BXP 2.45 01-OCT-33,0
BXP,universe,US10112RBG83,name_only,10112R,BXP 6.75 01-DEC-27,0
C,universe,US172967AR23,cusip6,172967,CITIGROUP INC 6.625% 15Jan2028,0
C,universe,US172967AS06,cusip6,172967,CITIGROUP INC 6.875% 15Feb2098,0
C,universe,US172967BL44,cusip6,172967,CITIGROUP INC 6.625% 15Jun2032,0
C,universe,US172967BU43,cusip6,172967,CITIGROUP INC 5.875% 22Feb2033,0
C,universe,US172967CC36,cusip6,172967,CITIGROUP INC 6% 31Oct2033,0
C,universe,US172967CT60,cusip6,172967,CITIGROUP INC 5.85% 11Dec2034,0
C,universe,US172967DR95,cusip6,172967,US172967DR95,1
C,universe,US172967DS78,cusip6,172967,C 5.50786 25-AUG-36,0
C,universe,US172967EC18,cusip6,172967,CITIGROUP INC 5.875% 29May2037,0
C,universe,US172967EP21,cusip6,172967,CITIGROUP INC 6.875% 05Mar2038,0
C,universe,US172967EW71,cusip6,172967,CITIGROUP INC 8.125% 15Jul2039,0
C,universe,US172967FX46,cusip6,172967,CITIGROUP INC 5.875% 30Jan2042,0
C,universe,US172967HA25,cusip6,172967,CITIGROUP INC 6.675% 13Sep2043,0
C,universe,US172967HS33,cusip6,172967,CITIGROUP INC 5.3% 06May2044,0
C,universe,US172967JC62,cusip6,172967,CITIGROUP INC 4.3% 20Nov2026,0
C,universe,US172967JU60,cusip6,172967,CITIGROUP INC 4.65% 30Jul2045,0
C,universe,US172967KA87,cusip6,172967,CITIGROUP INC 4.45% 29Sep2027,0
C,universe,US172967KM26,cusip6,172967,C 6.25,0
C,universe,US172967KR13,cusip6,172967,CITIGROUP INC 4.75% 18May2046,0
C,universe,US172967KU42,cusip6,172967,CITIGROUP INC 4.125% 25Jul2028,0
C,universe,US172967KY63,cusip6,172967,CITIGROUP INC 3.2% 21Oct2026,0
C,universe,US172967LD18,cusip6,172967,US172967LD18,1
C,universe,US172967LJ87,cusip6,172967,US172967LJ87,1
C,universe,US172967LP48,cusip6,172967,US172967LP48,1
C,universe,US172967LS86,cusip6,172967,US172967LS86,1
C,universe,US172967LU33,cusip6,172967,US172967LU33,1
C,universe,US172967LW98,cusip6,172967,US172967LW98,1
C,universe,US172967MD09,cusip6,172967,CITIGROUP INC 4.65% 23Jul2048,0
C,universe,US172967ME81,cusip6,172967,CITIGROUP INC,0
C,universe,US172967ML25,cusip6,172967,CITIGROUP INC,0
C,universe,US172967MM08,cusip6,172967,CITIGROUP INC,0
C,universe,US172967MP39,cusip6,172967,CITIGROUP INC,0
C,universe,US172967MS77,cusip6,172967,CITIGROUP INC,0
C,universe,US172967MY46,cusip6,172967,CITIGROUP INC,0
C,universe,US172967NB34,cusip6,172967,C 4.15,0
C,universe,US172967NE72,cusip6,172967,C 2.52 03-NOV-32,0
C,universe,US172967NF48,cusip6,172967,C 2.904 03-NOV-42,0
C,universe,US172967NG21,cusip6,172967,C 3.07 24-FEB-28,0
C,universe,US172967NH04,cusip6,172967,C 5.855141 24-FEB-28,0
C,universe,US172967NN71,cusip6,172967,C 3.785 17-MAR-33,0
C,universe,US172967NS68,cusip6,172967,C 4.658 24-MAY-28,0
C,universe,US172967NU15,cusip6,172967,C 4.91 24-MAY-33,0
C,universe,US172967PA33,cusip6,172967,C 6.27 17-NOV-33,0
C,universe,US172967PC98,cusip6,172967,C 7.375,0
C,universe,US17308CC539,name_block,17308C,CITIGROUP INC,0
CAH,universe,US14149YAW84,cusip6,14149Y,CARDINAL HEALTH INC 4.6% 15Mar2043,0
CAH,universe,US14149YBB39,cusip6,14149Y,CARDINAL HEALTH INC 4.5% 15Nov2044,0
CAH,universe,US14149YBD94,cusip6,14149Y,CARDINAL HEALTH INC 4.9% 15Sep2045,0
CAH,universe,US14149YBJ64,cusip6,14149Y,CARDINAL HEALTH INC 3.41% 15Jun2027,0
CAH,universe,US14149YBM93,cusip6,14149Y,CARDINAL HEALTH INC 4.368% 15Jun2047,0
CARR,universe,US14448CAL81,cusip6,14448C,CARRIER GLOBAL CORP,0
CARR,universe,US14448CAP95,cusip6,14448C,CARRIER GLOBAL CORP,0
CARR,universe,US14448CAQ78,cusip6,14448C,CARRIER GLOBAL CORP,0
CARR,universe,US14448CAR51,cusip6,14448C,CARRIER GLOBAL CORP,0
CARR,universe,US14448CAS35,cusip6,14448C,CARRIER GLOBAL CORP,0
CAT,universe,US149123BL43,cusip6,149123,CATERPILLAR INC 5.3% 15Sep2035,0
CAT,universe,US149123BN09,cusip6,149123,CATERPILLAR INC 6.05% 15Aug2036,0
CAT,universe,US149123BS95,cusip6,149123,CATERPILLAR INC 5.2% 27May2041,0
CAT,universe,US149123CB51,cusip6,149123,CATERPILLAR INC 3.803% 15Aug2042,0
CAT,universe,US149123CD18,cusip6,149123,CATERPILLAR INC 4.3% 15May2044,0
CAT,universe,US149123CE90,cusip6,149123,CATERPILLAR INC 4.75% 15May2064,0
CAT,universe,US149123CF65,cusip6,149123,CATERPILLAR INC,0
CAT,universe,US149123CG49,cusip6,149123,US149123CG49,1
CAT,universe,US149123CH22,cusip6,149123,CATERPILLAR INC,0
CAT,universe,US149123CJ87,cusip6,149123,CATERPILLAR INC,0
CAT,universe,US149123CK50,cusip6,149123,CAT 1.9 12-MAR-31,0
CAT,universe,US14912L6T33,name_block,14912L,CATERPILLAR FINL SVCS CORP MEDIUM TERM N 2.4% 09Aug2026,0
CAT,universe,US14913R2G11,name_block,14913R,CATERPILLAR FINANCIAL SERVICES COR MTN,0
CAT,universe,US14913R2Q92,name_block,14913R,CAT 1.15 14-SEP-26,0
CAT,universe,US14913R2U05,name_block,14913R,CAT 1.7 08-JAN-27,0
CAT,universe,US14913R3A32,name_block,14913R,CAT 3.6 12-AUG-27,0
CB,universe,US00440EAH09,name_block,00440E,ACE INA HLDGS INC 6.7% 15May2036,0
CB,universe,US00440EAQ08,name_block,00440E,ACE INA HLDGS INC 4.15% 13Mar2043,0
CB,universe,US00440EAW75,name_block,00440E,ACE INA HLDGS INC 4.35% 03Nov2045,0
CB,universe,US171232AE11,name_block,171232,CHUBB CORP 6.8% 15Nov2031,0
CB,universe,US171232AQ41,name_block,171232,CHUBB CORP 6% 11May2037,0
CB,universe,US171232AS07,name_block,171232,CHUBB CORP 6.5% 15May2038,0
CBOE,universe,US12503MAA62,cusip6,12503M,CBOE GLOBAL MKTS INC 3.65% 12Jan2027,0
CBOE,universe,US12503MAC29,cusip6,12503M,US12503MAC29,1
CBOE,universe,US12503MAD02,cusip6,12503M,CBOE 3 16-MAR-32,0
CCI,universe,US22822VAE11,cusip6,22822V,CROWN CASTLE INTL CORP NEW 4% 01Mar2027,0
CCI,universe,US22822VAH42,cusip6,22822V,CROWN CASTLE INTL CORP NEW 3.65% 01Sep2027,0
CCI,universe,US22822VAK70,cusip6,22822V,CROWN CASTLE INTL CORP NEW 3.8% 15Feb2028,0
CCI,universe,US22822VAL53,cusip6,22822V,CROWN CASTLE INTL CORP NEW 4.3% 15Feb2029,0
CCI,universe,US22822VAM37,cusip6,22822V,US22822VAM37,1
CCI,universe,US22822VAN10,cusip6,22822V,US22822VAN10,1
CCI,universe,US22822VAP67,cusip6,22822V,US22822VAP67,1
CCI,universe,US22822VAQ41,cusip6,22822V,US22822VAQ41,1
CCI,universe,US22822VAR24,cusip6,22822V,CROWN CASTLE INTERNATIONAL CORP,0
CCI,universe,US22822VAT89,cusip6,22822V,CROWN CASTLE INTERNATIONAL CORP,0
CCI,universe,US22822VAU52,cusip6,22822V,CROWN CASTLE INTERNATIONAL CORP,0
CCI,universe,US22822VAW19,cusip6,22822V,CROWN CASTLE INTERNATIONAL CORP,0
CCI,universe,US22822VAX91,cusip6,22822V,CROWN CASTLE INTERNATIONAL CORP,0
CCI,universe,US22822VAY74,cusip6,22822V,CROWN CASTLE INTERNATIONAL CORP,0
CCI,universe,US22822VAZ40,cusip6,22822V,CCI 2.9 15-MAR-27,0
CCI,universe,US22822VBA89,cusip6,22822V,CCI 5 11-JAN-28,0
CCL,universe,US143658AH53,cusip6,143658,CARNIVAL CORP 6.65% 15Jan2028,0
CCL,universe,US143658BQ44,cusip6,143658,US143658BQ44,1
CCL,universe,USP2121VAM65,name_block,P2121V,CCL 4 01-AUG-28,0
CDW,universe,US12513GBD07,name_block,12513G,CDW LLC 4.25% 1apr2028 USD,0
CDW,universe,US12513GBF54,name_block,12513G,CDW LLC / CDW FIN CORP 3.25% 15Feb2029,0
CDW,universe,US12513GBG38,name_block,12513G,US12513GBG38,1
CDW,universe,US12513GBH11,name_block,12513G,US12513GBH11,1
CDW,universe,US12513GBJ76,name_block,12513G,US12513GBJ76,1
CEG,universe,US210371AF74,name_block,210371,CONSTELLATION ENERGY GROUP INC MARYLAND 7.6% 01Apr2032,0
CEG,universe,US210385AB64,name_block,210385,CEG 5.6 01-MAR-28,0
CEG,universe,US210385AC48,name_block,210385,CEG 5.8 01-MAR-33,0
CEG,universe,US314382AA01,name_block,314382,CEG 3.046 31-JAN-27,0
CF,universe,US12527GAD51,name_only,12527G,CF Industries 4.95% 1jun2043 USD,0
CF,universe,US12527GAF00,name_only,12527G,CF Industries 5.15% 15mar2034 USD,0
CFG,universe,US174610AP06,cusip6,174610,CFG 6,0
CFG,universe,US174610AQ88,cusip6,174610,CFG 6.375,0
CFG,universe,US174610AR61,cusip6,174610,US174610AR61,1
CFG,universe,US174610AS45,cusip6,174610,US174610AS45,1
CFG,universe,US174610AT28,cusip6,174610,CITIZENS FINANCIAL GROUP INC,0
CFG,universe,US174610AW56,cusip6,174610,US174610AW56,1
CFG,universe,US174610BD66,cusip6,174610,CFG 4,0
CFG,universe,US174610BE40,cusip6,174610,CFG 5.641 21-MAY-37,0
CFG,universe,US75524KPG30,name_block,75524K,CFG 4.575 09-AUG-28,0
CHD,universe,US171340AL60,cusip6,171340,CHURCH & DWIGHT INC 3.95% 01Aug2047,0
CHD,universe,US171340AN27,cusip6,171340,CHURCH & DWIGHT INC 3.15% 01Aug2027,0
CHD,universe,US17136MAA09,name_block,17136M,CHD 2.3 15-DEC-31,0
CHD,universe,US17136MAB81,name_block,17136M,CHD 5 15-JUN-52,0
CHD,universe,US17136MAC64,name_block,17136M,CHD 5.6 15-NOV-32,0
CHRW,universe,US12541WAA80,cusip6,12541W,C H ROBINSON WORLDWIDE INC 4.2% 15Apr2028,0
CHTR,universe,US1248EPCS01,name_only,1248EP,CHTR 6.375 01-SEP-29,0
CHTR,universe,US1248EPCT83,name_only,1248EP,CHTR 7.375 01-MAR-31,0
CHTR,universe,US161175AZ73,name_block,161175,Charter Communications Operating 6.384% 23oct2035 USD,0
CHTR,universe,US161175BA14,name_block,161175,Charter Communications Operating 6.484% 23oct2045 USD,0
CHTR,universe,US161175BC79,name_block,161175,CHARTER COMMUNICATIONS OPER LLC / CHARTE 6.834% 23Oct2055,0
CHTR,universe,US161175BJ23,name_block,161175,Charter Communications Operating 3.75% 15feb2028 USD,0
CHTR,universe,US161175BK95,name_block,161175,CHARTER COMMUNICATIONS OPER LLC / CHARTE 4.2% 15Mar2028,0
CHTR,universe,US161175BL78,name_block,161175,CHARTER COMMUNICATIONS OPER LLC / CHARTE 5.375% 01May2047,0
CHTR,universe,US161175BM51,name_block,161175,Charter Communications Operating 5.375% 1apr2038 USD,0
CHTR,universe,US161175BN35,name_block,161175,Charter Communications Operating 5.75% 1apr2048 USD,0
CHTR,universe,US161175BR49,name_block,161175,Charter Communications Operating 5.05% 30mar2029 USD,0
CHTR,universe,US161175BS22,name_block,161175,Charter Communications Operating 5.125% 1jul2049 USD,0
CHTR,universe,US161175BT05,name_block,161175,Charter Communications Operating 4.8% 1mar2050 USD,0
CHTR,universe,US161175BU77,name_block,161175,CHARTER COMMUNICATIONS OPERATING L,0
CHTR,universe,US161175BV50,name_block,161175,CHARTER COMMUNICATIONS OPERATING L,0
CHTR,universe,US161175BX17,name_block,161175,CHARTER COMMUNICATIONS OPERATING L,0
CHTR,universe,US161175BY99,name_block,161175,CHARTER COMMUNICATIONS OPERATING L,0
CHTR,universe,US161175BZ64,name_block,161175,CHARTER COMMUNICATIONS OPERATING L,0
CHTR,universe,US161175CA05,name_block,161175,CHARTER COMMUNICATIONS OPERATING L,0
CHTR,universe,US161175CC60,name_block,161175,CHARTER COMMUNICATIONS OPERATING L,0
CHTR,universe,US161175CD44,name_block,161175,US161175CD44,1
CHTR,universe,US161175CE27,name_block,161175,CHTR 3.5 01-MAR-42,0
CHTR,universe,US161175CG74,name_block,161175,CHTR 3.95 30-JUN-62,0
CHTR,universe,US161175CJ14,name_block,161175,CHTR 4.4 01-APR-33,0
CHTR,universe,US161175CK86,name_block,161175,CHTR 5.25 01-APR-53,0
CHTR,universe,US161175CL69,name_block,161175,CHTR 5.5 01-APR-63,0
CHTR,universe,USU12501AV13,name_block,U12501,CHTR 5 01-FEB-28,0
CHTR,universe,USU12501BH10,name_block,U12501,CHTR 4.25 01-FEB-31,0
CI,universe,US125509AZ26,name_block,125509,CIGNA CORP 7.875% 15May2027,0
CI,universe,US125509BV03,name_block,125509,CIGNA CORP 3.05% 15Oct2027,0
CI,universe,US125523AH38,cusip6,125523,CIGNA CORP,0
CI,universe,US125523AJ93,cusip6,125523,CIGNA CORP,0
CI,universe,US125523AK66,cusip6,125523,CIGNA CORP,0
CI,universe,US125523AX87,cusip6,125523,US125523AX87,1
CI,universe,US125523AZ36,cusip6,125523,US125523AZ36,1
CI,universe,US125523BK57,cusip6,125523,CIGNA CORP,0
CI,universe,US125523CB40,cusip6,125523,CIGNA CORP,0
CI,universe,US125523CD06,cusip6,125523,US125523CD06,1
CI,universe,US125523CF53,cusip6,125523,CIGNA CORP,0
CI,universe,US125523CJ75,cusip6,125523,CIGNA CORP,0
CI,universe,US125523CK49,cusip6,125523,CIGNA CORP,0
CI,universe,US125523CL22,cusip6,125523,CIGNA CORP,0
CI,universe,US125523CM05,cusip6,125523,CIGNA CORP,0
CI,universe,US125523CQ19,cusip6,125523,CIGNA CORP,0
CI,universe,US125523CS74,cusip6,125523,CI 5.4 15-MAR-33,0
CI,universe,US125523CV04,cusip6,125523,US125523CV04,1
CIEN,universe,US171779AL52,cusip6,171779,US171779AL52,1
CINF,universe,US172062AE14,cusip6,172062,CINCINNATI FINL CORP 6.125% 01Nov2034,0
CINF,universe,US172062AF88,cusip6,172062,CINCINNATI FINL CORP 6.92% 15May2028,0
CL,universe,US194162AN32,cusip6,194162,CL 3.1 15-AUG-27,0
CL,universe,US194162AP89,cusip6,194162,CL 3.25 15-AUG-32,0
CL,universe,US194162AS29,cusip6,194162,CL 4.6 01-MAR-33,0
CL,universe,US19416QEJ58,name_block,19416Q,COLGATE-PALMOLIVE CO MEDIUM TERM NTS BOO 4% 15Aug2045,0
CL,universe,US19416QEK22,name_block,19416Q,COLGATE-PALMOLIVE CO MEDIUM TERM NTS BOO 3.7% 01Aug2047,0
CLX,universe,US189054AV17,cusip6,189054,CLOROX CO 3.1% 01Oct2027,0
CLX,universe,US189054AW99,cusip6,189054,CLOROX CO 3.9% 15May2028,0
CLX,universe,US189054AX72,cusip6,189054,US189054AX72,1
CLX,universe,US189054AY55,cusip6,189054,CLX 4.4 01-MAY-29,0
CLX,universe,US189054AZ21,cusip6,189054,CLX 4.6 01-MAY-32,0
CMCSA,universe,US11778BAB80,name_block,11778B,CMCSA 6.5 15-OCT-35,0
CMCSA,universe,US20030NAC56,name_block,20030N,COMCAST CORP NEW 7.05% 15Mar2033,0
CMCSA,universe,US20030NAF87,name_block,20030N,COMCAST CORP NEW 5.65% 15Jun2035,0
CMCSA,universe,US20030NAK72,name_block,20030N,COMCAST CORP NEW 6.5% 15Nov2035,0
CMCSA,universe,US20030NAM39,name_block,20030N,COMCAST CORP NEW 6.45% 15Mar2037,0
CMCSA,universe,US20030NAV38,name_block,20030N,COMCAST CORP NEW 6.95% 15Aug2037,0
CMCSA,universe,US20030NAX93,name_block,20030N,COMCAST CORP NEW 6.4% 15May2038,0
CMCSA,universe,US20030NAY76,name_block,20030N,COMCAST CORP NEW 6.55% 01Jul2039,0
CMCSA,universe,US20030NBB64,name_block,20030N,COMCAST CORP NEW 6.4% 01Mar2040,0
CMCSA,universe,US20030NBE04,name_block,20030N,COMCAST CORP NEW 4.65% 15Jul2042,0
CMCSA,universe,US20030NBG51,name_block,20030N,COMCAST CORP NEW 4.5% 15Jan2043,0
CMCSA,universe,US20030NBH35,name_block,20030N,COMCAST CORP NEW 4.25% 15Jan2033,0
CMCSA,universe,US20030NBK63,name_block,20030N,COMCAST CORP NEW 4.75% 01Mar2044,0
CMCSA,universe,US20030NBM20,name_block,20030N,COMCAST CORP NEW 4.2% 15Aug2034,0
CMCSA,universe,US20030NBP50,name_block,20030N,COMCAST CORP NEW 4.4% 15Aug2035,0
CMCSA,universe,US20030NBQ34,name_block,20030N,COMCAST CORP NEW 4.6% 15Aug2045,0
CMCSA,universe,US20030NBT72,name_block,20030N,COMCAST CORP NEW 3.2% 15Jul2036,0
CMCSA,universe,US20030NBU46,name_block,20030N,COMCAST CORP NEW 3.4% 15Jul2046,0
CMCSA,universe,US20030NBW02,name_block,20030N,COMCAST CORP NEW 2.35% 15Jan2027,0
CMCSA,universe,US20030NBY67,name_block,20030N,COMCAST CORP NEW 3.3% 01Feb2027,0
CMCSA,universe,US20030NBZ33,name_block,20030N,COMCAST CORP NEW 4% 15Aug2047,0
CMCSA,universe,US20030NCA72,name_block,20030N,COMCAST CORP NEW 3.15% 15Feb2028,0
CMCSA,universe,US20030NCC39,name_block,20030N,COMCAST CORP NEW 3.969% 01Nov2047,0
CMCSA,universe,US20030NCE94,name_block,20030N,COMCAST CORP NEW 3.999% 01Nov2049,0
CMCSA,universe,US20030NCG43,name_block,20030N,COMCAST CORP NEW 4.049% 01Nov2052,0
CMCSA,universe,US20030NCH26,name_block,20030N,COMCAST CORP NEW 3.55% 01May2028,0
CMCSA,universe,US20030NCJ81,name_block,20030N,COMCAST CORP NEW 3.9% 01Mar2038,0
CMCSA,universe,US20030NCK54,name_block,20030N,COMCAST CORP NEW 4% 01Mar2048,0
CMCSA,universe,US20030NCL38,name_block,20030N,COMCAST CORP NEW 4.6% 15Oct2038,0
CMCSA,universe,US20030NCM11,name_block,20030N,COMCAST CORP NEW 4.7% 15Oct2048,0
CMCSA,universe,US20030NCN93,name_block,20030N,COMCAST CORP NEW 4.95% 15Oct2058,0
CMCSA,universe,US20030NCT63,name_block,20030N,COMCAST CORP NEW 4.15% 15Oct2028,0
CMCSA,universe,US20030NCU37,name_block,20030N,COMCAST CORP NEW 4.25% 15Oct2030,0
CMCSA,universe,US20030NCY58,name_block,20030N,COMCAST CORPORATION,0
CMCSA,universe,US20030NCZ24,name_block,20030N,COMCAST CORPORATION,0
CMCSA,universe,US20030NDA63,name_block,20030N,COMCAST CORPORATION,0
CMCSA,universe,US20030NDG34,name_block,20030N,COMCAST CORPORATION,0
CMCSA,universe,US20030NDH17,name_block,20030N,COMCAST CORPORATION,0
CMCSA,universe,US20030NDK46,name_block,20030N,COMCAST CORPORATION,0
CMCSA,universe,US20030NDL29,name_block,20030N,COMCAST CORPORATION,0
CMCSA,universe,US20030NDM02,name_block,20030N,COMCAST CORPORATION,0
CMCSA,universe,US20030NDN84,name_block,20030N,COMCAST CORPORATION,0
CMCSA,universe,US20030NDP33,name_block,20030N,COMCAST CORPORATION,0
CMCSA,universe,US20030NDQ16,name_block,20030N,COMCAST CORPORATION,0
CMCSA,universe,US20030NDS71,name_block,20030N,CMCSA 2.887 01-NOV-51,0
CMCSA,universe,US20030NDU28,name_block,20030N,CMCSA 2.937 01-NOV-56,0
CMCSA,universe,US20030NDW83,name_block,20030N,CMCSA 2.987 01-NOV-63,0
CMCSA,universe,US20030NEB38,name_block,20030N,CMCSA 5.5 15-NOV-32,0
CMCSA,universe,US20030NEC11,name_block,20030N,CMCSA 4.65 15-FEB-33,0
CME,universe,US12572QAF28,name_block,12572Q,CME GROUP INC 5.3% 15Sep2043,0
CME,universe,US12572QAH83,name_block,12572Q,CME GROUP INC 4.15% 15Jun2048,0
CME,universe,US12572QAJ40,name_block,12572Q,CME GROUP INC 3.75% 15Jun2028,0
CME,universe,US12572QAK13,name_block,12572Q,CME 2.65 15-MAR-32,0
CMI,universe,US231021AD84,name_block,231021,US231021AD84,1
CMI,universe,US231021AJ54,name_block,231021,CUMMINS INC 7.125% 01Mar2028,0
CMI,universe,US231021AK28,name_block,231021,CUMMINS INC 5.65% 01Mar2098,0
CMI,universe,US231021AQ97,name_block,231021,CUMMINS INC 4.875% 01Oct2043,0
CMI,universe,US231021AS53,name_block,231021,US231021AS53,1
CMI,universe,US231021AT37,name_block,231021,CUMMINS INC,0
CMS,universe,US125896BL30,cusip6,125896,CMS ENERGY CORP 4.7% 31Mar2043,0
CMS,universe,US125896BN95,cusip6,125896,CMS ENERGY CORP 4.875% 01Mar2044,0
CMS,universe,US125896BR00,cusip6,125896,CMS ENERGY CORP 2.95% 15Feb2027,0
CMS,universe,US125896BS82,cusip6,125896,CMS ENERGY CORP 3.45% 15Aug2027,0
CMS,universe,US125896BU39,cusip6,125896,US125896BU39,1
CMS,universe,US125896BV12,cusip6,125896,US125896BV12,1
CMS,universe,US210518CZ72,name_block,210518,CONSUMERS ENERGY CO 3.25% 15Aug2046,0
CMS,universe,US210518DB95,name_block,210518,CONSUMERS ENERGY CO 4.05% 15May2048,0
CMS,universe,US210518DC78,name_block,210518,CONSUMERS ENERGY CO 3.8% 15Nov2028,0
CMS,universe,US210518DD51,name_block,210518,CONSUMERS ENERGY CO 4.35% 15Apr2049,0
CMS,universe,US210518DE35,name_block,210518,US210518DE35,1
CMS,universe,US210518DF00,name_block,210518,US210518DF00,1
CMS,universe,US210518DH65,name_block,210518,US210518DH65,1
CMS,universe,US210518DJ22,name_block,210518,US210518DJ22,1
CMS,universe,US210518DP81,name_block,210518,CMS 3.6 15-AUG-32,0
CMS,universe,US210518DQ64,name_block,210518,CMS 4.2 01-SEP-52,0
CMS,universe,US210518DU76,name_block,210518,CMS 4.625 15-MAY-33,0
CNC,universe,US15135BAR24,cusip6,15135B,Centene 4.25% 15dec2027 USD,0
CNC,universe,US15135BAT89,cusip6,15135B,Centene 4.625% 15dec2029 USD,0
CNC,universe,US15135BAV36,cusip6,15135B,Centene 3.375% 15feb2030 USD,0
CNC,universe,US15135BAW19,cusip6,15135B,CENTENE CORP DEL 3% 15Oct2030,0
CNC,universe,US15135BAX91,cusip6,15135B,US15135BAX91,1
CNC,universe,US15135BAY74,cusip6,15135B,US15135BAY74,1
CNC,universe,US15135BAZ40,cusip6,15135B,US15135BAZ40,1
CNP,universe,US15189TAV98,name_block,15189T,CENTERPOINT ENERGY INC 4.25% 01Nov2028,0
CNP,universe,US15189TAX54,name_block,15189T,US15189TAX54,1
CNP,universe,US15189TBB26,name_block,15189T,CNP 2.65 01-JUN-31,0
CNP,universe,US15189WAH34,name_block,15189W,CENTERPOINT ENERGY RES CORP DEL 5.85% 15Jan2041,0
CNP,universe,US15189WAL46,name_block,15189W,CENTERPOINT ENERGY RES CORP DEL 4% 01Apr2028,0
CNP,universe,US15189WAP59,name_block,15189W,CNP 4.4 01-JUL-32,0
CNP,universe,US15189XAM02,name_block,15189X,US15189XAM02,1
CNP,universe,US15189XAN84,name_block,15189X,CENTERPOINT ENERGY HOUSTON ELEC LLC 4.5% 01Apr2044,0
CNP,universe,US15189XAR98,name_block,15189X,CENTERPOINT ENERGY HOUSTON ELEC LLC 3% 01Feb2027,0
CNP,universe,US15189XAS71,name_block,15189X,CENTERPOINT ENERGY HOUSTON ELEC LLC 3.95% 01Mar2048,0
CNP,universe,US15189XAT54,name_block,15189X,CENTERPOINT ENERGY HOUSTON ELEC LLC 4.25% 01Feb2049,0
CNP,universe,US15189XAU28,name_block,15189X,US15189XAU28,1
CNP,universe,US15189XAV01,name_block,15189X,CNP 2.35 01-APR-31,0
CNP,universe,US15189XAW83,name_block,15189X,CNP 3.35 01-APR-51,0
CNP,universe,US15189XAX66,name_block,15189X,CNP 3 01-MAR-32,0
CNP,universe,US15189XAY40,name_block,15189X,CNP 3.6 01-MAR-52,0
CNP,universe,US15189XAZ15,name_block,15189X,CNP 4.45 01-OCT-32,0
CNP,universe,US15189XBA54,name_block,15189X,CNP 4.85 01-OCT-52,0
CNP,universe,US15189YAF34,name_block,15189Y,US15189YAF34,1
CNP,universe,US15189YAG17,name_block,15189Y,CNP 5.25 01-MAR-28,0
CNP,universe,US15189YAH99,name_block,15189Y,CNP 5.4 01-MAR-33,0
COF,universe,US14040HBN44,cusip6,14040H,CAPITAL ONE FINL CORP 3.75% 09Mar2027,0
COF,universe,US14040HBW43,cusip6,14040H,CAPITAL ONE FINL CORP 3.8% 31Jan2028,0
COF,universe,US14040HCE36,cusip6,14040H,CAPITAL ONE FINANCIAL CORPORATION,0
COF,universe,US14040HCF01,cusip6,14040H,COF 3.95,0
COF,universe,US14040HCG83,cusip6,14040H,CAPITAL ONE FINANCIAL CORPORATION,0
COF,universe,US14040HCH66,cusip6,14040H,COF 1.878 02-NOV-27,0
COF,universe,US14040HCJ23,cusip6,14040H,COF 2.618 02-NOV-32,0
COF,universe,US14040HCN35,cusip6,14040H,COF 3.273 01-MAR-30,0
COF,universe,US14040HCS22,cusip6,14040H,COF 4.927 10-MAY-28,0
COF,universe,US14040HCT05,cusip6,14040H,COF 5.268 10-MAY-33,0
COF,universe,US14040HCV50,cusip6,14040H,COF 5.247 26-JUL-30,0
COF,universe,US14040HCX17,cusip6,14040H,COF 5.468 01-FEB-29,0
COF,universe,US14040HCY99,cusip6,14040H,COF 5.817 01-FEB-34,0
COHR,universe,USU45064AA74,name_block,U45064,COHR 5 15-DEC-29,0
COIN,universe,US19260QAC15,cusip6,19260Q,Coinbase Global Inc,0
COIN,universe,US19260QAD97,cusip6,19260Q,US19260QAD97,1
COIN,universe,USU19328AA89,name_block,U19328,Coinbase Global Inc,0
COIN,universe,USU19328AB62,name_block,U19328,USU19328AB62,1
COP,universe,US208251AE82,cusip6,208251,CONOCO INC 6.95% 15Apr2029,0
COP,universe,US20825CAF14,name_block,20825C,CONOCOPHILLIPS 5.9% 15Oct2032,0
COP,universe,US20825CAP95,name_block,20825C,CONOCOPHILLIPS 5.9% 15May2038,0
COP,universe,US20825CAQ78,name_block,20825C,CONOCOPHILLIPS 6.5% 01Feb2039,0
COP,universe,US20825CAY03,name_block,20825C,COP 4.3 15-AUG-28,0
COP,universe,US20825VAB80,name_block,20825V,CONOCOPHILLIPS CDA FDG CO II 5.95% 15Oct2036,0
COP,universe,US20826FAC05,name_block,20826F,CONOCOPHILLIPS CO 4.3% 15Nov2044,0
COP,universe,US20826FAF36,name_block,20826F,CONOCOPHILLIPS CO 4.15% 15Nov2034,0
COP,universe,US20826FAR73,name_block,20826F,CONOCOPHILLIPS CO 5.95% 15Mar2046,0
COP,universe,US20826FAV85,name_block,20826F,COP 3.8 15-MAR-52,0
COP,universe,US20826FBC95,name_block,20826F,ConocoPhillips Company 3.758% 15mar2042,0
COP,universe,US20826FBD78,name_block,20826F,COP 4.025 15-MAR-62,0
COR,universe,US03073EAN58,name_block,03073E,AMERISOURCEBERGEN CORP 4.25% 01Mar2045,0
COR,universe,US03073EAP07,name_block,03073E,AMERISOURCEBERGEN CORP 3.45% 15Dec2027,0
COR,universe,US03073EAQ89,name_block,03073E,AMERISOURCEBERGEN CORP 4.3% 15Dec2047,0
COR,universe,US03073EAR62,name_block,03073E,US03073EAR62,1
COR,universe,US03073EAT29,name_block,03073E,AMERISOURCEBERGEN CORPORATION,0
COST,universe,US22160KAM71,name_block,22160K,COSTCO WHOLESALE CORP NEW 3% 18May2027,0
COST,universe,US22160KAN54,name_block,22160K,COSTCO WHOLESALE CORPORATION,0
COST,universe,US22160KAP03,name_block,22160K,COSTCO WHOLESALE CORPORATION,0
COST,universe,US22160KAQ85,name_block,22160K,COSTCO WHOLESALE CORPORATION,0
CPT,universe,US133131AW29,cusip6,133131,CAMDEN PPTY TR 4.1% 15Oct2028,0
CPT,universe,US133131AX02,cusip6,133131,US133131AX02,1
CPT,universe,US133131AY84,cusip6,133131,US133131AY84,1
CPT,universe,US133131AZ59,cusip6,133131,US133131AZ59,1
CRL,universe,US159864AE78,cusip6,159864,Charles River Laboratories International 4.25% 1may2028 USD,0
CRL,universe,US159864AG27,cusip6,159864,US159864AG27,1
CRL,universe,US159864AJ65,cusip6,159864,US159864AJ65,1
CRM,universe,US79466LAF13,cusip6,79466L,SALESFORCE COM INC 3.7% 11Apr2028,0
CRM,universe,US79466LAH78,cusip6,79466L,SALESFORCE.COM INC.,0
CRM,universe,US79466LAJ35,cusip6,79466L,SALESFORCE.COM INC.,0
CRM,universe,US79466LAK08,cusip6,79466L,SALESFORCE.COM INC.,0
CRM,universe,US79466LAL80,cusip6,79466L,SALESFORCE.COM INC.,0
CRM,universe,US79466LAM63,cusip6,79466L,SALESFORCE.COM INC.,0
CRWD,universe,US22788CAA36,cusip6,22788C,US22788CAA36,1
CSCO,universe,US17275RAD44,cusip6,17275R,CISCO SYS INC 5.9% 15Feb2039,0
CSCO,universe,US17275RAF91,cusip6,17275R,CISCO SYS INC 5.5% 15Jan2040,0
CSCO,universe,US17275RBL50,cusip6,17275R,CISCO SYS INC 2.5% 20Sep2026,0
CSX,universe,US126408GH06,cusip6,126408,CSX CORP 6% 01Oct2036,0
CSX,universe,US126408GK35,cusip6,126408,CSX CORP 6.15% 01May2037,0
CSX,universe,US126408GS60,cusip6,126408,CSX CORP 6.22% 30Apr2040,0
CSX,universe,US126408GU17,cusip6,126408,CSX CORP 5.5% 15Apr2041,0
CSX,universe,US126408GW72,cusip6,126408,CSX CORP 4.75% 30May2042,0
CSX,universe,US126408GX55,cusip6,126408,CSX CORP 4.4% 01Mar2043,0
CSX,universe,US126408GY39,cusip6,126408,CSX CORP 4.1% 15Mar2044,0
CSX,universe,US126408HA44,cusip6,126408,US126408HA44,1
CSX,universe,US126408HC00,cusip6,126408,CSX CORP 3.95% 01May2050,0
CSX,universe,US126408HE65,cusip6,126408,CSX CORP 2.6% 01Nov2026,0
CSX,universe,US126408HF31,cusip6,126408,CSX CORP 3.8% 01Nov2046,0
CSX,universe,US126408HG14,cusip6,126408,CSX CORP 4.25% 01Nov2066,0
CSX,universe,US126408HH96,cusip6,126408,CSX CORP 3.25% 01Jun2027,0
CSX,universe,US126408HJ52,cusip6,126408,CSX CORP 3.8% 01Mar2028,0
CSX,universe,US126408HK26,cusip6,126408,CSX CORP 4.3% 01Mar2048,0
CSX,universe,US126408HL09,cusip6,126408,CSX CORP 4.65% 01Mar2068,0
CSX,universe,US126408HM81,cusip6,126408,CSX CORP 4.25% 15Mar2029,0
CSX,universe,US126408HN64,cusip6,126408,CSX CORP 4.75% 15Nov2048,0
CSX,universe,US126408HP13,cusip6,126408,US126408HP13,1
CSX,universe,US126408HQ95,cusip6,126408,US126408HQ95,1
CSX,universe,US126408HR78,cusip6,126408,US126408HR78,1
CSX,universe,US126408HS51,cusip6,126408,US126408HS51,1
CSX,universe,US126408HT35,cusip6,126408,US126408HT35,1
CSX,universe,US126408HU08,cusip6,126408,CSX 4.1 15-NOV-32,0
CSX,universe,US126408HV80,cusip6,126408,CSX 4.5 15-NOV-52,0
CTAS,universe,US17252MAG50,name_block,17252M,CINTAS CORP NO 2 6.15% 15Aug2036,0
CTAS,universe,US17252MAN02,name_block,17252M,CINTAS CORP NO 2 3.7% 01Apr2027,0
CTAS,universe,US17252MAQ33,name_block,17252M,CTAS 4 01-MAY-32,0
CVS,universe,US126650BJ87,name_block,126650,CVS HEALTH CORP 6.25% 01Jun2027,0
CVS,universe,US126650BP48,name_block,126650,US126650BP48,1
CVS,universe,US126650BQ21,name_block,126650,US126650BQ21,1
CVS,universe,US126650BR04,name_block,126650,CVS HEALTH CORP 6.125% 15Sep2039,0
CVS,universe,US126650CD09,name_block,126650,CVS HEALTH CORP 5.3% 05Dec2043,0
CVS,universe,US126650CM08,name_block,126650,CVS HEALTH CORP 4.875% 20Jul2035,0
CVS,universe,US126650CN80,name_block,126650,CVS HEALTH CORP 5.125% 20Jul2045,0
CVS,universe,US126650CX62,name_block,126650,CVS HEALTH CORP 4.3% 25Mar2028,0
CVS,universe,US126650CY46,name_block,126650,CVS HEALTH CORP 4.78% 25Mar2038,0
CVS,universe,US126650CZ11,name_block,126650,CVS HEALTH CORP 5.05% 25Mar2048,0
CVS,universe,US126650DF48,name_block,126650,CVS HEALTH CORP,0
CVS,universe,US126650DG21,name_block,126650,CVS HEALTH CORP,0
CVS,universe,US126650DH04,name_block,126650,CVS HEALTH CORP,0
CVS,universe,US126650DJ69,name_block,126650,CVS HEALTH CORP,0
CVS,universe,US126650DK33,name_block,126650,CVS HEALTH CORP,0
CVS,universe,US126650DL16,name_block,126650,CVS HEALTH CORP,0
CVS,universe,US126650DM98,name_block,126650,CVS HEALTH CORP,0
CVS,universe,US126650DN71,name_block,126650,CVS HEALTH CORP,0
CVS,universe,US126650DP20,name_block,126650,CVS HEALTH CORP,0
CVS,universe,US126650DQ03,name_block,126650,CVS HEALTH CORP,0
CVS,universe,US126650DR85,name_block,126650,CVS 2.125 15-SEP-31,0
CVS,universe,US126650DT42,name_block,126650,CVS 5.125 21-FEB-30,0
CVS,universe,US126650DU15,name_block,126650,CVS 5.25 21-FEB-33,0
CVS,universe,US126650DV97,name_block,126650,CVS 5.625 21-FEB-53,0
CVX,universe,US166756AH97,name_block,166756,CHEVRON USA INC,0
CVX,universe,US166756AL00,name_block,166756,CHEVRON USA INC,0
CVX,universe,US166756AQ96,name_block,166756,US166756AQ96,1
CVX,universe,US166756AR79,name_block,166756,CVX 3.85 15-JAN-28,0
CVX,universe,US166756AS52,name_block,166756,CVX 3.25 15-OCT-29,0
CVX,universe,US166756AT36,name_block,166756,CHEVRON USA INC,0
CVX,universe,US166756AU09,name_block,166756,CHEVRON USA INC,0
CVX,universe,US166756AV81,name_block,166756,CHEVRON USA INC,0
CVX,universe,US166764BX70,name_block,166764,CHEVRON CORP,0
CVX,universe,US166764BY53,name_block,166764,CHEVRON CORP,0
CVX,universe,US166764BZ29,name_block,166764,US166764BZ29,1
CVX,universe,US166764CA68,name_block,166764,CHEVRON CORP,0
D,universe,US257375AF22,name_block,257375,DOMINION ENERGY GAS HLDGS LLC 4.8% 01Nov2043,0
D,universe,US257375AJ44,name_block,257375,DOMINION ENERGY GAS HLDGS LLC 4.6% 15Dec2044,0
D,universe,US257375AP04,name_block,257375,US257375AP04,1
D,universe,US257375AQ86,name_block,257375,US257375AQ86,1
D,universe,US257469AJ58,cusip6,257469,DOMINION RES INC DEL 5.25% 01Aug2033,0
D,universe,US25746UAN90,name_only,25746U,DOMINION ENERGY INC 6.3% 15Mar2033,0
D,universe,US25746UAV17,name_only,25746U,DOMINION ENERGY INC 5.95% 15Jun2035,0
D,universe,US25746UBD00,name_only,25746U,DOMINION ENERGY INC 7% 15Jun2038,0
D,universe,US25746UBM09,name_only,25746U,DOMINION ENERGY INC 4.9% 01Aug2041,0
D,universe,US25746UBQ13,name_only,25746U,DOMINION ENERGY INC 4.05% 15Sep2042,0
D,universe,US25746UCC18,name_only,25746U,DOMINION ENERGY INC 4.7% 01Dec2044,0
D,universe,US25746UCK34,name_only,25746U,DOMINION ENERGY INC 2.85% 15Aug2026,0
D,universe,US25746UCY38,name_only,25746U,DOMINION ENERGY INC 4.25% 01Jun2028,0
D,universe,US25746UDG13,name_only,25746U,DOMINION ENERGY INC,0
DAL,universe,US247361ZN12,cusip6,247361,Delta Air Lines 4.375% 19apr2028 USD,0
DAL,universe,US247361ZT81,cusip6,247361,Delta Air Lines 3.75% 28oct2029 USD,0
DAL,universe,US247361ZV38,cusip6,247361,US247361ZV38,1
DE,universe,US244199AW56,cusip6,244199,DEERE & CO 6.55% 01Oct2028,0
DE,universe,US244199AZ87,cusip6,244199,DEERE & CO 8.1% 15May2030,0
DE,universe,US244199BA28,cusip6,244199,DEERE & CO 7.125% 03Mar2031,0
DE,universe,US244199BD66,cusip6,244199,DEERE & CO 5.375% 16Oct2029,0
DE,universe,US244199BF15,cusip6,244199,DEERE & CO 3.9% 09Jun2042,0
DE,universe,US244199BG97,cusip6,244199,US244199BG97,1
DE,universe,US244199BJ37,cusip6,244199,US244199BJ37,1
DE,universe,US244199BK00,cusip6,244199,DEERE & CO,0
DE,universe,US24422ETW92,name_only,24422E,DEERE JOHN CAP CORP MEDIUM TERM NTS-BOOK 2.8% 08Sep2027,0
DE,universe,US24422EUB37,name_only,24422E,DEERE JOHN CAP CORP MEDIUM TERM NTS-BOOK 3.05% 06Jan2028,0
DELL,universe,US247025AE93,name_block,247025,DELL COMPUTER CORP 7.1% 15Apr2028,0
DELL,universe,US24702RAF82,name_block,24702R,DELL INC 6.5% 15Apr2038,0
DELL,universe,US24702RAM34,name_block,24702R,Dell 5.4% 10sep2040 USD,0
DELL,universe,US24703DBJ90,name_block,24703D,DELL 5.25 01-FEB-28,0
DELL,universe,US24703DBL47,name_block,24703D,DELL 5.75 01-FEB-33,0
DELL,universe,US24703TAE64,name_block,24703T,DELL INTERNATIONAL LLC,0
DELL,universe,US24703TAF30,name_block,24703T,DELL 6.1 15-JUL-27,0
DELL,universe,US24703TAG13,name_block,24703T,DELL INTERNATIONAL LLC,0
DELL,universe,US24703TAH95,name_block,24703T,DELL INTERNATIONAL LLC,0
DELL,universe,US24703TAJ51,name_block,24703T,DELL INTERNATIONAL LLC,0
DELL,universe,US24703TAK25,name_block,24703T,DELL INTERNATIONAL LLC,0
DG,universe,US256677AF29,cusip6,256677,DOLLAR GEN CORP NEW 4.125% 01May2028,0
DG,universe,US256677AG02,cusip6,256677,DOLLAR GENERAL CORPORATION,0
DG,universe,US256677AH84,cusip6,256677,US256677AH84,1
DG,universe,US256677AL96,cusip6,256677,DG 5 01-NOV-32,0
DG,universe,US256677AM79,cusip6,256677,DG 5.5 01-NOV-52,0
DGX,universe,US74834LBA70,cusip6,74834L,US74834LBA70,1
DGX,universe,US74834LBB53,cusip6,74834L,QUEST DIAGNOSTICS INCORPORATED,0
DGX,universe,US74834LBC37,cusip6,74834L,US74834LBC37,1
DHI,universe,US23331ABP30,cusip6,23331A,US23331ABP30,1
DHI,universe,US23331ABQ13,cusip6,23331A,DHI 1.3 15-OCT-26,0
DHR,universe,US235851AR35,cusip6,235851,DANAHER CORP 4.375% 15Sep2045,0
DHR,universe,US235851AV47,cusip6,235851,DANAHER CORPORATION,0
DHR,universe,US235851AW20,cusip6,235851,DHR 2.8 10-DEC-51,0
DIS,universe,US254687DH68,cusip6,254687,US254687DH68,1
DIS,universe,US254687DK97,cusip6,254687,US254687DK97,1
DIS,universe,US254687DM53,cusip6,254687,DIS 7.125 08-APR-28,0
DIS,universe,US254687DP84,cusip6,254687,DIS 7.3 30-APR-28,0
DIS,universe,US254687DR41,cusip6,254687,US254687DR41,1
DIS,universe,US254687DT07,cusip6,254687,US254687DT07,1
DIS,universe,US254687DV52,cusip6,254687,US254687DV52,1
DIS,universe,US254687DX19,cusip6,254687,US254687DX19,1
DIS,universe,US254687DZ66,cusip6,254687,WALT DISNEY CO,0
DIS,universe,US254687EB89,cusip6,254687,WALT DISNEY CO,0
DIS,universe,US254687EF93,cusip6,254687,US254687EF93,1
DIS,universe,US254687EH59,cusip6,254687,WALT DISNEY CO,0
DIS,universe,US254687EP75,cusip6,254687,DIS 6.9 15-AUG-39,0
DIS,universe,US254687ER32,cusip6,254687,US254687ER32,1
DIS,universe,US254687ET97,cusip6,254687,US254687ET97,1
DIS,universe,US254687EV44,cusip6,254687,US254687EV44,1
DIS,universe,US254687EX00,cusip6,254687,US254687EX00,1
DIS,universe,US254687EZ57,cusip6,254687,US254687EZ57,1
DIS,universe,US254687FB70,cusip6,254687,US254687FB70,1
DIS,universe,US254687FL52,cusip6,254687,WALT DISNEY CO,0
DIS,universe,US254687FM36,cusip6,254687,WALT DISNEY CO,0
DIS,universe,US254687FP66,cusip6,254687,US254687FP66,1
DIS,universe,US254687FQ40,cusip6,254687,WALT DISNEY CO,0
DIS,universe,US254687FR23,cusip6,254687,WALT DISNEY CO,0
DIS,universe,US254687FS06,cusip6,254687,WALT DISNEY CO,0
DIS,universe,US254687FW18,cusip6,254687,WALT DISNEY CO,0
DIS,universe,US254687FX90,cusip6,254687,WALT DISNEY CO,0
DIS,universe,US254687FY73,cusip6,254687,WALT DISNEY CO,0
DIS,universe,US254687FZ49,cusip6,254687,WALT DISNEY CO,0
DIS,universe,US254687GA88,cusip6,254687,WALT DISNEY CO,0
DLR,universe,US25389JAU07,name_only,25389J,DIGITAL REALTY TRUST LP,0
DLR,universe,US25389JAV89,name_only,25389J,DLR 5.55 15-JAN-28,0
DLTR,universe,US256746AH16,name_block,256746,DOLLAR TREE INC 4.2% 15May2028,0
DLTR,universe,US256746AJ71,name_block,256746,DLTR 2.65 01-DEC-31,0
DLTR,universe,US256746AK45,name_block,256746,DLTR 3.375 01-DEC-51,0
DOC,universe,US42250PAA12,name_only,42250P,HEALTHPEAK PROPERTIES INC,0
DOC,universe,US71951QAC69,name_only,71951Q,DOC 2.625 01-NOV-31,0
DOV,universe,US260003AP32,cusip6,260003,US260003AP32,1
DOW,universe,US260543BJ10,name_block,260543,DOW CHEM CO 7.375% 01Nov2029,0
DOW,universe,US260543BY86,name_block,260543,US260543BY86,1
DOW,universe,US260543CE14,name_block,260543,DOW CHEM CO 5.25% 15Nov2041,0
DOW,universe,US260543CG61,name_block,260543,DOW CHEM CO 4.375% 15Nov2042,0
DOW,universe,US260543CK73,name_block,260543,DOW CHEM CO 4.25% 01Oct2034,0
DOW,universe,US260543CL56,name_block,260543,DOW CHEM CO 4.625% 01Oct2044,0
DOW,universe,US260543CR27,name_block,260543,DOW CHEMICAL COMPANY (THE),0
DOW,universe,US260543CV39,name_block,260543,DOW CHEMICAL COMPANY (THE),0
DOW,universe,US260543CY77,name_block,260543,US260543CY77,1
DOW,universe,US260543DC49,name_block,260543,DOW CHEMICAL COMPANY (THE),0
DOW,universe,US260543DD22,name_block,260543,DOW CHEMICAL COMPANY (THE),0
DOW,universe,US260543DG52,name_block,260543,DOW 6.3 15-MAR-33,0
DOW,universe,US260543DH36,name_block,260543,DOW 6.9 15-MAY-53,0
DRI,universe,US237194AE57,cusip6,237194,US237194AE57,1
DRI,universe,US237194AL90,cusip6,237194,DARDEN RESTAURANTS INC 3.85% 01May2027,0
DRI,universe,US237194AM73,cusip6,237194,DARDEN RESTAURANTS INC 4.55% 15Feb2048,0
DTE,universe,US233331AY31,cusip6,233331,DTE ENERGY CO 2.85% 01Oct2026,0
DTE,universe,US233331AZ06,cusip6,233331,DTE ENERGY CO 3.8% 15Mar2027,0
DTE,universe,US233331BC02,cusip6,233331,US233331BC02,1
DTE,universe,US233331BF33,cusip6,233331,US233331BF33,1
DTE,universe,US23338VAD82,name_block,23338V,DTE ELEC CO 4.3% 01Jul2044,0
DTE,universe,US23338VAE65,name_block,23338V,DTE ELEC CO 3.7% 15Mar2045,0
DTE,universe,US23338VAF31,name_block,23338V,US23338VAF31,1
DTE,universe,US23338VAG14,name_block,23338V,DTE ELEC CO 3.75% 15Aug2047,0
DTE,universe,US23338VAH96,name_block,23338V,DTE ELEC CO 4.05% 15May2048,0
DTE,universe,US23338VAJ52,name_block,23338V,US23338VAJ52,1
DTE,universe,US23338VAK26,name_block,23338V,US23338VAK26,1
DTE,universe,US23338VAL09,name_block,23338V,US23338VAL09,1
DTE,universe,US23338VAM81,name_block,23338V,US23338VAM81,1
DTE,universe,US23338VAN64,name_block,23338V,DTE 1.9 01-APR-28,0
DTE,universe,US23338VAP13,name_block,23338V,DTE 3.25 01-APR-51,0
DTE,universe,US23338VAQ95,name_block,23338V,DTE 3 01-MAR-32,0
DTE,universe,US23338VAR78,name_block,23338V,DTE 3.65 01-MAR-52,0
DTE,universe,US23338VAS51,name_block,23338V,DTE 5.2 01-APR-33,0
DTE,universe,US23338VAT35,name_block,23338V,DTE 5.4 01-APR-53,0
DUK,universe,US172070CQ59,name_only,172070,DUK 5.375 15-JUN-33,0
DUK,universe,US263901AA85,name_block,263901,DUKE ENERGY IND INC 6.35% 15Aug2038,0
DUK,universe,US263901AB68,name_block,263901,DUKE ENERGY IND INC 6.45% 01Apr2039,0
DUK,universe,US263901AD25,name_block,263901,DUKE ENERGY IND INC 4.2% 15Mar2042,0
DUK,universe,US263901AF72,name_block,263901,DUKE ENERGY IND INC 4.9% 15Jul2043,0
DUK,universe,US264399DK95,cusip6,264399,DUKE PWR CO LLC 6% 01Dec2028,0
DUK,universe,US264399ED44,cusip6,264399,DUKE PWR CO LLC 6.45% 15Oct2032,0
DUK,universe,US26441CAP05,name_block,26441C,DUKE ENERGY CORP NEW 4.8% 15Dec2045,0
DUK,universe,US26441CAS44,name_block,26441C,DUKE ENERGY CORP NEW 2.65% 01Sep2026,0
DUK,universe,US26441CAT27,name_block,26441C,DUKE ENERGY CORP NEW 3.75% 01Sep2046,0
DUK,universe,US26441CAX39,name_block,26441C,DUKE ENERGY CORP NEW 3.15% 15Aug2027,0
DUK,universe,US26441CAY12,name_block,26441C,DUKE ENERGY CORP NEW 3.95% 15Aug2047,0
DUK,universe,US26441CBE49,name_block,26441C,US26441CBE49,1
DUK,universe,US26441CBF14,name_block,26441C,US26441CBF14,1
DUK,universe,US26441CBH79,name_block,26441C,DUKE ENERGY CORP,0
DUK,universe,US26441CBL81,name_block,26441C,DUKE ENERGY CORP,0
DUK,universe,US26441CBM64,name_block,26441C,DUKE ENERGY CORP,0
DUK,universe,US26441CBN48,name_block,26441C,DUKE ENERGY CORP,0
DUK,universe,US26441CBP95,name_block,26441C,DUK 3.25 15-JAN-82,0
DUK,universe,US26441CBS35,name_block,26441C,DUK 4.3 15-MAR-28,0
DUK,universe,US26441CBT18,name_block,26441C,DUK 4.5 15-AUG-32,0
DUK,universe,US26441CBU80,name_block,26441C,DUK 5 15-AUG-52,0
DUK,universe,US26442CAA27,name_block,26442C,DUKE ENERGY CAROLINAS LLC 6.1% 01Jun2037,0
DUK,universe,US26442CAB00,name_block,26442C,DUKE ENERGY CAROLINAS LLC 6% 15Jan2038,0
DUK,universe,US26442CAE49,name_block,26442C,DUKE ENERGY CAROLINAS LLC 6.05% 15Apr2038,0
DUK,universe,US26442CAH79,name_block,26442C,DUKE ENERGY CAROLINAS LLC 5.3% 15Feb2040,0
DUK,universe,US26442CAM64,name_block,26442C,DUKE ENERGY CAROLINAS LLC 4.25% 15Dec2041,0
DUK,universe,US26442CAN48,name_block,26442C,DUKE ENERGY CAROLINAS LLC 4% 30Sep2042,0
DUK,universe,US26442CAP95,name_block,26442C,DUKE ENERGY CAROLINAS LLC 3.75% 01Jun2045,0
DUK,universe,US26442CAR51,name_block,26442C,DUKE ENERGY CAROLINAS LLC 3.875% 15Mar2046,0
DUK,universe,US26442CAS35,name_block,26442C,DUKE ENERGY CAROLINAS LLC 2.95% 01Dec2026,0
DUK,universe,US26442CAT18,name_block,26442C,DUKE ENERGY CAROLINAS LLC 3.7% 01Dec2047,0
DUK,universe,US26442CAU80,name_block,26442C,DUKE ENERGY CAROLINAS LLC 3.95% 15Mar2048,0
DUK,universe,US26442CAX20,name_block,26442C,DUKE ENERGY CAROLINAS LLC 3.95% 15Nov2028,0
DUK,universe,US26442CAY03,name_block,26442C,US26442CAY03,1
DUK,universe,US26442CAZ77,name_block,26442C,DUKE ENERGY CAROLINAS LLC,0
DUK,universe,US26442CBA18,name_block,26442C,US26442CBA18,1
DUK,universe,US26442CBB90,name_block,26442C,DUK 2.55 15-APR-31,0
DUK,universe,US26442CBG87,name_block,26442C,DUK 2.85 15-MAR-32,0
DUK,universe,US26442CBH60,name_block,26442C,DUK 3.55 15-MAR-52,0
DUK,universe,US26442CBJ27,name_block,26442C,DUK 4.95 15-JAN-33,0
DUK,universe,US26442CBK99,name_block,26442C,DUK 5.35 15-JAN-53,0
DUK,universe,US26442EAF79,name_block,26442E,DUKE ENERGY OHIO INC 3.65% 01Feb2029,0
DUK,universe,US26442EAG52,name_block,26442E,DUKE ENERGY OHIO INC 4.3% 01Feb2049,0
DUK,universe,US26442EAH36,name_block,26442E,US26442EAH36,1
DUK,universe,US26442RAB78,name_block,26442R,DUKE ENERGY PROGRESS INC 4.375% 30Mar2044,0
DUK,universe,US26442RAD35,name_block,26442R,DUKE ENERGY PROGRESS INC 4.15% 01Dec2044,0
DUK,universe,US26442UAB08,name_block,26442U,DUKE ENERGY PROGRESS LLC 4.2% 15Aug2045,0
DUK,universe,US26442UAC80,name_block,26442U,DUKE ENERGY PROGRESS LLC 3.7% 15Oct2046,0
DUK,universe,US26442UAE47,name_block,26442U,DUKE ENERGY PROGRESS LLC 3.6% 15Sep2047,0
DUK,universe,US26442UAG94,name_block,26442U,DUKE ENERGY PROGRESS LLC 3.7% 01Sep2028,0
DUK,universe,US26442UAH77,name_block,26442U,US26442UAH77,1
DUK,universe,US26442UAK07,name_block,26442U,US26442UAK07,1
DUK,universe,US26442UAL89,name_block,26442U,DUK 2 15-AUG-31,0
DUK,universe,US26442UAM62,name_block,26442U,DUK 2.9 15-AUG-51,0
DUK,universe,US26442UAN46,name_block,26442U,DUK 3.4 01-APR-32,0
DUK,universe,US26442UAP93,name_block,26442U,DUK 4 01-APR-52,0
DUK,universe,US26442UAQ76,name_block,26442U,DUK 5.25 15-MAR-33,0
DUK,universe,US26442UAR59,name_block,26442U,DUK 5.35 15-MAR-53,0
DUK,universe,US26443TAA43,name_block,26443T,DUKE ENERGY IND LLC 3.75% 15May2046,0
DUK,universe,US26443TAB26,name_block,26443T,US26443TAB26,1
DUK,universe,US26443TAC09,name_block,26443T,US26443TAC09,1
DUK,universe,US26444HAA95,name_block,26444H,DUKE ENERGY FLA LLC 3.4% 01Oct2046,0
DUK,universe,US26444HAC51,name_block,26444H,DUKE ENERGY FLA LLC 3.2% 15Jan2027,0
DUK,universe,US26444HAE18,name_block,26444H,DUKE ENERGY FLA LLC 3.8% 15Jul2028,0
DUK,universe,US26444HAF82,name_block,26444H,DUKE ENERGY FLA LLC 4.2% 15Jul2048,0
DUK,universe,US26444HAH49,name_block,26444H,US26444HAH49,1
DUK,universe,US26444HAJ05,name_block,26444H,US26444HAJ05,1
DUK,universe,US26444HAK77,name_block,26444H,DUK 2.4 15-DEC-31,0
DUK,universe,US26444HAL50,name_block,26444H,DUK 3 15-DEC-51,0
DUK,universe,US26444HAN17,name_block,26444H,DUK 5.95 15-NOV-52,0
DUK,universe,US720186AN51,name_only,720186,DUK 2.5 15-MAR-31,0
DUK,universe,US720186AP00,name_only,720186,DUK 5.05 15-MAY-52,0
DUK,universe,US743263AE50,name_block,743263,PROGRESS ENERGY INC 7.75% 01Mar2031,0
DUK,universe,US743263AG09,name_block,743263,PROGRESS ENERGY INC 7% 30Oct2031,0
DUK,universe,US743263AP08,name_block,743263,PROGRESS ENERGY INC 6% 01Dec2039,0
DVA,universe,USU23888AE71,name_block,U23888,DVA 4.625 01-JUN-30,0
DVA,universe,USU23888AF47,name_block,U23888,DVA 3.75 15-FEB-31,0
DVN,universe,US251799AA02,name_block,251799,DEVON ENERGY CORP 7.95% 15Apr2032,0
DVN,universe,US25179MAL72,cusip6,25179M,US25179MAL72,1
DVN,universe,US25179MAN39,cusip6,25179M,US25179MAN39,1
DVN,universe,US25179MAU71,cusip6,25179M,US25179MAU71,1
DVN,universe,US25179MBE21,cusip6,25179M,DVN 5.875 15-JUN-28,0
DVN,universe,US25179MBF95,cusip6,25179M,DVN 4.5 15-JAN-30,0
EBAY,universe,US278642AF09,cusip6,278642,EBAY INC 4% 15Jul2042,0
EBAY,universe,US278642AU75,cusip6,278642,EBAY INC 3.6% 05Jun2027,0
EBAY,universe,US278642AW32,cusip6,278642,EBAY INC,0
EBAY,universe,US278642AY97,cusip6,278642,EBAY INC,0
EBAY,universe,US278642AZ62,cusip6,278642,EBAY INC,0
EBAY,universe,US278642BA03,cusip6,278642,EBAY 5.95 22-NOV-27,0
EBAY,universe,US278642BB85,cusip6,278642,EBAY 6.3 22-NOV-32,0
ECL,universe,US278865AV25,cusip6,278865,ECOLAB INC 2.7% 01Nov2026,0
ECL,universe,US278865BA78,cusip6,278865,ECOLAB INC 3.95% 01Dec2047,0
ECL,universe,US278865BD18,cusip6,278865,ECOLAB INC 3.25% 01Dec2027,0
ECL,universe,US278865BE90,cusip6,278865,ECOLAB INC,0
ECL,universe,US278865BF65,cusip6,278865,US278865BF65,1
ECL,universe,US278865BG49,cusip6,278865,US278865BG49,1
ECL,universe,US278865BJ87,cusip6,278865,ECL 2.75 18-AUG-55,0
ECL,universe,US278865BL34,cusip6,278865,ECL 1.65 01-FEB-27,0
ECL,universe,US278865BM17,cusip6,278865,ECL 2.125 01-FEB-32,0
ECL,universe,US278865BN99,cusip6,278865,ECL 2.7 15-DEC-51,0
ECL,universe,US278865BP48,cusip6,278865,ECL 5.25 15-JAN-28,0
ED,universe,US209111ED12,cusip6,209111,CONSOLIDATED EDISON CO N Y INC 5.1% 15Jun2033,0
ED,universe,US209111EF69,cusip6,209111,CONSOLIDATED EDISON CO N Y INC 5.7% 01Feb2034,0
ED,universe,US209111EH26,cusip6,209111,CONSOLIDATED EDISON CO N Y INC 5.3% 01Mar2035,0
ED,universe,US209111EL38,cusip6,209111,CONSOLIDATED EDISON CO N Y INC 5.85% 15Mar2036,0
ED,universe,US209111EM11,cusip6,209111,CONSOLIDATED EDISON CO N Y INC 6.2% 15Jun2036,0
ED,universe,US209111ES80,cusip6,209111,CONSOLIDATED EDISON CO N Y INC 6.3% 15Aug2037,0
ED,universe,US209111EU37,cusip6,209111,CONSOLIDATED EDISON CO N Y INC 6.75% 01Apr2038,0
ED,universe,US209111EY58,cusip6,209111,CONSOLIDATED EDISON CO N Y INC 5.5% 01Dec2039,0
ED,universe,US209111FA63,cusip6,209111,CONSOLIDATED EDISON CO N Y INC 5.7% 15Jun2040,0
ED,universe,US209111FB47,cusip6,209111,CONSOLIDATED EDISON CO N Y INC 4.2% 15Mar2042,0
ED,universe,US209111FC20,cusip6,209111,CONSOLIDATED EDISON CO N Y INC 3.95% 01Mar2043,0
ED,universe,US209111FD03,cusip6,209111,CONSOLIDATED EDISON CO N Y INC 4.45% 15Mar2044,0
ED,universe,US209111FF50,cusip6,209111,CONSOLIDATED EDISON CO N Y INC 4.625% 01Dec2054,0
ED,universe,US209111FG34,cusip6,209111,CONSOLIDATED EDISON CO N Y INC 4.5% 01Dec2045,0
ED,universe,US209111FH17,cusip6,209111,CONSOLIDATED EDISON CO N Y INC 3.85% 15Jun2046,0
ED,universe,US209111FJ72,cusip6,209111,CONSOLIDATED EDISON CO N Y INC 2.9% 01Dec2026,0
ED,universe,US209111FK46,cusip6,209111,CONSOLIDATED EDISON CO N Y INC 4.3% 01Dec2056,0
ED,universe,US209111FL29,cusip6,209111,CONSOLIDATED EDISON CO N Y INC 3.875% 15Jun2047,0
ED,universe,US209111FM02,cusip6,209111,CONSOLIDATED EDISON CO N Y INC 3.125% 15Nov2027,0
ED,universe,US209111FN84,cusip6,209111,CONSOLIDATED EDISON CO N Y INC 4% 15Nov2057,0
ED,universe,US209111FP33,cusip6,209111,CONSOLIDATED EDISON CO N Y INC 3.8% 15May2028,0
ED,universe,US209111FQ16,cusip6,209111,CONSOLIDATED EDISON CO N Y INC 4.5% 15May2058,0
ED,universe,US209111FS71,cusip6,209111,CONSOLIDATED EDISON CO N Y INC 4% 01Dec2028,0
ED,universe,US209111FT54,cusip6,209111,CONSOLIDATED EDISON CO N Y INC 4.65% 01Dec2048,0
ED,universe,US209111FV01,cusip6,209111,US209111FV01,1
ED,universe,US209111FW83,cusip6,209111,US209111FW83,1
ED,universe,US209111FX66,cusip6,209111,US209111FX66,1
ED,universe,US209111FY40,cusip6,209111,CONSOLIDATED EDISON COMPANY OF NEW,0
ED,universe,US209111FZ15,cusip6,209111,US209111FZ15,1
ED,universe,US209111GA54,cusip6,209111,CONSOLIDATED EDISON COMPANY OF NEW,0
ED,universe,US209111GB38,cusip6,209111,CONSOLIDATED EDISON COMPANY OF NEW,0
ED,universe,US209111GC11,cusip6,209111,ED 3.2 01-DEC-51,0
ED,universe,US209111GD93,cusip6,209111,ED 6.15 15-NOV-52,0
ED,universe,US209111GE76,cusip6,209111,ED 5.2 01-MAR-33,0
EFX,universe,US294429AC99,cusip6,294429,EQUIFAX INC 6.9% 01Jul2028,0
EFX,universe,US294429AG04,cusip6,294429,EQUIFAX INC 7% 01Jul2037,0
EFX,universe,US294429AS42,cusip6,294429,US294429AS42,1
EFX,universe,US294429AT25,cusip6,294429,EFX 2.35 15-SEP-31,0
EFX,universe,US294429AV70,cusip6,294429,EFX 5.1 15-DEC-27,0
EIX,universe,US281020AT41,name_only,281020,EIX 5,0
EIX,universe,US281020AW79,name_only,281020,EIX 6.95 15-NOV-29,0
EIX,universe,US842400HD82,name_only,842400,EIX 2.5 01-JUN-31,0
EIX,universe,US842400HF31,name_only,842400,EIX 3.65 01-JUN-51,0
EIX,universe,US842400HM81,name_only,842400,EIX 2.75 01-FEB-32,0
EIX,universe,US842400HN64,name_only,842400,EIX 3.45 01-FEB-52,0
EIX,universe,US842400HQ95,name_only,842400,EIX 4.7 01-JUN-27,0
EIX,universe,US842400HR78,name_only,842400,EIX 5.45 01-JUN-52,0
EIX,universe,US842400HS51,name_only,842400,EIX 5.85 01-NOV-27,0
EIX,universe,US842400HT35,name_only,842400,EIX 5.95 01-NOV-32,0
EIX,universe,US842400HV80,name_only,842400,EIX 5.7 01-MAR-53,0
EL,universe,US29736RAC43,name_only,29736R,ESTEE LAUDER COS INC 6% 15May2037,0
EL,universe,US29736RAG56,name_only,29736R,ESTEE LAUDER COS INC 4.375% 15Jun2045,0
EL,universe,US29736RAJ95,name_only,29736R,ESTEE LAUDER COS INC 3.15% 15Mar2027,0
EL,universe,US29736RAK68,name_only,29736R,ESTEE LAUDER COS INC 4.15% 15Mar2047,0
ELV,universe,US036752AT01,name_only,036752,ELV 4.1 15-MAY-32,0
ELV,universe,US036752AU73,name_only,036752,ELV 4.55 15-MAY-52,0
ELV,universe,US036752AW30,name_only,036752,ELV 5.5 15-OCT-32,0
ELV,universe,US036752AX13,name_only,036752,ELV 6.1 15-OCT-52,0
ELV,universe,US28622HAB78,name_block,28622H,ELV 4.75 15-FEB-33,0
ELV,universe,US28622HAC51,name_block,28622H,ELV 5.125 15-FEB-53,0
EMR,universe,US291011BL71,cusip6,291011,US291011BL71,1
EMR,universe,US291011BM54,cusip6,291011,US291011BM54,1
EMR,universe,US291011BN38,cusip6,291011,US291011BN38,1
EMR,universe,US291011BP85,cusip6,291011,EMERSON ELECTRIC CO,0
EMR,universe,US291011BQ68,cusip6,291011,EMR 2 21-DEC-28,0
EMR,universe,US291011BR42,cusip6,291011,EMR 2.2 21-DEC-31,0
EMR,universe,US291011BS25,cusip6,291011,EMR 2.8 21-DEC-51,0
EOG,universe,US26875PAN15,name_block,26875P,EOG RES INC 3.9% 01Apr2035,0
EOG,universe,US26875PAT84,name_block,26875P,EOG RESOURCES INC,0
EOG,universe,US26875PAU57,name_block,26875P,EOG RESOURCES INC,0
EQIX,universe,US29444UBD72,cusip6,29444U,US29444UBD72,1
EQIX,universe,US29444UBE55,cusip6,29444U,EQUINIX INC,0
EQIX,universe,US29444UBG04,cusip6,29444U,US29444UBG04,1
EQIX,universe,US29444UBH86,cusip6,29444U,EQUINIX INC,0
EQIX,universe,US29444UBJ43,cusip6,29444U,US29444UBJ43,1
EQIX,universe,US29444UBL98,cusip6,29444U,US29444UBL98,1
EQIX,universe,US29444UBM71,cusip6,29444U,US29444UBM71,1
EQIX,universe,US29444UBR68,cusip6,29444U,EQIX 2 15-MAY-28,0
EQIX,universe,US29444UBS42,cusip6,29444U,EQUINIX INC,0
EQIX,universe,US29444UBT25,cusip6,29444U,EQIX 3.4 15-FEB-52,0
EQIX,universe,US29444UBU97,cusip6,29444U,EQIX 3.9 15-APR-32,0
EQR,universe,US26884ABN28,name_only,26884A,EQR 1.85 01-AUG-31,0
EQT,universe,US26884LAF67,name_block,26884L,EQT CORP 3.9% 01Oct2027,0
EQT,universe,US26884LAG41,name_block,26884L,EQT 7% 1feb2030 USD,0
EQT,universe,US26884LAL36,name_block,26884L,US26884LAL36,1
EQT,universe,US26884LAN91,name_block,26884L,US26884LAN91,1
ES,universe,US30040WAE84,name_only,30040W,EVERSOURCE ENERGY 3.3% 15Jan2028,0
ES,universe,US30040WAF59,name_only,30040W,EVERSOURCE ENERGY 4.25% 01Apr2029,0
ES,universe,US30040WAH16,name_only,30040W,Eversource Energy 3.45% 15jan2050 USD,0
ESS,universe,US29717PAZ09,name_only,29717P,ESS 2.55 15-JUN-31,0
ETN,universe,US278058AW21,cusip6,278058,ETN 7.65 15-NOV-29,0
ETN,universe,US278058DB56,cusip6,278058,US278058DB56,1
ETN,universe,US278062AD69,name_block,278062,EATON CORP OHIO 4% 02Nov2032,0
ETN,universe,US278062AE43,name_block,278062,EATON CORP OHIO 4.15% 02Nov2042,0
ETN,universe,US278062AG90,name_block,278062,EATON CORP OHIO 3.103% 15Sep2027,0
ETN,universe,US278062AH73,name_block,278062,ETN 4.15 15-MAR-33,0
ETN,universe,US278062AJ30,name_block,278062,ETN 4.7 23-AUG-52,0
ETR,universe,US29364DAT72,name_block,29364D,ENTERGY ARK INC 4.95% 15Dec2044,0
ETR,universe,US29364DAV29,name_block,29364D,ENTERGY ARK INC 4% 01Jun2028,0
ETR,universe,US29364GAJ22,cusip6,29364G,ENTERGY CORP NEW 2.95% 01Sep2026,0
ETR,universe,US29364GAK94,cusip6,29364G,US29364GAK94,1
ETR,universe,US29364GAL77,cusip6,29364G,US29364GAL77,1
ETR,universe,US29364GAN34,cusip6,29364G,ETR 1.9 15-JUN-28,0
ETR,universe,US29364GAP81,cusip6,29364G,ETR 2.4 15-JUN-31,0
ETR,universe,US29364NAT54,name_block,29364N,ENTERGY MISS INC 2.85% 01Jun2028,0
ETR,universe,US29364NAU28,name_block,29364N,US29364NAU28,1
ETR,universe,US29364WAT53,name_block,29364W,US29364WAT53,1
ETR,universe,US29364WAV00,name_block,29364W,ENTERGY LA LLC 4.95% 15Jan2045,0
ETR,universe,US29364WAW82,name_block,29364W,ENTERGY LA LLC 3.25% 01Apr2028,0
ETR,universe,US29364WAX65,name_block,29364W,US29364WAX65,1
ETR,universe,US29364WAY49,name_block,29364W,ENTERGY LA LLC 2.4% 01Oct2026,0
ETR,universe,US29364WAZ14,name_block,29364W,ENTERGY LA LLC 3.12% 01Sep2027,0
ETR,universe,US29364WBA53,name_block,29364W,ENTERGY LA LLC 4% 15Mar2033,0
ETR,universe,US29364WBB37,name_block,29364W,ENTERGY LA LLC 4.2% 01Sep2048,0
ETR,universe,US29364WBC10,name_block,29364W,US29364WBC10,1
ETR,universe,US29364WBD92,name_block,29364W,US29364WBD92,1
ETR,universe,US29364WBE75,name_block,29364W,US29364WBE75,1
ETR,universe,US29364WBH07,name_block,29364W,ETR 2.35 15-JUN-32,0
ETR,universe,US29364WBJ62,name_block,29364W,ETR 3.1 15-JUN-41,0
ETR,universe,US29365TAF12,name_block,29365T,ENTERGY TEX INC 3.45% 01Dec2027,0
ETR,universe,US29365TAG94,name_block,29365T,ENTERGY TEX INC 4% 30Mar2029,0
ETR,universe,US29365TAH77,name_block,29365T,ENTERGY TEX INC 4.5% 30Mar2039,0
ETR,universe,US29365TAJ34,name_block,29365T,US29365TAJ34,1
ETR,universe,US29365TAK07,name_block,29365T,US29365TAK07,1
ETR,universe,US29365TAL89,name_block,29365T,ETR 1.5 01-SEP-26,0
ETR,universe,US29365TAM62,name_block,29365T,ETR 5 15-SEP-52,0
ETR,universe,US29366MAA62,name_block,29366M,US29366MAA62,1
ETR,universe,US29366MAB46,name_block,29366M,US29366MAB46,1
ETR,universe,US29366MAC29,name_block,29366M,ETR 3.35 15-JUN-52,0
ETR,universe,US29366MAD02,name_block,29366M,ETR 5.15 15-JAN-33,0
ETR,universe,US29366WAA45,name_block,29366W,US29366WAA45,1
ETR,universe,US29366WAB28,name_block,29366W,ETR 3.5 01-JUN-51,0
EVRG,universe,US30034WAB28,cusip6,30034W,EVERGY INC,0
EVRG,universe,US30036FAA93,name_block,30036F,US30036FAA93,1
EVRG,universe,US30036FAB76,name_block,30036F,EVRG 5.7 15-MAR-53,0
EVRG,universe,US30037FAA84,name_block,30037F,EVRG 5.15 15-DEC-27,0
EW,universe,US28176EAD04,cusip6,28176E,EDWARDS LIFESCIENCES CORP 4.3% 15Jun2028,0
EXC,universe,US048303CJ83,name_only,048303,EXC 2.3 15-MAR-31,0
EXC,universe,US059165EN63,name_only,059165,EXC 2.25 15-JUN-31,0
EXC,universe,US059165EP12,name_only,059165,EXC 4.55 01-JUN-52,0
EXC,universe,US202795JT82,name_only,202795,EXC 3.125 15-MAR-51,0
EXC,universe,US202795JU55,name_only,202795,EXC 2.75 01-SEP-51,0
EXC,universe,US202795JV39,name_only,202795,EXC 3.85 15-MAR-52,0
EXC,universe,US202795JW12,name_only,202795,EXC 3.15 15-MAR-32,0
EXC,universe,US202795JX94,name_only,202795,EXC 4.9 01-FEB-33,0
EXC,universe,US202795JY77,name_only,202795,EXC 5.3 01-FEB-53,0
EXC,universe,US30161MAG87,name_block,30161M,EXELON GENERATION CO LLC 6.25% 01Oct2039,0
EXC,universe,US30161MAJ27,name_block,30161M,EXELON GENERATION CO LLC 5.75% 01Oct2041,0
EXC,universe,US30161MAN39,name_block,30161M,EXELON GENERATION CO LLC 5.6% 15Jun2042,0
EXC,universe,US30161NAC56,cusip6,30161N,EXELON CORP 5.625% 15Jun2035,0
EXC,universe,US30161NAQ43,cusip6,30161N,EXELON CORP 4.95% 15Jun2035,0
EXC,universe,US30161NAS09,cusip6,30161N,EXELON CORP 5.1% 15Jun2045,0
EXC,universe,US30161NAV38,cusip6,30161N,EXELON CORP 4.45% 15Apr2046,0
EXC,universe,US30161NAX93,cusip6,30161N,EXELON CORPORATION,0
EXC,universe,US30161NAY76,cusip6,30161N,EXELON CORPORATION,0
EXC,universe,US30161NBE04,cusip6,30161N,EXC 3.35 15-MAR-32,0
EXC,universe,US30161NBH35,cusip6,30161N,EXC 4.1 15-MAR-52,0
EXC,universe,US30161NBJ90,cusip6,30161N,EXC 5.15 15-MAR-28,0
EXC,universe,US30161NBK63,cusip6,30161N,EXC 5.3 15-MAR-33,0
EXC,universe,US30161NBL47,cusip6,30161N,EXC 5.6 15-MAR-53,0
EXC,universe,US693304BA44,name_only,693304,EXC 3.05 15-MAR-51,0
EXC,universe,US693304BC00,name_only,693304,EXC 2.85 15-SEP-51,0
EXC,universe,US693304BE65,name_only,693304,EXC 4.375 15-AUG-52,0
EXPE,universe,US30212PAP09,cusip6,30212P,EXPEDIA GROUP INC 3.8% 15Feb2028,0
EXPE,universe,US30212PAR64,cusip6,30212P,EXPEDIA INC,0
EXPE,universe,US30212PBH73,cusip6,30212P,EXPEDIA GROUP INC,0
EXPE,universe,US30212PBK03,cusip6,30212P,Expedia Group Inc Aug 2027,0
EXR,universe,US30225VAF40,name_block,30225V,EXR 2.55 01-JUN-31,0
EXR,universe,US30225VAG23,name_block,30225V,EXR 2.35 15-MAR-32,0
EXR,universe,US30225VAH06,name_block,30225V,EXR 3.9 01-APR-29,0
F,universe,US345370BM12,cusip6,345370,FORD MTR CO DEL 7.75% 15Jun2043,0
F,universe,US345370BP43,cusip6,345370,FORD MTR CO DEL 7.5% 01Aug2026,0
F,universe,US345370BR09,cusip6,345370,FORD MTR CO DEL 7.4% 01Nov2046,0
F,universe,US345370BS81,cusip6,345370,FORD MTR CO DEL 7.7% 15May2097,0
F,universe,US345370BT64,cusip6,345370,FORD MTR CO DEL 6.625% 15Feb2028,0
F,universe,US345370BV11,cusip6,345370,FORD MTR CO DEL 8.9% 15Jan2032,0
F,universe,US345370BW93,cusip6,345370,FORD MTR CO DEL 9.98% 15Feb2047,0
F,universe,US345370BY59,cusip6,345370,FORD MTR CO DEL 6.625% 01Oct2028,0
F,universe,US345370BZ25,cusip6,345370,FORD MTR CO DEL 6.375% 01Feb2029,0
F,universe,US345370CA64,cusip6,345370,FORD MTR CO DEL 7.45% 16Jul2031,0
F,universe,US345370CQ17,cusip6,345370,FORD MTR CO DEL 4.75% 15Jan2043,0
F,universe,US345370CR99,cusip6,345370,Ford Motor Co. 4346% 16/26,0
F,universe,US345370CS72,cusip6,345370,FORD MTR CO DEL 5.291% 08Dec2046,0
F,universe,US345370CX67,cusip6,345370,Ford 9.625% 22apr2025 USD,0
F,universe,US345370DA55,cusip6,345370,US345370DA55,1
F,universe,US345370DB39,cusip6,345370,Ford Motor Co. 61% 22/32,0
F,universe,US345397A456,name_only,345397,Ford Motor Credit Company 4.271% 9jan2027 USD,0
F,universe,US345397ZR75,name_only,345397,Ford Motor Credit Company 5.113% 3may2029 USD,0
F,universe,US34540TNN80,name_only,34540T,Ford Motor Credit Company 3.4% 20sep2026,0
FANG,universe,US25278XAM11,cusip6,25278X,DIAMONDBACK ENERGY INC,0
FANG,universe,US25278XAN93,cusip6,25278X,DIAMONDBACK ENERGY INC,0
FANG,universe,US25278XAR08,cusip6,25278X,DIAMONDBACK ENERGY INC,0
FANG,universe,US25278XAV10,cusip6,25278X,FANG 6.25 15-MAR-33,0
FANG,universe,US25278XAW92,cusip6,25278X,FANG 6.25 15-MAR-53,0
FCX,universe,US35671DBC83,cusip6,35671D,Freeport-McMoRan 5.45% 15mar2043 USD,0
FCX,universe,US35671DBJ37,cusip6,35671D,Freeport-McMoRan 5.4% 14nov2034 USD,0
FCX,universe,US35671DCC74,cusip6,35671D,Freeport-McMoRan 5% 1sep2027 USD,0
FCX,universe,US35671DCD57,cusip6,35671D,FREEPORT-MCMORAN INC 5.25% 01Sep2029,0
FCX,universe,US35671DCE31,cusip6,35671D,Freeport-McMoRan 4.125% 1mar2028 USD,0
FCX,universe,US35671DCF06,cusip6,35671D,Freeport-McMoRan 4.25% 1mar2030 USD,0
FCX,universe,US35671DCG88,cusip6,35671D,FREEPORT-MCMORAN INC 4.375% 01Aug2028,0
FCX,universe,US35671DCH61,cusip6,35671D,FREEPORT-MCMORAN INC 4.625% 01Aug2030,0
FCX,universe,US717265AJ16,name_block,717265,FCX 7.125 01-NOV-27,0
FCX,universe,US717265AL61,name_block,717265,US717265AL61,1
FCX,universe,US717265AM45,name_block,717265,US717265AM45,1
FDS,universe,US303075AA30,cusip6,303075,FDS 2.9 01-MAR-27,0
FDS,universe,US303075AB13,cusip6,303075,FDS 3.45 01-MAR-32,0
FDX,universe,US31428XAT37,name_block,31428X,FEDEX CORP 3.875% 01Aug2042,0
FDX,universe,US31428XAU00,name_block,31428X,FEDEX CORP 4.1% 15Apr2043,0
FDX,universe,US31428XAW65,name_block,31428X,FEDEX CORP 5.1% 15Jan2044,0
FDX,universe,US31428XAX49,name_block,31428X,FEDEX CORP 4.9% 15Jan2034,0
FDX,universe,US31428XBA37,name_block,31428X,FEDEX CORP 3.9% 01Feb2035,0
FDX,universe,US31428XBB10,name_block,31428X,FEDEX CORP 4.1% 01Feb2045,0
FDX,universe,US31428XBD75,name_block,31428X,FEDEX CORP 4.5% 01Feb2065,0
FDX,universe,US31428XBE58,name_block,31428X,FEDEX CORP 4.75% 15Nov2045,0
FDX,universe,US31428XBG07,name_block,31428X,FEDEX CORP 4.55% 01Apr2046,0
FDX,universe,US31428XBN57,name_block,31428X,FEDEX CORP 4.4% 15Jan2047,0
FDX,universe,US31428XBP06,name_block,31428X,FEDEX CORP 3.4% 15Feb2028,0
FDX,universe,US31428XBQ88,name_block,31428X,FEDEX CORP 4.05% 15Feb2048,0
FDX,universe,US31428XBR61,name_block,31428X,FEDEX CORP 4.2% 17Oct2028,0
FDX,universe,US31428XBS45,name_block,31428X,FEDEX CORP 4.95% 17Oct2048,0
FDX,universe,US31428XBV73,name_block,31428X,FedEx Corp 3.1% Aug 2029,0
FDX,universe,US31428XBZ87,name_block,31428X,FEDEX CORP,0
FDX,universe,US31428XCA28,name_block,31428X,FEDEX CORP,0
FDX,universe,US31428XCD66,name_block,31428X,FEDEX CORP,0
FDX,universe,US31428XCE40,name_block,31428X,FEDEX CORP,0
FDX,universe,US314353AA14,name_block,314353,FDX 1.875 20-FEB-34,0
FE,universe,US337932AH00,cusip6,337932,FIRSTENERGY CORP 3.9% 15Jul2027,0
FE,universe,US337932AJ65,cusip6,337932,US337932AJ65,1
FE,universe,US337932AL12,cusip6,337932,US337932AL12,1
FE,universe,US337932AM94,cusip6,337932,US337932AM94,1
FE,universe,US337932AP26,cusip6,337932,US337932AP26,1
FE,universe,US677347CE41,name_block,677347,OHIO EDISON CO 6.875% 15Jul2036,0
FE,universe,US677347CF16,name_block,677347,US677347CF16,1
FICO,universe,US303250AF16,cusip6,303250,Fair Isaac 4% 15jun2028 USD,0
FIS,universe,US31620MBW55,name_only,31620M,FIS 4.7 15-JUL-27,0
FIS,universe,US31620MBY12,name_only,31620M,FIS 5.1 15-JUL-32,0
FISV,universe,US337738AR95,name_block,337738,FISERV INC 4.2% 01Oct2028,0
FISV,universe,US337738AU25,name_block,337738,Fiserv 3.5% 1jul2029 USD,0
FISV,universe,US337738AV08,name_block,337738,Fiserv 4.4% 1jul2049 USD,0
FISV,universe,US337738BB35,name_block,337738,FISERV INC,0
FISV,universe,US337738BC18,name_block,337738,FISERV INC,0
FISV,universe,US337738BD90,name_block,337738,FISV 5.45 02-MAR-28,0
FISV,universe,US337738BE73,name_block,337738,FISV 5.6 02-MAR-33,0
FITB,universe,US316773CH12,cusip6,316773,FIFTH THIRD BANCORP 8.25% 01Mar2038,0
FITB,universe,US316773CM07,cusip6,316773,FITB 5.1,0
FITB,universe,US316773CR93,cusip6,316773,FITB 7.88286,0
FITB,universe,US316773CV06,cusip6,316773,FIFTH THIRD BANCORP 3.95% 14Mar2028,0
FITB,universe,US316773DA59,cusip6,316773,FIFTH THIRD BANCORP,0
FITB,universe,US316773DD98,cusip6,316773,FITB 1.707 01-NOV-27,0
FITB,universe,US316773DE71,cusip6,316773,FITB 4.055 25-APR-28,0
FITB,universe,US316773DF47,cusip6,316773,FITB 4.337 25-APR-33,0
FITB,universe,US316773DG20,cusip6,316773,FITB 4.772 28-JUL-30,0
FITB,universe,US316773DJ68,cusip6,316773,FITB 6.361 27-OCT-28,0
FLEX,universe,US33938XAA37,name_block,33938X,US33938XAA37,1
FLEX,universe,US33938XAB10,name_block,33938X,US33938XAB10,1
FLEX,universe,US33938XAE58,name_block,33938X,FLEX 6 15-JAN-28,0
FOX,universe,US35137LAH87,cusip6,35137L,FOX CORP,0
FOX,universe,US35137LAJ44,cusip6,35137L,FOX CORP,0
FOX,universe,US35137LAK17,cusip6,35137L,FOX CORP,0
FOX,universe,US35137LAL99,cusip6,35137L,US35137LAL99,1
FOXA,universe,US35137LAH87,cusip6,35137L,FOX CORP,0
FOXA,universe,US35137LAJ44,cusip6,35137L,FOX CORP,0
FOXA,universe,US35137LAK17,cusip6,35137L,FOX CORP,0
FOXA,universe,US35137LAL99,cusip6,35137L,US35137LAL99,1
FRT,universe,US313747AV99,cusip6,313747,FEDERAL RLTY INVT TR 4.5% 01Dec2044,0
FRT,universe,US313747AY39,cusip6,313747,FEDERAL RLTY INVT TR 3.25% 15Jul2027,0
FRT,universe,US313747AZ04,cusip6,313747,US313747AZ04,1
FRT,universe,US313747BA44,cusip6,313747,US313747BA44,1
FTNT,universe,US34959EAB56,cusip6,34959E,FTNT 2.2 15-MAR-31,0
FTV,universe,US34959JAH14,cusip6,34959J,FORTIVE CORP 4.3% 15Jun2046,0
GD,universe,US369550AX61,cusip6,369550,GENERAL DYNAMICS CORP 2.125% 15Aug2026,0
GD,universe,US369550AZ10,cusip6,369550,GENERAL DYNAMICS CORP 2.625% 15Nov2027,0
GD,universe,US369550BC16,cusip6,369550,GENERAL DYNAMICS CORP 3.75% 15May2028,0
GD,universe,US369550BH03,cusip6,369550,GENERAL DYNAMICS CORPORATION,0
GD,universe,US369550BJ68,cusip6,369550,GENERAL DYNAMICS CORPORATION,0
GD,universe,US369550BL15,cusip6,369550,GENERAL DYNAMICS CORPORATION,0
GD,universe,US369550BM97,cusip6,369550,GENERAL DYNAMICS CORPORATION,0
GD,universe,US369550BQ02,cusip6,369550,GD 2.85 01-JUN-41,0
GE,universe,US369604BF92,cusip6,369604,GENERAL ELEC CO 4.125% 09Oct2042,0
GE,universe,US369604BH58,cusip6,369604,GENERAL ELEC CO 4.5% 11Mar2044,0
GE,universe,US369604BV43,cusip6,369604,GENERAL ELECTRIC CO,0
GE,universe,US369604BW26,cusip6,369604,GENERAL ELECTRIC CO,0
GE,universe,US369604BY81,cusip6,369604,GENERAL ELECTRIC CO,0
GEN,universe,US668771AK49,cusip6,668771,GEN 6.75 30-SEP-27,0
GEN,universe,US668771AL22,cusip6,668771,GEN 7.125 30-SEP-30,0
GILD,universe,US375558AS26,cusip6,375558,GILEAD SCIENCES INC 5.65% 01Dec2041,0
GILD,universe,US375558AX11,cusip6,375558,GILEAD SCIENCES INC 4.8% 01Apr2044,0
GILD,universe,US375558BA09,cusip6,375558,GILEAD SCIENCES INC 4.5% 01Feb2045,0
GILD,universe,US375558BD48,cusip6,375558,GILEAD SCIENCES INC 4.75% 01Mar2046,0
GILD,universe,US375558BG78,cusip6,375558,GILEAD SCIENCES INC 4.6% 01Sep2035,0
GILD,universe,US375558BJ18,cusip6,375558,GILEAD SCIENCES INC 4% 01Sep2036,0
GILD,universe,US375558BK80,cusip6,375558,GILEAD SCIENCES INC 4.15% 01Mar2047,0
GILD,universe,US375558BM47,cusip6,375558,GILEAD SCIENCES INC 2.95% 01Mar2027,0
GILD,universe,US375558BS17,cusip6,375558,GILEAD SCIENCES INC,0
GILD,universe,US375558BT99,cusip6,375558,GILEAD SCIENCES INC,0
GILD,universe,US375558BX02,cusip6,375558,GILEAD SCIENCES INC,0
GILD,universe,US375558BY84,cusip6,375558,GILEAD SCIENCES INC,0
GIS,universe,US370334BJ28,cusip6,370334,GENERAL MLS INC 5.4% 15Jun2040,0
GIS,universe,US370334CG79,cusip6,370334,GENERAL MLS INC 4.2% 17Apr2028,0
GIS,universe,US370334CH52,cusip6,370334,GENERAL MLS INC 4.55% 17Apr2038,0
GIS,universe,US370334CL64,cusip6,370334,GENERAL MILLS INC,0
GIS,universe,US370334CP78,cusip6,370334,GIS 3 01-FEB-51,0
GIS,universe,US370334CQ51,cusip6,370334,GIS 2.25 14-OCT-31,0
GL,universe,US37959EAA01,cusip6,37959E,US37959EAA01,1
GL,universe,US37959EAB83,cusip6,37959E,GL 4.8 15-JUN-32,0
GLW,universe,US219350AH86,name_block,219350,US219350AH86,1
GLW,universe,US219350AR68,name_block,219350,CORNING INC 7.25% 15Aug2036,0
GLW,universe,US219350AV70,name_block,219350,CORNING INC 5.75% 15Aug2040,0
GLW,universe,US219350AW53,name_block,219350,US219350AW53,1
GLW,universe,US219350BF12,name_block,219350,CORNING INC 4.375% 15Nov2057,0
GLW,universe,US219350BK07,name_block,219350,CORNING INC 5.35% 15Nov2048,0
GLW,universe,US219350BL89,name_block,219350,CORNING INC 5.85% 15Nov2068,0
GLW,universe,US219350BP93,name_block,219350,US219350BP93,1
GLW,universe,US219350BQ76,name_block,219350,CORNING INC,0
GM,universe,US37045VAF76,cusip6,37045V,GENERAL MTRS CO 6.25% 02Oct2043,0
GM,universe,US37045VAH33,cusip6,37045V,GENERAL MTRS CO 5% 01Apr2035,0
GM,universe,US37045VAJ98,cusip6,37045V,GENERAL MTRS CO 5.2% 01Apr2045,0
GM,universe,US37045VAK61,cusip6,37045V,GENERAL MTRS CO 6.6% 01Apr2036,0
GM,universe,US37045VAL45,cusip6,37045V,GENERAL MTRS CO 6.75% 01Apr2046,0
GM,universe,US37045VAN01,cusip6,37045V,GENERAL MTRS CO 4.2% 01Oct2027,0
GM,universe,US37045VAP58,cusip6,37045V,GENERAL MTRS CO 5.15% 01Apr2038,0
GM,universe,US37045VAQ32,cusip6,37045V,GENERAL MTRS CO 5.4% 01Apr2048,0
GM,universe,US37045VAS97,cusip6,37045V,GENERAL MTRS CO 5% 01Oct2028,0
GM,universe,US37045VAT70,cusip6,37045V,GENERAL MTRS CO 5.95% 01Apr2049,0
GM,universe,US37045VAU44,cusip6,37045V,General Motors 6.8% 1oct2027 USD,0
GM,universe,US37045VAY65,cusip6,37045V,GM 5.4 15-OCT-29,0
GM,universe,US37045VAZ31,cusip6,37045V,GM 5.6 15-OCT-32,0
GM,universe,US37045XCY04,name_only,37045X,GENERAL MOTORS FINANCIAL CO INC,0
GM,universe,US37045XDA19,name_only,37045X,GENERAL MOTORS FINANCIAL CO INC,0
GM,universe,US37045XDE31,name_only,37045X,GENERAL MOTORS FINANCIAL CO INC,0
GM,universe,US37045XDH61,name_only,37045X,GENERAL MOTORS FINANCIAL CO INC,0
GM,universe,US37045XDL73,name_only,37045X,GENERAL MOTORS FINANCIAL CO INC,0
GM,universe,US37045XDW39,name_only,37045X,General Motors Financial Co. Inc. 5% 22/27,0
GOOG,universe,US02079KAC18,cusip6,02079K,ALPHABET INC 1.998% 15Aug2026,0
GOOG,universe,US02079KAD90,cusip6,02079K,ALPHABET INC,0
GOOG,universe,US02079KAE73,cusip6,02079K,ALPHABET INC,0
GOOG,universe,US02079KAF49,cusip6,02079K,ALPHABET INC,0
GOOG,universe,US02079KAG22,cusip6,02079K,ALPHABET INC,0
GOOG,universe,US02079KAJ60,cusip6,02079K,ALPHABET INC,0
GOOGL,universe,US02079KAC18,name_block,02079K,ALPHABET INC 1.998% 15Aug2026,0
GOOGL,universe,US02079KAD90,name_block,02079K,ALPHABET INC,0
GOOGL,universe,US02079KAE73,name_block,02079K,ALPHABET INC,0
GOOGL,universe,US02079KAF49,name_block,02079K,ALPHABET INC,0
GOOGL,universe,US02079KAG22,name_block,02079K,ALPHABET INC,0
GOOGL,universe,US02079KAJ60,name_block,02079K,ALPHABET INC,0
GPC,universe,US372460AA38,cusip6,372460,US372460AA38,1
GPC,universe,US372460AC93,cusip6,372460,GPC 2.75 01-FEB-32,0
GPN,universe,US37940XAB82,cusip6,37940X,Global Payments 3.2% 15aug2029 USD,0
GPN,universe,US37940XAC65,cusip6,37940X,Global Payments 4.15% 15aug2049 USD,0
GPN,universe,US37940XAD49,cusip6,37940X,GLOBAL PAYMENTS INC,0
GPN,universe,US37940XAG79,cusip6,37940X,GPN 2.15 15-JAN-27,0
GPN,universe,US37940XAH52,cusip6,37940X,GPN 2.9 15-NOV-31,0
GPN,universe,US37940XAN21,cusip6,37940X,GPN 5.3 15-AUG-29,0
GPN,universe,US37940XAP78,cusip6,37940X,GPN 4.95 15-AUG-27,0
GPN,universe,US37940XAQ51,cusip6,37940X,GPN 5.4 15-AUG-32,0
GPN,universe,US37940XAR35,cusip6,37940X,GPN 5.95 15-AUG-52,0
GS,universe,US38141E2B48,name_block,38141E,GOLDMAN SACHS GROUP INC MEDIUM TERM NTS 5.5% 15May2037,0
GS,universe,US38141E2E86,name_block,38141E,GOLDMAN SACHS GROUP INC MEDIUM TERM NTS 5.75% 15May2039,0
GS,universe,US38141E2H18,name_block,38141E,GOLDMAN SACHS GROUP INC MEDIUM TERM NTS 5.25% 15Dec2032,0
GS,universe,US38141E2S72,name_block,38141E,US38141E2S72,1
GS,universe,US38141E2V02,name_block,38141E,GOLDMAN SACHS GROUP INC MEDIUM TERM NTS 5.5% 15Feb2031,0
GS,universe,US38141E2Y41,name_block,38141E,GOLDMAN SACHS GROUP INC MEDIUM TERM NTS 5.75% 15Feb2037,0
GS,universe,US38141E3B39,name_block,38141E,GOLDMAN SACHS GROUP INC MEDIUM TERM NTS 5.75% 15Feb2038,0
GS,universe,US38141E3S63,name_block,38141E,GOLDMAN SACHS GROUP INC MEDIUM TERM NTS 5% 15Nov2030,0
GS,universe,US38141E3V92,name_block,38141E,GOLDMAN SACHS GROUP INC MEDIUM TERM NTS 5.25% 15Nov2033,0
GS,universe,US38141E3Y32,name_block,38141E,GOLDMAN SACHS GROUP INC MEDIUM TERM NTS 5.5% 15Nov2037,0
GS,universe,US38141EC311,name_block,38141E,GOLDMAN SACHS GROUP INC MEDIUM TERM NTS 4.8% 08Jul2044,0
GS,universe,US38141ED483,name_block,38141E,GOLDMAN SACHS GROUP INC MEDIUM TERM NTS 5.5% 15Jun2030,0
GS,universe,US38141ED897,name_block,38141E,GOLDMAN SACHS GROUP INC MEDIUM TERM NTS 5.25% 15Jun2033,0
GS,universe,US38141EE473,name_block,38141E,GOLDMAN SACHS GROUP INC MEDIUM TERM NTS 5% 15Aug2037,0
GS,universe,US38141EE887,name_block,38141E,GOLDMAN SACHS GROUP INC MEDIUM TERM NTS 4.75% 15Aug2033,0
GS,universe,US38141EF462,name_block,38141E,GOLDMAN SACHS GROUP INC MEDIUM TERM NTS 4.75% 15Aug2033,0
GS,universe,US38141EF876,name_block,38141E,GOLDMAN SACHS GROUP INC MEDIUM TERM NTS 4.5% 15Aug2027,0
GS,universe,US38141EG452,name_block,38141E,GOLDMAN SACHS GROUP INC MEDIUM TERM NTS 5% 15Aug2042,0
GS,universe,US38141EG866,name_block,38141E,GOLDMAN SACHS GROUP INC MEDIUM TERM NTS 4.75% 15Sep2037,0
GS,universe,US38141EH443,name_block,38141E,US38141EH443,1
GS,universe,US38141EH856,name_block,38141E,US38141EH856,1
GS,universe,US38141EJ670,name_block,38141E,GOLDMAN SACHS GROUP INC MEDIUM TERM NTS 4.3% 15Nov2032,0
GS,universe,US38141EK249,name_block,38141E,GOLDMAN SACHS GROUP INC MEDIUM TERM NTS 4.25% 15Nov2032,0
GS,universe,US38141EM484,name_block,38141E,GOLDMAN SACHS GROUP INC MEDIUM TERM NTS 5.35% 15Feb2032,0
GS,universe,US38141EM716,name_block,38141E,GOLDMAN SACHS GROUP INC MEDIUM TERM NTS 5.5% 15Mar2032,0
GS,universe,US38141EN219,name_block,38141E,GOLDMAN SACHS GROUP INC MEDIUM TERM NTS 5.5% 15Mar2032,0
GS,universe,US38141EN474,name_block,38141E,US38141EN474,1
GS,universe,US38141EP297,name_block,38141E,US38141EP297,1
GS,universe,US38141EP529,name_block,38141E,GOLDMAN SACHS GROUP INC MEDIUM TERM NTS 5.75% 15May2036,0
GS,universe,US38141EP867,name_block,38141E,GOLDMAN SACHS GROUP INC MEDIUM TERM NTS 5.5% 15May2037,0
GS,universe,US38141EQ931,name_block,38141E,GOLDMAN SACHS GROUP INC MEDIUM TERM NTS 5.85% 15Jun2032,0
GS,universe,US38141ES671,name_block,38141E,GOLDMAN SACHS GROUP INC MEDIUM TERM NTS 5.75% 15Nov2031,0
GS,universe,US38141ET828,name_block,38141E,GOLDMAN SACHS GROUP INC MEDIUM TERM NTS 5.25% 15Sep2026,0
GS,universe,US38141ET901,name_block,38141E,GOLDMAN SACHS GROUP INC MEDIUM TERM NTS 6% 15Sep2041,0
GS,universe,US38141EU495,name_block,38141E,GOLDMAN SACHS GROUP INC MEDIUM TERM NTS 5.75% 15Sep2041,0
GS,universe,US38141EU560,name_block,38141E,GOLDMAN SACHS GROUP INC MEDIUM TERM NTS 5.5% 15Sep2036,0
GS,universe,US38141EV634,name_block,38141E,GOLDMAN SACHS GROUP INC MEDIUM TERM NTS 5.5% 15Aug2040,0
GS,universe,US38141EV972,name_block,38141E,GOLDMAN SACHS GROUP INC MEDIUM TERM NTS 5.75% 15Aug2041,0
GS,universe,US38141EW475,name_block,38141E,GOLDMAN SACHS GROUP INC MEDIUM TERM NTS 5.75% 15Jul2041,0
GS,universe,US38141EW624,name_block,38141E,GOLDMAN SACHS GROUP INC MEDIUM TERM NTS 5.75% 15Jun2041,0
GS,universe,US38141EW962,name_block,38141E,GOLDMAN SACHS GROUP INC MEDIUM TERM NTS 5.75% 15Jun2040,0
GS,universe,US38141EX465,name_block,38141E,GOLDMAN SACHS GROUP INC MEDIUM TERM NTS 5.5% 15Jun2035,0
GS,universe,US38141EX796,name_block,38141E,GOLDMAN SACHS GROUP INC MEDIUM TERM NTS 5.85% 15Jun2041,0
GS,universe,US38141EX952,name_block,38141E,GOLDMAN SACHS GROUP INC MEDIUM TERM NTS 6% 15Mar2041,0
GS,universe,US38141EY786,name_block,38141E,GOLDMAN SACHS GROUP INC MEDIUM TERM NTS 6% 15Mar2041,0
GS,universe,US38141EZ288,name_block,38141E,GOLDMAN SACHS GROUP INC MEDIUM TERM NTS 6% 15Mar2041,0
GS,universe,US38141EZ510,name_block,38141E,GOLDMAN SACHS GROUP INC MEDIUM TERM NTS 5.75% 15May2041,0
GS,universe,US38141GB375,cusip6,38141G,US38141GB375,1
GS,universe,US38141GCU67,cusip6,38141G,GOLDMAN SACHS GROUP INC 6.125% 15Feb2033,0
GS,universe,US38141GES93,cusip6,38141G,GOLDMAN SACHS GROUP INC 5.95% 15Jan2027,0
GS,universe,US38141GGM06,cusip6,38141G,GOLDMAN SACHS GROUP INC 6.25% 01Feb2041,0
GS,universe,US38141GPU21,cusip6,38141G,US38141GPU21,1
GS,universe,US38141GVS01,cusip6,38141G,GOLDMAN SACHS GROUP INC 4.75% 21Oct2045,0
GS,universe,US38141GVX95,cusip6,38141G,Goldman Sachs FRN 28oct2027 USD,0
GS,universe,US38141GWB66,cusip6,38141G,GOLDMAN SACHS GROUP INC 3.85% 26Jan2027,0
GS,universe,US38141GWL49,cusip6,38141G,US38141GWL49,1
GS,universe,US38141GWV21,cusip6,38141G,GOLDMAN SACHS GROUP INC 3.814% 23Apr2029,0
GS,universe,US38141GXA74,cusip6,38141G,US38141GXA74,1
GS,universe,US38141GXG45,cusip6,38141G,GOLDMAN SACHS GROUP INC/THE,0
GS,universe,US38141GXH28,cusip6,38141G,GOLDMAN SACHS GROUP INC/THE,0
GS,universe,US38141GXR00,cusip6,38141G,GOLDMAN SACHS GROUP INC/THE,0
GS,universe,US38141GYB49,cusip6,38141G,GOLDMAN SACHS GROUP INC/THE,0
GS,universe,US38141GYC22,cusip6,38141G,GOLDMAN SACHS GROUP INC/THE,0
GS,universe,US38141GYG36,cusip6,38141G,GOLDMAN SACHS GROUP INC/THE,0
GS,universe,US38141GYH19,cusip6,38141G,US38141GYH19,1
GS,universe,US38141GYJ74,cusip6,38141G,GOLDMAN SACHS GROUP INC/THE,0
GS,universe,US38141GYK48,cusip6,38141G,GOLDMAN SACHS GROUP INC/THE,0
GS,universe,US38141GYM04,cusip6,38141G,GS 1.948 21-OCT-27,0
GS,universe,US38141GYN86,cusip6,38141G,GS 2.65 21-OCT-32,0
GS,universe,US38141GYR90,cusip6,38141G,GS 5.456653 21-OCT-27,0
GS,universe,US38141GYU20,cusip6,38141G,GS 4.125,0
GS,universe,US38141GZK39,cusip6,38141G,GS 2.64 24-FEB-28,0
GS,universe,US38141GZL12,cusip6,38141G,GS 5.695141 24-FEB-28,0
GS,universe,US38141GZM94,cusip6,38141G,GS 3.102 24-FEB-33,0
GS,universe,US38141GZN77,cusip6,38141G,GS 3.436 24-FEB-43,0
GS,universe,US38141GZR81,cusip6,38141G,GS 3.615 15-MAR-28,0
GS,universe,US38141GZS64,cusip6,38141G,GS 6.273259 15-MAR-28,0
GS,universe,US38141GZU11,cusip6,38141G,US38141GZU11,1
GS,universe,US38143C4L28,name_block,38143C,GOLDMAN SACHS GROUP INC MEDIUM TERM NTS 4.4% 15Jul2045,0
GS,universe,US38143C4S70,name_block,38143C,US38143C4S70,1
GS,universe,US38143CAD39,name_block,38143C,GOLDMAN SACHS GROUP INC MEDIUM TERM NTS 4.25% 15Nov2032,0
GS,universe,US38143CAH43,name_block,38143C,US38143CAH43,1
GS,universe,US38143CAM38,name_block,38143C,GOLDMAN SACHS GROUP INC MEDIUM TERM NTS 4.3% 15Dec2037,0
GS,universe,US38143CAR25,name_block,38143C,GOLDMAN SACHS GROUP INC MEDIUM TERM NTS 4.25% 15Dec2037,0
GS,universe,US38143CAV37,name_block,38143C,GOLDMAN SACHS GROUP INC MEDIUM TERM NTS 4.25% 15Dec2034,0
GS,universe,US38143CBE03,name_block,38143C,GOLDMAN SACHS GROUP INC MEDIUM TERM NTS 4.3% 15Feb2038,0
GS,universe,US38143CBJ99,name_block,38143C,GOLDMAN SACHS GROUP INC MEDIUM TERM NTS 4.25% 15Feb2038,0
GS,universe,US38143CBR16,name_block,38143C,GOLDMAN SACHS GROUP INC MEDIUM TERM NTS 4.05% 15Mar2032,0
GS,universe,US38143CBW01,name_block,38143C,GOLDMAN SACHS GROUP INC MEDIUM TERM NTS 4.3% 15Mar2038,0
GS,universe,US38143CCE93,name_block,38143C,GOLDMAN SACHS GROUP INC MEDIUM TERM NTS 4% 15May2033,0
GS,universe,US38143CCK53,name_block,38143C,GOLDMAN SACHS GROUP INC MEDIUM TERM NTS 4% 15May2033,0
GS,universe,US38143CCN92,name_block,38143C,US38143CCN92,1
GS,universe,US38143CDC29,name_block,38143C,US38143CDC29,1
GS,universe,US38143CDL28,name_block,38143C,GOLDMAN SACHS GROUP INC MEDIUM TERM NTS 5.15% 15Jul2038,0
GS,universe,US38143CDP32,name_block,38143C,GOLDMAN SACHS GROUP INC MEDIUM TERM NTS 4.7% 15Aug2039,0
GS,universe,US38143CDX65,name_block,38143C,GOLDMAN SACHS GROUP INC MEDIUM TERM NTS 5% 15Aug2033,0
GS,universe,US38143CEA53,name_block,38143C,GOLDMAN SACHS GROUP INC MEDIUM TERM NTS 5% 15Sep2033,0
GS,universe,US38143CEC10,name_block,38143C,US38143CEC10,1
GS,universe,US38143CEE75,name_block,38143C,US38143CEE75,1
GS,universe,US38143CEM91,name_block,38143C,GOLDMAN SACHS GROUP INC MEDIUM TERM NTS 4.5% 15Nov2033,0
GS,universe,US38143CFW64,name_block,38143C,GOLDMAN SACHS GROUP INC MEDIUM TERM NTS 4.35% 15Apr2034,0
GS,universe,US38143VAA70,name_block,38143V,Goldman Sachs 6.345% 15feb2034 USD,0
GS,universe,US38143YAC75,name_block,38143Y,GOLDMAN SACHS GROUP INC FOR FUTURE EQUIT 6.45% 01May2036,0
GS,universe,US38145GAH39,name_block,38145G,GOLDMAN SACHS GROUP INC 3.5% 16Nov2026,0
GS,universe,US38148LAF31,name_block,38148L,GOLDMAN SACHS GROUP INC 5.15% 22May2045,0
GWW,universe,US384802AB05,cusip6,384802,GRAINGER W W INC 4.6% 15Jun2045,0
GWW,universe,US384802AC87,cusip6,384802,GRAINGER W W INC 3.75% 15May2046,0
GWW,universe,US384802AD60,cusip6,384802,GRAINGER W W INC 4.2% 15May2047,0
HAL,universe,US406216AW19,cusip6,406216,HALLIBURTON CO 6.7% 15Sep2038,0
HAL,universe,US406216AY74,cusip6,406216,HALLIBURTON CO 7.45% 15Sep2039,0
HAL,universe,US406216BA89,cusip6,406216,HALLIBURTON CO 4.5% 15Nov2041,0
HAL,universe,US406216BE02,cusip6,406216,HALLIBURTON CO 4.75% 01Aug2043,0
HAL,universe,US406216BJ98,cusip6,406216,HALLIBURTON CO 4.85% 15Nov2035,0
HAL,universe,US406216BK61,cusip6,406216,HALLIBURTON CO 5% 15Nov2045,0
HAL,universe,US406216BL45,cusip6,406216,HALLIBURTON COMPANY,0
HAS,universe,US418056AH08,cusip6,418056,HASBRO INC 6.6% 15Jul2028,0
HAS,universe,US418056AS62,cusip6,418056,HASBRO INC 6.35% 15Mar2040,0
HAS,universe,US418056AU19,cusip6,418056,HASBRO INC 5.1% 15May2044,0
HAS,universe,US418056AV91,cusip6,418056,HASBRO INC 3.5% 15Sep2027,0
HAS,universe,US418056AY31,cusip6,418056,US418056AY31,1
HAS,universe,US418056AZ06,cusip6,418056,HASBRO INC,0
HBAN,universe,US446150AS35,cusip6,446150,HUNTINGTON BANCSHARES INC,0
HBAN,universe,US446150AT18,cusip6,446150,HBAN 5.625,0
HBAN,universe,US446150AV63,cusip6,446150,HBAN 4.45,0
HBAN,universe,US446150AX20,cusip6,446150,HBAN 2.487 15-AUG-36,0
HBAN,universe,US446150BB90,cusip6,446150,US446150BB90,1
HBAN,universe,US44644MAF86,name_block,44644M,HBAN 4.552 17-MAY-28,0
HBAN,universe,US44644MAJ09,name_block,44644M,HBAN 5.65 10-JAN-30,0
HCA,universe,US197677AH07,name_block,197677,HCA 7.5% 15nov2095 USD,0
HCA,universe,US197677AJ62,name_block,197677,HCA 7.05% 1dec2027 USD,0
HCA,universe,US404119AJ84,name_block,404119,HCA 7.5% 6nov2033 USD,0
HCA,universe,US404119BU21,name_block,404119,HCA INC 4.5% 15Feb2027,0
HCA,universe,US404119BV04,name_block,404119,HCA INC 5.5% 15Jun2047,0
HCA,universe,US404119BW86,name_block,404119,HCA 5.875% 1feb2029 USD,0
HCA,universe,US404119BX69,name_block,404119,HCA INC,0
HCA,universe,US404119BY43,name_block,404119,HCA 5.125% 15jun2039 USD,0
HCA,universe,US404119BZ18,name_block,404119,HCA 5.25% 15jun2049 USD,0
HCA,universe,US404119CA57,name_block,404119,HCA 3.5% 1sep2030 USD,0
HCA,universe,US404119CB31,name_block,404119,HCA INC,0
HCA,universe,US404119CC14,name_block,404119,HCA INC,0
HCA,universe,US404121AJ49,name_block,404121,HCA 5.625% 1sep2028 USD,0
HD,universe,US437076AS19,cusip6,437076,HOME DEPOT INC 5.875% 16Dec2036,0
HD,universe,US437076AU64,cusip6,437076,HOME DEPOT INC 5.4% 15Sep2040,0
HD,universe,US437076AV48,cusip6,437076,HOME DEPOT INC 5.95% 01Apr2041,0
HD,universe,US437076BA91,cusip6,437076,HOME DEPOT INC 4.2% 01Apr2043,0
HD,universe,US437076BD31,cusip6,437076,HOME DEPOT INC 4.875% 15Feb2044,0
HD,universe,US437076BF88,cusip6,437076,HOME DEPOT INC 4.4% 15Mar2045,0
HD,universe,US437076BH45,cusip6,437076,HOME DEPOT INC 4.25% 01Apr2046,0
HD,universe,US437076BN13,cusip6,437076,HOME DEPOT INC 2.125% 15Sep2026,0
HD,universe,US437076BP60,cusip6,437076,HOME DEPOT INC 3.5% 15Sep2056,0
HD,universe,US437076BS00,cusip6,437076,HOME DEPOT INC 3.9% 15Jun2047,0
HD,universe,US437076BT82,cusip6,437076,HOME DEPOT INC 2.8% 14Sep2027,0
HD,universe,US437076BW12,cusip6,437076,HOME DEPOT INC 3.9% 06Dec2028,0
HD,universe,US437076BX94,cusip6,437076,HOME DEPOT INC 4.5% 06Dec2048,0
HD,universe,US437076BY77,cusip6,437076,HOME DEPOT INC,0
HD,universe,US437076BZ43,cusip6,437076,HOME DEPOT INC,0
HD,universe,US437076CA82,cusip6,437076,HOME DEPOT INC,0
HD,universe,US437076CB65,cusip6,437076,HOME DEPOT INC,0
HD,universe,US437076CC49,cusip6,437076,HOME DEPOT INC,0
HD,universe,US437076CD22,cusip6,437076,HOME DEPOT INC,0
HD,universe,US437076CE05,cusip6,437076,HD .9 15-MAR-28,0
HD,universe,US437076CF79,cusip6,437076,HOME DEPOT INC,0
HD,universe,US437076CG52,cusip6,437076,HOME DEPOT INC,0
HD,universe,US437076CH36,cusip6,437076,HD 1.5 15-SEP-28,0
HD,universe,US437076CJ91,cusip6,437076,HD 1.875 15-SEP-31,0
HD,universe,US437076CK64,cusip6,437076,HD 2.75 15-SEP-51,0
HD,universe,US437076CN04,cusip6,437076,HD 2.875 15-APR-27,0
HD,universe,US437076CP51,cusip6,437076,HD 3.25 15-APR-32,0
HD,universe,US437076CQ35,cusip6,437076,HD 3.625 15-APR-52,0
HD,universe,US437076CS90,cusip6,437076,HD 4.5 15-SEP-32,0
HD,universe,US437076CT73,cusip6,437076,HD 4.95 15-SEP-52,0
HIG,universe,US416518AD08,name_block,416518,HIG 2.9 15-SEP-51,0
HII,universe,US446413AL01,cusip6,446413,HUNTINGTON INGALLS INDS INC 3.483% 01Dec2027,0
HII,universe,US446413AT37,cusip6,446413,HII 4.2 01-MAY-30,0
HII,universe,US446413AZ96,cusip6,446413,HII 2.043 16-AUG-28,0
HLT,universe,US432833AF84,name_block,432833,Hilton Worldwide Finance 4.875% 15jan2030 USD,0
HLT,universe,US432833AJ07,name_block,432833,US432833AJ07,1
HLT,universe,US432833AL52,name_block,432833,US432833AL52,1
HLT,universe,US432833AN19,name_block,432833,US432833AN19,1
HLT,universe,US432891AK52,name_block,432891,Hilton Worldwide Finance 4.875% 1apr2027 USD,0
HLT,universe,USU4328RAH76,name_block,U4328R,HLT 3.625 15-FEB-32,0
HON,universe,US438516BU93,name_only,438516,HONEYWELL INTERNATIONAL INC,0
HON,universe,US438516BZ80,name_only,438516,HONEYWELL INTERNATIONAL INC,0
HON,universe,US438516CA21,name_only,438516,HONEYWELL INTERNATIONAL INC,0
HON,universe,US438516CE43,name_only,438516,HONEYWELL INTERNATIONAL INC,0
HON,universe,US438516CF18,name_only,438516,HONEYWELL INTERNATIONAL INC,0
HON,universe,US438516CK03,name_only,438516,HON 5 15-FEB-33,0
HPE,universe,US42824CAX74,cusip6,42824C,HEWLETT PACKARD ENTERPRISE CO 6.2% 15Oct2035,0
HPE,universe,US42824CAY57,cusip6,42824C,HEWLETT PACKARD ENTERPRISE CO 6.35% 15Oct2045,0
HPQ,universe,US40434LAJ44,name_only,40434L,HPQ 2.65 17-JUN-31,0
HPQ,universe,US40434LAL99,name_only,40434L,HPQ 4.2 15-APR-32,0
HPQ,universe,US40434LAM72,name_only,40434L,HPQ 4.75 15-JAN-28,0
HPQ,universe,US40434LAN55,name_only,40434L,HPQ 5.5 15-JAN-33,0
HPQ,universe,US428236BR31,cusip6,428236,HEWLETT PACKARD CO 6% 15Sep2041,0
HRL,universe,US440452AF79,cusip6,440452,HORMEL FOODS CORPORATION,0
HRL,universe,US440452AH36,cusip6,440452,HORMEL FOODS CORPORATION,0
HRL,universe,US440452AJ91,cusip6,440452,HRL 3.05 03-JUN-51,0
HST,universe,US44107TAY29,name_block,44107T,US44107TAY29,1
HST,universe,US44107TAZ93,name_block,44107T,US44107TAZ93,1
HST,universe,US44107TBA34,name_block,44107T,HST 2.9 15-DEC-31,0
HSY,universe,US427866AL29,cusip6,427866,HERSHEY CO 7.2% 15Aug2027,0
HSY,universe,US427866AW83,cusip6,427866,US427866AW83,1
HSY,universe,US427866AX66,cusip6,427866,US427866AX66,1
HSY,universe,US427866BB38,cusip6,427866,US427866BB38,1
HSY,universe,US427866BD93,cusip6,427866,US427866BD93,1
HSY,universe,US427866BE76,cusip6,427866,US427866BE76,1
HSY,universe,US427866BG25,cusip6,427866,US427866BG25,1
HUBB,universe,US443510AJ12,cusip6,443510,HUBBELL INC 3.5% 15Feb2028,0
HUBB,universe,US443510AK84,cusip6,443510,HUBB 2.3 15-MAR-31,0
HUM,universe,US444859AZ50,cusip6,444859,US444859AZ50,1
HUM,universe,US444859BB73,cusip6,444859,HUMANA INC 4.625% 01Dec2042,0
HUM,universe,US444859BE13,cusip6,444859,HUMANA INC 4.95% 01Oct2044,0
HUM,universe,US444859BF87,cusip6,444859,HUMANA INC 3.95% 15Mar2027,0
HUM,universe,US444859BG60,cusip6,444859,HUMANA INC 4.8% 15Mar2047,0
HUM,universe,US444859BK72,cusip6,444859,US444859BK72,1
HUM,universe,US444859BL55,cusip6,444859,US444859BL55,1
HUM,universe,US444859BN12,cusip6,444859,US444859BN12,1
HUM,universe,US444859BQ43,cusip6,444859,HUMANA INC,0
HUM,universe,US444859BR26,cusip6,444859,HUMANA INC,0
HUM,universe,US444859BT81,cusip6,444859,HUM 3.7 23-MAR-29,0
HUM,universe,US444859BU54,cusip6,444859,HUM 5.75 01-MAR-28,0
HUM,universe,US444859BV38,cusip6,444859,HUM 5.875 01-MAR-33,0
HUM,universe,US444859BX93,cusip6,444859,HUM 5.5 15-MAR-53,0
HWM,universe,US013817AK77,cusip6,013817,"Howmet Aerospace Inc. 5,95% 07/37",0
HWM,universe,US022249AU09,name_block,022249,Howmet Aerospace 6.75% 15jan2028 USD,0
IBM,universe,US459200AP64,cusip6,459200,INTERNATIONAL BUSINESS MACHS CORP 7.125% 01Dec2096,0
IBM,universe,US459200AR21,cusip6,459200,INTERNATIONAL BUSINESS MACHS CORP 6.22% 01Aug2027,0
IBM,universe,US459200AS04,cusip6,459200,INTERNATIONAL BUSINESS MACHS CORP 6.5% 15Jan2028,0
IBM,universe,US459200BB69,cusip6,459200,INTERNATIONAL BUSINESS MACHS CORP 5.875% 29Nov2032,0
IBM,universe,US459200GS40,cusip6,459200,INTERNATIONAL BUSINESS MACHS CORP 5.6% 30Nov2039,0
IBM,universe,US459200HF10,cusip6,459200,INTERNATIONAL BUSINESS MACHS CORP 4% 20Jun2042,0
IBM,universe,US459200JH57,cusip6,459200,INTERNATIONAL BUSINESS MACHS CORP 4.7% 19Feb2046,0
IBM,universe,US459200JR30,cusip6,459200,INTERNATIONAL BUSINESS MACHS CORP 3.3% 27Jan2027,0
IBM,universe,US459200KA85,cusip6,459200,INTERNATIONAL BUSINESS MACHINES CO,0
IBM,universe,US459200KB68,cusip6,459200,INTERNATIONAL BUSINESS MACHINES CO,0
IBM,universe,US459200KC42,cusip6,459200,INTERNATIONAL BUSINESS MACHINES CO,0
IBM,universe,US459200KH39,cusip6,459200,INTERNATIONAL BUSINESS MACHINES CO,0
IBM,universe,US459200KJ94,cusip6,459200,INTERNATIONAL BUSINESS MACHINES CO,0
IBM,universe,US459200KK67,cusip6,459200,US459200KK67,1
IBM,universe,US459200KL41,cusip6,459200,INTERNATIONAL BUSINESS MACHINES CO,0
IBM,universe,US459200KM24,cusip6,459200,IBM 2.2 09-FEB-27,0
IBM,universe,US459200KN07,cusip6,459200,IBM 2.72 09-FEB-32,0
IBM,universe,US459200KP54,cusip6,459200,IBM 3.43 09-FEB-52,0
IBM,universe,US459200KT76,cusip6,459200,IBM 4.15 27-JUL-27,0
IBM,universe,US459200KU40,cusip6,459200,IBM 4.4 27-JUL-32,0
IBM,universe,US459200KV23,cusip6,459200,IBM 4.9 27-JUL-52,0
IBM,universe,US459200KX88,cusip6,459200,IBM 4.5 06-FEB-28,0
IBM,universe,US459200KY61,cusip6,459200,IBM 4.75 06-FEB-33,0
IBM,universe,US459200KZ37,cusip6,459200,IBM 5.1 06-FEB-53,0
ICE,universe,US45866FAF18,name_block,45866F,INTERCONTINENTAL EXCHANGE INC 3.1% 15Sep2027,0
ICE,universe,US45866FAH73,name_block,45866F,INTERCONTINENTAL EXCHANGE INC 4.25% 21Sep2048,0
ICE,universe,US45866FAJ30,name_block,45866F,INTERCONTINENTAL EXCHANGE INC 3.75% 21Sep2028,0
ICE,universe,US45866FAK03,name_block,45866F,INTERCONTINENTAL EXCHANGE INC,0
ICE,universe,US45866FAL85,name_block,45866F,INTERCONTINENTAL EXCHANGE INC,0
ICE,universe,US45866FAN42,name_block,45866F,INTERCONTINENTAL EXCHANGE INC,0
ICE,universe,US45866FAP99,name_block,45866F,INTERCONTINENTAL EXCHANGE INC,0
ICE,universe,US45866FAQ72,name_block,45866F,INTERCONTINENTAL EXCHANGE INC,0
ICE,universe,US45866FAU84,name_block,45866F,ICE 4 15-SEP-27,0
ICE,universe,US45866FAV67,name_block,45866F,ICE 4.35 15-JUN-29,0
ICE,universe,US45866FAW41,name_block,45866F,ICE 4.6 15-MAR-33,0
ICE,universe,US45866FAX24,name_block,45866F,ICE 4.95 15-JUN-52,0
ICE,universe,US45866FAY07,name_block,45866F,ICE 5.2 15-JUN-62,0
IEX,universe,US45167RAG92,cusip6,45167R,US45167RAG92,1
IEX,universe,US45167RAH75,cusip6,45167R,IEX 2.625 15-JUN-31,0
IFF,universe,US459506AE19,cusip6,459506,US459506AE19,1
IFF,universe,US459506AK78,cusip6,459506,INTERNATIONAL FLAVORS & FRAGRANCES INC 4.45% 26Sep2028,0
IFF,universe,US459506AL51,cusip6,459506,INTERNATIONAL FLAVORS & FRAGRANCES INC 5% 26Sep2048,0
IFF,universe,US459506AP65,cusip6,459506,IFF 1.832 15-OCT-27,0
IFF,universe,US459506AQ49,cusip6,459506,IFF 2.3 01-NOV-30,0
IFF,universe,US459506AR22,cusip6,459506,IFF 3.268 15-NOV-40,0
IFF,universe,US459506AS05,cusip6,459506,IFF 3.468 01-DEC-50,0
INTC,universe,US458140AK64,cusip6,458140,INTEL CORP 4.8% 01Oct2041,0
INTC,universe,US458140AN04,cusip6,458140,INTEL CORP 4% 15Dec2032,0
INTC,universe,US458140AP51,cusip6,458140,INTEL CORP 4.25% 15Dec2042,0
INTC,universe,US458140AT73,cusip6,458140,INTEL CORP 4.9% 29Jul2045,0
INTC,universe,US458140AV20,cusip6,458140,INTEL CORP 4.1% 19May2046,0
INTC,universe,US458140AX85,cusip6,458140,INTEL CORP 3.15% 11May2027,0
INTC,universe,US458140AY68,cusip6,458140,INTEL CORP 4.1% 11May2047,0
INTC,universe,US458140BG44,cusip6,458140,INTEL CORP 3.734% 08Dec2047,0
INTC,universe,US458140BH27,cusip6,458140,Intel 2.45% 15nov2029 USD,0
INTC,universe,US458140BJ82,cusip6,458140,Intel 3.25% 15nov2049 USD,0
INTC,universe,US458140BK55,cusip6,458140,Intel 3.1% 15feb2060 USD,0
INTC,universe,US458140BL39,cusip6,458140,INTEL CORPORATION,0
INTC,universe,US458140BM12,cusip6,458140,INTEL CORPORATION,0
INTC,universe,US458140BN94,cusip6,458140,INTEL CORPORATION,0
INTC,universe,US458140BQ26,cusip6,458140,INTEL CORPORATION,0
INTC,universe,US458140BR09,cusip6,458140,INTEL CORPORATION,0
INTC,universe,US458140BT64,cusip6,458140,INTC 1.6 12-AUG-28,0
INTC,universe,US458140BU38,cusip6,458140,INTC 2 12-AUG-31,0
INTC,universe,US458140BV11,cusip6,458140,INTC 2.8 12-AUG-41,0
INTC,universe,US458140BW93,cusip6,458140,INTC 3.05 12-AUG-51,0
INTC,universe,US458140BX76,cusip6,458140,INTC 3.2 12-AUG-61,0
INTC,universe,US458140BY59,cusip6,458140,INTC 3.75 05-AUG-27,0
INTC,universe,US458140BZ25,cusip6,458140,INTC 4 05-AUG-29,0
INTC,universe,US458140CA64,cusip6,458140,INTC 4.15 05-AUG-32,0
INTC,universe,US458140CB48,cusip6,458140,INTC 4.9 05-AUG-52,0
INTC,universe,US458140CC21,cusip6,458140,INTC 5.05 05-AUG-62,0
INTC,universe,US458140CE86,cusip6,458140,INTC 4.875 10-FEB-28,0
INTC,universe,US458140CF51,cusip6,458140,INTC 5.125 10-FEB-30,0
INTC,universe,US458140CG35,cusip6,458140,INTC 5.2 10-FEB-33,0
INTC,universe,US458140CH18,cusip6,458140,INTC 5.625 10-FEB-43,0
INTC,universe,US458140CJ73,cusip6,458140,INTC 5.7 10-FEB-53,0
INTC,universe,US458140CK47,cusip6,458140,INTC 5.9 10-FEB-63,0
INVH,universe,US46188BAA08,name_block,46188B,INVH 2 15-AUG-31,0
INVH,universe,US46188BAB80,name_block,46188B,INVH 2.3 15-NOV-28,0
INVH,universe,US46188BAC63,name_block,46188B,INVH 2.7 15-JAN-34,0
INVH,universe,US46188BAD47,name_block,46188B,INVH 4.15 15-APR-32,0
IP,universe,US460146CC54,cusip6,460146,US460146CC54,1
IP,universe,US460146CF85,cusip6,460146,US460146CF85,1
IP,universe,US460146CH42,cusip6,460146,INTERNATIONAL PAPER CO 6% 15Nov2041,0
IP,universe,US460146CK70,cusip6,460146,INTERNATIONAL PAPER CO 4.8% 15Jun2044,0
IP,universe,US460146CM37,cusip6,460146,INTERNATIONAL PAPER CO 5% 15Sep2035,0
IP,universe,US460146CN10,cusip6,460146,INTERNATIONAL PAPER CO 5.15% 15May2046,0
IP,universe,US460146CQ41,cusip6,460146,INTERNATIONAL PAPER CO 4.4% 15Aug2047,0
IP,universe,US460146CS07,cusip6,460146,INTERNATIONAL PAPER CO 4.35% 15Aug2048,0
IQV,universe,US449934AD05,name_block,449934,IQVIA Holdings 5% 15oct2026 USD,0
IQV,universe,US46266TAA60,name_block,46266T,IQVIA Holdings 5% 15may2027 USD,0
IQV,universe,USU46093AA51,name_block,U46093,IQV 5 15-MAY-27,0
IR,universe,US456873AC20,name_block,456873,INGERSOLL-RAND LUXEMBOURG FIN S A 4.65% 01Nov2044,0
IR,universe,US456873AD03,name_block,456873,INGERSOLL-RAND LUXEMBOURG FINANCE,0
IR,universe,US456873AF50,name_block,456873,US456873AF50,1
IR,universe,US45687AAG76,name_block,45687A,INGERSOLL-RAND GLOBAL HLDG CO LTD 5.75% 15Jun2043,0
IR,universe,US45687AAN28,name_block,45687A,INGERSOLL-RAND GLOBAL HLDG CO LTD 4.3% 21Feb2048,0
IR,universe,US45687AAP75,name_block,45687A,INGERSOLL-RAND GLOBAL HLDG CO LTD 3.75% 21Aug2028,0
IRM,universe,US46284VAC54,name_only,46284V,Iron Mountain 4.875% 15sep2027 USD,0
IRM,universe,US46284VAE11,name_only,46284V,Iron Mountain 5.25% 15mar2028 USD,0
IRM,universe,US46284VAF85,name_only,46284V,Iron Mountain 4.875% 15sep2029 USD,0
IRM,universe,US46284VAG68,name_only,46284V,Iron Mountain 5% 15jul2028 USD,0
IRM,universe,US46284VAJ08,name_only,46284V,Iron Mountain 5.25% 15jul2030 USD,0
IRM,universe,USU46009AD51,name_block,U46009,USU46009AD51,1
IRM,universe,USU46009AG82,name_block,U46009,IRM 4.875 15-SEP-29,0
IRM,universe,USU46009AJ22,name_block,U46009,IRM 5.25 15-JUL-30,0
IRM,universe,USU46009AL77,name_block,U46009,IRM 4.5 15-FEB-31,0
IT,universe,US366651AC11,cusip6,366651,Gartner 4.5% 1jul2028 USD,0
IT,universe,US366651AE76,cusip6,366651,GARTNER INC 3.75% 01Oct2030,0
IT,universe,US366651AG25,cusip6,366651,US366651AG25,1
ITW,universe,US452308AQ28,cusip6,452308,ILLINOIS TOOL WKS INC 4.875% 15Sep2041,0
ITW,universe,US452308AR01,cusip6,452308,ILLINOIS TOOL WKS INC 3.9% 01Sep2042,0
ITW,universe,US452308AX78,cusip6,452308,ILLINOIS TOOL WKS INC 2.65% 15Nov2026,0
IVZ,universe,US46132FAC41,name_block,46132F,INVESCO FIN PLC 5.375% 30Nov2043,0
JBL,universe,US466313AH63,cusip6,466313,US466313AH63,1
JBL,universe,US466313AJ20,cusip6,466313,US466313AJ20,1
JBL,universe,US466313AK92,cusip6,466313,US466313AK92,1
JBL,universe,US466313AM58,cusip6,466313,JBL 4.25 15-MAY-27,0
JCI,universe,US47837RAA86,name_block,47837R,US47837RAA86,1
JCI,universe,US47837RAD26,name_block,47837R,JCI 2 16-SEP-31,0
JCI,universe,US47837RAE09,name_block,47837R,JCI 4.9 01-DEC-32,0
JNJ,universe,US478160AJ37,cusip6,478160,JOHNSON & JOHNSON 6.95% 01Sep2029,0
JNJ,universe,US478160AL82,cusip6,478160,JOHNSON & JOHNSON 4.95% 15May2033,0
JNJ,universe,US478160AN49,cusip6,478160,JOHNSON & JOHNSON 5.95% 15Aug2037,0
JNJ,universe,US478160AT19,cusip6,478160,JOHNSON & JOHNSON 5.85% 15Jul2038,0
JNJ,universe,US478160AV64,cusip6,478160,JOHNSON & JOHNSON 4.5% 01Sep2040,0
JNJ,universe,US478160BA19,cusip6,478160,JOHNSON & JOHNSON 4.85% 15May2041,0
JNJ,universe,US478160BJ28,cusip6,478160,JOHNSON & JOHNSON 4.375% 05Dec2033,0
JNJ,universe,US478160BK90,cusip6,478160,JOHNSON & JOHNSON 4.5% 05Dec2043,0
JNJ,universe,US478160BU72,cusip6,478160,JOHNSON & JOHNSON 3.55% 01Mar2036,0
JNJ,universe,US478160BV55,cusip6,478160,JOHNSON & JOHNSON 3.7% 01Mar2046,0
JNJ,universe,US478160CE22,cusip6,478160,JOHNSON & JOHNSON 2.95% 03Mar2027,0
JNJ,universe,US478160CF96,cusip6,478160,JOHNSON & JOHNSON 3.625% 03Mar2037,0
JNJ,universe,US478160CG79,cusip6,478160,JOHNSON & JOHNSON 3.75% 03Mar2047,0
JNJ,universe,US478160CK81,cusip6,478160,JOHNSON & JOHNSON 2.9% 15Jan2028,0
JNJ,universe,US478160CL64,cusip6,478160,JOHNSON & JOHNSON 3.4% 15Jan2038,0
JNJ,universe,US478160CM48,cusip6,478160,JOHNSON & JOHNSON 3.5% 15Jan2048,0
JNJ,universe,US478160CP78,cusip6,478160,JOHNSON & JOHNSON,0
JNJ,universe,US478160CQ51,cusip6,478160,JOHNSON & JOHNSON,0
JNJ,universe,US478160CR35,cusip6,478160,JOHNSON & JOHNSON,0
JNJ,universe,US478160CS18,cusip6,478160,JOHNSON & JOHNSON,0
JNJ,universe,US478160CT90,cusip6,478160,JOHNSON & JOHNSON,0
JPM,universe,US46625HHF01,name_block,46625H,JPMORGAN CHASE & CO 6.4% 15May2038,0
JPM,universe,US46625HHV50,name_block,46625H,JPMORGAN CHASE & CO 5.5% 15Oct2040,0
JPM,universe,US46625HJB78,name_block,46625H,JPMORGAN CHASE & CO 5.6% 15Jul2041,0
JPM,universe,US46625HJM34,name_block,46625H,JPMORGAN CHASE & CO 5.625% 16Aug2043,0
JPM,universe,US46625HJU59,name_block,46625H,JPMORGAN CHASE & CO 4.85% 01Feb2044,0
JPM,universe,US46625HJZ47,name_block,46625H,JPMORGAN CHASE & CO 4.125% 15Dec2026,0
JPM,universe,US46625HLL23,name_block,46625H,JPMORGAN CHASE & CO 4.95% 01Jun2045,0
JPM,universe,US46625HNJ58,name_block,46625H,JPMORGAN CHASE & CO 4.25% 01Oct2027,0
JPM,universe,US46625HRV41,name_block,46625H,JPMORGAN CHASE & CO 2.95% 01Oct2026,0
JPM,universe,US46625HRX07,name_block,46625H,JPMORGAN CHASE & CO 3.625% 01Dec2027,0
JPM,universe,US46625HRY89,name_block,46625H,US46625HRY89,1
JPM,universe,US46647PAA49,name_block,46647P,US46647PAA49,1
JPM,universe,US46647PAJ57,name_block,46647P,US46647PAJ57,1
JPM,universe,US46647PAK21,name_block,46647P,US46647PAK21,1
JPM,universe,US46647PAL04,name_block,46647P,US46647PAL04,1
JPM,universe,US46647PAM86,name_block,46647P,US46647PAM86,1
JPM,universe,US46647PAN69,name_block,46647P,US46647PAN69,1
JPM,universe,US46647PAR73,name_block,46647P,US46647PAR73,1
JPM,universe,US46647PAV85,name_block,46647P,US46647PAV85,1
JPM,universe,US46647PAX42,name_block,46647P,US46647PAX42,1
JPM,universe,US46647PBD78,name_block,46647P,JPMORGAN CHASE & CO,0
JPM,universe,US46647PBE51,name_block,46647P,JPMORGAN CHASE & CO,0
JPM,universe,US46647PBJ49,name_block,46647P,JPMORGAN CHASE & CO,0
JPM,universe,US46647PBL94,name_block,46647P,JPMORGAN CHASE & CO,0
JPM,universe,US46647PBM77,name_block,46647P,JPMORGAN CHASE & CO,0
JPM,universe,US46647PBN50,name_block,46647P,JPMORGAN CHASE & CO,0
JPM,universe,US46647PBP09,name_block,46647P,US46647PBP09,1
JPM,universe,US46647PBR64,name_block,46647P,JPMORGAN CHASE & CO,0
JPM,universe,US46647PBU93,name_block,46647P,JPMORGAN CHASE & CO,0
JPM,universe,US46647PBV76,name_block,46647P,JPMORGAN CHASE & CO,0
JPM,universe,US46647PBX33,name_block,46647P,JPMORGAN CHASE & CO,0
JPM,universe,US46647PCC86,name_block,46647P,JPMORGAN CHASE & CO,0
JPM,universe,US46647PCD69,name_block,46647P,JPMORGAN CHASE & CO,0
JPM,universe,US46647PCE43,name_block,46647P,JPMORGAN CHASE & CO,0
JPM,universe,US46647PCJ30,name_block,46647P,JPMORGAN CHASE & CO,0
JPM,universe,US46647PCP99,name_block,46647P,JPM 1.47 22-SEP-27,0
JPM,universe,US46647PCQ72,name_block,46647P,US46647PCQ72,1
JPM,universe,US46647PCR55,name_block,46647P,JPM 2.545 08-NOV-32,0
JPM,universe,US46647PCU84,name_block,46647P,JPM 2.963 25-JAN-33,0
JPM,universe,US46647PCW41,name_block,46647P,JPM 2.947 24-FEB-28,0
JPM,universe,US46647PCY07,name_block,46647P,JPM 5.755141 24-FEB-28,0
JPM,universe,US46647PDA12,name_block,46647P,JPM 4.323 26-APR-28,0
JPM,universe,US46647PDC77,name_block,46647P,JPM 4.586 26-APR-33,0
JPM,universe,US46647PDF09,name_block,46647P,JPM 4.565 14-JUN-30,0
JPM,universe,US46647PDG81,name_block,46647P,US46647PDG81,1
JPM,universe,US46647PDH64,name_block,46647P,JPM 4.912 25-JUL-33,0
JPM,universe,US46647PDK93,name_block,46647P,JPM 5.717 14-SEP-33,0
JPM,universe,US46647PEA03,name_block,46647P,US46647PEA03,1
JPM,universe,US46647PEB85,name_block,46647P,JPMorgan Chase & Co. 5012% 24/30,0
JPM,universe,US48128BAD38,name_block,48128B,JPM 7.39357,0
JPM,universe,US48128BAH42,name_block,48128B,JPM 4,0
KDP,universe,US49271VAF76,cusip6,49271V,Keurig Dr Pepper Inc 4.597% 25may2028 USD,0
KDP,universe,US49271VAJ98,cusip6,49271V,KEURIG DR PEPPER INC,0
KDP,universe,US49271VAK61,cusip6,49271V,KEURIG DR PEPPER INC,0
KDP,universe,US49271VAM28,cusip6,49271V,KDP 3.35 15-MAR-51,0
KDP,universe,US49271VAN01,cusip6,49271V,KDP 2.25 15-MAR-31,0
KDP,universe,US49271VAP58,cusip6,49271V,KDP 3.95 15-APR-29,0
KDP,universe,US49271VAQ32,cusip6,49271V,KDP 4.05 15-APR-32,0
KDP,universe,US49271VAR15,cusip6,49271V,KDP 4.5 15-APR-52,0
KEY,universe,US493267AK43,name_block,493267,KEY 5,0
KEY,universe,US49326EEG44,name_block,49326E,KEYCORP MEDIUM TERM SR NTS BOOK ENTRY 4.1% 30Apr2028,0
KEY,universe,US49326EEJ82,name_block,49326E,KEYCORP MTN,0
KEY,universe,US49326EEK55,name_block,49326E,KEYCORP MTN,0
KEY,universe,US49326EEN94,name_block,49326E,KEY 4.789 01-JUN-33,0
KEY,universe,US49327M3F97,name_block,49327M,KEY 5.85 15-NOV-27,0
KEY,universe,US49327M3H53,name_block,49327M,KEY 5 26-JAN-33,0
KEY,universe,US49327V2B93,name_block,49327V,US49327V2B93,1
KEY,universe,US49327V2C76,name_block,49327V,KEY 4.9 08-AUG-32,0
KEYS,universe,US49338LAE39,cusip6,49338L,KEYSIGHT TECHNOLOGIES INC 4.6% 06Apr2027,0
KEYS,universe,US49338LAF04,cusip6,49338L,US49338LAF04,1
KHC,universe,US42307TAH14,name_only,42307T,Kraft Heinz Foods 7.125% 1aug2039 USD,0
KHC,universe,US50075NAC83,cusip6,50075N,KRAFT FOODS INC 6.5% 01Nov2031,0
KHC,universe,US50077LAB27,name_block,50077L,KRAFT HEINZ FOODS CO 4.375% 01Jun2046,0
KHC,universe,US50077LAL09,name_block,50077L,KRAFT HEINZ FOODS CO 5% 15Jul2035,0
KHC,universe,US50077LAM81,name_block,50077L,KRAFT HEINZ FOODS CO 5.2% 15Jul2045,0
KHC,universe,US50077LAT35,name_block,50077L,KRAFT HEINZ FOODS CO 4.625% 30Jan2029,0
KHC,universe,US50077LAV80,name_block,50077L,US50077LAV80,1
KHC,universe,US50077LAX47,name_block,50077L,US50077LAX47,1
KHC,universe,US50077LAZ94,name_block,50077L,US50077LAZ94,1
KHC,universe,US50077LBC90,name_block,50077L,US50077LBC90,1
KHC,universe,US50077LBF22,name_block,50077L,US50077LBF22,1
KHC,universe,US50077LBJ44,name_block,50077L,US50077LBJ44,1
KIM,universe,US49446RAM16,cusip6,49446R,KIMCO RLTY CORP 4.25% 01Apr2045,0
KIM,universe,US49446RAP47,cusip6,49446R,KIMCO RLTY CORP 2.8% 01Oct2026,0
KIM,universe,US49446RAQ20,cusip6,49446R,KIMCO RLTY CORP 4.125% 01Dec2046,0
KIM,universe,US49446RAS85,cusip6,49446R,US49446RAS85,1
KIM,universe,US49446RAT68,cusip6,49446R,KIMCO RLTY CORP 4.45% 01Sep2047,0
KIM,universe,US49446RAV15,cusip6,49446R,US49446RAV15,1
KIM,universe,US49446RAW97,cusip6,49446R,US49446RAW97,1
KIM,universe,US49446RAX70,cusip6,49446R,US49446RAX70,1
KIM,universe,US49446RAY53,cusip6,49446R,KIM 2.25 01-DEC-31,0
KIM,universe,US49446RAZ29,cusip6,49446R,KIM 3.2 01-APR-32,0
KIM,universe,US49446RBA68,cusip6,49446R,KIM 4.6 01-FEB-33,0
KKR,universe,US48255BAA44,name_block,48255B,KKR 3.25 15-DEC-51,0
KKR,universe,US48255GAA31,name_block,48255G,KKR 4.85 17-MAY-32,0
KLAC,universe,US482480AF77,cusip6,482480,KLA-TENCOR CORP 5.65% 01Nov2034,0
KLAC,universe,US482480AG50,cusip6,482480,KLA-TENCOR CORPORATION,0
KLAC,universe,US482480AH34,cusip6,482480,US482480AH34,1
KLAC,universe,US482480AJ99,cusip6,482480,KLA CORP,0
KLAC,universe,US482480AL46,cusip6,482480,KLAC 4.65 15-JUL-32,0
KLAC,universe,US482480AM29,cusip6,482480,KLAC 4.95 15-JUL-52,0
KLAC,universe,US482480AN02,cusip6,482480,KLAC 5.25 15-JUL-62,0
KMB,universe,US494368BC63,cusip6,494368,KIMBERLY CLARK CORP 6.625% 01Aug2037,0
KMB,universe,US494368BG77,cusip6,494368,KIMBERLY CLARK CORP 5.3% 01Mar2041,0
KMB,universe,US494368BV45,cusip6,494368,KIMBERLY CLARK CORP 3.2% 30Jul2046,0
KMB,universe,US494368BW28,cusip6,494368,KIMBERLY CLARK CORP 3.9% 04May2047,0
KMB,universe,US494368BY83,cusip6,494368,KIMBERLY CLARK CORP 3.95% 01Nov2028,0
KMB,universe,US494368BZ58,cusip6,494368,US494368BZ58,1
KMB,universe,US494368CA98,cusip6,494368,US494368CA98,1
KMB,universe,US494368CB71,cusip6,494368,KIMBERLY-CLARK CORPORATION,0
KMB,universe,US494368CC54,cusip6,494368,US494368CC54,1
KMB,universe,US494368CD38,cusip6,494368,KMB 2 02-NOV-31,0
KMB,universe,US494368CE11,cusip6,494368,KMB 4.5 16-FEB-33,0
KMI,universe,US196522AE66,name_block,196522,KMI 6.85 15-JUN-37,0
KMI,universe,US494550AJ57,name_block,494550,KINDER MORGAN ENERGY PARTNERS L P 7.4% 15Mar2031,0
KMI,universe,US494550AL04,name_block,494550,KINDER MORGAN ENERGY PARTNERS L P 7.75% 15Mar2032,0
KMI,universe,US494550AQ90,name_block,494550,KINDER MORGAN ENERGY PARTNERS L P 7.3% 15Aug2033,0
KMI,universe,US494550AT30,name_block,494550,KINDER MORGAN ENERGY PARTNERS L P 5.8% 15Mar2035,0
KMI,universe,US494550AV85,name_block,494550,US494550AV85,1
KMI,universe,US494550AW68,name_block,494550,KINDER MORGAN ENERGY PARTNERS L P 6.95% 15Jan2038,0
KMI,universe,US494550BD78,name_block,494550,KINDER MORGAN ENERGY PARTNERS L P 6.5% 01Sep2039,0
KMI,universe,US494550BF27,name_block,494550,KINDER MORGAN ENERGY PARTNERS L P 6.55% 15Sep2040,0
KMI,universe,US494550BH82,name_block,494550,KINDER MORGAN ENERGY PARTNERS L P 6.375% 01Mar2041,0
KMI,universe,US494550BK12,name_block,494550,KINDER MORGAN ENERGY PARTNERS L P 5.625% 01Sep2041,0
KMI,universe,US494550BN50,name_block,494550,KINDER MORGAN ENERGY PARTNERS L P 5% 15Aug2042,0
KMI,universe,US494550BP09,name_block,494550,KINDER MORGAN ENERGY PARTNERS L P 5% 01Mar2043,0
KMI,universe,US494550BU93,name_block,494550,KINDER MORGAN ENERGY PARTNERS L P 5.5% 01Mar2044,0
KMI,universe,US494550BW59,name_block,494550,KINDER MORGAN ENERGY PARTNERS L P 5.4% 01Sep2044,0
KMI,universe,US49456BAG68,name_block,49456B,KINDER MORGAN INC DEL 5.3% 01Dec2034,0
KMI,universe,US49456BAH42,name_block,49456B,KINDER MORGAN INC DEL 5.55% 01Jun2045,0
KMI,universe,US49456BAJ08,name_block,49456B,KINDER MORGAN INC DEL 5.05% 15Feb2046,0
KMI,universe,US49456BAP67,name_block,49456B,KINDER MORGAN INC DEL 4.3% 01Mar2028,0
KMI,universe,US49456BAQ41,name_block,49456B,KINDER MORGAN INC DEL 5.2% 01Mar2048,0
KMI,universe,US49456BAR24,name_block,49456B,KINDER MORGAN INC,0
KMI,universe,US49456BAS07,name_block,49456B,US49456BAS07,1
KMI,universe,US49456BAT89,name_block,49456B,KINDER MORGAN INC,0
KMI,universe,US49456BAU52,name_block,49456B,KMI 1.75 15-NOV-26,0
KMI,universe,US49456BAV36,name_block,49456B,KMI 4.8 01-FEB-33,0
KMI,universe,US49456BAW19,name_block,49456B,KMI 5.45 01-AUG-52,0
KMI,universe,US49456BAX91,name_block,49456B,KMI 5.2 01-JUN-33,0
KO,universe,US191216AF75,cusip6,191216,US191216AF75,1
KO,universe,US191216CE82,cusip6,191216,COCA COLA CO 2.9% 25May2027,0
KO,universe,US191216CM09,cusip6,191216,COCA-COLA CO,0
KO,universe,US191216CP30,cusip6,191216,KO 4.125 25-MAR-40,0
KO,universe,US191216CQ13,cusip6,191216,US191216CQ13,1
KO,universe,US191216CR95,cusip6,191216,COCA-COLA CO,0
KO,universe,US191216CT51,cusip6,191216,COCA-COLA CO,0
KO,universe,US191216CU25,cusip6,191216,COCA-COLA CO,0
KO,universe,US191216CV08,cusip6,191216,COCA-COLA CO,0
KO,universe,US191216CW80,cusip6,191216,COCA-COLA CO,0
KO,universe,US191216CX63,cusip6,191216,COCA-COLA CO,0
KO,universe,US191216CY47,cusip6,191216,COCA-COLA CO,0
KO,universe,US191216DC18,cusip6,191216,COCA-COLA CO,0
KO,universe,US191216DD90,cusip6,191216,COCA-COLA CO,0
KO,universe,US191216DE73,cusip6,191216,COCA-COLA CO,0
KO,universe,US191216DJ60,cusip6,191216,COCA-COLA CO,0
KO,universe,US191216DK34,cusip6,191216,COCA-COLA CO,0
KO,universe,US191216DL17,cusip6,191216,COCA-COLA CO,0
KO,universe,US191216DP21,cusip6,191216,COCA-COLA CO,0
KO,universe,US191216DQ04,cusip6,191216,COCA-COLA CO,0
KR,universe,US501044BT76,cusip6,501044,US501044BT76,1
KR,universe,US501044BV23,cusip6,501044,KROGER CO 8% 15Sep2029,0
KR,universe,US501044BZ37,cusip6,501044,KROGER CO 7.5% 01Apr2031,0
KR,universe,US501044CK58,cusip6,501044,KROGER CO 6.9% 15Apr2038,0
KR,universe,US501044CN97,cusip6,501044,KROGER CO 5.4% 15Jul2040,0
KR,universe,US501044CR02,cusip6,501044,KROGER CO 5% 15Apr2042,0
KR,universe,US501044CT67,cusip6,501044,KROGER CO 5.15% 01Aug2043,0
KR,universe,US501044DE89,cusip6,501044,KROGER CO 2.65% 15Oct2026,0
KR,universe,US501044DF54,cusip6,501044,KROGER CO 3.875% 15Oct2046,0
KR,universe,US501044DG38,cusip6,501044,KROGER CO 4.45% 01Feb2047,0
KR,universe,US501044DJ76,cusip6,501044,KROGER CO 3.7% 01Aug2027,0
KR,universe,US501044DK40,cusip6,501044,KROGER CO 4.65% 15Jan2048,0
KR,universe,US501044DL23,cusip6,501044,KROGER CO 4.5% 15Jan2029,0
KR,universe,US501044DM06,cusip6,501044,KROGER CO 5.4% 15Jan2049,0
KR,universe,US501044DN88,cusip6,501044,KROGER CO,0
KR,universe,US501044DP37,cusip6,501044,US501044DP37,1
KR,universe,US501044DQ10,cusip6,501044,KR 1.7 15-JAN-31,0
L,universe,US540424AP38,cusip6,540424,LOEWS CORP 6% 01Feb2035,0
L,universe,US540424AR93,cusip6,540424,LOEWS CORP 4.125% 15May2043,0
L,universe,US540424AT59,cusip6,540424,US540424AT59,1
LDOS,universe,US52532XAF24,name_block,52532X,LEIDOS INC,0
LDOS,universe,US52532XAH89,name_block,52532X,LEIDOS INC,0
LDOS,universe,US52532XAJ46,name_block,52532X,LDOS 5.75 15-MAR-33,0
LDOS,universe,US78390XAC56,cusip6,78390X,US78390XAC56,1
LDOS,universe,US808626AE53,name_block,808626,LDOS 7.125 01-JUL-32,0
LDOS,universe,US808626AG02,name_block,808626,US808626AG02,1
LEN,universe,US526057CD41,name_block,526057,Lennar 4.75% 29nov2027 USD,0
LEN,universe,US526057CV49,name_block,526057,LENNAR CORP 5% 15Jun2027,0
LH,universe,US50540RAS13,cusip6,50540R,LABORATORY CORP AMER HLDGS 4.7% 01Feb2045,0
LH,universe,US50540RAU68,cusip6,50540R,LABORATORY CORP AMER HLDGS 3.6% 01Sep2027,0
LH,universe,US50540RAW25,cusip6,50540R,US50540RAW25,1
LH,universe,US50540RAY80,cusip6,50540R,LH 2.7 01-JUN-31,0
LHX,universe,US502431AF64,cusip6,502431,US502431AF64,1
LHX,universe,US502431AL33,cusip6,502431,US502431AL33,1
LHX,universe,US502431AM16,cusip6,502431,L3HARRIS TECHNOLOGIES INC,0
LHX,universe,US502431AN98,cusip6,502431,US502431AN98,1
LII,universe,US526107AF41,cusip6,526107,US526107AF41,1
LIN,universe,US74005PBD50,name_block,74005P,PRAXAIR INC 3.55% 07Nov2042,0
LIN,universe,US74005PBS20,name_block,74005P,US74005PBS20,1
LIN,universe,US74005PBT03,name_block,74005P,US74005PBT03,1
LLY,universe,US532457AZ17,cusip6,532457,LILLY ELI & CO 5.5% 15Mar2027,0
LLY,universe,US532457BP26,cusip6,532457,LILLY ELI & CO 3.1% 15May2027,0
LLY,universe,US532457BT48,cusip6,532457,ELI LILLY AND COMPANY,0
LLY,universe,US532457BU11,cusip6,532457,ELI LILLY AND COMPANY,0
LLY,universe,US532457BV93,cusip6,532457,ELI LILLY AND COMPANY,0
LLY,universe,US532457BY33,cusip6,532457,ELI LILLY AND COMPANY,0
LLY,universe,US532457BZ08,cusip6,532457,ELI LILLY AND COMPANY,0
LLY,universe,US532457CF35,cusip6,532457,LLY 4.7 27-FEB-33,0
LLY,universe,US532457CG18,cusip6,532457,LLY 4.875 27-FEB-53,0
LLY,universe,US532457CH90,cusip6,532457,LLY 4.95 27-FEB-63,0
LLY,universe,US532457CL03,cusip6,532457,US532457CL03,1
LMT,universe,US539830AR02,cusip6,539830,LOCKHEED MARTIN CORP 6.15% 01Sep2036,0
LMT,universe,US539830AZ28,cusip6,539830,LOCKHEED MARTIN CORP 4.85% 15Sep2041,0
LMT,universe,US539830BB41,cusip6,539830,LOCKHEED MARTIN CORP 4.07% 15Dec2042,0
LMT,universe,US539830BC24,cusip6,539830,LOCKHEED MARTIN CORP 3.6% 01Mar2035,0
LMT,universe,US539830BD07,cusip6,539830,LOCKHEED MARTIN CORP 3.8% 01Mar2045,0
LMT,universe,US539830BK40,cusip6,539830,LOCKHEED MARTIN CORP 4.5% 15May2036,0
LMT,universe,US539830BL23,cusip6,539830,LOCKHEED MARTIN CORP 4.7% 15May2046,0
LMT,universe,US539830BN88,cusip6,539830,LOCKHEED MARTIN CORP 4.09% 15Sep2052,0
LMT,universe,US539830BP37,cusip6,539830,US539830BP37,1
LMT,universe,US539830BQ10,cusip6,539830,LOCKHEED MARTIN CORPORATION,0
LMT,universe,US539830BR92,cusip6,539830,LMT 3.9 15-JUN-32,0
LMT,universe,US539830BS75,cusip6,539830,LMT 4.15 15-JUN-53,0
LMT,universe,US539830BT58,cusip6,539830,LMT 4.3 15-JUN-62,0
LMT,universe,US539830BV05,cusip6,539830,LMT 5.1 15-NOV-27,0
LMT,universe,US539830BW87,cusip6,539830,LMT 5.25 15-JAN-33,0
LMT,universe,US539830BX60,cusip6,539830,LMT 5.7 15-NOV-54,0
LMT,universe,US539830BY44,cusip6,539830,LMT 5.9 15-NOV-63,0
LNT,universe,US01882YAD85,name_block,01882Y,LNT 3.6 01-MAR-32,0
LNT,universe,US976826BP11,name_only,976826,LNT 1.95 16-SEP-31,0
LOW,universe,US548661AH09,cusip6,548661,LOWES COS INC 6.875% 15Feb2028,0
LOW,universe,US548661AK38,cusip6,548661,LOWES COS INC 6.5% 15Mar2029,0
LOW,universe,US548661CJ47,cusip6,548661,LOWES COS INC 5.5% 15Oct2035,0
LOW,universe,US548661CL92,cusip6,548661,LOWES COS INC 5.8% 15Oct2036,0
LOW,universe,US548661CP07,cusip6,548661,LOWES COS INC 6.65% 15Sep2037,0
LOW,universe,US548661CX31,cusip6,548661,LOWES COS INC 4.65% 15Apr2042,0
LOW,universe,US548661DE41,cusip6,548661,LOWES COS INC 4.25% 15Sep2044,0
LOW,universe,US548661DJ38,cusip6,548661,LOWES COS INC 4.375% 15Sep2045,0
LOW,universe,US548661DN40,cusip6,548661,LOWES COS INC 3.7% 15Apr2046,0
LOW,universe,US548661DP97,cusip6,548661,LOWES COS INC 3.1% 03May2027,0
LOW,universe,US548661DQ70,cusip6,548661,LOWES COS INC 4.05% 03May2047,0
LOW,universe,US548661DR53,cusip6,548661,LOWES COMPANIES INC,0
LOW,universe,US548661DS37,cusip6,548661,US548661DS37,1
LOW,universe,US548661DU82,cusip6,548661,LOWES COMPANIES INC,0
LOW,universe,US548661DV65,cusip6,548661,US548661DV65,1
LOW,universe,US548661DW49,cusip6,548661,US548661DW49,1
LOW,universe,US548661DX22,cusip6,548661,LOWES COMPANIES INC,0
LOW,universe,US548661DY05,cusip6,548661,LOWES COMPANIES INC,0
LOW,universe,US548661DZ79,cusip6,548661,LOWES COMPANIES INC,0
LOW,universe,US548661EA10,cusip6,548661,LOWES COMPANIES INC,0
LOW,universe,US548661EB92,cusip6,548661,LOW 3.5 01-APR-51,0
LOW,universe,US548661ED58,cusip6,548661,LOW 1.7 15-SEP-28,0
LOW,universe,US548661EE32,cusip6,548661,LOW 2.8 15-SEP-41,0
LOW,universe,US548661EF07,cusip6,548661,LOW 4.45 01-APR-62,0
LOW,universe,US548661EG89,cusip6,548661,LOW 3.35 01-APR-27,0
LOW,universe,US548661EH62,cusip6,548661,LOW 3.75 01-APR-32,0
LOW,universe,US548661EJ29,cusip6,548661,LOW 4.25 01-APR-52,0
LOW,universe,US548661EL74,cusip6,548661,LOW 5 15-APR-33,0
LOW,universe,US548661EM57,cusip6,548661,LOW 5.625 15-APR-53,0
LOW,universe,US548661EN31,cusip6,548661,LOW 5.8 15-SEP-62,0
LRCX,universe,US512807AT55,cusip6,512807,LAM RESEARCH CORPORATION,0
LRCX,universe,US512807AU29,cusip6,512807,LAM RESEARCH CORPORATION,0
LRCX,universe,US512807AV02,cusip6,512807,LAM RESEARCH CORPORATION,0
LRCX,universe,US512807AW84,cusip6,512807,LAM RESEARCH CORPORATION,0
LRCX,universe,US512807AX67,cusip6,512807,US512807AX67,1
LUV,universe,US844741AN81,cusip6,844741,SOUTHWEST AIRLS CO 7.375% 01Mar2027,0
LUV,universe,US844741BC18,cusip6,844741,SOUTHWEST AIRLS CO 3% 15Nov2026,0
LUV,universe,US844741BE73,cusip6,844741,SOUTHWEST AIRLS CO 3.45% 16Nov2027,0
LUV,universe,US844741BF49,cusip6,844741,US844741BF49,1
LUV,universe,US844741BK34,cusip6,844741,SOUTHWEST AIRLINES CO,0
LVS,universe,US517834AF40,cusip6,517834,LAS VEGAS SANDS CORP,0
LYB,universe,US50247VAB53,name_block,50247V,LYB INTL FIN B V 5.25% 15Jul2043,0
LYB,universe,US50247VAC37,name_block,50247V,LYB INTL FIN B V 4.875% 15Mar2044,0
LYB,universe,US50247WAB37,name_block,50247W,LYB INTL FIN II B V 3.5% 02Mar2027,0
LYB,universe,US50249AAA16,name_block,50249A,LYB INTERNATIONAL FINANCE III LLC,0
LYB,universe,US50249AAD54,name_block,50249A,LYB INTERNATIONAL FINANCE III LLC,0
LYB,universe,US50249AAG85,name_block,50249A,LYB 2.25 01-OCT-30,0
LYB,universe,US50249AAH68,name_block,50249A,LYB INTERNATIONAL FINANCE III LLC,0
LYB,universe,US50249AAJ25,name_block,50249A,LYB INTERNATIONAL FINANCE III LLC,0
LYB,universe,US50249AAK97,name_block,50249A,LYB 3.8 01-OCT-60,0
LYV,universe,US538034AR08,name_block,538034,Live Nation Entertainment 4.75% 15oct2027 USD,0
LYV,universe,US538034AV10,name_block,538034,Live Nation Entertainment 6.5% 15may2027 USD,0
LYV,universe,US538034AX75,name_block,538034,US538034AX75,1
LYV,universe,USU53897AH41,name_block,U53897,LYV 6.5 15-MAY-27,0
LYV,universe,USU53897AJ07,name_block,U53897,LYV 3.75 15-JAN-28,0
MA,universe,US57636QAG91,cusip6,57636Q,MASTERCARD INC 2.95% 21Nov2026,0
MA,universe,US57636QAH74,cusip6,57636Q,MASTERCARD INC 3.8% 21Nov2046,0
MA,universe,US57636QAJ31,cusip6,57636Q,MASTERCARD INC 3.5% 26Feb2028,0
MA,universe,US57636QAK04,cusip6,57636Q,MASTERCARD INC 3.95% 26Feb2048,0
MA,universe,US57636QAL86,cusip6,57636Q,MASTERCARD INC,0
MA,universe,US57636QAM69,cusip6,57636Q,MASTERCARD INC,0
MA,universe,US57636QAP90,cusip6,57636Q,MASTERCARD INC,0
MA,universe,US57636QAQ73,cusip6,57636Q,MASTERCARD INC,0
MA,universe,US57636QAR56,cusip6,57636Q,MASTERCARD INC,0
MA,universe,US57636QAS30,cusip6,57636Q,MA 1.9 15-MAR-31,0
MA,universe,US57636QAT13,cusip6,57636Q,MA 2.95 15-MAR-51,0
MA,universe,US57636QAU85,cusip6,57636Q,MA 2 18-NOV-31,0
MA,universe,US57636QAW42,cusip6,57636Q,MA 4.875 09-MAR-28,0
MA,universe,US57636QAX25,cusip6,57636Q,MA 4.85 09-MAR-33,0
MAA,universe,US59523UAT43,name_only,59523U,MAA 1.1 15-SEP-26,0
MAA,universe,US59523UAU16,name_only,59523U,MAA 2.875 15-SEP-51,0
MAR,universe,US571903BE27,name_only,571903,MARRIOTT INTERNATIONAL INC,0
MAR,universe,US571903BF91,name_only,571903,MARRIOTT INTERNATIONAL INC,0
MAR,universe,US571903BG74,name_only,571903,MARRIOTT INTERNATIONAL INC,0
MAR,universe,US571903BH57,name_only,571903,MAR 2.75 15-OCT-33,0
MAR,universe,US571903BJ14,name_only,571903,MAR 5 15-OCT-27,0
MAS,universe,US574599AT32,cusip6,574599,MASCO CORP 7.75% 01Aug2029,0
MAS,universe,US574599AY27,cusip6,574599,MASCO CORP 6.5% 15Aug2032,0
MAS,universe,US574599BM79,cusip6,574599,MASCO CORP 4.5% 15May2047,0
MAS,universe,US574599BN52,cusip6,574599,MASCO CORP 3.5% 15Nov2027,0
MAS,universe,US574599BP01,cusip6,574599,US574599BP01,1
MAS,universe,US574599BQ83,cusip6,574599,MAS 2 15-FEB-31,0
MAS,universe,US574599BR66,cusip6,574599,MAS 3.125 15-FEB-51,0
MAS,universe,US574599BS40,cusip6,574599,MAS 1.5 15-FEB-28,0
MCD,universe,US580135BY65,cusip6,580135,MCDONALDS CORP 6.375% 08Jan2028,0
MCD,universe,US58013MEC47,name_block,58013M,MCDONALDS CORP MEDIUM TERM NTS BOOK ENTR 6.3% 15Oct2037,0
MCD,universe,US58013MEF77,name_block,58013M,MCDONALDS CORP MEDIUM TERM NTS BOOK ENTR 6.3% 01Mar2038,0
MCD,universe,US58013MEH34,name_block,58013M,MCDONALDS CORP MEDIUM TERM NTS BOOK ENTR 5.7% 01Feb2039,0
MCD,universe,US58013MEK62,name_block,58013M,MCDONALDS CORP MEDIUM TERM NTS BOOK ENTR 4.875% 15Jul2040,0
MCD,universe,US58013MEN02,name_block,58013M,MCDONALDS CORP MEDIUM TERM NTS BOOK ENTR 3.7% 15Feb2042,0
MCD,universe,US58013MER16,name_block,58013M,MCDONALDS CORP MEDIUM TERM NTS BOOK ENTR 3.625% 01May2043,0
MCD,universe,US58013MEV28,name_block,58013M,MCDONALDS CORP MEDIUM TERM NTS BOOK ENTR 4.6% 26May2045,0
MCD,universe,US58013MEZ32,name_block,58013M,MCDONALDS CORP MEDIUM TERM NTS BOOK ENTR 4.7% 09Dec2035,0
MCD,universe,US58013MFA71,name_block,58013M,MCDONALDS CORP MEDIUM TERM NTS BOOK ENTR 4.875% 09Dec2045,0
MCD,universe,US58013MFB54,name_block,58013M,MCDONALDS CORP MEDIUM TERM NTS BOOK ENTR 3.5% 01Mar2027,0
MCD,universe,US58013MFC38,name_block,58013M,MCDONALDS CORP MEDIUM TERM NTS BOOK ENTR 4.45% 01Mar2047,0
MCD,universe,US58013MFF68,name_block,58013M,MCDONALDS CORP MEDIUM TERM NTS BOOK ENTR 3.8% 01Apr2028,0
MCD,universe,US58013MFH25,name_block,58013M,MCDONALDS CORP MEDIUM TERM NTS BOOK ENTR 4.45% 01Sep2048,0
MCD,universe,US58013MFJ80,name_block,58013M,MCDONALDS CORPORATION MTN,0
MCD,universe,US58013MFK53,name_block,58013M,MCDONALDS CORPORATION MTN,0
MCD,universe,US58013MFM10,name_block,58013M,MCDONALDS CORPORATION MTN,0
MCD,universe,US58013MFP41,name_block,58013M,MCDONALDS CORPORATION MTN,0
MCD,universe,US58013MFQ24,name_block,58013M,MCDONALDS CORPORATION MTN,0
MCD,universe,US58013MFR07,name_block,58013M,MCDONALDS CORPORATION MTN,0
MCD,universe,US58013MFS89,name_block,58013M,MCD 4.6 09-SEP-32,0
MCD,universe,US58013MFT62,name_block,58013M,MCD 5.15 09-SEP-52,0
MCK,universe,US581557AM75,cusip6,581557,US581557AM75,1
MCK,universe,US581557BJ38,cusip6,581557,MCKESSON CORP NEW 3.95% 16Feb2028,0
MCK,universe,US581557BN40,cusip6,581557,MCKESSON CORP NEW 4.75% 30May2029,0
MCK,universe,US581557BR53,cusip6,581557,MCK 1.3 15-AUG-26,0
MCO,universe,US615369AE53,cusip6,615369,MOODYS CORP 5.25% 15Jul2044,0
MCO,universe,US615369AM79,cusip6,615369,MOODYS CORP 3.25% 15Jan2028,0
MCO,universe,US615369AP01,cusip6,615369,US615369AP01,1
MCO,universe,US615369AQ83,cusip6,615369,MOODYS CORP 4.875% 17Dec2048,0
MCO,universe,US615369AT23,cusip6,615369,US615369AT23,1
MCO,universe,US615369AU95,cusip6,615369,US615369AU95,1
MCO,universe,US615369AV78,cusip6,615369,MCO 2.75 19-AUG-41,0
MCO,universe,US615369AW51,cusip6,615369,MCO 2 19-AUG-31,0
MCO,universe,US615369AX35,cusip6,615369,MCO 3.1 29-NOV-61,0
MCO,universe,US615369AY18,cusip6,615369,MCO 3.75 25-FEB-52,0
MCO,universe,US615369AZ82,cusip6,615369,MCO 4.25 08-AUG-32,0
MDLZ,universe,US609207AM78,cusip6,609207,MONDELEZ INTL INC 4.125% 07May2028,0
MDLZ,universe,US609207AT22,cusip6,609207,MONDELEZ INTERNATIONAL INC,0
MDLZ,universe,US609207AW50,cusip6,609207,MONDELEZ INTERNATIONAL INC,0
MDLZ,universe,US609207AX34,cusip6,609207,US609207AX34,1
MDLZ,universe,US609207AY17,cusip6,609207,US609207AY17,1
MDLZ,universe,US609207BA22,cusip6,609207,MDLZ 2.625 17-MAR-27,0
MDLZ,universe,US609207BB05,cusip6,609207,MDLZ 3 17-MAR-32,0
MDLZ,universe,US60920LAR50,name_block,60920L,MDLZ 1.25 24-SEP-26,0
MDT,universe,US585055BT26,cusip6,585055,MEDTRONIC INC 4.375% 15Mar2035,0
MDT,universe,US585055BU98,cusip6,585055,MEDTRONIC INC 4.625% 15Mar2045,0
MET,universe,US58989V2D54,name_block,58989V,MET 1.25 14-SEP-26,0
MET,universe,US59156RAE80,cusip6,59156R,METLIFE INC 6.5% 15Dec2032,0
MET,universe,US59156RAJ77,cusip6,59156R,METLIFE INC 6.375% 15Jun2034,0
MET,universe,US59156RAM07,cusip6,59156R,METLIFE INC 5.7% 15Jun2035,0
MET,universe,US59156RAP38,cusip6,59156R,US59156RAP38,1
MET,universe,US59156RAV06,cusip6,59156R,US59156RAV06,1
MET,universe,US59156RAY45,cusip6,59156R,METLIFE INC 5.875% 06Feb2041,0
MET,universe,US59156RBD98,cusip6,59156R,METLIFE INC 4.125% 13Aug2042,0
MET,universe,US59156RBG20,cusip6,59156R,METLIFE INC 4.875% 13Nov2043,0
MET,universe,US59156RBL15,cusip6,59156R,US59156RBL15,1
MET,universe,US59156RBN70,cusip6,59156R,METLIFE INC 4.05% 01Mar2045,0
MET,universe,US59156RBR84,cusip6,59156R,METLIFE INC 4.6% 13May2046,0
MET,universe,US59156RBS67,cusip6,59156R,US59156RBS67,1
MET,universe,US59156RBT41,cusip6,59156R,MET 5.875,0
MET,universe,US59156RBZ01,cusip6,59156R,METLIFE INC,0
MET,universe,US59156RCC07,cusip6,59156R,MET 5 15-JUL-52,0
MET,universe,US59156RCD89,cusip6,59156R,MET 5.25 15-JAN-54,0
MET,universe,US592179KF10,name_block,592179,MET 5.05 06-JAN-28,0
MET,universe,US59217GBY44,name_block,59217G,US59217GBY44,1
MET,universe,US59217GCK31,name_block,59217G,US59217GCK31,1
MET,universe,US59217GDC06,name_block,59217G,US59217GDC06,1
MET,universe,US59217GEG01,name_block,59217G,US59217GEG01,1
MET,universe,US59217GER65,name_block,59217G,MET 1.875 11-JAN-27,0
MET,universe,US59217GET22,name_block,59217G,MET 2.4 11-JAN-32,0
MET,universe,US59217GEZ81,name_block,59217G,MET 3.3 21-MAR-29,0
MET,universe,US59217GFB05,name_block,59217G,MET 4.4 30-JUN-27,0
MET,universe,US59217GFD60,name_block,59217G,MET 4.3 25-AUG-29,0
MET,universe,US59217GGU76,name_block,59217G,MET 1.55 07-JAN-31,0
META,universe,US30303M8G02,cusip6,30303M,META 3.5 15-AUG-27,0
META,universe,US30303M8H84,cusip6,30303M,META 3.85 15-AUG-32,0
META,universe,US30303M8J41,cusip6,30303M,META 4.45 15-AUG-52,0
META,universe,US30303M8K14,cusip6,30303M,META 4.65 15-AUG-62,0
MGM,universe,US552953CD18,cusip6,552953,MGM Resorts International 4.625% 1sep2026 USD,0
MGM,universe,US552953CF65,cusip6,552953,MGM RESORTS INTL 5.5% 15Apr2027,0
MGM,universe,US552953CH22,cusip6,552953,MGM RESORTS INTL 4.75% 15Oct2028,0
MGM,universe,US55303XAB10,name_block,55303X,MGM Growth Properties Operating Partnership 4.5% 1sep2026 USD,0
MKC,universe,US579780AN77,cusip6,579780,MCCORMICK & CO INC 3.4% 15Aug2027,0
MKC,universe,US579780AQ09,cusip6,579780,US579780AQ09,1
MKC,universe,US579780AS64,cusip6,579780,MKC 1.85 15-FEB-31,0
MLM,universe,US573284AJ51,cusip6,573284,MARTIN MARIETTA MATLS INC 6.25% 01May2037,0
MLM,universe,US573284AQ94,cusip6,573284,MARTIN MARIETTA MATLS INC 3.45% 01Jun2027,0
MLM,universe,US573284AT34,cusip6,573284,MARTIN MARIETTA MATLS INC 3.5% 15Dec2027,0
MLM,universe,US573284AU07,cusip6,573284,MARTIN MARIETTA MATLS INC 4.25% 15Dec2047,0
MLM,universe,US573284AV89,cusip6,573284,US573284AV89,1
MLM,universe,US573284AW62,cusip6,573284,MARTIN MARIETTA MATERIALS INC,0
MLM,universe,US573284AX46,cusip6,573284,MARTIN MARIETTA MATERIALS INC,0
MMM,universe,US88579YAV39,cusip6,88579Y,3M CO 2.25% 19Sep2026,0
MMM,universe,US88579YAW12,cusip6,88579Y,3M CO 3.125% 19Sep2046,0
MMM,universe,US88579YAY77,cusip6,88579Y,3M CO 2.875% 15Oct2027,0
MMM,universe,US88579YAZ43,cusip6,88579Y,3M CO 3.625% 15Oct2047,0
MMM,universe,US88579YBC49,cusip6,88579Y,3M CO 3.625% 14Sep2028,0
MMM,universe,US88579YBD22,cusip6,88579Y,3M CO 4% 14Sep2048,0
MMM,universe,US88579YBG52,cusip6,88579Y,3M CO MTN,0
MMM,universe,US88579YBJ91,cusip6,88579Y,3M CO,0
MMM,universe,US88579YBK64,cusip6,88579Y,3M CO,0
MMM,universe,US88579YBN04,cusip6,88579Y,3M Co. 305% 20/30,0
MMM,universe,US88579YBP51,cusip6,88579Y,US88579YBP51,1
MO,universe,US02209SAE37,name_block,02209S,Altria Group 9.95% 10nov2038,0
MO,universe,US02209SAM52,name_block,02209S,ALTRIA GROUP INC 4.25% 09Aug2042,0
MO,universe,US02209SAQ66,name_block,02209S,ALTRIA GROUP INC 4.5% 02May2043,0
MO,universe,US02209SAR40,name_block,02209S,ALTRIA GROUP INC 5.375% 31Jan2044,0
MO,universe,US02209SAU78,name_block,02209S,ALTRIA GROUP INC 2.625% 16Sep2026,0
MO,universe,US02209SAV51,name_block,02209S,ALTRIA GROUP INC 3.875% 16Sep2046,0
MO,universe,US02209SBD45,name_block,02209S,Altria Group Inc. 48% 19/29,0
MO,universe,US02209SBE28,name_block,02209S,ALTRIA GROUP INC,0
MO,universe,US02209SBF92,name_block,02209S,ALTRIA GROUP INC 5.95% 14Feb2049,0
MO,universe,US02209SBG75,name_block,02209S,US02209SBG75,1
MO,universe,US02209SBJ15,name_block,02209S,ALTRIA GROUP INC,0
MO,universe,US02209SBK87,name_block,02209S,US02209SBK87,1
MO,universe,US02209SBL60,name_block,02209S,ALTRIA GROUP INC,0
MO,universe,US02209SBM44,name_block,02209S,ALTRIA GROUP INC,0
MO,universe,US02209SBN27,name_block,02209S,ALTRIA GROUP INC,0
MO,universe,US02209SBP74,name_block,02209S,ALTRIA GROUP INC,0
MO,universe,US718154CF28,cusip6,718154,PHILIP MORRIS COS INC 7.75% 15Jan2027,0
MOS,universe,US449669AK64,cusip6,449669,IMC GLOBAL INC 7.3% 15Jan2028,0
MOS,universe,US61945CAB90,name_block,61945C,MOSAIC CO NEW 4.875% 15Nov2041,0
MOS,universe,US61945CAD56,name_block,61945C,MOSAIC CO NEW 5.45% 15Nov2033,0
MOS,universe,US61945CAE30,name_block,61945C,MOSAIC CO NEW 5.625% 15Nov2043,0
MOS,universe,US61945CAG87,name_block,61945C,MOSAIC CO NEW 4.05% 15Nov2027,0
MPC,universe,US56585AAF93,cusip6,56585A,MARATHON PETE CORP 6.5% 01Mar2041,0
MPC,universe,US56585AAH59,cusip6,56585A,MARATHON PETE CORP 4.75% 15Sep2044,0
MPC,universe,US56585AAJ16,cusip6,56585A,MARATHON PETE CORP 5% 15Sep2054,0
MPC,universe,US56585AAM45,cusip6,56585A,MARATHON PETE CORP 5.85% 15Dec2045,0
MPC,universe,US56585ABC53,cusip6,56585A,US56585ABC53,1
MPC,universe,US56585ABD37,cusip6,56585A,US56585ABD37,1
MPC,universe,US56585ABE10,cusip6,56585A,US56585ABE10,1
MRK,universe,US589331AD98,name_block,589331,MERCK & CO INC 6.4% 01Mar2028,0
MRK,universe,US589331AE71,name_block,589331,MERCK & CO INC 5.95% 01Dec2028,0
MRK,universe,US589331AS67,name_block,589331,MERCK & CO INC 3.6% 15Sep2042,0
MRK,universe,US58933YAJ47,name_block,58933Y,MERCK & CO INC NEW 4.15% 18May2043,0
MRK,universe,US58933YAT29,name_block,58933Y,MERCK & CO INC NEW 3.7% 10Feb2045,0
MRK,universe,US58933YAV74,name_block,58933Y,MERCK & CO INC,0
MRK,universe,US58933YAW57,name_block,58933Y,MERCK & CO INC,0
MRK,universe,US58933YAX31,name_block,58933Y,MERCK & CO INC,0
MRK,universe,US58933YAZ88,name_block,58933Y,MERCK & CO INC,0
MRK,universe,US58933YBA29,name_block,58933Y,MERCK & CO INC,0
MRK,universe,US58933YBB02,name_block,58933Y,MERCK & CO INC,0
MRK,universe,US58933YBC84,name_block,58933Y,MRK 1.7 10-JUN-27,0
MRK,universe,US58933YBD67,name_block,58933Y,MRK 1.9 10-DEC-28,0
MRK,universe,US58933YBE41,name_block,58933Y,MRK 2.15 10-DEC-31,0
MRK,universe,US58933YBF16,name_block,58933Y,MRK 2.75 10-DEC-51,0
MRK,universe,US58933YBG98,name_block,58933Y,MRK 2.9 10-DEC-61,0
MRSH,universe,US571748AK86,name_only,571748,MARSH & MCLENNAN COS INC 5.875% 01Aug2033,0
MRSH,universe,US571748BC51,name_only,571748,MARSH & MCLENNAN COS INC 4.35% 30Jan2047,0
MRSH,universe,US571748BD35,name_only,571748,MARSH & MCLENNAN COS INC 4.2% 01Mar2048,0
MRSH,universe,US571748BG65,name_only,571748,MARSH & MCLENNAN COS INC 4.375% 15Mar2029,0
MRSH,universe,US571748BH49,name_only,571748,MARSH & MCLENNAN COS INC 4.75% 15Mar2039,0
MRSH,universe,US571748BJ05,name_only,571748,MARSH & MCLENNAN COS INC 4.9% 15Mar2049,0
MRSH,universe,US571748BN17,name_only,571748,MARSH & MCLENNAN COMPANIES INC,0
MRVL,universe,US57385LAB45,name_block,57385L,MARVELL TECHNOLOGY GROUP LTD 4.875% 22Jun2028,0
MRVL,universe,US573874AF10,name_block,573874,MRVL 2.45 15-APR-28,0
MRVL,universe,US573874AJ32,name_block,573874,MRVL 2.95 15-APR-31,0
MRVL,universe,US573874AN44,name_block,573874,MRVL 4.875 22-JUN-28,0
MS,universe,US6174467Y92,name_block,617446,MORGAN STANLEY 4.35% 08Sep2026,0
MS,universe,US6174468G77,name_block,617446,Morgan Stanley 4.431% 23jan2030 USD,0
MS,universe,US6174468L62,name_block,617446,Morgan Stanley 2.699% 20jan2031 USD,0
MS,universe,US6174468N29,name_block,617446,MORGAN STANLEY MTN,0
MS,universe,US6174468P76,name_block,617446,MORGAN STANLEY,0
MS,universe,US6174468U61,name_block,617446,MORGAN STANLEY MTN,0
MS,universe,US6174468X01,name_block,617446,MORGAN STANLEY,0
MS,universe,US6174468Y83,name_block,617446,MORGAN STANLEY MTN,0
MS,universe,US617446HD43,name_block,617446,MORGAN STANLEY 7.25% 01Apr2032,0
MS,universe,US61744YAK47,name_block,61744Y,Morgan Stanley Jul 2028,0
MS,universe,US61744YAL20,name_block,61744Y,Morgan Stanley 3.971% 22jul2038 USD,0
MS,universe,US61744YAP34,name_block,61744Y,Morgan Stanley 3.772% 24jan2029 USD,0
MS,universe,US61744YAR99,name_block,61744Y,Morgan Stanley 4.457% 22apr2039 USD,0
MS,universe,US61746BCY02,name_block,61746B,MORGAN STANLEY 6.25% 09Aug2026,0
MS,universe,US61746BEF94,name_block,61746B,MORGAN STANLEY 3.625% 20Jan2027,0
MS,universe,US61746BEG77,name_block,61746B,MORGAN STANLEY 4.375% 22Jan2047,0
MS,universe,US61747YDY86,name_only,61747Y,MORGAN STANLEY 4.3% 27Jan2045,0
MS,universe,US61747YED31,name_only,61747Y,MORGAN STANLEY MTN,0
MS,universe,US617482V925,name_block,617482,MORGAN STANLEY 6.375% 24Jul2042,0
MS,universe,US61761J3R84,name_block,61761J,MORGAN STANLEY 3.125% 27Jul2026,0
MS,universe,US61761JZN26,name_block,61761J,MORGAN STANLEY 3.95% 23Apr2027,0
MS,universe,US61772BAC72,name_block,61772B,MORGAN STANLEY,0
MSCI,universe,US55354GAH39,cusip6,55354G,MSCI Inc 4% 15nov2029 USD,0
MSCI,universe,US55354GAK67,cusip6,55354G,MSCI Inc 3.625% 1sep2030 USD,0
MSCI,universe,US55354GAL41,cusip6,55354G,MSCI Inc 3.875% 15feb2031 USD,0
MSCI,universe,US55354GAM24,cusip6,55354G,US55354GAM24,1
MSCI,universe,US55354GAQ38,cusip6,55354G,US55354GAQ38,1
MSCI,universe,USU5521TAE20,name_block,U5521T,MSCI 4 15-NOV-29,0
MSCI,universe,USU5521TAG77,name_block,U5521T,MSCI 3.625 01-SEP-30,0
MSFT,universe,US00507VAK52,name_block,00507V,ACTIVISION BLIZZARD INC 3.4% 15Sep2026,0
MSFT,universe,US00507VAM19,name_block,00507V,ACTIVISION BLIZZARD INC 3.4% 15Jun2027,0
MSFT,universe,US00507VAP40,name_block,00507V,US00507VAP40,1
MSFT,universe,US00507VAQ23,name_block,00507V,ACTIVISION BLIZZARD INC,0
MSFT,universe,US594918AD65,cusip6,594918,MICROSOFT CORP 5.2% 01Jun2039,0
MSFT,universe,US594918AJ36,cusip6,594918,MICROSOFT CORP 4.5% 01Oct2040,0
MSFT,universe,US594918AM64,cusip6,594918,MICROSOFT CORP 5.3% 08Feb2041,0
MSFT,universe,US594918AR51,cusip6,594918,MICROSOFT CORP 3.5% 15Nov2042,0
MSFT,universe,US594918AU80,cusip6,594918,MICROSOFT CORP 3.75% 01May2043,0
MSFT,universe,US594918BC73,cusip6,594918,MICROSOFT CORP 3.5% 12Feb2035,0
MSFT,universe,US594918BD56,cusip6,594918,MICROSOFT CORP 3.75% 12Feb2045,0
MSFT,universe,US594918BE30,cusip6,594918,MICROSOFT CORP 4% 12Feb2055,0
MSFT,universe,US594918BK99,cusip6,594918,MICROSOFT CORP 4.2% 03Nov2035,0
MSFT,universe,US594918BL72,cusip6,594918,MICROSOFT CORP 4.45% 03Nov2045,0
MSFT,universe,US594918BM55,cusip6,594918,MICROSOFT CORP 4.75% 03Nov2055,0
MSFT,universe,US594918BR43,cusip6,594918,MICROSOFT CORP 2.4% 08Aug2026,0
MSFT,universe,US594918BS26,cusip6,594918,MICROSOFT CORP 3.45% 08Aug2036,0
MSFT,universe,US594918BT09,cusip6,594918,MICROSOFT CORP 3.7% 08Aug2046,0
MSFT,universe,US594918BU71,cusip6,594918,MICROSOFT CORP 3.95% 08Aug2056,0
MSFT,universe,US594918BY93,cusip6,594918,MICROSOFT CORP 3.3% 06Feb2027,0
MSFT,universe,US594918BZ68,cusip6,594918,MICROSOFT CORP 4.1% 06Feb2037,0
MSFT,universe,US594918CA09,cusip6,594918,MICROSOFT CORP 4.25% 06Feb2047,0
MSFT,universe,US594918CB81,cusip6,594918,MICROSOFT CORP 4.5% 06Feb2057,0
MSFT,universe,US594918CC64,cusip6,594918,MICROSOFT CORPORATION,0
MSFT,universe,US594918CD48,cusip6,594918,MICROSOFT CORPORATION,0
MSFT,universe,US594918CE21,cusip6,594918,MICROSOFT CORPORATION,0
MSFT,universe,US594918CF95,cusip6,594918,MICROSOFT CORPORATION,0
MSI,universe,US620076AM16,cusip6,620076,MOTOROLA SOLUTIONS INC 5.22% 01Oct2097,0
MSI,universe,US620076AP47,cusip6,620076,MOTOROLA SOLUTIONS INC 6.5% 15Nov2028,0
MSI,universe,US620076BE80,cusip6,620076,MOTOROLA SOLUTIONS INC 5.5% 01Sep2044,0
MSI,universe,US620076BL24,cusip6,620076,MOTOROLA SOLUTIONS INC 4.6% 23Feb2028,0
MSI,universe,US620076BN89,cusip6,620076,MOTOROLA SOLUTIONS INC,0
MSI,universe,US620076BT59,cusip6,620076,MOTOROLA SOLUTIONS INC,0
MSI,universe,US620076BU23,cusip6,620076,MOTOROLA SOLUTIONS INC,0
MSI,universe,US620076BW88,cusip6,620076,MSI 5.6 01-JUN-32,0
MTB,universe,US55261FAH73,name_block,55261F,MTB 5.125,0
MTB,universe,US55261FAN42,name_block,55261F,MTB 3.5,0
MTB,universe,US55261FAQ72,name_block,55261F,MTB 4.553 16-AUG-28,0
MTB,universe,US55261FAR55,name_block,55261F,MTB 5.053 27-JAN-34,0
MTB,universe,US55279HAQ39,name_block,55279H,US55279HAQ39,1
MTB,universe,US55279HAW07,name_block,55279H,MTB 4.7 27-JAN-28,0
MU,universe,US595112BS19,cusip6,595112,MU 2.703 15-APR-32,0
MU,universe,US595112BT91,cusip6,595112,MU 3.366 01-NOV-41,0
MU,universe,US595112BU64,cusip6,595112,MU 3.477 01-NOV-51,0
MU,universe,US595112BZ51,cusip6,595112,MU 5.875 09-FEB-33,0
NDAQ,universe,US631103AM02,cusip6,631103,NDAQ 3.95 07-MAR-52,0
NEE,universe,US302570AW69,name_block,302570,NEE 6.82136 01-OCT-66,0
NEE,universe,US302570AX43,name_block,302570,NEE 6.894 15-JUN-67,0
NEE,universe,US341081FX06,name_only,341081,FLORIDA POWER & LIGHT CO,0
NEE,universe,US341081GE16,name_only,341081,NEE 2.875 04-DEC-51,0
NEE,universe,US341081GG63,name_only,341081,NEE 2.45 03-FEB-32,0
NEE,universe,US341081GK75,name_only,341081,NEE 5.05 01-APR-28,0
NEE,universe,US341081GL58,name_only,341081,NEE 5.1 01-APR-33,0
NEE,universe,US341081GM32,name_only,341081,NEE 5.3 01-APR-53,0
NEE,universe,US65339KAT79,name_block,65339K,NEXTERA ENERGY CAP HLDGS INC 3.55% 01May2027,0
NEE,universe,US65339KAV26,name_block,65339K,US65339KAV26,1
NEE,universe,US65339KBJ88,name_block,65339K,US65339KBJ88,1
NEE,universe,US65339KBK51,name_block,65339K,US65339KBK51,1
NEE,universe,US65339KBM18,name_block,65339K,NEXTERA ENERGY CAPITAL HOLDINGS IN,0
NEE,universe,US65339KBR05,name_block,65339K,NEXTERA ENERGY CAPITAL HOLDINGS IN,0
NEE,universe,US65339KBW99,name_block,65339K,NEXTERA ENERGY CAPITAL HOLDINGS IN,0
NEE,universe,US65339KBY55,name_block,65339K,NEE 1.875 15-JAN-27,0
NEE,universe,US65339KBZ21,name_block,65339K,NEE 2.44 15-JAN-32,0
NEE,universe,US65339KCA60,name_block,65339K,NEE 3 15-JAN-52,0
NEE,universe,US65339KCB44,name_block,65339K,NEE 3.8 15-MAR-82,0
NEE,universe,US65339KCH14,name_block,65339K,NEE 4.625 15-JUL-27,0
NEE,universe,US65339KCJ79,name_block,65339K,NEE 5 15-JUL-32,0
NEE,universe,US65339KCM09,name_block,65339K,NEE 4.9 28-FEB-28,0
NEE,universe,US65339KCN81,name_block,65339K,NEE 5 28-FEB-30,0
NEE,universe,US65339KCP30,name_block,65339K,NEE 5.05 28-FEB-33,0
NEE,universe,US65339KCQ13,name_block,65339K,NEE 5.25 28-FEB-53,0
NEE,universe,US65342QAB86,name_block,65342Q,NextEra Energy Operating Partners 4.5% 15sep2027 USD,0
NEM,universe,US651639AE60,cusip6,651639,NEWMONT MNG CORP 5.875% 01Apr2035,0
NEM,universe,US651639AM86,cusip6,651639,NEWMONT MNG CORP 6.25% 01Oct2039,0
NEM,universe,US651639AP18,cusip6,651639,NEWMONT MNG CORP 4.875% 15Mar2042,0
NEM,universe,US651639AV85,cusip6,651639,US651639AV85,1
NEM,universe,US651639AW68,cusip6,651639,US651639AW68,1
NEM,universe,US651639AX42,cusip6,651639,US651639AX42,1
NEM,universe,US651639AY25,cusip6,651639,NEWMONT 20/30,0
NEM,universe,US651639AZ99,cusip6,651639,NEM 2.6 15-JUL-32,0
NFLX,universe,US64110LAN64,cusip6,64110L,NetFlix 4.375% 15nov2026 USD,0
NFLX,universe,US64110LAS51,cusip6,64110L,NetFlix 4.875% 15apr2028 USD,0
NFLX,universe,US64110LAT35,cusip6,64110L,NetFlix 5.875% 15nov2028 USD,0
NFLX,universe,US64110LAU08,cusip6,64110L,NetFlix 5.375% 15nov2029 USD,0
NFLX,universe,US64110LAV80,cusip6,64110L,NetFlix 4.875% 15jun2030 USD,0
NFLX,universe,US64110LAX47,cusip6,64110L,NETFLIX INC 6.375% 15May2029,0
NFLX,universe,USU74079AN15,name_block,U74079,NFLX 5.375 15-NOV-29,0
NFLX,universe,USU74079AQ46,name_block,U74079,NFLX 4.875 15-JUN-30,0
NI,universe,US65473PAH82,cusip6,65473P,NISOURCE INC,0
NI,universe,US65473PAJ49,cusip6,65473P,NISOURCE INC,0
NI,universe,US65473PAL94,cusip6,65473P,NISOURCE INC,0
NI,universe,US65473PAM77,cusip6,65473P,NI 5 15-JUN-52,0
NI,universe,US65473QAX16,name_block,65473Q,NISOURCE FIN CORP 5.95% 15Jun2041,0
NI,universe,US65473QBB86,name_block,65473Q,NISOURCE FIN CORP 5.25% 15Feb2043,0
NI,universe,US65473QBC69,name_block,65473Q,NISOURCE FIN CORP 4.8% 15Feb2044,0
NI,universe,US65473QBD43,name_block,65473Q,NISOURCE FIN CORP 5.65% 01Feb2045,0
NI,universe,US65473QBE26,name_block,65473Q,NISOURCE FIN CORP 3.49% 15May2027,0
NI,universe,US65473QBF90,name_block,65473Q,NISOURCE FIN CORP 4.375% 15May2047,0
NI,universe,US65473QBG73,name_block,65473Q,NISOURCE FIN CORP 3.95% 30Mar2048,0
NKE,universe,US654106AD51,cusip6,654106,NIKE INC 3.625% 01May2043,0
NKE,universe,US654106AE35,cusip6,654106,NIKE INC 3.875% 01Nov2045,0
NKE,universe,US654106AF00,cusip6,654106,NIKE INC 2.375% 01Nov2026,0
NKE,universe,US654106AG82,cusip6,654106,NIKE INC 3.375% 01Nov2046,0
NKE,universe,US654106AJ22,cusip6,654106,NIKE INC,0
NKE,universe,US654106AK94,cusip6,654106,NIKE INC,0
NKE,universe,US654106AL77,cusip6,654106,NIKE INC,0
NKE,universe,US654106AM50,cusip6,654106,NIKE INC,0
NOC,universe,US666807AW21,cusip6,666807,NORTHROP GRUMMAN CORP 7.75% 15Feb2031,0
NOC,universe,US666807BH45,cusip6,666807,NORTHROP GRUMMAN CORP 4.75% 01Jun2043,0
NOC,universe,US666807BJ01,cusip6,666807,NORTHROP GRUMMAN CORP 3.85% 15Apr2045,0
NOC,universe,US666807BK73,cusip6,666807,NORTHROP GRUMMAN CORP 3.2% 01Feb2027,0
NOC,universe,US666807BN13,cusip6,666807,NORTHROP GRUMMAN CORP 3.25% 15Jan2028,0
NOC,universe,US666807BP60,cusip6,666807,NORTHROP GRUMMAN CORP 4.03% 15Oct2047,0
NOC,universe,US666807BS00,cusip6,666807,NORTHROP GRUMMAN CORP,0
NOC,universe,US666807BT82,cusip6,666807,US666807BT82,1
NOC,universe,US666807BU55,cusip6,666807,NORTHROP GRUMMAN CORP,0
NOC,universe,US666807CE05,cusip6,666807,NOC 7.75 15-FEB-31,0
NOC,universe,US666807CH36,cusip6,666807,NOC 4.7 15-MAR-33,0
NOC,universe,US666807CJ91,cusip6,666807,NOC 4.95 15-MAR-53,0
NOW,universe,US81762PAE25,cusip6,81762P,US81762PAE25,1
NRG,universe,US629377CE03,cusip6,629377,NRG Energy 5.75% 15jan2028 USD,0
NRG,universe,US629377CH34,cusip6,629377,NRG Energy 5.25% 15jun2029 USD,0
NRG,universe,US629377CL46,cusip6,629377,US629377CL46,1
NRG,universe,US629377CP59,cusip6,629377,US629377CP59,1
NRG,universe,US629377CQ33,cusip6,629377,US629377CQ33,1
NRG,universe,US629377CR16,cusip6,629377,US629377CR16,1
NRG,universe,US629377CS98,cusip6,629377,US629377CS98,1
NRG,universe,US629377CT71,cusip6,629377,NRG 7 15-MAR-33,0
NRG,universe,US629377CU45,cusip6,629377,NRG 10.25,0
NRG,universe,USU66962AS73,name_block,U66962,NRG 4.45 15-JUN-29,0
NRG,universe,USU66962AW85,name_block,U66962,NRG 3.625 15-FEB-31,0
NSC,universe,US655844AX69,cusip6,655844,NORFOLK SOUTHN CORP 5.64% 17May2029,0
NSC,universe,US655844BH01,cusip6,655844,NORFOLK SOUTHN CORP 4.837% 01Oct2041,0
NSC,universe,US655844BM95,cusip6,655844,NORFOLK SOUTHN CORP 3.95% 01Oct2042,0
NSC,universe,US655844BR82,cusip6,655844,NORFOLK SOUTHN CORP 4.65% 15Jan2046,0
NSC,universe,US655844BT49,cusip6,655844,NORFOLK SOUTHN CORP 3.15% 01Jun2027,0
NSC,universe,US655844BV94,cusip6,655844,Norfolk Southern Corp. 405% 17/52,0
NSC,universe,US655844BX50,cusip6,655844,NORFOLK SOUTHN CORP 3.942% 01Nov2047,0
NSC,universe,US655844BY34,cusip6,655844,NORFOLK SOUTHN CORP 4.15% 28Feb2048,0
NSC,universe,US655844BZ09,cusip6,655844,NORFOLK SOUTHN CORP 3.8% 01Aug2028,0
NSC,universe,US655844CB22,cusip6,655844,NORFOLK SOUTHN CORP 5.1% 01Aug2118,0
NSC,universe,US655844CC05,cusip6,655844,US655844CC05,1
NSC,universe,US655844CD87,cusip6,655844,US655844CD87,1
NSC,universe,US655844CE60,cusip6,655844,US655844CE60,1
NSC,universe,US655844CF36,cusip6,655844,NORFOLK SOUTHERN CORPORATION,0
NSC,universe,US655844CH91,cusip6,655844,NORFOLK SOUTHERN CORPORATION,0
NSC,universe,US655844CJ57,cusip6,655844,NSC 4.1 15-MAY-21,0
NSC,universe,US655844CK21,cusip6,655844,NSC 2.3 15-MAY-31,0
NSC,universe,US655844CL04,cusip6,655844,NSC 2.9 25-AUG-51,0
NSC,universe,US655844CM86,cusip6,655844,NSC 3 15-MAR-32,0
NSC,universe,US655844CN69,cusip6,655844,NSC 3.7 15-MAR-53,0
NSC,universe,US655844CP18,cusip6,655844,NSC 4.55 01-JUN-53,0
NSC,universe,US655844CQ90,cusip6,655844,NSC 4.45 01-MAR-33,0
NTRS,universe,US665859AQ77,cusip6,665859,NTRS 4.6,0
NTRS,universe,US665859AS34,cusip6,665859,US665859AS34,1
NTRS,universe,US665859AT17,cusip6,665859,NORTHERN TR CORP 3.65% 03Aug2028,0
NTRS,universe,US665859AU89,cusip6,665859,US665859AU89,1
NTRS,universe,US665859AV62,cusip6,665859,NORTHERN TRUST CORPORATION,0
NTRS,universe,US665859AW46,cusip6,665859,NTRS 4 10-MAY-27,0
NTRS,universe,US665859AX29,cusip6,665859,NTRS 6.125 02-NOV-32,0
NUE,universe,US670346AH87,cusip6,670346,NUCOR CORP 6.4% 01Dec2037,0
NUE,universe,US670346AN55,cusip6,670346,NUCOR CORP 5.2% 01Aug2043,0
NUE,universe,US670346AP04,cusip6,670346,NUCOR CORP 3.95% 01May2028,0
NUE,universe,US670346AQ86,cusip6,670346,NUCOR CORP 4.4% 01May2048,0
NUE,universe,US670346AS43,cusip6,670346,US670346AS43,1
NUE,universe,US670346AU98,cusip6,670346,NUE 2.979 15-DEC-55,0
NUE,universe,US670346AV71,cusip6,670346,NUE 3.125 01-APR-32,0
NUE,universe,US670346AW54,cusip6,670346,NUE 3.85 01-APR-52,0
NUE,universe,US670346AY11,cusip6,670346,NUE 4.3 23-MAY-27,0
NVDA,universe,US67066GAE44,cusip6,67066G,NVIDIA CORP 3.2% 16Sep2026,0
NVDA,universe,US67066GAF19,cusip6,67066G,NVIDIA CORPORATION,0
NVDA,universe,US67066GAG91,cusip6,67066G,NVIDIA CORPORATION,0
NVDA,universe,US67066GAH74,cusip6,67066G,NVIDIA CORPORATION,0
NVDA,universe,US67066GAJ31,cusip6,67066G,US67066GAJ31,1
NVDA,universe,US67066GAM69,cusip6,67066G,NVIDIA CORPORATION,0
NVDA,universe,US67066GAN43,cusip6,67066G,NVIDIA CORPORATION,0
NVR,universe,US62944TAF21,cusip6,62944T,US62944TAF21,1
NWS,universe,US65249BAA70,cusip6,65249B,US65249BAA70,1
NWS,universe,US65249BAB53,cusip6,65249B,US65249BAB53,1
NWSA,universe,USU9598QAA68,name_block,U9598Q,NWSA 3.875 15-MAY-29,0
NXPI,universe,US62954HAJ77,name_block,62954H,NXPI 2.65 15-FEB-32,0
NXPI,universe,US62954HAN89,name_block,62954H,NXPI 3.25 30-NOV-51,0
NXPI,universe,US62954HAU23,name_block,62954H,NXPI 3.25 11-MAY-41,0
NXPI,universe,US62954HAV06,name_block,62954H,NXPI 4.3 18-JUN-29,0
NXPI,universe,US62954HAY45,name_block,62954H,NXPI 3.4 01-MAY-30,0
NXPI,universe,US62954HBA59,name_block,62954H,NXPI 2.5 11-MAY-31,0
NXPI,universe,US62954HBB33,name_block,62954H,NXPI 5 15-JAN-33,0
NXPI,universe,US62954HBE71,name_block,62954H,NXPI 4.4 01-JUN-27,0
O,universe,US756109AR55,cusip6,756109,REALTY INCOME CORP 4.125% 15Oct2026,0
O,universe,US756109AS39,cusip6,756109,REALTY INCOME CORP 3% 15Jan2027,0
O,universe,US756109AT12,cusip6,756109,REALTY INCOME CORP 4.65% 15Mar2047,0
O,universe,US756109AU84,cusip6,756109,REALTY INCOME CORP 3.65% 15Jan2028,0
O,universe,US756109AW41,cusip6,756109,US756109AW41,1
O,universe,US756109AX24,cusip6,756109,REALTY INCOME CORPORATION,0
O,universe,US756109BA12,cusip6,756109,US756109BA12,1
O,universe,US756109BG81,cusip6,756109,O 3.95 15-AUG-27,0
O,universe,US756109BH64,cusip6,756109,O 3.4 15-JAN-28,0
O,universe,US756109BJ21,cusip6,756109,US756109BJ21,1
O,universe,US756109BK93,cusip6,756109,O 3.1 15-DEC-29,0
O,universe,US756109BL76,cusip6,756109,O 2.85 15-DEC-32,0
O,universe,US756109BP80,cusip6,756109,O 5.625 13-OCT-32,0
O,universe,US756109BR47,cusip6,756109,O 4.85 15-MAR-30,0
OKE,universe,US682680AB90,cusip6,682680,US682680AB90,1
OKE,universe,US682680AN39,cusip6,682680,ONEOK INC NEW 6% 15Jun2035,0
OKE,universe,US682680AS26,cusip6,682680,ONEOK INC NEW 4% 13Jul2027,0
OKE,universe,US682680AT09,cusip6,682680,ONEOK INC NEW 4.95% 13Jul2047,0
OKE,universe,US682680AU71,cusip6,682680,ONEOK INC NEW 4.55% 15Jul2028,0
OKE,universe,US682680AV54,cusip6,682680,ONEOK INC NEW 5.2% 15Jul2048,0
OKE,universe,US682680AW38,cusip6,682680,US682680AW38,1
OKE,universe,US682680AY93,cusip6,682680,ONEOK INC,0
OKE,universe,US682680AZ68,cusip6,682680,US682680AZ68,1
OKE,universe,US682680BB81,cusip6,682680,ONEOK INC,0
OKE,universe,US682680BC64,cusip6,682680,US682680BC64,1
OKE,universe,US682680BE21,cusip6,682680,US682680BE21,1
OKE,universe,US682680BF95,cusip6,682680,US682680BF95,1
OKE,universe,US682680BG78,cusip6,682680,OKE 6.1 15-NOV-32,0
OKE,universe,US68268NAC74,name_block,68268N,ONEOK PARTNERS L P 6.65% 01Oct2036,0
OKE,universe,US68268NAD57,name_block,68268N,ONEOK PARTNERS L P 6.85% 15Oct2037,0
OKE,universe,US68268NAG88,name_block,68268N,ONEOK PARTNERS L P 6.125% 01Feb2041,0
OKE,universe,US68268NAM56,name_block,68268N,ONEOK PARTNERS L P 6.2% 15Sep2043,0
OMC,universe,US681919BB11,cusip6,681919,US681919BB11,1
OMC,universe,US681919BC93,cusip6,681919,US681919BC93,1
OMC,universe,US681919BD76,cusip6,681919,OMNICOM GROUP INC,0
ON,universe,US682189AQ81,cusip6,682189,ON SEMICONDUCTOR CORP 3.875% 01Sep2028,0
ORCL,universe,US68389XAE58,cusip6,68389X,ORACLE CORP 6.5% 15Apr2038,0
ORCL,universe,US68389XAH89,cusip6,68389X,ORACLE CORP 6.125% 08Jul2039,0
ORCL,universe,US68389XAM74,cusip6,68389X,ORACLE CORP 5.375% 15Jul2040,0
ORCL,universe,US68389XAV73,cusip6,68389X,ORACLE CORP 4.3% 08Jul2034,0
ORCL,universe,US68389XAW56,cusip6,68389X,ORACLE CORP 4.5% 08Jul2044,0
ORCL,universe,US68389XBD66,cusip6,68389X,ORACLE CORP 3.25% 15May2030,0
ORCL,universe,US68389XBE40,cusip6,68389X,ORACLE CORP 3.9% 15May2035,0
ORCL,universe,US68389XBF15,cusip6,68389X,ORACLE CORP 4.125% 15May2045,0
ORCL,universe,US68389XBG97,cusip6,68389X,ORACLE CORP 4.375% 15May2055,0
ORCL,universe,US68389XBH70,cusip6,68389X,ORACLE CORP 3.85% 15Jul2036,0
ORCL,universe,US68389XBJ37,cusip6,68389X,ORACLE CORP 4% 15Jul2046,0
ORCL,universe,US68389XBN49,cusip6,68389X,ORACLE CORP 3.25% 15Nov2027,0
ORCL,universe,US68389XBP96,cusip6,68389X,ORACLE CORP 3.8% 15Nov2037,0
ORCL,universe,US68389XBQ79,cusip6,68389X,ORACLE CORP 4% 15Nov2047,0
ORCL,universe,US68389XBU81,cusip6,68389X,ORACLE CORPORATION,0
ORCL,universe,US68389XBV64,cusip6,68389X,ORACLE CORPORATION,0
ORCL,universe,US68389XBW48,cusip6,68389X,ORACLE CORPORATION,0
ORCL,universe,US68389XBX21,cusip6,68389X,ORACLE CORPORATION,0
ORCL,universe,US68389XBY04,cusip6,68389X,ORACLE CORPORATION,0
ORCL,universe,US68389XBZ78,cusip6,68389X,ORACLE CORPORATION,0
ORCL,universe,US68389XCA19,cusip6,68389X,ORACLE CORPORATION,0
ORCL,universe,US68389XCB91,cusip6,68389X,ORACLE CORPORATION,0
ORCL,universe,US68389XCD57,cusip6,68389X,ORACLE CORPORATION,0
ORCL,universe,US68389XCE31,cusip6,68389X,ORACLE CORPORATION,0
ORCL,universe,US68389XCH61,cusip6,68389X,ORCL 6.15 09-NOV-29,0
ORCL,universe,US68389XCJ28,cusip6,68389X,Oracle Corp. 625% 22/32,0
ORCL,universe,US68389XCK90,cusip6,68389X,ORCL 6.9 09-NOV-52,0
ORCL,universe,US68389XCM56,cusip6,68389X,ORCL 4.5 06-MAY-28,0
ORCL,universe,US68389XCN30,cusip6,68389X,ORCL 4.65 06-MAY-30,0
ORCL,universe,US68389XCP87,cusip6,68389X,ORCL 4.9 06-FEB-33,0
ORCL,universe,US68389XCQ60,cusip6,68389X,ORCL 5.55 06-FEB-53,0
ORLY,universe,US67103HAL15,name_only,67103H,ORLY 4.7 15-JUN-32,0
OTIS,universe,US68902VAJ61,cusip6,68902V,US68902VAJ61,1
OTIS,universe,US68902VAK35,cusip6,68902V,OTIS WORLDWIDE CORP,0
OTIS,universe,US68902VAL18,cusip6,68902V,OTIS WORLDWIDE CORP,0
OTIS,universe,US68902VAM90,cusip6,68902V,US68902VAM90,1
OXY,universe,US674599CF00,cusip6,674599,OCCIDENTAL PETE CORP 4.625% 15Jun2045,0
OXY,universe,US674599CJ22,cusip6,674599,OCCIDENTAL PETE CORP 4.4% 15Apr2046,0
OXY,universe,US674599CL77,cusip6,674599,OCCIDENTAL PETE CORP 4.1% 15Feb2047,0
OXY,universe,US674599CM50,cusip6,674599,OCCIDENTAL PETE CORP 3% 15Feb2027,0
OXY,universe,US674599CN34,cusip6,674599,OCCIDENTAL PETE CORP 4.2% 15Mar2048,0
OXY,universe,US674599CR48,cusip6,674599,Occidental Petroleum 3.2% 15aug2026 USD,0
OXY,universe,US674599CS21,cusip6,674599,Occidental Petroleum 3.5% 15aug2029 USD,0
OXY,universe,US674599CX16,cusip6,674599,Occidental Petroleum 4.3% 15aug2039 USD,0
OXY,universe,US674599CY98,cusip6,674599,Occidental Petroleum 4.4% 15aug2049 USD,0
OXY,universe,US674599DD43,cusip6,674599,Occidental Petroleum 7.5% 1may2031 USD,0
OXY,universe,US674599DE26,cusip6,674599,Occidental Petroleum 7.875% 15sep2031 USD,0
OXY,universe,US674599DF90,cusip6,674599,Occidental Petroleum 6.45% 15sep2036 USD,0
OXY,universe,US674599DH56,cusip6,674599,Occidental Petroleum 7.95% 15jun2039 USD,0
OXY,universe,US674599DJ13,cusip6,674599,Occidental Petroleum 6.2% 15mar2040 USD,0
OXY,universe,US674599DK85,cusip6,674599,OCCIDENTAL PETE CORP 4.5% 15Jul2044,0
OXY,universe,US674599DL68,cusip6,674599,Occidental Petroleum 6.6% 15mar2046 USD,0
OXY,universe,US674599DN25,cusip6,674599,OXY 7.5 15-OCT-26,0
OXY,universe,US674599DT94,cusip6,674599,OXY 7.2 15-MAR-29,0
OXY,universe,US674599DU67,cusip6,674599,OXY 7.95 15-APR-29,0
OXY,universe,US674599DX07,cusip6,674599,OXY 7.5 01-NOV-96,0
OXY,universe,US674599EA94,cusip6,674599,Occidental Petroleum 8.875% 15jul2030 USD,0
OXY,universe,US674599ED34,cusip6,674599,OCCIDENTAL PETE CORP 6.625% 01Sep2030,0
OXY,universe,US674599EF81,cusip6,674599,US674599EF81,1
PCAR,universe,US69371RR654,name_block,69371R,PCAR 2 04-FEB-27,0
PCAR,universe,US69371RS314,name_block,69371R,PCAR 4.6 10-JAN-28,0
PCG,universe,US69331CAH16,cusip6,69331C,PG&E 5% 1jul2028 USD,0
PCG,universe,US69331CAJ71,cusip6,69331C,PG&E 5.25% 1jul2030 USD,0
PCG,universe,US693342AK39,name_block,693342,PCG 5.099 01-JUN-52,0
PCG,universe,US694308JT56,name_only,694308,PCG 3.25 01-JUN-31,0
PCG,universe,US694308JU20,name_only,694308,PCG 4.2 01-JUN-41,0
PCG,universe,US694308KB20,name_only,694308,PCG 4.2 01-MAR-29,0
PCG,universe,US694308KC03,name_only,694308,PCG 4.4 01-MAR-32,0
PCG,universe,US694308KD85,name_only,694308,PCG 5.25 01-MAR-52,0
PCG,universe,US694308KG17,name_only,694308,PCG 5.9 15-JUN-32,0
PCG,universe,US694308KH99,name_only,694308,PCG 6.75 15-JAN-53,0
PCG,universe,US694308KJ55,name_only,694308,PCG 6.15 15-JAN-33,0
PEG,universe,US74456QCG91,name_only,74456Q,PEG 3 01-MAR-51,0
PEG,universe,US74456QCH74,name_only,74456Q,PEG 1.9 15-AUG-31,0
PEG,universe,US74456QCJ31,name_only,74456Q,PEG 3.1 15-MAR-32,0
PEG,universe,US74456QCK04,name_only,74456Q,PEG 4.9 15-DEC-32,0
PEG,universe,US744573AQ91,cusip6,744573,US744573AQ91,1
PEG,universe,US744573AS57,cusip6,744573,PEG 8.625 15-APR-31,0
PEG,universe,US744573AU04,cusip6,744573,PEG 2.45 15-NOV-31,0
PEG,universe,US744573AV86,cusip6,744573,PEG 5.85 15-NOV-27,0
PEP,universe,US713448BP24,cusip6,713448,PEPSICO INC 5.5% 15Jan2040,0
PEP,universe,US713448BS62,cusip6,713448,US713448BS62,1
PEP,universe,US713448BZ06,cusip6,713448,PEPSICO INC 4% 05Mar2042,0
PEP,universe,US713448CC02,cusip6,713448,PEPSICO INC 3.6% 13Aug2042,0
PEP,universe,US713448CQ97,cusip6,713448,PEPSICO INC 4.25% 22Oct2044,0
PEP,universe,US713448DD75,cusip6,713448,PEPSICO INC 4.45% 14Apr2046,0
PEP,universe,US713448DN57,cusip6,713448,PEPSICO INC 2.375% 06Oct2026,0
PEP,universe,US713448DP06,cusip6,713448,PEPSICO INC 3.45% 06Oct2046,0
PEP,universe,US713448DY13,cusip6,713448,PEPSICO INC 3% 15Oct2027,0
PEP,universe,US713448EG97,cusip6,713448,US713448EG97,1
PEP,universe,US713448EL82,cusip6,713448,PEPSICO INC,0
PEP,universe,US713448EM65,cusip6,713448,PEPSICO INC,0
PEP,universe,US713448EP96,cusip6,713448,PEPSICO INC,0
PEP,universe,US713448ER52,cusip6,713448,US713448ER52,1
PEP,universe,US713448ES36,cusip6,713448,PEPSICO INC,0
PEP,universe,US713448ET19,cusip6,713448,PEPSICO INC,0
PEP,universe,US713448EU81,cusip6,713448,PEPSICO INC,0
PEP,universe,US713448EV64,cusip6,713448,PEPSICO INC,0
PEP,universe,US713448EZ78,cusip6,713448,PEPSICO INC,0
PEP,universe,US713448FA19,cusip6,713448,PEPSICO INC,0
PEP,universe,US713448FE31,cusip6,713448,PEP 1.95 21-OCT-31,0
PEP,universe,US713448FF06,cusip6,713448,PEP 2.625 21-OCT-41,0
PEP,universe,US713448FG88,cusip6,713448,PEP 2.75 21-OCT-51,0
PEP,universe,US713448FL73,cusip6,713448,PEP 3.6 18-FEB-28,0
PEP,universe,US713448FM56,cusip6,713448,PEP 3.9 18-JUL-32,0
PEP,universe,US713448FN30,cusip6,713448,PEP 4.2 18-JUL-52,0
PEP,universe,US713448FR44,cusip6,713448,PEP 4.45 15-MAY-28,0
PEP,universe,US713448FS27,cusip6,713448,PEP 4.45 15-FEB-33,0
PEP,universe,US713448FT00,cusip6,713448,PEP 4.65 15-FEB-53,0
PFE,universe,US717081CY74,cusip6,717081,PFIZER INC 7.2% 15Mar2039,0
PFE,universe,US717081DE02,cusip6,717081,PFIZER INC 4.3% 15Jun2043,0
PFE,universe,US717081DK61,cusip6,717081,PFIZER INC 4.4% 15May2044,0
PFE,universe,US717081DT70,cusip6,717081,US717081DT70,1
PFE,universe,US717081EA70,cusip6,717081,PFIZER INC 3% 15Dec2026,0
PFE,universe,US717081EC37,cusip6,717081,PFIZER INC 4% 15Dec2036,0
PFE,universe,US717081ED10,cusip6,717081,PFIZER INC 4.125% 15Dec2046,0
PFE,universe,US717081EJ89,cusip6,717081,PFIZER INC 4.1% 15Sep2038,0
PFE,universe,US717081EK52,cusip6,717081,PFIZER INC 4.2% 15Sep2048,0
PFE,universe,US717081EP40,cusip6,717081,PFIZER INC 3.6% 15Sep2028,0
PFE,universe,US717081ET61,cusip6,717081,PFIZER INC,0
PFE,universe,US717081EU35,cusip6,717081,PFIZER INC,0
PFE,universe,US717081EV18,cusip6,717081,PFIZER INC,0
PFE,universe,US717081EW90,cusip6,717081,PFIZER INC,0
PFE,universe,US717081EY56,cusip6,717081,PFIZER INC,0
PFE,universe,US717081EZ22,cusip6,717081,PFIZER INC,0
PFE,universe,US717081FA61,cusip6,717081,PFIZER INC,0
PFE,universe,US717081FB45,cusip6,717081,PFE 1.75 18-AUG-31,0
PFG,universe,US74251VAA08,cusip6,74251V,PRINCIPAL FINL GROUP INC 6.05% 15Oct2036,0
PFG,universe,US74251VAF94,cusip6,74251V,PRINCIPAL FINL GROUP INC 4.625% 15Sep2042,0
PFG,universe,US74251VAJ17,cusip6,74251V,PRINCIPAL FINL GROUP INC 4.35% 15May2043,0
PFG,universe,US74251VAM46,cusip6,74251V,PRINCIPAL FINL GROUP INC 3.1% 15Nov2026,0
PFG,universe,US74251VAN29,cusip6,74251V,PRINCIPAL FINL GROUP INC 4.3% 15Nov2046,0
PFG,universe,US74251VAR33,cusip6,74251V,US74251VAR33,1
PFG,universe,US74251VAS16,cusip6,74251V,US74251VAS16,1
PFG,universe,US74251VAT98,cusip6,74251V,PFG 5.375 15-MAR-33,0
PFG,universe,US74251VAU61,cusip6,74251V,PFG 5.5 15-MAR-53,0
PFG,universe,US74256LEP04,name_block,74256L,PFG 1.25 16-AUG-26,0
PFG,universe,US74256LES43,name_block,74256L,PFG 1.5 17-NOV-26,0
PG,universe,US742718AV11,cusip6,742718,US742718AV11,1
PG,universe,US742718CB39,cusip6,742718,PROCTER & GAMBLE CO 5.5% 01Feb2034,0
PG,universe,US742718DB20,cusip6,742718,PROCTER & GAMBLE CO 5.8% 15Aug2034,0
PG,universe,US742718DF34,cusip6,742718,PROCTER & GAMBLE CO 5.55% 05Mar2037,0
PG,universe,US742718ER62,cusip6,742718,PROCTER & GAMBLE CO 2.45% 03Nov2026,0
PG,universe,US742718EV74,cusip6,742718,PROCTER & GAMBLE CO 2.85% 11Aug2027,0
PG,universe,US742718FB02,cusip6,742718,PROCTER & GAMBLE CO 3.5% 25Oct2047,0
PG,universe,US742718FG98,cusip6,742718,US742718FG98,1
PG,universe,US742718FH71,cusip6,742718,PROCTER & GAMBLE CO,0
PG,universe,US742718FJ38,cusip6,742718,US742718FJ38,1
PG,universe,US742718FK01,cusip6,742718,US742718FK01,1
PG,universe,US742718FM66,cusip6,742718,PROCTER & GAMBLE CO,0
PG,universe,US742718FQ70,cusip6,742718,PROCTER & GAMBLE CO,0
PG,universe,US742718FV65,cusip6,742718,PG 1.9 01-FEB-27,0
PG,universe,US742718FW49,cusip6,742718,PG 2.3 01-FEB-32,0
PG,universe,US742718FZ79,cusip6,742718,PG 3.95 26-JAN-28,0
PG,universe,US742718GA10,cusip6,742718,PG 4.05 26-JAN-33,0
PGR,universe,US743315AJ20,cusip6,743315,PROGRESSIVE CORP OH 6.625% 01Mar2029,0
PGR,universe,US743315AL75,cusip6,743315,PROGRESSIVE CORP OH 6.25% 01Dec2032,0
PGR,universe,US743315AP89,cusip6,743315,PROGRESSIVE CORP OH 4.35% 25Apr2044,0
PGR,universe,US743315AR46,cusip6,743315,PROGRESSIVE CORP OH 2.45% 15Jan2027,0
PGR,universe,US743315AS29,cusip6,743315,PROGRESSIVE CORP OH 4.125% 15Apr2047,0
PGR,universe,US743315AT02,cusip6,743315,PROGRESSIVE CORP OH 4.2% 15Mar2048,0
PGR,universe,US743315AV57,cusip6,743315,PROGRESSIVE CORP OH 4% 01Mar2029,0
PGR,universe,US743315AW31,cusip6,743315,US743315AW31,1
PGR,universe,US743315AX14,cusip6,743315,US743315AX14,1
PGR,universe,US743315AY96,cusip6,743315,PGR 2.5 15-MAR-27,0
PGR,universe,US743315AZ61,cusip6,743315,PGR 3 15-MAR-32,0
PGR,universe,US743315BA02,cusip6,743315,PGR 3.7 15-MAR-52,0
PH,universe,US701094AJ33,cusip6,701094,PARKER-HANNIFIN CORP 3.25% 01Mar2027,0
PH,universe,US701094AL88,cusip6,701094,PARKER-HANNIFIN CORP 4.1% 01Mar2047,0
PH,universe,US701094AN45,cusip6,701094,PARKER HANNIFIN CORPORATION,0
PH,universe,US701094AP92,cusip6,701094,PARKER HANNIFIN CORPORATION,0
PH,universe,US701094AR58,cusip6,701094,PH 4.25 15-SEP-27,0
PH,universe,US701094AS32,cusip6,701094,PH 4.5 15-SEP-29,0
PH,universe,US70109HAJ41,name_block,70109H,PARKER-HANNIFIN CORP MEDIUM TERM NTS BOO 6.25% 15May2038,0
PH,universe,US70109HAM79,name_block,70109H,PARKER-HANNIFIN CORP MEDIUM TERM NTS BOO 4.2% 21Nov2034,0
PH,universe,US70109HAN52,name_block,70109H,PARKER-HANNIFIN CORP MEDIUM TERM NTS BOO 4.45% 21Nov2044,0
PHM,universe,US745867AM30,cusip6,745867,PulteGroup 7.875% 15jun2032 USD,0
PHM,universe,US745867AP60,cusip6,745867,PulteGroup 6.375% 15may2033 USD,0
PHM,universe,US745867AT82,cusip6,745867,PulteGroup 6% 15feb2035 USD,0
PKG,universe,US695156AT63,cusip6,695156,PACKAGING CORP AMER 3.4% 15Dec2027,0
PKG,universe,US695156AU37,cusip6,695156,US695156AU37,1
PKG,universe,US695156AV10,cusip6,695156,US695156AV10,1
PKG,universe,US695156AW92,cusip6,695156,PKG 3.05 01-OCT-51,0
PLD,universe,US74340XBH35,name_block,74340X,PROLOGIS L P 3.875% 15Sep2028,0
PLD,universe,US74340XBJ90,name_block,74340X,US74340XBJ90,1
PLD,universe,US74340XBK63,name_block,74340X,US74340XBK63,1
PLD,universe,US74340XBL47,name_block,74340X,US74340XBL47,1
PLD,universe,US74340XBM20,name_block,74340X,PROLOGIS LP,0
PLD,universe,US74340XBN03,name_block,74340X,US74340XBN03,1
PLD,universe,US74340XBP50,name_block,74340X,US74340XBP50,1
PLD,universe,US74340XBQ34,name_block,74340X,US74340XBQ34,1
PLD,universe,US74340XBR17,name_block,74340X,PROLOGIS LP,0
PLD,universe,US74340XBS99,name_block,74340X,PLD 1.625 15-MAR-31,0
PLD,universe,US74340XBT72,name_block,74340X,PLD 4.625 15-JAN-33,0
PLD,universe,US74340XBV29,name_block,74340X,PLD 3.375 15-DEC-27,0
PLD,universe,US74340XBX84,name_block,74340X,PLD 4 15-SEP-28,0
PLD,universe,US74340XBY67,name_block,74340X,PLD 2.875 15-NOV-29,0
PLD,universe,US74340XBZ33,name_block,74340X,PLD 1.75 01-JUL-30,0
PLD,universe,US74340XCA72,name_block,74340X,PLD 1.75 01-FEB-31,0
PLD,universe,US74340XCB55,name_block,74340X,PLD 2.25 15-JAN-32,0
PLD,universe,US74340XCC39,name_block,74340X,PLD 3.05 01-MAR-50,0
PM,universe,US718172AC39,cusip6,718172,PHILIP MORRIS INTL INC 6.375% 16May2038,0
PM,universe,US718172AM11,cusip6,718172,PHILIP MORRIS INTL INC 4.375% 15Nov2041,0
PM,universe,US718172AP42,cusip6,718172,PHILIP MORRIS INTL INC 4.5% 20Mar2042,0
PM,universe,US718172AU37,cusip6,718172,PHILIP MORRIS INTL INC 3.875% 21Aug2042,0
PM,universe,US718172AW92,cusip6,718172,PHILIP MORRIS INTL INC 4.125% 04Mar2043,0
PM,universe,US718172BD03,cusip6,718172,PHILIP MORRIS INTL INC 4.875% 15Nov2043,0
PM,universe,US718172BL29,cusip6,718172,PHILIP MORRIS INTL INC 4.25% 10Nov2044,0
PM,universe,US718172CB38,cusip6,718172,PHILIP MORRIS INTL INC 3.125% 17Aug2027,0
PM,universe,US718172CE76,cusip6,718172,PHILIP MORRIS INTL INC 3.125% 02Mar2028,0
PM,universe,US718172CJ63,cusip6,718172,PHILIP MORRIS INTERNATIONAL INC,0
PM,universe,US718172CP24,cusip6,718172,PHILIP MORRIS INTERNATIONAL INC,0
PM,universe,US718172CS62,cusip6,718172,PHILIP MORRIS INTERNATIONAL INC,0
PM,universe,US718172CV91,cusip6,718172,PM 5.125 17-NOV-27,0
PM,universe,US718172CW74,cusip6,718172,PM 5.625 17-NOV-29,0
PM,universe,US718172CX57,cusip6,718172,PM 5.75 17-NOV-32,0
PM,universe,US718172CZ06,cusip6,718172,PM 4.875 15-FEB-28,0
PM,universe,US718172DA46,cusip6,718172,PM 5.125 15-FEB-30,0
PM,universe,US718172DB29,cusip6,718172,PM 5.375 15-FEB-33,0
PM,universe,US718172DF33,cusip6,718172,US718172DF33,1
PNC,universe,US693475AQ81,cusip6,693475,PNC 5,0
PNC,universe,US693475AT21,cusip6,693475,PNC FINL SVCS GROUP INC 3.15% 19May2027,0
PNC,universe,US693475AW59,cusip6,693475,PNC FINANCIAL SERVICES GROUP INC (,0
PNC,universe,US693475AX33,cusip6,693475,PNC FINANCIAL SERVICES GROUP INC (,0
PNC,universe,US693475AZ80,cusip6,693475,PNC FINANCIAL SERVICES GROUP INC (,0
PNC,universe,US693475BA21,cusip6,693475,PNC FINANCIAL SERVICES GROUP INC (,0
PNC,universe,US693475BB04,cusip6,693475,PNC 1.15 13-AUG-26,0
PNC,universe,US693475BC86,cusip6,693475,PNC 3.4,0
PNC,universe,US693475BD69,cusip6,693475,PNC 6,0
PNC,universe,US693475BE43,cusip6,693475,PNC 4.626 06-JUN-33,0
PNC,universe,US693475BF18,cusip6,693475,PNC 6.2,0
PNC,universe,US693475BJ30,cusip6,693475,PNC 6.037 28-OCT-33,0
PNC,universe,US693475BK03,cusip6,693475,PNC 5.354 02-DEC-28,0
PNC,universe,US693475BM68,cusip6,693475,PNC 5.068 24-JAN-34,0
PNC,universe,US693475BP99,cusip6,693475,PNC 6.25,0
PNC,universe,US69349LAR96,name_block,69349L,US69349LAR96,1
PNC,universe,US69349LAS79,name_block,69349L,PNC BANK NATIONAL ASSOCIATION,0
PNC,universe,US69353RFG83,name_block,69353R,PNC BK N A PITTSBURGH PA MEDIUM TERM SR 3.1% 25Oct2027,0
PNC,universe,US69353RFJ23,name_block,69353R,US69353RFJ23,1
PNR,universe,US709629AR06,name_block,709629,PNR 4.5 01-JUL-29,0
PNR,universe,US709629AS88,name_block,709629,PNR 5.9 15-JUL-32,0
PNW,universe,US040555DD31,name_only,040555,PNW 2.2 15-DEC-31,0
PNW,universe,US040555DE14,name_only,040555,PNW 6.35 15-DEC-32,0
PPG,universe,US693506BC06,cusip6,693506,US693506BC06,1
PPG,universe,US693506BP19,cusip6,693506,PPG INDS INC 3.75% 15Mar2028,0
PPG,universe,US693506BR74,cusip6,693506,US693506BR74,1
PPG,universe,US693506BS57,cusip6,693506,US693506BS57,1
PPL,universe,US546676AV99,name_block,546676,LOUISVILLE GAS & ELEC CO 4.65% 15Nov2043,0
PPL,universe,US546676AY39,name_block,546676,US546676AY39,1
PPL,universe,US546676AZ04,name_block,546676,PPL 5.45 15-APR-33,0
PPL,universe,US69351UAM53,name_block,69351U,PPL ELEC UTILS CORP 6.25% 15May2039,0
PPL,universe,US69351UAR41,name_block,69351U,PPL ELEC UTILS CORP 4.75% 15Jul2043,0
PPL,universe,US69351UAS24,name_block,69351U,PPL ELEC UTILS CORP 4.125% 15Jun2044,0
PPL,universe,US69351UAU79,name_block,69351U,PPL ELEC UTILS CORP 3.95% 01Jun2047,0
PPL,universe,US69351UAV52,name_block,69351U,PPL ELEC UTILS CORP 4.15% 15Jun2048,0
PPL,universe,US69351UAW36,name_block,69351U,US69351UAW36,1
PPL,universe,US69351UBA07,name_block,69351U,PPL 5 15-MAY-33,0
PPL,universe,US69351UBB89,name_block,69351U,PPL 5.25 15-MAY-53,0
PPL,universe,US69352PAC77,name_block,69352P,PPL 7.39486 30-MAR-67,0
PPL,universe,US69352PAQ63,name_block,69352P,US69352PAQ63,1
PRU,universe,US33830GAA94,name_block,33830G,PRU 5.791 15-FEB-33,0
PRU,universe,US33835PAA49,name_block,33835P,PRU 5.997 15-FEB-53,0
PRU,universe,US74153WCP23,name_block,74153W,PRU 1.2 01-SEP-26,0
PRU,universe,US744320AW24,cusip6,744320,US744320AW24,1
PRU,universe,US744320AY89,cusip6,744320,PRUDENTIAL FINL INC 3.905% 07Dec2047,0
PRU,universe,US744320BA94,cusip6,744320,PRUDENTIAL FINL INC 3.935% 07Dec2049,0
PRU,universe,US744320BF81,cusip6,744320,US744320BF81,1
PRU,universe,US744320BH48,cusip6,744320,US744320BH48,1
PRU,universe,US744320BJ04,cusip6,744320,PRU 5.125 01-MAR-52,0
PRU,universe,US744320BK76,cusip6,744320,PRU 6 01-SEP-52,0
PRU,universe,US74432QCE35,name_only,74432Q,PRUDENTIAL FINANCIAL INC MTN,0
PRU,universe,US74432QCF00,name_only,74432Q,PRUDENTIAL FINANCIAL INC MTN,0
PSA,universe,US74460DAC39,cusip6,74460D,Public Storage 3.094% 15Sep2027,0
PSA,universe,US74460DAD12,cusip6,74460D,US74460DAD12,1
PSA,universe,US74460DAG43,cusip6,74460D,PSA 1.5 09-NOV-26,0
PSA,universe,US74460DAH26,cusip6,74460D,PSA 1.95 09-NOV-28,0
PSA,universe,US74460DAJ81,cusip6,74460D,PSA 2.25 09-NOV-31,0
PSA,universe,US74460WAD92,name_block,74460W,US74460WAD92,1
PSA,universe,US74460WAE75,name_block,74460W,PSA 2.3 01-MAY-31,0
PSX,universe,US718546AH74,name_block,718546,PHILLIPS 66 5.875% 01May2042,0
PSX,universe,US718546AK04,name_block,718546,PHILLIPS 66 4.65% 15Nov2034,0
PSX,universe,US718546AL86,name_block,718546,PHILLIPS 66 4.875% 15Nov2044,0
PSX,universe,US718546AR56,name_block,718546,PHILLIPS 66 3.9% 15Mar2028,0
PSX,universe,US718546AW42,name_block,718546,PHILLIPS 66,0
PSX,universe,US718546BA13,name_block,718546,PSX 3.3 15-MAR-52,0
PSX,universe,US718549AD00,name_block,718549,Phillips 66 Partners LP 3.55% 01Oct2026,0
PSX,universe,US718549AF57,name_block,718549,Phillips 66 Partners LP 3.75% 01Mar2028,0
PSX,universe,US718549AH14,name_block,718549,US718549AH14,1
PTC,universe,US69370CAC47,name_block,69370C,PTC 4% 15feb2028 USD,0
PWR,universe,US74762EAF97,cusip6,74762E,US74762EAF97,1
PWR,universe,US74762EAH53,cusip6,74762E,PWR 2.35 15-JAN-32,0
PWR,universe,US74762EAJ10,cusip6,74762E,PWR 3.05 01-OCT-41,0
PYPL,universe,US70450YAD58,cusip6,70450Y,PAYPAL HOLDINGS INC,0
PYPL,universe,US70450YAE32,cusip6,70450Y,PAYPAL HOLDINGS INC,0
PYPL,universe,US70450YAH62,cusip6,70450Y,PAYPAL HOLDINGS INC,0
PYPL,universe,US70450YAJ29,cusip6,70450Y,PAYPAL HOLDINGS INC,0
PYPL,universe,US70450YAK91,cusip6,70450Y,PYPL 3.9 01-JUN-27,0
PYPL,universe,US70450YAL74,cusip6,70450Y,PYPL 4.4 01-JUN-32,0
PYPL,universe,US70450YAM57,cusip6,70450Y,PYPL 5.05 01-JUN-52,0
PYPL,universe,US70450YAN31,cusip6,70450Y,PYPL 5.25 01-JUN-62,0
QCOM,universe,US747525AJ27,cusip6,747525,QUALCOMM INC 4.65% 20May2035,0
QCOM,universe,US747525AK99,cusip6,747525,QUALCOMM INC 4.8% 20May2045,0
QCOM,universe,US747525AU71,cusip6,747525,QUALCOMM INC 3.25% 20May2027,0
QCOM,universe,US747525AV54,cusip6,747525,QUALCOMM INC 4.3% 20May2047,0
QCOM,universe,US747525BJ18,cusip6,747525,QUALCOMM INCORPORATED,0
QCOM,universe,US747525BK80,cusip6,747525,QUALCOMM INCORPORATED,0
QCOM,universe,US747525BN20,cusip6,747525,QUALCOMM INCORPORATED,0
QCOM,universe,US747525BP77,cusip6,747525,QUALCOMM INCORPORATED,0
QCOM,universe,US747525BQ50,cusip6,747525,QCOM 4.25 20-MAY-32,0
QCOM,universe,US747525BR34,cusip6,747525,QCOM 4.5 20-MAY-52,0
QCOM,universe,US747525BS17,cusip6,747525,QCOM 5.4 20-MAY-33,0
QCOM,universe,US747525BT99,cusip6,747525,QCOM 6 20-MAY-53,0
RCL,universe,US780153AG79,name_block,780153,ROYAL CARIBBEAN CRUISES LTD 7.5% 15Oct2027,0
RCL,universe,US780153AW20,name_block,780153,ROYAL CARIBBEAN CRUISES LTD 3.7% 15Mar2028,0
RCL,universe,US780153BG60,name_block,780153,US780153BG60,1
RCL,universe,US780153BK72,name_block,780153,US780153BK72,1
RCL,universe,USV7780TAE39,cusip6,V7780T,RCL 5.5 01-APR-28,0
REGN,universe,US75886FAE79,cusip6,75886F,REGENERON PHARMACEUTICALS INC.,0
REGN,universe,US75886FAF45,cusip6,75886F,REGENERON PHARMACEUTICALS INC.,0
RF,universe,US7591EPAE09,cusip6,7591EP,REGIONS FINL CORP NEW 7.375% 10Dec2037,0
RF,universe,US7591EPAT77,cusip6,7591EP,RF 1.8 12-AUG-28,0
RJF,universe,US754730AF69,cusip6,754730,RAYMOND JAMES FINL INC 4.95% 15Jul2046,0
RJF,universe,US754730AG43,cusip6,754730,US754730AG43,1
RJF,universe,US754730AH26,cusip6,754730,RAYMOND JAMES FINANCIAL INC.,0
RL,universe,US731572AB96,cusip6,731572,US731572AB96,1
ROK,universe,US773903AH27,name_block,773903,US773903AH27,1
ROK,universe,US773903AJ82,name_block,773903,US773903AJ82,1
ROK,universe,US773903AL39,name_block,773903,ROK 1.75 15-AUG-31,0
ROK,universe,US773903AM12,name_block,773903,ROK 2.8 15-AUG-61,0
ROP,universe,US776743AD85,name_block,776743,ROPER TECHNOLOGIES INC 3.8% 15Dec2026,0
ROP,universe,US776743AF34,name_block,776743,ROPER TECHNOLOGIES INC 4.2% 15Sep2028,0
ROP,universe,US776743AG17,name_block,776743,US776743AG17,1
ROP,universe,US776743AJ55,name_block,776743,US776743AJ55,1
ROP,universe,US776743AL02,name_block,776743,ROPER TECHNOLOGIES INC,0
ROP,universe,US776743AN67,name_block,776743,US776743AN67,1
ROST,universe,US778296AC75,cusip6,778296,ROST 4.7 15-APR-27,0
ROST,universe,US778296AD58,cusip6,778296,ROST 4.8 15-APR-30,0
ROST,universe,US778296AE32,cusip6,778296,ROST 5.45 15-APR-50,0
ROST,universe,US778296AG89,cusip6,778296,US778296AG89,1
RSG,universe,US760759AK65,cusip6,760759,US760759AK65,1
RSG,universe,US760759AS91,cusip6,760759,REPUBLIC SVCS INC 3.375% 15Nov2027,0
RSG,universe,US760759AT74,cusip6,760759,REPUBLIC SVCS INC 3.95% 15May2028,0
RSG,universe,US760759AV21,cusip6,760759,US760759AV21,1
RSG,universe,US760759AW04,cusip6,760759,US760759AW04,1
RSG,universe,US760759AX86,cusip6,760759,US760759AX86,1
RSG,universe,US760759AZ35,cusip6,760759,REPUBLIC SERVICES INC,0
RSG,universe,US760759BA74,cusip6,760759,RSG 2.375 15-MAR-33,0
RTX,universe,US75513EAC57,cusip6,75513E,RAYTHEON TECHNOLOGIES CORPORATION,0
RTX,universe,US75513EAD31,cusip6,75513E,RAYTHEON TECHNOLOGIES CORPORATION,0
RTX,universe,US75513EBY68,cusip6,75513E,US75513EBY68,1
RTX,universe,US75513EBZ34,cusip6,75513E,RTX 7 01-NOV-28,0
RTX,universe,US75513ECA73,cusip6,75513E,US75513ECA73,1
RTX,universe,US75513ECB56,cusip6,75513E,US75513ECB56,1
RTX,universe,US75513ECC30,cusip6,75513E,US75513ECC30,1
RTX,universe,US75513ECH27,cusip6,75513E,RAYTHEON TECHNOLOGIES CORPORATION,0
RTX,universe,US75513ECJ82,cusip6,75513E,US75513ECJ82,1
RTX,universe,US75513ECK55,cusip6,75513E,RAYTHEON TECHNOLOGIES CORPORATION,0
RTX,universe,US75513ECL39,cusip6,75513E,RAYTHEON TECHNOLOGIES CORPORATION,0
RTX,universe,US75513ECM12,cusip6,75513E,RAYTHEON TECHNOLOGIES CORPORATION,0
RTX,universe,US75513ECN94,cusip6,75513E,RTX 2.375 15-MAR-32,0
RTX,universe,US75513ECP43,cusip6,75513E,RTX 3.03 15-MAR-52,0
RTX,universe,US75513ECR09,cusip6,75513E,RTX 5.15 27-FEB-33,0
RTX,universe,US75513ECS81,cusip6,75513E,RTX 5.375 27-FEB-53,0
RVTY,universe,US714046AG46,cusip6,714046,US714046AG46,1
RVTY,universe,US714046AH29,cusip6,714046,PKI 2.55 15-MAR-31,0
RVTY,universe,US714046AJ84,cusip6,714046,PKI 3.625 15-MAR-51,0
RVTY,universe,US714046AM14,cusip6,714046,PKI 1.9 15-SEP-28,0
RVTY,universe,US714046AN96,cusip6,714046,PKI 2.25 15-SEP-31,0
SBAC,universe,US78410GAD60,cusip6,78410G,US78410GAD60,1
SBAC,universe,US78410GAG91,cusip6,78410G,US78410GAG91,1
SBUX,universe,US855244AH20,cusip6,855244,STARBUCKS CORP 4.3% 15Jun2045,0
SBUX,universe,US855244AM15,cusip6,855244,STARBUCKS CORP 3.75% 01Dec2047,0
SBUX,universe,US855244AP46,cusip6,855244,STARBUCKS CORP 3.5% 01Mar2028,0
SBUX,universe,US855244AR02,cusip6,855244,STARBUCKS CORP 4% 15Nov2028,0
SBUX,universe,US855244AS84,cusip6,855244,STARBUCKS CORP 4.5% 15Nov2048,0
SBUX,universe,US855244AT67,cusip6,855244,STARBUCKS CORPORATION,0
SBUX,universe,US855244AU31,cusip6,855244,STARBUCKS CORPORATION,0
SBUX,universe,US855244AV14,cusip6,855244,US855244AV14,1
SBUX,universe,US855244AW96,cusip6,855244,STARBUCKS CORPORATION,0
SBUX,universe,US855244AX79,cusip6,855244,US855244AX79,1
SBUX,universe,US855244AZ28,cusip6,855244,STARBUCKS CORPORATION,0
SBUX,universe,US855244BA67,cusip6,855244,STARBUCKS CORPORATION,0
SBUX,universe,US855244BC24,cusip6,855244,SBUX 3 14-FEB-32,0
SBUX,universe,US855244BF54,cusip6,855244,SBUX 4.8 15-FEB-33,0
SBUX,universe,US855244BH11,cusip6,855244,US855244BH11,1
SCHW,universe,US808513AQ89,cusip6,808513,SCHWAB CHARLES CORP NEW 3.2% 02Mar2027,0
SCHW,universe,US808513AR62,cusip6,808513,SCHW 5,0
SCHW,universe,US808513AU91,cusip6,808513,SCHWAB CHARLES CORP NEW 3.2% 25Jan2028,0
SCHW,universe,US808513AZ88,cusip6,808513,SCHWAB CHARLES CORP NEW 4% 01Feb2029,0
SCHW,universe,US808513BA29,cusip6,808513,US808513BA29,1
SCHW,universe,US808513BC84,cusip6,808513,US808513BC84,1
SCHW,universe,US808513BG98,cusip6,808513,CHARLES SCHWAB CORPORATION (THE),0
SCHW,universe,US808513BJ38,cusip6,808513,SCHW 4,0
SCHW,universe,US808513BP97,cusip6,808513,CHARLES SCHWAB CORPORATION (THE),0
SCHW,universe,US808513BS37,cusip6,808513,CHARLES SCHWAB CORPORATION (THE),0
SCHW,universe,US808513BT10,cusip6,808513,SCHW 1.95 01-DEC-31,0
SCHW,universe,US808513BW49,cusip6,808513,SCHW 3.3 01-APR-27,0
SCHW,universe,US808513BX22,cusip6,808513,SCHW 2.75 01-OCT-29,0
SCHW,universe,US808513BY05,cusip6,808513,SCHW 2.45 03-MAR-27,0
SCHW,universe,US808513BZ79,cusip6,808513,SCHW 5.372863 03-MAR-27,0
SCHW,universe,US808513CA10,cusip6,808513,SCHW 2.9 03-MAR-32,0
SCHW,universe,US808513CB92,cusip6,808513,SCHW 5,0
SHW,universe,US824348AQ95,cusip6,824348,SHERWIN-WILLIAMS CO 4% 15Dec2042,0
SHW,universe,US824348AS51,cusip6,824348,SHERWIN-WILLIAMS CO 4.55% 01Aug2045,0
SHW,universe,US824348AW63,cusip6,824348,SHERWIN-WILLIAMS CO 3.45% 01Jun2027,0
SHW,universe,US824348AX47,cusip6,824348,SHERWIN-WILLIAMS CO 4.5% 01Jun2047,0
SHW,universe,US824348BJ44,cusip6,824348,SHERWIN-WILLIAMS COMPANY (THE),0
SHW,universe,US824348BK17,cusip6,824348,US824348BK17,1
SHW,universe,US824348BL99,cusip6,824348,US824348BL99,1
SHW,universe,US824348BM72,cusip6,824348,US824348BM72,1
SHW,universe,US824348BN55,cusip6,824348,SHW 2.2 15-MAR-32,0
SHW,universe,US824348BP04,cusip6,824348,SHW 2.9 15-MAR-52,0
SJM,universe,US832696AM09,cusip6,832696,SMUCKER J M CO 4.25% 15Mar2035,0
SJM,universe,US832696AP30,cusip6,832696,SMUCKER J M CO 4.375% 15Mar2045,0
SJM,universe,US832696AR95,cusip6,832696,SMUCKER J M CO 3.375% 15Dec2027,0
SJM,universe,US832696AS78,cusip6,832696,US832696AS78,1
SJM,universe,US832696AU25,cusip6,832696,SJM 2.125 15-MAR-32,0
SLB,universe,US806854AJ48,name_block,806854,SCHLUMBERGER INVESTMENT SA,0
SLB,universe,USU8066LAP95,name_block,U8066L,Schlumberger Holdings Corp Jun 2030,0
SNA,universe,US833034AK75,cusip6,833034,SNAP ON INC 3.25% 01Mar2027,0
SNA,universe,US833034AL58,cusip6,833034,SNAP ON INC 4.1% 01Mar2048,0
SNA,universe,US833034AM32,cusip6,833034,US833034AM32,1
SO,universe,US373334KP56,name_only,373334,GEORGIA POWER COMPANY,0
SO,universe,US842587CW55,cusip6,842587,SOUTHERN CO 4.25% 01Jul2036,0
SO,universe,US842587CX39,cusip6,842587,SOUTHERN CO 4.4% 01Jul2046,0
SO,universe,US842587DD65,cusip6,842587,SO 5.113 01-AUG-27,0
SO,universe,US842587DE49,cusip6,842587,SOUTHERN COMPANY (THE),0
SO,universe,US842587DH79,cusip6,842587,SO 1.75 15-MAR-28,0
SO,universe,US842587DJ36,cusip6,842587,SO 3.75 15-SEP-51,0
SO,universe,US842587DL81,cusip6,842587,SO 5.7 15-OCT-32,0
SO,universe,US8426EPAB43,name_only,8426EP,SOUTHERN CO GAS CAP CORP 3.95% 01Oct2046,0
SO,universe,US8426EPAC26,name_only,8426EP,SOUTHERN CO GAS CAP CORP 4.4% 30May2047,0
SPG,universe,US828807DF17,name_only,828807,SIMON PROPERTY GROUP LP,0
SPG,universe,US828807DH72,name_only,828807,SIMON PROPERTY GROUP LP,0
SPG,universe,US828807DJ39,name_only,828807,SIMON PROPERTY GROUP LP,0
SPG,universe,US828807DK02,name_only,828807,SIMON PROPERTY GROUP LP,0
SPG,universe,US828807DL84,name_only,828807,SIMON PROPERTY GROUP LP,0
SPG,universe,US828807DM67,name_only,828807,SPG 2.2 01-FEB-31,0
SPG,universe,US828807DP98,name_only,828807,SPG 1.375 15-JAN-27,0
SPG,universe,US828807DQ71,name_only,828807,SPG 2.25 15-JAN-32,0
SPG,universe,US828807DT11,name_only,828807,SPG 2.65 01-FEB-32,0
SPG,universe,US828807DU83,name_only,828807,SPG 5.5 08-MAR-33,0
SPG,universe,US828807DV66,name_only,828807,SPG 5.85 08-MAR-53,0
SPGI,universe,US78409VAM63,name_block,78409V,S&P GLOBAL INC 2.95% 22Jan2027,0
SPGI,universe,US78409VAP94,name_block,78409V,US78409VAP94,1
SPGI,universe,US78409VAQ77,name_block,78409V,US78409VAQ77,1
SPGI,universe,US78409VAR50,name_block,78409V,US78409VAR50,1
SPGI,universe,US78409VAS34,name_block,78409V,US78409VAS34,1
SPGI,universe,US78409VBG86,name_block,78409V,SPGI 4.25 01-MAY-29,0
SPGI,universe,US78409VBH69,name_block,78409V,SPGI 2.45 01-MAR-27,0
SPGI,universe,US78409VBK98,name_block,78409V,SPGI 2.9 01-MAR-32,0
SPGI,universe,US78409VBL71,name_block,78409V,SPGI 3.7 01-MAR-52,0
SPGI,universe,US78409VBM54,name_block,78409V,SPGI 3.9 01-MAR-62,0
SRE,universe,US797440BM51,name_block,797440,SAN DIEGO GAS & ELEC CO 4.5% 15Aug2040,0
SRE,universe,US797440BP82,name_block,797440,SAN DIEGO GAS & ELEC CO 3.95% 15Nov2041,0
SRE,universe,US797440BQ65,name_block,797440,SAN DIEGO GAS & ELEC CO 4.3% 01Apr2042,0
SRE,universe,US797440BV50,name_block,797440,SAN DIEGO GAS & ELEC CO 3.75% 01Jun2047,0
SRE,universe,US797440BW34,name_block,797440,SAN DIEGO GAS & ELEC CO 4.15% 15May2048,0
SRE,universe,US797440BX17,name_block,797440,US797440BX17,1
SRE,universe,US797440BY99,name_block,797440,US797440BY99,1
SRE,universe,US797440BZ64,name_block,797440,SAN DIEGO GAS & ELECTRIC CO,0
SRE,universe,US797440CA05,name_block,797440,SRE 2.95 15-AUG-51,0
SRE,universe,US797440CB87,name_block,797440,SRE 3 15-MAR-32,0
SRE,universe,US797440CD44,name_block,797440,SRE 5.35 01-APR-53,0
SRE,universe,US816851AP42,cusip6,816851,SEMPRA ENERGY 6% 15Oct2039,0
SRE,universe,US816851BA63,cusip6,816851,SEMPRA ENERGY 3.25% 15Jun2027,0
SRE,universe,US816851BG34,cusip6,816851,SEMPRA ENERGY 3.4% 01Feb2028,0
SRE,universe,US816851BH17,cusip6,816851,SEMPRA ENERGY 3.8% 01Feb2038,0
SRE,universe,US816851BJ72,cusip6,816851,SEMPRA ENERGY 4% 01Feb2048,0
SRE,universe,US816851BM02,cusip6,816851,SRE 4.125 01-APR-52,0
SRE,universe,US816851BP33,cusip6,816851,SRE 3.7 01-APR-29,0
SRE,universe,US81685VAA17,name_block,81685V,SRE 3.25 15-JAN-32,0
SRE,universe,US842434CJ99,name_block,842434,US842434CJ99,1
SRE,universe,US842434CK62,name_block,842434,SOUTHERN CALIF GAS CO 3.75% 15Sep2042,0
SRE,universe,US842434CL46,name_block,842434,SOUTHERN CALIF GAS CO 4.45% 15Mar2044,0
SRE,universe,US842434CR16,name_block,842434,SOUTHERN CALIF GAS CO 4.125% 01Jun2048,0
SRE,universe,US842434CS98,name_block,842434,SOUTHERN CALIF GAS CO 4.3% 15Jan2049,0
SRE,universe,US842434CT71,name_block,842434,US842434CT71,1
SRE,universe,US842434CU45,name_block,842434,US842434CU45,1
SRE,universe,US842434CW01,name_block,842434,SRE 2.95 15-APR-27,0
SRE,universe,US842434CX83,name_block,842434,SRE 6.35 15-NOV-52,0
STE,universe,US85917PAA57,name_block,85917P,STE 2.7 15-MAR-31,0
STE,universe,US85917PAB31,name_block,85917P,STE 3.75 15-MAR-51,0
STLD,universe,US858119BK53,cusip6,858119,US858119BK53,1
STLD,universe,US858119BM10,cusip6,858119,US858119BM10,1
STLD,universe,US858119BN92,cusip6,858119,US858119BN92,1
STLD,universe,US858119BP41,cusip6,858119,US858119BP41,1
STT,universe,US857477AY98,name_block,857477,STT 5.769 15-JUN-47,0
STT,universe,US857477BD43,name_block,857477,US857477BD43,1
STT,universe,US857477BF90,name_block,857477,US857477BF90,1
STT,universe,US857477BG73,name_block,857477,STATE STREET CORP,0
STT,universe,US857477BN25,name_block,857477,US857477BN25,1
STT,universe,US857477BP72,name_block,857477,STATE STREET CORP,0
STT,universe,US857477BQ55,name_block,857477,STT 1.684 18-NOV-27,0
STT,universe,US857477BS12,name_block,857477,STT 2.203 07-FEB-28,0
STT,universe,US857477BT94,name_block,857477,STT 2.623 07-FEB-33,0
STT,universe,US857477BU67,name_block,857477,STT 4.421 13-MAY-33,0
STT,universe,US857477BV41,name_block,857477,STT 4.164 04-AUG-33,0
STT,universe,US857477BY89,name_block,857477,STT 5.82 04-NOV-28,0
STT,universe,US857477CA94,name_block,857477,STT 4.821 26-JAN-34,0
STX,universe,US81180WAN11,name_block,81180W,Seagate Technology 5.75% 1dec2034 USD,0
STX,universe,US81180WBC47,name_block,81180W,US81180WBC47,1
STX,universe,US81180WBE03,name_block,81180W,US81180WBE03,1
STX,universe,US81180WBF77,name_block,81180W,US81180WBF77,1
STZ,universe,US21036PAS74,name_block,21036P,CONSTELLATION BRANDS INC 3.5% 09May2027,0
STZ,universe,US21036PAT57,name_block,21036P,CONSTELLATION BRANDS INC 4.5% 09May2047,0
STZ,universe,US21036PAY43,name_block,21036P,CONSTELLATION BRANDS INC 3.6% 15Feb2028,0
STZ,universe,US21036PAZ18,name_block,21036P,CONSTELLATION BRANDS INC 4.1% 15Feb2048,0
STZ,universe,US21036PBC14,name_block,21036P,CONSTELLATION BRANDS INC 4.65% 15Nov2028,0
STZ,universe,US21036PBD96,name_block,21036P,CONSTELLATION BRANDS INC 5.25% 15Nov2048,0
STZ,universe,US21036PBE79,name_block,21036P,CONSTELLATION BRANDS INC,0
STZ,universe,US21036PBF45,name_block,21036P,US21036PBF45,1
STZ,universe,US21036PBG28,name_block,21036P,US21036PBG28,1
STZ,universe,US21036PBH01,name_block,21036P,CONSTELLATION BRANDS INC,0
STZ,universe,US21036PBK30,name_block,21036P,STZ 4.35 09-MAY-27,0
STZ,universe,US21036PBL13,name_block,21036P,STZ 4.75 09-MAY-32,0
SWK,universe,US854502AA92,cusip6,854502,STANLEY BLACK & DECKER INC 5.2% 01Sep2040,0
SWK,universe,US854502AH46,cusip6,854502,STANLEY BLACK & DECKER INC 4.25% 15Nov2028,0
SWK,universe,US854502AJ02,cusip6,854502,STANLEY BLACK & DECKER INC 4.85% 15Nov2048,0
SWK,universe,US854502AL57,cusip6,854502,STANLEY BLACK & DECKER INC,0
SWK,universe,US854502AM31,cusip6,854502,US854502AM31,1
SWK,universe,US854502AN14,cusip6,854502,STANLEY BLACK & DECKER INC,0
SWK,universe,US854502AQ45,cusip6,854502,SWK 3 15-MAY-32,0
SWK,universe,US854502AT83,cusip6,854502,SWK 6 06-MAR-28,0
SWKS,universe,US83088MAL63,name_block,83088M,SWKS 3 01-JUN-31,0
SYF,universe,US87165BAL71,cusip6,87165B,SYNCHRONY FINL 3.7% 04Aug2026,0
SYF,universe,US87165BAM54,cusip6,87165B,SYNCHRONY FINL 3.95% 01Dec2027,0
SYF,universe,US87165BAR42,cusip6,87165B,SYF 2.875 28-OCT-31,0
SYF,universe,US87165BAU70,cusip6,87165B,SYF 7.25 02-FEB-33,0
SYF,universe,US87166FAE34,name_block,87166F,SYF 5.625 23-AUG-27,0
SYK,universe,US863667AE17,cusip6,863667,STRYKER CORP 4.1% 01Apr2043,0
SYK,universe,US863667AG64,cusip6,863667,STRYKER CORP 4.375% 15May2044,0
SYK,universe,US863667AJ04,cusip6,863667,STRYKER CORP 4.625% 15Mar2046,0
SYK,universe,US863667AQ47,cusip6,863667,STRYKER CORP 3.65% 07Mar2028,0
SYK,universe,US863667AY70,cusip6,863667,STRYKER CORPORATION,0
SYK,universe,US863667AZ46,cusip6,863667,US863667AZ46,1
SYY,universe,US871829AJ69,cusip6,871829,SYSCO CORP 5.375% 21Sep2035,0
SYY,universe,US871829AY37,cusip6,871829,SYSCO CORP 4.85% 01Oct2045,0
SYY,universe,US871829BD80,cusip6,871829,SYSCO CORP 4.5% 01Apr2046,0
SYY,universe,US871829BF39,cusip6,871829,SYSCO CORP 3.25% 15Jul2027,0
SYY,universe,US871829BH94,cusip6,871829,SYSCO CORP 4.45% 15Mar2048,0
SYY,universe,US871829BJ50,cusip6,871829,US871829BJ50,1
SYY,universe,US871829BK24,cusip6,871829,US871829BK24,1
SYY,universe,US871829BL07,cusip6,871829,SYSCO CORPORATION,0
SYY,universe,US871829BM89,cusip6,871829,US871829BM89,1
SYY,universe,US871829BN62,cusip6,871829,SYSCO CORPORATION,0
SYY,universe,US871829BQ93,cusip6,871829,SYY 2.45 14-DEC-31,0
SYY,universe,US871829BR76,cusip6,871829,SYY 3.15 14-DEC-51,0
T,universe,US001957AW94,name_only,001957,AT&T CORP 6.5% 15Mar2029,0
T,universe,US00206RAB87,name_only,00206R,AT&T INC 6.8% 15May2036,0
T,universe,US00206RAD44,name_only,00206R,AT&T INC 6.5% 01Sep2037,0
T,universe,US00206RAG74,name_only,00206R,AT&T INC 6.3% 15Jan2038,0
T,universe,US00206RAS13,name_only,00206R,AT&T INC 6.55% 15Feb2039,0
T,universe,US00206RBA95,name_only,00206R,AT&T INC 5.55% 15Aug2041,0
T,universe,US00206RBH49,name_only,00206R,AT&T INC 4.3% 15Dec2042,0
T,universe,US00206RBK77,name_only,00206R,AT&T INC 4.35% 15Jun2045,0
T,universe,US00206RCG56,name_only,00206R,AT&T INC 4.8% 15Jun2044,0
T,universe,US00206RCP55,name_only,00206R,AT&T INC 4.5% 15May2035,0
T,universe,US00206RCQ39,name_only,00206R,AT&T INC 4.75% 15May2046,0
T,universe,US00206RCU41,name_only,00206R,AT&T INC 5.65% 15Feb2047,0
T,universe,US00206RDF64,name_only,00206R,AT&T INC 6% 15Aug2040,0
T,universe,US00206RDG48,name_only,00206R,AT&T INC 6.375% 01Mar2041,0
T,universe,US00206RDH21,name_only,00206R,AT&T INC 5.15% 15Mar2042,0
T,universe,US00206RDJ86,name_only,00206R,AT&T INC 4.5% 09Mar2048,0
T,universe,US00206RDK59,name_only,00206R,AT&T INC 4.55% 09Mar2049,0
T,universe,US00206RDQ20,name_only,00206R,AT&T INC 4.25% 01Mar2027,0
T,universe,US00206RDR03,name_only,00206R,AT&T INC 5.25% 01Mar2037,0
T,universe,US00206RDS85,name_only,00206R,AT&T INC 5.45% 01Mar2047,0
T,universe,US00206RDT68,name_only,00206R,AT&T INC 5.7% 01Mar2057,0
T,universe,US00206RFU14,name_only,00206R,AT&T INC 5.15% 15Feb2050,0
T,universe,US00206RFW79,name_only,00206R,AT&T INC 4.9% 15Aug2037,0
T,universe,US00206RGL06,name_only,00206R,AT&T INC 4.1% 15Feb2028,0
T,universe,US00206RGM88,name_only,00206R,AT&T INC 6.375% 01Jun2028,0
T,universe,US00206RGQ92,name_only,00206R,AT&T INC 4.3% 15Feb2030,0
T,universe,US00206RHA32,name_only,00206R,AT&T INC 5.15% 15Nov2046,0
T,universe,US00206RHJ41,name_only,00206R,AT&T INC,0
T,universe,US00206RHK14,name_only,00206R,AT&T INC,0
T,universe,US00206RHW51,name_only,00206R,AT&T INC,0
T,universe,US00206RJF01,name_only,00206R,AT & T Inc. 625% 19/41,0
T,universe,US00206RJH66,name_only,00206R,AT & T Inc 4.9% 15jun2042,0
T,universe,US00206RJK95,name_only,00206R,AT&T Inc 4.65% 1jun2044,0
T,universe,US00206RJX17,name_only,00206R,AT&T INC,0
T,universe,US00206RJY99,name_only,00206R,AT&T INC,0
T,universe,US00206RJZ64,name_only,00206R,AT&T INC,0
T,universe,US00206RKA94,name_only,00206R,AT&T INC,0
T,universe,US00206RKB77,name_only,00206R,AT&T INC,0
T,universe,US00206RKD34,name_only,00206R,AT&T INC,0
T,universe,US00206RKE17,name_only,00206R,AT&T INC,0
T,universe,US00206RKF81,name_only,00206R,AT&T INC,0
T,universe,US00206RKG64,name_only,00206R,AT&T INC,0
T,universe,US00206RKH48,name_only,00206R,AT&T INC,0
T,universe,US04650NAB01,name_block,04650N,AT&T INC 5.35% 01Sep2040,0
T,universe,US78387GAM50,cusip6,78387G,SBC COMMUNICATIONS INC 6.45% 15Jun2034,0
T,universe,US78387GAQ64,cusip6,78387G,SBC COMMUNICATIONS INC 6.15% 15Sep2034,0
TAP,universe,US60871RAD26,name_block,60871R,MOLSON COORS BREWING CO 5% 01May2042,0
TAP,universe,US60871RAH30,name_block,60871R,MOLSON COORS BREWING CO 4.2% 15Jul2046,0
TDG,universe,US893647BP15,name_block,893647,US893647BP15,1
TDG,universe,US893647BQ97,name_block,893647,US893647BQ97,1
TDG,universe,US893647BR70,name_block,893647,TDG 6.75 15-AUG-28,0
TDY,universe,US879360AD71,cusip6,879360,TDY 2.25 01-APR-28,0
TDY,universe,US879360AE54,cusip6,879360,TELEDYNE TECHNOLOGIES INCORPORATED,0
TEL,universe,US902133AG25,name_block,902133,TE Connectivity 7.125% 1oct2037 USD,0
TEL,universe,US902133AU19,name_block,902133,TYCO ELECTRONICS GROUP S A 3.125% 15Aug2027,0
TEL,universe,US902133AY31,name_block,902133,TEL 2.5 04-FEB-32,0
TFC,universe,US89788MAB81,name_block,89788M,TRUIST FINANCIAL CORP MTN,0
TFC,universe,US89788MAC64,name_block,89788M,TRUIST FINANCIAL CORP MTN,0
TFC,universe,US89788MAE21,name_block,89788M,TRUIST FINANCIAL CORP MTN,0
TFC,universe,US89788MAG78,name_block,89788M,TFC 4.123 06-JUN-28,0
TFC,universe,US89788MAK80,name_block,89788M,TFC 6.123 28-OCT-33,0
TFC,universe,US89788MAL63,name_block,89788M,TFC 4.873 26-JAN-29,0
TFC,universe,US89788MAM47,name_block,89788M,TFC 5.122 26-JAN-34,0
TFC,universe,US89832QAC33,cusip6,89832Q,TFC 5.125,0
TFC,universe,US89832QAD16,cusip6,89832Q,TFC 4.8,0
TGT,universe,US87612EAF34,cusip6,87612E,TARGET CORP 7% 15Jul2031,0
TGT,universe,US87612EAK29,cusip6,87612E,TARGET CORP 6.35% 01Nov2032,0
TGT,universe,US87612EAR71,cusip6,87612E,TARGET CORP 6.5% 15Oct2037,0
TGT,universe,US87612EAU01,cusip6,87612E,US87612EAU01,1
TGT,universe,US87612EBA38,cusip6,87612E,TARGET CORP 4% 01Jul2042,0
TGT,universe,US87612EBF25,cusip6,87612E,TARGET CORP 3.625% 15Apr2046,0
TGT,universe,US87612EBG08,cusip6,87612E,TARGET CORP 3.9% 15Nov2047,0
TGT,universe,US87612EBH80,cusip6,87612E,TARGET CORPORATION,0
TGT,universe,US87612EBJ47,cusip6,87612E,TARGET CORPORATION,0
TGT,universe,US87612EBK10,cusip6,87612E,US87612EBK10,1
TGT,universe,US87612EBM75,cusip6,87612E,TGT 1.95 15-JAN-27,0
TGT,universe,US87612EBN58,cusip6,87612E,TGT 2.95 15-JAN-52,0
TGT,universe,US87612EBP07,cusip6,87612E,TGT 4.5 15-SEP-32,0
TGT,universe,US87612EBQ89,cusip6,87612E,TGT 4.4 15-JAN-33,0
TGT,universe,US87612EBR62,cusip6,87612E,TGT 4.8 15-JAN-53,0
TJX,universe,US872540AQ25,cusip6,872540,TJX COS INC NEW 2.25% 15Sep2026,0
TJX,universe,US872540AT63,cusip6,872540,US872540AT63,1
TJX,universe,US872540AU37,cusip6,872540,US872540AU37,1
TJX,universe,US872540AV10,cusip6,872540,US872540AV10,1
TJX,universe,US872540AW92,cusip6,872540,US872540AW92,1
TMO,universe,US883556BG65,cusip6,883556,THERMO FISHER SCIENTIFIC INC 5.3% 01Feb2044,0
TMO,universe,US883556BY71,cusip6,883556,THERMO FISHER SCIENTIFIC INC 4.1% 15Aug2047,0
TMO,universe,US883556BZ47,cusip6,883556,THERMO FISHER SCIENTIFIC INC,0
TMO,universe,US883556CK68,cusip6,883556,TMO 1.75 15-OCT-28,0
TMO,universe,US883556CL42,cusip6,883556,TMO 2 15-OCT-31,0
TMO,universe,US883556CM25,cusip6,883556,TMO 2.8 15-OCT-41,0
TMO,universe,US883556CT77,cusip6,883556,TMO 4.8 21-NOV-27,0
TMO,universe,US883556CU41,cusip6,883556,TMO 4.95 21-NOV-32,0
TMUS,universe,US87264ACQ67,name_only,87264A,TMUS 2.7 15-MAR-32,0
TMUS,universe,US87264ACS24,name_only,87264A,TMUS 2.4 15-MAR-29,0
TMUS,universe,US87264ACT07,name_only,87264A,TMUS 3.4 15-OCT-52,0
TMUS,universe,US87264ACX19,name_only,87264A,TMUS 5.8 15-SEP-62,0
TMUS,universe,US87264ACY91,name_only,87264A,TMUS 5.05 15-JUL-33,0
TMUS,universe,US87264ACZ66,name_only,87264A,TMUS 4.95 15-MAR-28,0
TPR,universe,US876030AA54,cusip6,876030,TPR 3.05 15-MAR-32,0
TRGP,universe,US87612BBU52,name_only,87612B,Targa Resources Partners 4% 15jan2032 USD,0
TRGP,universe,US87612GAA94,cusip6,87612G,TRGP 4.2 01-FEB-33,0
TRGP,universe,US87612GAB77,cusip6,87612G,TRGP 4.95 15-APR-52,0
TRGP,universe,US87612GAC50,cusip6,87612G,TRGP 6.125 15-MAR-33,0
TRGP,universe,US87612GAD34,cusip6,87612G,TRGP 6.5 15-FEB-53,0
TRGP,universe,US87612KAA07,name_block,87612K,TRGP 5.2 01-JUL-27,0
TRGP,universe,US87612KAC62,name_block,87612K,TRGP 6.25 01-JUL-52,0
TRMB,universe,US896239AC42,cusip6,896239,US896239AC42,1
TRMB,universe,US896239AE08,cusip6,896239,TRMB 6.1 15-MAR-33,0
TRV,universe,US89417EAD13,name_block,89417E,TRAVELERS COS INC 6.25% 15Jun2037,0
TRV,universe,US89417EAH27,name_block,89417E,TRAVELERS COS INC 5.35% 01Nov2040,0
TRV,universe,US89417EAJ82,name_block,89417E,TRAVELERS COS INC 4.6% 01Aug2043,0
TRV,universe,US89417EAK55,name_block,89417E,TRAVELERS COS INC 4.3% 25Aug2045,0
TRV,universe,US89417EAL39,name_block,89417E,TRAVELERS COS INC 3.75% 15May2046,0
TRV,universe,US89417EAM12,name_block,89417E,TRAVELERS COS INC 4% 30May2047,0
TRV,universe,US89417EAN94,name_block,89417E,TRAVELERS COS INC 4.05% 07Mar2048,0
TRV,universe,US89417EAP43,name_block,89417E,US89417EAP43,1
TRV,universe,US89417EAQ26,name_block,89417E,US89417EAQ26,1
TRV,universe,US89417EAR09,name_block,89417E,TRAVELERS COMPANIES INC,0
TRV,universe,US89420GAE98,name_block,89420G,TRAVELERS PPTY CAS CORP NEW 6.375% 15Mar2033,0
TSCO,universe,US892356AA40,cusip6,892356,US892356AA40,1
TSN,universe,US902494AY91,cusip6,902494,TYSON FOODS INC 5.15% 15Aug2044,0
TSN,universe,US902494AZ66,cusip6,902494,TYSON FOODS INC 4.875% 15Aug2034,0
TSN,universe,US902494BC62,cusip6,902494,TYSON FOODS INC 3.55% 02Jun2027,0
TSN,universe,US902494BD46,cusip6,902494,TYSON FOODS INC 4.55% 02Jun2047,0
TSN,universe,US902494BH59,cusip6,902494,TYSON FOODS INC 5.1% 28Sep2048,0
TSN,universe,US902494BK88,cusip6,902494,TYSON FOODS INC,0
TT,universe,US456873AC20,name_block,456873,INGERSOLL-RAND LUXEMBOURG FIN S A 4.65% 01Nov2044,0
TT,universe,US456873AD03,name_block,456873,INGERSOLL-RAND LUXEMBOURG FINANCE,0
TT,universe,US456873AF50,name_block,456873,US456873AF50,1
TT,universe,US45687AAG76,name_block,45687A,INGERSOLL-RAND GLOBAL HLDG CO LTD 5.75% 15Jun2043,0
TT,universe,US45687AAN28,name_block,45687A,INGERSOLL-RAND GLOBAL HLDG CO LTD 4.3% 21Feb2048,0
TT,universe,US45687AAP75,name_block,45687A,INGERSOLL-RAND GLOBAL HLDG CO LTD 3.75% 21Aug2028,0
TTWO,universe,US874054AG47,cusip6,874054,TTWO 3.7 14-APR-27,0
TTWO,universe,US874054AH20,cusip6,874054,TTWO 4 14-APR-32,0
TXN,universe,US882508BC78,cusip6,882508,TEXAS INSTRS INC 2.9% 03Nov2027,0
TXN,universe,US882508BD51,cusip6,882508,TEXAS INSTRS INC 4.15% 15May2048,0
TXN,universe,US882508BF00,cusip6,882508,TEXAS INSTRUMENTS INC,0
TXN,universe,US882508BG82,cusip6,882508,TEXAS INSTRUMENTS INC,0
TXN,universe,US882508BJ22,cusip6,882508,TEXAS INSTRUMENTS INC,0
TXN,universe,US882508BM50,cusip6,882508,TXN 2.7 15-SEP-51,0
TXN,universe,US882508BQ64,cusip6,882508,TXN 4.1 16-AUG-52,0
TXN,universe,US882508BV59,cusip6,882508,TXN 4.6 15-FEB-28,0
TXN,universe,US882508CB86,cusip6,882508,TXN 4.9 14-MAR-33,0
TXN,universe,US882508CC69,cusip6,882508,TXN 5 14-MAR-53,0
TXT,universe,US883203BX87,cusip6,883203,TEXTRON INC 3.65% 15Mar2027,0
TXT,universe,US883203BY60,cusip6,883203,TEXTRON INC 3.375% 01Mar2028,0
TXT,universe,US883203CA75,cusip6,883203,US883203CA75,1
TXT,universe,US883203CB58,cusip6,883203,US883203CB58,1
TXT,universe,US883203CC32,cusip6,883203,US883203CC32,1
UAL,universe,US90932DAA37,name_block,90932D,UAL 3.1 07-OCT-28,0
UAL,universe,USU9094LAD02,name_block,U9094L,UAL 4.625 15-APR-29,0
UBER,universe,US90353TAK60,cusip6,90353T,US90353TAK60,1
UDR,universe,US90265EAL48,name_block,90265E,UDR INC MEDIUM TERM NTS BOOK ENTRY 2.95% 01Sep2026,0
UDR,universe,US90265EAM21,name_block,90265E,UDR INC MEDIUM TERM NTS BOOK ENTRY 3.5% 01Jul2027,0
UDR,universe,US90265EAN04,name_block,90265E,UDR INC MEDIUM TERM NTS BOOK ENTRY 3.5% 15Jan2028,0
UDR,universe,US90265EAP51,name_block,90265E,UDR INC MEDIUM TERM NTS BOOK ENTRY 4.4% 26Jan2029,0
UDR,universe,US90265EAQ35,name_block,90265E,US90265EAQ35,1
UDR,universe,US90265EAR18,name_block,90265E,US90265EAR18,1
UDR,universe,US90265EAS90,name_block,90265E,US90265EAS90,1
UDR,universe,US90265EAT73,name_block,90265E,US90265EAT73,1
UDR,universe,US90265EAV20,name_block,90265E,UDR 2.1 15-JUN-33,0
UHS,universe,US913903AW04,cusip6,913903,UHS 2.65 15-OCT-30,0
UHS,universe,US913903BA74,cusip6,913903,UHS 2.65 15-JAN-32,0
UNH,universe,US91324PAR38,name_block,91324P,UNITEDHEALTH GROUP INC 5.8% 15Mar2036,0
UNH,universe,US91324PAX06,name_block,91324P,UNITEDHEALTH GROUP INC 6.5% 15Jun2037,0
UNH,universe,US91324PBE16,name_block,91324P,UNITEDHEALTH GROUP INC 6.625% 15Nov2037,0
UNH,universe,US91324PBK75,name_block,91324P,UNITEDHEALTH GROUP INC 6.875% 15Feb2038,0
UNH,universe,US91324PBN15,name_block,91324P,UNITEDHEALTH GROUP INC 5.7% 15Oct2040,0
UNH,universe,US91324PBQ46,name_block,91324P,UNITEDHEALTH GROUP INC 5.95% 15Feb2041,0
UNH,universe,US91324PBU57,name_block,91324P,UNITEDHEALTH GROUP INC 4.625% 15Nov2041,0
UNH,universe,US91324PBW14,name_block,91324P,UNITEDHEALTH GROUP INC 4.375% 15Mar2042,0
UNH,universe,US91324PCA84,name_block,91324P,UNITEDHEALTH GROUP INC 3.95% 15Oct2042,0
UNH,universe,US91324PCD24,name_block,91324P,UNITEDHEALTH GROUP INC 4.25% 15Mar2043,0
UNH,universe,US91324PCQ37,name_block,91324P,UNITEDHEALTH GROUP INC 4.625% 15Jul2035,0
UNH,universe,US91324PCR10,name_block,91324P,UNITEDHEALTH GROUP INC 4.75% 15Jul2045,0
UNH,universe,US91324PCW05,name_block,91324P,UNITEDHEALTH GROUP INC 3.45% 15Jan2027,0
UNH,universe,US91324PCX87,name_block,91324P,UNITEDHEALTH GROUP INC 4.2% 15Jan2047,0
UNH,universe,US91324PCY60,name_block,91324P,UNITEDHEALTH GROUP INC 3.375% 15Apr2027,0
UNH,universe,US91324PCZ36,name_block,91324P,UNITEDHEALTH GROUP INC 4.25% 15Apr2047,0
UNH,universe,US91324PDE97,name_block,91324P,UNITEDHEALTH GROUP INC 2.95% 15Oct2027,0
UNH,universe,US91324PDF62,name_block,91324P,UNITEDHEALTH GROUP INC 3.75% 15Oct2047,0
UNH,universe,US91324PDK57,name_block,91324P,UNITEDHEALTH GROUP INC 3.85% 15Jun2028,0
UNH,universe,US91324PDL31,name_block,91324P,UNITEDHEALTH GROUP INC 4.25% 15Jun2048,0
UNH,universe,US91324PDP45,name_block,91324P,UNITEDHEALTH GROUP INC 3.875% 15Dec2028,0
UNH,universe,US91324PDQ28,name_block,91324P,UNITEDHEALTH GROUP INC 4.45% 15Dec2048,0
UNH,universe,US91324PDS83,name_block,91324P,UNITEDHEALTH GROUP INC,0
UNH,universe,US91324PDT66,name_block,91324P,UNITEDHEALTH GROUP INC,0
UNH,universe,US91324PDU30,name_block,91324P,UNITEDHEALTH GROUP INC,0
UNH,universe,US91324PDV13,name_block,91324P,UNITEDHEALTH GROUP INC,0
UNH,universe,US91324PDX78,name_block,91324P,UNITEDHEALTH GROUP INC,0
UNH,universe,US91324PDY51,name_block,91324P,UNITEDHEALTH GROUP INC,0
UNH,universe,US91324PDZ27,name_block,91324P,UNITEDHEALTH GROUP INC,0
UNH,universe,US91324PEA66,name_block,91324P,UNITEDHEALTH GROUP INC,0
UNH,universe,US91324PED06,name_block,91324P,UNITEDHEALTH GROUP INC,0
UNH,universe,US91324PEE88,name_block,91324P,UNITEDHEALTH GROUP INC,0
UNH,universe,US91324PEF53,name_block,91324P,UNITEDHEALTH GROUP INC,0
UNH,universe,US91324PEG37,name_block,91324P,UNH 3.7 15-MAY-27,0
UNH,universe,US91324PEH10,name_block,91324P,UNH 4 15-MAY-29,0
UNH,universe,US91324PEJ75,name_block,91324P,UNH 4.2 15-MAY-32,0
UNH,universe,US91324PEK49,name_block,91324P,UNH 4.75 15-MAY-52,0
UNH,universe,US91324PEL22,name_block,91324P,UNH 4.95 15-MAY-62,0
UNH,universe,US91324PEP36,name_block,91324P,UNH 5.25 15-FEB-28,0
UNH,universe,US91324PEQ19,name_block,91324P,UNH 5.3 15-FEB-30,0
UNH,universe,US91324PER91,name_block,91324P,UNH 5.35 15-FEB-33,0
UNH,universe,US91324PES74,name_block,91324P,UNH 5.875 15-FEB-53,0
UNH,universe,US91324PET57,name_block,91324P,UNH 6.05 15-FEB-63,0
UNP,universe,US907818DZ87,cusip6,907818,UNION PAC CORP 4.15% 15Jan2045,0
UNP,universe,US907818EB01,cusip6,907818,UNION PAC CORP 3.375% 01Feb2035,0
UNP,universe,US907818EC83,cusip6,907818,UNION PAC CORP 3.875% 01Feb2055,0
UNP,universe,US907818EF15,cusip6,907818,UNION PAC CORP 4.05% 15Nov2045,0
UNP,universe,US907818EG97,cusip6,907818,UNION PAC CORP 4.375% 15Nov2065,0
UNP,universe,US907818EJ37,cusip6,907818,UNION PAC CORP 4.05% 01Mar2046,0
UNP,universe,US907818EK00,cusip6,907818,UNION PAC CORP 3.35% 15Aug2046,0
UNP,universe,US907818EM65,cusip6,907818,UNION PAC CORP 3.799% 01Oct2051,0
UNP,universe,US907818EN49,cusip6,907818,UNION PAC CORP 4% 15Apr2047,0
UNP,universe,US907818EP96,cusip6,907818,UNION PAC CORP 3% 15Apr2027,0
UNP,universe,US907818EQ79,cusip6,907818,UNION PAC CORP 3.6% 15Sep2037,0
UNP,universe,US907818ER52,cusip6,907818,UNION PAC CORP 4.1% 15Sep2067,0
UNP,universe,US907818EV64,cusip6,907818,UNION PAC CORP 4.375% 10Sep2038,0
UNP,universe,US907818EW48,cusip6,907818,UNION PAC CORP 4.5% 10Sep2048,0
UNP,universe,US907818EY04,cusip6,907818,UNION PAC CORP 3.95% 10Sep2028,0
UNP,universe,US907818FB91,cusip6,907818,UNION PACIFIC CORPORATION,0
UNP,universe,US907818FD57,cusip6,907818,US907818FD57,1
UNP,universe,US907818FE31,cusip6,907818,US907818FE31,1
UNP,universe,US907818FG88,cusip6,907818,UNION PACIFIC CORPORATION,0
UNP,universe,US907818FH61,cusip6,907818,UNION PACIFIC CORPORATION,0
UNP,universe,US907818FJ28,cusip6,907818,US907818FJ28,1
UNP,universe,US907818FK90,cusip6,907818,UNION PACIFIC CORPORATION,0
UNP,universe,US907818FL73,cusip6,907818,UNION PACIFIC CORPORATION,0
UNP,universe,US907818FN30,cusip6,907818,UNION PACIFIC CORPORATION,0
UNP,universe,US907818FQ60,cusip6,907818,UNP 2.891 06-APR-36,0
UNP,universe,US907818FS27,cusip6,907818,UNP 3.799 06-APR-71,0
UNP,universe,US907818FT00,cusip6,907818,UNION PACIFIC CORPORATION,0
UNP,universe,US907818FU72,cusip6,907818,UNION PACIFIC CORPORATION,0
UNP,universe,US907818FV55,cusip6,907818,UNP 3.55 20-MAY-61,0
UNP,universe,US907818FW39,cusip6,907818,UNP 2.95 10-MAR-52,0
UNP,universe,US907818FX12,cusip6,907818,UNP 2.8 14-FEB-32,0
UNP,universe,US907818FY94,cusip6,907818,UNP 3.375 14-FEB-42,0
UNP,universe,US907818FZ69,cusip6,907818,UNP 3.5 14-FEB-53,0
UNP,universe,US907818GA00,cusip6,907818,UNP 3.85 14-FEB-72,0
UNP,universe,US907818GB82,cusip6,907818,UNP 4.5 20-JAN-33,0
UNP,universe,US907818GC65,cusip6,907818,UNP 4.95 09-SEP-52,0
UNP,universe,US907818GD49,cusip6,907818,UNP 5.15 20-JAN-63,0
UNP,universe,US907818GF96,cusip6,907818,UNP 4.95 15-MAY-53,0
UPS,universe,US911312AJ59,cusip6,911312,UNITED PARCEL SVC INC 6.2% 15Jan2038,0
UPS,universe,US911312AN61,cusip6,911312,UNITED PARCEL SVC INC 4.875% 15Nov2040,0
UPS,universe,US911312AR75,cusip6,911312,UNITED PARCEL SVC INC 3.625% 01Oct2042,0
UPS,universe,US911312AY27,cusip6,911312,UNITED PARCEL SVC INC 2.4% 15Nov2026,0
UPS,universe,US911312AZ91,cusip6,911312,UNITED PARCEL SVC INC 3.4% 15Nov2046,0
UPS,universe,US911312BM79,cusip6,911312,UNITED PARCEL SVC INC 3.05% 15Nov2027,0
UPS,universe,US911312BN52,cusip6,911312,UNITED PARCEL SVC INC 3.75% 15Nov2047,0
UPS,universe,US911312BQ83,cusip6,911312,UNITED PARCEL SERVICE INC,0
UPS,universe,US911312BR66,cusip6,911312,UNITED PARCEL SERVICE INC,0
UPS,universe,US911312BS40,cusip6,911312,US911312BS40,1
UPS,universe,US911312BU95,cusip6,911312,US911312BU95,1
UPS,universe,US911312BV78,cusip6,911312,US911312BV78,1
UPS,universe,US911312BW51,cusip6,911312,UNITED PARCEL SERVICE INC,0
UPS,universe,US911312BY18,cusip6,911312,UNITED PARCEL SERVICE INC,0
UPS,universe,US911312BZ82,cusip6,911312,UPS 4.875 03-MAR-33,0
UPS,universe,US911312CA23,cusip6,911312,UPS 5.05 03-MAR-53,0
URI,universe,US911363AM11,cusip6,911363,UNITED RENTALS INC 3.875% 15Feb2031,0
URI,universe,US911365BG81,name_block,911365,United Rentals (North America) 4.875% 15jan2028 USD,0
URI,universe,US911365BL76,name_block,911365,United Rentals (North America) 5.25% 15jan2030 USD,0
URI,universe,US911365BM59,name_block,911365,UNITED RENTALS NORTH AMER INC 3.875% 15Nov2027,0
URI,universe,US911365BN33,name_block,911365,United Rentals (North America) 4% 15jul2030 USD,0
URI,universe,US911365BP80,name_block,911365,US911365BP80,1
URI,universe,US911365BQ63,name_block,911365,URI 6 15-DEC-29,0
USB,universe,US902973AZ90,name_block,902973,USB 5.3,0
USB,universe,US902973BC96,name_block,902973,USB 3.7,0
USB,universe,US91159HHN35,name_only,91159H,U S BANCORP MEDIUM TERM NTS- BOOK ENTRY 2.375% 22Jul2026,0
USB,universe,US91159HHR49,name_only,91159H,U S BANCORP MEDIUM TERM NTS- BOOK ENTRY 3.15% 27Apr2027,0
USB,universe,US91159HHS22,name_only,91159H,U S BANCORP MEDIUM TERM NTS- BOOK ENTRY 3.9% 26Apr2028,0
USB,universe,US91159HJB78,name_only,91159H,USB 2.491 03-NOV-36,0
USB,universe,US91159HJC51,name_only,91159H,USB 2.215 27-JAN-28,0
USB,universe,US91159HJD35,name_only,91159H,USB 2.677 27-JAN-33,0
USB,universe,US91159HJF82,name_only,91159H,USB 4.548 22-JUL-28,0
USB,universe,US91159HJG65,name_only,91159H,USB 4.967 22-JUL-33,0
USB,universe,US91159HJJ05,name_only,91159H,USB 5.85 21-OCT-33,0
USB,universe,US91159HJK77,name_only,91159H,USB 4.653 01-FEB-29,0
USB,universe,US91159HJL50,name_only,91159H,USB 4.839 01-FEB-34,0
USB,universe,US91731KAA88,name_block,91731K,USB 5.81243,0
V,universe,US92826CAE21,cusip6,92826C,VISA INC 4.15% 14Dec2035,0
V,universe,US92826CAF95,cusip6,92826C,VISA INC 4.3% 14Dec2045,0
V,universe,US92826CAH51,cusip6,92826C,VISA INC 2.75% 15Sep2027,0
V,universe,US92826CAJ18,cusip6,92826C,VISA INC 3.65% 15Sep2047,0
V,universe,US92826CAK80,cusip6,92826C,VISA INC,0
V,universe,US92826CAL63,cusip6,92826C,VISA INC,0
V,universe,US92826CAM47,cusip6,92826C,VISA INC,0
V,universe,US92826CAN20,cusip6,92826C,VISA INC,0
V,universe,US92826CAP77,cusip6,92826C,US92826CAP77,1
V,universe,US92826CAQ50,cusip6,92826C,VISA INC,0
VICI,universe,US92564RAA32,name_block,92564R,VICI Properties 4.25% 1dec2026 USD,0
VICI,universe,US92564RAB15,name_block,92564R,VICI Properties 4.625% 1dec2029 USD,0
VICI,universe,US92564RAD70,name_block,92564R,VICI Properties 3.75% 15feb2027 USD,0
VICI,universe,US92564RAE53,name_block,92564R,VICI Properties 4.125% 15aug2030 USD,0
VICI,universe,US92564RAH84,name_block,92564R,VICI 4.5 01-SEP-26,0
VICI,universe,US92564RAJ41,name_block,92564R,VICI 5.75 01-FEB-27,0
VICI,universe,US92564RAK14,name_block,92564R,VICI 4.5 15-JAN-28,0
VICI,universe,US92564RAL96,name_block,92564R,VICI 3.875 15-FEB-29,0
VICI,universe,US925650AB99,name_block,925650,VICI 4.75 15-FEB-28,0
VICI,universe,US925650AC72,name_block,925650,VICI 4.95 15-FEB-30,0
VICI,universe,US925650AD55,name_block,925650,VICI 5.125 15-MAY-32,0
VICI,universe,US925650AE39,name_block,925650,VICI 5.625 15-MAY-52,0
VLO,universe,US91913YAB65,cusip6,91913Y,VALERO ENERGY CORP NEW 8.75% 15Jun2030,0
VLO,universe,US91913YAE05,cusip6,91913Y,VALERO ENERGY CORP NEW 7.5% 15Apr2032,0
VLO,universe,US91913YAL48,cusip6,91913Y,VALERO ENERGY CORP NEW 6.625% 15Jun2037,0
VLO,universe,US91913YAP51,cusip6,91913Y,VALERO ENERGY CORP NEW 10.5% 15Mar2039,0
VLO,universe,US91913YAT73,cusip6,91913Y,VALERO ENERGY CORP NEW 4.9% 15Mar2045,0
VLO,universe,US91913YAU47,cusip6,91913Y,VALERO ENERGY CORP NEW 3.4% 15Sep2026,0
VLO,universe,US91913YAV20,cusip6,91913Y,VALERO ENERGY CORP NEW 4.35% 01Jun2028,0
VLO,universe,US91913YAW03,cusip6,91913Y,VALERO ENERGY CORPORATION,0
VLO,universe,US91913YBB56,cusip6,91913Y,US91913YBB56,1
VLO,universe,US91913YBC30,cusip6,91913Y,VLO 2.8 01-DEC-31,0
VLO,universe,US91913YBD13,cusip6,91913Y,VLO 3.65 01-DEC-51,0
VLO,universe,US91913YBE95,cusip6,91913Y,VLO 4 01-JUN-52,0
VLO,universe,US91914JAA07,name_block,91914J,Valero Energy Partners LP 4.375% 15Dec2026,0
VLO,universe,US91914JAB89,name_block,91914J,Valero Energy Partners LP 4.5% 15Mar2028,0
VMC,universe,US929160AG40,cusip6,929160,VMC 7.15 30-NOV-37,0
VMC,universe,US929160AT60,cusip6,929160,VULCAN MATLS CO 3.9% 01Apr2027,0
VMC,universe,US929160AV17,cusip6,929160,VULCAN MATLS CO 4.5% 15Jun2047,0
VMC,universe,US929160AY55,cusip6,929160,VULCAN MATLS CO 4.7% 01Mar2048,0
VRSK,universe,US92345YAE68,cusip6,92345Y,VERISK ANALYTICS INC 5.5% 15Jun2045,0
VRSN,universe,US92343EAM49,cusip6,92343E,VRSN 2.7 15-JUN-31,0
VRT,universe,USU9222UAB99,name_block,U9222U,VRT 4.125 15-NOV-28,0
VST,universe,US92840MAB81,cusip6,92840M,VST 8,0
VST,universe,US92840MAC64,cusip6,92840M,US92840MAC64,1
VST,universe,US92840VAE20,name_block,92840V,Vistra Operations Co. 4.3% 15jul2029 USD,0
VST,universe,US92840VAF94,name_block,92840V,Vistra Operations Co. 5% 31jul2027 USD,0
VST,universe,US92840VAG77,name_block,92840V,VISTRA OPERATIONS CO LLC 3.7% 30Jan2027,0
VST,universe,US92840VAH50,name_block,92840V,US92840VAH50,1
VST,universe,USU9226VAD92,name_block,U9226V,VST 4.3 15-JUL-29,0
VST,universe,USU9226VAE75,name_block,U9226V,VST 5 31-JUL-27,0
VTR,universe,US92277GAB32,name_block,92277G,US92277GAB32,1
VTR,universe,US92277GAJ67,name_block,92277G,VENTAS RLTY LTD PARTNERSHIP 3.25% 15Oct2026,0
VTR,universe,US92277GAL14,name_block,92277G,VENTAS RLTY LTD PARTNERSHIP 3.85% 01Apr2027,0
VTR,universe,US92277GAM96,name_block,92277G,VENTAS RLTY LTD PARTNERSHIP 4% 01Mar2028,0
VTR,universe,US92277GAN79,name_block,92277G,VENTAS RLTY LTD PARTNERSHIP 4.4% 15Jan2029,0
VTR,universe,US92277GAQ01,name_block,92277G,US92277GAQ01,1
VTR,universe,US92277GAU13,name_block,92277G,US92277GAU13,1
VTR,universe,US92277GAV95,name_block,92277G,US92277GAV95,1
VTR,universe,US92277GAW78,name_block,92277G,VTR 2.5 01-SEP-31,0
VTRS,universe,US92556VAC00,cusip6,92556V,VTRS 2.3 22-JUN-27,0
VZ,universe,US92343VAF13,name_only,92343V,VERIZON COMMUNICATIONS INC 6.25% 01Apr2037,0
VZ,universe,US92343VAK08,name_only,92343V,VERIZON COMMUNICATIONS INC 6.4% 15Feb2038,0
VZ,universe,US92343VBE39,name_only,92343V,VERIZON COMMUNICATIONS INC 4.75% 01Nov2041,0
VZ,universe,US92343VBG86,name_only,92343V,VERIZON COMMUNICATIONS INC 3.85% 01Nov2042,0
VZ,universe,US92343VBS25,name_only,92343V,VERIZON COMMUNICATIONS INC 6.4% 15Sep2033,0
VZ,universe,US92343VBT08,name_only,92343V,VERIZON COMMUNICATIONS INC 6.55% 15Sep2043,0
VZ,universe,US92343VBZ67,name_only,92343V,VERIZON COMMUNICATIONS INC 5.05% 15Mar2034,0
VZ,universe,US92343VCK89,name_only,92343V,VERIZON COMMUNICATIONS INC 4.862% 21Aug2046,0
VZ,universe,US92343VCM46,name_only,92343V,VERIZON COMMUNICATIONS INC 5.012% 21Aug2054,0
VZ,universe,US92343VCQ59,name_only,92343V,VERIZON COMMUNICATIONS INC 4.4% 01Nov2034,0
VZ,universe,US92343VCV45,name_only,92343V,VERIZON COMMUNICATIONS INC 4.272% 15Jan2036,0
VZ,universe,US92343VCX01,name_only,92343V,VERIZON COMMUNICATIONS INC 4.522% 15Sep2048,0
VZ,universe,US92343VCZ58,name_only,92343V,VERIZON COMMUNICATIONS INC 4.672% 15Mar2055,0
VZ,universe,US92343VDC54,name_only,92343V,VERIZON COMMUNICATIONS INC 4.125% 15Aug2046,0
VZ,universe,US92343VDR24,name_only,92343V,VERIZON COMMUNICATIONS INC 4.812% 15Mar2039,0
VZ,universe,US92343VDS07,name_only,92343V,VERIZON COMMUNICATIONS INC 5.012% 15Apr2049,0
VZ,universe,US92343VDU52,name_only,92343V,VERIZON COMMUNICATIONS INC 5.25% 16Mar2037,0
VZ,universe,US92343VDV36,name_only,92343V,VERIZON COMMUNICATIONS INC 5.5% 16Mar2047,0
VZ,universe,US92343VDY74,name_only,92343V,VERIZON COMMUNICATIONS INC 4.125% 16Mar2027,0
VZ,universe,US92343VEA89,name_only,92343V,VERIZON COMMUNICATIONS INC 4.5% 10Aug2033,0
VZ,universe,US92343VER15,name_only,92343V,VERIZON COMMUNICATIONS INC 4.329% 21Sep2028,0
VZ,universe,US92343VES97,name_only,92343V,VERIZON COMMUNICATIONS INC,0
VZ,universe,US92343VEU44,name_only,92343V,VERIZON COMMUNICATIONS INC,0
VZ,universe,US92343VFD10,name_only,92343V,VERIZON COMMUNICATIONS INC,0
VZ,universe,US92343VFE92,name_only,92343V,VERIZON COMMUNICATIONS INC,0
VZ,universe,US92343VFL36,name_only,92343V,VERIZON COMMUNICATIONS INC,0
VZ,universe,US92343VFR06,name_only,92343V,VERIZON COMMUNICATIONS INC,0
VZ,universe,US92343VFT61,name_only,92343V,VERIZON COMMUNICATIONS INC,0
VZ,universe,US92343VFU35,name_only,92343V,VERIZON COMMUNICATIONS INC,0
VZ,universe,US92343VFV18,name_only,92343V,VERIZON COMMUNICATIONS INC,0
VZ,universe,US92343VFW90,name_only,92343V,VERIZON COMMUNICATIONS INC,0
VZ,universe,US92343VFX73,name_only,92343V,VERIZON COMMUNICATIONS INC,0
VZ,universe,US92343VGB45,name_only,92343V,VERIZON COMMUNICATIONS INC,0
VZ,universe,US92343VGC28,name_only,92343V,VERIZON COMMUNICATIONS INC,0
VZ,universe,US92343VGH15,name_only,92343V,VERIZON COMMUNICATIONS INC,0
VZ,universe,US92343VGJ70,name_only,92343V,VERIZON COMMUNICATIONS INC,0
VZ,universe,US92343VGK44,name_only,92343V,VERIZON COMMUNICATIONS INC,0
VZ,universe,US92346MAC55,name_block,92346M,VERIZON COMMUNICATIONS INC INTERNOTES BO 4.9% 15May2047,0
VZ,universe,US92346MAG69,name_block,92346M,US92346MAG69,1
VZ,universe,US92346MAL54,name_block,92346M,VERIZON COMMUNICATIONS INC INTERNOTES BO 4.7% 15Jun2047,0
VZ,universe,US92346MAS08,name_block,92346M,VERIZON COMMUNICATIONS INC INTERNOTES BO 4.8% 15Aug2047,0
VZ,universe,US92346MAU53,name_block,92346M,VERIZON COMMUNICATIONS INC INTERNOTES BO 4.8% 15Aug2047,0
VZ,universe,US92346MAW10,name_block,92346M,US92346MAW10,1
VZ,universe,US92346MAY75,name_block,92346M,VERIZON COMMUNICATIONS INC INTERNOTES BO 4.85% 15Aug2047,0
VZ,universe,US92346MAZ41,name_block,92346M,VERIZON COMMUNICATIONS INC INTERNOTES BO 4.75% 15Sep2047,0
VZ,universe,US92346MBB63,name_block,92346M,VERIZON COMMUNICATIONS INC INTERNOTES BO 4.75% 15Sep2047,0
VZ,universe,US92346MBD20,name_block,92346M,VERIZON COMMUNICATIONS INC INTERNOTES BO 4.7% 15Sep2047,0
VZ,universe,US92346MBF77,name_block,92346M,VERIZON COMMUNICATIONS INC INTERNOTES BO 4.7% 15Nov2047,0
VZ,universe,US92346MBH34,name_block,92346M,US92346MBH34,1
VZ,universe,US92346MBK62,name_block,92346M,VERIZON COMMUNICATIONS INC INTERNOTES BO 4.65% 15Nov2047,0
VZ,universe,US92346MBM29,name_block,92346M,VERIZON COMMUNICATIONS INC INTERNOTES BO 4.65% 15Nov2047,0
VZ,universe,US92346MBP59,name_block,92346M,US92346MBP59,1
VZ,universe,US92346MBR16,name_block,92346M,VERIZON COMMUNICATIONS INC INTERNOTES BO 4.5% 15Dec2047,0
VZ,universe,US92346MBT71,name_block,92346M,US92346MBT71,1
VZ,universe,US92346MCC38,name_block,92346M,US92346MCC38,1
VZ,universe,US92346MCL37,name_block,92346M,US92346MCL37,1
VZ,universe,US92346MCQ24,name_block,92346M,US92346MCQ24,1
VZ,universe,US92346MCU36,name_block,92346M,VERIZON COMMUNICATIONS INC INTERNOTES BO 5% 15Jun2048,0
VZ,universe,US92346MCW91,name_block,92346M,VERIZON COMMUNICATIONS INC INTERNOTES BO 4.95% 15Jun2048,0
VZ,universe,US92346MDA62,name_block,92346M,US92346MDA62,1
VZ,universe,US92346MDC29,name_block,92346M,US92346MDC29,1
WAB,universe,US960386AL46,cusip6,960386,WESTINGHOUSE AIR BRAKE TECHNOLOGIES CORP 3.45% 15Nov2026,0
WDAY,universe,US98138HAH49,cusip6,98138H,WDAY 3.7 01-APR-29,0
WDAY,universe,US98138HAJ05,cusip6,98138H,WDAY 3.8 01-APR-32,0
WEC,universe,US92939UAD81,cusip6,92939U,US92939UAD81,1
WEC,universe,US92939UAE64,cusip6,92939U,US92939UAE64,1
WEC,universe,US92939UAG13,cusip6,92939U,WEC 2.2 15-DEC-28,0
WEC,universe,US976843BH44,name_block,976843,WISCONSIN PUB SVC CORP 3.671% 01Dec2042,0
WEC,universe,US976843BM39,name_block,976843,US976843BM39,1
WEC,universe,US976843BN12,name_block,976843,WEC 2.85 01-DEC-51,0
WELL,universe,US42217KAX46,cusip6,42217K,HEALTH CARE REIT INC 6.5% 15Mar2041,0
WELL,universe,US42217KBB17,cusip6,42217K,HEALTH CARE REIT INC 5.125% 15Mar2043,0
WELL,universe,US95040QAD60,name_block,95040Q,WELLTOWER INC 4.25% 15Apr2028,0
WELL,universe,US95040QAF19,name_block,95040Q,WELLTOWER INC 4.95% 01Sep2048,0
WELL,universe,US95040QAH74,name_block,95040Q,US95040QAH74,1
WELL,universe,US95040QAJ31,name_block,95040Q,WELLTOWER INC,0
WELL,universe,US95040QAK04,name_block,95040Q,US95040QAK04,1
WELL,universe,US95040QAL86,name_block,95040Q,US95040QAL86,1
WELL,universe,US95040QAM69,name_block,95040Q,WELLTOWER INC,0
WELL,universe,US95040QAN43,name_block,95040Q,WELL 2.05 15-JAN-29,0
WELL,universe,US95040QAR56,name_block,95040Q,WELL 3.85 15-JUN-32,0
WFC,universe,US949746JM44,name_block,949746,WELLS FARGO & CO NEW 5.375% 07Feb2035,0
WFC,universe,US949746RF01,name_block,949746,WELLS FARGO & CO NEW 5.606% 15Jan2044,0
WFC,universe,US949746SH57,name_block,949746,WELLS FARGO & CO NEW 3% 23Oct2026,0
WFC,universe,US949746TB78,name_block,949746,US949746TB78,1
WFC,universe,US94974BFP04,name_block,94974B,WELLS FARGO & CO NEW MEDIUM TERM SR NTS 5.375% 02Nov2043,0
WFC,universe,US94974BGE48,name_block,94974B,WELLS FARGO & CO NEW MEDIUM TERM SR NTS 4.65% 04Nov2044,0
WFC,universe,US94974BGK08,name_block,94974B,WELLS FARGO & CO NEW MEDIUM TERM SR NTS 3.9% 01May2045,0
WFC,universe,US94974BGL80,name_block,94974B,WELLS FARGO & CO NEW MEDIUM TERM SR NTS 4.3% 22Jul2027,0
WFC,universe,US94974BGQ77,name_block,94974B,WELLS FARGO & CO NEW MEDIUM TERM SR NTS 4.9% 17Nov2045,0
WFC,universe,US94974BGT17,name_block,94974B,WELLS FARGO & CO NEW MEDIUM TERM SR NTS 4.4% 14Jun2046,0
WFC,universe,US94974BGU89,name_block,94974B,WELLS FARGO & CO NEW MEDIUM TERM SR NTS 4.75% 07Dec2046,0
WFC,universe,US94980VAG32,name_block,94980V,WELLS FARGO BK NATL ASSN 5.95% 26Aug2036,0
WFC,universe,US95000U2A01,name_block,95000U,US95000U2A01,1
WFC,universe,US95000U2D40,name_block,95000U,WELLS FARGO & CO MEDIUM TERM SR NTS BOOK 4.15% 24Jan2029,0
WFC,universe,US95000U2G70,name_block,95000U,WELLS FARGO & COMPANY MTN,0
WFC,universe,US95000U2J10,name_block,95000U,WELLS FARGO & COMPANY MTN,0
WFC,universe,US95000U2L65,name_block,95000U,WELLS FARGO & COMPANY MTN,0
WFC,universe,US95000U2M49,name_block,95000U,WELLS FARGO & COMPANY MTN,0
WFC,universe,US95000U2Q52,name_block,95000U,WELLS FARGO & COMPANY MTN,0
WFC,universe,US95000U2S19,name_block,95000U,WELLS FARGO & COMPANY MTN,0
WFC,universe,US95000U2U64,name_block,95000U,WFC 3.35 02-MAR-33,0
WFC,universe,US95000U2V48,name_block,95000U,WFC 3.526 24-MAR-28,0
WFC,universe,US95000U3A91,name_block,95000U,US95000U3A91,1
WM,universe,US94106LBP31,name_only,94106L,WASTE MANAGEMENT INC,0
WMB,universe,US88339WAA45,name_block,88339W,WMB 3.5 15-OCT-51,0
WMB,universe,US969457BB59,cusip6,969457,WILLIAMS COS INC 7.5% 15Jan2031,0
WMB,universe,US969457BD16,cusip6,969457,WILLIAMS COS INC 7.75% 15Jun2031,0
WMB,universe,US969457BM15,cusip6,969457,WILLIAMS COS INC 8.75% 15Mar2032,0
WMB,universe,US969457BV14,cusip6,969457,WILLIAMS COS INC 5.75% 24Jun2044,0
WMB,universe,US969457BX79,cusip6,969457,WILLIAMS COMPANIES INC,0
WMB,universe,US969457BY52,cusip6,969457,WILLIAMS COMPANIES INC,0
WMB,universe,US969457BZ28,cusip6,969457,WMB 4.65 15-AUG-32,0
WMB,universe,US969457CA67,cusip6,969457,WMB 5.3 15-AUG-52,0
WMB,universe,US969457CJ76,cusip6,969457,WMB 5.65 15-MAR-33,0
WMB,universe,US96949LAC90,name_block,96949L,WILLIAMS PARTNERS L P NEW 5.1% 15Sep2045,0
WMB,universe,US96949LAD73,name_block,96949L,WILLIAMS PARTNERS L P NEW 3.75% 15Jun2027,0
WMB,universe,US96949LAE56,name_block,96949L,WILLIAMS PARTNERS L P NEW 4.85% 01Mar2048,0
WMB,universe,US96950FAF18,name_block,96950F,WILLIAMS PARTNERS L P 6.3% 15Apr2040,0
WMB,universe,US96950FAK03,name_block,96950F,WILLIAMS PARTNERS L P 5.8% 15Nov2043,0
WMB,universe,US96950FAN42,name_block,96950F,WILLIAMS PARTNERS L P 5.4% 04Mar2044,0
WMB,universe,US96950FAP99,name_block,96950F,WILLIAMS PARTNERS L P 4.9% 15Jan2045,0
WMB,universe,US96950GAE26,name_block,96950G,WILLIAMS SCOTSMAN INTL INC 4.625% 15Aug2028,0
WMT,universe,US931142BF98,cusip6,931142,WALMART INC 7.55% 15Feb2030,0
WMT,universe,US931142CB75,cusip6,931142,WALMART INC 5.25% 01Sep2035,0
WMT,universe,US931142CH46,cusip6,931142,WALMART INC 5.875% 05Apr2027,0
WMT,universe,US931142CK74,cusip6,931142,WALMART INC 6.5% 15Aug2037,0
WMT,universe,US931142CM31,cusip6,931142,WALMART INC 6.2% 15Apr2038,0
WMT,universe,US931142CS01,cusip6,931142,WALMART INC 5.625% 01Apr2040,0
WMT,universe,US931142CV30,cusip6,931142,WALMART INC 4.875% 08Jul2040,0
WMT,universe,US931142CY78,cusip6,931142,WALMART INC 5% 25Oct2040,0
WMT,universe,US931142DB66,cusip6,931142,WALMART INC 5.625% 15Apr2041,0
WMT,universe,US931142DG53,cusip6,931142,WALMART INC 4% 11Apr2043,0
WMT,universe,US931142DQ36,cusip6,931142,US931142DQ36,1
WMT,universe,US931142DW04,cusip6,931142,WALMART INC 3.625% 15Dec2047,0
WMT,universe,US931142EB57,cusip6,931142,WALMART INC 3.95% 28Jun2038,0
WMT,universe,US931142EC31,cusip6,931142,WALMART INC 4.05% 29Jun2048,0
WMT,universe,US931142EE96,cusip6,931142,WALMART INC 3.7% 26Jun2028,0
WMT,universe,US931142EN95,cusip6,931142,WALMART INC,0
WMT,universe,US931142EP44,cusip6,931142,WALMART INC,0
WMT,universe,US931142EQ27,cusip6,931142,US931142EQ27,1
WMT,universe,US931142ER00,cusip6,931142,WMT 1.05 17-SEP-26,0
WMT,universe,US931142ES82,cusip6,931142,WMT 1.5 22-SEP-28,0
WMT,universe,US931142EV12,cusip6,931142,WMT 2.65 22-SEP-51,0
WMT,universe,US931142EX77,cusip6,931142,WMT 3.95 09-SEP-27,0
WMT,universe,US931142EY50,cusip6,931142,WMT 4.15 09-SEP-32,0
WMT,universe,US931142EZ26,cusip6,931142,WMT 4.5 09-SEP-52,0
WRB,universe,US084423AT91,cusip6,084423,BERKLEY W R CORP 4.75% 01Aug2044,0
WRB,universe,US084423AU64,cusip6,084423,US084423AU64,1
WRB,universe,US084423AV48,cusip6,084423,WRB 3.55 30-MAR-52,0
WRB,universe,US084423AW21,cusip6,084423,WRB 3.15 30-SEP-61,0
WTW,universe,US970648AG61,name_block,970648,WILLIS NORTH AMER INC 4.5% 15Sep2028,0
WTW,universe,US970648AH45,name_block,970648,WILLIS NORTH AMER INC 5.05% 15Sep2048,0
WTW,universe,US970648AJ01,name_block,970648,WTW 2.95 15-SEP-29,0
WTW,universe,US970648AK73,name_block,970648,WTW 3.875 15-SEP-49,0
WTW,universe,US970648AL56,name_block,970648,WTW 4.65 15-JUN-27,0
WY,universe,US962166AW45,cusip6,962166,WEYERHAEUSER CO 6.95% 01Oct2027,0
WY,universe,US962166BR41,cusip6,962166,WEYERHAEUSER CO 7.375% 15Mar2032,0
WY,universe,US962166BT07,cusip6,962166,WEYERHAEUSER CO 6.875% 15Dec2033,0
WY,universe,US962166BX19,cusip6,962166,WEYERHAEUSER COMPANY,0
WY,universe,US962166BY91,cusip6,962166,WEYERHAEUSER COMPANY,0
WY,universe,US962166CA07,cusip6,962166,WY 3.375 09-MAR-33,0
WY,universe,US962166CB89,cusip6,962166,WY 4 09-MAR-52,0
WYNN,universe,US983130AX35,name_block,983130,Wynn Las Vegas 5.25% 15may2027 USD,0
WYNN,universe,US983133AA70,name_block,983133,WYNN RESORTS FIN LLC / WYNN RESORTS CAP 5.125% 01Oct2029,0
XEL,universe,US665772BT51,name_block,665772,NORTHERN STS PWR CO MINN 6.5% 01Mar2028,0
XEL,universe,US665772CE73,name_block,665772,NORTHERN STS PWR CO MINN 5.35% 01Nov2039,0
XEL,universe,US665772CJ60,name_block,665772,US665772CJ60,1
XEL,universe,US665772CQ04,name_block,665772,NORTHERN STS PWR CO MINN 3.6% 15Sep2047,0
XEL,universe,US665772CR86,name_block,665772,US665772CR86,1
XEL,universe,US665772CS69,name_block,665772,US665772CS69,1
XEL,universe,US665772CT43,name_block,665772,XEL 2.25 01-APR-31,0
XEL,universe,US665772CU16,name_block,665772,XEL 3.2 01-APR-52,0
XEL,universe,US665772CV98,name_block,665772,XEL 4.5 01-JUN-52,0
XEL,universe,US744448CV12,name_only,744448,PUBLIC SERVICE COMPANY OF COLORADO,0
XEL,universe,US744448CW94,name_only,744448,XEL 4.1 01-JUN-32,0
XEL,universe,US744448CX77,name_only,744448,XEL 4.5 01-JUN-52,0
XEL,universe,US98388MAB37,name_block,98388M,XEL 1.75 15-MAR-27,0
XEL,universe,US98388MAC10,name_block,98388M,XEL 2.35 15-NOV-31,0
XEL,universe,US98388MAD92,name_block,98388M,XEL 4.6 01-JUN-32,0
XEL,universe,US98389BAH33,cusip6,98389B,XCEL ENERGY INC 6.5% 01Jul2036,0
XEL,universe,US98389BAN01,cusip6,98389B,XCEL ENERGY INC 4.8% 15Sep2041,0
XEL,universe,US98389BAU44,cusip6,98389B,XCEL ENERGY INC 3.35% 01Dec2026,0
XEL,universe,US98389BAV27,cusip6,98389B,XCEL ENERGY INC 4% 15Jun2028,0
XEL,universe,US98389BBB53,cusip6,98389B,US98389BBB53,1
XOM,universe,US30231GAN25,name_block,30231G,EXXON MOBIL CORP 3.567% 06Mar2045,0
XOM,universe,US30231GAW24,name_block,30231G,EXXON MOBIL CORP 4.114% 01Mar2046,0
XOM,universe,US30231GAY89,name_block,30231G,EXXON MOBIL CORP,0
XOM,universe,US30231GAZ54,name_block,30231G,EXXON MOBIL CORP,0
XOM,universe,US30231GBD34,name_block,30231G,EXXON MOBIL CORP,0
XOM,universe,US30231GBE17,name_block,30231G,Exxon Mobil 2.44% 16aug2029 USD,0
XOM,universe,US30231GBF81,name_block,30231G,EXXON MOBIL CORP,0
XOM,universe,US30231GBG64,name_block,30231G,EXXON MOBIL CORP,0
XOM,universe,US30231GBJ04,name_block,30231G,EXXON MOBIL CORP,0
XOM,universe,US30231GBK76,name_block,30231G,EXXON MOBIL CORP,0
XOM,universe,US30231GBM33,name_block,30231G,EXXON MOBIL CORP,0
XOM,universe,US30231GBN16,name_block,30231G,EXXON MOBIL CORP,0
XYL,universe,US98419MAJ99,cusip6,98419M,XYLEM INC 3.25% 01Nov2026,0
XYL,universe,US98419MAK62,cusip6,98419M,US98419MAK62,1
XYZ,universe,US852234AP86,cusip6,852234,SQ 3.5 01-JUN-31,0
YUM,universe,US988498AD34,name_block,988498,Yum! Brands 6.875% 15nov2037 USD,0
YUM,universe,US988498AK76,name_block,988498,Yum! Brands 5.35% 1nov2043 USD,0
YUM,universe,US988498AL59,name_block,988498,Yum! Brands 4.75% 15jan2030 USD,0
YUM,universe,US988498AN16,name_block,988498,YUM BRANDS INC 3.625% 15Mar2031,0
YUM,universe,US988498AP63,name_block,988498,US988498AP63,1
YUM,universe,US988498AR20,name_block,988498,US988498AR20,1
YUM,universe,USU4866DAC75,name_block,U4866D,YUM 4.75 01-JUN-27,0
YUM,universe,USU9T71RAB76,name_block,U9T71R,YUM 4.75 15-JAN-30,0
ZBH,universe,US98956PAB85,cusip6,98956P,US98956PAB85,1
ZBH,universe,US98956PAG72,cusip6,98956P,ZIMMER BIOMET HLDGS INC 4.25% 15Aug2035,0
ZBH,universe,US98956PAH55,cusip6,98956P,ZIMMER BIOMET HLDGS INC 4.45% 15Aug2045,0
ZBH,universe,US98956PAT93,cusip6,98956P,ZIMMER BIOMET HOLDINGS INC,0
ZBH,universe,US98956PAV40,cusip6,98956P,ZBH 2.6 24-NOV-31,0
ZTS,universe,US98978VAH69,cusip6,98978V,ZOETIS INC 4.7% 01Feb2043,0
ZTS,universe,US98978VAL71,cusip6,98978V,ZOETIS INC 3% 12Sep2027,0
ZTS,universe,US98978VAM54,cusip6,98978V,ZOETIS INC 3.95% 12Sep2047,0
ZTS,universe,US98978VAN38,cusip6,98978V,ZOETIS INC 3.9% 20Aug2028,0
ZTS,universe,US98978VAP85,cusip6,98978V,ZOETIS INC 4.45% 20Aug2048,0
ZTS,universe,US98978VAS25,cusip6,98978V,Zoetis Inc. 2% 20/30,0
ZTS,universe,US98978VAT08,cusip6,98978V,US98978VAT08,1
ZTS,universe,US98978VAV53,cusip6,98978V,ZTS 5.6 16-NOV-32,0
