bond_code,ticker,sample,catalog_name,vendor_name,coupon
US001055AF96,AFL,cusip6,AFLAC INC 6.45% 15Aug2040,AFLAC INC 6.45% 15Aug2040,6.450
US001055AQ51,AFL,cusip6,AFLAC INC 2.875% 15Oct2026,AFLAC INC 2.875% 15Oct2026,2.875
US001055AR35,AFL,cusip6,AFLAC INC 4% 15Oct2046,AFLAC INC 4% 15Oct2046,4.000
US001055AY85,AFL,cusip6,AFLAC INC 4.75% 15Jan2049,AFLAC INC 4.75% 15Jan2049,4.750
US001055BJ00,AFL,cusip6,AFLAC INCORPORATED,AFLAC INC 3.6% 01Apr2030,3.600
US00108WAF77,AEP,name_block,AEP TEX INC 3.8% 01Oct2047,AEP TEX INC 3.8% 01Oct2047,3.800
US00108WAH34,AEP,name_block,AEP TEX INC 3.95% 01Jun2028,AEP TEX INC 3.95% 01Jun2028,3.950
US00108WAJ99,AEP,name_block,AEP Texas 4.15% 1may2049,AEP Texas 4.15% 1may2049,4.150
US00108WAK62,AEP,name_block,AEP Texas 3.45% 15jan2050,AEP Texas 3.45% 15jan2050,3.450
US00108WAM29,AEP,name_block,AEP Texas 2.1% 1jul2030,AEP Texas 2.1% 1jul2030,2.100
US00108WAN02,AEP,name_block,AEP 3.45 15-MAY-51,AEP 3.45 15-MAY-51,3.450
US00108WAP59,AEP,name_block,AEP 4.7 15-MAY-32,AEP 4.7 15-MAY-32,4.700
US00108WAQ33,AEP,name_block,AEP 5.25 15-MAY-52,AEP 5.25 15-MAY-52,5.250
US00109AAB35,AES,name_block,AES 4.375 31-MAY-30,AES 4.375 31-MAY-30,4.375
US00115AAE91,AEP,name_block,AEP TRANSMISSION CO LLC 3.1% 01Dec2026,AEP TRANSMISSION CO LLC 3.1% 01Dec2026,3.100
US00115AAH23,AEP,name_block,AEP TRANSMISSION CO LLC 3.75% 01Dec2047,AEP TRANSMISSION CO LLC 3.75% 01Dec2047,3.750
US00115AAJ88,AEP,name_block,AEP TRANSMISSION CO LLC 4.25% 15Sep2048,AEP TRANSMISSION CO LLC 4.25% 15Sep2048,4.250
US00115AAK51,AEP,name_block,AEP Transmission Company 3.8% 15jun2049,AEP Transmission Company 3.8% 15jun2049,3.800
US00115AAM18,AEP,name_block,AEP Transmission Company 3.65% 1apr2050,AEP Transmission Company 3.65% 1apr2050,3.650
US00115AAN90,AEP,name_block,AEP 2.75 15-AUG-51,AEP 2.75 15-AUG-51,2.750
US00115AAP49,AEP,name_block,AEP 4.5 15-JUN-52,AEP 4.5 15-JUN-52,4.500
US00115AAQ22,AEP,name_block,AEP 5.4 15-MAR-53,AEP 5.4 15-MAR-53,5.400
US00130HCG83,AES,cusip6,AES 2.45 15-JAN-31,AES 2.45 15-JAN-31,2.450
US00185AAC80,AON,name_block,AON PLC 4.45% 24May2043,AON PLC 4.45% 24May2043,4.450
US00185AAG94,AON,name_block,AON PLC 4.6% 14Jun2044,AON PLC 4.6% 14Jun2044,4.600
US00185AAH77,AON,name_block,AON PLC 4.75% 15May2045,AON PLC 4.75% 15May2045,4.750
US001957AW94,T,name_block,AT&T CORP 6.5% 15Mar2029,AT&T CORP 6.5% 15Mar2029,6.500
US001957BD05,T,name_block,T 8.75 15-NOV-31,T 8.75 15-NOV-31,8.750
US00206RAB87,T,name_block,AT&T INC 6.8% 15May2036,AT&T INC 6.8% 15May2036,6.800
US00206RAD44,T,name_block,AT&T INC 6.5% 01Sep2037,AT&T INC 6.5% 01Sep2037,6.500
US00206RAG74,T,name_block,AT&T INC 6.3% 15Jan2038,AT&T INC 6.3% 15Jan2038,6.300
US00206RAS13,T,name_block,AT&T INC 6.55% 15Feb2039,AT&T INC 6.55% 15Feb2039,6.550
US00206RBA95,T,name_block,AT&T INC 5.55% 15Aug2041,AT&T INC 5.55% 15Aug2041,5.550
US00206RBH49,T,name_block,AT&T INC 4.3% 15Dec2042,AT&T INC 4.3% 15Dec2042,4.300
US00206RBK77,T,name_block,AT&T INC 4.35% 15Jun2045,AT&T INC 4.35% 15Jun2045,4.350
US00206RCG56,T,name_block,AT&T INC 4.8% 15Jun2044,AT&T INC 4.8% 15Jun2044,4.800
US00206RCP55,T,name_block,AT&T INC 4.5% 15May2035,AT&T INC 4.5% 15May2035,4.500
US00206RCQ39,T,name_block,AT&T INC 4.75% 15May2046,AT&T INC 4.75% 15May2046,4.750
US00206RCU41,T,name_block,AT&T INC 5.65% 15Feb2047,AT&T INC 5.65% 15Feb2047,5.650
US00206RDF64,T,name_block,AT&T INC 6% 15Aug2040,AT&T INC 6% 15Aug2040,6.000
US00206RDG48,T,name_block,AT&T INC 6.375% 01Mar2041,AT&T INC 6.375% 01Mar2041,6.375
US00206RDH21,T,name_block,AT&T INC 5.15% 15Mar2042,AT&T INC 5.15% 15Mar2042,5.150
US00206RDJ86,T,name_block,AT&T INC 4.5% 09Mar2048,AT&T INC 4.5% 09Mar2048,4.500
US00206RDK59,T,name_block,AT&T INC 4.55% 09Mar2049,AT&T INC 4.55% 09Mar2049,4.550
US00206RDQ20,T,name_block,AT&T INC 4.25% 01Mar2027,AT&T INC 4.25% 01Mar2027,4.250
US00206RDR03,T,name_block,AT&T INC 5.25% 01Mar2037,AT&T INC 5.25% 01Mar2037,5.250
US00206RDS85,T,name_block,AT&T INC 5.45% 01Mar2047,AT&T INC 5.45% 01Mar2047,5.450
US00206RDT68,T,name_block,AT&T INC 5.7% 01Mar2057,AT&T INC 5.7% 01Mar2057,5.700
US00206RFU14,T,name_block,AT&T INC 5.15% 15Feb2050,AT&T INC 5.15% 15Feb2050,5.150
US00206RFW79,T,name_block,AT&T INC 4.9% 15Aug2037,AT&T INC 4.9% 15Aug2037,4.900
US00206RGL06,T,name_block,AT&T INC 4.1% 15Feb2028,AT&T INC 4.1% 15Feb2028,4.100
US00206RGM88,T,name_block,AT&T INC 6.375% 01Jun2028,AT&T INC 6.375% 01Jun2028,6.375
US00206RGN61,T,name_block,T 6.55 15-JAN-28,T 6.55 15-JAN-28,6.550
US00206RGQ92,T,name_block,AT&T INC 4.3% 15Feb2030,AT&T INC 4.3% 15Feb2030,4.300
US00206RHA32,T,name_block,AT&T INC 5.15% 15Nov2046,AT&T INC 5.15% 15Nov2046,5.150
US00206RHJ41,T,name_block,AT&T INC,AT&T INC 4.35% 01Mar2029,4.350
US00206RHK14,T,name_block,AT&T INC,AT&T INC 4.85% 01Mar2039,4.850
US00206RHW51,T,name_block,AT&T INC,AT&T INC 3.8% 15Feb2027,3.800
US00206RHY18,T,name_block,T 6.625 15-MAY-29,T 6.625 15-MAY-29,6.625
US00206RJF01,T,name_block,AT & T Inc. 625% 19/41,AT & T Inc. 625% 19/41,6.250
US00206RJG83,T,name_block,T 5.375 15-OCT-41,T 5.375 15-OCT-41,5.375
US00206RJH66,T,name_block,AT & T Inc 4.9% 15jun2042,AT & T Inc 4.9% 15jun2042,4.900
US00206RJK95,T,name_block,AT&T Inc 4.65% 1jun2044,AT&T Inc 4.65% 1jun2044,4.650
US00206RJX17,T,name_block,AT&T INC,AT&T INC 2.3% 01Jun2027,2.300
US00206RJY99,T,name_block,AT&T INC,AT&T INC 2.75% 01Jun2031,2.750
US00206RJZ64,T,name_block,AT&T INC,AT&T INC 3.5% 01Jun2041,3.500
US00206RKA94,T,name_block,AT&T INC,AT&T INC 3.65% 01Jun2051,3.650
US00206RKB77,T,name_block,AT&T INC,AT&T INC 3.85% 01Jun2060,3.850
US00206RKD34,T,name_block,AT&T INC,AT&T INC 3.1% 01Feb2043,3.100
US00206RKE17,T,name_block,AT&T INC,AT&T INC 3.3% 01Feb2052,3.300
US00206RKF81,T,name_block,AT&T INC,AT&T INC 3.5% 01Feb2061,3.500
US00206RKG64,T,name_block,AT&T INC,AT&T INC 1.65% 01Feb2028,1.650
US00206RKH48,T,name_block,AT&T INC,AT&T INC 2.25% 01Feb2032,2.250
US00206RKJ04,T,name_block,T 3.5 15-SEP-53,T 3.5 15-SEP-53,3.500
US00206RLJ94,T,name_block,T 3.55 15-SEP-55,T 3.55 15-SEP-55,3.550
US00206RLV23,T,name_block,T 3.65 15-SEP-59,T 3.65 15-SEP-59,3.650
US00206RMM15,T,name_block,T 2.55 01-DEC-33,T 2.55 01-DEC-33,2.550
US00206RMN97,T,name_block,T 3.8 01-DEC-57,T 3.8 01-DEC-57,3.800
US00217GAB95,APTV,name_block,APTV 3.25 01-MAR-32,APTV 3.25 01-MAR-32,3.250
US00217GAC78,APTV,name_block,APTV 4.15 01-MAY-52,APTV 4.15 01-MAY-52,4.150
US002819AC45,ABT,name_block,ABBOTT LABORATORIES 6.15% 30Nov2037,ABBOTT LABORATORIES 6.15% 30Nov2037,6.150
US002824AV29,ABT,cusip6,ABBOTT LABS 6% 01Apr2039,ABBOTT LABS 6% 01Apr2039,6.000
US002824AY67,ABT,cusip6,ABBOTT LABS 5.3% 27May2040,ABBOTT LABS 5.3% 27May2040,5.300
US002824BG43,ABT,cusip6,ABBOTT LABS 4.75% 30Nov2036,ABBOTT LABS 4.75% 30Nov2036,4.750
US002824BH26,ABT,cusip6,ABBOTT LABS 4.9% 30Nov2046,ABBOTT LABS 4.9% 30Nov2046,4.900
US002824BN93,ABT,cusip6,ABBOTT LABS 4.75% 15Apr2043,ABBOTT LABS 4.75% 15Apr2043,4.750
US00287YAM12,ABBV,cusip6,ABBVIE INC 4.4% 06Nov2042,ABBVIE INC 4.4% 06Nov2042,4.400
US00287YAR09,ABBV,cusip6,ABBVIE INC 4.5% 14May2035,ABBVIE INC 4.5% 14May2035,4.500
US00287YAS81,ABBV,cusip6,ABBVIE INC 4.7% 14May2045,ABBVIE INC 4.7% 14May2045,4.700
US00287YAV11,ABBV,cusip6,ABBVIE INC 4.3% 14May2036,ABBVIE INC 4.3% 14May2036,4.300
US00287YAW93,ABBV,cusip6,ABBVIE INC 4.45% 14May2046,ABBVIE INC 4.45% 14May2046,4.450
US00287YBD04,ABBV,cusip6,ABBVIE INC 4.875% 14Nov2048,ABBVIE INC 4.875% 14Nov2048,4.875
US00287YBF51,ABBV,cusip6,ABBVIE INC 4.25% 14Nov2028,ABBVIE INC 4.25% 14Nov2028,4.250
US00287YBV02,ABBV,cusip6,ABBVIE INC,ABBVIE INC 2.95% 21Nov2026,2.950
US00287YBX67,ABBV,cusip6,ABBVIE INC,ABBVIE INC 3.2% 21Nov2029,3.200
US00287YCA55,ABBV,cusip6,ABBVIE INC,ABBVIE INC 4.05% 21Nov2039,4.050
US00287YCB39,ABBV,cusip6,ABBVIE INC,ABBVIE INC 4.25% 21Nov2049,4.250
US00287YCY32,ABBV,cusip6,ABBVIE INC,ABBVIE INC 4.55% 15Mar2035,4.550
US00287YDA47,ABBV,cusip6,ABBVIE INC,ABBVIE INC 4.85% 15Jun2044,4.850
US00287YDB20,ABBV,cusip6,ABBVIE INC,ABBVIE INC 4.75% 15Mar2045,4.750
US00440EAH09,CB,name_block,ACE INA HLDGS INC 6.7% 15May2036,ACE INA HLDGS INC 6.7% 15May2036,6.700
US00440EAQ08,CB,name_block,ACE INA HLDGS INC 4.15% 13Mar2043,ACE INA HLDGS INC 4.15% 13Mar2043,4.150
US00440EAW75,CB,name_block,ACE INA HLDGS INC 4.35% 03Nov2045,ACE INA HLDGS INC 4.35% 03Nov2045,4.350
US00440FAA21,CB,name_block,ACE CAP TR II 9.7% 01Apr2030,ACE CAP TR II 9.7% 01Apr2030,9.700
US00724PAC32,ADBE,name_block,Adobe 2.15% 1feb2027 USD,Adobe 2.15% 1feb2027 USD,2.150
US00724PAD15,ADBE,name_block,Adobe 2.3% 1feb2030 USD,Adobe 2.3% 1feb2030 USD,2.300
US007903BF39,AMD,cusip6,AMD 3.924 01-JUN-32,AMD 3.924 01-JUN-32,3.924
US007903BG12,AMD,cusip6,AMD 4.393 01-JUN-52,AMD 4.393 01-JUN-52,4.393
US00846UAK79,A,cusip6,AGILENT TECHNOLOGIES INC 3.05% 22Sep2026,AGILENT TECHNOLOGIES INC 3.05% 22Sep2026,3.050
US00846UAM36,A,cusip6,Agilent Technologies 2.1% 4jun2030,"Agilent Technologies, 2.1% 4jun2030",2.100
US00846UAN19,A,cusip6,AGILENT TECHNOLOGIES INC,AGILENT TECHNOLOGIES INC 2.3% 12Mar2031,2.300
US009158AZ91,APD,cusip6,AIR PRODUCTS AND CHEMICALS INC,AIR PRODS & CHEMS INC 2.7% 15May2040,2.700
US009158BA32,APD,cusip6,AIR PRODUCTS AND CHEMICALS INC,AIR PRODS & CHEMS INC 2.8% 15May2050,2.800
US009158BC97,APD,cusip6,AIR PRODUCTS AND CHEMICALS INC,AIR PRODS & CHEMS INC 2.05% 15May2030,2.050
US009158BF29,APD,cusip6,APD 4.8 03-MAR-33,APD 4.8 03-MAR-33,4.800
US010392EC80,SO,name_block,ALABAMA PWR CO 5.7% 15Feb2033,ALABAMA PWR CO 5.7% 15Feb2033,5.700
US010392EZ75,SO,name_block,ALABAMA PWR CO 6.125% 15May2038,ALABAMA PWR CO 6.125% 15May2038,6.125
US010392FB98,SO,name_block,ALABAMA PWR CO 6% 01Mar2039,ALABAMA PWR CO 6% 01Mar2039,6.000
US010392FD54,SO,name_block,ALABAMA PWR CO 5.5% 15Mar2041,ALABAMA PWR CO 5.5% 15Mar2041,5.500
US010392FF03,SO,name_block,ALABAMA PWR CO 5.2% 01Jun2041,ALABAMA PWR CO 5.2% 01Jun2041,5.200
US010392FG85,SO,name_block,ALABAMA PWR CO 4.1% 15Jan2042,ALABAMA PWR CO 4.1% 15Jan2042,4.100
US010392FJ25,SO,name_block,ALABAMA PWR CO 3.85% 01Dec2042,ALABAMA PWR CO 3.85% 01Dec2042,3.850
US010392FL70,SO,name_block,ALABAMA PWR CO 4.15% 15Aug2044,ALABAMA PWR CO 4.15% 15Aug2044,4.150
US010392FM53,SO,name_block,ALABAMA PWR CO 3.75% 01Mar2045,ALABAMA PWR CO 3.75% 01Mar2045,3.750
US010392FP84,SO,name_block,ALABAMA PWR CO 4.3% 02Jan2046,ALABAMA PWR CO 4.3% 02Jan2046,4.300
US010392FR41,SO,name_block,ALABAMA PWR CO 3.7% 01Dec2047,ALABAMA PWR CO 3.7% 01Dec2047,3.700
US010392FS24,SO,name_block,ALABAMA PWR CO 4.3% 15Jul2048,ALABAMA PWR CO 4.3% 15Jul2048,4.300
US010392FV52,SO,name_block,SO 3.125 15-JUL-51,SO 3.125 15-JUL-51,3.125
US010392FW36,SO,name_block,SO 3 15-MAR-52,SO 3 15-MAR-52,3.000
US010392FX19,SO,name_block,SO 3.05 15-MAR-32,SO 3.05 15-MAR-32,3.050
US010392FZ66,SO,name_block,SO 3.94 01-SEP-32,SO 3.94 01-SEP-32,3.940
US012653AE17,ALB,cusip6,ALB 5.05 01-JUN-32,ALB 5.05 01-JUN-32,5.050
US012653AF81,ALB,cusip6,ALB 5.65 01-JUN-52,ALB 5.65 01-JUN-52,5.650
US012725AD95,ALB,name_block,ALBEMARLE CORP 5.45% 01Dec2044,ALBEMARLE CORP 5.45% 01Dec2044,5.450
US013817AK77,HWM,cusip6,"Howmet Aerospace Inc. 5,95% 07/37",ALCOA INC 5.95% 01Feb2037,5.950
US015271AG44,ARE,cusip6,ALEXANDRIA REAL ESTATE EQUITIES INC 4.5% 30Jul2029,ALEXANDRIA REAL ESTATE EQUITIES INC 4.5% 30Jul2029,4.500
US015271AJ82,ARE,cusip6,ALEXANDRIA REAL ESTATE EQUITIES INC 3.95% 15Jan2027,ALEXANDRIA REAL ESTATE EQUITIES INC 3.95% 15Jan2027,3.950
US015271AK55,ARE,cusip6,ALEXANDRIA REAL ESTATE EQUITIES INC 3.95% 15Jan2028,ALEXANDRIA REAL ESTATE EQUITIES INC 3.95% 15Jan2028,3.950
US015271AN94,ARE,cusip6,ALEXANDRIA REAL ESTATE EQUITIES INC 4.7% 01Jul2030,ALEXANDRIA REAL ESTATE EQUITIES INC 4.7% 01Jul2030,4.700
US015271AR09,ARE,cusip6,ALEXANDRIA REAL ESTATE EQUITIES IN,ALEXANDRIA REAL ESTATE EQUITIES INC 3.375% 15Aug2031,3.375
US015271AV11,ARE,cusip6,ALEXANDRIA REAL ESTATE EQUITIES IN,ALEXANDRIA REAL ESTATE EQUITIES INC 1.875% 01Feb2033,1.875
US015271AW93,ARE,cusip6,ALEXANDRIA REAL ESTATE EQUITIES IN,ALEXANDRIA REAL ESTATE EQUITIES INC 2% 18May2032,2.000
US015271AY59,ARE,cusip6,ARE 2.95 15-MAR-34,ARE 2.95 15-MAR-34,2.950
US015271AZ25,ARE,cusip6,ARE 3.55 15-MAR-52,ARE 3.55 15-MAR-52,3.550
US015271BA64,ARE,cusip6,ARE 4.75 15-APR-35,ARE 4.75 15-APR-35,4.750
US015271BB48,ARE,cusip6,"Alexandria Real Estate Equities Inc. 5,15% 23/53","Alexandria Real Estate Equities Inc. 5,15% 23/53",15.000
US01748NAE40,ALLE,name_block,ALLEGION US HLDG CO INC 3.55% 01Oct2027,ALLEGION US HLDG CO INC 3.55% 01Oct2027,3.550
US01748TAB70,ALLE,name_block,Allegion 3.5% 1oct2029 USD,Allegion 3.5% 1oct2029 USD,3.500
US01748TAC53,ALLE,name_block,ALLE 5.411 01-JUL-32,ALLE 5.411 01-JUL-32,5.411
US01882YAD85,LNT,name_block,LNT 3.6 01-MAR-32,LNT 3.6 01-MAR-32,3.600
US020002AJ05,ALL,cusip6,ALL 6.9 15-MAY-38,ALL 6.9 15-MAY-38,6.900
US020002AQ48,ALL,cusip6,ALLSTATE CORP 5.35% 01Jun2033,ALLSTATE CORP 5.35% 01Jun2033,5.350
US020002AS04,ALL,cusip6,ALLSTATE CORP 5.55% 09May2035,ALLSTATE CORP 5.55% 09May2035,5.550
US020002BA86,ALL,cusip6,ALLSTATE CORP 4.5% 15Jun2043,ALLSTATE CORP 4.5% 15Jun2043,4.500
US020002BC43,ALL,cusip6,ALLSTATE CORP 4.2% 15Dec2046,ALLSTATE CORP 4.2% 15Dec2046,4.200
US020002BD26,ALL,cusip6,ALLSTATE CORP 3.28% 15Dec2026,ALLSTATE CORP 3.28% 15Dec2026,3.280
US02079KAC18,GOOG,cusip6,ALPHABET INC 1.998% 15Aug2026,ALPHABET INC 1.998% 15Aug2026,1.998
US02079KAD90,GOOG,cusip6,ALPHABET INC,ALPHABET INC 1.1% 15Aug2030,1.100
US02079KAE73,GOOG,cusip6,ALPHABET INC,ALPHABET INC 1.9% 15Aug2040,1.900
US02079KAF49,GOOG,cusip6,ALPHABET INC,ALPHABET INC 2.05% 15Aug2050,2.050
US02079KAG22,GOOG,cusip6,ALPHABET INC,ALPHABET INC 2.25% 15Aug2060,2.250
US02079KAJ60,GOOG,cusip6,ALPHABET INC,ALPHABET INC 0.8% 15Aug2027,0.800
US02209SAE37,MO,name_block,Altria Group 9.95% 10nov2038,Altria Group 9.95% 10nov2038,9.950
US02209SAM52,MO,name_block,ALTRIA GROUP INC 4.25% 09Aug2042,ALTRIA GROUP INC 4.25% 09Aug2042,4.250
US02209SAQ66,MO,name_block,ALTRIA GROUP INC 4.5% 02May2043,ALTRIA GROUP INC 4.5% 02May2043,4.500
US02209SAR40,MO,name_block,ALTRIA GROUP INC 5.375% 31Jan2044,ALTRIA GROUP INC 5.375% 31Jan2044,5.375
US02209SAU78,MO,name_block,ALTRIA GROUP INC 2.625% 16Sep2026,ALTRIA GROUP INC 2.625% 16Sep2026,2.625
US02209SAV51,MO,name_block,ALTRIA GROUP INC 3.875% 16Sep2046,ALTRIA GROUP INC 3.875% 16Sep2046,3.875
US02209SBD45,MO,name_block,Altria Group Inc. 48% 19/29,ALTRIA GROUP INC 4.8% 14Feb2029,4.800
US02209SBE28,MO,name_block,ALTRIA GROUP INC,ALTRIA GROUP INC 5.8% 14Feb2039,5.800
US02209SBF92,MO,name_block,ALTRIA GROUP INC 5.95% 14Feb2049,ALTRIA GROUP INC 5.95% 14Feb2049,5.950
US02209SBJ15,MO,name_block,ALTRIA GROUP INC,ALTRIA GROUP INC 3.4% 06May2030,3.400
US02209SBL60,MO,name_block,ALTRIA GROUP INC,ALTRIA GROUP INC 2.45% 04Feb2032,2.450
US02209SBM44,MO,name_block,ALTRIA GROUP INC,ALTRIA GROUP INC 3.4% 04Feb2041,3.400
US02209SBN27,MO,name_block,ALTRIA GROUP INC,ALTRIA GROUP INC 3.7% 04Feb2051,3.700
US02209SBP74,MO,name_block,ALTRIA GROUP INC,ALTRIA GROUP INC 4% 04Feb2061,4.000
US022249AU09,HWM,name_block,Howmet Aerospace 6.75% 15jan2028 USD,Howmet Aerospace 6.75% 15jan2028 USD,6.750
US023135AP19,AMZN,cusip6,AMAZON COM INC 4.8% 05Dec2034,AMAZON COM INC 4.8% 05Dec2034,4.800
US023135AQ91,AMZN,cusip6,AMAZON COM INC 4.95% 05Dec2044,AMAZON COM INC 4.95% 05Dec2044,4.950
US023135BC96,AMZN,cusip6,AMAZON COM INC 3.15% 22Aug2027,AMAZON COM INC 3.15% 22Aug2027,3.150
US023135BF28,AMZN,cusip6,AMAZON COM INC 3.875% 22Aug2037,AMAZON COM INC 3.875% 22Aug2037,3.875
US023135BJ40,AMZN,cusip6,AMAZON COM INC 4.05% 22Aug2047,AMAZON COM INC 4.05% 22Aug2047,4.050
US023135BM78,AMZN,cusip6,AMAZON COM INC 4.25% 22Aug2057,AMAZON COM INC 4.25% 22Aug2057,4.250
US023135BR65,AMZN,cusip6,AMAZON.COM INC,AMAZON COM INC 1.2% 03Jun2027,1.200
US023135BS49,AMZN,cusip6,AMAZON.COM INC,AMAZON COM INC 1.5% 03Jun2030,1.500
US023135BT22,AMZN,cusip6,AMAZON.COM INC,AMAZON COM INC 2.5% 03Jun2050,2.500
US023135BU94,AMZN,cusip6,AMAZON.COM INC,AMAZON COM INC 2.7% 03Jun2060,2.700
US023135BY17,AMZN,cusip6,AMAZON.COM INC,AMAZON COM INC 1.65% 12May2028,1.650
US023135BZ81,AMZN,cusip6,AMAZON.COM INC,AMAZON COM INC 2.1% 12May2031,2.100
US023135CA22,AMZN,cusip6,AMAZON.COM INC,AMAZON COM INC 2.875% 12May2041,2.875
US023135CB05,AMZN,cusip6,AMAZON.COM INC,AMAZON COM INC 3.1% 12May2051,3.100
US023135CC87,AMZN,cusip6,AMAZON.COM INC,AMAZON COM INC 3.25% 12May2061,3.250
US023135CF19,AMZN,cusip6,AMZN 3.3 13-APR-27,AMZN 3.3 13-APR-27,3.300
US023135CG91,AMZN,cusip6,AMZN 3.45 13-APR-29,AMZN 3.45 13-APR-29,3.450
US023135CH74,AMZN,cusip6,AMZN 3.6 13-APR-32,AMZN 3.6 13-APR-32,3.600
US023135CJ31,AMZN,cusip6,AMZN 3.95 13-APR-52,AMZN 3.95 13-APR-52,3.950
US023135CK04,AMZN,cusip6,AMZN 4.1 13-APR-62,AMZN 4.1 13-APR-62,4.100
US023135CP90,AMZN,cusip6,AMZN 4.55 01-DEC-27,AMZN 4.55 01-DEC-27,4.550
US023135CQ73,AMZN,cusip6,AMZN 4.65 01-DEC-29,AMZN 4.65 01-DEC-29,4.650
US023135CR56,AMZN,cusip6,AMZN 4.7 01-DEC-32,AMZN 4.7 01-DEC-32,4.700
US02343UAH86,AMCR,name_block,AMCR 4.5 15-MAY-28,AMCR 4.5 15-MAY-28,4.500
US02344AAA60,AMCR,name_block,AMCR 2.69 25-MAY-31,AMCR 2.69 25-MAY-31,2.690
US023608AJ15,AEE,cusip6,AMEREN CORPORATION,AMEREN CORP 3.5% 15Jan2031,3.500
US023608AK87,AEE,cusip6,AEE 1.75 15-MAR-28,AEE 1.75 15-MAR-28,1.750
US023608AL60,AEE,cusip6,AEE 1.95 15-MAR-27,AEE 1.95 15-MAR-27,1.950
US02361DAQ34,AEE,name_block,AMEREN ILL CO 4.15% 15Mar2046,AMEREN ILL CO 4.15% 15Mar2046,4.150
US02361DAR17,AEE,name_block,AMEREN ILL CO 3.7% 01Dec2047,AMEREN ILL CO 3.7% 01Dec2047,3.700
US02361DAX84,AEE,name_block,AEE 2.9 15-JUN-51,AEE 2.9 15-JUN-51,2.900
US02361DAY67,AEE,name_block,AEE 3.85 01-SEP-32,AEE 3.85 01-SEP-32,3.850
US02361DAZ33,AEE,name_block,AEE 5.9 01-DEC-52,AEE 5.9 01-DEC-52,5.900
US025537AJ08,AEP,cusip6,AMERICAN ELEC PWR CO INC 3.2% 13Nov2027,AMERICAN ELEC PWR CO INC 3.2% 13Nov2027,3.200
US025537AM37,AEP,cusip6,AMERICAN ELEC PWR CO INC 4.3% 01Dec2028,AMERICAN ELEC PWR CO INC 4.3% 01Dec2028,4.300
US025537AU52,AEP,cusip6,AEP 3.875 15-FEB-62,AEP 3.875 15-FEB-62,3.875
US025537AV36,AEP,cusip6,AEP 5.75 01-NOV-27,AEP 5.75 01-NOV-27,5.750
US025537AW19,AEP,cusip6,AEP 5.95 01-NOV-32,AEP 5.95 01-NOV-32,5.950
US025537AX91,AEP,cusip6,AEP 5.625 01-MAR-33,AEP 5.625 01-MAR-33,5.625
US025816AZ26,AXP,cusip6,AMERICAN EXPRESS CO 8.15% 19Mar2038,AMERICAN EXPRESS CO 8.15% 19Mar2038,8.150
US025816BF52,AXP,cusip6,AMERICAN EXPRESS CO 4.05% 03Dec2042,AMERICAN EXPRESS CO 4.05% 03Dec2042,4.050
US025816CH00,AXP,cusip6,AXP 3.55,AXP 3.55,
US025816CL12,AXP,cusip6,AXP 4.732065 04-NOV-26,AXP 4.732065 04-NOV-26,4.732
US025816CM94,AXP,cusip6,American Express Co. 165% 21/26,American Express Co. 165% 21/26,165.000
US025816CP26,AXP,cusip6,AXP 3.3 03-MAY-27,AXP 3.3 03-MAY-27,3.300
US025816CS64,AXP,cusip6,AXP 2.55 04-MAR-27,AXP 2.55 04-MAR-27,2.550
US025816CW76,AXP,cusip6,AXP 4.05 03-MAY-29,AXP 4.05 03-MAY-29,4.050
US025816CX59,AXP,cusip6,AXP 4.989 26-MAY-33,AXP 4.989 26-MAY-33,4.989
US025816DA48,AXP,cusip6,AXP 4.42 03-AUG-33,AXP 4.42 03-AUG-33,4.420
US025816DB21,AXP,cusip6,AXP 5.85 05-NOV-27,AXP 5.85 05-NOV-27,5.850
US0258M0EL96,AXP,name_block,AMERICAN EXPRESS CR CORP MEDIUM TERM NTS 3.3% 03May2027,AMERICAN EXPRESS CR CORP MEDIUM TERM NTS 3.3% 03May2027,3.300
US026874BS54,AIG,cusip6,American International Group 8.175% 15may2068 USD,AMERICAN INTL GROUP INC 8.175% 15May2068,8.175
US026874DA29,AIG,cusip6,AMERICAN INTL GROUP INC 4.5% 16Jul2044,AMERICAN INTL GROUP INC 4.5% 16Jul2044,4.500
US026874DC84,AIG,cusip6,AMERICAN INTL GROUP INC 3.875% 15Jan2035,AMERICAN INTL GROUP INC 3.875% 15Jan2035,3.875
US026874DE41,AIG,cusip6,AMERICAN INTL GROUP INC 4.7% 10Jul2035,AMERICAN INTL GROUP INC 4.7% 10Jul2035,4.700
US026874DK01,AIG,cusip6,AMERICAN INTL GROUP INC 4.2% 01Apr2028,AMERICAN INTL GROUP INC 4.2% 01Apr2028,4.200
US026874DL83,AIG,cusip6,AMERICAN INTL GROUP INC 4.75% 01Apr2048,AMERICAN INTL GROUP INC 4.75% 01Apr2048,4.750
US026874DP97,AIG,cusip6,AMERICAN INTERNATIONAL GROUP INC,AMERICAN INTL GROUP INC 4.375% 30Jun2050,4.375
US026874DR53,AIG,cusip6,AMERICAN INTERNATIONAL GROUP INC,AMERICAN INTL GROUP INC 3.4% 30Jun2030,3.400
US03027XAK63,AMT,name_block,AMERICAN TOWER CORP NEW 3.375% 15Oct2026,AMERICAN TOWER CORP NEW 3.375% 15Oct2026,3.375
US03027XAM20,AMT,name_block,AMERICAN TOWER CORP NEW 3.125% 15Jan2027,AMERICAN TOWER CORP NEW 3.125% 15Jan2027,3.125
US03027XAP50,AMT,name_block,AMERICAN TOWER CORP NEW 3.55% 15Jul2027,AMERICAN TOWER CORP NEW 3.55% 15Jul2027,3.550
US03027XAR17,AMT,name_block,AMERICAN TOWER CORP NEW 3.6% 15Jan2028,AMERICAN TOWER CORP NEW 3.6% 15Jan2028,3.600
US03027XAW02,AMT,name_block,AMERICAN TOWER CORPORATION,AMERICAN TOWER CORP NEW 3.8% 15Aug2029,3.800
US03027XAX84,AMT,name_block,AMERICAN TOWER CORPORATION,AMERICAN TOWER CORP NEW 2.75% 15Jan2027,2.750
US03027XBA72,AMT,name_block,AMERICAN TOWER CORPORATION,AMERICAN TOWER CORP NEW 2.9% 15Jan2030,2.900
US03027XBC39,AMT,name_block,AMERICAN TOWER CORPORATION,AMERICAN TOWER CORP NEW 2.1% 15Jun2030,2.100
US03027XBD12,AMT,name_block,AMERICAN TOWER CORPORATION,AMERICAN TOWER CORP NEW 3.1% 15Jun2050,3.100
US03027XBG43,AMT,name_block,AMERICAN TOWER CORPORATION,AMERICAN TOWER CORP NEW 1.875% 15Oct2030,1.875
US03027XBM11,AMT,name_block,AMT 2.7 15-APR-31,AMT 2.7 15-APR-31,2.700
US03027XBR08,AMT,name_block,AMT 1.45 15-SEP-26,AMT 1.45 15-SEP-26,1.450
US03027XBS80,AMT,name_block,AMT 2.3 15-SEP-31,AMT 2.3 15-SEP-31,2.300
US03027XBV10,AMT,name_block,AMT 3.65 15-MAR-27,AMT 3.65 15-MAR-27,3.650
US03027XBW92,AMT,name_block,AMT 4.05 15-MAR-32,AMT 4.05 15-MAR-32,4.050
US03027XBY58,AMT,name_block,AMT 5.5 15-MAR-28,AMT 5.5 15-MAR-28,5.500
US03027XBZ24,AMT,name_block,AMT 5.65 15-MAR-33,AMT 5.65 15-MAR-33,5.650
US030288AC89,FE,name_block,FE 2.65 15-JAN-32,FE 2.65 15-JAN-32,2.650
US03040WAD74,AWK,name_block,AMERICAN WTR CAP CORP 6.593% 15Oct2037,AMERICAN WTR CAP CORP 6.593% 15Oct2037,6.593
US03040WAN56,AWK,name_block,AMERICAN WTR CAP CORP 3% 01Dec2026,AMERICAN WTR CAP CORP 3% 01Dec2026,3.000
US03040WAQ87,AWK,name_block,AMERICAN WTR CAP CORP 2.95% 01Sep2027,AMERICAN WTR CAP CORP 2.95% 01Sep2027,2.950
US03040WAR60,AWK,name_block,AMERICAN WTR CAP CORP 3.75% 01Sep2047,AMERICAN WTR CAP CORP 3.75% 01Sep2047,3.750
US03040WAS44,AWK,name_block,AMERICAN WTR CAP CORP 3.75% 01Sep2028,AMERICAN WTR CAP CORP 3.75% 01Sep2028,3.750
US03040WAT27,AWK,name_block,AMERICAN WTR CAP CORP 4.2% 01Sep2048,AMERICAN WTR CAP CORP 4.2% 01Sep2048,4.200
US03040WAY12,AWK,name_block,AWK 2.3 01-JUN-31,AWK 2.3 01-JUN-31,2.300
US03040WAZ86,AWK,name_block,AWK 3.25 01-JUN-51,AWK 3.25 01-JUN-51,3.250
US03040WBA27,AWK,name_block,AWK 4.45 01-JUN-32,AWK 4.45 01-JUN-32,4.450
US03073EAN58,COR,name_block,AMERISOURCEBERGEN CORP 4.25% 01Mar2045,CENCORA INC 4.25% 01Mar2045,4.250
US03073EAP07,COR,name_block,AMERISOURCEBERGEN CORP 3.45% 15Dec2027,CENCORA INC 3.45% 15Dec2027,3.450
US03073EAQ89,COR,name_block,AMERISOURCEBERGEN CORP 4.3% 15Dec2047,CENCORA INC 4.3% 15Dec2047,4.300
US03073EAT29,COR,name_block,AMERISOURCEBERGEN CORPORATION,CENCORA INC 2.7% 15Mar2031,2.700
US03076CAH97,AMP,cusip6,AMERIPRISE FINL INC 2.875% 15Sep2026,AMERIPRISE FINL INC 2.875% 15Sep2026,2.875
US03076CAL00,AMP,cusip6,AMP 4.5 13-MAY-32,AMP 4.5 13-MAY-32,4.500
US03076CAM82,AMP,cusip6,AMP 5.15 15-MAY-33,AMP 5.15 15-MAY-33,5.150
US031162AW01,AMGN,cusip6,AMGEN INC 6.375% 01Jun2037,AMGEN INC 6.375% 01Jun2037,6.375
US031162BA71,AMGN,cusip6,AMGEN INC 6.4% 01Feb2039,AMGEN INC 6.4% 01Feb2039,6.400
US031162BE93,AMGN,cusip6,AMGEN INC 4.95% 01Oct2041,AMGEN INC 4.95% 01Oct2041,4.950
US031162BH25,AMGN,cusip6,AMGEN INC 5.65% 15Jun2042,AMGEN INC 5.65% 15Jun2042,5.650
US031162BK53,AMGN,cusip6,AMGEN INC 5.15% 15Nov2041,AMGEN INC 5.15% 15Nov2041,5.150
US031162BZ23,AMGN,cusip6,AMGEN INC 4.4% 01May2045,AMGEN INC 4.4% 01May2045,4.400
US031162CD02,AMGN,cusip6,AMGEN INC 4.563% 15Jun2048,AMGEN INC 4.563% 15Jun2048,4.563
US031162CF59,AMGN,cusip6,AMGEN INC 4.663% 15Jun2051,AMGEN INC 4.663% 15Jun2051,4.663
US031162CJ71,AMGN,cusip6,AMGEN INC 2.6% 19Aug2026,AMGEN INC 2.6% 19Aug2026,2.600
US031162CQ15,AMGN,cusip6,AMGEN INC 3.2% 02Nov2027,AMGEN INC 3.2% 02Nov2027,3.200
US031162CR97,AMGN,cusip6,AMGEN INC,AMGEN INC 3.15% 21Feb2040,3.150
US031162CS70,AMGN,cusip6,AMGEN INC,AMGEN INC 3.375% 21Feb2050,3.375
US031162CT53,AMGN,cusip6,AMGEN INC,AMGEN INC 2.2% 21Feb2027,2.200
US031162CU27,AMGN,cusip6,AMGEN INC,AMGEN INC 2.45% 21Feb2030,2.450
US031162CW82,AMGN,cusip6,AMGEN INC,AMGEN INC 2.3% 25Feb2031,2.300
US031162CY49,AMGN,cusip6,AMGEN INC,AMGEN INC 2.77% 01Sep2053,2.770
US031162CZ14,AMGN,cusip6,AMGEN INC,AMGEN INC 2% 15Jan2032,2.000
US031162DA53,AMGN,cusip6,AMGEN INC,AMGEN INC 2.8% 15Aug2041,2.800
US031162DB37,AMGN,cusip6,AMGEN INC,AMGEN INC 1.65% 15Aug2028,1.650
US031162DC10,AMGN,cusip6,AMGEN INC,AMGEN INC 3% 15Jan2052,3.000
US031162DD92,AMGN,cusip6,AMGN 3 22-FEB-29,AMGN 3 22-FEB-29,3.000
US031162DE75,AMGN,cusip6,AMGN 3.35 22-FEB-32,AMGN 3.35 22-FEB-32,3.350
US031162DF41,AMGN,cusip6,AMGN 4.2 22-FEB-52,AMGN 4.2 22-FEB-52,4.200
US031162DG24,AMGN,cusip6,AMGN 4.4 22-FEB-62,AMGN 4.4 22-FEB-62,4.400
US031162DH07,AMGN,cusip6,AMGN 4.05 18-AUG-29,AMGN 4.05 18-AUG-29,4.050
US031162DJ62,AMGN,cusip6,AMGN 4.2 01-MAR-33,AMGN 4.2 01-MAR-33,4.200
US031162DK36,AMGN,cusip6,AMGN 4.875 01-MAR-53,AMGN 4.875 01-MAR-53,4.875
US031162DP23,AMGN,cusip6,AMGN 5.15 02-MAR-28,AMGN 5.15 02-MAR-28,5.150
US031162DQ06,AMGN,cusip6,AMGN 5.25 02-MAR-30,AMGN 5.25 02-MAR-30,5.250
US031162DR88,AMGN,cusip6,AMGN 5.25 02-MAR-33,AMGN 5.25 02-MAR-33,5.250
US031162DS61,AMGN,cusip6,AMGN 5.6 02-MAR-43,AMGN 5.6 02-MAR-43,5.600
US031162DT45,AMGN,cusip6,AMGN 5.65 02-MAR-53,AMGN 5.65 02-MAR-53,5.650
US031162DU18,AMGN,cusip6,AMGN 5.75 02-MAR-63,AMGN 5.75 02-MAR-63,5.750
US032095AH42,APH,name_block,AMPHENOL CORP NEW 4.35% 01Jun2029,AMPHENOL CORP NEW 4.35% 01Jun2029,4.350
US032095AL53,APH,name_block,APH 2.2 15-SEP-31,APH 2.2 15-SEP-31,2.200
US032654AK16,ADI,cusip6,ANALOG DEVICES INC 5.3% 15Dec2045,ANALOG DEVICES INC 5.3% 15Dec2045,5.300
US032654AN54,ADI,cusip6,ANALOG DEVICES INC 3.5% 05Dec2026,ANALOG DEVICES INC 3.5% 05Dec2026,3.500
US032654AU97,ADI,cusip6,ADI 1.7 01-OCT-28,ADI 1.7 01-OCT-28,1.700
US032654AV70,ADI,cusip6,ADI 2.1 01-OCT-31,ADI 2.1 01-OCT-31,2.100
US032654AW53,ADI,cusip6,ADI 2.8 01-OCT-41,ADI 2.8 01-OCT-41,2.800
US032654AX37,ADI,cusip6,ADI 2.95 01-OCT-51,ADI 2.95 01-OCT-51,2.950
US036752AB92,ELV,name_block,ANTHEM INC 3.65% 01Dec2027,ANTHEM INC 3.65% 01Dec2027,3.650
US036752AD58,ELV,name_block,ANTHEM INC 4.375% 01Dec2047,ANTHEM INC 4.375% 01Dec2047,4.375
US036752AG89,ELV,name_block,ANTHEM INC 4.101% 01Mar2028,ANTHEM INC 4.101% 01Mar2028,4.101
US036752AH62,ELV,name_block,ANTHEM INC 4.55% 01Mar2048,ANTHEM INC 4.55% 01Mar2048,4.550
US036752AK91,ELV,name_block,ANTHEM INC,ANTHEM INC 3.7% 15Sep2049,3.700
US036752AL74,ELV,name_block,ANTHEM INC,ANTHEM INC 2.875% 15Sep2029,2.875
US036752AM57,ELV,name_block,ANTHEM INC,ANTHEM INC 3.125% 15May2050,3.125
US036752AN31,ELV,name_block,ANTHEM INC,ANTHEM INC 2.25% 15May2030,2.250
US036752AP88,ELV,name_block,ANTHEM INC,ANTHEM INC 2.55% 15Mar2031,2.550
US036752AS28,ELV,name_block,ANTHEM INC,ANTHEM INC 3.6% 15Mar2051,3.600
US036752AT01,ELV,name_block,ELV 4.1 15-MAY-32,ELV 4.1 15-MAY-32,4.100
US036752AU73,ELV,name_block,ELV 4.55 15-MAY-52,ELV 4.55 15-MAY-52,4.550
US036752AW30,ELV,name_block,ELV 5.5 15-OCT-32,ELV 5.5 15-OCT-32,5.500
US036752AX13,ELV,name_block,ELV 6.1 15-OCT-52,ELV 6.1 15-OCT-52,6.100
US037389AK90,AON,name_block,AON CORP 8.205% 01Jan2027,AON CORP 8.205% 01Jan2027,8.205
US037389AU72,AON,name_block,AON CORP 6.25% 30Sep2040,AON CORP 6.25% 30Sep2040,6.250
US037389BB82,AON,name_block,AON CORP 4.5% 15Dec2028,AON CORP 4.5% 15Dec2028,4.500
US037389BC65,AON,name_block,AON CORP,AON CORP 3.75% 02May2029,3.750
US037389BE22,AON,name_block,AON CORP,AON CORP 2.8% 15May2030,2.800
US03740LAA08,AON,name_block,AON 2.05 23-AUG-31,AON 2.05 23-AUG-31,2.050
US03740LAB80,AON,name_block,AON 2.9 23-AUG-51,AON 2.9 23-AUG-51,2.900
US03740LAC63,AON,name_block,AON 2.6 02-DEC-31,AON 2.6 02-DEC-31,2.600
US03740LAD47,AON,name_block,AON 2.85 28-MAY-27,AON 2.85 28-MAY-27,2.850
US03740LAE20,AON,name_block,AON 3.9 28-FEB-52,AON 3.9 28-FEB-52,3.900
US03740LAF94,AON,name_block,AON 5 12-SEP-32,AON 5 12-SEP-32,5.000
US03740LAG77,AON,name_block,AON 5.35 28-FEB-33,AON 5.35 28-FEB-33,5.350
US037411AR61,APA,cusip6,APACHE CORP 6% 15Jan2037,APACHE CORP 6% 15Jan2037,6.000
US037411AW56,APA,cusip6,APACHE CORP 5.1% 01Sep2040,APACHE CORP 5.1% 01Sep2040,5.100
US037411AY13,APA,cusip6,APACHE CORP 5.25% 01Feb2042,APACHE CORP 5.25% 01Feb2042,5.250
US037411BA28,APA,cusip6,APACHE CORP 4.75% 15Apr2043,APACHE CORP 4.75% 15Apr2043,4.750
US037411BC83,APA,cusip6,APACHE CORP 4.25% 15Jan2044,APACHE CORP 4.25% 15Jan2044,4.250
US037411BG97,APA,cusip6,Apache 5.35% 1jul2049 USD,Apache 5.35% 1jul2049 USD,5.350
US03746AAA88,APA,name_block,APA 7.75 15-DEC-29,APA 7.75 15-DEC-29,7.750
US037735BZ93,AEP,name_block,APPALACHIAN PWR CO 5.95% 15May2033,APPALACHIAN PWR CO 5.95% 15May2033,5.950
US037735CE55,AEP,name_block,APPALACHIAN PWR CO 5.8% 01Oct2035,APPALACHIAN PWR CO 5.8% 01Oct2035,5.800
US037735CG04,AEP,name_block,APPALACHIAN PWR CO 6.375% 01Apr2036,APPALACHIAN PWR CO 6.375% 01Apr2036,6.375
US037735CK16,AEP,name_block,APPALACHIAN PWR CO 6.7% 15Aug2037,APPALACHIAN PWR CO 6.7% 15Aug2037,6.700
US037735CM71,AEP,name_block,APPALACHIAN PWR CO 7% 01Apr2038,APPALACHIAN PWR CO 7% 01Apr2038,7.000
US037735CT25,AEP,name_block,APPALACHIAN PWR CO 4.4% 15May2044,APPALACHIAN PWR CO 4.4% 15May2044,4.400
US037735CV70,AEP,name_block,APPALACHIAN PWR CO 4.45% 01Jun2045,APPALACHIAN PWR CO 4.45% 01Jun2045,4.450
US037735CW53,AEP,name_block,APPALACHIAN PWR CO 3.3% 01Jun2027,APPALACHIAN PWR CO 3.3% 01Jun2027,3.300
US037735CZ84,AEP,name_block,AEP 2.7 01-APR-31,AEP 2.7 01-APR-31,2.700
US037735DA25,AEP,name_block,AEP 4.5 01-AUG-32,AEP 4.5 01-AUG-32,4.500
US037833AL42,AAPL,cusip6,APPLE INC 3.85% 04May2043,APPLE INC 3.85% 04May2043,3.850
US037833AT77,AAPL,cusip6,APPLE INC 4.45% 06May2044,APPLE INC 4.45% 06May2044,4.450
US037833BA77,AAPL,cusip6,APPLE INC 3.45% 09Feb2045,APPLE INC 3.45% 09Feb2045,3.450
US037833BH21,AAPL,cusip6,APPLE INC 4.375% 13May2045,APPLE INC 4.375% 13May2045,4.375
US037833BW97,AAPL,cusip6,APPLE INC 4.5% 23Feb2036,APPLE INC 4.5% 23Feb2036,4.500
US037833BX70,AAPL,cusip6,APPLE INC 4.65% 23Feb2046,APPLE INC 4.65% 23Feb2046,4.650
US037833BZ29,AAPL,cusip6,APPLE INC 2.45% 04Aug2026,APPLE INC 2.45% 04Aug2026,2.450
US037833CD08,AAPL,cusip6,APPLE INC 3.85% 04Aug2046,APPLE INC 3.85% 04Aug2046,3.850
US037833CH12,AAPL,cusip6,APPLE INC 4.25% 09Feb2047,APPLE INC 4.25% 09Feb2047,4.250
US037833CJ77,AAPL,cusip6,APPLE INC 3.35% 09Feb2027,APPLE INC 3.35% 09Feb2027,3.350
US037833CR93,AAPL,cusip6,APPLE INC 3.2% 11May2027,APPLE INC 3.2% 11May2027,3.200
US037833CX61,AAPL,cusip6,APPLE INC 3% 20Jun2027,APPLE INC 3% 20Jun2027,3.000
US037833DB33,AAPL,cusip6,APPLE INC 2.9% 12Sep2027,APPLE INC 2.9% 12Sep2027,2.900
US037833DD98,AAPL,cusip6,APPLE INC 3.75% 12Sep2047,APPLE INC 3.75% 12Sep2047,3.750
US037833DG20,AAPL,cusip6,APPLE INC 3.75% 13Nov2047,APPLE INC 3.75% 13Nov2047,3.750
US037833DK32,AAPL,cusip6,APPLE INC 3% 13Nov2027,APPLE INC 3% 13Nov2027,3.000
US037833DN70,AAPL,cusip6,APPLE INC,APPLE INC 2.05% 11Sep2026,2.050
US037833DP29,AAPL,cusip6,APPLE INC,APPLE INC 2.2% 11Sep2029,2.200
US037833DQ02,AAPL,cusip6,APPLE INC,APPLE INC 2.95% 11Sep2049,2.950
US037833DU14,AAPL,cusip6,APPLE INC,APPLE INC 1.65% 11May2030,1.650
US037833DW79,AAPL,cusip6,APPLE INC,APPLE INC 2.65% 11May2050,2.650
US037833DY36,AAPL,cusip6,APPLE INC,APPLE INC 1.25% 20Aug2030,1.250
US037833DZ01,AAPL,cusip6,APPLE INC,APPLE INC 2.4% 20Aug2050,2.400
US037833EA41,AAPL,cusip6,APPLE INC,APPLE INC 2.55% 20Aug2060,2.550
US037833EC07,AAPL,cusip6,AAPL 1.2 08-FEB-28,AAPL 1.2 08-FEB-28,1.200
US037833ED89,AAPL,cusip6,APPLE INC,APPLE INC 1.65% 08Feb2031,1.650
US037833EE62,AAPL,cusip6,APPLE INC,APPLE INC 2.375% 08Feb2041,2.375
US037833EF38,AAPL,cusip6,APPLE INC,APPLE INC 2.65% 08Feb2051,2.650
US037833EG11,AAPL,cusip6,APPLE INC,APPLE INC 2.8% 08Feb2061,2.800
US037833EH93,AAPL,cusip6,APPLE INC,APPLE INC 1.4% 05Aug2028,1.400
US037833EJ59,AAPL,cusip6,APPLE INC,APPLE INC 1.7% 05Aug2031,1.700
US037833EK23,AAPL,cusip6,APPLE INC,APPLE INC 2.7% 05Aug2051,2.700
US037833EL06,AAPL,cusip6,APPLE INC,APPLE INC 2.85% 05Aug2061,2.850
US037833EN61,AAPL,cusip6,AAPL 3.25 08-AUG-29,AAPL 3.25 08-AUG-29,3.250
US037833EP10,AAPL,cusip6,AAPL 3.35 08-AUG-32,AAPL 3.35 08-AUG-32,3.350
US037833EQ92,AAPL,cusip6,AAPL 3.95 08-AUG-52,AAPL 3.95 08-AUG-52,3.950
US037833ER75,AAPL,cusip6,AAPL 4.1 08-AUG-62,AAPL 4.1 08-AUG-62,4.100
US038222AG04,AMAT,cusip6,APPLIED MATLS INC 5.85% 15Jun2041,APPLIED MATLS INC 5.85% 15Jun2041,5.850
US038222AK16,AMAT,cusip6,APPLIED MATLS INC 5.1% 01Oct2035,APPLIED MATLS INC 5.1% 01Oct2035,5.100
US038222AL98,AMAT,cusip6,APPLIED MATLS INC 3.3% 01Apr2027,APPLIED MATLS INC 3.3% 01Apr2027,3.300
US038222AM71,AMAT,cusip6,APPLIED MATLS INC 4.35% 01Apr2047,APPLIED MATLS INC 4.35% 01Apr2047,4.350
US038222AN54,AMAT,cusip6,APPLIED MATERIALS INC,APPLIED MATLS INC 1.75% 01Jun2030,1.750
US038222AP03,AMAT,cusip6,APPLIED MATERIALS INC,APPLIED MATLS INC 2.75% 01Jun2050,2.750
US03835VAJ52,APTV,name_block,APTV 3.1 01-DEC-51,APTV 3.1 01-DEC-51,3.100
US03937LAA35,ACGL,cusip6,ARCH CAP GROUP LTD 7.35% 01May2034,ARCH CAP GROUP LTD 7.35% 01May2034,7.350
US03939AAA51,ACGL,name_block,ARCH CAPITAL GROUP LTD.,ARCH CAP GROUP LTD 3.635% 30Jun2050,3.635
US039482AB02,ADM,name_block,ARCHER DANIELS MIDLAND CO,ARCHER DANIELS MIDLAND CO 3.25% 27Mar2030,3.250
US039482AC84,ADM,name_block,ADM 2.7 15-SEP-51,ADM 2.7 15-SEP-51,2.700
US039482AD67,ADM,name_block,ADM 2.9 01-MAR-32,ADM 2.9 01-MAR-32,2.900
US039483AM40,ADM,cusip6,ARCHER-DANIELS MIDLAND CO 7.5% 15Mar2027,ARCHER-DANIELS MIDLAND CO 7.5% 15Mar2027,7.500
US039483BE15,ADM,cusip6,ARCHER-DANIELS MIDLAND CO 4.535% 26Mar2042,ARCHER-DANIELS MIDLAND CO 4.535% 26Mar2042,4.535
US039483BL57,ADM,cusip6,ARCHER-DANIELS MIDLAND CO 2.5% 11Aug2026,ARCHER-DANIELS MIDLAND CO 2.5% 11Aug2026,2.500
US039483BQ45,ADM,cusip6,ARCHER-DANIELS MIDLAND CO 4.5% 15Mar2049,ARCHER-DANIELS MIDLAND CO 4.5% 15Mar2049,4.500
US039936AA70,ARES,name_block,ARES 3.65 01-FEB-52,ARES 3.65 01-FEB-52,3.650
US040555CM49,PNW,name_block,ARIZONA PUB SVC CO 5.05% 01Sep2041,ARIZONA PUB SVC CO 5.05% 01Sep2041,5.050
US040555CN22,PNW,name_block,ARIZONA PUB SVC CO 4.5% 01Apr2042,ARIZONA PUB SVC CO 4.5% 01Apr2042,4.500
US040555CT91,PNW,name_block,ARIZONA PUB SVC CO 4.35% 15Nov2045,ARIZONA PUB SVC CO 4.35% 15Nov2045,4.350
US040555CW21,PNW,name_block,ARIZONA PUB SVC CO 2.95% 15Sep2027,ARIZONA PUB SVC CO 2.95% 15Sep2027,2.950
US040555DD31,PNW,name_block,PNW 2.2 15-DEC-31,PNW 2.2 15-DEC-31,2.200
US040555DE14,PNW,name_block,PNW 6.35 15-DEC-32,PNW 6.35 15-DEC-32,6.350
US04316JAA79,AJG,name_block,AJG 2.4 09-NOV-31,AJG 2.4 09-NOV-31,2.400
US04316JAB52,AJG,name_block,AJG 3.05 09-MAR-52,AJG 3.05 09-MAR-52,3.050
US04316JAD19,AJG,name_block,AJG 5.5 02-MAR-33,AJG 5.5 02-MAR-33,5.500
US04316JAE91,AJG,name_block,AJG 5.75 02-MAR-53,AJG 5.75 02-MAR-53,5.750
US04621XAD03,AIZ,cusip6,ASSURANT INC 6.75% 15Feb2034,ASSURANT INC 6.75% 15Feb2034,6.750
US04621XAJ72,AIZ,cusip6,ASSURANT INC 4.9% 27Mar2028,ASSURANT INC 4.9% 27Mar2028,4.900
US04621XAK46,AIZ,cusip6,Assurant 7% 27mar2048 USD,Assurant 7% 27mar2048 USD,7.000
US04621XAN84,AIZ,cusip6,AIZ 2.65 15-JAN-32,AIZ 2.65 15-JAN-32,2.650
US04650NAB01,T,name_block,AT&T INC 5.35% 01Sep2040,AT&T INC 5.35% 01Sep2040,5.350
US048303CH28,EXC,name_block,ATLANTIC CITY ELEC CO 4% 15Oct2028,ATLANTIC CITY ELEC CO 4% 15Oct2028,4.000
US048303CJ83,EXC,name_block,EXC 2.3 15-MAR-31,EXC 2.3 15-MAR-31,2.300
US049560AK13,ATO,cusip6,ATMOS ENERGY CORP 5.5% 15Jun2041,ATMOS ENERGY CORP 5.5% 15Jun2041,5.500
US049560AL95,ATO,cusip6,ATMOS ENERGY CORP 4.15% 15Jan2043,ATMOS ENERGY CORP 4.15% 15Jan2043,4.150
US049560AM78,ATO,cusip6,ATMOS ENERGY CORP 4.125% 15Oct2044,ATMOS ENERGY CORP 4.125% 15Oct2044,4.125
US049560AN51,ATO,cusip6,ATMOS ENERGY CORP 3% 15Jun2027,ATMOS ENERGY CORP 3% 15Jun2027,3.000
US049560AW50,ATO,cusip6,ATO 2.85 15-FEB-52,ATO 2.85 15-FEB-52,2.850
US049560AX34,ATO,cusip6,ATO 5.45 15-OCT-32,ATO 5.45 15-OCT-32,5.450
US049560AY17,ATO,cusip6,ATO 5.75 15-OCT-52,ATO 5.75 15-OCT-52,5.750
US052769AE63,ADSK,cusip6,AUTODESK INC 3.5% 15Jun2027,AUTODESK INC 3.5% 15Jun2027,3.500
US052769AH94,ADSK,cusip6,ADSK 2.4 15-DEC-31,ADSK 2.4 15-DEC-31,2.400
US053015AF05,ADP,cusip6,AUTOMATIC DATA PROCESSING INC,AUTOMATIC DATA PROCESSING INC 1.25% 01Sep2030,1.250
US053015AG87,ADP,cusip6,AUTOMATIC DATA PROCESSING INC,AUTOMATIC DATA PROCESSING INC 1.7% 15May2028,1.700
US053332AV43,AZO,cusip6,AUTOZONE INC 3.75% 01Jun2027,AUTOZONE INC 3.75% 01Jun2027,3.750
US053332AZ56,AZO,cusip6,AUTOZONE INC,AUTOZONE INC 4% 15Apr2030,4.000
US053332BB79,AZO,cusip6,AZO 4.75 01-AUG-32,AZO 4.75 01-AUG-32,4.750
US053332BC52,AZO,cusip6,AZO 4.5 01-FEB-28,AZO 4.5 01-FEB-28,4.500
US053332BD36,AZO,cusip6,AZO 4.75 01-FEB-33,AZO 4.75 01-FEB-33,4.750
US053611AJ82,AVY,cusip6,AVERY DENNISON CORP 4.875% 06Dec2028,AVERY DENNISON CORP 4.875% 06Dec2028,4.875
US053611AM12,AVY,cusip6,AVY 2.25 15-FEB-32,AVY 2.25 15-FEB-32,2.250
US053611AN94,AVY,cusip6,AVY 5.75 15-MAR-33,AVY 5.75 15-MAR-33,5.750
US05723KAE01,BKR,name_block,BAKER HUGHES A GE CO LLC / BAKER HUGHES 3.337% 15Dec2027,BAKER HUGHES A GE CO LLC / BAKER HUGHES 3.337% 15Dec2027,3.337
US05723KAF75,BKR,name_block,BAKER HUGHES A GE CO LLC / BAKER HUGHES 4.08% 15Dec2047,BAKER HUGHES A GE CO LLC / BAKER HUGHES 4.08% 15Dec2047,4.080
US058498AW66,BALL,cusip6,BALL CORP 2.875% 15Aug2030,BALL CORP 2.875% 15Aug2030,2.875
US059165EC09,EXC,name_block,BALTIMORE GAS & ELEC CO 6.35% 01Oct2036,BALTIMORE GAS & ELEC CO 6.35% 01Oct2036,6.350
US059165EH95,EXC,name_block,BALTIMORE GAS & ELEC CO 3.5% 15Aug2046,BALTIMORE GAS & ELEC CO 3.5% 15Aug2046,3.500
US059165EJ51,EXC,name_block,BALTIMORE GAS & ELEC CO 3.75% 15Aug2047,BALTIMORE GAS & ELEC CO 3.75% 15Aug2047,3.750
US059165EK25,EXC,name_block,BALTIMORE GAS & ELEC CO 4.25% 15Sep2048,BALTIMORE GAS & ELEC CO 4.25% 15Sep2048,4.250
US059165EL08,EXC,name_block,Baltimore Gas and Electric (BGE) 3.2% 15sep2049 USD,Baltimore Gas and Electric (BGE) 3.2% 15sep2049 USD,3.200
US059165EN63,EXC,name_block,EXC 2.25 15-JUN-31,EXC 2.25 15-JUN-31,2.250
US059165EP12,EXC,name_block,EXC 4.55 01-JUN-52,EXC 4.55 01-JUN-52,4.550
US06050XA944,BAC,name_block,Bank of America Corporation 6.05% 15feb2038,Bank of America Corporation 6.05% 15feb2038,6.050
US06051GEN51,BAC,name_block,BANK OF AMERICA  CORP 5.875% 07Feb2042,BANK OF AMERICA  CORP 5.875% 07Feb2042,5.875
US06051GFC87,BAC,name_block,BANK AMER CORP 5% 21Jan2044,BANK AMER CORP 5% 21Jan2044,5.000
US06051GFG91,BAC,name_block,BANK AMER CORP 4.875% 01Apr2044,BANK AMER CORP 4.875% 01Apr2044,4.875
US06051GFL86,BAC,name_block,BANK AMER CORP 4.25% 22Oct2026,BANK AMER CORP 4.25% 22Oct2026,4.250
US06051GFQ73,BAC,name_block,BANK AMER CORP 4.75% 21Apr2045,BANK AMER CORP 4.75% 21Apr2045,4.750
US06051GGA13,BAC,name_block,BANK AMER CORP 3.248% 21Oct2027,BANK AMER CORP 3.248% 21Oct2027,3.248
US06051GGC78,BAC,name_block,BANK AMER CORP 4.183% 25Nov2027,BANK AMER CORP 4.183% 25Nov2027,4.183
US06051GHQ55,BAC,name_block,BANK OF AMERICA CORP MTN,BANK OF AMERICA CORP MTN,
US06051GHS12,BAC,name_block,BANK OF AMERICA CORP MTN,BANK OF AMERICA CORP MTN,
US06051GHU67,BAC,name_block,BANK OF AMERICA CORP MTN,BANK OF AMERICA CORP MTN,
US06051GHV41,BAC,name_block,BANK OF AMERICA CORP,BANK OF AMERICA CORP,
US06051GHX07,BAC,name_block,BANK OF AMERICA CORP MTN,BANK OF AMERICA CORP MTN,
US06051GHZ54,BAC,name_block,BANK OF AMERICA CORP MTN,BANK OF AMERICA CORP MTN,
US06051GJA85,BAC,name_block,BANK OF AMERICA CORP MTN,BANK OF AMERICA CORP MTN,
US06051GJB68,BAC,name_block,BANK OF AMERICA CORP MTN,BANK OF AMERICA CORP MTN,
US06051GJE08,BAC,name_block,BANK OF AMERICA CORP MTN,BANK OF AMERICA CORP MTN,
US06051GJF72,BAC,name_block,BANK OF AMERICA CORP MTN,BANK OF AMERICA CORP MTN,
US06051GJL41,BAC,name_block,BANK OF AMERICA CORP MTN,BANK OF AMERICA CORP MTN,
US06051GJM24,BAC,name_block,BANK OF AMERICA CORP MTN,BANK OF AMERICA CORP MTN,
US06051GJN07,BAC,name_block,BANK OF AMERICA CORP,BANK OF AMERICA CORP,
US06051GJP54,BAC,name_block,BANK OF AMERICA CORP,BANK OF AMERICA CORP,
US06051GJS93,BAC,name_block,BANK OF AMERICA CORP,BANK OF AMERICA CORP,
US06051GJT76,BAC,name_block,BANK OF AMERICA CORP,BANK OF AMERICA CORP,
US06051GJV23,BAC,name_block,BAC 5.518368 22-JUL-27,BAC 5.518368 22-JUL-27,5.518
US06051GJW06,BAC,name_block,BANK OF AMERICA CORP,BANK OF AMERICA CORP,
US06051GJZ37,BAC,name_block,BANK OF AMERICA CORP MTN,BANK OF AMERICA CORP MTN,
US06051GKA66,BAC,name_block,BANK OF AMERICA CORP,BANK OF AMERICA CORP,
US06051GKB40,BAC,name_block,BANK OF AMERICA CORP,BANK OF AMERICA CORP,
US06051GKC23,BAC,name_block,BAC 2.482 21-SEP-36,BAC 2.482 21-SEP-36,2.482
US06051GKD06,BAC,name_block,BAC 2.572 20-OCT-32,BAC 2.572 20-OCT-32,2.572
US06051GKH10,BAC,name_block,BAC 5.624556 04-FEB-28,BAC 5.624556 04-FEB-28,5.625
US06051GKJ75,BAC,name_block,BAC 2.551 04-FEB-28,BAC 2.551 04-FEB-28,2.551
US06051GKK49,BAC,name_block,BAC 2.972 04-FEB-33,BAC 2.972 04-FEB-33,2.972
US06051GKL22,BAC,name_block,BAC 3.846 08-MAR-37,BAC 3.846 08-MAR-37,3.846
US06051GKP36,BAC,name_block,BAC 4.376 27-APR-28,BAC 4.376 27-APR-28,4.376
US06051GKQ19,BAC,name_block,BAC 4.571 27-APR-33,BAC 4.571 27-APR-33,4.571
US06051GKW86,BAC,name_block,BAC 4.948 22-JUL-28,BAC 4.948 22-JUL-28,4.948
US06051GKY43,BAC,name_block,BAC 5.015 22-JUL-33,BAC 5.015 22-JUL-33,5.015
US06051GLC14,BAC,name_block,BAC 6.204 10-NOV-28,BAC 6.204 10-NOV-28,6.204
US064058AF75,BK,name_block,BK 4.625 31-DEC-99,BK 4.625 31-DEC-99,4.625
US064058AL44,BK,name_block,BK 3.75,BK 3.75,
US06406FAE34,BK,name_block,BANK NEW YORK MELLON CORP MEDIUM TERM SR 2.45% 17Aug2026,BANK NEW YORK MELLON CORP MEDIUM TERM SR 2.45% 17Aug2026,2.450
US06406GAA94,BK,name_block,BANK NEW YORK MELLON CORP MEDIUM TERM SR 3% 30Oct2028,BANK NEW YORK MELLON CORP MEDIUM TERM SR 3% 30Oct2028,3.000
US06406RAD98,BK,name_block,BANK NEW YORK MELLON CORP MEDIUM TERM SR 3.25% 16May2027,BANK NEW YORK MELLON CORP MEDIUM TERM SR 3.25% 16May2027,3.250
US06406RAF47,BK,name_block,BANK NEW YORK MELLON CORP MEDIUM TERM SR 3.4% 29Jan2028,BANK NEW YORK MELLON CORP MEDIUM TERM SR 3.4% 29Jan2028,3.400
US06406RAH03,BK,name_block,BANK NEW YORK MELLON CORP MEDIUM TERM SR 3.85% 28Apr2028,BANK NEW YORK MELLON CORP MEDIUM TERM SR 3.85% 28Apr2028,3.850
US06406RAR84,BK,name_block,BK 1.65 28-JAN-31,BK 1.65 28-JAN-31,1.650
US06406RAU14,BK,name_block,BK 1.65 14-JUL-28,BK 1.65 14-JUL-28,1.650
US06406RAV96,BK,name_block,BK 1.05 15-OCT-26,BK 1.05 15-OCT-26,1.050
US06406RAW79,BK,name_block,BK 1.8 28-JUL-31,BK 1.8 28-JUL-31,1.800
US06406RAZ01,BK,name_block,BK 1.9 25-JAN-29,BK 1.9 25-JAN-29,1.900
US06406RBA41,BK,name_block,BK 2.05 26-JAN-27,BK 2.05 26-JAN-27,2.050
US06406RBB24,BK,name_block,BK 2.5 26-JAN-32,BK 2.5 26-JAN-32,2.500
US06406RBD89,BK,name_block,BK 3.85 26-APR-29,BK 3.85 26-APR-29,3.850
US06406RBG11,BK,name_block,BK 3.992 13-JUN-28,BK 3.992 13-JUN-28,3.992
US06406RBH93,BK,name_block,BK 4.289 13-JUN-33,BK 4.289 13-JUN-33,4.289
US06406RBK23,BK,name_block,BK 4.596 26-JUL-30,BK 4.596 26-JUL-30,4.596
US06406RBL06,BK,name_block,BK 5.802 25-OCT-28,BK 5.802 25-OCT-28,5.802
US06406RBM88,BK,name_block,BK 5.834 25-OCT-33,BK 5.834 25-OCT-33,5.834
US06406RBN61,BK,name_block,BK 4.543 01-FEB-29,BK 4.543 01-FEB-29,4.543
US06406RBP10,BK,name_block,BK 4.706 01-FEB-34,BK 4.706 01-FEB-34,4.706
US06406YAA01,BK,name_block,BANK NEW YORK MELLON CORP MEDIUM TERM SR 3.3% 23Aug2029,BANK NEW YORK MELLON CORP MEDIUM TERM SR 3.3% 23Aug2029,3.300
US071813BP32,BAX,cusip6,BAXTER INTL INC 3.5% 15Aug2046,BAXTER INTL INC 3.5% 15Aug2046,3.500
US071813BQ15,BAX,cusip6,BAXTER INTL INC 2.6% 15Aug2026,BAXTER INTL INC 2.6% 15Aug2026,2.600
US071813BY49,BAX,cusip6,BAX 3.95 01-APR-30,BAX 3.95 01-APR-30,3.950
US071813CB37,BAX,cusip6,BAX 1.73 01-APR-31,BAX 1.73 01-APR-31,1.730
US071813CL19,BAX,cusip6,BAX 1.915 01-FEB-27,BAX 1.915 01-FEB-27,1.915
US071813CP23,BAX,cusip6,BAX 2.272 01-DEC-28,BAX 2.272 01-DEC-28,2.272
US071813CS61,BAX,cusip6,BAX 2.539 01-FEB-32,BAX 2.539 01-FEB-32,2.539
US071813CV90,BAX,cusip6,BAX 3.132 01-DEC-51,BAX 3.132 01-DEC-51,3.132
US075887CJ64,BDX,cusip6,BECTON DICKINSON AND COMPANY,BECTON DICKINSON AND COMPANY,
US075887CK38,BDX,cusip6,BECTON DICKINSON AND COMPANY,BECTON DICKINSON AND COMPANY,
US075887CL11,BDX,cusip6,BECTON DICKINSON AND COMPANY,BECTON DICKINSON & CO 1.957% 11Feb2031,1.957
US075887CP25,BDX,cusip6,BDX 4.298 22-AUG-32,BDX 4.298 22-AUG-32,4.298
US075887CQ08,BDX,cusip6,BDX 4.693 13-FEB-28,BDX 4.693 13-FEB-28,4.693
US081437AS43,AMCR,name_block,AMCR 3.1 15-SEP-26,AMCR 3.1 15-SEP-26,3.100
US084423AT91,WRB,cusip6,BERKLEY W R CORP 4.75% 01Aug2044,BERKLEY W R CORP 4.75% 01Aug2044,4.750
US084423AV48,WRB,cusip6,WRB 3.55 30-MAR-52,WRB 3.55 30-MAR-52,3.550
US084423AW21,WRB,cusip6,WRB 3.15 30-SEP-61,WRB 3.15 30-SEP-61,3.150
US084659AF84,BRK-B,name_block,BERKSHIRE HATHAWAY ENERGY CO 4.5% 01Feb2045,BERKSHIRE HATHAWAY ENERGY CO 4.5% 01Feb2045,4.500
US084659AM36,BRK-B,name_block,BERKSHIRE HATHAWAY ENERGY CO 3.25% 15Apr2028,BERKSHIRE HATHAWAY ENERGY CO 3.25% 15Apr2028,3.250
US084659AP66,BRK-B,name_block,BERKSHIRE HATHAWAY ENERGY CO 3.8% 15Jul2048,BERKSHIRE HATHAWAY ENERGY CO 3.8% 15Jul2048,3.800
US084659AR23,BRK-B,name_block,BERKSHIRE HATHAWAY ENERGY CO 4.45% 15Jan2049,BERKSHIRE HATHAWAY ENERGY CO 4.45% 15Jan2049,4.450
US084659AV35,BRK-B,name_block,BERKSHIRE HATHAWAY ENERGY CO,BERKSHIRE HATHAWAY ENERGY CO 3.7% 15Jul2030,3.700
US084659AX90,BRK-B,name_block,BERKSHIRE HATHAWAY ENERGY CO,BERKSHIRE HATHAWAY ENERGY CO 4.25% 15Oct2050,4.250
US084659BC45,BRK-B,name_block,BERKSHIRE HATHAWAY ENERGY CO,BERKSHIRE HATHAWAY ENERGY CO 2.85% 15May2051,2.850
US084659BD28,BRK-B,name_block,BRKHEC 1.65 15-MAY-31,BRKHEC 1.65 15-MAY-31,1.650
US084659BF75,BRK-B,name_block,BRKHEC 4.6 01-MAY-53,BRKHEC 4.6 01-MAY-53,4.600
US084664BL47,BRK-B,name_block,BERKSHIRE HATHAWAY FIN CORP 5.75% 15Jan2040,BERKSHIRE HATHAWAY FIN CORP 5.75% 15Jan2040,5.750
US084664BU46,BRK-B,name_block,BERKSHIRE HATHAWAY FIN CORP 4.4% 15May2042,BERKSHIRE HATHAWAY FIN CORP 4.4% 15May2042,4.400
US084664BV29,BRK-B,name_block,BERKSHIRE HATHAWAY FIN CORP 4.3% 15May2043,BERKSHIRE HATHAWAY FIN CORP 4.3% 15May2043,4.300
US084664CQ25,BRK-B,name_block,BERKSHIRE HATHAWAY FIN CORP 4.2% 15Aug2048,BERKSHIRE HATHAWAY FIN CORP 4.2% 15Aug2048,4.200
US084664CR08,BRK-B,name_block,BERKSHIRE HATHAWAY FIN CORP 4.25% 15Jan2049,BERKSHIRE HATHAWAY FIN CORP 4.25% 15Jan2049,4.250
US084664CV10,BRK-B,name_block,BERKSHIRE HATHAWAY FINANCE CORP,BERKSHIRE HATHAWAY FIN CORP 2.85% 15Oct2050,2.850
US084664CW92,BRK-B,name_block,BERKSHIRE HATHAWAY FINANCE CORP,BERKSHIRE HATHAWAY FIN CORP 1.45% 15Oct2030,1.450
US084664CX75,BRK-B,name_block,BERKSHIRE HATHAWAY FINANCE CORP,BERKSHIRE HATHAWAY FIN CORP 2.5% 15Jan2051,2.500
US084664CZ24,BRK-B,name_block,BRK 2.3 15-MAR-27,BRK 2.3 15-MAR-27,2.300
US084664DA63,BRK-B,name_block,BRK 2.875 15-MAR-32,BRK 2.875 15-MAR-32,2.875
US084664DB47,BRK-B,name_block,BRK 3.85 15-MAR-52,BRK 3.85 15-MAR-52,3.850
US084670BK32,BRK-B,cusip6,BERKSHIRE HATHAWAY INC DEL 4.5% 11Feb2043,BERKSHIRE HATHAWAY INC DEL 4.5% 11Feb2043,4.500
US08652BAA70,BBY,name_block,BEST BUY CO INC 4.45% 01Oct2028,BEST BUY CO INC 4.45% 01Oct2028,4.450
US09062XAD57,BIIB,name_block,BIOGEN INC 5.2% 15Sep2045,BIOGEN INC 5.2% 15Sep2045,5.200
US09062XAG88,BIIB,name_block,BIOGEN INC,BIOGEN INC 3.15% 01May2050,3.150
US09062XAH61,BIIB,name_block,BIOGEN INC,BIOGEN INC 2.25% 01May2030,2.250
US09062XAK90,BIIB,name_block,BIIB 3.25 15-FEB-51,BIIB 3.25 15-FEB-51,3.250
US09247XAN12,BLK,cusip6,BLACKROCK INC 3.2% 15Mar2027,BLACKROCK INC 3.2% 15Mar2027,3.200
US09247XAP69,BLK,cusip6,BLACKROCK INC 3.25% 30Apr2029,BLACKROCK INC 3.25% 30Apr2029,3.250
US09247XAS09,BLK,cusip6,BLK 2.1 25-FEB-32,BLK 2.1 25-FEB-32,2.100
US09261BAC46,BX,name_block,BX 1.625 05-AUG-28,BX 1.625 05-AUG-28,1.625
US09261BAD29,BX,name_block,BX 2 30-JAN-32,BX 2 30-JAN-32,2.000
US09261BAF76,BX,name_block,BX 2.85 05-AUG-51,BX 2.85 05-AUG-51,2.850
US09261BAG59,BX,name_block,BX 2.55 30-MAR-32,BX 2.55 30-MAR-32,2.550
US09261BAH33,BX,name_block,BX 3.2 30-JAN-52,BX 3.2 30-JAN-52,3.200
US09261BAJ98,BX,name_block,BX 5.9 03-NOV-27,BX 5.9 03-NOV-27,5.900
US09261BAK61,BX,name_block,BX 6.2 22-APR-33,BX 6.2 22-APR-33,6.200
US097023AE52,BA,cusip6,BOEING CO 8.75% 15Sep2031,BOEING CO 8.75% 15Sep2031,8.750
US097023AN51,BA,cusip6,BA 6.875 15-OCT-43,BA 6.875 15-OCT-43,6.875
US097023AS49,BA,cusip6,BOEING CO 6.625% 15Feb2038,BOEING CO 6.625% 15Feb2038,6.625
US097023AU94,BA,cusip6,BOEING CO 6.125% 15Feb2033,BOEING CO 6.125% 15Feb2033,6.125
US097023AX34,BA,cusip6,BOEING CO 6.875% 15Mar2039,BOEING CO 6.875% 15Mar2039,6.875
US097023BA22,BA,cusip6,BOEING CO 5.875% 15Feb2040,BOEING CO 5.875% 15Feb2040,5.875
US097023BK04,BA,cusip6,BOEING CO 3.3% 01Mar2035,BOEING CO 3.3% 01Mar2035,3.300
US097023BL86,BA,cusip6,BOEING CO 3.5% 01Mar2045,BOEING CO 3.5% 01Mar2045,3.500
US097023BS30,BA,cusip6,BOEING CO 3.375% 15Jun2046,BOEING CO 3.375% 15Jun2046,3.375
US097023BU85,BA,cusip6,BOEING CO 2.8% 01Mar2027,BOEING CO 2.8% 01Mar2027,2.800
US097023BV68,BA,cusip6,BOEING CO 3.65% 01Mar2047,BOEING CO 3.65% 01Mar2047,3.650
US097023BX25,BA,cusip6,BOEING CO 3.25% 01Mar2028,BOEING CO 3.25% 01Mar2028,3.250
US097023BY08,BA,cusip6,BOEING CO 3.55% 01Mar2038,BOEING CO 3.55% 01Mar2038,3.550
US097023BZ72,BA,cusip6,BOEING CO 3.625% 01Mar2048,BOEING CO 3.625% 01Mar2048,3.625
US097023CA13,BA,cusip6,BOEING CO 3.45% 01Nov2028,BOEING CO 3.45% 01Nov2028,3.450
US097023CB95,BA,cusip6,BOEING CO 3.85% 01Nov2048,BOEING CO 3.85% 01Nov2048,3.850
US097023CD51,BA,cusip6,BOEING CO,BOEING CO 3.2% 01Mar2029,3.200
US097023CJ22,BA,cusip6,BOEING CO,BOEING CO 3.6% 01May2034,3.600
US097023CK94,BA,cusip6,BOEING CO,BOEING CO 3.9% 01May2049,3.900
US097023CM50,BA,cusip6,BOEING CO,BOEING CO 2.7% 01Feb2027,2.700
US097023CN34,BA,cusip6,BOEING CO,BOEING CO 2.95% 01Feb2030,2.950
US097023CP81,BA,cusip6,BOEING CO,BOEING CO 3.25% 01Feb2035,3.250
US097023CQ64,BA,cusip6,BOEING CO,BOEING CO 3.75% 01Feb2050,3.750
US097023CR48,BA,cusip6,BOEING CO,BOEING CO 3.95% 01Aug2059,3.950
US097023CU76,BA,cusip6,BOEING CO 5.04% 01May2027,BOEING CO 5.04% 01May2027,5.040
US097023CV59,BA,cusip6,BOEING CO,BOEING CO 5.705% 01May2040,5.705
US097023CW33,BA,cusip6,BOEING CO 5.805% 01May2050,BOEING CO 5.805% 01May2050,5.805
US097023CX16,BA,cusip6,BOEING CO,BOEING CO 5.93% 01May2060,5.930
US097023CY98,BA,cusip6,BOEING CO,BOEING CO 5.15% 01May2030,5.150
US097023DB86,BA,cusip6,BOEING CO,BOEING CO 3.25% 01Feb2028,3.250
US097023DC69,BA,cusip6,BOEING CO,BOEING CO 3.625% 01Feb2031,3.625
US10112RAY09,BXP,name_block,BOSTON PPTYS LTD PARTNERSHIP 2.75% 01Oct2026,BOSTON PPTYS LTD PARTNERSHIP 2.75% 01Oct2026,2.750
US10112RBA14,BXP,name_block,BOSTON PPTYS LTD PARTNERSHIP 4.5% 01Dec2028,BOSTON PPTYS LTD PARTNERSHIP 4.5% 01Dec2028,4.500
US10112RBB96,BXP,name_block,BOSTON PROPERTIES LP,BOSTON PPTYS LTD PARTNERSHIP 3.4% 21Jun2029,3.400
US10112RBD52,BXP,name_block,BOSTON PROPERTIES LP,BOSTON PPTYS LTD PARTNERSHIP 3.25% 30Jan2031,3.250
US10112RBE36,BXP,name_block,BOSTON PROPERTIES LP,BOSTON PPTYS LTD PARTNERSHIP 2.55% 01Apr2032,2.550
US10112RBF01,BXP,name_block,BXP 2.45 01-OCT-33,BXP 2.45 01-OCT-33,2.450
US10112RBG83,BXP,name_block,BXP 6.75 01-DEC-27,BXP 6.75 01-DEC-27,6.750
US101137AL15,BSX,cusip6,BOSTON SCIENTIFIC CORP 7.375% 15Jan2040,BOSTON SCIENTIFIC CORP 7.375% 15Jan2040,7.375
US101137AS67,BSX,cusip6,BOSTON SCIENTIFIC CORP 4% 01Mar2028,BOSTON SCIENTIFIC CORP 4% 01Mar2028,4.000
US101137AT41,BSX,cusip6,BOSTON SCIENTIFIC CORPORATION,BOSTON SCIENTIFIC CORP 4.55% 01Mar2039,4.550
US101137AU14,BSX,cusip6,BOSTON SCIENTIFIC CORPORATION,BOSTON SCIENTIFIC CORP 4.7% 01Mar2049,4.700
US101137AX52,BSX,cusip6,BOSTON SCIENTIFIC CORPORATION,BOSTON SCIENTIFIC CORP 4% 01Mar2029,4.000
US101137BA41,BSX,cusip6,BOSTON SCIENTIFIC CORPORATION,BOSTON SCIENTIFIC CORP 2.65% 01Jun2030,2.650
US110122AB49,BMY,cusip6,BRISTOL MYERS SQUIBB CO 6.8% 15Nov2026,BRISTOL MYERS SQUIBB CO 6.8% 15Nov2026,6.800
US110122AU20,BMY,cusip6,BRISTOL MYERS SQUIBB CO 3.25% 01Aug2042,BRISTOL MYERS SQUIBB CO 3.25% 01Aug2042,3.250
US110122BB30,BMY,cusip6,BRISTOL MYERS SQUIBB CO 3.25% 27Feb2027,BRISTOL MYERS SQUIBB CO 3.25% 27Feb2027,3.250
US110122CP17,BMY,cusip6,BRISTOL-MYERS SQUIBB CO,BRISTOL MYERS SQUIBB CO 3.4% 26Jul2029,3.400
US110122CQ99,BMY,cusip6,BRISTOL-MYERS SQUIBB CO,BRISTOL MYERS SQUIBB CO 4.125% 15Jun2039,4.125
US110122CR72,BMY,cusip6,BRISTOL-MYERS SQUIBB CO,BRISTOL MYERS SQUIBB CO 4.25% 26Oct2049,4.250
US110122DD77,BMY,cusip6,BRISTOL-MYERS SQUIBB CO,BRISTOL MYERS SQUIBB CO 3.45% 15Nov2027,3.450
US110122DE50,BMY,cusip6,BRISTOL-MYERS SQUIBB CO,BRISTOL MYERS SQUIBB CO 3.9% 20Feb2028,3.900
US110122DJ48,BMY,cusip6,BRISTOL-MYERS SQUIBB CO,BRISTOL MYERS SQUIBB CO 5% 15Aug2045,5.000
US110122DK11,BMY,cusip6,BRISTOL-MYERS SQUIBB CO,BRISTOL MYERS SQUIBB CO 4.35% 15Nov2047,4.350
US110122DL93,BMY,cusip6,BRISTOL-MYERS SQUIBB CO,BRISTOL MYERS SQUIBB CO 4.55% 20Feb2048,4.550
US110122DP08,BMY,cusip6,BRISTOL-MYERS SQUIBB CO,BRISTOL MYERS SQUIBB CO 1.125% 13Nov2027,1.125
US110122DQ80,BMY,cusip6,BRISTOL-MYERS SQUIBB CO,BRISTOL MYERS SQUIBB CO 1.45% 13Nov2030,1.450
US110122DR63,BMY,cusip6,BRISTOL-MYERS SQUIBB CO,BRISTOL MYERS SQUIBB CO 2.35% 13Nov2040,2.350
US110122DS47,BMY,cusip6,BRISTOL-MYERS SQUIBB CO,BRISTOL MYERS SQUIBB CO 2.55% 13Nov2050,2.550
US110122DU92,BMY,cusip6,BMY 2.95 15-MAR-32,BMY 2.95 15-MAR-32,2.950
US110122DV75,BMY,cusip6,BMY 3.55 15-MAR-42,BMY 3.55 15-MAR-42,3.550
US110122DW58,BMY,cusip6,BMY 3.7 15-MAR-52,BMY 3.7 15-MAR-52,3.700
US110122DX32,BMY,cusip6,BMY 3.9 15-MAR-62,BMY 3.9 15-MAR-62,3.900
US11133TAD54,BR,cusip6,BROADRIDGE FINANCIAL SOLUTIONS INC,BROADRIDGE FINL SOLUTIONS INC 2.9% 01Dec2029,2.900
US11133TAE38,BR,cusip6,BROADRIDGE FINANCIAL SOLUTIONS INC,BROADRIDGE FINL SOLUTIONS INC 2.6% 01May2031,2.600
US11134LAR06,AVGO,name_block,BROADCOM CORP / BROADCOM CAYMAN FIN LTD 3.5% 15Jan2028,BROADCOM CORP / BROADCOM CAYMAN FIN LTD 3.5% 15Jan2028,3.500
US11135FAN15,AVGO,name_block,BROADCOM INC,BROADCOM INC 3.459% 15Sep2026,3.459
US11135FAQ46,AVGO,name_block,BROADCOM INC,BROADCOM INC 4.15% 15Nov2030,4.150
US11135FAS02,AVGO,name_block,BROADCOM INC,BROADCOM INC 4.3% 15Nov2032,4.300
US11135FBA84,AVGO,name_block,BROADCOM INC,BROADCOM INC 4.75% 15Apr2029,4.750
US11135FBD24,AVGO,name_block,BROADCOM INC,BROADCOM INC 5% 15Apr2030,5.000
US11135FBP53,AVGO,name_block,AVGO 3.137 15-NOV-35,AVGO 3.137 15-NOV-35,3.137
US11135FBQ37,AVGO,name_block,AVGO 3.187 15-NOV-36,AVGO 3.187 15-NOV-36,3.187
US11135FBR10,AVGO,name_block,AVGO 4 15-APR-29,AVGO 4 15-APR-29,4.000
US11135FBT75,AVGO,name_block,AVGO 4.15 15-APR-32,AVGO 4.15 15-APR-32,4.150
US11135FBV22,AVGO,name_block,AVGO 4.926 15-MAY-37,AVGO 4.926 15-MAY-37,4.926
US115236AE14,BRO,name_block,BRO 4.2 17-MAR-32,BRO 4.2 17-MAR-32,4.200
US115236AF88,BRO,name_block,BRO 4.95 17-MAR-52,BRO 4.95 17-MAR-52,4.950
US115637AT79,BF-B,cusip6,BROWN FORMAN CORP 4% 15Apr2038,BROWN FORMAN CORP 4% 15Apr2038,4.000
US11778BAB80,CMCSA,name_block,CMCSA 6.5 15-OCT-35,CMCSA 6.5 15-OCT-35,6.500
US12008RAN70,BLDR,cusip6,Builders FirstSource 5% 1mar2030 USD,Builders FirstSource 5% 1mar2030 USD,5.000
US12008RAR84,BLDR,cusip6,BLDR 6.375 15-JUN-32,BLDR 6.375 15-JUN-32,6.375
US120568AX84,BG,name_block,BUNGE LTD FIN CORP 3.25% 15Aug2026,BUNGE LTD FIN CORP 3.25% 15Aug2026,3.250
US120568AZ33,BG,name_block,BUNGE LTD FIN CORP 3.75% 25Sep2027,BUNGE LTD FIN CORP 3.75% 25Sep2027,3.750
US120568BC39,BG,name_block,BUNGE LIMITED FINANCE CORPORATION,BUNGE LTD FIN CORP 2.75% 14May2031,2.750
US1248EPBT92,CHTR,name_block,CCO Holdings 5.125% 1may2027 USD,CCO Holdings 5.125% 1may2027 USD,5.125
US1248EPBX05,CHTR,name_block,CCO Holdings 5% 1feb2028 USD,CCO Holdings 5% 1feb2028 USD,5.000
US1248EPCB75,CHTR,name_block,CCO Holdings 5.375% 1jun2029 USD,CCO Holdings 5.375% 1jun2029 USD,5.375
US1248EPCD32,CHTR,name_block,CCO Holdings 4.75% 1mar2030 USD,CCO Holdings 4.75% 1mar2030 USD,4.750
US1248EPCE15,CHTR,name_block,CCO Holdings 4.5% 15aug2030 USD,CCO Holdings 4.5% 15aug2030 USD,4.500
US1248EPCK74,CHTR,name_block,CCO HLDGS LLC / CCO HLDGS CAP CORP 4.25% 01Feb2031,CCO HLDGS LLC / CCO HLDGS CAP CORP 4.25% 01Feb2031,4.250
US1248EPCS01,CHTR,name_block,CHTR 6.375 01-SEP-29,CHTR 6.375 01-SEP-29,6.375
US1248EPCT83,CHTR,name_block,CHTR 7.375 01-MAR-31,CHTR 7.375 01-MAR-31,7.375
US12503MAA62,CBOE,cusip6,CBOE GLOBAL MKTS INC 3.65% 12Jan2027,CBOE GLOBAL MKTS INC 3.65% 12Jan2027,3.650
US12503MAD02,CBOE,cusip6,CBOE 3 16-MAR-32,CBOE 3 16-MAR-32,3.000
US12513GBD07,CDW,name_block,CDW LLC 4.25% 1apr2028 USD,CDW LLC / CDW FIN CORP 4.25% 01Apr2028,4.250
US12513GBF54,CDW,name_block,CDW LLC / CDW FIN CORP 3.25% 15Feb2029,CDW LLC / CDW FIN CORP 3.25% 15Feb2029,3.250
US12527GAD51,CF,name_block,CF Industries 4.95% 1jun2043 USD,CF Industries 4.95% 1jun2043 USD,4.950
US12527GAE35,CF,name_block,CF INDS INC 5.375% 15Mar2044,CF INDS INC 5.375% 15Mar2044,5.375
US12527GAF00,CF,name_block,CF Industries 5.15% 15mar2034 USD,CF Industries 5.15% 15mar2034 USD,5.150
US12541WAA80,CHRW,cusip6,C H ROBINSON WORLDWIDE INC 4.2% 15Apr2028,C H ROBINSON WORLDWIDE INC 4.2% 15Apr2028,4.200
US125509AZ26,CI,name_block,CIGNA CORP 7.875% 15May2027,CIGNA CORP 7.875% 15May2027,7.875
US125509BV03,CI,name_block,CIGNA CORP 3.05% 15Oct2027,CIGNA CORP 3.05% 15Oct2027,3.050
US125523AH38,CI,cusip6,CIGNA CORP,CIGNA GROUP 4.375% 15Oct2028,4.375
US125523AJ93,CI,cusip6,CIGNA CORP,CIGNA GROUP 4.8% 15Aug2038,4.800
US125523AK66,CI,cusip6,CIGNA CORP,CIGNA GROUP 4.9% 15Dec2048,4.900
US125523BK57,CI,cusip6,CIGNA CORP,CIGNA GROUP 3.875% 15Oct2047,3.875
US125523CB40,CI,cusip6,CIGNA CORP,CIGNA GROUP 3.4% 01Mar2027,3.400
US125523CF53,CI,cusip6,CIGNA CORP,CIGNA GROUP 4.8% 15Jul2046,4.800
US125523CJ75,CI,cusip6,CIGNA CORP,CIGNA GROUP 3.2% 15Mar2040,3.200
US125523CK49,CI,cusip6,CIGNA CORP,CIGNA GROUP 3.4% 15Mar2050,3.400
US125523CL22,CI,cusip6,CIGNA CORP,CIGNA GROUP 2.4% 15Mar2030,2.400
US125523CM05,CI,cusip6,CIGNA CORP,CIGNA GROUP 2.375% 15Mar2031,2.375
US125523CQ19,CI,cusip6,CIGNA CORP,CIGNA GROUP 3.4% 15Mar2051,3.400
US125523CS74,CI,cusip6,CI 5.4 15-MAR-33,CI 5.4 15-MAR-33,5.400
US12572QAF28,CME,name_block,CME GROUP INC 5.3% 15Sep2043,CME GROUP INC 5.3% 15Sep2043,5.300
US12572QAH83,CME,name_block,CME GROUP INC 4.15% 15Jun2048,CME GROUP INC 4.15% 15Jun2048,4.150
US12572QAJ40,CME,name_block,CME GROUP INC 3.75% 15Jun2028,CME GROUP INC 3.75% 15Jun2028,3.750
US12572QAK13,CME,name_block,CME 2.65 15-MAR-32,CME 2.65 15-MAR-32,2.650
US125896BL30,CMS,cusip6,CMS ENERGY CORP 4.7% 31Mar2043,CMS ENERGY CORP 4.7% 31Mar2043,4.700
US125896BN95,CMS,cusip6,CMS ENERGY CORP 4.875% 01Mar2044,CMS ENERGY CORP 4.875% 01Mar2044,4.875
US125896BR00,CMS,cusip6,CMS ENERGY CORP 2.95% 15Feb2027,CMS ENERGY CORP 2.95% 15Feb2027,2.950
US125896BS82,CMS,cusip6,CMS ENERGY CORP 3.45% 15Aug2027,CMS ENERGY CORP 3.45% 15Aug2027,3.450
US126408GH06,CSX,cusip6,CSX CORP 6% 01Oct2036,CSX CORP 6% 01Oct2036,6.000
US126408GK35,CSX,cusip6,CSX CORP 6.15% 01May2037,CSX CORP 6.15% 01May2037,6.150
US126408GS60,CSX,cusip6,CSX CORP 6.22% 30Apr2040,CSX CORP 6.22% 30Apr2040,6.220
US126408GU17,CSX,cusip6,CSX CORP 5.5% 15Apr2041,CSX CORP 5.5% 15Apr2041,5.500
US126408GW72,CSX,cusip6,CSX CORP 4.75% 30May2042,CSX CORP 4.75% 30May2042,4.750
US126408GX55,CSX,cusip6,CSX CORP 4.4% 01Mar2043,CSX CORP 4.4% 01Mar2043,4.400
US126408GY39,CSX,cusip6,CSX CORP 4.1% 15Mar2044,CSX CORP 4.1% 15Mar2044,4.100
US126408HC00,CSX,cusip6,CSX CORP 3.95% 01May2050,CSX CORP 3.95% 01May2050,3.950
US126408HE65,CSX,cusip6,CSX CORP 2.6% 01Nov2026,CSX CORP 2.6% 01Nov2026,2.600
US126408HF31,CSX,cusip6,CSX CORP 3.8% 01Nov2046,CSX CORP 3.8% 01Nov2046,3.800
US126408HG14,CSX,cusip6,CSX CORP 4.25% 01Nov2066,CSX CORP 4.25% 01Nov2066,4.250
US126408HH96,CSX,cusip6,CSX CORP 3.25% 01Jun2027,CSX CORP 3.25% 01Jun2027,3.250
US126408HJ52,CSX,cusip6,CSX CORP 3.8% 01Mar2028,CSX CORP 3.8% 01Mar2028,3.800
US126408HK26,CSX,cusip6,CSX CORP 4.3% 01Mar2048,CSX CORP 4.3% 01Mar2048,4.300
US126408HL09,CSX,cusip6,CSX CORP 4.65% 01Mar2068,CSX CORP 4.65% 01Mar2068,4.650
US126408HM81,CSX,cusip6,CSX CORP 4.25% 15Mar2029,CSX CORP 4.25% 15Mar2029,4.250
US126408HN64,CSX,cusip6,CSX CORP 4.75% 15Nov2048,CSX CORP 4.75% 15Nov2048,4.750
US126408HU08,CSX,cusip6,CSX 4.1 15-NOV-32,CSX 4.1 15-NOV-32,4.100
US126408HV80,CSX,cusip6,CSX 4.5 15-NOV-52,CSX 4.5 15-NOV-52,4.500
US126650BJ87,CVS,name_block,CVS HEALTH CORP 6.25% 01Jun2027,CVS HEALTH CORP 6.25% 01Jun2027,6.250
US126650BR04,CVS,name_block,CVS HEALTH CORP 6.125% 15Sep2039,CVS HEALTH CORP 6.125% 15Sep2039,6.125
US126650CD09,CVS,name_block,CVS HEALTH CORP 5.3% 05Dec2043,CVS HEALTH CORP 5.3% 05Dec2043,5.300
US126650CM08,CVS,name_block,CVS HEALTH CORP 4.875% 20Jul2035,CVS HEALTH CORP 4.875% 20Jul2035,4.875
US126650CN80,CVS,name_block,CVS HEALTH CORP 5.125% 20Jul2045,CVS HEALTH CORP 5.125% 20Jul2045,5.125
US126650CX62,CVS,name_block,CVS HEALTH CORP 4.3% 25Mar2028,CVS HEALTH CORP 4.3% 25Mar2028,4.300
US126650CY46,CVS,name_block,CVS HEALTH CORP 4.78% 25Mar2038,CVS HEALTH CORP 4.78% 25Mar2038,4.780
US126650CZ11,CVS,name_block,CVS HEALTH CORP 5.05% 25Mar2048,CVS HEALTH CORP 5.05% 25Mar2048,5.050
US126650DF48,CVS,name_block,CVS HEALTH CORP,CVS HEALTH CORP 3% 15Aug2026,3.000
US126650DG21,CVS,name_block,CVS HEALTH CORP,CVS HEALTH CORP 3.25% 15Aug2029,3.250
US126650DH04,CVS,name_block,CVS HEALTH CORP,CVS HEALTH CORP 3.625% 01Apr2027,3.625
US126650DJ69,CVS,name_block,CVS HEALTH CORP,CVS HEALTH CORP 3.75% 01Apr2030,3.750
US126650DK33,CVS,name_block,CVS HEALTH CORP,CVS HEALTH CORP 4.125% 01Apr2040,4.125
US126650DL16,CVS,name_block,CVS HEALTH CORP,CVS HEALTH CORP 4.25% 01Apr2050,4.250
US126650DM98,CVS,name_block,CVS HEALTH CORP,CVS HEALTH CORP 1.3% 21Aug2027,1.300
US126650DN71,CVS,name_block,CVS HEALTH CORP,CVS HEALTH CORP 1.75% 21Aug2030,1.750
US126650DP20,CVS,name_block,CVS HEALTH CORP,CVS HEALTH CORP 2.7% 21Aug2040,2.700
US126650DQ03,CVS,name_block,CVS HEALTH CORP,CVS HEALTH CORP 1.875% 28Feb2031,1.875
US126650DR85,CVS,name_block,CVS 2.125 15-SEP-31,CVS 2.125 15-SEP-31,2.125
US126650DT42,CVS,name_block,CVS 5.125 21-FEB-30,CVS 5.125 21-FEB-30,5.125
US126650DU15,CVS,name_block,CVS 5.25 21-FEB-33,CVS 5.25 21-FEB-33,5.250
US126650DV97,CVS,name_block,CVS 5.625 21-FEB-53,CVS 5.625 21-FEB-53,5.625
US133131AW29,CPT,cusip6,CAMDEN PPTY TR 4.1% 15Oct2028,CAMDEN PPTY TR 4.1% 15Oct2028,4.100
US14040HBN44,COF,cusip6,CAPITAL ONE FINL CORP 3.75% 09Mar2027,CAPITAL ONE FINL CORP 3.75% 09Mar2027,3.750
US14040HBW43,COF,cusip6,CAPITAL ONE FINL CORP 3.8% 31Jan2028,CAPITAL ONE FINL CORP 3.8% 31Jan2028,3.800
US14040HCE36,COF,cusip6,CAPITAL ONE FINANCIAL CORPORATION,CAPITAL ONE FINL CORP 3.65% 11May2027,3.650
US14040HCF01,COF,cusip6,COF 3.95,COF 3.95,
US14040HCG83,COF,cusip6,CAPITAL ONE FINANCIAL CORPORATION,CAPITAL ONE FINANCIAL CORPORATION,
US14040HCH66,COF,cusip6,COF 1.878 02-NOV-27,COF 1.878 02-NOV-27,1.878
US14040HCJ23,COF,cusip6,COF 2.618 02-NOV-32,COF 2.618 02-NOV-32,2.618
US14040HCN35,COF,cusip6,COF 3.273 01-MAR-30,COF 3.273 01-MAR-30,3.273
US14040HCS22,COF,cusip6,COF 4.927 10-MAY-28,COF 4.927 10-MAY-28,4.927
US14040HCT05,COF,cusip6,COF 5.268 10-MAY-33,COF 5.268 10-MAY-33,5.268
US14040HCV50,COF,cusip6,COF 5.247 26-JUL-30,COF 5.247 26-JUL-30,5.247
US14040HCX17,COF,cusip6,COF 5.468 01-FEB-29,COF 5.468 01-FEB-29,5.468
US14040HCY99,COF,cusip6,COF 5.817 01-FEB-34,COF 5.817 01-FEB-34,5.817
US14149YAW84,CAH,cusip6,CARDINAL HEALTH INC 4.6% 15Mar2043,CARDINAL HEALTH INC 4.6% 15Mar2043,4.600
US14149YBB39,CAH,cusip6,CARDINAL HEALTH INC 4.5% 15Nov2044,CARDINAL HEALTH INC 4.5% 15Nov2044,4.500
US14149YBD94,CAH,cusip6,CARDINAL HEALTH INC 4.9% 15Sep2045,CARDINAL HEALTH INC 4.9% 15Sep2045,4.900
US14149YBJ64,CAH,cusip6,CARDINAL HEALTH INC 3.41% 15Jun2027,CARDINAL HEALTH INC 3.41% 15Jun2027,3.410
US14149YBM93,CAH,cusip6,CARDINAL HEALTH INC 4.368% 15Jun2047,CARDINAL HEALTH INC 4.368% 15Jun2047,4.368
US143658AH53,CCL,cusip6,CARNIVAL CORP 6.65% 15Jan2028,CARNIVAL CORP 6.65% 15Jan2028,6.650
US14448CAL81,CARR,cusip6,CARRIER GLOBAL CORP,CARRIER GLOBAL CORP 2.7% 15Feb2031,2.700
US14448CAP95,CARR,cusip6,CARRIER GLOBAL CORP,CARRIER GLOBAL CORP 2.493% 15Feb2027,2.493
US14448CAQ78,CARR,cusip6,CARRIER GLOBAL CORP,CARRIER GLOBAL CORP 2.722% 15Feb2030,2.722
US14448CAR51,CARR,cusip6,CARRIER GLOBAL CORP,CARRIER GLOBAL CORP 3.377% 05Apr2040,3.377
US14448CAS35,CARR,cusip6,CARRIER GLOBAL CORP,CARRIER GLOBAL CORP 3.577% 05Apr2050,3.577
US149123BL43,CAT,cusip6,CATERPILLAR INC 5.3% 15Sep2035,CATERPILLAR INC 5.3% 15Sep2035,5.300
US149123BN09,CAT,cusip6,CATERPILLAR INC 6.05% 15Aug2036,CATERPILLAR INC 6.05% 15Aug2036,6.050
US149123BS95,CAT,cusip6,CATERPILLAR INC 5.2% 27May2041,CATERPILLAR INC 5.2% 27May2041,5.200
US149123CB51,CAT,cusip6,CATERPILLAR INC 3.803% 15Aug2042,CATERPILLAR INC 3.803% 15Aug2042,3.803
US149123CD18,CAT,cusip6,CATERPILLAR INC 4.3% 15May2044,CATERPILLAR INC 4.3% 15May2044,4.300
US149123CE90,CAT,cusip6,CATERPILLAR INC 4.75% 15May2064,CATERPILLAR INC 4.75% 15May2064,4.750
US149123CF65,CAT,cusip6,CATERPILLAR INC,CATERPILLAR INC 3.25% 19Sep2049,3.250
US149123CH22,CAT,cusip6,CATERPILLAR INC,CATERPILLAR INC 2.6% 09Apr2030,2.600
US149123CJ87,CAT,cusip6,CATERPILLAR INC,CATERPILLAR INC 3.25% 09Apr2050,3.250
US149123CK50,CAT,cusip6,CAT 1.9 12-MAR-31,CAT 1.9 12-MAR-31,1.900
US14912L6T33,CAT,name_block,CATERPILLAR FINL SVCS CORP MEDIUM TERM N 2.4% 09Aug2026,CATERPILLAR FINL SVCS CORP MEDIUM TERM N 2.4% 09Aug2026,2.400
US14913R2G11,CAT,name_block,CATERPILLAR FINANCIAL SERVICES COR MTN,CATERPILLAR FINL SVCS CORP MEDIUM TERM N 1.1% 14Sep2027,1.100
US14913R2Q92,CAT,name_block,CAT 1.15 14-SEP-26,CAT 1.15 14-SEP-26,1.150
US14913R2U05,CAT,name_block,CAT 1.7 08-JAN-27,CAT 1.7 08-JAN-27,1.700
US14913R3A32,CAT,name_block,CAT 3.6 12-AUG-27,CAT 3.6 12-AUG-27,3.600
US15135BAR24,CNC,cusip6,Centene 4.25% 15dec2027 USD,Centene 4.25% 15dec2027 USD,4.250
US15135BAT89,CNC,cusip6,Centene 4.625% 15dec2029 USD,Centene 4.625% 15dec2029 USD,4.625
US15135BAV36,CNC,cusip6,Centene 3.375% 15feb2030 USD,Centene 3.375% 15feb2030 USD,3.375
US15135BAW19,CNC,cusip6,CENTENE CORP DEL 3% 15Oct2030,CENTENE CORP DEL 3% 15Oct2030,3.000
US15189TAV98,CNP,name_block,CENTERPOINT ENERGY INC 4.25% 01Nov2028,CENTERPOINT ENERGY INC 4.25% 01Nov2028,4.250
US15189TBB26,CNP,name_block,CNP 2.65 01-JUN-31,CNP 2.65 01-JUN-31,2.650
US15189WAH34,CNP,name_block,CENTERPOINT ENERGY RES CORP DEL 5.85% 15Jan2041,CENTERPOINT ENERGY RES CORP DEL 5.85% 15Jan2041,5.850
US15189WAL46,CNP,name_block,CENTERPOINT ENERGY RES CORP DEL 4% 01Apr2028,CENTERPOINT ENERGY RES CORP DEL 4% 01Apr2028,4.000
US15189WAP59,CNP,name_block,CNP 4.4 01-JUL-32,CNP 4.4 01-JUL-32,4.400
US15189XAN84,CNP,name_block,CENTERPOINT ENERGY HOUSTON ELEC LLC 4.5% 01Apr2044,CENTERPOINT ENERGY HOUSTON ELEC LLC 4.5% 01Apr2044,4.500
US15189XAR98,CNP,name_block,CENTERPOINT ENERGY HOUSTON ELEC LLC 3% 01Feb2027,CENTERPOINT ENERGY HOUSTON ELEC LLC 3% 01Feb2027,3.000
US15189XAS71,CNP,name_block,CENTERPOINT ENERGY HOUSTON ELEC LLC 3.95% 01Mar2048,CENTERPOINT ENERGY HOUSTON ELEC LLC 3.95% 01Mar2048,3.950
US15189XAT54,CNP,name_block,CENTERPOINT ENERGY HOUSTON ELEC LLC 4.25% 01Feb2049,CENTERPOINT ENERGY HOUSTON ELEC LLC 4.25% 01Feb2049,4.250
US15189XAV01,CNP,name_block,CNP 2.35 01-APR-31,CNP 2.35 01-APR-31,2.350
US15189XAW83,CNP,name_block,CNP 3.35 01-APR-51,CNP 3.35 01-APR-51,3.350
US15189XAX66,CNP,name_block,CNP 3 01-MAR-32,CNP 3 01-MAR-32,3.000
US15189XAY40,CNP,name_block,CNP 3.6 01-MAR-52,CNP 3.6 01-MAR-52,3.600
US15189XAZ15,CNP,name_block,CNP 4.45 01-OCT-32,CNP 4.45 01-OCT-32,4.450
US15189XBA54,CNP,name_block,CNP 4.85 01-OCT-52,CNP 4.85 01-OCT-52,4.850
US15189YAG17,CNP,name_block,CNP 5.25 01-MAR-28,CNP 5.25 01-MAR-28,5.250
US15189YAH99,CNP,name_block,CNP 5.4 01-MAR-33,CNP 5.4 01-MAR-33,5.400
US159864AE78,CRL,cusip6,Charles River Laboratories International 4.25% 1may2028 USD,Charles River Laboratories International 4.25% 1may2028 USD,4.250
US161175AZ73,CHTR,name_block,Charter Communications Operating 6.384% 23oct2035 USD,CHARTER COMMUNICATIONS OPER LLC / CHARTE 6.384% 23Oct2035,6.384
US161175BA14,CHTR,name_block,Charter Communications Operating 6.484% 23oct2045 USD,CHARTER COMMUNICATIONS OPER LLC / CHARTE 6.484% 23Oct2045,6.484
US161175BC79,CHTR,name_block,CHARTER COMMUNICATIONS OPER LLC / CHARTE 6.834% 23Oct2055,CHARTER COMMUNICATIONS OPER LLC / CHARTE 6.834% 23Oct2055,6.834
US161175BJ23,CHTR,name_block,Charter Communications Operating 3.75% 15feb2028 USD,CHARTER COMMUNICATIONS OPER LLC / CHARTE 3.75% 15Feb2028,3.750
US161175BK95,CHTR,name_block,CHARTER COMMUNICATIONS OPER LLC / CHARTE 4.2% 15Mar2028,CHARTER COMMUNICATIONS OPER LLC / CHARTE 4.2% 15Mar2028,4.200
US161175BL78,CHTR,name_block,CHARTER COMMUNICATIONS OPER LLC / CHARTE 5.375% 01May2047,CHARTER COMMUNICATIONS OPER LLC / CHARTE 5.375% 01May2047,5.375
US161175BM51,CHTR,name_block,Charter Communications Operating 5.375% 1apr2038 USD,CHARTER COMMUNICATIONS OPER LLC / CHARTE 5.375% 01Apr2038,5.375
US161175BN35,CHTR,name_block,Charter Communications Operating 5.75% 1apr2048 USD,CHARTER COMMUNICATIONS OPER LLC / CHARTE 5.75% 01Apr2048,5.750
US161175BR49,CHTR,name_block,Charter Communications Operating 5.05% 30mar2029 USD,CHARTER COMMUNICATIONS OPER LLC / CHARTE 5.05% 30Mar2029,5.050
US161175BS22,CHTR,name_block,Charter Communications Operating 5.125% 1jul2049 USD,CHARTER COMMUNICATIONS OPER LLC / CHARTE 5.125% 01Jul2049,5.125
US161175BT05,CHTR,name_block,Charter Communications Operating 4.8% 1mar2050 USD,CHARTER COMMUNICATIONS OPER LLC / CHARTE 4.8% 01Mar2050,4.800
US161175BU77,CHTR,name_block,CHARTER COMMUNICATIONS OPERATING L,CHARTER COMMUNICATIONS OPER LLC / CHARTE 2.8% 01Apr2031,2.800
US161175BV50,CHTR,name_block,CHARTER COMMUNICATIONS OPERATING L,CHARTER COMMUNICATIONS OPER LLC / CHARTE 3.7% 01Apr2051,3.700
US161175BX17,CHTR,name_block,CHARTER COMMUNICATIONS OPERATING L,CHARTER COMMUNICATIONS OPER LLC / CHARTE 2.3% 01Feb2032,2.300
US161175BY99,CHTR,name_block,CHARTER COMMUNICATIONS OPERATING L,CHARTER COMMUNICATIONS OPER LLC / CHARTE 3.85% 01Apr2061,3.850
US161175BZ64,CHTR,name_block,CHARTER COMMUNICATIONS OPERATING L,CHARTER COMMUNICATIONS OPER LLC / CHARTE 3.5% 01Jun2041,3.500
US161175CA05,CHTR,name_block,CHARTER COMMUNICATIONS OPERATING L,CHARTER COMMUNICATIONS OPER LLC / CHARTE 3.9% 01Jun2052,3.900
US161175CC60,CHTR,name_block,CHARTER COMMUNICATIONS OPERATING L,CHARTER COMMUNICATIONS OPER LLC / CHARTE 4.4% 01Dec2061,4.400
US161175CE27,CHTR,name_block,CHTR 3.5 01-MAR-42,CHTR 3.5 01-MAR-42,3.500
US161175CG74,CHTR,name_block,CHTR 3.95 30-JUN-62,CHTR 3.95 30-JUN-62,3.950
US161175CJ14,CHTR,name_block,CHTR 4.4 01-APR-33,CHTR 4.4 01-APR-33,4.400
US161175CK86,CHTR,name_block,CHTR 5.25 01-APR-53,CHTR 5.25 01-APR-53,5.250
US161175CL69,CHTR,name_block,CHTR 5.5 01-APR-63,CHTR 5.5 01-APR-63,5.500
US166756AH97,CVX,name_block,CHEVRON USA INC,CHEVRON U S A INC 2.343% 12Aug2050,2.343
US166756AL00,CVX,name_block,CHEVRON USA INC,CHEVRON U S A INC 1.018% 12Aug2027,1.018
US166756AR79,CVX,name_block,CVX 3.85 15-JAN-28,CVX 3.85 15-JAN-28,3.850
US166756AS52,CVX,name_block,CVX 3.25 15-OCT-29,CVX 3.25 15-OCT-29,3.250
US166756AT36,CVX,name_block,CHEVRON USA INC,CHEVRON U S A INC 6% 01Mar2041,6.000
US166756AU09,CVX,name_block,CHEVRON USA INC,CHEVRON U S A INC 5.25% 15Nov2043,5.250
US166756AV81,CVX,name_block,CHEVRON USA INC,CHEVRON U S A INC 5.05% 15Nov2044,5.050
US166764BX70,CVX,name_block,CHEVRON CORP,CHEVRON CORP NEW 1.995% 11May2027,1.995
US166764BY53,CVX,name_block,CHEVRON CORP,CHEVRON CORP NEW 2.236% 11May2030,2.236
US166764CA68,CVX,name_block,CHEVRON CORP,CHEVRON CORP NEW 3.078% 11May2050,3.078
US171232AE11,CB,name_block,CHUBB CORP 6.8% 15Nov2031,CHUBB CORP 6.8% 15Nov2031,6.800
US171232AQ41,CB,name_block,CHUBB CORP 6% 11May2037,CHUBB CORP 6% 11May2037,6.000
US171232AS07,CB,name_block,CHUBB CORP 6.5% 15May2038,CHUBB CORP 6.5% 15May2038,6.500
US171239AH94,CB,name_block,CB 2.85 15-DEC-51,CB 2.85 15-DEC-51,2.850
US171239AJ50,CB,name_block,CB 3.05 15-DEC-61,CB 3.05 15-DEC-61,3.050
US171340AL60,CHD,cusip6,CHURCH & DWIGHT INC 3.95% 01Aug2047,CHURCH & DWIGHT INC 3.95% 01Aug2047,3.950
US171340AN27,CHD,cusip6,CHURCH & DWIGHT INC 3.15% 01Aug2027,CHURCH & DWIGHT INC 3.15% 01Aug2027,3.150
US17136MAA09,CHD,name_block,CHD 2.3 15-DEC-31,CHD 2.3 15-DEC-31,2.300
US17136MAB81,CHD,name_block,CHD 5 15-JUN-52,CHD 5 15-JUN-52,5.000
US17136MAC64,CHD,name_block,CHD 5.6 15-NOV-32,CHD 5.6 15-NOV-32,5.600
US172062AE14,CINF,cusip6,CINCINNATI FINL CORP 6.125% 01Nov2034,CINCINNATI FINL CORP 6.125% 01Nov2034,6.125
US172062AF88,CINF,cusip6,CINCINNATI FINL CORP 6.92% 15May2028,CINCINNATI FINL CORP 6.92% 15May2028,6.920
US172070CP76,DUK,name_block,CINCINNATI GAS & ELEC CO 5.4% 15Jun2033,CINCINNATI GAS & ELEC CO 5.4% 15Jun2033,5.400
US172070CQ59,DUK,name_block,DUK 5.375 15-JUN-33,DUK 5.375 15-JUN-33,5.375
US17252MAG50,CTAS,name_block,CINTAS CORP NO 2 6.15% 15Aug2036,CINTAS CORP NO 2 6.15% 15Aug2036,6.150
US17252MAN02,CTAS,name_block,CINTAS CORP NO 2 3.7% 01Apr2027,CINTAS CORP NO 2 3.7% 01Apr2027,3.700
US17252MAQ33,CTAS,name_block,CTAS 4 01-MAY-32,CTAS 4 01-MAY-32,4.000
US17275RAD44,CSCO,cusip6,CISCO SYS INC 5.9% 15Feb2039,CISCO SYS INC 5.9% 15Feb2039,5.900
US17275RAF91,CSCO,cusip6,CISCO SYS INC 5.5% 15Jan2040,CISCO SYS INC 5.5% 15Jan2040,5.500
US17275RBL50,CSCO,cusip6,CISCO SYS INC 2.5% 20Sep2026,CISCO SYS INC 2.5% 20Sep2026,2.500
US172967AR23,C,cusip6,CITIGROUP INC 6.625% 15Jan2028,CITIGROUP INC 6.625% 15Jan2028,6.625
US172967AS06,C,cusip6,CITIGROUP INC 6.875% 15Feb2098,CITIGROUP INC 6.875% 15Feb2098,6.875
US172967BL44,C,cusip6,CITIGROUP INC 6.625% 15Jun2032,CITIGROUP INC 6.625% 15Jun2032,6.625
US172967BU43,C,cusip6,CITIGROUP INC 5.875% 22Feb2033,CITIGROUP INC 5.875% 22Feb2033,5.875
US172967CC36,C,cusip6,CITIGROUP INC 6% 31Oct2033,CITIGROUP INC 6% 31Oct2033,6.000
US172967CT60,C,cusip6,CITIGROUP INC 5.85% 11Dec2034,CITIGROUP INC 5.85% 11Dec2034,5.850
US172967DS78,C,cusip6,C 5.50786 25-AUG-36,C 5.50786 25-AUG-36,5.508
US172967EC18,C,cusip6,CITIGROUP INC 5.875% 29May2037,CITIGROUP INC 5.875% 29May2037,5.875
US172967EP21,C,cusip6,CITIGROUP INC 6.875% 05Mar2038,CITIGROUP INC 6.875% 05Mar2038,6.875
US172967EW71,C,cusip6,CITIGROUP INC 8.125% 15Jul2039,CITIGROUP INC 8.125% 15Jul2039,8.125
US172967FX46,C,cusip6,CITIGROUP INC 5.875% 30Jan2042,CITIGROUP INC 5.875% 30Jan2042,5.875
US172967HA25,C,cusip6,CITIGROUP INC 6.675% 13Sep2043,CITIGROUP INC 6.675% 13Sep2043,6.675
US172967HS33,C,cusip6,CITIGROUP INC 5.3% 06May2044,CITIGROUP INC 5.3% 06May2044,5.300
US172967JC62,C,cusip6,CITIGROUP INC 4.3% 20Nov2026,CITIGROUP INC 4.3% 20Nov2026,4.300
US172967JU60,C,cusip6,CITIGROUP INC 4.65% 30Jul2045,CITIGROUP INC 4.65% 30Jul2045,4.650
US172967KA87,C,cusip6,CITIGROUP INC 4.45% 29Sep2027,CITIGROUP INC 4.45% 29Sep2027,4.450
US172967KM26,C,cusip6,C 6.25,C 6.25,
US172967KR13,C,cusip6,CITIGROUP INC 4.75% 18May2046,CITIGROUP INC 4.75% 18May2046,4.750
US172967KU42,C,cusip6,CITIGROUP INC 4.125% 25Jul2028,CITIGROUP INC 4.125% 25Jul2028,4.125
US172967KY63,C,cusip6,CITIGROUP INC 3.2% 21Oct2026,CITIGROUP INC 3.2% 21Oct2026,3.200
US172967MD09,C,cusip6,CITIGROUP INC 4.65% 23Jul2048,CITIGROUP INC 4.65% 23Jul2048,4.650
US172967ME81,C,cusip6,CITIGROUP INC,CITIGROUP INC,
US172967ML25,C,cusip6,CITIGROUP INC,CITIGROUP INC,
US172967MM08,C,cusip6,CITIGROUP INC,CITIGROUP INC,
US172967MP39,C,cusip6,CITIGROUP INC,CITIGROUP INC,
US172967MS77,C,cusip6,CITIGROUP INC,CITIGROUP INC,
US172967MY46,C,cusip6,CITIGROUP INC,CITIGROUP INC,
US172967NB34,C,cusip6,C 4.15,C 4.15,
US172967NE72,C,cusip6,C 2.52 03-NOV-32,C 2.52 03-NOV-32,2.520
US172967NF48,C,cusip6,C 2.904 03-NOV-42,C 2.904 03-NOV-42,2.904
US172967NG21,C,cusip6,C 3.07 24-FEB-28,C 3.07 24-FEB-28,3.070
US172967NH04,C,cusip6,C 5.855141 24-FEB-28,C 5.855141 24-FEB-28,5.855
US172967NN71,C,cusip6,C 3.785 17-MAR-33,C 3.785 17-MAR-33,3.785
US172967NS68,C,cusip6,C 4.658 24-MAY-28,C 4.658 24-MAY-28,4.658
US172967NU15,C,cusip6,C 4.91 24-MAY-33,C 4.91 24-MAY-33,4.910
US172967PA33,C,cusip6,C 6.27 17-NOV-33,C 6.27 17-NOV-33,6.270
US172967PC98,C,cusip6,C 7.375,C 7.375,
US17308CC539,C,name_block,CITIGROUP INC,CITIGROUP INC,
US174610AP06,CFG,cusip6,CFG 6,CFG 6,
US174610AQ88,CFG,cusip6,CFG 6.375,CFG 6.375,
US174610AT28,CFG,cusip6,CITIZENS FINANCIAL GROUP INC,CITIZENS FINL GROUP INC 3.25% 30Apr2030,3.250
US174610BD66,CFG,cusip6,CFG 4,CFG 4,
US174610BE40,CFG,cusip6,CFG 5.641 21-MAY-37,CFG 5.641 21-MAY-37,5.641
US189054AV17,CLX,cusip6,CLOROX CO 3.1% 01Oct2027,CLOROX CO 3.1% 01Oct2027,3.100
US189054AW99,CLX,cusip6,CLOROX CO 3.9% 15May2028,CLOROX CO 3.9% 15May2028,3.900
US189054AY55,CLX,cusip6,CLX 4.4 01-MAY-29,CLX 4.4 01-MAY-29,4.400
US189054AZ21,CLX,cusip6,CLX 4.6 01-MAY-32,CLX 4.6 01-MAY-32,4.600
US191216CE82,KO,cusip6,COCA COLA CO 2.9% 25May2027,COCA COLA CO 2.9% 25May2027,2.900
US191216CM09,KO,cusip6,COCA-COLA CO,COCA COLA CO 2.125% 06Sep2029,2.125
US191216CP30,KO,cusip6,KO 4.125 25-MAR-40,KO 4.125 25-MAR-40,4.125
US191216CR95,KO,cusip6,COCA-COLA CO,COCA COLA CO 3.375% 25Mar2027,3.375
US191216CT51,KO,cusip6,COCA-COLA CO,COCA COLA CO 3.45% 25Mar2030,3.450
US191216CU25,KO,cusip6,COCA-COLA CO,COCA COLA CO 1.45% 01Jun2027,1.450
US191216CV08,KO,cusip6,COCA-COLA CO,COCA COLA CO 1.65% 01Jun2030,1.650
US191216CW80,KO,cusip6,COCA-COLA CO,COCA COLA CO 2.5% 01Jun2040,2.500
US191216CX63,KO,cusip6,COCA-COLA CO,COCA COLA CO 2.6% 01Jun2050,2.600
US191216CY47,KO,cusip6,COCA-COLA CO,COCA COLA CO 2.75% 01Jun2060,2.750
US191216DC18,KO,cusip6,COCA-COLA CO,COCA COLA CO 2.5% 15Mar2051,2.500
US191216DD90,KO,cusip6,COCA-COLA CO,COCA COLA CO 1% 15Mar2028,1.000
US191216DE73,KO,cusip6,COCA-COLA CO,COCA COLA CO 1.375% 15Mar2031,1.375
US191216DJ60,KO,cusip6,COCA-COLA CO,COCA COLA CO 1.5% 05Mar2028,1.500
US191216DK34,KO,cusip6,COCA-COLA CO,COCA COLA CO 2% 05Mar2031,2.000
US191216DL17,KO,cusip6,COCA-COLA CO,COCA COLA CO 3% 05Mar2051,3.000
US191216DP21,KO,cusip6,COCA-COLA CO,COCA COLA CO 2.25% 05Jan2032,2.250
US191216DQ04,KO,cusip6,COCA-COLA CO,COCA COLA CO 2.875% 05May2041,2.875
US19260QAC15,COIN,cusip6,Coinbase Global Inc,COINBASE GLOBAL INC 3.375% 01Oct2028,3.375
US194162AN32,CL,cusip6,CL 3.1 15-AUG-27,CL 3.1 15-AUG-27,3.100
US194162AP89,CL,cusip6,CL 3.25 15-AUG-32,CL 3.25 15-AUG-32,3.250
US194162AS29,CL,cusip6,CL 4.6 01-MAR-33,CL 4.6 01-MAR-33,4.600
US19416QEJ58,CL,name_block,COLGATE-PALMOLIVE CO MEDIUM TERM NTS BOO 4% 15Aug2045,COLGATE-PALMOLIVE CO MEDIUM TERM NTS BOO 4% 15Aug2045,4.000
US19416QEK22,CL,name_block,COLGATE-PALMOLIVE CO MEDIUM TERM NTS BOO 3.7% 01Aug2047,COLGATE-PALMOLIVE CO MEDIUM TERM NTS BOO 3.7% 01Aug2047,3.700
US196522AE66,KMI,name_block,KMI 6.85 15-JUN-37,KMI 6.85 15-JUN-37,6.850
US197677AH07,HCA,name_block,HCA 7.5% 15nov2095 USD,COLUMBIA / HCA HEALTHCARE CORP 7.5% 15Nov2095,7.500
US197677AJ62,HCA,name_block,HCA 7.05% 1dec2027 USD,COLUMBIA / HCA HEALTHCARE CORP 7.05% 01Dec2027,7.050
US20030NAC56,CMCSA,name_block,COMCAST CORP NEW 7.05% 15Mar2033,COMCAST CORP NEW 7.05% 15Mar2033,7.050
US20030NAF87,CMCSA,name_block,COMCAST CORP NEW 5.65% 15Jun2035,COMCAST CORP NEW 5.65% 15Jun2035,5.650
US20030NAK72,CMCSA,name_block,COMCAST CORP NEW 6.5% 15Nov2035,COMCAST CORP NEW 6.5% 15Nov2035,6.500
US20030NAM39,CMCSA,name_block,COMCAST CORP NEW 6.45% 15Mar2037,COMCAST CORP NEW 6.45% 15Mar2037,6.450
US20030NAV38,CMCSA,name_block,COMCAST CORP NEW 6.95% 15Aug2037,COMCAST CORP NEW 6.95% 15Aug2037,6.950
US20030NAX93,CMCSA,name_block,COMCAST CORP NEW 6.4% 15May2038,COMCAST CORP NEW 6.4% 15May2038,6.400
US20030NAY76,CMCSA,name_block,COMCAST CORP NEW 6.55% 01Jul2039,COMCAST CORP NEW 6.55% 01Jul2039,6.550
US20030NBB64,CMCSA,name_block,COMCAST CORP NEW 6.4% 01Mar2040,COMCAST CORP NEW 6.4% 01Mar2040,6.400
US20030NBE04,CMCSA,name_block,COMCAST CORP NEW 4.65% 15Jul2042,COMCAST CORP NEW 4.65% 15Jul2042,4.650
US20030NBG51,CMCSA,name_block,COMCAST CORP NEW 4.5% 15Jan2043,COMCAST CORP NEW 4.5% 15Jan2043,4.500
US20030NBH35,CMCSA,name_block,COMCAST CORP NEW 4.25% 15Jan2033,COMCAST CORP NEW 4.25% 15Jan2033,4.250
US20030NBK63,CMCSA,name_block,COMCAST CORP NEW 4.75% 01Mar2044,COMCAST CORP NEW 4.75% 01Mar2044,4.750
US20030NBM20,CMCSA,name_block,COMCAST CORP NEW 4.2% 15Aug2034,COMCAST CORP NEW 4.2% 15Aug2034,4.200
US20030NBP50,CMCSA,name_block,COMCAST CORP NEW 4.4% 15Aug2035,COMCAST CORP NEW 4.4% 15Aug2035,4.400
US20030NBQ34,CMCSA,name_block,COMCAST CORP NEW 4.6% 15Aug2045,COMCAST CORP NEW 4.6% 15Aug2045,4.600
US20030NBT72,CMCSA,name_block,COMCAST CORP NEW 3.2% 15Jul2036,COMCAST CORP NEW 3.2% 15Jul2036,3.200
US20030NBU46,CMCSA,name_block,COMCAST CORP NEW 3.4% 15Jul2046,COMCAST CORP NEW 3.4% 15Jul2046,3.400
US20030NBW02,CMCSA,name_block,COMCAST CORP NEW 2.35% 15Jan2027,COMCAST CORP NEW 2.35% 15Jan2027,2.350
US20030NBY67,CMCSA,name_block,COMCAST CORP NEW 3.3% 01Feb2027,COMCAST CORP NEW 3.3% 01Feb2027,3.300
US20030NBZ33,CMCSA,name_block,COMCAST CORP NEW 4% 15Aug2047,COMCAST CORP NEW 4% 15Aug2047,4.000
US20030NCA72,CMCSA,name_block,COMCAST CORP NEW 3.15% 15Feb2028,COMCAST CORP NEW 3.15% 15Feb2028,3.150
US20030NCC39,CMCSA,name_block,COMCAST CORP NEW 3.969% 01Nov2047,COMCAST CORP NEW 3.969% 01Nov2047,3.969
US20030NCE94,CMCSA,name_block,COMCAST CORP NEW 3.999% 01Nov2049,COMCAST CORP NEW 3.999% 01Nov2049,3.999
US20030NCG43,CMCSA,name_block,COMCAST CORP NEW 4.049% 01Nov2052,COMCAST CORP NEW 4.049% 01Nov2052,4.049
US20030NCH26,CMCSA,name_block,COMCAST CORP NEW 3.55% 01May2028,COMCAST CORP NEW 3.55% 01May2028,3.550
US20030NCJ81,CMCSA,name_block,COMCAST CORP NEW 3.9% 01Mar2038,COMCAST CORP NEW 3.9% 01Mar2038,3.900
US20030NCK54,CMCSA,name_block,COMCAST CORP NEW 4% 01Mar2048,COMCAST CORP NEW 4% 01Mar2048,4.000
US20030NCL38,CMCSA,name_block,COMCAST CORP NEW 4.6% 15Oct2038,COMCAST CORP NEW 4.6% 15Oct2038,4.600
US20030NCM11,CMCSA,name_block,COMCAST CORP NEW 4.7% 15Oct2048,COMCAST CORP NEW 4.7% 15Oct2048,4.700
US20030NCN93,CMCSA,name_block,COMCAST CORP NEW 4.95% 15Oct2058,COMCAST CORP NEW 4.95% 15Oct2058,4.950
US20030NCT63,CMCSA,name_block,COMCAST CORP NEW 4.15% 15Oct2028,COMCAST CORP NEW 4.15% 15Oct2028,4.150
US20030NCU37,CMCSA,name_block,COMCAST CORP NEW 4.25% 15Oct2030,COMCAST CORP NEW 4.25% 15Oct2030,4.250
US20030NCY58,CMCSA,name_block,COMCAST CORPORATION,COMCAST CORP NEW 3.25% 01Nov2039,3.250
US20030NCZ24,CMCSA,name_block,COMCAST CORPORATION,COMCAST CORP NEW 3.45% 01Feb2050,3.450
US20030NDA63,CMCSA,name_block,COMCAST CORPORATION,COMCAST CORP NEW 2.65% 01Feb2030,2.650
US20030NDG34,CMCSA,name_block,COMCAST CORPORATION,COMCAST CORP NEW 3.4% 01Apr2030,3.400
US20030NDH17,CMCSA,name_block,COMCAST CORPORATION,COMCAST CORP NEW 3.75% 01Apr2040,3.750
US20030NDK46,CMCSA,name_block,COMCAST CORPORATION,COMCAST CORP NEW 3.3% 01Apr2027,3.300
US20030NDL29,CMCSA,name_block,COMCAST CORPORATION,COMCAST CORP NEW 2.8% 15Jan2051,2.800
US20030NDM02,CMCSA,name_block,COMCAST CORPORATION,COMCAST CORP NEW 1.95% 15Jan2031,1.950
US20030NDN84,CMCSA,name_block,COMCAST CORPORATION,COMCAST CORP NEW 1.5% 15Feb2031,1.500
US20030NDP33,CMCSA,name_block,COMCAST CORPORATION,COMCAST CORP NEW 2.45% 15Aug2052,2.450
US20030NDQ16,CMCSA,name_block,COMCAST CORPORATION,COMCAST CORP NEW 2.65% 15Aug2062,2.650
US20030NDS71,CMCSA,name_block,CMCSA 2.887 01-NOV-51,CMCSA 2.887 01-NOV-51,2.887
US20030NDU28,CMCSA,name_block,CMCSA 2.937 01-NOV-56,CMCSA 2.937 01-NOV-56,2.937
US20030NDW83,CMCSA,name_block,CMCSA 2.987 01-NOV-63,CMCSA 2.987 01-NOV-63,2.987
US20030NEB38,CMCSA,name_block,CMCSA 5.5 15-NOV-32,CMCSA 5.5 15-NOV-32,5.500
US20030NEC11,CMCSA,name_block,CMCSA 4.65 15-FEB-33,CMCSA 4.65 15-FEB-33,4.650
US202795HK91,EXC,name_block,COMMONWEALTH EDISON CO 5.9% 15Mar2036,COMMONWEALTH EDISON CO 5.9% 15Mar2036,5.900
US202795HT01,EXC,name_block,COMMONWEALTH EDISON CO 6.45% 15Jan2038,COMMONWEALTH EDISON CO 6.45% 15Jan2038,6.450
US202795JA91,EXC,name_block,COMMONWEALTH EDISON CO 3.8% 01Oct2042,COMMONWEALTH EDISON CO 3.8% 01Oct2042,3.800
US202795JB74,EXC,name_block,COMMONWEALTH EDISON CO 4.6% 15Aug2043,COMMONWEALTH EDISON CO 4.6% 15Aug2043,4.600
US202795JD31,EXC,name_block,COMMONWEALTH EDISON CO 4.7% 15Jan2044,COMMONWEALTH EDISON CO 4.7% 15Jan2044,4.700
US202795JF88,EXC,name_block,COMMONWEALTH EDISON CO 3.7% 01Mar2045,COMMONWEALTH EDISON CO 3.7% 01Mar2045,3.700
US202795JG61,EXC,name_block,COMMONWEALTH EDISON CO 4.35% 15Nov2045,COMMONWEALTH EDISON CO 4.35% 15Nov2045,4.350
US202795JJ01,EXC,name_block,COMMONWEALTH EDISON CO 3.65% 15Jun2046,COMMONWEALTH EDISON CO 3.65% 15Jun2046,3.650
US202795JK73,EXC,name_block,COMMONWEALTH EDISON CO 2.95% 15Aug2027,COMMONWEALTH EDISON CO 2.95% 15Aug2027,2.950
US202795JL56,EXC,name_block,COMMONWEALTH EDISON CO 3.75% 15Aug2047,COMMONWEALTH EDISON CO 3.75% 15Aug2047,3.750
US202795JM30,EXC,name_block,COMMONWEALTH EDISON CO 4% 01Mar2048,COMMONWEALTH EDISON CO 4% 01Mar2048,4.000
US202795JN13,EXC,name_block,COMMONWEALTH EDISON CO 3.7% 15Aug2028,COMMONWEALTH EDISON CO 3.7% 15Aug2028,3.700
US202795JP60,EXC,name_block,Commonwealth Edison 4% 1mar2049 USD,Commonwealth Edison 4% 1mar2049 USD,4.000
US202795JQ44,EXC,name_block,Commonwealth Edison 3.2% 15nov2049 USD (127),Commonwealth Edison 3.2% 15nov2049 USD (127),3.200
US202795JR27,EXC,name_block,Commonwealth Edison 2.2% 1mar2030 USD (128),Commonwealth Edison 2.2% 1mar2030 USD (128),2.200
US202795JS00,EXC,name_block,Commonwealth Edison 3% 1mar2050 USD (129),Commonwealth Edison 3% 1mar2050 USD (129),3.000
US202795JT82,EXC,name_block,EXC 3.125 15-MAR-51,EXC 3.125 15-MAR-51,3.125
US202795JU55,EXC,name_block,EXC 2.75 01-SEP-51,EXC 2.75 01-SEP-51,2.750
US202795JV39,EXC,name_block,EXC 3.85 15-MAR-52,EXC 3.85 15-MAR-52,3.850
US202795JW12,EXC,name_block,EXC 3.15 15-MAR-32,EXC 3.15 15-MAR-32,3.150
US202795JX94,EXC,name_block,EXC 4.9 01-FEB-33,EXC 4.9 01-FEB-33,4.900
US202795JY77,EXC,name_block,EXC 5.3 01-FEB-53,EXC 5.3 01-FEB-53,5.300
US207597EG65,ES,name_block,CONNECTICUT LT & PWR CO 4.3% 15Apr2044,CONNECTICUT LT & PWR CO 4.3% 15Apr2044,4.300
US207597EH49,ES,name_block,CONNECTICUT LT & PWR CO 4.15% 01Jun2045,CONNECTICUT LT & PWR CO 4.15% 01Jun2045,4.150
US207597EJ05,ES,name_block,CONNECTICUT LT & PWR CO 3.2% 15Mar2027,CONNECTICUT LT & PWR CO 3.2% 15Mar2027,3.200
US207597EL50,ES,name_block,CONNECTICUT LT & PWR CO 4% 01Apr2048,CONNECTICUT LT & PWR CO 4% 01Apr2048,4.000
US207597EN17,ES,name_block,ES 2.05 01-JUL-31,ES 2.05 01-JUL-31,2.050
US207597EP64,ES,name_block,ES 5.25 15-JAN-53,ES 5.25 15-JAN-53,5.250
US208251AE82,COP,cusip6,CONOCO INC 6.95% 15Apr2029,CONOCO INC 6.95% 15Apr2029,6.950
US20825CAF14,COP,name_block,CONOCOPHILLIPS 5.9% 15Oct2032,CONOCOPHILLIPS 5.9% 15Oct2032,5.900
US20825CAP95,COP,name_block,CONOCOPHILLIPS 5.9% 15May2038,CONOCOPHILLIPS 5.9% 15May2038,5.900
US20825CAQ78,COP,name_block,CONOCOPHILLIPS 6.5% 01Feb2039,CONOCOPHILLIPS 6.5% 01Feb2039,6.500
US20825CAY03,COP,name_block,COP 4.3 15-AUG-28,COP 4.3 15-AUG-28,4.300
US20825VAB80,COP,name_block,CONOCOPHILLIPS CDA FDG CO II 5.95% 15Oct2036,CONOCOPHILLIPS CDA FDG CO II 5.95% 15Oct2036,5.950
US20826FAC05,COP,name_block,CONOCOPHILLIPS CO 4.3% 15Nov2044,CONOCOPHILLIPS CO 4.3% 15Nov2044,4.300
US20826FAF36,COP,name_block,CONOCOPHILLIPS CO 4.15% 15Nov2034,CONOCOPHILLIPS CO 4.15% 15Nov2034,4.150
US20826FAR73,COP,name_block,CONOCOPHILLIPS CO 5.95% 15Mar2046,CONOCOPHILLIPS CO 5.95% 15Mar2046,5.950
US20826FAV85,COP,name_block,COP 3.8 15-MAR-52,COP 3.8 15-MAR-52,3.800
US20826FBC95,COP,name_block,ConocoPhillips Company 3.758% 15mar2042,ConocoPhillips Company 3.758% 15mar2042,3.758
US20826FBD78,COP,name_block,COP 4.025 15-MAR-62,COP 4.025 15-MAR-62,4.025
US209111ED12,ED,cusip6,CONSOLIDATED EDISON CO N Y INC 5.1% 15Jun2033,CONSOLIDATED EDISON CO N Y INC 5.1% 15Jun2033,5.100
US209111EF69,ED,cusip6,CONSOLIDATED EDISON CO N Y INC 5.7% 01Feb2034,CONSOLIDATED EDISON CO N Y INC 5.7% 01Feb2034,5.700
US209111EH26,ED,cusip6,CONSOLIDATED EDISON CO N Y INC 5.3% 01Mar2035,CONSOLIDATED EDISON CO N Y INC 5.3% 01Mar2035,5.300
US209111EL38,ED,cusip6,CONSOLIDATED EDISON CO N Y INC 5.85% 15Mar2036,CONSOLIDATED EDISON CO N Y INC 5.85% 15Mar2036,5.850
US209111EM11,ED,cusip6,CONSOLIDATED EDISON CO N Y INC 6.2% 15Jun2036,CONSOLIDATED EDISON CO N Y INC 6.2% 15Jun2036,6.200
US209111ES80,ED,cusip6,CONSOLIDATED EDISON CO N Y INC 6.3% 15Aug2037,CONSOLIDATED EDISON CO N Y INC 6.3% 15Aug2037,6.300
US209111EU37,ED,cusip6,CONSOLIDATED EDISON CO N Y INC 6.75% 01Apr2038,CONSOLIDATED EDISON CO N Y INC 6.75% 01Apr2038,6.750
US209111EY58,ED,cusip6,CONSOLIDATED EDISON CO N Y INC 5.5% 01Dec2039,CONSOLIDATED EDISON CO N Y INC 5.5% 01Dec2039,5.500
US209111FA63,ED,cusip6,CONSOLIDATED EDISON CO N Y INC 5.7% 15Jun2040,CONSOLIDATED EDISON CO N Y INC 5.7% 15Jun2040,5.700
US209111FB47,ED,cusip6,CONSOLIDATED EDISON CO N Y INC 4.2% 15Mar2042,CONSOLIDATED EDISON CO N Y INC 4.2% 15Mar2042,4.200
US209111FC20,ED,cusip6,CONSOLIDATED EDISON CO N Y INC 3.95% 01Mar2043,CONSOLIDATED EDISON CO N Y INC 3.95% 01Mar2043,3.950
US209111FD03,ED,cusip6,CONSOLIDATED EDISON CO N Y INC 4.45% 15Mar2044,CONSOLIDATED EDISON CO N Y INC 4.45% 15Mar2044,4.450
US209111FF50,ED,cusip6,CONSOLIDATED EDISON CO N Y INC 4.625% 01Dec2054,CONSOLIDATED EDISON CO N Y INC 4.625% 01Dec2054,4.625
US209111FG34,ED,cusip6,CONSOLIDATED EDISON CO N Y INC 4.5% 01Dec2045,CONSOLIDATED EDISON CO N Y INC 4.5% 01Dec2045,4.500
US209111FH17,ED,cusip6,CONSOLIDATED EDISON CO N Y INC 3.85% 15Jun2046,CONSOLIDATED EDISON CO N Y INC 3.85% 15Jun2046,3.850
US209111FJ72,ED,cusip6,CONSOLIDATED EDISON CO N Y INC 2.9% 01Dec2026,CONSOLIDATED EDISON CO N Y INC 2.9% 01Dec2026,2.900
US209111FK46,ED,cusip6,CONSOLIDATED EDISON CO N Y INC 4.3% 01Dec2056,CONSOLIDATED EDISON CO N Y INC 4.3% 01Dec2056,4.300
US209111FL29,ED,cusip6,CONSOLIDATED EDISON CO N Y INC 3.875% 15Jun2047,CONSOLIDATED EDISON CO N Y INC 3.875% 15Jun2047,3.875
US209111FM02,ED,cusip6,CONSOLIDATED EDISON CO N Y INC 3.125% 15Nov2027,CONSOLIDATED EDISON CO N Y INC 3.125% 15Nov2027,3.125
US209111FN84,ED,cusip6,CONSOLIDATED EDISON CO N Y INC 4% 15Nov2057,CONSOLIDATED EDISON CO N Y INC 4% 15Nov2057,4.000
US209111FP33,ED,cusip6,CONSOLIDATED EDISON CO N Y INC 3.8% 15May2028,CONSOLIDATED EDISON CO N Y INC 3.8% 15May2028,3.800
US209111FQ16,ED,cusip6,CONSOLIDATED EDISON CO N Y INC 4.5% 15May2058,CONSOLIDATED EDISON CO N Y INC 4.5% 15May2058,4.500
US209111FS71,ED,cusip6,CONSOLIDATED EDISON CO N Y INC 4% 01Dec2028,CONSOLIDATED EDISON CO N Y INC 4% 01Dec2028,4.000
US209111FT54,ED,cusip6,CONSOLIDATED EDISON CO N Y INC 4.65% 01Dec2048,CONSOLIDATED EDISON CO N Y INC 4.65% 01Dec2048,4.650
US209111FY40,ED,cusip6,CONSOLIDATED EDISON COMPANY OF NEW,CONSOLIDATED EDISON CO N Y INC 3.95% 01Apr2050,3.950
US209111GA54,ED,cusip6,CONSOLIDATED EDISON COMPANY OF NEW,CONSOLIDATED EDISON CO N Y INC 2.4% 15Jun2031,2.400
US209111GB38,ED,cusip6,CONSOLIDATED EDISON COMPANY OF NEW,CONSOLIDATED EDISON CO N Y INC 3.6% 15Jun2061,3.600
US209111GC11,ED,cusip6,ED 3.2 01-DEC-51,ED 3.2 01-DEC-51,3.200
US209111GD93,ED,cusip6,ED 6.15 15-NOV-52,ED 6.15 15-NOV-52,6.150
US209111GE76,ED,cusip6,ED 5.2 01-MAR-33,ED 5.2 01-MAR-33,5.200
US21036PAS74,STZ,name_block,CONSTELLATION BRANDS INC 3.5% 09May2027,CONSTELLATION BRANDS INC 3.5% 09May2027,3.500
US21036PAT57,STZ,name_block,CONSTELLATION BRANDS INC 4.5% 09May2047,CONSTELLATION BRANDS INC 4.5% 09May2047,4.500
US21036PAY43,STZ,name_block,CONSTELLATION BRANDS INC 3.6% 15Feb2028,CONSTELLATION BRANDS INC 3.6% 15Feb2028,3.600
US21036PAZ18,STZ,name_block,CONSTELLATION BRANDS INC 4.1% 15Feb2048,CONSTELLATION BRANDS INC 4.1% 15Feb2048,4.100
US21036PBC14,STZ,name_block,CONSTELLATION BRANDS INC 4.65% 15Nov2028,CONSTELLATION BRANDS INC 4.65% 15Nov2028,4.650
US21036PBD96,STZ,name_block,CONSTELLATION BRANDS INC 5.25% 15Nov2048,CONSTELLATION BRANDS INC 5.25% 15Nov2048,5.250
US21036PBE79,STZ,name_block,CONSTELLATION BRANDS INC,CONSTELLATION BRANDS INC 3.15% 01Aug2029,3.150
US21036PBH01,STZ,name_block,CONSTELLATION BRANDS INC,CONSTELLATION BRANDS INC 2.25% 01Aug2031,2.250
US21036PBK30,STZ,name_block,STZ 4.35 09-MAY-27,STZ 4.35 09-MAY-27,4.350
US21036PBL13,STZ,name_block,STZ 4.75 09-MAY-32,STZ 4.75 09-MAY-32,4.750
US210371AF74,CEG,name_block,CONSTELLATION ENERGY GROUP INC MARYLAND 7.6% 01Apr2032,CONSTELLATION ENERGY GROUP INC MARYLAND 7.6% 01Apr2032,7.600
US210385AB64,CEG,name_block,CEG 5.6 01-MAR-28,CEG 5.6 01-MAR-28,5.600
US210385AC48,CEG,name_block,CEG 5.8 01-MAR-33,CEG 5.8 01-MAR-33,5.800
US210518CZ72,CMS,name_block,CONSUMERS ENERGY CO 3.25% 15Aug2046,CONSUMERS ENERGY CO 3.25% 15Aug2046,3.250
US210518DB95,CMS,name_block,CONSUMERS ENERGY CO 4.05% 15May2048,CONSUMERS ENERGY CO 4.05% 15May2048,4.050
US210518DC78,CMS,name_block,CONSUMERS ENERGY CO 3.8% 15Nov2028,CONSUMERS ENERGY CO 3.8% 15Nov2028,3.800
US210518DD51,CMS,name_block,CONSUMERS ENERGY CO 4.35% 15Apr2049,CONSUMERS ENERGY CO 4.35% 15Apr2049,4.350
US210518DP81,CMS,name_block,CMS 3.6 15-AUG-32,CMS 3.6 15-AUG-32,3.600
US210518DQ64,CMS,name_block,CMS 4.2 01-SEP-52,CMS 4.2 01-SEP-52,4.200
US210518DU76,CMS,name_block,CMS 4.625 15-MAY-33,CMS 4.625 15-MAY-33,4.625
US219350AR68,GLW,name_block,CORNING INC 7.25% 15Aug2036,CORNING INC 7.25% 15Aug2036,7.250
US219350AV70,GLW,name_block,CORNING INC 5.75% 15Aug2040,CORNING INC 5.75% 15Aug2040,5.750
US219350BF12,GLW,name_block,CORNING INC 4.375% 15Nov2057,CORNING INC 4.375% 15Nov2057,4.375
US219350BK07,GLW,name_block,CORNING INC 5.35% 15Nov2048,CORNING INC 5.35% 15Nov2048,5.350
US219350BL89,GLW,name_block,CORNING INC 5.85% 15Nov2068,CORNING INC 5.85% 15Nov2068,5.850
US219350BQ76,GLW,name_block,CORNING INC,CORNING INC 5.45% 15Nov2079,5.450
US22160KAM71,COST,name_block,COSTCO WHOLESALE CORP NEW 3% 18May2027,COSTCO WHOLESALE CORP NEW 3% 18May2027,3.000
US22160KAN54,COST,name_block,COSTCO WHOLESALE CORPORATION,COSTCO WHSL CORP NEW 1.375% 20Jun2027,1.375
US22160KAP03,COST,name_block,COSTCO WHOLESALE CORPORATION,COSTCO WHSL CORP NEW 1.6% 20Apr2030,1.600
US22160KAQ85,COST,name_block,COSTCO WHOLESALE CORPORATION,COSTCO WHSL CORP NEW 1.75% 20Apr2032,1.750
US22822VAE11,CCI,cusip6,CROWN CASTLE INTL CORP NEW 4% 01Mar2027,CROWN CASTLE INTL CORP NEW 4% 01Mar2027,4.000
US22822VAH42,CCI,cusip6,CROWN CASTLE INTL CORP NEW 3.65% 01Sep2027,CROWN CASTLE INTL CORP NEW 3.65% 01Sep2027,3.650
US22822VAK70,CCI,cusip6,CROWN CASTLE INTL CORP NEW 3.8% 15Feb2028,CROWN CASTLE INTL CORP NEW 3.8% 15Feb2028,3.800
US22822VAL53,CCI,cusip6,CROWN CASTLE INTL CORP NEW 4.3% 15Feb2029,CROWN CASTLE INTL CORP NEW 4.3% 15Feb2029,4.300
US22822VAR24,CCI,cusip6,CROWN CASTLE INTERNATIONAL CORP,CROWN CASTLE INTL CORP NEW 3.3% 01Jul2030,3.300
US22822VAT89,CCI,cusip6,CROWN CASTLE INTERNATIONAL CORP,CROWN CASTLE INTL CORP NEW 2.25% 15Jan2031,2.250
US22822VAU52,CCI,cusip6,CROWN CASTLE INTERNATIONAL CORP,CROWN CASTLE INTL CORP NEW 3.25% 15Jan2051,3.250
US22822VAW19,CCI,cusip6,CROWN CASTLE INTERNATIONAL CORP,CROWN CASTLE INTL CORP NEW 2.1% 01Apr2031,2.100
US22822VAX91,CCI,cusip6,CROWN CASTLE INTERNATIONAL CORP,CROWN CASTLE INTL CORP NEW 2.9% 01Apr2041,2.900
US22822VAY74,CCI,cusip6,CROWN CASTLE INTERNATIONAL CORP,CROWN CASTLE INTL CORP NEW 2.5% 15Jul2031,2.500
US22822VAZ40,CCI,cusip6,CCI 2.9 15-MAR-27,CCI 2.9 15-MAR-27,2.900
US22822VBA89,CCI,cusip6,CCI 5 11-JAN-28,CCI 5 11-JAN-28,5.000
US231021AJ54,CMI,name_block,CUMMINS INC 7.125% 01Mar2028,CUMMINS INC 7.125% 01Mar2028,7.125
US231021AK28,CMI,name_block,CUMMINS INC 5.65% 01Mar2098,CUMMINS INC 5.65% 01Mar2098,5.650
US231021AQ97,CMI,name_block,CUMMINS INC 4.875% 01Oct2043,CUMMINS INC 4.875% 01Oct2043,4.875
US231021AT37,CMI,name_block,CUMMINS INC,CUMMINS INC 1.5% 01Sep2030,1.500
US23331ABQ13,DHI,cusip6,DHI 1.3 15-OCT-26,DHI 1.3 15-OCT-26,1.300
US233331AY31,DTE,cusip6,DTE ENERGY CO 2.85% 01Oct2026,DTE Energy Company (DTE) 2.85% 01Oct2026,2.850
US233331AZ06,DTE,cusip6,DTE ENERGY CO 3.8% 15Mar2027,DTE Energy Company (DTE) 3.8% 15Mar2027,3.800
US23338VAD82,DTE,name_block,DTE ELEC CO 4.3% 01Jul2044,DTE ELEC CO 4.3% 01Jul2044,4.300
US23338VAE65,DTE,name_block,DTE ELEC CO 3.7% 15Mar2045,DTE ELEC CO 3.7% 15Mar2045,3.700
US23338VAG14,DTE,name_block,DTE ELEC CO 3.75% 15Aug2047,DTE ELEC CO 3.75% 15Aug2047,3.750
US23338VAH96,DTE,name_block,DTE ELEC CO 4.05% 15May2048,DTE ELEC CO 4.05% 15May2048,4.050
US23338VAN64,DTE,name_block,DTE 1.9 01-APR-28,DTE 1.9 01-APR-28,1.900
US23338VAP13,DTE,name_block,DTE 3.25 01-APR-51,DTE 3.25 01-APR-51,3.250
US23338VAQ95,DTE,name_block,DTE 3 01-MAR-32,DTE 3 01-MAR-32,3.000
US23338VAR78,DTE,name_block,DTE 3.65 01-MAR-52,DTE 3.65 01-MAR-52,3.650
US23338VAS51,DTE,name_block,DTE 5.2 01-APR-33,DTE 5.2 01-APR-33,5.200
US23338VAT35,DTE,name_block,DTE 5.4 01-APR-53,DTE 5.4 01-APR-53,5.400
US235851AR35,DHR,cusip6,DANAHER CORP 4.375% 15Sep2045,DANAHER CORP 4.375% 15Sep2045,4.375
US235851AV47,DHR,cusip6,DANAHER CORPORATION,DANAHER CORP 2.6% 01Oct2050,2.600
US235851AW20,DHR,cusip6,DHR 2.8 10-DEC-51,DHR 2.8 10-DEC-51,2.800
US237194AL90,DRI,cusip6,DARDEN RESTAURANTS INC 3.85% 01May2027,DARDEN RESTAURANTS INC 3.85% 01May2027,3.850
US237194AM73,DRI,cusip6,DARDEN RESTAURANTS INC 4.55% 15Feb2048,DARDEN RESTAURANTS INC 4.55% 15Feb2048,4.550
US244199AW56,DE,cusip6,DEERE & CO 6.55% 01Oct2028,DEERE & CO 6.55% 01Oct2028,6.550
US244199AZ87,DE,cusip6,DEERE & CO 8.1% 15May2030,DEERE & CO 8.1% 15May2030,8.100
US244199BA28,DE,cusip6,DEERE & CO 7.125% 03Mar2031,DEERE & CO 7.125% 03Mar2031,7.125
US244199BD66,DE,cusip6,DEERE & CO 5.375% 16Oct2029,DEERE & CO 5.375% 16Oct2029,5.375
US244199BF15,DE,cusip6,DEERE & CO 3.9% 09Jun2042,DEERE & CO 3.9% 09Jun2042,3.900
US244199BK00,DE,cusip6,DEERE & CO,DEERE & CO 3.75% 15Apr2050,3.750
US24422ETW92,DE,name_block,DEERE JOHN CAP CORP MEDIUM TERM NTS-BOOK 2.8% 08Sep2027,DEERE JOHN CAP CORP MEDIUM TERM NTS-BOOK 2.8% 08Sep2027,2.800
US24422EUB37,DE,name_block,DEERE JOHN CAP CORP MEDIUM TERM NTS-BOOK 3.05% 06Jan2028,DEERE JOHN CAP CORP MEDIUM TERM NTS-BOOK 3.05% 06Jan2028,3.050
US24422EVL00,DE,name_block,DE 1.45 15-JAN-31,DE 1.45 15-JAN-31,1.450
US24422EVP14,DE,name_block,DE 1.5 06-MAR-28,DE 1.5 06-MAR-28,1.500
US24422EVS52,DE,name_block,DE 2 17-JUN-31,DE 2 17-JUN-31,2.000
US24422EVW64,DE,name_block,DE 1.3 13-OCT-26,DE 1.3 13-OCT-26,1.300
US24422EWA36,DE,name_block,DE 1.7 11-JAN-27,DE 1.7 11-JAN-27,1.700
US24422EWD74,DE,name_block,DE 2.35 08-MAR-27,DE 2.35 08-MAR-27,2.350
US24422EWE57,DE,name_block,DE 3.35 18-APR-29,DE 3.35 18-APR-29,3.350
US24422EWH88,DE,name_block,DE 3.9 07-JUN-32,DE 3.9 07-JUN-32,3.900
US24422EWK18,DE,name_block,DE 4.15 15-SEP-27,DE 4.15 15-SEP-27,4.150
US24422EWL90,DE,name_block,DE 4.35 15-SEP-32,DE 4.35 15-SEP-32,4.350
US24422EWN56,DE,name_block,DE 4.85 11-OCT-29,DE 4.85 11-OCT-29,4.850
US24422EWR60,DE,name_block,DE 4.75 20-JAN-28,DE 4.75 20-JAN-28,4.750
US24422EWV72,DE,name_block,DE 4.9 03-MAR-28,DE 4.9 03-MAR-28,4.900
US24703DBJ90,DELL,name_block,DELL 5.25 01-FEB-28,DELL 5.25 01-FEB-28,5.250
US24703DBL47,DELL,name_block,DELL 5.75 01-FEB-33,DELL 5.75 01-FEB-33,5.750
US24703TAE64,DELL,name_block,DELL INTERNATIONAL LLC,DELL INTL L L C / EMC CORP 4.9% 01Oct2026,4.900
US24703TAF30,DELL,name_block,DELL 6.1 15-JUL-27,DELL 6.1 15-JUL-27,6.100
US24703TAG13,DELL,name_block,DELL INTERNATIONAL LLC,DELL INTL L L C / EMC CORP 5.3% 01Oct2029,5.300
US24703TAH95,DELL,name_block,DELL INTERNATIONAL LLC,DELL INTL L L C / EMC CORP 6.2% 15Jul2030,6.200
US24703TAJ51,DELL,name_block,DELL INTERNATIONAL LLC,DELL INTL L L C / EMC CORP 8.1% 15Jul2036,8.100
US24703TAK25,DELL,name_block,DELL INTERNATIONAL LLC,DELL INTL L L C / EMC CORP 8.35% 15Jul2046,8.350
US247361ZN12,DAL,cusip6,Delta Air Lines 4.375% 19apr2028 USD,DELTA AIR LINES INC DEL 4.375% 19Apr2028,4.375
US247361ZT81,DAL,cusip6,Delta Air Lines 3.75% 28oct2029 USD,DELTA AIR LINES INC DEL 3.75% 28Oct2029,3.750
US251799AA02,DVN,name_block,DEVON ENERGY CORP 7.95% 15Apr2032,DEVON ENERGY CORP 7.95% 15Apr2032,7.950
US25179MBE21,DVN,cusip6,DVN 5.875 15-JUN-28,DVN 5.875 15-JUN-28,5.875
US25179MBF95,DVN,cusip6,DVN 4.5 15-JAN-30,DVN 4.5 15-JAN-30,4.500
US25278XAM11,FANG,cusip6,DIAMONDBACK ENERGY INC,DIAMONDBACK ENERGY INC 3.25% 01Dec2026,3.250
US25278XAN93,FANG,cusip6,DIAMONDBACK ENERGY INC,DIAMONDBACK ENERGY INC 3.5% 01Dec2029,3.500
US25278XAR08,FANG,cusip6,DIAMONDBACK ENERGY INC,DIAMONDBACK ENERGY INC 3.125% 24Mar2031,3.125
US25278XAV10,FANG,cusip6,FANG 6.25 15-MAR-33,FANG 6.25 15-MAR-33,6.250
US25278XAW92,FANG,cusip6,FANG 6.25 15-MAR-53,FANG 6.25 15-MAR-53,6.250
US25389JAR77,DLR,name_block,DIGITAL RLTY TR LP 3.7% 15Aug2027,DIGITAL RLTY TR LP 3.7% 15Aug2027,3.700
US25389JAT34,DLR,name_block,DIGITAL RLTY TR LP 4.45% 15Jul2028,DIGITAL RLTY TR LP 4.45% 15Jul2028,4.450
US25389JAU07,DLR,name_block,DIGITAL REALTY TRUST LP,DIGITAL RLTY TR LP 3.6% 01Jul2029,3.600
US25389JAV89,DLR,name_block,DLR 5.55 15-JAN-28,DLR 5.55 15-JAN-28,5.550
US254687DM53,DIS,cusip6,DIS 7.125 08-APR-28,DIS 7.125 08-APR-28,7.125
US254687DP84,DIS,cusip6,DIS 7.3 30-APR-28,DIS 7.3 30-APR-28,7.300
US254687DZ66,DIS,cusip6,WALT DISNEY CO,DISNEY WALT CO 6.2% 15Dec2034,6.200
US254687EB89,DIS,cusip6,WALT DISNEY CO,DISNEY WALT CO 6.4% 15Dec2035,6.400
US254687EH59,DIS,cusip6,WALT DISNEY CO,DISNEY WALT CO 6.65% 15Nov2037,6.650
US254687EP75,DIS,cusip6,DIS 6.9 15-AUG-39,DIS 6.9 15-AUG-39,6.900
US254687FL52,DIS,cusip6,WALT DISNEY CO,DISNEY WALT CO 2% 01Sep2029,2.000
US254687FM36,DIS,cusip6,WALT DISNEY CO,DISNEY WALT CO 2.75% 01Sep2049,2.750
US254687FQ40,DIS,cusip6,WALT DISNEY CO,DISNEY WALT CO 3.8% 22Mar2030,3.800
US254687FR23,DIS,cusip6,WALT DISNEY CO,DISNEY WALT CO 4.625% 23Mar2040,4.625
US254687FS06,DIS,cusip6,WALT DISNEY CO,DISNEY WALT CO 4.7% 23Mar2050,4.700
US254687FW18,DIS,cusip6,WALT DISNEY CO,DISNEY WALT CO 2.2% 13Jan2028,2.200
US254687FX90,DIS,cusip6,WALT DISNEY CO,DISNEY WALT CO 2.65% 13Jan2031,2.650
US254687FY73,DIS,cusip6,WALT DISNEY CO,DISNEY WALT CO 3.5% 13May2040,3.500
US254687FZ49,DIS,cusip6,WALT DISNEY CO,DISNEY WALT CO 3.6% 13Jan2051,3.600
US254687GA88,DIS,cusip6,WALT DISNEY CO,DISNEY WALT CO 3.8% 13May2060,3.800
US256677AF29,DG,cusip6,DOLLAR GEN CORP NEW 4.125% 01May2028,DOLLAR GEN CORP NEW 4.125% 01May2028,4.125
US256677AG02,DG,cusip6,DOLLAR GENERAL CORPORATION,DOLLAR GEN CORP NEW 3.5% 03Apr2030,3.500
US256677AL96,DG,cusip6,DG 5 01-NOV-32,DG 5 01-NOV-32,5.000
US256677AM79,DG,cusip6,DG 5.5 01-NOV-52,DG 5.5 01-NOV-52,5.500
US256746AH16,DLTR,name_block,DOLLAR TREE INC 4.2% 15May2028,DOLLAR TREE INC 4.2% 15May2028,4.200
US256746AJ71,DLTR,name_block,DLTR 2.65 01-DEC-31,DLTR 2.65 01-DEC-31,2.650
US256746AK45,DLTR,name_block,DLTR 3.375 01-DEC-51,DLTR 3.375 01-DEC-51,3.375
US257375AF22,D,name_block,DOMINION ENERGY GAS HLDGS LLC 4.8% 01Nov2043,DOMINION ENERGY GAS HLDGS LLC 4.8% 01Nov2043,4.800
US257375AJ44,D,name_block,DOMINION ENERGY GAS HLDGS LLC 4.6% 15Dec2044,DOMINION ENERGY GAS HLDGS LLC 4.6% 15Dec2044,4.600
US257469AJ58,D,cusip6,DOMINION RES INC DEL 5.25% 01Aug2033,DOMINION RES INC DEL 5.25% 01Aug2033,5.250
US25746UAN90,D,name_block,DOMINION ENERGY INC 6.3% 15Mar2033,DOMINION ENERGY INC 6.3% 15Mar2033,6.300
US25746UAV17,D,name_block,DOMINION ENERGY INC 5.95% 15Jun2035,DOMINION ENERGY INC 5.95% 15Jun2035,5.950
US25746UBD00,D,name_block,DOMINION ENERGY INC 7% 15Jun2038,DOMINION ENERGY INC 7% 15Jun2038,7.000
US25746UBM09,D,name_block,DOMINION ENERGY INC 4.9% 01Aug2041,DOMINION ENERGY INC 4.9% 01Aug2041,4.900
US25746UBQ13,D,name_block,DOMINION ENERGY INC 4.05% 15Sep2042,DOMINION ENERGY INC 4.05% 15Sep2042,4.050
US25746UCC18,D,name_block,DOMINION ENERGY INC 4.7% 01Dec2044,DOMINION ENERGY INC 4.7% 01Dec2044,4.700
US25746UCK34,D,name_block,DOMINION ENERGY INC 2.85% 15Aug2026,DOMINION ENERGY INC 2.85% 15Aug2026,2.850
US25746UCY38,D,name_block,DOMINION ENERGY INC 4.25% 01Jun2028,DOMINION ENERGY INC 4.25% 01Jun2028,4.250
US25746UDG13,D,name_block,DOMINION ENERGY INC,DOMINION ENERGY INC 3.375% 01Apr2030,3.375
US25746UDK25,D,name_block,D 3.3 15-APR-41,D 3.3 15-APR-41,3.300
US25746UDL08,D,name_block,D 2.25 15-AUG-31,D 2.25 15-AUG-31,2.250
US25746UDM80,D,name_block,D 4.35,D 4.35,
US25746UDP12,D,name_block,D 4.35 15-AUG-32,D 4.35 15-AUG-32,4.350
US25746UDQ94,D,name_block,D 4.85 15-AUG-52,D 4.85 15-AUG-52,4.850
US25746UDR77,D,name_block,D 5.375 15-NOV-32,D 5.375 15-NOV-32,5.375
US260543BJ10,DOW,name_block,DOW CHEM CO 7.375% 01Nov2029,DOW CHEM CO 7.375% 01Nov2029,7.375
US260543CE14,DOW,name_block,DOW CHEM CO 5.25% 15Nov2041,DOW CHEM CO 5.25% 15Nov2041,5.250
US260543CG61,DOW,name_block,DOW CHEM CO 4.375% 15Nov2042,DOW CHEM CO 4.375% 15Nov2042,4.375
US260543CK73,DOW,name_block,DOW CHEM CO 4.25% 01Oct2034,DOW CHEM CO 4.25% 01Oct2034,4.250
US260543CL56,DOW,name_block,DOW CHEM CO 4.625% 01Oct2044,DOW CHEM CO 4.625% 01Oct2044,4.625
US260543CR27,DOW,name_block,DOW CHEMICAL COMPANY (THE),DOW CHEM CO 5.55% 30Nov2048,5.550
US260543CV39,DOW,name_block,DOW CHEMICAL COMPANY (THE),DOW CHEM CO 4.8% 15May2049,4.800
US260543DC49,DOW,name_block,DOW CHEMICAL COMPANY (THE),DOW CHEM CO 2.1% 15Nov2030,2.100
US260543DD22,DOW,name_block,DOW CHEMICAL COMPANY (THE),DOW CHEM CO 3.6% 15Nov2050,3.600
US260543DG52,DOW,name_block,DOW 6.3 15-MAR-33,DOW 6.3 15-MAR-33,6.300
US260543DH36,DOW,name_block,DOW 6.9 15-MAY-53,DOW 6.9 15-MAY-53,6.900
US263901AA85,DUK,name_block,DUKE ENERGY IND INC 6.35% 15Aug2038,DUKE ENERGY IND INC 6.35% 15Aug2038,6.350
US263901AB68,DUK,name_block,DUKE ENERGY IND INC 6.45% 01Apr2039,DUKE ENERGY IND INC 6.45% 01Apr2039,6.450
US263901AD25,DUK,name_block,DUKE ENERGY IND INC 4.2% 15Mar2042,DUKE ENERGY IND INC 4.2% 15Mar2042,4.200
US263901AF72,DUK,name_block,DUKE ENERGY IND INC 4.9% 15Jul2043,DUKE ENERGY IND INC 4.9% 15Jul2043,4.900
US264399DK95,DUK,cusip6,DUKE PWR CO LLC 6% 01Dec2028,DUKE PWR CO LLC 6% 01Dec2028,6.000
US264399ED44,DUK,cusip6,DUKE PWR CO LLC 6.45% 15Oct2032,DUKE PWR CO LLC 6.45% 15Oct2032,6.450
US26441CAP05,DUK,name_block,DUKE ENERGY CORP NEW 4.8% 15Dec2045,DUKE ENERGY CORP NEW 4.8% 15Dec2045,4.800
US26441CAS44,DUK,name_block,DUKE ENERGY CORP NEW 2.65% 01Sep2026,DUKE ENERGY CORP NEW 2.65% 01Sep2026,2.650
US26441CAT27,DUK,name_block,DUKE ENERGY CORP NEW 3.75% 01Sep2046,DUKE ENERGY CORP NEW 3.75% 01Sep2046,3.750
US26441CAX39,DUK,name_block,DUKE ENERGY CORP NEW 3.15% 15Aug2027,DUKE ENERGY CORP NEW 3.15% 15Aug2027,3.150
US26441CAY12,DUK,name_block,DUKE ENERGY CORP NEW 3.95% 15Aug2047,DUKE ENERGY CORP NEW 3.95% 15Aug2047,3.950
US26441CBH79,DUK,name_block,DUKE ENERGY CORP,DUKE ENERGY CORP NEW 2.45% 01Jun2030,2.450
US26441CBL81,DUK,name_block,DUKE ENERGY CORP,DUKE ENERGY CORP NEW 2.55% 15Jun2031,2.550
US26441CBM64,DUK,name_block,DUKE ENERGY CORP,DUKE ENERGY CORP NEW 3.3% 15Jun2041,3.300
US26441CBN48,DUK,name_block,DUKE ENERGY CORP,DUKE ENERGY CORP NEW 3.5% 15Jun2051,3.500
US26441CBP95,DUK,name_block,DUK 3.25 15-JAN-82,DUK 3.25 15-JAN-82,3.250
US26441CBS35,DUK,name_block,DUK 4.3 15-MAR-28,DUK 4.3 15-MAR-28,4.300
US26441CBT18,DUK,name_block,DUK 4.5 15-AUG-32,DUK 4.5 15-AUG-32,4.500
US26441CBU80,DUK,name_block,DUK 5 15-AUG-52,DUK 5 15-AUG-52,5.000
US26442CAA27,DUK,name_block,DUKE ENERGY CAROLINAS LLC 6.1% 01Jun2037,DUKE ENERGY CAROLINAS LLC 6.1% 01Jun2037,6.100
US26442CAB00,DUK,name_block,DUKE ENERGY CAROLINAS LLC 6% 15Jan2038,DUKE ENERGY CAROLINAS LLC 6% 15Jan2038,6.000
US26442CAE49,DUK,name_block,DUKE ENERGY CAROLINAS LLC 6.05% 15Apr2038,DUKE ENERGY CAROLINAS LLC 6.05% 15Apr2038,6.050
US26442CAH79,DUK,name_block,DUKE ENERGY CAROLINAS LLC 5.3% 15Feb2040,DUKE ENERGY CAROLINAS LLC 5.3% 15Feb2040,5.300
US26442CAM64,DUK,name_block,DUKE ENERGY CAROLINAS LLC 4.25% 15Dec2041,DUKE ENERGY CAROLINAS LLC 4.25% 15Dec2041,4.250
US26442CAN48,DUK,name_block,DUKE ENERGY CAROLINAS LLC 4% 30Sep2042,DUKE ENERGY CAROLINAS LLC 4% 30Sep2042,4.000
US26442CAP95,DUK,name_block,DUKE ENERGY CAROLINAS LLC 3.75% 01Jun2045,DUKE ENERGY CAROLINAS LLC 3.75% 01Jun2045,3.750
US26442CAR51,DUK,name_block,DUKE ENERGY CAROLINAS LLC 3.875% 15Mar2046,DUKE ENERGY CAROLINAS LLC 3.875% 15Mar2046,3.875
US26442CAS35,DUK,name_block,DUKE ENERGY CAROLINAS LLC 2.95% 01Dec2026,DUKE ENERGY CAROLINAS LLC 2.95% 01Dec2026,2.950
US26442CAT18,DUK,name_block,DUKE ENERGY CAROLINAS LLC 3.7% 01Dec2047,DUKE ENERGY CAROLINAS LLC 3.7% 01Dec2047,3.700
US26442CAU80,DUK,name_block,DUKE ENERGY CAROLINAS LLC 3.95% 15Mar2048,DUKE ENERGY CAROLINAS LLC 3.95% 15Mar2048,3.950
US26442CAX20,DUK,name_block,DUKE ENERGY CAROLINAS LLC 3.95% 15Nov2028,DUKE ENERGY CAROLINAS LLC 3.95% 15Nov2028,3.950
US26442CAZ77,DUK,name_block,DUKE ENERGY CAROLINAS LLC,DUKE ENERGY CAROLINAS LLC 3.2% 15Aug2049,3.200
US26442CBB90,DUK,name_block,DUK 2.55 15-APR-31,DUK 2.55 15-APR-31,2.550
US26442CBG87,DUK,name_block,DUK 2.85 15-MAR-32,DUK 2.85 15-MAR-32,2.850
US26442CBH60,DUK,name_block,DUK 3.55 15-MAR-52,DUK 3.55 15-MAR-52,3.550
US26442CBJ27,DUK,name_block,DUK 4.95 15-JAN-33,DUK 4.95 15-JAN-33,4.950
US26442CBK99,DUK,name_block,DUK 5.35 15-JAN-53,DUK 5.35 15-JAN-53,5.350
US26442EAF79,DUK,name_block,DUKE ENERGY OHIO INC 3.65% 01Feb2029,DUKE ENERGY OHIO INC 3.65% 01Feb2029,3.650
US26442EAG52,DUK,name_block,DUKE ENERGY OHIO INC 4.3% 01Feb2049,DUKE ENERGY OHIO INC 4.3% 01Feb2049,4.300
US26442RAB78,DUK,name_block,DUKE ENERGY PROGRESS INC 4.375% 30Mar2044,DUKE ENERGY PROGRESS INC 4.375% 30Mar2044,4.375
US26442RAD35,DUK,name_block,DUKE ENERGY PROGRESS INC 4.15% 01Dec2044,DUKE ENERGY PROGRESS INC 4.15% 01Dec2044,4.150
US26442UAB08,DUK,name_block,DUKE ENERGY PROGRESS LLC 4.2% 15Aug2045,DUKE ENERGY PROGRESS LLC 4.2% 15Aug2045,4.200
US26442UAC80,DUK,name_block,DUKE ENERGY PROGRESS LLC 3.7% 15Oct2046,DUKE ENERGY PROGRESS LLC 3.7% 15Oct2046,3.700
US26442UAE47,DUK,name_block,DUKE ENERGY PROGRESS LLC 3.6% 15Sep2047,DUKE ENERGY PROGRESS LLC 3.6% 15Sep2047,3.600
US26442UAG94,DUK,name_block,DUKE ENERGY PROGRESS LLC 3.7% 01Sep2028,DUKE ENERGY PROGRESS LLC 3.7% 01Sep2028,3.700
US26442UAL89,DUK,name_block,DUK 2 15-AUG-31,DUK 2 15-AUG-31,2.000
US26442UAM62,DUK,name_block,DUK 2.9 15-AUG-51,DUK 2.9 15-AUG-51,2.900
US26442UAN46,DUK,name_block,DUK 3.4 01-APR-32,DUK 3.4 01-APR-32,3.400
US26442UAP93,DUK,name_block,DUK 4 01-APR-52,DUK 4 01-APR-52,4.000
US26442UAQ76,DUK,name_block,DUK 5.25 15-MAR-33,DUK 5.25 15-MAR-33,5.250
US26442UAR59,DUK,name_block,DUK 5.35 15-MAR-53,DUK 5.35 15-MAR-53,5.350
US26443TAA43,DUK,name_block,DUKE ENERGY IND LLC 3.75% 15May2046,DUKE ENERGY IND LLC 3.75% 15May2046,3.750
US26444HAA95,DUK,name_block,DUKE ENERGY FLA LLC 3.4% 01Oct2046,DUKE ENERGY FLA LLC 3.4% 01Oct2046,3.400
US26444HAC51,DUK,name_block,DUKE ENERGY FLA LLC 3.2% 15Jan2027,DUKE ENERGY FLA LLC 3.2% 15Jan2027,3.200
US26444HAE18,DUK,name_block,DUKE ENERGY FLA LLC 3.8% 15Jul2028,DUKE ENERGY FLA LLC 3.8% 15Jul2028,3.800
US26444HAF82,DUK,name_block,DUKE ENERGY FLA LLC 4.2% 15Jul2048,DUKE ENERGY FLA LLC 4.2% 15Jul2048,4.200
US26444HAK77,DUK,name_block,DUK 2.4 15-DEC-31,DUK 2.4 15-DEC-31,2.400
US26444HAL50,DUK,name_block,DUK 3 15-DEC-51,DUK 3 15-DEC-51,3.000
US26444HAN17,DUK,name_block,DUK 5.95 15-NOV-52,DUK 5.95 15-NOV-52,5.950
US26875PAN15,EOG,name_block,EOG RES INC 3.9% 01Apr2035,EOG RES INC 3.9% 01Apr2035,3.900
US26875PAT84,EOG,name_block,EOG RESOURCES INC,EOG RES INC 4.95% 15Apr2050,4.950
US26875PAU57,EOG,name_block,EOG RESOURCES INC,EOG RES INC 4.375% 15Apr2030,4.375
US26884ABB89,EQR,name_block,ERP OPER LTD PARTNERSHIP 4.5% 01Jul2044,ERP OPER LTD PARTNERSHIP 4.5% 01Jul2044,4.500
US26884ABF93,EQR,name_block,ERP OPER LTD PARTNERSHIP 2.85% 01Nov2026,ERP OPER LTD PARTNERSHIP 2.85% 01Nov2026,2.850
US26884ABG76,EQR,name_block,ERP OPER LTD PARTNERSHIP 3.25% 01Aug2027,ERP OPER LTD PARTNERSHIP 3.25% 01Aug2027,3.250
US26884ABH59,EQR,name_block,ERP OPER LTD PARTNERSHIP 4% 01Aug2047,ERP OPER LTD PARTNERSHIP 4% 01Aug2047,4.000
US26884ABJ16,EQR,name_block,ERP OPER LTD PARTNERSHIP 3.5% 01Mar2028,ERP OPER LTD PARTNERSHIP 3.5% 01Mar2028,3.500
US26884ABK88,EQR,name_block,ERP OPER LTD PARTNERSHIP 4.15% 01Dec2028,ERP OPER LTD PARTNERSHIP 4.15% 01Dec2028,4.150
US26884ABN28,EQR,name_block,EQR 1.85 01-AUG-31,EQR 1.85 01-AUG-31,1.850
US26884LAF67,EQT,name_block,EQT CORP 3.9% 01Oct2027,EQT CORP 3.9% 01Oct2027,3.900
US26884LAG41,EQT,name_block,EQT 7% 1feb2030 USD,EQT 7% 1feb2030 USD,7.000
US278058AW21,ETN,cusip6,ETN 7.65 15-NOV-29,ETN 7.65 15-NOV-29,7.650
US278062AD69,ETN,name_block,EATON CORP OHIO 4% 02Nov2032,EATON CORP OHIO 4% 02Nov2032,4.000
US278062AE43,ETN,name_block,EATON CORP OHIO 4.15% 02Nov2042,EATON CORP OHIO 4.15% 02Nov2042,4.150
US278062AG90,ETN,name_block,EATON CORP OHIO 3.103% 15Sep2027,EATON CORP OHIO 3.103% 15Sep2027,3.103
US278062AH73,ETN,name_block,ETN 4.15 15-MAR-33,ETN 4.15 15-MAR-33,4.150
US278062AJ30,ETN,name_block,ETN 4.7 23-AUG-52,ETN 4.7 23-AUG-52,4.700
US278642AF09,EBAY,cusip6,EBAY INC 4% 15Jul2042,EBAY INC 4% 15Jul2042,4.000
US278642AU75,EBAY,cusip6,EBAY INC 3.6% 05Jun2027,EBAY INC 3.6% 05Jun2027,3.600
US278642AW32,EBAY,cusip6,EBAY INC,EBAY INC 2.7% 11Mar2030,2.700
US278642AY97,EBAY,cusip6,EBAY INC,EBAY INC 2.6% 10May2031,2.600
US278642AZ62,EBAY,cusip6,EBAY INC,EBAY INC 3.65% 10May2051,3.650
US278642BA03,EBAY,cusip6,EBAY 5.95 22-NOV-27,EBAY 5.95 22-NOV-27,5.950
US278642BB85,EBAY,cusip6,EBAY 6.3 22-NOV-32,EBAY 6.3 22-NOV-32,6.300
US278865AV25,ECL,cusip6,ECOLAB INC 2.7% 01Nov2026,ECOLAB INC 2.7% 01Nov2026,2.700
US278865BA78,ECL,cusip6,ECOLAB INC 3.95% 01Dec2047,ECOLAB INC 3.95% 01Dec2047,3.950
US278865BD18,ECL,cusip6,ECOLAB INC 3.25% 01Dec2027,ECOLAB INC 3.25% 01Dec2027,3.250
US278865BE90,ECL,cusip6,ECOLAB INC,ECOLAB INC 4.8% 24Mar2030,4.800
US278865BJ87,ECL,cusip6,ECL 2.75 18-AUG-55,ECL 2.75 18-AUG-55,2.750
US278865BL34,ECL,cusip6,ECL 1.65 01-FEB-27,ECL 1.65 01-FEB-27,1.650
US278865BM17,ECL,cusip6,ECL 2.125 01-FEB-32,ECL 2.125 01-FEB-32,2.125
US278865BN99,ECL,cusip6,ECL 2.7 15-DEC-51,ECL 2.7 15-DEC-51,2.700
US278865BP48,ECL,cusip6,ECL 5.25 15-JAN-28,ECL 5.25 15-JAN-28,5.250
US281020AM97,EIX,name_block,EDISON INTL 4.125% 15Mar2028,EDISON INTL 4.125% 15Mar2028,4.125
US281020AT41,EIX,name_block,EIX 5,EIX 5,
US281020AW79,EIX,name_block,EIX 6.95 15-NOV-29,EIX 6.95 15-NOV-29,6.950
US28176EAD04,EW,cusip6,EDWARDS LIFESCIENCES CORP 4.3% 15Jun2028,EDWARDS LIFESCIENCES CORP 4.3% 15Jun2028,4.300
US285512AE93,EA,cusip6,EA 1.85 15-FEB-31,EA 1.85 15-FEB-31,1.850
US28622HAB78,ELV,name_block,ELV 4.75 15-FEB-33,ELV 4.75 15-FEB-33,4.750
US28622HAC51,ELV,name_block,ELV 5.125 15-FEB-53,ELV 5.125 15-FEB-53,5.125
US291011BP85,EMR,cusip6,EMERSON ELECTRIC CO,EMERSON ELEC CO 0.875% 15Oct2026,0.875
US291011BQ68,EMR,cusip6,EMR 2 21-DEC-28,EMR 2 21-DEC-28,2.000
US291011BR42,EMR,cusip6,EMR 2.2 21-DEC-31,EMR 2.2 21-DEC-31,2.200
US291011BS25,EMR,cusip6,EMR 2.8 21-DEC-51,EMR 2.8 21-DEC-51,2.800
US29364DAT72,ETR,name_block,ENTERGY ARK INC 4.95% 15Dec2044,ENTERGY ARK INC 4.95% 15Dec2044,4.950
US29364DAV29,ETR,name_block,ENTERGY ARK INC 4% 01Jun2028,ENTERGY ARK INC 4% 01Jun2028,4.000
US29364GAJ22,ETR,cusip6,ENTERGY CORP NEW 2.95% 01Sep2026,ENTERGY CORP NEW 2.95% 01Sep2026,2.950
US29364GAN34,ETR,cusip6,ETR 1.9 15-JUN-28,ETR 1.9 15-JUN-28,1.900
US29364GAP81,ETR,cusip6,ETR 2.4 15-JUN-31,ETR 2.4 15-JUN-31,2.400
US29364NAT54,ETR,name_block,ENTERGY MISS INC 2.85% 01Jun2028,ENTERGY MISS INC 2.85% 01Jun2028,2.850
US29364WAV00,ETR,name_block,ENTERGY LA LLC 4.95% 15Jan2045,ENTERGY LA LLC 4.95% 15Jan2045,4.950
US29364WAW82,ETR,name_block,ENTERGY LA LLC 3.25% 01Apr2028,ENTERGY LA LLC 3.25% 01Apr2028,3.250
US29364WAY49,ETR,name_block,ENTERGY LA LLC 2.4% 01Oct2026,ENTERGY LA LLC 2.4% 01Oct2026,2.400
US29364WAZ14,ETR,name_block,ENTERGY LA LLC 3.12% 01Sep2027,ENTERGY LA LLC 3.12% 01Sep2027,3.120
US29364WBA53,ETR,name_block,ENTERGY LA LLC 4% 15Mar2033,ENTERGY LA LLC 4% 15Mar2033,4.000
US29364WBB37,ETR,name_block,ENTERGY LA LLC 4.2% 01Sep2048,ENTERGY LA LLC 4.2% 01Sep2048,4.200
US29364WBH07,ETR,name_block,ETR 2.35 15-JUN-32,ETR 2.35 15-JUN-32,2.350
US29364WBJ62,ETR,name_block,ETR 3.1 15-JUN-41,ETR 3.1 15-JUN-41,3.100
US29365TAF12,ETR,name_block,ENTERGY TEX INC 3.45% 01Dec2027,ENTERGY TEX INC 3.45% 01Dec2027,3.450
US29365TAG94,ETR,name_block,ENTERGY TEX INC 4% 30Mar2029,ENTERGY TEX INC 4% 30Mar2029,4.000
US29365TAH77,ETR,name_block,ENTERGY TEX INC 4.5% 30Mar2039,ENTERGY TEX INC 4.5% 30Mar2039,4.500
US29365TAL89,ETR,name_block,ETR 1.5 01-SEP-26,ETR 1.5 01-SEP-26,1.500
US29365TAM62,ETR,name_block,ETR 5 15-SEP-52,ETR 5 15-SEP-52,5.000
US29366MAC29,ETR,name_block,ETR 3.35 15-JUN-52,ETR 3.35 15-JUN-52,3.350
US29366MAD02,ETR,name_block,ETR 5.15 15-JAN-33,ETR 5.15 15-JAN-33,5.150
US29366WAB28,ETR,name_block,ETR 3.5 01-JUN-51,ETR 3.5 01-JUN-51,3.500
US294429AC99,EFX,cusip6,EQUIFAX INC 6.9% 01Jul2028,EQUIFAX INC 6.9% 01Jul2028,6.900
US294429AG04,EFX,cusip6,EQUIFAX INC 7% 01Jul2037,EQUIFAX INC 7% 01Jul2037,7.000
US294429AT25,EFX,cusip6,EFX 2.35 15-SEP-31,EFX 2.35 15-SEP-31,2.350
US294429AV70,EFX,cusip6,EFX 5.1 15-DEC-27,EFX 5.1 15-DEC-27,5.100
US29444UBE55,EQIX,cusip6,EQUINIX INC,EQUINIX INC 3.2% 18Nov2029,3.200
US29444UBH86,EQIX,cusip6,EQUINIX INC,EQUINIX INC 2.15% 15Jul2030,2.150
US29444UBR68,EQIX,cusip6,EQIX 2 15-MAY-28,EQIX 2 15-MAY-28,2.000
US29444UBS42,EQIX,cusip6,EQUINIX INC,EQUINIX INC 2.5% 15May2031,2.500
US29444UBT25,EQIX,cusip6,EQIX 3.4 15-FEB-52,EQIX 3.4 15-FEB-52,3.400
US29444UBU97,EQIX,cusip6,EQIX 3.9 15-APR-32,EQIX 3.9 15-APR-32,3.900
US29717PAR82,ESS,name_block,ESSEX PORTFOLIO L P 3.625% 01May2027,ESSEX PORTFOLIO L P 3.625% 01May2027,3.625
US29717PAS65,ESS,name_block,ESSEX PORTFOLIO L P 4.5% 15Mar2048,ESSEX PORTFOLIO L P 4.5% 15Mar2048,4.500
US29717PAZ09,ESS,name_block,ESS 2.55 15-JUN-31,ESS 2.55 15-JUN-31,2.550
US29736RAC43,EL,name_block,ESTEE LAUDER COS INC 6% 15May2037,ESTEE LAUDER COS INC 6% 15May2037,6.000
US29736RAG56,EL,name_block,ESTEE LAUDER COS INC 4.375% 15Jun2045,ESTEE LAUDER COS INC 4.375% 15Jun2045,4.375
US29736RAJ95,EL,name_block,ESTEE LAUDER COS INC 3.15% 15Mar2027,ESTEE LAUDER COS INC 3.15% 15Mar2027,3.150
US29736RAK68,EL,name_block,ESTEE LAUDER COS INC 4.15% 15Mar2047,ESTEE LAUDER COS INC 4.15% 15Mar2047,4.150
US29736RAR12,EL,name_block,EL 1.95 15-MAR-31,EL 1.95 15-MAR-31,1.950
US30034WAB28,EVRG,cusip6,EVERGY INC,EVERGY INC 2.9% 15Sep2029,2.900
US30036FAB76,EVRG,name_block,EVRG 5.7 15-MAR-53,EVRG 5.7 15-MAR-53,5.700
US30037FAA84,EVRG,name_block,EVRG 5.15 15-DEC-27,EVRG 5.15 15-DEC-27,5.150
US30040WAE84,ES,name_block,EVERSOURCE ENERGY 3.3% 15Jan2028,EVERSOURCE ENERGY 3.3% 15Jan2028,3.300
US30040WAF59,ES,name_block,EVERSOURCE ENERGY 4.25% 01Apr2029,EVERSOURCE ENERGY 4.25% 01Apr2029,4.250
US30040WAH16,ES,name_block,Eversource Energy 3.45% 15jan2050 USD,Eversource Energy 3.45% 15jan2050 USD,3.450
US30040WAL28,ES,name_block,ES 2.55 15-MAR-31,ES 2.55 15-MAR-31,2.550
US30040WAN83,ES,name_block,ES 1.4 15-AUG-26,ES 1.4 15-AUG-26,1.400
US30040WAP32,ES,name_block,ES 3.375 01-MAR-32,ES 3.375 01-MAR-32,3.375
US30040WAQ15,ES,name_block,ES 2.9 01-MAR-27,ES 2.9 01-MAR-27,2.900
US30040WAR97,ES,name_block,ES 4.6 01-JUL-27,ES 4.6 01-JUL-27,4.600
US30161MAG87,EXC,name_block,EXELON GENERATION CO LLC 6.25% 01Oct2039,EXELON GENERATION CO LLC 6.25% 01Oct2039,6.250
US30161MAJ27,EXC,name_block,EXELON GENERATION CO LLC 5.75% 01Oct2041,EXELON GENERATION CO LLC 5.75% 01Oct2041,5.750
US30161MAN39,EXC,name_block,EXELON GENERATION CO LLC 5.6% 15Jun2042,EXELON GENERATION CO LLC 5.6% 15Jun2042,5.600
US30161NAC56,EXC,cusip6,EXELON CORP 5.625% 15Jun2035,EXELON CORP 5.625% 15Jun2035,5.625
US30161NAQ43,EXC,cusip6,EXELON CORP 4.95% 15Jun2035,EXELON CORP 4.95% 15Jun2035,4.950
US30161NAS09,EXC,cusip6,EXELON CORP 5.1% 15Jun2045,EXELON CORP 5.1% 15Jun2045,5.100
US30161NAV38,EXC,cusip6,EXELON CORP 4.45% 15Apr2046,EXELON CORP 4.45% 15Apr2046,4.450
US30161NAX93,EXC,cusip6,EXELON CORPORATION,EXELON CORP 4.05% 15Apr2030,4.050
US30161NAY76,EXC,cusip6,EXELON CORPORATION,EXELON CORP 4.7% 15Apr2050,4.700
US30161NBE04,EXC,cusip6,EXC 3.35 15-MAR-32,EXC 3.35 15-MAR-32,3.350
US30161NBH35,EXC,cusip6,EXC 4.1 15-MAR-52,EXC 4.1 15-MAR-52,4.100
US30161NBJ90,EXC,cusip6,EXC 5.15 15-MAR-28,EXC 5.15 15-MAR-28,5.150
US30161NBK63,EXC,cusip6,EXC 5.3 15-MAR-33,EXC 5.3 15-MAR-33,5.300
US30161NBL47,EXC,cusip6,EXC 5.6 15-MAR-53,EXC 5.6 15-MAR-53,5.600
US30212PAP09,EXPE,cusip6,EXPEDIA GROUP INC 3.8% 15Feb2028,EXPEDIA GROUP INC 3.8% 15Feb2028,3.800
US30212PAR64,EXPE,cusip6,EXPEDIA INC,EXPEDIA GROUP INC 3.25% 15Feb2030,3.250
US30212PBH73,EXPE,cusip6,EXPEDIA GROUP INC,EXPEDIA GROUP INC 2.95% 15Mar2031,2.950
US30212PBK03,EXPE,cusip6,Expedia Group Inc Aug 2027,EXPEDIA GROUP INC 4.625% 01Aug2027,4.625
US30225VAF40,EXR,name_block,EXR 2.55 01-JUN-31,EXR 2.55 01-JUN-31,2.550
US30225VAG23,EXR,name_block,EXR 2.35 15-MAR-32,EXR 2.35 15-MAR-32,2.350
US30225VAH06,EXR,name_block,EXR 3.9 01-APR-29,EXR 3.9 01-APR-29,3.900
US30231GAN25,XOM,name_block,EXXON MOBIL CORP 3.567% 06Mar2045,EXXON MOBIL CORP 3.567% 06Mar2045,3.567
US30231GAW24,XOM,name_block,EXXON MOBIL CORP 4.114% 01Mar2046,EXXON MOBIL CORP 4.114% 01Mar2046,4.114
US30231GAY89,XOM,name_block,EXXON MOBIL CORP,EXXON MOBIL CORP 2.995% 16Aug2039,2.995
US30231GAZ54,XOM,name_block,EXXON MOBIL CORP,EXXON MOBIL CORP 3.095% 16Aug2049,3.095
US30231GBD34,XOM,name_block,EXXON MOBIL CORP,EXXON MOBIL CORP 2.275% 16Aug2026,2.275
US30231GBE17,XOM,name_block,Exxon Mobil 2.44% 16aug2029 USD,Exxon Mobil 2.44% 16aug2029 USD,2.440
US30231GBF81,XOM,name_block,EXXON MOBIL CORP,EXXON MOBIL CORP 4.227% 19Mar2040,4.227
US30231GBG64,XOM,name_block,EXXON MOBIL CORP,EXXON MOBIL CORP 4.327% 19Mar2050,4.327
US30231GBJ04,XOM,name_block,EXXON MOBIL CORP,EXXON MOBIL CORP 3.294% 19Mar2027,3.294
US30231GBK76,XOM,name_block,EXXON MOBIL CORP,EXXON MOBIL CORP 3.482% 19Mar2030,3.482
US30231GBM33,XOM,name_block,EXXON MOBIL CORP,EXXON MOBIL CORP 3.452% 15Apr2051,3.452
US30231GBN16,XOM,name_block,EXXON MOBIL CORP,EXXON MOBIL CORP 2.61% 15Oct2030,2.610
US302570AW69,NEE,name_block,NEE 6.82136 01-OCT-66,NEE 6.82136 01-OCT-66,6.821
US302570AX43,NEE,name_block,NEE 6.894 15-JUN-67,NEE 6.894 15-JUN-67,6.894
US30303M8G02,META,cusip6,META 3.5 15-AUG-27,"Meta Platforms, 3.5% 15aug2027, USD",3.500
US30303M8H84,META,cusip6,META 3.85 15-AUG-32,META 3.85 15-AUG-32,3.850
US30303M8J41,META,cusip6,META 4.45 15-AUG-52,META 4.45 15-AUG-52,4.450
US30303M8K14,META,cusip6,META 4.65 15-AUG-62,META 4.65 15-AUG-62,4.650
US303075AA30,FDS,cusip6,FDS 2.9 01-MAR-27,FDS 2.9 01-MAR-27,2.900
US303075AB13,FDS,cusip6,FDS 3.45 01-MAR-32,FDS 3.45 01-MAR-32,3.450
US303250AF16,FICO,cusip6,Fair Isaac 4% 15jun2028 USD,Fair Isaac 4% 15jun2028 USD,4.000
US313747AV99,FRT,cusip6,FEDERAL RLTY INVT TR 4.5% 01Dec2044,FEDERAL RLTY INVT TR 4.5% 01Dec2044,4.500
US313747AY39,FRT,cusip6,FEDERAL RLTY INVT TR 3.25% 15Jul2027,FEDERAL RLTY INVT TR 3.25% 15Jul2027,3.250
US31428XAT37,FDX,name_block,FEDEX CORP 3.875% 01Aug2042,FEDEX CORP 3.875% 01Aug2042,3.875
US31428XAU00,FDX,name_block,FEDEX CORP 4.1% 15Apr2043,FEDEX CORP 4.1% 15Apr2043,4.100
US31428XAW65,FDX,name_block,FEDEX CORP 5.1% 15Jan2044,FEDEX CORP 5.1% 15Jan2044,5.100
US31428XAX49,FDX,name_block,FEDEX CORP 4.9% 15Jan2034,FEDEX CORP 4.9% 15Jan2034,4.900
US31428XBA37,FDX,name_block,FEDEX CORP 3.9% 01Feb2035,FEDEX CORP 3.9% 01Feb2035,3.900
US31428XBB10,FDX,name_block,FEDEX CORP 4.1% 01Feb2045,FEDEX CORP 4.1% 01Feb2045,4.100
US31428XBD75,FDX,name_block,FEDEX CORP 4.5% 01Feb2065,FEDEX CORP 4.5% 01Feb2065,4.500
US31428XBE58,FDX,name_block,FEDEX CORP 4.75% 15Nov2045,FEDEX CORP 4.75% 15Nov2045,4.750
US31428XBG07,FDX,name_block,FEDEX CORP 4.55% 01Apr2046,FEDEX CORP 4.55% 01Apr2046,4.550
US31428XBN57,FDX,name_block,FEDEX CORP 4.4% 15Jan2047,FEDEX CORP 4.4% 15Jan2047,4.400
US31428XBP06,FDX,name_block,FEDEX CORP 3.4% 15Feb2028,FEDEX CORP 3.4% 15Feb2028,3.400
US31428XBQ88,FDX,name_block,FEDEX CORP 4.05% 15Feb2048,FEDEX CORP 4.05% 15Feb2048,4.050
US31428XBR61,FDX,name_block,FEDEX CORP 4.2% 17Oct2028,FEDEX CORP 4.2% 17Oct2028,4.200
US31428XBS45,FDX,name_block,FEDEX CORP 4.95% 17Oct2048,FEDEX CORP 4.95% 17Oct2048,4.950
US31428XBV73,FDX,name_block,FedEx Corp 3.1% Aug 2029,FEDEX CORP 3.1% 05Aug2029,3.100
US31428XBZ87,FDX,name_block,FEDEX CORP,FEDEX CORP 4.25% 15May2030,4.250
US31428XCA28,FDX,name_block,FEDEX CORP,FEDEX CORP 5.25% 15May2050,5.250
US31428XCD66,FDX,name_block,FEDEX CORP,FEDEX CORP 2.4% 15May2031,2.400
US31428XCE40,FDX,name_block,FEDEX CORP,FEDEX CORP 3.25% 15May2041,3.250
US314353AA14,FDX,name_block,FDX 1.875 20-FEB-34,FDX 1.875 20-FEB-34,1.875
US314382AA01,CEG,name_block,CEG 3.046 31-JAN-27,CEG 3.046 31-JAN-27,3.046
US31620MBS44,FIS,name_block,FIDELITY NATIONAL INFORMATION SERV,FIDELITY NATL INFORMATION SVCS INC 1.65% 01Mar2028,1.650
US31620MBT27,FIS,name_block,FIDELITY NATIONAL INFORMATION SERV,FIDELITY NATL INFORMATION SVCS INC 2.25% 01Mar2031,2.250
US31620MBU99,FIS,name_block,FIDELITY NATIONAL INFORMATION SERV,FIDELITY NATL INFORMATION SVCS INC 3.1% 01Mar2041,3.100
US31620MBW55,FIS,name_block,FIS 4.7 15-JUL-27,FIS 4.7 15-JUL-27,4.700
US31620MBY12,FIS,name_block,FIS 5.1 15-JUL-32,FIS 5.1 15-JUL-32,5.100
US316773CH12,FITB,cusip6,FIFTH THIRD BANCORP 8.25% 01Mar2038,FIFTH THIRD BANCORP 8.25% 01Mar2038,8.250
US316773CM07,FITB,cusip6,FITB 5.1,FITB 5.1,
US316773CR93,FITB,cusip6,FITB 7.88286,FITB 7.88286,
US316773CV06,FITB,cusip6,FIFTH THIRD BANCORP 3.95% 14Mar2028,FIFTH THIRD BANCORP 3.95% 14Mar2028,3.950
US316773DA59,FITB,cusip6,FIFTH THIRD BANCORP,FIFTH THIRD BANCORP 2.55% 05May2027,2.550
US316773DD98,FITB,cusip6,FITB 1.707 01-NOV-27,FITB 1.707 01-NOV-27,1.707
US316773DE71,FITB,cusip6,FITB 4.055 25-APR-28,FITB 4.055 25-APR-28,4.055
US316773DF47,FITB,cusip6,FITB 4.337 25-APR-33,FITB 4.337 25-APR-33,4.337
US316773DG20,FITB,cusip6,FITB 4.772 28-JUL-30,FITB 4.772 28-JUL-30,4.772
US316773DJ68,FITB,cusip6,FITB 6.361 27-OCT-28,FITB 6.361 27-OCT-28,6.361
US337738AR95,FISV,name_block,FISERV INC 4.2% 01Oct2028,FISERV INC 4.2% 01Oct2028,4.200
US337738AU25,FISV,name_block,Fiserv 3.5% 1jul2029 USD,Fiserv 3.5% 1jul2029 USD,3.500
US337738AV08,FISV,name_block,Fiserv 4.4% 1jul2049 USD,Fiserv 4.4% 1jul2049 USD,4.400
US337738BB35,FISV,name_block,FISERV INC,FISERV INC 2.25% 01Jun2027,2.250
US337738BC18,FISV,name_block,FISERV INC,FISERV INC 2.65% 01Jun2030,2.650
US337738BD90,FISV,name_block,FISV 5.45 02-MAR-28,FISV 5.45 02-MAR-28,5.450
US337738BE73,FISV,name_block,FISV 5.6 02-MAR-33,FISV 5.6 02-MAR-33,5.600
US337932AH00,FE,cusip6,FIRSTENERGY CORP 3.9% 15Jul2027,FIRSTENERGY CORP 4.15% 15Jul2027,4.150
US33830GAA94,PRU,name_block,PRU 5.791 15-FEB-33,PRU 5.791 15-FEB-33,5.791
US33835PAA49,PRU,name_block,PRU 5.997 15-FEB-53,PRU 5.997 15-FEB-53,5.997
US338915AH41,BAC,name_block,BANK OF AMERICA  CORP 6.875% 15Jan2028,BANK OF AMERICA  CORP 6.875% 15Jan2028,6.875
US338915AM36,BAC,name_block,BANK OF AMERICA  CORP 6.7% 15Jul2028,BANK OF AMERICA  CORP 6.7% 15Jul2028,6.700
US33938XAE58,FLEX,name_block,FLEX 6 15-JAN-28,FLEX 6 15-JAN-28,6.000
US341081EQ63,NEE,name_block,FLORIDA PWR & LT CO 5.625% 01Apr2034,FLORIDA PWR & LT CO 5.625% 01Apr2034,5.625
US341081ER47,NEE,name_block,FLORIDA PWR & LT CO 5.95% 01Oct2033,FLORIDA PWR & LT CO 5.95% 01Oct2033,5.950
US341081ET03,NEE,name_block,FLORIDA PWR & LT CO 4.95% 01Jun2035,FLORIDA PWR & LT CO 4.95% 01Jun2035,4.950
US341081EV58,NEE,name_block,FLORIDA PWR & LT CO 5.65% 01Feb2037,FLORIDA PWR & LT CO 5.65% 01Feb2037,5.650
US341081FA03,NEE,name_block,FLORIDA PWR & LT CO 5.95% 01Feb2038,FLORIDA PWR & LT CO 5.95% 01Feb2038,5.950
US341081FB85,NEE,name_block,FLORIDA PWR & LT CO 5.96% 01Apr2039,FLORIDA PWR & LT CO 5.96% 01Apr2039,5.960
US341081FC68,NEE,name_block,FLORIDA PWR & LT CO 5.69% 01Mar2040,FLORIDA PWR & LT CO 5.69% 01Mar2040,5.690
US341081FD42,NEE,name_block,FLORIDA PWR & LT CO 5.25% 01Feb2041,FLORIDA PWR & LT CO 5.25% 01Feb2041,5.250
US341081FF99,NEE,name_block,FLORIDA PWR & LT CO 4.125% 01Feb2042,FLORIDA PWR & LT CO 4.125% 01Feb2042,4.125
US341081FG72,NEE,name_block,FLORIDA PWR & LT CO 4.05% 01Jun2042,FLORIDA PWR & LT CO 4.05% 01Jun2042,4.050
US341081FH55,NEE,name_block,FLORIDA PWR & LT CO 3.8% 15Dec2042,FLORIDA PWR & LT CO 3.8% 15Dec2042,3.800
US341081FL67,NEE,name_block,FLORIDA PWR & LT CO 4.05% 01Oct2044,FLORIDA PWR & LT CO 4.05% 01Oct2044,4.050
US341081FP71,NEE,name_block,FLORIDA PWR & LT CO 3.7% 01Dec2047,FLORIDA PWR & LT CO 3.7% 01Dec2047,3.700
US341081FQ54,NEE,name_block,FLORIDA PWR & LT CO 3.95% 01Mar2048,FLORIDA PWR & LT CO 3.95% 01Mar2048,3.950
US341081FR38,NEE,name_block,FLORIDA PWR & LT CO 4.125% 01Jun2048,FLORIDA PWR & LT CO 4.125% 01Jun2048,4.125
US341081FX06,NEE,name_block,FLORIDA POWER & LIGHT CO,FLORIDA PWR & LT CO 3.15% 01Oct2049,3.150
US341081GE16,NEE,name_block,NEE 2.875 04-DEC-51,NEE 2.875 04-DEC-51,2.875
US341081GG63,NEE,name_block,NEE 2.45 03-FEB-32,NEE 2.45 03-FEB-32,2.450
US341081GK75,NEE,name_block,NEE 5.05 01-APR-28,NEE 5.05 01-APR-28,5.050
US341081GL58,NEE,name_block,NEE 5.1 01-APR-33,NEE 5.1 01-APR-33,5.100
US341081GM32,NEE,name_block,NEE 5.3 01-APR-53,NEE 5.3 01-APR-53,5.300
US345370BM12,F,cusip6,FORD MTR CO DEL 7.75% 15Jun2043,FORD MTR CO DEL 7.75% 15Jun2043,7.750
US345370BP43,F,cusip6,FORD MTR CO DEL 7.5% 01Aug2026,FORD MTR CO DEL 7.5% 01Aug2026,7.500
US345370BR09,F,cusip6,FORD MTR CO DEL 7.4% 01Nov2046,FORD MTR CO DEL 7.4% 01Nov2046,7.400
US345370BS81,F,cusip6,FORD MTR CO DEL 7.7% 15May2097,FORD MTR CO DEL 7.7% 15May2097,7.700
US345370BT64,F,cusip6,FORD MTR CO DEL 6.625% 15Feb2028,FORD MTR CO DEL 6.625% 15Feb2028,6.625
US345370BV11,F,cusip6,FORD MTR CO DEL 8.9% 15Jan2032,FORD MTR CO DEL 8.9% 15Jan2032,8.900
US345370BW93,F,cusip6,FORD MTR CO DEL 9.98% 15Feb2047,FORD MTR CO DEL 9.98% 15Feb2047,9.980
US345370BY59,F,cusip6,FORD MTR CO DEL 6.625% 01Oct2028,FORD MTR CO DEL 6.625% 01Oct2028,6.625
US345370BZ25,F,cusip6,FORD MTR CO DEL 6.375% 01Feb2029,FORD MTR CO DEL 6.375% 01Feb2029,6.375
US345370CA64,F,cusip6,FORD MTR CO DEL 7.45% 16Jul2031,FORD MTR CO DEL 7.45% 16Jul2031,7.450
US345370CQ17,F,cusip6,FORD MTR CO DEL 4.75% 15Jan2043,FORD MTR CO DEL 4.75% 15Jan2043,4.750
US345370CR99,F,cusip6,Ford Motor Co. 4346% 16/26,FORD MTR CO DEL 4.346% 08Dec2026,4.346
US345370CS72,F,cusip6,FORD MTR CO DEL 5.291% 08Dec2046,FORD MTR CO DEL 5.291% 08Dec2046,5.291
US345370CX67,F,cusip6,Ford 9.625% 22apr2025 USD,Ford 9.625% 22apr2025 USD,9.625
US345370DB39,F,cusip6,Ford Motor Co. 61% 22/32,Ford Motor Co. 61% 22/32,61.000
US345397A456,F,name_block,Ford Motor Credit Company 4.271% 9jan2027 USD,Ford Motor Credit Company 4.271% 9jan2027 USD,4.271
US345397A860,F,name_block,FORD MTR CR CO LLC 4.125% 17Aug2027,FORD MTR CR CO LLC 4.125% 17Aug2027,4.125
US345397C353,F,name_block,F 7.35 04-NOV-27,F 7.35 04-NOV-27,7.350
US345397C684,F,name_block,F 7.35 06-MAR-30,F 7.35 06-MAR-30,7.350
US345397YT41,F,name_block,FORD MTR CR CO LLC 3.815% 02Nov2027,FORD MTR CR CO LLC 3.815% 02Nov2027,3.815
US345397ZR75,F,name_block,Ford Motor Credit Company 5.113% 3may2029 USD,Ford Motor Credit Company 5.113% 3may2029 USD,5.113
US34540TNN80,F,name_block,Ford Motor Credit Company 3.4% 20sep2026,Ford Motor Credit Company 3.4% 20sep2026,3.400
US34540TNR94,F,name_block,FORD MTR CR CO LLC MEDIUM TERM NTS BOOK 3.5% 20Sep2026,FORD MTR CR CO LLC MEDIUM TERM NTS BOOK 3.5% 20Sep2026,3.500
US34540TQE54,F,name_block,FORD MTR CR CO LLC MEDIUM TERM NTS BOOK 4% 20May2027,FORD MTR CR CO LLC MEDIUM TERM NTS BOOK 4% 20May2027,4.000
US34959EAB56,FTNT,cusip6,FTNT 2.2 15-MAR-31,FTNT 2.2 15-MAR-31,2.200
US34959JAH14,FTV,cusip6,FORTIVE CORP 4.3% 15Jun2046,FORTIVE CORP 4.3% 15Jun2046,4.300
US35137LAH87,FOX,cusip6,FOX CORP,FOX CORP 4.709% 25Jan2029,4.709
US35137LAJ44,FOX,cusip6,FOX CORP,FOX CORP 5.476% 25Jan2039,5.476
US35137LAK17,FOX,cusip6,FOX CORP,FOX CORP 5.576% 25Jan2049,5.576
US35671DBC83,FCX,cusip6,Freeport-McMoRan 5.45% 15mar2043 USD,Freeport-McMoRan 5.45% 15mar2043 USD,5.450
US35671DBJ37,FCX,cusip6,Freeport-McMoRan 5.4% 14nov2034 USD,Freeport-McMoRan 5.4% 14nov2034 USD,5.400
US35671DCC74,FCX,cusip6,Freeport-McMoRan 5% 1sep2027 USD,Freeport-McMoRan 5% 1sep2027 USD,5.000
US35671DCD57,FCX,cusip6,FREEPORT-MCMORAN INC 5.25% 01Sep2029,FREEPORT-MCMORAN INC 5.25% 01Sep2029,5.250
US35671DCE31,FCX,cusip6,Freeport-McMoRan 4.125% 1mar2028 USD,Freeport-McMoRan 4.125% 1mar2028 USD,4.125
US35671DCF06,FCX,cusip6,Freeport-McMoRan 4.25% 1mar2030 USD,Freeport-McMoRan 4.25% 1mar2030 USD,4.250
US35671DCG88,FCX,cusip6,FREEPORT-MCMORAN INC 4.375% 01Aug2028,FREEPORT-MCMORAN INC 4.375% 01Aug2028,4.375
US35671DCH61,FCX,cusip6,FREEPORT-MCMORAN INC 4.625% 01Aug2030,FREEPORT-MCMORAN INC 4.625% 01Aug2030,4.625
US363576AB52,AJG,cusip6,AJG 3.5 20-MAY-51,AJG 3.5 20-MAY-51,3.500
US366651AC11,IT,cusip6,Gartner 4.5% 1jul2028 USD,GARTNER INC 4.5% 01Jul2028,4.500
US366651AE76,IT,cusip6,GARTNER INC 3.75% 01Oct2030,GARTNER INC 3.75% 01Oct2030,3.750
US369550AX61,GD,cusip6,GENERAL DYNAMICS CORP 2.125% 15Aug2026,GENERAL DYNAMICS CORP 2.125% 15Aug2026,2.125
US369550AZ10,GD,cusip6,GENERAL DYNAMICS CORP 2.625% 15Nov2027,GENERAL DYNAMICS CORP 2.625% 15Nov2027,2.625
US369550BC16,GD,cusip6,GENERAL DYNAMICS CORP 3.75% 15May2028,GENERAL DYNAMICS CORP 3.75% 15May2028,3.750
US369550BH03,GD,cusip6,GENERAL DYNAMICS CORPORATION,GENERAL DYNAMICS CORP 4.25% 01Apr2040,4.250
US369550BJ68,GD,cusip6,GENERAL DYNAMICS CORPORATION,GENERAL DYNAMICS CORP 4.25% 01Apr2050,4.250
US369550BL15,GD,cusip6,GENERAL DYNAMICS CORPORATION,GENERAL DYNAMICS CORP 3.5% 01Apr2027,3.500
US369550BM97,GD,cusip6,GENERAL DYNAMICS CORPORATION,GENERAL DYNAMICS CORP 3.625% 01Apr2030,3.625
US369550BQ02,GD,cusip6,GD 2.85 01-JUN-41,GD 2.85 01-JUN-41,2.850
US369604BF92,GE,cusip6,GENERAL ELEC CO 4.125% 09Oct2042,GENERAL ELEC CO 4.125% 09Oct2042,4.125
US369604BH58,GE,cusip6,GENERAL ELEC CO 4.5% 11Mar2044,GENERAL ELEC CO 4.5% 11Mar2044,4.500
US369604BV43,GE,cusip6,GENERAL ELECTRIC CO,GENERAL ELEC CO 3.45% 01May2027,3.450
US369604BW26,GE,cusip6,GENERAL ELECTRIC CO,GENERAL ELEC CO 3.625% 01May2030,3.625
US369604BY81,GE,cusip6,GENERAL ELECTRIC CO,GENERAL ELEC CO 4.35% 01May2050,4.350
US370334BJ28,GIS,cusip6,GENERAL MLS INC 5.4% 15Jun2040,GENERAL MLS INC 5.4% 15Jun2040,5.400
US370334CG79,GIS,cusip6,GENERAL MLS INC 4.2% 17Apr2028,GENERAL MLS INC 4.2% 17Apr2028,4.200
US370334CH52,GIS,cusip6,GENERAL MLS INC 4.55% 17Apr2038,GENERAL MLS INC 4.55% 17Apr2038,4.550
US370334CL64,GIS,cusip6,GENERAL MILLS INC,GENERAL MLS INC 2.875% 15Apr2030,2.875
US370334CP78,GIS,cusip6,GIS 3 01-FEB-51,GIS 3 01-FEB-51,3.000
US370334CQ51,GIS,cusip6,GIS 2.25 14-OCT-31,GIS 2.25 14-OCT-31,2.250
US37045VAF76,GM,cusip6,GENERAL MTRS CO 6.25% 02Oct2043,GENERAL MTRS CO 6.25% 02Oct2043,6.250
US37045VAH33,GM,cusip6,GENERAL MTRS CO 5% 01Apr2035,GENERAL MTRS CO 5% 01Apr2035,5.000
US37045VAJ98,GM,cusip6,GENERAL MTRS CO 5.2% 01Apr2045,GENERAL MTRS CO 5.2% 01Apr2045,5.200
US37045VAK61,GM,cusip6,GENERAL MTRS CO 6.6% 01Apr2036,GENERAL MTRS CO 6.6% 01Apr2036,6.600
US37045VAL45,GM,cusip6,GENERAL MTRS CO 6.75% 01Apr2046,GENERAL MTRS CO 6.75% 01Apr2046,6.750
US37045VAN01,GM,cusip6,GENERAL MTRS CO 4.2% 01Oct2027,GENERAL MTRS CO 4.2% 01Oct2027,4.200
US37045VAP58,GM,cusip6,GENERAL MTRS CO 5.15% 01Apr2038,GENERAL MTRS CO 5.15% 01Apr2038,5.150
US37045VAQ32,GM,cusip6,GENERAL MTRS CO 5.4% 01Apr2048,GENERAL MTRS CO 5.4% 01Apr2048,5.400
US37045VAS97,GM,cusip6,GENERAL MTRS CO 5% 01Oct2028,GENERAL MTRS CO 5% 01Oct2028,5.000
US37045VAT70,GM,cusip6,GENERAL MTRS CO 5.95% 01Apr2049,GENERAL MTRS CO 5.95% 01Apr2049,5.950
US37045VAU44,GM,cusip6,General Motors 6.8% 1oct2027 USD,General Motors 6.8% 1oct2027 USD,6.800
US37045VAY65,GM,cusip6,GM 5.4 15-OCT-29,GM 5.4 15-OCT-29,5.400
US37045VAZ31,GM,cusip6,GM 5.6 15-OCT-32,GM 5.6 15-OCT-32,5.600
US37045XBT28,GM,name_block,GENERAL MTRS FINL CO INC 4.35% 17Jan2027,GENERAL MTRS FINL CO INC 4.35% 17Jan2027,4.350
US37045XCA28,GM,name_block,GM 5.75,GM 5.75,
US37045XCG97,GM,name_block,GENERAL MTRS FINL CO INC 3.85% 05Jan2028,GENERAL MTRS FINL CO INC 3.85% 05Jan2028,3.850
US37045XCM65,GM,name_block,GM 6.5,GM 6.5,
US37045XCS36,GM,name_block,GENERAL MTRS FINL CO INC 5.65% 17Jan2029,GENERAL MTRS FINL CO INC 5.65% 17Jan2029,5.650
US37045XCY04,GM,name_block,GENERAL MOTORS FINANCIAL CO INC,GENERAL MTRS FINL CO INC 3.6% 21Jun2030,3.600
US37045XDA19,GM,name_block,GENERAL MOTORS FINANCIAL CO INC,GENERAL MTRS FINL CO INC 2.7% 20Aug2027,2.700
US37045XDB91,GM,name_block,GM 5.7,GM 5.7,
US37045XDE31,GM,name_block,GENERAL MOTORS FINANCIAL CO INC,GENERAL MTRS FINL CO INC 2.35% 08Jan2031,2.350
US37045XDH61,GM,name_block,GENERAL MOTORS FINANCIAL CO INC,GENERAL MTRS FINL CO INC 2.4% 10Apr2028,2.400
US37045XDL73,GM,name_block,GENERAL MOTORS FINANCIAL CO INC,GENERAL MTRS FINL CO INC 2.7% 10Jun2031,2.700
US37045XDP87,GM,name_block,GM 2.4 15-OCT-28,GM 2.4 15-OCT-28,2.400
US37045XDQ60,GM,name_block,GM 5.615434 26-FEB-27,GM 5.615434 26-FEB-27,5.615
US37045XDR44,GM,name_block,GM 2.35 26-FEB-27,GM 2.35 26-FEB-27,2.350
US37045XDS27,GM,name_block,GM 3.1 12-JAN-32,GM 3.1 12-JAN-32,3.100
US37045XDV55,GM,name_block,GM 4.3 06-APR-29,GM 4.3 06-APR-29,4.300
US37045XDW39,GM,name_block,General Motors Financial Co. Inc. 5% 22/27,General Motors Financial Co. Inc. 5% 22/27,5.000
US37045XEB82,GM,name_block,GM 6 09-JAN-28,GM 6 09-JAN-28,6.000
US37045XED49,GM,name_block,GM 6.4 09-JAN-33,GM 6.4 09-JAN-33,6.400
US372460AC93,GPC,cusip6,GPC 2.75 01-FEB-32,GPC 2.75 01-FEB-32,2.750
US373334JS15,SO,name_block,GEORGIA PWR CO 4.75% 01Sep2040,GEORGIA PWR CO 4.75% 01Sep2040,4.750
US373334JW27,SO,name_block,GEORGIA PWR CO 4.3% 15Mar2042,GEORGIA PWR CO 4.3% 15Mar2042,4.300
US373334KA87,SO,name_block,GEORGIA PWR CO 4.3% 15Mar2043,GEORGIA PWR CO 4.3% 15Mar2043,4.300
US373334KH31,SO,name_block,GEORGIA PWR CO 3.25% 30Mar2027,GEORGIA PWR CO 3.25% 30Mar2027,3.250
US373334KP56,SO,name_block,GEORGIA POWER COMPANY,GEORGIA PWR CO 3.25% 15Mar2051,3.250
US373334KQ30,SO,name_block,SO 4.7 15-MAY-32,SO 4.7 15-MAY-32,4.700
US373334KR13,SO,name_block,SO 5.125 15-MAY-52,SO 5.125 15-MAY-52,5.125
US375558AS26,GILD,cusip6,GILEAD SCIENCES INC 5.65% 01Dec2041,GILEAD SCIENCES INC 5.65% 01Dec2041,5.650
US375558AX11,GILD,cusip6,GILEAD SCIENCES INC 4.8% 01Apr2044,GILEAD SCIENCES INC 4.8% 01Apr2044,4.800
US375558BA09,GILD,cusip6,GILEAD SCIENCES INC 4.5% 01Feb2045,GILEAD SCIENCES INC 4.5% 01Feb2045,4.500
US375558BD48,GILD,cusip6,GILEAD SCIENCES INC 4.75% 01Mar2046,GILEAD SCIENCES INC 4.75% 01Mar2046,4.750
US375558BG78,GILD,cusip6,GILEAD SCIENCES INC 4.6% 01Sep2035,GILEAD SCIENCES INC 4.6% 01Sep2035,4.600
US375558BJ18,GILD,cusip6,GILEAD SCIENCES INC 4% 01Sep2036,GILEAD SCIENCES INC 4% 01Sep2036,4.000
US375558BK80,GILD,cusip6,GILEAD SCIENCES INC 4.15% 01Mar2047,GILEAD SCIENCES INC 4.15% 01Mar2047,4.150
US375558BM47,GILD,cusip6,GILEAD SCIENCES INC 2.95% 01Mar2027,GILEAD SCIENCES INC 2.95% 01Mar2027,2.950
US375558BS17,GILD,cusip6,GILEAD SCIENCES INC,GILEAD SCIENCES INC 2.6% 01Oct2040,2.600
US375558BT99,GILD,cusip6,GILEAD SCIENCES INC,GILEAD SCIENCES INC 2.8% 01Oct2050,2.800
US375558BX02,GILD,cusip6,GILEAD SCIENCES INC,GILEAD SCIENCES INC 1.2% 01Oct2027,1.200
US375558BY84,GILD,cusip6,GILEAD SCIENCES INC,GILEAD SCIENCES INC 1.65% 01Oct2030,1.650
US37940XAB82,GPN,cusip6,Global Payments 3.2% 15aug2029 USD,GLOBAL PMTS INC 3.2% 15Aug2029,3.200
US37940XAC65,GPN,cusip6,Global Payments 4.15% 15aug2049 USD,GLOBAL PMTS INC 4.15% 15Aug2049,4.150
US37940XAD49,GPN,cusip6,GLOBAL PAYMENTS INC,GLOBAL PMTS INC 2.9% 15May2030,2.900
US37940XAG79,GPN,cusip6,GPN 2.15 15-JAN-27,GPN 2.15 15-JAN-27,2.150
US37940XAH52,GPN,cusip6,GPN 2.9 15-NOV-31,GPN 2.9 15-NOV-31,2.900
US37940XAN21,GPN,cusip6,GPN 5.3 15-AUG-29,GPN 5.3 15-AUG-29,5.300
US37940XAP78,GPN,cusip6,GPN 4.95 15-AUG-27,GPN 4.95 15-AUG-27,4.950
US37940XAQ51,GPN,cusip6,GPN 5.4 15-AUG-32,GPN 5.4 15-AUG-32,5.400
US37940XAR35,GPN,cusip6,GPN 5.95 15-AUG-52,GPN 5.95 15-AUG-52,5.950
US37959EAB83,GL,cusip6,GL 4.8 15-JUN-32,GL 4.8 15-JUN-32,4.800
US38141E2B48,GS,name_block,GOLDMAN SACHS GROUP INC MEDIUM TERM NTS 5.5% 15May2037,GOLDMAN SACHS GROUP INC MEDIUM TERM NTS 5.5% 15May2037,5.500
US38141E2E86,GS,name_block,GOLDMAN SACHS GROUP INC MEDIUM TERM NTS 5.75% 15May2039,GOLDMAN SACHS GROUP INC MEDIUM TERM NTS 5.75% 15May2039,5.750
US38141E2H18,GS,name_block,GOLDMAN SACHS GROUP INC MEDIUM TERM NTS 5.25% 15Dec2032,GOLDMAN SACHS GROUP INC MEDIUM TERM NTS 5.25% 15Dec2032,5.250
US38141E2V02,GS,name_block,GOLDMAN SACHS GROUP INC MEDIUM TERM NTS 5.5% 15Feb2031,GOLDMAN SACHS GROUP INC MEDIUM TERM NTS 5.5% 15Feb2031,5.500
US38141E2Y41,GS,name_block,GOLDMAN SACHS GROUP INC MEDIUM TERM NTS 5.75% 15Feb2037,GOLDMAN SACHS GROUP INC MEDIUM TERM NTS 5.75% 15Feb2037,5.750
US38141E3B39,GS,name_block,GOLDMAN SACHS GROUP INC MEDIUM TERM NTS 5.75% 15Feb2038,GOLDMAN SACHS GROUP INC MEDIUM TERM NTS 5.75% 15Feb2038,5.750
US38141E3S63,GS,name_block,GOLDMAN SACHS GROUP INC MEDIUM TERM NTS 5% 15Nov2030,GOLDMAN SACHS GROUP INC MEDIUM TERM NTS 5% 15Nov2030,5.000
US38141E3V92,GS,name_block,GOLDMAN SACHS GROUP INC MEDIUM TERM NTS 5.25% 15Nov2033,GOLDMAN SACHS GROUP INC MEDIUM TERM NTS 5.25% 15Nov2033,5.250
US38141E3Y32,GS,name_block,GOLDMAN SACHS GROUP INC MEDIUM TERM NTS 5.5% 15Nov2037,GOLDMAN SACHS GROUP INC MEDIUM TERM NTS 5.5% 15Nov2037,5.500
US38141EC311,GS,name_block,GOLDMAN SACHS GROUP INC MEDIUM TERM NTS 4.8% 08Jul2044,GOLDMAN SACHS GROUP INC MEDIUM TERM NTS 4.8% 08Jul2044,4.800
US38141ED483,GS,name_block,GOLDMAN SACHS GROUP INC MEDIUM TERM NTS 5.5% 15Jun2030,GOLDMAN SACHS GROUP INC MEDIUM TERM NTS 5.5% 15Jun2030,5.500
US38141ED897,GS,name_block,GOLDMAN SACHS GROUP INC MEDIUM TERM NTS 5.25% 15Jun2033,GOLDMAN SACHS GROUP INC MEDIUM TERM NTS 5.25% 15Jun2033,5.250
US38141EE473,GS,name_block,GOLDMAN SACHS GROUP INC MEDIUM TERM NTS 5% 15Aug2037,GOLDMAN SACHS GROUP INC MEDIUM TERM NTS 5% 15Aug2037,5.000
US38141EE887,GS,name_block,GOLDMAN SACHS GROUP INC MEDIUM TERM NTS 4.75% 15Aug2033,GOLDMAN SACHS GROUP INC MEDIUM TERM NTS 4.75% 15Aug2033,4.750
US38141EF462,GS,name_block,GOLDMAN SACHS GROUP INC MEDIUM TERM NTS 4.75% 15Aug2033,GOLDMAN SACHS GROUP INC MEDIUM TERM NTS 4.75% 15Aug2033,4.750
US38141EF876,GS,name_block,GOLDMAN SACHS GROUP INC MEDIUM TERM NTS 4.5% 15Aug2027,GOLDMAN SACHS GROUP INC MEDIUM TERM NTS 4.5% 15Aug2027,4.500
US38141EG452,GS,name_block,GOLDMAN SACHS GROUP INC MEDIUM TERM NTS 5% 15Aug2042,GOLDMAN SACHS GROUP INC MEDIUM TERM NTS 5% 15Aug2042,5.000
US38141EG866,GS,name_block,GOLDMAN SACHS GROUP INC MEDIUM TERM NTS 4.75% 15Sep2037,GOLDMAN SACHS GROUP INC MEDIUM TERM NTS 4.75% 15Sep2037,4.750
US38141EJ670,GS,name_block,GOLDMAN SACHS GROUP INC MEDIUM TERM NTS 4.3% 15Nov2032,GOLDMAN SACHS GROUP INC MEDIUM TERM NTS 4.3% 15Nov2032,4.300
US38141EK249,GS,name_block,GOLDMAN SACHS GROUP INC MEDIUM TERM NTS 4.25% 15Nov2032,GOLDMAN SACHS GROUP INC MEDIUM TERM NTS 4.25% 15Nov2032,4.250
US38141EM484,GS,name_block,GOLDMAN SACHS GROUP INC MEDIUM TERM NTS 5.35% 15Feb2032,GOLDMAN SACHS GROUP INC MEDIUM TERM NTS 5.35% 15Feb2032,5.350
US38141EM716,GS,name_block,GOLDMAN SACHS GROUP INC MEDIUM TERM NTS 5.5% 15Mar2032,GOLDMAN SACHS GROUP INC MEDIUM TERM NTS 5.5% 15Mar2032,5.500
US38141EN219,GS,name_block,GOLDMAN SACHS GROUP INC MEDIUM TERM NTS 5.5% 15Mar2032,GOLDMAN SACHS GROUP INC MEDIUM TERM NTS 5.5% 15Mar2032,5.500
US38141EP529,GS,name_block,GOLDMAN SACHS GROUP INC MEDIUM TERM NTS 5.75% 15May2036,GOLDMAN SACHS GROUP INC MEDIUM TERM NTS 5.75% 15May2036,5.750
US38141EP867,GS,name_block,GOLDMAN SACHS GROUP INC MEDIUM TERM NTS 5.5% 15May2037,GOLDMAN SACHS GROUP INC MEDIUM TERM NTS 5.5% 15May2037,5.500
US38141EQ931,GS,name_block,GOLDMAN SACHS GROUP INC MEDIUM TERM NTS 5.85% 15Jun2032,GOLDMAN SACHS GROUP INC MEDIUM TERM NTS 5.85% 15Jun2032,5.850
US38141ES671,GS,name_block,GOLDMAN SACHS GROUP INC MEDIUM TERM NTS 5.75% 15Nov2031,GOLDMAN SACHS GROUP INC MEDIUM TERM NTS 5.75% 15Nov2031,5.750
US38141ET828,GS,name_block,GOLDMAN SACHS GROUP INC MEDIUM TERM NTS 5.25% 15Sep2026,GOLDMAN SACHS GROUP INC MEDIUM TERM NTS 5.25% 15Sep2026,5.250
US38141ET901,GS,name_block,GOLDMAN SACHS GROUP INC MEDIUM TERM NTS 6% 15Sep2041,GOLDMAN SACHS GROUP INC MEDIUM TERM NTS 6% 15Sep2041,6.000
US38141EU495,GS,name_block,GOLDMAN SACHS GROUP INC MEDIUM TERM NTS 5.75% 15Sep2041,GOLDMAN SACHS GROUP INC MEDIUM TERM NTS 5.75% 15Sep2041,5.750
US38141EU560,GS,name_block,GOLDMAN SACHS GROUP INC MEDIUM TERM NTS 5.5% 15Sep2036,GOLDMAN SACHS GROUP INC MEDIUM TERM NTS 5.5% 15Sep2036,5.500
US38141EV634,GS,name_block,GOLDMAN SACHS GROUP INC MEDIUM TERM NTS 5.5% 15Aug2040,GOLDMAN SACHS GROUP INC MEDIUM TERM NTS 5.5% 15Aug2040,5.500
US38141EV972,GS,name_block,GOLDMAN SACHS GROUP INC MEDIUM TERM NTS 5.75% 15Aug2041,GOLDMAN SACHS GROUP INC MEDIUM TERM NTS 5.75% 15Aug2041,5.750
US38141EW475,GS,name_block,GOLDMAN SACHS GROUP INC MEDIUM TERM NTS 5.75% 15Jul2041,GOLDMAN SACHS GROUP INC MEDIUM TERM NTS 5.75% 15Jul2041,5.750
US38141EW624,GS,name_block,GOLDMAN SACHS GROUP INC MEDIUM TERM NTS 5.75% 15Jun2041,GOLDMAN SACHS GROUP INC MEDIUM TERM NTS 5.75% 15Jun2041,5.750
US38141EW962,GS,name_block,GOLDMAN SACHS GROUP INC MEDIUM TERM NTS 5.75% 15Jun2040,GOLDMAN SACHS GROUP INC MEDIUM TERM NTS 5.75% 15Jun2040,5.750
US38141EX465,GS,name_block,GOLDMAN SACHS GROUP INC MEDIUM TERM NTS 5.5% 15Jun2035,GOLDMAN SACHS GROUP INC MEDIUM TERM NTS 5.5% 15Jun2035,5.500
US38141EX796,GS,name_block,GOLDMAN SACHS GROUP INC MEDIUM TERM NTS 5.85% 15Jun2041,GOLDMAN SACHS GROUP INC MEDIUM TERM NTS 5.85% 15Jun2041,5.850
US38141EX952,GS,name_block,GOLDMAN SACHS GROUP INC MEDIUM TERM NTS 6% 15Mar2041,GOLDMAN SACHS GROUP INC MEDIUM TERM NTS 6% 15Mar2041,6.000
US38141EY786,GS,name_block,GOLDMAN SACHS GROUP INC MEDIUM TERM NTS 6% 15Mar2041,GOLDMAN SACHS GROUP INC MEDIUM TERM NTS 6% 15Mar2041,6.000
US38141EZ288,GS,name_block,GOLDMAN SACHS GROUP INC MEDIUM TERM NTS 6% 15Mar2041,GOLDMAN SACHS GROUP INC MEDIUM TERM NTS 6% 15Mar2041,6.000
US38141EZ510,GS,name_block,GOLDMAN SACHS GROUP INC MEDIUM TERM NTS 5.75% 15May2041,GOLDMAN SACHS GROUP INC MEDIUM TERM NTS 5.75% 15May2041,5.750
US38141GCU67,GS,cusip6,GOLDMAN SACHS GROUP INC 6.125% 15Feb2033,GOLDMAN SACHS GROUP INC 6.125% 15Feb2033,6.125
US38141GES93,GS,cusip6,GOLDMAN SACHS GROUP INC 5.95% 15Jan2027,GOLDMAN SACHS GROUP INC 5.95% 15Jan2027,5.950
US38141GGM06,GS,cusip6,GOLDMAN SACHS GROUP INC 6.25% 01Feb2041,GOLDMAN SACHS GROUP INC 6.25% 01Feb2041,6.250
US38141GVS01,GS,cusip6,GOLDMAN SACHS GROUP INC 4.75% 21Oct2045,GOLDMAN SACHS GROUP INC 4.75% 21Oct2045,4.750
US38141GVX95,GS,cusip6,Goldman Sachs FRN 28oct2027 USD,GOLDMAN SACHS GROUP INC 7.3772% 28Oct2027,7.331
US38141GWB66,GS,cusip6,GOLDMAN SACHS GROUP INC 3.85% 26Jan2027,GOLDMAN SACHS GROUP INC 3.85% 26Jan2027,3.850
US38141GWV21,GS,cusip6,GOLDMAN SACHS GROUP INC 3.814% 23Apr2029,GOLDMAN SACHS GROUP INC 3.814% 23Apr2029,3.814
US38141GXG45,GS,cusip6,GOLDMAN SACHS GROUP INC/THE,GOLDMAN SACHS GROUP INC 2.6% 07Feb2030,2.600
US38141GXH28,GS,cusip6,GOLDMAN SACHS GROUP INC/THE,GOLDMAN SACHS GROUP INC 3.8% 15Mar2030,3.800
US38141GXR00,GS,cusip6,GOLDMAN SACHS GROUP INC/THE,GOLDMAN SACHS GROUP INC 1.992% 27Jan2032,1.992
US38141GYB49,GS,cusip6,GOLDMAN SACHS GROUP INC/THE,GOLDMAN SACHS GROUP INC 2.615% 22Apr2032,2.615
US38141GYC22,GS,cusip6,GOLDMAN SACHS GROUP INC/THE,GOLDMAN SACHS GROUP INC 3.21% 22Apr2042,3.210
US38141GYG36,GS,cusip6,GOLDMAN SACHS GROUP INC/THE,GOLDMAN SACHS GROUP INC 1.542% 10Sep2027,1.542
US38141GYJ74,GS,cusip6,GOLDMAN SACHS GROUP INC/THE,GOLDMAN SACHS GROUP INC 2.383% 21Jul2032,2.383
US38141GYK48,GS,cusip6,GOLDMAN SACHS GROUP INC/THE,GOLDMAN SACHS GROUP INC 2.908% 21Jul2042,2.908
US38141GYM04,GS,cusip6,GS 1.948 21-OCT-27,GS 1.948 21-OCT-27,1.948
US38141GYN86,GS,cusip6,GS 2.65 21-OCT-32,GS 2.65 21-OCT-32,2.650
US38141GYR90,GS,cusip6,GS 5.456653 21-OCT-27,GS 5.456653 21-OCT-27,5.457
US38141GYU20,GS,cusip6,GS 4.125,GS 4.125,
US38141GZK39,GS,cusip6,GS 2.64 24-FEB-28,GS 2.64 24-FEB-28,2.640
US38141GZL12,GS,cusip6,GS 5.695141 24-FEB-28,GS 5.695141 24-FEB-28,5.695
US38141GZM94,GS,cusip6,GS 3.102 24-FEB-33,GS 3.102 24-FEB-33,3.102
US38141GZN77,GS,cusip6,GS 3.436 24-FEB-43,GS 3.436 24-FEB-43,3.436
US38141GZR81,GS,cusip6,GS 3.615 15-MAR-28,GS 3.615 15-MAR-28,3.615
US38141GZS64,GS,cusip6,GS 6.273259 15-MAR-28,GS 6.273259 15-MAR-28,6.273
US38143C4L28,GS,name_block,GOLDMAN SACHS GROUP INC MEDIUM TERM NTS 4.4% 15Jul2045,GOLDMAN SACHS GROUP INC MEDIUM TERM NTS 4.4% 15Jul2045,4.400
US38143CAD39,GS,name_block,GOLDMAN SACHS GROUP INC MEDIUM TERM NTS 4.25% 15Nov2032,GOLDMAN SACHS GROUP INC MEDIUM TERM NTS 4.25% 15Nov2032,4.250
US38143CAM38,GS,name_block,GOLDMAN SACHS GROUP INC MEDIUM TERM NTS 4.3% 15Dec2037,GOLDMAN SACHS GROUP INC MEDIUM TERM NTS 4.3% 15Dec2037,4.300
US38143CAR25,GS,name_block,GOLDMAN SACHS GROUP INC MEDIUM TERM NTS 4.25% 15Dec2037,GOLDMAN SACHS GROUP INC MEDIUM TERM NTS 4.25% 15Dec2037,4.250
US38143CAV37,GS,name_block,GOLDMAN SACHS GROUP INC MEDIUM TERM NTS 4.25% 15Dec2034,GOLDMAN SACHS GROUP INC MEDIUM TERM NTS 4.25% 15Dec2034,4.250
US38143CBE03,GS,name_block,GOLDMAN SACHS GROUP INC MEDIUM TERM NTS 4.3% 15Feb2038,GOLDMAN SACHS GROUP INC MEDIUM TERM NTS 4.3% 15Feb2038,4.300
US38143CBJ99,GS,name_block,GOLDMAN SACHS GROUP INC MEDIUM TERM NTS 4.25% 15Feb2038,GOLDMAN SACHS GROUP INC MEDIUM TERM NTS 4.25% 15Feb2038,4.250
US38143CBR16,GS,name_block,GOLDMAN SACHS GROUP INC MEDIUM TERM NTS 4.05% 15Mar2032,GOLDMAN SACHS GROUP INC MEDIUM TERM NTS 4.05% 15Mar2032,4.050
US38143CBW01,GS,name_block,GOLDMAN SACHS GROUP INC MEDIUM TERM NTS 4.3% 15Mar2038,GOLDMAN SACHS GROUP INC MEDIUM TERM NTS 4.3% 15Mar2038,4.300
US38143CCE93,GS,name_block,GOLDMAN SACHS GROUP INC MEDIUM TERM NTS 4% 15May2033,GOLDMAN SACHS GROUP INC MEDIUM TERM NTS 4% 15May2033,4.000
US38143CCK53,GS,name_block,GOLDMAN SACHS GROUP INC MEDIUM TERM NTS 4% 15May2033,GOLDMAN SACHS GROUP INC MEDIUM TERM NTS 4% 15May2033,4.000
US38143CDL28,GS,name_block,GOLDMAN SACHS GROUP INC MEDIUM TERM NTS 5.15% 15Jul2038,GOLDMAN SACHS GROUP INC MEDIUM TERM NTS 5.15% 15Jul2038,5.150
US38143CDP32,GS,name_block,GOLDMAN SACHS GROUP INC MEDIUM TERM NTS 4.7% 15Aug2039,GOLDMAN SACHS GROUP INC MEDIUM TERM NTS 4.7% 15Aug2039,4.700
US38143CDX65,GS,name_block,GOLDMAN SACHS GROUP INC MEDIUM TERM NTS 5% 15Aug2033,GOLDMAN SACHS GROUP INC MEDIUM TERM NTS 5% 15Aug2033,5.000
US38143CEA53,GS,name_block,GOLDMAN SACHS GROUP INC MEDIUM TERM NTS 5% 15Sep2033,GOLDMAN SACHS GROUP INC MEDIUM TERM NTS 5% 15Sep2033,5.000
US38143CEM91,GS,name_block,GOLDMAN SACHS GROUP INC MEDIUM TERM NTS 4.5% 15Nov2033,GOLDMAN SACHS GROUP INC MEDIUM TERM NTS 4.5% 15Nov2033,4.500
US38143CFW64,GS,name_block,GOLDMAN SACHS GROUP INC MEDIUM TERM NTS 4.35% 15Apr2034,GOLDMAN SACHS GROUP INC MEDIUM TERM NTS 4.35% 15Apr2034,4.350
US38143VAA70,GS,name_block,Goldman Sachs 6.345% 15feb2034 USD,GOLDMAN SACHS CAP I 6.345% 15Feb2034,6.345
US38143YAC75,GS,name_block,GOLDMAN SACHS GROUP INC FOR FUTURE EQUIT 6.45% 01May2036,GOLDMAN SACHS GROUP INC FOR FUTURE EQUIT 6.45% 01May2036,6.450
US38145GAH39,GS,name_block,GOLDMAN SACHS GROUP INC 3.5% 16Nov2026,GOLDMAN SACHS GROUP INC 3.5% 16Nov2026,3.500
US38148LAF31,GS,name_block,GOLDMAN SACHS GROUP INC 5.15% 22May2045,GOLDMAN SACHS GROUP INC 5.15% 22May2045,5.150
US384802AB05,GWW,cusip6,GRAINGER W W INC 4.6% 15Jun2045,GRAINGER W W INC 4.6% 15Jun2045,4.600
US384802AC87,GWW,cusip6,GRAINGER W W INC 3.75% 15May2046,GRAINGER W W INC 3.75% 15May2046,3.750
US384802AD60,GWW,cusip6,GRAINGER W W INC 4.2% 15May2047,GRAINGER W W INC 4.2% 15May2047,4.200
US404119AJ84,HCA,name_block,HCA 7.5% 6nov2033 USD,HCA INC 7.5% 06Nov2033,7.500
US404119BU21,HCA,name_block,HCA INC 4.5% 15Feb2027,HCA INC 4.5% 15Feb2027,4.500
US404119BV04,HCA,name_block,HCA INC 5.5% 15Jun2047,HCA INC 5.5% 15Jun2047,5.500
US404119BW86,HCA,name_block,HCA 5.875% 1feb2029 USD,HCA INC 5.875% 01Feb2029,5.875
US404119BX69,HCA,name_block,HCA INC,HCA INC 4.125% 15Jun2029,4.125
US404119BY43,HCA,name_block,HCA 5.125% 15jun2039 USD,HCA INC 5.125% 15Jun2039,5.125
US404119BZ18,HCA,name_block,HCA 5.25% 15jun2049 USD,HCA INC 5.25% 15Jun2049,5.250
US404119CA57,HCA,name_block,HCA 3.5% 1sep2030 USD,HCA INC 3.5% 01Sep2030,3.500
US404119CB31,HCA,name_block,HCA INC,HCA INC 3.5% 15Jul2051,3.500
US404119CC14,HCA,name_block,HCA INC,HCA INC 2.375% 15Jul2031,2.375
US404121AJ49,HCA,name_block,HCA 5.625% 1sep2028 USD,HCA INC 5.625% 01Sep2028,5.625
US40434LAB18,HPQ,name_block,HP INC,HP INC 3% 17Jun2027,3.000
US40434LAC90,HPQ,name_block,HP INC,HP INC 3.4% 17Jun2030,3.400
US40434LAJ44,HPQ,name_block,HPQ 2.65 17-JUN-31,HPQ 2.65 17-JUN-31,2.650
US40434LAK17,HPQ,name_block,HP Inc. 4% 22/29,HP Inc. 4% 22/29,4.000
US40434LAL99,HPQ,name_block,HPQ 4.2 15-APR-32,HPQ 4.2 15-APR-32,4.200
US40434LAM72,HPQ,name_block,HPQ 4.75 15-JAN-28,HPQ 4.75 15-JAN-28,4.750
US40434LAN55,HPQ,name_block,HPQ 5.5 15-JAN-33,HPQ 5.5 15-JAN-33,5.500
US406216AW19,HAL,cusip6,HALLIBURTON CO 6.7% 15Sep2038,HALLIBURTON CO 6.7% 15Sep2038,6.700
US406216AY74,HAL,cusip6,HALLIBURTON CO 7.45% 15Sep2039,HALLIBURTON CO 7.45% 15Sep2039,7.450
US406216BA89,HAL,cusip6,HALLIBURTON CO 4.5% 15Nov2041,HALLIBURTON CO 4.5% 15Nov2041,4.500
US406216BE02,HAL,cusip6,HALLIBURTON CO 4.75% 01Aug2043,HALLIBURTON CO 4.75% 01Aug2043,4.750
US406216BJ98,HAL,cusip6,HALLIBURTON CO 4.85% 15Nov2035,HALLIBURTON CO 4.85% 15Nov2035,4.850
US406216BK61,HAL,cusip6,HALLIBURTON CO 5% 15Nov2045,HALLIBURTON CO 5% 15Nov2045,5.000
US406216BL45,HAL,cusip6,HALLIBURTON COMPANY,HALLIBURTON CO 2.92% 01Mar2030,2.920
US416518AD08,HIG,name_block,HIG 2.9 15-SEP-51,HIG 2.9 15-SEP-51,2.900
US418056AH08,HAS,cusip6,HASBRO INC 6.6% 15Jul2028,HASBRO INC 6.6% 15Jul2028,6.600
US418056AS62,HAS,cusip6,HASBRO INC 6.35% 15Mar2040,HASBRO INC 6.35% 15Mar2040,6.350
US418056AU19,HAS,cusip6,HASBRO INC 5.1% 15May2044,HASBRO INC 5.1% 15May2044,5.100
US418056AV91,HAS,cusip6,HASBRO INC 3.5% 15Sep2027,HASBRO INC 3.5% 15Sep2027,3.500
US418056AZ06,HAS,cusip6,HASBRO INC,HASBRO INC 3.9% 19Nov2029,3.900
US42217KAX46,WELL,cusip6,HEALTH CARE REIT INC 6.5% 15Mar2041,HEALTH CARE REIT INC 6.5% 15Mar2041,6.500
US42217KBB17,WELL,cusip6,HEALTH CARE REIT INC 5.125% 15Mar2043,HEALTH CARE REIT INC 5.125% 15Mar2043,5.125
US42250PAA12,DOC,name_block,HEALTHPEAK PROPERTIES INC,HEALTHPEAK PPTYS INC 3% 15Jan2030,3.000
US42250PAC77,DOC,name_block,PEAK 1.35 01-FEB-27,PEAK 1.35 01-FEB-27,1.350
US42250PAD50,DOC,name_block,PEAK 2.125 01-DEC-28,PEAK 2.125 01-DEC-28,2.125
US42250PAE34,DOC,name_block,PEAK 5.25 15-DEC-32,PEAK 5.25 15-DEC-32,5.250
US42307TAG31,KHC,name_block,HEINZ H J FIN CO 6.75% 15Mar2032,HEINZ H J FIN CO 6.75% 15Mar2032,6.750
US42307TAH14,KHC,name_block,Kraft Heinz Foods 7.125% 1aug2039 USD,Kraft Heinz Foods 7.125% 1aug2039 USD,7.125
US423452AG66,HPQ,name_block,HP 2.9 29-SEP-31,HP 2.9 29-SEP-31,2.900
US427866AL29,HSY,cusip6,HERSHEY CO 7.2% 15Aug2027,HERSHEY CO 7.2% 15Aug2027,7.200
US428236BR31,HPQ,cusip6,HEWLETT PACKARD CO 6% 15Sep2041,HEWLETT PACKARD CO 6% 15Sep2041,6.000
US42824CAX74,HPE,cusip6,HEWLETT PACKARD ENTERPRISE CO 6.2% 15Oct2035,HEWLETT PACKARD ENTERPRISE CO 6.2% 15Oct2035,6.200
US42824CAY57,HPE,cusip6,HEWLETT PACKARD ENTERPRISE CO 6.35% 15Oct2045,HEWLETT PACKARD ENTERPRISE CO 6.35% 15Oct2045,6.350
US432833AF84,HLT,name_block,Hilton Worldwide Finance 4.875% 15jan2030 USD,HILTON DOMESTIC OPER CO INC 4.875% 15Jan2030,4.875
US432891AK52,HLT,name_block,Hilton Worldwide Finance 4.875% 1apr2027 USD,HILTON WORLDWIDE FIN LLC / HILTON WORLDW 4.875% 01Apr2027,4.875
US437076AS19,HD,cusip6,HOME DEPOT INC 5.875% 16Dec2036,HOME DEPOT INC 5.875% 16Dec2036,5.875
US437076AU64,HD,cusip6,HOME DEPOT INC 5.4% 15Sep2040,HOME DEPOT INC 5.4% 15Sep2040,5.400
US437076AV48,HD,cusip6,HOME DEPOT INC 5.95% 01Apr2041,HOME DEPOT INC 5.95% 01Apr2041,5.950
US437076BA91,HD,cusip6,HOME DEPOT INC 4.2% 01Apr2043,HOME DEPOT INC 4.2% 01Apr2043,4.200
US437076BD31,HD,cusip6,HOME DEPOT INC 4.875% 15Feb2044,HOME DEPOT INC 4.875% 15Feb2044,4.875
US437076BF88,HD,cusip6,HOME DEPOT INC 4.4% 15Mar2045,HOME DEPOT INC 4.4% 15Mar2045,4.400
US437076BH45,HD,cusip6,HOME DEPOT INC 4.25% 01Apr2046,HOME DEPOT INC 4.25% 01Apr2046,4.250
US437076BN13,HD,cusip6,HOME DEPOT INC 2.125% 15Sep2026,HOME DEPOT INC 2.125% 15Sep2026,2.125
US437076BP60,HD,cusip6,HOME DEPOT INC 3.5% 15Sep2056,HOME DEPOT INC 3.5% 15Sep2056,3.500
US437076BS00,HD,cusip6,HOME DEPOT INC 3.9% 15Jun2047,HOME DEPOT INC 3.9% 15Jun2047,3.900
US437076BT82,HD,cusip6,HOME DEPOT INC 2.8% 14Sep2027,HOME DEPOT INC 2.8% 14Sep2027,2.800
US437076BW12,HD,cusip6,HOME DEPOT INC 3.9% 06Dec2028,HOME DEPOT INC 3.9% 06Dec2028,3.900
US437076BX94,HD,cusip6,HOME DEPOT INC 4.5% 06Dec2048,HOME DEPOT INC 4.5% 06Dec2048,4.500
US437076BY77,HD,cusip6,HOME DEPOT INC,HOME DEPOT INC 2.95% 15Jun2029,2.950
US437076BZ43,HD,cusip6,HOME DEPOT INC,HOME DEPOT INC 3.125% 15Dec2049,3.125
US437076CA82,HD,cusip6,HOME DEPOT INC,HOME DEPOT INC 2.5% 15Apr2027,2.500
US437076CB65,HD,cusip6,HOME DEPOT INC,HOME DEPOT INC 2.7% 15Apr2030,2.700
US437076CC49,HD,cusip6,HOME DEPOT INC,HOME DEPOT INC 3.3% 15Apr2040,3.300
US437076CD22,HD,cusip6,HOME DEPOT INC,HOME DEPOT INC 3.35% 15Apr2050,3.350
US437076CE05,HD,cusip6,HD .9 15-MAR-28,HD .9 15-MAR-28,
US437076CF79,HD,cusip6,HOME DEPOT INC,HOME DEPOT INC 1.375% 15Mar2031,1.375
US437076CG52,HD,cusip6,HOME DEPOT INC,HOME DEPOT INC 2.375% 15Mar2051,2.375
US437076CH36,HD,cusip6,HD 1.5 15-SEP-28,HD 1.5 15-SEP-28,1.500
US437076CJ91,HD,cusip6,HD 1.875 15-SEP-31,HD 1.875 15-SEP-31,1.875
US437076CK64,HD,cusip6,HD 2.75 15-SEP-51,HD 2.75 15-SEP-51,2.750
US437076CN04,HD,cusip6,HD 2.875 15-APR-27,HD 2.875 15-APR-27,2.875
US437076CP51,HD,cusip6,HD 3.25 15-APR-32,HD 3.25 15-APR-32,3.250
US437076CQ35,HD,cusip6,HD 3.625 15-APR-52,HD 3.625 15-APR-52,3.625
US437076CS90,HD,cusip6,HD 4.5 15-SEP-32,HD 4.5 15-SEP-32,4.500
US437076CT73,HD,cusip6,HD 4.95 15-SEP-52,HD 4.95 15-SEP-52,4.950
US438516AT30,HON,name_block,HONEYWELL INTL INC 5.7% 15Mar2037,HONEYWELL INTL INC 5.7% 15Mar2037,5.700
US438516BL94,HON,name_block,HONEYWELL INTL INC 2.5% 01Nov2026,HONEYWELL INTL INC 2.5% 01Nov2026,2.500
US438516BS48,HON,name_block,HONEYWELL INTL INC 3.812% 21Nov2047,HONEYWELL INTL INC 3.812% 21Nov2047,3.812
US438516BU93,HON,name_block,HONEYWELL INTERNATIONAL INC,HONEYWELL INTL INC 2.7% 15Aug2029,2.700
US438516BZ80,HON,name_block,HONEYWELL INTERNATIONAL INC,HONEYWELL INTL INC 1.95% 01Jun2030,1.950
US438516CA21,HON,name_block,HONEYWELL INTERNATIONAL INC,HONEYWELL INTL INC 2.8% 01Jun2050,2.800
US438516CE43,HON,name_block,HONEYWELL INTERNATIONAL INC,HONEYWELL INTL INC 1.1% 01Mar2027,1.100
US438516CF18,HON,name_block,HONEYWELL INTERNATIONAL INC,HONEYWELL INTL INC 1.75% 01Sep2031,1.750
US438516CK03,HON,name_block,HON 5 15-FEB-33,HON 5 15-FEB-33,5.000
US440452AF79,HRL,cusip6,HORMEL FOODS CORPORATION,HORMEL FOODS CORP 1.8% 11Jun2030,1.800
US440452AH36,HRL,cusip6,HORMEL FOODS CORPORATION,HORMEL FOODS CORP 1.7% 03Jun2028,1.700
US440452AJ91,HRL,cusip6,HRL 3.05 03-JUN-51,HRL 3.05 03-JUN-51,3.050
US44107TBA34,HST,name_block,HST 2.9 15-DEC-31,HST 2.9 15-DEC-31,2.900
US443510AJ12,HUBB,cusip6,HUBBELL INC 3.5% 15Feb2028,HUBBELL INC 3.5% 15Feb2028,3.500
US443510AK84,HUBB,cusip6,HUBB 2.3 15-MAR-31,HUBB 2.3 15-MAR-31,2.300
US444859BB73,HUM,cusip6,HUMANA INC 4.625% 01Dec2042,HUMANA INC 4.625% 01Dec2042,4.625
US444859BE13,HUM,cusip6,HUMANA INC 4.95% 01Oct2044,HUMANA INC 4.95% 01Oct2044,4.950
US444859BF87,HUM,cusip6,HUMANA INC 3.95% 15Mar2027,HUMANA INC 3.95% 15Mar2027,3.950
US444859BG60,HUM,cusip6,HUMANA INC 4.8% 15Mar2047,HUMANA INC 4.8% 15Mar2047,4.800
US444859BQ43,HUM,cusip6,HUMANA INC,HUMANA INC 1.35% 03Feb2027,1.350
US444859BR26,HUM,cusip6,HUMANA INC,HUMANA INC,
US444859BT81,HUM,cusip6,HUM 3.7 23-MAR-29,HUM 3.7 23-MAR-29,3.700
US444859BU54,HUM,cusip6,HUM 5.75 01-MAR-28,HUM 5.75 01-MAR-28,5.750
US444859BV38,HUM,cusip6,HUM 5.875 01-MAR-33,HUM 5.875 01-MAR-33,5.875
US444859BX93,HUM,cusip6,HUM 5.5 15-MAR-53,HUM 5.5 15-MAR-53,5.500
US446150AS35,HBAN,cusip6,HUNTINGTON BANCSHARES INC,HUNTINGTON BANCSHARES INC 2.55% 04Feb2030,2.550
US446150AT18,HBAN,cusip6,HBAN 5.625,HBAN 5.625,
US446150AV63,HBAN,cusip6,HBAN 4.45,HBAN 4.45,
US446150AX20,HBAN,cusip6,HBAN 2.487 15-AUG-36,HBAN 2.487 15-AUG-36,2.487
US446413AL01,HII,cusip6,HUNTINGTON INGALLS INDS INC 3.483% 01Dec2027,HUNTINGTON INGALLS INDS INC 3.483% 01Dec2027,3.483
US446413AT37,HII,cusip6,HII 4.2 01-MAY-30,HII 4.2 01-MAY-30,4.200
US446413AZ96,HII,cusip6,HII 2.043 16-AUG-28,HII 2.043 16-AUG-28,2.043
US44644MAF86,HBAN,name_block,HBAN 4.552 17-MAY-28,HBAN 4.552 17-MAY-28,4.552
US44644MAJ09,HBAN,name_block,HBAN 5.65 10-JAN-30,HBAN 5.65 10-JAN-30,5.650
US449669AK64,MOS,cusip6,IMC GLOBAL INC 7.3% 15Jan2028,IMC GLOBAL INC 7.3% 15Jan2028,7.300
US449934AD05,IQV,name_block,IQVIA Holdings 5% 15oct2026 USD,IMS HEALTH INC 5% 15Oct2026,5.000
US45167RAH75,IEX,cusip6,IEX 2.625 15-JUN-31,IEX 2.625 15-JUN-31,2.625
US452308AQ28,ITW,cusip6,ILLINOIS TOOL WKS INC 4.875% 15Sep2041,ILLINOIS TOOL WKS INC 4.875% 15Sep2041,4.875
US452308AR01,ITW,cusip6,ILLINOIS TOOL WKS INC 3.9% 01Sep2042,ILLINOIS TOOL WKS INC 3.9% 01Sep2042,3.900
US452308AX78,ITW,cusip6,ILLINOIS TOOL WKS INC 2.65% 15Nov2026,ILLINOIS TOOL WKS INC 2.65% 15Nov2026,2.650
US454889AQ96,AEP,name_block,INDIANA MICH PWR CO 4.55% 15Mar2046,INDIANA MICH PWR CO 4.55% 15Mar2046,4.550
US454889AR79,AEP,name_block,INDIANA MICH PWR CO 3.75% 01Jul2047,INDIANA MICH PWR CO 3.75% 01Jul2047,3.750
US454889AS52,AEP,name_block,INDIANA MICH PWR CO 3.85% 15May2028,INDIANA MICH PWR CO 3.85% 15May2028,3.850
US454889AU09,AEP,name_block,AEP 3.25 01-MAY-51,AEP 3.25 01-MAY-51,3.250
US455434BV12,AES,name_block,AES 5.65 01-DEC-32,AES 5.65 01-DEC-32,5.650
US456873AC20,TT,name_block,INGERSOLL-RAND LUXEMBOURG FIN S A 4.65% 01Nov2044,INGERSOLL-RAND LUXEMBOURG FIN S A 4.65% 01Nov2044,4.650
US456873AD03,TT,name_block,INGERSOLL-RAND LUXEMBOURG FINANCE,INGERSOLL-RAND LUXEMBOURG FIN S A 3.8% 21Mar2029,3.800
US45687AAG76,TT,name_block,INGERSOLL-RAND GLOBAL HLDG CO LTD 5.75% 15Jun2043,INGERSOLL-RAND GLOBAL HLDG CO LTD 5.75% 15Jun2043,5.750
US45687AAN28,TT,name_block,INGERSOLL-RAND GLOBAL HLDG CO LTD 4.3% 21Feb2048,INGERSOLL-RAND GLOBAL HLDG CO LTD 4.3% 21Feb2048,4.300
US45687AAP75,TT,name_block,INGERSOLL-RAND GLOBAL HLDG CO LTD 3.75% 21Aug2028,INGERSOLL-RAND GLOBAL HLDG CO LTD 3.75% 21Aug2028,3.750
US458140AK64,INTC,cusip6,INTEL CORP 4.8% 01Oct2041,INTEL CORP 4.8% 01Oct2041,4.800
US458140AN04,INTC,cusip6,INTEL CORP 4% 15Dec2032,INTEL CORP 4% 15Dec2032,4.000
US458140AP51,INTC,cusip6,INTEL CORP 4.25% 15Dec2042,INTEL CORP 4.25% 15Dec2042,4.250
US458140AT73,INTC,cusip6,INTEL CORP 4.9% 29Jul2045,INTEL CORP 4.9% 29Jul2045,4.900
US458140AV20,INTC,cusip6,INTEL CORP 4.1% 19May2046,INTEL CORP 4.1% 19May2046,4.100
US458140AX85,INTC,cusip6,INTEL CORP 3.15% 11May2027,INTEL CORP 3.15% 11May2027,3.150
US458140AY68,INTC,cusip6,INTEL CORP 4.1% 11May2047,INTEL CORP 4.1% 11May2047,4.100
US458140BG44,INTC,cusip6,INTEL CORP 3.734% 08Dec2047,INTEL CORP 3.734% 08Dec2047,3.734
US458140BH27,INTC,cusip6,Intel 2.45% 15nov2029 USD,Intel 2.45% 15nov2029 USD,2.450
US458140BJ82,INTC,cusip6,Intel 3.25% 15nov2049 USD,Intel 3.25% 15nov2049 USD,3.250
US458140BK55,INTC,cusip6,Intel 3.1% 15feb2060 USD,Intel 3.1% 15feb2060 USD,3.100
US458140BL39,INTC,cusip6,INTEL CORPORATION,INTEL CORP 4.6% 25Mar2040,4.600
US458140BM12,INTC,cusip6,INTEL CORPORATION,INTEL CORP 4.75% 25Mar2050,4.750
US458140BN94,INTC,cusip6,INTEL CORPORATION,INTEL CORP 4.95% 25Mar2060,4.950
US458140BQ26,INTC,cusip6,INTEL CORPORATION,INTEL CORP 3.75% 25Mar2027,3.750
US458140BR09,INTC,cusip6,INTEL CORPORATION,INTEL CORP 3.9% 25Mar2030,3.900
US458140BT64,INTC,cusip6,INTC 1.6 12-AUG-28,INTC 1.6 12-AUG-28,1.600
US458140BU38,INTC,cusip6,INTC 2 12-AUG-31,INTC 2 12-AUG-31,2.000
US458140BV11,INTC,cusip6,INTC 2.8 12-AUG-41,INTC 2.8 12-AUG-41,2.800
US458140BW93,INTC,cusip6,INTC 3.05 12-AUG-51,INTC 3.05 12-AUG-51,3.050
US458140BX76,INTC,cusip6,INTC 3.2 12-AUG-61,INTC 3.2 12-AUG-61,3.200
US458140BY59,INTC,cusip6,INTC 3.75 05-AUG-27,INTC 3.75 05-AUG-27,3.750
US458140BZ25,INTC,cusip6,INTC 4 05-AUG-29,INTC 4 05-AUG-29,4.000
US458140CA64,INTC,cusip6,INTC 4.15 05-AUG-32,INTC 4.15 05-AUG-32,4.150
US458140CB48,INTC,cusip6,INTC 4.9 05-AUG-52,INTC 4.9 05-AUG-52,4.900
US458140CC21,INTC,cusip6,INTC 5.05 05-AUG-62,INTC 5.05 05-AUG-62,5.050
US458140CE86,INTC,cusip6,INTC 4.875 10-FEB-28,INTC 4.875 10-FEB-28,4.875
US458140CF51,INTC,cusip6,INTC 5.125 10-FEB-30,INTC 5.125 10-FEB-30,5.125
US458140CG35,INTC,cusip6,INTC 5.2 10-FEB-33,INTC 5.2 10-FEB-33,5.200
US458140CH18,INTC,cusip6,INTC 5.625 10-FEB-43,INTC 5.625 10-FEB-43,5.625
US458140CJ73,INTC,cusip6,INTC 5.7 10-FEB-53,INTC 5.7 10-FEB-53,5.700
US458140CK47,INTC,cusip6,INTC 5.9 10-FEB-63,INTC 5.9 10-FEB-63,5.900
US45866FAF18,ICE,name_block,INTERCONTINENTAL EXCHANGE INC 3.1% 15Sep2027,INTERCONTINENTAL EXCHANGE INC 3.1% 15Sep2027,3.100
US45866FAH73,ICE,name_block,INTERCONTINENTAL EXCHANGE INC 4.25% 21Sep2048,INTERCONTINENTAL EXCHANGE INC 4.25% 21Sep2048,4.250
US45866FAJ30,ICE,name_block,INTERCONTINENTAL EXCHANGE INC 3.75% 21Sep2028,INTERCONTINENTAL EXCHANGE INC 3.75% 21Sep2028,3.750
US45866FAK03,ICE,name_block,INTERCONTINENTAL EXCHANGE INC,INTERCONTINENTAL EXCHANGE INC 2.1% 15Jun2030,2.100
US45866FAL85,ICE,name_block,INTERCONTINENTAL EXCHANGE INC,INTERCONTINENTAL EXCHANGE INC 3% 15Jun2050,3.000
US45866FAN42,ICE,name_block,INTERCONTINENTAL EXCHANGE INC,INTERCONTINENTAL EXCHANGE INC 1.85% 15Sep2032,1.850
US45866FAP99,ICE,name_block,INTERCONTINENTAL EXCHANGE INC,INTERCONTINENTAL EXCHANGE INC 2.65% 15Sep2040,2.650
US45866FAQ72,ICE,name_block,INTERCONTINENTAL EXCHANGE INC,INTERCONTINENTAL EXCHANGE INC 3% 15Sep2060,3.000
US45866FAU84,ICE,name_block,ICE 4 15-SEP-27,ICE 4 15-SEP-27,4.000
US45866FAV67,ICE,name_block,ICE 4.35 15-JUN-29,ICE 4.35 15-JUN-29,4.350
US45866FAW41,ICE,name_block,ICE 4.6 15-MAR-33,ICE 4.6 15-MAR-33,4.600
US45866FAX24,ICE,name_block,ICE 4.95 15-JUN-52,ICE 4.95 15-JUN-52,4.950
US45866FAY07,ICE,name_block,ICE 5.2 15-JUN-62,ICE 5.2 15-JUN-62,5.200
US459200AP64,IBM,cusip6,INTERNATIONAL BUSINESS MACHS CORP 7.125% 01Dec2096,INTERNATIONAL BUSINESS MACHS CORP 7.125% 01Dec2096,7.125
US459200AR21,IBM,cusip6,INTERNATIONAL BUSINESS MACHS CORP 6.22% 01Aug2027,INTERNATIONAL BUSINESS MACHS CORP 6.22% 01Aug2027,6.220
US459200AS04,IBM,cusip6,INTERNATIONAL BUSINESS MACHS CORP 6.5% 15Jan2028,INTERNATIONAL BUSINESS MACHS CORP 6.5% 15Jan2028,6.500
US459200BB69,IBM,cusip6,INTERNATIONAL BUSINESS MACHS CORP 5.875% 29Nov2032,INTERNATIONAL BUSINESS MACHS CORP 5.875% 29Nov2032,5.875
US459200GS40,IBM,cusip6,INTERNATIONAL BUSINESS MACHS CORP 5.6% 30Nov2039,INTERNATIONAL BUSINESS MACHS CORP 5.6% 30Nov2039,5.600
US459200HF10,IBM,cusip6,INTERNATIONAL BUSINESS MACHS CORP 4% 20Jun2042,INTERNATIONAL BUSINESS MACHS CORP 4% 20Jun2042,4.000
US459200JH57,IBM,cusip6,INTERNATIONAL BUSINESS MACHS CORP 4.7% 19Feb2046,INTERNATIONAL BUSINESS MACHS CORP 4.7% 19Feb2046,4.700
US459200JR30,IBM,cusip6,INTERNATIONAL BUSINESS MACHS CORP 3.3% 27Jan2027,INTERNATIONAL BUSINESS MACHS CORP 3.3% 27Jan2027,3.300
US459200KA85,IBM,cusip6,INTERNATIONAL BUSINESS MACHINES CO,INTERNATIONAL BUSINESS MACHS CORP 3.5% 15May2029,3.500
US459200KB68,IBM,cusip6,INTERNATIONAL BUSINESS MACHINES CO,INTERNATIONAL BUSINESS MACHS CORP 4.15% 15May2039,4.150
US459200KC42,IBM,cusip6,INTERNATIONAL BUSINESS MACHINES CO,INTERNATIONAL BUSINESS MACHS CORP 4.25% 15May2049,4.250
US459200KH39,IBM,cusip6,INTERNATIONAL BUSINESS MACHINES CO,INTERNATIONAL BUSINESS MACHS CORP 1.7% 15May2027,1.700
US459200KJ94,IBM,cusip6,INTERNATIONAL BUSINESS MACHINES CO,INTERNATIONAL BUSINESS MACHS CORP 1.95% 15May2030,1.950
US459200KL41,IBM,cusip6,INTERNATIONAL BUSINESS MACHINES CO,INTERNATIONAL BUSINESS MACHS CORP 2.95% 15May2050,2.950
US459200KM24,IBM,cusip6,IBM 2.2 09-FEB-27,IBM 2.2 09-FEB-27,2.200
US459200KN07,IBM,cusip6,IBM 2.72 09-FEB-32,IBM 2.72 09-FEB-32,2.720
US459200KP54,IBM,cusip6,IBM 3.43 09-FEB-52,IBM 3.43 09-FEB-52,3.430
US459200KT76,IBM,cusip6,IBM 4.15 27-JUL-27,IBM 4.15 27-JUL-27,4.150
US459200KU40,IBM,cusip6,IBM 4.4 27-JUL-32,IBM 4.4 27-JUL-32,4.400
US459200KV23,IBM,cusip6,IBM 4.9 27-JUL-52,IBM 4.9 27-JUL-52,4.900
US459200KX88,IBM,cusip6,IBM 4.5 06-FEB-28,IBM 4.5 06-FEB-28,4.500
US459200KY61,IBM,cusip6,IBM 4.75 06-FEB-33,IBM 4.75 06-FEB-33,4.750
US459200KZ37,IBM,cusip6,IBM 5.1 06-FEB-53,IBM 5.1 06-FEB-53,5.100
US459506AK78,IFF,cusip6,INTERNATIONAL FLAVORS & FRAGRANCES INC 4.45% 26Sep2028,INTERNATIONAL FLAVORS & FRAGRANCES INC 4.45% 26Sep2028,4.450
US459506AL51,IFF,cusip6,INTERNATIONAL FLAVORS & FRAGRANCES INC 5% 26Sep2048,INTERNATIONAL FLAVORS & FRAGRANCES INC 5% 26Sep2048,5.000
US459506AP65,IFF,cusip6,IFF 1.832 15-OCT-27,IFF 1.832 15-OCT-27,1.832
US459506AQ49,IFF,cusip6,IFF 2.3 01-NOV-30,IFF 2.3 01-NOV-30,2.300
US459506AR22,IFF,cusip6,IFF 3.268 15-NOV-40,IFF 3.268 15-NOV-40,3.268
US459506AS05,IFF,cusip6,IFF 3.468 01-DEC-50,IFF 3.468 01-DEC-50,3.468
US460146CH42,IP,cusip6,INTERNATIONAL PAPER CO 6% 15Nov2041,INTERNATIONAL PAPER CO 6% 15Nov2041,6.000
US460146CK70,IP,cusip6,INTERNATIONAL PAPER CO 4.8% 15Jun2044,INTERNATIONAL PAPER CO 4.8% 15Jun2044,4.800
US460146CM37,IP,cusip6,INTERNATIONAL PAPER CO 5% 15Sep2035,INTERNATIONAL PAPER CO 5% 15Sep2035,5.000
US460146CN10,IP,cusip6,INTERNATIONAL PAPER CO 5.15% 15May2046,INTERNATIONAL PAPER CO 5.15% 15May2046,5.150
US460146CQ41,IP,cusip6,INTERNATIONAL PAPER CO 4.4% 15Aug2047,INTERNATIONAL PAPER CO 4.4% 15Aug2047,4.400
US460146CS07,IP,cusip6,INTERNATIONAL PAPER CO 4.35% 15Aug2048,INTERNATIONAL PAPER CO 4.35% 15Aug2048,4.350
US46132FAC41,IVZ,name_block,INVESCO FIN PLC 5.375% 30Nov2043,INVESCO FIN PLC 5.375% 30Nov2043,5.375
US46188BAA08,INVH,name_block,INVH 2 15-AUG-31,INVH 2 15-AUG-31,2.000
US46188BAB80,INVH,name_block,INVH 2.3 15-NOV-28,INVH 2.3 15-NOV-28,2.300
US46188BAC63,INVH,name_block,INVH 2.7 15-JAN-34,INVH 2.7 15-JAN-34,2.700
US46188BAD47,INVH,name_block,INVH 4.15 15-APR-32,INVH 4.15 15-APR-32,4.150
US46266TAA60,IQV,name_block,IQVIA Holdings 5% 15may2027 USD,IQVIA INC 5% 15May2027,5.000
US46284VAC54,IRM,name_block,Iron Mountain 4.875% 15sep2027 USD,Iron Mountain 4.875% 15sep2027 USD,4.875
US46284VAE11,IRM,name_block,Iron Mountain 5.25% 15mar2028 USD,Iron Mountain 5.25% 15mar2028 USD,5.250
US46284VAF85,IRM,name_block,Iron Mountain 4.875% 15sep2029 USD,Iron Mountain 4.875% 15sep2029 USD,4.875
US46284VAG68,IRM,name_block,Iron Mountain 5% 15jul2028 USD,Iron Mountain 5% 15jul2028 USD,5.000
US46284VAJ08,IRM,name_block,Iron Mountain 5.25% 15jul2030 USD,Iron Mountain 5.25% 15jul2030 USD,5.250
US46284VAL53,IRM,name_block,IRON MTN INC NEW 5.625% 15Jul2032,IRON MTN INC NEW 5.625% 15Jul2032,5.625
US46284VAN10,IRM,name_block,IRON MTN INC NEW 4.5% 15Feb2031,IRON MTN INC NEW 4.5% 15Feb2031,4.500
US46625HHF01,JPM,name_block,JPMORGAN CHASE & CO 6.4% 15May2038,JPMORGAN CHASE & CO 6.4% 15May2038,6.400
US46625HHV50,JPM,name_block,JPMORGAN CHASE & CO 5.5% 15Oct2040,JPMORGAN CHASE & CO 5.5% 15Oct2040,5.500
US46625HJB78,JPM,name_block,JPMORGAN CHASE & CO 5.6% 15Jul2041,JPMORGAN CHASE & CO 5.6% 15Jul2041,5.600
US46625HJM34,JPM,name_block,JPMORGAN CHASE & CO 5.625% 16Aug2043,JPMORGAN CHASE & CO 5.625% 16Aug2043,5.625
US46625HJU59,JPM,name_block,JPMORGAN CHASE & CO 4.85% 01Feb2044,JPMORGAN CHASE & CO 4.85% 01Feb2044,4.850
US46625HJZ47,JPM,name_block,JPMORGAN CHASE & CO 4.125% 15Dec2026,JPMORGAN CHASE & CO 4.125% 15Dec2026,4.125
US46625HLL23,JPM,name_block,JPMORGAN CHASE & CO 4.95% 01Jun2045,JPMORGAN CHASE & CO 4.95% 01Jun2045,4.950
US46625HNJ58,JPM,name_block,JPMORGAN CHASE & CO 4.25% 01Oct2027,JPMORGAN CHASE & CO 4.25% 01Oct2027,4.250
US46625HRV41,JPM,name_block,JPMORGAN CHASE & CO 2.95% 01Oct2026,JPMORGAN CHASE & CO 2.95% 01Oct2026,2.950
US46625HRX07,JPM,name_block,JPMORGAN CHASE & CO 3.625% 01Dec2027,JPMORGAN CHASE & CO 3.625% 01Dec2027,3.625
US466313AM58,JBL,cusip6,JBL 4.25 15-MAY-27,JBL 4.25 15-MAY-27,4.250
US46647PBD78,JPM,name_block,JPMORGAN CHASE & CO,JPMORGAN CHASE & CO 3.702% 06May2030,3.702
US46647PBE51,JPM,name_block,JPMORGAN CHASE & CO,JPMORGAN CHASE & CO 2.739% 15Oct2030,2.739
US46647PBJ49,JPM,name_block,JPMORGAN CHASE & CO,JPMORGAN CHASE & CO 4.493% 24Mar2031,4.493
US46647PBL94,JPM,name_block,JPMORGAN CHASE & CO,JPMORGAN CHASE & CO 2.522% 22Apr2031,2.522
US46647PBM77,JPM,name_block,JPMORGAN CHASE & CO,JPMORGAN CHASE & CO 3.109% 22Apr2041,3.109
US46647PBN50,JPM,name_block,JPMORGAN CHASE & CO,JPMORGAN CHASE & CO 3.109% 22Apr2051,3.109
US46647PBR64,JPM,name_block,JPMORGAN CHASE & CO,JPMORGAN CHASE & CO 2.182% 01Jun2028,2.182
US46647PBU93,JPM,name_block,JPMORGAN CHASE & CO,JPMORGAN CHASE & CO 1.764% 19Nov2031,1.764
US46647PBV76,JPM,name_block,JPMORGAN CHASE & CO,JPMORGAN CHASE & CO 2.525% 19Nov2041,2.525
US46647PBX33,JPM,name_block,JPMORGAN CHASE & CO,JPMORGAN CHASE & CO 1.953% 04Feb2032,1.953
US46647PCC86,JPM,name_block,JPMORGAN CHASE & CO,JPMORGAN CHASE & CO 2.58% 22Apr2032,2.580
US46647PCD69,JPM,name_block,JPMORGAN CHASE & CO,JPMORGAN CHASE & CO 3.157% 22Apr2042,3.157
US46647PCE43,JPM,name_block,JPMORGAN CHASE & CO,JPMORGAN CHASE & CO 3.328% 22Apr2052,3.328
US46647PCJ30,JPM,name_block,JPMORGAN CHASE & CO,JPMORGAN CHASE & CO 2.069% 01Jun2029,2.069
US46647PCP99,JPM,name_block,JPM 1.47 22-SEP-27,JPM 1.47 22-SEP-27,1.470
US46647PCR55,JPM,name_block,JPM 2.545 08-NOV-32,JPM 2.545 08-NOV-32,2.545
US46647PCU84,JPM,name_block,JPM 2.963 25-JAN-33,JPM 2.963 25-JAN-33,2.963
US46647PCW41,JPM,name_block,JPM 2.947 24-FEB-28,JPM 2.947 24-FEB-28,2.947
US46647PCY07,JPM,name_block,JPM 5.755141 24-FEB-28,JPM 5.755141 24-FEB-28,5.755
US46647PDA12,JPM,name_block,JPM 4.323 26-APR-28,JPM 4.323 26-APR-28,4.323
US46647PDC77,JPM,name_block,JPM 4.586 26-APR-33,JPM 4.586 26-APR-33,4.586
US46647PDF09,JPM,name_block,JPM 4.565 14-JUN-30,JPM 4.565 14-JUN-30,4.565
US46647PDH64,JPM,name_block,JPM 4.912 25-JUL-33,JPM 4.912 25-JUL-33,4.912
US46647PDK93,JPM,name_block,JPM 5.717 14-SEP-33,JPM 5.717 14-SEP-33,5.717
US46647PEB85,JPM,name_block,JPMorgan Chase & Co. 5012% 24/30,"JPMorgan Chase & Co. 5,012% 24/30",5.012
US476556CX17,FE,name_block,JERSEY CENT PWR & LT CO 6.15% 01Jun2037,JERSEY CENT PWR & LT CO 6.15% 01Jun2037,6.150
US476556DD44,FE,name_block,FE 2.75 01-MAR-32,FE 2.75 01-MAR-32,2.750
US478160AJ37,JNJ,cusip6,JOHNSON & JOHNSON 6.95% 01Sep2029,JOHNSON & JOHNSON 6.95% 01Sep2029,6.950
US478160AL82,JNJ,cusip6,JOHNSON & JOHNSON 4.95% 15May2033,JOHNSON & JOHNSON 4.95% 15May2033,4.950
US478160AN49,JNJ,cusip6,JOHNSON & JOHNSON 5.95% 15Aug2037,JOHNSON & JOHNSON 5.95% 15Aug2037,5.950
US478160AT19,JNJ,cusip6,JOHNSON & JOHNSON 5.85% 15Jul2038,JOHNSON & JOHNSON 5.85% 15Jul2038,5.850
US478160AV64,JNJ,cusip6,JOHNSON & JOHNSON 4.5% 01Sep2040,JOHNSON & JOHNSON 4.5% 01Sep2040,4.500
US478160BA19,JNJ,cusip6,JOHNSON & JOHNSON 4.85% 15May2041,JOHNSON & JOHNSON 4.85% 15May2041,4.850
US478160BJ28,JNJ,cusip6,JOHNSON & JOHNSON 4.375% 05Dec2033,JOHNSON & JOHNSON 4.375% 05Dec2033,4.375
US478160BK90,JNJ,cusip6,JOHNSON & JOHNSON 4.5% 05Dec2043,JOHNSON & JOHNSON 4.5% 05Dec2043,4.500
US478160BU72,JNJ,cusip6,JOHNSON & JOHNSON 3.55% 01Mar2036,JOHNSON & JOHNSON 3.55% 01Mar2036,3.550
US478160BV55,JNJ,cusip6,JOHNSON & JOHNSON 3.7% 01Mar2046,JOHNSON & JOHNSON 3.7% 01Mar2046,3.700
US478160CE22,JNJ,cusip6,JOHNSON & JOHNSON 2.95% 03Mar2027,JOHNSON & JOHNSON 2.95% 03Mar2027,2.950
US478160CF96,JNJ,cusip6,JOHNSON & JOHNSON 3.625% 03Mar2037,JOHNSON & JOHNSON 3.625% 03Mar2037,3.625
US478160CG79,JNJ,cusip6,JOHNSON & JOHNSON 3.75% 03Mar2047,JOHNSON & JOHNSON 3.75% 03Mar2047,3.750
US478160CK81,JNJ,cusip6,JOHNSON & JOHNSON 2.9% 15Jan2028,JOHNSON & JOHNSON 2.9% 15Jan2028,2.900
US478160CL64,JNJ,cusip6,JOHNSON & JOHNSON 3.4% 15Jan2038,JOHNSON & JOHNSON 3.4% 15Jan2038,3.400
US478160CM48,JNJ,cusip6,JOHNSON & JOHNSON 3.5% 15Jan2048,JOHNSON & JOHNSON 3.5% 15Jan2048,3.500
US478160CP78,JNJ,cusip6,JOHNSON & JOHNSON,JOHNSON & JOHNSON 0.95% 01Sep2027,0.950
US478160CQ51,JNJ,cusip6,JOHNSON & JOHNSON,JOHNSON & JOHNSON 1.3% 01Sep2030,1.300
US478160CR35,JNJ,cusip6,JOHNSON & JOHNSON,JOHNSON & JOHNSON 2.1% 01Sep2040,2.100
US478160CS18,JNJ,cusip6,JOHNSON & JOHNSON,JOHNSON & JOHNSON 2.25% 01Sep2050,2.250
US478160CT90,JNJ,cusip6,JOHNSON & JOHNSON,JOHNSON & JOHNSON 2.45% 01Sep2060,2.450
US47837RAD26,JCI,name_block,JCI 2 16-SEP-31,JCI 2 16-SEP-31,2.000
US47837RAE09,JCI,name_block,JCI 4.9 01-DEC-32,JCI 4.9 01-DEC-32,4.900
US482480AF77,KLAC,cusip6,KLA-TENCOR CORP 5.65% 01Nov2034,KLA-TENCOR CORP 5.65% 01Nov2034,5.650
US482480AG50,KLAC,cusip6,KLA-TENCOR CORPORATION,KLA CORP 4.1% 15Mar2029,4.100
US482480AJ99,KLAC,cusip6,KLA CORP,KLA CORP 3.3% 01Mar2050,3.300
US482480AL46,KLAC,cusip6,KLAC 4.65 15-JUL-32,KLAC 4.65 15-JUL-32,4.650
US482480AM29,KLAC,cusip6,KLAC 4.95 15-JUL-52,KLAC 4.95 15-JUL-52,4.950
US482480AN02,KLAC,cusip6,KLAC 5.25 15-JUL-62,KLAC 5.25 15-JUL-62,5.250
US48255BAA44,KKR,name_block,KKR 3.25 15-DEC-51,KKR 3.25 15-DEC-51,3.250
US48255GAA31,KKR,name_block,KKR 4.85 17-MAY-32,KKR 4.85 17-MAY-32,4.850
US49271VAF76,KDP,cusip6,Keurig Dr Pepper Inc 4.597% 25may2028 USD,KEURIG DR PEPPER INC 4.597% 25May2028,4.597
US49271VAJ98,KDP,cusip6,KEURIG DR PEPPER INC,KEURIG DR PEPPER INC 3.2% 01May2030,3.200
US49271VAK61,KDP,cusip6,KEURIG DR PEPPER INC,KEURIG DR PEPPER INC 3.8% 01May2050,3.800
US49271VAM28,KDP,cusip6,KDP 3.35 15-MAR-51,KDP 3.35 15-MAR-51,3.350
US49271VAN01,KDP,cusip6,KDP 2.25 15-MAR-31,KDP 2.25 15-MAR-31,2.250
US49271VAP58,KDP,cusip6,KDP 3.95 15-APR-29,KDP 3.95 15-APR-29,3.950
US49271VAQ32,KDP,cusip6,KDP 4.05 15-APR-32,KDP 4.05 15-APR-32,4.050
US49271VAR15,KDP,cusip6,KDP 4.5 15-APR-52,KDP 4.5 15-APR-52,4.500
US49326EEG44,KEY,name_block,KEYCORP MEDIUM TERM SR NTS BOOK ENTRY 4.1% 30Apr2028,KEYCORP MEDIUM TERM SR NTS BOOK ENTRY 4.1% 30Apr2028,4.100
US49326EEJ82,KEY,name_block,KEYCORP MTN,KEYCORP MEDIUM TERM SR NTS BOOK ENTRY 2.55% 01Oct2029,2.550
US49326EEK55,KEY,name_block,KEYCORP MTN,KEYCORP MEDIUM TERM SR NTS BOOK ENTRY 2.25% 06Apr2027,2.250
US49326EEN94,KEY,name_block,KEY 4.789 01-JUN-33,KEY 4.789 01-JUN-33,4.789
US49327M3F97,KEY,name_block,KEY 5.85 15-NOV-27,KEY 5.85 15-NOV-27,5.850
US49327M3H53,KEY,name_block,KEY 5 26-JAN-33,KEY 5 26-JAN-33,5.000
US49327V2C76,KEY,name_block,KEY 4.9 08-AUG-32,KEY 4.9 08-AUG-32,4.900
US49338LAE39,KEYS,cusip6,KEYSIGHT TECHNOLOGIES INC 4.6% 06Apr2027,KEYSIGHT TECHNOLOGIES INC 4.6% 06Apr2027,4.600
US494368BC63,KMB,cusip6,KIMBERLY CLARK CORP 6.625% 01Aug2037,KIMBERLY CLARK CORP 6.625% 01Aug2037,6.625
US494368BG77,KMB,cusip6,KIMBERLY CLARK CORP 5.3% 01Mar2041,KIMBERLY CLARK CORP 5.3% 01Mar2041,5.300
US494368BV45,KMB,cusip6,KIMBERLY CLARK CORP 3.2% 30Jul2046,KIMBERLY CLARK CORP 3.2% 30Jul2046,3.200
US494368BW28,KMB,cusip6,KIMBERLY CLARK CORP 3.9% 04May2047,KIMBERLY CLARK CORP 3.9% 04May2047,3.900
US494368BY83,KMB,cusip6,KIMBERLY CLARK CORP 3.95% 01Nov2028,KIMBERLY CLARK CORP 3.95% 01Nov2028,3.950
US494368CB71,KMB,cusip6,KIMBERLY-CLARK CORPORATION,KIMBERLY-CLARK CORP 3.1% 26Mar2030,3.100
US494368CD38,KMB,cusip6,KMB 2 02-NOV-31,KMB 2 02-NOV-31,2.000
US494368CE11,KMB,cusip6,KMB 4.5 16-FEB-33,KMB 4.5 16-FEB-33,4.500
US49446RAM16,KIM,cusip6,KIMCO RLTY CORP 4.25% 01Apr2045,KIMCO RLTY CORP 4.25% 01Apr2045,4.250
US49446RAP47,KIM,cusip6,KIMCO RLTY CORP 2.8% 01Oct2026,KIMCO RLTY CORP 2.8% 01Oct2026,2.800
US49446RAQ20,KIM,cusip6,KIMCO RLTY CORP 4.125% 01Dec2046,KIMCO RLTY CORP 4.125% 01Dec2046,4.125
US49446RAT68,KIM,cusip6,KIMCO RLTY CORP 4.45% 01Sep2047,KIMCO RLTY CORP 4.45% 01Sep2047,4.450
US49446RAY53,KIM,cusip6,KIM 2.25 01-DEC-31,KIM 2.25 01-DEC-31,2.250
US49446RAZ29,KIM,cusip6,KIM 3.2 01-APR-32,KIM 3.2 01-APR-32,3.200
US49446RBA68,KIM,cusip6,KIM 4.6 01-FEB-33,KIM 4.6 01-FEB-33,4.600
US494550AJ57,KMI,name_block,KINDER MORGAN ENERGY PARTNERS L P 7.4% 15Mar2031,KINDER MORGAN ENERGY PARTNERS L P 7.4% 15Mar2031,7.400
US494550AL04,KMI,name_block,KINDER MORGAN ENERGY PARTNERS L P 7.75% 15Mar2032,KINDER MORGAN ENERGY PARTNERS L P 7.75% 15Mar2032,7.750
US494550AQ90,KMI,name_block,KINDER MORGAN ENERGY PARTNERS L P 7.3% 15Aug2033,KINDER MORGAN ENERGY PARTNERS L P 7.3% 15Aug2033,7.300
US494550AT30,KMI,name_block,KINDER MORGAN ENERGY PARTNERS L P 5.8% 15Mar2035,KINDER MORGAN ENERGY PARTNERS L P 5.8% 15Mar2035,5.800
US494550AW68,KMI,name_block,KINDER MORGAN ENERGY PARTNERS L P 6.95% 15Jan2038,KINDER MORGAN ENERGY PARTNERS L P 6.95% 15Jan2038,6.950
US494550BD78,KMI,name_block,KINDER MORGAN ENERGY PARTNERS L P 6.5% 01Sep2039,KINDER MORGAN ENERGY PARTNERS L P 6.5% 01Sep2039,6.500
US494550BF27,KMI,name_block,KINDER MORGAN ENERGY PARTNERS L P 6.55% 15Sep2040,KINDER MORGAN ENERGY PARTNERS L P 6.55% 15Sep2040,6.550
US494550BH82,KMI,name_block,KINDER MORGAN ENERGY PARTNERS L P 6.375% 01Mar2041,KINDER MORGAN ENERGY PARTNERS L P 6.375% 01Mar2041,6.375
US494550BK12,KMI,name_block,KINDER MORGAN ENERGY PARTNERS L P 5.625% 01Sep2041,KINDER MORGAN ENERGY PARTNERS L P 5.625% 01Sep2041,5.625
US494550BN50,KMI,name_block,KINDER MORGAN ENERGY PARTNERS L P 5% 15Aug2042,KINDER MORGAN ENERGY PARTNERS L P 5% 15Aug2042,5.000
US494550BP09,KMI,name_block,KINDER MORGAN ENERGY PARTNERS L P 5% 01Mar2043,KINDER MORGAN ENERGY PARTNERS L P 5% 01Mar2043,5.000
US494550BU93,KMI,name_block,KINDER MORGAN ENERGY PARTNERS L P 5.5% 01Mar2044,KINDER MORGAN ENERGY PARTNERS L P 5.5% 01Mar2044,5.500
US494550BW59,KMI,name_block,KINDER MORGAN ENERGY PARTNERS L P 5.4% 01Sep2044,KINDER MORGAN ENERGY PARTNERS L P 5.4% 01Sep2044,5.400
US49456BAG68,KMI,name_block,KINDER MORGAN INC DEL 5.3% 01Dec2034,KINDER MORGAN INC DEL 5.3% 01Dec2034,5.300
US49456BAH42,KMI,name_block,KINDER MORGAN INC DEL 5.55% 01Jun2045,KINDER MORGAN INC DEL 5.55% 01Jun2045,5.550
US49456BAJ08,KMI,name_block,KINDER MORGAN INC DEL 5.05% 15Feb2046,KINDER MORGAN INC DEL 5.05% 15Feb2046,5.050
US49456BAP67,KMI,name_block,KINDER MORGAN INC DEL 4.3% 01Mar2028,KINDER MORGAN INC DEL 4.3% 01Mar2028,4.300
US49456BAQ41,KMI,name_block,KINDER MORGAN INC DEL 5.2% 01Mar2048,KINDER MORGAN INC DEL 5.2% 01Mar2048,5.200
US49456BAR24,KMI,name_block,KINDER MORGAN INC,KINDER MORGAN INC DEL 2% 15Feb2031,2.000
US49456BAT89,KMI,name_block,KINDER MORGAN INC,KINDER MORGAN INC DEL 3.6% 15Feb2051,3.600
US49456BAU52,KMI,name_block,KMI 1.75 15-NOV-26,KMI 1.75 15-NOV-26,1.750
US49456BAV36,KMI,name_block,KMI 4.8 01-FEB-33,KMI 4.8 01-FEB-33,4.800
US49456BAW19,KMI,name_block,KMI 5.45 01-AUG-52,KMI 5.45 01-AUG-52,5.450
US49456BAX91,KMI,name_block,KMI 5.2 01-JUN-33,KMI 5.2 01-JUN-33,5.200
US50075NAC83,KHC,cusip6,KRAFT FOODS INC 6.5% 01Nov2031,KRAFT FOODS INC 6.5% 01Nov2031,6.500
US50077LAB27,KHC,name_block,KRAFT HEINZ FOODS CO 4.375% 01Jun2046,KRAFT HEINZ FOODS CO 4.375% 01Jun2046,4.375
US50077LAL09,KHC,name_block,KRAFT HEINZ FOODS CO 5% 15Jul2035,KRAFT HEINZ FOODS CO 5% 15Jul2035,5.000
US50077LAM81,KHC,name_block,KRAFT HEINZ FOODS CO 5.2% 15Jul2045,KRAFT HEINZ FOODS CO 5.2% 15Jul2045,5.200
US50077LAT35,KHC,name_block,KRAFT HEINZ FOODS CO 4.625% 30Jan2029,KRAFT HEINZ FOODS CO 4.625% 30Jan2029,4.625
US501044BV23,KR,cusip6,KROGER CO 8% 15Sep2029,KROGER CO 8% 15Sep2029,8.000
US501044BZ37,KR,cusip6,KROGER CO 7.5% 01Apr2031,KROGER CO 7.5% 01Apr2031,7.500
US501044CK58,KR,cusip6,KROGER CO 6.9% 15Apr2038,KROGER CO 6.9% 15Apr2038,6.900
US501044CN97,KR,cusip6,KROGER CO 5.4% 15Jul2040,KROGER CO 5.4% 15Jul2040,5.400
US501044CR02,KR,cusip6,KROGER CO 5% 15Apr2042,KROGER CO 5% 15Apr2042,5.000
US501044CT67,KR,cusip6,KROGER CO 5.15% 01Aug2043,KROGER CO 5.15% 01Aug2043,5.150
US501044DE89,KR,cusip6,KROGER CO 2.65% 15Oct2026,KROGER CO 2.65% 15Oct2026,2.650
US501044DF54,KR,cusip6,KROGER CO 3.875% 15Oct2046,KROGER CO 3.875% 15Oct2046,3.875
US501044DG38,KR,cusip6,KROGER CO 4.45% 01Feb2047,KROGER CO 4.45% 01Feb2047,4.450
US501044DJ76,KR,cusip6,KROGER CO 3.7% 01Aug2027,KROGER CO 3.7% 01Aug2027,3.700
US501044DK40,KR,cusip6,KROGER CO 4.65% 15Jan2048,KROGER CO 4.65% 15Jan2048,4.650
US501044DL23,KR,cusip6,KROGER CO 4.5% 15Jan2029,KROGER CO 4.5% 15Jan2029,4.500
US501044DM06,KR,cusip6,KROGER CO 5.4% 15Jan2049,KROGER CO 5.4% 15Jan2049,5.400
US501044DN88,KR,cusip6,KROGER CO,KROGER CO 3.95% 15Jan2050,3.950
US501044DQ10,KR,cusip6,KR 1.7 15-JAN-31,KR 1.7 15-JAN-31,1.700
US502431AM16,LHX,cusip6,L3HARRIS TECHNOLOGIES INC,L3HARRIS TECHNOLOGIES INC 4.4% 15Jun2028,4.400
US50249AAA16,LYB,name_block,LYB INTERNATIONAL FINANCE III LLC,LYB INTL FIN III LLC 4.2% 15Oct2049,4.200
US50249AAD54,LYB,name_block,LYB INTERNATIONAL FINANCE III LLC,LYB INTL FIN III LLC 4.2% 01May2050,4.200
US50249AAG85,LYB,name_block,LYB 2.25 01-OCT-30,LYB 2.25 01-OCT-30,2.250
US50249AAH68,LYB,name_block,LYB INTERNATIONAL FINANCE III LLC,LYB INTL FIN III LLC 3.375% 01Oct2040,3.375
US50249AAJ25,LYB,name_block,LYB INTERNATIONAL FINANCE III LLC,LYB INTL FIN III LLC 3.625% 01Apr2051,3.625
US50249AAK97,LYB,name_block,LYB 3.8 01-OCT-60,LYB 3.8 01-OCT-60,3.800
US50540RAS13,LH,cusip6,LABORATORY CORP AMER HLDGS 4.7% 01Feb2045,LABORATORY CORP AMER HLDGS 4.7% 01Feb2045,4.700
US50540RAU68,LH,cusip6,LABORATORY CORP AMER HLDGS 3.6% 01Sep2027,LABORATORY CORP AMER HLDGS 3.6% 01Sep2027,3.600
US50540RAY80,LH,cusip6,LH 2.7 01-JUN-31,LH 2.7 01-JUN-31,2.700
US512807AT55,LRCX,cusip6,LAM RESEARCH CORPORATION,LAM RESH CORP 4.875% 15Mar2049,4.875
US512807AU29,LRCX,cusip6,LAM RESEARCH CORPORATION,LAM RESH CORP 4% 15Mar2029,4.000
US512807AV02,LRCX,cusip6,LAM RESEARCH CORPORATION,LAM RESH CORP 1.9% 15Jun2030,1.900
US512807AW84,LRCX,cusip6,LAM RESEARCH CORPORATION,LAM RESH CORP 2.875% 15Jun2050,2.875
US517834AF40,LVS,cusip6,LAS VEGAS SANDS CORP,LAS VEGAS SANDS CORP 3.9% 08Aug2029,3.900
US52532XAF24,LDOS,name_block,LEIDOS INC,LEIDOS INC 4.375% 15May2030,4.375
US52532XAH89,LDOS,name_block,LEIDOS INC,LEIDOS INC 2.3% 15Feb2031,2.300
US52532XAJ46,LDOS,name_block,LDOS 5.75 15-MAR-33,LDOS 5.75 15-MAR-33,5.750
US526057CD41,LEN,name_block,Lennar 4.75% 29nov2027 USD,Lennar 4.75% 29nov2027 USD,4.750
US526057CV49,LEN,name_block,LENNAR CORP 5% 15Jun2027,LENNAR CORP 5% 15Jun2027,5.000
US532457AZ17,LLY,cusip6,LILLY ELI & CO 5.5% 15Mar2027,LILLY ELI & CO 5.5% 15Mar2027,5.500
US532457BP26,LLY,cusip6,LILLY ELI & CO 3.1% 15May2027,LILLY ELI & CO 3.1% 15May2027,3.100
US532457BT48,LLY,cusip6,ELI LILLY AND COMPANY,LILLY ELI & CO 3.95% 15Mar2049,3.950
US532457BU11,LLY,cusip6,ELI LILLY AND COMPANY,LILLY ELI & CO 4.15% 15Mar2059,4.150
US532457BV93,LLY,cusip6,ELI LILLY AND COMPANY,LILLY ELI & CO 3.375% 15Mar2029,3.375
US532457BY33,LLY,cusip6,ELI LILLY AND COMPANY,LILLY ELI & CO 2.25% 15May2050,2.250
US532457BZ08,LLY,cusip6,ELI LILLY AND COMPANY,LILLY ELI & CO 2.5% 15Sep2060,2.500
US532457CF35,LLY,cusip6,LLY 4.7 27-FEB-33,LLY 4.7 27-FEB-33,4.700
US532457CG18,LLY,cusip6,LLY 4.875 27-FEB-53,LLY 4.875 27-FEB-53,4.875
US532457CH90,LLY,cusip6,LLY 4.95 27-FEB-63,LLY 4.95 27-FEB-63,4.950
US538034AR08,LYV,name_block,Live Nation Entertainment 4.75% 15oct2027 USD,Live Nation Entertainment 4.75% 15oct2027 USD,4.750
US538034AV10,LYV,name_block,Live Nation Entertainment 6.5% 15may2027 USD,Live Nation Entertainment 6.5% 15may2027 USD,6.500
US539830AR02,LMT,cusip6,LOCKHEED MARTIN CORP 6.15% 01Sep2036,LOCKHEED MARTIN CORP 6.15% 01Sep2036,6.150
US539830AZ28,LMT,cusip6,LOCKHEED MARTIN CORP 4.85% 15Sep2041,LOCKHEED MARTIN CORP 4.85% 15Sep2041,4.850
US539830BB41,LMT,cusip6,LOCKHEED MARTIN CORP 4.07% 15Dec2042,LOCKHEED MARTIN CORP 4.07% 15Dec2042,4.070
US539830BC24,LMT,cusip6,LOCKHEED MARTIN CORP 3.6% 01Mar2035,LOCKHEED MARTIN CORP 3.6% 01Mar2035,3.600
US539830BD07,LMT,cusip6,LOCKHEED MARTIN CORP 3.8% 01Mar2045,LOCKHEED MARTIN CORP 3.8% 01Mar2045,3.800
US539830BK40,LMT,cusip6,LOCKHEED MARTIN CORP 4.5% 15May2036,LOCKHEED MARTIN CORP 4.5% 15May2036,4.500
US539830BL23,LMT,cusip6,LOCKHEED MARTIN CORP 4.7% 15May2046,LOCKHEED MARTIN CORP 4.7% 15May2046,4.700
US539830BN88,LMT,cusip6,LOCKHEED MARTIN CORP 4.09% 15Sep2052,LOCKHEED MARTIN CORP 4.09% 15Sep2052,4.090
US539830BQ10,LMT,cusip6,LOCKHEED MARTIN CORPORATION,LOCKHEED MARTIN CORP 2.8% 15Jun2050,2.800
US539830BR92,LMT,cusip6,LMT 3.9 15-JUN-32,LMT 3.9 15-JUN-32,3.900
US539830BS75,LMT,cusip6,LMT 4.15 15-JUN-53,LMT 4.15 15-JUN-53,4.150
US539830BT58,LMT,cusip6,LMT 4.3 15-JUN-62,LMT 4.3 15-JUN-62,4.300
US539830BV05,LMT,cusip6,LMT 5.1 15-NOV-27,LMT 5.1 15-NOV-27,5.100
US539830BW87,LMT,cusip6,LMT 5.25 15-JAN-33,LMT 5.25 15-JAN-33,5.250
US539830BX60,LMT,cusip6,LMT 5.7 15-NOV-54,LMT 5.7 15-NOV-54,5.700
US539830BY44,LMT,cusip6,LMT 5.9 15-NOV-63,LMT 5.9 15-NOV-63,5.900
US540424AP38,L,cusip6,LOEWS CORP 6% 01Feb2035,LOEWS CORP 6% 01Feb2035,6.000
US540424AR93,L,cusip6,LOEWS CORP 4.125% 15May2043,LOEWS CORP 4.125% 15May2043,4.125
US546676AV99,PPL,name_block,LOUISVILLE GAS & ELEC CO 4.65% 15Nov2043,LOUISVILLE GAS & ELEC CO 4.65% 15Nov2043,4.650
US546676AZ04,PPL,name_block,PPL 5.45 15-APR-33,PPL 5.45 15-APR-33,5.450
US548661AH09,LOW,cusip6,LOWES COS INC 6.875% 15Feb2028,LOWES COS INC 6.875% 15Feb2028,6.875
US548661AK38,LOW,cusip6,LOWES COS INC 6.5% 15Mar2029,LOWES COS INC 6.5% 15Mar2029,6.500
US548661CJ47,LOW,cusip6,LOWES COS INC 5.5% 15Oct2035,LOWES COS INC 5.5% 15Oct2035,5.500
US548661CL92,LOW,cusip6,LOWES COS INC 5.8% 15Oct2036,LOWES COS INC 5.8% 15Oct2036,5.800
US548661CP07,LOW,cusip6,LOWES COS INC 6.65% 15Sep2037,LOWES COS INC 6.65% 15Sep2037,6.650
US548661CX31,LOW,cusip6,LOWES COS INC 4.65% 15Apr2042,LOWES COS INC 4.65% 15Apr2042,4.650
US548661DE41,LOW,cusip6,LOWES COS INC 4.25% 15Sep2044,LOWES COS INC 4.25% 15Sep2044,4.250
US548661DJ38,LOW,cusip6,LOWES COS INC 4.375% 15Sep2045,LOWES COS INC 4.375% 15Sep2045,4.375
US548661DN40,LOW,cusip6,LOWES COS INC 3.7% 15Apr2046,LOWES COS INC 3.7% 15Apr2046,3.700
US548661DP97,LOW,cusip6,LOWES COS INC 3.1% 03May2027,LOWES COS INC 3.1% 03May2027,3.100
US548661DQ70,LOW,cusip6,LOWES COS INC 4.05% 03May2047,LOWES COS INC 4.05% 03May2047,4.050
US548661DR53,LOW,cusip6,LOWES COMPANIES INC,LOWES COS INC 3.65% 05Apr2029,3.650
US548661DU82,LOW,cusip6,LOWES COMPANIES INC,LOWES COS INC 4.5% 15Apr2030,4.500
US548661DX22,LOW,cusip6,LOWES COMPANIES INC,LOWES COS INC 1.3% 15Apr2028,1.300
US548661DY05,LOW,cusip6,LOWES COMPANIES INC,LOWES COS INC 1.7% 15Oct2030,1.700
US548661DZ79,LOW,cusip6,LOWES COMPANIES INC,LOWES COS INC 3% 15Oct2050,3.000
US548661EA10,LOW,cusip6,LOWES COMPANIES INC,LOWES COS INC 2.625% 01Apr2031,2.625
US548661EB92,LOW,cusip6,LOW 3.5 01-APR-51,LOW 3.5 01-APR-51,3.500
US548661ED58,LOW,cusip6,LOW 1.7 15-SEP-28,LOW 1.7 15-SEP-28,1.700
US548661EE32,LOW,cusip6,LOW 2.8 15-SEP-41,LOW 2.8 15-SEP-41,2.800
US548661EF07,LOW,cusip6,LOW 4.45 01-APR-62,LOW 4.45 01-APR-62,4.450
US548661EG89,LOW,cusip6,LOW 3.35 01-APR-27,LOW 3.35 01-APR-27,3.350
US548661EH62,LOW,cusip6,LOW 3.75 01-APR-32,LOW 3.75 01-APR-32,3.750
US548661EJ29,LOW,cusip6,LOW 4.25 01-APR-52,LOW 4.25 01-APR-52,4.250
US548661EL74,LOW,cusip6,LOW 5 15-APR-33,LOW 5 15-APR-33,5.000
US548661EM57,LOW,cusip6,LOW 5.625 15-APR-53,LOW 5.625 15-APR-53,5.625
US548661EN31,LOW,cusip6,LOW 5.8 15-SEP-62,LOW 5.8 15-SEP-62,5.800
US55261FAH73,MTB,name_block,MTB 5.125,MTB 5.125,
US55261FAN42,MTB,name_block,MTB 3.5,MTB 3.5,
US55261FAQ72,MTB,name_block,MTB 4.553 16-AUG-28,MTB 4.553 16-AUG-28,4.553
US55261FAR55,MTB,name_block,MTB 5.053 27-JAN-34,MTB 5.053 27-JAN-34,5.053
US55279HAW07,MTB,name_block,MTB 4.7 27-JAN-28,MTB 4.7 27-JAN-28,4.700
US552953CD18,MGM,cusip6,MGM Resorts International 4.625% 1sep2026 USD,MGM Resorts International 4.625% 1sep2026 USD,4.625
US552953CF65,MGM,cusip6,MGM RESORTS INTL 5.5% 15Apr2027,MGM RESORTS INTL 5.5% 15Apr2027,5.500
US552953CH22,MGM,cusip6,MGM RESORTS INTL 4.75% 15Oct2028,MGM RESORTS INTL 4.75% 15Oct2028,4.750
US55354GAH39,MSCI,cusip6,MSCI Inc 4% 15nov2029 USD,MSCI INC 4% 15Nov2029,4.000
US55354GAK67,MSCI,cusip6,MSCI Inc 3.625% 1sep2030 USD,MSCI INC 3.625% 01Sep2030,3.625
US55354GAL41,MSCI,cusip6,MSCI Inc 3.875% 15feb2031 USD,MSCI INC 3.875% 15Feb2031,3.875
US56585AAF93,MPC,cusip6,MARATHON PETE CORP 6.5% 01Mar2041,MARATHON PETE CORP 6.5% 01Mar2041,6.500
US56585AAH59,MPC,cusip6,MARATHON PETE CORP 4.75% 15Sep2044,MARATHON PETE CORP 4.75% 15Sep2044,4.750
US56585AAJ16,MPC,cusip6,MARATHON PETE CORP 5% 15Sep2054,MARATHON PETE CORP 5% 15Sep2054,5.000
US56585AAM45,MPC,cusip6,MARATHON PETE CORP 5.85% 15Dec2045,MARATHON PETE CORP 5.85% 15Dec2045,5.850
US571748AK86,MMC,cusip6,MARSH & MCLENNAN COS INC 5.875% 01Aug2033,MARSH & MCLENNAN COS INC 5.875% 01Aug2033,5.875
US571748BC51,MMC,cusip6,MARSH & MCLENNAN COS INC 4.35% 30Jan2047,MARSH & MCLENNAN COS INC 4.35% 30Jan2047,4.350
US571748BD35,MMC,cusip6,MARSH & MCLENNAN COS INC 4.2% 01Mar2048,MARSH & MCLENNAN COS INC 4.2% 01Mar2048,4.200
US571748BG65,MMC,cusip6,MARSH & MCLENNAN COS INC 4.375% 15Mar2029,MARSH & MCLENNAN COS INC 4.375% 15Mar2029,4.375
US571748BH49,MMC,cusip6,MARSH & MCLENNAN COS INC 4.75% 15Mar2039,MARSH & MCLENNAN COS INC 4.75% 15Mar2039,4.750
US571748BJ05,MMC,cusip6,MARSH & MCLENNAN COS INC 4.9% 15Mar2049,MARSH & MCLENNAN COS INC 4.9% 15Mar2049,4.900
US571748BN17,MMC,cusip6,MARSH & MCLENNAN COMPANIES INC,MARSH & MCLENNAN COS INC 2.25% 15Nov2030,2.250
US571748BP64,MMC,cusip6,MMC 2.375 15-DEC-31,MMC 2.375 15-DEC-31,2.375
US571748BQ48,MMC,cusip6,MMC 2.9 15-DEC-51,MMC 2.9 15-DEC-51,2.900
US571748BR21,MMC,cusip6,MMC 5.75 01-NOV-32,MMC 5.75 01-NOV-32,5.750
US571748BS04,MMC,cusip6,MMC 6.25 01-NOV-52,MMC 6.25 01-NOV-52,6.250
US571748BT86,MMC,cusip6,MMC 5.45 15-MAR-53,MMC 5.45 15-MAR-53,5.450
US571903AX17,MAR,name_block,MARRIOTT INTL INC NEW 4.5% 01Oct2034,MARRIOTT INTL INC NEW 4.5% 01Oct2034,4.500
US571903AY99,MAR,name_block,MARRIOTT INTL INC NEW 4% 15Apr2028,MARRIOTT INTL INC NEW 4% 15Apr2028,4.000
US571903BB87,MAR,name_block,MARRIOTT INTL INC NEW 4.65% 01Dec2028,MARRIOTT INTL INC NEW 4.65% 01Dec2028,4.650
US571903BE27,MAR,name_block,MARRIOTT INTERNATIONAL INC,MARRIOTT INTL INC NEW 4.625% 15Jun2030,4.625
US571903BF91,MAR,name_block,MARRIOTT INTERNATIONAL INC,MARRIOTT INTL INC NEW 3.5% 15Oct2032,3.500
US571903BG74,MAR,name_block,MARRIOTT INTERNATIONAL INC,MARRIOTT INTL INC NEW 2.85% 15Apr2031,2.850
US571903BH57,MAR,name_block,MAR 2.75 15-OCT-33,MAR 2.75 15-OCT-33,2.750
US571903BJ14,MAR,name_block,MAR 5 15-OCT-27,MAR 5 15-OCT-27,5.000
US573284AJ51,MLM,cusip6,MARTIN MARIETTA MATLS INC 6.25% 01May2037,MARTIN MARIETTA MATLS INC 6.25% 01May2037,6.250
US573284AQ94,MLM,cusip6,MARTIN MARIETTA MATLS INC 3.45% 01Jun2027,MARTIN MARIETTA MATLS INC 3.45% 01Jun2027,3.450
US573284AT34,MLM,cusip6,MARTIN MARIETTA MATLS INC 3.5% 15Dec2027,MARTIN MARIETTA MATLS INC 3.5% 15Dec2027,3.500
US573284AU07,MLM,cusip6,MARTIN MARIETTA MATLS INC 4.25% 15Dec2047,MARTIN MARIETTA MATLS INC 4.25% 15Dec2047,4.250
US573284AW62,MLM,cusip6,MARTIN MARIETTA MATERIALS INC,MARTIN MARIETTA MATLS INC 2.4% 15Jul2031,2.400
US573284AX46,MLM,cusip6,MARTIN MARIETTA MATERIALS INC,MARTIN MARIETTA MATLS INC 3.2% 15Jul2051,3.200
US57385LAB45,MRVL,name_block,MARVELL TECHNOLOGY GROUP LTD 4.875% 22Jun2028,MARVELL TECHNOLOGY GROUP LTD 4.875% 22Jun2028,4.875
US573874AF10,MRVL,name_block,MRVL 2.45 15-APR-28,MRVL 2.45 15-APR-28,2.450
US573874AJ32,MRVL,name_block,MRVL 2.95 15-APR-31,MRVL 2.95 15-APR-31,2.950
US573874AN44,MRVL,name_block,MRVL 4.875 22-JUN-28,MRVL 4.875 22-JUN-28,4.875
US574599AT32,MAS,cusip6,MASCO CORP 7.75% 01Aug2029,MASCO CORP 7.75% 01Aug2029,7.750
US574599AY27,MAS,cusip6,MASCO CORP 6.5% 15Aug2032,MASCO CORP 6.5% 15Aug2032,6.500
US574599BM79,MAS,cusip6,MASCO CORP 4.5% 15May2047,MASCO CORP 4.5% 15May2047,4.500
US574599BN52,MAS,cusip6,MASCO CORP 3.5% 15Nov2027,MASCO CORP 3.5% 15Nov2027,3.500
US574599BQ83,MAS,cusip6,MAS 2 15-FEB-31,MAS 2 15-FEB-31,2.000
US574599BR66,MAS,cusip6,MAS 3.125 15-FEB-51,MAS 3.125 15-FEB-51,3.125
US574599BS40,MAS,cusip6,MAS 1.5 15-FEB-28,MAS 1.5 15-FEB-28,1.500
US57636QAG91,MA,cusip6,MASTERCARD INC 2.95% 21Nov2026,MASTERCARD INC 2.95% 21Nov2026,2.950
US57636QAH74,MA,cusip6,MASTERCARD INC 3.8% 21Nov2046,MASTERCARD INC 3.8% 21Nov2046,3.800
US57636QAJ31,MA,cusip6,MASTERCARD INC 3.5% 26Feb2028,MASTERCARD INC 3.5% 26Feb2028,3.500
US57636QAK04,MA,cusip6,MASTERCARD INC 3.95% 26Feb2048,MASTERCARD INC 3.95% 26Feb2048,3.950
US57636QAL86,MA,cusip6,MASTERCARD INC,MASTERCARD INC 3.65% 01Jun2049,3.650
US57636QAM69,MA,cusip6,MASTERCARD INC,MASTERCARD INC 2.95% 01Jun2029,2.950
US57636QAP90,MA,cusip6,MASTERCARD INC,MASTERCARD INC 3.35% 26Mar2030,3.350
US57636QAQ73,MA,cusip6,MASTERCARD INC,MASTERCARD INC 3.85% 26Mar2050,3.850
US57636QAR56,MA,cusip6,MASTERCARD INC,MASTERCARD INC 3.3% 26Mar2027,3.300
US57636QAS30,MA,cusip6,MA 1.9 15-MAR-31,MA 1.9 15-MAR-31,1.900
US57636QAT13,MA,cusip6,MA 2.95 15-MAR-51,MA 2.95 15-MAR-51,2.950
US57636QAU85,MA,cusip6,MA 2 18-NOV-31,MA 2 18-NOV-31,2.000
US57636QAW42,MA,cusip6,MA 4.875 09-MAR-28,MA 4.875 09-MAR-28,4.875
US57636QAX25,MA,cusip6,MA 4.85 09-MAR-33,MA 4.85 09-MAR-33,4.850
US579780AN77,MKC,cusip6,MCCORMICK & CO INC 3.4% 15Aug2027,MCCORMICK & CO INC 3.4% 15Aug2027,3.400
US579780AS64,MKC,cusip6,MKC 1.85 15-FEB-31,MKC 1.85 15-FEB-31,1.850
US580135BY65,MCD,cusip6,MCDONALDS CORP 6.375% 08Jan2028,MCDONALDS CORP 6.375% 08Jan2028,6.375
US58013MEC47,MCD,name_block,MCDONALDS CORP MEDIUM TERM NTS BOOK ENTR 6.3% 15Oct2037,MCDONALDS CORP MEDIUM TERM NTS BOOK ENTR 6.3% 15Oct2037,6.300
US58013MEF77,MCD,name_block,MCDONALDS CORP MEDIUM TERM NTS BOOK ENTR 6.3% 01Mar2038,MCDONALDS CORP MEDIUM TERM NTS BOOK ENTR 6.3% 01Mar2038,6.300
US58013MEH34,MCD,name_block,MCDONALDS CORP MEDIUM TERM NTS BOOK ENTR 5.7% 01Feb2039,MCDONALDS CORP MEDIUM TERM NTS BOOK ENTR 5.7% 01Feb2039,5.700
US58013MEK62,MCD,name_block,MCDONALDS CORP MEDIUM TERM NTS BOOK ENTR 4.875% 15Jul2040,MCDONALDS CORP MEDIUM TERM NTS BOOK ENTR 4.875% 15Jul2040,4.875
US58013MEN02,MCD,name_block,MCDONALDS CORP MEDIUM TERM NTS BOOK ENTR 3.7% 15Feb2042,MCDONALDS CORP MEDIUM TERM NTS BOOK ENTR 3.7% 15Feb2042,3.700
US58013MER16,MCD,name_block,MCDONALDS CORP MEDIUM TERM NTS BOOK ENTR 3.625% 01May2043,MCDONALDS CORP MEDIUM TERM NTS BOOK ENTR 3.625% 01May2043,3.625
US58013MEV28,MCD,name_block,MCDONALDS CORP MEDIUM TERM NTS BOOK ENTR 4.6% 26May2045,MCDONALDS CORP MEDIUM TERM NTS BOOK ENTR 4.6% 26May2045,4.600
US58013MEZ32,MCD,name_block,MCDONALDS CORP MEDIUM TERM NTS BOOK ENTR 4.7% 09Dec2035,MCDONALDS CORP MEDIUM TERM NTS BOOK ENTR 4.7% 09Dec2035,4.700
US58013MFA71,MCD,name_block,MCDONALDS CORP MEDIUM TERM NTS BOOK ENTR 4.875% 09Dec2045,MCDONALDS CORP MEDIUM TERM NTS BOOK ENTR 4.875% 09Dec2045,4.875
US58013MFB54,MCD,name_block,MCDONALDS CORP MEDIUM TERM NTS BOOK ENTR 3.5% 01Mar2027,MCDONALDS CORP MEDIUM TERM NTS BOOK ENTR 3.5% 01Mar2027,3.500
US58013MFC38,MCD,name_block,MCDONALDS CORP MEDIUM TERM NTS BOOK ENTR 4.45% 01Mar2047,MCDONALDS CORP MEDIUM TERM NTS BOOK ENTR 4.45% 01Mar2047,4.450
US58013MFF68,MCD,name_block,MCDONALDS CORP MEDIUM TERM NTS BOOK ENTR 3.8% 01Apr2028,MCDONALDS CORP MEDIUM TERM NTS BOOK ENTR 3.8% 01Apr2028,3.800
US58013MFH25,MCD,name_block,MCDONALDS CORP MEDIUM TERM NTS BOOK ENTR 4.45% 01Sep2048,MCDONALDS CORP MEDIUM TERM NTS BOOK ENTR 4.45% 01Sep2048,4.450
US58013MFJ80,MCD,name_block,MCDONALDS CORPORATION MTN,MCDONALDS CORP MEDIUM TERM NTS BOOK ENTR 2.625% 01Sep2029,2.625
US58013MFK53,MCD,name_block,MCDONALDS CORPORATION MTN,MCDONALDS CORP MEDIUM TERM NTS BOOK ENTR 3.625% 01Sep2049,3.625
US58013MFM10,MCD,name_block,MCDONALDS CORPORATION MTN,MCDONALDS CORP MEDIUM TERM NTS BOOK ENTR 2.125% 01Mar2030,2.125
US58013MFP41,MCD,name_block,MCDONALDS CORPORATION MTN,MCDONALDS CORP MEDIUM TERM NTS BOOK ENTR 3.5% 01Jul2027,3.500
US58013MFQ24,MCD,name_block,MCDONALDS CORPORATION MTN,MCDONALDS CORP MEDIUM TERM NTS BOOK ENTR 3.6% 01Jul2030,3.600
US58013MFR07,MCD,name_block,MCDONALDS CORPORATION MTN,MCDONALDS CORP MEDIUM TERM NTS BOOK ENTR 4.2% 01Apr2050,4.200
US58013MFS89,MCD,name_block,MCD 4.6 09-SEP-32,MCD 4.6 09-SEP-32,4.600
US58013MFT62,MCD,name_block,MCD 5.15 09-SEP-52,MCD 5.15 09-SEP-52,5.150
US581557BJ38,MCK,cusip6,MCKESSON CORP NEW 3.95% 16Feb2028,MCKESSON CORP NEW 3.95% 16Feb2028,3.950
US581557BN40,MCK,cusip6,MCKESSON CORP NEW 4.75% 30May2029,MCKESSON CORP NEW 4.75% 30May2029,4.750
US581557BR53,MCK,cusip6,MCK 1.3 15-AUG-26,MCK 1.3 15-AUG-26,1.300
US585055BT26,MDT,cusip6,MEDTRONIC INC 4.375% 15Mar2035,MEDTRONIC INC 4.375% 15Mar2035,4.375
US585055BU98,MDT,cusip6,MEDTRONIC INC 4.625% 15Mar2045,MEDTRONIC INC 4.625% 15Mar2045,4.625
US589331AD98,MRK,name_block,MERCK & CO INC 6.4% 01Mar2028,MERCK & CO INC 6.4% 01Mar2028,6.400
US589331AE71,MRK,name_block,MERCK & CO INC 5.95% 01Dec2028,MERCK & CO INC 5.95% 01Dec2028,5.950
US589331AS67,MRK,name_block,MERCK & CO INC 3.6% 15Sep2042,MERCK & CO INC 3.6% 15Sep2042,3.600
US58933YAJ47,MRK,name_block,MERCK & CO INC NEW 4.15% 18May2043,MERCK & CO INC NEW 4.15% 18May2043,4.150
US58933YAT29,MRK,name_block,MERCK & CO INC NEW 3.7% 10Feb2045,MERCK & CO INC NEW 3.7% 10Feb2045,3.700
US58933YAV74,MRK,name_block,MERCK & CO INC,MERCK & CO INC NEW 3.9% 07Mar2039,3.900
US58933YAW57,MRK,name_block,MERCK & CO INC,MERCK & CO INC NEW 4% 07Mar2049,4.000
US58933YAX31,MRK,name_block,MERCK & CO INC,MERCK & CO INC NEW 3.4% 07Mar2029,3.400
US58933YAZ88,MRK,name_block,MERCK & CO INC,MERCK & CO INC NEW 1.45% 24Jun2030,1.450
US58933YBA29,MRK,name_block,MERCK & CO INC,MERCK & CO INC,
US58933YBB02,MRK,name_block,MERCK & CO INC,MERCK & CO INC NEW 2.45% 24Jun2050,2.450
US58933YBC84,MRK,name_block,MRK 1.7 10-JUN-27,MRK 1.7 10-JUN-27,1.700
US58933YBD67,MRK,name_block,MRK 1.9 10-DEC-28,MRK 1.9 10-DEC-28,1.900
US58933YBE41,MRK,name_block,MRK 2.15 10-DEC-31,MRK 2.15 10-DEC-31,2.150
US58933YBF16,MRK,name_block,MRK 2.75 10-DEC-51,MRK 2.75 10-DEC-51,2.750
US58933YBG98,MRK,name_block,MRK 2.9 10-DEC-61,MRK 2.9 10-DEC-61,2.900
US58989V2D54,MET,name_block,MET 1.25 14-SEP-26,MET 1.25 14-SEP-26,1.250
US59156RAE80,MET,cusip6,METLIFE INC 6.5% 15Dec2032,METLIFE INC 6.5% 15Dec2032,6.500
US59156RAJ77,MET,cusip6,METLIFE INC 6.375% 15Jun2034,METLIFE INC 6.375% 15Jun2034,6.375
US59156RAM07,MET,cusip6,METLIFE INC 5.7% 15Jun2035,METLIFE INC 5.7% 15Jun2035,5.700
US59156RAY45,MET,cusip6,METLIFE INC 5.875% 06Feb2041,METLIFE INC 5.875% 06Feb2041,5.875
US59156RBD98,MET,cusip6,METLIFE INC 4.125% 13Aug2042,METLIFE INC 4.125% 13Aug2042,4.125
US59156RBG20,MET,cusip6,METLIFE INC 4.875% 13Nov2043,METLIFE INC 4.875% 13Nov2043,4.875
US59156RBN70,MET,cusip6,METLIFE INC 4.05% 01Mar2045,METLIFE INC 4.05% 01Mar2045,4.050
US59156RBR84,MET,cusip6,METLIFE INC 4.6% 13May2046,METLIFE INC 4.6% 13May2046,4.600
US59156RBT41,MET,cusip6,MET 5.875,MET 5.875,
US59156RBZ01,MET,cusip6,METLIFE INC,METLIFE INC 4.55% 23Mar2030,4.550
US59156RCC07,MET,cusip6,MET 5 15-JUL-52,MET 5 15-JUL-52,5.000
US59156RCD89,MET,cusip6,MET 5.25 15-JAN-54,MET 5.25 15-JAN-54,5.250
US592179KF10,MET,name_block,MET 5.05 06-JAN-28,MET 5.05 06-JAN-28,5.050
US59217GER65,MET,name_block,MET 1.875 11-JAN-27,MET 1.875 11-JAN-27,1.875
US59217GET22,MET,name_block,MET 2.4 11-JAN-32,MET 2.4 11-JAN-32,2.400
US59217GEZ81,MET,name_block,MET 3.3 21-MAR-29,MET 3.3 21-MAR-29,3.300
US59217GFB05,MET,name_block,MET 4.4 30-JUN-27,MET 4.4 30-JUN-27,4.400
US59217GFD60,MET,name_block,MET 4.3 25-AUG-29,MET 4.3 25-AUG-29,4.300
US59217GGU76,MET,name_block,MET 1.55 07-JAN-31,MET 1.55 07-JAN-31,1.550
US594918AD65,MSFT,cusip6,MICROSOFT CORP 5.2% 01Jun2039,MICROSOFT CORP 5.2% 01Jun2039,5.200
US594918AJ36,MSFT,cusip6,MICROSOFT CORP 4.5% 01Oct2040,MICROSOFT CORP 4.5% 01Oct2040,4.500
US594918AM64,MSFT,cusip6,MICROSOFT CORP 5.3% 08Feb2041,MICROSOFT CORP 5.3% 08Feb2041,5.300
US594918AR51,MSFT,cusip6,MICROSOFT CORP 3.5% 15Nov2042,MICROSOFT CORP 3.5% 15Nov2042,3.500
US594918AU80,MSFT,cusip6,MICROSOFT CORP 3.75% 01May2043,MICROSOFT CORP 3.75% 01May2043,3.750
US594918BC73,MSFT,cusip6,MICROSOFT CORP 3.5% 12Feb2035,MICROSOFT CORP 3.5% 12Feb2035,3.500
US594918BD56,MSFT,cusip6,MICROSOFT CORP 3.75% 12Feb2045,MICROSOFT CORP 3.75% 12Feb2045,3.750
US594918BE30,MSFT,cusip6,MICROSOFT CORP 4% 12Feb2055,MICROSOFT CORP 4% 12Feb2055,4.000
US594918BK99,MSFT,cusip6,MICROSOFT CORP 4.2% 03Nov2035,MICROSOFT CORP 4.2% 03Nov2035,4.200
US594918BL72,MSFT,cusip6,MICROSOFT CORP 4.45% 03Nov2045,MICROSOFT CORP 4.45% 03Nov2045,4.450
US594918BM55,MSFT,cusip6,MICROSOFT CORP 4.75% 03Nov2055,MICROSOFT CORP 4.75% 03Nov2055,4.750
US594918BR43,MSFT,cusip6,MICROSOFT CORP 2.4% 08Aug2026,MICROSOFT CORP 2.4% 08Aug2026,2.400
US594918BS26,MSFT,cusip6,MICROSOFT CORP 3.45% 08Aug2036,MICROSOFT CORP 3.45% 08Aug2036,3.450
US594918BT09,MSFT,cusip6,MICROSOFT CORP 3.7% 08Aug2046,MICROSOFT CORP 3.7% 08Aug2046,3.700
US594918BU71,MSFT,cusip6,MICROSOFT CORP 3.95% 08Aug2056,MICROSOFT CORP 3.95% 08Aug2056,3.950
US594918BY93,MSFT,cusip6,MICROSOFT CORP 3.3% 06Feb2027,MICROSOFT CORP 3.3% 06Feb2027,3.300
US594918BZ68,MSFT,cusip6,MICROSOFT CORP 4.1% 06Feb2037,MICROSOFT CORP 4.1% 06Feb2037,4.100
US594918CA09,MSFT,cusip6,MICROSOFT CORP 4.25% 06Feb2047,MICROSOFT CORP 4.25% 06Feb2047,4.250
US594918CB81,MSFT,cusip6,MICROSOFT CORP 4.5% 06Feb2057,MICROSOFT CORP 4.5% 06Feb2057,4.500
US594918CC64,MSFT,cusip6,MICROSOFT CORPORATION,MICROSOFT CORP 2.525% 01Jun2050,2.525
US594918CD48,MSFT,cusip6,MICROSOFT CORPORATION,MICROSOFT CORP 2.675% 01Jun2060,2.675
US594918CE21,MSFT,cusip6,MICROSOFT CORPORATION,MICROSOFT CORP 2.921% 17Mar2052,2.921
US594918CF95,MSFT,cusip6,MICROSOFT CORPORATION,MICROSOFT CORP 3.041% 17Mar2062,3.041
US595112BS19,MU,cusip6,MU 2.703 15-APR-32,MU 2.703 15-APR-32,2.703
US595112BT91,MU,cusip6,MU 3.366 01-NOV-41,MU 3.366 01-NOV-41,3.366
US595112BU64,MU,cusip6,MU 3.477 01-NOV-51,MU 3.477 01-NOV-51,3.477
US595112BZ51,MU,cusip6,MU 5.875 09-FEB-33,MU 5.875 09-FEB-33,5.875
US59523UAN72,MAA,name_block,MID-AMERICA APTS L P 3.6% 01Jun2027,MID-AMERICA APTS L P 3.6% 01Jun2027,3.600
US59523UAP21,MAA,name_block,MID-AMERICA APTS L P 4.2% 15Jun2028,MID-AMERICA APTS L P 4.2% 15Jun2028,4.200
US59523UAT43,MAA,name_block,MAA 1.1 15-SEP-26,MAA 1.1 15-SEP-26,1.100
US59523UAU16,MAA,name_block,MAA 2.875 15-SEP-51,MAA 2.875 15-SEP-51,2.875
US605417BY93,SO,name_block,MISSISSIPPI PWR CO 4.75% 15Oct2041,MISSISSIPPI PWR CO 4.75% 15Oct2041,4.750
US605417BZ68,SO,name_block,MISSISSIPPI PWR CO 4.25% 15Mar2042,MISSISSIPPI PWR CO 4.25% 15Mar2042,4.250
US605417CB81,SO,name_block,MISSISSIPPI PWR CO 3.95% 30Mar2028,MISSISSIPPI PWR CO 3.95% 30Mar2028,3.950
US605417CD48,SO,name_block,SO 3.1 30-JUL-51,SO 3.1 30-JUL-51,3.100
US60871RAD26,TAP,name_block,MOLSON COORS BREWING CO 5% 01May2042,MOLSON COORS BREWING CO 5% 01May2042,5.000
US60871RAH30,TAP,name_block,MOLSON COORS BREWING CO 4.2% 15Jul2046,MOLSON COORS BREWING CO 4.2% 15Jul2046,4.200
US609207AM78,MDLZ,cusip6,MONDELEZ INTL INC 4.125% 07May2028,MONDELEZ INTL INC 4.125% 07May2028,4.125
US609207AT22,MDLZ,cusip6,MONDELEZ INTERNATIONAL INC,MONDELEZ INTL INC 2.75% 13Apr2030,2.750
US609207AW50,MDLZ,cusip6,MONDELEZ INTERNATIONAL INC,MONDELEZ INTL INC 2.625% 04Sep2050,2.625
US609207BA22,MDLZ,cusip6,MDLZ 2.625 17-MAR-27,MDLZ 2.625 17-MAR-27,2.625
US609207BB05,MDLZ,cusip6,MDLZ 3 17-MAR-32,MDLZ 3 17-MAR-32,3.000
US60920LAR50,MDLZ,name_block,MDLZ 1.25 24-SEP-26,MDLZ 1.25 24-SEP-26,1.250
US615369AE53,MCO,cusip6,MOODYS CORP 5.25% 15Jul2044,MOODYS CORP 5.25% 15Jul2044,5.250
US615369AM79,MCO,cusip6,MOODYS CORP 3.25% 15Jan2028,MOODYS CORP 3.25% 15Jan2028,3.250
US615369AQ83,MCO,cusip6,MOODYS CORP 4.875% 17Dec2048,MOODYS CORP 4.875% 17Dec2048,4.875
US615369AV78,MCO,cusip6,MCO 2.75 19-AUG-41,MCO 2.75 19-AUG-41,2.750
US615369AW51,MCO,cusip6,MCO 2 19-AUG-31,MCO 2 19-AUG-31,2.000
US615369AX35,MCO,cusip6,MCO 3.1 29-NOV-61,MCO 3.1 29-NOV-61,3.100
US615369AY18,MCO,cusip6,MCO 3.75 25-FEB-52,MCO 3.75 25-FEB-52,3.750
US615369AZ82,MCO,cusip6,MCO 4.25 08-AUG-32,MCO 4.25 08-AUG-32,4.250
US6174467Y92,MS,name_block,MORGAN STANLEY 4.35% 08Sep2026,MORGAN STANLEY 4.35% 08Sep2026,4.350
US6174468G77,MS,name_block,Morgan Stanley 4.431% 23jan2030 USD,MORGAN STANLEY 4.431% 23Jan2030,4.431
US6174468L62,MS,name_block,Morgan Stanley 2.699% 20jan2031 USD,MORGAN STANLEY 2.699% 22Jan2031,2.699
US6174468N29,MS,name_block,MORGAN STANLEY MTN,MORGAN STANLEY 5.597% 24Mar2051,5.597
US6174468P76,MS,name_block,MORGAN STANLEY,MORGAN STANLEY 3.622% 01Apr2031,3.622
US6174468U61,MS,name_block,MORGAN STANLEY MTN,MORGAN STANLEY 1.794% 13Feb2032,1.794
US6174468X01,MS,name_block,MORGAN STANLEY,MORGAN STANLEY 1.928% 28Apr2032,1.928
US6174468Y83,MS,name_block,MORGAN STANLEY MTN,MORGAN STANLEY 2.802% 25Jan2052,2.802
US617446HD43,MS,name_block,MORGAN STANLEY 7.25% 01Apr2032,MORGAN STANLEY 7.25% 01Apr2032,7.250
US61744YAK47,MS,name_block,Morgan Stanley Jul 2028,MORGAN STANLEY 3.591% 22Jul2028,3.591
US61744YAL20,MS,name_block,Morgan Stanley 3.971% 22jul2038 USD,MORGAN STANLEY 3.971% 22Jul2038,3.971
US61744YAP34,MS,name_block,Morgan Stanley 3.772% 24jan2029 USD,MORGAN STANLEY 3.772% 24Jan2029,3.772
US61744YAR99,MS,name_block,Morgan Stanley 4.457% 22apr2039 USD,MORGAN STANLEY 4.457% 22Apr2039,4.457
US61746BCY02,MS,name_block,MORGAN STANLEY 6.25% 09Aug2026,MORGAN STANLEY 6.25% 09Aug2026,6.250
US61746BEF94,MS,name_block,MORGAN STANLEY 3.625% 20Jan2027,MORGAN STANLEY 3.625% 20Jan2027,3.625
US61746BEG77,MS,name_block,MORGAN STANLEY 4.375% 22Jan2047,MORGAN STANLEY 4.375% 22Jan2047,4.375
US61747YDY86,MS,name_block,MORGAN STANLEY 4.3% 27Jan2045,MORGAN STANLEY 4.3% 27Jan2045,4.300
US61747YED31,MS,name_block,MORGAN STANLEY MTN,MORGAN STANLEY 2.239% 21Jul2032,2.239
US61747YEF88,MS,name_block,MS 2.484 16-SEP-36,MS 2.484 16-SEP-36,2.484
US61747YEH45,MS,name_block,MS 2.511 20-OCT-32,MS 2.511 20-OCT-32,2.511
US61747YEK73,MS,name_block,MS 2.475 21-JAN-28,MS 2.475 21-JAN-28,2.475
US61747YEL56,MS,name_block,MS 2.943 21-JAN-33,MS 2.943 21-JAN-33,2.943
US61747YER27,MS,name_block,MS 4.21 20-APR-28,MS 4.21 20-APR-28,4.210
US61747YES00,MS,name_block,MS 5.297 20-APR-37,MS 5.297 20-APR-37,5.297
US61747YEU55,MS,name_block,MS 4.889 20-JUL-33,MS 4.889 20-JUL-33,4.889
US61747YEV39,MS,name_block,MS 6.296 18-OCT-28,MS 6.296 18-OCT-28,6.296
US61747YEY77,MS,name_block,MS 6.342 18-OCT-33,MS 6.342 18-OCT-33,6.342
US61747YFA82,MS,name_block,MS 5.123 01-FEB-29,MS 5.123 01-FEB-29,5.123
US61747YFB65,MS,name_block,MS 5.948 19-JAN-38,MS 5.948 19-JAN-38,5.948
US617482V925,MS,name_block,MORGAN STANLEY 6.375% 24Jul2042,MORGAN STANLEY 6.375% 24Jul2042,6.375
US61761J3R84,MS,name_block,MORGAN STANLEY 3.125% 27Jul2026,MORGAN STANLEY 3.125% 27Jul2026,3.125
US61761JZN26,MS,name_block,MORGAN STANLEY 3.95% 23Apr2027,MORGAN STANLEY 3.95% 23Apr2027,3.950
US61772BAC72,MS,name_block,MORGAN STANLEY,MORGAN STANLEY 3.217% 22Apr2042,3.217
US61945CAB90,MOS,name_block,MOSAIC CO NEW 4.875% 15Nov2041,MOSAIC CO NEW 4.875% 15Nov2041,4.875
US61945CAD56,MOS,name_block,MOSAIC CO NEW 5.45% 15Nov2033,MOSAIC CO NEW 5.45% 15Nov2033,5.450
US61945CAE30,MOS,name_block,MOSAIC CO NEW 5.625% 15Nov2043,MOSAIC CO NEW 5.625% 15Nov2043,5.625
US61945CAG87,MOS,name_block,MOSAIC CO NEW 4.05% 15Nov2027,MOSAIC CO NEW 4.05% 15Nov2027,4.050
US620076AM16,MSI,cusip6,MOTOROLA SOLUTIONS INC 5.22% 01Oct2097,MOTOROLA SOLUTIONS INC 5.22% 01Oct2097,5.220
US620076AP47,MSI,cusip6,MOTOROLA SOLUTIONS INC 6.5% 15Nov2028,MOTOROLA SOLUTIONS INC 6.5% 15Nov2028,6.500
US620076BE80,MSI,cusip6,MOTOROLA SOLUTIONS INC 5.5% 01Sep2044,MOTOROLA SOLUTIONS INC 5.5% 01Sep2044,5.500
US620076BL24,MSI,cusip6,MOTOROLA SOLUTIONS INC 4.6% 23Feb2028,MOTOROLA SOLUTIONS INC 4.6% 23Feb2028,4.600
US620076BN89,MSI,cusip6,MOTOROLA SOLUTIONS INC,MOTOROLA SOLUTIONS INC 4.6% 23May2029,4.600
US620076BT59,MSI,cusip6,MOTOROLA SOLUTIONS INC,MOTOROLA SOLUTIONS INC 2.3% 15Nov2030,2.300
US620076BU23,MSI,cusip6,MOTOROLA SOLUTIONS INC,MOTOROLA SOLUTIONS INC 2.75% 24May2031,2.750
US620076BW88,MSI,cusip6,MSI 5.6 01-JUN-32,MSI 5.6 01-JUN-32,5.600
US629377CE03,NRG,cusip6,NRG Energy 5.75% 15jan2028 USD,NRG Energy 5.75% 15jan2028 USD,5.750
US629377CH34,NRG,cusip6,NRG Energy 5.25% 15jun2029 USD,NRG Energy 5.25% 15jun2029 USD,5.250
US629377CT71,NRG,cusip6,NRG 7 15-MAR-33,NRG 7 15-MAR-33,7.000
US629377CU45,NRG,cusip6,NRG 10.25,NRG 10.25,
US62954HAJ77,NXPI,name_block,NXPI 2.65 15-FEB-32,NXPI 2.65 15-FEB-32,2.650
US62954HAN89,NXPI,name_block,NXPI 3.25 30-NOV-51,NXPI 3.25 30-NOV-51,3.250
US62954HAU23,NXPI,name_block,NXPI 3.25 11-MAY-41,NXPI 3.25 11-MAY-41,3.250
US62954HAV06,NXPI,name_block,NXPI 4.3 18-JUN-29,NXPI 4.3 18-JUN-29,4.300
US62954HAY45,NXPI,name_block,NXPI 3.4 01-MAY-30,NXPI 3.4 01-MAY-30,3.400
US62954HBA59,NXPI,name_block,NXPI 2.5 11-MAY-31,NXPI 2.5 11-MAY-31,2.500
US62954HBB33,NXPI,name_block,NXPI 5 15-JAN-33,NXPI 5 15-JAN-33,5.000
US62954HBE71,NXPI,name_block,NXPI 4.4 01-JUN-27,NXPI 4.4 01-JUN-27,4.400
US631103AM02,NDAQ,cusip6,NDAQ 3.95 07-MAR-52,NDAQ 3.95 07-MAR-52,3.950
US638585BF51,BAC,cusip6,BANK OF AMERICA CORP 6.8% 15Mar2028,BANK OF AMERICA CORP 6.8% 15Mar2028,6.800
US64110LAN64,NFLX,cusip6,NetFlix 4.375% 15nov2026 USD,NETFLIX INC 4.375% 15Nov2026,4.375
US64110LAS51,NFLX,cusip6,NetFlix 4.875% 15apr2028 USD,NETFLIX INC 4.875% 15Apr2028,4.875
US64110LAT35,NFLX,cusip6,NetFlix 5.875% 15nov2028 USD,NETFLIX INC 5.875% 15Nov2028,5.875
US64110LAU08,NFLX,cusip6,NetFlix 5.375% 15nov2029 USD,NETFLIX INC 5.375% 15Nov2029,5.375
US64110LAV80,NFLX,cusip6,NetFlix 4.875% 15jun2030 USD,NETFLIX INC 4.875% 15Jun2030,4.875
US64110LAX47,NFLX,cusip6,NETFLIX INC 6.375% 15May2029,NETFLIX INC 6.375% 15May2029,6.375
US651639AE60,NEM,cusip6,NEWMONT MNG CORP 5.875% 01Apr2035,NEWMONT MNG CORP 5.875% 01Apr2035,5.875
US651639AM86,NEM,cusip6,NEWMONT MNG CORP 6.25% 01Oct2039,NEWMONT MNG CORP 6.25% 01Oct2039,6.250
US651639AP18,NEM,cusip6,NEWMONT MNG CORP 4.875% 15Mar2042,NEWMONT MNG CORP 4.875% 15Mar2042,4.875
US651639AY25,NEM,cusip6,NEWMONT 20/30,NEWMONT CORP 2.25% 01Oct2030,2.250
US651639AZ99,NEM,cusip6,NEM 2.6 15-JUL-32,NEM 2.6 15-JUL-32,2.600
US65339KAT79,NEE,name_block,NEXTERA ENERGY CAP HLDGS INC 3.55% 01May2027,NEXTERA ENERGY CAP HLDGS INC 3.55% 01May2027,3.550
US65339KBM18,NEE,name_block,NEXTERA ENERGY CAPITAL HOLDINGS IN,NEXTERA ENERGY CAP HLDGS INC 2.75% 01Nov2029,2.750
US65339KBR05,NEE,name_block,NEXTERA ENERGY CAPITAL HOLDINGS IN,NEXTERA ENERGY CAP HLDGS INC 2.25% 01Jun2030,2.250
US65339KBW99,NEE,name_block,NEXTERA ENERGY CAPITAL HOLDINGS IN,NEXTERA ENERGY CAP HLDGS INC 1.9% 15Jun2028,1.900
US65339KBY55,NEE,name_block,NEE 1.875 15-JAN-27,NEE 1.875 15-JAN-27,1.875
US65339KBZ21,NEE,name_block,NEE 2.44 15-JAN-32,NEE 2.44 15-JAN-32,2.440
US65339KCA60,NEE,name_block,NEE 3 15-JAN-52,NEE 3 15-JAN-52,3.000
US65339KCB44,NEE,name_block,NEE 3.8 15-MAR-82,NEE 3.8 15-MAR-82,3.800
US65339KCH14,NEE,name_block,NEE 4.625 15-JUL-27,NEE 4.625 15-JUL-27,4.625
US65339KCJ79,NEE,name_block,NEE 5 15-JUL-32,NEE 5 15-JUL-32,5.000
US65339KCM09,NEE,name_block,NEE 4.9 28-FEB-28,NEE 4.9 28-FEB-28,4.900
US65339KCN81,NEE,name_block,NEE 5 28-FEB-30,NEE 5 28-FEB-30,5.000
US65339KCP30,NEE,name_block,NEE 5.05 28-FEB-33,NEE 5.05 28-FEB-33,5.050
US65339KCQ13,NEE,name_block,NEE 5.25 28-FEB-53,NEE 5.25 28-FEB-53,5.250
US65342QAB86,NEE,name_block,NextEra Energy Operating Partners 4.5% 15sep2027 USD,NEXTERA ENERGY OPER PARTNERS LP 4.5% 15Sep2027,4.500
US654106AD51,NKE,cusip6,NIKE INC 3.625% 01May2043,NIKE INC 3.625% 01May2043,3.625
US654106AE35,NKE,cusip6,NIKE INC 3.875% 01Nov2045,NIKE INC 3.875% 01Nov2045,3.875
US654106AF00,NKE,cusip6,NIKE INC 2.375% 01Nov2026,NIKE INC 2.375% 01Nov2026,2.375
US654106AG82,NKE,cusip6,NIKE INC 3.375% 01Nov2046,NIKE INC 3.375% 01Nov2046,3.375
US654106AJ22,NKE,cusip6,NIKE INC,NIKE INC 2.75% 27Mar2027,2.750
US654106AK94,NKE,cusip6,NIKE INC,NIKE INC 2.85% 27Mar2030,2.850
US654106AL77,NKE,cusip6,NIKE INC,NIKE INC 3.25% 27Mar2040,3.250
US654106AM50,NKE,cusip6,NIKE INC,NIKE INC 3.375% 27Mar2050,3.375
US65473PAH82,NI,cusip6,NISOURCE INC,NISOURCE INC 2.95% 01Sep2029,2.950
US65473PAJ49,NI,cusip6,NISOURCE INC,NISOURCE INC 3.6% 01May2030,3.600
US65473PAL94,NI,cusip6,NISOURCE INC,NISOURCE INC 1.7% 15Feb2031,1.700
US65473PAM77,NI,cusip6,NI 5 15-JUN-52,NI 5 15-JUN-52,5.000
US65473QAX16,NI,name_block,NISOURCE FIN CORP 5.95% 15Jun2041,NISOURCE FIN CORP 5.95% 15Jun2041,5.950
US65473QBB86,NI,name_block,NISOURCE FIN CORP 5.25% 15Feb2043,NISOURCE FIN CORP 5.25% 15Feb2043,5.250
US65473QBC69,NI,name_block,NISOURCE FIN CORP 4.8% 15Feb2044,NISOURCE FIN CORP 4.8% 15Feb2044,4.800
US65473QBD43,NI,name_block,NISOURCE FIN CORP 5.65% 01Feb2045,NISOURCE FIN CORP 5.65% 01Feb2045,5.650
US65473QBE26,NI,name_block,NISOURCE FIN CORP 3.49% 15May2027,NISOURCE FIN CORP 3.49% 15May2027,3.490
US65473QBF90,NI,name_block,NISOURCE FIN CORP 4.375% 15May2047,NISOURCE FIN CORP 4.375% 15May2047,4.375
US65473QBG73,NI,name_block,NISOURCE FIN CORP 3.95% 30Mar2048,NISOURCE FIN CORP 3.95% 30Mar2048,3.950
US655844AX69,NSC,cusip6,NORFOLK SOUTHN CORP 5.64% 17May2029,NORFOLK SOUTHN CORP 5.64% 17May2029,5.640
US655844BH01,NSC,cusip6,NORFOLK SOUTHN CORP 4.837% 01Oct2041,NORFOLK SOUTHN CORP 4.837% 01Oct2041,4.837
US655844BM95,NSC,cusip6,NORFOLK SOUTHN CORP 3.95% 01Oct2042,NORFOLK SOUTHN CORP 3.95% 01Oct2042,3.950
US655844BR82,NSC,cusip6,NORFOLK SOUTHN CORP 4.65% 15Jan2046,NORFOLK SOUTHN CORP 4.65% 15Jan2046,4.650
US655844BT49,NSC,cusip6,NORFOLK SOUTHN CORP 3.15% 01Jun2027,NORFOLK SOUTHN CORP 3.15% 01Jun2027,3.150
US655844BV94,NSC,cusip6,Norfolk Southern Corp. 405% 17/52,NORFOLK SOUTHN CORP 4.05% 15Aug2052,4.050
US655844BX50,NSC,cusip6,NORFOLK SOUTHN CORP 3.942% 01Nov2047,NORFOLK SOUTHN CORP 3.942% 01Nov2047,3.942
US655844BY34,NSC,cusip6,NORFOLK SOUTHN CORP 4.15% 28Feb2048,NORFOLK SOUTHN CORP 4.15% 28Feb2048,4.150
US655844BZ09,NSC,cusip6,NORFOLK SOUTHN CORP 3.8% 01Aug2028,NORFOLK SOUTHN CORP 3.8% 01Aug2028,3.800
US655844CB22,NSC,cusip6,NORFOLK SOUTHN CORP 5.1% 01Aug2118,NORFOLK SOUTHN CORP 5.1% 01Aug2118,5.100
US655844CF36,NSC,cusip6,NORFOLK SOUTHERN CORPORATION,NORFOLK SOUTHN CORP 3.05% 15May2050,3.050
US655844CH91,NSC,cusip6,NORFOLK SOUTHERN CORPORATION,NORFOLK SOUTHN CORP 3.155% 15May2055,3.155
US655844CJ57,NSC,cusip6,NSC 4.1 15-MAY-21,NSC 4.1 15-MAY-21,4.100
US655844CK21,NSC,cusip6,NSC 2.3 15-MAY-31,NSC 2.3 15-MAY-31,2.300
US655844CL04,NSC,cusip6,NSC 2.9 25-AUG-51,NSC 2.9 25-AUG-51,2.900
US655844CM86,NSC,cusip6,NSC 3 15-MAR-32,NSC 3 15-MAR-32,3.000
US655844CN69,NSC,cusip6,NSC 3.7 15-MAR-53,NSC 3.7 15-MAR-53,3.700
US655844CP18,NSC,cusip6,NSC 4.55 01-JUN-53,NSC 4.55 01-JUN-53,4.550
US655844CQ90,NSC,cusip6,NSC 4.45 01-MAR-33,NSC 4.45 01-MAR-33,4.450
US665772BT51,XEL,name_block,NORTHERN STS PWR CO MINN 6.5% 01Mar2028,NORTHERN STS PWR CO MINN 6.5% 01Mar2028,6.500
US665772CE73,XEL,name_block,NORTHERN STS PWR CO MINN 5.35% 01Nov2039,NORTHERN STS PWR CO MINN 5.35% 01Nov2039,5.350
US665772CQ04,XEL,name_block,NORTHERN STS PWR CO MINN 3.6% 15Sep2047,NORTHERN STS PWR CO MINN 3.6% 15Sep2047,3.600
US665772CT43,XEL,name_block,XEL 2.25 01-APR-31,XEL 2.25 01-APR-31,2.250
US665772CU16,XEL,name_block,XEL 3.2 01-APR-52,XEL 3.2 01-APR-52,3.200
US665772CV98,XEL,name_block,XEL 4.5 01-JUN-52,XEL 4.5 01-JUN-52,4.500
US665859AQ77,NTRS,cusip6,NTRS 4.6,NTRS 4.6,
US665859AT17,NTRS,cusip6,NORTHERN TR CORP 3.65% 03Aug2028,NORTHERN TR CORP 3.65% 03Aug2028,3.650
US665859AV62,NTRS,cusip6,NORTHERN TRUST CORPORATION,NORTHERN TR CORP 1.95% 01May2030,1.950
US665859AW46,NTRS,cusip6,NTRS 4 10-MAY-27,NTRS 4 10-MAY-27,4.000
US665859AX29,NTRS,cusip6,NTRS 6.125 02-NOV-32,NTRS 6.125 02-NOV-32,6.125
US666807AW21,NOC,cusip6,NORTHROP GRUMMAN CORP 7.75% 15Feb2031,NORTHROP GRUMMAN CORP 7.75% 15Feb2031,7.750
US666807BH45,NOC,cusip6,NORTHROP GRUMMAN CORP 4.75% 01Jun2043,NORTHROP GRUMMAN CORP 4.75% 01Jun2043,4.750
US666807BJ01,NOC,cusip6,NORTHROP GRUMMAN CORP 3.85% 15Apr2045,NORTHROP GRUMMAN CORP 3.85% 15Apr2045,3.850
US666807BK73,NOC,cusip6,NORTHROP GRUMMAN CORP 3.2% 01Feb2027,NORTHROP GRUMMAN CORP 3.2% 01Feb2027,3.200
US666807BN13,NOC,cusip6,NORTHROP GRUMMAN CORP 3.25% 15Jan2028,NORTHROP GRUMMAN CORP 3.25% 15Jan2028,3.250
US666807BP60,NOC,cusip6,NORTHROP GRUMMAN CORP 4.03% 15Oct2047,NORTHROP GRUMMAN CORP 4.03% 15Oct2047,4.030
US666807BS00,NOC,cusip6,NORTHROP GRUMMAN CORP,NORTHROP GRUMMAN CORP 4.4% 01May2030,4.400
US666807BU55,NOC,cusip6,NORTHROP GRUMMAN CORP,NORTHROP GRUMMAN CORP 5.25% 01May2050,5.250
US666807CE05,NOC,cusip6,NOC 7.75 15-FEB-31,NOC 7.75 15-FEB-31,7.750
US666807CH36,NOC,cusip6,NOC 4.7 15-MAR-33,NOC 4.7 15-MAR-33,4.700
US666807CJ91,NOC,cusip6,NOC 4.95 15-MAR-53,NOC 4.95 15-MAR-53,4.950
US668771AK49,GEN,cusip6,GEN 6.75 30-SEP-27,GEN 6.75 30-SEP-27,6.750
US668771AL22,GEN,cusip6,GEN 7.125 30-SEP-30,GEN 7.125 30-SEP-30,7.125
US67021CAJ62,ES,name_block,NSTAR ELEC CO 4.4% 01Mar2044,NSTAR ELEC CO 4.4% 01Mar2044,4.400
US67021CAM91,ES,name_block,NSTAR ELEC CO 3.2% 15May2027,NSTAR ELEC CO 3.2% 15May2027,3.200
US67021CAN74,ES,name_block,NSTAR Electric Co 3.25% 15may2029 USD,NSTAR Electric Co 3.25% 15may2029 USD,3.250
US67021CAQ06,ES,name_block,ES 3.1 01-JUN-51,ES 3.1 01-JUN-51,3.100
US67021CAR88,ES,name_block,ES 1.95 15-AUG-31,ES 1.95 15-AUG-31,1.950
US67021CAS61,ES,name_block,ES 4.55 01-JUN-52,ES 4.55 01-JUN-52,4.550
US67021CAT45,ES,name_block,ES 4.95 15-SEP-52,ES 4.95 15-SEP-52,4.950
US670346AH87,NUE,cusip6,NUCOR CORP 6.4% 01Dec2037,NUCOR CORP 6.4% 01Dec2037,6.400
US670346AN55,NUE,cusip6,NUCOR CORP 5.2% 01Aug2043,NUCOR CORP 5.2% 01Aug2043,5.200
US670346AP04,NUE,cusip6,NUCOR CORP 3.95% 01May2028,NUCOR CORP 3.95% 01May2028,3.950
US670346AQ86,NUE,cusip6,NUCOR CORP 4.4% 01May2048,NUCOR CORP 4.4% 01May2048,4.400
US670346AU98,NUE,cusip6,NUE 2.979 15-DEC-55,NUE 2.979 15-DEC-55,2.979
US670346AV71,NUE,cusip6,NUE 3.125 01-APR-32,NUE 3.125 01-APR-32,3.125
US670346AW54,NUE,cusip6,NUE 3.85 01-APR-52,NUE 3.85 01-APR-52,3.850
US670346AY11,NUE,cusip6,NUE 4.3 23-MAY-27,NUE 4.3 23-MAY-27,4.300
US67066GAE44,NVDA,cusip6,NVIDIA CORP 3.2% 16Sep2026,NVIDIA CORP 3.2% 16Sep2026,3.200
US67066GAF19,NVDA,cusip6,NVIDIA CORPORATION,NVIDIA CORP 2.85% 01Apr2030,2.850
US67066GAG91,NVDA,cusip6,NVIDIA CORPORATION,NVIDIA CORP 3.5% 01Apr2040,3.500
US67066GAH74,NVDA,cusip6,NVIDIA CORPORATION,NVIDIA CORP 3.5% 01Apr2050,3.500
US67066GAM69,NVDA,cusip6,NVIDIA CORPORATION,NVIDIA CORP 1.55% 15Jun2028,1.550
US67066GAN43,NVDA,cusip6,NVIDIA CORPORATION,NVIDIA CORP 2% 15Jun2031,2.000
US67103HAF47,ORLY,name_block,O REILLY AUTOMOTIVE INC NEW 3.6% 01Sep2027,O REILLY AUTOMOTIVE INC NEW 3.6% 01Sep2027,3.600
US67103HAG20,ORLY,name_block,O REILLY AUTOMOTIVE INC NEW 4.35% 01Jun2028,O REILLY AUTOMOTIVE INC NEW 4.35% 01Jun2028,4.350
US67103HAL15,ORLY,name_block,ORLY 4.7 15-JUN-32,ORLY 4.7 15-JUN-32,4.700
US674599CF00,OXY,cusip6,OCCIDENTAL PETE CORP 4.625% 15Jun2045,OCCIDENTAL PETE CORP 4.625% 15Jun2045,4.625
US674599CJ22,OXY,cusip6,OCCIDENTAL PETE CORP 4.4% 15Apr2046,OCCIDENTAL PETE CORP 4.4% 15Apr2046,4.400
US674599CL77,OXY,cusip6,OCCIDENTAL PETE CORP 4.1% 15Feb2047,OCCIDENTAL PETE CORP 4.1% 15Feb2047,4.100
US674599CM50,OXY,cusip6,OCCIDENTAL PETE CORP 3% 15Feb2027,OCCIDENTAL PETE CORP 3% 15Feb2027,3.000
US674599CN34,OXY,cusip6,OCCIDENTAL PETE CORP 4.2% 15Mar2048,OCCIDENTAL PETE CORP 4.2% 15Mar2048,4.200
US674599CR48,OXY,cusip6,Occidental Petroleum 3.2% 15aug2026 USD,Occidental Petroleum 3.2% 15aug2026 USD,3.200
US674599CS21,OXY,cusip6,Occidental Petroleum 3.5% 15aug2029 USD,Occidental Petroleum 3.5% 15aug2029 USD,3.500
US674599CX16,OXY,cusip6,Occidental Petroleum 4.3% 15aug2039 USD,Occidental Petroleum 4.3% 15aug2039 USD,4.300
US674599CY98,OXY,cusip6,Occidental Petroleum 4.4% 15aug2049 USD,Occidental Petroleum 4.4% 15aug2049 USD,4.400
US674599DD43,OXY,cusip6,Occidental Petroleum 7.5% 1may2031 USD,Occidental Petroleum 7.5% 1may2031 USD,7.500
US674599DE26,OXY,cusip6,Occidental Petroleum 7.875% 15sep2031 USD,Occidental Petroleum 7.875% 15sep2031 USD,7.875
US674599DF90,OXY,cusip6,Occidental Petroleum 6.45% 15sep2036 USD,Occidental Petroleum 6.45% 15sep2036 USD,6.450
US674599DH56,OXY,cusip6,Occidental Petroleum 7.95% 15jun2039 USD,Occidental Petroleum 7.95% 15jun2039 USD,7.950
US674599DJ13,OXY,cusip6,Occidental Petroleum 6.2% 15mar2040 USD,Occidental Petroleum 6.2% 15mar2040 USD,6.200
US674599DK85,OXY,cusip6,OCCIDENTAL PETE CORP 4.5% 15Jul2044,OCCIDENTAL PETE CORP 4.5% 15Jul2044,4.500
US674599DL68,OXY,cusip6,Occidental Petroleum 6.6% 15mar2046 USD,Occidental Petroleum 6.6% 15mar2046 USD,6.600
US674599DN25,OXY,cusip6,OXY 7.5 15-OCT-26,OXY 7.5 15-OCT-26,7.500
US674599DT94,OXY,cusip6,OXY 7.2 15-MAR-29,OXY 7.2 15-MAR-29,7.200
US674599DU67,OXY,cusip6,OXY 7.95 15-APR-29,OXY 7.95 15-APR-29,7.950
US674599DX07,OXY,cusip6,OXY 7.5 01-NOV-96,OXY 7.5 01-NOV-96,7.500
US674599EA94,OXY,cusip6,Occidental Petroleum 8.875% 15jul2030 USD,Occidental Petroleum 8.875% 15jul2030 USD,8.875
US674599ED34,OXY,cusip6,OCCIDENTAL PETE CORP 6.625% 01Sep2030,OCCIDENTAL PETE CORP 6.625% 01Sep2030,6.625
US677347CE41,FE,name_block,OHIO EDISON CO 6.875% 15Jul2036,OHIO EDISON CO 6.875% 15Jul2036,6.875
US677415CF62,AEP,name_block,OHIO PWR CO 6.6% 15Feb2033,OHIO PWR CO 6.6% 15Feb2033,6.600
US677415CQ28,AEP,name_block,OHIO PWR CO 4.15% 01Apr2048,OHIO PWR CO 4.15% 01Apr2048,4.150
US677415CT66,AEP,name_block,AEP 1.625 15-JAN-31,AEP 1.625 15-JAN-31,1.625
US677415CU30,AEP,name_block,AEP 2.9 01-OCT-51,AEP 2.9 01-OCT-51,2.900
US681919BD76,OMC,cusip6,OMNICOM GROUP INC,OMNICOM GROUP INC 2.6% 01Aug2031,2.600
US682189AQ81,ON,cusip6,ON SEMICONDUCTOR CORP 3.875% 01Sep2028,ON SEMICONDUCTOR CORP 3.875% 01Sep2028,3.875
US682680AN39,OKE,cusip6,ONEOK INC NEW 6% 15Jun2035,ONEOK INC NEW 6% 15Jun2035,6.000
US682680AS26,OKE,cusip6,ONEOK INC NEW 4% 13Jul2027,ONEOK INC NEW 4% 13Jul2027,4.000
US682680AT09,OKE,cusip6,ONEOK INC NEW 4.95% 13Jul2047,ONEOK INC NEW 4.95% 13Jul2047,4.950
US682680AU71,OKE,cusip6,ONEOK INC NEW 4.55% 15Jul2028,ONEOK INC NEW 4.55% 15Jul2028,4.550
US682680AV54,OKE,cusip6,ONEOK INC NEW 5.2% 15Jul2048,ONEOK INC NEW 5.2% 15Jul2048,5.200
US682680AY93,OKE,cusip6,ONEOK INC,ONEOK INC NEW 3.4% 01Sep2029,3.400
US682680BB81,OKE,cusip6,ONEOK INC,ONEOK INC NEW 3.1% 15Mar2030,3.100
US682680BG78,OKE,cusip6,OKE 6.1 15-NOV-32,OKE 6.1 15-NOV-32,6.100
US68268NAC74,OKE,name_block,ONEOK PARTNERS L P 6.65% 01Oct2036,ONEOK PARTNERS L P 6.65% 01Oct2036,6.650
US68268NAD57,OKE,name_block,ONEOK PARTNERS L P 6.85% 15Oct2037,ONEOK PARTNERS L P 6.85% 15Oct2037,6.850
US68268NAG88,OKE,name_block,ONEOK PARTNERS L P 6.125% 01Feb2041,ONEOK PARTNERS L P 6.125% 01Feb2041,6.125
US68268NAM56,OKE,name_block,ONEOK PARTNERS L P 6.2% 15Sep2043,ONEOK PARTNERS L P 6.2% 15Sep2043,6.200
US68389XAE58,ORCL,cusip6,ORACLE CORP 6.5% 15Apr2038,ORACLE CORP 6.5% 15Apr2038,6.500
US68389XAH89,ORCL,cusip6,ORACLE CORP 6.125% 08Jul2039,ORACLE CORP 6.125% 08Jul2039,6.125
US68389XAM74,ORCL,cusip6,ORACLE CORP 5.375% 15Jul2040,ORACLE CORP 5.375% 15Jul2040,5.375
US68389XAV73,ORCL,cusip6,ORACLE CORP 4.3% 08Jul2034,ORACLE CORP 4.3% 08Jul2034,4.300
US68389XAW56,ORCL,cusip6,ORACLE CORP 4.5% 08Jul2044,ORACLE CORP 4.5% 08Jul2044,4.500
US68389XBD66,ORCL,cusip6,ORACLE CORP 3.25% 15May2030,ORACLE CORP 3.25% 15May2030,3.250
US68389XBE40,ORCL,cusip6,ORACLE CORP 3.9% 15May2035,ORACLE CORP 3.9% 15May2035,3.900
US68389XBF15,ORCL,cusip6,ORACLE CORP 4.125% 15May2045,ORACLE CORP 4.125% 15May2045,4.125
US68389XBG97,ORCL,cusip6,ORACLE CORP 4.375% 15May2055,ORACLE CORP 4.375% 15May2055,4.375
US68389XBH70,ORCL,cusip6,ORACLE CORP 3.85% 15Jul2036,ORACLE CORP 3.85% 15Jul2036,3.850
US68389XBJ37,ORCL,cusip6,ORACLE CORP 4% 15Jul2046,ORACLE CORP 4% 15Jul2046,4.000
US68389XBN49,ORCL,cusip6,ORACLE CORP 3.25% 15Nov2027,ORACLE CORP 3.25% 15Nov2027,3.250
US68389XBP96,ORCL,cusip6,ORACLE CORP 3.8% 15Nov2037,ORACLE CORP 3.8% 15Nov2037,3.800
US68389XBQ79,ORCL,cusip6,ORACLE CORP 4% 15Nov2047,ORACLE CORP 4% 15Nov2047,4.000
US68389XBU81,ORCL,cusip6,ORACLE CORPORATION,ORACLE CORP 2.8% 01Apr2027,2.800
US68389XBV64,ORCL,cusip6,ORACLE CORPORATION,ORACLE CORP 2.95% 01Apr2030,2.950
US68389XBW48,ORCL,cusip6,ORACLE CORPORATION,ORACLE CORP 3.6% 01Apr2040,3.600
US68389XBX21,ORCL,cusip6,ORACLE CORPORATION,ORACLE CORP 3.6% 01Apr2050,3.600
US68389XBY04,ORCL,cusip6,ORACLE CORPORATION,ORACLE CORP 3.85% 01Apr2060,3.850
US68389XBZ78,ORCL,cusip6,ORACLE CORPORATION,ORACLE CORP 3.65% 25Mar2041,3.650
US68389XCA19,ORCL,cusip6,ORACLE CORPORATION,ORACLE CORP 3.95% 25Mar2051,3.950
US68389XCB91,ORCL,cusip6,ORACLE CORPORATION,ORACLE CORP 4.1% 25Mar2061,4.100
US68389XCD57,ORCL,cusip6,ORACLE CORPORATION,ORACLE CORP 2.3% 25Mar2028,2.300
US68389XCE31,ORCL,cusip6,ORACLE CORPORATION,ORACLE CORP 2.875% 25Mar2031,2.875
US68389XCH61,ORCL,cusip6,ORCL 6.15 09-NOV-29,ORCL 6.15 09-NOV-29,6.150
US68389XCJ28,ORCL,cusip6,Oracle Corp. 625% 22/32,Oracle Corp. 625% 22/32,625.000
US68389XCK90,ORCL,cusip6,ORCL 6.9 09-NOV-52,ORCL 6.9 09-NOV-52,6.900
US68389XCM56,ORCL,cusip6,ORCL 4.5 06-MAY-28,ORCL 4.5 06-MAY-28,4.500
US68389XCN30,ORCL,cusip6,ORCL 4.65 06-MAY-30,ORCL 4.65 06-MAY-30,4.650
US68389XCP87,ORCL,cusip6,ORCL 4.9 06-FEB-33,ORCL 4.9 06-FEB-33,4.900
US68389XCQ60,ORCL,cusip6,ORCL 5.55 06-FEB-53,ORCL 5.55 06-FEB-53,5.550
US68902VAK35,OTIS,cusip6,OTIS WORLDWIDE CORP,OTIS WORLDWIDE CORP 2.565% 15Feb2030,2.565
US68902VAL18,OTIS,cusip6,OTIS WORLDWIDE CORP,OTIS WORLDWIDE CORP 3.112% 15Feb2040,3.112
US693304AH06,EXC,name_block,PECO ENERGY CO 5.95% 01Oct2036,PECO ENERGY CO 5.95% 01Oct2036,5.950
US693304AV99,EXC,name_block,PECO ENERGY CO 3.7% 15Sep2047,PECO ENERGY CO 3.7% 15Sep2047,3.700
US693304AW72,EXC,name_block,PECO ENERGY CO 3.9% 01Mar2048,PECO ENERGY CO 3.9% 01Mar2048,3.900
US693304AX55,EXC,name_block,PECO Energy 3% 15sep2049 USD,PECO Energy 3% 15sep2049 USD,3.000
US693304BA44,EXC,name_block,EXC 3.05 15-MAR-51,EXC 3.05 15-MAR-51,3.050
US693304BC00,EXC,name_block,EXC 2.85 15-SEP-51,EXC 2.85 15-SEP-51,2.850
US693304BE65,EXC,name_block,EXC 4.375 15-AUG-52,EXC 4.375 15-AUG-52,4.375
US69331CAH16,PCG,cusip6,PG&E 5% 1jul2028 USD,PG&E 5% 1jul2028 USD,5.000
US69331CAJ71,PCG,cusip6,PG&E 5.25% 1jul2030 USD,PG&E 5.25% 1jul2030 USD,5.250
US693342AK39,PCG,name_block,PCG 5.099 01-JUN-52,PCG 5.099 01-JUN-52,5.099
US693475AQ81,PNC,cusip6,PNC 5,PNC 5,
US693475AT21,PNC,cusip6,PNC FINL SVCS GROUP INC 3.15% 19May2027,PNC FINL SVCS GROUP INC 3.15% 19May2027,3.150
US693475AW59,PNC,cusip6,PNC FINANCIAL SERVICES GROUP INC (,PNC FINL SVCS GROUP INC 3.45% 23Apr2029,3.450
US693475AX33,PNC,cusip6,PNC FINANCIAL SERVICES GROUP INC (,PNC FINANCIAL SERVICES GROUP INC (,
US693475AZ80,PNC,cusip6,PNC FINANCIAL SERVICES GROUP INC (,PNC FINL SVCS GROUP INC 2.55% 22Jan2030,2.550
US693475BA21,PNC,cusip6,PNC FINANCIAL SERVICES GROUP INC (,PNC FINANCIAL SERVICES GROUP INC (,
US693475BB04,PNC,cusip6,PNC 1.15 13-AUG-26,PNC 1.15 13-AUG-26,1.150
US693475BC86,PNC,cusip6,PNC 3.4,PNC 3.4,
US693475BD69,PNC,cusip6,PNC 6,PNC 6,
US693475BE43,PNC,cusip6,PNC 4.626 06-JUN-33,PNC 4.626 06-JUN-33,4.626
US693475BF18,PNC,cusip6,PNC 6.2,PNC 6.2,
US693475BJ30,PNC,cusip6,PNC 6.037 28-OCT-33,PNC 6.037 28-OCT-33,6.037
US693475BK03,PNC,cusip6,PNC 5.354 02-DEC-28,PNC 5.354 02-DEC-28,5.354
US693475BM68,PNC,cusip6,PNC 5.068 24-JAN-34,PNC 5.068 24-JAN-34,5.068
US693475BP99,PNC,cusip6,PNC 6.25,PNC 6.25,
US693506BP19,PPG,cusip6,PPG INDS INC 3.75% 15Mar2028,PPG INDS INC 3.75% 15Mar2028,3.750
US69351UAM53,PPL,name_block,PPL ELEC UTILS CORP 6.25% 15May2039,PPL ELEC UTILS CORP 6.25% 15May2039,6.250
US69351UAR41,PPL,name_block,PPL ELEC UTILS CORP 4.75% 15Jul2043,PPL ELEC UTILS CORP 4.75% 15Jul2043,4.750
US69351UAS24,PPL,name_block,PPL ELEC UTILS CORP 4.125% 15Jun2044,PPL ELEC UTILS CORP 4.125% 15Jun2044,4.125
US69351UAU79,PPL,name_block,PPL ELEC UTILS CORP 3.95% 01Jun2047,PPL ELEC UTILS CORP 3.95% 01Jun2047,3.950
US69351UAV52,PPL,name_block,PPL ELEC UTILS CORP 4.15% 15Jun2048,PPL ELEC UTILS CORP 4.15% 15Jun2048,4.150
US69351UBA07,PPL,name_block,PPL 5 15-MAY-33,PPL 5 15-MAY-33,5.000
US69351UBB89,PPL,name_block,PPL 5.25 15-MAY-53,PPL 5.25 15-MAY-53,5.250
US69352PAC77,PPL,name_block,PPL 7.39486 30-MAR-67,PPL 7.39486 30-MAR-67,7.395
US69370CAC47,PTC,name_block,PTC 4% 15feb2028 USD,PTC INC 4% 15Feb2028,4.000
US69371RR654,PCAR,name_block,PCAR 2 04-FEB-27,PCAR 2 04-FEB-27,2.000
US69371RS314,PCAR,name_block,PCAR 4.6 10-JAN-28,PCAR 4.6 10-JAN-28,4.600
US694308JF52,PCG,name_block,PACIFIC GAS AND ELECTRIC COMPANY,PACIFIC GAS AND ELECTRIC COMPANY,
US694308JG36,PCG,name_block,PACIFIC GAS AND ELECTRIC COMPANY,PACIFIC GAS & ELEC CO 2.5% 01Feb2031,2.500
US694308JH19,PCG,name_block,PACIFIC GAS AND ELECTRIC COMPANY,PACIFIC GAS & ELEC CO 3.3% 01Aug2040,3.300
US694308JJ74,PCG,name_block,PACIFIC GAS AND ELECTRIC COMPANY,PACIFIC GAS & ELEC CO 3.5% 01Aug2050,3.500
US694308JK48,PCG,name_block,PACIFIC GAS AND ELECTRIC COMPANY,PACIFIC GAS & ELEC CO 3.75% 01Jul2028,3.750
US694308JM04,PCG,name_block,PACIFIC GAS AND ELECTRIC COMPANY,PACIFIC GAS & ELEC CO 4.55% 01Jul2030,4.550
US694308JN86,PCG,name_block,PACIFIC GAS AND ELECTRIC COMPANY,PACIFIC GAS & ELEC CO 4.95% 01Jul2050,4.950
US694308JQ18,PCG,name_block,PACIFIC GAS & ELECTRIC UTILITIES,PACIFIC GAS & ELEC CO 4.5% 01Jul2040,4.500
US694308JT56,PCG,name_block,PCG 3.25 01-JUN-31,PCG 3.25 01-JUN-31,3.250
US694308JU20,PCG,name_block,PCG 4.2 01-JUN-41,PCG 4.2 01-JUN-41,4.200
US694308JW85,PCG,name_block,PACIFIC GAS AND ELECTRIC COMPANY,PACIFIC GAS & ELEC CO 3% 15Jun2028,3.000
US694308KB20,PCG,name_block,PCG 4.2 01-MAR-29,PCG 4.2 01-MAR-29,4.200
US694308KC03,PCG,name_block,PCG 4.4 01-MAR-32,PCG 4.4 01-MAR-32,4.400
US694308KD85,PCG,name_block,PCG 5.25 01-MAR-52,PCG 5.25 01-MAR-52,5.250
US694308KG17,PCG,name_block,PCG 5.9 15-JUN-32,PCG 5.9 15-JUN-32,5.900
US694308KH99,PCG,name_block,PCG 6.75 15-JAN-53,PCG 6.75 15-JAN-53,6.750
US694308KJ55,PCG,name_block,PCG 6.15 15-JAN-33,PCG 6.15 15-JAN-33,6.150
US695156AT63,PKG,cusip6,PACKAGING CORP AMER 3.4% 15Dec2027,PACKAGING CORP AMER 3.4% 15Dec2027,3.400
US695156AW92,PKG,cusip6,PKG 3.05 01-OCT-51,PKG 3.05 01-OCT-51,3.050
US701094AJ33,PH,cusip6,PARKER-HANNIFIN CORP 3.25% 01Mar2027,PARKER-HANNIFIN CORP 3.25% 01Mar2027,3.250
US701094AL88,PH,cusip6,PARKER-HANNIFIN CORP 4.1% 01Mar2047,PARKER-HANNIFIN CORP 4.1% 01Mar2047,4.100
US701094AN45,PH,cusip6,PARKER HANNIFIN CORPORATION,PARKER-HANNIFIN CORP 3.25% 14Jun2029,3.250
US701094AP92,PH,cusip6,PARKER HANNIFIN CORPORATION,PARKER-HANNIFIN CORP 4% 14Jun2049,4.000
US701094AR58,PH,cusip6,PH 4.25 15-SEP-27,PH 4.25 15-SEP-27,4.250
US701094AS32,PH,cusip6,PH 4.5 15-SEP-29,PH 4.5 15-SEP-29,4.500
US70109HAJ41,PH,name_block,PARKER-HANNIFIN CORP MEDIUM TERM NTS BOO 6.25% 15May2038,PARKER-HANNIFIN CORP MEDIUM TERM NTS BOO 6.25% 15May2038,6.250
US70109HAM79,PH,name_block,PARKER-HANNIFIN CORP MEDIUM TERM NTS BOO 4.2% 21Nov2034,PARKER-HANNIFIN CORP MEDIUM TERM NTS BOO 4.2% 21Nov2034,4.200
US70109HAN52,PH,name_block,PARKER-HANNIFIN CORP MEDIUM TERM NTS BOO 4.45% 21Nov2044,PARKER-HANNIFIN CORP MEDIUM TERM NTS BOO 4.45% 21Nov2044,4.450
US70450YAD58,PYPL,cusip6,PAYPAL HOLDINGS INC,PAYPAL HLDGS INC 2.65% 01Oct2026,2.650
US70450YAE32,PYPL,cusip6,PAYPAL HOLDINGS INC,PAYPAL HOLDINGS INC,
US70450YAH62,PYPL,cusip6,PAYPAL HOLDINGS INC,PAYPAL HLDGS INC 2.3% 01Jun2030,2.300
US70450YAJ29,PYPL,cusip6,PAYPAL HOLDINGS INC,PAYPAL HOLDINGS INC,
US70450YAK91,PYPL,cusip6,PYPL 3.9 01-JUN-27,PYPL 3.9 01-JUN-27,3.900
US70450YAL74,PYPL,cusip6,PYPL 4.4 01-JUN-32,PYPL 4.4 01-JUN-32,4.400
US70450YAM57,PYPL,cusip6,PYPL 5.05 01-JUN-52,PYPL 5.05 01-JUN-52,5.050
US70450YAN31,PYPL,cusip6,PYPL 5.25 01-JUN-62,PYPL 5.25 01-JUN-62,5.250
US709629AR06,PNR,name_block,PNR 4.5 01-JUL-29,PNR 4.5 01-JUL-29,4.500
US709629AS88,PNR,name_block,PNR 5.9 15-JUL-32,PNR 5.9 15-JUL-32,5.900
US713448BP24,PEP,cusip6,PEPSICO INC 5.5% 15Jan2040,PEPSICO INC 5.5% 15Jan2040,5.500
US713448BZ06,PEP,cusip6,PEPSICO INC 4% 05Mar2042,PEPSICO INC 4% 05Mar2042,4.000
US713448CC02,PEP,cusip6,PEPSICO INC 3.6% 13Aug2042,PEPSICO INC 3.6% 13Aug2042,3.600
US713448CQ97,PEP,cusip6,PEPSICO INC 4.25% 22Oct2044,PEPSICO INC 4.25% 22Oct2044,4.250
US713448DD75,PEP,cusip6,PEPSICO INC 4.45% 14Apr2046,PEPSICO INC 4.45% 14Apr2046,4.450
US713448DN57,PEP,cusip6,PEPSICO INC 2.375% 06Oct2026,PEPSICO INC 2.375% 06Oct2026,2.375
US713448DP06,PEP,cusip6,PEPSICO INC 3.45% 06Oct2046,PEPSICO INC 3.45% 06Oct2046,3.450
US713448DY13,PEP,cusip6,PEPSICO INC 3% 15Oct2027,PEPSICO INC 3% 15Oct2027,3.000
US713448EL82,PEP,cusip6,PEPSICO INC,PEPSICO INC 2.625% 29Jul2029,2.625
US713448EM65,PEP,cusip6,PEPSICO INC,PEPSICO INC 3.375% 29Jul2049,3.375
US713448EP96,PEP,cusip6,PEPSICO INC,PEPSICO INC 2.875% 15Oct2049,2.875
US713448ES36,PEP,cusip6,PEPSICO INC,PEPSICO INC 2.75% 19Mar2030,2.750
US713448ET19,PEP,cusip6,PEPSICO INC,PEPSICO INC 3.5% 19Mar2040,3.500
US713448EU81,PEP,cusip6,PEPSICO INC,PEPSICO INC 3.625% 19Mar2050,3.625
US713448EV64,PEP,cusip6,PEPSICO INC,PEPSICO INC 3.875% 19Mar2060,3.875
US713448EZ78,PEP,cusip6,PEPSICO INC,PEPSICO INC 1.625% 01May2030,1.625
US713448FA19,PEP,cusip6,PEPSICO INC,PEPSICO INC 1.4% 25Feb2031,1.400
US713448FE31,PEP,cusip6,PEP 1.95 21-OCT-31,PEP 1.95 21-OCT-31,1.950
US713448FF06,PEP,cusip6,PEP 2.625 21-OCT-41,PEP 2.625 21-OCT-41,2.625
US713448FG88,PEP,cusip6,PEP 2.75 21-OCT-51,PEP 2.75 21-OCT-51,2.750
US713448FL73,PEP,cusip6,PEP 3.6 18-FEB-28,PEP 3.6 18-FEB-28,3.600
US713448FM56,PEP,cusip6,PEP 3.9 18-JUL-32,PEP 3.9 18-JUL-32,3.900
US713448FN30,PEP,cusip6,PEP 4.2 18-JUL-52,PEP 4.2 18-JUL-52,4.200
US713448FR44,PEP,cusip6,PEP 4.45 15-MAY-28,PEP 4.45 15-MAY-28,4.450
US713448FS27,PEP,cusip6,PEP 4.45 15-FEB-33,PEP 4.45 15-FEB-33,4.450
US713448FT00,PEP,cusip6,PEP 4.65 15-FEB-53,PEP 4.65 15-FEB-53,4.650
US714046AH29,RVTY,cusip6,PKI 2.55 15-MAR-31,PKI 2.55 15-MAR-31,2.550
US714046AJ84,RVTY,cusip6,PKI 3.625 15-MAR-51,PKI 3.625 15-MAR-51,3.625
US714046AM14,RVTY,cusip6,PKI 1.9 15-SEP-28,PKI 1.9 15-SEP-28,1.900
US714046AN96,RVTY,cusip6,PKI 2.25 15-SEP-31,PKI 2.25 15-SEP-31,2.250
US717081CY74,PFE,cusip6,PFIZER INC 7.2% 15Mar2039,PFIZER INC 7.2% 15Mar2039,7.200
US717081DE02,PFE,cusip6,PFIZER INC 4.3% 15Jun2043,PFIZER INC 4.3% 15Jun2043,4.300
US717081DK61,PFE,cusip6,PFIZER INC 4.4% 15May2044,PFIZER INC 4.4% 15May2044,4.400
US717081EA70,PFE,cusip6,PFIZER INC 3% 15Dec2026,PFIZER INC 3% 15Dec2026,3.000
US717081EC37,PFE,cusip6,PFIZER INC 4% 15Dec2036,PFIZER INC 4% 15Dec2036,4.000
US717081ED10,PFE,cusip6,PFIZER INC 4.125% 15Dec2046,PFIZER INC 4.125% 15Dec2046,4.125
US717081EJ89,PFE,cusip6,PFIZER INC 4.1% 15Sep2038,PFIZER INC 4.1% 15Sep2038,4.100
US717081EK52,PFE,cusip6,PFIZER INC 4.2% 15Sep2048,PFIZER INC 4.2% 15Sep2048,4.200
US717081EP40,PFE,cusip6,PFIZER INC 3.6% 15Sep2028,PFIZER INC 3.6% 15Sep2028,3.600
US717081ET61,PFE,cusip6,PFIZER INC,PFIZER INC 3.45% 15Mar2029,3.450
US717081EU35,PFE,cusip6,PFIZER INC,PFIZER INC 3.9% 15Mar2039,3.900
US717081EV18,PFE,cusip6,PFIZER INC,PFIZER INC 4% 15Mar2049,4.000
US717081EW90,PFE,cusip6,PFIZER INC,PFIZER INC 2.625% 01Apr2030,2.625
US717081EY56,PFE,cusip6,PFIZER INC,PFIZER INC 1.7% 28May2030,1.700
US717081EZ22,PFE,cusip6,PFIZER INC,PFIZER INC 2.55% 28May2040,2.550
US717081FA61,PFE,cusip6,PFIZER INC,PFIZER INC 2.7% 28May2050,2.700
US717081FB45,PFE,cusip6,PFE 1.75 18-AUG-31,PFE 1.75 18-AUG-31,1.750
US717265AJ16,FCX,name_block,FCX 7.125 01-NOV-27,FCX 7.125 01-NOV-27,7.125
US718154CF28,MO,cusip6,PHILIP MORRIS COS INC 7.75% 15Jan2027,PHILIP MORRIS COS INC 7.75% 15Jan2027,7.750
US718172AC39,PM,cusip6,PHILIP MORRIS INTL INC 6.375% 16May2038,PHILIP MORRIS INTL INC 6.375% 16May2038,6.375
US718172AM11,PM,cusip6,PHILIP MORRIS INTL INC 4.375% 15Nov2041,PHILIP MORRIS INTL INC 4.375% 15Nov2041,4.375
US718172AP42,PM,cusip6,PHILIP MORRIS INTL INC 4.5% 20Mar2042,PHILIP MORRIS INTL INC 4.5% 20Mar2042,4.500
US718172AU37,PM,cusip6,PHILIP MORRIS INTL INC 3.875% 21Aug2042,PHILIP MORRIS INTL INC 3.875% 21Aug2042,3.875
US718172AW92,PM,cusip6,PHILIP MORRIS INTL INC 4.125% 04Mar2043,PHILIP MORRIS INTL INC 4.125% 04Mar2043,4.125
US718172BD03,PM,cusip6,PHILIP MORRIS INTL INC 4.875% 15Nov2043,PHILIP MORRIS INTL INC 4.875% 15Nov2043,4.875
US718172BL29,PM,cusip6,PHILIP MORRIS INTL INC 4.25% 10Nov2044,PHILIP MORRIS INTL INC 4.25% 10Nov2044,4.250
US718172CB38,PM,cusip6,PHILIP MORRIS INTL INC 3.125% 17Aug2027,PHILIP MORRIS INTL INC 3.125% 17Aug2027,3.125
US718172CE76,PM,cusip6,PHILIP MORRIS INTL INC 3.125% 02Mar2028,PHILIP MORRIS INTL INC 3.125% 02Mar2028,3.125
US718172CJ63,PM,cusip6,PHILIP MORRIS INTERNATIONAL INC,PHILIP MORRIS INTL INC 3.375% 15Aug2029,3.375
US718172CP24,PM,cusip6,PHILIP MORRIS INTERNATIONAL INC,PHILIP MORRIS INTL INC 2.1% 01May2030,2.100
US718172CS62,PM,cusip6,PHILIP MORRIS INTERNATIONAL INC,PHILIP MORRIS INTL INC 1.75% 01Nov2030,1.750
US718172CV91,PM,cusip6,PM 5.125 17-NOV-27,PM 5.125 17-NOV-27,5.125
US718172CW74,PM,cusip6,PM 5.625 17-NOV-29,PM 5.625 17-NOV-29,5.625
US718172CX57,PM,cusip6,PM 5.75 17-NOV-32,PM 5.75 17-NOV-32,5.750
US718172CZ06,PM,cusip6,PM 4.875 15-FEB-28,PM 4.875 15-FEB-28,4.875
US718172DA46,PM,cusip6,PM 5.125 15-FEB-30,PM 5.125 15-FEB-30,5.125
US718172DB29,PM,cusip6,PM 5.375 15-FEB-33,PM 5.375 15-FEB-33,5.375
US718546AH74,PSX,name_block,PHILLIPS 66 5.875% 01May2042,PHILLIPS 66 5.875% 01May2042,5.875
US718546AK04,PSX,name_block,PHILLIPS 66 4.65% 15Nov2034,PHILLIPS 66 4.65% 15Nov2034,4.650
US718546AL86,PSX,name_block,PHILLIPS 66 4.875% 15Nov2044,PHILLIPS 66 4.875% 15Nov2044,4.875
US718546AR56,PSX,name_block,PHILLIPS 66 3.9% 15Mar2028,PHILLIPS 66 3.9% 15Mar2028,3.900
US718546AW42,PSX,name_block,PHILLIPS 66,PHILLIPS 66 2.15% 15Dec2030,2.150
US718546BA13,PSX,name_block,PSX 3.3 15-MAR-52,PSX 3.3 15-MAR-52,3.300
US718549AD00,PSX,name_block,Phillips 66 Partners LP 3.55% 01Oct2026,Phillips 66 Partners LP 3.55% 01Oct2026,3.550
US718549AF57,PSX,name_block,Phillips 66 Partners LP 3.75% 01Mar2028,Phillips 66 Partners LP 3.75% 01Mar2028,3.750
US71951QAA04,DOC,name_block,PHYSICIANS RLTY L P 4.3% 15Mar2027,PHYSICIANS RLTY L P 4.3% 15Mar2027,4.300
US71951QAC69,DOC,name_block,DOC 2.625 01-NOV-31,DOC 2.625 01-NOV-31,2.625
US720186AK13,DUK,name_block,PIEDMONT NAT GAS CO INC 3.64% 01Nov2046,PIEDMONT NAT GAS CO INC 3.64% 01Nov2046,3.640
US720186AN51,DUK,name_block,DUK 2.5 15-MAR-31,DUK 2.5 15-MAR-31,2.500
US720186AP00,DUK,name_block,DUK 5.05 15-MAY-52,DUK 5.05 15-MAY-52,5.050
US741503BC97,BKNG,cusip6,PRICELINE GROUP INC 3.55% 15Mar2028,PRICELINE GROUP INC 3.55% 15Mar2028,3.550
US74153WCP23,PRU,name_block,PRU 1.2 01-SEP-26,PRU 1.2 01-SEP-26,1.200
US74251VAA08,PFG,cusip6,PRINCIPAL FINL GROUP INC 6.05% 15Oct2036,PRINCIPAL FINL GROUP INC 6.05% 15Oct2036,6.050
US74251VAF94,PFG,cusip6,PRINCIPAL FINL GROUP INC 4.625% 15Sep2042,PRINCIPAL FINL GROUP INC 4.625% 15Sep2042,4.625
US74251VAJ17,PFG,cusip6,PRINCIPAL FINL GROUP INC 4.35% 15May2043,PRINCIPAL FINL GROUP INC 4.35% 15May2043,4.350
US74251VAM46,PFG,cusip6,PRINCIPAL FINL GROUP INC 3.1% 15Nov2026,PRINCIPAL FINL GROUP INC 3.1% 15Nov2026,3.100
US74251VAN29,PFG,cusip6,PRINCIPAL FINL GROUP INC 4.3% 15Nov2046,PRINCIPAL FINL GROUP INC 4.3% 15Nov2046,4.300
US74251VAT98,PFG,cusip6,PFG 5.375 15-MAR-33,PFG 5.375 15-MAR-33,5.375
US74251VAU61,PFG,cusip6,PFG 5.5 15-MAR-53,PFG 5.5 15-MAR-53,5.500
US74256LEP04,PFG,name_block,PFG 1.25 16-AUG-26,PFG 1.25 16-AUG-26,1.250
US74256LES43,PFG,name_block,PFG 1.5 17-NOV-26,PFG 1.5 17-NOV-26,1.500
US742718CB39,PG,cusip6,PROCTER & GAMBLE CO 5.5% 01Feb2034,PROCTER & GAMBLE CO 5.5% 01Feb2034,5.500
US742718DB20,PG,cusip6,PROCTER & GAMBLE CO 5.8% 15Aug2034,PROCTER & GAMBLE CO 5.8% 15Aug2034,5.800
US742718DF34,PG,cusip6,PROCTER & GAMBLE CO 5.55% 05Mar2037,PROCTER & GAMBLE CO 5.55% 05Mar2037,5.550
US742718ER62,PG,cusip6,PROCTER & GAMBLE CO 2.45% 03Nov2026,PROCTER & GAMBLE CO 2.45% 03Nov2026,2.450
US742718EV74,PG,cusip6,PROCTER & GAMBLE CO 2.85% 11Aug2027,PROCTER & GAMBLE CO 2.85% 11Aug2027,2.850
US742718FB02,PG,cusip6,PROCTER & GAMBLE CO 3.5% 25Oct2047,PROCTER & GAMBLE CO 3.5% 25Oct2047,3.500
US742718FH71,PG,cusip6,PROCTER & GAMBLE CO,PROCTER & GAMBLE CO 3% 25Mar2030,3.000
US742718FM66,PG,cusip6,PROCTER & GAMBLE CO,PROCTER & GAMBLE CO 1.2% 29Oct2030,1.200
US742718FQ70,PG,cusip6,PROCTER & GAMBLE CO,PROCTER & GAMBLE CO 1.95% 23Apr2031,1.950
US742718FV65,PG,cusip6,PG 1.9 01-FEB-27,PG 1.9 01-FEB-27,1.900
US742718FW49,PG,cusip6,PG 2.3 01-FEB-32,PG 2.3 01-FEB-32,2.300
US742718FZ79,PG,cusip6,PG 3.95 26-JAN-28,PG 3.95 26-JAN-28,3.950
US742718GA10,PG,cusip6,PG 4.05 26-JAN-33,PG 4.05 26-JAN-33,4.050
US743263AE50,DUK,name_block,PROGRESS ENERGY INC 7.75% 01Mar2031,PROGRESS ENERGY INC 7.75% 01Mar2031,7.750
US743263AG09,DUK,name_block,PROGRESS ENERGY INC 7% 30Oct2031,PROGRESS ENERGY INC 7% 30Oct2031,7.000
US743263AP08,DUK,name_block,PROGRESS ENERGY INC 6% 01Dec2039,PROGRESS ENERGY INC 6% 01Dec2039,6.000
US743315AJ20,PGR,cusip6,PROGRESSIVE CORP OH 6.625% 01Mar2029,PROGRESSIVE CORP OH 6.625% 01Mar2029,6.625
US743315AL75,PGR,cusip6,PROGRESSIVE CORP OH 6.25% 01Dec2032,PROGRESSIVE CORP OH 6.25% 01Dec2032,6.250
US743315AP89,PGR,cusip6,PROGRESSIVE CORP OH 4.35% 25Apr2044,PROGRESSIVE CORP OH 4.35% 25Apr2044,4.350
US743315AR46,PGR,cusip6,PROGRESSIVE CORP OH 2.45% 15Jan2027,PROGRESSIVE CORP OH 2.45% 15Jan2027,2.450
US743315AS29,PGR,cusip6,PROGRESSIVE CORP OH 4.125% 15Apr2047,PROGRESSIVE CORP OH 4.125% 15Apr2047,4.125
US743315AT02,PGR,cusip6,PROGRESSIVE CORP OH 4.2% 15Mar2048,PROGRESSIVE CORP OH 4.2% 15Mar2048,4.200
US743315AV57,PGR,cusip6,PROGRESSIVE CORP OH 4% 01Mar2029,PROGRESSIVE CORP OH 4% 01Mar2029,4.000
US743315AY96,PGR,cusip6,PGR 2.5 15-MAR-27,PGR 2.5 15-MAR-27,2.500
US743315AZ61,PGR,cusip6,PGR 3 15-MAR-32,PGR 3 15-MAR-32,3.000
US743315BA02,PGR,cusip6,PGR 3.7 15-MAR-52,PGR 3.7 15-MAR-52,3.700
US74340XBH35,PLD,name_block,PROLOGIS L P 3.875% 15Sep2028,PROLOGIS L P 3.875% 15Sep2028,3.875
US74340XBM20,PLD,name_block,PROLOGIS LP,PROLOGIS L P 2.25% 15Apr2030,2.250
US74340XBR17,PLD,name_block,PROLOGIS LP,PROLOGIS L P 1.25% 15Oct2030,1.250
US74340XBS99,PLD,name_block,PLD 1.625 15-MAR-31,PLD 1.625 15-MAR-31,1.625
US74340XBT72,PLD,name_block,PLD 4.625 15-JAN-33,PLD 4.625 15-JAN-33,4.625
US74340XBV29,PLD,name_block,PLD 3.375 15-DEC-27,PLD 3.375 15-DEC-27,3.375
US74340XBX84,PLD,name_block,PLD 4 15-SEP-28,PLD 4 15-SEP-28,4.000
US74340XBY67,PLD,name_block,PLD 2.875 15-NOV-29,PLD 2.875 15-NOV-29,2.875
US74340XBZ33,PLD,name_block,PLD 1.75 01-JUL-30,PLD 1.75 01-JUL-30,1.750
US74340XCA72,PLD,name_block,PLD 1.75 01-FEB-31,PLD 1.75 01-FEB-31,1.750
US74340XCB55,PLD,name_block,PLD 2.25 15-JAN-32,PLD 2.25 15-JAN-32,2.250
US74340XCC39,PLD,name_block,PLD 3.05 01-MAR-50,PLD 3.05 01-MAR-50,3.050
US744320AY89,PRU,cusip6,PRUDENTIAL FINL INC 3.905% 07Dec2047,PRUDENTIAL FINL INC 3.905% 07Dec2047,3.905
US744320BA94,PRU,cusip6,PRUDENTIAL FINL INC 3.935% 07Dec2049,PRUDENTIAL FINL INC 3.935% 07Dec2049,3.935
US744320BJ04,PRU,cusip6,PRU 5.125 01-MAR-52,PRU 5.125 01-MAR-52,5.125
US744320BK76,PRU,cusip6,PRU 6 01-SEP-52,PRU 6 01-SEP-52,6.000
US74432QAC96,PRU,name_block,PRUDENTIAL FINL INC MEDIUM TERM NTS BOOK 5.75% 15Jul2033,PRUDENTIAL FINL INC MEDIUM TERM NTS BOOK 5.75% 15Jul2033,5.750
US74432QAH83,PRU,name_block,PRUDENTIAL FINL INC MEDIUM TERM NTS BOOK 5.4% 13Jun2035,PRUDENTIAL FINL INC MEDIUM TERM NTS BOOK 5.4% 13Jun2035,5.400
US74432QAK13,PRU,name_block,PRUDENTIAL FINL INC MEDIUM TERM NTS BOOK 5.9% 17Mar2036,PRUDENTIAL FINL INC MEDIUM TERM NTS BOOK 5.9% 17Mar2036,5.900
US74432QAQ82,PRU,name_block,PRUDENTIAL FINL INC MEDIUM TERM NTS BOOK 5.7% 14Dec2036,PRUDENTIAL FINL INC MEDIUM TERM NTS BOOK 5.7% 14Dec2036,5.700
US74432QBD60,PRU,name_block,PRUDENTIAL FINL INC MEDIUM TERM NTS BOOK 6.625% 01Dec2037,PRUDENTIAL FINL INC MEDIUM TERM NTS BOOK 6.625% 01Dec2037,6.625
US74432QBN43,PRU,name_block,PRUDENTIAL FINL INC MEDIUM TERM NTS BOOK 6.625% 21Jun2040,PRUDENTIAL FINL INC MEDIUM TERM NTS BOOK 6.625% 21Jun2040,6.625
US74432QBQ73,PRU,name_block,PRUDENTIAL FINL INC MEDIUM TERM NTS BOOK 6.2% 15Nov2040,PRUDENTIAL FINL INC MEDIUM TERM NTS BOOK 6.2% 15Nov2040,6.200
US74432QBS30,PRU,name_block,PRUDENTIAL FINL INC MEDIUM TERM NTS BOOK 5.625% 12May2041,PRUDENTIAL FINL INC MEDIUM TERM NTS BOOK 5.625% 12May2041,5.625
US74432QBY08,PRU,name_block,PRUDENTIAL FINL INC MEDIUM TERM NTS BOOK 5.1% 15Aug2043,PRUDENTIAL FINL INC MEDIUM TERM NTS BOOK 5.1% 15Aug2043,5.100
US74432QCA13,PRU,name_block,PRUDENTIAL FINL INC MEDIUM TERM NTS BOOK 4.6% 15May2044,PRUDENTIAL FINL INC MEDIUM TERM NTS BOOK 4.6% 15May2044,4.600
US74432QCC78,PRU,name_block,PRUDENTIAL FINL INC MEDIUM TERM NTS BOOK 3.878% 27Mar2028,PRUDENTIAL FINL INC MEDIUM TERM NTS BOOK 3.878% 27Mar2028,3.878
US74432QCD51,PRU,name_block,PRUDENTIAL FINL INC MEDIUM TERM NTS BOOK 4.418% 27Mar2048,PRUDENTIAL FINL INC MEDIUM TERM NTS BOOK 4.418% 27Mar2048,4.418
US74432QCE35,PRU,name_block,PRUDENTIAL FINANCIAL INC MTN,PRUDENTIAL FINL INC MEDIUM TERM NTS BOOK 4.35% 25Feb2050,4.350
US74432QCF00,PRU,name_block,PRUDENTIAL FINANCIAL INC MTN,PRUDENTIAL FINL INC MEDIUM TERM NTS BOOK 3.7% 13Mar2051,3.700
US744448BZ35,XEL,name_block,PUBLIC SVC CO COLO 6.25% 01Sep2037,PUBLIC SVC CO COLO 6.25% 01Sep2037,6.250
US744448CA74,XEL,name_block,PUBLIC SVC CO COLO 6.5% 01Aug2038,PUBLIC SVC CO COLO 6.5% 01Aug2038,6.500
US744448CE96,XEL,name_block,PUBLIC SVC CO COLO 4.75% 15Aug2041,PUBLIC SVC CO COLO 4.75% 15Aug2041,4.750
US744448CG45,XEL,name_block,PUBLIC SVC CO COLO 3.6% 15Sep2042,PUBLIC SVC CO COLO 3.6% 15Sep2042,3.600
US744448CJ83,XEL,name_block,PUBLIC SVC CO COLO 3.95% 15Mar2043,PUBLIC SVC CO COLO 3.95% 15Mar2043,3.950
US744448CK56,XEL,name_block,PUBLIC SVC CO COLO 4.3% 15Mar2044,PUBLIC SVC CO COLO 4.3% 15Mar2044,4.300
US744448CM13,XEL,name_block,PUBLIC SVC CO COLO 3.55% 15Jun2046,PUBLIC SVC CO COLO 3.55% 15Jun2046,3.550
US744448CN95,XEL,name_block,PUBLIC SVC CO COLO 3.8% 15Jun2047,PUBLIC SVC CO COLO 3.8% 15Jun2047,3.800
US744448CP44,XEL,name_block,PUBLIC SVC CO COLO 3.7% 15Jun2028,PUBLIC SVC CO COLO 3.7% 15Jun2028,3.700
US744448CQ27,XEL,name_block,PUBLIC SVC CO COLO 4.1% 15Jun2048,PUBLIC SVC CO COLO 4.1% 15Jun2048,4.100
US744448CV12,XEL,name_block,PUBLIC SERVICE COMPANY OF COLORADO,PUBLIC SVC CO COLO 1.875% 15Jun2031,1.875
US744448CW94,XEL,name_block,XEL 4.1 01-JUN-32,XEL 4.1 01-JUN-32,4.100
US744448CX77,XEL,name_block,XEL 4.5 01-JUN-52,XEL 4.5 01-JUN-52,4.500
US744482BM11,ES,name_block,Public Service Company of New Hampshire 3.6% 1jul2049 USD,Public Service Company of New Hampshire 3.6% 1jul2049 USD,3.600
US744482BP42,ES,name_block,ES 5.15 15-JAN-53,ES 5.15 15-JAN-53,5.150
US744533BM10,AEP,name_block,AEP 2.2 15-AUG-31,AEP 2.2 15-AUG-31,2.200
US744533BP41,AEP,name_block,AEP 3.15 15-AUG-51,AEP 3.15 15-AUG-51,3.150
US744533BQ24,AEP,name_block,AEP 5.25 15-JAN-33,AEP 5.25 15-JAN-33,5.250
US744538AE99,ES,name_block,ES 2.2 15-JUN-31,ES 2.2 15-JUN-31,2.200
US74456QAV86,PEG,name_block,PUBLIC SVC ELEC GAS CO SECD MEDIUM TERM 5.5% 01Mar2040,PUBLIC SVC ELEC GAS CO SECD MEDIUM TERM 5.5% 01Mar2040,5.500
US74456QAZ90,PEG,name_block,PUBLIC SVC ELEC GAS CO SECD MEDIUM TERM 3.95% 01May2042,PUBLIC SVC ELEC GAS CO SECD MEDIUM TERM 3.95% 01May2042,3.950
US74456QBA31,PEG,name_block,PUBLIC SVC ELEC GAS CO SECD MEDIUM TERM 3.65% 01Sep2042,PUBLIC SVC ELEC GAS CO SECD MEDIUM TERM 3.65% 01Sep2042,3.650
US74456QBR65,PEG,name_block,PUBLIC SVC ELEC GAS CO SECD MEDIUM TERM 2.25% 15Sep2026,PUBLIC SVC ELEC GAS CO SECD MEDIUM TERM 2.25% 15Sep2026,2.250
US74456QBS49,PEG,name_block,PUBLIC SVC ELEC GAS CO SECD MEDIUM TERM 3% 15May2027,PUBLIC SVC ELEC GAS CO SECD MEDIUM TERM 3% 15May2027,3.000
US74456QBU94,PEG,name_block,PUBLIC SVC ELEC GAS CO SECD MEDIUM TERM 3.7% 01May2028,PUBLIC SVC ELEC GAS CO SECD MEDIUM TERM 3.7% 01May2028,3.700
US74456QBV77,PEG,name_block,PUBLIC SVC ELEC GAS CO SECD MEDIUM TERM 4.05% 01May2048,PUBLIC SVC ELEC GAS CO SECD MEDIUM TERM 4.05% 01May2048,4.050
US74456QBX34,PEG,name_block,PUBLIC SVC ELEC GAS CO SECD MEDIUM TERM 3.65% 01Sep2028,PUBLIC SVC ELEC GAS CO SECD MEDIUM TERM 3.65% 01Sep2028,3.650
US74456QCG91,PEG,name_block,PEG 3 01-MAR-51,PEG 3 01-MAR-51,3.000
US74456QCH74,PEG,name_block,PEG 1.9 15-AUG-31,PEG 1.9 15-AUG-31,1.900
US74456QCJ31,PEG,name_block,PEG 3.1 15-MAR-32,PEG 3.1 15-MAR-32,3.100
US74456QCK04,PEG,name_block,PEG 4.9 15-DEC-32,PEG 4.9 15-DEC-32,4.900
US744573AS57,PEG,cusip6,PEG 8.625 15-APR-31,PEG 8.625 15-APR-31,8.625
US744573AU04,PEG,cusip6,PEG 2.45 15-NOV-31,PEG 2.45 15-NOV-31,2.450
US744573AV86,PEG,cusip6,PEG 5.85 15-NOV-27,PEG 5.85 15-NOV-27,5.850
US74460DAC39,PSA,cusip6,Public Storage 3.094% 15Sep2027,Public Storage 3.094% 15Sep2027,3.094
US74460DAG43,PSA,cusip6,PSA 1.5 09-NOV-26,PSA 1.5 09-NOV-26,1.500
US74460DAH26,PSA,cusip6,PSA 1.95 09-NOV-28,PSA 1.95 09-NOV-28,1.950
US74460DAJ81,PSA,cusip6,PSA 2.25 09-NOV-31,PSA 2.25 09-NOV-31,2.250
US74460WAE75,PSA,name_block,PSA 2.3 01-MAY-31,PSA 2.3 01-MAY-31,2.300
US745867AM30,PHM,cusip6,PulteGroup 7.875% 15jun2032 USD,PulteGroup 7.875% 15jun2032 USD,7.875
US745867AP60,PHM,cusip6,PulteGroup 6.375% 15may2033 USD,PulteGroup 6.375% 15may2033 USD,6.375
US745867AT82,PHM,cusip6,PulteGroup 6% 15feb2035 USD,PulteGroup 6% 15feb2035 USD,6.000
US747525AJ27,QCOM,cusip6,QUALCOMM INC 4.65% 20May2035,QUALCOMM INC 4.65% 20May2035,4.650
US747525AK99,QCOM,cusip6,QUALCOMM INC 4.8% 20May2045,QUALCOMM INC 4.8% 20May2045,4.800
US747525AU71,QCOM,cusip6,QUALCOMM INC 3.25% 20May2027,QUALCOMM INC 3.25% 20May2027,3.250
US747525AV54,QCOM,cusip6,QUALCOMM INC 4.3% 20May2047,QUALCOMM INC 4.3% 20May2047,4.300
US747525BJ18,QCOM,cusip6,QUALCOMM INCORPORATED,QUALCOMM INC 3.25% 20May2050,3.250
US747525BK80,QCOM,cusip6,QUALCOMM INCORPORATED,QUALCOMM INC 2.15% 20May2030,2.150
US747525BN20,QCOM,cusip6,QUALCOMM INCORPORATED,QUALCOMM INC 1.3% 20May2028,1.300
US747525BP77,QCOM,cusip6,QUALCOMM INCORPORATED,QUALCOMM INC 1.65% 20May2032,1.650
US747525BQ50,QCOM,cusip6,QCOM 4.25 20-MAY-32,QCOM 4.25 20-MAY-32,4.250
US747525BR34,QCOM,cusip6,QCOM 4.5 20-MAY-52,QCOM 4.5 20-MAY-52,4.500
US747525BS17,QCOM,cusip6,QCOM 5.4 20-MAY-33,QCOM 5.4 20-MAY-33,5.400
US747525BT99,QCOM,cusip6,QCOM 6 20-MAY-53,QCOM 6 20-MAY-53,6.000
US74762EAH53,PWR,cusip6,PWR 2.35 15-JAN-32,PWR 2.35 15-JAN-32,2.350
US74762EAJ10,PWR,cusip6,PWR 3.05 01-OCT-41,PWR 3.05 01-OCT-41,3.050
US74834LBB53,DGX,cusip6,QUEST DIAGNOSTICS INCORPORATED,QUEST DIAGNOSTICS INC 2.95% 30Jun2030,2.950
US754730AF69,RJF,cusip6,RAYMOND JAMES FINL INC 4.95% 15Jul2046,RAYMOND JAMES FINL INC 4.95% 15Jul2046,4.950
US754730AH26,RJF,cusip6,RAYMOND JAMES FINANCIAL INC.,RAYMOND JAMES FINL INC 3.75% 01Apr2051,3.750
US75513EAC57,RTX,cusip6,RAYTHEON TECHNOLOGIES CORPORATION,RTX CORP 3.125% 01Jul2050,3.125
US75513EAD31,RTX,cusip6,RAYTHEON TECHNOLOGIES CORPORATION,RTX CORP 2.25% 01Jul2030,2.250
US75513EBZ34,RTX,cusip6,RTX 7 01-NOV-28,RTX 7 01-NOV-28,7.000
US75513ECH27,RTX,cusip6,RAYTHEON TECHNOLOGIES CORPORATION,RTX CORP 3.5% 15Mar2027,3.500
US75513ECK55,RTX,cusip6,RAYTHEON TECHNOLOGIES CORPORATION,RTX CORP 4.35% 15Apr2047,4.350
US75513ECL39,RTX,cusip6,RAYTHEON TECHNOLOGIES CORPORATION,RTX CORP 2.82% 01Sep2051,2.820
US75513ECM12,RTX,cusip6,RAYTHEON TECHNOLOGIES CORPORATION,RTX CORP 1.9% 01Sep2031,1.900
US75513ECN94,RTX,cusip6,RTX 2.375 15-MAR-32,RTX 2.375 15-MAR-32,2.375
US75513ECP43,RTX,cusip6,RTX 3.03 15-MAR-52,RTX 3.03 15-MAR-52,3.030
US75513ECR09,RTX,cusip6,RTX 5.15 27-FEB-33,RTX 5.15 27-FEB-33,5.150
US75513ECS81,RTX,cusip6,RTX 5.375 27-FEB-53,RTX 5.375 27-FEB-53,5.375
US75524KPG30,CFG,name_block,CFG 4.575 09-AUG-28,CFG 4.575 09-AUG-28,4.575
US756109AR55,O,cusip6,REALTY INCOME CORP 4.125% 15Oct2026,REALTY INCOME CORP 4.125% 15Oct2026,4.125
US756109AS39,O,cusip6,REALTY INCOME CORP 3% 15Jan2027,REALTY INCOME CORP 3% 15Jan2027,3.000
US756109AT12,O,cusip6,REALTY INCOME CORP 4.65% 15Mar2047,REALTY INCOME CORP 4.65% 15Mar2047,4.650
US756109AU84,O,cusip6,REALTY INCOME CORP 3.65% 15Jan2028,REALTY INCOME CORP 3.65% 15Jan2028,3.650
US756109AX24,O,cusip6,REALTY INCOME CORPORATION,REALTY INCOME CORP 3.25% 15Jan2031,3.250
US756109BG81,O,cusip6,O 3.95 15-AUG-27,O 3.95 15-AUG-27,3.950
US756109BH64,O,cusip6,O 3.4 15-JAN-28,O 3.4 15-JAN-28,3.400
US756109BK93,O,cusip6,O 3.1 15-DEC-29,O 3.1 15-DEC-29,3.100
US756109BL76,O,cusip6,O 2.85 15-DEC-32,O 2.85 15-DEC-32,2.850
US756109BP80,O,cusip6,O 5.625 13-OCT-32,O 5.625 13-OCT-32,5.625
US756109BR47,O,cusip6,O 4.85 15-MAR-30,O 4.85 15-MAR-30,4.850
US75884RAV50,REG,name_block,REGENCY CTRS L P 3.6% 01Feb2027,REGENCY CTRS L P 3.6% 01Feb2027,3.600
US75884RAX17,REG,name_block,REGENCY CTRS L P 4.125% 15Mar2028,REGENCY CTRS L P 4.125% 15Mar2028,4.125
US75886FAE79,REGN,cusip6,REGENERON PHARMACEUTICALS INC.,REGENERON PHARMACEUTICALS INC 1.75% 15Sep2030,1.750
US75886FAF45,REGN,cusip6,REGENERON PHARMACEUTICALS INC.,REGENERON PHARMACEUTICALS INC 2.8% 15Sep2050,2.800
US7591EPAE09,RF,cusip6,REGIONS FINL CORP NEW 7.375% 10Dec2037,REGIONS FINL CORP NEW 7.375% 10Dec2037,7.375
US7591EPAT77,RF,cusip6,RF 1.8 12-AUG-28,RF 1.8 12-AUG-28,1.800
US760759AS91,RSG,cusip6,REPUBLIC SVCS INC 3.375% 15Nov2027,REPUBLIC SVCS INC 3.375% 15Nov2027,3.375
US760759AT74,RSG,cusip6,REPUBLIC SVCS INC 3.95% 15May2028,REPUBLIC SVCS INC 3.95% 15May2028,3.950
US760759AZ35,RSG,cusip6,REPUBLIC SERVICES INC,REPUBLIC SVCS INC 1.75% 15Feb2032,1.750
US760759BA74,RSG,cusip6,RSG 2.375 15-MAR-33,RSG 2.375 15-MAR-33,2.375
US773903AL39,ROK,name_block,ROK 1.75 15-AUG-31,ROK 1.75 15-AUG-31,1.750
US773903AM12,ROK,name_block,ROK 2.8 15-AUG-61,ROK 2.8 15-AUG-61,2.800
US776743AD85,ROP,name_block,ROPER TECHNOLOGIES INC 3.8% 15Dec2026,ROPER TECHNOLOGIES INC 3.8% 15Dec2026,3.800
US776743AF34,ROP,name_block,ROPER TECHNOLOGIES INC 4.2% 15Sep2028,ROPER TECHNOLOGIES INC 4.2% 15Sep2028,4.200
US776743AL02,ROP,name_block,ROPER TECHNOLOGIES INC,ROPER TECHNOLOGIES INC 1.75% 15Feb2031,1.750
US778296AC75,ROST,cusip6,ROST 4.7 15-APR-27,ROST 4.7 15-APR-27,4.700
US778296AD58,ROST,cusip6,ROST 4.8 15-APR-30,ROST 4.8 15-APR-30,4.800
US778296AE32,ROST,cusip6,ROST 5.45 15-APR-50,ROST 5.45 15-APR-50,5.450
US780153AG79,RCL,name_block,ROYAL CARIBBEAN CRUISES LTD 7.5% 15Oct2027,ROYAL CARIBBEAN CRUISES LTD 7.5% 15Oct2027,7.500
US780153AW20,RCL,name_block,ROYAL CARIBBEAN CRUISES LTD 3.7% 15Mar2028,ROYAL CARIBBEAN CRUISES LTD 3.7% 15Mar2028,3.700
US78387GAM50,T,cusip6,SBC COMMUNICATIONS INC 6.45% 15Jun2034,SBC COMMUNICATIONS INC 6.45% 15Jun2034,6.450
US78387GAQ64,T,cusip6,SBC COMMUNICATIONS INC 6.15% 15Sep2034,SBC COMMUNICATIONS INC 6.15% 15Sep2034,6.150
US78409VAM63,SPGI,name_block,S&P GLOBAL INC 2.95% 22Jan2027,S&P GLOBAL INC 2.95% 22Jan2027,2.950
US78409VBG86,SPGI,name_block,SPGI 4.25 01-MAY-29,SPGI 4.25 01-MAY-29,4.250
US78409VBH69,SPGI,name_block,SPGI 2.45 01-MAR-27,SPGI 2.45 01-MAR-27,2.450
US78409VBK98,SPGI,name_block,SPGI 2.9 01-MAR-32,SPGI 2.9 01-MAR-32,2.900
US78409VBL71,SPGI,name_block,SPGI 3.7 01-MAR-52,SPGI 3.7 01-MAR-52,3.700
US78409VBM54,SPGI,name_block,SPGI 3.9 01-MAR-62,SPGI 3.9 01-MAR-62,3.900
US79466LAF13,CRM,cusip6,SALESFORCE COM INC 3.7% 11Apr2028,SALESFORCE INC 3.7% 11Apr2028,3.700
US79466LAH78,CRM,cusip6,SALESFORCE.COM INC.,SALESFORCE INC 1.5% 15Jul2028,1.500
US79466LAJ35,CRM,cusip6,SALESFORCE.COM INC.,SALESFORCE INC 1.95% 15Jul2031,1.950
US79466LAK08,CRM,cusip6,SALESFORCE.COM INC.,SALESFORCE INC 2.7% 15Jul2041,2.700
US79466LAL80,CRM,cusip6,SALESFORCE.COM INC.,SALESFORCE INC 2.9% 15Jul2051,2.900
US79466LAM63,CRM,cusip6,SALESFORCE.COM INC.,SALESFORCE INC 3.05% 15Jul2061,3.050
US797440BM51,SRE,name_block,SAN DIEGO GAS & ELEC CO 4.5% 15Aug2040,SAN DIEGO GAS & ELEC CO 4.5% 15Aug2040,4.500
US797440BP82,SRE,name_block,SAN DIEGO GAS & ELEC CO 3.95% 15Nov2041,SAN DIEGO GAS & ELEC CO 3.95% 15Nov2041,3.950
US797440BQ65,SRE,name_block,SAN DIEGO GAS & ELEC CO 4.3% 01Apr2042,SAN DIEGO GAS & ELEC CO 4.3% 01Apr2042,4.300
US797440BV50,SRE,name_block,SAN DIEGO GAS & ELEC CO 3.75% 01Jun2047,SAN DIEGO GAS & ELEC CO 3.75% 01Jun2047,3.750
US797440BW34,SRE,name_block,SAN DIEGO GAS & ELEC CO 4.15% 15May2048,SAN DIEGO GAS & ELEC CO 4.15% 15May2048,4.150
US797440BZ64,SRE,name_block,SAN DIEGO GAS & ELECTRIC CO,SAN DIEGO GAS & ELEC CO 1.7% 01Oct2030,1.700
US797440CA05,SRE,name_block,SRE 2.95 15-AUG-51,SRE 2.95 15-AUG-51,2.950
US797440CB87,SRE,name_block,SRE 3 15-MAR-32,SRE 3 15-MAR-32,3.000
US797440CD44,SRE,name_block,SRE 5.35 01-APR-53,SRE 5.35 01-APR-53,5.350
US806854AJ48,SLB,name_block,SCHLUMBERGER INVESTMENT SA,SCHLUMBERGER INVT SA 2.65% 26Jun2030,2.650
US808513AQ89,SCHW,cusip6,SCHWAB CHARLES CORP NEW 3.2% 02Mar2027,SCHWAB CHARLES CORP NEW 3.2% 02Mar2027,3.200
US808513AR62,SCHW,cusip6,SCHW 5,SCHW 5,
US808513AU91,SCHW,cusip6,SCHWAB CHARLES CORP NEW 3.2% 25Jan2028,SCHWAB CHARLES CORP NEW 3.2% 25Jan2028,3.200
US808513AZ88,SCHW,cusip6,SCHWAB CHARLES CORP NEW 4% 01Feb2029,SCHWAB CHARLES CORP NEW 4% 01Feb2029,4.000
US808513BG98,SCHW,cusip6,CHARLES SCHWAB CORPORATION (THE),SCHWAB CHARLES CORP NEW 1.65% 11Mar2031,1.650
US808513BJ38,SCHW,cusip6,SCHW 4,SCHW 4,
US808513BP97,SCHW,cusip6,CHARLES SCHWAB CORPORATION (THE),SCHWAB CHARLES CORP NEW 2% 20Mar2028,2.000
US808513BS37,SCHW,cusip6,CHARLES SCHWAB CORPORATION (THE),SCHWAB CHARLES CORP NEW 2.3% 13May2031,2.300
US808513BT10,SCHW,cusip6,SCHW 1.95 01-DEC-31,SCHW 1.95 01-DEC-31,1.950
US808513BW49,SCHW,cusip6,SCHW 3.3 01-APR-27,SCHW 3.3 01-APR-27,3.300
US808513BX22,SCHW,cusip6,SCHW 2.75 01-OCT-29,SCHW 2.75 01-OCT-29,2.750
US808513BY05,SCHW,cusip6,SCHW 2.45 03-MAR-27,SCHW 2.45 03-MAR-27,2.450
US808513BZ79,SCHW,cusip6,SCHW 5.372863 03-MAR-27,SCHW 5.372863 03-MAR-27,5.373
US808513CA10,SCHW,cusip6,SCHW 2.9 03-MAR-32,SCHW 2.9 03-MAR-32,2.900
US808513CB92,SCHW,cusip6,SCHW 5,SCHW 5,
US808626AE53,LDOS,name_block,LDOS 7.125 01-JUL-32,LDOS 7.125 01-JUL-32,7.125
US81180WAN11,STX,name_block,Seagate Technology 5.75% 1dec2034 USD,Seagate Technology 5.75% 1dec2034 USD,5.750
US81413PAG00,GE,name_block,GE 7.7 15-JUN-28,GE 7.7 15-JUN-28,7.700
US816851AP42,SRE,cusip6,SEMPRA ENERGY 6% 15Oct2039,SEMPRA ENERGY 6% 15Oct2039,6.000
US816851BA63,SRE,cusip6,SEMPRA ENERGY 3.25% 15Jun2027,SEMPRA ENERGY 3.25% 15Jun2027,3.250
US816851BG34,SRE,cusip6,SEMPRA ENERGY 3.4% 01Feb2028,SEMPRA ENERGY 3.4% 01Feb2028,3.400
US816851BH17,SRE,cusip6,SEMPRA ENERGY 3.8% 01Feb2038,SEMPRA ENERGY 3.8% 01Feb2038,3.800
US816851BJ72,SRE,cusip6,SEMPRA ENERGY 4% 01Feb2048,SEMPRA ENERGY 4% 01Feb2048,4.000
US816851BM02,SRE,cusip6,SRE 4.125 01-APR-52,SRE 4.125 01-APR-52,4.125
US816851BP33,SRE,cusip6,SRE 3.7 01-APR-29,SRE 3.7 01-APR-29,3.700
US81685VAA17,SRE,name_block,SRE 3.25 15-JAN-32,SRE 3.25 15-JAN-32,3.250
US824348AQ95,SHW,cusip6,SHERWIN-WILLIAMS CO 4% 15Dec2042,SHERWIN-WILLIAMS CO 4% 15Dec2042,4.000
US824348AS51,SHW,cusip6,SHERWIN-WILLIAMS CO 4.55% 01Aug2045,SHERWIN-WILLIAMS CO 4.55% 01Aug2045,4.550
US824348AW63,SHW,cusip6,SHERWIN-WILLIAMS CO 3.45% 01Jun2027,SHERWIN-WILLIAMS CO 3.45% 01Jun2027,3.450
US824348AX47,SHW,cusip6,SHERWIN-WILLIAMS CO 4.5% 01Jun2047,SHERWIN-WILLIAMS CO 4.5% 01Jun2047,4.500
US824348BJ44,SHW,cusip6,SHERWIN-WILLIAMS COMPANY (THE),SHERWIN-WILLIAMS CO 2.95% 15Aug2029,2.950
US824348BN55,SHW,cusip6,SHW 2.2 15-MAR-32,SHW 2.2 15-MAR-32,2.200
US824348BP04,SHW,cusip6,SHW 2.9 15-MAR-52,SHW 2.9 15-MAR-52,2.900
US828807CE50,SPG,name_block,SIMON PPTY GROUP L P 6.75% 01Feb2040,SIMON PPTY GROUP L P 6.75% 01Feb2040,6.750
US828807CL93,SPG,name_block,SIMON PPTY GROUP L P 4.75% 15Mar2042,SIMON PPTY GROUP L P 4.75% 15Mar2042,4.750
US828807CT20,SPG,name_block,SIMON PPTY GROUP L P 4.25% 01Oct2044,SIMON PPTY GROUP L P 4.25% 01Oct2044,4.250
US828807CY15,SPG,name_block,SIMON PPTY GROUP L P 3.25% 30Nov2026,SIMON PPTY GROUP L P 3.25% 30Nov2026,3.250
US828807CZ89,SPG,name_block,SIMON PPTY GROUP L P 4.25% 30Nov2046,SIMON PPTY GROUP L P 4.25% 30Nov2046,4.250
US828807DC85,SPG,name_block,SIMON PPTY GROUP L P 3.375% 15Jun2027,SIMON PPTY GROUP L P 3.375% 15Jun2027,3.375
US828807DE42,SPG,name_block,SIMON PPTY GROUP L P 3.375% 01Dec2027,SIMON PPTY GROUP L P 3.375% 01Dec2027,3.375
US828807DF17,SPG,name_block,SIMON PROPERTY GROUP LP,SIMON PPTY GROUP L P 2.45% 13Sep2029,2.450
US828807DH72,SPG,name_block,SIMON PROPERTY GROUP LP,SIMON PPTY GROUP L P 3.25% 13Sep2049,3.250
US828807DJ39,SPG,name_block,SIMON PROPERTY GROUP LP,SIMON PPTY GROUP L P 3.8% 15Jul2050,3.800
US828807DK02,SPG,name_block,SIMON PROPERTY GROUP LP,SIMON PPTY GROUP L P 2.65% 15Jul2030,2.650
US828807DL84,SPG,name_block,SIMON PROPERTY GROUP LP,SIMON PPTY GROUP L P 1.75% 01Feb2028,1.750
US828807DM67,SPG,name_block,SPG 2.2 01-FEB-31,SPG 2.2 01-FEB-31,2.200
US828807DP98,SPG,name_block,SPG 1.375 15-JAN-27,SPG 1.375 15-JAN-27,1.375
US828807DQ71,SPG,name_block,SPG 2.25 15-JAN-32,SPG 2.25 15-JAN-32,2.250
US828807DT11,SPG,name_block,SPG 2.65 01-FEB-32,SPG 2.65 01-FEB-32,2.650
US828807DU83,SPG,name_block,SPG 5.5 08-MAR-33,SPG 5.5 08-MAR-33,5.500
US828807DV66,SPG,name_block,SPG 5.85 08-MAR-53,SPG 5.85 08-MAR-53,5.850
US83088MAL63,SWKS,name_block,SWKS 3 01-JUN-31,SWKS 3 01-JUN-31,3.000
US832696AM09,SJM,cusip6,SMUCKER J M CO 4.25% 15Mar2035,SMUCKER J M CO 4.25% 15Mar2035,4.250
US832696AP30,SJM,cusip6,SMUCKER J M CO 4.375% 15Mar2045,SMUCKER J M CO 4.375% 15Mar2045,4.375
US832696AR95,SJM,cusip6,SMUCKER J M CO 3.375% 15Dec2027,SMUCKER J M CO 3.375% 15Dec2027,3.375
US832696AU25,SJM,cusip6,SJM 2.125 15-MAR-32,SJM 2.125 15-MAR-32,2.125
US833034AK75,SNA,cusip6,SNAP ON INC 3.25% 01Mar2027,SNAP ON INC 3.25% 01Mar2027,3.250
US833034AL58,SNA,cusip6,SNAP ON INC 4.1% 01Mar2048,SNAP ON INC 4.1% 01Mar2048,4.100
US842400EB53,EIX,name_block,SOUTHERN CALIF EDISON CO 6.65% 01Apr2029,SOUTHERN CALIF EDISON CO 6.65% 01Apr2029,6.650
US842400ES88,EIX,name_block,SOUTHERN CALIF EDISON CO 6% 15Jan2034,SOUTHERN CALIF EDISON CO 6% 15Jan2034,6.000
US842400EV18,EIX,name_block,SOUTHERN CALIF EDISON CO 5.75% 01Apr2035,SOUTHERN CALIF EDISON CO 5.75% 01Apr2035,5.750
US842400EW90,EIX,name_block,SOUTHERN CALIF EDISON CO 5.75% 01Apr2035,SOUTHERN CALIF EDISON CO 5.75% 01Apr2035,5.750
US842400EZ22,EIX,name_block,SOUTHERN CALIF EDISON CO 5.55% 15Jan2036,SOUTHERN CALIF EDISON CO 5.55% 15Jan2036,5.550
US842400FA61,EIX,name_block,SOUTHERN CALIF EDISON CO 5.35% 15Jul2035,SOUTHERN CALIF EDISON CO 5.35% 15Jul2035,5.350
US842400FC28,EIX,name_block,SOUTHERN CALIF EDISON CO 5.625% 01Feb2036,SOUTHERN CALIF EDISON CO 5.625% 01Feb2036,5.625
US842400FF58,EIX,name_block,SOUTHERN CALIF EDISON CO 5.55% 15Jan2037,SOUTHERN CALIF EDISON CO 5.55% 15Jan2037,5.550
US842400FH15,EIX,name_block,SOUTHERN CALIF EDISON CO 5.95% 01Feb2038,SOUTHERN CALIF EDISON CO 5.95% 01Feb2038,5.950
US842400FL27,EIX,name_block,SOUTHERN CALIF EDISON CO 6.05% 15Mar2039,SOUTHERN CALIF EDISON CO 6.05% 15Mar2039,6.050
US842400FP31,EIX,name_block,SOUTHERN CALIF EDISON CO 5.5% 15Mar2040,SOUTHERN CALIF EDISON CO 5.5% 15Mar2040,5.500
US842400FQ14,EIX,name_block,SOUTHERN CALIF EDISON CO 4.5% 01Sep2040,SOUTHERN CALIF EDISON CO 4.5% 01Sep2040,4.500
US842400FT52,EIX,name_block,SOUTHERN CALIF EDISON CO 3.9% 01Dec2041,SOUTHERN CALIF EDISON CO 3.9% 01Dec2041,3.900
US842400FV09,EIX,name_block,SOUTHERN CALIF EDISON CO 4.05% 15Mar2042,SOUTHERN CALIF EDISON CO 4.05% 15Mar2042,4.050
US842400FW81,EIX,name_block,SOUTHERN CALIF EDISON CO 3.9% 15Mar2043,SOUTHERN CALIF EDISON CO 3.9% 15Mar2043,3.900
US842400FZ13,EIX,name_block,SOUTHERN CALIF EDISON CO 4.65% 01Oct2043,SOUTHERN CALIF EDISON CO 4.65% 01Oct2043,4.650
US842400GE74,EIX,name_block,SOUTHERN CALIF EDISON CO 3.6% 01Feb2045,SOUTHERN CALIF EDISON CO 3.6% 01Feb2045,3.600
US842400GG23,EIX,name_block,SOUTHERN CALIF EDISON CO 4% 01Apr2047,SOUTHERN CALIF EDISON CO 4% 01Apr2047,4.000
US842400GJ61,EIX,name_block,SOUTHERN CALIF EDISON CO 3.65% 01Mar2028,SOUTHERN CALIF EDISON CO 3.65% 01Mar2028,3.650
US842400GK35,EIX,name_block,SOUTHERN CALIF EDISON CO 4.125% 01Mar2048,SOUTHERN CALIF EDISON CO 4.125% 01Mar2048,4.125
US842400GR87,EIX,name_block,SOUTHERN CALIF EDISON CO 4.875% 01Mar2049,SOUTHERN CALIF EDISON CO 4.875% 01Mar2049,4.875
US842400GT44,EIX,name_block,SOUTHERN CALIFORNIA EDISON COMPANY,Southern California Edison Company 3.65% 01Feb2050,3.650
US842400GY39,EIX,name_block,SOUTHERN CALIFORNIA EDISON COMPANY,Southern California Edison Company 2.95% 01Feb2051,2.950
US842400HD82,EIX,name_block,EIX 2.5 01-JUN-31,EIX 2.5 01-JUN-31,2.500
US842400HF31,EIX,name_block,EIX 3.65 01-JUN-51,EIX 3.65 01-JUN-51,3.650
US842400HM81,EIX,name_block,EIX 2.75 01-FEB-32,EIX 2.75 01-FEB-32,2.750
US842400HN64,EIX,name_block,EIX 3.45 01-FEB-52,EIX 3.45 01-FEB-52,3.450
US842400HQ95,EIX,name_block,EIX 4.7 01-JUN-27,EIX 4.7 01-JUN-27,4.700
US842400HR78,EIX,name_block,EIX 5.45 01-JUN-52,EIX 5.45 01-JUN-52,5.450
US842400HS51,EIX,name_block,EIX 5.85 01-NOV-27,EIX 5.85 01-NOV-27,5.850
US842400HT35,EIX,name_block,EIX 5.95 01-NOV-32,EIX 5.95 01-NOV-32,5.950
US842400HU08,EIX,name_block,Southern California Edison 5.3% 1mar2028,Southern California Edison 5.3% 1mar2028,5.300
US842400HV80,EIX,name_block,EIX 5.7 01-MAR-53,EIX 5.7 01-MAR-53,5.700
US842434CK62,SRE,name_block,SOUTHERN CALIF GAS CO 3.75% 15Sep2042,SOUTHERN CALIF GAS CO 3.75% 15Sep2042,3.750
US842434CL46,SRE,name_block,SOUTHERN CALIF GAS CO 4.45% 15Mar2044,SOUTHERN CALIF GAS CO 4.45% 15Mar2044,4.450
US842434CR16,SRE,name_block,SOUTHERN CALIF GAS CO 4.125% 01Jun2048,SOUTHERN CALIF GAS CO 4.125% 01Jun2048,4.125
US842434CS98,SRE,name_block,SOUTHERN CALIF GAS CO 4.3% 15Jan2049,SOUTHERN CALIF GAS CO 4.3% 15Jan2049,4.300
US842434CW01,SRE,name_block,SRE 2.95 15-APR-27,SRE 2.95 15-APR-27,2.950
US842434CX83,SRE,name_block,SRE 6.35 15-NOV-52,SRE 6.35 15-NOV-52,6.350
US842587CW55,SO,cusip6,SOUTHERN CO 4.25% 01Jul2036,SOUTHERN CO 4.25% 01Jul2036,4.250
US842587CX39,SO,cusip6,SOUTHERN CO 4.4% 01Jul2046,SOUTHERN CO 4.4% 01Jul2046,4.400
US842587DD65,SO,cusip6,SO 5.113 01-AUG-27,SO 5.113 01-AUG-27,5.113
US842587DE49,SO,cusip6,SOUTHERN COMPANY (THE),SOUTHERN CO 3.7% 30Apr2030,3.700
US842587DH79,SO,cusip6,SO 1.75 15-MAR-28,SO 1.75 15-MAR-28,1.750
US842587DJ36,SO,cusip6,SO 3.75 15-SEP-51,SO 3.75 15-SEP-51,3.750
US842587DL81,SO,cusip6,SO 5.7 15-OCT-32,SO 5.7 15-OCT-32,5.700
US8426EPAB43,SO,name_block,SOUTHERN CO GAS CAP CORP 3.95% 01Oct2046,SOUTHERN CO GAS CAP CORP 3.95% 01Oct2046,3.950
US8426EPAC26,SO,name_block,SOUTHERN CO GAS CAP CORP 4.4% 30May2047,SOUTHERN CO GAS CAP CORP 4.4% 30May2047,4.400
US8426EPAE81,SO,name_block,SO 3.15 30-SEP-51,SO 3.15 30-SEP-51,3.150
US8426EPAF56,SO,name_block,SO 5.15 15-SEP-32,SO 5.15 15-SEP-32,5.150
US844741AN81,LUV,cusip6,SOUTHWEST AIRLS CO 7.375% 01Mar2027,SOUTHWEST AIRLS CO 7.375% 01Mar2027,7.375
US844741BC18,LUV,cusip6,SOUTHWEST AIRLS CO 3% 15Nov2026,SOUTHWEST AIRLS CO 3% 15Nov2026,3.000
US844741BE73,LUV,cusip6,SOUTHWEST AIRLS CO 3.45% 16Nov2027,SOUTHWEST AIRLS CO 3.45% 16Nov2027,3.450
US844741BK34,LUV,cusip6,SOUTHWEST AIRLINES CO,SOUTHWEST AIRLINES CO,
US845437BL54,AEP,name_block,SOUTHWESTERN ELEC PWR CO 6.2% 15Mar2040,SOUTHWESTERN ELEC PWR CO 6.2% 15Mar2040,6.200
US845437BN11,AEP,name_block,SOUTHWESTERN ELEC PWR CO 3.9% 01Apr2045,SOUTHWESTERN ELEC PWR CO 3.9% 01Apr2045,3.900
US845437BP68,AEP,name_block,SOUTHWESTERN ELEC PWR CO 2.75% 01Oct2026,SOUTHWESTERN ELEC PWR CO 2.75% 01Oct2026,2.750
US845437BQ42,AEP,name_block,SOUTHWESTERN ELEC PWR CO 3.85% 01Feb2048,SOUTHWESTERN ELEC PWR CO 3.85% 01Feb2048,3.850
US845437BR25,AEP,name_block,SOUTHWESTERN ELEC PWR CO 4.1% 15Sep2028,SOUTHWESTERN ELEC PWR CO 4.1% 15Sep2028,4.100
US845437BT80,AEP,name_block,AEP 3.25 01-NOV-51,AEP 3.25 01-NOV-51,3.250
US852234AP86,XYZ,cusip6,SQ 3.5 01-JUN-31,SQ 3.5 01-JUN-31,3.500
US854502AA92,SWK,cusip6,STANLEY BLACK & DECKER INC 5.2% 01Sep2040,STANLEY BLACK & DECKER INC 5.2% 01Sep2040,5.200
US854502AH46,SWK,cusip6,STANLEY BLACK & DECKER INC 4.25% 15Nov2028,STANLEY BLACK & DECKER INC 4.25% 15Nov2028,4.250
US854502AJ02,SWK,cusip6,STANLEY BLACK & DECKER INC 4.85% 15Nov2048,STANLEY BLACK & DECKER INC 4.85% 15Nov2048,4.850
US854502AL57,SWK,cusip6,STANLEY BLACK & DECKER INC,STANLEY BLACK & DECKER INC 2.3% 15Mar2030,2.300
US854502AN14,SWK,cusip6,STANLEY BLACK & DECKER INC,STANLEY BLACK & DECKER INC 2.75% 15Nov2050,2.750
US854502AQ45,SWK,cusip6,SWK 3 15-MAY-32,SWK 3 15-MAY-32,3.000
US854502AT83,SWK,cusip6,SWK 6 06-MAR-28,SWK 6 06-MAR-28,6.000
US855244AH20,SBUX,cusip6,STARBUCKS CORP 4.3% 15Jun2045,STARBUCKS CORP 4.3% 15Jun2045,4.300
US855244AM15,SBUX,cusip6,STARBUCKS CORP 3.75% 01Dec2047,STARBUCKS CORP 3.75% 01Dec2047,3.750
US855244AP46,SBUX,cusip6,STARBUCKS CORP 3.5% 01Mar2028,STARBUCKS CORP 3.5% 01Mar2028,3.500
US855244AR02,SBUX,cusip6,STARBUCKS CORP 4% 15Nov2028,STARBUCKS CORP 4% 15Nov2028,4.000
US855244AS84,SBUX,cusip6,STARBUCKS CORP 4.5% 15Nov2048,STARBUCKS CORP 4.5% 15Nov2048,4.500
US855244AT67,SBUX,cusip6,STARBUCKS CORPORATION,STARBUCKS CORP 3.55% 15Aug2029,3.550
US855244AU31,SBUX,cusip6,STARBUCKS CORPORATION,STARBUCKS CORP 4.45% 15Aug2049,4.450
US855244AW96,SBUX,cusip6,STARBUCKS CORPORATION,STARBUCKS CORP 2.25% 12Mar2030,2.250
US855244AZ28,SBUX,cusip6,STARBUCKS CORPORATION,STARBUCKS CORP 2.55% 15Nov2030,2.550
US855244BA67,SBUX,cusip6,STARBUCKS CORPORATION,STARBUCKS CORP 3.5% 15Nov2050,3.500
US855244BC24,SBUX,cusip6,SBUX 3 14-FEB-32,SBUX 3 14-FEB-32,3.000
US855244BF54,SBUX,cusip6,SBUX 4.8 15-FEB-33,SBUX 4.8 15-FEB-33,4.800
US857477AY98,STT,name_block,STT 5.769 15-JUN-47,STT 5.769 15-JUN-47,5.769
US857477BG73,STT,name_block,STATE STREET CORP,STATE STR CORP 2.4% 24Jan2030,2.400
US857477BP72,STT,name_block,STATE STREET CORP,STATE STR CORP 2.2% 03Mar2031,2.200
US857477BQ55,STT,name_block,STT 1.684 18-NOV-27,STT 1.684 18-NOV-27,1.684
US857477BS12,STT,name_block,STT 2.203 07-FEB-28,STT 2.203 07-FEB-28,2.203
US857477BT94,STT,name_block,STT 2.623 07-FEB-33,STT 2.623 07-FEB-33,2.623
US857477BU67,STT,name_block,STT 4.421 13-MAY-33,STT 4.421 13-MAY-33,4.421
US857477BV41,STT,name_block,STT 4.164 04-AUG-33,STT 4.164 04-AUG-33,4.164
US857477BY89,STT,name_block,STT 5.82 04-NOV-28,STT 5.82 04-NOV-28,5.820
US857477CA94,STT,name_block,STT 4.821 26-JAN-34,STT 4.821 26-JAN-34,4.821
US85917PAA57,STE,name_block,STE 2.7 15-MAR-31,STE 2.7 15-MAR-31,2.700
US85917PAB31,STE,name_block,STE 3.75 15-MAR-51,STE 3.75 15-MAR-51,3.750
US863667AE17,SYK,cusip6,STRYKER CORP 4.1% 01Apr2043,STRYKER CORP 4.1% 01Apr2043,4.100
US863667AG64,SYK,cusip6,STRYKER CORP 4.375% 15May2044,STRYKER CORP 4.375% 15May2044,4.375
US863667AJ04,SYK,cusip6,STRYKER CORP 4.625% 15Mar2046,STRYKER CORP 4.625% 15Mar2046,4.625
US863667AQ47,SYK,cusip6,STRYKER CORP 3.65% 07Mar2028,STRYKER CORP 3.65% 07Mar2028,3.650
US863667AY70,SYK,cusip6,STRYKER CORPORATION,STRYKER CORP 1.95% 15Jun2030,1.950
US87165BAL71,SYF,cusip6,SYNCHRONY FINL 3.7% 04Aug2026,SYNCHRONY FINL 3.7% 04Aug2026,3.700
US87165BAM54,SYF,cusip6,SYNCHRONY FINL 3.95% 01Dec2027,SYNCHRONY FINL 3.95% 01Dec2027,3.950
US87165BAR42,SYF,cusip6,SYF 2.875 28-OCT-31,SYF 2.875 28-OCT-31,2.875
US87165BAU70,SYF,cusip6,SYF 7.25 02-FEB-33,SYF 7.25 02-FEB-33,7.250
US87166FAE34,SYF,name_block,SYF 5.625 23-AUG-27,SYF 5.625 23-AUG-27,5.625
US871829AJ69,SYY,cusip6,SYSCO CORP 5.375% 21Sep2035,SYSCO CORP 5.375% 21Sep2035,5.375
US871829AY37,SYY,cusip6,SYSCO CORP 4.85% 01Oct2045,SYSCO CORP 4.85% 01Oct2045,4.850
US871829BD80,SYY,cusip6,SYSCO CORP 4.5% 01Apr2046,SYSCO CORP 4.5% 01Apr2046,4.500
US871829BF39,SYY,cusip6,SYSCO CORP 3.25% 15Jul2027,SYSCO CORP 3.25% 15Jul2027,3.250
US871829BH94,SYY,cusip6,SYSCO CORP 4.45% 15Mar2048,SYSCO CORP 4.45% 15Mar2048,4.450
US871829BL07,SYY,cusip6,SYSCO CORPORATION,SYSCO CORP 5.95% 01Apr2030,5.950
US871829BN62,SYY,cusip6,SYSCO CORPORATION,SYSCO CORP 6.6% 01Apr2050,6.600
US871829BQ93,SYY,cusip6,SYY 2.45 14-DEC-31,SYY 2.45 14-DEC-31,2.450
US871829BR76,SYY,cusip6,SYY 3.15 14-DEC-51,SYY 3.15 14-DEC-51,3.150
US872540AQ25,TJX,cusip6,TJX COS INC NEW 2.25% 15Sep2026,TJX COS INC NEW 2.25% 15Sep2026,2.250
US87264AAX37,TMUS,name_block,T-MOBILE USA INC,T-MOBILE USA INC 4.375% 15Apr2040,4.375
US87264AAZ84,TMUS,name_block,T-MOBILE USA INC,T-MOBILE USA INC 4.5% 15Apr2050,4.500
US87264ABD63,TMUS,name_block,T-MOBILE USA INC,T-MOBILE USA INC 3.75% 15Apr2027,3.750
US87264ABF12,TMUS,name_block,T-MOBILE USA INC,T-MOBILE USA INC 3.875% 15Apr2030,3.875
US87264ABL89,TMUS,name_block,T-MOBILE USA INC,T-MOBILE USA INC 3% 15Feb2041,3.000
US87264ABN46,TMUS,name_block,T-MOBILE USA INC,T-MOBILE USA INC 3.3% 15Feb2051,3.300
US87264ABX28,TMUS,name_block,T-MOBILE USA INC,T-MOBILE USA INC 2.25% 15Nov2031,2.250
US87264ABY01,TMUS,name_block,T-MOBILE USA INC,T-MOBILE USA INC 3.6% 15Nov2060,3.600
US87264ACA16,TMUS,name_block,T-MOBILE USA INC,T-MOBILE USA INC 2.05% 15Feb2028,2.050
US87264ACB98,TMUS,name_block,T-MOBILE USA INC,T-MOBILE USA INC 2.55% 15Feb2031,2.550
US87264ACQ67,TMUS,name_block,TMUS 2.7 15-MAR-32,TMUS 2.7 15-MAR-32,2.700
US87264ACS24,TMUS,name_block,TMUS 2.4 15-MAR-29,TMUS 2.4 15-MAR-29,2.400
US87264ACT07,TMUS,name_block,TMUS 3.4 15-OCT-52,TMUS 3.4 15-OCT-52,3.400
US87264ACX19,TMUS,name_block,TMUS 5.8 15-SEP-62,TMUS 5.8 15-SEP-62,5.800
US87264ACY91,TMUS,name_block,TMUS 5.05 15-JUL-33,TMUS 5.05 15-JUL-33,5.050
US87264ACZ66,TMUS,name_block,TMUS 4.95 15-MAR-28,TMUS 4.95 15-MAR-28,4.950
US874054AG47,TTWO,cusip6,TTWO 3.7 14-APR-27,TTWO 3.7 14-APR-27,3.700
US874054AH20,TTWO,cusip6,TTWO 4 14-APR-32,TTWO 4 14-APR-32,4.000
US876030AA54,TPR,cusip6,TPR 3.05 15-MAR-32,TPR 3.05 15-MAR-32,3.050
US87612BBG68,TRGP,name_block,TARGA RES PARTNERS LP / TARGA RES PARTNE 5% 15Jan2028,TARGA RES PARTNERS LP / TARGA RES PARTNE 5% 15Jan2028,5.000
US87612BBU52,TRGP,name_block,Targa Resources Partners 4% 15jan2032 USD,Targa Resources Partners 4% 15jan2032 USD,4.000
US87612EAF34,TGT,cusip6,TARGET CORP 7% 15Jul2031,TARGET CORP 7% 15Jul2031,7.000
US87612EAK29,TGT,cusip6,TARGET CORP 6.35% 01Nov2032,TARGET CORP 6.35% 01Nov2032,6.350
US87612EAR71,TGT,cusip6,TARGET CORP 6.5% 15Oct2037,TARGET CORP 6.5% 15Oct2037,6.500
US87612EBA38,TGT,cusip6,TARGET CORP 4% 01Jul2042,TARGET CORP 4% 01Jul2042,4.000
US87612EBF25,TGT,cusip6,TARGET CORP 3.625% 15Apr2046,TARGET CORP 3.625% 15Apr2046,3.625
US87612EBG08,TGT,cusip6,TARGET CORP 3.9% 15Nov2047,TARGET CORP 3.9% 15Nov2047,3.900
US87612EBH80,TGT,cusip6,TARGET CORPORATION,TARGET CORP 3.375% 15Apr2029,3.375
US87612EBJ47,TGT,cusip6,TARGET CORPORATION,TARGET CORP 2.35% 15Feb2030,2.350
US87612EBM75,TGT,cusip6,TGT 1.95 15-JAN-27,TGT 1.95 15-JAN-27,1.950
US87612EBN58,TGT,cusip6,TGT 2.95 15-JAN-52,TGT 2.95 15-JAN-52,2.950
US87612EBP07,TGT,cusip6,TGT 4.5 15-SEP-32,TGT 4.5 15-SEP-32,4.500
US87612EBQ89,TGT,cusip6,TGT 4.4 15-JAN-33,TGT 4.4 15-JAN-33,4.400
US87612EBR62,TGT,cusip6,TGT 4.8 15-JAN-53,TGT 4.8 15-JAN-53,4.800
US87612GAA94,TRGP,cusip6,TRGP 4.2 01-FEB-33,TRGP 4.2 01-FEB-33,4.200
US87612GAB77,TRGP,cusip6,TRGP 4.95 15-APR-52,TRGP 4.95 15-APR-52,4.950
US87612GAC50,TRGP,cusip6,TRGP 6.125 15-MAR-33,TRGP 6.125 15-MAR-33,6.125
US87612GAD34,TRGP,cusip6,TRGP 6.5 15-FEB-53,TRGP 6.5 15-FEB-53,6.500
US87612KAA07,TRGP,name_block,TRGP 5.2 01-JUL-27,TRGP 5.2 01-JUL-27,5.200
US87612KAC62,TRGP,name_block,TRGP 6.25 01-JUL-52,TRGP 6.25 01-JUL-52,6.250
US879360AD71,TDY,cusip6,TDY 2.25 01-APR-28,TDY 2.25 01-APR-28,2.250
US879360AE54,TDY,cusip6,TELEDYNE TECHNOLOGIES INCORPORATED,TELEDYNE TECHNOLOGIES INC 2.75% 01Apr2031,2.750
US882508BC78,TXN,cusip6,TEXAS INSTRS INC 2.9% 03Nov2027,TEXAS INSTRS INC 2.9% 03Nov2027,2.900
US882508BD51,TXN,cusip6,TEXAS INSTRS INC 4.15% 15May2048,TEXAS INSTRS INC 4.15% 15May2048,4.150
US882508BF00,TXN,cusip6,TEXAS INSTRUMENTS INC,TEXAS INSTRS INC 3.875% 15Mar2039,3.875
US882508BG82,TXN,cusip6,TEXAS INSTRUMENTS INC,TEXAS INSTRS INC 2.25% 04Sep2029,2.250
US882508BJ22,TXN,cusip6,TEXAS INSTRUMENTS INC,TEXAS INSTRS INC 1.75% 04May2030,1.750
US882508BM50,TXN,cusip6,TXN 2.7 15-SEP-51,TXN 2.7 15-SEP-51,2.700
US882508BQ64,TXN,cusip6,TXN 4.1 16-AUG-52,TXN 4.1 16-AUG-52,4.100
US882508BV59,TXN,cusip6,TXN 4.6 15-FEB-28,TXN 4.6 15-FEB-28,4.600
US882508CB86,TXN,cusip6,TXN 4.9 14-MAR-33,TXN 4.9 14-MAR-33,4.900
US882508CC69,TXN,cusip6,TXN 5 14-MAR-53,TXN 5 14-MAR-53,5.000
US883203BX87,TXT,cusip6,TEXTRON INC 3.65% 15Mar2027,TEXTRON INC 3.65% 15Mar2027,3.650
US883203BY60,TXT,cusip6,TEXTRON INC 3.375% 01Mar2028,TEXTRON INC 3.375% 01Mar2028,3.375
US88339WAA45,WMB,name_block,WMB 3.5 15-OCT-51,WMB 3.5 15-OCT-51,3.500
US883556BG65,TMO,cusip6,THERMO FISHER SCIENTIFIC INC 5.3% 01Feb2044,THERMO FISHER SCIENTIFIC INC 5.3% 01Feb2044,5.300
US883556BY71,TMO,cusip6,THERMO FISHER SCIENTIFIC INC 4.1% 15Aug2047,THERMO FISHER SCIENTIFIC INC 4.1% 15Aug2047,4.100
US883556BZ47,TMO,cusip6,THERMO FISHER SCIENTIFIC INC,THERMO FISHER SCIENTIFIC INC 2.6% 01Oct2029,2.600
US883556CK68,TMO,cusip6,TMO 1.75 15-OCT-28,TMO 1.75 15-OCT-28,1.750
US883556CL42,TMO,cusip6,TMO 2 15-OCT-31,TMO 2 15-OCT-31,2.000
US883556CM25,TMO,cusip6,TMO 2.8 15-OCT-41,TMO 2.8 15-OCT-41,2.800
US883556CT77,TMO,cusip6,TMO 4.8 21-NOV-27,TMO 4.8 21-NOV-27,4.800
US883556CU41,TMO,cusip6,TMO 4.95 21-NOV-32,TMO 4.95 21-NOV-32,4.950
US88579EAC93,MMM,name_block,3M CO MEDIUM TERM NTS BOOK ENTRY 5.7% 15Mar2037,3M CO MEDIUM TERM NTS BOOK ENTRY 5.7% 15Mar2037,5.700
US88579YAV39,MMM,cusip6,3M CO 2.25% 19Sep2026,3M CO 2.25% 19Sep2026,2.250
US88579YAW12,MMM,cusip6,3M CO 3.125% 19Sep2046,3M CO 3.125% 19Sep2046,3.125
US88579YAY77,MMM,cusip6,3M CO 2.875% 15Oct2027,3M CO 2.875% 15Oct2027,2.875
US88579YAZ43,MMM,cusip6,3M CO 3.625% 15Oct2047,3M CO 3.625% 15Oct2047,3.625
US88579YBC49,MMM,cusip6,3M CO 3.625% 14Sep2028,3M CO 3.625% 14Sep2028,3.625
US88579YBD22,MMM,cusip6,3M CO 4% 14Sep2048,3M CO 4% 14Sep2048,4.000
US88579YBG52,MMM,cusip6,3M CO MTN,3M CO 3.375% 01Mar2029,3.375
US88579YBJ91,MMM,cusip6,3M CO,3M CO 2.375% 26Aug2029,2.375
US88579YBK64,MMM,cusip6,3M CO,3M CO 3.25% 26Aug2049,3.250
US88579YBN04,MMM,cusip6,3M Co. 305% 20/30,3M Co. 305% 20/30,305.000
US892938AA96,TT,name_block,TT 5.25 03-MAR-33,TT 5.25 03-MAR-33,5.250
US893647BR70,TDG,name_block,TDG 6.75 15-AUG-28,TDG 6.75 15-AUG-28,6.750
US89417EAD13,TRV,name_block,TRAVELERS COS INC 6.25% 15Jun2037,TRAVELERS COS INC 6.25% 15Jun2037,6.250
US89417EAH27,TRV,name_block,TRAVELERS COS INC 5.35% 01Nov2040,TRAVELERS COS INC 5.35% 01Nov2040,5.350
US89417EAJ82,TRV,name_block,TRAVELERS COS INC 4.6% 01Aug2043,TRAVELERS COS INC 4.6% 01Aug2043,4.600
US89417EAK55,TRV,name_block,TRAVELERS COS INC 4.3% 25Aug2045,TRAVELERS COS INC 4.3% 25Aug2045,4.300
US89417EAL39,TRV,name_block,TRAVELERS COS INC 3.75% 15May2046,TRAVELERS COS INC 3.75% 15May2046,3.750
US89417EAM12,TRV,name_block,TRAVELERS COS INC 4% 30May2047,TRAVELERS COS INC 4% 30May2047,4.000
US89417EAN94,TRV,name_block,TRAVELERS COS INC 4.05% 07Mar2048,TRAVELERS COS INC 4.05% 07Mar2048,4.050
US89417EAR09,TRV,name_block,TRAVELERS COMPANIES INC,TRAVELERS COS INC 3.05% 08Jun2051,3.050
US89420GAE98,TRV,name_block,TRAVELERS PPTY CAS CORP NEW 6.375% 15Mar2033,TRAVELERS PPTY CAS CORP NEW 6.375% 15Mar2033,6.375
US896239AE08,TRMB,cusip6,TRMB 6.1 15-MAR-33,TRMB 6.1 15-MAR-33,6.100
US89788MAB81,TFC,name_block,TRUIST FINANCIAL CORP MTN,TRUIST FINL CORP SR MED TERM NTS BOOK EN 1.95% 05Jun2030,1.950
US89788MAC64,TFC,name_block,TRUIST FINANCIAL CORP MTN,TRUIST FINL CORP SR MED TERM NTS BOOK EN 1.125% 03Aug2027,1.125
US89788MAE21,TFC,name_block,TRUIST FINANCIAL CORP MTN,TRUIST FINL CORP SR MED TERM NTS BOOK EN 1.887% 07Jun2029,1.887
US89788MAG78,TFC,name_block,TFC 4.123 06-JUN-28,TFC 4.123 06-JUN-28,4.123
US89788MAK80,TFC,name_block,TFC 6.123 28-OCT-33,TFC 6.123 28-OCT-33,6.123
US89788MAL63,TFC,name_block,TFC 4.873 26-JAN-29,TFC 4.873 26-JAN-29,4.873
US89788MAM47,TFC,name_block,TFC 5.122 26-JAN-34,TFC 5.122 26-JAN-34,5.122
US89832QAC33,TFC,cusip6,TFC 5.125,TFC 5.125,
US89832QAD16,TFC,cusip6,TFC 4.8,TFC 4.8,
US902133AG25,TEL,name_block,TE Connectivity 7.125% 1oct2037 USD,TYCO ELECTRONICS GROUP S A 7.125% 01Oct2037,7.125
US902133AU19,TEL,name_block,TYCO ELECTRONICS GROUP S A 3.125% 15Aug2027,TYCO ELECTRONICS GROUP S A 3.125% 15Aug2027,3.125
US902133AY31,TEL,name_block,TEL 2.5 04-FEB-32,TEL 2.5 04-FEB-32,2.500
US902494AY91,TSN,cusip6,TYSON FOODS INC 5.15% 15Aug2044,TYSON FOODS INC 5.15% 15Aug2044,5.150
US902494AZ66,TSN,cusip6,TYSON FOODS INC 4.875% 15Aug2034,TYSON FOODS INC 4.875% 15Aug2034,4.875
US902494BC62,TSN,cusip6,TYSON FOODS INC 3.55% 02Jun2027,TYSON FOODS INC 3.55% 02Jun2027,3.550
US902494BD46,TSN,cusip6,TYSON FOODS INC 4.55% 02Jun2047,TYSON FOODS INC 4.55% 02Jun2047,4.550
US902494BH59,TSN,cusip6,TYSON FOODS INC 5.1% 28Sep2048,TYSON FOODS INC 5.1% 28Sep2048,5.100
US902494BK88,TSN,cusip6,TYSON FOODS INC,TYSON FOODS INC 4.35% 01Mar2029,4.350
US90265EAL48,UDR,name_block,UDR INC MEDIUM TERM NTS BOOK ENTRY 2.95% 01Sep2026,UDR INC MEDIUM TERM NTS BOOK ENTRY 2.95% 01Sep2026,2.950
US90265EAM21,UDR,name_block,UDR INC MEDIUM TERM NTS BOOK ENTRY 3.5% 01Jul2027,UDR INC MEDIUM TERM NTS BOOK ENTRY 3.5% 01Jul2027,3.500
US90265EAN04,UDR,name_block,UDR INC MEDIUM TERM NTS BOOK ENTRY 3.5% 15Jan2028,UDR INC MEDIUM TERM NTS BOOK ENTRY 3.5% 15Jan2028,3.500
US90265EAP51,UDR,name_block,UDR INC MEDIUM TERM NTS BOOK ENTRY 4.4% 26Jan2029,UDR INC MEDIUM TERM NTS BOOK ENTRY 4.4% 26Jan2029,4.400
US90265EAV20,UDR,name_block,UDR 2.1 15-JUN-33,UDR 2.1 15-JUN-33,2.100
US906548CH30,AEE,name_block,UNION ELEC CO 8.45% 15Mar2039,UNION ELEC CO 8.45% 15Mar2039,8.450
US906548CJ95,AEE,name_block,UNION ELEC CO 3.9% 15Sep2042,UNION ELEC CO 3.9% 15Sep2042,3.900
US906548CM25,AEE,name_block,UNION ELEC CO 2.95% 15Jun2027,UNION ELEC CO 2.95% 15Jun2027,2.950
US906548CN08,AEE,name_block,UNION ELEC CO 4% 01Apr2048,UNION ELEC CO 4% 01Apr2048,4.000
US906548CT77,AEE,name_block,AEE 2.15 15-MAR-32,AEE 2.15 15-MAR-32,2.150
US906548CU41,AEE,name_block,AEE 3.9 01-APR-52,AEE 3.9 01-APR-52,3.900
US906548CW07,AEE,name_block,AEE 5.45 15-MAR-53,AEE 5.45 15-MAR-53,5.450
US907818DZ87,UNP,cusip6,UNION PAC CORP 4.15% 15Jan2045,UNION PAC CORP 4.15% 15Jan2045,4.150
US907818EB01,UNP,cusip6,UNION PAC CORP 3.375% 01Feb2035,UNION PAC CORP 3.375% 01Feb2035,3.375
US907818EC83,UNP,cusip6,UNION PAC CORP 3.875% 01Feb2055,UNION PAC CORP 3.875% 01Feb2055,3.875
US907818EF15,UNP,cusip6,UNION PAC CORP 4.05% 15Nov2045,UNION PAC CORP 4.05% 15Nov2045,4.050
US907818EG97,UNP,cusip6,UNION PAC CORP 4.375% 15Nov2065,UNION PAC CORP 4.375% 15Nov2065,4.375
US907818EJ37,UNP,cusip6,UNION PAC CORP 4.05% 01Mar2046,UNION PAC CORP 4.05% 01Mar2046,4.050
US907818EK00,UNP,cusip6,UNION PAC CORP 3.35% 15Aug2046,UNION PAC CORP 3.35% 15Aug2046,3.350
US907818EM65,UNP,cusip6,UNION PAC CORP 3.799% 01Oct2051,UNION PAC CORP 3.799% 01Oct2051,3.799
US907818EN49,UNP,cusip6,UNION PAC CORP 4% 15Apr2047,UNION PAC CORP 4% 15Apr2047,4.000
US907818EP96,UNP,cusip6,UNION PAC CORP 3% 15Apr2027,UNION PAC CORP 3% 15Apr2027,3.000
US907818EQ79,UNP,cusip6,UNION PAC CORP 3.6% 15Sep2037,UNION PAC CORP 3.6% 15Sep2037,3.600
US907818ER52,UNP,cusip6,UNION PAC CORP 4.1% 15Sep2067,UNION PAC CORP 4.1% 15Sep2067,4.100
US907818EV64,UNP,cusip6,UNION PAC CORP 4.375% 10Sep2038,UNION PAC CORP 4.375% 10Sep2038,4.375
US907818EW48,UNP,cusip6,UNION PAC CORP 4.5% 10Sep2048,UNION PAC CORP 4.5% 10Sep2048,4.500
US907818EY04,UNP,cusip6,UNION PAC CORP 3.95% 10Sep2028,UNION PAC CORP 3.95% 10Sep2028,3.950
US907818FB91,UNP,cusip6,UNION PACIFIC CORPORATION,UNION PAC CORP 3.7% 01Mar2029,3.700
US907818FG88,UNP,cusip6,UNION PACIFIC CORPORATION,UNION PAC CORP 3.839% 20Mar2060,3.839
US907818FH61,UNP,cusip6,UNION PACIFIC CORPORATION,UNION PAC CORP 2.4% 05Feb2030,2.400
US907818FK90,UNP,cusip6,UNION PACIFIC CORPORATION,UNION PAC CORP 3.25% 05Feb2050,3.250
US907818FL73,UNP,cusip6,UNION PACIFIC CORPORATION,UNION PAC CORP 3.75% 05Feb2070,3.750
US907818FN30,UNP,cusip6,UNION PACIFIC CORPORATION,UNION PAC CORP 2.973% 16Sep2062,2.973
US907818FQ60,UNP,cusip6,UNP 2.891 06-APR-36,UNP 2.891 06-APR-36,2.891
US907818FS27,UNP,cusip6,UNP 3.799 06-APR-71,UNP 3.799 06-APR-71,3.799
US907818FT00,UNP,cusip6,UNION PACIFIC CORPORATION,UNION PAC CORP 3.2% 20May2041,3.200
US907818FU72,UNP,cusip6,UNION PACIFIC CORPORATION,UNION PAC CORP 2.375% 20May2031,2.375
US907818FV55,UNP,cusip6,UNP 3.55 20-MAY-61,UNP 3.55 20-MAY-61,3.550
US907818FW39,UNP,cusip6,UNP 2.95 10-MAR-52,UNP 2.95 10-MAR-52,2.950
US907818FX12,UNP,cusip6,UNP 2.8 14-FEB-32,UNP 2.8 14-FEB-32,2.800
US907818FY94,UNP,cusip6,UNP 3.375 14-FEB-42,UNP 3.375 14-FEB-42,3.375
US907818FZ69,UNP,cusip6,UNP 3.5 14-FEB-53,UNP 3.5 14-FEB-53,3.500
US907818GA00,UNP,cusip6,UNP 3.85 14-FEB-72,UNP 3.85 14-FEB-72,3.850
US907818GB82,UNP,cusip6,UNP 4.5 20-JAN-33,UNP 4.5 20-JAN-33,4.500
US907818GC65,UNP,cusip6,UNP 4.95 09-SEP-52,UNP 4.95 09-SEP-52,4.950
US907818GD49,UNP,cusip6,UNP 5.15 20-JAN-63,UNP 5.15 20-JAN-63,5.150
US907818GF96,UNP,cusip6,UNP 4.95 15-MAY-53,UNP 4.95 15-MAY-53,4.950
US90932DAA37,UAL,name_block,UAL 3.1 07-OCT-28,UAL 3.1 07-OCT-28,3.100
US911312AJ59,UPS,cusip6,UNITED PARCEL SVC INC 6.2% 15Jan2038,UNITED PARCEL SVC INC 6.2% 15Jan2038,6.200
US911312AN61,UPS,cusip6,UNITED PARCEL SVC INC 4.875% 15Nov2040,UNITED PARCEL SVC INC 4.875% 15Nov2040,4.875
US911312AR75,UPS,cusip6,UNITED PARCEL SVC INC 3.625% 01Oct2042,UNITED PARCEL SVC INC 3.625% 01Oct2042,3.625
US911312AY27,UPS,cusip6,UNITED PARCEL SVC INC 2.4% 15Nov2026,UNITED PARCEL SVC INC 2.4% 15Nov2026,2.400
US911312AZ91,UPS,cusip6,UNITED PARCEL SVC INC 3.4% 15Nov2046,UNITED PARCEL SVC INC 3.4% 15Nov2046,3.400
US911312BM79,UPS,cusip6,UNITED PARCEL SVC INC 3.05% 15Nov2027,UNITED PARCEL SVC INC 3.05% 15Nov2027,3.050
US911312BN52,UPS,cusip6,UNITED PARCEL SVC INC 3.75% 15Nov2047,UNITED PARCEL SVC INC 3.75% 15Nov2047,3.750
US911312BQ83,UPS,cusip6,UNITED PARCEL SERVICE INC,UNITED PARCEL SVC INC 4.25% 15Mar2049,4.250
US911312BR66,UPS,cusip6,UNITED PARCEL SERVICE INC,UNITED PARCEL SVC INC 3.4% 15Mar2029,3.400
US911312BW51,UPS,cusip6,UNITED PARCEL SERVICE INC,UNITED PARCEL SVC INC 5.3% 01Apr2050,5.300
US911312BY18,UPS,cusip6,UNITED PARCEL SERVICE INC,UNITED PARCEL SVC INC 4.45% 01Apr2030,4.450
US911312BZ82,UPS,cusip6,UPS 4.875 03-MAR-33,UPS 4.875 03-MAR-33,4.875
US911312CA23,UPS,cusip6,UPS 5.05 03-MAR-53,UPS 5.05 03-MAR-53,5.050
US911363AM11,URI,cusip6,UNITED RENTALS INC 3.875% 15Feb2031,UNITED RENTALS INC 3.875% 15Feb2031,3.875
US911365BG81,URI,name_block,United Rentals (North America) 4.875% 15jan2028 USD,UNITED RENTALS NORTH AMER INC 4.875% 15Jan2028,4.875
US911365BL76,URI,name_block,United Rentals (North America) 5.25% 15jan2030 USD,UNITED RENTALS NORTH AMER INC 5.25% 15Jan2030,5.250
US911365BM59,URI,name_block,UNITED RENTALS NORTH AMER INC 3.875% 15Nov2027,UNITED RENTALS NORTH AMER INC 3.875% 15Nov2027,3.875
US911365BN33,URI,name_block,United Rentals (North America) 4% 15jul2030 USD,UNITED RENTALS NORTH AMER INC 4% 15Jul2030,4.000
US911365BQ63,URI,name_block,URI 6 15-DEC-29,URI 6 15-DEC-29,6.000
US91159HHN35,USB,name_block,U S BANCORP MEDIUM TERM NTS- BOOK ENTRY 2.375% 22Jul2026,U S BANCORP MEDIUM TERM NTS- BOOK ENTRY 2.375% 22Jul2026,2.375
US91159HHR49,USB,name_block,U S BANCORP MEDIUM TERM NTS- BOOK ENTRY 3.15% 27Apr2027,U S BANCORP MEDIUM TERM NTS- BOOK ENTRY 3.15% 27Apr2027,3.150
US91159HHS22,USB,name_block,U S BANCORP MEDIUM TERM NTS- BOOK ENTRY 3.9% 26Apr2028,U S BANCORP MEDIUM TERM NTS- BOOK ENTRY 3.9% 26Apr2028,3.900
US91159HHW34,USB,name_block,US BANCORP,U S BANCORP MEDIUM TERM NTS- BOOK ENTRY 3% 30Jul2029,3.000
US91159HJA95,USB,name_block,US BANCORP,U S BANCORP MEDIUM TERM NTS- BOOK ENTRY 1.375% 22Jul2030,1.375
US91159HJB78,USB,name_block,USB 2.491 03-NOV-36,USB 2.491 03-NOV-36,2.491
US91159HJC51,USB,name_block,USB 2.215 27-JAN-28,USB 2.215 27-JAN-28,2.215
US91159HJD35,USB,name_block,USB 2.677 27-JAN-33,USB 2.677 27-JAN-33,2.677
US91159HJF82,USB,name_block,USB 4.548 22-JUL-28,USB 4.548 22-JUL-28,4.548
US91159HJG65,USB,name_block,USB 4.967 22-JUL-33,USB 4.967 22-JUL-33,4.967
US91159HJJ05,USB,name_block,USB 5.85 21-OCT-33,USB 5.85 21-OCT-33,5.850
US91159HJK77,USB,name_block,USB 4.653 01-FEB-29,USB 4.653 01-FEB-29,4.653
US91159HJL50,USB,name_block,USB 4.839 01-FEB-34,USB 4.839 01-FEB-34,4.839
US91324PAR38,UNH,name_block,UNITEDHEALTH GROUP INC 5.8% 15Mar2036,UNITEDHEALTH GROUP INC 5.8% 15Mar2036,5.800
US91324PAX06,UNH,name_block,UNITEDHEALTH GROUP INC 6.5% 15Jun2037,UNITEDHEALTH GROUP INC 6.5% 15Jun2037,6.500
US91324PBE16,UNH,name_block,UNITEDHEALTH GROUP INC 6.625% 15Nov2037,UNITEDHEALTH GROUP INC 6.625% 15Nov2037,6.625
US91324PBK75,UNH,name_block,UNITEDHEALTH GROUP INC 6.875% 15Feb2038,UNITEDHEALTH GROUP INC 6.875% 15Feb2038,6.875
US91324PBN15,UNH,name_block,UNITEDHEALTH GROUP INC 5.7% 15Oct2040,UNITEDHEALTH GROUP INC 5.7% 15Oct2040,5.700
US91324PBQ46,UNH,name_block,UNITEDHEALTH GROUP INC 5.95% 15Feb2041,UNITEDHEALTH GROUP INC 5.95% 15Feb2041,5.950
US91324PBU57,UNH,name_block,UNITEDHEALTH GROUP INC 4.625% 15Nov2041,UNITEDHEALTH GROUP INC 4.625% 15Nov2041,4.625
US91324PBW14,UNH,name_block,UNITEDHEALTH GROUP INC 4.375% 15Mar2042,UNITEDHEALTH GROUP INC 4.375% 15Mar2042,4.375
US91324PCA84,UNH,name_block,UNITEDHEALTH GROUP INC 3.95% 15Oct2042,UNITEDHEALTH GROUP INC 3.95% 15Oct2042,3.950
US91324PCD24,UNH,name_block,UNITEDHEALTH GROUP INC 4.25% 15Mar2043,UNITEDHEALTH GROUP INC 4.25% 15Mar2043,4.250
US91324PCQ37,UNH,name_block,UNITEDHEALTH GROUP INC 4.625% 15Jul2035,UNITEDHEALTH GROUP INC 4.625% 15Jul2035,4.625
US91324PCR10,UNH,name_block,UNITEDHEALTH GROUP INC 4.75% 15Jul2045,UNITEDHEALTH GROUP INC 4.75% 15Jul2045,4.750
US91324PCW05,UNH,name_block,UNITEDHEALTH GROUP INC 3.45% 15Jan2027,UNITEDHEALTH GROUP INC 3.45% 15Jan2027,3.450
US91324PCX87,UNH,name_block,UNITEDHEALTH GROUP INC 4.2% 15Jan2047,UNITEDHEALTH GROUP INC 4.2% 15Jan2047,4.200
US91324PCY60,UNH,name_block,UNITEDHEALTH GROUP INC 3.375% 15Apr2027,UNITEDHEALTH GROUP INC 3.375% 15Apr2027,3.375
US91324PCZ36,UNH,name_block,UNITEDHEALTH GROUP INC 4.25% 15Apr2047,UNITEDHEALTH GROUP INC 4.25% 15Apr2047,4.250
US91324PDE97,UNH,name_block,UNITEDHEALTH GROUP INC 2.95% 15Oct2027,UNITEDHEALTH GROUP INC 2.95% 15Oct2027,2.950
US91324PDF62,UNH,name_block,UNITEDHEALTH GROUP INC 3.75% 15Oct2047,UNITEDHEALTH GROUP INC 3.75% 15Oct2047,3.750
US91324PDK57,UNH,name_block,UNITEDHEALTH GROUP INC 3.85% 15Jun2028,UNITEDHEALTH GROUP INC 3.85% 15Jun2028,3.850
US91324PDL31,UNH,name_block,UNITEDHEALTH GROUP INC 4.25% 15Jun2048,UNITEDHEALTH GROUP INC 4.25% 15Jun2048,4.250
US91324PDP45,UNH,name_block,UNITEDHEALTH GROUP INC 3.875% 15Dec2028,UNITEDHEALTH GROUP INC 3.875% 15Dec2028,3.875
US91324PDQ28,UNH,name_block,UNITEDHEALTH GROUP INC 4.45% 15Dec2048,UNITEDHEALTH GROUP INC 4.45% 15Dec2048,4.450
US91324PDS83,UNH,name_block,UNITEDHEALTH GROUP INC,UNITEDHEALTH GROUP INC 2.875% 15Aug2029,2.875
US91324PDT66,UNH,name_block,UNITEDHEALTH GROUP INC,UNITEDHEALTH GROUP INC 3.5% 15Aug2039,3.500
US91324PDU30,UNH,name_block,UNITEDHEALTH GROUP INC,UNITEDHEALTH GROUP INC 3.7% 15Aug2049,3.700
US91324PDV13,UNH,name_block,UNITEDHEALTH GROUP INC,UNITEDHEALTH GROUP INC 3.875% 15Aug2059,3.875
US91324PDX78,UNH,name_block,UNITEDHEALTH GROUP INC,UNITEDHEALTH GROUP INC 2% 15May2030,2.000
US91324PDY51,UNH,name_block,UNITEDHEALTH GROUP INC,UNITEDHEALTH GROUP INC 2.75% 15May2040,2.750
US91324PDZ27,UNH,name_block,UNITEDHEALTH GROUP INC,UNITEDHEALTH GROUP INC 2.9% 15May2050,2.900
US91324PEA66,UNH,name_block,UNITEDHEALTH GROUP INC,UNITEDHEALTH GROUP INC 3.125% 15May2060,3.125
US91324PED06,UNH,name_block,UNITEDHEALTH GROUP INC,UNITEDHEALTH GROUP INC 2.3% 15May2031,2.300
US91324PEE88,UNH,name_block,UNITEDHEALTH GROUP INC,UNITEDHEALTH GROUP INC 3.05% 15May2041,3.050
US91324PEF53,UNH,name_block,UNITEDHEALTH GROUP INC,UNITEDHEALTH GROUP INC 3.25% 15May2051,3.250
US91324PEG37,UNH,name_block,UNH 3.7 15-MAY-27,UNH 3.7 15-MAY-27,3.700
US91324PEH10,UNH,name_block,UNH 4 15-MAY-29,UNH 4 15-MAY-29,4.000
US91324PEJ75,UNH,name_block,UNH 4.2 15-MAY-32,UNH 4.2 15-MAY-32,4.200
US91324PEK49,UNH,name_block,UNH 4.75 15-MAY-52,UNH 4.75 15-MAY-52,4.750
US91324PEL22,UNH,name_block,UNH 4.95 15-MAY-62,UNH 4.95 15-MAY-62,4.950
US91324PEP36,UNH,name_block,UNH 5.25 15-FEB-28,UNH 5.25 15-FEB-28,5.250
US91324PEQ19,UNH,name_block,UNH 5.3 15-FEB-30,UNH 5.3 15-FEB-30,5.300
US91324PER91,UNH,name_block,UNH 5.35 15-FEB-33,UNH 5.35 15-FEB-33,5.350
US91324PES74,UNH,name_block,UNH 5.875 15-FEB-53,UNH 5.875 15-FEB-53,5.875
US91324PET57,UNH,name_block,UNH 6.05 15-FEB-63,UNH 6.05 15-FEB-63,6.050
US913903AW04,UHS,cusip6,UHS 2.65 15-OCT-30,UHS 2.65 15-OCT-30,2.650
US913903BA74,UHS,cusip6,UHS 2.65 15-JAN-32,UHS 2.65 15-JAN-32,2.650
US91913YAB65,VLO,cusip6,VALERO ENERGY CORP NEW 8.75% 15Jun2030,VALERO ENERGY CORP NEW 8.75% 15Jun2030,8.750
US91913YAE05,VLO,cusip6,VALERO ENERGY CORP NEW 7.5% 15Apr2032,VALERO ENERGY CORP NEW 7.5% 15Apr2032,7.500
US91913YAL48,VLO,cusip6,VALERO ENERGY CORP NEW 6.625% 15Jun2037,VALERO ENERGY CORP NEW 6.625% 15Jun2037,6.625
US91913YAP51,VLO,cusip6,VALERO ENERGY CORP NEW 10.5% 15Mar2039,VALERO ENERGY CORP NEW 10.5% 15Mar2039,10.500
US91913YAT73,VLO,cusip6,VALERO ENERGY CORP NEW 4.9% 15Mar2045,VALERO ENERGY CORP NEW 4.9% 15Mar2045,4.900
US91913YAU47,VLO,cusip6,VALERO ENERGY CORP NEW 3.4% 15Sep2026,VALERO ENERGY CORP NEW 3.4% 15Sep2026,3.400
US91913YAV20,VLO,cusip6,VALERO ENERGY CORP NEW 4.35% 01Jun2028,VALERO ENERGY CORP NEW 4.35% 01Jun2028,4.350
US91913YAW03,VLO,cusip6,VALERO ENERGY CORPORATION,VALERO ENERGY CORP NEW 4% 01Apr2029,4.000
US91913YBC30,VLO,cusip6,VLO 2.8 01-DEC-31,VLO 2.8 01-DEC-31,2.800
US91913YBD13,VLO,cusip6,VLO 3.65 01-DEC-51,VLO 3.65 01-DEC-51,3.650
US91913YBE95,VLO,cusip6,VLO 4 01-JUN-52,VLO 4 01-JUN-52,4.000
US91914JAA07,VLO,name_block,Valero Energy Partners LP 4.375% 15Dec2026,Valero Energy Partners LP 4.375% 15Dec2026,4.375
US91914JAB89,VLO,name_block,Valero Energy Partners LP 4.5% 15Mar2028,Valero Energy Partners LP 4.5% 15Mar2028,4.500
US92277GAJ67,VTR,name_block,VENTAS RLTY LTD PARTNERSHIP 3.25% 15Oct2026,VENTAS RLTY LTD PARTNERSHIP 3.25% 15Oct2026,3.250
US92277GAL14,VTR,name_block,VENTAS RLTY LTD PARTNERSHIP 3.85% 01Apr2027,VENTAS RLTY LTD PARTNERSHIP 3.85% 01Apr2027,3.850
US92277GAM96,VTR,name_block,VENTAS RLTY LTD PARTNERSHIP 4% 01Mar2028,VENTAS RLTY LTD PARTNERSHIP 4% 01Mar2028,4.000
US92277GAN79,VTR,name_block,VENTAS RLTY LTD PARTNERSHIP 4.4% 15Jan2029,VENTAS RLTY LTD PARTNERSHIP 4.4% 15Jan2029,4.400
US92277GAW78,VTR,name_block,VTR 2.5 01-SEP-31,VTR 2.5 01-SEP-31,2.500
US92343EAM49,VRSN,cusip6,VRSN 2.7 15-JUN-31,VRSN 2.7 15-JUN-31,2.700
US92343VAF13,VZ,name_block,VERIZON COMMUNICATIONS INC 6.25% 01Apr2037,VERIZON COMMUNICATIONS INC 6.25% 01Apr2037,6.250
US92343VAK08,VZ,name_block,VERIZON COMMUNICATIONS INC 6.4% 15Feb2038,VERIZON COMMUNICATIONS INC 6.4% 15Feb2038,6.400
US92343VBE39,VZ,name_block,VERIZON COMMUNICATIONS INC 4.75% 01Nov2041,VERIZON COMMUNICATIONS INC 4.75% 01Nov2041,4.750
US92343VBG86,VZ,name_block,VERIZON COMMUNICATIONS INC 3.85% 01Nov2042,VERIZON COMMUNICATIONS INC 3.85% 01Nov2042,3.850
US92343VBS25,VZ,name_block,VERIZON COMMUNICATIONS INC 6.4% 15Sep2033,VERIZON COMMUNICATIONS INC 6.4% 15Sep2033,6.400
US92343VBT08,VZ,name_block,VERIZON COMMUNICATIONS INC 6.55% 15Sep2043,VERIZON COMMUNICATIONS INC 6.55% 15Sep2043,6.550
US92343VBZ67,VZ,name_block,VERIZON COMMUNICATIONS INC 5.05% 15Mar2034,VERIZON COMMUNICATIONS INC 5.05% 15Mar2034,5.050
US92343VCK89,VZ,name_block,VERIZON COMMUNICATIONS INC 4.862% 21Aug2046,VERIZON COMMUNICATIONS INC 4.862% 21Aug2046,4.862
US92343VCM46,VZ,name_block,VERIZON COMMUNICATIONS INC 5.012% 21Aug2054,VERIZON COMMUNICATIONS INC 5.012% 21Aug2054,5.012
US92343VCQ59,VZ,name_block,VERIZON COMMUNICATIONS INC 4.4% 01Nov2034,VERIZON COMMUNICATIONS INC 4.4% 01Nov2034,4.400
US92343VCV45,VZ,name_block,VERIZON COMMUNICATIONS INC 4.272% 15Jan2036,VERIZON COMMUNICATIONS INC 4.272% 15Jan2036,4.272
US92343VCX01,VZ,name_block,VERIZON COMMUNICATIONS INC 4.522% 15Sep2048,VERIZON COMMUNICATIONS INC 4.522% 15Sep2048,4.522
US92343VCZ58,VZ,name_block,VERIZON COMMUNICATIONS INC 4.672% 15Mar2055,VERIZON COMMUNICATIONS INC 4.672% 15Mar2055,4.672
US92343VDC54,VZ,name_block,VERIZON COMMUNICATIONS INC 4.125% 15Aug2046,VERIZON COMMUNICATIONS INC 4.125% 15Aug2046,4.125
US92343VDR24,VZ,name_block,VERIZON COMMUNICATIONS INC 4.812% 15Mar2039,VERIZON COMMUNICATIONS INC 4.812% 15Mar2039,4.812
US92343VDS07,VZ,name_block,VERIZON COMMUNICATIONS INC 5.012% 15Apr2049,VERIZON COMMUNICATIONS INC 5.012% 15Apr2049,5.012
US92343VDU52,VZ,name_block,VERIZON COMMUNICATIONS INC 5.25% 16Mar2037,VERIZON COMMUNICATIONS INC 5.25% 16Mar2037,5.250
US92343VDV36,VZ,name_block,VERIZON COMMUNICATIONS INC 5.5% 16Mar2047,VERIZON COMMUNICATIONS INC 5.5% 16Mar2047,5.500
US92343VDY74,VZ,name_block,VERIZON COMMUNICATIONS INC 4.125% 16Mar2027,VERIZON COMMUNICATIONS INC 4.125% 16Mar2027,4.125
US92343VEA89,VZ,name_block,VERIZON COMMUNICATIONS INC 4.5% 10Aug2033,VERIZON COMMUNICATIONS INC 4.5% 10Aug2033,4.500
US92343VER15,VZ,name_block,VERIZON COMMUNICATIONS INC 4.329% 21Sep2028,VERIZON COMMUNICATIONS INC 4.329% 21Sep2028,4.329
US92343VES97,VZ,name_block,VERIZON COMMUNICATIONS INC,VERIZON COMMUNICATIONS INC 3.875% 08Feb2029,3.875
US92343VEU44,VZ,name_block,VERIZON COMMUNICATIONS INC,VERIZON COMMUNICATIONS INC 4.016% 03Dec2029,4.016
US92343VFD10,VZ,name_block,VERIZON COMMUNICATIONS INC,VERIZON COMMUNICATIONS INC 4% 22Mar2050,4.000
US92343VFE92,VZ,name_block,VERIZON COMMUNICATIONS INC,VERIZON COMMUNICATIONS INC 3.15% 22Mar2030,3.150
US92343VFL36,VZ,name_block,VERIZON COMMUNICATIONS INC,VERIZON COMMUNICATIONS INC 1.5% 18Sep2030,1.500
US92343VFR06,VZ,name_block,VERIZON COMMUNICATIONS INC,VERIZON COMMUNICATIONS INC 1.75% 20Jan2031,1.750
US92343VFT61,VZ,name_block,VERIZON COMMUNICATIONS INC,VERIZON COMMUNICATIONS INC 2.65% 20Nov2040,2.650
US92343VFU35,VZ,name_block,VERIZON COMMUNICATIONS INC,VERIZON COMMUNICATIONS INC 2.875% 20Nov2050,2.875
US92343VFV18,VZ,name_block,VERIZON COMMUNICATIONS INC,VERIZON COMMUNICATIONS INC 3% 20Nov2060,3.000
US92343VFW90,VZ,name_block,VERIZON COMMUNICATIONS INC,VERIZON COMMUNICATIONS INC 2.987% 30Oct2056,2.987
US92343VFX73,VZ,name_block,VERIZON COMMUNICATIONS INC,VERIZON COMMUNICATIONS INC 1.68% 30Oct2030,1.680
US92343VGB45,VZ,name_block,VERIZON COMMUNICATIONS INC,VERIZON COMMUNICATIONS INC 3.55% 22Mar2051,3.550
US92343VGC28,VZ,name_block,VERIZON COMMUNICATIONS INC,VERIZON COMMUNICATIONS INC 3.7% 22Mar2061,3.700
US92343VGH15,VZ,name_block,VERIZON COMMUNICATIONS INC,VERIZON COMMUNICATIONS INC 2.1% 22Mar2028,2.100
US92343VGJ70,VZ,name_block,VERIZON COMMUNICATIONS INC,VERIZON COMMUNICATIONS INC 2.55% 21Mar2031,2.550
US92343VGK44,VZ,name_block,VERIZON COMMUNICATIONS INC,VERIZON COMMUNICATIONS INC 3.4% 22Mar2041,3.400
US92343VGL27,VZ,name_block,VZ 2.85 03-SEP-41,VZ 2.85 03-SEP-41,2.850
US92343VGN82,VZ,name_block,VZ 2.355 15-MAR-32,VZ 2.355 15-MAR-32,2.355
US92345YAE68,VRSK,cusip6,VERISK ANALYTICS INC 5.5% 15Jun2045,VERISK ANALYTICS INC 5.5% 15Jun2045,5.500
US92346MAC55,VZ,name_block,VERIZON COMMUNICATIONS INC INTERNOTES BO 4.9% 15May2047,VERIZON COMMUNICATIONS INC INTERNOTES BO 4.9% 15May2047,4.900
US92346MAL54,VZ,name_block,VERIZON COMMUNICATIONS INC INTERNOTES BO 4.7% 15Jun2047,VERIZON COMMUNICATIONS INC INTERNOTES BO 4.7% 15Jun2047,4.700
US92346MAS08,VZ,name_block,VERIZON COMMUNICATIONS INC INTERNOTES BO 4.8% 15Aug2047,VERIZON COMMUNICATIONS INC INTERNOTES BO 4.8% 15Aug2047,4.800
US92346MAU53,VZ,name_block,VERIZON COMMUNICATIONS INC INTERNOTES BO 4.8% 15Aug2047,VERIZON COMMUNICATIONS INC INTERNOTES BO 4.8% 15Aug2047,4.800
US92346MAY75,VZ,name_block,VERIZON COMMUNICATIONS INC INTERNOTES BO 4.85% 15Aug2047,VERIZON COMMUNICATIONS INC INTERNOTES BO 4.85% 15Aug2047,4.850
US92346MAZ41,VZ,name_block,VERIZON COMMUNICATIONS INC INTERNOTES BO 4.75% 15Sep2047,VERIZON COMMUNICATIONS INC INTERNOTES BO 4.75% 15Sep2047,4.750
US92346MBB63,VZ,name_block,VERIZON COMMUNICATIONS INC INTERNOTES BO 4.75% 15Sep2047,VERIZON COMMUNICATIONS INC INTERNOTES BO 4.75% 15Sep2047,4.750
US92346MBD20,VZ,name_block,VERIZON COMMUNICATIONS INC INTERNOTES BO 4.7% 15Sep2047,VERIZON COMMUNICATIONS INC INTERNOTES BO 4.7% 15Sep2047,4.700
US92346MBF77,VZ,name_block,VERIZON COMMUNICATIONS INC INTERNOTES BO 4.7% 15Nov2047,VERIZON COMMUNICATIONS INC INTERNOTES BO 4.7% 15Nov2047,4.700
US92346MBK62,VZ,name_block,VERIZON COMMUNICATIONS INC INTERNOTES BO 4.65% 15Nov2047,VERIZON COMMUNICATIONS INC INTERNOTES BO 4.65% 15Nov2047,4.650
US92346MBM29,VZ,name_block,VERIZON COMMUNICATIONS INC INTERNOTES BO 4.65% 15Nov2047,VERIZON COMMUNICATIONS INC INTERNOTES BO 4.65% 15Nov2047,4.650
US92346MBR16,VZ,name_block,VERIZON COMMUNICATIONS INC INTERNOTES BO 4.5% 15Dec2047,VERIZON COMMUNICATIONS INC INTERNOTES BO 4.5% 15Dec2047,4.500
US92346MCU36,VZ,name_block,VERIZON COMMUNICATIONS INC INTERNOTES BO 5% 15Jun2048,VERIZON COMMUNICATIONS INC INTERNOTES BO 5% 15Jun2048,5.000
US92346MCW91,VZ,name_block,VERIZON COMMUNICATIONS INC INTERNOTES BO 4.95% 15Jun2048,VERIZON COMMUNICATIONS INC INTERNOTES BO 4.95% 15Jun2048,4.950
US92556VAC00,VTRS,cusip6,VTRS 2.3 22-JUN-27,VTRS 2.3 22-JUN-27,2.300
US92564RAA32,VICI,name_block,VICI Properties 4.25% 1dec2026 USD,VICI Properties 4.25% 1dec2026 USD,4.250
US92564RAB15,VICI,name_block,VICI Properties 4.625% 1dec2029 USD,VICI Properties 4.625% 1dec2029 USD,4.625
US92564RAD70,VICI,name_block,VICI Properties 3.75% 15feb2027 USD,VICI Properties 3.75% 15feb2027 USD,3.750
US92564RAE53,VICI,name_block,VICI Properties 4.125% 15aug2030 USD,VICI Properties 4.125% 15aug2030 USD,4.125
US92564RAH84,VICI,name_block,VICI 4.5 01-SEP-26,VICI 4.5 01-SEP-26,4.500
US92564RAJ41,VICI,name_block,VICI 5.75 01-FEB-27,VICI 5.75 01-FEB-27,5.750
US92564RAK14,VICI,name_block,VICI 4.5 15-JAN-28,VICI 4.5 15-JAN-28,4.500
US92564RAL96,VICI,name_block,VICI 3.875 15-FEB-29,VICI 3.875 15-FEB-29,3.875
US925650AB99,VICI,name_block,VICI 4.75 15-FEB-28,VICI 4.75 15-FEB-28,4.750
US925650AC72,VICI,name_block,VICI 4.95 15-FEB-30,VICI 4.95 15-FEB-30,4.950
US925650AD55,VICI,name_block,VICI 5.125 15-MAY-32,VICI 5.125 15-MAY-32,5.125
US925650AE39,VICI,name_block,VICI 5.625 15-MAY-52,VICI 5.625 15-MAY-52,5.625
US92826CAE21,V,cusip6,VISA INC 4.15% 14Dec2035,VISA INC 4.15% 14Dec2035,4.150
US92826CAF95,V,cusip6,VISA INC 4.3% 14Dec2045,VISA INC 4.3% 14Dec2045,4.300
US92826CAH51,V,cusip6,VISA INC 2.75% 15Sep2027,VISA INC 2.75% 15Sep2027,2.750
US92826CAJ18,V,cusip6,VISA INC 3.65% 15Sep2047,VISA INC 3.65% 15Sep2047,3.650
US92826CAK80,V,cusip6,VISA INC,VISA INC 2.7% 15Apr2040,2.700
US92826CAL63,V,cusip6,VISA INC,VISA INC 1.9% 15Apr2027,1.900
US92826CAM47,V,cusip6,VISA INC,VISA INC 2.05% 15Apr2030,2.050
US92826CAN20,V,cusip6,VISA INC,VISA INC 1.1% 15Feb2031,1.100
US92826CAQ50,V,cusip6,VISA INC,VISA INC 2% 15Aug2050,2.000
US92840MAB81,VST,cusip6,VST 8,VST 8,
US92840VAE20,VST,name_block,Vistra Operations Co. 4.3% 15jul2029 USD,Vistra Operations Co. 4.3% 15jul2029 USD,4.300
US92840VAF94,VST,name_block,Vistra Operations Co. 5% 31jul2027 USD,Vistra Operations Co. 5% 31jul2027 USD,5.000
US92840VAG77,VST,name_block,VISTRA OPERATIONS CO LLC 3.7% 30Jan2027,VISTRA OPERATIONS CO LLC 3.7% 30Jan2027,3.700
US929160AG40,VMC,cusip6,VMC 7.15 30-NOV-37,VMC 7.15 30-NOV-37,7.150
US929160AT60,VMC,cusip6,VULCAN MATLS CO 3.9% 01Apr2027,VULCAN MATLS CO 3.9% 01Apr2027,3.900
US929160AV17,VMC,cusip6,VULCAN MATLS CO 4.5% 15Jun2047,VULCAN MATLS CO 4.5% 15Jun2047,4.500
US929160AY55,VMC,cusip6,VULCAN MATLS CO 4.7% 01Mar2048,VULCAN MATLS CO 4.7% 01Mar2048,4.700
US92939UAG13,WEC,cusip6,WEC 2.2 15-DEC-28,WEC 2.2 15-DEC-28,2.200
US931142BF98,WMT,cusip6,WALMART INC 7.55% 15Feb2030,WALMART INC 7.55% 15Feb2030,7.550
US931142CB75,WMT,cusip6,WALMART INC 5.25% 01Sep2035,WALMART INC 5.25% 01Sep2035,5.250
US931142CH46,WMT,cusip6,WALMART INC 5.875% 05Apr2027,WALMART INC 5.875% 05Apr2027,5.875
US931142CK74,WMT,cusip6,WALMART INC 6.5% 15Aug2037,WALMART INC 6.5% 15Aug2037,6.500
US931142CM31,WMT,cusip6,WALMART INC 6.2% 15Apr2038,WALMART INC 6.2% 15Apr2038,6.200
US931142CS01,WMT,cusip6,WALMART INC 5.625% 01Apr2040,WALMART INC 5.625% 01Apr2040,5.625
US931142CV30,WMT,cusip6,WALMART INC 4.875% 08Jul2040,WALMART INC 4.875% 08Jul2040,4.875
US931142CY78,WMT,cusip6,WALMART INC 5% 25Oct2040,WALMART INC 5% 25Oct2040,5.000
US931142DB66,WMT,cusip6,WALMART INC 5.625% 15Apr2041,WALMART INC 5.625% 15Apr2041,5.625
US931142DG53,WMT,cusip6,WALMART INC 4% 11Apr2043,WALMART INC 4% 11Apr2043,4.000
US931142DW04,WMT,cusip6,WALMART INC 3.625% 15Dec2047,WALMART INC 3.625% 15Dec2047,3.625
US931142EB57,WMT,cusip6,WALMART INC 3.95% 28Jun2038,WALMART INC 3.95% 28Jun2038,3.950
US931142EC31,WMT,cusip6,WALMART INC 4.05% 29Jun2048,WALMART INC 4.05% 29Jun2048,4.050
US931142EE96,WMT,cusip6,WALMART INC 3.7% 26Jun2028,WALMART INC 3.7% 26Jun2028,3.700
US931142EN95,WMT,cusip6,WALMART INC,WALMART INC 3.25% 08Jul2029,3.250
US931142EP44,WMT,cusip6,WALMART INC,WALMART INC 2.95% 24Sep2049,2.950
US931142ER00,WMT,cusip6,WMT 1.05 17-SEP-26,WMT 1.05 17-SEP-26,1.050
US931142ES82,WMT,cusip6,WMT 1.5 22-SEP-28,WMT 1.5 22-SEP-28,1.500
US931142EV12,WMT,cusip6,WMT 2.65 22-SEP-51,WMT 2.65 22-SEP-51,2.650
US931142EX77,WMT,cusip6,WMT 3.95 09-SEP-27,WMT 3.95 09-SEP-27,3.950
US931142EY50,WMT,cusip6,WMT 4.15 09-SEP-32,WMT 4.15 09-SEP-32,4.150
US931142EZ26,WMT,cusip6,WMT 4.5 09-SEP-52,WMT 4.5 09-SEP-52,4.500
US94106LAG41,WM,name_block,WASTE MGMT INC DEL 7.375% 15May2029,WASTE MGMT INC DEL 7.375% 15May2029,7.375
US94106LBB45,WM,name_block,WASTE MGMT INC DEL 3.9% 01Mar2035,WASTE MGMT INC DEL 3.9% 01Mar2035,3.900
US94106LBC28,WM,name_block,WASTE MGMT INC DEL 4.1% 01Mar2045,WASTE MGMT INC DEL 4.1% 01Mar2045,4.100
US94106LBE83,WM,name_block,WASTE MGMT INC DEL 3.15% 15Nov2027,WASTE MGMT INC DEL 3.15% 15Nov2027,3.150
US94106LBP31,WM,name_block,WASTE MANAGEMENT INC,WASTE MGMT INC DEL 1.5% 15Mar2031,1.500
US94106LBS79,WM,name_block,WM 4.15 15-APR-32,WM 4.15 15-APR-32,4.150
US94106LBT52,WM,name_block,WM 4.625 15-FEB-30,WM 4.625 15-FEB-30,4.625
US94106LBU26,WM,name_block,WM 4.625 15-FEB-33,WM 4.625 15-FEB-33,4.625
US949746JM44,WFC,name_block,WELLS FARGO & CO NEW 5.375% 07Feb2035,WELLS FARGO & CO NEW 5.375% 07Feb2035,5.375
US949746RF01,WFC,name_block,WELLS FARGO & CO NEW 5.606% 15Jan2044,WELLS FARGO & CO NEW 5.606% 15Jan2044,5.606
US949746SH57,WFC,name_block,WELLS FARGO & CO NEW 3% 23Oct2026,WELLS FARGO & CO NEW 3% 23Oct2026,3.000
US94974BFP04,WFC,name_block,WELLS FARGO & CO NEW MEDIUM TERM SR NTS 5.375% 02Nov2043,WELLS FARGO & CO NEW MEDIUM TERM SR NTS 5.375% 02Nov2043,5.375
US94974BGE48,WFC,name_block,WELLS FARGO & CO NEW MEDIUM TERM SR NTS 4.65% 04Nov2044,WELLS FARGO & CO NEW MEDIUM TERM SR NTS 4.65% 04Nov2044,4.650
US94974BGK08,WFC,name_block,WELLS FARGO & CO NEW MEDIUM TERM SR NTS 3.9% 01May2045,WELLS FARGO & CO NEW MEDIUM TERM SR NTS 3.9% 01May2045,3.900
US94974BGL80,WFC,name_block,WELLS FARGO & CO NEW MEDIUM TERM SR NTS 4.3% 22Jul2027,WELLS FARGO & CO NEW MEDIUM TERM SR NTS 4.3% 22Jul2027,4.300
US94974BGQ77,WFC,name_block,WELLS FARGO & CO NEW MEDIUM TERM SR NTS 4.9% 17Nov2045,WELLS FARGO & CO NEW MEDIUM TERM SR NTS 4.9% 17Nov2045,4.900
US94974BGT17,WFC,name_block,WELLS FARGO & CO NEW MEDIUM TERM SR NTS 4.4% 14Jun2046,WELLS FARGO & CO NEW MEDIUM TERM SR NTS 4.4% 14Jun2046,4.400
US94974BGU89,WFC,name_block,WELLS FARGO & CO NEW MEDIUM TERM SR NTS 4.75% 07Dec2046,WELLS FARGO & CO NEW MEDIUM TERM SR NTS 4.75% 07Dec2046,4.750
US94980VAG32,WFC,name_block,WELLS FARGO BK NATL ASSN 5.95% 26Aug2036,WELLS FARGO BK NATL ASSN 5.95% 26Aug2036,5.950
US95000U2D40,WFC,name_block,WELLS FARGO & CO MEDIUM TERM SR NTS BOOK 4.15% 24Jan2029,WELLS FARGO & CO MEDIUM TERM SR NTS BOOK 4.15% 24Jan2029,4.150
US95000U2G70,WFC,name_block,WELLS FARGO & COMPANY MTN,WELLS FARGO & COMPANY MTN,
US95000U2J10,WFC,name_block,WELLS FARGO & COMPANY MTN,WELLS FARGO & COMPANY MTN,
US95000U2L65,WFC,name_block,WELLS FARGO & COMPANY MTN,WELLS FARGO & COMPANY MTN,
US95000U2M49,WFC,name_block,WELLS FARGO & COMPANY MTN,WELLS FARGO & COMPANY MTN,
US95000U2Q52,WFC,name_block,WELLS FARGO & COMPANY MTN,WELLS FARGO & COMPANY MTN,
US95000U2S19,WFC,name_block,WELLS FARGO & COMPANY MTN,WELLS FARGO & COMPANY MTN,
US95000U2U64,WFC,name_block,WFC 3.35 02-MAR-33,WFC 3.35 02-MAR-33,3.350
US95000U2V48,WFC,name_block,WFC 3.526 24-MAR-28,WFC 3.526 24-MAR-28,3.526
US95040QAD60,WELL,name_block,WELLTOWER INC 4.25% 15Apr2028,WELLTOWER INC 4.25% 15Apr2028,4.250
US95040QAF19,WELL,name_block,WELLTOWER INC 4.95% 01Sep2048,WELLTOWER INC 4.95% 01Sep2048,4.950
US95040QAJ31,WELL,name_block,WELLTOWER INC,WELLTOWER INC 3.1% 15Jan2030,3.100
US95040QAM69,WELL,name_block,WELLTOWER INC,WELLTOWER INC 2.8% 01Jun2031,2.800
US95040QAN43,WELL,name_block,WELL 2.05 15-JAN-29,WELL 2.05 15-JAN-29,2.050
US95040QAR56,WELL,name_block,WELL 3.85 15-JUN-32,WELL 3.85 15-JUN-32,3.850
US960386AL46,WAB,cusip6,WESTINGHOUSE AIR BRAKE TECHNOLOGIES CORP 3.45% 15Nov2026,WESTINGHOUSE AIR BRAKE TECHNOLOGIES CORP 3.45% 15Nov2026,3.450
US962166AW45,WY,cusip6,WEYERHAEUSER CO 6.95% 01Oct2027,WEYERHAEUSER CO 6.95% 01Oct2027,6.950
US962166BR41,WY,cusip6,WEYERHAEUSER CO 7.375% 15Mar2032,WEYERHAEUSER CO 7.375% 15Mar2032,7.375
US962166BT07,WY,cusip6,WEYERHAEUSER CO 6.875% 15Dec2033,WEYERHAEUSER CO 6.875% 15Dec2033,6.875
US962166BX19,WY,cusip6,WEYERHAEUSER COMPANY,WEYERHAEUSER CO 4% 15Nov2029,4.000
US962166BY91,WY,cusip6,WEYERHAEUSER COMPANY,WEYERHAEUSER CO 4% 15Apr2030,4.000
US962166CA07,WY,cusip6,WY 3.375 09-MAR-33,WY 3.375 09-MAR-33,3.375
US962166CB89,WY,cusip6,WY 4 09-MAR-52,WY 4 09-MAR-52,4.000
US969457BB59,WMB,cusip6,WILLIAMS COS INC 7.5% 15Jan2031,WILLIAMS COS INC 7.5% 15Jan2031,7.500
US969457BD16,WMB,cusip6,WILLIAMS COS INC 7.75% 15Jun2031,WILLIAMS COS INC 7.75% 15Jun2031,7.750
US969457BM15,WMB,cusip6,WILLIAMS COS INC 8.75% 15Mar2032,WILLIAMS COS INC 8.75% 15Mar2032,8.750
US969457BV14,WMB,cusip6,WILLIAMS COS INC 5.75% 24Jun2044,WILLIAMS COS INC 5.75% 24Jun2044,5.750
US969457BX79,WMB,cusip6,WILLIAMS COMPANIES INC,WILLIAMS COS INC 3.5% 15Nov2030,3.500
US969457BY52,WMB,cusip6,WILLIAMS COMPANIES INC,WILLIAMS COS INC 2.6% 15Mar2031,2.600
US969457BZ28,WMB,cusip6,WMB 4.65 15-AUG-32,WMB 4.65 15-AUG-32,4.650
US969457CA67,WMB,cusip6,WMB 5.3 15-AUG-52,WMB 5.3 15-AUG-52,5.300
US969457CJ76,WMB,cusip6,WMB 5.65 15-MAR-33,WMB 5.65 15-MAR-33,5.650
US96949LAC90,WMB,name_block,WILLIAMS PARTNERS L P NEW 5.1% 15Sep2045,WILLIAMS PARTNERS L P NEW 5.1% 15Sep2045,5.100
US96949LAD73,WMB,name_block,WILLIAMS PARTNERS L P NEW 3.75% 15Jun2027,WILLIAMS PARTNERS L P NEW 3.75% 15Jun2027,3.750
US96949LAE56,WMB,name_block,WILLIAMS PARTNERS L P NEW 4.85% 01Mar2048,WILLIAMS PARTNERS L P NEW 4.85% 01Mar2048,4.850
US96950FAF18,WMB,name_block,WILLIAMS PARTNERS L P 6.3% 15Apr2040,WILLIAMS PARTNERS L P 6.3% 15Apr2040,6.300
US96950FAK03,WMB,name_block,WILLIAMS PARTNERS L P 5.8% 15Nov2043,WILLIAMS PARTNERS L P 5.8% 15Nov2043,5.800
US96950FAN42,WMB,name_block,WILLIAMS PARTNERS L P 5.4% 04Mar2044,WILLIAMS PARTNERS L P 5.4% 04Mar2044,5.400
US96950FAP99,WMB,name_block,WILLIAMS PARTNERS L P 4.9% 15Jan2045,WILLIAMS PARTNERS L P 4.9% 15Jan2045,4.900
US96950GAE26,WMB,name_block,WILLIAMS SCOTSMAN INTL INC 4.625% 15Aug2028,WILLIAMS SCOTSMAN INTL INC 4.625% 15Aug2028,4.625
US970648AG61,WTW,name_block,WILLIS NORTH AMER INC 4.5% 15Sep2028,WILLIS NORTH AMER INC 4.5% 15Sep2028,4.500
US970648AH45,WTW,name_block,WILLIS NORTH AMER INC 5.05% 15Sep2048,WILLIS NORTH AMER INC 5.05% 15Sep2048,5.050
US970648AJ01,WTW,name_block,WTW 2.95 15-SEP-29,WTW 2.95 15-SEP-29,2.950
US970648AK73,WTW,name_block,WTW 3.875 15-SEP-49,WTW 3.875 15-SEP-49,3.875
US970648AL56,WTW,name_block,WTW 4.65 15-JUN-27,WTW 4.65 15-JUN-27,4.650
US976826BE63,LNT,name_block,WISCONSIN PWR & LT CO 6.375% 15Aug2037,WISCONSIN PWR & LT CO 6.375% 15Aug2037,6.375
US976826BL07,LNT,name_block,WISCONSIN PWR & LT CO 3.05% 15Oct2027,WISCONSIN PWR & LT CO 3.05% 15Oct2027,3.050
US976826BP11,LNT,name_block,LNT 1.95 16-SEP-31,LNT 1.95 16-SEP-31,1.950
US976843BH44,WEC,name_block,WISCONSIN PUB SVC CORP 3.671% 01Dec2042,WISCONSIN PUB SVC CORP 3.671% 01Dec2042,3.671
US976843BN12,WEC,name_block,WEC 2.85 01-DEC-51,WEC 2.85 01-DEC-51,2.850
US98138HAH49,WDAY,cusip6,WDAY 3.7 01-APR-29,WDAY 3.7 01-APR-29,3.700
US98138HAJ05,WDAY,cusip6,WDAY 3.8 01-APR-32,WDAY 3.8 01-APR-32,3.800
US983130AX35,WYNN,name_block,Wynn Las Vegas 5.25% 15may2027 USD,WYNN LAS VEGAS LLC / WYNN LAS VEGAS CAP 5.25% 15May2027,5.250
US983133AA70,WYNN,name_block,WYNN RESORTS FIN LLC / WYNN RESORTS CAP 5.125% 01Oct2029,WYNN RESORTS FIN LLC / WYNN RESORTS CAP 5.125% 01Oct2029,5.125
US98388MAB37,XEL,name_block,XEL 1.75 15-MAR-27,XEL 1.75 15-MAR-27,1.750
US98388MAC10,XEL,name_block,XEL 2.35 15-NOV-31,XEL 2.35 15-NOV-31,2.350
US98388MAD92,XEL,name_block,XEL 4.6 01-JUN-32,XEL 4.6 01-JUN-32,4.600
US98389BAH33,XEL,cusip6,XCEL ENERGY INC 6.5% 01Jul2036,XCEL ENERGY INC 6.5% 01Jul2036,6.500
US98389BAN01,XEL,cusip6,XCEL ENERGY INC 4.8% 15Sep2041,XCEL ENERGY INC 4.8% 15Sep2041,4.800
US98389BAU44,XEL,cusip6,XCEL ENERGY INC 3.35% 01Dec2026,XCEL ENERGY INC 3.35% 01Dec2026,3.350
US98389BAV27,XEL,cusip6,XCEL ENERGY INC 4% 15Jun2028,XCEL ENERGY INC 4% 15Jun2028,4.000
US98419MAJ99,XYL,cusip6,XYLEM INC 3.25% 01Nov2026,XYLEM INC 3.25% 01Nov2026,3.250
US988498AD34,YUM,name_block,Yum! Brands 6.875% 15nov2037 USD,YUM BRANDS INC 6.875% 15Nov2037,6.875
US988498AK76,YUM,name_block,Yum! Brands 5.35% 1nov2043 USD,YUM BRANDS INC 5.35% 01Nov2043,5.350
US988498AL59,YUM,name_block,Yum! Brands 4.75% 15jan2030 USD,YUM BRANDS INC 4.75% 15Jan2030,4.750
US988498AN16,YUM,name_block,YUM BRANDS INC 3.625% 15Mar2031,YUM BRANDS INC 3.625% 15Mar2031,3.625
US98956PAG72,ZBH,cusip6,ZIMMER BIOMET HLDGS INC 4.25% 15Aug2035,ZIMMER BIOMET HLDGS INC 4.25% 15Aug2035,4.250
US98956PAH55,ZBH,cusip6,ZIMMER BIOMET HLDGS INC 4.45% 15Aug2045,ZIMMER BIOMET HLDGS INC 4.45% 15Aug2045,4.450
US98956PAT93,ZBH,cusip6,ZIMMER BIOMET HOLDINGS INC,ZIMMER BIOMET HLDGS INC 3.55% 20Mar2030,3.550
US98956PAV40,ZBH,cusip6,ZBH 2.6 24-NOV-31,ZBH 2.6 24-NOV-31,2.600
US98978VAH69,ZTS,cusip6,ZOETIS INC 4.7% 01Feb2043,ZOETIS INC 4.7% 01Feb2043,4.700
US98978VAL71,ZTS,cusip6,ZOETIS INC 3% 12Sep2027,ZOETIS INC 3% 12Sep2027,3.000
US98978VAM54,ZTS,cusip6,ZOETIS INC 3.95% 12Sep2047,ZOETIS INC 3.95% 12Sep2047,3.950
US98978VAN38,ZTS,cusip6,ZOETIS INC 3.9% 20Aug2028,ZOETIS INC 3.9% 20Aug2028,3.900
US98978VAP85,ZTS,cusip6,ZOETIS INC 4.45% 20Aug2048,ZOETIS INC 4.45% 20Aug2048,4.450
US98978VAS25,ZTS,cusip6,Zoetis Inc. 2% 20/30,ZOETIS INC 2% 15May2030,2.000
US98978VAV53,ZTS,cusip6,ZTS 5.6 16-NOV-32,ZTS 5.6 16-NOV-32,5.600
USP0608AAB28,AES,name_block,AES 4.375 31-MAY-30,AES 4.375 31-MAY-30,4.375
USP2121VAM65,CCL,name_block,CCL 4 01-AUG-28,CARNIVAL CORPORATION 4 BOND.2021-01.08.2028,4.000
USU0925BAK09,BX,name_block,BX 6.2 22-APR-33,BX 6.2 22-APR-33,6.200
USU12501AV13,CHTR,name_block,CHTR 5 01-FEB-28,CHTR 5 01-FEB-28,5.000
USU12501BH10,CHTR,name_block,CHTR 4.25 01-FEB-31,CHTR 4.25 01-FEB-31,4.250
USU19328AA89,COIN,name_block,Coinbase Global Inc,Coinbase Global Inc,
USU23888AE71,DVA,name_block,DVA 4.625 01-JUN-30,DVA 4.625 01-JUN-30,4.625
USU23888AF47,DVA,name_block,DVA 3.75 15-FEB-31,DVA 3.75 15-FEB-31,3.750
USU33791AB79,IT,name_block,IT 4.5 01-JUL-28,IT 4.5 01-JUL-28,4.500
USU33791AC52,IT,name_block,IT 3.75 01-OCT-30,IT 3.75 01-OCT-30,3.750
USU33791AD36,IT,name_block,IT 3.625 15-JUN-29,IT 3.625 15-JUN-29,3.625
USU4328RAH76,HLT,name_block,HLT 3.625 15-FEB-32,HLT 3.625 15-FEB-32,3.625
USU45064AA74,COHR,name_block,COHR 5 15-DEC-29,COHR 5 15-DEC-29,5.000
USU46009AG82,IRM,name_block,IRM 4.875 15-SEP-29,IRM 4.875 15-SEP-29,4.875
USU46009AJ22,IRM,name_block,IRM 5.25 15-JUL-30,IRM 5.25 15-JUL-30,5.250
USU46009AL77,IRM,name_block,IRM 4.5 15-FEB-31,IRM 4.5 15-FEB-31,4.500
USU46093AA51,IQV,name_block,IQV 5 15-MAY-27,IQV 5 15-MAY-27,5.000
USU4866DAC75,YUM,name_block,YUM 4.75 01-JUN-27,YUM 4.75 01-JUN-27,4.750
USU53897AH41,LYV,name_block,LYV 6.5 15-MAY-27,LYV 6.5 15-MAY-27,6.500
USU53897AJ07,LYV,name_block,LYV 3.75 15-JAN-28,LYV 3.75 15-JAN-28,3.750
USU5521TAE20,MSCI,name_block,MSCI 4 15-NOV-29,MSCI 4 15-NOV-29,4.000
USU5521TAG77,MSCI,name_block,MSCI 3.625 01-SEP-30,MSCI 3.625 01-SEP-30,3.625
USU66962AS73,NRG,name_block,NRG 4.45 15-JUN-29,NRG 4.45 15-JUN-29,4.450
USU66962AW85,NRG,name_block,NRG 3.625 15-FEB-31,NRG 3.625 15-FEB-31,3.625
USU74079AN15,NFLX,name_block,NFLX 5.375 15-NOV-29,NFLX 5.375 15-NOV-29,5.375
USU74079AQ46,NFLX,name_block,NFLX 4.875 15-JUN-30,NFLX 4.875 15-JUN-30,4.875
USU8066LAP95,SLB,name_block,Schlumberger Holdings Corp Jun 2030,Schlumberger Holdings Corp Jun 2030,
USU9094LAD02,UAL,name_block,UAL 4.625 15-APR-29,UAL 4.625 15-APR-29,4.625
USU9222UAB99,VRT,name_block,VRT 4.125 15-NOV-28,VRT 4.125 15-NOV-28,4.125
USU9226VAD92,VST,name_block,VST 4.3 15-JUL-29,VST 4.3 15-JUL-29,4.300
USU9226VAE75,VST,name_block,VST 5 31-JUL-27,VST 5 31-JUL-27,5.000
USU9598QAA68,NWSA,name_block,NWSA 3.875 15-MAY-29,NWSA 3.875 15-MAY-29,3.875
USU9T71RAB76,YUM,name_block,YUM 4.75 15-JAN-30,YUM 4.75 15-JAN-30,4.750
USV7780TAE39,RCL,cusip6,RCL 5.5 01-APR-28,RCL 5.5 01-APR-28,5.500
