date,sector,industry,ratio,n_firms
2005-01-31,Basic Materials,Specialty Chemicals,1.2024,7
2005-02-28,Basic Materials,Specialty Chemicals,1.1943,7
2005-03-31,Basic Materials,Specialty Chemicals,1.1923,7
2005-04-29,Basic Materials,Specialty Chemicals,1.2112,7
2005-05-31,Basic Materials,Specialty Chemicals,1.1920,7
2005-06-30,Basic Materials,Specialty Chemicals,1.1863,7
2005-07-29,Basic Materials,Specialty Chemicals,1.1866,7
2005-08-31,Basic Materials,Specialty Chemicals,1.1888,7
2005-09-30,Basic Materials,Specialty Chemicals,1.1975,7
2005-10-31,Basic Materials,Specialty Chemicals,1.2288,7
2005-11-30,Basic Materials,Specialty Chemicals,1.2251,7
2005-12-30,Basic Materials,Specialty Chemicals,1.2543,7
2006-01-31,Basic Materials,Specialty Chemicals,1.2772,7
2006-02-28,Basic Materials,Specialty Chemicals,1.2814,7
2006-03-31,Basic Materials,Specialty Chemicals,1.2563,7
2006-04-28,Basic Materials,Specialty Chemicals,1.2520,7
2006-05-31,Basic Materials,Specialty Chemicals,1.2890,7
2006-06-30,Basic Materials,Specialty Chemicals,1.3023,7
2006-07-31,Basic Materials,Specialty Chemicals,1.2964,7
2006-08-31,Basic Materials,Specialty Chemicals,1.2155,7
2006-09-29,Basic Materials,Specialty Chemicals,1.2066,7
2006-10-31,Basic Materials,Specialty Chemicals,1.2050,7
2006-11-30,Basic Materials,Specialty Chemicals,1.1974,7
2006-12-29,Basic Materials,Specialty Chemicals,1.1912,7
2007-01-31,Basic Materials,Specialty Chemicals,1.1441,7
2007-02-28,Basic Materials,Specialty Chemicals,1.1341,7
2007-03-30,Basic Materials,Specialty Chemicals,1.1284,7
2007-04-30,Basic Materials,Specialty Chemicals,1.1070,7
2007-05-31,Basic Materials,Specialty Chemicals,1.0468,7
2007-06-29,Basic Materials,Specialty Chemicals,1.0479,7
2007-07-31,Basic Materials,Specialty Chemicals,1.0626,7
2007-08-31,Basic Materials,Specialty Chemicals,1.0716,7
2007-09-28,Basic Materials,Specialty Chemicals,1.0579,7
2007-10-31,Basic Materials,Specialty Chemicals,1.0536,7
2007-11-30,Basic Materials,Specialty Chemicals,1.0781,7
2007-12-31,Basic Materials,Specialty Chemicals,1.0989,7
2008-01-31,Basic Materials,Specialty Chemicals,1.0756,7
2008-02-29,Basic Materials,Specialty Chemicals,1.0173,7
2008-03-31,Basic Materials,Specialty Chemicals,1.0213,7
2008-04-30,Basic Materials,Specialty Chemicals,0.9868,7
2008-05-30,Basic Materials,Specialty Chemicals,0.9940,7
2008-06-30,Basic Materials,Specialty Chemicals,0.9894,7
2008-07-31,Basic Materials,Specialty Chemicals,0.9759,7
2008-08-29,Basic Materials,Specialty Chemicals,0.9770,7
2008-09-30,Basic Materials,Specialty Chemicals,0.9830,7
2008-10-31,Basic Materials,Specialty Chemicals,0.9559,7
2008-11-28,Basic Materials,Specialty Chemicals,0.9510,7
2008-12-31,Basic Materials,Specialty Chemicals,0.8677,7
2009-01-30,Basic Materials,Specialty Chemicals,0.9469,7
2009-02-27,Basic Materials,Specialty Chemicals,0.9802,7
2009-03-31,Basic Materials,Specialty Chemicals,0.9946,7
2009-04-30,Basic Materials,Specialty Chemicals,1.0059,7
2009-05-29,Basic Materials,Specialty Chemicals,0.9985,7
2009-06-30,Basic Materials,Specialty Chemicals,1.0037,7
2009-07-31,Basic Materials,Specialty Chemicals,1.0101,7
2009-08-31,Basic Materials,Specialty Chemicals,1.0200,7
2009-09-30,Basic Materials,Specialty Chemicals,1.0274,7
2009-10-30,Basic Materials,Specialty Chemicals,1.0355,7
2009-11-30,Basic Materials,Specialty Chemicals,1.0291,7
2009-12-31,Basic Materials,Specialty Chemicals,1.0744,7
2010-01-29,Basic Materials,Specialty Chemicals,1.0657,7
2010-02-26,Basic Materials,Specialty Chemicals,1.0845,7
2010-03-31,Basic Materials,Specialty Chemicals,1.0844,7
2010-04-30,Basic Materials,Specialty Chemicals,1.0611,7
2010-05-28,Basic Materials,Specialty Chemicals,1.0716,7
2010-06-30,Basic Materials,Specialty Chemicals,1.0822,7
2010-07-30,Basic Materials,Specialty Chemicals,1.0697,7
2010-08-31,Basic Materials,Specialty Chemicals,1.0479,7
2010-09-30,Basic Materials,Specialty Chemicals,1.0286,7
2010-10-29,Basic Materials,Specialty Chemicals,1.0208,7
2010-11-30,Basic Materials,Specialty Chemicals,1.0230,7
2010-12-31,Basic Materials,Specialty Chemicals,1.0633,7
2011-01-31,Basic Materials,Specialty Chemicals,1.0287,7
2011-02-28,Basic Materials,Specialty Chemicals,1.0209,7
2011-03-31,Basic Materials,Specialty Chemicals,1.0111,7
2011-04-29,Basic Materials,Specialty Chemicals,0.9963,7
2011-05-31,Basic Materials,Specialty Chemicals,1.0082,7
2011-06-30,Basic Materials,Specialty Chemicals,1.0088,7
2011-07-29,Basic Materials,Specialty Chemicals,1.0153,7
2011-08-31,Basic Materials,Specialty Chemicals,0.9946,7
2011-09-30,Basic Materials,Specialty Chemicals,0.9787,7
2011-10-31,Basic Materials,Specialty Chemicals,0.9883,7
2011-11-30,Basic Materials,Specialty Chemicals,1.0140,7
2011-12-30,Basic Materials,Specialty Chemicals,1.0525,7
2012-01-31,Basic Materials,Specialty Chemicals,1.0520,7
2012-02-29,Basic Materials,Specialty Chemicals,1.0588,7
2012-03-30,Basic Materials,Specialty Chemicals,1.0637,7
2012-04-30,Basic Materials,Specialty Chemicals,1.0685,7
2012-05-31,Basic Materials,Specialty Chemicals,1.0605,7
2012-06-29,Basic Materials,Specialty Chemicals,1.0554,7
2012-07-31,Basic Materials,Specialty Chemicals,1.0514,7
2012-08-31,Basic Materials,Specialty Chemicals,1.0630,7
2012-09-28,Basic Materials,Specialty Chemicals,1.0752,7
2012-10-31,Basic Materials,Specialty Chemicals,1.0861,7
2012-11-30,Basic Materials,Specialty Chemicals,1.0897,7
2012-12-31,Basic Materials,Specialty Chemicals,1.0578,7
2013-01-31,Basic Materials,Specialty Chemicals,1.0651,8
2013-02-28,Basic Materials,Specialty Chemicals,1.0407,8
2013-03-28,Basic Materials,Specialty Chemicals,1.0250,8
2013-04-30,Basic Materials,Specialty Chemicals,1.0210,8
2013-05-31,Basic Materials,Specialty Chemicals,1.0372,8
2013-06-28,Basic Materials,Specialty Chemicals,1.0474,8
2013-07-31,Basic Materials,Specialty Chemicals,1.0611,8
2013-08-30,Basic Materials,Specialty Chemicals,1.0538,8
2013-09-30,Basic Materials,Specialty Chemicals,1.0447,8
2013-10-31,Basic Materials,Specialty Chemicals,1.0439,8
2013-11-29,Basic Materials,Specialty Chemicals,1.0385,8
2013-12-31,Basic Materials,Specialty Chemicals,1.0223,8
2014-01-31,Basic Materials,Specialty Chemicals,1.0363,8
2014-02-28,Basic Materials,Specialty Chemicals,1.0454,8
2014-03-31,Basic Materials,Specialty Chemicals,1.0615,8
2014-04-30,Basic Materials,Specialty Chemicals,1.1039,8
2014-05-30,Basic Materials,Specialty Chemicals,1.1043,8
2014-06-30,Basic Materials,Specialty Chemicals,1.1113,8
2014-07-31,Basic Materials,Specialty Chemicals,1.0738,8
2014-08-29,Basic Materials,Specialty Chemicals,1.0425,8
2014-09-30,Basic Materials,Specialty Chemicals,1.0288,8
2014-10-31,Basic Materials,Specialty Chemicals,1.0104,8
2014-11-28,Basic Materials,Specialty Chemicals,1.0064,8
2014-12-31,Basic Materials,Specialty Chemicals,1.0223,8
2015-01-30,Basic Materials,Specialty Chemicals,1.0811,8
2015-02-27,Basic Materials,Specialty Chemicals,1.1194,8
2015-03-31,Basic Materials,Specialty Chemicals,1.1296,8
2015-04-30,Basic Materials,Specialty Chemicals,1.1218,8
2015-05-29,Basic Materials,Specialty Chemicals,1.1157,8
2015-06-30,Basic Materials,Specialty Chemicals,1.1073,8
2015-07-31,Basic Materials,Specialty Chemicals,1.1148,8
2015-08-31,Basic Materials,Specialty Chemicals,1.1192,8
2015-09-30,Basic Materials,Specialty Chemicals,1.1269,8
2015-10-30,Basic Materials,Specialty Chemicals,1.1327,8
2015-11-30,Basic Materials,Specialty Chemicals,1.0731,8
2015-12-31,Basic Materials,Specialty Chemicals,1.0835,8
2016-01-29,Basic Materials,Specialty Chemicals,1.0469,8
2016-02-29,Basic Materials,Specialty Chemicals,1.0283,8
2016-03-31,Basic Materials,Specialty Chemicals,1.0152,8
2016-04-29,Basic Materials,Specialty Chemicals,1.0068,8
2016-05-31,Basic Materials,Specialty Chemicals,1.0375,8
2016-06-30,Basic Materials,Specialty Chemicals,1.0520,8
2016-07-29,Basic Materials,Specialty Chemicals,1.0566,9
2016-08-31,Basic Materials,Specialty Chemicals,1.0572,9
2016-09-30,Basic Materials,Specialty Chemicals,1.0622,9
2016-10-31,Basic Materials,Specialty Chemicals,1.0685,9
2016-11-30,Basic Materials,Specialty Chemicals,1.0990,9
2016-12-30,Basic Materials,Specialty Chemicals,1.0959,9
2017-01-31,Basic Materials,Specialty Chemicals,1.1223,9
2017-02-28,Basic Materials,Specialty Chemicals,1.1176,9
2017-03-31,Basic Materials,Specialty Chemicals,1.1055,9
2017-04-28,Basic Materials,Specialty Chemicals,1.1453,9
2017-05-31,Basic Materials,Specialty Chemicals,1.1301,9
2017-06-30,Basic Materials,Specialty Chemicals,1.1233,9
2017-07-31,Basic Materials,Specialty Chemicals,1.1456,9
2017-08-31,Basic Materials,Specialty Chemicals,1.1303,9
2017-09-29,Basic Materials,Specialty Chemicals,1.0962,9
2017-10-31,Basic Materials,Specialty Chemicals,1.0812,9
2017-11-30,Basic Materials,Specialty Chemicals,1.0834,9
2017-12-29,Basic Materials,Specialty Chemicals,1.0660,9
2018-01-31,Basic Materials,Specialty Chemicals,0.9975,9
2018-02-28,Basic Materials,Specialty Chemicals,1.0102,9
2018-03-29,Basic Materials,Specialty Chemicals,1.0142,9
2018-04-30,Basic Materials,Specialty Chemicals,1.0263,9
2018-05-31,Basic Materials,Specialty Chemicals,0.9327,9
2018-06-29,Basic Materials,Specialty Chemicals,0.8778,9
2018-07-31,Basic Materials,Specialty Chemicals,0.8842,9
2018-08-31,Basic Materials,Specialty Chemicals,0.8948,9
2018-09-28,Basic Materials,Specialty Chemicals,0.8839,9
2018-10-31,Basic Materials,Specialty Chemicals,0.8805,9
2018-11-30,Basic Materials,Specialty Chemicals,0.8791,9
2018-12-31,Basic Materials,Specialty Chemicals,0.8680,9
2019-01-31,Basic Materials,Specialty Chemicals,0.7813,9
2019-02-28,Basic Materials,Specialty Chemicals,0.7626,9
2019-03-29,Basic Materials,Specialty Chemicals,0.7439,9
2019-04-30,Basic Materials,Specialty Chemicals,0.7452,10
2019-05-31,Basic Materials,Specialty Chemicals,0.7424,10
2019-06-28,Basic Materials,Specialty Chemicals,0.7526,10
2019-07-31,Basic Materials,Specialty Chemicals,0.7426,10
2019-08-30,Basic Materials,Specialty Chemicals,0.7437,10
2019-09-30,Basic Materials,Specialty Chemicals,0.7461,10
2019-10-31,Basic Materials,Specialty Chemicals,0.7421,10
2019-11-29,Basic Materials,Specialty Chemicals,0.7462,10
2019-12-31,Basic Materials,Specialty Chemicals,0.7639,10
2020-01-31,Basic Materials,Specialty Chemicals,0.7928,10
2020-02-28,Basic Materials,Specialty Chemicals,0.8108,10
2020-03-31,Basic Materials,Specialty Chemicals,0.8353,10
2020-04-30,Basic Materials,Specialty Chemicals,0.8622,10
2020-05-29,Basic Materials,Specialty Chemicals,0.8604,10
2020-06-30,Basic Materials,Specialty Chemicals,1.0487,10
2020-07-31,Basic Materials,Specialty Chemicals,1.0594,10
2020-08-31,Basic Materials,Specialty Chemicals,1.0691,10
2020-09-30,Basic Materials,Specialty Chemicals,1.0816,10
2020-10-30,Basic Materials,Specialty Chemicals,1.0790,10
2020-11-30,Basic Materials,Specialty Chemicals,1.0679,10
2020-12-31,Basic Materials,Specialty Chemicals,1.0492,10
2021-01-29,Basic Materials,Specialty Chemicals,1.0500,10
2021-02-26,Basic Materials,Specialty Chemicals,1.0535,10
2021-03-31,Basic Materials,Specialty Chemicals,1.0686,10
2021-04-30,Basic Materials,Specialty Chemicals,1.0582,10
2021-05-28,Basic Materials,Specialty Chemicals,1.0626,10
2021-06-30,Basic Materials,Specialty Chemicals,0.9804,10
2021-07-30,Basic Materials,Specialty Chemicals,0.9676,10
2021-08-31,Basic Materials,Specialty Chemicals,0.9536,10
2021-09-30,Basic Materials,Specialty Chemicals,0.9259,10
2021-10-29,Basic Materials,Specialty Chemicals,0.9338,10
2021-11-30,Basic Materials,Specialty Chemicals,0.9511,10
2021-12-31,Basic Materials,Specialty Chemicals,0.9525,10
2022-01-31,Basic Materials,Specialty Chemicals,0.9650,10
2022-02-28,Basic Materials,Specialty Chemicals,0.9372,10
2022-03-31,Basic Materials,Specialty Chemicals,0.9367,10
2022-04-29,Basic Materials,Specialty Chemicals,0.9111,10
2022-05-31,Basic Materials,Specialty Chemicals,0.9373,10
2022-06-30,Basic Materials,Specialty Chemicals,0.8766,10
2022-07-29,Basic Materials,Specialty Chemicals,0.8042,10
2022-08-31,Basic Materials,Specialty Chemicals,0.7724,10
2022-09-30,Basic Materials,Specialty Chemicals,0.7719,10
2022-10-31,Basic Materials,Specialty Chemicals,0.7668,10
2022-11-30,Basic Materials,Specialty Chemicals,0.7805,10
2022-12-30,Basic Materials,Specialty Chemicals,0.7954,10
2023-01-31,Basic Materials,Specialty Chemicals,0.8085,10
2023-02-28,Basic Materials,Specialty Chemicals,0.8179,10
2023-03-31,Basic Materials,Specialty Chemicals,0.8130,10
2023-04-28,Basic Materials,Specialty Chemicals,0.8297,10
2023-05-31,Basic Materials,Specialty Chemicals,0.8336,10
2023-06-30,Basic Materials,Specialty Chemicals,0.8473,10
2023-07-31,Basic Materials,Specialty Chemicals,0.8732,10
2023-08-31,Basic Materials,Specialty Chemicals,0.9000,10
2023-09-29,Basic Materials,Specialty Chemicals,0.9113,10
2023-10-31,Basic Materials,Specialty Chemicals,0.9205,10
2023-11-30,Basic Materials,Specialty Chemicals,0.9197,10
2023-12-29,Basic Materials,Specialty Chemicals,0.9230,10
2024-01-31,Basic Materials,Specialty Chemicals,0.9258,10
2024-02-29,Basic Materials,Specialty Chemicals,0.9375,10
2024-03-28,Basic Materials,Specialty Chemicals,0.9394,10
2024-04-30,Basic Materials,Specialty Chemicals,0.9290,10
2024-05-31,Basic Materials,Specialty Chemicals,0.9317,10
2024-06-28,Basic Materials,Specialty Chemicals,0.8911,10
2024-07-31,Basic Materials,Specialty Chemicals,0.8764,10
2024-08-30,Basic Materials,Specialty Chemicals,0.8926,10
2024-09-30,Basic Materials,Specialty Chemicals,0.8841,10
2024-10-31,Basic Materials,Specialty Chemicals,0.8735,10
2024-11-29,Basic Materials,Specialty Chemicals,0.8703,10
2024-12-31,Basic Materials,Specialty Chemicals,0.8614,10
2025-01-31,Basic Materials,Specialty Chemicals,0.8614,10
2025-02-28,Basic Materials,Specialty Chemicals,0.8483,10
2025-03-31,Basic Materials,Specialty Chemicals,0.8519,10
2025-04-30,Basic Materials,Specialty Chemicals,0.8562,10
2025-05-30,Basic Materials,Specialty Chemicals,0.8455,10
2025-06-30,Basic Materials,Specialty Chemicals,0.8115,10
2025-07-31,Basic Materials,Specialty Chemicals,0.8721,10
2025-08-29,Basic Materials,Specialty Chemicals,0.8866,10
2025-09-30,Basic Materials,Specialty Chemicals,0.9017,10
2025-10-31,Basic Materials,Specialty Chemicals,0.9163,11
2025-11-28,Basic Materials,Specialty Chemicals,0.9302,10
2025-12-31,Basic Materials,Specialty Chemicals,0.9394,9
2026-01-30,Basic Materials,Specialty Chemicals,0.9406,9
2026-02-27,Basic Materials,Specialty Chemicals,0.9366,9
2026-03-31,Basic Materials,Specialty Chemicals,0.9593,9
2026-04-30,Basic Materials,Specialty Chemicals,0.9687,9
2026-05-29,Basic Materials,Specialty Chemicals,0.9822,9
2026-06-30,Basic Materials,Specialty Chemicals,1.0031,9
2026-07-31,Basic Materials,Specialty Chemicals,1.0702,9
2026-08-12,Basic Materials,Specialty Chemicals,1.0726,9
2015-09-30,Communication Services,Entertainment,2.5952,6
2015-10-30,Communication Services,Entertainment,2.5636,6
2015-11-30,Communication Services,Entertainment,2.3947,6
2015-12-31,Communication Services,Entertainment,2.3360,6
2016-01-29,Communication Services,Entertainment,2.0516,6
2016-02-29,Communication Services,Entertainment,2.0487,6
2016-03-31,Communication Services,Entertainment,2.0183,6
2016-04-29,Communication Services,Entertainment,1.9652,6
2016-05-31,Communication Services,Entertainment,1.9730,6
2016-06-30,Communication Services,Entertainment,1.9566,6
2016-07-29,Communication Services,Entertainment,1.9677,6
2016-08-31,Communication Services,Entertainment,1.9609,6
2016-09-30,Communication Services,Entertainment,1.9224,6
2016-10-31,Communication Services,Entertainment,1.9895,6
2016-11-30,Communication Services,Entertainment,2.0287,6
2016-12-30,Communication Services,Entertainment,2.0497,6
2017-01-31,Communication Services,Entertainment,1.9385,6
2017-02-28,Communication Services,Entertainment,1.9000,6
2017-03-31,Communication Services,Entertainment,1.9107,6
2017-04-28,Communication Services,Entertainment,1.9385,6
2017-05-31,Communication Services,Entertainment,1.9375,6
2017-06-30,Communication Services,Entertainment,1.9362,6
2017-07-31,Communication Services,Entertainment,1.8853,6
2017-08-31,Communication Services,Entertainment,1.8364,6
2017-09-29,Communication Services,Entertainment,1.8551,6
2017-10-31,Communication Services,Entertainment,1.7471,6
2017-11-30,Communication Services,Entertainment,1.7370,6
2017-12-29,Communication Services,Entertainment,1.7789,6
2018-01-31,Communication Services,Entertainment,1.7500,6
2018-02-28,Communication Services,Entertainment,1.7792,6
2018-03-29,Communication Services,Entertainment,1.7886,6
2018-04-30,Communication Services,Entertainment,1.8616,6
2018-05-31,Communication Services,Entertainment,1.6307,6
2018-06-29,Communication Services,Entertainment,1.5978,6
2018-07-31,Communication Services,Entertainment,1.5333,6
2018-08-31,Communication Services,Entertainment,1.5298,6
2018-09-28,Communication Services,Entertainment,1.5883,6
2018-10-31,Communication Services,Entertainment,1.6032,6
2018-11-30,Communication Services,Entertainment,1.6618,6
2018-12-31,Communication Services,Entertainment,1.6687,6
2019-01-31,Communication Services,Entertainment,1.6640,6
2019-02-28,Communication Services,Entertainment,1.6450,6
2019-03-29,Communication Services,Entertainment,1.6067,8
2019-04-30,Communication Services,Entertainment,1.5830,8
2019-05-31,Communication Services,Entertainment,1.6111,8
2019-06-28,Communication Services,Entertainment,1.6206,8
2019-07-31,Communication Services,Entertainment,1.6248,8
2019-08-30,Communication Services,Entertainment,1.5992,8
2019-09-30,Communication Services,Entertainment,1.5778,8
2019-10-31,Communication Services,Entertainment,1.5871,8
2019-11-29,Communication Services,Entertainment,1.5408,8
2019-12-31,Communication Services,Entertainment,1.5404,9
2020-01-31,Communication Services,Entertainment,1.5430,9
2020-02-28,Communication Services,Entertainment,1.5670,9
2020-03-31,Communication Services,Entertainment,1.6162,9
2020-04-30,Communication Services,Entertainment,1.6264,9
2020-05-29,Communication Services,Entertainment,1.4989,9
2020-06-30,Communication Services,Entertainment,1.2525,9
2020-07-31,Communication Services,Entertainment,1.2383,9
2020-08-31,Communication Services,Entertainment,1.2378,9
2020-09-30,Communication Services,Entertainment,1.2176,9
2020-10-30,Communication Services,Entertainment,1.2093,9
2020-11-30,Communication Services,Entertainment,1.2089,9
2020-12-31,Communication Services,Entertainment,1.1936,9
2021-01-29,Communication Services,Entertainment,1.1745,9
2021-02-26,Communication Services,Entertainment,1.1782,9
2021-03-31,Communication Services,Entertainment,1.1852,9
2021-04-30,Communication Services,Entertainment,1.1876,9
2021-05-28,Communication Services,Entertainment,1.2027,9
2021-06-30,Communication Services,Entertainment,1.2794,9
2021-07-30,Communication Services,Entertainment,1.3033,9
2021-08-31,Communication Services,Entertainment,1.2957,9
2021-09-30,Communication Services,Entertainment,1.3112,9
2021-10-29,Communication Services,Entertainment,1.2732,9
2021-11-30,Communication Services,Entertainment,1.2864,9
2021-12-31,Communication Services,Entertainment,1.2813,9
2022-01-31,Communication Services,Entertainment,1.2634,9
2022-02-28,Communication Services,Entertainment,1.2470,9
2022-03-31,Communication Services,Entertainment,1.2158,9
2022-04-29,Communication Services,Entertainment,1.5618,9
2022-05-31,Communication Services,Entertainment,1.5688,9
2022-06-30,Communication Services,Entertainment,1.6624,9
2022-07-29,Communication Services,Entertainment,2.1363,9
2022-08-31,Communication Services,Entertainment,2.0574,9
2022-09-30,Communication Services,Entertainment,2.0191,9
2022-10-31,Communication Services,Entertainment,2.0193,9
2022-11-30,Communication Services,Entertainment,2.0252,9
2022-12-30,Communication Services,Entertainment,2.0250,9
2023-01-31,Communication Services,Entertainment,2.0511,9
2023-02-28,Communication Services,Entertainment,2.0520,9
2023-03-31,Communication Services,Entertainment,2.0782,9
2023-04-28,Communication Services,Entertainment,1.9894,9
2023-05-31,Communication Services,Entertainment,2.0262,9
2023-06-30,Communication Services,Entertainment,2.0735,9
2023-07-31,Communication Services,Entertainment,1.8304,9
2023-08-31,Communication Services,Entertainment,1.8786,9
2023-09-29,Communication Services,Entertainment,1.9236,9
2023-10-31,Communication Services,Entertainment,1.9669,9
2023-11-30,Communication Services,Entertainment,1.9894,9
2023-12-29,Communication Services,Entertainment,2.0168,9
2024-01-31,Communication Services,Entertainment,2.0125,9
2024-02-29,Communication Services,Entertainment,2.0173,9
2024-03-28,Communication Services,Entertainment,2.0033,9
2024-04-30,Communication Services,Entertainment,1.9325,9
2024-05-31,Communication Services,Entertainment,1.9521,9
2024-06-28,Communication Services,Entertainment,1.9425,9
2024-07-31,Communication Services,Entertainment,1.7156,9
2024-08-30,Communication Services,Entertainment,1.7200,9
2024-09-30,Communication Services,Entertainment,1.7344,9
2024-10-31,Communication Services,Entertainment,1.6128,9
2024-11-29,Communication Services,Entertainment,1.5952,9
2024-12-31,Communication Services,Entertainment,1.5991,9
2025-01-31,Communication Services,Entertainment,1.5979,9
2025-02-28,Communication Services,Entertainment,1.6160,9
2025-03-31,Communication Services,Entertainment,1.5690,10
2025-04-30,Communication Services,Entertainment,1.5808,10
2025-05-30,Communication Services,Entertainment,1.5968,10
2025-06-30,Communication Services,Entertainment,1.6891,10
2025-07-31,Communication Services,Entertainment,1.5042,10
2025-08-29,Communication Services,Entertainment,1.5134,10
2025-09-30,Communication Services,Entertainment,1.5237,10
2025-10-31,Communication Services,Entertainment,1.5774,10
2025-11-28,Communication Services,Entertainment,1.5815,10
2025-12-31,Communication Services,Entertainment,1.5939,10
2026-01-30,Communication Services,Entertainment,1.6813,10
2026-02-27,Communication Services,Entertainment,1.6709,10
2026-03-31,Communication Services,Entertainment,1.6759,10
2026-04-30,Communication Services,Entertainment,1.6412,10
2026-05-29,Communication Services,Entertainment,1.6819,10
2026-06-30,Communication Services,Entertainment,1.5993,10
2026-07-31,Communication Services,Entertainment,1.7814,10
2026-08-12,Communication Services,Entertainment,1.7665,10
2017-03-31,Communication Services,Telecom Services,0.8128,6
2017-04-28,Communication Services,Telecom Services,0.8393,6
2017-05-31,Communication Services,Telecom Services,0.8613,6
2017-06-30,Communication Services,Telecom Services,0.8488,6
2017-07-31,Communication Services,Telecom Services,0.8611,6
2017-08-31,Communication Services,Telecom Services,0.8532,6
2017-09-29,Communication Services,Telecom Services,0.8739,6
2017-10-31,Communication Services,Telecom Services,0.8851,6
2017-11-30,Communication Services,Telecom Services,0.8791,6
2017-12-29,Communication Services,Telecom Services,0.9195,6
2018-01-31,Communication Services,Telecom Services,0.9672,6
2018-02-28,Communication Services,Telecom Services,0.9821,6
2018-03-29,Communication Services,Telecom Services,1.0218,6
2018-04-30,Communication Services,Telecom Services,1.0633,6
2018-05-31,Communication Services,Telecom Services,1.0280,6
2018-06-29,Communication Services,Telecom Services,0.9345,6
2018-07-31,Communication Services,Telecom Services,0.9303,6
2018-08-31,Communication Services,Telecom Services,0.9447,6
2018-09-28,Communication Services,Telecom Services,0.9867,6
2018-10-31,Communication Services,Telecom Services,0.9881,6
2018-11-30,Communication Services,Telecom Services,0.9829,6
2018-12-31,Communication Services,Telecom Services,0.9837,6
2019-01-31,Communication Services,Telecom Services,0.8962,6
2019-02-28,Communication Services,Telecom Services,0.8706,6
2019-03-29,Communication Services,Telecom Services,0.8198,6
2019-04-30,Communication Services,Telecom Services,0.8034,6
2019-05-31,Communication Services,Telecom Services,0.7867,6
2019-06-28,Communication Services,Telecom Services,0.8002,6
2019-07-31,Communication Services,Telecom Services,0.7894,7
2019-08-30,Communication Services,Telecom Services,0.7790,7
2019-09-30,Communication Services,Telecom Services,0.7620,7
2019-10-31,Communication Services,Telecom Services,0.7516,7
2019-11-29,Communication Services,Telecom Services,0.7431,7
2019-12-31,Communication Services,Telecom Services,0.7342,7
2020-01-31,Communication Services,Telecom Services,0.7298,7
2020-02-28,Communication Services,Telecom Services,0.7368,7
2020-03-31,Communication Services,Telecom Services,0.7492,7
2020-04-30,Communication Services,Telecom Services,0.7631,7
2020-05-29,Communication Services,Telecom Services,0.7315,7
2020-06-30,Communication Services,Telecom Services,0.8238,7
2020-07-31,Communication Services,Telecom Services,0.8248,7
2020-08-31,Communication Services,Telecom Services,0.8330,7
2020-09-30,Communication Services,Telecom Services,0.8252,7
2020-10-30,Communication Services,Telecom Services,0.8199,7
2020-11-30,Communication Services,Telecom Services,0.8038,7
2020-12-31,Communication Services,Telecom Services,0.7881,7
2021-01-29,Communication Services,Telecom Services,0.7837,7
2021-02-26,Communication Services,Telecom Services,0.7852,7
2021-03-31,Communication Services,Telecom Services,0.7942,7
2021-04-30,Communication Services,Telecom Services,0.7934,7
2021-05-28,Communication Services,Telecom Services,0.7927,7
2021-06-30,Communication Services,Telecom Services,0.7399,7
2021-07-30,Communication Services,Telecom Services,0.7308,7
2021-08-31,Communication Services,Telecom Services,0.7279,7
2021-09-30,Communication Services,Telecom Services,0.7212,7
2021-10-29,Communication Services,Telecom Services,0.7232,7
2021-11-30,Communication Services,Telecom Services,0.7439,7
2021-12-31,Communication Services,Telecom Services,0.7643,7
2022-01-31,Communication Services,Telecom Services,0.7954,7
2022-02-28,Communication Services,Telecom Services,0.7993,7
2022-03-31,Communication Services,Telecom Services,0.8050,7
2022-04-29,Communication Services,Telecom Services,0.7835,7
2022-05-31,Communication Services,Telecom Services,0.7724,7
2022-06-30,Communication Services,Telecom Services,0.7150,7
2022-07-29,Communication Services,Telecom Services,0.7191,7
2022-08-31,Communication Services,Telecom Services,0.6613,7
2022-09-30,Communication Services,Telecom Services,0.6605,7
2022-10-31,Communication Services,Telecom Services,0.6703,7
2022-11-30,Communication Services,Telecom Services,0.6791,7
2022-12-30,Communication Services,Telecom Services,0.7051,7
2023-01-31,Communication Services,Telecom Services,0.7067,7
2023-02-28,Communication Services,Telecom Services,0.7016,7
2023-03-31,Communication Services,Telecom Services,0.7031,6
2023-04-28,Communication Services,Telecom Services,0.7004,6
2023-05-31,Communication Services,Telecom Services,0.7164,6
2026-03-31,Communication Services,Telecom Services,1.1029,6
2026-04-30,Communication Services,Telecom Services,1.1184,6
2026-05-29,Communication Services,Telecom Services,1.1263,6
2026-06-30,Communication Services,Telecom Services,1.1388,6
2026-07-31,Communication Services,Telecom Services,1.2767,6
2026-08-12,Communication Services,Telecom Services,1.2727,6
2016-04-29,Consumer Cyclical,Apparel Manufacturing,1.3052,6
2016-05-31,Consumer Cyclical,Apparel Manufacturing,1.3639,6
2016-06-30,Consumer Cyclical,Apparel Manufacturing,1.3720,6
2016-07-29,Consumer Cyclical,Apparel Manufacturing,1.4058,6
2016-08-31,Consumer Cyclical,Apparel Manufacturing,1.4324,6
2016-09-30,Consumer Cyclical,Apparel Manufacturing,1.4595,6
2016-10-31,Consumer Cyclical,Apparel Manufacturing,1.4812,6
2016-11-30,Consumer Cyclical,Apparel Manufacturing,1.5702,6
2016-12-30,Consumer Cyclical,Apparel Manufacturing,1.5677,6
2017-01-31,Consumer Cyclical,Apparel Manufacturing,1.5868,6
2017-02-28,Consumer Cyclical,Apparel Manufacturing,1.5556,6
2017-03-31,Consumer Cyclical,Apparel Manufacturing,1.6076,6
2017-04-28,Consumer Cyclical,Apparel Manufacturing,1.7546,6
2017-05-31,Consumer Cyclical,Apparel Manufacturing,1.7848,6
2017-06-30,Consumer Cyclical,Apparel Manufacturing,1.8086,6
2017-07-31,Consumer Cyclical,Apparel Manufacturing,1.8638,6
2017-08-31,Consumer Cyclical,Apparel Manufacturing,1.8216,6
2017-09-29,Consumer Cyclical,Apparel Manufacturing,1.8109,6
2017-10-31,Consumer Cyclical,Apparel Manufacturing,1.8027,6
2017-11-30,Consumer Cyclical,Apparel Manufacturing,1.8203,6
2017-12-29,Consumer Cyclical,Apparel Manufacturing,1.8444,6
2018-01-31,Consumer Cyclical,Apparel Manufacturing,1.8240,6
2018-02-28,Consumer Cyclical,Apparel Manufacturing,1.8109,6
2018-03-29,Consumer Cyclical,Apparel Manufacturing,1.8233,6
2018-04-30,Consumer Cyclical,Apparel Manufacturing,1.7974,6
2018-05-31,Consumer Cyclical,Apparel Manufacturing,1.5563,6
2018-06-29,Consumer Cyclical,Apparel Manufacturing,1.3790,6
2018-07-31,Consumer Cyclical,Apparel Manufacturing,1.3100,6
2018-08-31,Consumer Cyclical,Apparel Manufacturing,1.2998,6
2018-09-28,Consumer Cyclical,Apparel Manufacturing,1.2569,6
2018-10-31,Consumer Cyclical,Apparel Manufacturing,1.2715,6
2018-11-30,Consumer Cyclical,Apparel Manufacturing,1.2842,6
2018-12-31,Consumer Cyclical,Apparel Manufacturing,1.2978,6
2019-01-31,Consumer Cyclical,Apparel Manufacturing,1.2340,6
2019-02-28,Consumer Cyclical,Apparel Manufacturing,1.2036,6
2019-03-29,Consumer Cyclical,Apparel Manufacturing,1.1598,6
2019-04-30,Consumer Cyclical,Apparel Manufacturing,1.1258,6
2019-05-31,Consumer Cyclical,Apparel Manufacturing,1.1111,6
2019-06-28,Consumer Cyclical,Apparel Manufacturing,1.1386,6
2019-07-31,Consumer Cyclical,Apparel Manufacturing,1.1483,6
2019-08-30,Consumer Cyclical,Apparel Manufacturing,1.1305,6
2019-09-30,Consumer Cyclical,Apparel Manufacturing,1.1369,6
2019-10-31,Consumer Cyclical,Apparel Manufacturing,1.1575,6
2019-11-29,Consumer Cyclical,Apparel Manufacturing,1.1752,6
2019-12-31,Consumer Cyclical,Apparel Manufacturing,1.1820,6
2020-01-31,Consumer Cyclical,Apparel Manufacturing,1.1927,6
2020-02-28,Consumer Cyclical,Apparel Manufacturing,1.2224,6
2020-03-31,Consumer Cyclical,Apparel Manufacturing,1.2844,6
2020-04-30,Consumer Cyclical,Apparel Manufacturing,1.3110,6
2020-05-29,Consumer Cyclical,Apparel Manufacturing,1.2581,6
2020-06-30,Consumer Cyclical,Apparel Manufacturing,1.3714,6
2020-07-31,Consumer Cyclical,Apparel Manufacturing,1.4108,6
2020-08-31,Consumer Cyclical,Apparel Manufacturing,1.4904,6
2020-09-30,Consumer Cyclical,Apparel Manufacturing,1.5121,6
2020-10-30,Consumer Cyclical,Apparel Manufacturing,1.5186,6
2020-11-30,Consumer Cyclical,Apparel Manufacturing,1.5014,6
2020-12-31,Consumer Cyclical,Apparel Manufacturing,1.4857,6
2021-01-29,Consumer Cyclical,Apparel Manufacturing,1.4824,6
2021-02-26,Consumer Cyclical,Apparel Manufacturing,1.4944,6
2021-03-31,Consumer Cyclical,Apparel Manufacturing,1.5154,6
2021-04-30,Consumer Cyclical,Apparel Manufacturing,1.5135,6
2021-05-28,Consumer Cyclical,Apparel Manufacturing,1.5413,6
2021-06-30,Consumer Cyclical,Apparel Manufacturing,1.5830,6
2021-07-30,Consumer Cyclical,Apparel Manufacturing,1.5643,6
2021-08-31,Consumer Cyclical,Apparel Manufacturing,1.4981,6
2021-09-30,Consumer Cyclical,Apparel Manufacturing,1.4779,6
2021-10-29,Consumer Cyclical,Apparel Manufacturing,1.4747,6
2021-11-30,Consumer Cyclical,Apparel Manufacturing,1.5132,6
2013-01-31,Consumer Cyclical,Auto Parts,1.3416,6
2013-02-28,Consumer Cyclical,Auto Parts,1.3539,6
2013-03-28,Consumer Cyclical,Auto Parts,1.3379,6
2013-04-30,Consumer Cyclical,Auto Parts,1.3131,6
2013-05-31,Consumer Cyclical,Auto Parts,1.3057,6
2013-06-28,Consumer Cyclical,Auto Parts,1.3145,6
2013-07-31,Consumer Cyclical,Auto Parts,1.3106,6
2013-08-30,Consumer Cyclical,Auto Parts,1.2827,6
2013-09-30,Consumer Cyclical,Auto Parts,1.0806,6
2013-10-31,Consumer Cyclical,Auto Parts,1.0713,6
2013-11-29,Consumer Cyclical,Auto Parts,1.1245,6
2013-12-31,Consumer Cyclical,Auto Parts,1.1140,6
2014-01-31,Consumer Cyclical,Auto Parts,1.2141,6
2014-02-28,Consumer Cyclical,Auto Parts,1.2487,6
2014-03-31,Consumer Cyclical,Auto Parts,1.2754,6
2014-04-30,Consumer Cyclical,Auto Parts,1.2967,6
2014-05-30,Consumer Cyclical,Auto Parts,1.3169,6
2014-06-30,Consumer Cyclical,Auto Parts,1.3373,6
2014-07-31,Consumer Cyclical,Auto Parts,1.2991,6
2014-08-29,Consumer Cyclical,Auto Parts,1.2542,6
2014-09-30,Consumer Cyclical,Auto Parts,1.1285,6
2014-10-31,Consumer Cyclical,Auto Parts,1.1024,6
2014-11-28,Consumer Cyclical,Auto Parts,1.1060,6
2014-12-31,Consumer Cyclical,Auto Parts,1.0897,6
2015-01-30,Consumer Cyclical,Auto Parts,1.0498,6
2015-02-27,Consumer Cyclical,Auto Parts,1.0774,6
2015-03-31,Consumer Cyclical,Auto Parts,1.0546,6
2015-04-30,Consumer Cyclical,Auto Parts,1.0800,6
2015-05-29,Consumer Cyclical,Auto Parts,1.0829,6
2015-06-30,Consumer Cyclical,Auto Parts,1.0954,6
2015-07-31,Consumer Cyclical,Auto Parts,1.1361,7
2015-08-31,Consumer Cyclical,Auto Parts,1.1314,7
2015-09-30,Consumer Cyclical,Auto Parts,1.1523,7
2015-10-30,Consumer Cyclical,Auto Parts,1.1258,7
2015-11-30,Consumer Cyclical,Auto Parts,1.0810,7
2015-12-31,Consumer Cyclical,Auto Parts,1.0897,7
2016-01-29,Consumer Cyclical,Auto Parts,1.0677,7
2016-02-29,Consumer Cyclical,Auto Parts,1.0695,7
2016-03-31,Consumer Cyclical,Auto Parts,1.0885,7
2016-04-29,Consumer Cyclical,Auto Parts,1.0762,7
2016-05-31,Consumer Cyclical,Auto Parts,1.0900,8
2016-06-30,Consumer Cyclical,Auto Parts,1.0860,8
2016-07-29,Consumer Cyclical,Auto Parts,1.0907,8
2016-08-31,Consumer Cyclical,Auto Parts,1.1207,8
2016-09-30,Consumer Cyclical,Auto Parts,1.0801,8
2016-10-31,Consumer Cyclical,Auto Parts,1.0917,9
2016-11-30,Consumer Cyclical,Auto Parts,1.1150,8
2016-12-30,Consumer Cyclical,Auto Parts,1.1129,8
2017-01-31,Consumer Cyclical,Auto Parts,1.2104,8
2017-02-28,Consumer Cyclical,Auto Parts,1.1979,8
2017-03-31,Consumer Cyclical,Auto Parts,1.2114,8
2017-04-28,Consumer Cyclical,Auto Parts,1.2633,8
2017-05-31,Consumer Cyclical,Auto Parts,1.2781,8
2017-06-30,Consumer Cyclical,Auto Parts,1.3077,8
2017-07-31,Consumer Cyclical,Auto Parts,1.3575,8
2017-08-31,Consumer Cyclical,Auto Parts,1.3524,8
2017-09-29,Consumer Cyclical,Auto Parts,1.8096,8
2017-10-31,Consumer Cyclical,Auto Parts,1.8329,8
2017-11-30,Consumer Cyclical,Auto Parts,1.8719,8
2017-12-29,Consumer Cyclical,Auto Parts,1.9469,8
2018-01-31,Consumer Cyclical,Auto Parts,1.9024,8
2018-02-28,Consumer Cyclical,Auto Parts,1.9501,8
2018-03-29,Consumer Cyclical,Auto Parts,1.9839,8
2018-04-30,Consumer Cyclical,Auto Parts,2.0433,8
2018-05-31,Consumer Cyclical,Auto Parts,1.7568,8
2018-06-29,Consumer Cyclical,Auto Parts,1.5991,8
2018-07-31,Consumer Cyclical,Auto Parts,1.5624,8
2018-08-31,Consumer Cyclical,Auto Parts,1.5613,8
2018-09-28,Consumer Cyclical,Auto Parts,1.3736,8
2018-10-31,Consumer Cyclical,Auto Parts,1.3680,8
2018-11-30,Consumer Cyclical,Auto Parts,1.3674,8
2018-12-31,Consumer Cyclical,Auto Parts,1.3501,8
2019-01-31,Consumer Cyclical,Auto Parts,1.1955,8
2019-02-28,Consumer Cyclical,Auto Parts,1.1878,7
2019-03-29,Consumer Cyclical,Auto Parts,1.1074,7
2019-04-30,Consumer Cyclical,Auto Parts,1.0770,7
2019-05-31,Consumer Cyclical,Auto Parts,1.0895,7
2019-06-28,Consumer Cyclical,Auto Parts,1.0834,7
2019-07-31,Consumer Cyclical,Auto Parts,1.0805,7
2019-08-30,Consumer Cyclical,Auto Parts,1.0500,7
2019-09-30,Consumer Cyclical,Auto Parts,0.9586,7
2019-10-31,Consumer Cyclical,Auto Parts,0.9728,7
2019-11-29,Consumer Cyclical,Auto Parts,0.9505,7
2019-12-31,Consumer Cyclical,Auto Parts,0.9650,7
2020-01-31,Consumer Cyclical,Auto Parts,0.9869,7
2020-02-28,Consumer Cyclical,Auto Parts,0.9775,7
2020-03-31,Consumer Cyclical,Auto Parts,1.0294,7
2020-04-30,Consumer Cyclical,Auto Parts,1.0419,7
2020-05-29,Consumer Cyclical,Auto Parts,0.9941,7
2020-06-30,Consumer Cyclical,Auto Parts,1.2673,7
2020-07-31,Consumer Cyclical,Auto Parts,1.2575,7
2020-08-31,Consumer Cyclical,Auto Parts,1.2651,7
2020-09-30,Consumer Cyclical,Auto Parts,1.2374,7
2020-10-30,Consumer Cyclical,Auto Parts,1.2239,7
2020-11-30,Consumer Cyclical,Auto Parts,1.2061,7
2020-12-31,Consumer Cyclical,Auto Parts,1.1793,7
2021-01-29,Consumer Cyclical,Auto Parts,1.1723,7
2021-02-26,Consumer Cyclical,Auto Parts,1.1630,7
2021-03-31,Consumer Cyclical,Auto Parts,1.1860,7
2021-04-30,Consumer Cyclical,Auto Parts,1.1955,7
2021-05-28,Consumer Cyclical,Auto Parts,1.2113,7
2021-06-30,Consumer Cyclical,Auto Parts,1.0457,7
2021-07-30,Consumer Cyclical,Auto Parts,1.0409,7
2021-08-31,Consumer Cyclical,Auto Parts,1.0247,7
2021-09-30,Consumer Cyclical,Auto Parts,1.0469,7
2021-10-29,Consumer Cyclical,Auto Parts,1.0488,7
2021-11-30,Consumer Cyclical,Auto Parts,1.0811,7
2021-12-31,Consumer Cyclical,Auto Parts,1.1011,7
2022-01-31,Consumer Cyclical,Auto Parts,1.1241,7
2022-02-28,Consumer Cyclical,Auto Parts,1.1066,7
2022-03-31,Consumer Cyclical,Auto Parts,1.1075,7
2022-04-29,Consumer Cyclical,Auto Parts,1.0566,7
2022-05-31,Consumer Cyclical,Auto Parts,1.0494,7
2022-06-30,Consumer Cyclical,Auto Parts,0.8887,7
2022-07-29,Consumer Cyclical,Auto Parts,0.9873,7
2022-08-31,Consumer Cyclical,Auto Parts,1.0210,7
2022-09-30,Consumer Cyclical,Auto Parts,0.9976,7
2022-10-31,Consumer Cyclical,Auto Parts,0.9917,7
2022-11-30,Consumer Cyclical,Auto Parts,0.9950,7
2022-12-30,Consumer Cyclical,Auto Parts,0.9926,7
2023-01-31,Consumer Cyclical,Auto Parts,0.9985,7
2023-02-28,Consumer Cyclical,Auto Parts,0.9945,7
2023-03-31,Consumer Cyclical,Auto Parts,0.9846,7
2023-04-28,Consumer Cyclical,Auto Parts,0.9724,7
2023-05-31,Consumer Cyclical,Auto Parts,0.9776,7
2023-06-30,Consumer Cyclical,Auto Parts,0.9953,7
2023-07-31,Consumer Cyclical,Auto Parts,0.9448,7
2023-08-31,Consumer Cyclical,Auto Parts,0.9226,6
2023-09-29,Consumer Cyclical,Auto Parts,0.9474,6
2023-10-31,Consumer Cyclical,Auto Parts,0.9820,6
2023-11-30,Consumer Cyclical,Auto Parts,0.9972,6
2023-12-29,Consumer Cyclical,Auto Parts,1.0219,6
2024-01-31,Consumer Cyclical,Auto Parts,1.0528,6
2024-02-29,Consumer Cyclical,Auto Parts,1.0645,6
2024-03-28,Consumer Cyclical,Auto Parts,1.0945,6
2024-04-30,Consumer Cyclical,Auto Parts,1.1067,6
2024-05-31,Consumer Cyclical,Auto Parts,1.1285,6
2024-06-28,Consumer Cyclical,Auto Parts,1.1421,6
2024-07-31,Consumer Cyclical,Auto Parts,1.0758,6
2024-08-30,Consumer Cyclical,Auto Parts,1.0517,6
2024-09-30,Consumer Cyclical,Auto Parts,1.1215,6
2024-10-31,Consumer Cyclical,Auto Parts,1.0894,6
2024-11-29,Consumer Cyclical,Auto Parts,1.0871,6
2024-12-31,Consumer Cyclical,Auto Parts,1.1010,6
2025-01-31,Consumer Cyclical,Auto Parts,1.1008,6
2025-02-28,Consumer Cyclical,Auto Parts,1.1237,6
2019-06-28,Consumer Cyclical,Packaging & Containers,0.8524,6
2019-07-31,Consumer Cyclical,Packaging & Containers,0.8673,6
2019-08-30,Consumer Cyclical,Packaging & Containers,0.8564,6
2019-09-30,Consumer Cyclical,Packaging & Containers,0.8573,6
2019-10-31,Consumer Cyclical,Packaging & Containers,0.8576,6
2019-11-29,Consumer Cyclical,Packaging & Containers,0.8557,6
2019-12-31,Consumer Cyclical,Packaging & Containers,0.8572,6
2020-01-31,Consumer Cyclical,Packaging & Containers,0.8648,6
2020-02-28,Consumer Cyclical,Packaging & Containers,0.8857,6
2020-03-31,Consumer Cyclical,Packaging & Containers,0.9010,6
2020-04-30,Consumer Cyclical,Packaging & Containers,0.9344,6
2020-05-29,Consumer Cyclical,Packaging & Containers,0.9128,6
2020-06-30,Consumer Cyclical,Packaging & Containers,0.9981,6
2020-07-31,Consumer Cyclical,Packaging & Containers,1.0057,6
2020-08-31,Consumer Cyclical,Packaging & Containers,1.0253,6
2020-09-30,Consumer Cyclical,Packaging & Containers,1.0421,6
2020-10-30,Consumer Cyclical,Packaging & Containers,1.0376,6
2020-11-30,Consumer Cyclical,Packaging & Containers,1.0246,6
2020-12-31,Consumer Cyclical,Packaging & Containers,1.0145,6
2021-01-29,Consumer Cyclical,Packaging & Containers,1.0109,6
2021-02-26,Consumer Cyclical,Packaging & Containers,1.0167,6
2021-03-31,Consumer Cyclical,Packaging & Containers,1.0338,6
2021-04-30,Consumer Cyclical,Packaging & Containers,1.0207,6
2021-05-28,Consumer Cyclical,Packaging & Containers,1.0288,6
2021-06-30,Consumer Cyclical,Packaging & Containers,0.9949,6
2021-07-30,Consumer Cyclical,Packaging & Containers,0.9820,6
2021-08-31,Consumer Cyclical,Packaging & Containers,0.9613,6
2021-09-30,Consumer Cyclical,Packaging & Containers,0.9302,6
2021-10-29,Consumer Cyclical,Packaging & Containers,0.9334,6
2021-11-30,Consumer Cyclical,Packaging & Containers,0.9610,6
2021-12-31,Consumer Cyclical,Packaging & Containers,0.9500,6
2022-01-31,Consumer Cyclical,Packaging & Containers,0.9585,6
2022-02-28,Consumer Cyclical,Packaging & Containers,0.9482,6
2022-03-31,Consumer Cyclical,Packaging & Containers,0.9418,6
2022-04-29,Consumer Cyclical,Packaging & Containers,0.9090,6
2022-05-31,Consumer Cyclical,Packaging & Containers,0.9072,6
2022-06-30,Consumer Cyclical,Packaging & Containers,0.8476,6
2022-07-29,Consumer Cyclical,Packaging & Containers,0.7828,6
2022-08-31,Consumer Cyclical,Packaging & Containers,0.7638,6
2022-09-30,Consumer Cyclical,Packaging & Containers,0.7515,6
2022-10-31,Consumer Cyclical,Packaging & Containers,0.7829,6
2022-11-30,Consumer Cyclical,Packaging & Containers,0.7965,6
2022-12-30,Consumer Cyclical,Packaging & Containers,0.8565,6
2023-01-31,Consumer Cyclical,Packaging & Containers,0.8651,6
2023-02-28,Consumer Cyclical,Packaging & Containers,0.8744,6
2023-03-31,Consumer Cyclical,Packaging & Containers,0.8681,6
2023-04-28,Consumer Cyclical,Packaging & Containers,0.8797,6
2023-05-31,Consumer Cyclical,Packaging & Containers,0.9040,6
2023-06-30,Consumer Cyclical,Packaging & Containers,0.9265,6
2023-07-31,Consumer Cyclical,Packaging & Containers,0.9758,6
2023-08-31,Consumer Cyclical,Packaging & Containers,1.0113,6
2023-09-29,Consumer Cyclical,Packaging & Containers,1.0512,6
2023-10-31,Consumer Cyclical,Packaging & Containers,1.0463,6
2023-11-30,Consumer Cyclical,Packaging & Containers,1.0538,6
2024-07-31,Consumer Cyclical,Packaging & Containers,1.0349,6
2024-08-30,Consumer Cyclical,Packaging & Containers,1.0595,6
2024-09-30,Consumer Cyclical,Packaging & Containers,1.0552,6
2024-10-31,Consumer Cyclical,Packaging & Containers,1.0401,6
2024-11-29,Consumer Cyclical,Packaging & Containers,1.0347,6
2024-12-31,Consumer Cyclical,Packaging & Containers,1.0203,6
2025-01-31,Consumer Cyclical,Packaging & Containers,1.0305,6
2025-02-28,Consumer Cyclical,Packaging & Containers,1.0164,6
2025-03-31,Consumer Cyclical,Packaging & Containers,1.0186,6
2025-04-30,Consumer Cyclical,Packaging & Containers,1.0311,6
2025-05-30,Consumer Cyclical,Packaging & Containers,1.0916,6
2025-06-30,Consumer Cyclical,Packaging & Containers,1.0867,6
2025-07-31,Consumer Cyclical,Packaging & Containers,1.1167,6
2025-08-29,Consumer Cyclical,Packaging & Containers,1.1375,6
2025-09-30,Consumer Cyclical,Packaging & Containers,1.1556,6
2025-10-31,Consumer Cyclical,Packaging & Containers,1.2280,6
2025-11-28,Consumer Cyclical,Packaging & Containers,1.2543,6
2025-12-31,Consumer Cyclical,Packaging & Containers,1.2637,6
2026-01-30,Consumer Cyclical,Packaging & Containers,1.3328,6
2026-02-27,Consumer Cyclical,Packaging & Containers,1.3218,6
2026-03-31,Consumer Cyclical,Packaging & Containers,1.3624,6
2026-04-30,Consumer Cyclical,Packaging & Containers,1.3923,6
2026-05-29,Consumer Cyclical,Packaging & Containers,1.3965,6
2026-06-30,Consumer Cyclical,Packaging & Containers,1.4688,6
2026-07-31,Consumer Cyclical,Packaging & Containers,1.6672,6
2026-08-12,Consumer Cyclical,Packaging & Containers,1.6760,6
2020-05-29,Consumer Cyclical,Restaurants,1.2135,6
2020-06-30,Consumer Cyclical,Restaurants,1.2432,6
2020-07-31,Consumer Cyclical,Restaurants,1.2388,6
2020-08-31,Consumer Cyclical,Restaurants,1.2523,6
2020-09-30,Consumer Cyclical,Restaurants,1.2255,6
2020-10-30,Consumer Cyclical,Restaurants,1.2299,6
2020-11-30,Consumer Cyclical,Restaurants,1.2213,6
2020-12-31,Consumer Cyclical,Restaurants,1.1813,6
2021-01-29,Consumer Cyclical,Restaurants,1.1917,6
2021-02-26,Consumer Cyclical,Restaurants,1.2017,6
2021-03-31,Consumer Cyclical,Restaurants,1.2278,6
2021-04-30,Consumer Cyclical,Restaurants,1.2193,6
2021-05-28,Consumer Cyclical,Restaurants,1.2115,6
2021-06-30,Consumer Cyclical,Restaurants,1.1783,6
2021-07-30,Consumer Cyclical,Restaurants,1.1690,6
2021-08-31,Consumer Cyclical,Restaurants,1.1471,6
2021-09-30,Consumer Cyclical,Restaurants,1.1789,6
2021-10-29,Consumer Cyclical,Restaurants,1.1825,6
2021-11-30,Consumer Cyclical,Restaurants,1.2025,6
2021-12-31,Consumer Cyclical,Restaurants,1.2260,6
2022-01-31,Consumer Cyclical,Restaurants,1.2194,6
2022-02-28,Consumer Cyclical,Restaurants,1.1838,6
2022-03-31,Consumer Cyclical,Restaurants,1.1663,6
2022-04-29,Consumer Cyclical,Restaurants,1.1769,6
2022-05-31,Consumer Cyclical,Restaurants,1.1476,6
2022-06-30,Consumer Cyclical,Restaurants,1.1576,6
2022-07-29,Consumer Cyclical,Restaurants,1.1250,6
2022-08-31,Consumer Cyclical,Restaurants,1.1049,6
2022-09-30,Consumer Cyclical,Restaurants,1.1093,6
2022-10-31,Consumer Cyclical,Restaurants,1.1049,6
2022-11-30,Consumer Cyclical,Restaurants,1.1091,6
2022-12-30,Consumer Cyclical,Restaurants,1.1138,6
2023-01-31,Consumer Cyclical,Restaurants,1.1385,6
2023-02-28,Consumer Cyclical,Restaurants,1.1362,6
2023-03-31,Consumer Cyclical,Restaurants,1.1257,6
2023-04-28,Consumer Cyclical,Restaurants,1.1330,6
2023-05-31,Consumer Cyclical,Restaurants,1.1492,6
2023-06-30,Consumer Cyclical,Restaurants,1.1321,6
2023-07-31,Consumer Cyclical,Restaurants,1.1656,6
2023-08-31,Consumer Cyclical,Restaurants,1.1687,6
2023-09-29,Consumer Cyclical,Restaurants,1.1639,6
2023-10-31,Consumer Cyclical,Restaurants,1.2308,6
2023-11-30,Consumer Cyclical,Restaurants,1.2423,6
2023-12-29,Consumer Cyclical,Restaurants,1.2683,6
2024-01-31,Consumer Cyclical,Restaurants,1.2557,6
2024-02-29,Consumer Cyclical,Restaurants,1.2794,6
2024-03-28,Consumer Cyclical,Restaurants,1.2804,6
2024-04-30,Consumer Cyclical,Restaurants,1.2677,6
2024-05-31,Consumer Cyclical,Restaurants,1.2446,6
2024-06-28,Consumer Cyclical,Restaurants,1.2329,6
2024-07-31,Consumer Cyclical,Restaurants,1.1836,6
2024-08-30,Consumer Cyclical,Restaurants,1.2040,6
2024-09-30,Consumer Cyclical,Restaurants,1.2801,6
2024-10-31,Consumer Cyclical,Restaurants,1.1632,6
2024-11-29,Consumer Cyclical,Restaurants,1.1770,6
2024-12-31,Consumer Cyclical,Restaurants,1.1727,6
2025-01-31,Consumer Cyclical,Restaurants,1.1782,6
2025-02-28,Consumer Cyclical,Restaurants,1.1795,6
2025-03-31,Consumer Cyclical,Restaurants,1.1538,6
2025-04-30,Consumer Cyclical,Restaurants,1.1536,6
2025-05-30,Consumer Cyclical,Restaurants,1.1288,6
2025-06-30,Consumer Cyclical,Restaurants,1.1217,6
2025-07-31,Consumer Cyclical,Restaurants,1.0434,6
2025-08-29,Consumer Cyclical,Restaurants,1.0486,6
2025-09-30,Consumer Cyclical,Restaurants,1.0010,6
2025-10-31,Consumer Cyclical,Restaurants,0.9776,6
2025-11-28,Consumer Cyclical,Restaurants,0.9785,6
2025-12-31,Consumer Cyclical,Restaurants,0.9879,6
2026-01-30,Consumer Cyclical,Restaurants,0.9783,6
2026-02-27,Consumer Cyclical,Restaurants,0.9844,6
2026-03-31,Consumer Cyclical,Restaurants,0.9957,6
2026-04-30,Consumer Cyclical,Restaurants,0.9973,6
2026-05-29,Consumer Cyclical,Restaurants,1.0012,6
2026-06-30,Consumer Cyclical,Restaurants,1.0233,6
2026-07-31,Consumer Cyclical,Restaurants,1.1427,6
2026-08-12,Consumer Cyclical,Restaurants,1.1395,6
2014-12-31,Consumer Cyclical,Travel Services,1.6616,6
2015-01-30,Consumer Cyclical,Travel Services,1.6534,6
2015-02-27,Consumer Cyclical,Travel Services,1.8010,6
2015-03-31,Consumer Cyclical,Travel Services,1.7788,6
2015-04-30,Consumer Cyclical,Travel Services,1.7789,6
2015-05-29,Consumer Cyclical,Travel Services,1.8017,6
2015-06-30,Consumer Cyclical,Travel Services,1.7393,6
2015-07-31,Consumer Cyclical,Travel Services,1.7177,6
2015-08-31,Consumer Cyclical,Travel Services,1.7048,6
2015-09-30,Consumer Cyclical,Travel Services,1.6948,6
2015-10-30,Consumer Cyclical,Travel Services,1.7058,6
2015-11-30,Consumer Cyclical,Travel Services,1.5360,6
2015-12-31,Consumer Cyclical,Travel Services,1.5287,6
2016-01-29,Consumer Cyclical,Travel Services,1.5226,6
2016-02-29,Consumer Cyclical,Travel Services,1.5588,6
2016-03-31,Consumer Cyclical,Travel Services,1.5170,6
2016-04-29,Consumer Cyclical,Travel Services,1.5165,6
2016-05-31,Consumer Cyclical,Travel Services,1.5381,6
2016-06-30,Consumer Cyclical,Travel Services,1.5285,6
2016-07-29,Consumer Cyclical,Travel Services,1.5816,6
2016-08-31,Consumer Cyclical,Travel Services,1.5747,6
2016-09-30,Consumer Cyclical,Travel Services,1.7002,6
2016-10-31,Consumer Cyclical,Travel Services,1.7053,6
2016-11-30,Consumer Cyclical,Travel Services,1.8127,6
2016-12-30,Consumer Cyclical,Travel Services,1.8182,6
2017-01-31,Consumer Cyclical,Travel Services,1.7883,6
2017-02-28,Consumer Cyclical,Travel Services,1.7167,6
2017-03-31,Consumer Cyclical,Travel Services,1.7479,6
2017-04-28,Consumer Cyclical,Travel Services,1.7896,6
2017-05-31,Consumer Cyclical,Travel Services,1.7893,6
2017-06-30,Consumer Cyclical,Travel Services,1.7830,6
2017-07-31,Consumer Cyclical,Travel Services,1.7427,6
2017-08-31,Consumer Cyclical,Travel Services,1.7388,6
2017-09-29,Consumer Cyclical,Travel Services,1.5027,6
2017-10-31,Consumer Cyclical,Travel Services,1.4768,7
2017-11-30,Consumer Cyclical,Travel Services,1.6420,7
2017-12-29,Consumer Cyclical,Travel Services,1.6760,7
2018-01-31,Consumer Cyclical,Travel Services,1.6833,7
2018-02-28,Consumer Cyclical,Travel Services,2.0525,7
2018-03-29,Consumer Cyclical,Travel Services,2.0800,7
2018-04-30,Consumer Cyclical,Travel Services,2.1107,7
2018-05-31,Consumer Cyclical,Travel Services,1.7613,7
2018-06-29,Consumer Cyclical,Travel Services,1.5854,6
2018-07-31,Consumer Cyclical,Travel Services,1.5210,6
2018-08-31,Consumer Cyclical,Travel Services,1.5344,6
2018-09-28,Consumer Cyclical,Travel Services,1.4632,6
2018-10-31,Consumer Cyclical,Travel Services,1.4509,6
2018-11-30,Consumer Cyclical,Travel Services,1.4603,6
2018-12-31,Consumer Cyclical,Travel Services,1.4592,6
2019-01-31,Consumer Cyclical,Travel Services,1.3126,6
2019-02-28,Consumer Cyclical,Travel Services,1.1357,6
2019-03-29,Consumer Cyclical,Travel Services,1.1035,6
2019-04-30,Consumer Cyclical,Travel Services,1.1031,6
2019-05-31,Consumer Cyclical,Travel Services,1.2489,6
2019-06-28,Consumer Cyclical,Travel Services,1.2750,6
2019-07-31,Consumer Cyclical,Travel Services,1.2726,6
2019-08-30,Consumer Cyclical,Travel Services,1.2424,6
2019-09-30,Consumer Cyclical,Travel Services,1.2486,6
2019-10-31,Consumer Cyclical,Travel Services,1.2486,6
2019-11-29,Consumer Cyclical,Travel Services,1.1993,6
2023-09-29,Consumer Cyclical,Travel Services,1.4569,6
2023-10-31,Consumer Cyclical,Travel Services,1.4775,6
2023-11-30,Consumer Cyclical,Travel Services,1.4631,6
2023-12-29,Consumer Cyclical,Travel Services,1.4436,6
2024-01-31,Consumer Cyclical,Travel Services,1.4626,6
2024-02-29,Consumer Cyclical,Travel Services,1.4543,6
2024-03-28,Consumer Cyclical,Travel Services,1.4458,6
2024-04-30,Consumer Cyclical,Travel Services,1.4628,6
2024-05-31,Consumer Cyclical,Travel Services,1.5618,6
2024-06-28,Consumer Cyclical,Travel Services,1.5496,6
2024-07-31,Consumer Cyclical,Travel Services,1.5166,6
2024-08-30,Consumer Cyclical,Travel Services,1.5341,6
2024-09-30,Consumer Cyclical,Travel Services,1.5140,6
2024-10-31,Consumer Cyclical,Travel Services,1.6038,6
2024-11-29,Consumer Cyclical,Travel Services,1.6035,6
2024-12-31,Consumer Cyclical,Travel Services,1.6128,6
2025-01-31,Consumer Cyclical,Travel Services,1.6404,6
2025-02-28,Consumer Cyclical,Travel Services,1.6335,6
2025-03-31,Consumer Cyclical,Travel Services,1.6380,6
2025-04-30,Consumer Cyclical,Travel Services,1.6810,6
2025-05-30,Consumer Cyclical,Travel Services,1.5899,6
2025-06-30,Consumer Cyclical,Travel Services,1.6110,6
2025-07-31,Consumer Cyclical,Travel Services,1.4927,6
2025-08-29,Consumer Cyclical,Travel Services,1.4990,6
2025-09-30,Consumer Cyclical,Travel Services,1.5144,6
2025-10-31,Consumer Cyclical,Travel Services,1.4594,6
2025-11-28,Consumer Cyclical,Travel Services,1.4569,6
2025-12-31,Consumer Cyclical,Travel Services,1.4676,6
2026-01-30,Consumer Cyclical,Travel Services,1.4932,6
2026-02-27,Consumer Cyclical,Travel Services,1.5080,6
2026-03-31,Consumer Cyclical,Travel Services,1.5260,6
2026-04-30,Consumer Cyclical,Travel Services,1.6278,6
2026-05-29,Consumer Cyclical,Travel Services,1.7083,6
2026-06-30,Consumer Cyclical,Travel Services,1.7288,6
2026-07-31,Consumer Cyclical,Travel Services,2.0191,6
2026-08-12,Consumer Cyclical,Travel Services,2.0311,6
2006-01-31,Consumer Defensive,Household & Personal Products,1.0209,6
2006-02-28,Consumer Defensive,Household & Personal Products,1.0238,6
2006-03-31,Consumer Defensive,Household & Personal Products,1.0296,6
2006-04-28,Consumer Defensive,Household & Personal Products,1.0176,6
2006-05-31,Consumer Defensive,Household & Personal Products,0.9993,6
2006-06-30,Consumer Defensive,Household & Personal Products,1.0138,6
2006-07-31,Consumer Defensive,Household & Personal Products,1.0652,6
2006-08-31,Consumer Defensive,Household & Personal Products,1.0014,6
2006-09-29,Consumer Defensive,Household & Personal Products,0.9904,6
2006-10-31,Consumer Defensive,Household & Personal Products,0.9829,6
2006-11-30,Consumer Defensive,Household & Personal Products,0.9690,6
2006-12-29,Consumer Defensive,Household & Personal Products,0.9263,6
2007-01-31,Consumer Defensive,Household & Personal Products,0.8996,6
2007-02-28,Consumer Defensive,Household & Personal Products,0.8735,6
2007-03-30,Consumer Defensive,Household & Personal Products,0.8495,6
2007-04-30,Consumer Defensive,Household & Personal Products,0.8201,6
2007-05-31,Consumer Defensive,Household & Personal Products,0.8288,6
2007-06-29,Consumer Defensive,Household & Personal Products,0.7932,6
2007-07-31,Consumer Defensive,Household & Personal Products,0.7934,6
2007-08-31,Consumer Defensive,Household & Personal Products,0.7972,6
2007-09-28,Consumer Defensive,Household & Personal Products,0.7919,6
2007-10-31,Consumer Defensive,Household & Personal Products,0.7782,6
2007-11-30,Consumer Defensive,Household & Personal Products,0.7401,6
2007-12-31,Consumer Defensive,Household & Personal Products,0.7269,6
2008-01-31,Consumer Defensive,Household & Personal Products,0.7410,6
2008-02-29,Consumer Defensive,Household & Personal Products,0.6864,6
2008-03-31,Consumer Defensive,Household & Personal Products,0.6687,6
2008-04-30,Consumer Defensive,Household & Personal Products,0.6491,6
2008-05-30,Consumer Defensive,Household & Personal Products,0.6313,6
2008-06-30,Consumer Defensive,Household & Personal Products,0.6041,6
2008-07-31,Consumer Defensive,Household & Personal Products,0.5824,6
2008-08-29,Consumer Defensive,Household & Personal Products,0.5870,6
2008-09-30,Consumer Defensive,Household & Personal Products,0.6107,6
2008-10-31,Consumer Defensive,Household & Personal Products,0.5922,6
2008-11-28,Consumer Defensive,Household & Personal Products,0.6086,6
2008-12-31,Consumer Defensive,Household & Personal Products,0.5494,6
2009-01-30,Consumer Defensive,Household & Personal Products,0.6776,6
2009-02-27,Consumer Defensive,Household & Personal Products,0.6860,6
2009-03-31,Consumer Defensive,Household & Personal Products,0.6974,6
2009-04-30,Consumer Defensive,Household & Personal Products,0.6944,6
2009-05-29,Consumer Defensive,Household & Personal Products,0.6898,6
2009-06-30,Consumer Defensive,Household & Personal Products,0.7039,6
2009-07-31,Consumer Defensive,Household & Personal Products,0.7153,6
2009-08-31,Consumer Defensive,Household & Personal Products,0.7221,6
2009-09-30,Consumer Defensive,Household & Personal Products,0.7287,6
2009-10-30,Consumer Defensive,Household & Personal Products,0.7300,6
2009-11-30,Consumer Defensive,Household & Personal Products,0.7262,6
2009-12-31,Consumer Defensive,Household & Personal Products,0.7679,6
2010-01-29,Consumer Defensive,Household & Personal Products,0.7359,6
2010-02-26,Consumer Defensive,Household & Personal Products,0.7634,6
2010-03-31,Consumer Defensive,Household & Personal Products,0.7664,6
2010-04-30,Consumer Defensive,Household & Personal Products,0.7655,6
2010-05-28,Consumer Defensive,Household & Personal Products,0.7680,6
2010-06-30,Consumer Defensive,Household & Personal Products,0.7676,6
2010-07-30,Consumer Defensive,Household & Personal Products,0.7453,6
2010-08-31,Consumer Defensive,Household & Personal Products,0.7265,6
2010-09-30,Consumer Defensive,Household & Personal Products,0.7072,6
2010-10-29,Consumer Defensive,Household & Personal Products,0.7046,6
2010-11-30,Consumer Defensive,Household & Personal Products,0.6989,6
2010-12-31,Consumer Defensive,Household & Personal Products,0.7250,6
2011-01-31,Consumer Defensive,Household & Personal Products,0.6880,6
2011-02-28,Consumer Defensive,Household & Personal Products,0.6883,6
2011-03-31,Consumer Defensive,Household & Personal Products,0.6828,6
2011-04-29,Consumer Defensive,Household & Personal Products,0.6937,6
2011-05-31,Consumer Defensive,Household & Personal Products,0.6884,6
2011-06-30,Consumer Defensive,Household & Personal Products,0.6784,6
2011-07-29,Consumer Defensive,Household & Personal Products,0.6882,6
2011-08-31,Consumer Defensive,Household & Personal Products,0.6853,6
2011-09-30,Consumer Defensive,Household & Personal Products,0.6883,6
2011-10-31,Consumer Defensive,Household & Personal Products,0.6465,6
2011-11-30,Consumer Defensive,Household & Personal Products,0.6193,6
2011-12-30,Consumer Defensive,Household & Personal Products,0.6559,6
2012-01-31,Consumer Defensive,Household & Personal Products,0.6509,6
2012-02-29,Consumer Defensive,Household & Personal Products,0.6623,6
2012-03-30,Consumer Defensive,Household & Personal Products,0.6610,6
2012-04-30,Consumer Defensive,Household & Personal Products,0.6605,6
2012-05-31,Consumer Defensive,Household & Personal Products,0.6611,6
2012-06-29,Consumer Defensive,Household & Personal Products,0.6528,6
2012-07-31,Consumer Defensive,Household & Personal Products,0.6532,6
2012-08-31,Consumer Defensive,Household & Personal Products,0.6503,6
2012-09-28,Consumer Defensive,Household & Personal Products,0.6533,6
2012-10-31,Consumer Defensive,Household & Personal Products,0.6616,6
2012-11-30,Consumer Defensive,Household & Personal Products,0.6883,6
2012-12-31,Consumer Defensive,Household & Personal Products,0.6631,6
2013-01-31,Consumer Defensive,Household & Personal Products,0.6597,6
2013-02-28,Consumer Defensive,Household & Personal Products,0.6388,6
2013-03-28,Consumer Defensive,Household & Personal Products,0.6325,6
2013-04-30,Consumer Defensive,Household & Personal Products,0.6345,6
2013-05-31,Consumer Defensive,Household & Personal Products,0.6369,6
2013-06-28,Consumer Defensive,Household & Personal Products,0.6555,6
2013-07-31,Consumer Defensive,Household & Personal Products,0.7011,6
2013-08-30,Consumer Defensive,Household & Personal Products,0.7624,6
2013-09-30,Consumer Defensive,Household & Personal Products,0.7949,6
2013-10-31,Consumer Defensive,Household & Personal Products,0.8025,6
2013-11-29,Consumer Defensive,Household & Personal Products,0.8364,6
2013-12-31,Consumer Defensive,Household & Personal Products,0.8375,6
2014-01-31,Consumer Defensive,Household & Personal Products,0.8762,6
2014-02-28,Consumer Defensive,Household & Personal Products,0.8933,6
2014-03-31,Consumer Defensive,Household & Personal Products,0.9296,6
2014-04-30,Consumer Defensive,Household & Personal Products,0.9452,6
2014-05-30,Consumer Defensive,Household & Personal Products,0.9662,6
2014-06-30,Consumer Defensive,Household & Personal Products,0.9711,6
2014-07-31,Consumer Defensive,Household & Personal Products,0.9034,6
2014-08-29,Consumer Defensive,Household & Personal Products,0.8597,6
2014-09-30,Consumer Defensive,Household & Personal Products,0.8342,6
2014-10-31,Consumer Defensive,Household & Personal Products,0.8245,6
2014-11-28,Consumer Defensive,Household & Personal Products,0.8285,6
2014-12-31,Consumer Defensive,Household & Personal Products,0.8172,6
2015-01-30,Consumer Defensive,Household & Personal Products,0.8018,6
2015-02-27,Consumer Defensive,Household & Personal Products,0.8194,6
2015-03-31,Consumer Defensive,Household & Personal Products,0.8003,6
2015-04-30,Consumer Defensive,Household & Personal Products,0.8335,6
2015-05-29,Consumer Defensive,Household & Personal Products,0.8280,6
2015-06-30,Consumer Defensive,Household & Personal Products,0.8533,6
2015-07-31,Consumer Defensive,Household & Personal Products,0.8561,6
2015-08-31,Consumer Defensive,Household & Personal Products,0.8433,6
2015-09-30,Consumer Defensive,Household & Personal Products,0.8429,6
2015-10-30,Consumer Defensive,Household & Personal Products,0.8368,6
2015-11-30,Consumer Defensive,Household & Personal Products,0.8200,6
2015-12-31,Consumer Defensive,Household & Personal Products,0.8302,7
2016-01-29,Consumer Defensive,Household & Personal Products,0.8305,7
2016-02-29,Consumer Defensive,Household & Personal Products,0.8290,7
2016-03-31,Consumer Defensive,Household & Personal Products,0.8335,7
2016-04-29,Consumer Defensive,Household & Personal Products,0.7915,7
2016-05-31,Consumer Defensive,Household & Personal Products,0.7812,7
2016-06-30,Consumer Defensive,Household & Personal Products,0.7760,7
2016-07-29,Consumer Defensive,Household & Personal Products,0.7892,7
2016-08-31,Consumer Defensive,Household & Personal Products,0.7958,7
2016-09-30,Consumer Defensive,Household & Personal Products,0.7895,7
2016-10-31,Consumer Defensive,Household & Personal Products,0.7907,8
2016-11-30,Consumer Defensive,Household & Personal Products,0.7914,8
2016-12-30,Consumer Defensive,Household & Personal Products,0.8084,8
2017-01-31,Consumer Defensive,Household & Personal Products,0.8074,8
2017-02-28,Consumer Defensive,Household & Personal Products,0.8386,8
2017-03-31,Consumer Defensive,Household & Personal Products,0.8418,8
2017-04-28,Consumer Defensive,Household & Personal Products,0.8752,8
2017-05-31,Consumer Defensive,Household & Personal Products,0.8962,8
2017-06-30,Consumer Defensive,Household & Personal Products,0.8893,8
2017-07-31,Consumer Defensive,Household & Personal Products,0.9082,8
2017-08-31,Consumer Defensive,Household & Personal Products,0.8852,8
2017-09-29,Consumer Defensive,Household & Personal Products,0.8719,8
2017-10-31,Consumer Defensive,Household & Personal Products,0.8718,8
2017-11-30,Consumer Defensive,Household & Personal Products,0.8469,8
2017-12-29,Consumer Defensive,Household & Personal Products,0.8512,8
2018-01-31,Consumer Defensive,Household & Personal Products,0.8795,8
2018-02-28,Consumer Defensive,Household & Personal Products,0.8347,8
2018-03-29,Consumer Defensive,Household & Personal Products,0.8368,8
2018-04-30,Consumer Defensive,Household & Personal Products,0.8611,8
2018-05-31,Consumer Defensive,Household & Personal Products,0.7970,8
2018-06-29,Consumer Defensive,Household & Personal Products,0.7416,8
2018-07-31,Consumer Defensive,Household & Personal Products,0.7568,8
2018-08-31,Consumer Defensive,Household & Personal Products,0.7721,8
2018-09-28,Consumer Defensive,Household & Personal Products,0.7842,8
2018-10-31,Consumer Defensive,Household & Personal Products,0.7868,8
2018-11-30,Consumer Defensive,Household & Personal Products,0.7927,8
2018-12-31,Consumer Defensive,Household & Personal Products,0.7951,8
2019-01-31,Consumer Defensive,Household & Personal Products,0.7295,8
2019-02-28,Consumer Defensive,Household & Personal Products,0.6880,8
2019-03-29,Consumer Defensive,Household & Personal Products,0.6989,8
2019-04-30,Consumer Defensive,Household & Personal Products,0.6900,8
2019-05-31,Consumer Defensive,Household & Personal Products,0.6899,8
2019-06-28,Consumer Defensive,Household & Personal Products,0.6966,8
2019-07-31,Consumer Defensive,Household & Personal Products,0.6927,8
2019-08-30,Consumer Defensive,Household & Personal Products,0.6875,8
2019-09-30,Consumer Defensive,Household & Personal Products,0.6890,8
2019-10-31,Consumer Defensive,Household & Personal Products,0.7070,8
2019-11-29,Consumer Defensive,Household & Personal Products,0.7075,8
2019-12-31,Consumer Defensive,Household & Personal Products,0.7180,8
2020-01-31,Consumer Defensive,Household & Personal Products,0.7559,8
2020-02-28,Consumer Defensive,Household & Personal Products,0.7807,8
2020-03-31,Consumer Defensive,Household & Personal Products,0.7946,8
2020-04-30,Consumer Defensive,Household & Personal Products,0.7951,8
2020-05-29,Consumer Defensive,Household & Personal Products,0.7948,8
2020-06-30,Consumer Defensive,Household & Personal Products,0.8606,8
2020-07-31,Consumer Defensive,Household & Personal Products,0.8476,8
2020-08-31,Consumer Defensive,Household & Personal Products,0.8556,8
2020-09-30,Consumer Defensive,Household & Personal Products,0.8388,7
2020-10-30,Consumer Defensive,Household & Personal Products,0.8298,7
2020-11-30,Consumer Defensive,Household & Personal Products,0.8166,7
2020-12-31,Consumer Defensive,Household & Personal Products,0.7911,7
2021-01-29,Consumer Defensive,Household & Personal Products,0.7891,7
2021-02-26,Consumer Defensive,Household & Personal Products,0.7920,7
2021-03-31,Consumer Defensive,Household & Personal Products,0.7972,7
2021-04-30,Consumer Defensive,Household & Personal Products,0.7900,7
2021-05-28,Consumer Defensive,Household & Personal Products,0.7868,7
2021-06-30,Consumer Defensive,Household & Personal Products,0.7145,7
2021-07-30,Consumer Defensive,Household & Personal Products,0.7066,7
2021-08-31,Consumer Defensive,Household & Personal Products,0.6918,7
2021-09-30,Consumer Defensive,Household & Personal Products,0.7011,7
2021-10-29,Consumer Defensive,Household & Personal Products,0.7013,7
2021-11-30,Consumer Defensive,Household & Personal Products,0.7185,7
2021-12-31,Consumer Defensive,Household & Personal Products,0.7315,7
2022-01-31,Consumer Defensive,Household & Personal Products,0.7326,7
2022-02-28,Consumer Defensive,Household & Personal Products,0.7277,7
2022-03-31,Consumer Defensive,Household & Personal Products,0.7380,7
2022-04-29,Consumer Defensive,Household & Personal Products,0.7218,7
2022-05-31,Consumer Defensive,Household & Personal Products,0.7127,7
2022-06-30,Consumer Defensive,Household & Personal Products,0.6671,7
2022-07-29,Consumer Defensive,Household & Personal Products,0.6355,7
2022-08-31,Consumer Defensive,Household & Personal Products,0.6507,7
2022-09-30,Consumer Defensive,Household & Personal Products,0.6489,7
2022-10-31,Consumer Defensive,Household & Personal Products,0.6688,7
2022-11-30,Consumer Defensive,Household & Personal Products,0.6794,7
2022-12-30,Consumer Defensive,Household & Personal Products,0.6928,7
2023-01-31,Consumer Defensive,Household & Personal Products,0.6987,7
2023-02-28,Consumer Defensive,Household & Personal Products,0.6944,7
2023-03-31,Consumer Defensive,Household & Personal Products,0.6871,7
2023-04-28,Consumer Defensive,Household & Personal Products,0.6958,7
2023-05-31,Consumer Defensive,Household & Personal Products,0.7050,7
2023-06-30,Consumer Defensive,Household & Personal Products,0.7101,7
2023-07-31,Consumer Defensive,Household & Personal Products,0.7360,7
2023-08-31,Consumer Defensive,Household & Personal Products,0.7359,8
2023-09-29,Consumer Defensive,Household & Personal Products,0.7518,7
2023-10-31,Consumer Defensive,Household & Personal Products,0.7443,7
2023-11-30,Consumer Defensive,Household & Personal Products,0.7397,7
2023-12-29,Consumer Defensive,Household & Personal Products,0.7424,7
2024-01-31,Consumer Defensive,Household & Personal Products,0.7519,7
2024-02-29,Consumer Defensive,Household & Personal Products,0.7575,7
2024-03-28,Consumer Defensive,Household & Personal Products,0.7907,7
2024-04-30,Consumer Defensive,Household & Personal Products,0.7964,7
2024-05-31,Consumer Defensive,Household & Personal Products,0.7957,7
2024-06-28,Consumer Defensive,Household & Personal Products,0.8086,7
2024-07-31,Consumer Defensive,Household & Personal Products,0.7847,7
2024-08-30,Consumer Defensive,Household & Personal Products,0.7817,7
2024-09-30,Consumer Defensive,Household & Personal Products,0.8005,7
2024-10-31,Consumer Defensive,Household & Personal Products,0.8104,7
2024-11-29,Consumer Defensive,Household & Personal Products,0.8160,7
2024-12-31,Consumer Defensive,Household & Personal Products,0.8235,7
2025-01-31,Consumer Defensive,Household & Personal Products,0.8303,7
2025-02-28,Consumer Defensive,Household & Personal Products,0.8597,7
2025-03-31,Consumer Defensive,Household & Personal Products,0.8385,7
2025-04-30,Consumer Defensive,Household & Personal Products,0.8641,7
2025-05-30,Consumer Defensive,Household & Personal Products,0.9198,7
2025-06-30,Consumer Defensive,Household & Personal Products,0.9183,7
2025-07-31,Consumer Defensive,Household & Personal Products,0.8906,7
2025-08-29,Consumer Defensive,Household & Personal Products,0.9006,7
2025-09-30,Consumer Defensive,Household & Personal Products,0.9117,7
2025-10-31,Consumer Defensive,Household & Personal Products,0.9249,7
2025-11-28,Consumer Defensive,Household & Personal Products,0.9457,7
2025-12-31,Consumer Defensive,Household & Personal Products,0.9629,7
2026-01-30,Consumer Defensive,Household & Personal Products,0.9685,7
2026-02-27,Consumer Defensive,Household & Personal Products,0.9492,7
2026-03-31,Consumer Defensive,Household & Personal Products,0.9671,7
2026-04-30,Consumer Defensive,Household & Personal Products,0.9671,7
2026-05-29,Consumer Defensive,Household & Personal Products,0.9769,7
2026-06-30,Consumer Defensive,Household & Personal Products,1.0076,7
2026-07-31,Consumer Defensive,Household & Personal Products,1.1501,7
2026-08-12,Consumer Defensive,Household & Personal Products,1.1551,7
2008-11-28,Consumer Defensive,Packaged Foods,0.6352,6
2008-12-31,Consumer Defensive,Packaged Foods,0.5420,6
2009-01-30,Consumer Defensive,Packaged Foods,0.5953,6
2009-02-27,Consumer Defensive,Packaged Foods,0.5971,6
2009-03-31,Consumer Defensive,Packaged Foods,0.6063,7
2009-04-30,Consumer Defensive,Packaged Foods,0.5928,7
2009-05-29,Consumer Defensive,Packaged Foods,0.5873,7
2009-06-30,Consumer Defensive,Packaged Foods,0.6049,7
2009-07-31,Consumer Defensive,Packaged Foods,0.6052,7
2009-08-31,Consumer Defensive,Packaged Foods,0.6047,7
2009-09-30,Consumer Defensive,Packaged Foods,0.6105,7
2009-10-30,Consumer Defensive,Packaged Foods,0.6033,7
2009-11-30,Consumer Defensive,Packaged Foods,0.5967,7
2009-12-31,Consumer Defensive,Packaged Foods,0.6345,7
2010-01-29,Consumer Defensive,Packaged Foods,0.6165,7
2010-02-26,Consumer Defensive,Packaged Foods,0.6319,7
2010-03-31,Consumer Defensive,Packaged Foods,0.6296,7
2010-04-30,Consumer Defensive,Packaged Foods,0.6309,7
2010-05-28,Consumer Defensive,Packaged Foods,0.6391,7
2010-06-30,Consumer Defensive,Packaged Foods,0.6080,7
2010-07-30,Consumer Defensive,Packaged Foods,0.6003,7
2010-08-31,Consumer Defensive,Packaged Foods,0.6027,7
2010-09-30,Consumer Defensive,Packaged Foods,0.5996,7
2010-10-29,Consumer Defensive,Packaged Foods,0.6175,7
2010-11-30,Consumer Defensive,Packaged Foods,0.6170,7
2010-12-31,Consumer Defensive,Packaged Foods,0.6514,7
2011-01-31,Consumer Defensive,Packaged Foods,0.6342,7
2011-02-28,Consumer Defensive,Packaged Foods,0.6361,7
2011-03-31,Consumer Defensive,Packaged Foods,0.6295,7
2011-04-29,Consumer Defensive,Packaged Foods,0.6402,7
2011-05-31,Consumer Defensive,Packaged Foods,0.6418,7
2011-06-30,Consumer Defensive,Packaged Foods,0.6164,7
2011-07-29,Consumer Defensive,Packaged Foods,0.6346,7
2011-08-31,Consumer Defensive,Packaged Foods,0.6523,7
2011-09-30,Consumer Defensive,Packaged Foods,0.6542,7
2011-10-31,Consumer Defensive,Packaged Foods,0.6437,7
2011-11-30,Consumer Defensive,Packaged Foods,0.6388,7
2011-12-30,Consumer Defensive,Packaged Foods,0.6434,7
2012-01-31,Consumer Defensive,Packaged Foods,0.6390,7
2012-02-29,Consumer Defensive,Packaged Foods,0.6479,7
2012-03-30,Consumer Defensive,Packaged Foods,0.6496,7
2012-04-30,Consumer Defensive,Packaged Foods,0.6514,7
2012-05-31,Consumer Defensive,Packaged Foods,0.6443,7
2012-06-29,Consumer Defensive,Packaged Foods,0.6402,7
2012-07-31,Consumer Defensive,Packaged Foods,0.6336,7
2012-08-31,Consumer Defensive,Packaged Foods,0.6242,7
2012-09-28,Consumer Defensive,Packaged Foods,0.6175,7
2012-10-31,Consumer Defensive,Packaged Foods,0.6092,7
2012-11-30,Consumer Defensive,Packaged Foods,0.6101,7
2012-12-31,Consumer Defensive,Packaged Foods,0.6052,7
2013-01-31,Consumer Defensive,Packaged Foods,0.6072,8
2013-02-28,Consumer Defensive,Packaged Foods,0.5890,8
2013-03-28,Consumer Defensive,Packaged Foods,0.5813,8
2013-04-30,Consumer Defensive,Packaged Foods,0.5770,8
2013-05-31,Consumer Defensive,Packaged Foods,0.5882,8
2013-06-28,Consumer Defensive,Packaged Foods,0.6007,8
2013-07-31,Consumer Defensive,Packaged Foods,0.6052,8
2013-08-30,Consumer Defensive,Packaged Foods,0.6409,8
2013-09-30,Consumer Defensive,Packaged Foods,0.6745,8
2013-10-31,Consumer Defensive,Packaged Foods,0.6742,8
2013-11-29,Consumer Defensive,Packaged Foods,0.7086,8
2013-12-31,Consumer Defensive,Packaged Foods,0.7202,8
2014-01-31,Consumer Defensive,Packaged Foods,0.7479,8
2014-02-28,Consumer Defensive,Packaged Foods,0.7873,8
2014-03-31,Consumer Defensive,Packaged Foods,0.8184,8
2014-04-30,Consumer Defensive,Packaged Foods,0.8839,8
2014-05-30,Consumer Defensive,Packaged Foods,0.8926,8
2014-06-30,Consumer Defensive,Packaged Foods,0.8986,8
2014-07-31,Consumer Defensive,Packaged Foods,0.8714,8
2014-08-29,Consumer Defensive,Packaged Foods,0.8587,8
2014-09-30,Consumer Defensive,Packaged Foods,0.8583,8
2014-10-31,Consumer Defensive,Packaged Foods,0.8872,8
2014-11-28,Consumer Defensive,Packaged Foods,0.8855,8
2014-12-31,Consumer Defensive,Packaged Foods,0.8934,8
2015-01-30,Consumer Defensive,Packaged Foods,0.8841,8
2015-02-27,Consumer Defensive,Packaged Foods,0.8957,8
2015-03-31,Consumer Defensive,Packaged Foods,0.8899,8
2015-04-30,Consumer Defensive,Packaged Foods,0.8787,8
2015-05-29,Consumer Defensive,Packaged Foods,0.8813,8
2015-06-30,Consumer Defensive,Packaged Foods,0.9373,8
2015-07-31,Consumer Defensive,Packaged Foods,0.9572,8
2015-08-31,Consumer Defensive,Packaged Foods,0.9507,8
2015-09-30,Consumer Defensive,Packaged Foods,1.1176,8
2015-10-30,Consumer Defensive,Packaged Foods,1.0800,8
2015-11-30,Consumer Defensive,Packaged Foods,0.9856,8
2015-12-31,Consumer Defensive,Packaged Foods,1.0014,8
2016-01-29,Consumer Defensive,Packaged Foods,1.0112,8
2016-02-29,Consumer Defensive,Packaged Foods,1.0213,8
2016-03-31,Consumer Defensive,Packaged Foods,1.0088,8
2016-04-29,Consumer Defensive,Packaged Foods,0.9663,8
2016-05-31,Consumer Defensive,Packaged Foods,0.9467,8
2016-06-30,Consumer Defensive,Packaged Foods,0.9272,8
2016-07-29,Consumer Defensive,Packaged Foods,0.9480,8
2016-08-31,Consumer Defensive,Packaged Foods,0.9802,8
2016-09-30,Consumer Defensive,Packaged Foods,0.8994,8
2016-10-31,Consumer Defensive,Packaged Foods,0.9042,8
2016-11-30,Consumer Defensive,Packaged Foods,0.9383,8
2016-12-30,Consumer Defensive,Packaged Foods,0.9497,8
2017-01-31,Consumer Defensive,Packaged Foods,0.9546,8
2017-02-28,Consumer Defensive,Packaged Foods,1.0018,8
2017-03-31,Consumer Defensive,Packaged Foods,1.0232,8
2017-04-28,Consumer Defensive,Packaged Foods,1.0633,8
2017-05-31,Consumer Defensive,Packaged Foods,1.1362,8
2017-06-30,Consumer Defensive,Packaged Foods,1.1159,8
2017-07-31,Consumer Defensive,Packaged Foods,1.1289,8
2017-08-31,Consumer Defensive,Packaged Foods,1.0803,8
2017-09-29,Consumer Defensive,Packaged Foods,1.0698,8
2017-10-31,Consumer Defensive,Packaged Foods,1.0625,8
2017-11-30,Consumer Defensive,Packaged Foods,1.0963,8
2017-12-29,Consumer Defensive,Packaged Foods,1.1007,8
2018-01-31,Consumer Defensive,Packaged Foods,1.1125,8
2018-02-28,Consumer Defensive,Packaged Foods,1.0756,8
2018-03-29,Consumer Defensive,Packaged Foods,1.0840,8
2018-04-30,Consumer Defensive,Packaged Foods,1.1193,8
2018-05-31,Consumer Defensive,Packaged Foods,0.9799,8
2018-06-29,Consumer Defensive,Packaged Foods,0.9240,8
2018-07-31,Consumer Defensive,Packaged Foods,0.9180,8
2018-08-31,Consumer Defensive,Packaged Foods,0.9258,8
2018-09-28,Consumer Defensive,Packaged Foods,0.9397,8
2018-10-31,Consumer Defensive,Packaged Foods,0.9450,8
2018-11-30,Consumer Defensive,Packaged Foods,0.9422,8
2018-12-31,Consumer Defensive,Packaged Foods,0.9447,9
2019-01-31,Consumer Defensive,Packaged Foods,0.8376,9
2019-02-28,Consumer Defensive,Packaged Foods,0.8095,9
2019-03-29,Consumer Defensive,Packaged Foods,0.7770,9
2019-04-30,Consumer Defensive,Packaged Foods,0.7731,9
2019-05-31,Consumer Defensive,Packaged Foods,0.8486,9
2019-06-28,Consumer Defensive,Packaged Foods,0.8541,9
2019-07-31,Consumer Defensive,Packaged Foods,0.8508,9
2019-08-30,Consumer Defensive,Packaged Foods,0.8426,9
2019-09-30,Consumer Defensive,Packaged Foods,0.8340,9
2019-10-31,Consumer Defensive,Packaged Foods,0.8237,9
2019-11-29,Consumer Defensive,Packaged Foods,0.8086,9
2019-12-31,Consumer Defensive,Packaged Foods,0.8049,9
2020-01-31,Consumer Defensive,Packaged Foods,0.8126,9
2020-02-28,Consumer Defensive,Packaged Foods,0.8388,9
2020-03-31,Consumer Defensive,Packaged Foods,0.8850,9
2020-04-30,Consumer Defensive,Packaged Foods,0.8814,9
2020-05-29,Consumer Defensive,Packaged Foods,0.7653,9
2020-06-30,Consumer Defensive,Packaged Foods,0.7845,9
2020-07-31,Consumer Defensive,Packaged Foods,0.7694,9
2020-08-31,Consumer Defensive,Packaged Foods,0.7734,9
2020-09-30,Consumer Defensive,Packaged Foods,0.7656,9
2020-10-30,Consumer Defensive,Packaged Foods,0.7631,9
2020-11-30,Consumer Defensive,Packaged Foods,0.7515,9
2020-12-31,Consumer Defensive,Packaged Foods,0.7473,9
2021-01-29,Consumer Defensive,Packaged Foods,0.7520,9
2021-02-26,Consumer Defensive,Packaged Foods,0.7484,9
2021-03-31,Consumer Defensive,Packaged Foods,0.7545,9
2021-04-30,Consumer Defensive,Packaged Foods,0.7557,9
2021-05-28,Consumer Defensive,Packaged Foods,0.7530,9
2021-06-30,Consumer Defensive,Packaged Foods,0.7331,9
2021-07-30,Consumer Defensive,Packaged Foods,0.7473,9
2021-08-31,Consumer Defensive,Packaged Foods,0.7308,9
2021-09-30,Consumer Defensive,Packaged Foods,0.7415,9
2021-10-29,Consumer Defensive,Packaged Foods,0.7489,9
2021-11-30,Consumer Defensive,Packaged Foods,0.7732,9
2021-12-31,Consumer Defensive,Packaged Foods,0.7732,9
2022-01-31,Consumer Defensive,Packaged Foods,0.7805,9
2022-02-28,Consumer Defensive,Packaged Foods,0.7691,9
2022-03-31,Consumer Defensive,Packaged Foods,0.7778,9
2022-04-29,Consumer Defensive,Packaged Foods,0.7402,9
2022-05-31,Consumer Defensive,Packaged Foods,0.7372,9
2022-06-30,Consumer Defensive,Packaged Foods,0.7298,9
2022-07-29,Consumer Defensive,Packaged Foods,0.6911,9
2022-08-31,Consumer Defensive,Packaged Foods,0.7485,9
2022-09-30,Consumer Defensive,Packaged Foods,0.7224,9
2022-10-31,Consumer Defensive,Packaged Foods,0.7147,9
2022-11-30,Consumer Defensive,Packaged Foods,0.7073,9
2022-12-30,Consumer Defensive,Packaged Foods,0.7070,9
2023-01-31,Consumer Defensive,Packaged Foods,0.7139,9
2023-02-28,Consumer Defensive,Packaged Foods,0.7076,9
2023-03-31,Consumer Defensive,Packaged Foods,0.6999,9
2023-04-28,Consumer Defensive,Packaged Foods,0.7197,9
2023-05-31,Consumer Defensive,Packaged Foods,0.7251,9
2023-06-30,Consumer Defensive,Packaged Foods,0.7210,9
2023-07-31,Consumer Defensive,Packaged Foods,0.7396,9
2023-08-31,Consumer Defensive,Packaged Foods,0.6943,9
2023-09-29,Consumer Defensive,Packaged Foods,0.7251,9
2023-10-31,Consumer Defensive,Packaged Foods,0.7261,9
2023-11-30,Consumer Defensive,Packaged Foods,0.7401,9
2023-12-29,Consumer Defensive,Packaged Foods,0.7473,9
2024-01-31,Consumer Defensive,Packaged Foods,0.7913,9
2024-02-29,Consumer Defensive,Packaged Foods,0.8002,9
2024-03-28,Consumer Defensive,Packaged Foods,0.8327,9
2024-04-30,Consumer Defensive,Packaged Foods,0.8212,9
2024-05-31,Consumer Defensive,Packaged Foods,0.8519,9
2024-06-28,Consumer Defensive,Packaged Foods,0.8621,9
2024-07-31,Consumer Defensive,Packaged Foods,0.8616,9
2024-08-30,Consumer Defensive,Packaged Foods,0.8516,9
2024-09-30,Consumer Defensive,Packaged Foods,0.8776,9
2024-10-31,Consumer Defensive,Packaged Foods,0.8657,9
2024-11-29,Consumer Defensive,Packaged Foods,0.8843,9
2024-12-31,Consumer Defensive,Packaged Foods,0.8959,9
2025-01-31,Consumer Defensive,Packaged Foods,0.8768,9
2025-02-28,Consumer Defensive,Packaged Foods,0.8984,9
2025-03-31,Consumer Defensive,Packaged Foods,0.8891,9
2025-04-30,Consumer Defensive,Packaged Foods,0.9112,9
2025-05-30,Consumer Defensive,Packaged Foods,0.9313,9
2025-06-30,Consumer Defensive,Packaged Foods,0.9219,9
2025-07-31,Consumer Defensive,Packaged Foods,0.8412,9
2025-08-29,Consumer Defensive,Packaged Foods,0.8613,9
2025-09-30,Consumer Defensive,Packaged Foods,0.8715,9
2025-10-31,Consumer Defensive,Packaged Foods,0.9024,9
2025-11-28,Consumer Defensive,Packaged Foods,0.9250,9
2025-12-31,Consumer Defensive,Packaged Foods,0.9540,8
2026-01-30,Consumer Defensive,Packaged Foods,0.9578,8
2026-02-27,Consumer Defensive,Packaged Foods,0.9467,8
2026-03-31,Consumer Defensive,Packaged Foods,0.9515,7
2026-04-30,Consumer Defensive,Packaged Foods,0.9859,7
2026-05-29,Consumer Defensive,Packaged Foods,1.0202,7
2026-06-30,Consumer Defensive,Packaged Foods,1.0749,6
2005-01-31,Energy,Oil & Gas E&P,1.4624,8
2005-02-28,Energy,Oil & Gas E&P,1.4995,8
2005-03-31,Energy,Oil & Gas E&P,1.5733,8
2005-04-29,Energy,Oil & Gas E&P,1.5756,8
2005-05-31,Energy,Oil & Gas E&P,1.6009,8
2005-06-30,Energy,Oil & Gas E&P,1.7144,8
2005-07-29,Energy,Oil & Gas E&P,1.7521,8
2005-08-31,Energy,Oil & Gas E&P,1.8154,9
2005-09-30,Energy,Oil & Gas E&P,1.8862,9
2005-10-31,Energy,Oil & Gas E&P,1.9387,9
2005-11-30,Energy,Oil & Gas E&P,1.9927,9
2005-12-30,Energy,Oil & Gas E&P,2.1145,9
2006-01-31,Energy,Oil & Gas E&P,2.2738,9
2006-02-28,Energy,Oil & Gas E&P,2.3487,9
2006-03-31,Energy,Oil & Gas E&P,2.3885,9
2006-04-28,Energy,Oil & Gas E&P,2.4013,9
2006-05-31,Energy,Oil & Gas E&P,2.4271,9
2006-06-30,Energy,Oil & Gas E&P,2.4534,10
2006-07-31,Energy,Oil & Gas E&P,2.5124,10
2006-08-31,Energy,Oil & Gas E&P,2.3650,10
2006-09-29,Energy,Oil & Gas E&P,2.3535,10
2006-10-31,Energy,Oil & Gas E&P,2.3330,10
2006-11-30,Energy,Oil & Gas E&P,2.3359,10
2006-12-29,Energy,Oil & Gas E&P,2.3288,10
2007-01-31,Energy,Oil & Gas E&P,2.2223,10
2007-02-28,Energy,Oil & Gas E&P,2.1536,10
2007-03-30,Energy,Oil & Gas E&P,2.1273,10
2007-04-30,Energy,Oil & Gas E&P,2.1156,10
2007-05-31,Energy,Oil & Gas E&P,1.9821,10
2007-06-29,Energy,Oil & Gas E&P,1.9357,10
2007-07-31,Energy,Oil & Gas E&P,1.9214,10
2007-08-31,Energy,Oil & Gas E&P,1.9212,10
2007-09-28,Energy,Oil & Gas E&P,1.8948,10
2007-10-31,Energy,Oil & Gas E&P,1.8638,10
2007-11-30,Energy,Oil & Gas E&P,1.7327,10
2007-12-31,Energy,Oil & Gas E&P,1.6643,11
2008-01-31,Energy,Oil & Gas E&P,1.6174,11
2008-02-29,Energy,Oil & Gas E&P,1.4919,11
2008-03-31,Energy,Oil & Gas E&P,1.4433,11
2008-04-30,Energy,Oil & Gas E&P,1.3691,11
2008-05-30,Energy,Oil & Gas E&P,1.4110,11
2008-06-30,Energy,Oil & Gas E&P,1.4307,11
2008-07-31,Energy,Oil & Gas E&P,1.4229,11
2008-08-29,Energy,Oil & Gas E&P,1.4260,11
2008-09-30,Energy,Oil & Gas E&P,1.3984,12
2008-10-31,Energy,Oil & Gas E&P,1.4267,12
2008-11-28,Energy,Oil & Gas E&P,1.4554,12
2008-12-31,Energy,Oil & Gas E&P,1.4180,13
2009-01-30,Energy,Oil & Gas E&P,1.6090,14
2009-02-27,Energy,Oil & Gas E&P,1.6131,14
2009-03-31,Energy,Oil & Gas E&P,1.6322,14
2009-04-30,Energy,Oil & Gas E&P,1.6169,14
2009-05-29,Energy,Oil & Gas E&P,1.6114,14
2009-06-30,Energy,Oil & Gas E&P,1.5984,14
2009-07-31,Energy,Oil & Gas E&P,1.6060,14
2009-08-31,Energy,Oil & Gas E&P,1.6118,14
2009-09-30,Energy,Oil & Gas E&P,1.6129,14
2009-10-30,Energy,Oil & Gas E&P,1.6137,14
2009-11-30,Energy,Oil & Gas E&P,1.6078,14
2009-12-31,Energy,Oil & Gas E&P,1.6589,14
2010-01-29,Energy,Oil & Gas E&P,1.5811,14
2010-02-26,Energy,Oil & Gas E&P,1.6011,14
2010-03-31,Energy,Oil & Gas E&P,1.5859,14
2010-04-30,Energy,Oil & Gas E&P,1.5861,14
2010-05-28,Energy,Oil & Gas E&P,1.5804,14
2010-06-30,Energy,Oil & Gas E&P,1.6014,14
2010-07-30,Energy,Oil & Gas E&P,1.5621,15
2010-08-31,Energy,Oil & Gas E&P,1.5263,15
2010-09-30,Energy,Oil & Gas E&P,1.5064,15
2010-10-29,Energy,Oil & Gas E&P,1.4818,15
2010-11-30,Energy,Oil & Gas E&P,1.4700,15
2010-12-31,Energy,Oil & Gas E&P,1.4924,15
2011-01-31,Energy,Oil & Gas E&P,1.3863,15
2011-02-28,Energy,Oil & Gas E&P,1.3629,15
2011-03-31,Energy,Oil & Gas E&P,1.3323,15
2011-04-29,Energy,Oil & Gas E&P,1.3398,15
2011-05-31,Energy,Oil & Gas E&P,1.3106,15
2011-06-30,Energy,Oil & Gas E&P,1.3061,15
2011-07-29,Energy,Oil & Gas E&P,1.3449,15
2011-08-31,Energy,Oil & Gas E&P,1.3266,15
2011-09-30,Energy,Oil & Gas E&P,1.3176,15
2011-10-31,Energy,Oil & Gas E&P,1.3426,15
2011-11-30,Energy,Oil & Gas E&P,1.3310,15
2011-12-30,Energy,Oil & Gas E&P,1.4039,15
2012-01-31,Energy,Oil & Gas E&P,1.4180,16
2012-02-29,Energy,Oil & Gas E&P,1.4259,16
2012-03-30,Energy,Oil & Gas E&P,1.4479,16
2012-04-30,Energy,Oil & Gas E&P,1.4542,16
2012-05-31,Energy,Oil & Gas E&P,1.4544,15
2012-06-29,Energy,Oil & Gas E&P,1.4471,15
2012-07-31,Energy,Oil & Gas E&P,1.4203,15
2012-08-31,Energy,Oil & Gas E&P,1.4097,15
2012-09-28,Energy,Oil & Gas E&P,1.4368,15
2012-10-31,Energy,Oil & Gas E&P,1.4611,15
2012-11-30,Energy,Oil & Gas E&P,1.5054,15
2012-12-31,Energy,Oil & Gas E&P,1.4670,15
2013-01-31,Energy,Oil & Gas E&P,1.4284,15
2013-02-28,Energy,Oil & Gas E&P,1.3875,15
2013-03-28,Energy,Oil & Gas E&P,1.3422,15
2013-04-30,Energy,Oil & Gas E&P,1.3289,15
2013-05-31,Energy,Oil & Gas E&P,1.3358,15
2013-06-28,Energy,Oil & Gas E&P,1.3273,15
2013-07-31,Energy,Oil & Gas E&P,1.3447,15
2013-08-30,Energy,Oil & Gas E&P,1.3544,15
2013-09-30,Energy,Oil & Gas E&P,1.3224,15
2013-10-31,Energy,Oil & Gas E&P,1.2946,15
2013-11-29,Energy,Oil & Gas E&P,1.3043,15
2013-12-31,Energy,Oil & Gas E&P,1.2474,15
2014-01-31,Energy,Oil & Gas E&P,1.2595,15
2014-02-28,Energy,Oil & Gas E&P,1.2754,15
2014-03-31,Energy,Oil & Gas E&P,1.2749,14
2014-04-30,Energy,Oil & Gas E&P,1.2957,14
2014-05-30,Energy,Oil & Gas E&P,1.2849,14
2014-06-30,Energy,Oil & Gas E&P,1.2867,15
2014-07-31,Energy,Oil & Gas E&P,1.1977,15
2014-08-29,Energy,Oil & Gas E&P,1.1633,15
2014-09-30,Energy,Oil & Gas E&P,1.1587,15
2014-10-31,Energy,Oil & Gas E&P,1.1385,15
2014-11-28,Energy,Oil & Gas E&P,1.1533,15
2014-12-31,Energy,Oil & Gas E&P,1.1673,15
2015-01-30,Energy,Oil & Gas E&P,1.2748,15
2015-02-27,Energy,Oil & Gas E&P,1.4963,15
2015-03-31,Energy,Oil & Gas E&P,1.5640,15
2015-04-30,Energy,Oil & Gas E&P,1.6777,15
2015-05-29,Energy,Oil & Gas E&P,1.6994,15
2015-06-30,Energy,Oil & Gas E&P,1.7007,15
2015-07-31,Energy,Oil & Gas E&P,1.7433,14
2015-08-31,Energy,Oil & Gas E&P,1.7541,14
2015-09-30,Energy,Oil & Gas E&P,1.7520,14
2015-10-30,Energy,Oil & Gas E&P,1.7524,14
2015-11-30,Energy,Oil & Gas E&P,1.6488,14
2015-12-31,Energy,Oil & Gas E&P,1.6815,14
2016-01-29,Energy,Oil & Gas E&P,1.6863,14
2016-02-29,Energy,Oil & Gas E&P,1.6261,15
2016-03-31,Energy,Oil & Gas E&P,1.6357,14
2016-04-29,Energy,Oil & Gas E&P,1.7069,14
2016-05-31,Energy,Oil & Gas E&P,1.7409,14
2016-06-30,Energy,Oil & Gas E&P,1.8081,14
2016-07-29,Energy,Oil & Gas E&P,1.8466,14
2016-08-31,Energy,Oil & Gas E&P,1.8625,14
2016-09-30,Energy,Oil & Gas E&P,1.8628,14
2016-10-31,Energy,Oil & Gas E&P,1.8976,14
2016-11-30,Energy,Oil & Gas E&P,2.0003,14
2016-12-30,Energy,Oil & Gas E&P,2.0291,14
2017-01-31,Energy,Oil & Gas E&P,2.0171,14
2017-02-28,Energy,Oil & Gas E&P,1.9919,14
2017-03-31,Energy,Oil & Gas E&P,1.9467,14
2017-04-28,Energy,Oil & Gas E&P,1.9397,14
2017-05-31,Energy,Oil & Gas E&P,1.9522,14
2017-06-30,Energy,Oil & Gas E&P,1.9233,14
2017-07-31,Energy,Oil & Gas E&P,1.9257,13
2017-08-31,Energy,Oil & Gas E&P,1.9052,13
2017-09-29,Energy,Oil & Gas E&P,1.8770,13
2017-10-31,Energy,Oil & Gas E&P,1.8629,13
2017-11-30,Energy,Oil & Gas E&P,1.8599,13
2017-12-29,Energy,Oil & Gas E&P,1.8582,13
2018-01-31,Energy,Oil & Gas E&P,1.8505,13
2018-02-28,Energy,Oil & Gas E&P,1.8428,13
2018-03-29,Energy,Oil & Gas E&P,1.8554,13
2018-04-30,Energy,Oil & Gas E&P,1.8269,13
2018-05-31,Energy,Oil & Gas E&P,1.5389,13
2018-06-29,Energy,Oil & Gas E&P,1.3426,12
2018-07-31,Energy,Oil & Gas E&P,1.2807,12
2018-08-31,Energy,Oil & Gas E&P,1.2888,12
2018-09-28,Energy,Oil & Gas E&P,1.2831,12
2018-10-31,Energy,Oil & Gas E&P,1.2564,12
2018-11-30,Energy,Oil & Gas E&P,1.3034,12
2018-12-31,Energy,Oil & Gas E&P,1.2840,13
2019-01-31,Energy,Oil & Gas E&P,1.1998,13
2019-02-28,Energy,Oil & Gas E&P,1.2054,13
2019-03-29,Energy,Oil & Gas E&P,1.1722,13
2019-04-30,Energy,Oil & Gas E&P,1.1555,13
2019-05-31,Energy,Oil & Gas E&P,1.1834,13
2019-06-28,Energy,Oil & Gas E&P,1.2185,13
2019-07-31,Energy,Oil & Gas E&P,1.2358,13
2019-08-30,Energy,Oil & Gas E&P,1.2319,13
2019-09-30,Energy,Oil & Gas E&P,1.2323,13
2019-10-31,Energy,Oil & Gas E&P,1.2333,13
2019-11-29,Energy,Oil & Gas E&P,1.2265,13
2019-12-31,Energy,Oil & Gas E&P,1.2462,13
2020-01-31,Energy,Oil & Gas E&P,1.3079,13
2020-02-28,Energy,Oil & Gas E&P,1.3259,13
2020-03-31,Energy,Oil & Gas E&P,1.4126,12
2020-04-30,Energy,Oil & Gas E&P,1.4343,12
2020-05-29,Energy,Oil & Gas E&P,1.4002,12
2020-06-30,Energy,Oil & Gas E&P,1.9961,12
2020-07-31,Energy,Oil & Gas E&P,1.9964,12
2020-08-31,Energy,Oil & Gas E&P,2.0330,12
2020-09-30,Energy,Oil & Gas E&P,2.0395,12
2020-10-30,Energy,Oil & Gas E&P,2.0495,11
2020-11-30,Energy,Oil & Gas E&P,2.0171,11
2020-12-31,Energy,Oil & Gas E&P,1.9882,11
2021-01-29,Energy,Oil & Gas E&P,2.0030,10
2021-02-26,Energy,Oil & Gas E&P,2.0362,10
2021-03-31,Energy,Oil & Gas E&P,2.0757,10
2021-04-30,Energy,Oil & Gas E&P,2.0805,10
2021-05-28,Energy,Oil & Gas E&P,2.1337,10
2021-06-30,Energy,Oil & Gas E&P,2.0095,10
2021-07-30,Energy,Oil & Gas E&P,2.0138,10
2021-08-31,Energy,Oil & Gas E&P,1.9857,10
2021-09-30,Energy,Oil & Gas E&P,1.9899,10
2021-10-29,Energy,Oil & Gas E&P,2.0061,10
2021-11-30,Energy,Oil & Gas E&P,2.0870,10
2021-12-31,Energy,Oil & Gas E&P,2.1243,10
2022-01-31,Energy,Oil & Gas E&P,2.1362,10
2022-02-28,Energy,Oil & Gas E&P,2.0757,10
2022-03-31,Energy,Oil & Gas E&P,2.0367,10
2022-04-29,Energy,Oil & Gas E&P,1.9736,10
2022-05-31,Energy,Oil & Gas E&P,1.9190,10
2022-06-30,Energy,Oil & Gas E&P,1.6968,10
2022-07-29,Energy,Oil & Gas E&P,1.5680,10
2022-08-31,Energy,Oil & Gas E&P,1.5232,10
2022-09-30,Energy,Oil & Gas E&P,1.5302,10
2022-10-31,Energy,Oil & Gas E&P,1.5225,11
2022-11-30,Energy,Oil & Gas E&P,1.5317,11
2022-12-30,Energy,Oil & Gas E&P,1.5320,11
2023-01-31,Energy,Oil & Gas E&P,1.5219,11
2023-02-28,Energy,Oil & Gas E&P,1.5011,11
2023-03-31,Energy,Oil & Gas E&P,1.4913,11
2023-04-28,Energy,Oil & Gas E&P,1.4832,11
2023-05-31,Energy,Oil & Gas E&P,1.5017,11
2023-06-30,Energy,Oil & Gas E&P,1.5499,11
2023-07-31,Energy,Oil & Gas E&P,1.5904,11
2023-08-31,Energy,Oil & Gas E&P,1.6008,11
2023-09-29,Energy,Oil & Gas E&P,1.5747,11
2023-10-31,Energy,Oil & Gas E&P,1.5605,11
2023-11-30,Energy,Oil & Gas E&P,1.5563,11
2023-12-29,Energy,Oil & Gas E&P,1.5547,11
2024-01-31,Energy,Oil & Gas E&P,1.5705,11
2024-02-29,Energy,Oil & Gas E&P,1.5306,11
2024-03-28,Energy,Oil & Gas E&P,1.5242,11
2024-04-30,Energy,Oil & Gas E&P,1.5133,11
2024-05-31,Energy,Oil & Gas E&P,1.5107,10
2024-06-28,Energy,Oil & Gas E&P,1.4710,10
2024-07-31,Energy,Oil & Gas E&P,1.4074,10
2024-08-30,Energy,Oil & Gas E&P,1.4039,10
2024-09-30,Energy,Oil & Gas E&P,1.3632,10
2024-10-31,Energy,Oil & Gas E&P,1.3059,10
2024-11-29,Energy,Oil & Gas E&P,1.3220,10
2024-12-31,Energy,Oil & Gas E&P,1.3193,10
2025-01-31,Energy,Oil & Gas E&P,1.3569,10
2025-02-28,Energy,Oil & Gas E&P,1.3456,10
2025-03-31,Energy,Oil & Gas E&P,1.3631,11
2025-04-30,Energy,Oil & Gas E&P,1.3641,11
2025-05-30,Energy,Oil & Gas E&P,1.4203,11
2025-06-30,Energy,Oil & Gas E&P,1.3575,11
2025-07-31,Energy,Oil & Gas E&P,1.5541,10
2025-08-29,Energy,Oil & Gas E&P,1.5697,10
2025-09-30,Energy,Oil & Gas E&P,1.5877,10
2025-10-31,Energy,Oil & Gas E&P,1.6319,10
2025-11-28,Energy,Oil & Gas E&P,1.6649,10
2025-12-31,Energy,Oil & Gas E&P,1.6780,10
2026-01-30,Energy,Oil & Gas E&P,1.6719,10
2026-02-27,Energy,Oil & Gas E&P,1.6572,10
2026-03-31,Energy,Oil & Gas E&P,1.6905,10
2026-04-30,Energy,Oil & Gas E&P,1.7046,10
2026-05-29,Energy,Oil & Gas E&P,1.7027,9
2026-06-30,Energy,Oil & Gas E&P,1.7465,9
2026-07-31,Energy,Oil & Gas E&P,1.8100,9
2026-08-12,Energy,Oil & Gas E&P,1.8578,9
2005-10-31,Financial Services,Asset Management,1.3270,6
2005-11-30,Financial Services,Asset Management,1.3222,6
2005-12-30,Financial Services,Asset Management,1.3365,6
2006-01-31,Financial Services,Asset Management,1.3101,6
2006-02-28,Financial Services,Asset Management,1.3044,6
2006-03-31,Financial Services,Asset Management,1.3164,6
2006-04-28,Financial Services,Asset Management,1.2861,6
2006-05-31,Financial Services,Asset Management,1.2715,6
2006-06-30,Financial Services,Asset Management,1.2855,6
2006-07-31,Financial Services,Asset Management,1.3252,6
2006-08-31,Financial Services,Asset Management,1.2906,6
2006-09-29,Financial Services,Asset Management,1.3247,6
2006-10-31,Financial Services,Asset Management,1.3307,6
2006-11-30,Financial Services,Asset Management,1.3215,6
2006-12-29,Financial Services,Asset Management,1.3030,6
2007-01-31,Financial Services,Asset Management,1.2946,6
2007-02-28,Financial Services,Asset Management,1.2871,6
2007-03-30,Financial Services,Asset Management,1.2789,6
2007-04-30,Financial Services,Asset Management,1.2646,6
2007-05-31,Financial Services,Asset Management,1.2804,6
2007-06-29,Financial Services,Asset Management,1.2957,6
2007-07-31,Financial Services,Asset Management,1.2971,6
2007-08-31,Financial Services,Asset Management,1.3167,6
2007-09-28,Financial Services,Asset Management,1.3011,6
2007-10-31,Financial Services,Asset Management,1.3994,6
2007-11-30,Financial Services,Asset Management,1.4344,6
2007-12-31,Financial Services,Asset Management,1.4546,6
2008-01-31,Financial Services,Asset Management,1.5080,6
2008-02-29,Financial Services,Asset Management,1.4623,6
2008-03-31,Financial Services,Asset Management,1.4656,6
2008-04-30,Financial Services,Asset Management,1.4366,6
2008-05-30,Financial Services,Asset Management,1.4698,6
2008-06-30,Financial Services,Asset Management,1.4763,6
2008-07-31,Financial Services,Asset Management,1.4587,6
2008-08-29,Financial Services,Asset Management,1.4646,7
2008-09-30,Financial Services,Asset Management,1.4592,7
2008-10-31,Financial Services,Asset Management,1.4824,7
2008-11-28,Financial Services,Asset Management,1.5076,7
2008-12-31,Financial Services,Asset Management,1.6089,7
2009-01-30,Financial Services,Asset Management,1.6522,8
2009-02-27,Financial Services,Asset Management,1.6843,8
2009-03-31,Financial Services,Asset Management,1.7045,8
2009-04-30,Financial Services,Asset Management,1.7776,8
2009-05-29,Financial Services,Asset Management,1.7980,8
2009-06-30,Financial Services,Asset Management,1.8443,8
2009-07-31,Financial Services,Asset Management,1.8717,8
2009-08-31,Financial Services,Asset Management,1.8954,8
2009-09-30,Financial Services,Asset Management,1.9056,8
2009-10-30,Financial Services,Asset Management,1.9039,8
2009-11-30,Financial Services,Asset Management,1.8999,8
2009-12-31,Financial Services,Asset Management,1.9354,8
2010-01-29,Financial Services,Asset Management,1.9462,8
2010-02-26,Financial Services,Asset Management,2.0174,8
2010-03-31,Financial Services,Asset Management,2.0305,8
2010-04-30,Financial Services,Asset Management,1.9577,8
2010-05-28,Financial Services,Asset Management,1.9269,8
2010-06-30,Financial Services,Asset Management,1.8884,8
2010-07-30,Financial Services,Asset Management,1.8194,8
2010-08-31,Financial Services,Asset Management,1.7578,8
2010-09-30,Financial Services,Asset Management,1.7348,8
2010-10-29,Financial Services,Asset Management,1.7211,8
2010-11-30,Financial Services,Asset Management,1.7103,8
2010-12-31,Financial Services,Asset Management,1.7240,8
2011-01-31,Financial Services,Asset Management,1.7065,8
2011-02-28,Financial Services,Asset Management,1.7147,8
2011-03-31,Financial Services,Asset Management,1.7067,8
2011-04-29,Financial Services,Asset Management,1.6413,9
2011-05-31,Financial Services,Asset Management,1.5842,9
2011-06-30,Financial Services,Asset Management,1.5342,9
2011-07-29,Financial Services,Asset Management,1.4954,9
2011-08-31,Financial Services,Asset Management,1.4428,9
2011-09-30,Financial Services,Asset Management,1.4316,9
2011-10-31,Financial Services,Asset Management,1.4311,9
2011-11-30,Financial Services,Asset Management,1.4562,9
2011-12-30,Financial Services,Asset Management,1.5300,9
2012-01-31,Financial Services,Asset Management,1.5787,9
2012-02-29,Financial Services,Asset Management,1.5884,9
2012-03-30,Financial Services,Asset Management,1.6060,9
2012-04-30,Financial Services,Asset Management,1.6089,9
2012-05-31,Financial Services,Asset Management,1.5990,9
2012-06-29,Financial Services,Asset Management,1.5948,9
2012-07-31,Financial Services,Asset Management,1.5786,9
2012-08-31,Financial Services,Asset Management,1.5640,9
2012-09-28,Financial Services,Asset Management,1.5677,9
2012-10-31,Financial Services,Asset Management,1.5748,9
2012-11-30,Financial Services,Asset Management,1.5793,9
2012-12-31,Financial Services,Asset Management,1.5102,9
2013-01-31,Financial Services,Asset Management,1.4192,8
2013-02-28,Financial Services,Asset Management,1.3503,8
2013-03-28,Financial Services,Asset Management,1.2899,8
2013-04-30,Financial Services,Asset Management,1.2745,8
2013-05-31,Financial Services,Asset Management,1.2870,8
2013-06-28,Financial Services,Asset Management,1.3006,8
2013-07-31,Financial Services,Asset Management,1.3063,8
2013-08-30,Financial Services,Asset Management,1.3377,8
2013-09-30,Financial Services,Asset Management,1.3680,8
2013-10-31,Financial Services,Asset Management,1.3610,8
2013-11-29,Financial Services,Asset Management,1.3680,8
2013-12-31,Financial Services,Asset Management,1.3110,8
2014-01-31,Financial Services,Asset Management,1.2950,8
2014-02-28,Financial Services,Asset Management,1.2942,8
2014-03-31,Financial Services,Asset Management,1.3199,8
2014-04-30,Financial Services,Asset Management,1.4176,8
2014-05-30,Financial Services,Asset Management,1.4292,8
2014-06-30,Financial Services,Asset Management,1.4349,8
2014-07-31,Financial Services,Asset Management,1.3990,9
2014-08-29,Financial Services,Asset Management,1.3787,9
2014-09-30,Financial Services,Asset Management,1.3443,9
2014-10-31,Financial Services,Asset Management,1.3179,9
2014-11-28,Financial Services,Asset Management,1.3100,9
2014-12-31,Financial Services,Asset Management,1.3112,9
2015-01-30,Financial Services,Asset Management,1.3295,9
2015-02-27,Financial Services,Asset Management,1.3492,9
2015-03-31,Financial Services,Asset Management,1.3563,9
2015-04-30,Financial Services,Asset Management,1.3304,9
2015-05-29,Financial Services,Asset Management,1.3267,9
2015-06-30,Financial Services,Asset Management,1.3128,9
2015-07-31,Financial Services,Asset Management,1.3112,9
2015-08-31,Financial Services,Asset Management,1.2924,9
2015-09-30,Financial Services,Asset Management,1.2821,9
2015-10-30,Financial Services,Asset Management,1.2592,9
2015-11-30,Financial Services,Asset Management,1.1797,9
2015-12-31,Financial Services,Asset Management,1.1811,9
2016-01-29,Financial Services,Asset Management,1.1706,9
2016-02-29,Financial Services,Asset Management,1.1631,9
2016-03-31,Financial Services,Asset Management,1.1966,9
2016-04-29,Financial Services,Asset Management,1.2112,9
2016-05-31,Financial Services,Asset Management,1.2323,9
2016-06-30,Financial Services,Asset Management,1.2390,9
2016-07-29,Financial Services,Asset Management,1.2725,9
2016-08-31,Financial Services,Asset Management,1.2816,9
2016-09-30,Financial Services,Asset Management,1.3989,9
2016-10-31,Financial Services,Asset Management,1.4287,9
2016-11-30,Financial Services,Asset Management,1.4983,9
2016-12-30,Financial Services,Asset Management,1.5150,8
2017-01-31,Financial Services,Asset Management,1.5170,8
2017-02-28,Financial Services,Asset Management,1.5262,8
2017-03-31,Financial Services,Asset Management,1.5208,9
2017-04-28,Financial Services,Asset Management,1.5481,9
2017-05-31,Financial Services,Asset Management,1.5777,9
2017-06-30,Financial Services,Asset Management,1.5702,9
2017-07-31,Financial Services,Asset Management,1.5821,9
2017-08-31,Financial Services,Asset Management,1.5666,9
2017-09-29,Financial Services,Asset Management,1.3678,9
2017-10-31,Financial Services,Asset Management,1.3612,9
2017-11-30,Financial Services,Asset Management,1.3911,9
2017-12-29,Financial Services,Asset Management,1.4007,9
2018-01-31,Financial Services,Asset Management,1.3960,9
2018-02-28,Financial Services,Asset Management,1.3929,9
2018-03-29,Financial Services,Asset Management,1.3643,9
2018-04-30,Financial Services,Asset Management,1.3736,9
2018-05-31,Financial Services,Asset Management,1.2539,9
2018-06-29,Financial Services,Asset Management,1.2012,9
2018-07-31,Financial Services,Asset Management,1.1713,9
2018-08-31,Financial Services,Asset Management,1.1828,9
2018-09-28,Financial Services,Asset Management,1.1095,9
2018-10-31,Financial Services,Asset Management,1.1161,9
2018-11-30,Financial Services,Asset Management,1.1162,9
2018-12-31,Financial Services,Asset Management,1.1085,9
2019-01-31,Financial Services,Asset Management,1.0355,9
2019-02-28,Financial Services,Asset Management,1.0048,9
2019-03-29,Financial Services,Asset Management,0.9816,9
2019-04-30,Financial Services,Asset Management,0.9590,9
2019-05-31,Financial Services,Asset Management,0.9528,9
2019-06-28,Financial Services,Asset Management,0.9588,9
2019-07-31,Financial Services,Asset Management,0.9645,10
2019-08-30,Financial Services,Asset Management,0.9612,10
2019-09-30,Financial Services,Asset Management,0.9708,10
2019-10-31,Financial Services,Asset Management,0.9825,10
2019-11-29,Financial Services,Asset Management,0.9918,10
2019-12-31,Financial Services,Asset Management,1.0100,9
2020-01-31,Financial Services,Asset Management,1.0502,9
2020-02-28,Financial Services,Asset Management,1.0724,9
2020-03-31,Financial Services,Asset Management,1.1104,9
2020-04-30,Financial Services,Asset Management,1.1414,9
2020-05-29,Financial Services,Asset Management,1.1297,9
2020-06-30,Financial Services,Asset Management,1.3154,9
2020-07-31,Financial Services,Asset Management,1.3174,9
2020-08-31,Financial Services,Asset Management,1.3474,9
2020-09-30,Financial Services,Asset Management,1.3487,9
2020-10-30,Financial Services,Asset Management,1.3438,9
2020-11-30,Financial Services,Asset Management,1.3219,9
2020-12-31,Financial Services,Asset Management,1.2932,9
2021-01-29,Financial Services,Asset Management,1.2931,9
2021-02-26,Financial Services,Asset Management,1.3016,9
2021-03-31,Financial Services,Asset Management,1.3189,9
2021-04-30,Financial Services,Asset Management,1.3106,9
2021-05-28,Financial Services,Asset Management,1.3174,9
2021-06-30,Financial Services,Asset Management,1.2180,9
2021-07-30,Financial Services,Asset Management,1.2089,9
2021-08-31,Financial Services,Asset Management,1.1684,9
2021-09-30,Financial Services,Asset Management,1.1526,9
2021-10-29,Financial Services,Asset Management,1.1776,9
2021-11-30,Financial Services,Asset Management,1.2108,9
2021-12-31,Financial Services,Asset Management,1.2351,9
2022-01-31,Financial Services,Asset Management,1.2474,9
2022-02-28,Financial Services,Asset Management,1.2312,9
2022-03-31,Financial Services,Asset Management,1.2276,9
2022-04-29,Financial Services,Asset Management,1.1940,9
2022-05-31,Financial Services,Asset Management,1.2115,9
2022-06-30,Financial Services,Asset Management,1.1149,9
2022-07-29,Financial Services,Asset Management,1.0536,9
2022-08-31,Financial Services,Asset Management,1.0039,9
2022-09-30,Financial Services,Asset Management,0.9851,9
2022-10-31,Financial Services,Asset Management,0.9789,9
2022-11-30,Financial Services,Asset Management,0.9954,9
2022-12-30,Financial Services,Asset Management,1.0104,9
2023-01-31,Financial Services,Asset Management,1.0245,9
2023-02-28,Financial Services,Asset Management,1.0361,9
2023-03-31,Financial Services,Asset Management,1.0278,9
2023-04-28,Financial Services,Asset Management,1.0341,9
2023-05-31,Financial Services,Asset Management,1.0255,9
2023-06-30,Financial Services,Asset Management,1.0657,9
2023-07-31,Financial Services,Asset Management,1.1004,9
2023-08-31,Financial Services,Asset Management,1.1425,9
2023-09-29,Financial Services,Asset Management,1.1583,10
2023-10-31,Financial Services,Asset Management,1.1635,10
2023-11-30,Financial Services,Asset Management,1.1628,10
2023-12-29,Financial Services,Asset Management,1.1681,10
2024-01-31,Financial Services,Asset Management,1.1729,10
2024-02-29,Financial Services,Asset Management,1.1771,10
2024-03-28,Financial Services,Asset Management,1.2042,10
2024-04-30,Financial Services,Asset Management,1.2073,10
2024-05-31,Financial Services,Asset Management,1.2147,10
2024-06-28,Financial Services,Asset Management,1.1817,11
2024-07-31,Financial Services,Asset Management,1.1369,11
2024-08-30,Financial Services,Asset Management,1.1576,11
2024-09-30,Financial Services,Asset Management,1.1660,11
2024-10-31,Financial Services,Asset Management,1.1755,11
2024-11-29,Financial Services,Asset Management,1.1826,11
2024-12-31,Financial Services,Asset Management,1.1861,12
2025-01-31,Financial Services,Asset Management,1.1813,12
2025-02-28,Financial Services,Asset Management,1.1752,12
2025-03-31,Financial Services,Asset Management,1.2032,12
2025-04-30,Financial Services,Asset Management,1.2633,12
2025-05-30,Financial Services,Asset Management,1.3160,12
2025-06-30,Financial Services,Asset Management,1.3128,12
2025-07-31,Financial Services,Asset Management,1.4603,12
2025-08-29,Financial Services,Asset Management,1.4803,12
2025-09-30,Financial Services,Asset Management,1.5049,12
2025-10-31,Financial Services,Asset Management,1.5446,12
2025-11-28,Financial Services,Asset Management,1.5632,12
2025-12-31,Financial Services,Asset Management,1.5881,13
2026-01-30,Financial Services,Asset Management,1.5973,13
2026-02-27,Financial Services,Asset Management,1.5933,13
2026-03-31,Financial Services,Asset Management,1.6047,13
2026-04-30,Financial Services,Asset Management,1.6453,13
2026-05-29,Financial Services,Asset Management,1.7045,13
2026-06-30,Financial Services,Asset Management,1.7354,13
2026-07-31,Financial Services,Asset Management,1.8317,13
2026-08-12,Financial Services,Asset Management,1.8266,13
2005-01-31,Financial Services,Banks - Regional,1.0564,10
2005-02-28,Financial Services,Banks - Regional,1.0571,10
2005-03-31,Financial Services,Banks - Regional,1.0675,10
2005-04-29,Financial Services,Banks - Regional,1.0748,10
2005-05-31,Financial Services,Banks - Regional,1.0571,10
2005-06-30,Financial Services,Banks - Regional,1.0456,10
2005-07-29,Financial Services,Banks - Regional,1.0219,10
2005-08-31,Financial Services,Banks - Regional,0.9949,10
2005-09-30,Financial Services,Banks - Regional,1.0025,10
2005-10-31,Financial Services,Banks - Regional,1.0251,10
2005-11-30,Financial Services,Banks - Regional,1.0272,10
2005-12-30,Financial Services,Banks - Regional,1.0407,10
2006-01-31,Financial Services,Banks - Regional,1.0232,10
2006-02-28,Financial Services,Banks - Regional,1.0479,10
2006-03-31,Financial Services,Banks - Regional,1.0468,10
2006-04-28,Financial Services,Banks - Regional,1.0438,10
2006-05-31,Financial Services,Banks - Regional,1.0360,10
2006-06-30,Financial Services,Banks - Regional,1.0245,10
2006-07-31,Financial Services,Banks - Regional,1.0291,10
2006-08-31,Financial Services,Banks - Regional,0.9665,10
2006-09-29,Financial Services,Banks - Regional,0.9534,10
2006-10-31,Financial Services,Banks - Regional,0.9367,10
2006-11-30,Financial Services,Banks - Regional,0.9147,10
2006-12-29,Financial Services,Banks - Regional,0.9003,10
2007-01-31,Financial Services,Banks - Regional,0.8699,10
2007-02-28,Financial Services,Banks - Regional,0.8314,10
2007-03-30,Financial Services,Banks - Regional,0.8128,10
2007-04-30,Financial Services,Banks - Regional,0.7856,10
2007-05-31,Financial Services,Banks - Regional,0.7765,10
2007-06-29,Financial Services,Banks - Regional,0.8090,10
2007-07-31,Financial Services,Banks - Regional,0.8011,10
2007-08-31,Financial Services,Banks - Regional,0.8083,10
2007-09-28,Financial Services,Banks - Regional,0.8196,10
2007-10-31,Financial Services,Banks - Regional,0.9568,10
2007-11-30,Financial Services,Banks - Regional,1.0136,10
2007-12-31,Financial Services,Banks - Regional,1.0257,10
2008-01-31,Financial Services,Banks - Regional,1.0943,10
2008-02-29,Financial Services,Banks - Regional,1.1246,10
2008-03-31,Financial Services,Banks - Regional,1.1456,10
2008-04-30,Financial Services,Banks - Regional,1.1759,10
2008-05-30,Financial Services,Banks - Regional,1.2156,10
2008-06-30,Financial Services,Banks - Regional,1.2247,10
2008-07-31,Financial Services,Banks - Regional,1.2452,10
2008-08-29,Financial Services,Banks - Regional,1.2575,10
2008-09-30,Financial Services,Banks - Regional,1.2915,10
2008-10-31,Financial Services,Banks - Regional,1.4945,10
2008-11-28,Financial Services,Banks - Regional,1.5625,10
2008-12-31,Financial Services,Banks - Regional,1.5689,10
2009-01-30,Financial Services,Banks - Regional,1.5149,11
2009-02-27,Financial Services,Banks - Regional,1.5184,11
2009-03-31,Financial Services,Banks - Regional,1.5623,11
2009-04-30,Financial Services,Banks - Regional,1.7075,11
2009-05-29,Financial Services,Banks - Regional,1.8084,11
2009-06-30,Financial Services,Banks - Regional,1.9119,11
2009-07-31,Financial Services,Banks - Regional,2.0159,11
2009-08-31,Financial Services,Banks - Regional,2.0518,11
2009-09-30,Financial Services,Banks - Regional,2.0627,11
2009-10-30,Financial Services,Banks - Regional,2.0441,11
2009-11-30,Financial Services,Banks - Regional,2.0432,11
2009-12-31,Financial Services,Banks - Regional,2.1143,11
2010-01-29,Financial Services,Banks - Regional,2.2021,11
2010-02-26,Financial Services,Banks - Regional,2.3860,11
2010-03-31,Financial Services,Banks - Regional,2.4203,11
2010-04-30,Financial Services,Banks - Regional,2.3508,11
2010-05-28,Financial Services,Banks - Regional,2.2713,11
2010-06-30,Financial Services,Banks - Regional,2.2305,11
2010-07-30,Financial Services,Banks - Regional,2.0361,11
2010-08-31,Financial Services,Banks - Regional,1.9221,11
2010-09-30,Financial Services,Banks - Regional,1.9075,11
2010-10-29,Financial Services,Banks - Regional,1.8670,11
2010-11-30,Financial Services,Banks - Regional,1.8276,11
2010-12-31,Financial Services,Banks - Regional,1.8765,11
2011-01-31,Financial Services,Banks - Regional,1.9104,11
2011-02-28,Financial Services,Banks - Regional,1.9958,11
2011-03-31,Financial Services,Banks - Regional,1.9943,11
2011-04-29,Financial Services,Banks - Regional,1.9230,11
2011-05-31,Financial Services,Banks - Regional,1.7965,11
2011-06-30,Financial Services,Banks - Regional,1.6986,11
2011-07-29,Financial Services,Banks - Regional,1.5665,11
2011-08-31,Financial Services,Banks - Regional,1.4808,11
2011-09-30,Financial Services,Banks - Regional,1.4709,11
2011-10-31,Financial Services,Banks - Regional,1.4002,11
2011-11-30,Financial Services,Banks - Regional,1.4624,11
2011-12-30,Financial Services,Banks - Regional,1.4840,11
2012-01-31,Financial Services,Banks - Regional,1.5038,11
2012-02-29,Financial Services,Banks - Regional,1.5008,11
2012-03-30,Financial Services,Banks - Regional,1.5013,11
2012-04-30,Financial Services,Banks - Regional,1.5061,11
2012-05-31,Financial Services,Banks - Regional,1.5025,11
2012-06-29,Financial Services,Banks - Regional,1.5070,11
2012-07-31,Financial Services,Banks - Regional,1.4918,11
2012-08-31,Financial Services,Banks - Regional,1.4931,11
2012-09-28,Financial Services,Banks - Regional,1.5007,11
2012-10-31,Financial Services,Banks - Regional,1.5129,11
2012-11-30,Financial Services,Banks - Regional,1.4553,11
2012-12-31,Financial Services,Banks - Regional,1.4120,11
2013-01-31,Financial Services,Banks - Regional,1.3552,12
2013-02-28,Financial Services,Banks - Regional,1.3189,12
2013-03-28,Financial Services,Banks - Regional,1.2773,12
2013-04-30,Financial Services,Banks - Regional,1.2568,12
2013-05-31,Financial Services,Banks - Regional,1.2525,12
2013-06-28,Financial Services,Banks - Regional,1.2474,11
2013-07-31,Financial Services,Banks - Regional,1.2330,11
2013-08-30,Financial Services,Banks - Regional,1.2032,11
2013-09-30,Financial Services,Banks - Regional,1.1951,11
2013-10-31,Financial Services,Banks - Regional,1.1915,11
2013-11-29,Financial Services,Banks - Regional,1.1357,11
2013-12-31,Financial Services,Banks - Regional,1.0858,11
2014-01-31,Financial Services,Banks - Regional,1.0537,11
2014-02-28,Financial Services,Banks - Regional,1.0141,11
2014-03-31,Financial Services,Banks - Regional,1.0252,11
2014-04-30,Financial Services,Banks - Regional,1.0719,11
2014-05-30,Financial Services,Banks - Regional,1.0797,11
2014-06-30,Financial Services,Banks - Regional,1.0833,11
2014-07-31,Financial Services,Banks - Regional,1.0666,11
2014-08-29,Financial Services,Banks - Regional,1.0230,11
2014-09-30,Financial Services,Banks - Regional,1.0261,11
2014-10-31,Financial Services,Banks - Regional,1.0313,11
2014-11-28,Financial Services,Banks - Regional,1.0305,11
2014-12-31,Financial Services,Banks - Regional,1.0221,11
2015-01-30,Financial Services,Banks - Regional,1.0517,11
2015-02-27,Financial Services,Banks - Regional,1.0549,11
2015-03-31,Financial Services,Banks - Regional,1.0506,11
2015-04-30,Financial Services,Banks - Regional,1.1005,11
2015-05-29,Financial Services,Banks - Regional,1.1020,11
2015-06-30,Financial Services,Banks - Regional,1.1044,11
2015-07-31,Financial Services,Banks - Regional,1.1153,11
2015-08-31,Financial Services,Banks - Regional,1.1242,11
2015-09-30,Financial Services,Banks - Regional,1.1356,11
2015-10-30,Financial Services,Banks - Regional,1.1093,11
2015-11-30,Financial Services,Banks - Regional,1.1280,11
2015-12-31,Financial Services,Banks - Regional,1.1366,11
2016-01-29,Financial Services,Banks - Regional,1.1477,11
2016-02-29,Financial Services,Banks - Regional,1.1383,12
2016-03-31,Financial Services,Banks - Regional,1.1467,12
2016-04-29,Financial Services,Banks - Regional,1.1271,12
2016-05-31,Financial Services,Banks - Regional,1.1704,12
2016-06-30,Financial Services,Banks - Regional,1.1767,12
2016-07-29,Financial Services,Banks - Regional,1.2058,12
2016-08-31,Financial Services,Banks - Regional,1.2114,12
2016-09-30,Financial Services,Banks - Regional,1.2953,12
2016-10-31,Financial Services,Banks - Regional,1.3153,12
2016-11-30,Financial Services,Banks - Regional,1.3509,12
2016-12-30,Financial Services,Banks - Regional,1.3599,12
2017-01-31,Financial Services,Banks - Regional,1.3715,12
2017-02-28,Financial Services,Banks - Regional,1.3913,12
2017-03-31,Financial Services,Banks - Regional,1.3999,12
2017-04-28,Financial Services,Banks - Regional,1.4715,12
2017-05-31,Financial Services,Banks - Regional,1.4846,12
2017-06-30,Financial Services,Banks - Regional,1.5092,12
2017-07-31,Financial Services,Banks - Regional,1.5422,12
2017-08-31,Financial Services,Banks - Regional,1.5358,12
2017-09-29,Financial Services,Banks - Regional,1.4171,12
2017-10-31,Financial Services,Banks - Regional,1.4147,12
2017-11-30,Financial Services,Banks - Regional,1.4231,12
2017-12-29,Financial Services,Banks - Regional,1.4722,12
2018-01-31,Financial Services,Banks - Regional,1.4535,12
2018-02-28,Financial Services,Banks - Regional,1.4699,12
2018-03-29,Financial Services,Banks - Regional,1.4794,13
2018-04-30,Financial Services,Banks - Regional,1.4683,13
2018-05-31,Financial Services,Banks - Regional,1.2758,13
2018-06-29,Financial Services,Banks - Regional,1.1833,13
2018-07-31,Financial Services,Banks - Regional,1.1558,13
2018-08-31,Financial Services,Banks - Regional,1.1637,13
2018-09-28,Financial Services,Banks - Regional,1.1108,13
2018-10-31,Financial Services,Banks - Regional,1.1017,13
2018-11-30,Financial Services,Banks - Regional,1.0845,13
2018-12-31,Financial Services,Banks - Regional,1.0835,13
2019-01-31,Financial Services,Banks - Regional,0.9850,14
2019-02-28,Financial Services,Banks - Regional,0.9330,14
2019-03-29,Financial Services,Banks - Regional,0.9123,14
2019-04-30,Financial Services,Banks - Regional,0.8839,14
2019-05-31,Financial Services,Banks - Regional,0.8751,14
2019-06-28,Financial Services,Banks - Regional,0.8984,14
2019-07-31,Financial Services,Banks - Regional,0.8951,14
2019-08-30,Financial Services,Banks - Regional,0.8793,14
2019-09-30,Financial Services,Banks - Regional,0.8879,14
2019-10-31,Financial Services,Banks - Regional,0.9222,14
2019-11-29,Financial Services,Banks - Regional,0.9350,14
2019-12-31,Financial Services,Banks - Regional,0.9443,14
2020-01-31,Financial Services,Banks - Regional,0.9875,14
2020-02-28,Financial Services,Banks - Regional,1.0090,14
2020-03-31,Financial Services,Banks - Regional,1.0522,14
2020-04-30,Financial Services,Banks - Regional,1.0827,14
2020-05-29,Financial Services,Banks - Regional,1.0893,14
2020-06-30,Financial Services,Banks - Regional,1.4142,14
2020-07-31,Financial Services,Banks - Regional,1.4504,14
2020-08-31,Financial Services,Banks - Regional,1.5093,14
2020-09-30,Financial Services,Banks - Regional,1.5530,14
2020-10-30,Financial Services,Banks - Regional,1.5558,14
2020-11-30,Financial Services,Banks - Regional,1.5380,14
2020-12-31,Financial Services,Banks - Regional,1.5157,14
2021-01-29,Financial Services,Banks - Regional,1.5229,14
2021-02-26,Financial Services,Banks - Regional,1.5517,14
2021-03-31,Financial Services,Banks - Regional,1.5818,14
2021-04-30,Financial Services,Banks - Regional,1.5801,14
2021-05-28,Financial Services,Banks - Regional,1.6051,14
2021-06-30,Financial Services,Banks - Regional,1.5836,14
2021-07-30,Financial Services,Banks - Regional,1.5665,14
2021-08-31,Financial Services,Banks - Regional,1.4998,14
2021-09-30,Financial Services,Banks - Regional,1.4590,14
2021-10-29,Financial Services,Banks - Regional,1.4757,14
2021-11-30,Financial Services,Banks - Regional,1.5181,14
2021-12-31,Financial Services,Banks - Regional,1.5388,15
2022-01-31,Financial Services,Banks - Regional,1.5355,15
2022-02-28,Financial Services,Banks - Regional,1.4990,15
2022-03-31,Financial Services,Banks - Regional,1.5043,15
2022-04-29,Financial Services,Banks - Regional,1.4723,14
2022-05-31,Financial Services,Banks - Regional,1.4764,14
2022-06-30,Financial Services,Banks - Regional,1.4134,14
2022-07-29,Financial Services,Banks - Regional,1.2696,14
2022-08-31,Financial Services,Banks - Regional,1.1668,14
2022-09-30,Financial Services,Banks - Regional,1.0810,14
2022-10-31,Financial Services,Banks - Regional,1.0558,14
2022-11-30,Financial Services,Banks - Regional,1.0541,14
2022-12-30,Financial Services,Banks - Regional,1.0456,14
2023-01-31,Financial Services,Banks - Regional,1.0591,14
2023-02-28,Financial Services,Banks - Regional,1.0419,14
2023-03-31,Financial Services,Banks - Regional,1.0409,12
2023-04-28,Financial Services,Banks - Regional,1.0372,12
2023-05-31,Financial Services,Banks - Regional,1.0145,11
2023-06-30,Financial Services,Banks - Regional,1.2827,11
2023-07-31,Financial Services,Banks - Regional,1.3752,11
2023-08-31,Financial Services,Banks - Regional,1.4806,11
2023-09-29,Financial Services,Banks - Regional,1.5384,11
2023-10-31,Financial Services,Banks - Regional,1.5641,11
2023-11-30,Financial Services,Banks - Regional,1.5946,11
2023-12-29,Financial Services,Banks - Regional,1.6446,11
2024-01-31,Financial Services,Banks - Regional,1.7011,11
2024-02-29,Financial Services,Banks - Regional,1.7448,11
2024-03-28,Financial Services,Banks - Regional,1.7811,10
2024-04-30,Financial Services,Banks - Regional,1.8018,10
2024-05-31,Financial Services,Banks - Regional,1.8297,10
2024-06-28,Financial Services,Banks - Regional,1.6310,9
2024-07-31,Financial Services,Banks - Regional,1.5540,9
2024-08-30,Financial Services,Banks - Regional,1.5803,9
2024-09-30,Financial Services,Banks - Regional,1.6231,9
2024-10-31,Financial Services,Banks - Regional,1.6016,9
2024-11-29,Financial Services,Banks - Regional,1.5962,9
2024-12-31,Financial Services,Banks - Regional,1.6274,9
2025-01-31,Financial Services,Banks - Regional,1.6162,9
2025-02-28,Financial Services,Banks - Regional,1.6292,9
2025-03-31,Financial Services,Banks - Regional,1.6099,9
2025-04-30,Financial Services,Banks - Regional,1.6092,9
2025-05-30,Financial Services,Banks - Regional,1.6313,9
2025-06-30,Financial Services,Banks - Regional,1.4273,9
2025-07-31,Financial Services,Banks - Regional,1.4506,9
2025-08-29,Financial Services,Banks - Regional,1.4555,9
2025-09-30,Financial Services,Banks - Regional,1.4678,9
2025-10-31,Financial Services,Banks - Regional,1.4735,9
2025-11-28,Financial Services,Banks - Regional,1.4971,9
2025-12-31,Financial Services,Banks - Regional,1.4893,9
2026-01-30,Financial Services,Banks - Regional,1.4966,9
2026-02-27,Financial Services,Banks - Regional,1.4754,9
2026-03-31,Financial Services,Banks - Regional,1.4771,9
2026-04-30,Financial Services,Banks - Regional,1.4708,9
2026-05-29,Financial Services,Banks - Regional,1.5288,9
2026-06-30,Financial Services,Banks - Regional,1.5418,9
2026-07-31,Financial Services,Banks - Regional,1.6015,9
2026-08-12,Financial Services,Banks - Regional,1.6069,9
2008-07-31,Financial Services,Credit Services,1.4503,6
2008-08-29,Financial Services,Credit Services,1.4638,6
2008-09-30,Financial Services,Credit Services,1.4849,6
2008-10-31,Financial Services,Credit Services,1.5542,6
2008-11-28,Financial Services,Credit Services,1.5779,6
2008-12-31,Financial Services,Credit Services,1.4970,6
2009-01-30,Financial Services,Credit Services,1.4474,6
2009-02-27,Financial Services,Credit Services,1.4318,6
2009-03-31,Financial Services,Credit Services,1.4368,6
2009-04-30,Financial Services,Credit Services,1.4411,6
2009-05-29,Financial Services,Credit Services,1.4368,6
2009-06-30,Financial Services,Credit Services,1.4266,6
2009-07-31,Financial Services,Credit Services,1.4648,6
2009-08-31,Financial Services,Credit Services,1.4660,6
2009-09-30,Financial Services,Credit Services,1.4680,6
2009-10-30,Financial Services,Credit Services,1.4585,6
2009-11-30,Financial Services,Credit Services,1.4515,6
2009-12-31,Financial Services,Credit Services,1.4786,7
2010-01-29,Financial Services,Credit Services,1.5019,7
2010-02-26,Financial Services,Credit Services,1.5415,7
2010-03-31,Financial Services,Credit Services,1.5514,7
2010-04-30,Financial Services,Credit Services,1.5021,7
2010-05-28,Financial Services,Credit Services,1.5351,7
2010-06-30,Financial Services,Credit Services,1.5389,7
2010-07-30,Financial Services,Credit Services,1.4418,7
2010-08-31,Financial Services,Credit Services,1.4495,7
2010-09-30,Financial Services,Credit Services,1.4519,7
2010-10-29,Financial Services,Credit Services,1.4416,7
2010-11-30,Financial Services,Credit Services,1.4340,7
2010-12-31,Financial Services,Credit Services,1.4572,7
2011-01-31,Financial Services,Credit Services,1.4601,7
2011-02-28,Financial Services,Credit Services,1.4898,7
2011-03-31,Financial Services,Credit Services,1.5951,7
2011-04-29,Financial Services,Credit Services,1.5919,7
2011-05-31,Financial Services,Credit Services,1.6109,7
2011-06-30,Financial Services,Credit Services,1.6067,7
2011-07-29,Financial Services,Credit Services,1.5874,7
2011-08-31,Financial Services,Credit Services,1.5652,7
2011-09-30,Financial Services,Credit Services,1.5868,7
2011-10-31,Financial Services,Credit Services,1.5078,7
2011-11-30,Financial Services,Credit Services,1.4817,7
2011-12-30,Financial Services,Credit Services,1.4565,7
2012-01-31,Financial Services,Credit Services,1.4638,7
2012-02-29,Financial Services,Credit Services,1.4433,7
2012-03-30,Financial Services,Credit Services,1.3671,7
2012-04-30,Financial Services,Credit Services,1.3789,7
2012-05-31,Financial Services,Credit Services,1.3808,7
2012-06-29,Financial Services,Credit Services,1.3774,7
2012-07-31,Financial Services,Credit Services,1.3705,7
2012-08-31,Financial Services,Credit Services,1.3497,7
2012-09-28,Financial Services,Credit Services,1.3433,7
2012-10-31,Financial Services,Credit Services,1.3493,7
2012-11-30,Financial Services,Credit Services,1.3319,7
2012-12-31,Financial Services,Credit Services,1.3240,7
2013-01-31,Financial Services,Credit Services,1.2725,7
2013-02-28,Financial Services,Credit Services,1.2502,7
2013-03-28,Financial Services,Credit Services,1.1768,7
2013-04-30,Financial Services,Credit Services,1.1498,7
2013-05-31,Financial Services,Credit Services,1.1442,7
2013-06-28,Financial Services,Credit Services,1.1555,7
2013-07-31,Financial Services,Credit Services,1.1299,7
2013-08-30,Financial Services,Credit Services,1.1290,7
2013-09-30,Financial Services,Credit Services,1.1080,7
2013-10-31,Financial Services,Credit Services,1.1048,7
2013-11-29,Financial Services,Credit Services,1.0809,7
2013-12-31,Financial Services,Credit Services,1.0742,8
2014-01-31,Financial Services,Credit Services,1.0918,8
2014-02-28,Financial Services,Credit Services,1.1075,8
2014-03-31,Financial Services,Credit Services,1.1334,8
2014-04-30,Financial Services,Credit Services,1.2063,8
2014-05-30,Financial Services,Credit Services,1.2074,8
2014-06-30,Financial Services,Credit Services,1.2150,8
2014-07-31,Financial Services,Credit Services,1.2617,8
2014-08-29,Financial Services,Credit Services,1.2413,8
2014-09-30,Financial Services,Credit Services,1.2438,8
2014-10-31,Financial Services,Credit Services,1.2194,8
2014-11-28,Financial Services,Credit Services,1.2275,8
2014-12-31,Financial Services,Credit Services,1.2137,8
2015-01-30,Financial Services,Credit Services,1.2131,8
2015-02-27,Financial Services,Credit Services,1.2379,8
2015-03-31,Financial Services,Credit Services,1.2287,8
2015-04-30,Financial Services,Credit Services,1.2027,8
2015-05-29,Financial Services,Credit Services,1.2082,8
2015-06-30,Financial Services,Credit Services,1.1923,8
2015-07-31,Financial Services,Credit Services,1.1606,9
2015-08-31,Financial Services,Credit Services,1.1634,9
2015-09-30,Financial Services,Credit Services,1.1761,9
2015-10-30,Financial Services,Credit Services,1.1522,9
2015-11-30,Financial Services,Credit Services,1.0983,10
2015-12-31,Financial Services,Credit Services,1.1083,10
2016-01-29,Financial Services,Credit Services,1.0876,10
2016-02-29,Financial Services,Credit Services,1.0734,10
2016-03-31,Financial Services,Credit Services,1.0818,10
2016-04-29,Financial Services,Credit Services,1.0420,10
2016-05-31,Financial Services,Credit Services,1.0646,10
2016-06-30,Financial Services,Credit Services,1.0605,10
2016-07-29,Financial Services,Credit Services,1.0491,10
2016-08-31,Financial Services,Credit Services,1.0503,10
2016-09-30,Financial Services,Credit Services,1.0698,10
2016-10-31,Financial Services,Credit Services,1.0745,10
2016-11-30,Financial Services,Credit Services,1.1028,10
2016-12-30,Financial Services,Credit Services,1.0945,10
2017-01-31,Financial Services,Credit Services,1.0971,10
2017-02-28,Financial Services,Credit Services,1.0963,10
2017-03-31,Financial Services,Credit Services,1.0908,10
2017-04-28,Financial Services,Credit Services,1.1154,10
2017-05-31,Financial Services,Credit Services,1.1004,10
2017-06-30,Financial Services,Credit Services,1.0897,10
2017-07-31,Financial Services,Credit Services,1.1092,10
2017-08-31,Financial Services,Credit Services,1.0836,10
2017-09-29,Financial Services,Credit Services,1.0043,10
2017-10-31,Financial Services,Credit Services,0.9995,10
2017-11-30,Financial Services,Credit Services,1.0013,10
2017-12-29,Financial Services,Credit Services,1.0042,10
2018-01-31,Financial Services,Credit Services,0.9933,10
2018-02-28,Financial Services,Credit Services,1.0180,10
2018-03-29,Financial Services,Credit Services,1.0219,10
2018-04-30,Financial Services,Credit Services,1.0372,10
2018-05-31,Financial Services,Credit Services,1.0109,10
2018-06-29,Financial Services,Credit Services,0.9583,9
2018-07-31,Financial Services,Credit Services,0.9567,9
2018-08-31,Financial Services,Credit Services,0.9615,9
2018-09-28,Financial Services,Credit Services,0.9526,9
2018-10-31,Financial Services,Credit Services,0.9712,9
2018-11-30,Financial Services,Credit Services,0.9852,9
2018-12-31,Financial Services,Credit Services,0.9795,9
2019-01-31,Financial Services,Credit Services,0.9511,9
2019-02-28,Financial Services,Credit Services,0.9578,9
2019-03-29,Financial Services,Credit Services,0.9646,9
2019-04-30,Financial Services,Credit Services,0.9597,9
2019-05-31,Financial Services,Credit Services,0.9532,9
2019-06-28,Financial Services,Credit Services,0.9637,9
2019-07-31,Financial Services,Credit Services,0.9574,9
2019-08-30,Financial Services,Credit Services,0.9571,9
2019-09-30,Financial Services,Credit Services,0.9557,9
2019-10-31,Financial Services,Credit Services,0.9654,9
2019-11-29,Financial Services,Credit Services,0.9638,9
2019-12-31,Financial Services,Credit Services,0.9774,9
2020-01-31,Financial Services,Credit Services,1.0067,9
2020-02-28,Financial Services,Credit Services,1.0112,9
2020-03-31,Financial Services,Credit Services,1.0055,9
2020-04-30,Financial Services,Credit Services,1.0457,9
2020-05-29,Financial Services,Credit Services,1.0700,9
2020-06-30,Financial Services,Credit Services,1.2174,8
2020-07-31,Financial Services,Credit Services,1.2280,8
2020-08-31,Financial Services,Credit Services,1.2404,8
2020-09-30,Financial Services,Credit Services,1.2382,8
2020-10-30,Financial Services,Credit Services,1.2316,8
2020-11-30,Financial Services,Credit Services,1.2147,8
2020-12-31,Financial Services,Credit Services,1.1931,8
2021-01-29,Financial Services,Credit Services,1.1968,8
2021-02-26,Financial Services,Credit Services,1.1988,8
2021-03-31,Financial Services,Credit Services,1.2088,8
2021-04-30,Financial Services,Credit Services,1.2000,8
2021-05-28,Financial Services,Credit Services,1.2078,8
2021-06-30,Financial Services,Credit Services,1.1367,8
2021-07-30,Financial Services,Credit Services,1.1218,8
2021-08-31,Financial Services,Credit Services,1.1079,8
2021-09-30,Financial Services,Credit Services,1.0983,8
2021-10-29,Financial Services,Credit Services,1.1084,8
2021-11-30,Financial Services,Credit Services,1.1265,8
2021-12-31,Financial Services,Credit Services,1.1489,7
2022-01-31,Financial Services,Credit Services,1.1736,7
2022-02-28,Financial Services,Credit Services,1.2033,7
2022-03-31,Financial Services,Credit Services,1.2119,7
2022-04-29,Financial Services,Credit Services,1.1721,7
2022-05-31,Financial Services,Credit Services,1.1592,7
2022-06-30,Financial Services,Credit Services,1.1200,7
2022-07-29,Financial Services,Credit Services,1.0605,7
2022-08-31,Financial Services,Credit Services,1.0294,7
2022-09-30,Financial Services,Credit Services,1.0339,7
2022-10-31,Financial Services,Credit Services,1.0262,7
2022-11-30,Financial Services,Credit Services,1.0311,7
2022-12-30,Financial Services,Credit Services,1.0287,7
2023-01-31,Financial Services,Credit Services,1.0194,7
2023-02-28,Financial Services,Credit Services,1.0113,7
2023-03-31,Financial Services,Credit Services,1.0004,7
2023-04-28,Financial Services,Credit Services,1.0002,7
2023-05-31,Financial Services,Credit Services,0.9953,7
2023-06-30,Financial Services,Credit Services,0.9853,7
2023-07-31,Financial Services,Credit Services,1.0026,7
2023-08-31,Financial Services,Credit Services,1.0185,7
2023-09-29,Financial Services,Credit Services,1.0027,7
2023-10-31,Financial Services,Credit Services,1.0039,7
2023-11-30,Financial Services,Credit Services,1.0089,7
2023-12-29,Financial Services,Credit Services,1.0084,7
2024-01-31,Financial Services,Credit Services,1.0043,7
2024-02-29,Financial Services,Credit Services,0.9707,7
2024-03-28,Financial Services,Credit Services,0.9649,7
2024-04-30,Financial Services,Credit Services,0.9606,7
2024-05-31,Financial Services,Credit Services,0.9607,7
2024-06-28,Financial Services,Credit Services,0.9376,7
2024-07-31,Financial Services,Credit Services,0.8921,7
2024-08-30,Financial Services,Credit Services,0.8736,7
2024-09-30,Financial Services,Credit Services,0.8568,7
2024-10-31,Financial Services,Credit Services,0.8902,7
2024-11-29,Financial Services,Credit Services,0.8842,7
2024-12-31,Financial Services,Credit Services,0.9048,7
2025-01-31,Financial Services,Credit Services,0.9050,7
2025-02-28,Financial Services,Credit Services,0.8930,7
2025-03-31,Financial Services,Credit Services,0.9054,7
2025-04-30,Financial Services,Credit Services,0.9240,7
2025-05-30,Financial Services,Credit Services,0.9602,6
2025-06-30,Financial Services,Credit Services,0.9647,6
2025-07-31,Financial Services,Credit Services,1.0374,6
2025-08-29,Financial Services,Credit Services,1.0565,6
2025-09-30,Financial Services,Credit Services,1.1156,6
2025-10-31,Financial Services,Credit Services,1.1335,6
2025-11-28,Financial Services,Credit Services,1.1510,6
2025-12-31,Financial Services,Credit Services,1.1643,6
2026-01-30,Financial Services,Credit Services,1.1712,6
2026-02-27,Financial Services,Credit Services,1.1677,6
2026-03-31,Financial Services,Credit Services,1.1800,6
2026-04-30,Financial Services,Credit Services,1.2136,6
2026-05-29,Financial Services,Credit Services,1.2710,6
2026-06-30,Financial Services,Credit Services,1.2950,6
2026-07-31,Financial Services,Credit Services,1.4166,6
2026-08-12,Financial Services,Credit Services,1.4154,6
2017-03-31,Financial Services,Financial Data & Stock Exchanges,1.0563,6
2017-04-28,Financial Services,Financial Data & Stock Exchanges,1.0785,6
2017-05-31,Financial Services,Financial Data & Stock Exchanges,1.0611,6
2017-06-30,Financial Services,Financial Data & Stock Exchanges,1.0641,6
2017-07-31,Financial Services,Financial Data & Stock Exchanges,1.0693,6
2017-08-31,Financial Services,Financial Data & Stock Exchanges,1.0492,6
2017-09-29,Financial Services,Financial Data & Stock Exchanges,1.0077,6
2017-10-31,Financial Services,Financial Data & Stock Exchanges,1.0019,6
2017-11-30,Financial Services,Financial Data & Stock Exchanges,0.9973,6
2017-12-29,Financial Services,Financial Data & Stock Exchanges,1.0056,6
2018-01-31,Financial Services,Financial Data & Stock Exchanges,0.9814,6
2018-02-28,Financial Services,Financial Data & Stock Exchanges,0.9894,6
2018-03-29,Financial Services,Financial Data & Stock Exchanges,0.9644,6
2018-04-30,Financial Services,Financial Data & Stock Exchanges,0.9763,7
2018-05-31,Financial Services,Financial Data & Stock Exchanges,0.9155,7
2018-06-29,Financial Services,Financial Data & Stock Exchanges,0.8658,7
2018-07-31,Financial Services,Financial Data & Stock Exchanges,0.8422,7
2018-08-31,Financial Services,Financial Data & Stock Exchanges,0.8444,7
2018-09-28,Financial Services,Financial Data & Stock Exchanges,0.8293,7
2018-10-31,Financial Services,Financial Data & Stock Exchanges,0.8480,7
2018-11-30,Financial Services,Financial Data & Stock Exchanges,0.8538,7
2018-12-31,Financial Services,Financial Data & Stock Exchanges,0.8631,7
2019-01-31,Financial Services,Financial Data & Stock Exchanges,0.7637,7
2019-02-28,Financial Services,Financial Data & Stock Exchanges,0.7400,7
2019-03-29,Financial Services,Financial Data & Stock Exchanges,0.7181,7
2019-04-30,Financial Services,Financial Data & Stock Exchanges,0.7095,7
2019-05-31,Financial Services,Financial Data & Stock Exchanges,0.6869,7
2019-06-28,Financial Services,Financial Data & Stock Exchanges,0.6844,7
2019-07-31,Financial Services,Financial Data & Stock Exchanges,0.6850,7
2019-08-30,Financial Services,Financial Data & Stock Exchanges,0.6768,7
2019-09-30,Financial Services,Financial Data & Stock Exchanges,0.6927,7
2019-10-31,Financial Services,Financial Data & Stock Exchanges,0.7003,7
2019-11-29,Financial Services,Financial Data & Stock Exchanges,0.7054,7
2019-12-31,Financial Services,Financial Data & Stock Exchanges,0.7456,7
2020-01-31,Financial Services,Financial Data & Stock Exchanges,0.7822,7
2020-02-28,Financial Services,Financial Data & Stock Exchanges,0.8034,7
2020-03-31,Financial Services,Financial Data & Stock Exchanges,0.8350,7
2020-04-30,Financial Services,Financial Data & Stock Exchanges,0.8493,7
2020-05-29,Financial Services,Financial Data & Stock Exchanges,0.8264,7
2020-06-30,Financial Services,Financial Data & Stock Exchanges,1.1465,7
2020-07-31,Financial Services,Financial Data & Stock Exchanges,1.1509,7
2020-08-31,Financial Services,Financial Data & Stock Exchanges,1.1615,7
2020-09-30,Financial Services,Financial Data & Stock Exchanges,1.1648,7
2020-10-30,Financial Services,Financial Data & Stock Exchanges,1.1575,7
2020-11-30,Financial Services,Financial Data & Stock Exchanges,1.1446,7
2020-12-31,Financial Services,Financial Data & Stock Exchanges,1.1178,7
2021-01-29,Financial Services,Financial Data & Stock Exchanges,1.1180,7
2021-02-26,Financial Services,Financial Data & Stock Exchanges,1.1189,7
2021-03-31,Financial Services,Financial Data & Stock Exchanges,1.1356,7
2021-04-30,Financial Services,Financial Data & Stock Exchanges,1.1291,7
2021-05-28,Financial Services,Financial Data & Stock Exchanges,1.1358,7
2021-06-30,Financial Services,Financial Data & Stock Exchanges,1.0050,7
2021-07-30,Financial Services,Financial Data & Stock Exchanges,0.9893,7
2021-08-31,Financial Services,Financial Data & Stock Exchanges,0.9788,7
2021-09-30,Financial Services,Financial Data & Stock Exchanges,0.9533,7
2021-10-29,Financial Services,Financial Data & Stock Exchanges,0.9515,7
2021-11-30,Financial Services,Financial Data & Stock Exchanges,0.9667,7
2021-12-31,Financial Services,Financial Data & Stock Exchanges,0.9875,8
2022-01-31,Financial Services,Financial Data & Stock Exchanges,1.0081,8
2022-02-28,Financial Services,Financial Data & Stock Exchanges,1.0061,8
2022-03-31,Financial Services,Financial Data & Stock Exchanges,1.0122,8
2022-04-29,Financial Services,Financial Data & Stock Exchanges,0.9971,8
2022-05-31,Financial Services,Financial Data & Stock Exchanges,0.9809,8
2022-06-30,Financial Services,Financial Data & Stock Exchanges,0.8628,8
2022-07-29,Financial Services,Financial Data & Stock Exchanges,0.8139,8
2022-08-31,Financial Services,Financial Data & Stock Exchanges,0.8213,8
2022-09-30,Financial Services,Financial Data & Stock Exchanges,0.7790,8
2022-10-31,Financial Services,Financial Data & Stock Exchanges,0.7812,8
2022-11-30,Financial Services,Financial Data & Stock Exchanges,0.7879,8
2022-12-30,Financial Services,Financial Data & Stock Exchanges,0.7887,8
2023-01-31,Financial Services,Financial Data & Stock Exchanges,0.8015,8
2023-02-28,Financial Services,Financial Data & Stock Exchanges,0.8086,8
2023-03-31,Financial Services,Financial Data & Stock Exchanges,0.8066,8
2023-04-28,Financial Services,Financial Data & Stock Exchanges,0.8104,8
2023-05-31,Financial Services,Financial Data & Stock Exchanges,0.8247,8
2023-06-30,Financial Services,Financial Data & Stock Exchanges,0.8423,8
2023-07-31,Financial Services,Financial Data & Stock Exchanges,0.8681,8
2023-08-31,Financial Services,Financial Data & Stock Exchanges,0.8717,8
2023-09-29,Financial Services,Financial Data & Stock Exchanges,0.8990,8
2023-10-31,Financial Services,Financial Data & Stock Exchanges,0.9155,8
2023-11-30,Financial Services,Financial Data & Stock Exchanges,0.9091,8
2023-12-29,Financial Services,Financial Data & Stock Exchanges,0.9250,8
2024-01-31,Financial Services,Financial Data & Stock Exchanges,0.9143,8
2024-02-29,Financial Services,Financial Data & Stock Exchanges,0.9134,8
2024-03-28,Financial Services,Financial Data & Stock Exchanges,0.9155,8
2024-04-30,Financial Services,Financial Data & Stock Exchanges,0.9142,8
2024-05-31,Financial Services,Financial Data & Stock Exchanges,0.9162,8
2024-06-28,Financial Services,Financial Data & Stock Exchanges,0.8941,8
2024-07-31,Financial Services,Financial Data & Stock Exchanges,0.8605,8
2024-08-30,Financial Services,Financial Data & Stock Exchanges,0.8575,8
2024-09-30,Financial Services,Financial Data & Stock Exchanges,0.8709,8
2024-10-31,Financial Services,Financial Data & Stock Exchanges,0.8545,8
2024-11-29,Financial Services,Financial Data & Stock Exchanges,0.8533,8
2024-12-31,Financial Services,Financial Data & Stock Exchanges,0.8303,8
2025-01-31,Financial Services,Financial Data & Stock Exchanges,0.8323,8
2025-02-28,Financial Services,Financial Data & Stock Exchanges,0.8292,8
2025-03-31,Financial Services,Financial Data & Stock Exchanges,0.8079,8
2025-04-30,Financial Services,Financial Data & Stock Exchanges,0.8265,8
2025-05-30,Financial Services,Financial Data & Stock Exchanges,0.8385,9
2025-06-30,Financial Services,Financial Data & Stock Exchanges,0.8042,9
2025-07-31,Financial Services,Financial Data & Stock Exchanges,0.8695,9
2025-08-29,Financial Services,Financial Data & Stock Exchanges,0.8648,9
2025-09-30,Financial Services,Financial Data & Stock Exchanges,0.8754,9
2025-10-31,Financial Services,Financial Data & Stock Exchanges,0.9035,9
2025-11-28,Financial Services,Financial Data & Stock Exchanges,0.9171,9
2025-12-31,Financial Services,Financial Data & Stock Exchanges,0.9396,9
2026-01-30,Financial Services,Financial Data & Stock Exchanges,0.9681,9
2026-02-27,Financial Services,Financial Data & Stock Exchanges,0.9623,9
2026-03-31,Financial Services,Financial Data & Stock Exchanges,0.9784,9
2026-04-30,Financial Services,Financial Data & Stock Exchanges,1.0696,9
2026-05-29,Financial Services,Financial Data & Stock Exchanges,1.1394,9
2026-06-30,Financial Services,Financial Data & Stock Exchanges,1.1870,9
2026-07-31,Financial Services,Financial Data & Stock Exchanges,1.3184,9
2026-08-12,Financial Services,Financial Data & Stock Exchanges,1.3139,9
2005-12-30,Financial Services,Insurance - Life,1.2747,6
2006-01-31,Financial Services,Insurance - Life,1.2075,6
2006-02-28,Financial Services,Insurance - Life,1.1791,6
2006-03-31,Financial Services,Insurance - Life,1.1769,6
2006-04-28,Financial Services,Insurance - Life,1.1723,6
2006-05-31,Financial Services,Insurance - Life,1.1369,6
2006-06-30,Financial Services,Insurance - Life,1.1189,6
2006-07-31,Financial Services,Insurance - Life,1.1194,6
2006-08-31,Financial Services,Insurance - Life,1.0562,6
2006-09-29,Financial Services,Insurance - Life,1.0511,6
2006-10-31,Financial Services,Insurance - Life,1.0383,6
2006-11-30,Financial Services,Insurance - Life,1.0215,6
2006-12-29,Financial Services,Insurance - Life,1.0114,6
2007-01-31,Financial Services,Insurance - Life,0.9787,6
2007-02-28,Financial Services,Insurance - Life,0.9390,6
2007-03-30,Financial Services,Insurance - Life,0.9332,6
2007-04-30,Financial Services,Insurance - Life,0.9200,6
2007-05-31,Financial Services,Insurance - Life,0.9146,6
2007-06-29,Financial Services,Insurance - Life,0.9207,6
2007-07-31,Financial Services,Insurance - Life,0.9264,6
2007-08-31,Financial Services,Insurance - Life,0.9094,6
2007-09-28,Financial Services,Insurance - Life,0.9166,6
2007-10-31,Financial Services,Insurance - Life,1.0391,6
2007-11-30,Financial Services,Insurance - Life,1.1096,6
2007-12-31,Financial Services,Insurance - Life,1.1290,6
2008-01-31,Financial Services,Insurance - Life,1.1287,6
2008-02-29,Financial Services,Insurance - Life,1.1080,6
2008-03-31,Financial Services,Insurance - Life,1.1306,6
2008-04-30,Financial Services,Insurance - Life,1.0903,6
2008-05-30,Financial Services,Insurance - Life,1.1423,6
2008-06-30,Financial Services,Insurance - Life,1.1105,6
2008-07-31,Financial Services,Insurance - Life,1.0852,6
2008-08-29,Financial Services,Insurance - Life,1.0906,6
2008-09-30,Financial Services,Insurance - Life,1.0967,6
2008-10-31,Financial Services,Insurance - Life,1.1159,6
2008-11-28,Financial Services,Insurance - Life,1.1326,6
2008-12-31,Financial Services,Insurance - Life,1.3354,6
2009-01-30,Financial Services,Insurance - Life,1.5500,6
2009-02-27,Financial Services,Insurance - Life,1.6968,6
2009-03-31,Financial Services,Insurance - Life,1.7102,6
2009-04-30,Financial Services,Insurance - Life,1.9313,6
2009-05-29,Financial Services,Insurance - Life,2.0933,6
2009-06-30,Financial Services,Insurance - Life,2.2284,6
2009-07-31,Financial Services,Insurance - Life,2.2968,6
2009-08-31,Financial Services,Insurance - Life,2.3418,6
2009-09-30,Financial Services,Insurance - Life,2.3629,6
2009-10-30,Financial Services,Insurance - Life,2.3807,6
2009-11-30,Financial Services,Insurance - Life,2.3931,6
2009-12-31,Financial Services,Insurance - Life,2.5083,6
2010-01-29,Financial Services,Insurance - Life,2.5584,6
2010-02-26,Financial Services,Insurance - Life,2.7287,6
2010-03-31,Financial Services,Insurance - Life,2.7865,6
2010-04-30,Financial Services,Insurance - Life,2.6879,6
2010-05-28,Financial Services,Insurance - Life,2.5461,6
2010-06-30,Financial Services,Insurance - Life,2.4528,6
2010-07-30,Financial Services,Insurance - Life,2.3342,6
2010-08-31,Financial Services,Insurance - Life,2.2243,6
2010-09-30,Financial Services,Insurance - Life,2.1849,6
2010-10-29,Financial Services,Insurance - Life,2.1678,6
2010-11-30,Financial Services,Insurance - Life,2.1351,6
2010-12-31,Financial Services,Insurance - Life,2.2052,6
2011-01-31,Financial Services,Insurance - Life,2.1910,6
2011-02-28,Financial Services,Insurance - Life,2.2356,6
2011-03-31,Financial Services,Insurance - Life,2.2607,6
2011-04-29,Financial Services,Insurance - Life,2.1784,6
2011-05-31,Financial Services,Insurance - Life,1.9854,6
2011-06-30,Financial Services,Insurance - Life,1.8525,6
2011-07-29,Financial Services,Insurance - Life,1.7834,6
2011-08-31,Financial Services,Insurance - Life,1.6405,6
2011-09-30,Financial Services,Insurance - Life,1.6285,6
2011-10-31,Financial Services,Insurance - Life,1.5824,6
2011-11-30,Financial Services,Insurance - Life,1.6369,6
2011-12-30,Financial Services,Insurance - Life,1.6894,6
2012-01-31,Financial Services,Insurance - Life,1.7419,6
2012-02-29,Financial Services,Insurance - Life,1.7404,6
2012-03-30,Financial Services,Insurance - Life,1.7569,6
2012-04-30,Financial Services,Insurance - Life,1.7772,6
2012-05-31,Financial Services,Insurance - Life,1.7694,6
2012-06-29,Financial Services,Insurance - Life,1.7666,6
2012-07-31,Financial Services,Insurance - Life,1.7550,6
2012-08-31,Financial Services,Insurance - Life,1.7519,6
2012-09-28,Financial Services,Insurance - Life,1.7586,6
2012-10-31,Financial Services,Insurance - Life,1.7903,6
2012-11-30,Financial Services,Insurance - Life,1.7855,6
2012-12-31,Financial Services,Insurance - Life,1.7393,6
2013-01-31,Financial Services,Insurance - Life,1.6581,7
2013-02-28,Financial Services,Insurance - Life,1.6314,7
2013-03-28,Financial Services,Insurance - Life,1.5715,7
2013-04-30,Financial Services,Insurance - Life,1.5435,7
2013-05-31,Financial Services,Insurance - Life,1.5457,7
2013-06-28,Financial Services,Insurance - Life,1.5416,7
2013-07-31,Financial Services,Insurance - Life,1.5226,7
2013-08-30,Financial Services,Insurance - Life,1.5240,7
2013-09-30,Financial Services,Insurance - Life,1.4946,7
2013-10-31,Financial Services,Insurance - Life,1.4862,7
2013-11-29,Financial Services,Insurance - Life,1.4726,7
2013-12-31,Financial Services,Insurance - Life,1.4124,7
2014-01-31,Financial Services,Insurance - Life,1.3742,7
2014-02-28,Financial Services,Insurance - Life,1.3406,7
2014-03-31,Financial Services,Insurance - Life,1.3285,7
2014-04-30,Financial Services,Insurance - Life,1.3888,7
2014-05-30,Financial Services,Insurance - Life,1.3853,7
2014-06-30,Financial Services,Insurance - Life,1.3683,7
2014-07-31,Financial Services,Insurance - Life,1.3513,7
2014-08-29,Financial Services,Insurance - Life,1.3337,7
2014-09-30,Financial Services,Insurance - Life,1.3285,7
2014-10-31,Financial Services,Insurance - Life,1.2831,7
2014-11-28,Financial Services,Insurance - Life,1.2717,7
2014-12-31,Financial Services,Insurance - Life,1.2566,7
2015-01-30,Financial Services,Insurance - Life,1.2610,7
2015-02-27,Financial Services,Insurance - Life,1.2764,7
2015-03-31,Financial Services,Insurance - Life,1.2866,7
2015-04-30,Financial Services,Insurance - Life,1.2889,7
2015-05-29,Financial Services,Insurance - Life,1.2924,7
2015-06-30,Financial Services,Insurance - Life,1.2810,7
2015-07-31,Financial Services,Insurance - Life,1.2770,7
2015-08-31,Financial Services,Insurance - Life,1.2560,7
2015-09-30,Financial Services,Insurance - Life,1.2798,7
2015-10-30,Financial Services,Insurance - Life,1.2641,7
2015-11-30,Financial Services,Insurance - Life,1.2326,6
2015-12-31,Financial Services,Insurance - Life,1.2389,6
2016-01-29,Financial Services,Insurance - Life,1.2402,6
2016-02-29,Financial Services,Insurance - Life,1.2265,6
2016-03-31,Financial Services,Insurance - Life,1.2273,6
2016-04-29,Financial Services,Insurance - Life,1.1690,6
2016-05-31,Financial Services,Insurance - Life,1.2055,6
2016-06-30,Financial Services,Insurance - Life,1.2145,6
2016-07-29,Financial Services,Insurance - Life,1.2272,6
2016-08-31,Financial Services,Insurance - Life,1.2284,6
2016-09-30,Financial Services,Insurance - Life,1.3149,6
2016-10-31,Financial Services,Insurance - Life,1.3537,6
2016-11-30,Financial Services,Insurance - Life,1.3937,6
2016-12-30,Financial Services,Insurance - Life,1.3959,6
2017-01-31,Financial Services,Insurance - Life,1.4035,6
2017-02-28,Financial Services,Insurance - Life,1.4123,6
2017-03-31,Financial Services,Insurance - Life,1.4049,6
2017-04-28,Financial Services,Insurance - Life,1.4755,6
2017-05-31,Financial Services,Insurance - Life,1.4845,6
2017-06-30,Financial Services,Insurance - Life,1.4699,6
2017-07-31,Financial Services,Insurance - Life,1.4915,6
2017-08-31,Financial Services,Insurance - Life,1.4679,7
2017-09-29,Financial Services,Insurance - Life,1.3112,7
2017-10-31,Financial Services,Insurance - Life,1.2837,7
2017-11-30,Financial Services,Insurance - Life,1.2817,7
2017-12-29,Financial Services,Insurance - Life,1.3081,7
2018-01-31,Financial Services,Insurance - Life,1.2940,7
2018-02-28,Financial Services,Insurance - Life,1.2903,7
2018-03-29,Financial Services,Insurance - Life,1.2621,7
2018-04-30,Financial Services,Insurance - Life,1.3501,7
2018-05-31,Financial Services,Insurance - Life,1.1986,7
2018-06-29,Financial Services,Insurance - Life,1.1145,7
2018-07-31,Financial Services,Insurance - Life,1.1176,7
2018-08-31,Financial Services,Insurance - Life,1.1347,7
2018-09-28,Financial Services,Insurance - Life,1.0711,7
2018-10-31,Financial Services,Insurance - Life,1.0603,7
2018-11-30,Financial Services,Insurance - Life,1.0634,7
2018-12-31,Financial Services,Insurance - Life,1.0642,7
2019-01-31,Financial Services,Insurance - Life,1.0093,7
2019-02-28,Financial Services,Insurance - Life,0.9785,7
2019-03-29,Financial Services,Insurance - Life,0.9605,7
2019-04-30,Financial Services,Insurance - Life,0.9312,6
2019-05-31,Financial Services,Insurance - Life,0.9316,6
2019-06-28,Financial Services,Insurance - Life,0.9508,6
2019-07-31,Financial Services,Insurance - Life,0.9423,6
2019-08-30,Financial Services,Insurance - Life,0.9348,6
2019-09-30,Financial Services,Insurance - Life,0.9373,6
2019-10-31,Financial Services,Insurance - Life,0.9509,6
2019-11-29,Financial Services,Insurance - Life,0.9568,6
2019-12-31,Financial Services,Insurance - Life,0.9662,6
2020-01-31,Financial Services,Insurance - Life,0.9818,6
2020-02-28,Financial Services,Insurance - Life,1.0053,6
2020-03-31,Financial Services,Insurance - Life,1.0460,6
2020-04-30,Financial Services,Insurance - Life,1.0697,6
2020-05-29,Financial Services,Insurance - Life,1.1106,6
2020-06-30,Financial Services,Insurance - Life,1.5319,6
2020-07-31,Financial Services,Insurance - Life,1.5564,6
2020-08-31,Financial Services,Insurance - Life,1.6028,6
2020-09-30,Financial Services,Insurance - Life,1.6338,6
2020-10-30,Financial Services,Insurance - Life,1.6405,6
2020-11-30,Financial Services,Insurance - Life,1.6208,6
2020-12-31,Financial Services,Insurance - Life,1.5934,6
2021-01-29,Financial Services,Insurance - Life,1.6036,6
2021-02-26,Financial Services,Insurance - Life,1.6232,6
2021-03-31,Financial Services,Insurance - Life,1.6513,6
2021-04-30,Financial Services,Insurance - Life,1.6393,6
2021-05-28,Financial Services,Insurance - Life,1.6555,6
2021-06-30,Financial Services,Insurance - Life,1.5719,6
2021-07-30,Financial Services,Insurance - Life,1.5466,6
2021-08-31,Financial Services,Insurance - Life,1.4863,6
2005-01-31,Financial Services,Insurance - Property & Casualty,1.1386,6
2005-02-28,Financial Services,Insurance - Property & Casualty,1.1262,6
2005-03-31,Financial Services,Insurance - Property & Casualty,1.1161,6
2005-04-29,Financial Services,Insurance - Property & Casualty,1.1226,6
2005-05-31,Financial Services,Insurance - Property & Casualty,1.1182,6
2005-06-30,Financial Services,Insurance - Property & Casualty,1.1156,6
2005-07-29,Financial Services,Insurance - Property & Casualty,1.0802,6
2005-08-31,Financial Services,Insurance - Property & Casualty,1.0805,6
2005-09-30,Financial Services,Insurance - Property & Casualty,1.0891,6
2005-10-31,Financial Services,Insurance - Property & Casualty,1.0948,6
2005-11-30,Financial Services,Insurance - Property & Casualty,1.0712,6
2005-12-30,Financial Services,Insurance - Property & Casualty,1.0756,6
2006-01-31,Financial Services,Insurance - Property & Casualty,1.0788,6
2006-02-28,Financial Services,Insurance - Property & Casualty,1.0817,6
2006-03-31,Financial Services,Insurance - Property & Casualty,1.0907,6
2006-04-28,Financial Services,Insurance - Property & Casualty,1.0970,6
2006-05-31,Financial Services,Insurance - Property & Casualty,1.0658,6
2006-06-30,Financial Services,Insurance - Property & Casualty,1.0493,6
2006-07-31,Financial Services,Insurance - Property & Casualty,1.0754,6
2006-08-31,Financial Services,Insurance - Property & Casualty,1.0069,6
2006-09-29,Financial Services,Insurance - Property & Casualty,1.0015,6
2006-10-31,Financial Services,Insurance - Property & Casualty,0.9783,6
2006-11-30,Financial Services,Insurance - Property & Casualty,0.9798,6
2006-12-29,Financial Services,Insurance - Property & Casualty,0.9623,6
2007-01-31,Financial Services,Insurance - Property & Casualty,0.9140,6
2007-02-28,Financial Services,Insurance - Property & Casualty,0.8825,6
2007-03-30,Financial Services,Insurance - Property & Casualty,0.8736,6
2007-04-30,Financial Services,Insurance - Property & Casualty,0.8400,7
2007-05-31,Financial Services,Insurance - Property & Casualty,0.8235,7
2007-06-29,Financial Services,Insurance - Property & Casualty,0.8256,7
2007-07-31,Financial Services,Insurance - Property & Casualty,0.8191,7
2007-08-31,Financial Services,Insurance - Property & Casualty,0.8366,7
2007-09-28,Financial Services,Insurance - Property & Casualty,0.8429,7
2007-10-31,Financial Services,Insurance - Property & Casualty,0.9956,7
2007-11-30,Financial Services,Insurance - Property & Casualty,1.0425,7
2007-12-31,Financial Services,Insurance - Property & Casualty,1.0410,7
2008-01-31,Financial Services,Insurance - Property & Casualty,1.0267,7
2008-02-29,Financial Services,Insurance - Property & Casualty,0.9683,7
2008-03-31,Financial Services,Insurance - Property & Casualty,0.9871,7
2008-04-30,Financial Services,Insurance - Property & Casualty,0.9778,7
2008-05-30,Financial Services,Insurance - Property & Casualty,1.0145,7
2008-06-30,Financial Services,Insurance - Property & Casualty,1.0220,7
2008-07-31,Financial Services,Insurance - Property & Casualty,1.0022,7
2008-08-29,Financial Services,Insurance - Property & Casualty,1.0074,7
2008-09-30,Financial Services,Insurance - Property & Casualty,0.9894,7
2008-10-31,Financial Services,Insurance - Property & Casualty,0.9640,7
2008-11-28,Financial Services,Insurance - Property & Casualty,0.9578,7
2008-12-31,Financial Services,Insurance - Property & Casualty,1.0382,7
2009-01-30,Financial Services,Insurance - Property & Casualty,1.2135,7
2009-02-27,Financial Services,Insurance - Property & Casualty,1.3392,7
2009-03-31,Financial Services,Insurance - Property & Casualty,1.3404,7
2009-04-30,Financial Services,Insurance - Property & Casualty,1.3743,7
2009-05-29,Financial Services,Insurance - Property & Casualty,1.3757,7
2009-06-30,Financial Services,Insurance - Property & Casualty,1.4021,7
2009-07-31,Financial Services,Insurance - Property & Casualty,1.4277,7
2009-08-31,Financial Services,Insurance - Property & Casualty,1.4413,7
2009-09-30,Financial Services,Insurance - Property & Casualty,1.4502,7
2009-10-30,Financial Services,Insurance - Property & Casualty,1.4560,7
2009-11-30,Financial Services,Insurance - Property & Casualty,1.4598,7
2009-12-31,Financial Services,Insurance - Property & Casualty,1.4994,7
2010-01-29,Financial Services,Insurance - Property & Casualty,1.4839,7
2010-02-26,Financial Services,Insurance - Property & Casualty,1.4746,7
2010-03-31,Financial Services,Insurance - Property & Casualty,1.4907,7
2010-04-30,Financial Services,Insurance - Property & Casualty,1.4445,7
2010-05-28,Financial Services,Insurance - Property & Casualty,1.4318,7
2010-06-30,Financial Services,Insurance - Property & Casualty,1.4192,7
2010-07-30,Financial Services,Insurance - Property & Casualty,1.3459,7
2010-08-31,Financial Services,Insurance - Property & Casualty,1.2921,7
2010-09-30,Financial Services,Insurance - Property & Casualty,1.2729,7
2010-10-29,Financial Services,Insurance - Property & Casualty,1.2604,7
2010-11-30,Financial Services,Insurance - Property & Casualty,1.2498,7
2010-12-31,Financial Services,Insurance - Property & Casualty,1.2828,7
2011-01-31,Financial Services,Insurance - Property & Casualty,1.2357,7
2011-02-28,Financial Services,Insurance - Property & Casualty,1.1707,7
2011-03-31,Financial Services,Insurance - Property & Casualty,1.1727,7
2011-04-29,Financial Services,Insurance - Property & Casualty,1.1373,7
2011-05-31,Financial Services,Insurance - Property & Casualty,1.0914,7
2011-06-30,Financial Services,Insurance - Property & Casualty,1.0599,7
2011-07-29,Financial Services,Insurance - Property & Casualty,1.0152,7
2011-08-31,Financial Services,Insurance - Property & Casualty,0.9601,7
2011-09-30,Financial Services,Insurance - Property & Casualty,0.9527,7
2011-10-31,Financial Services,Insurance - Property & Casualty,0.9167,7
2011-11-30,Financial Services,Insurance - Property & Casualty,0.9874,7
2011-12-30,Financial Services,Insurance - Property & Casualty,1.0236,7
2012-01-31,Financial Services,Insurance - Property & Casualty,1.0429,7
2012-02-29,Financial Services,Insurance - Property & Casualty,1.0493,7
2012-03-30,Financial Services,Insurance - Property & Casualty,1.0541,7
2012-04-30,Financial Services,Insurance - Property & Casualty,1.0622,7
2012-05-31,Financial Services,Insurance - Property & Casualty,1.0591,7
2012-06-29,Financial Services,Insurance - Property & Casualty,1.0581,7
2012-07-31,Financial Services,Insurance - Property & Casualty,1.0449,7
2012-08-31,Financial Services,Insurance - Property & Casualty,1.0400,7
2012-09-28,Financial Services,Insurance - Property & Casualty,1.0487,7
2012-10-31,Financial Services,Insurance - Property & Casualty,1.0676,7
2012-11-30,Financial Services,Insurance - Property & Casualty,1.0411,7
2012-12-31,Financial Services,Insurance - Property & Casualty,1.0062,7
2013-01-31,Financial Services,Insurance - Property & Casualty,0.9617,7
2013-02-28,Financial Services,Insurance - Property & Casualty,0.9211,7
2013-03-28,Financial Services,Insurance - Property & Casualty,0.8978,7
2013-04-30,Financial Services,Insurance - Property & Casualty,0.8918,7
2013-05-31,Financial Services,Insurance - Property & Casualty,0.9082,7
2013-06-28,Financial Services,Insurance - Property & Casualty,0.9069,7
2013-07-31,Financial Services,Insurance - Property & Casualty,0.9028,7
2013-08-30,Financial Services,Insurance - Property & Casualty,0.9108,7
2013-09-30,Financial Services,Insurance - Property & Casualty,0.9126,7
2013-10-31,Financial Services,Insurance - Property & Casualty,0.9310,7
2013-11-29,Financial Services,Insurance - Property & Casualty,0.9043,7
2013-12-31,Financial Services,Insurance - Property & Casualty,0.8836,7
2014-01-31,Financial Services,Insurance - Property & Casualty,0.8767,7
2014-02-28,Financial Services,Insurance - Property & Casualty,0.8797,7
2014-03-31,Financial Services,Insurance - Property & Casualty,0.8977,7
2014-04-30,Financial Services,Insurance - Property & Casualty,0.9259,7
2014-05-30,Financial Services,Insurance - Property & Casualty,0.9231,7
2014-06-30,Financial Services,Insurance - Property & Casualty,0.9241,7
2014-07-31,Financial Services,Insurance - Property & Casualty,0.8841,7
2014-08-29,Financial Services,Insurance - Property & Casualty,0.8672,7
2014-09-30,Financial Services,Insurance - Property & Casualty,0.8399,7
2014-10-31,Financial Services,Insurance - Property & Casualty,0.8030,7
2014-11-28,Financial Services,Insurance - Property & Casualty,0.8079,7
2014-12-31,Financial Services,Insurance - Property & Casualty,0.7980,7
2015-01-30,Financial Services,Insurance - Property & Casualty,0.7926,7
2015-02-27,Financial Services,Insurance - Property & Casualty,0.7958,7
2015-03-31,Financial Services,Insurance - Property & Casualty,0.7838,7
2015-04-30,Financial Services,Insurance - Property & Casualty,0.7966,7
2015-05-29,Financial Services,Insurance - Property & Casualty,0.7891,7
2015-06-30,Financial Services,Insurance - Property & Casualty,0.8108,7
2015-07-31,Financial Services,Insurance - Property & Casualty,0.8502,7
2015-08-31,Financial Services,Insurance - Property & Casualty,0.8586,7
2015-09-30,Financial Services,Insurance - Property & Casualty,0.8893,7
2015-10-30,Financial Services,Insurance - Property & Casualty,0.8833,7
2015-11-30,Financial Services,Insurance - Property & Casualty,0.8523,7
2015-12-31,Financial Services,Insurance - Property & Casualty,0.8562,7
2016-01-29,Financial Services,Insurance - Property & Casualty,0.8658,7
2016-02-29,Financial Services,Insurance - Property & Casualty,0.8543,7
2016-03-31,Financial Services,Insurance - Property & Casualty,0.8713,7
2016-04-29,Financial Services,Insurance - Property & Casualty,0.8292,7
2016-05-31,Financial Services,Insurance - Property & Casualty,0.8240,7
2016-06-30,Financial Services,Insurance - Property & Casualty,0.8248,7
2016-07-29,Financial Services,Insurance - Property & Casualty,0.8482,7
2016-08-31,Financial Services,Insurance - Property & Casualty,0.8527,7
2016-09-30,Financial Services,Insurance - Property & Casualty,0.8464,7
2016-10-31,Financial Services,Insurance - Property & Casualty,0.8474,7
2016-11-30,Financial Services,Insurance - Property & Casualty,0.8579,7
2016-12-30,Financial Services,Insurance - Property & Casualty,0.8660,7
2017-01-31,Financial Services,Insurance - Property & Casualty,0.8872,7
2017-02-28,Financial Services,Insurance - Property & Casualty,0.8861,7
2017-03-31,Financial Services,Insurance - Property & Casualty,0.8663,7
2017-04-28,Financial Services,Insurance - Property & Casualty,0.8957,7
2017-05-31,Financial Services,Insurance - Property & Casualty,0.9286,7
2017-06-30,Financial Services,Insurance - Property & Casualty,0.9169,7
2017-07-31,Financial Services,Insurance - Property & Casualty,0.8977,7
2017-08-31,Financial Services,Insurance - Property & Casualty,0.8790,7
2017-09-29,Financial Services,Insurance - Property & Casualty,0.8366,7
2017-10-31,Financial Services,Insurance - Property & Casualty,0.8498,7
2017-11-30,Financial Services,Insurance - Property & Casualty,0.8953,7
2017-12-29,Financial Services,Insurance - Property & Casualty,0.9213,7
2018-01-31,Financial Services,Insurance - Property & Casualty,0.8951,7
2018-02-28,Financial Services,Insurance - Property & Casualty,0.9061,7
2018-03-29,Financial Services,Insurance - Property & Casualty,0.9222,7
2018-04-30,Financial Services,Insurance - Property & Casualty,0.9430,7
2018-05-31,Financial Services,Insurance - Property & Casualty,0.9371,7
2018-06-29,Financial Services,Insurance - Property & Casualty,0.8732,7
2018-07-31,Financial Services,Insurance - Property & Casualty,0.8541,7
2018-08-31,Financial Services,Insurance - Property & Casualty,0.8654,7
2018-09-28,Financial Services,Insurance - Property & Casualty,0.8685,7
2018-10-31,Financial Services,Insurance - Property & Casualty,0.8725,7
2018-11-30,Financial Services,Insurance - Property & Casualty,0.8549,7
2018-12-31,Financial Services,Insurance - Property & Casualty,0.8489,7
2019-01-31,Financial Services,Insurance - Property & Casualty,0.7820,7
2019-02-28,Financial Services,Insurance - Property & Casualty,0.7894,7
2019-03-29,Financial Services,Insurance - Property & Casualty,0.7588,7
2019-04-30,Financial Services,Insurance - Property & Casualty,0.7476,7
2019-05-31,Financial Services,Insurance - Property & Casualty,0.7257,7
2019-06-28,Financial Services,Insurance - Property & Casualty,0.7259,7
2019-07-31,Financial Services,Insurance - Property & Casualty,0.7275,7
2019-08-30,Financial Services,Insurance - Property & Casualty,0.7189,7
2019-09-30,Financial Services,Insurance - Property & Casualty,0.7276,7
2019-10-31,Financial Services,Insurance - Property & Casualty,0.7319,7
2019-11-29,Financial Services,Insurance - Property & Casualty,0.7408,7
2019-12-31,Financial Services,Insurance - Property & Casualty,0.7445,8
2020-01-31,Financial Services,Insurance - Property & Casualty,0.7773,8
2020-02-28,Financial Services,Insurance - Property & Casualty,0.7777,8
2020-03-31,Financial Services,Insurance - Property & Casualty,0.8069,8
2020-04-30,Financial Services,Insurance - Property & Casualty,0.8300,8
2020-05-29,Financial Services,Insurance - Property & Casualty,0.8431,8
2020-06-30,Financial Services,Insurance - Property & Casualty,1.0806,8
2020-07-31,Financial Services,Insurance - Property & Casualty,1.1026,8
2020-08-31,Financial Services,Insurance - Property & Casualty,1.1271,8
2020-09-30,Financial Services,Insurance - Property & Casualty,1.1431,8
2020-10-30,Financial Services,Insurance - Property & Casualty,1.1402,8
2020-11-30,Financial Services,Insurance - Property & Casualty,1.1209,8
2020-12-31,Financial Services,Insurance - Property & Casualty,1.0983,8
2021-01-29,Financial Services,Insurance - Property & Casualty,1.1046,8
2021-02-26,Financial Services,Insurance - Property & Casualty,1.1014,8
2021-03-31,Financial Services,Insurance - Property & Casualty,1.1227,8
2021-04-30,Financial Services,Insurance - Property & Casualty,1.1125,8
2021-05-28,Financial Services,Insurance - Property & Casualty,1.1202,8
2021-06-30,Financial Services,Insurance - Property & Casualty,1.0593,8
2021-07-30,Financial Services,Insurance - Property & Casualty,1.0263,8
2021-08-31,Financial Services,Insurance - Property & Casualty,1.0037,8
2021-09-30,Financial Services,Insurance - Property & Casualty,0.9701,8
2021-10-29,Financial Services,Insurance - Property & Casualty,0.9870,8
2021-11-30,Financial Services,Insurance - Property & Casualty,1.0162,8
2021-12-31,Financial Services,Insurance - Property & Casualty,1.0273,8
2022-01-31,Financial Services,Insurance - Property & Casualty,1.0354,8
2022-02-28,Financial Services,Insurance - Property & Casualty,1.0337,8
2022-03-31,Financial Services,Insurance - Property & Casualty,1.0305,8
2022-04-29,Financial Services,Insurance - Property & Casualty,0.9950,8
2022-05-31,Financial Services,Insurance - Property & Casualty,0.9734,8
2022-06-30,Financial Services,Insurance - Property & Casualty,0.8685,8
2022-07-29,Financial Services,Insurance - Property & Casualty,0.8000,8
2022-08-31,Financial Services,Insurance - Property & Casualty,0.7341,8
2022-09-30,Financial Services,Insurance - Property & Casualty,0.6900,8
2022-10-31,Financial Services,Insurance - Property & Casualty,0.6995,8
2022-11-30,Financial Services,Insurance - Property & Casualty,0.7080,8
2022-12-30,Financial Services,Insurance - Property & Casualty,0.7228,8
2023-01-31,Financial Services,Insurance - Property & Casualty,0.7409,8
2023-02-28,Financial Services,Insurance - Property & Casualty,0.7292,8
2023-03-31,Financial Services,Insurance - Property & Casualty,0.7151,8
2023-04-28,Financial Services,Insurance - Property & Casualty,0.7283,8
2023-05-31,Financial Services,Insurance - Property & Casualty,0.7303,8
2023-06-30,Financial Services,Insurance - Property & Casualty,0.7861,8
2023-07-31,Financial Services,Insurance - Property & Casualty,0.8202,8
2023-08-31,Financial Services,Insurance - Property & Casualty,0.8588,8
2023-09-29,Financial Services,Insurance - Property & Casualty,0.8821,8
2023-10-31,Financial Services,Insurance - Property & Casualty,0.8940,8
2023-11-30,Financial Services,Insurance - Property & Casualty,0.9026,8
2023-12-29,Financial Services,Insurance - Property & Casualty,0.9143,8
2024-01-31,Financial Services,Insurance - Property & Casualty,0.9227,8
2024-02-29,Financial Services,Insurance - Property & Casualty,0.9312,8
2024-03-28,Financial Services,Insurance - Property & Casualty,0.9545,8
2024-04-30,Financial Services,Insurance - Property & Casualty,0.9542,8
2024-05-31,Financial Services,Insurance - Property & Casualty,0.9680,8
2024-06-28,Financial Services,Insurance - Property & Casualty,0.9111,8
2024-07-31,Financial Services,Insurance - Property & Casualty,0.8813,8
2024-08-30,Financial Services,Insurance - Property & Casualty,0.9210,8
2024-09-30,Financial Services,Insurance - Property & Casualty,0.9430,8
2024-10-31,Financial Services,Insurance - Property & Casualty,0.9114,8
2024-11-29,Financial Services,Insurance - Property & Casualty,0.9157,8
2024-12-31,Financial Services,Insurance - Property & Casualty,0.9225,8
2025-01-31,Financial Services,Insurance - Property & Casualty,0.9689,8
2025-02-28,Financial Services,Insurance - Property & Casualty,0.9853,8
2025-03-31,Financial Services,Insurance - Property & Casualty,0.9976,8
2025-04-30,Financial Services,Insurance - Property & Casualty,1.0275,8
2025-05-30,Financial Services,Insurance - Property & Casualty,1.0594,8
2025-06-30,Financial Services,Insurance - Property & Casualty,0.9988,8
2025-07-31,Financial Services,Insurance - Property & Casualty,1.0409,8
2025-08-29,Financial Services,Insurance - Property & Casualty,1.0472,8
2025-09-30,Financial Services,Insurance - Property & Casualty,1.0778,8
2025-10-31,Financial Services,Insurance - Property & Casualty,1.0919,8
2025-11-28,Financial Services,Insurance - Property & Casualty,1.1079,8
2025-12-31,Financial Services,Insurance - Property & Casualty,1.1231,8
2026-01-30,Financial Services,Insurance - Property & Casualty,1.1216,8
2026-02-27,Financial Services,Insurance - Property & Casualty,1.1126,8
2026-03-31,Financial Services,Insurance - Property & Casualty,1.1190,8
2026-04-30,Financial Services,Insurance - Property & Casualty,1.1209,8
2026-05-29,Financial Services,Insurance - Property & Casualty,1.1328,8
2026-06-30,Financial Services,Insurance - Property & Casualty,1.1526,8
2026-07-31,Financial Services,Insurance - Property & Casualty,1.2202,8
2026-08-12,Financial Services,Insurance - Property & Casualty,1.2184,8
2005-01-31,Healthcare,Diagnostics & Research,1.3654,6
2005-02-28,Healthcare,Diagnostics & Research,1.3598,6
2005-03-31,Healthcare,Diagnostics & Research,1.3502,6
2005-04-29,Healthcare,Diagnostics & Research,1.3371,6
2005-05-31,Healthcare,Diagnostics & Research,1.3031,6
2005-06-30,Healthcare,Diagnostics & Research,1.3029,6
2005-07-29,Healthcare,Diagnostics & Research,1.2647,6
2005-08-31,Healthcare,Diagnostics & Research,1.2321,6
2005-09-30,Healthcare,Diagnostics & Research,1.2140,6
2005-10-31,Healthcare,Diagnostics & Research,1.2184,6
2005-11-30,Healthcare,Diagnostics & Research,1.1794,6
2005-12-30,Healthcare,Diagnostics & Research,1.1475,6
2006-01-31,Healthcare,Diagnostics & Research,1.1564,6
2006-02-28,Healthcare,Diagnostics & Research,1.1579,6
2006-03-31,Healthcare,Diagnostics & Research,1.1443,6
2006-04-28,Healthcare,Diagnostics & Research,1.1368,6
2006-05-31,Healthcare,Diagnostics & Research,1.1240,6
2006-06-30,Healthcare,Diagnostics & Research,1.1173,6
2006-07-31,Healthcare,Diagnostics & Research,1.1202,6
2006-08-31,Healthcare,Diagnostics & Research,1.0709,6
2006-09-29,Healthcare,Diagnostics & Research,1.0574,6
2006-10-31,Healthcare,Diagnostics & Research,1.0384,6
2006-11-30,Healthcare,Diagnostics & Research,1.0309,6
2006-12-29,Healthcare,Diagnostics & Research,1.0253,6
2007-01-31,Healthcare,Diagnostics & Research,0.9925,6
2007-02-28,Healthcare,Diagnostics & Research,0.9880,6
2007-03-30,Healthcare,Diagnostics & Research,0.9791,6
2007-04-30,Healthcare,Diagnostics & Research,0.9634,6
2007-05-31,Healthcare,Diagnostics & Research,0.9596,6
2007-06-29,Healthcare,Diagnostics & Research,0.9530,6
2007-07-31,Healthcare,Diagnostics & Research,0.9605,6
2007-08-31,Healthcare,Diagnostics & Research,0.9610,6
2007-09-28,Healthcare,Diagnostics & Research,0.9621,6
2007-10-31,Healthcare,Diagnostics & Research,0.9471,6
2007-11-30,Healthcare,Diagnostics & Research,0.9508,6
2007-12-31,Healthcare,Diagnostics & Research,0.9436,6
2008-01-31,Healthcare,Diagnostics & Research,0.9443,6
2008-02-29,Healthcare,Diagnostics & Research,0.8684,6
2008-03-31,Healthcare,Diagnostics & Research,0.8595,6
2008-04-30,Healthcare,Diagnostics & Research,0.8242,6
2008-05-30,Healthcare,Diagnostics & Research,0.8174,6
2008-06-30,Healthcare,Diagnostics & Research,0.8025,6
2008-07-31,Healthcare,Diagnostics & Research,0.7981,6
2008-08-29,Healthcare,Diagnostics & Research,0.7943,6
2008-09-30,Healthcare,Diagnostics & Research,0.7991,6
2008-10-31,Healthcare,Diagnostics & Research,0.7717,6
2008-11-28,Healthcare,Diagnostics & Research,0.7747,6
2008-12-31,Healthcare,Diagnostics & Research,0.7285,6
2009-01-30,Healthcare,Diagnostics & Research,0.8335,6
2009-02-27,Healthcare,Diagnostics & Research,0.8694,6
2009-03-31,Healthcare,Diagnostics & Research,0.8678,6
2009-04-30,Healthcare,Diagnostics & Research,0.8635,6
2009-05-29,Healthcare,Diagnostics & Research,0.8621,6
2009-06-30,Healthcare,Diagnostics & Research,0.8648,6
2009-07-31,Healthcare,Diagnostics & Research,0.8708,6
2009-08-31,Healthcare,Diagnostics & Research,0.8727,6
2009-09-30,Healthcare,Diagnostics & Research,0.8781,6
2009-10-30,Healthcare,Diagnostics & Research,0.8778,6
2009-11-30,Healthcare,Diagnostics & Research,0.8760,6
2009-12-31,Healthcare,Diagnostics & Research,0.9161,6
2010-01-29,Healthcare,Diagnostics & Research,0.8835,6
2010-02-26,Healthcare,Diagnostics & Research,0.8741,6
2010-03-31,Healthcare,Diagnostics & Research,0.8836,6
2010-04-30,Healthcare,Diagnostics & Research,0.8908,6
2010-05-28,Healthcare,Diagnostics & Research,0.8901,6
2010-06-30,Healthcare,Diagnostics & Research,0.8972,6
2010-07-30,Healthcare,Diagnostics & Research,0.8898,6
2010-08-31,Healthcare,Diagnostics & Research,0.9089,6
2010-09-30,Healthcare,Diagnostics & Research,0.9048,6
2010-10-29,Healthcare,Diagnostics & Research,0.9159,6
2010-11-30,Healthcare,Diagnostics & Research,0.9304,6
2010-12-31,Healthcare,Diagnostics & Research,0.9735,6
2011-01-31,Healthcare,Diagnostics & Research,0.9551,6
2011-02-28,Healthcare,Diagnostics & Research,0.9612,6
2011-03-31,Healthcare,Diagnostics & Research,0.9754,6
2011-04-29,Healthcare,Diagnostics & Research,0.9961,6
2011-05-31,Healthcare,Diagnostics & Research,1.0182,6
2011-06-30,Healthcare,Diagnostics & Research,1.0292,6
2011-07-29,Healthcare,Diagnostics & Research,1.0574,6
2011-08-31,Healthcare,Diagnostics & Research,1.0667,6
2011-09-30,Healthcare,Diagnostics & Research,1.0723,6
2011-10-31,Healthcare,Diagnostics & Research,1.1042,6
2011-11-30,Healthcare,Diagnostics & Research,1.1657,6
2011-12-30,Healthcare,Diagnostics & Research,1.2179,6
2012-01-31,Healthcare,Diagnostics & Research,1.2489,6
2012-02-29,Healthcare,Diagnostics & Research,1.2567,6
2012-03-30,Healthcare,Diagnostics & Research,1.2694,6
2012-04-30,Healthcare,Diagnostics & Research,1.2904,6
2012-05-31,Healthcare,Diagnostics & Research,1.2770,6
2012-06-29,Healthcare,Diagnostics & Research,1.2737,6
2012-07-31,Healthcare,Diagnostics & Research,1.2620,6
2012-08-31,Healthcare,Diagnostics & Research,1.2597,6
2012-09-28,Healthcare,Diagnostics & Research,1.2672,6
2012-10-31,Healthcare,Diagnostics & Research,1.2790,6
2012-11-30,Healthcare,Diagnostics & Research,1.2735,6
2012-12-31,Healthcare,Diagnostics & Research,1.2319,6
2013-01-31,Healthcare,Diagnostics & Research,1.1933,7
2013-02-28,Healthcare,Diagnostics & Research,1.1575,7
2013-03-28,Healthcare,Diagnostics & Research,1.1193,7
2013-04-30,Healthcare,Diagnostics & Research,1.1017,7
2013-05-31,Healthcare,Diagnostics & Research,1.1073,7
2013-06-28,Healthcare,Diagnostics & Research,1.1069,7
2013-07-31,Healthcare,Diagnostics & Research,1.0882,7
2013-08-30,Healthcare,Diagnostics & Research,1.0956,7
2013-09-30,Healthcare,Diagnostics & Research,1.0961,7
2013-10-31,Healthcare,Diagnostics & Research,1.0729,7
2013-11-29,Healthcare,Diagnostics & Research,1.0422,7
2013-12-31,Healthcare,Diagnostics & Research,1.0025,7
2014-01-31,Healthcare,Diagnostics & Research,0.9631,7
2014-02-28,Healthcare,Diagnostics & Research,0.9574,7
2014-03-31,Healthcare,Diagnostics & Research,0.9656,7
2014-04-30,Healthcare,Diagnostics & Research,1.0091,7
2014-05-30,Healthcare,Diagnostics & Research,1.0145,7
2014-06-30,Healthcare,Diagnostics & Research,1.0310,7
2014-07-31,Healthcare,Diagnostics & Research,1.0063,7
2014-08-29,Healthcare,Diagnostics & Research,0.9983,7
2014-09-30,Healthcare,Diagnostics & Research,0.9782,7
2014-10-31,Healthcare,Diagnostics & Research,0.9718,7
2014-11-28,Healthcare,Diagnostics & Research,0.9827,7
2014-12-31,Healthcare,Diagnostics & Research,0.9972,7
2015-01-30,Healthcare,Diagnostics & Research,1.0200,7
2015-02-27,Healthcare,Diagnostics & Research,1.0476,7
2015-03-31,Healthcare,Diagnostics & Research,1.0275,7
2015-04-30,Healthcare,Diagnostics & Research,1.0072,7
2015-05-29,Healthcare,Diagnostics & Research,1.0088,7
2015-06-30,Healthcare,Diagnostics & Research,1.0137,7
2015-07-31,Healthcare,Diagnostics & Research,1.0167,7
2015-08-31,Healthcare,Diagnostics & Research,1.0050,7
2015-09-30,Healthcare,Diagnostics & Research,1.0056,7
2015-10-30,Healthcare,Diagnostics & Research,1.0028,7
2015-11-30,Healthcare,Diagnostics & Research,0.9671,8
2015-12-31,Healthcare,Diagnostics & Research,0.9882,8
2016-01-29,Healthcare,Diagnostics & Research,0.9786,8
2016-02-29,Healthcare,Diagnostics & Research,0.9648,8
2016-03-31,Healthcare,Diagnostics & Research,0.9821,8
2016-04-29,Healthcare,Diagnostics & Research,0.9635,8
2016-05-31,Healthcare,Diagnostics & Research,0.9711,8
2016-06-30,Healthcare,Diagnostics & Research,0.9821,8
2016-07-29,Healthcare,Diagnostics & Research,0.9978,8
2016-08-31,Healthcare,Diagnostics & Research,0.9926,8
2016-09-30,Healthcare,Diagnostics & Research,1.0271,9
2016-10-31,Healthcare,Diagnostics & Research,1.0303,9
2016-11-30,Healthcare,Diagnostics & Research,1.0564,9
2016-12-30,Healthcare,Diagnostics & Research,1.0697,9
2017-01-31,Healthcare,Diagnostics & Research,1.1320,10
2017-02-28,Healthcare,Diagnostics & Research,1.1341,10
2017-03-31,Healthcare,Diagnostics & Research,1.1448,10
2017-04-28,Healthcare,Diagnostics & Research,1.1887,10
2017-05-31,Healthcare,Diagnostics & Research,1.2065,10
2017-06-30,Healthcare,Diagnostics & Research,1.1940,10
2017-07-31,Healthcare,Diagnostics & Research,1.2125,10
2017-08-31,Healthcare,Diagnostics & Research,1.1895,11
2017-09-29,Healthcare,Diagnostics & Research,1.1385,11
2017-10-31,Healthcare,Diagnostics & Research,1.1369,11
2017-11-30,Healthcare,Diagnostics & Research,1.1446,11
2017-12-29,Healthcare,Diagnostics & Research,1.1232,11
2018-01-31,Healthcare,Diagnostics & Research,1.0356,11
2018-02-28,Healthcare,Diagnostics & Research,1.0228,11
2018-03-29,Healthcare,Diagnostics & Research,1.0416,11
2018-04-30,Healthcare,Diagnostics & Research,1.0545,11
2018-05-31,Healthcare,Diagnostics & Research,1.0162,11
2018-06-29,Healthcare,Diagnostics & Research,0.9400,11
2018-07-31,Healthcare,Diagnostics & Research,0.9340,11
2018-08-31,Healthcare,Diagnostics & Research,0.9641,11
2018-09-28,Healthcare,Diagnostics & Research,0.9527,11
2018-10-31,Healthcare,Diagnostics & Research,0.9617,11
2018-11-30,Healthcare,Diagnostics & Research,0.9554,11
2018-12-31,Healthcare,Diagnostics & Research,0.9419,11
2019-01-31,Healthcare,Diagnostics & Research,0.8642,11
2019-02-28,Healthcare,Diagnostics & Research,0.8678,11
2019-03-29,Healthcare,Diagnostics & Research,0.8666,11
2019-04-30,Healthcare,Diagnostics & Research,0.8642,11
2019-05-31,Healthcare,Diagnostics & Research,0.8672,11
2019-06-28,Healthcare,Diagnostics & Research,0.8851,11
2019-07-31,Healthcare,Diagnostics & Research,0.9033,11
2019-08-30,Healthcare,Diagnostics & Research,0.8942,11
2019-09-30,Healthcare,Diagnostics & Research,0.9022,11
2019-10-31,Healthcare,Diagnostics & Research,0.9008,11
2019-11-29,Healthcare,Diagnostics & Research,0.9067,11
2019-12-31,Healthcare,Diagnostics & Research,0.9198,11
2020-01-31,Healthcare,Diagnostics & Research,0.9653,11
2020-02-28,Healthcare,Diagnostics & Research,0.9838,11
2020-03-31,Healthcare,Diagnostics & Research,0.9970,11
2020-04-30,Healthcare,Diagnostics & Research,1.0191,11
2020-05-29,Healthcare,Diagnostics & Research,0.9737,11
2020-06-30,Healthcare,Diagnostics & Research,0.9201,11
2020-07-31,Healthcare,Diagnostics & Research,0.9132,11
2020-08-31,Healthcare,Diagnostics & Research,0.9140,11
2020-09-30,Healthcare,Diagnostics & Research,0.9160,11
2020-10-30,Healthcare,Diagnostics & Research,0.9130,11
2020-11-30,Healthcare,Diagnostics & Research,0.9080,11
2020-12-31,Healthcare,Diagnostics & Research,0.8824,11
2021-01-29,Healthcare,Diagnostics & Research,0.8838,11
2021-02-26,Healthcare,Diagnostics & Research,0.9029,11
2021-03-31,Healthcare,Diagnostics & Research,0.9057,11
2021-04-30,Healthcare,Diagnostics & Research,0.9139,11
2021-05-28,Healthcare,Diagnostics & Research,0.9180,12
2021-06-30,Healthcare,Diagnostics & Research,0.9360,12
2021-07-30,Healthcare,Diagnostics & Research,0.9365,12
2021-08-31,Healthcare,Diagnostics & Research,0.9372,12
2021-09-30,Healthcare,Diagnostics & Research,0.9465,12
2021-10-29,Healthcare,Diagnostics & Research,0.9483,12
2021-11-30,Healthcare,Diagnostics & Research,0.9559,12
2021-12-31,Healthcare,Diagnostics & Research,0.9883,12
2022-01-31,Healthcare,Diagnostics & Research,0.9983,12
2022-02-28,Healthcare,Diagnostics & Research,0.9609,12
2022-03-31,Healthcare,Diagnostics & Research,0.9787,12
2022-04-29,Healthcare,Diagnostics & Research,0.9604,12
2022-05-31,Healthcare,Diagnostics & Research,0.9338,12
2022-06-30,Healthcare,Diagnostics & Research,0.9444,12
2022-07-29,Healthcare,Diagnostics & Research,0.9328,12
2022-08-31,Healthcare,Diagnostics & Research,0.9255,12
2022-09-30,Healthcare,Diagnostics & Research,0.9032,12
2022-10-31,Healthcare,Diagnostics & Research,0.9256,12
2022-11-30,Healthcare,Diagnostics & Research,0.9318,12
2022-12-30,Healthcare,Diagnostics & Research,0.9381,12
2023-01-31,Healthcare,Diagnostics & Research,0.9719,12
2023-02-28,Healthcare,Diagnostics & Research,0.9697,12
2023-03-31,Healthcare,Diagnostics & Research,0.9643,12
2023-04-28,Healthcare,Diagnostics & Research,0.9673,12
2023-05-31,Healthcare,Diagnostics & Research,0.9823,12
2023-06-30,Healthcare,Diagnostics & Research,0.9964,12
2023-07-31,Healthcare,Diagnostics & Research,1.0424,12
2023-08-31,Healthcare,Diagnostics & Research,1.0549,12
2023-09-29,Healthcare,Diagnostics & Research,1.0832,12
2023-10-31,Healthcare,Diagnostics & Research,1.0812,12
2023-11-30,Healthcare,Diagnostics & Research,1.0855,12
2023-12-29,Healthcare,Diagnostics & Research,1.0991,12
2024-01-31,Healthcare,Diagnostics & Research,1.1033,12
2024-02-29,Healthcare,Diagnostics & Research,1.1219,12
2024-03-28,Healthcare,Diagnostics & Research,1.1393,12
2024-04-30,Healthcare,Diagnostics & Research,1.1538,12
2024-05-31,Healthcare,Diagnostics & Research,1.1701,12
2024-06-28,Healthcare,Diagnostics & Research,1.1624,11
2024-07-31,Healthcare,Diagnostics & Research,1.0934,11
2024-08-30,Healthcare,Diagnostics & Research,1.1191,11
2024-09-30,Healthcare,Diagnostics & Research,1.1477,11
2024-10-31,Healthcare,Diagnostics & Research,1.1361,11
2024-11-29,Healthcare,Diagnostics & Research,1.1299,11
2024-12-31,Healthcare,Diagnostics & Research,1.1501,11
2025-01-31,Healthcare,Diagnostics & Research,1.1393,11
2025-02-28,Healthcare,Diagnostics & Research,1.1352,11
2025-03-31,Healthcare,Diagnostics & Research,1.1278,11
2025-04-30,Healthcare,Diagnostics & Research,1.1425,11
2025-05-30,Healthcare,Diagnostics & Research,1.1442,11
2025-06-30,Healthcare,Diagnostics & Research,1.1137,11
2025-07-31,Healthcare,Diagnostics & Research,1.1429,11
2025-08-29,Healthcare,Diagnostics & Research,1.2239,11
2025-09-30,Healthcare,Diagnostics & Research,1.2483,11
2025-10-31,Healthcare,Diagnostics & Research,1.3104,11
2025-11-28,Healthcare,Diagnostics & Research,1.3444,11
2025-12-31,Healthcare,Diagnostics & Research,1.3836,11
2026-01-30,Healthcare,Diagnostics & Research,1.3722,11
2026-02-27,Healthcare,Diagnostics & Research,1.3497,11
2026-03-31,Healthcare,Diagnostics & Research,1.3622,11
2026-04-30,Healthcare,Diagnostics & Research,1.3568,11
2026-05-29,Healthcare,Diagnostics & Research,1.3844,11
2026-06-30,Healthcare,Diagnostics & Research,1.4501,11
2026-07-31,Healthcare,Diagnostics & Research,1.6543,11
2026-08-12,Healthcare,Diagnostics & Research,1.6316,11
2005-01-31,Healthcare,Drug Manufacturers - General,1.1776,8
2005-02-28,Healthcare,Drug Manufacturers - General,1.1491,8
2005-03-31,Healthcare,Drug Manufacturers - General,1.2125,8
2005-04-29,Healthcare,Drug Manufacturers - General,1.2304,8
2005-05-31,Healthcare,Drug Manufacturers - General,1.2385,8
2005-06-30,Healthcare,Drug Manufacturers - General,1.2616,8
2005-07-29,Healthcare,Drug Manufacturers - General,1.2046,8
2005-08-31,Healthcare,Drug Manufacturers - General,1.1863,8
2005-09-30,Healthcare,Drug Manufacturers - General,1.1834,8
2005-10-31,Healthcare,Drug Manufacturers - General,1.2035,8
2005-11-30,Healthcare,Drug Manufacturers - General,1.1960,8
2005-12-30,Healthcare,Drug Manufacturers - General,1.1688,8
2006-01-31,Healthcare,Drug Manufacturers - General,1.1525,8
2006-02-28,Healthcare,Drug Manufacturers - General,1.1542,8
2006-03-31,Healthcare,Drug Manufacturers - General,1.1268,8
2006-04-28,Healthcare,Drug Manufacturers - General,1.1091,8
2006-05-31,Healthcare,Drug Manufacturers - General,1.0855,8
2006-06-30,Healthcare,Drug Manufacturers - General,1.0693,8
2006-07-31,Healthcare,Drug Manufacturers - General,1.0946,8
2006-08-31,Healthcare,Drug Manufacturers - General,1.0608,8
2006-09-29,Healthcare,Drug Manufacturers - General,1.0508,8
2006-10-31,Healthcare,Drug Manufacturers - General,1.0255,8
2006-11-30,Healthcare,Drug Manufacturers - General,1.0069,8
2006-12-29,Healthcare,Drug Manufacturers - General,0.9933,8
2007-01-31,Healthcare,Drug Manufacturers - General,0.9227,8
2007-02-28,Healthcare,Drug Manufacturers - General,0.9324,8
2007-03-30,Healthcare,Drug Manufacturers - General,0.8892,8
2007-04-30,Healthcare,Drug Manufacturers - General,0.8677,8
2007-05-31,Healthcare,Drug Manufacturers - General,0.8362,8
2007-06-29,Healthcare,Drug Manufacturers - General,0.8276,8
2007-07-31,Healthcare,Drug Manufacturers - General,0.8465,8
2007-08-31,Healthcare,Drug Manufacturers - General,0.8777,8
2007-09-28,Healthcare,Drug Manufacturers - General,0.8952,8
2007-10-31,Healthcare,Drug Manufacturers - General,0.8947,8
2007-11-30,Healthcare,Drug Manufacturers - General,0.8575,8
2007-12-31,Healthcare,Drug Manufacturers - General,0.8575,8
2008-01-31,Healthcare,Drug Manufacturers - General,0.8422,8
2008-02-29,Healthcare,Drug Manufacturers - General,0.7729,8
2008-03-31,Healthcare,Drug Manufacturers - General,0.7504,8
2008-04-30,Healthcare,Drug Manufacturers - General,0.7269,8
2008-05-30,Healthcare,Drug Manufacturers - General,0.7328,8
2008-06-30,Healthcare,Drug Manufacturers - General,0.7157,8
2008-07-31,Healthcare,Drug Manufacturers - General,0.7149,8
2008-08-29,Healthcare,Drug Manufacturers - General,0.6989,8
2008-09-30,Healthcare,Drug Manufacturers - General,0.7006,8
2008-10-31,Healthcare,Drug Manufacturers - General,0.6743,8
2008-11-28,Healthcare,Drug Manufacturers - General,0.6780,8
2008-12-31,Healthcare,Drug Manufacturers - General,0.6499,8
2009-01-30,Healthcare,Drug Manufacturers - General,0.7265,10
2009-02-27,Healthcare,Drug Manufacturers - General,0.7361,10
2009-03-31,Healthcare,Drug Manufacturers - General,0.7446,10
2009-04-30,Healthcare,Drug Manufacturers - General,0.7268,10
2009-05-29,Healthcare,Drug Manufacturers - General,0.7478,10
2009-06-30,Healthcare,Drug Manufacturers - General,0.7492,10
2009-07-31,Healthcare,Drug Manufacturers - General,0.7432,10
2009-08-31,Healthcare,Drug Manufacturers - General,0.7420,10
2009-09-30,Healthcare,Drug Manufacturers - General,0.7495,10
2009-10-30,Healthcare,Drug Manufacturers - General,0.7508,10
2009-11-30,Healthcare,Drug Manufacturers - General,0.7496,10
2009-12-31,Healthcare,Drug Manufacturers - General,0.7716,10
2010-01-29,Healthcare,Drug Manufacturers - General,0.7478,10
2010-02-26,Healthcare,Drug Manufacturers - General,0.7599,10
2010-03-31,Healthcare,Drug Manufacturers - General,0.7657,10
2010-04-30,Healthcare,Drug Manufacturers - General,0.7823,10
2010-05-28,Healthcare,Drug Manufacturers - General,0.7540,10
2010-06-30,Healthcare,Drug Manufacturers - General,0.7550,10
2010-07-30,Healthcare,Drug Manufacturers - General,0.7590,10
2010-08-31,Healthcare,Drug Manufacturers - General,0.7718,10
2010-09-30,Healthcare,Drug Manufacturers - General,0.7509,10
2010-10-29,Healthcare,Drug Manufacturers - General,0.7513,10
2010-11-30,Healthcare,Drug Manufacturers - General,0.7641,10
2010-12-31,Healthcare,Drug Manufacturers - General,0.7916,10
2011-01-31,Healthcare,Drug Manufacturers - General,0.7680,10
2011-02-28,Healthcare,Drug Manufacturers - General,0.7651,10
2011-03-31,Healthcare,Drug Manufacturers - General,0.7646,10
2011-04-29,Healthcare,Drug Manufacturers - General,0.7828,10
2011-05-31,Healthcare,Drug Manufacturers - General,0.7528,10
2011-06-30,Healthcare,Drug Manufacturers - General,0.7563,10
2011-07-29,Healthcare,Drug Manufacturers - General,0.7718,10
2011-08-31,Healthcare,Drug Manufacturers - General,0.7653,10
2011-09-30,Healthcare,Drug Manufacturers - General,0.7742,10
2011-10-31,Healthcare,Drug Manufacturers - General,0.7758,10
2011-11-30,Healthcare,Drug Manufacturers - General,0.7699,10
2011-12-30,Healthcare,Drug Manufacturers - General,0.7820,10
2012-01-31,Healthcare,Drug Manufacturers - General,0.7800,10
2012-02-29,Healthcare,Drug Manufacturers - General,0.7897,10
2012-03-30,Healthcare,Drug Manufacturers - General,0.7934,10
2012-04-30,Healthcare,Drug Manufacturers - General,0.7888,10
2012-05-31,Healthcare,Drug Manufacturers - General,0.7898,10
2012-06-29,Healthcare,Drug Manufacturers - General,0.7836,10
2012-07-31,Healthcare,Drug Manufacturers - General,0.7654,10
2012-08-31,Healthcare,Drug Manufacturers - General,0.7543,10
2012-09-28,Healthcare,Drug Manufacturers - General,0.7578,10
2012-10-31,Healthcare,Drug Manufacturers - General,0.7617,10
2012-11-30,Healthcare,Drug Manufacturers - General,0.7510,10
2012-12-31,Healthcare,Drug Manufacturers - General,0.7367,10
2013-01-31,Healthcare,Drug Manufacturers - General,0.7374,10
2013-02-28,Healthcare,Drug Manufacturers - General,0.7187,10
2013-03-28,Healthcare,Drug Manufacturers - General,0.7064,10
2013-04-30,Healthcare,Drug Manufacturers - General,0.7065,10
2013-05-31,Healthcare,Drug Manufacturers - General,0.7146,10
2013-06-28,Healthcare,Drug Manufacturers - General,0.7224,10
2013-07-31,Healthcare,Drug Manufacturers - General,0.7585,10
2013-08-30,Healthcare,Drug Manufacturers - General,0.8135,10
2013-09-30,Healthcare,Drug Manufacturers - General,0.8359,10
2013-10-31,Healthcare,Drug Manufacturers - General,0.8354,10
2013-11-29,Healthcare,Drug Manufacturers - General,0.8529,10
2013-12-31,Healthcare,Drug Manufacturers - General,0.8531,10
2014-01-31,Healthcare,Drug Manufacturers - General,0.8813,10
2014-02-28,Healthcare,Drug Manufacturers - General,0.8882,10
2014-03-31,Healthcare,Drug Manufacturers - General,0.9125,10
2014-04-30,Healthcare,Drug Manufacturers - General,0.9600,10
2014-05-30,Healthcare,Drug Manufacturers - General,0.9811,10
2014-06-30,Healthcare,Drug Manufacturers - General,1.0105,10
2014-07-31,Healthcare,Drug Manufacturers - General,1.0229,10
2014-08-29,Healthcare,Drug Manufacturers - General,0.9999,10
2014-09-30,Healthcare,Drug Manufacturers - General,1.0042,10
2014-10-31,Healthcare,Drug Manufacturers - General,0.9923,10
2014-11-28,Healthcare,Drug Manufacturers - General,1.0020,10
2014-12-31,Healthcare,Drug Manufacturers - General,0.9996,10
2015-01-30,Healthcare,Drug Manufacturers - General,1.0264,10
2015-02-27,Healthcare,Drug Manufacturers - General,1.0464,10
2015-03-31,Healthcare,Drug Manufacturers - General,1.0905,10
2015-04-30,Healthcare,Drug Manufacturers - General,1.0696,10
2015-05-29,Healthcare,Drug Manufacturers - General,1.0866,10
2015-06-30,Healthcare,Drug Manufacturers - General,1.0865,10
2015-07-31,Healthcare,Drug Manufacturers - General,1.0909,10
2015-08-31,Healthcare,Drug Manufacturers - General,1.0782,10
2015-09-30,Healthcare,Drug Manufacturers - General,1.0885,10
2015-10-30,Healthcare,Drug Manufacturers - General,1.1091,10
2015-11-30,Healthcare,Drug Manufacturers - General,1.0609,10
2015-12-31,Healthcare,Drug Manufacturers - General,1.0960,10
2016-01-29,Healthcare,Drug Manufacturers - General,1.0963,10
2016-02-29,Healthcare,Drug Manufacturers - General,1.0862,10
2016-03-31,Healthcare,Drug Manufacturers - General,1.0776,10
2016-04-29,Healthcare,Drug Manufacturers - General,1.0366,10
2016-05-31,Healthcare,Drug Manufacturers - General,1.0143,10
2016-06-30,Healthcare,Drug Manufacturers - General,1.0186,10
2016-07-29,Healthcare,Drug Manufacturers - General,1.0088,10
2016-08-31,Healthcare,Drug Manufacturers - General,1.0143,10
2016-09-30,Healthcare,Drug Manufacturers - General,0.9914,10
2016-10-31,Healthcare,Drug Manufacturers - General,0.9802,10
2016-11-30,Healthcare,Drug Manufacturers - General,0.9892,10
2016-12-30,Healthcare,Drug Manufacturers - General,0.9649,11
2017-01-31,Healthcare,Drug Manufacturers - General,0.9705,11
2017-02-28,Healthcare,Drug Manufacturers - General,0.9749,11
2017-03-31,Healthcare,Drug Manufacturers - General,0.9621,11
2017-04-28,Healthcare,Drug Manufacturers - General,0.9941,11
2017-05-31,Healthcare,Drug Manufacturers - General,1.0179,11
2017-06-30,Healthcare,Drug Manufacturers - General,1.0031,11
2017-07-31,Healthcare,Drug Manufacturers - General,1.0121,11
2017-08-31,Healthcare,Drug Manufacturers - General,0.9840,11
2017-09-29,Healthcare,Drug Manufacturers - General,0.9774,11
2017-10-31,Healthcare,Drug Manufacturers - General,0.9590,11
2017-11-30,Healthcare,Drug Manufacturers - General,0.9484,11
2017-12-29,Healthcare,Drug Manufacturers - General,0.9194,11
2018-01-31,Healthcare,Drug Manufacturers - General,0.8982,11
2018-02-28,Healthcare,Drug Manufacturers - General,0.8758,11
2018-03-29,Healthcare,Drug Manufacturers - General,0.8590,11
2018-04-30,Healthcare,Drug Manufacturers - General,0.9251,11
2018-05-31,Healthcare,Drug Manufacturers - General,0.9245,11
2018-06-29,Healthcare,Drug Manufacturers - General,0.8896,11
2018-07-31,Healthcare,Drug Manufacturers - General,0.8774,11
2018-08-31,Healthcare,Drug Manufacturers - General,0.8845,11
2018-09-28,Healthcare,Drug Manufacturers - General,0.8822,11
2018-10-31,Healthcare,Drug Manufacturers - General,0.8905,11
2018-11-30,Healthcare,Drug Manufacturers - General,0.8819,11
2018-12-31,Healthcare,Drug Manufacturers - General,0.8765,11
2019-01-31,Healthcare,Drug Manufacturers - General,0.7971,11
2019-02-28,Healthcare,Drug Manufacturers - General,0.7728,11
2019-03-29,Healthcare,Drug Manufacturers - General,0.7693,11
2019-04-30,Healthcare,Drug Manufacturers - General,0.7483,11
2019-05-31,Healthcare,Drug Manufacturers - General,0.7308,11
2019-06-28,Healthcare,Drug Manufacturers - General,0.7160,11
2019-07-31,Healthcare,Drug Manufacturers - General,0.7191,11
2019-08-30,Healthcare,Drug Manufacturers - General,0.7130,11
2019-09-30,Healthcare,Drug Manufacturers - General,0.7178,11
2019-10-31,Healthcare,Drug Manufacturers - General,0.7178,11
2019-11-29,Healthcare,Drug Manufacturers - General,0.7175,10
2019-12-31,Healthcare,Drug Manufacturers - General,0.7193,10
2020-01-31,Healthcare,Drug Manufacturers - General,0.7330,10
2020-02-28,Healthcare,Drug Manufacturers - General,0.7499,10
2020-03-31,Healthcare,Drug Manufacturers - General,0.7564,10
2020-04-30,Healthcare,Drug Manufacturers - General,0.7541,10
2020-05-29,Healthcare,Drug Manufacturers - General,0.7209,9
2020-06-30,Healthcare,Drug Manufacturers - General,0.7434,9
2020-07-31,Healthcare,Drug Manufacturers - General,0.7394,9
2020-08-31,Healthcare,Drug Manufacturers - General,0.7423,9
2020-09-30,Healthcare,Drug Manufacturers - General,0.7475,9
2020-10-30,Healthcare,Drug Manufacturers - General,0.7416,9
2020-11-30,Healthcare,Drug Manufacturers - General,0.7309,9
2020-12-31,Healthcare,Drug Manufacturers - General,0.7212,9
2021-01-29,Healthcare,Drug Manufacturers - General,0.7216,9
2021-02-26,Healthcare,Drug Manufacturers - General,0.7230,9
2021-03-31,Healthcare,Drug Manufacturers - General,0.7292,9
2021-04-30,Healthcare,Drug Manufacturers - General,0.7277,9
2021-05-28,Healthcare,Drug Manufacturers - General,0.7257,9
2021-06-30,Healthcare,Drug Manufacturers - General,0.6982,10
2021-07-30,Healthcare,Drug Manufacturers - General,0.6985,10
2021-08-31,Healthcare,Drug Manufacturers - General,0.6934,10
2021-09-30,Healthcare,Drug Manufacturers - General,0.6866,10
2021-10-29,Healthcare,Drug Manufacturers - General,0.6880,10
2021-11-30,Healthcare,Drug Manufacturers - General,0.7093,10
2021-12-31,Healthcare,Drug Manufacturers - General,0.7180,10
2022-01-31,Healthcare,Drug Manufacturers - General,0.7198,10
2022-02-28,Healthcare,Drug Manufacturers - General,0.7072,10
2022-03-31,Healthcare,Drug Manufacturers - General,0.7089,10
2022-04-29,Healthcare,Drug Manufacturers - General,0.6758,10
2022-05-31,Healthcare,Drug Manufacturers - General,0.6628,10
2022-06-30,Healthcare,Drug Manufacturers - General,0.6179,10
2022-07-29,Healthcare,Drug Manufacturers - General,0.5856,10
2022-08-31,Healthcare,Drug Manufacturers - General,0.5509,10
2022-09-30,Healthcare,Drug Manufacturers - General,0.5400,10
2022-10-31,Healthcare,Drug Manufacturers - General,0.5431,10
2022-11-30,Healthcare,Drug Manufacturers - General,0.5481,10
2022-12-30,Healthcare,Drug Manufacturers - General,0.5578,10
2023-01-31,Healthcare,Drug Manufacturers - General,0.5557,10
2023-02-28,Healthcare,Drug Manufacturers - General,0.5603,10
2023-03-31,Healthcare,Drug Manufacturers - General,0.5501,10
2023-04-28,Healthcare,Drug Manufacturers - General,0.5615,10
2023-05-31,Healthcare,Drug Manufacturers - General,0.5756,10
2023-06-30,Healthcare,Drug Manufacturers - General,0.5917,10
2023-07-31,Healthcare,Drug Manufacturers - General,0.6109,10
2023-08-31,Healthcare,Drug Manufacturers - General,0.6330,10
2023-09-29,Healthcare,Drug Manufacturers - General,0.6398,10
2023-10-31,Healthcare,Drug Manufacturers - General,0.6495,9
2023-11-30,Healthcare,Drug Manufacturers - General,0.6476,9
2023-12-29,Healthcare,Drug Manufacturers - General,0.6472,9
2024-01-31,Healthcare,Drug Manufacturers - General,0.6705,9
2024-02-29,Healthcare,Drug Manufacturers - General,0.6944,9
2024-03-28,Healthcare,Drug Manufacturers - General,0.7066,9
2024-04-30,Healthcare,Drug Manufacturers - General,0.6983,9
2024-05-31,Healthcare,Drug Manufacturers - General,0.7061,9
2024-06-28,Healthcare,Drug Manufacturers - General,0.7071,9
2024-07-31,Healthcare,Drug Manufacturers - General,0.6900,9
2024-08-30,Healthcare,Drug Manufacturers - General,0.7227,9
2024-09-30,Healthcare,Drug Manufacturers - General,0.7367,9
2024-10-31,Healthcare,Drug Manufacturers - General,0.7465,9
2024-11-29,Healthcare,Drug Manufacturers - General,0.7593,9
2024-12-31,Healthcare,Drug Manufacturers - General,0.7595,9
2025-01-31,Healthcare,Drug Manufacturers - General,0.7578,9
2025-02-28,Healthcare,Drug Manufacturers - General,0.7991,9
2025-03-31,Healthcare,Drug Manufacturers - General,0.7993,9
2025-04-30,Healthcare,Drug Manufacturers - General,0.8292,9
2025-05-30,Healthcare,Drug Manufacturers - General,0.8521,9
2025-06-30,Healthcare,Drug Manufacturers - General,0.8589,9
2025-07-31,Healthcare,Drug Manufacturers - General,0.9291,9
2025-08-29,Healthcare,Drug Manufacturers - General,1.0157,9
2025-09-30,Healthcare,Drug Manufacturers - General,1.0309,9
2025-10-31,Healthcare,Drug Manufacturers - General,1.0955,9
2025-11-28,Healthcare,Drug Manufacturers - General,1.1160,9
2025-12-31,Healthcare,Drug Manufacturers - General,1.1521,9
2026-01-30,Healthcare,Drug Manufacturers - General,1.1425,9
2026-02-27,Healthcare,Drug Manufacturers - General,1.1306,9
2026-03-31,Healthcare,Drug Manufacturers - General,1.1527,9
2026-04-30,Healthcare,Drug Manufacturers - General,1.1662,9
2026-05-29,Healthcare,Drug Manufacturers - General,1.1839,9
2026-06-30,Healthcare,Drug Manufacturers - General,1.2106,9
2026-07-31,Healthcare,Drug Manufacturers - General,1.3269,9
2026-08-12,Healthcare,Drug Manufacturers - General,1.2694,9
2016-03-31,Healthcare,Healthcare Plans,1.0879,6
2016-04-29,Healthcare,Healthcare Plans,1.0451,6
2016-05-31,Healthcare,Healthcare Plans,1.0477,6
2016-06-30,Healthcare,Healthcare Plans,1.0477,6
2016-07-29,Healthcare,Healthcare Plans,1.0398,6
2016-08-31,Healthcare,Healthcare Plans,1.0368,6
2016-09-30,Healthcare,Healthcare Plans,1.0043,6
2016-10-31,Healthcare,Healthcare Plans,1.0107,6
2016-11-30,Healthcare,Healthcare Plans,1.0476,6
2016-12-30,Healthcare,Healthcare Plans,1.0272,6
2017-01-31,Healthcare,Healthcare Plans,1.0265,6
2017-02-28,Healthcare,Healthcare Plans,0.9919,6
2017-03-31,Healthcare,Healthcare Plans,1.0043,6
2017-04-28,Healthcare,Healthcare Plans,1.0267,6
2017-05-31,Healthcare,Healthcare Plans,1.0501,6
2017-06-30,Healthcare,Healthcare Plans,1.0339,6
2017-07-31,Healthcare,Healthcare Plans,1.0460,6
2017-08-31,Healthcare,Healthcare Plans,1.0226,6
2017-09-29,Healthcare,Healthcare Plans,1.0196,6
2017-10-31,Healthcare,Healthcare Plans,1.0047,6
2017-11-30,Healthcare,Healthcare Plans,0.9959,6
2017-12-29,Healthcare,Healthcare Plans,0.9937,6
2018-01-31,Healthcare,Healthcare Plans,0.9649,6
2018-02-28,Healthcare,Healthcare Plans,0.9388,6
2018-03-29,Healthcare,Healthcare Plans,0.9903,6
2018-04-30,Healthcare,Healthcare Plans,1.1099,6
2018-05-31,Healthcare,Healthcare Plans,1.0196,6
2018-06-29,Healthcare,Healthcare Plans,0.9391,6
2018-07-31,Healthcare,Healthcare Plans,0.9255,6
2018-08-31,Healthcare,Healthcare Plans,0.9451,6
2018-09-28,Healthcare,Healthcare Plans,0.9623,6
2018-10-31,Healthcare,Healthcare Plans,0.9568,6
2018-11-30,Healthcare,Healthcare Plans,0.9577,6
2018-12-31,Healthcare,Healthcare Plans,0.9688,6
2019-01-31,Healthcare,Healthcare Plans,0.8738,6
2019-02-28,Healthcare,Healthcare Plans,0.8509,6
2019-03-29,Healthcare,Healthcare Plans,0.8478,6
2019-04-30,Healthcare,Healthcare Plans,0.8170,6
2019-05-31,Healthcare,Healthcare Plans,0.8748,6
2019-06-28,Healthcare,Healthcare Plans,0.9032,6
2019-07-31,Healthcare,Healthcare Plans,0.9919,6
2019-08-30,Healthcare,Healthcare Plans,0.9690,6
2019-09-30,Healthcare,Healthcare Plans,0.9731,6
2019-10-31,Healthcare,Healthcare Plans,0.9774,6
2019-11-29,Healthcare,Healthcare Plans,0.9855,6
2019-12-31,Healthcare,Healthcare Plans,0.9879,6
2020-01-31,Healthcare,Healthcare Plans,1.0454,6
2020-02-28,Healthcare,Healthcare Plans,1.0772,6
2020-03-31,Healthcare,Healthcare Plans,1.1271,6
2020-04-30,Healthcare,Healthcare Plans,1.1634,6
2020-05-29,Healthcare,Healthcare Plans,1.1804,6
2020-06-30,Healthcare,Healthcare Plans,1.2716,6
2020-07-31,Healthcare,Healthcare Plans,1.2522,6
2020-08-31,Healthcare,Healthcare Plans,1.2614,6
2020-09-30,Healthcare,Healthcare Plans,1.2612,6
2020-10-30,Healthcare,Healthcare Plans,1.2564,6
2020-11-30,Healthcare,Healthcare Plans,1.2341,6
2020-12-31,Healthcare,Healthcare Plans,1.2090,6
2021-01-29,Healthcare,Healthcare Plans,1.2148,6
2021-02-26,Healthcare,Healthcare Plans,1.2167,6
2021-03-31,Healthcare,Healthcare Plans,1.2349,6
2021-04-30,Healthcare,Healthcare Plans,1.2183,6
2021-05-28,Healthcare,Healthcare Plans,1.1977,6
2021-06-30,Healthcare,Healthcare Plans,1.0926,6
2021-07-30,Healthcare,Healthcare Plans,1.0758,6
2021-08-31,Healthcare,Healthcare Plans,1.0611,6
2021-09-30,Healthcare,Healthcare Plans,1.0388,6
2021-10-29,Healthcare,Healthcare Plans,1.0512,6
2021-11-30,Healthcare,Healthcare Plans,1.0813,6
2021-12-31,Healthcare,Healthcare Plans,1.0978,6
2022-01-31,Healthcare,Healthcare Plans,1.0913,6
2022-02-28,Healthcare,Healthcare Plans,1.0739,6
2022-03-31,Healthcare,Healthcare Plans,1.0649,7
2022-04-29,Healthcare,Healthcare Plans,1.0479,7
2022-05-31,Healthcare,Healthcare Plans,1.0095,7
2022-06-30,Healthcare,Healthcare Plans,0.8872,7
2022-07-29,Healthcare,Healthcare Plans,0.8353,7
2022-08-31,Healthcare,Healthcare Plans,0.8116,7
2022-09-30,Healthcare,Healthcare Plans,0.7815,7
2022-10-31,Healthcare,Healthcare Plans,0.7807,7
2022-11-30,Healthcare,Healthcare Plans,0.7820,7
2022-12-30,Healthcare,Healthcare Plans,0.7736,7
2023-01-31,Healthcare,Healthcare Plans,0.7639,7
2023-02-28,Healthcare,Healthcare Plans,0.7729,7
2023-03-31,Healthcare,Healthcare Plans,0.7720,7
2023-04-28,Healthcare,Healthcare Plans,0.7627,7
2023-05-31,Healthcare,Healthcare Plans,0.7872,7
2023-06-30,Healthcare,Healthcare Plans,0.8044,7
2023-07-31,Healthcare,Healthcare Plans,0.8404,7
2023-08-31,Healthcare,Healthcare Plans,0.8625,7
2023-09-29,Healthcare,Healthcare Plans,0.9474,7
2023-10-31,Healthcare,Healthcare Plans,0.9607,7
2023-11-30,Healthcare,Healthcare Plans,0.9837,7
2023-12-29,Healthcare,Healthcare Plans,1.0114,7
2024-01-31,Healthcare,Healthcare Plans,1.0165,7
2024-02-29,Healthcare,Healthcare Plans,1.0138,7
2024-03-28,Healthcare,Healthcare Plans,1.0293,7
2024-04-30,Healthcare,Healthcare Plans,1.0349,7
2024-05-31,Healthcare,Healthcare Plans,1.0554,7
2024-06-28,Healthcare,Healthcare Plans,1.1086,7
2024-07-31,Healthcare,Healthcare Plans,1.0698,7
2024-08-30,Healthcare,Healthcare Plans,1.1136,7
2024-09-30,Healthcare,Healthcare Plans,1.0930,7
2024-10-31,Healthcare,Healthcare Plans,1.0739,7
2024-11-29,Healthcare,Healthcare Plans,1.0662,7
2024-12-31,Healthcare,Healthcare Plans,1.0817,7
2025-01-31,Healthcare,Healthcare Plans,1.2010,7
2025-02-28,Healthcare,Healthcare Plans,1.2205,7
2025-03-31,Healthcare,Healthcare Plans,1.3568,7
2025-04-30,Healthcare,Healthcare Plans,1.3802,7
2025-05-30,Healthcare,Healthcare Plans,1.4422,7
2025-06-30,Healthcare,Healthcare Plans,1.3692,7
2025-07-31,Healthcare,Healthcare Plans,1.5012,7
2025-08-29,Healthcare,Healthcare Plans,1.7267,7
2025-09-30,Healthcare,Healthcare Plans,1.7736,7
2025-10-31,Healthcare,Healthcare Plans,1.8830,7
2025-11-28,Healthcare,Healthcare Plans,1.9305,7
2025-12-31,Healthcare,Healthcare Plans,1.9750,7
2026-01-30,Healthcare,Healthcare Plans,1.9715,7
2026-02-27,Healthcare,Healthcare Plans,1.9604,7
2026-03-31,Healthcare,Healthcare Plans,1.9546,6
2026-04-30,Healthcare,Healthcare Plans,2.2230,6
2026-05-29,Healthcare,Healthcare Plans,2.2351,6
2026-06-30,Healthcare,Healthcare Plans,2.2723,6
2026-07-31,Healthcare,Healthcare Plans,2.5377,6
2026-08-12,Healthcare,Healthcare Plans,2.4133,6
2013-01-31,Healthcare,Medical Devices,0.9802,6
2013-02-28,Healthcare,Medical Devices,0.9641,6
2013-03-28,Healthcare,Medical Devices,0.9385,6
2013-04-30,Healthcare,Medical Devices,0.9383,6
2013-05-31,Healthcare,Medical Devices,0.9340,6
2013-06-28,Healthcare,Medical Devices,0.9479,6
2013-07-31,Healthcare,Medical Devices,0.9957,6
2013-08-30,Healthcare,Medical Devices,1.0372,6
2013-09-30,Healthcare,Medical Devices,1.0562,6
2013-10-31,Healthcare,Medical Devices,1.0672,6
2013-11-29,Healthcare,Medical Devices,1.0869,6
2013-12-31,Healthcare,Medical Devices,1.0790,6
2014-01-31,Healthcare,Medical Devices,1.0387,6
2014-02-28,Healthcare,Medical Devices,1.0507,6
2014-03-31,Healthcare,Medical Devices,1.0746,6
2014-04-30,Healthcare,Medical Devices,1.1161,6
2014-05-30,Healthcare,Medical Devices,1.1333,6
2014-06-30,Healthcare,Medical Devices,1.1390,6
2014-07-31,Healthcare,Medical Devices,1.0564,6
2014-08-29,Healthcare,Medical Devices,1.0363,6
2014-09-30,Healthcare,Medical Devices,1.0339,6
2014-10-31,Healthcare,Medical Devices,1.0097,6
2014-11-28,Healthcare,Medical Devices,1.0136,6
2014-12-31,Healthcare,Medical Devices,1.0186,6
2015-01-30,Healthcare,Medical Devices,0.9810,6
2015-02-27,Healthcare,Medical Devices,1.0159,6
2015-03-31,Healthcare,Medical Devices,1.0196,6
2015-04-30,Healthcare,Medical Devices,1.0113,6
2015-05-29,Healthcare,Medical Devices,1.0398,6
2015-06-30,Healthcare,Medical Devices,1.0499,6
2015-07-31,Healthcare,Medical Devices,1.0758,6
2015-08-31,Healthcare,Medical Devices,1.0745,6
2015-09-30,Healthcare,Medical Devices,1.0807,6
2015-10-30,Healthcare,Medical Devices,1.0749,6
2015-11-30,Healthcare,Medical Devices,1.0513,6
2015-12-31,Healthcare,Medical Devices,1.0822,6
2016-01-29,Healthcare,Medical Devices,1.0804,6
2016-02-29,Healthcare,Medical Devices,1.0727,6
2016-03-31,Healthcare,Medical Devices,1.0678,6
2016-04-29,Healthcare,Medical Devices,1.0453,6
2016-05-31,Healthcare,Medical Devices,1.0321,6
2016-06-30,Healthcare,Medical Devices,1.0435,6
2016-07-29,Healthcare,Medical Devices,1.0389,6
2016-08-31,Healthcare,Medical Devices,1.0435,6
2016-09-30,Healthcare,Medical Devices,1.0310,6
2016-10-31,Healthcare,Medical Devices,1.0369,6
2016-11-30,Healthcare,Medical Devices,1.0503,6
2016-12-30,Healthcare,Medical Devices,1.0422,6
2017-01-31,Healthcare,Medical Devices,1.1167,7
2017-02-28,Healthcare,Medical Devices,1.1782,6
2017-03-31,Healthcare,Medical Devices,1.1910,6
2017-04-28,Healthcare,Medical Devices,1.2362,6
2017-05-31,Healthcare,Medical Devices,1.2599,6
2017-06-30,Healthcare,Medical Devices,1.2493,6
2017-07-31,Healthcare,Medical Devices,1.2682,6
2017-08-31,Healthcare,Medical Devices,1.2437,6
2017-09-29,Healthcare,Medical Devices,1.2246,6
2017-10-31,Healthcare,Medical Devices,1.2252,6
2017-11-30,Healthcare,Medical Devices,1.2170,6
2017-12-29,Healthcare,Medical Devices,1.2152,6
2018-01-31,Healthcare,Medical Devices,1.1438,6
2018-02-28,Healthcare,Medical Devices,1.0354,6
2018-03-29,Healthcare,Medical Devices,1.0604,6
2018-04-30,Healthcare,Medical Devices,1.0742,6
2018-05-31,Healthcare,Medical Devices,1.0087,6
2018-06-29,Healthcare,Medical Devices,0.9420,6
2018-07-31,Healthcare,Medical Devices,0.9377,6
2018-08-31,Healthcare,Medical Devices,0.9479,6
2018-09-28,Healthcare,Medical Devices,0.9496,6
2018-10-31,Healthcare,Medical Devices,0.9496,6
2018-11-30,Healthcare,Medical Devices,0.9426,6
2018-12-31,Healthcare,Medical Devices,0.9518,6
2019-01-31,Healthcare,Medical Devices,0.8399,6
2019-02-28,Healthcare,Medical Devices,0.8127,6
2019-03-29,Healthcare,Medical Devices,0.8304,6
2019-04-30,Healthcare,Medical Devices,0.8368,6
2019-05-31,Healthcare,Medical Devices,0.8320,6
2019-06-28,Healthcare,Medical Devices,0.8370,6
2019-07-31,Healthcare,Medical Devices,0.8598,6
2019-08-30,Healthcare,Medical Devices,0.8449,6
2019-09-30,Healthcare,Medical Devices,0.8497,6
2019-10-31,Healthcare,Medical Devices,0.8590,6
2019-11-29,Healthcare,Medical Devices,0.8592,6
2019-12-31,Healthcare,Medical Devices,0.8672,7
2020-01-31,Healthcare,Medical Devices,0.9125,7
2020-02-28,Healthcare,Medical Devices,0.9220,7
2020-03-31,Healthcare,Medical Devices,0.9177,7
2020-04-30,Healthcare,Medical Devices,0.9447,7
2020-05-29,Healthcare,Medical Devices,0.9251,8
2020-06-30,Healthcare,Medical Devices,1.0228,9
2020-07-31,Healthcare,Medical Devices,1.0262,9
2020-08-31,Healthcare,Medical Devices,1.0415,9
2020-09-30,Healthcare,Medical Devices,1.0547,9
2020-10-30,Healthcare,Medical Devices,1.0498,9
2020-11-30,Healthcare,Medical Devices,1.0435,9
2020-12-31,Healthcare,Medical Devices,1.0181,9
2021-01-29,Healthcare,Medical Devices,1.0256,9
2021-02-26,Healthcare,Medical Devices,1.0222,9
2021-03-31,Healthcare,Medical Devices,1.0312,9
2021-04-30,Healthcare,Medical Devices,1.0225,9
2021-05-28,Healthcare,Medical Devices,1.0288,9
2021-06-30,Healthcare,Medical Devices,0.9853,9
2021-07-30,Healthcare,Medical Devices,0.9703,9
2021-08-31,Healthcare,Medical Devices,0.9593,9
2021-09-30,Healthcare,Medical Devices,0.9365,9
2021-10-29,Healthcare,Medical Devices,0.9418,9
2021-11-30,Healthcare,Medical Devices,0.9550,9
2021-12-31,Healthcare,Medical Devices,0.9715,9
2022-01-31,Healthcare,Medical Devices,0.9701,9
2022-02-28,Healthcare,Medical Devices,0.9632,9
2022-03-31,Healthcare,Medical Devices,0.9680,9
2022-04-29,Healthcare,Medical Devices,0.9451,9
2022-05-31,Healthcare,Medical Devices,0.9461,9
2022-06-30,Healthcare,Medical Devices,0.9327,9
2022-07-29,Healthcare,Medical Devices,0.8977,9
2022-08-31,Healthcare,Medical Devices,0.8901,9
2022-09-30,Healthcare,Medical Devices,0.8641,9
2022-10-31,Healthcare,Medical Devices,0.8600,9
2022-11-30,Healthcare,Medical Devices,0.8639,9
2022-12-30,Healthcare,Medical Devices,0.8678,9
2023-01-31,Healthcare,Medical Devices,0.8635,10
2023-02-28,Healthcare,Medical Devices,0.8707,10
2023-03-31,Healthcare,Medical Devices,0.8694,11
2023-04-28,Healthcare,Medical Devices,0.8743,11
2023-05-31,Healthcare,Medical Devices,0.8842,11
2023-06-30,Healthcare,Medical Devices,0.8843,11
2023-07-31,Healthcare,Medical Devices,0.8950,11
2023-08-31,Healthcare,Medical Devices,0.8921,11
2023-09-29,Healthcare,Medical Devices,0.9046,11
2023-10-31,Healthcare,Medical Devices,0.9071,11
2023-11-30,Healthcare,Medical Devices,0.9078,11
2023-12-29,Healthcare,Medical Devices,0.9108,11
2024-01-31,Healthcare,Medical Devices,0.9515,11
2024-02-29,Healthcare,Medical Devices,0.9666,11
2024-03-28,Healthcare,Medical Devices,0.9665,11
2024-04-30,Healthcare,Medical Devices,0.9752,11
2024-05-31,Healthcare,Medical Devices,0.9703,11
2024-06-28,Healthcare,Medical Devices,0.9577,11
2024-07-31,Healthcare,Medical Devices,0.9223,11
2024-08-30,Healthcare,Medical Devices,0.9182,11
2024-09-30,Healthcare,Medical Devices,0.9238,10
2024-10-31,Healthcare,Medical Devices,0.9375,10
2024-11-29,Healthcare,Medical Devices,0.9323,10
2024-12-31,Healthcare,Medical Devices,0.9379,10
2025-01-31,Healthcare,Medical Devices,0.9120,10
2025-02-28,Healthcare,Medical Devices,0.8960,10
2025-03-31,Healthcare,Medical Devices,0.8859,10
2025-04-30,Healthcare,Medical Devices,0.8941,10
2025-05-30,Healthcare,Medical Devices,0.8967,10
2025-06-30,Healthcare,Medical Devices,0.8703,10
2025-07-31,Healthcare,Medical Devices,0.8917,10
2025-08-29,Healthcare,Medical Devices,0.8978,10
2025-09-30,Healthcare,Medical Devices,0.9016,10
2025-10-31,Healthcare,Medical Devices,0.9052,10
2025-11-28,Healthcare,Medical Devices,0.9151,10
2025-12-31,Healthcare,Medical Devices,0.9314,10
2026-01-30,Healthcare,Medical Devices,0.9098,10
2026-02-27,Healthcare,Medical Devices,0.9048,10
2026-03-31,Healthcare,Medical Devices,0.9140,10
2026-04-30,Healthcare,Medical Devices,0.9193,10
2026-05-29,Healthcare,Medical Devices,0.9406,10
2026-06-30,Healthcare,Medical Devices,0.9774,10
2026-07-31,Healthcare,Medical Devices,1.1110,10
2026-08-12,Healthcare,Medical Devices,1.1312,10
2016-03-31,Healthcare,Medical Instruments & Supplies,1.1011,6
2016-04-29,Healthcare,Medical Instruments & Supplies,1.0110,6
2016-05-31,Healthcare,Medical Instruments & Supplies,1.0397,6
2016-06-30,Healthcare,Medical Instruments & Supplies,1.0578,6
2016-07-29,Healthcare,Medical Instruments & Supplies,1.0001,6
2016-08-31,Healthcare,Medical Instruments & Supplies,0.9997,6
2016-09-30,Healthcare,Medical Instruments & Supplies,0.9960,7
2016-10-31,Healthcare,Medical Instruments & Supplies,0.9854,7
2016-11-30,Healthcare,Medical Instruments & Supplies,1.0304,7
2016-12-30,Healthcare,Medical Instruments & Supplies,1.0162,7
2017-01-31,Healthcare,Medical Instruments & Supplies,1.0582,7
2017-02-28,Healthcare,Medical Instruments & Supplies,1.1136,7
2017-03-31,Healthcare,Medical Instruments & Supplies,1.1316,7
2017-04-28,Healthcare,Medical Instruments & Supplies,1.2063,7
2017-05-31,Healthcare,Medical Instruments & Supplies,1.2043,7
2017-06-30,Healthcare,Medical Instruments & Supplies,1.1709,8
2017-07-31,Healthcare,Medical Instruments & Supplies,1.1845,9
2017-08-31,Healthcare,Medical Instruments & Supplies,1.1622,9
2017-09-29,Healthcare,Medical Instruments & Supplies,1.1576,9
2017-10-31,Healthcare,Medical Instruments & Supplies,1.1818,9
2017-11-30,Healthcare,Medical Instruments & Supplies,1.2118,9
2017-12-29,Healthcare,Medical Instruments & Supplies,1.2177,9
2018-01-31,Healthcare,Medical Instruments & Supplies,1.1748,9
2018-02-28,Healthcare,Medical Instruments & Supplies,1.1099,9
2018-03-29,Healthcare,Medical Instruments & Supplies,1.2183,9
2018-04-30,Healthcare,Medical Instruments & Supplies,1.2609,9
2018-05-31,Healthcare,Medical Instruments & Supplies,1.1704,9
2018-06-29,Healthcare,Medical Instruments & Supplies,1.0822,9
2018-07-31,Healthcare,Medical Instruments & Supplies,1.0780,9
2018-08-31,Healthcare,Medical Instruments & Supplies,1.0861,9
2018-09-28,Healthcare,Medical Instruments & Supplies,1.0852,9
2018-10-31,Healthcare,Medical Instruments & Supplies,1.0786,9
2018-11-30,Healthcare,Medical Instruments & Supplies,1.0802,9
2018-12-31,Healthcare,Medical Instruments & Supplies,1.0814,9
2019-01-31,Healthcare,Medical Instruments & Supplies,0.9959,10
2019-02-28,Healthcare,Medical Instruments & Supplies,1.0014,10
2019-03-29,Healthcare,Medical Instruments & Supplies,1.0017,10
2019-04-30,Healthcare,Medical Instruments & Supplies,0.9990,10
2019-05-31,Healthcare,Medical Instruments & Supplies,1.0040,10
2019-06-28,Healthcare,Medical Instruments & Supplies,1.0181,10
2019-07-31,Healthcare,Medical Instruments & Supplies,1.0663,10
2019-08-30,Healthcare,Medical Instruments & Supplies,1.0507,10
2019-09-30,Healthcare,Medical Instruments & Supplies,1.0546,10
2019-10-31,Healthcare,Medical Instruments & Supplies,1.0604,10
2019-11-29,Healthcare,Medical Instruments & Supplies,1.0510,10
2019-12-31,Healthcare,Medical Instruments & Supplies,1.0559,10
2020-01-31,Healthcare,Medical Instruments & Supplies,1.1046,10
2020-02-28,Healthcare,Medical Instruments & Supplies,1.1052,10
2020-03-31,Healthcare,Medical Instruments & Supplies,1.1072,10
2020-04-30,Healthcare,Medical Instruments & Supplies,1.1174,10
2020-05-29,Healthcare,Medical Instruments & Supplies,1.0525,11
2020-06-30,Healthcare,Medical Instruments & Supplies,1.0752,11
2020-07-31,Healthcare,Medical Instruments & Supplies,1.0513,11
2020-08-31,Healthcare,Medical Instruments & Supplies,1.0604,11
2020-09-30,Healthcare,Medical Instruments & Supplies,1.0636,11
2020-10-30,Healthcare,Medical Instruments & Supplies,1.0597,11
2020-11-30,Healthcare,Medical Instruments & Supplies,1.0448,11
2020-12-31,Healthcare,Medical Instruments & Supplies,1.0208,11
2021-01-29,Healthcare,Medical Instruments & Supplies,1.0207,11
2021-02-26,Healthcare,Medical Instruments & Supplies,1.0132,11
2021-03-31,Healthcare,Medical Instruments & Supplies,1.0181,11
2021-04-30,Healthcare,Medical Instruments & Supplies,1.0115,10
2021-05-28,Healthcare,Medical Instruments & Supplies,1.0187,10
2021-06-30,Healthcare,Medical Instruments & Supplies,0.9704,10
2021-07-30,Healthcare,Medical Instruments & Supplies,0.9653,10
2021-08-31,Healthcare,Medical Instruments & Supplies,0.9544,10
2021-09-30,Healthcare,Medical Instruments & Supplies,0.9432,10
2021-10-29,Healthcare,Medical Instruments & Supplies,0.9349,10
2021-11-30,Healthcare,Medical Instruments & Supplies,0.9580,10
2021-12-31,Healthcare,Medical Instruments & Supplies,0.9836,10
2022-01-31,Healthcare,Medical Instruments & Supplies,0.9820,10
2022-02-28,Healthcare,Medical Instruments & Supplies,0.9694,10
2022-03-31,Healthcare,Medical Instruments & Supplies,0.9711,10
2022-04-29,Healthcare,Medical Instruments & Supplies,0.9488,10
2022-05-31,Healthcare,Medical Instruments & Supplies,0.9271,10
2022-06-30,Healthcare,Medical Instruments & Supplies,0.9165,10
2022-07-29,Healthcare,Medical Instruments & Supplies,0.9181,10
2022-08-31,Healthcare,Medical Instruments & Supplies,0.8954,10
2022-09-30,Healthcare,Medical Instruments & Supplies,0.8738,10
2022-10-31,Healthcare,Medical Instruments & Supplies,0.8724,10
2022-11-30,Healthcare,Medical Instruments & Supplies,0.8866,10
2022-12-30,Healthcare,Medical Instruments & Supplies,0.8917,10
2023-01-31,Healthcare,Medical Instruments & Supplies,0.9117,10
2023-02-28,Healthcare,Medical Instruments & Supplies,0.9264,10
2023-03-31,Healthcare,Medical Instruments & Supplies,0.9240,10
2023-04-28,Healthcare,Medical Instruments & Supplies,0.9210,10
2023-05-31,Healthcare,Medical Instruments & Supplies,0.9431,10
2023-06-30,Healthcare,Medical Instruments & Supplies,0.9438,10
2023-07-31,Healthcare,Medical Instruments & Supplies,0.9491,10
2023-08-31,Healthcare,Medical Instruments & Supplies,0.9673,10
2023-09-29,Healthcare,Medical Instruments & Supplies,0.9862,10
2023-10-31,Healthcare,Medical Instruments & Supplies,0.9861,10
2023-11-30,Healthcare,Medical Instruments & Supplies,0.9822,10
2023-12-29,Healthcare,Medical Instruments & Supplies,0.9832,10
2024-01-31,Healthcare,Medical Instruments & Supplies,1.0071,10
2024-02-29,Healthcare,Medical Instruments & Supplies,1.0287,10
2024-03-28,Healthcare,Medical Instruments & Supplies,1.0389,10
2024-04-30,Healthcare,Medical Instruments & Supplies,1.0607,10
2024-05-31,Healthcare,Medical Instruments & Supplies,1.0704,10
2024-06-28,Healthcare,Medical Instruments & Supplies,1.0629,10
2024-07-31,Healthcare,Medical Instruments & Supplies,1.0148,10
2024-08-30,Healthcare,Medical Instruments & Supplies,1.0365,10
2024-09-30,Healthcare,Medical Instruments & Supplies,1.0575,10
2024-10-31,Healthcare,Medical Instruments & Supplies,1.0604,10
2024-11-29,Healthcare,Medical Instruments & Supplies,1.0473,10
2024-12-31,Healthcare,Medical Instruments & Supplies,1.0532,10
2025-01-31,Healthcare,Medical Instruments & Supplies,1.0307,10
2025-02-28,Healthcare,Medical Instruments & Supplies,0.9919,10
2025-03-31,Healthcare,Medical Instruments & Supplies,0.9834,9
2025-04-30,Healthcare,Medical Instruments & Supplies,0.9896,9
2025-05-30,Healthcare,Medical Instruments & Supplies,1.0056,9
2025-06-30,Healthcare,Medical Instruments & Supplies,1.0084,9
2025-07-31,Healthcare,Medical Instruments & Supplies,1.0674,9
2025-08-29,Healthcare,Medical Instruments & Supplies,1.0823,9
2025-09-30,Healthcare,Medical Instruments & Supplies,1.1023,9
2025-10-31,Healthcare,Medical Instruments & Supplies,1.1481,9
2025-11-28,Healthcare,Medical Instruments & Supplies,1.1802,9
2025-12-31,Healthcare,Medical Instruments & Supplies,1.2174,9
2026-01-30,Healthcare,Medical Instruments & Supplies,1.2193,9
2026-02-27,Healthcare,Medical Instruments & Supplies,1.2116,9
2026-03-31,Healthcare,Medical Instruments & Supplies,1.2247,9
2026-04-30,Healthcare,Medical Instruments & Supplies,1.2179,8
2026-05-29,Healthcare,Medical Instruments & Supplies,1.2471,8
2026-06-30,Healthcare,Medical Instruments & Supplies,1.2590,8
2026-07-31,Healthcare,Medical Instruments & Supplies,1.3686,8
2026-08-12,Healthcare,Medical Instruments & Supplies,1.4093,8
2005-01-31,Industrials,Aerospace & Defense,1.0760,7
2005-02-28,Industrials,Aerospace & Defense,1.0775,7
2005-03-31,Industrials,Aerospace & Defense,1.0846,7
2005-04-29,Industrials,Aerospace & Defense,1.0750,7
2005-05-31,Industrials,Aerospace & Defense,1.0571,7
2005-06-30,Industrials,Aerospace & Defense,1.0648,7
2005-07-29,Industrials,Aerospace & Defense,1.0342,7
2005-08-31,Industrials,Aerospace & Defense,1.0178,7
2005-09-30,Industrials,Aerospace & Defense,1.0188,7
2005-10-31,Industrials,Aerospace & Defense,1.0081,7
2005-11-30,Industrials,Aerospace & Defense,0.9959,7
2005-12-30,Industrials,Aerospace & Defense,0.9921,7
2006-01-31,Industrials,Aerospace & Defense,0.9982,7
2006-02-28,Industrials,Aerospace & Defense,1.0017,7
2006-03-31,Industrials,Aerospace & Defense,0.9759,7
2006-04-28,Industrials,Aerospace & Defense,0.9680,7
2006-05-31,Industrials,Aerospace & Defense,0.9630,7
2006-06-30,Industrials,Aerospace & Defense,0.9595,7
2006-07-31,Industrials,Aerospace & Defense,0.9808,7
2006-08-31,Industrials,Aerospace & Defense,0.9549,7
2006-09-29,Industrials,Aerospace & Defense,0.9531,7
2006-10-31,Industrials,Aerospace & Defense,0.9662,7
2006-11-30,Industrials,Aerospace & Defense,0.9582,7
2006-12-29,Industrials,Aerospace & Defense,0.9525,7
2007-01-31,Industrials,Aerospace & Defense,0.9315,7
2007-02-28,Industrials,Aerospace & Defense,0.9326,7
2007-03-30,Industrials,Aerospace & Defense,0.9177,7
2007-04-30,Industrials,Aerospace & Defense,0.8978,7
2007-05-31,Industrials,Aerospace & Defense,0.8763,7
2007-06-29,Industrials,Aerospace & Defense,0.8759,7
2007-07-31,Industrials,Aerospace & Defense,0.8869,7
2007-08-31,Industrials,Aerospace & Defense,0.8940,7
2007-09-28,Industrials,Aerospace & Defense,0.8921,7
2007-10-31,Industrials,Aerospace & Defense,0.9000,7
2007-11-30,Industrials,Aerospace & Defense,0.9563,7
2007-12-31,Industrials,Aerospace & Defense,0.9585,7
2008-01-31,Industrials,Aerospace & Defense,0.9577,7
2008-02-29,Industrials,Aerospace & Defense,0.8765,7
2008-03-31,Industrials,Aerospace & Defense,0.8760,7
2008-04-30,Industrials,Aerospace & Defense,0.8337,7
2008-05-30,Industrials,Aerospace & Defense,0.8440,7
2008-06-30,Industrials,Aerospace & Defense,0.8231,7
2008-07-31,Industrials,Aerospace & Defense,0.8217,7
2008-08-29,Industrials,Aerospace & Defense,0.8271,7
2008-09-30,Industrials,Aerospace & Defense,0.8431,7
2008-10-31,Industrials,Aerospace & Defense,0.8184,7
2008-11-28,Industrials,Aerospace & Defense,0.8259,7
2008-12-31,Industrials,Aerospace & Defense,0.7842,7
2009-01-30,Industrials,Aerospace & Defense,0.8539,7
2009-02-27,Industrials,Aerospace & Defense,0.8686,7
2009-03-31,Industrials,Aerospace & Defense,0.8783,7
2009-04-30,Industrials,Aerospace & Defense,0.8813,7
2009-05-29,Industrials,Aerospace & Defense,0.9176,7
2009-06-30,Industrials,Aerospace & Defense,0.9305,7
2009-07-31,Industrials,Aerospace & Defense,0.9452,7
2009-08-31,Industrials,Aerospace & Defense,0.9530,7
2009-09-30,Industrials,Aerospace & Defense,0.9579,7
2009-10-30,Industrials,Aerospace & Defense,0.9617,7
2009-11-30,Industrials,Aerospace & Defense,0.9576,7
2009-12-31,Industrials,Aerospace & Defense,1.0089,7
2010-01-29,Industrials,Aerospace & Defense,1.0007,7
2010-02-26,Industrials,Aerospace & Defense,1.0545,7
2010-03-31,Industrials,Aerospace & Defense,1.0637,7
2010-04-30,Industrials,Aerospace & Defense,1.0745,7
2010-05-28,Industrials,Aerospace & Defense,1.0448,7
2010-06-30,Industrials,Aerospace & Defense,1.0463,7
2010-07-30,Industrials,Aerospace & Defense,1.0354,7
2010-08-31,Industrials,Aerospace & Defense,1.0508,7
2010-09-30,Industrials,Aerospace & Defense,1.0483,7
2010-10-29,Industrials,Aerospace & Defense,1.0480,7
2010-11-30,Industrials,Aerospace & Defense,1.0561,7
2010-12-31,Industrials,Aerospace & Defense,1.1022,7
2011-01-31,Industrials,Aerospace & Defense,1.0880,7
2011-02-28,Industrials,Aerospace & Defense,1.1230,7
2011-03-31,Industrials,Aerospace & Defense,1.1319,7
2011-04-29,Industrials,Aerospace & Defense,1.1637,7
2011-05-31,Industrials,Aerospace & Defense,1.1336,7
2011-06-30,Industrials,Aerospace & Defense,1.1311,7
2011-07-29,Industrials,Aerospace & Defense,1.1430,7
2011-08-31,Industrials,Aerospace & Defense,1.1148,7
2011-09-30,Industrials,Aerospace & Defense,1.0910,7
2011-10-31,Industrials,Aerospace & Defense,1.0891,7
2011-11-30,Industrials,Aerospace & Defense,1.1135,7
2011-12-30,Industrials,Aerospace & Defense,1.1218,7
2012-01-31,Industrials,Aerospace & Defense,1.1165,7
2012-02-29,Industrials,Aerospace & Defense,1.1212,7
2012-03-30,Industrials,Aerospace & Defense,1.1213,7
2012-04-30,Industrials,Aerospace & Defense,1.1185,7
2012-05-31,Industrials,Aerospace & Defense,1.1100,7
2012-06-29,Industrials,Aerospace & Defense,1.1021,7
2012-07-31,Industrials,Aerospace & Defense,1.0848,7
2012-08-31,Industrials,Aerospace & Defense,1.0733,7
2012-09-28,Industrials,Aerospace & Defense,1.0706,7
2012-10-31,Industrials,Aerospace & Defense,1.0684,7
2012-11-30,Industrials,Aerospace & Defense,1.0265,7
2012-12-31,Industrials,Aerospace & Defense,0.9936,7
2013-01-31,Industrials,Aerospace & Defense,0.9718,9
2013-02-28,Industrials,Aerospace & Defense,0.9624,9
2013-03-28,Industrials,Aerospace & Defense,0.9466,9
2013-04-30,Industrials,Aerospace & Defense,0.9438,9
2013-05-31,Industrials,Aerospace & Defense,0.9467,9
2013-06-28,Industrials,Aerospace & Defense,0.9502,9
2013-07-31,Industrials,Aerospace & Defense,0.9455,9
2013-08-30,Industrials,Aerospace & Defense,0.9535,9
2013-09-30,Industrials,Aerospace & Defense,0.9637,9
2013-10-31,Industrials,Aerospace & Defense,0.9638,9
2013-11-29,Industrials,Aerospace & Defense,0.9379,9
2013-12-31,Industrials,Aerospace & Defense,0.9383,9
2014-01-31,Industrials,Aerospace & Defense,0.9605,9
2014-02-28,Industrials,Aerospace & Defense,0.9400,9
2014-03-31,Industrials,Aerospace & Defense,0.9618,9
2014-04-30,Industrials,Aerospace & Defense,1.0159,9
2014-05-30,Industrials,Aerospace & Defense,1.0318,9
2014-06-30,Industrials,Aerospace & Defense,1.0497,9
2014-07-31,Industrials,Aerospace & Defense,1.0449,9
2014-08-29,Industrials,Aerospace & Defense,1.0373,9
2014-09-30,Industrials,Aerospace & Defense,1.0433,9
2014-10-31,Industrials,Aerospace & Defense,1.0134,9
2014-11-28,Industrials,Aerospace & Defense,1.0164,9
2014-12-31,Industrials,Aerospace & Defense,1.0117,9
2015-01-30,Industrials,Aerospace & Defense,1.0175,9
2015-02-27,Industrials,Aerospace & Defense,1.0199,9
2015-03-31,Industrials,Aerospace & Defense,1.0201,9
2015-04-30,Industrials,Aerospace & Defense,0.9875,9
2015-05-29,Industrials,Aerospace & Defense,0.9873,9
2015-06-30,Industrials,Aerospace & Defense,0.9955,9
2015-07-31,Industrials,Aerospace & Defense,1.0141,9
2015-08-31,Industrials,Aerospace & Defense,1.0141,9
2015-09-30,Industrials,Aerospace & Defense,1.0096,9
2015-10-30,Industrials,Aerospace & Defense,1.0089,9
2015-11-30,Industrials,Aerospace & Defense,0.9612,9
2015-12-31,Industrials,Aerospace & Defense,0.9429,9
2016-01-29,Industrials,Aerospace & Defense,0.9496,9
2016-02-29,Industrials,Aerospace & Defense,0.9367,9
2016-03-31,Industrials,Aerospace & Defense,0.9184,9
2016-04-29,Industrials,Aerospace & Defense,0.9125,9
2016-05-31,Industrials,Aerospace & Defense,0.9164,9
2016-06-30,Industrials,Aerospace & Defense,0.9023,10
2016-07-29,Industrials,Aerospace & Defense,0.8974,10
2016-08-31,Industrials,Aerospace & Defense,0.8993,10
2016-09-30,Industrials,Aerospace & Defense,0.8891,10
2016-10-31,Industrials,Aerospace & Defense,0.8878,10
2016-11-30,Industrials,Aerospace & Defense,0.8961,11
2016-12-30,Industrials,Aerospace & Defense,0.9000,11
2017-01-31,Industrials,Aerospace & Defense,0.9006,11
2017-02-28,Industrials,Aerospace & Defense,0.9060,11
2017-03-31,Industrials,Aerospace & Defense,0.9029,11
2017-04-28,Industrials,Aerospace & Defense,0.8965,11
2017-05-31,Industrials,Aerospace & Defense,0.8974,11
2017-06-30,Industrials,Aerospace & Defense,0.8986,11
2017-07-31,Industrials,Aerospace & Defense,0.9122,11
2017-08-31,Industrials,Aerospace & Defense,0.8932,11
2017-09-29,Industrials,Aerospace & Defense,0.8736,11
2017-10-31,Industrials,Aerospace & Defense,0.8703,11
2017-11-30,Industrials,Aerospace & Defense,0.8586,11
2017-12-29,Industrials,Aerospace & Defense,0.8498,11
2018-01-31,Industrials,Aerospace & Defense,0.8306,12
2018-02-28,Industrials,Aerospace & Defense,0.8384,12
2018-03-29,Industrials,Aerospace & Defense,0.8497,12
2018-04-30,Industrials,Aerospace & Defense,0.8725,12
2018-05-31,Industrials,Aerospace & Defense,0.9211,12
2018-06-29,Industrials,Aerospace & Defense,0.8794,12
2018-07-31,Industrials,Aerospace & Defense,0.9042,12
2018-08-31,Industrials,Aerospace & Defense,0.9228,12
2018-09-28,Industrials,Aerospace & Defense,0.9374,12
2018-10-31,Industrials,Aerospace & Defense,0.9475,12
2018-11-30,Industrials,Aerospace & Defense,0.9537,12
2018-12-31,Industrials,Aerospace & Defense,0.9537,12
2019-01-31,Industrials,Aerospace & Defense,0.9172,12
2019-02-28,Industrials,Aerospace & Defense,0.9037,12
2019-03-29,Industrials,Aerospace & Defense,0.9083,12
2019-04-30,Industrials,Aerospace & Defense,0.9070,12
2019-05-31,Industrials,Aerospace & Defense,0.9007,12
2019-06-28,Industrials,Aerospace & Defense,0.9163,12
2019-07-31,Industrials,Aerospace & Defense,0.9127,12
2019-08-30,Industrials,Aerospace & Defense,0.9095,12
2019-09-30,Industrials,Aerospace & Defense,0.9201,12
2019-10-31,Industrials,Aerospace & Defense,0.9093,12
2019-11-29,Industrials,Aerospace & Defense,0.9052,12
2019-12-31,Industrials,Aerospace & Defense,0.9113,12
2020-01-31,Industrials,Aerospace & Defense,0.9292,12
2020-02-28,Industrials,Aerospace & Defense,0.9488,12
2020-03-31,Industrials,Aerospace & Defense,0.9452,12
2020-04-30,Industrials,Aerospace & Defense,0.9455,11
2020-05-29,Industrials,Aerospace & Defense,0.9355,11
2020-06-30,Industrials,Aerospace & Defense,1.2186,11
2020-07-31,Industrials,Aerospace & Defense,1.2183,11
2020-08-31,Industrials,Aerospace & Defense,1.2414,11
2020-09-30,Industrials,Aerospace & Defense,1.2729,11
2020-10-30,Industrials,Aerospace & Defense,1.2765,11
2020-11-30,Industrials,Aerospace & Defense,1.2606,11
2020-12-31,Industrials,Aerospace & Defense,1.2401,11
2021-01-29,Industrials,Aerospace & Defense,1.2448,11
2021-02-26,Industrials,Aerospace & Defense,1.2572,11
2021-03-31,Industrials,Aerospace & Defense,1.2736,11
2021-04-30,Industrials,Aerospace & Defense,1.2595,11
2021-05-28,Industrials,Aerospace & Defense,1.2702,11
2021-06-30,Industrials,Aerospace & Defense,1.2141,11
2021-07-30,Industrials,Aerospace & Defense,1.2059,11
2021-08-31,Industrials,Aerospace & Defense,1.1792,11
2021-09-30,Industrials,Aerospace & Defense,1.1262,11
2021-10-29,Industrials,Aerospace & Defense,1.1288,11
2021-11-30,Industrials,Aerospace & Defense,1.1597,11
2021-12-31,Industrials,Aerospace & Defense,1.1630,11
2022-01-31,Industrials,Aerospace & Defense,1.1576,11
2022-02-28,Industrials,Aerospace & Defense,1.1415,11
2022-03-31,Industrials,Aerospace & Defense,1.1303,11
2022-04-29,Industrials,Aerospace & Defense,1.0980,11
2022-05-31,Industrials,Aerospace & Defense,1.0592,11
2022-06-30,Industrials,Aerospace & Defense,0.9344,11
2022-07-29,Industrials,Aerospace & Defense,0.8654,11
2022-08-31,Industrials,Aerospace & Defense,0.8210,11
2022-09-30,Industrials,Aerospace & Defense,0.7950,11
2022-10-31,Industrials,Aerospace & Defense,0.7789,11
2022-11-30,Industrials,Aerospace & Defense,0.7841,11
2022-12-30,Industrials,Aerospace & Defense,0.7931,11
2023-01-31,Industrials,Aerospace & Defense,0.7984,11
2023-02-28,Industrials,Aerospace & Defense,0.7897,11
2023-03-31,Industrials,Aerospace & Defense,0.7791,11
2023-04-28,Industrials,Aerospace & Defense,0.7857,11
2023-05-31,Industrials,Aerospace & Defense,0.7864,12
2023-06-30,Industrials,Aerospace & Defense,0.8053,12
2023-07-31,Industrials,Aerospace & Defense,0.8356,12
2023-08-31,Industrials,Aerospace & Defense,0.8526,12
2023-09-29,Industrials,Aerospace & Defense,0.8496,12
2023-10-31,Industrials,Aerospace & Defense,0.8479,12
2023-11-30,Industrials,Aerospace & Defense,0.8530,12
2023-12-29,Industrials,Aerospace & Defense,0.8342,12
2024-01-31,Industrials,Aerospace & Defense,0.8362,12
2024-02-29,Industrials,Aerospace & Defense,0.8190,12
2024-03-28,Industrials,Aerospace & Defense,0.8201,12
2024-04-30,Industrials,Aerospace & Defense,0.8229,12
2024-05-31,Industrials,Aerospace & Defense,0.8310,12
2024-06-28,Industrials,Aerospace & Defense,0.8190,12
2024-07-31,Industrials,Aerospace & Defense,0.7936,12
2024-08-30,Industrials,Aerospace & Defense,0.8039,12
2024-09-30,Industrials,Aerospace & Defense,0.7933,12
2024-10-31,Industrials,Aerospace & Defense,0.8009,12
2024-11-29,Industrials,Aerospace & Defense,0.8091,12
2024-12-31,Industrials,Aerospace & Defense,0.8077,12
2025-01-31,Industrials,Aerospace & Defense,0.8437,12
2025-02-28,Industrials,Aerospace & Defense,0.8831,12
2025-03-31,Industrials,Aerospace & Defense,0.8957,12
2025-04-30,Industrials,Aerospace & Defense,0.8999,12
2025-05-30,Industrials,Aerospace & Defense,0.9364,12
2025-06-30,Industrials,Aerospace & Defense,0.9139,12
2025-07-31,Industrials,Aerospace & Defense,1.0020,12
2025-08-29,Industrials,Aerospace & Defense,1.0170,12
2025-09-30,Industrials,Aerospace & Defense,1.0330,12
2025-10-31,Industrials,Aerospace & Defense,1.0498,12
2025-11-28,Industrials,Aerospace & Defense,1.0536,12
2025-12-31,Industrials,Aerospace & Defense,1.0633,12
2026-01-30,Industrials,Aerospace & Defense,1.0648,12
2026-02-27,Industrials,Aerospace & Defense,1.0539,12
2026-03-31,Industrials,Aerospace & Defense,1.0752,12
2026-04-30,Industrials,Aerospace & Defense,1.0950,12
2026-05-29,Industrials,Aerospace & Defense,1.1154,12
2026-06-30,Industrials,Aerospace & Defense,1.1677,13
2026-07-31,Industrials,Aerospace & Defense,1.2701,13
2026-08-12,Industrials,Aerospace & Defense,1.2809,13
2005-01-31,Industrials,Specialty Industrial Machinery,1.3134,7
2005-02-28,Industrials,Specialty Industrial Machinery,1.3053,7
2005-03-31,Industrials,Specialty Industrial Machinery,1.2997,7
2005-04-29,Industrials,Specialty Industrial Machinery,1.2785,7
2005-05-31,Industrials,Specialty Industrial Machinery,1.2610,7
2005-06-30,Industrials,Specialty Industrial Machinery,1.2419,7
2005-07-29,Industrials,Specialty Industrial Machinery,1.2623,7
2005-08-31,Industrials,Specialty Industrial Machinery,1.2412,7
2005-09-30,Industrials,Specialty Industrial Machinery,1.2452,7
2005-10-31,Industrials,Specialty Industrial Machinery,1.2634,7
2005-11-30,Industrials,Specialty Industrial Machinery,1.2620,7
2005-12-30,Industrials,Specialty Industrial Machinery,1.2628,7
2006-01-31,Industrials,Specialty Industrial Machinery,1.2476,7
2006-02-28,Industrials,Specialty Industrial Machinery,1.2533,7
2006-03-31,Industrials,Specialty Industrial Machinery,1.2681,7
2006-04-28,Industrials,Specialty Industrial Machinery,1.2590,7
2006-05-31,Industrials,Specialty Industrial Machinery,1.2406,7
2006-06-30,Industrials,Specialty Industrial Machinery,1.2235,7
2006-07-31,Industrials,Specialty Industrial Machinery,1.1974,7
2006-08-31,Industrials,Specialty Industrial Machinery,1.1701,7
2006-09-29,Industrials,Specialty Industrial Machinery,1.1615,7
2006-10-31,Industrials,Specialty Industrial Machinery,1.2088,7
2006-11-30,Industrials,Specialty Industrial Machinery,1.2199,7
2006-12-29,Industrials,Specialty Industrial Machinery,1.2109,7
2007-01-31,Industrials,Specialty Industrial Machinery,1.2114,7
2007-02-28,Industrials,Specialty Industrial Machinery,1.2108,7
2007-03-30,Industrials,Specialty Industrial Machinery,1.2136,7
2007-04-30,Industrials,Specialty Industrial Machinery,1.2034,7
2007-05-31,Industrials,Specialty Industrial Machinery,1.1824,7
2007-06-29,Industrials,Specialty Industrial Machinery,1.1772,7
2007-07-31,Industrials,Specialty Industrial Machinery,1.1849,7
2007-08-31,Industrials,Specialty Industrial Machinery,1.1939,7
2007-09-28,Industrials,Specialty Industrial Machinery,1.1877,7
2007-10-31,Industrials,Specialty Industrial Machinery,1.1660,7
2007-11-30,Industrials,Specialty Industrial Machinery,1.2350,7
2007-12-31,Industrials,Specialty Industrial Machinery,1.2525,7
2008-01-31,Industrials,Specialty Industrial Machinery,1.2710,7
2008-02-29,Industrials,Specialty Industrial Machinery,1.1874,7
2008-03-31,Industrials,Specialty Industrial Machinery,1.2111,7
2008-04-30,Industrials,Specialty Industrial Machinery,1.1770,7
2008-05-30,Industrials,Specialty Industrial Machinery,1.1991,7
2008-06-30,Industrials,Specialty Industrial Machinery,1.1808,7
2008-07-31,Industrials,Specialty Industrial Machinery,1.1649,7
2008-08-29,Industrials,Specialty Industrial Machinery,1.1536,7
2008-09-30,Industrials,Specialty Industrial Machinery,1.1651,7
2008-10-31,Industrials,Specialty Industrial Machinery,1.1389,8
2008-11-28,Industrials,Specialty Industrial Machinery,1.1348,8
2008-12-31,Industrials,Specialty Industrial Machinery,1.0614,8
2009-01-30,Industrials,Specialty Industrial Machinery,1.1250,8
2009-02-27,Industrials,Specialty Industrial Machinery,1.1705,8
2009-03-31,Industrials,Specialty Industrial Machinery,1.1785,8
2009-04-30,Industrials,Specialty Industrial Machinery,1.1748,8
2009-05-29,Industrials,Specialty Industrial Machinery,1.1867,8
2009-06-30,Industrials,Specialty Industrial Machinery,1.2090,8
2009-07-31,Industrials,Specialty Industrial Machinery,1.2224,8
2009-08-31,Industrials,Specialty Industrial Machinery,1.2334,8
2009-09-30,Industrials,Specialty Industrial Machinery,1.2377,8
2009-10-30,Industrials,Specialty Industrial Machinery,1.2467,8
2009-11-30,Industrials,Specialty Industrial Machinery,1.2459,8
2009-12-31,Industrials,Specialty Industrial Machinery,1.2994,8
2010-01-29,Industrials,Specialty Industrial Machinery,1.2978,8
2010-02-26,Industrials,Specialty Industrial Machinery,1.3231,8
2010-03-31,Industrials,Specialty Industrial Machinery,1.3252,8
2010-04-30,Industrials,Specialty Industrial Machinery,1.3306,8
2010-05-28,Industrials,Specialty Industrial Machinery,1.3223,8
2010-06-30,Industrials,Specialty Industrial Machinery,1.3237,8
2010-07-30,Industrials,Specialty Industrial Machinery,1.3052,8
2010-08-31,Industrials,Specialty Industrial Machinery,1.3020,8
2010-09-30,Industrials,Specialty Industrial Machinery,1.2957,8
2010-10-29,Industrials,Specialty Industrial Machinery,1.2901,8
2010-11-30,Industrials,Specialty Industrial Machinery,1.2902,8
2010-12-31,Industrials,Specialty Industrial Machinery,1.3404,8
2011-01-31,Industrials,Specialty Industrial Machinery,1.3218,8
2011-02-28,Industrials,Specialty Industrial Machinery,1.3321,8
2011-03-31,Industrials,Specialty Industrial Machinery,1.3332,8
2011-04-29,Industrials,Specialty Industrial Machinery,1.3516,8
2011-05-31,Industrials,Specialty Industrial Machinery,1.3379,8
2011-06-30,Industrials,Specialty Industrial Machinery,1.3290,8
2011-07-29,Industrials,Specialty Industrial Machinery,1.3364,8
2011-08-31,Industrials,Specialty Industrial Machinery,1.3069,8
2011-09-30,Industrials,Specialty Industrial Machinery,1.2902,8
2011-10-31,Industrials,Specialty Industrial Machinery,1.3528,8
2011-11-30,Industrials,Specialty Industrial Machinery,1.3755,9
2011-12-30,Industrials,Specialty Industrial Machinery,1.4140,9
2012-01-31,Industrials,Specialty Industrial Machinery,1.4227,9
2012-02-29,Industrials,Specialty Industrial Machinery,1.4312,9
2012-03-30,Industrials,Specialty Industrial Machinery,1.4422,9
2012-04-30,Industrials,Specialty Industrial Machinery,1.4525,9
2012-05-31,Industrials,Specialty Industrial Machinery,1.4438,9
2012-06-29,Industrials,Specialty Industrial Machinery,1.4419,9
2012-07-31,Industrials,Specialty Industrial Machinery,1.4240,9
2012-08-31,Industrials,Specialty Industrial Machinery,1.4130,9
2012-09-28,Industrials,Specialty Industrial Machinery,1.4091,9
2012-10-31,Industrials,Specialty Industrial Machinery,1.4148,10
2012-11-30,Industrials,Specialty Industrial Machinery,1.4074,10
2012-12-31,Industrials,Specialty Industrial Machinery,1.3669,10
2013-01-31,Industrials,Specialty Industrial Machinery,1.3403,10
2013-02-28,Industrials,Specialty Industrial Machinery,1.3047,10
2013-03-28,Industrials,Specialty Industrial Machinery,1.2636,10
2013-04-30,Industrials,Specialty Industrial Machinery,1.2411,10
2013-05-31,Industrials,Specialty Industrial Machinery,1.2504,10
2013-06-28,Industrials,Specialty Industrial Machinery,1.2417,10
2013-07-31,Industrials,Specialty Industrial Machinery,1.2594,10
2013-08-30,Industrials,Specialty Industrial Machinery,1.2601,10
2013-09-30,Industrials,Specialty Industrial Machinery,1.2570,11
2013-10-31,Industrials,Specialty Industrial Machinery,1.2216,11
2013-11-29,Industrials,Specialty Industrial Machinery,1.2029,11
2013-12-31,Industrials,Specialty Industrial Machinery,1.1627,11
2014-01-31,Industrials,Specialty Industrial Machinery,1.1635,11
2014-02-28,Industrials,Specialty Industrial Machinery,1.1518,11
2014-03-31,Industrials,Specialty Industrial Machinery,1.1697,11
2014-04-30,Industrials,Specialty Industrial Machinery,1.2367,11
2014-05-30,Industrials,Specialty Industrial Machinery,1.2405,11
2014-06-30,Industrials,Specialty Industrial Machinery,1.2499,11
2014-07-31,Industrials,Specialty Industrial Machinery,1.1756,11
2014-08-29,Industrials,Specialty Industrial Machinery,1.1510,11
2014-09-30,Industrials,Specialty Industrial Machinery,1.1337,11
2014-10-31,Industrials,Specialty Industrial Machinery,1.1166,11
2014-11-28,Industrials,Specialty Industrial Machinery,1.1169,11
2014-12-31,Industrials,Specialty Industrial Machinery,1.1051,11
2015-01-30,Industrials,Specialty Industrial Machinery,1.1535,11
2015-02-27,Industrials,Specialty Industrial Machinery,1.1912,11
2015-03-31,Industrials,Specialty Industrial Machinery,1.2114,11
2015-04-30,Industrials,Specialty Industrial Machinery,1.2107,11
2015-05-29,Industrials,Specialty Industrial Machinery,1.2072,11
2015-06-30,Industrials,Specialty Industrial Machinery,1.2000,11
2015-07-31,Industrials,Specialty Industrial Machinery,1.2042,11
2015-08-31,Industrials,Specialty Industrial Machinery,1.2089,11
2015-09-30,Industrials,Specialty Industrial Machinery,1.2027,11
2015-10-30,Industrials,Specialty Industrial Machinery,1.1836,11
2015-11-30,Industrials,Specialty Industrial Machinery,1.1030,11
2015-12-31,Industrials,Specialty Industrial Machinery,1.1115,11
2016-01-29,Industrials,Specialty Industrial Machinery,1.1048,11
2016-02-29,Industrials,Specialty Industrial Machinery,1.0892,11
2016-03-31,Industrials,Specialty Industrial Machinery,1.0648,11
2016-04-29,Industrials,Specialty Industrial Machinery,1.0226,11
2016-05-31,Industrials,Specialty Industrial Machinery,1.0145,11
2016-06-30,Industrials,Specialty Industrial Machinery,1.0257,11
2016-07-29,Industrials,Specialty Industrial Machinery,1.0366,11
2016-08-31,Industrials,Specialty Industrial Machinery,1.0454,11
2016-09-30,Industrials,Specialty Industrial Machinery,1.1171,11
2016-10-31,Industrials,Specialty Industrial Machinery,1.1302,11
2016-11-30,Industrials,Specialty Industrial Machinery,1.1716,11
2016-12-30,Industrials,Specialty Industrial Machinery,1.1907,11
2017-01-31,Industrials,Specialty Industrial Machinery,1.1807,11
2017-02-28,Industrials,Specialty Industrial Machinery,1.1834,11
2017-03-31,Industrials,Specialty Industrial Machinery,1.1743,11
2017-04-28,Industrials,Specialty Industrial Machinery,1.2247,11
2017-05-31,Industrials,Specialty Industrial Machinery,1.2616,12
2017-06-30,Industrials,Specialty Industrial Machinery,1.2616,12
2017-07-31,Industrials,Specialty Industrial Machinery,1.2884,13
2017-08-31,Industrials,Specialty Industrial Machinery,1.2529,13
2017-09-29,Industrials,Specialty Industrial Machinery,1.1605,13
2017-10-31,Industrials,Specialty Industrial Machinery,1.1511,13
2017-11-30,Industrials,Specialty Industrial Machinery,1.1597,13
2017-12-29,Industrials,Specialty Industrial Machinery,1.1394,13
2018-01-31,Industrials,Specialty Industrial Machinery,1.1114,13
2018-02-28,Industrials,Specialty Industrial Machinery,1.1127,13
2018-03-29,Industrials,Specialty Industrial Machinery,1.1084,13
2018-04-30,Industrials,Specialty Industrial Machinery,1.1194,13
2018-05-31,Industrials,Specialty Industrial Machinery,1.0553,13
2018-06-29,Industrials,Specialty Industrial Machinery,0.9983,13
2018-07-31,Industrials,Specialty Industrial Machinery,1.0180,13
2018-08-31,Industrials,Specialty Industrial Machinery,1.0286,13
2018-09-28,Industrials,Specialty Industrial Machinery,0.9888,13
2018-10-31,Industrials,Specialty Industrial Machinery,1.0223,13
2018-11-30,Industrials,Specialty Industrial Machinery,1.0202,13
2018-12-31,Industrials,Specialty Industrial Machinery,1.0057,13
2019-01-31,Industrials,Specialty Industrial Machinery,0.9445,13
2019-02-28,Industrials,Specialty Industrial Machinery,0.9130,13
2019-03-29,Industrials,Specialty Industrial Machinery,0.8938,13
2019-04-30,Industrials,Specialty Industrial Machinery,0.8952,13
2019-05-31,Industrials,Specialty Industrial Machinery,0.8975,13
2019-06-28,Industrials,Specialty Industrial Machinery,0.9095,13
2019-07-31,Industrials,Specialty Industrial Machinery,0.9019,13
2019-08-30,Industrials,Specialty Industrial Machinery,0.9096,14
2019-09-30,Industrials,Specialty Industrial Machinery,0.9120,14
2019-10-31,Industrials,Specialty Industrial Machinery,0.9121,14
2019-11-29,Industrials,Specialty Industrial Machinery,0.9322,14
2019-12-31,Industrials,Specialty Industrial Machinery,0.9477,14
2020-01-31,Industrials,Specialty Industrial Machinery,0.9921,14
2020-02-28,Industrials,Specialty Industrial Machinery,1.0131,14
2020-03-31,Industrials,Specialty Industrial Machinery,1.0507,14
2020-04-30,Industrials,Specialty Industrial Machinery,1.0715,15
2020-05-29,Industrials,Specialty Industrial Machinery,1.0353,15
2020-06-30,Industrials,Specialty Industrial Machinery,1.1897,15
2020-07-31,Industrials,Specialty Industrial Machinery,1.1866,15
2020-08-31,Industrials,Specialty Industrial Machinery,1.2124,15
2020-09-30,Industrials,Specialty Industrial Machinery,1.2102,15
2020-10-30,Industrials,Specialty Industrial Machinery,1.2020,15
2020-11-30,Industrials,Specialty Industrial Machinery,1.1835,15
2020-12-31,Industrials,Specialty Industrial Machinery,1.1631,15
2021-01-29,Industrials,Specialty Industrial Machinery,1.1593,15
2021-02-26,Industrials,Specialty Industrial Machinery,1.1675,15
2021-03-31,Industrials,Specialty Industrial Machinery,1.1824,15
2021-04-30,Industrials,Specialty Industrial Machinery,1.1701,15
2021-05-28,Industrials,Specialty Industrial Machinery,1.1762,15
2021-06-30,Industrials,Specialty Industrial Machinery,1.0896,15
2021-07-30,Industrials,Specialty Industrial Machinery,1.0756,15
2021-08-31,Industrials,Specialty Industrial Machinery,1.0411,15
2021-09-30,Industrials,Specialty Industrial Machinery,1.0304,15
2021-10-29,Industrials,Specialty Industrial Machinery,1.0312,15
2021-11-30,Industrials,Specialty Industrial Machinery,1.0459,15
2021-12-31,Industrials,Specialty Industrial Machinery,1.0493,15
2022-01-31,Industrials,Specialty Industrial Machinery,1.0468,15
2022-02-28,Industrials,Specialty Industrial Machinery,1.0380,16
2022-03-31,Industrials,Specialty Industrial Machinery,1.0348,16
2022-04-29,Industrials,Specialty Industrial Machinery,0.9954,16
2022-05-31,Industrials,Specialty Industrial Machinery,0.9989,16
2022-06-30,Industrials,Specialty Industrial Machinery,0.8850,16
2022-07-29,Industrials,Specialty Industrial Machinery,0.8307,16
2022-08-31,Industrials,Specialty Industrial Machinery,0.7851,16
2022-09-30,Industrials,Specialty Industrial Machinery,0.7794,16
2022-10-31,Industrials,Specialty Industrial Machinery,0.7795,16
2022-11-30,Industrials,Specialty Industrial Machinery,0.8010,16
2022-12-30,Industrials,Specialty Industrial Machinery,0.8090,16
2023-01-31,Industrials,Specialty Industrial Machinery,0.8210,16
2023-02-28,Industrials,Specialty Industrial Machinery,0.8169,16
2023-03-31,Industrials,Specialty Industrial Machinery,0.8120,16
2023-04-28,Industrials,Specialty Industrial Machinery,0.8337,16
2023-05-31,Industrials,Specialty Industrial Machinery,0.8444,16
2023-06-30,Industrials,Specialty Industrial Machinery,0.8926,16
2023-07-31,Industrials,Specialty Industrial Machinery,0.9242,16
2023-08-31,Industrials,Specialty Industrial Machinery,0.9662,16
2023-09-29,Industrials,Specialty Industrial Machinery,0.9854,16
2023-10-31,Industrials,Specialty Industrial Machinery,0.9841,16
2023-11-30,Industrials,Specialty Industrial Machinery,0.9779,16
2023-12-29,Industrials,Specialty Industrial Machinery,0.9880,16
2024-01-31,Industrials,Specialty Industrial Machinery,1.0080,16
2024-02-29,Industrials,Specialty Industrial Machinery,1.0197,16
2024-03-28,Industrials,Specialty Industrial Machinery,1.0262,16
2024-04-30,Industrials,Specialty Industrial Machinery,1.0361,17
2024-05-31,Industrials,Specialty Industrial Machinery,1.0379,17
2024-06-28,Industrials,Specialty Industrial Machinery,1.0107,17
2024-07-31,Industrials,Specialty Industrial Machinery,0.9560,17
2024-08-30,Industrials,Specialty Industrial Machinery,0.9803,17
2024-09-30,Industrials,Specialty Industrial Machinery,1.0076,17
2024-10-31,Industrials,Specialty Industrial Machinery,1.0701,17
2024-11-29,Industrials,Specialty Industrial Machinery,1.0846,17
2024-12-31,Industrials,Specialty Industrial Machinery,1.1034,17
2025-01-31,Industrials,Specialty Industrial Machinery,1.0877,17
2025-02-28,Industrials,Specialty Industrial Machinery,1.1100,17
2025-03-31,Industrials,Specialty Industrial Machinery,1.1168,17
2025-04-30,Industrials,Specialty Industrial Machinery,1.1872,17
2025-05-30,Industrials,Specialty Industrial Machinery,1.2290,17
2025-06-30,Industrials,Specialty Industrial Machinery,1.2196,17
2025-07-31,Industrials,Specialty Industrial Machinery,1.2720,17
2025-08-29,Industrials,Specialty Industrial Machinery,1.2814,17
2025-09-30,Industrials,Specialty Industrial Machinery,1.2840,17
2025-10-31,Industrials,Specialty Industrial Machinery,1.2924,17
2025-11-28,Industrials,Specialty Industrial Machinery,1.3077,17
2025-12-31,Industrials,Specialty Industrial Machinery,1.3218,17
2026-01-30,Industrials,Specialty Industrial Machinery,1.3269,17
2026-02-27,Industrials,Specialty Industrial Machinery,1.3285,17
2026-03-31,Industrials,Specialty Industrial Machinery,1.3738,17
2026-04-30,Industrials,Specialty Industrial Machinery,1.3572,17
2026-05-29,Industrials,Specialty Industrial Machinery,1.3748,17
2026-06-30,Industrials,Specialty Industrial Machinery,1.4316,17
2026-07-31,Industrials,Specialty Industrial Machinery,1.5430,17
2026-08-12,Industrials,Specialty Industrial Machinery,1.5764,17
2016-12-30,Real Estate,REIT - Residential,1.1704,6
2017-01-31,Real Estate,REIT - Residential,1.1847,6
2017-02-28,Real Estate,REIT - Residential,1.1961,6
2017-03-31,Real Estate,REIT - Residential,1.2237,6
2017-04-28,Real Estate,REIT - Residential,1.2746,6
2017-05-31,Real Estate,REIT - Residential,1.2761,6
2017-06-30,Real Estate,REIT - Residential,1.2781,6
2017-07-31,Real Estate,REIT - Residential,1.2593,6
2017-08-31,Real Estate,REIT - Residential,1.1887,6
2017-09-29,Real Estate,REIT - Residential,1.2044,6
2017-10-31,Real Estate,REIT - Residential,1.1851,6
2017-11-30,Real Estate,REIT - Residential,1.1639,6
2017-12-29,Real Estate,REIT - Residential,1.1244,6
2018-01-31,Real Estate,REIT - Residential,1.1173,6
2018-02-28,Real Estate,REIT - Residential,1.0705,6
2018-03-29,Real Estate,REIT - Residential,1.0910,6
2018-04-30,Real Estate,REIT - Residential,1.1473,6
2018-05-31,Real Estate,REIT - Residential,1.0051,6
2018-06-29,Real Estate,REIT - Residential,0.9066,6
2018-07-31,Real Estate,REIT - Residential,0.8638,6
2018-08-31,Real Estate,REIT - Residential,0.8658,6
2018-09-28,Real Estate,REIT - Residential,0.8714,6
2018-10-31,Real Estate,REIT - Residential,0.8586,6
2018-11-30,Real Estate,REIT - Residential,0.8642,6
2018-12-31,Real Estate,REIT - Residential,0.8614,6
2019-01-31,Real Estate,REIT - Residential,0.7770,6
2019-02-28,Real Estate,REIT - Residential,0.7373,6
2019-03-29,Real Estate,REIT - Residential,0.7678,6
2019-04-30,Real Estate,REIT - Residential,0.7434,6
2019-05-31,Real Estate,REIT - Residential,0.7415,6
2019-06-28,Real Estate,REIT - Residential,0.7453,6
2019-07-31,Real Estate,REIT - Residential,0.7704,6
2019-08-30,Real Estate,REIT - Residential,0.7552,6
2019-09-30,Real Estate,REIT - Residential,0.7604,6
2019-10-31,Real Estate,REIT - Residential,0.7678,6
2019-11-29,Real Estate,REIT - Residential,0.7541,6
2019-12-31,Real Estate,REIT - Residential,0.7478,6
2020-01-31,Real Estate,REIT - Residential,0.7604,6
2020-02-28,Real Estate,REIT - Residential,0.7984,6
2020-03-31,Real Estate,REIT - Residential,0.7889,6
2020-04-30,Real Estate,REIT - Residential,0.7967,6
2020-05-29,Real Estate,REIT - Residential,0.8358,6
2020-06-30,Real Estate,REIT - Residential,1.2586,6
2020-07-31,Real Estate,REIT - Residential,1.2836,6
2020-08-31,Real Estate,REIT - Residential,1.3121,6
2020-09-30,Real Estate,REIT - Residential,1.3045,6
2020-10-30,Real Estate,REIT - Residential,1.3006,6
2020-11-30,Real Estate,REIT - Residential,1.2891,6
2022-04-29,Real Estate,REIT - Residential,1.1467,6
2022-05-31,Real Estate,REIT - Residential,1.1312,6
2022-06-30,Real Estate,REIT - Residential,0.9721,6
2022-07-29,Real Estate,REIT - Residential,0.9093,6
2022-08-31,Real Estate,REIT - Residential,0.8584,6
2022-09-30,Real Estate,REIT - Residential,0.8352,7
2022-10-31,Real Estate,REIT - Residential,0.8320,7
2022-11-30,Real Estate,REIT - Residential,0.8402,7
2022-12-30,Real Estate,REIT - Residential,0.8433,7
2023-01-31,Real Estate,REIT - Residential,0.8613,7
2023-02-28,Real Estate,REIT - Residential,0.8453,7
2023-03-31,Real Estate,REIT - Residential,0.8332,7
2023-04-28,Real Estate,REIT - Residential,0.8615,7
2023-05-31,Real Estate,REIT - Residential,0.8730,7
2023-06-30,Real Estate,REIT - Residential,0.9156,7
2023-07-31,Real Estate,REIT - Residential,0.9419,7
2023-08-31,Real Estate,REIT - Residential,0.9710,7
2023-09-29,Real Estate,REIT - Residential,1.0080,7
2023-10-31,Real Estate,REIT - Residential,1.0192,7
2023-11-30,Real Estate,REIT - Residential,1.0185,7
2023-12-29,Real Estate,REIT - Residential,1.0351,7
2024-01-31,Real Estate,REIT - Residential,1.0366,7
2024-02-29,Real Estate,REIT - Residential,1.0511,7
2024-03-28,Real Estate,REIT - Residential,1.0724,7
2024-04-30,Real Estate,REIT - Residential,1.0639,7
2024-05-31,Real Estate,REIT - Residential,1.0803,7
2024-06-28,Real Estate,REIT - Residential,1.0689,7
2024-07-31,Real Estate,REIT - Residential,1.0546,7
2024-08-30,Real Estate,REIT - Residential,1.0908,7
2024-09-30,Real Estate,REIT - Residential,1.1035,7
2024-10-31,Real Estate,REIT - Residential,1.0857,7
2024-11-29,Real Estate,REIT - Residential,1.0878,7
2024-12-31,Real Estate,REIT - Residential,1.1006,7
2025-01-31,Real Estate,REIT - Residential,1.1048,7
2025-02-28,Real Estate,REIT - Residential,1.1078,7
2025-03-31,Real Estate,REIT - Residential,1.1003,7
2025-04-30,Real Estate,REIT - Residential,1.1221,7
2025-05-30,Real Estate,REIT - Residential,1.1131,7
2025-06-30,Real Estate,REIT - Residential,1.0479,7
2025-07-31,Real Estate,REIT - Residential,1.0464,7
2025-08-29,Real Estate,REIT - Residential,1.0667,7
2025-09-30,Real Estate,REIT - Residential,1.0666,7
2025-10-31,Real Estate,REIT - Residential,1.1171,7
2025-11-28,Real Estate,REIT - Residential,1.1534,7
2025-12-31,Real Estate,REIT - Residential,1.1690,7
2026-01-30,Real Estate,REIT - Residential,1.1632,7
2026-02-27,Real Estate,REIT - Residential,1.1377,7
2026-03-31,Real Estate,REIT - Residential,1.1410,7
2026-04-30,Real Estate,REIT - Residential,1.1472,7
2026-05-29,Real Estate,REIT - Residential,1.1646,7
2026-06-30,Real Estate,REIT - Residential,1.1851,7
2026-07-31,Real Estate,REIT - Residential,1.3013,7
2026-08-12,Real Estate,REIT - Residential,1.2908,7
2016-05-31,Real Estate,REIT - Specialty,0.9394,6
2016-06-30,Real Estate,REIT - Specialty,0.9396,6
2016-07-29,Real Estate,REIT - Specialty,0.9417,6
2016-08-31,Real Estate,REIT - Specialty,0.9412,6
2016-09-30,Real Estate,REIT - Specialty,0.9273,6
2016-10-31,Real Estate,REIT - Specialty,0.9311,6
2016-11-30,Real Estate,REIT - Specialty,0.9452,6
2016-12-30,Real Estate,REIT - Specialty,1.0180,6
2017-01-31,Real Estate,REIT - Specialty,1.0426,6
2017-02-28,Real Estate,REIT - Specialty,1.0873,6
2017-03-31,Real Estate,REIT - Specialty,1.1216,6
2017-04-28,Real Estate,REIT - Specialty,1.1593,6
2017-05-31,Real Estate,REIT - Specialty,1.1538,6
2017-06-30,Real Estate,REIT - Specialty,1.1552,6
2017-07-31,Real Estate,REIT - Specialty,1.1718,6
2017-08-31,Real Estate,REIT - Specialty,1.1471,6
2017-09-29,Real Estate,REIT - Specialty,1.1444,7
2017-10-31,Real Estate,REIT - Specialty,1.1523,7
2017-11-30,Real Estate,REIT - Specialty,1.1507,7
2017-12-29,Real Estate,REIT - Specialty,1.1052,7
2018-01-31,Real Estate,REIT - Specialty,1.0880,7
2018-02-28,Real Estate,REIT - Specialty,1.0052,7
2018-03-29,Real Estate,REIT - Specialty,1.0675,7
2018-04-30,Real Estate,REIT - Specialty,1.1191,7
2018-05-31,Real Estate,REIT - Specialty,0.9943,7
2018-06-29,Real Estate,REIT - Specialty,0.8936,7
2018-07-31,Real Estate,REIT - Specialty,0.8846,7
2018-08-31,Real Estate,REIT - Specialty,0.8838,7
2018-09-28,Real Estate,REIT - Specialty,0.9158,7
2018-10-31,Real Estate,REIT - Specialty,0.9114,7
2018-11-30,Real Estate,REIT - Specialty,0.9079,7
2018-12-31,Real Estate,REIT - Specialty,0.8873,7
2019-01-31,Real Estate,REIT - Specialty,0.8285,7
2019-02-28,Real Estate,REIT - Specialty,0.7867,7
2019-03-29,Real Estate,REIT - Specialty,0.7585,7
2019-04-30,Real Estate,REIT - Specialty,0.7364,7
2019-05-31,Real Estate,REIT - Specialty,0.7317,7
2019-06-28,Real Estate,REIT - Specialty,0.7417,7
2019-07-31,Real Estate,REIT - Specialty,0.7414,7
2019-08-30,Real Estate,REIT - Specialty,0.7421,7
2019-09-30,Real Estate,REIT - Specialty,0.7446,7
2019-10-31,Real Estate,REIT - Specialty,0.7436,7
2019-11-29,Real Estate,REIT - Specialty,0.7317,7
2019-12-31,Real Estate,REIT - Specialty,0.7555,7
2020-01-31,Real Estate,REIT - Specialty,0.7565,7
2020-02-28,Real Estate,REIT - Specialty,0.7960,7
2020-03-31,Real Estate,REIT - Specialty,0.8264,7
2020-04-30,Real Estate,REIT - Specialty,0.8391,7
2020-05-29,Real Estate,REIT - Specialty,0.8512,7
2020-06-30,Real Estate,REIT - Specialty,1.0401,7
2020-07-31,Real Estate,REIT - Specialty,1.0529,7
2020-08-31,Real Estate,REIT - Specialty,1.0726,7
2020-09-30,Real Estate,REIT - Specialty,1.0683,7
2020-10-30,Real Estate,REIT - Specialty,1.0679,7
2020-11-30,Real Estate,REIT - Specialty,1.0624,7
2020-12-31,Real Estate,REIT - Specialty,1.0462,7
2021-01-29,Real Estate,REIT - Specialty,1.0444,7
2021-02-26,Real Estate,REIT - Specialty,1.0440,7
2021-03-31,Real Estate,REIT - Specialty,1.0597,7
2021-04-30,Real Estate,REIT - Specialty,1.0530,7
2021-05-28,Real Estate,REIT - Specialty,1.0496,7
2021-06-30,Real Estate,REIT - Specialty,0.9977,7
2021-07-30,Real Estate,REIT - Specialty,0.9815,7
2021-08-31,Real Estate,REIT - Specialty,0.9627,7
2021-09-30,Real Estate,REIT - Specialty,0.9565,7
2021-10-29,Real Estate,REIT - Specialty,0.9549,7
2021-11-30,Real Estate,REIT - Specialty,0.9786,7
2021-12-31,Real Estate,REIT - Specialty,0.9917,7
2022-01-31,Real Estate,REIT - Specialty,1.0091,7
2022-02-28,Real Estate,REIT - Specialty,0.9793,7
2022-03-31,Real Estate,REIT - Specialty,0.9713,7
2022-04-29,Real Estate,REIT - Specialty,0.9869,7
2022-05-31,Real Estate,REIT - Specialty,0.9765,7
2022-06-30,Real Estate,REIT - Specialty,0.8876,7
2022-07-29,Real Estate,REIT - Specialty,0.8376,7
2022-08-31,Real Estate,REIT - Specialty,0.8264,7
2022-09-30,Real Estate,REIT - Specialty,0.8315,7
2022-10-31,Real Estate,REIT - Specialty,0.8323,7
2022-11-30,Real Estate,REIT - Specialty,0.8348,7
2022-12-30,Real Estate,REIT - Specialty,0.8612,7
2023-01-31,Real Estate,REIT - Specialty,0.8931,7
2023-02-28,Real Estate,REIT - Specialty,0.9106,7
2023-03-31,Real Estate,REIT - Specialty,0.9083,7
2023-04-28,Real Estate,REIT - Specialty,0.9148,7
2023-05-31,Real Estate,REIT - Specialty,0.9392,7
2023-06-30,Real Estate,REIT - Specialty,0.9741,7
2023-07-31,Real Estate,REIT - Specialty,1.0108,7
2023-08-31,Real Estate,REIT - Specialty,1.0496,7
2023-09-29,Real Estate,REIT - Specialty,1.0750,7
2023-10-31,Real Estate,REIT - Specialty,1.0945,7
2023-11-30,Real Estate,REIT - Specialty,1.1010,7
2023-12-29,Real Estate,REIT - Specialty,1.1240,7
2024-01-31,Real Estate,REIT - Specialty,1.1330,7
2024-02-29,Real Estate,REIT - Specialty,1.1485,7
2024-03-28,Real Estate,REIT - Specialty,1.1522,7
2024-04-30,Real Estate,REIT - Specialty,1.1418,7
2024-05-31,Real Estate,REIT - Specialty,1.1603,7
2024-06-28,Real Estate,REIT - Specialty,1.1469,7
2024-07-31,Real Estate,REIT - Specialty,1.1416,7
2024-08-30,Real Estate,REIT - Specialty,1.1600,7
2024-09-30,Real Estate,REIT - Specialty,1.1727,7
2024-10-31,Real Estate,REIT - Specialty,1.1648,7
2024-11-29,Real Estate,REIT - Specialty,1.1635,7
2024-12-31,Real Estate,REIT - Specialty,1.1466,7
2025-01-31,Real Estate,REIT - Specialty,1.1307,7
2025-02-28,Real Estate,REIT - Specialty,1.1736,7
2025-03-31,Real Estate,REIT - Specialty,1.1996,7
2025-04-30,Real Estate,REIT - Specialty,1.2229,7
2025-05-30,Real Estate,REIT - Specialty,1.2052,7
2025-06-30,Real Estate,REIT - Specialty,1.1688,7
2025-07-31,Real Estate,REIT - Specialty,1.0558,7
2025-08-29,Real Estate,REIT - Specialty,1.0489,7
2025-09-30,Real Estate,REIT - Specialty,1.0806,7
2025-10-31,Real Estate,REIT - Specialty,1.0861,7
2025-11-28,Real Estate,REIT - Specialty,1.1053,7
2025-12-31,Real Estate,REIT - Specialty,1.1096,7
2026-01-30,Real Estate,REIT - Specialty,1.1033,7
2026-02-27,Real Estate,REIT - Specialty,1.0723,7
2026-03-31,Real Estate,REIT - Specialty,1.0720,7
2026-04-30,Real Estate,REIT - Specialty,1.0724,7
2026-05-29,Real Estate,REIT - Specialty,1.1083,7
2026-06-30,Real Estate,REIT - Specialty,1.1303,7
2026-07-31,Real Estate,REIT - Specialty,1.2845,7
2026-08-12,Real Estate,REIT - Specialty,1.2775,7
2017-04-28,Technology,Information Technology Services,1.1413,6
2017-05-31,Technology,Information Technology Services,1.1566,6
2017-06-30,Technology,Information Technology Services,1.1360,6
2017-07-31,Technology,Information Technology Services,1.1352,6
2017-08-31,Technology,Information Technology Services,1.1118,6
2017-09-29,Technology,Information Technology Services,1.0094,6
2017-10-31,Technology,Information Technology Services,1.0001,6
2017-11-30,Technology,Information Technology Services,0.9952,6
2017-12-29,Technology,Information Technology Services,0.9690,6
2018-01-31,Technology,Information Technology Services,0.9605,6
2018-02-28,Technology,Information Technology Services,0.9468,6
2018-03-29,Technology,Information Technology Services,0.9216,6
2018-04-30,Technology,Information Technology Services,0.9262,6
2018-05-31,Technology,Information Technology Services,0.8724,6
2018-06-29,Technology,Information Technology Services,0.8609,7
2018-07-31,Technology,Information Technology Services,0.8550,7
2018-08-31,Technology,Information Technology Services,0.8636,7
2018-09-28,Technology,Information Technology Services,0.8430,7
2018-10-31,Technology,Information Technology Services,0.8374,7
2018-11-30,Technology,Information Technology Services,0.8355,8
2018-12-31,Technology,Information Technology Services,0.8264,8
2019-01-31,Technology,Information Technology Services,0.8152,8
2019-02-28,Technology,Information Technology Services,0.8023,8
2019-03-29,Technology,Information Technology Services,0.8043,8
2019-04-30,Technology,Information Technology Services,0.7982,8
2019-05-31,Technology,Information Technology Services,0.7994,8
2019-06-28,Technology,Information Technology Services,0.7938,8
2019-07-31,Technology,Information Technology Services,0.7850,8
2019-08-30,Technology,Information Technology Services,0.7800,9
2019-09-30,Technology,Information Technology Services,0.7814,10
2019-10-31,Technology,Information Technology Services,0.8020,10
2019-11-29,Technology,Information Technology Services,0.8175,10
2019-12-31,Technology,Information Technology Services,0.8207,10
2020-01-31,Technology,Information Technology Services,0.8271,10
2020-02-28,Technology,Information Technology Services,0.8390,10
2020-03-31,Technology,Information Technology Services,0.8414,10
2020-04-30,Technology,Information Technology Services,0.8527,10
2020-05-29,Technology,Information Technology Services,0.8771,10
2020-06-30,Technology,Information Technology Services,1.0253,10
2020-07-31,Technology,Information Technology Services,1.0381,10
2020-08-31,Technology,Information Technology Services,1.0507,10
2020-09-30,Technology,Information Technology Services,1.0607,10
2020-10-30,Technology,Information Technology Services,1.0527,10
2020-11-30,Technology,Information Technology Services,1.0370,10
2020-12-31,Technology,Information Technology Services,1.0190,10
2021-01-29,Technology,Information Technology Services,1.0211,10
2021-02-26,Technology,Information Technology Services,1.0247,10
2021-03-31,Technology,Information Technology Services,1.0378,10
2021-04-30,Technology,Information Technology Services,1.0314,10
2021-05-28,Technology,Information Technology Services,1.0322,10
2021-06-30,Technology,Information Technology Services,0.9691,10
2021-07-30,Technology,Information Technology Services,0.9524,10
2021-08-31,Technology,Information Technology Services,0.9358,10
2021-09-30,Technology,Information Technology Services,0.9092,10
2021-10-29,Technology,Information Technology Services,0.9116,10
2021-11-30,Technology,Information Technology Services,0.9268,10
2021-12-31,Technology,Information Technology Services,0.9369,11
2022-01-31,Technology,Information Technology Services,0.9337,11
2022-02-28,Technology,Information Technology Services,0.9198,11
2022-03-31,Technology,Information Technology Services,0.9170,11
2022-04-29,Technology,Information Technology Services,0.8930,11
2022-05-31,Technology,Information Technology Services,0.9051,11
2022-06-30,Technology,Information Technology Services,0.8226,11
2022-07-29,Technology,Information Technology Services,0.7893,11
2022-08-31,Technology,Information Technology Services,0.7814,11
2022-09-30,Technology,Information Technology Services,0.7656,11
2022-10-31,Technology,Information Technology Services,0.7617,11
2022-11-30,Technology,Information Technology Services,0.7693,11
2022-12-30,Technology,Information Technology Services,0.7763,11
2023-01-31,Technology,Information Technology Services,0.7860,11
2023-02-28,Technology,Information Technology Services,0.8227,11
2023-03-31,Technology,Information Technology Services,0.8333,11
2023-04-28,Technology,Information Technology Services,0.8379,11
2023-05-31,Technology,Information Technology Services,0.8419,11
2023-06-30,Technology,Information Technology Services,0.8685,11
2023-07-31,Technology,Information Technology Services,0.8836,11
2023-08-31,Technology,Information Technology Services,0.9093,11
2023-09-29,Technology,Information Technology Services,0.9344,11
2023-10-31,Technology,Information Technology Services,0.9424,10
2023-11-30,Technology,Information Technology Services,0.9477,10
2023-12-29,Technology,Information Technology Services,0.9682,10
2024-01-31,Technology,Information Technology Services,0.9719,10
2024-02-29,Technology,Information Technology Services,0.9495,10
2024-03-28,Technology,Information Technology Services,0.9182,10
2024-04-30,Technology,Information Technology Services,0.9283,10
2024-05-31,Technology,Information Technology Services,0.9311,10
2024-06-28,Technology,Information Technology Services,0.9435,10
2024-07-31,Technology,Information Technology Services,0.9325,10
2024-08-30,Technology,Information Technology Services,0.9461,10
2024-09-30,Technology,Information Technology Services,0.9519,10
2024-10-31,Technology,Information Technology Services,0.9553,10
2024-11-29,Technology,Information Technology Services,0.9608,10
2024-12-31,Technology,Information Technology Services,0.9821,10
2025-01-31,Technology,Information Technology Services,1.0174,10
2025-02-28,Technology,Information Technology Services,1.0092,10
2025-03-31,Technology,Information Technology Services,1.0104,10
2025-04-30,Technology,Information Technology Services,1.0129,10
2025-05-30,Technology,Information Technology Services,1.0228,10
2025-06-30,Technology,Information Technology Services,1.0247,10
2025-07-31,Technology,Information Technology Services,1.0143,10
2025-08-29,Technology,Information Technology Services,1.0231,10
2025-09-30,Technology,Information Technology Services,1.0399,10
2025-10-31,Technology,Information Technology Services,1.1000,10
2025-11-28,Technology,Information Technology Services,1.1217,10
2025-12-31,Technology,Information Technology Services,1.1351,10
2026-01-30,Technology,Information Technology Services,1.1439,10
2026-02-27,Technology,Information Technology Services,1.1336,10
2026-03-31,Technology,Information Technology Services,1.1447,10
2026-04-30,Technology,Information Technology Services,1.2853,10
2026-05-29,Technology,Information Technology Services,1.4841,10
2026-06-30,Technology,Information Technology Services,1.5044,9
2026-07-31,Technology,Information Technology Services,1.8009,9
2026-08-12,Technology,Information Technology Services,1.8231,9
2005-01-31,Technology,Semiconductors,3.1178,7
2005-02-28,Technology,Semiconductors,3.0928,7
2005-03-31,Technology,Semiconductors,3.0779,7
2005-04-29,Technology,Semiconductors,3.0824,7
2005-05-31,Technology,Semiconductors,3.0712,7
2005-06-30,Technology,Semiconductors,3.1672,7
2005-07-29,Technology,Semiconductors,3.0409,7
2005-08-31,Technology,Semiconductors,3.0440,7
2005-09-30,Technology,Semiconductors,3.0508,7
2005-10-31,Technology,Semiconductors,2.7512,7
2005-11-30,Technology,Semiconductors,2.6146,7
2005-12-30,Technology,Semiconductors,2.5608,7
2006-01-31,Technology,Semiconductors,2.4817,7
2006-02-28,Technology,Semiconductors,2.5103,7
2006-03-31,Technology,Semiconductors,2.4937,7
2006-04-28,Technology,Semiconductors,2.4694,7
2006-05-31,Technology,Semiconductors,2.4305,7
2006-06-30,Technology,Semiconductors,2.4682,7
2006-07-31,Technology,Semiconductors,2.5098,7
2006-08-31,Technology,Semiconductors,2.4600,7
2006-09-29,Technology,Semiconductors,2.4693,7
2006-10-31,Technology,Semiconductors,2.4344,7
2006-11-30,Technology,Semiconductors,2.4887,7
2006-12-29,Technology,Semiconductors,2.4859,7
2007-01-31,Technology,Semiconductors,2.5738,7
2007-02-28,Technology,Semiconductors,2.5293,7
2007-03-30,Technology,Semiconductors,2.5233,7
2007-04-30,Technology,Semiconductors,2.5659,7
2007-05-31,Technology,Semiconductors,2.4731,7
2007-06-29,Technology,Semiconductors,2.3955,7
2007-07-31,Technology,Semiconductors,2.4540,7
2007-08-31,Technology,Semiconductors,2.4826,7
2007-09-28,Technology,Semiconductors,2.4835,8
2007-10-31,Technology,Semiconductors,2.3004,8
2007-11-30,Technology,Semiconductors,2.1966,8
2007-12-31,Technology,Semiconductors,2.1982,8
2008-01-31,Technology,Semiconductors,2.2118,8
2008-02-29,Technology,Semiconductors,2.1136,8
2008-03-31,Technology,Semiconductors,2.0753,8
2008-04-30,Technology,Semiconductors,2.0875,8
2008-05-30,Technology,Semiconductors,2.2087,8
2008-06-30,Technology,Semiconductors,2.1813,8
2008-07-31,Technology,Semiconductors,2.1680,8
2008-08-29,Technology,Semiconductors,2.1508,8
2008-09-30,Technology,Semiconductors,2.2595,8
2008-10-31,Technology,Semiconductors,2.1690,8
2008-11-28,Technology,Semiconductors,2.1378,8
2008-12-31,Technology,Semiconductors,1.8460,8
2009-01-30,Technology,Semiconductors,1.6874,9
2009-02-27,Technology,Semiconductors,1.5874,9
2009-03-31,Technology,Semiconductors,1.5983,9
2009-04-30,Technology,Semiconductors,1.5618,9
2009-05-29,Technology,Semiconductors,1.5448,9
2009-06-30,Technology,Semiconductors,1.5369,9
2009-07-31,Technology,Semiconductors,1.5254,9
2009-08-31,Technology,Semiconductors,1.5419,9
2009-09-30,Technology,Semiconductors,1.4957,9
2009-10-30,Technology,Semiconductors,1.5021,9
2009-11-30,Technology,Semiconductors,1.5017,9
2009-12-31,Technology,Semiconductors,1.5485,9
2010-01-29,Technology,Semiconductors,1.5644,9
2010-02-26,Technology,Semiconductors,1.6354,9
2010-03-31,Technology,Semiconductors,1.6435,9
2010-04-30,Technology,Semiconductors,1.6186,9
2010-05-28,Technology,Semiconductors,1.6269,9
2010-06-30,Technology,Semiconductors,1.6304,9
2010-07-30,Technology,Semiconductors,1.6218,9
2010-08-31,Technology,Semiconductors,1.5777,9
2010-09-30,Technology,Semiconductors,1.5238,9
2010-10-29,Technology,Semiconductors,1.5367,9
2010-11-30,Technology,Semiconductors,1.5291,9
2010-12-31,Technology,Semiconductors,1.5692,9
2011-01-31,Technology,Semiconductors,1.6007,9
2011-02-28,Technology,Semiconductors,1.6498,9
2011-03-31,Technology,Semiconductors,1.6276,9
2011-04-29,Technology,Semiconductors,1.6727,9
2011-05-31,Technology,Semiconductors,1.7453,9
2011-06-30,Technology,Semiconductors,1.7595,9
2011-07-29,Technology,Semiconductors,1.8228,9
2011-08-31,Technology,Semiconductors,1.8605,9
2011-09-30,Technology,Semiconductors,1.8763,9
2011-10-31,Technology,Semiconductors,1.8339,9
2011-11-30,Technology,Semiconductors,1.6941,9
2011-12-30,Technology,Semiconductors,1.6926,9
2012-01-31,Technology,Semiconductors,1.6913,9
2012-02-29,Technology,Semiconductors,1.6871,9
2012-03-30,Technology,Semiconductors,1.6709,9
2012-04-30,Technology,Semiconductors,1.6426,9
2012-05-31,Technology,Semiconductors,1.5947,9
2012-06-29,Technology,Semiconductors,1.5717,9
2012-07-31,Technology,Semiconductors,1.5350,9
2012-08-31,Technology,Semiconductors,1.4959,9
2012-09-28,Technology,Semiconductors,1.5193,9
2012-10-31,Technology,Semiconductors,1.5086,9
2012-11-30,Technology,Semiconductors,1.5600,9
2012-12-31,Technology,Semiconductors,1.5429,9
2013-01-31,Technology,Semiconductors,1.5265,8
2013-02-28,Technology,Semiconductors,1.4931,8
2013-03-28,Technology,Semiconductors,1.4552,8
2013-04-30,Technology,Semiconductors,1.4182,8
2013-05-31,Technology,Semiconductors,1.3827,8
2013-06-28,Technology,Semiconductors,1.3829,8
2013-07-31,Technology,Semiconductors,1.3582,8
2013-08-30,Technology,Semiconductors,1.3433,8
2013-09-30,Technology,Semiconductors,1.3018,8
2013-10-31,Technology,Semiconductors,1.2742,8
2013-11-29,Technology,Semiconductors,1.2572,8
2013-12-31,Technology,Semiconductors,1.2146,8
2014-01-31,Technology,Semiconductors,1.1729,8
2014-02-28,Technology,Semiconductors,1.1722,8
2014-03-31,Technology,Semiconductors,1.1735,8
2014-04-30,Technology,Semiconductors,1.2003,8
2014-05-30,Technology,Semiconductors,1.2148,9
2014-06-30,Technology,Semiconductors,1.2280,9
2014-07-31,Technology,Semiconductors,1.2251,9
2014-08-29,Technology,Semiconductors,1.1913,9
2014-09-30,Technology,Semiconductors,1.1627,9
2014-10-31,Technology,Semiconductors,1.1493,9
2014-11-28,Technology,Semiconductors,1.1726,9
2014-12-31,Technology,Semiconductors,1.1680,9
2015-01-30,Technology,Semiconductors,1.3076,9
2015-02-27,Technology,Semiconductors,1.3297,9
2015-03-31,Technology,Semiconductors,1.3308,10
2015-04-30,Technology,Semiconductors,1.3600,10
2015-05-29,Technology,Semiconductors,1.3861,10
2015-06-30,Technology,Semiconductors,1.4208,11
2015-07-31,Technology,Semiconductors,1.4811,11
2015-08-31,Technology,Semiconductors,1.5007,11
2015-09-30,Technology,Semiconductors,1.5409,11
2015-10-30,Technology,Semiconductors,1.5356,11
2015-11-30,Technology,Semiconductors,1.4373,11
2015-12-31,Technology,Semiconductors,1.4431,11
2016-01-29,Technology,Semiconductors,1.4134,11
2016-02-29,Technology,Semiconductors,1.4196,11
2016-03-31,Technology,Semiconductors,1.4025,11
2016-04-29,Technology,Semiconductors,1.4113,11
2016-05-31,Technology,Semiconductors,1.4403,11
2016-06-30,Technology,Semiconductors,1.4286,11
2016-07-29,Technology,Semiconductors,1.4329,11
2016-08-31,Technology,Semiconductors,1.4465,11
2016-09-30,Technology,Semiconductors,1.4530,11
2016-10-31,Technology,Semiconductors,1.4693,11
2016-11-30,Technology,Semiconductors,1.5233,11
2016-12-30,Technology,Semiconductors,1.5633,11
2017-01-31,Technology,Semiconductors,1.5443,11
2017-02-28,Technology,Semiconductors,1.5843,11
2017-03-31,Technology,Semiconductors,1.7336,12
2017-04-28,Technology,Semiconductors,1.8102,12
2017-05-31,Technology,Semiconductors,1.9180,12
2017-06-30,Technology,Semiconductors,1.9593,12
2017-07-31,Technology,Semiconductors,2.0034,12
2017-08-31,Technology,Semiconductors,2.0585,12
2017-09-29,Technology,Semiconductors,2.1452,12
2017-10-31,Technology,Semiconductors,2.1684,12
2017-11-30,Technology,Semiconductors,2.2466,12
2017-12-29,Technology,Semiconductors,2.3295,12
2018-01-31,Technology,Semiconductors,2.3378,12
2018-02-28,Technology,Semiconductors,2.3568,12
2018-03-29,Technology,Semiconductors,2.3720,12
2018-04-30,Technology,Semiconductors,2.4340,12
2018-05-31,Technology,Semiconductors,2.1006,12
2018-06-29,Technology,Semiconductors,1.9596,12
2018-07-31,Technology,Semiconductors,1.9194,12
2018-08-31,Technology,Semiconductors,1.8750,12
2018-09-28,Technology,Semiconductors,1.8655,12
2018-10-31,Technology,Semiconductors,1.8350,12
2018-11-30,Technology,Semiconductors,1.8354,12
2018-12-31,Technology,Semiconductors,1.8151,13
2019-01-31,Technology,Semiconductors,1.7805,13
2019-02-28,Technology,Semiconductors,1.9664,13
2019-03-29,Technology,Semiconductors,1.8538,13
2019-04-30,Technology,Semiconductors,1.9085,13
2019-05-31,Technology,Semiconductors,1.9334,13
2019-06-28,Technology,Semiconductors,1.9643,13
2019-07-31,Technology,Semiconductors,1.9705,13
2019-08-30,Technology,Semiconductors,1.9275,13
2019-09-30,Technology,Semiconductors,1.9299,13
2019-10-31,Technology,Semiconductors,1.9318,13
2019-11-29,Technology,Semiconductors,1.9082,13
2019-12-31,Technology,Semiconductors,1.9022,13
2020-01-31,Technology,Semiconductors,1.9424,13
2020-02-28,Technology,Semiconductors,1.8185,13
2020-03-31,Technology,Semiconductors,1.8774,13
2020-04-30,Technology,Semiconductors,1.8260,13
2020-05-29,Technology,Semiconductors,1.7762,13
2020-06-30,Technology,Semiconductors,1.6660,13
2020-07-31,Technology,Semiconductors,1.6560,13
2020-08-31,Technology,Semiconductors,1.6659,13
2020-09-30,Technology,Semiconductors,1.6363,13
2020-10-30,Technology,Semiconductors,1.6315,13
2020-11-30,Technology,Semiconductors,1.6333,13
2020-12-31,Technology,Semiconductors,1.6241,13
2021-01-29,Technology,Semiconductors,1.6048,13
2021-02-26,Technology,Semiconductors,1.5823,14
2021-03-31,Technology,Semiconductors,1.5842,15
2021-04-30,Technology,Semiconductors,1.5585,15
2021-05-28,Technology,Semiconductors,1.5892,15
2021-06-30,Technology,Semiconductors,1.6182,15
2021-07-30,Technology,Semiconductors,1.6449,15
2021-08-31,Technology,Semiconductors,1.6503,14
2021-09-30,Technology,Semiconductors,1.6791,14
2021-10-29,Technology,Semiconductors,1.6912,14
2021-11-30,Technology,Semiconductors,1.6954,14
2021-12-31,Technology,Semiconductors,1.7045,14
2022-01-31,Technology,Semiconductors,1.7290,14
2022-02-28,Technology,Semiconductors,1.7197,13
2022-03-31,Technology,Semiconductors,1.7507,13
2022-04-29,Technology,Semiconductors,1.7534,13
2022-05-31,Technology,Semiconductors,1.7235,13
2022-06-30,Technology,Semiconductors,1.7368,14
2022-07-29,Technology,Semiconductors,1.6723,14
2022-08-31,Technology,Semiconductors,1.6308,14
2022-09-30,Technology,Semiconductors,1.6112,14
2022-10-31,Technology,Semiconductors,1.6101,14
2022-11-30,Technology,Semiconductors,1.6372,14
2022-12-30,Technology,Semiconductors,1.6391,14
2023-01-31,Technology,Semiconductors,1.6492,14
2023-02-28,Technology,Semiconductors,1.6437,14
2023-03-31,Technology,Semiconductors,1.6346,14
2023-04-28,Technology,Semiconductors,1.6557,14
2023-05-31,Technology,Semiconductors,1.6588,14
2023-06-30,Technology,Semiconductors,1.6569,14
2023-07-31,Technology,Semiconductors,1.6854,14
2023-08-31,Technology,Semiconductors,1.7411,14
2023-09-29,Technology,Semiconductors,1.7860,14
2023-10-31,Technology,Semiconductors,1.8005,14
2023-11-30,Technology,Semiconductors,1.7963,14
2023-12-29,Technology,Semiconductors,1.8271,14
2024-01-31,Technology,Semiconductors,1.8505,14
2024-02-29,Technology,Semiconductors,1.8393,14
2024-03-28,Technology,Semiconductors,1.8367,14
2024-04-30,Technology,Semiconductors,1.8323,14
2024-05-31,Technology,Semiconductors,1.8572,14
2024-06-28,Technology,Semiconductors,1.9087,14
2024-07-31,Technology,Semiconductors,1.9770,14
2024-08-30,Technology,Semiconductors,2.0228,14
2024-09-30,Technology,Semiconductors,2.1172,14
2024-10-31,Technology,Semiconductors,2.2367,14
2024-11-29,Technology,Semiconductors,2.3059,14
2024-12-31,Technology,Semiconductors,2.3980,13
2025-01-31,Technology,Semiconductors,2.4674,13
2025-02-28,Technology,Semiconductors,2.4811,13
2025-03-31,Technology,Semiconductors,2.4756,13
2025-04-30,Technology,Semiconductors,2.7171,13
2025-05-30,Technology,Semiconductors,2.8042,13
2025-06-30,Technology,Semiconductors,2.7447,13
2025-07-31,Technology,Semiconductors,2.5187,13
2025-08-29,Technology,Semiconductors,2.5226,13
2025-09-30,Technology,Semiconductors,2.5065,13
2025-10-31,Technology,Semiconductors,2.5018,13
2025-11-28,Technology,Semiconductors,2.4548,13
2025-12-31,Technology,Semiconductors,2.4622,13
2026-01-30,Technology,Semiconductors,2.4651,13
2026-02-27,Technology,Semiconductors,2.4687,13
2026-03-31,Technology,Semiconductors,2.5193,13
2026-04-30,Technology,Semiconductors,2.3642,13
2026-05-29,Technology,Semiconductors,2.3198,13
2026-06-30,Technology,Semiconductors,2.3159,14
2026-07-31,Technology,Semiconductors,2.5050,14
2026-08-12,Technology,Semiconductors,2.5278,14
2005-01-31,Technology,Software - Application,1.5581,6
2005-02-28,Technology,Software - Application,1.5189,6
2005-03-31,Technology,Software - Application,1.5011,6
2005-04-29,Technology,Software - Application,1.5169,6
2005-05-31,Technology,Software - Application,1.4682,6
2005-06-30,Technology,Software - Application,1.4740,6
2005-07-29,Technology,Software - Application,1.4750,6
2005-08-31,Technology,Software - Application,1.4668,6
2005-09-30,Technology,Software - Application,1.4525,6
2005-10-31,Technology,Software - Application,1.4490,6
2005-11-30,Technology,Software - Application,1.4331,6
2005-12-30,Technology,Software - Application,1.4148,6
2006-01-31,Technology,Software - Application,1.3745,6
2006-02-28,Technology,Software - Application,1.3771,6
2006-03-31,Technology,Software - Application,1.3405,6
2006-04-28,Technology,Software - Application,1.3463,6
2006-05-31,Technology,Software - Application,1.3435,6
2006-06-30,Technology,Software - Application,1.3257,6
2006-07-31,Technology,Software - Application,1.3297,6
2006-08-31,Technology,Software - Application,1.2350,6
2006-09-29,Technology,Software - Application,1.1976,6
2006-10-31,Technology,Software - Application,1.2242,6
2006-11-30,Technology,Software - Application,1.2213,6
2006-12-29,Technology,Software - Application,1.2304,6
2008-09-30,Technology,Software - Application,0.9322,6
2008-10-31,Technology,Software - Application,0.9267,6
2008-11-28,Technology,Software - Application,0.9493,6
2008-12-31,Technology,Software - Application,0.9252,6
2009-01-30,Technology,Software - Application,0.9953,7
2009-02-27,Technology,Software - Application,0.9945,7
2009-03-31,Technology,Software - Application,1.0257,7
2009-04-30,Technology,Software - Application,1.0337,7
2009-05-29,Technology,Software - Application,1.0299,7
2009-06-30,Technology,Software - Application,1.0354,7
2009-07-31,Technology,Software - Application,1.0368,7
2009-08-31,Technology,Software - Application,1.0392,7
2009-09-30,Technology,Software - Application,1.0474,7
2009-10-30,Technology,Software - Application,1.0505,7
2009-11-30,Technology,Software - Application,1.0556,7
2009-12-31,Technology,Software - Application,1.0872,8
2010-01-29,Technology,Software - Application,1.0712,8
2010-02-26,Technology,Software - Application,1.1159,8
2010-03-31,Technology,Software - Application,1.0968,8
2010-04-30,Technology,Software - Application,1.0827,8
2010-05-28,Technology,Software - Application,1.1066,8
2010-06-30,Technology,Software - Application,1.1051,8
2010-07-30,Technology,Software - Application,1.1023,8
2010-08-31,Technology,Software - Application,1.1177,8
2010-09-30,Technology,Software - Application,1.1136,8
2010-10-29,Technology,Software - Application,1.1180,8
2010-11-30,Technology,Software - Application,1.1251,8
2010-12-31,Technology,Software - Application,1.1783,8
2011-01-31,Technology,Software - Application,1.1814,8
2011-02-28,Technology,Software - Application,1.2298,8
2011-03-31,Technology,Software - Application,1.2189,8
2011-04-29,Technology,Software - Application,1.2472,8
2011-05-31,Technology,Software - Application,1.2855,8
2011-06-30,Technology,Software - Application,1.2810,8
2011-07-29,Technology,Software - Application,1.3118,8
2011-08-31,Technology,Software - Application,1.3430,8
2011-09-30,Technology,Software - Application,1.3452,8
2011-10-31,Technology,Software - Application,1.3402,8
2011-11-30,Technology,Software - Application,1.3468,8
2011-12-30,Technology,Software - Application,1.3503,8
2012-01-31,Technology,Software - Application,1.3424,8
2012-02-29,Technology,Software - Application,1.3596,8
2012-03-30,Technology,Software - Application,1.3723,8
2012-04-30,Technology,Software - Application,1.3888,8
2012-05-31,Technology,Software - Application,1.3808,8
2012-06-29,Technology,Software - Application,1.3830,8
2012-07-31,Technology,Software - Application,1.3726,8
2012-08-31,Technology,Software - Application,1.3881,8
2012-09-28,Technology,Software - Application,1.4063,8
2012-10-31,Technology,Software - Application,1.4439,8
2012-11-30,Technology,Software - Application,1.4656,8
2012-12-31,Technology,Software - Application,1.4531,8
2013-01-31,Technology,Software - Application,1.4230,8
2013-02-28,Technology,Software - Application,1.3721,8
2013-03-28,Technology,Software - Application,1.3198,8
2013-04-30,Technology,Software - Application,1.3020,8
2013-05-31,Technology,Software - Application,1.3053,8
2013-06-28,Technology,Software - Application,1.3165,8
2013-07-31,Technology,Software - Application,1.3017,8
2013-08-30,Technology,Software - Application,1.2606,8
2013-09-30,Technology,Software - Application,1.2327,8
2013-10-31,Technology,Software - Application,1.1730,8
2013-11-29,Technology,Software - Application,1.1502,8
2013-12-31,Technology,Software - Application,1.1266,8
2014-01-31,Technology,Software - Application,1.1628,8
2014-02-28,Technology,Software - Application,1.1383,8
2014-03-31,Technology,Software - Application,1.1406,8
2014-04-30,Technology,Software - Application,1.1920,8
2014-05-30,Technology,Software - Application,1.1943,8
2014-06-30,Technology,Software - Application,1.2172,8
2014-07-31,Technology,Software - Application,1.2291,8
2014-08-29,Technology,Software - Application,1.1956,8
2014-09-30,Technology,Software - Application,1.1907,8
2014-10-31,Technology,Software - Application,1.1334,8
2014-11-28,Technology,Software - Application,1.1379,8
2014-12-31,Technology,Software - Application,1.1461,8
2015-01-30,Technology,Software - Application,1.1672,8
2015-02-27,Technology,Software - Application,1.1865,8
2015-03-31,Technology,Software - Application,1.1584,8
2015-04-30,Technology,Software - Application,1.1392,8
2015-05-29,Technology,Software - Application,1.1471,8
2015-06-30,Technology,Software - Application,1.1262,8
2015-07-31,Technology,Software - Application,1.1423,8
2015-08-31,Technology,Software - Application,1.1415,8
2015-09-30,Technology,Software - Application,1.1501,8
2015-10-30,Technology,Software - Application,1.1352,8
2015-11-30,Technology,Software - Application,1.1306,8
2015-12-31,Technology,Software - Application,1.1194,8
2016-01-29,Technology,Software - Application,1.1030,8
2016-02-29,Technology,Software - Application,1.0955,8
2016-03-31,Technology,Software - Application,1.1050,8
2016-04-29,Technology,Software - Application,1.0821,8
2016-05-31,Technology,Software - Application,1.1490,8
2016-06-30,Technology,Software - Application,1.1424,8
2016-07-29,Technology,Software - Application,1.1309,8
2016-08-31,Technology,Software - Application,1.1279,8
2016-09-30,Technology,Software - Application,1.1353,8
2016-10-31,Technology,Software - Application,1.1431,8
2016-11-30,Technology,Software - Application,1.1491,8
2016-12-30,Technology,Software - Application,1.1589,8
2017-01-31,Technology,Software - Application,1.1679,8
2017-02-28,Technology,Software - Application,1.1607,8
2017-03-31,Technology,Software - Application,1.1780,8
2017-04-28,Technology,Software - Application,1.2040,8
2017-05-31,Technology,Software - Application,1.1359,8
2017-06-30,Technology,Software - Application,1.1287,9
2017-07-31,Technology,Software - Application,1.1432,9
2017-08-31,Technology,Software - Application,1.1313,9
2017-09-29,Technology,Software - Application,1.1013,10
2017-10-31,Technology,Software - Application,1.0996,10
2017-11-30,Technology,Software - Application,1.1065,10
2017-12-29,Technology,Software - Application,1.1033,10
2018-01-31,Technology,Software - Application,1.0988,10
2018-02-28,Technology,Software - Application,1.1264,10
2018-03-29,Technology,Software - Application,1.1463,10
2018-04-30,Technology,Software - Application,1.1582,10
2018-05-31,Technology,Software - Application,1.0166,10
2018-06-29,Technology,Software - Application,0.9907,10
2018-07-31,Technology,Software - Application,0.9871,10
2018-08-31,Technology,Software - Application,0.9946,10
2018-09-28,Technology,Software - Application,0.9869,10
2018-10-31,Technology,Software - Application,1.0202,10
2018-11-30,Technology,Software - Application,1.0188,10
2018-12-31,Technology,Software - Application,1.0210,10
2019-01-31,Technology,Software - Application,1.0321,10
2019-02-28,Technology,Software - Application,1.0685,10
2019-03-29,Technology,Software - Application,1.0681,10
2019-04-30,Technology,Software - Application,1.0650,10
2019-05-31,Technology,Software - Application,1.0806,10
2019-06-28,Technology,Software - Application,1.0872,10
2019-07-31,Technology,Software - Application,1.0940,10
2019-08-30,Technology,Software - Application,1.1069,10
2019-09-30,Technology,Software - Application,1.1110,10
2019-10-31,Technology,Software - Application,1.0986,10
2019-11-29,Technology,Software - Application,1.0826,11
2019-12-31,Technology,Software - Application,1.0867,11
2020-01-31,Technology,Software - Application,1.0958,12
2020-02-28,Technology,Software - Application,1.0827,12
2020-03-31,Technology,Software - Application,1.0868,12
2020-04-30,Technology,Software - Application,1.1053,12
2020-05-29,Technology,Software - Application,1.0804,12
2020-06-30,Technology,Software - Application,1.1379,13
2020-07-31,Technology,Software - Application,1.1558,13
2020-08-31,Technology,Software - Application,1.1610,13
2020-09-30,Technology,Software - Application,1.1550,13
2020-10-30,Technology,Software - Application,1.1620,13
2020-11-30,Technology,Software - Application,1.1686,13
2020-12-31,Technology,Software - Application,1.1602,13
2021-01-29,Technology,Software - Application,1.1524,13
2021-02-26,Technology,Software - Application,1.1535,13
2021-03-31,Technology,Software - Application,1.1661,13
2021-04-30,Technology,Software - Application,1.1584,14
2021-05-28,Technology,Software - Application,1.1792,14
2021-06-30,Technology,Software - Application,1.1867,14
2021-07-30,Technology,Software - Application,1.1814,14
2021-08-31,Technology,Software - Application,1.1685,14
2021-09-30,Technology,Software - Application,1.1835,15
2021-10-29,Technology,Software - Application,1.1722,15
2021-11-30,Technology,Software - Application,1.1752,15
2021-12-31,Technology,Software - Application,1.1947,15
2022-01-31,Technology,Software - Application,1.2107,15
2022-02-28,Technology,Software - Application,1.2252,15
2022-03-31,Technology,Software - Application,1.2597,15
2022-04-29,Technology,Software - Application,1.2864,15
2022-05-31,Technology,Software - Application,1.2907,15
2022-06-30,Technology,Software - Application,1.3285,15
2022-07-29,Technology,Software - Application,1.2605,15
2022-08-31,Technology,Software - Application,1.2528,15
2022-09-30,Technology,Software - Application,1.2679,14
2022-10-31,Technology,Software - Application,1.2974,14
2022-11-30,Technology,Software - Application,1.2897,14
2022-12-30,Technology,Software - Application,1.3010,14
2023-01-31,Technology,Software - Application,1.3179,14
2023-02-28,Technology,Software - Application,1.3167,14
2023-03-31,Technology,Software - Application,1.3043,15
2023-04-28,Technology,Software - Application,1.3075,15
2023-05-31,Technology,Software - Application,1.3223,15
2023-06-30,Technology,Software - Application,1.3285,15
2023-07-31,Technology,Software - Application,1.3671,15
2023-08-31,Technology,Software - Application,1.3963,15
2023-09-29,Technology,Software - Application,1.4064,15
2023-10-31,Technology,Software - Application,1.3979,15
2023-11-30,Technology,Software - Application,1.4144,15
2023-12-29,Technology,Software - Application,1.4271,16
2024-01-31,Technology,Software - Application,1.4312,16
2024-02-29,Technology,Software - Application,1.4276,16
2024-03-28,Technology,Software - Application,1.4179,16
2024-04-30,Technology,Software - Application,1.3952,16
2024-05-31,Technology,Software - Application,1.4122,16
2024-06-28,Technology,Software - Application,1.4152,16
2024-07-31,Technology,Software - Application,1.3765,16
2024-08-30,Technology,Software - Application,1.4921,16
2024-09-30,Technology,Software - Application,1.4993,16
2024-10-31,Technology,Software - Application,1.4653,16
2024-11-29,Technology,Software - Application,1.4652,16
2024-12-31,Technology,Software - Application,1.4767,17
2025-01-31,Technology,Software - Application,1.4851,17
2025-02-28,Technology,Software - Application,1.4868,17
2025-03-31,Technology,Software - Application,1.4771,17
2025-04-30,Technology,Software - Application,1.5090,17
2025-05-30,Technology,Software - Application,1.5039,17
2025-06-30,Technology,Software - Application,1.5017,17
2025-07-31,Technology,Software - Application,1.4327,17
2025-08-29,Technology,Software - Application,1.3763,17
2025-09-30,Technology,Software - Application,1.3705,17
2025-10-31,Technology,Software - Application,1.3978,17
2025-11-28,Technology,Software - Application,1.4156,17
2025-12-31,Technology,Software - Application,1.4342,17
2026-01-30,Technology,Software - Application,1.4267,17
2026-02-27,Technology,Software - Application,1.4057,16
2026-03-31,Technology,Software - Application,1.4572,15
2026-04-30,Technology,Software - Application,1.5193,15
2026-05-29,Technology,Software - Application,1.5787,15
2026-06-30,Technology,Software - Application,1.5845,15
2026-07-31,Technology,Software - Application,1.8640,15
2026-08-12,Technology,Software - Application,1.8675,15
2007-10-31,Technology,Software - Infrastructure,1.2106,6
2007-11-30,Technology,Software - Infrastructure,1.1507,6
2007-12-31,Technology,Software - Infrastructure,1.1383,6
2008-01-31,Technology,Software - Infrastructure,1.1741,6
2008-02-29,Technology,Software - Infrastructure,1.1341,6
2008-03-31,Technology,Software - Infrastructure,1.1306,6
2008-04-30,Technology,Software - Infrastructure,1.1145,6
2008-05-30,Technology,Software - Infrastructure,1.1290,6
2008-06-30,Technology,Software - Infrastructure,1.1097,6
2008-07-31,Technology,Software - Infrastructure,1.0925,6
2008-08-29,Technology,Software - Infrastructure,1.0912,6
2008-09-30,Technology,Software - Infrastructure,1.0865,6
2008-10-31,Technology,Software - Infrastructure,1.0787,6
2008-11-28,Technology,Software - Infrastructure,1.0836,6
2008-12-31,Technology,Software - Infrastructure,1.0101,6
2009-01-30,Technology,Software - Infrastructure,1.0331,6
2009-02-27,Technology,Software - Infrastructure,1.0278,6
2009-03-31,Technology,Software - Infrastructure,1.0384,6
2009-04-30,Technology,Software - Infrastructure,1.0724,6
2009-05-29,Technology,Software - Infrastructure,1.0601,6
2009-06-30,Technology,Software - Infrastructure,1.0723,6
2009-07-31,Technology,Software - Infrastructure,1.0630,6
2009-08-31,Technology,Software - Infrastructure,1.0677,6
2009-09-30,Technology,Software - Infrastructure,1.0764,6
2009-10-30,Technology,Software - Infrastructure,1.0770,6
2009-11-30,Technology,Software - Infrastructure,1.0792,6
2009-12-31,Technology,Software - Infrastructure,1.1037,6
2010-01-29,Technology,Software - Infrastructure,1.1017,6
2010-02-26,Technology,Software - Infrastructure,1.1395,6
2010-03-31,Technology,Software - Infrastructure,1.1401,6
2010-04-30,Technology,Software - Infrastructure,1.0895,6
2010-05-28,Technology,Software - Infrastructure,1.1094,6
2010-06-30,Technology,Software - Infrastructure,1.0951,6
2010-07-30,Technology,Software - Infrastructure,1.0769,6
2010-08-31,Technology,Software - Infrastructure,1.0827,6
2010-09-30,Technology,Software - Infrastructure,1.0728,6
2010-10-29,Technology,Software - Infrastructure,1.0484,6
2010-11-30,Technology,Software - Infrastructure,1.0452,6
2010-12-31,Technology,Software - Infrastructure,1.0720,7
2011-01-31,Technology,Software - Infrastructure,1.0707,7
2011-02-28,Technology,Software - Infrastructure,1.0847,7
2011-03-31,Technology,Software - Infrastructure,1.0796,7
2011-04-29,Technology,Software - Infrastructure,1.0460,7
2011-05-31,Technology,Software - Infrastructure,1.0518,7
2011-06-30,Technology,Software - Infrastructure,1.0480,7
2011-07-29,Technology,Software - Infrastructure,1.0688,7
2011-08-31,Technology,Software - Infrastructure,1.0845,7
2011-09-30,Technology,Software - Infrastructure,1.0963,7
2011-10-31,Technology,Software - Infrastructure,1.0873,7
2011-11-30,Technology,Software - Infrastructure,1.1049,7
2011-12-30,Technology,Software - Infrastructure,1.1114,7
2012-01-31,Technology,Software - Infrastructure,1.0911,7
2012-02-29,Technology,Software - Infrastructure,1.1120,7
2012-03-30,Technology,Software - Infrastructure,1.1373,7
2012-04-30,Technology,Software - Infrastructure,1.1398,7
2012-05-31,Technology,Software - Infrastructure,1.1382,7
2012-06-29,Technology,Software - Infrastructure,1.1269,7
2012-07-31,Technology,Software - Infrastructure,1.1198,7
2012-08-31,Technology,Software - Infrastructure,1.1109,7
2012-09-28,Technology,Software - Infrastructure,1.1149,7
2012-10-31,Technology,Software - Infrastructure,1.1342,7
2012-11-30,Technology,Software - Infrastructure,1.1446,7
2012-12-31,Technology,Software - Infrastructure,1.1380,7
2013-01-31,Technology,Software - Infrastructure,1.1406,8
2013-02-28,Technology,Software - Infrastructure,1.1052,8
2013-03-28,Technology,Software - Infrastructure,1.0536,8
2013-04-30,Technology,Software - Infrastructure,1.0390,8
2013-05-31,Technology,Software - Infrastructure,1.0460,8
2013-06-28,Technology,Software - Infrastructure,1.0736,8
2013-07-31,Technology,Software - Infrastructure,1.0811,8
2013-08-30,Technology,Software - Infrastructure,1.0883,8
2013-09-30,Technology,Software - Infrastructure,1.0896,8
2013-10-31,Technology,Software - Infrastructure,1.1632,8
2013-11-29,Technology,Software - Infrastructure,1.1893,8
2013-12-31,Technology,Software - Infrastructure,1.1884,8
2014-01-31,Technology,Software - Infrastructure,1.2264,8
2014-02-28,Technology,Software - Infrastructure,1.2351,8
2014-03-31,Technology,Software - Infrastructure,1.2569,8
2014-04-30,Technology,Software - Infrastructure,1.3040,8
2014-05-30,Technology,Software - Infrastructure,1.3145,8
2014-06-30,Technology,Software - Infrastructure,1.3284,8
2014-07-31,Technology,Software - Infrastructure,1.3031,8
2014-08-29,Technology,Software - Infrastructure,1.2919,8
2014-09-30,Technology,Software - Infrastructure,1.2791,8
2014-10-31,Technology,Software - Infrastructure,1.1414,8
2014-11-28,Technology,Software - Infrastructure,1.1244,8
2014-12-31,Technology,Software - Infrastructure,1.1194,8
2015-01-30,Technology,Software - Infrastructure,1.1388,8
2015-02-27,Technology,Software - Infrastructure,1.1555,8
2015-03-31,Technology,Software - Infrastructure,1.1486,8
2015-04-30,Technology,Software - Infrastructure,1.2479,8
2015-05-29,Technology,Software - Infrastructure,1.2495,8
2015-06-30,Technology,Software - Infrastructure,1.2434,8
2015-07-31,Technology,Software - Infrastructure,1.2971,8
2015-08-31,Technology,Software - Infrastructure,1.2988,8
2015-09-30,Technology,Software - Infrastructure,1.2917,8
2015-10-30,Technology,Software - Infrastructure,1.2513,8
2015-11-30,Technology,Software - Infrastructure,1.1958,8
2015-12-31,Technology,Software - Infrastructure,1.1907,8
2016-01-29,Technology,Software - Infrastructure,1.1886,8
2016-02-29,Technology,Software - Infrastructure,1.1774,8
2016-03-31,Technology,Software - Infrastructure,1.1710,8
2016-04-29,Technology,Software - Infrastructure,1.1079,8
2016-05-31,Technology,Software - Infrastructure,1.1061,8
2016-06-30,Technology,Software - Infrastructure,1.1096,8
2016-07-29,Technology,Software - Infrastructure,1.1352,8
2016-08-31,Technology,Software - Infrastructure,1.1446,8
2016-09-30,Technology,Software - Infrastructure,1.1563,8
2016-10-31,Technology,Software - Infrastructure,1.1697,8
2016-11-30,Technology,Software - Infrastructure,1.1816,8
2016-12-30,Technology,Software - Infrastructure,1.1861,8
2017-01-31,Technology,Software - Infrastructure,1.1833,8
2017-02-28,Technology,Software - Infrastructure,1.1813,8
2017-03-31,Technology,Software - Infrastructure,1.1915,9
2017-04-28,Technology,Software - Infrastructure,1.1791,9
2017-05-31,Technology,Software - Infrastructure,1.1925,9
2017-06-30,Technology,Software - Infrastructure,1.1757,8
2017-07-31,Technology,Software - Infrastructure,1.1272,8
2017-08-31,Technology,Software - Infrastructure,1.1154,8
2017-09-29,Technology,Software - Infrastructure,1.0899,8
2017-10-31,Technology,Software - Infrastructure,1.0809,8
2017-11-30,Technology,Software - Infrastructure,1.0733,8
2017-12-29,Technology,Software - Infrastructure,1.0871,8
2018-01-31,Technology,Software - Infrastructure,1.0828,8
2018-02-28,Technology,Software - Infrastructure,1.0747,8
2018-03-29,Technology,Software - Infrastructure,1.1083,8
2018-04-30,Technology,Software - Infrastructure,1.1245,8
2018-05-31,Technology,Software - Infrastructure,1.0883,8
2018-06-29,Technology,Software - Infrastructure,1.0755,9
2018-07-31,Technology,Software - Infrastructure,1.0496,9
2018-08-31,Technology,Software - Infrastructure,1.0427,9
2018-09-28,Technology,Software - Infrastructure,1.0257,9
2018-10-31,Technology,Software - Infrastructure,1.0352,10
2018-11-30,Technology,Software - Infrastructure,1.0450,10
2018-12-31,Technology,Software - Infrastructure,1.0482,10
2019-01-31,Technology,Software - Infrastructure,1.0081,10
2019-02-28,Technology,Software - Infrastructure,1.0137,10
2019-03-29,Technology,Software - Infrastructure,1.0069,10
2019-04-30,Technology,Software - Infrastructure,0.9992,10
2019-05-31,Technology,Software - Infrastructure,0.9988,10
2019-06-28,Technology,Software - Infrastructure,0.9954,10
2019-07-31,Technology,Software - Infrastructure,0.9981,10
2019-08-30,Technology,Software - Infrastructure,1.0058,10
2019-09-30,Technology,Software - Infrastructure,1.0156,10
2019-10-31,Technology,Software - Infrastructure,1.0154,10
2019-11-29,Technology,Software - Infrastructure,1.0135,10
2019-12-31,Technology,Software - Infrastructure,1.0146,10
2020-01-31,Technology,Software - Infrastructure,1.0319,10
2020-02-28,Technology,Software - Infrastructure,1.0349,10
2020-03-31,Technology,Software - Infrastructure,1.0305,10
2020-04-30,Technology,Software - Infrastructure,1.0503,10
2020-05-29,Technology,Software - Infrastructure,1.0940,10
2020-06-30,Technology,Software - Infrastructure,1.1220,10
2020-07-31,Technology,Software - Infrastructure,1.1197,10
2020-08-31,Technology,Software - Infrastructure,1.1184,10
2020-09-30,Technology,Software - Infrastructure,1.1125,10
2020-10-30,Technology,Software - Infrastructure,1.1172,10
2020-11-30,Technology,Software - Infrastructure,1.1228,10
2020-12-31,Technology,Software - Infrastructure,1.1208,10
2021-01-29,Technology,Software - Infrastructure,1.1241,10
2021-02-26,Technology,Software - Infrastructure,1.1243,10
2021-03-31,Technology,Software - Infrastructure,1.1333,10
2021-04-30,Technology,Software - Infrastructure,1.1249,10
2021-05-28,Technology,Software - Infrastructure,1.1139,10
2021-06-30,Technology,Software - Infrastructure,1.0897,10
2021-07-30,Technology,Software - Infrastructure,1.0891,10
2021-08-31,Technology,Software - Infrastructure,1.0881,10
2021-09-30,Technology,Software - Infrastructure,1.0953,10
2021-10-29,Technology,Software - Infrastructure,1.0821,10
2021-11-30,Technology,Software - Infrastructure,1.0735,10
2021-12-31,Technology,Software - Infrastructure,1.0726,10
2022-01-31,Technology,Software - Infrastructure,1.0632,10
2022-02-28,Technology,Software - Infrastructure,1.0493,10
2022-03-31,Technology,Software - Infrastructure,1.0648,10
2022-04-29,Technology,Software - Infrastructure,1.0697,10
2022-05-31,Technology,Software - Infrastructure,1.0772,10
2022-06-30,Technology,Software - Infrastructure,1.0544,10
2022-07-29,Technology,Software - Infrastructure,1.0409,10
2022-08-31,Technology,Software - Infrastructure,1.0185,10
2022-09-30,Technology,Software - Infrastructure,1.0211,10
2022-10-31,Technology,Software - Infrastructure,1.0293,10
2022-11-30,Technology,Software - Infrastructure,1.0219,10
2022-12-30,Technology,Software - Infrastructure,1.0179,10
2023-01-31,Technology,Software - Infrastructure,1.0614,10
2023-02-28,Technology,Software - Infrastructure,1.0715,10
2023-03-31,Technology,Software - Infrastructure,1.0718,10
2023-04-28,Technology,Software - Infrastructure,1.0781,10
2023-05-31,Technology,Software - Infrastructure,1.0954,10
2023-06-30,Technology,Software - Infrastructure,1.1093,11
2023-07-31,Technology,Software - Infrastructure,1.1343,11
2023-08-31,Technology,Software - Infrastructure,1.1658,11
2023-09-29,Technology,Software - Infrastructure,1.1945,11
2023-10-31,Technology,Software - Infrastructure,1.2089,11
2023-11-30,Technology,Software - Infrastructure,1.2272,11
2023-12-29,Technology,Software - Infrastructure,1.2602,11
2024-01-31,Technology,Software - Infrastructure,1.2270,11
2024-02-29,Technology,Software - Infrastructure,1.2349,11
2024-03-28,Technology,Software - Infrastructure,1.2305,11
2024-04-30,Technology,Software - Infrastructure,1.2190,11
2024-05-31,Technology,Software - Infrastructure,1.2258,11
2024-06-28,Technology,Software - Infrastructure,1.2279,13
2024-07-31,Technology,Software - Infrastructure,1.1943,13
2024-08-30,Technology,Software - Infrastructure,1.2274,13
2024-09-30,Technology,Software - Infrastructure,1.2302,14
2024-10-31,Technology,Software - Infrastructure,1.2060,14
2024-11-29,Technology,Software - Infrastructure,1.2134,14
2024-12-31,Technology,Software - Infrastructure,1.2196,14
2025-01-31,Technology,Software - Infrastructure,1.2409,14
2025-02-28,Technology,Software - Infrastructure,1.2442,14
2025-03-31,Technology,Software - Infrastructure,1.2600,14
2025-04-30,Technology,Software - Infrastructure,1.2948,14
2025-05-30,Technology,Software - Infrastructure,1.3191,14
2025-06-30,Technology,Software - Infrastructure,1.3185,14
2025-07-31,Technology,Software - Infrastructure,1.2524,15
2025-08-29,Technology,Software - Infrastructure,1.2576,15
2025-09-30,Technology,Software - Infrastructure,1.2601,15
2025-10-31,Technology,Software - Infrastructure,1.2696,15
2025-11-28,Technology,Software - Infrastructure,1.2825,15
2025-12-31,Technology,Software - Infrastructure,1.2983,15
2026-01-30,Technology,Software - Infrastructure,1.2779,15
2026-02-27,Technology,Software - Infrastructure,1.2851,15
2026-03-31,Technology,Software - Infrastructure,1.2946,15
2026-04-30,Technology,Software - Infrastructure,1.3812,15
2026-05-29,Technology,Software - Infrastructure,1.4572,15
2026-06-30,Technology,Software - Infrastructure,1.4695,15
2026-07-31,Technology,Software - Infrastructure,1.7156,15
2026-08-12,Technology,Software - Infrastructure,1.7190,15
2005-01-31,Utilities,Utilities - Regulated Electric,0.8898,19
2005-02-28,Utilities,Utilities - Regulated Electric,0.8996,19
2005-03-31,Utilities,Utilities - Regulated Electric,0.9138,19
2005-04-29,Utilities,Utilities - Regulated Electric,0.9033,19
2005-05-31,Utilities,Utilities - Regulated Electric,0.9010,19
2005-06-30,Utilities,Utilities - Regulated Electric,0.9728,19
2005-07-29,Utilities,Utilities - Regulated Electric,0.9586,19
2005-08-31,Utilities,Utilities - Regulated Electric,0.9347,19
2005-09-30,Utilities,Utilities - Regulated Electric,0.9515,19
2005-10-31,Utilities,Utilities - Regulated Electric,0.9996,19
2005-11-30,Utilities,Utilities - Regulated Electric,1.0344,19
2005-12-30,Utilities,Utilities - Regulated Electric,1.1061,19
2006-01-31,Utilities,Utilities - Regulated Electric,1.1685,19
2006-02-28,Utilities,Utilities - Regulated Electric,1.1736,19
2006-03-31,Utilities,Utilities - Regulated Electric,1.1809,19
2006-04-28,Utilities,Utilities - Regulated Electric,1.1802,19
2006-05-31,Utilities,Utilities - Regulated Electric,1.1656,19
2006-06-30,Utilities,Utilities - Regulated Electric,1.1659,19
2006-07-31,Utilities,Utilities - Regulated Electric,1.2129,19
2006-08-31,Utilities,Utilities - Regulated Electric,1.1482,19
2006-09-29,Utilities,Utilities - Regulated Electric,1.1235,19
2006-10-31,Utilities,Utilities - Regulated Electric,1.0857,19
2006-11-30,Utilities,Utilities - Regulated Electric,1.0810,19
2006-12-29,Utilities,Utilities - Regulated Electric,1.0490,19
2007-01-31,Utilities,Utilities - Regulated Electric,0.9837,19
2007-02-28,Utilities,Utilities - Regulated Electric,0.9557,19
2007-03-30,Utilities,Utilities - Regulated Electric,0.9369,19
2007-04-30,Utilities,Utilities - Regulated Electric,0.9236,19
2007-05-31,Utilities,Utilities - Regulated Electric,0.9210,19
2007-06-29,Utilities,Utilities - Regulated Electric,0.9009,19
2007-07-31,Utilities,Utilities - Regulated Electric,0.8938,19
2007-08-31,Utilities,Utilities - Regulated Electric,1.0017,19
2007-09-28,Utilities,Utilities - Regulated Electric,1.0641,19
2007-10-31,Utilities,Utilities - Regulated Electric,1.1829,19
2007-11-30,Utilities,Utilities - Regulated Electric,1.1639,19
2007-12-31,Utilities,Utilities - Regulated Electric,1.1684,19
2008-01-31,Utilities,Utilities - Regulated Electric,1.1522,19
2008-02-29,Utilities,Utilities - Regulated Electric,1.0563,19
2008-03-31,Utilities,Utilities - Regulated Electric,1.0385,19
2008-04-30,Utilities,Utilities - Regulated Electric,1.0225,19
2008-05-30,Utilities,Utilities - Regulated Electric,1.0482,19
2008-06-30,Utilities,Utilities - Regulated Electric,1.0120,19
2008-07-31,Utilities,Utilities - Regulated Electric,0.9838,19
2008-08-29,Utilities,Utilities - Regulated Electric,0.9651,19
2008-09-30,Utilities,Utilities - Regulated Electric,0.9409,19
2008-10-31,Utilities,Utilities - Regulated Electric,0.8892,20
2008-11-28,Utilities,Utilities - Regulated Electric,0.8827,20
2008-12-31,Utilities,Utilities - Regulated Electric,0.8277,20
2009-01-30,Utilities,Utilities - Regulated Electric,0.9249,20
2009-02-27,Utilities,Utilities - Regulated Electric,0.8898,20
2009-03-31,Utilities,Utilities - Regulated Electric,0.8966,20
2009-04-30,Utilities,Utilities - Regulated Electric,0.8640,20
2009-05-29,Utilities,Utilities - Regulated Electric,0.8563,20
2009-06-30,Utilities,Utilities - Regulated Electric,0.8564,20
2009-07-31,Utilities,Utilities - Regulated Electric,0.8532,20
2009-08-31,Utilities,Utilities - Regulated Electric,0.8531,20
2009-09-30,Utilities,Utilities - Regulated Electric,0.8587,20
2009-10-30,Utilities,Utilities - Regulated Electric,0.8520,20
2009-11-30,Utilities,Utilities - Regulated Electric,0.8443,20
2009-12-31,Utilities,Utilities - Regulated Electric,0.8657,20
2010-01-29,Utilities,Utilities - Regulated Electric,0.7988,20
2010-02-26,Utilities,Utilities - Regulated Electric,0.8274,20
2010-03-31,Utilities,Utilities - Regulated Electric,0.8254,20
2010-04-30,Utilities,Utilities - Regulated Electric,0.8349,20
2010-05-28,Utilities,Utilities - Regulated Electric,0.8322,20
2010-06-30,Utilities,Utilities - Regulated Electric,0.8399,20
2010-07-30,Utilities,Utilities - Regulated Electric,0.8398,20
2010-08-31,Utilities,Utilities - Regulated Electric,0.8229,20
2010-09-30,Utilities,Utilities - Regulated Electric,0.8112,20
2010-10-29,Utilities,Utilities - Regulated Electric,0.8017,20
2010-11-30,Utilities,Utilities - Regulated Electric,0.8062,20
2010-12-31,Utilities,Utilities - Regulated Electric,0.8251,20
2011-01-31,Utilities,Utilities - Regulated Electric,0.7579,20
2011-02-28,Utilities,Utilities - Regulated Electric,0.7515,20
2011-03-31,Utilities,Utilities - Regulated Electric,0.7400,20
2011-04-29,Utilities,Utilities - Regulated Electric,0.7514,20
2011-05-31,Utilities,Utilities - Regulated Electric,0.7296,20
2011-06-30,Utilities,Utilities - Regulated Electric,0.7403,20
2011-07-29,Utilities,Utilities - Regulated Electric,0.7600,20
2011-08-31,Utilities,Utilities - Regulated Electric,0.7341,20
2011-09-30,Utilities,Utilities - Regulated Electric,0.7088,20
2011-10-31,Utilities,Utilities - Regulated Electric,0.6911,20
2011-11-30,Utilities,Utilities - Regulated Electric,0.6945,20
2011-12-30,Utilities,Utilities - Regulated Electric,0.7009,20
2012-01-31,Utilities,Utilities - Regulated Electric,0.6924,20
2012-02-29,Utilities,Utilities - Regulated Electric,0.6978,20
2012-03-30,Utilities,Utilities - Regulated Electric,0.7076,20
2012-04-30,Utilities,Utilities - Regulated Electric,0.7053,20
2012-05-31,Utilities,Utilities - Regulated Electric,0.6987,20
2012-06-29,Utilities,Utilities - Regulated Electric,0.6868,20
2012-07-31,Utilities,Utilities - Regulated Electric,0.6724,20
2012-08-31,Utilities,Utilities - Regulated Electric,0.6610,20
2012-09-28,Utilities,Utilities - Regulated Electric,0.6530,20
2012-10-31,Utilities,Utilities - Regulated Electric,0.6529,20
2012-11-30,Utilities,Utilities - Regulated Electric,0.6379,20
2012-12-31,Utilities,Utilities - Regulated Electric,0.6249,20
2013-01-31,Utilities,Utilities - Regulated Electric,0.6241,19
2013-02-28,Utilities,Utilities - Regulated Electric,0.6175,19
2013-03-28,Utilities,Utilities - Regulated Electric,0.6070,19
2013-04-30,Utilities,Utilities - Regulated Electric,0.5949,19
2013-05-31,Utilities,Utilities - Regulated Electric,0.6031,19
2013-06-28,Utilities,Utilities - Regulated Electric,0.6009,19
2013-07-31,Utilities,Utilities - Regulated Electric,0.6027,19
2013-08-30,Utilities,Utilities - Regulated Electric,0.6475,19
2013-09-30,Utilities,Utilities - Regulated Electric,0.6973,19
2013-10-31,Utilities,Utilities - Regulated Electric,0.7166,19
2013-11-29,Utilities,Utilities - Regulated Electric,0.7312,19
2013-12-31,Utilities,Utilities - Regulated Electric,0.7451,19
2014-01-31,Utilities,Utilities - Regulated Electric,0.7766,19
2014-02-28,Utilities,Utilities - Regulated Electric,0.7895,19
2014-03-31,Utilities,Utilities - Regulated Electric,0.8125,19
2014-04-30,Utilities,Utilities - Regulated Electric,0.8244,19
2014-05-30,Utilities,Utilities - Regulated Electric,0.8395,19
2014-06-30,Utilities,Utilities - Regulated Electric,0.8560,19
2014-07-31,Utilities,Utilities - Regulated Electric,0.8555,19
2014-08-29,Utilities,Utilities - Regulated Electric,0.8656,19
2014-09-30,Utilities,Utilities - Regulated Electric,0.8801,19
2014-10-31,Utilities,Utilities - Regulated Electric,0.8834,19
2014-11-28,Utilities,Utilities - Regulated Electric,0.9069,19
2014-12-31,Utilities,Utilities - Regulated Electric,0.9036,19
2015-01-30,Utilities,Utilities - Regulated Electric,0.8981,19
2015-02-27,Utilities,Utilities - Regulated Electric,0.9419,19
2015-03-31,Utilities,Utilities - Regulated Electric,0.9615,19
2015-04-30,Utilities,Utilities - Regulated Electric,0.9678,19
2015-05-29,Utilities,Utilities - Regulated Electric,1.0655,19
2015-06-30,Utilities,Utilities - Regulated Electric,1.0891,19
2015-07-31,Utilities,Utilities - Regulated Electric,1.1410,19
2015-08-31,Utilities,Utilities - Regulated Electric,1.1437,19
2015-09-30,Utilities,Utilities - Regulated Electric,1.1299,19
2015-10-30,Utilities,Utilities - Regulated Electric,1.1079,19
2015-11-30,Utilities,Utilities - Regulated Electric,1.0356,19
2015-12-31,Utilities,Utilities - Regulated Electric,1.0275,19
2016-01-29,Utilities,Utilities - Regulated Electric,1.0237,19
2016-02-29,Utilities,Utilities - Regulated Electric,1.0359,19
2016-03-31,Utilities,Utilities - Regulated Electric,1.0224,19
2016-04-29,Utilities,Utilities - Regulated Electric,0.9818,19
2016-05-31,Utilities,Utilities - Regulated Electric,0.9298,19
2016-06-30,Utilities,Utilities - Regulated Electric,0.9302,19
2016-07-29,Utilities,Utilities - Regulated Electric,0.9398,20
2016-08-31,Utilities,Utilities - Regulated Electric,0.9429,20
2016-09-30,Utilities,Utilities - Regulated Electric,0.9156,20
2016-10-31,Utilities,Utilities - Regulated Electric,0.9165,20
2016-11-30,Utilities,Utilities - Regulated Electric,0.9446,21
2016-12-30,Utilities,Utilities - Regulated Electric,0.9906,21
2017-01-31,Utilities,Utilities - Regulated Electric,1.0129,21
2017-02-28,Utilities,Utilities - Regulated Electric,1.0448,21
2017-03-31,Utilities,Utilities - Regulated Electric,1.0683,21
2017-04-28,Utilities,Utilities - Regulated Electric,1.1300,21
2017-05-31,Utilities,Utilities - Regulated Electric,1.1427,21
2017-06-30,Utilities,Utilities - Regulated Electric,1.1500,21
2017-07-31,Utilities,Utilities - Regulated Electric,1.1443,21
2017-08-31,Utilities,Utilities - Regulated Electric,1.1132,21
2017-09-29,Utilities,Utilities - Regulated Electric,1.1110,21
2017-10-31,Utilities,Utilities - Regulated Electric,1.1070,21
2017-11-30,Utilities,Utilities - Regulated Electric,1.0782,21
2017-12-29,Utilities,Utilities - Regulated Electric,1.0664,21
2018-01-31,Utilities,Utilities - Regulated Electric,1.0472,21
2018-02-28,Utilities,Utilities - Regulated Electric,0.9324,21
2018-03-29,Utilities,Utilities - Regulated Electric,0.9479,21
2018-04-30,Utilities,Utilities - Regulated Electric,1.0012,21
2018-05-31,Utilities,Utilities - Regulated Electric,0.8684,21
2018-06-29,Utilities,Utilities - Regulated Electric,0.7693,22
2018-07-31,Utilities,Utilities - Regulated Electric,0.7388,22
2018-08-31,Utilities,Utilities - Regulated Electric,0.7643,22
2018-09-28,Utilities,Utilities - Regulated Electric,0.7817,22
2018-10-31,Utilities,Utilities - Regulated Electric,0.7981,22
2018-11-30,Utilities,Utilities - Regulated Electric,0.7957,22
2018-12-31,Utilities,Utilities - Regulated Electric,0.7924,22
2019-01-31,Utilities,Utilities - Regulated Electric,0.7024,22
2019-02-28,Utilities,Utilities - Regulated Electric,0.6541,22
2019-03-29,Utilities,Utilities - Regulated Electric,0.6525,22
2019-04-30,Utilities,Utilities - Regulated Electric,0.6443,22
2019-05-31,Utilities,Utilities - Regulated Electric,0.6440,22
2019-06-28,Utilities,Utilities - Regulated Electric,0.6564,22
2019-07-31,Utilities,Utilities - Regulated Electric,0.6632,22
2019-08-30,Utilities,Utilities - Regulated Electric,0.6468,22
2019-09-30,Utilities,Utilities - Regulated Electric,0.6517,22
2019-10-31,Utilities,Utilities - Regulated Electric,0.6383,22
2019-11-29,Utilities,Utilities - Regulated Electric,0.6255,22
2019-12-31,Utilities,Utilities - Regulated Electric,0.6136,22
2020-01-31,Utilities,Utilities - Regulated Electric,0.6414,22
2020-02-28,Utilities,Utilities - Regulated Electric,0.6591,22
2020-03-31,Utilities,Utilities - Regulated Electric,0.6657,22
2020-04-30,Utilities,Utilities - Regulated Electric,0.6615,22
2020-05-29,Utilities,Utilities - Regulated Electric,0.6984,22
2020-06-30,Utilities,Utilities - Regulated Electric,1.0231,22
2020-07-31,Utilities,Utilities - Regulated Electric,1.0441,22
2020-08-31,Utilities,Utilities - Regulated Electric,1.0561,22
2020-09-30,Utilities,Utilities - Regulated Electric,1.0391,22
2020-10-30,Utilities,Utilities - Regulated Electric,1.0392,22
2020-11-30,Utilities,Utilities - Regulated Electric,1.0290,22
2020-12-31,Utilities,Utilities - Regulated Electric,1.0091,22
2021-01-29,Utilities,Utilities - Regulated Electric,1.0153,22
2021-02-26,Utilities,Utilities - Regulated Electric,1.0175,22
2021-03-31,Utilities,Utilities - Regulated Electric,1.0317,22
2021-04-30,Utilities,Utilities - Regulated Electric,1.0216,22
2021-05-28,Utilities,Utilities - Regulated Electric,1.0261,22
2021-06-30,Utilities,Utilities - Regulated Electric,0.9200,22
2021-07-30,Utilities,Utilities - Regulated Electric,0.8882,22
2021-08-31,Utilities,Utilities - Regulated Electric,0.8716,22
2021-09-30,Utilities,Utilities - Regulated Electric,0.8882,22
2021-10-29,Utilities,Utilities - Regulated Electric,0.8932,22
2021-11-30,Utilities,Utilities - Regulated Electric,0.9190,22
2021-12-31,Utilities,Utilities - Regulated Electric,0.9287,22
2022-01-31,Utilities,Utilities - Regulated Electric,0.9379,22
2022-02-28,Utilities,Utilities - Regulated Electric,0.9292,22
2022-03-31,Utilities,Utilities - Regulated Electric,0.9158,22
2022-04-29,Utilities,Utilities - Regulated Electric,0.8890,22
2022-05-31,Utilities,Utilities - Regulated Electric,0.8733,22
2022-06-30,Utilities,Utilities - Regulated Electric,0.7333,22
2022-07-29,Utilities,Utilities - Regulated Electric,0.6706,22
2022-08-31,Utilities,Utilities - Regulated Electric,0.6107,22
2022-09-30,Utilities,Utilities - Regulated Electric,0.6419,22
2022-10-31,Utilities,Utilities - Regulated Electric,0.6359,23
2022-11-30,Utilities,Utilities - Regulated Electric,0.6361,23
2022-12-30,Utilities,Utilities - Regulated Electric,0.6831,23
2023-01-31,Utilities,Utilities - Regulated Electric,0.7192,23
2023-02-28,Utilities,Utilities - Regulated Electric,0.7193,23
2023-03-31,Utilities,Utilities - Regulated Electric,0.7135,23
2023-04-28,Utilities,Utilities - Regulated Electric,0.7200,23
2023-05-31,Utilities,Utilities - Regulated Electric,0.7392,23
2023-06-30,Utilities,Utilities - Regulated Electric,0.7653,23
2023-07-31,Utilities,Utilities - Regulated Electric,0.7991,23
2023-08-31,Utilities,Utilities - Regulated Electric,0.8366,23
2023-09-29,Utilities,Utilities - Regulated Electric,0.8378,23
2023-10-31,Utilities,Utilities - Regulated Electric,0.8542,23
2023-11-30,Utilities,Utilities - Regulated Electric,0.8647,23
2023-12-29,Utilities,Utilities - Regulated Electric,0.9107,23
2024-01-31,Utilities,Utilities - Regulated Electric,0.9049,23
2024-02-29,Utilities,Utilities - Regulated Electric,0.9115,23
2024-03-28,Utilities,Utilities - Regulated Electric,0.9355,23
2024-04-30,Utilities,Utilities - Regulated Electric,0.9566,23
2024-05-31,Utilities,Utilities - Regulated Electric,0.9747,23
2024-06-28,Utilities,Utilities - Regulated Electric,0.9814,23
2024-07-31,Utilities,Utilities - Regulated Electric,0.9713,23
2024-08-30,Utilities,Utilities - Regulated Electric,1.0222,23
2024-09-30,Utilities,Utilities - Regulated Electric,1.0251,23
2024-10-31,Utilities,Utilities - Regulated Electric,1.0221,23
2024-11-29,Utilities,Utilities - Regulated Electric,1.0259,23
2024-12-31,Utilities,Utilities - Regulated Electric,0.9713,23
2025-01-31,Utilities,Utilities - Regulated Electric,0.9900,23
2025-02-28,Utilities,Utilities - Regulated Electric,0.9953,23
2025-03-31,Utilities,Utilities - Regulated Electric,0.9887,23
2025-04-30,Utilities,Utilities - Regulated Electric,1.0287,23
2025-05-30,Utilities,Utilities - Regulated Electric,1.0201,23
2025-06-30,Utilities,Utilities - Regulated Electric,0.9883,23
2025-07-31,Utilities,Utilities - Regulated Electric,0.9197,23
2025-08-29,Utilities,Utilities - Regulated Electric,0.9444,23
2025-09-30,Utilities,Utilities - Regulated Electric,0.9479,23
2025-10-31,Utilities,Utilities - Regulated Electric,0.9573,23
2025-11-28,Utilities,Utilities - Regulated Electric,0.9693,23
2025-12-31,Utilities,Utilities - Regulated Electric,0.9658,23
2026-01-30,Utilities,Utilities - Regulated Electric,0.9425,23
2026-02-27,Utilities,Utilities - Regulated Electric,0.9340,23
2026-03-31,Utilities,Utilities - Regulated Electric,0.9371,23
2026-04-30,Utilities,Utilities - Regulated Electric,0.9149,23
2026-05-29,Utilities,Utilities - Regulated Electric,0.9127,23
2026-06-30,Utilities,Utilities - Regulated Electric,0.9364,23
2026-07-31,Utilities,Utilities - Regulated Electric,1.0461,23
2026-08-12,Utilities,Utilities - Regulated Electric,1.0510,23
