field,value
shares,15004.697
real_noa,194329.292645619
real_nfo,60041.3571346481
real_cse,134287.935510971
real_gross_ppe,178912.653234443
real_net_ppe,109410.536166987
real_accum_dep,69502.1170674555
book_nfo,57680
real_price,347.402956486086
