field,value
intrinsic_value_ps,136.16195294792948
current_price_real_ps,347.402956486086
equity_enterprise_tie,0
normal_no_growth_value_ps,176.547569368841
pvgo_ps,170.855387117245
implied_real_eps_growth,0.0237654199861625
growth_premium_turns,-1.0578130467622
economic_rnoa,0.611156556682452
real_coe_longrun,0.046960888970236
economic_noa,194329.292645619
upside_downside,-0.6080575872894651
