field,value
intrinsic_value_ps,138.19538194864546
current_price_real_ps,341.15732294226
equity_enterprise_tie,0
normal_no_growth_value_ps,179.58304127277
pvgo_ps,161.57428166949
implied_real_eps_growth,0.0225386916048746
growth_premium_turns,-1.06531124637718
economic_rnoa,0.611156556682452
real_coe_longrun,0.0461588045564359
economic_noa,194329.292645619
upside_downside,-0.5949218361874804
