field,value
intrinsic_value_ps,164.721840746117
current_price_real_ps,347.402956486086
equity_enterprise_tie,0
normal_no_growth_value_ps,190.280459654385
pvgo_ps,157.122496831701
implied_real_eps_growth,0.0207053704416727
growth_premium_turns,-2.10596333887358
economic_rnoa,0.611156556682452
real_coe_longrun,0.0432910104218882
economic_noa,194329.292645619
upside_downside,-0.5258479017788256
