field,value
intrinsic_value_ps,144.09927865489146
current_price_real_ps,341.15732294226
equity_enterprise_tie,0
normal_no_growth_value_ps,188.388170841983
pvgo_ps,152.769152100277
implied_real_eps_growth,0.0202380563904068
growth_premium_turns,-1.12867649587631
economic_rnoa,0.611156556682452
real_coe_longrun,0.0438581693419681
economic_noa,194329.292645619
upside_downside,-0.5776163401326728
