ticker,tier,s1_pp,b_pp,n_bonds,longest_yrs,in_universe,widen_1,widen_2,widen_3,widen_4,widen_5,widen_6,widen_7,widen_8,widen_9,widen_10,widen_11,widen_12,widen_13,widen_14,widen_15,widen_16,widen_17,widen_18,widen_19,widen_20,widen_21,widen_22,widen_23,widen_24,widen_25,widen_26,widen_27,widen_28,widen_29,widen_30
A,2,0.04511296750850402,0.19879833952789114,2,4.5613,1,0.0,0.13779650854375647,0.21840229877215644,0.27559301708751294,0.3199535845651346,0.35619880731591286,0.3868437065026674,0.4133895256312694,0.4368045975443129,0.45775009310889114,0.47669759859409566,0.4939953158596694,0.5099076732364848,0.5246402150464239,0.538355883337291,0.5511860341750259,0.5632381083266396,0.5746011060880692,0.5853495798994872,0.5955466016526475,0.6052460052748239,0.6144941071378521,0.6233310437260219,0.6317918244034259,0.6399071691302692,0.6477041817802413,0.6552068963164692,0.6624367235901804,0.669412819700503,0.6761523918810475
AAPL,1,0.017897806604052657,0.17348662457468986,19,35.9699,1,0.0,0.120251764688808,0.19059453767730516,0.240503529377616,0.2792159508907273,0.31084630236611316,0.3375893834852379,0.360755294066424,0.38118907535461033,0.39946771557953537,0.41600275696139444,0.43109806705492115,0.4449844062310216,0.45784114817404586,0.4698104885680325,0.481007058755232,0.4915246197602824,0.5014408400434183,0.5108207797617312,0.5197194802683434,0.5281839211625431,0.5362545216502025,0.5439663078950119,0.5513498317437292,0.5584319017814546,0.5652361709198296,0.5717836130319155,0.5780929128628539,0.5841807874887821,0.5900622532568405
ABBV,1,0.11823734603441843,0.2037389344714029,7,22.2396,1,0.0,0.14122106799914036,0.22383009709042997,0.2824421359982807,0.32790516537720266,0.3650511650895703,0.3964576603456183,0.4236632039974211,0.44766019418085995,0.46912623337634307,0.488544627853954,0.5062722330887107,0.522580049062323,0.5376787283447586,0.5517352624676326,0.5648842719965614,0.5772358678481737,0.5888812621800003,0.5998968602314358,0.6103473013754833,0.6202877574360482,0.6297656958530944,0.6388222505946518,0.6474933010878511,0.6558103307544053,0.6638011170614634,0.6714902912712899,0.6788997963438991,0.6860492644514425,0.692956330466773
ABNB,4,0.34580351603225035,0.19879833952789114,0,0.0,1,0.0,0.13779650854375647,0.21840229877215644,0.27559301708751294,0.3199535845651346,0.35619880731591286,0.3868437065026674,0.4133895256312694,0.4368045975443129,0.45775009310889114,0.47669759859409566,0.4939953158596694,0.5099076732364848,0.5246402150464239,0.538355883337291,0.5511860341750259,0.5632381083266396,0.5746011060880692,0.5853495798994872,0.5955466016526475,0.6052460052748239,0.6144941071378521,0.6233310437260219,0.6317918244034259,0.6399071691302692,0.6477041817802413,0.6552068963164692,0.6624367235901804,0.669412819700503,0.6761523918810475
ABT,2,0.3570061330358213,0.19879833952789114,6,20.282,1,0.0,0.13779650854375647,0.21840229877215644,0.27559301708751294,0.3199535845651346,0.35619880731591286,0.3868437065026674,0.4133895256312694,0.4368045975443129,0.45775009310889114,0.47669759859409566,0.4939953158596694,0.5099076732364848,0.5246402150464239,0.538355883337291,0.5511860341750259,0.5632381083266396,0.5746011060880692,0.5853495798994872,0.5955466016526475,0.6052460052748239,0.6144941071378521,0.6233310437260219,0.6317918244034259,0.6399071691302692,0.6477041817802413,0.6552068963164692,0.6624367235901804,0.669412819700503,0.6761523918810475
ACGL,4,0.2975506607173012,0.19879833952789114,0,0.0,1,0.0,0.13779650854375647,0.21840229877215644,0.27559301708751294,0.3199535845651346,0.35619880731591286,0.3868437065026674,0.4133895256312694,0.4368045975443129,0.45775009310889114,0.47669759859409566,0.4939953158596694,0.5099076732364848,0.5246402150464239,0.538355883337291,0.5511860341750259,0.5632381083266396,0.5746011060880692,0.5853495798994872,0.5955466016526475,0.6052460052748239,0.6144941071378521,0.6233310437260219,0.6317918244034259,0.6399071691302692,0.6477041817802413,0.6552068963164692,0.6624367235901804,0.669412819700503,0.6761523918810475
ACN,4,0.39273002738846624,0.19879833952789114,0,0.0,1,0.0,0.13779650854375647,0.21840229877215644,0.27559301708751294,0.3199535845651346,0.35619880731591286,0.3868437065026674,0.4133895256312694,0.4368045975443129,0.45775009310889114,0.47669759859409566,0.4939953158596694,0.5099076732364848,0.5246402150464239,0.538355883337291,0.5511860341750259,0.5632381083266396,0.5746011060880692,0.5853495798994872,0.5955466016526475,0.6052460052748239,0.6144941071378521,0.6233310437260219,0.6317918244034259,0.6399071691302692,0.6477041817802413,0.6552068963164692,0.6624367235901804,0.669412819700503,0.6761523918810475
ADBE,4,0.4122067295778835,0.19879833952789114,0,0.0,1,0.0,0.13779650854375647,0.21840229877215644,0.27559301708751294,0.3199535845651346,0.35619880731591286,0.3868437065026674,0.4133895256312694,0.4368045975443129,0.45775009310889114,0.47669759859409566,0.4939953158596694,0.5099076732364848,0.5246402150464239,0.538355883337291,0.5511860341750259,0.5632381083266396,0.5746011060880692,0.5853495798994872,0.5955466016526475,0.6052460052748239,0.6144941071378521,0.6233310437260219,0.6317918244034259,0.6399071691302692,0.6477041817802413,0.6552068963164692,0.6624367235901804,0.669412819700503,0.6761523918810475
ADI,1,0.07441467500254084,0.24186282094925413,5,25.1198,1,0.0,0.16764653242325037,0.2657134672667853,0.33529306484650073,0.38926319364399015,0.4333599996900357,0.47064331796430164,0.5029395972697511,0.5314269345335706,0.5569097260672405,0.5799617150198952,0.601006532113286,0.6203658871876241,0.6382898503875519,0.6549766609107754,0.6705861296930015,0.6852489717445062,0.6990734669568209,0.7121503176141374,0.7245562584904909,0.7363567852310869,0.7476082474431456,0.7583594761346939,0.7686530645365365,0.7785263872879803,0.7880124196108744,0.797140401800356,0.8059363828108024,0.8144236684111886,0.8226231933340259
ADM,1,0.14164974504555766,0.18471579554207906,5,25.0732,1,0.0,0.12803523288487942,0.20293104289363412,0.25607046576975884,0.2972886043708478,0.3309662757785135,0.3594403412361578,0.38410569865463823,0.40586208578726823,0.4253238372557273,0.44292913294154174,0.45900150866339295,0.4737866610886523,0.4874755741210372,0.500219647264482,0.5121409315395177,0.5233392567877782,0.5338973186721476,0.5438843884618362,0.5533590701406066,0.5623713841297919,0.5709643658264212,0.5791753085129403,0.5870367415482723,0.5945772087416956,0.6018218939735317,0.6087931286809023,0.6155108070059166,0.621992728061477,0.6282548801493614
ADP,2,0.16283776059342883,0.19879833952789114,2,4.0356,1,0.0,0.13779650854375647,0.21840229877215644,0.27559301708751294,0.3199535845651346,0.35619880731591286,0.3868437065026674,0.4133895256312694,0.4368045975443129,0.45775009310889114,0.47669759859409566,0.4939953158596694,0.5099076732364848,0.5246402150464239,0.538355883337291,0.5511860341750259,0.5632381083266396,0.5746011060880692,0.5853495798994872,0.5955466016526475,0.6052460052748239,0.6144941071378521,0.6233310437260219,0.6317918244034259,0.6399071691302692,0.6477041817802413,0.6552068963164692,0.6624367235901804,0.669412819700503,0.6761523918810475
ADSK,2,0.17463484042701202,0.19879833952789114,2,5.3224,1,0.0,0.13779650854375647,0.21840229877215644,0.27559301708751294,0.3199535845651346,0.35619880731591286,0.3868437065026674,0.4133895256312694,0.4368045975443129,0.45775009310889114,0.47669759859409566,0.4939953158596694,0.5099076732364848,0.5246402150464239,0.538355883337291,0.5511860341750259,0.5632381083266396,0.5746011060880692,0.5853495798994872,0.5955466016526475,0.6052460052748239,0.6144941071378521,0.6233310437260219,0.6317918244034259,0.6399071691302692,0.6477041817802413,0.6552068963164692,0.6624367235901804,0.669412819700503,0.6761523918810475
AEE,1,0.4734420833571641,0.07610576292988214,11,26.5708,1,0.0,0.052752494999211405,0.0836107263932304,0.10550498999842281,0.12248750021407404,0.1363632213924418,0.14809497648685527,0.1582574849976342,0.1672214527864608,0.17523999521328548,0.18249364916227787,0.1891157163916532,0.19520742772612124,0.2008474714860667,0.20609822660730445,0.21100997999684562,0.215623863092521,0.2199739477856722,0.22408877490994528,0.22799249021249685,0.23170570288008568,0.23524614416148926,0.23862917946552054,0.24186821139086462,0.24497500042814807,0.24795992272533265,0.2508321791796912,0.2535999664852781,0.2562706181517313,0.25885072160651584
AEP,1,0.3768421287218587,0.1700433697447626,29,26.5708,1,0.0,0.1178650823114945,0.18681173560813127,0.235730164622989,0.2736742460252706,0.30467681791962575,0.33088911896589873,0.3535952469344835,0.37362347121626255,0.39153932833676514,0.40774619248167177,0.42254190023112026,0.4361526319674234,0.44875420127739324,0.4604859816334019,0.471460329245978,0.4817691442291465,0.491488553527757,0.5006823260252904,0.5094044106482596,0.51770085457403,0.5256112747931663,0.5331700022918049,0.5404069825426148,0.5473484920505411,0.5540177142789179,0.5604352068243937,0.5666192835888878,0.5725863298583873,0.5783510639448963
AES,2,4.414313943224382,0.19879833952789114,3,6.2998,1,0.0,0.13779650854375647,0.21840229877215644,0.27559301708751294,0.3199535845651346,0.35619880731591286,0.3868437065026674,0.4133895256312694,0.4368045975443129,0.45775009310889114,0.47669759859409566,0.4939953158596694,0.5099076732364848,0.5246402150464239,0.538355883337291,0.5511860341750259,0.5632381083266396,0.5746011060880692,0.5853495798994872,0.5955466016526475,0.6052460052748239,0.6144941071378521,0.6233310437260219,0.6317918244034259,0.6399071691302692,0.6477041817802413,0.6552068963164692,0.6624367235901804,0.669412819700503,0.6761523918810475
AFL,2,1.2968676563419372,0.19879833952789114,3,22.412,1,0.0,0.13779650854375647,0.21840229877215644,0.27559301708751294,0.3199535845651346,0.35619880731591286,0.3868437065026674,0.4133895256312694,0.4368045975443129,0.45775009310889114,0.47669759859409566,0.4939953158596694,0.5099076732364848,0.5246402150464239,0.538355883337291,0.5511860341750259,0.5632381083266396,0.5746011060880692,0.5853495798994872,0.5955466016526475,0.6052460052748239,0.6144941071378521,0.6233310437260219,0.6317918244034259,0.6399071691302692,0.6477041817802413,0.6552068963164692,0.6624367235901804,0.669412819700503,0.6761523918810475
AIG,2,0.7494321274583335,0.19879833952789114,7,23.8631,1,0.0,0.13779650854375647,0.21840229877215644,0.27559301708751294,0.3199535845651346,0.35619880731591286,0.3868437065026674,0.4133895256312694,0.4368045975443129,0.45775009310889114,0.47669759859409566,0.4939953158596694,0.5099076732364848,0.5246402150464239,0.538355883337291,0.5511860341750259,0.5632381083266396,0.5746011060880692,0.5853495798994872,0.5955466016526475,0.6052460052748239,0.6144941071378521,0.6233310437260219,0.6317918244034259,0.6399071691302692,0.6477041817802413,0.6552068963164692,0.6624367235901804,0.669412819700503,0.6761523918810475
AIZ,2,0.5166871723887025,0.19879833952789114,3,7.4935,1,0.0,0.13779650854375647,0.21840229877215644,0.27559301708751294,0.3199535845651346,0.35619880731591286,0.3868437065026674,0.4133895256312694,0.4368045975443129,0.45775009310889114,0.47669759859409566,0.4939953158596694,0.5099076732364848,0.5246402150464239,0.538355883337291,0.5511860341750259,0.5632381083266396,0.5746011060880692,0.5853495798994872,0.5955466016526475,0.6052460052748239,0.6144941071378521,0.6233310437260219,0.6317918244034259,0.6399071691302692,0.6477041817802413,0.6552068963164692,0.6624367235901804,0.669412819700503,0.6761523918810475
AJG,2,0.5091301178881293,0.19879833952789114,5,26.5352,1,0.0,0.13779650854375647,0.21840229877215644,0.27559301708751294,0.3199535845651346,0.35619880731591286,0.3868437065026674,0.4133895256312694,0.4368045975443129,0.45775009310889114,0.47669759859409566,0.4939953158596694,0.5099076732364848,0.5246402150464239,0.538355883337291,0.5511860341750259,0.5632381083266396,0.5746011060880692,0.5853495798994872,0.5955466016526475,0.6052460052748239,0.6144941071378521,0.6233310437260219,0.6317918244034259,0.6399071691302692,0.6477041817802413,0.6552068963164692,0.6624367235901804,0.669412819700503,0.6761523918810475
AKAM,4,0.5547570139796758,0.19879833952789114,0,0.0,1,0.0,0.13779650854375647,0.21840229877215644,0.27559301708751294,0.3199535845651346,0.35619880731591286,0.3868437065026674,0.4133895256312694,0.4368045975443129,0.45775009310889114,0.47669759859409566,0.4939953158596694,0.5099076732364848,0.5246402150464239,0.538355883337291,0.5511860341750259,0.5632381083266396,0.5746011060880692,0.5853495798994872,0.5955466016526475,0.6052460052748239,0.6144941071378521,0.6233310437260219,0.6317918244034259,0.6399071691302692,0.6477041817802413,0.6552068963164692,0.6624367235901804,0.669412819700503,0.6761523918810475
ALB,2,-0.051728440401963116,0.19879833952789114,3,25.7878,1,0.0,0.13779650854375647,0.21840229877215644,0.27559301708751294,0.3199535845651346,0.35619880731591286,0.3868437065026674,0.4133895256312694,0.4368045975443129,0.45775009310889114,0.47669759859409566,0.4939953158596694,0.5099076732364848,0.5246402150464239,0.538355883337291,0.5511860341750259,0.5632381083266396,0.5746011060880692,0.5853495798994872,0.5955466016526475,0.6052460052748239,0.6144941071378521,0.6233310437260219,0.6317918244034259,0.6399071691302692,0.6477041817802413,0.6552068963164692,0.6624367235901804,0.669412819700503,0.6761523918810475
ALGN,4,0.7078964054515879,0.19879833952789114,0,0.0,1,0.0,0.13779650854375647,0.21840229877215644,0.27559301708751294,0.3199535845651346,0.35619880731591286,0.3868437065026674,0.4133895256312694,0.4368045975443129,0.45775009310889114,0.47669759859409566,0.4939953158596694,0.5099076732364848,0.5246402150464239,0.538355883337291,0.5511860341750259,0.5632381083266396,0.5746011060880692,0.5853495798994872,0.5955466016526475,0.6052460052748239,0.6144941071378521,0.6233310437260219,0.6317918244034259,0.6399071691302692,0.6477041817802413,0.6552068963164692,0.6624367235901804,0.669412819700503,0.6761523918810475
ALL,2,0.39547588861829397,0.19879833952789114,5,20.3231,1,0.0,0.13779650854375647,0.21840229877215644,0.27559301708751294,0.3199535845651346,0.35619880731591286,0.3868437065026674,0.4133895256312694,0.4368045975443129,0.45775009310889114,0.47669759859409566,0.4939953158596694,0.5099076732364848,0.5246402150464239,0.538355883337291,0.5511860341750259,0.5632381083266396,0.5746011060880692,0.5853495798994872,0.5955466016526475,0.6052460052748239,0.6144941071378521,0.6233310437260219,0.6317918244034259,0.6399071691302692,0.6477041817802413,0.6552068963164692,0.6624367235901804,0.669412819700503,0.6761523918810475
ALLE,2,0.5184575870750342,0.19879833952789114,3,5.8672,1,0.0,0.13779650854375647,0.21840229877215644,0.27559301708751294,0.3199535845651346,0.35619880731591286,0.3868437065026674,0.4133895256312694,0.4368045975443129,0.45775009310889114,0.47669759859409566,0.4939953158596694,0.5099076732364848,0.5246402150464239,0.538355883337291,0.5511860341750259,0.5632381083266396,0.5746011060880692,0.5853495798994872,0.5955466016526475,0.6052460052748239,0.6144941071378521,0.6233310437260219,0.6317918244034259,0.6399071691302692,0.6477041817802413,0.6552068963164692,0.6624367235901804,0.669412819700503,0.6761523918810475
AMAT,1,0.2835871156404549,0.11834964231659068,4,20.616,1,0.0,0.08203372089202282,0.13002037140848186,0.16406744178404564,0.19047640126733614,0.21205409230050465,0.23029777012091995,0.24610116267606844,0.2600407428169637,0.272510122159359,0.2837900478483308,0.29408781319252747,0.30356083901574193,0.3123314910129428,0.320496772675818,0.3281348835680913,0.3353097858756449,0.3420744637089865,0.3484733000073756,0.3545438430513818,0.36031814152940184,0.3658237687403536,0.3710846189409538,0.37612153408455035,0.3809528025346723,0.38559455990776476,0.39006111422544554,0.3943652119049656,0.39851825705304655,0.4025304935678408
AMCR,2,0.37452391726352907,0.19879833952789114,2,4.7639,1,0.0,0.13779650854375647,0.21840229877215644,0.27559301708751294,0.3199535845651346,0.35619880731591286,0.3868437065026674,0.4133895256312694,0.4368045975443129,0.45775009310889114,0.47669759859409566,0.4939953158596694,0.5099076732364848,0.5246402150464239,0.538355883337291,0.5511860341750259,0.5632381083266396,0.5746011060880692,0.5853495798994872,0.5955466016526475,0.6052460052748239,0.6144941071378521,0.6233310437260219,0.6317918244034259,0.6399071691302692,0.6477041817802413,0.6552068963164692,0.6624367235901804,0.669412819700503,0.6761523918810475
AMD,2,0.3916608586265405,0.19879833952789114,2,25.7851,1,0.0,0.13779650854375647,0.21840229877215644,0.27559301708751294,0.3199535845651346,0.35619880731591286,0.3868437065026674,0.4133895256312694,0.4368045975443129,0.45775009310889114,0.47669759859409566,0.4939953158596694,0.5099076732364848,0.5246402150464239,0.538355883337291,0.5511860341750259,0.5632381083266396,0.5746011060880692,0.5853495798994872,0.5955466016526475,0.6052460052748239,0.6144941071378521,0.6233310437260219,0.6317918244034259,0.6399071691302692,0.6477041817802413,0.6552068963164692,0.6624367235901804,0.669412819700503,0.6761523918810475
AME,4,0.22950434369802503,0.19879833952789114,0,0.0,1,0.0,0.13779650854375647,0.21840229877215644,0.27559301708751294,0.3199535845651346,0.35619880731591286,0.3868437065026674,0.4133895256312694,0.4368045975443129,0.45775009310889114,0.47669759859409566,0.4939953158596694,0.5099076732364848,0.5246402150464239,0.538355883337291,0.5511860341750259,0.5632381083266396,0.5746011060880692,0.5853495798994872,0.5955466016526475,0.6052460052748239,0.6144941071378521,0.6233310437260219,0.6317918244034259,0.6399071691302692,0.6477041817802413,0.6552068963164692,0.6624367235901804,0.669412819700503,0.6761523918810475
AMGN,1,0.3414000897069388,0.15930965253457086,32,36.5339,1,0.0,0.11042503649032233,0.1750195419779262,0.22085007298064466,0.2563989946058416,0.28544457846824856,0.31000226970949696,0.331275109470967,0.3500390839558524,0.36682403109616396,0.38200786272379844,0.39586961495857087,0.4086211909059682,0.4204273061998193,0.43141853658376783,0.4417001459612893,0.4513582333979054,0.46046412044617474,0.4690775506802521,0.4772490675864863,0.48502181168742314,0.49243289921412076,0.49951449406382953,0.5062946514488932,0.5127979892116832,0.5190462273962906,0.5250586259337786,0.5308523426901416,0.5364427286562545,0.5418435730740901
AMP,2,-0.5228984674747934,0.19879833952789114,2,6.7379,1,0.0,0.13779650854375647,0.21840229877215644,0.27559301708751294,0.3199535845651346,0.35619880731591286,0.3868437065026674,0.4133895256312694,0.4368045975443129,0.45775009310889114,0.47669759859409566,0.4939953158596694,0.5099076732364848,0.5246402150464239,0.538355883337291,0.5511860341750259,0.5632381083266396,0.5746011060880692,0.5853495798994872,0.5955466016526475,0.6052460052748239,0.6144941071378521,0.6233310437260219,0.6317918244034259,0.6399071691302692,0.6477041817802413,0.6552068963164692,0.6624367235901804,0.669412819700503,0.6761523918810475
AMT,2,0.4595493130995088,0.19879833952789114,8,6.5708,1,0.0,0.13779650854375647,0.21840229877215644,0.27559301708751294,0.3199535845651346,0.35619880731591286,0.3868437065026674,0.4133895256312694,0.4368045975443129,0.45775009310889114,0.47669759859409566,0.4939953158596694,0.5099076732364848,0.5246402150464239,0.538355883337291,0.5511860341750259,0.5632381083266396,0.5746011060880692,0.5853495798994872,0.5955466016526475,0.6052460052748239,0.6144941071378521,0.6233310437260219,0.6317918244034259,0.6399071691302692,0.6477041817802413,0.6552068963164692,0.6624367235901804,0.669412819700503,0.6761523918810475
AMZN,1,0.165702278694155,0.2108510769359298,23,35.6496,1,0.0,0.14615082949616784,0.23164358420071754,0.2923016589923357,0.33935171709824474,0.3777944136968854,0.4102972505488685,0.43845248848850354,0.4632871684014351,0.48550254659441267,0.5055988006491117,0.5239452431930532,0.5408223343068862,0.5564480800450363,0.5709953012989623,0.5846033179846714,0.5973860847835002,0.6094379978976029,0.6208381297293737,0.6316533760905805,0.6419408347495861,0.6517496301452795,0.66112233215504,0.6700960726892211,0.6787034341964895,0.6869731638030541,0.6949307526021525,0.7025989095412042,0.7099979521145137,0.7171461307951301
ANET,4,0.5740205252273896,0.19879833952789114,0,0.0,1,0.0,0.13779650854375647,0.21840229877215644,0.27559301708751294,0.3199535845651346,0.35619880731591286,0.3868437065026674,0.4133895256312694,0.4368045975443129,0.45775009310889114,0.47669759859409566,0.4939953158596694,0.5099076732364848,0.5246402150464239,0.538355883337291,0.5511860341750259,0.5632381083266396,0.5746011060880692,0.5853495798994872,0.5955466016526475,0.6052460052748239,0.6144941071378521,0.6233310437260219,0.6317918244034259,0.6399071691302692,0.6477041817802413,0.6552068963164692,0.6624367235901804,0.669412819700503,0.6761523918810475
AON,1,0.319624462931817,0.21013994283005402,14,25.5277,1,0.0,0.14565790889568003,0.2308623235331114,0.29131581779136007,0.33820719090742335,0.3765202324287914,0.40891344747490543,0.4369737266870401,0.4617246470662228,0.48386509980310344,0.5038935755383064,0.5221781413244715,0.5389983113389512,0.5545713563705854,0.5690695144405348,0.5826316355827201,0.5953712901453194,0.6073825559619027,0.6187442387486184,0.6295230086987834,0.6397757710080169,0.6495514844339865,0.6588925752793166,0.6678360502201516,0.6764143818148467,0.6846562202346312,0.6925869705993342,0.7002292652662655,0.7076033532052369,0.7147274233362148
AOS,4,0.3100161096957159,0.19879833952789114,0,0.0,1,0.0,0.13779650854375647,0.21840229877215644,0.27559301708751294,0.3199535845651346,0.35619880731591286,0.3868437065026674,0.4133895256312694,0.4368045975443129,0.45775009310889114,0.47669759859409566,0.4939953158596694,0.5099076732364848,0.5246402150464239,0.538355883337291,0.5511860341750259,0.5632381083266396,0.5746011060880692,0.5853495798994872,0.5955466016526475,0.6052460052748239,0.6144941071378521,0.6233310437260219,0.6317918244034259,0.6399071691302692,0.6477041817802413,0.6552068963164692,0.6624367235901804,0.669412819700503,0.6761523918810475
APA,2,0.9980829337964485,0.19879833952789114,7,22.872,1,0.0,0.13779650854375647,0.21840229877215644,0.27559301708751294,0.3199535845651346,0.35619880731591286,0.3868437065026674,0.4133895256312694,0.4368045975443129,0.45775009310889114,0.47669759859409566,0.4939953158596694,0.5099076732364848,0.5246402150464239,0.538355883337291,0.5511860341750259,0.5632381083266396,0.5746011060880692,0.5853495798994872,0.5955466016526475,0.6052460052748239,0.6144941071378521,0.6233310437260219,0.6317918244034259,0.6399071691302692,0.6477041817802413,0.6552068963164692,0.6624367235901804,0.669412819700503,0.6761523918810475
APD,4,0.29579045128902237,0.19879833952789114,0,0.0,1,0.0,0.13779650854375647,0.21840229877215644,0.27559301708751294,0.3199535845651346,0.35619880731591286,0.3868437065026674,0.4133895256312694,0.4368045975443129,0.45775009310889114,0.47669759859409566,0.4939953158596694,0.5099076732364848,0.5246402150464239,0.538355883337291,0.5511860341750259,0.5632381083266396,0.5746011060880692,0.5853495798994872,0.5955466016526475,0.6052460052748239,0.6144941071378521,0.6233310437260219,0.6317918244034259,0.6399071691302692,0.6477041817802413,0.6552068963164692,0.6624367235901804,0.669412819700503,0.6761523918810475
APH,2,0.0444695414309586,0.19879833952789114,2,5.0732,1,0.0,0.13779650854375647,0.21840229877215644,0.27559301708751294,0.3199535845651346,0.35619880731591286,0.3868437065026674,0.4133895256312694,0.4368045975443129,0.45775009310889114,0.47669759859409566,0.4939953158596694,0.5099076732364848,0.5246402150464239,0.538355883337291,0.5511860341750259,0.5632381083266396,0.5746011060880692,0.5853495798994872,0.5955466016526475,0.6052460052748239,0.6144941071378521,0.6233310437260219,0.6317918244034259,0.6399071691302692,0.6477041817802413,0.6552068963164692,0.6624367235901804,0.669412819700503,0.6761523918810475
APO,4,0.3802880178536278,0.19879833952789114,0,0.0,1,0.0,0.13779650854375647,0.21840229877215644,0.27559301708751294,0.3199535845651346,0.35619880731591286,0.3868437065026674,0.4133895256312694,0.4368045975443129,0.45775009310889114,0.47669759859409566,0.4939953158596694,0.5099076732364848,0.5246402150464239,0.538355883337291,0.5511860341750259,0.5632381083266396,0.5746011060880692,0.5853495798994872,0.5955466016526475,0.6052460052748239,0.6144941071378521,0.6233310437260219,0.6317918244034259,0.6399071691302692,0.6477041817802413,0.6552068963164692,0.6624367235901804,0.669412819700503,0.6761523918810475
APP,4,0.825753912914842,0.19879833952789114,0,0.0,1,0.0,0.13779650854375647,0.21840229877215644,0.27559301708751294,0.3199535845651346,0.35619880731591286,0.3868437065026674,0.4133895256312694,0.4368045975443129,0.45775009310889114,0.47669759859409566,0.4939953158596694,0.5099076732364848,0.5246402150464239,0.538355883337291,0.5511860341750259,0.5632381083266396,0.5746011060880692,0.5853495798994872,0.5955466016526475,0.6052460052748239,0.6144941071378521,0.6233310437260219,0.6317918244034259,0.6399071691302692,0.6477041817802413,0.6552068963164692,0.6624367235901804,0.669412819700503,0.6761523918810475
APTV,2,0.39165414489627326,0.19879833952789114,3,25.7002,1,0.0,0.13779650854375647,0.21840229877215644,0.27559301708751294,0.3199535845651346,0.35619880731591286,0.3868437065026674,0.4133895256312694,0.4368045975443129,0.45775009310889114,0.47669759859409566,0.4939953158596694,0.5099076732364848,0.5246402150464239,0.538355883337291,0.5511860341750259,0.5632381083266396,0.5746011060880692,0.5853495798994872,0.5955466016526475,0.6052460052748239,0.6144941071378521,0.6233310437260219,0.6317918244034259,0.6399071691302692,0.6477041817802413,0.6552068963164692,0.6624367235901804,0.669412819700503,0.6761523918810475
ARE,1,0.6075068536948072,0.1586601394248919,6,25.6427,1,0.0,0.10997482830961164,0.1743059788939819,0.21994965661922328,0.25535364358250134,0.2842808072035935,0.30873837555742817,0.3299244849288349,0.3486119577879638,0.36532847189211304,0.3804503983084787,0.3942556355132052,0.40695522267263434,0.4187132038670398,0.4296596224764832,0.43989931323844655,0.4495180241884235,0.45858678609757536,0.4671650989626338,0.4753033002017246,0.4830443544514101,0.49042522661809035,0.497477949465261,0.5042304638228169,0.5107072871650027,0.516930050982246,0.5229179366819456,0.5286880321766515,0.5342556258705111,0.5396344507860948
ARES,4,0.42947029806168846,0.19879833952789114,0,0.0,1,0.0,0.13779650854375647,0.21840229877215644,0.27559301708751294,0.3199535845651346,0.35619880731591286,0.3868437065026674,0.4133895256312694,0.4368045975443129,0.45775009310889114,0.47669759859409566,0.4939953158596694,0.5099076732364848,0.5246402150464239,0.538355883337291,0.5511860341750259,0.5632381083266396,0.5746011060880692,0.5853495798994872,0.5955466016526475,0.6052460052748239,0.6144941071378521,0.6233310437260219,0.6317918244034259,0.6399071691302692,0.6477041817802413,0.6552068963164692,0.6624367235901804,0.669412819700503,0.6761523918810475
ATO,1,0.4210371758766893,0.10645890666530258,7,26.1629,1,0.0,0.07379169100054885,0.11695706310067276,0.1475833820010977,0.17133900050342132,0.1907487541012216,0.20715946693734463,0.22137507300164655,0.23391412620134552,0.2451306915039702,0.255277309040012,0.26454044510177044,0.2730617042472256,0.2809511579378935,0.28829606360409404,0.2951667640021954,0.30162079495777055,0.3077058172018943,0.3134617544647589,0.31892238250451904,0.3241165300380174,0.3290690000405609,0.3338012860831974,0.3383321361023193,0.34267800100684265,0.3468533952477744,0.35087118930201827,0.3547428489384423,0.35847863247899264,0.36208775460464293
AVGO,1,0.3206906991596268,0.29687015727243493,6,10.7379,1,0.0,0.2057747125057758,0.32614520291833143,0.4115494250115516,0.47779408618453073,0.5319199154241072,0.5776826519880781,0.6173241375173274,0.6522904058366629,0.6835687986903066,0.7118635467584805,0.737694627929883,0.7614569191454373,0.783457364493854,0.8039392891028622,0.8230988500231032,0.8410964910363302,0.8580651183424386,0.8741160628242289,0.8893435111960823,0.9038278549064096,0.9176382592642565,0.9308346610096967,0.9434693404356589,0.9555881723690615,0.9672316316512132,0.9784356087549942,0.9892320769996298,0.999649642630899,1.009714001608638
AVY,2,0.17391257152017764,0.19879833952789114,3,6.5708,1,0.0,0.13779650854375647,0.21840229877215644,0.27559301708751294,0.3199535845651346,0.35619880731591286,0.3868437065026674,0.4133895256312694,0.4368045975443129,0.45775009310889114,0.47669759859409566,0.4939953158596694,0.5099076732364848,0.5246402150464239,0.538355883337291,0.5511860341750259,0.5632381083266396,0.5746011060880692,0.5853495798994872,0.5955466016526475,0.6052460052748239,0.6144941071378521,0.6233310437260219,0.6317918244034259,0.6399071691302692,0.6477041817802413,0.6552068963164692,0.6624367235901804,0.669412819700503,0.6761523918810475
AWK,2,0.10678412951215266,0.19879833952789114,3,24.7858,1,0.0,0.13779650854375647,0.21840229877215644,0.27559301708751294,0.3199535845651346,0.35619880731591286,0.3868437065026674,0.4133895256312694,0.4368045975443129,0.45775009310889114,0.47669759859409566,0.4939953158596694,0.5099076732364848,0.5246402150464239,0.538355883337291,0.5511860341750259,0.5632381083266396,0.5746011060880692,0.5853495798994872,0.5955466016526475,0.6052460052748239,0.6144941071378521,0.6233310437260219,0.6317918244034259,0.6399071691302692,0.6477041817802413,0.6552068963164692,0.6624367235901804,0.669412819700503,0.6761523918810475
AXON,4,0.5944659411371459,0.19879833952789114,0,0.0,1,0.0,0.13779650854375647,0.21840229877215644,0.27559301708751294,0.3199535845651346,0.35619880731591286,0.3868437065026674,0.4133895256312694,0.4368045975443129,0.45775009310889114,0.47669759859409566,0.4939953158596694,0.5099076732364848,0.5246402150464239,0.538355883337291,0.5511860341750259,0.5632381083266396,0.5746011060880692,0.5853495798994872,0.5955466016526475,0.6052460052748239,0.6144941071378521,0.6233310437260219,0.6317918244034259,0.6399071691302692,0.6477041817802413,0.6552068963164692,0.6624367235901804,0.669412819700503,0.6761523918810475
AXP,1,0.21584072045486952,0.1636710048462998,7,16.2902,1,0.0,0.11344809554862584,0.1798109772228027,0.22689619109725168,0.26341832036582025,0.29325907277142854,0.31848906943649613,0.3403442866458775,0.3596219544456054,0.37686641591444614,0.3924659288151015,0.4067071683200544,0.41980783871560073,0.4319371649851219,0.44322929758862295,0.45379238219450335,0.4637148749656262,0.4730700499942312,0.48191928642878445,0.4903145114630719,0.49830004665929883,0.5059140243637273,0.5131894890108848,0.5201552638686803,0.5268366407316405,0.5332559342642266,0.5394329316684081,0.5453852605337478,0.5511286921086412,0.5566773931372488
AZO,2,0.46410339962474734,0.19879833952789114,5,6.4559,1,0.0,0.13779650854375647,0.21840229877215644,0.27559301708751294,0.3199535845651346,0.35619880731591286,0.3868437065026674,0.4133895256312694,0.4368045975443129,0.45775009310889114,0.47669759859409566,0.4939953158596694,0.5099076732364848,0.5246402150464239,0.538355883337291,0.5511860341750259,0.5632381083266396,0.5746011060880692,0.5853495798994872,0.5955466016526475,0.6052460052748239,0.6144941071378521,0.6233310437260219,0.6317918244034259,0.6399071691302692,0.6477041817802413,0.6552068963164692,0.6624367235901804,0.669412819700503,0.6761523918810475
BA,1,0.49380166941222875,0.16466826489271622,18,23.6988,1,0.0,0.11413934353808447,0.1809065793647935,0.22827868707616894,0.2650233484930786,0.29504592290287796,0.32042964788206524,0.34241803061425335,0.361813158729587,0.37916269203116315,0.3948572539661541,0.4091852664409624,0.4223657602308786,0.43456899142014965,0.44592992785787217,0.4565573741523379,0.4665403254366273,0.47595250226767144,0.4848556577818183,0.49330203556924757,0.5013362272468588,0.5089965975042386,0.5163163921182008,0.523324609979047,0.5300466969861573,0.5365051037689631,0.5427197380943805,0.5487083349582341,0.5544867617043514,0.5600692713959566
BAC,2,0.2555060852981139,0.19879833952789114,5,15.4716,1,0.0,0.13779650854375647,0.21840229877215644,0.27559301708751294,0.3199535845651346,0.35619880731591286,0.3868437065026674,0.4133895256312694,0.4368045975443129,0.45775009310889114,0.47669759859409566,0.4939953158596694,0.5099076732364848,0.5246402150464239,0.538355883337291,0.5511860341750259,0.5632381083266396,0.5746011060880692,0.5853495798994872,0.5955466016526475,0.6052460052748239,0.6144941071378521,0.6233310437260219,0.6317918244034259,0.6399071691302692,0.6477041817802413,0.6552068963164692,0.6624367235901804,0.669412819700503,0.6761523918810475
BALL,4,0.32055292292611126,0.19879833952789114,0,0.0,1,0.0,0.13779650854375647,0.21840229877215644,0.27559301708751294,0.3199535845651346,0.35619880731591286,0.3868437065026674,0.4133895256312694,0.4368045975443129,0.45775009310889114,0.47669759859409566,0.4939953158596694,0.5099076732364848,0.5246402150464239,0.538355883337291,0.5511860341750259,0.5632381083266396,0.5746011060880692,0.5853495798994872,0.5955466016526475,0.6052460052748239,0.6144941071378521,0.6233310437260219,0.6317918244034259,0.6399071691302692,0.6477041817802413,0.6552068963164692,0.6624367235901804,0.669412819700503,0.6761523918810475
BAX,1,0.6440166915658849,0.15541340444702892,6,25.3032,1,0.0,0.10772436311368055,0.17073907594925303,0.2154487262273611,0.2501282252175027,0.2784634390629336,0.3024205210127117,0.32317308934104166,0.34147815189850605,0.35785258833118333,0.37266506785303194,0.38618780217661414,0.39862751187731676,0.4101448841263923,0.42086730116675575,0.4308974524547222,0.440319331324528,0.44920251501218655,0.45760528593879096,0.46557695144486383,0.47315959696196475,0.4803894309667125,0.4872978307215168,0.49391216529029475,0.5002564504350054,0.5063518749909973,0.512217227847759,0.5178692472400729,0.5233229087184819,0.5285916642804364
BBY,4,0.40987746339225506,0.19879833952789114,0,0.0,1,0.0,0.13779650854375647,0.21840229877215644,0.27559301708751294,0.3199535845651346,0.35619880731591286,0.3868437065026674,0.4133895256312694,0.4368045975443129,0.45775009310889114,0.47669759859409566,0.4939953158596694,0.5099076732364848,0.5246402150464239,0.538355883337291,0.5511860341750259,0.5632381083266396,0.5746011060880692,0.5853495798994872,0.5955466016526475,0.6052460052748239,0.6144941071378521,0.6233310437260219,0.6317918244034259,0.6399071691302692,0.6477041817802413,0.6552068963164692,0.6624367235901804,0.669412819700503,0.6761523918810475
BDX,2,0.4025214171967278,0.19879833952789114,2,6.0096,1,0.0,0.13779650854375647,0.21840229877215644,0.27559301708751294,0.3199535845651346,0.35619880731591286,0.3868437065026674,0.4133895256312694,0.4368045975443129,0.45775009310889114,0.47669759859409566,0.4939953158596694,0.5099076732364848,0.5246402150464239,0.538355883337291,0.5511860341750259,0.5632381083266396,0.5746011060880692,0.5853495798994872,0.5955466016526475,0.6052460052748239,0.6144941071378521,0.6233310437260219,0.6317918244034259,0.6399071691302692,0.6477041817802413,0.6552068963164692,0.6624367235901804,0.669412819700503,0.6761523918810475
BEN,4,0.29928498180491375,0.19879833952789114,0,0.0,1,0.0,0.13779650854375647,0.21840229877215644,0.27559301708751294,0.3199535845651346,0.35619880731591286,0.3868437065026674,0.4133895256312694,0.4368045975443129,0.45775009310889114,0.47669759859409566,0.4939953158596694,0.5099076732364848,0.5246402150464239,0.538355883337291,0.5511860341750259,0.5632381083266396,0.5746011060880692,0.5853495798994872,0.5955466016526475,0.6052460052748239,0.6144941071378521,0.6233310437260219,0.6317918244034259,0.6399071691302692,0.6477041817802413,0.6552068963164692,0.6624367235901804,0.669412819700503,0.6761523918810475
BF-B,4,0.49978207304738326,0.19879833952789114,0,0.0,1,0.0,0.13779650854375647,0.21840229877215644,0.27559301708751294,0.3199535845651346,0.35619880731591286,0.3868437065026674,0.4133895256312694,0.4368045975443129,0.45775009310889114,0.47669759859409566,0.4939953158596694,0.5099076732364848,0.5246402150464239,0.538355883337291,0.5511860341750259,0.5632381083266396,0.5746011060880692,0.5853495798994872,0.5955466016526475,0.6052460052748239,0.6144941071378521,0.6233310437260219,0.6317918244034259,0.6399071691302692,0.6477041817802413,0.6552068963164692,0.6624367235901804,0.669412819700503,0.6761523918810475
BG,4,0.34548188914424227,0.19879833952789114,0,0.0,1,0.0,0.13779650854375647,0.21840229877215644,0.27559301708751294,0.3199535845651346,0.35619880731591286,0.3868437065026674,0.4133895256312694,0.4368045975443129,0.45775009310889114,0.47669759859409566,0.4939953158596694,0.5099076732364848,0.5246402150464239,0.538355883337291,0.5511860341750259,0.5632381083266396,0.5746011060880692,0.5853495798994872,0.5955466016526475,0.6052460052748239,0.6144941071378521,0.6233310437260219,0.6317918244034259,0.6399071691302692,0.6477041817802413,0.6552068963164692,0.6624367235901804,0.669412819700503,0.6761523918810475
BIIB,2,0.3118980701180688,0.19879833952789114,4,24.4956,1,0.0,0.13779650854375647,0.21840229877215644,0.27559301708751294,0.3199535845651346,0.35619880731591286,0.3868437065026674,0.4133895256312694,0.4368045975443129,0.45775009310889114,0.47669759859409566,0.4939953158596694,0.5099076732364848,0.5246402150464239,0.538355883337291,0.5511860341750259,0.5632381083266396,0.5746011060880692,0.5853495798994872,0.5955466016526475,0.6052460052748239,0.6144941071378521,0.6233310437260219,0.6317918244034259,0.6399071691302692,0.6477041817802413,0.6552068963164692,0.6624367235901804,0.669412819700503,0.6761523918810475
BKNG,4,0.3624059431439031,0.19879833952789114,0,0.0,1,0.0,0.13779650854375647,0.21840229877215644,0.27559301708751294,0.3199535845651346,0.35619880731591286,0.3868437065026674,0.4133895256312694,0.4368045975443129,0.45775009310889114,0.47669759859409566,0.4939953158596694,0.5099076732364848,0.5246402150464239,0.538355883337291,0.5511860341750259,0.5632381083266396,0.5746011060880692,0.5853495798994872,0.5955466016526475,0.6052460052748239,0.6144941071378521,0.6233310437260219,0.6317918244034259,0.6399071691302692,0.6477041817802413,0.6552068963164692,0.6624367235901804,0.669412819700503,0.6761523918810475
BKR,2,0.27878845151463677,0.19879833952789114,2,21.3224,1,0.0,0.13779650854375647,0.21840229877215644,0.27559301708751294,0.3199535845651346,0.35619880731591286,0.3868437065026674,0.4133895256312694,0.4368045975443129,0.45775009310889114,0.47669759859409566,0.4939953158596694,0.5099076732364848,0.5246402150464239,0.538355883337291,0.5511860341750259,0.5632381083266396,0.5746011060880692,0.5853495798994872,0.5955466016526475,0.6052460052748239,0.6144941071378521,0.6233310437260219,0.6317918244034259,0.6399071691302692,0.6477041817802413,0.6552068963164692,0.6624367235901804,0.669412819700503,0.6761523918810475
BLDR,2,0.6464832205013247,0.19879833952789114,2,5.8234,1,0.0,0.13779650854375647,0.21840229877215644,0.27559301708751294,0.3199535845651346,0.35619880731591286,0.3868437065026674,0.4133895256312694,0.4368045975443129,0.45775009310889114,0.47669759859409566,0.4939953158596694,0.5099076732364848,0.5246402150464239,0.538355883337291,0.5511860341750259,0.5632381083266396,0.5746011060880692,0.5853495798994872,0.5955466016526475,0.6052460052748239,0.6144941071378521,0.6233310437260219,0.6317918244034259,0.6399071691302692,0.6477041817802413,0.6552068963164692,0.6624367235901804,0.669412819700503,0.6761523918810475
BLK,2,0.29992140241236054,0.19879833952789114,3,5.5195,1,0.0,0.13779650854375647,0.21840229877215644,0.27559301708751294,0.3199535845651346,0.35619880731591286,0.3868437065026674,0.4133895256312694,0.4368045975443129,0.45775009310889114,0.47669759859409566,0.4939953158596694,0.5099076732364848,0.5246402150464239,0.538355883337291,0.5511860341750259,0.5632381083266396,0.5746011060880692,0.5853495798994872,0.5955466016526475,0.6052460052748239,0.6144941071378521,0.6233310437260219,0.6317918244034259,0.6399071691302692,0.6477041817802413,0.6552068963164692,0.6624367235901804,0.669412819700503,0.6761523918810475
BMY,1,0.20000917209694874,0.1964985800806994,6,35.5838,1,0.0,0.13620243676696941,0.21587575478249102,0.27240487353393883,0.3162522645213457,0.3520781915494604,0.38236858125399115,0.40860731030090824,0.43175150956498204,0.4524547012883152,0.4711830162871012,0.4882806283164298,0.5040089067200942,0.5185710180209605,0.5321280193038367,0.5448097470678777,0.5567223991727366,0.5679539463319514,0.5785780785404695,0.5886571380552845,0.5982443360364822,0.6073854530540707,0.6161201612813237,0.6244830650833992,0.6325045290426914,0.6402113434870637,0.647627264347473,0.65477345478793,0.6616688493040024,0.6683304560708062
BNY,2,0.1759487454649326,0.19879833952789114,5,3.0116,1,0.0,0.13779650854375647,0.21840229877215644,0.27559301708751294,0.3199535845651346,0.35619880731591286,0.3868437065026674,0.4133895256312694,0.4368045975443129,0.45775009310889114,0.47669759859409566,0.4939953158596694,0.5099076732364848,0.5246402150464239,0.538355883337291,0.5511860341750259,0.5632381083266396,0.5746011060880692,0.5853495798994872,0.5955466016526475,0.6052460052748239,0.6144941071378521,0.6233310437260219,0.6317918244034259,0.6399071691302692,0.6477041817802413,0.6552068963164692,0.6624367235901804,0.669412819700503,0.6761523918810475
BR,2,0.07020658441278527,0.19879833952789114,2,4.7009,1,0.0,0.13779650854375647,0.21840229877215644,0.27559301708751294,0.3199535845651346,0.35619880731591286,0.3868437065026674,0.4133895256312694,0.4368045975443129,0.45775009310889114,0.47669759859409566,0.4939953158596694,0.5099076732364848,0.5246402150464239,0.538355883337291,0.5511860341750259,0.5632381083266396,0.5746011060880692,0.5853495798994872,0.5955466016526475,0.6052460052748239,0.6144941071378521,0.6233310437260219,0.6317918244034259,0.6399071691302692,0.6477041817802413,0.6552068963164692,0.6624367235901804,0.669412819700503,0.6761523918810475
BRK-B,1,0.13727875288862912,0.19405371531842813,10,22.4093,1,0.0,0.13450778565015073,0.21318979631052817,0.26901557130030146,0.31231740648217216,0.34769758196067885,0.3776110941000198,0.40352335695045216,0.42637959262105635,0.44682519213232297,0.4653204866310196,0.4822053676108296,0.4977379524190262,0.5121188797501706,0.5255072027927004,0.5380311426006029,0.5497955757038567,0.5608873782712069,0.5713793234356476,0.5813329777824736,0.590800890410548,0.5998282722811703,0.6084543019604932,0.6167131532609804,0.6246348129643443,0.6322457380691769,0.6395693889315844,0.6466266654003212,0.6534362663851254,0.6600149884428511
BRO,2,0.7454593870067177,0.19879833952789114,2,25.5962,1,0.0,0.13779650854375647,0.21840229877215644,0.27559301708751294,0.3199535845651346,0.35619880731591286,0.3868437065026674,0.4133895256312694,0.4368045975443129,0.45775009310889114,0.47669759859409566,0.4939953158596694,0.5099076732364848,0.5246402150464239,0.538355883337291,0.5511860341750259,0.5632381083266396,0.5746011060880692,0.5853495798994872,0.5955466016526475,0.6052460052748239,0.6144941071378521,0.6233310437260219,0.6317918244034259,0.6399071691302692,0.6477041817802413,0.6552068963164692,0.6624367235901804,0.669412819700503,0.6761523918810475
BSX,1,0.03233344476916694,0.23184107905108192,6,22.5517,1,0.0,0.16069999028223284,0.25470345846359327,0.32139998056446567,0.37313382228444253,0.4154034487458261,0.45114190869343546,0.4820999708466985,0.5094069169271865,0.5338338125666754,0.5559306274970627,0.5761034390280589,0.5946606267452619,0.6118418989756683,0.6278372807480358,0.6427999611289313,0.6568552388679174,0.6701069072094193,0.6826419101300136,0.6945338028489082,0.7058453671570287,0.7166306177792956,0.7269363623794401,0.7368034293102917,0.7462676445688851,0.7553606170274948,0.7641103753907798,0.7725418892579011,0.7806774987082726,0.7885372710302686
BX,4,0.341757253565131,0.19879833952789114,0,0.0,1,0.0,0.13779650854375647,0.21840229877215644,0.27559301708751294,0.3199535845651346,0.35619880731591286,0.3868437065026674,0.4133895256312694,0.4368045975443129,0.45775009310889114,0.47669759859409566,0.4939953158596694,0.5099076732364848,0.5246402150464239,0.538355883337291,0.5511860341750259,0.5632381083266396,0.5746011060880692,0.5853495798994872,0.5955466016526475,0.6052460052748239,0.6144941071378521,0.6233310437260219,0.6317918244034259,0.6399071691302692,0.6477041817802413,0.6552068963164692,0.6624367235901804,0.669412819700503,0.6761523918810475
BXP,2,0.35188649641673564,0.19879833952789114,2,7.1184,1,0.0,0.13779650854375647,0.21840229877215644,0.27559301708751294,0.3199535845651346,0.35619880731591286,0.3868437065026674,0.4133895256312694,0.4368045975443129,0.45775009310889114,0.47669759859409566,0.4939953158596694,0.5099076732364848,0.5246402150464239,0.538355883337291,0.5511860341750259,0.5632381083266396,0.5746011060880692,0.5853495798994872,0.5955466016526475,0.6052460052748239,0.6144941071378521,0.6233310437260219,0.6317918244034259,0.6399071691302692,0.6477041817802413,0.6552068963164692,0.6624367235901804,0.669412819700503,0.6761523918810475
C,1,0.4160683701733899,0.16997630555741583,17,71.4935,1,0.0,0.11781859695911855,0.18673805806778254,0.2356371939182371,0.2735663103795881,0.3045566550269011,0.33075861808310253,0.3534557908773556,0.3734761161355651,0.3913849073387067,0.4075853795838588,0.42237525198601966,0.4359806157231796,0.44857721504222103,0.46030436844737066,0.4712743878364742,0.4815791370786473,0.4912947130946836,0.5004848596179604,0.5092035042978251,0.517496676150885,0.5254039765429774,0.5329597229202832,0.5401938489451382,0.5471326207591762,0.5537992126822981,0.5602141742033476,0.5663958120013396,0.5723605048999931,0.5781229654064892
CAH,1,0.44531821875055455,0.17989217718956527,5,20.8268,1,0.0,0.12469175542373727,0.19763175649571743,0.24938351084747454,0.2895252901191992,0.3223235119194547,0.3500540133288318,0.3740752662712118,0.39526351299143486,0.41421704554293653,0.4313626012962654,0.44701526734319197,0.46141432429473234,0.474745768752569,0.4871570466149166,0.4987670216949491,0.5096729169048015,0.519955268415172,0.529681538564072,0.5389088009666737,0.5476857698245492,0.5560543567200027,0.5640508810687836,0.5717070227669292,0.5790505802383984,0.5861060797184696,0.5928952694871522,0.5994375241763062,0.605750178097611,0.6118488020386539
CARR,2,0.33941945379245525,0.19879833952789114,4,23.6304,1,0.0,0.13779650854375647,0.21840229877215644,0.27559301708751294,0.3199535845651346,0.35619880731591286,0.3868437065026674,0.4133895256312694,0.4368045975443129,0.45775009310889114,0.47669759859409566,0.4939953158596694,0.5099076732364848,0.5246402150464239,0.538355883337291,0.5511860341750259,0.5632381083266396,0.5746011060880692,0.5853495798994872,0.5955466016526475,0.6052460052748239,0.6144941071378521,0.6233310437260219,0.6317918244034259,0.6399071691302692,0.6477041817802413,0.6552068963164692,0.6624367235901804,0.669412819700503,0.6761523918810475
CASY,4,0.29722953577714395,0.19879833952789114,0,0.0,1,0.0,0.13779650854375647,0.21840229877215644,0.27559301708751294,0.3199535845651346,0.35619880731591286,0.3868437065026674,0.4133895256312694,0.4368045975443129,0.45775009310889114,0.47669759859409566,0.4939953158596694,0.5099076732364848,0.5246402150464239,0.538355883337291,0.5511860341750259,0.5632381083266396,0.5746011060880692,0.5853495798994872,0.5955466016526475,0.6052460052748239,0.6144941071378521,0.6233310437260219,0.6317918244034259,0.6399071691302692,0.6477041817802413,0.6552068963164692,0.6624367235901804,0.669412819700503,0.6761523918810475
CAT,1,0.26326022854847597,0.09080069547757338,8,37.7385,1,0.0,0.06293824606316216,0.09975475987127298,0.12587649212632432,0.14613808177699017,0.16269300593443514,0.17668999487109094,0.1888147381894865,0.19950951974254597,0.20907632784015234,0.2177305584524776,0.22563125199759732,0.23289918552226252,0.23962824093425308,0.24589284164826314,0.25175298425264864,0.2572577420766458,0.2624477658057081,0.267357107099589,0.2720145739033145,0.2764447547423639,0.2806688045156398,0.2847050554722754,0.2885694980607595,0.29227616355398034,0.2958374315854247,0.2992642796138189,0.3025664869974153,0.30575280324150456,0.3088310877114253
CB,2,0.4477234236717896,0.19879833952789114,6,19.2088,1,0.0,0.13779650854375647,0.21840229877215644,0.27559301708751294,0.3199535845651346,0.35619880731591286,0.3868437065026674,0.4133895256312694,0.4368045975443129,0.45775009310889114,0.47669759859409566,0.4939953158596694,0.5099076732364848,0.5246402150464239,0.538355883337291,0.5511860341750259,0.5632381083266396,0.5746011060880692,0.5853495798994872,0.5955466016526475,0.6052460052748239,0.6144941071378521,0.6233310437260219,0.6317918244034259,0.6399071691302692,0.6477041817802413,0.6552068963164692,0.6624367235901804,0.669412819700503,0.6761523918810475
CBOE,4,0.29353524522719204,0.19879833952789114,0,0.0,1,0.0,0.13779650854375647,0.21840229877215644,0.27559301708751294,0.3199535845651346,0.35619880731591286,0.3868437065026674,0.4133895256312694,0.4368045975443129,0.45775009310889114,0.47669759859409566,0.4939953158596694,0.5099076732364848,0.5246402150464239,0.538355883337291,0.5511860341750259,0.5632381083266396,0.5746011060880692,0.5853495798994872,0.5955466016526475,0.6052460052748239,0.6144941071378521,0.6233310437260219,0.6317918244034259,0.6399071691302692,0.6477041817802413,0.6552068963164692,0.6624367235901804,0.669412819700503,0.6761523918810475
CBRE,4,0.35907048446507905,0.19879833952789114,0,0.0,1,0.0,0.13779650854375647,0.21840229877215644,0.27559301708751294,0.3199535845651346,0.35619880731591286,0.3868437065026674,0.4133895256312694,0.4368045975443129,0.45775009310889114,0.47669759859409566,0.4939953158596694,0.5099076732364848,0.5246402150464239,0.538355883337291,0.5511860341750259,0.5632381083266396,0.5746011060880692,0.5853495798994872,0.5955466016526475,0.6052460052748239,0.6144941071378521,0.6233310437260219,0.6317918244034259,0.6399071691302692,0.6477041817802413,0.6552068963164692,0.6624367235901804,0.669412819700503,0.6761523918810475
CCI,2,0.45129539909033517,0.19879833952789114,6,2.4942,1,0.0,0.13779650854375647,0.21840229877215644,0.27559301708751294,0.3199535845651346,0.35619880731591286,0.3868437065026674,0.4133895256312694,0.4368045975443129,0.45775009310889114,0.47669759859409566,0.4939953158596694,0.5099076732364848,0.5246402150464239,0.538355883337291,0.5511860341750259,0.5632381083266396,0.5746011060880692,0.5853495798994872,0.5955466016526475,0.6052460052748239,0.6144941071378521,0.6233310437260219,0.6317918244034259,0.6399071691302692,0.6477041817802413,0.6552068963164692,0.6624367235901804,0.669412819700503,0.6761523918810475
CCL,4,0.44816977203056024,0.19879833952789114,0,0.0,1,0.0,0.13779650854375647,0.21840229877215644,0.27559301708751294,0.3199535845651346,0.35619880731591286,0.3868437065026674,0.4133895256312694,0.4368045975443129,0.45775009310889114,0.47669759859409566,0.4939953158596694,0.5099076732364848,0.5246402150464239,0.538355883337291,0.5511860341750259,0.5632381083266396,0.5746011060880692,0.5853495798994872,0.5955466016526475,0.6052460052748239,0.6144941071378521,0.6233310437260219,0.6317918244034259,0.6399071691302692,0.6477041817802413,0.6552068963164692,0.6624367235901804,0.669412819700503,0.6761523918810475
CDNS,4,0.3925526572706577,0.19879833952789114,0,0.0,1,0.0,0.13779650854375647,0.21840229877215644,0.27559301708751294,0.3199535845651346,0.35619880731591286,0.3868437065026674,0.4133895256312694,0.4368045975443129,0.45775009310889114,0.47669759859409566,0.4939953158596694,0.5099076732364848,0.5246402150464239,0.538355883337291,0.5511860341750259,0.5632381083266396,0.5746011060880692,0.5853495798994872,0.5955466016526475,0.6052460052748239,0.6144941071378521,0.6233310437260219,0.6317918244034259,0.6399071691302692,0.6477041817802413,0.6552068963164692,0.6624367235901804,0.669412819700503,0.6761523918810475
CDW,2,1.3651417240491088,0.19879833952789114,2,2.4942,1,0.0,0.13779650854375647,0.21840229877215644,0.27559301708751294,0.3199535845651346,0.35619880731591286,0.3868437065026674,0.4133895256312694,0.4368045975443129,0.45775009310889114,0.47669759859409566,0.4939953158596694,0.5099076732364848,0.5246402150464239,0.538355883337291,0.5511860341750259,0.5632381083266396,0.5746011060880692,0.5853495798994872,0.5955466016526475,0.6052460052748239,0.6144941071378521,0.6233310437260219,0.6317918244034259,0.6399071691302692,0.6477041817802413,0.6552068963164692,0.6624367235901804,0.669412819700503,0.6761523918810475
CEG,2,-0.22436996516275598,0.19879833952789114,3,6.5325,1,0.0,0.13779650854375647,0.21840229877215644,0.27559301708751294,0.3199535845651346,0.35619880731591286,0.3868437065026674,0.4133895256312694,0.4368045975443129,0.45775009310889114,0.47669759859409566,0.4939953158596694,0.5099076732364848,0.5246402150464239,0.538355883337291,0.5511860341750259,0.5632381083266396,0.5746011060880692,0.5853495798994872,0.5955466016526475,0.6052460052748239,0.6144941071378521,0.6233310437260219,0.6317918244034259,0.6399071691302692,0.6477041817802413,0.6552068963164692,0.6624367235901804,0.669412819700503,0.6761523918810475
CF,2,0.7400966059918042,0.19879833952789114,2,16.783,1,0.0,0.13779650854375647,0.21840229877215644,0.27559301708751294,0.3199535845651346,0.35619880731591286,0.3868437065026674,0.4133895256312694,0.4368045975443129,0.45775009310889114,0.47669759859409566,0.4939953158596694,0.5099076732364848,0.5246402150464239,0.538355883337291,0.5511860341750259,0.5632381083266396,0.5746011060880692,0.5853495798994872,0.5955466016526475,0.6052460052748239,0.6144941071378521,0.6233310437260219,0.6317918244034259,0.6399071691302692,0.6477041817802413,0.6552068963164692,0.6624367235901804,0.669412819700503,0.6761523918810475
CFG,4,0.2956030726352805,0.19879833952789114,0,0.0,1,0.0,0.13779650854375647,0.21840229877215644,0.27559301708751294,0.3199535845651346,0.35619880731591286,0.3868437065026674,0.4133895256312694,0.4368045975443129,0.45775009310889114,0.47669759859409566,0.4939953158596694,0.5099076732364848,0.5246402150464239,0.538355883337291,0.5511860341750259,0.5632381083266396,0.5746011060880692,0.5853495798994872,0.5955466016526475,0.6052460052748239,0.6144941071378521,0.6233310437260219,0.6317918244034259,0.6399071691302692,0.6477041817802413,0.6552068963164692,0.6624367235901804,0.669412819700503,0.6761523918810475
CHD,1,0.2633032811518808,0.13428742258295012,5,25.8617,1,0.0,0.0930809483480338,0.14752981266319645,0.1861618966960676,0.2161272690680591,0.24061076101123025,0.2613112584946423,0.2792428450441014,0.2950596253263929,0.30920821741609295,0.32200717580793325,0.33369170935926407,0.34444043826930376,0.3543922068426761,0.36365708173125555,0.3723237933921352,0.3804649176009304,0.38814057367442667,0.39540112146503403,0.4022891657641267,0.40884107115783874,0.4150881241559671,0.4210574367808736,0.4267726577072979,0.4322545381361182,0.4375213866173376,0.44258943798958933,0.4474731551907099,0.4521854780831994,0.45673803007928937
CHRW,4,0.3947333012608391,0.19879833952789114,0,0.0,1,0.0,0.13779650854375647,0.21840229877215644,0.27559301708751294,0.3199535845651346,0.35619880731591286,0.3868437065026674,0.4133895256312694,0.4368045975443129,0.45775009310889114,0.47669759859409566,0.4939953158596694,0.5099076732364848,0.5246402150464239,0.538355883337291,0.5511860341750259,0.5632381083266396,0.5746011060880692,0.5853495798994872,0.5955466016526475,0.6052460052748239,0.6144941071378521,0.6233310437260219,0.6317918244034259,0.6399071691302692,0.6477041817802413,0.6552068963164692,0.6624367235901804,0.669412819700503,0.6761523918810475
CHTR,1,0.9517122778178096,0.3924346571497596,24,36.6188,1,0.0,0.27201497615736464,0.4311335368439824,0.5440299523147293,0.6315992153699009,0.703148513001347,0.7636425821887595,0.8160449284720939,0.8622670736879648,0.9036141915272657,0.9410172092616579,0.9751634891587116,1.0065750217019145,1.035657558346124,1.0627327522138834,1.0880599046294586,1.1118511073068251,1.1342820498453294,1.1554999012875702,1.1756291676846302,1.194776119032742,1.2130321854190227,1.2304765976232102,1.2471784653160765,1.2631984307398019,1.2785899978592792,1.293400610531947,1.3076725345034887,1.3214435845625572,1.334747728371248
CI,1,0.36316136575258934,0.16339263563787956,14,24.5695,1,0.0,0.11325514471665465,0.17950515738964543,0.2265102894333093,0.26297030240813446,0.29276030210630005,0.3179473879686467,0.33976543414996396,0.35901031477929085,0.37622544712478917,0.391798428606138,0.40601544682295476,0.41909383579332615,0.43120253268530134,0.4424754597977799,0.4530205788666186,0.4629261956097556,0.47226545949594545,0.4810996452809122,0.48948059184144377,0.49745254535829214,0.5050535733227927,0.5123166639679905,0.5192705915396094,0.5259406048162689,0.5323489805099808,0.5385154721689362,0.544457677401956,0.5501913406339313,0.5557306045144346
CIEN,4,0.6253719198356052,0.19879833952789114,0,0.0,1,0.0,0.13779650854375647,0.21840229877215644,0.27559301708751294,0.3199535845651346,0.35619880731591286,0.3868437065026674,0.4133895256312694,0.4368045975443129,0.45775009310889114,0.47669759859409566,0.4939953158596694,0.5099076732364848,0.5246402150464239,0.538355883337291,0.5511860341750259,0.5632381083266396,0.5746011060880692,0.5853495798994872,0.5955466016526475,0.6052460052748239,0.6144941071378521,0.6233310437260219,0.6317918244034259,0.6399071691302692,0.6477041817802413,0.6552068963164692,0.6624367235901804,0.669412819700503,0.6761523918810475
CINF,2,0.15878426958856998,0.19879833952789114,2,8.2026,1,0.0,0.13779650854375647,0.21840229877215644,0.27559301708751294,0.3199535845651346,0.35619880731591286,0.3868437065026674,0.4133895256312694,0.4368045975443129,0.45775009310889114,0.47669759859409566,0.4939953158596694,0.5099076732364848,0.5246402150464239,0.538355883337291,0.5511860341750259,0.5632381083266396,0.5746011060880692,0.5853495798994872,0.5955466016526475,0.6052460052748239,0.6144941071378521,0.6233310437260219,0.6317918244034259,0.6399071691302692,0.6477041817802413,0.6552068963164692,0.6624367235901804,0.669412819700503,0.6761523918810475
CL,2,0.09978075305589679,0.19879833952789114,5,20.9528,1,0.0,0.13779650854375647,0.21840229877215644,0.27559301708751294,0.3199535845651346,0.35619880731591286,0.3868437065026674,0.4133895256312694,0.4368045975443129,0.45775009310889114,0.47669759859409566,0.4939953158596694,0.5099076732364848,0.5246402150464239,0.538355883337291,0.5511860341750259,0.5632381083266396,0.5746011060880692,0.5853495798994872,0.5955466016526475,0.6052460052748239,0.6144941071378521,0.6233310437260219,0.6317918244034259,0.6399071691302692,0.6477041817802413,0.6552068963164692,0.6624367235901804,0.669412819700503,0.6761523918810475
CLX,2,0.431517999395709,0.19879833952789114,4,5.7002,1,0.0,0.13779650854375647,0.21840229877215644,0.27559301708751294,0.3199535845651346,0.35619880731591286,0.3868437065026674,0.4133895256312694,0.4368045975443129,0.45775009310889114,0.47669759859409566,0.4939953158596694,0.5099076732364848,0.5246402150464239,0.538355883337291,0.5511860341750259,0.5632381083266396,0.5746011060880692,0.5853495798994872,0.5955466016526475,0.6052460052748239,0.6144941071378521,0.6233310437260219,0.6317918244034259,0.6399071691302692,0.6477041817802413,0.6552068963164692,0.6624367235901804,0.669412819700503,0.6761523918810475
CMCSA,1,0.12322021243258163,0.41960677866079066,36,37.2019,1,0.0,0.2908492555725681,0.4609851634451842,0.5816985111451362,0.6753310578910205,0.7518344190177522,0.816517089208439,0.8725477667177042,0.9219703268903684,0.9661803134635887,1.0061731109848622,1.0426836745903203,1.0762701373125003,1.107366344781007,1.1363162213362046,1.1633970222902723,1.1888355245581952,1.2128195824629362,1.235506555011297,1.2570295690361566,1.2775022526536233,1.2970223665574303,1.315674627455572,1.3335329301628884,1.350662115782041,1.3671193928850685,1.3829554903355525,1.398215600353575,1.4129401560185377,1.4271654769087727
CME,1,0.2127919645767191,0.11818595328423064,4,21.8261,1,0.0,0.08192026030075387,0.12984054062601091,0.16384052060150775,0.19021295393280624,0.21176080092676478,0.22997924597156152,0.2457607809022616,0.25968108125202183,0.2721332142335602,0.2833975386914257,0.2936810612275187,0.3031409849373666,0.3118995062723154,0.32005349455881715,0.3276810412030155,0.33484601992488683,0.34160134155277566,0.34799132764003265,0.354053474534314,0.35981978659757247,0.3653177989921796,0.37057137292677783,0.3756013215282725,0.3804259078656125,0.38506124523812046,0.38952162187803274,0.3938197665730693,0.39796706765696604,0.40197375485957104
CMG,4,0.470125701128655,0.19879833952789114,0,0.0,1,0.0,0.13779650854375647,0.21840229877215644,0.27559301708751294,0.3199535845651346,0.35619880731591286,0.3868437065026674,0.4133895256312694,0.4368045975443129,0.45775009310889114,0.47669759859409566,0.4939953158596694,0.5099076732364848,0.5246402150464239,0.538355883337291,0.5511860341750259,0.5632381083266396,0.5746011060880692,0.5853495798994872,0.5955466016526475,0.6052460052748239,0.6144941071378521,0.6233310437260219,0.6317918244034259,0.6399071691302692,0.6477041817802413,0.6552068963164692,0.6624367235901804,0.669412819700503,0.6761523918810475
CMI,2,-0.002853211044221593,0.19879833952789114,4,71.5346,1,0.0,0.13779650854375647,0.21840229877215644,0.27559301708751294,0.3199535845651346,0.35619880731591286,0.3868437065026674,0.4133895256312694,0.4368045975443129,0.45775009310889114,0.47669759859409566,0.4939953158596694,0.5099076732364848,0.5246402150464239,0.538355883337291,0.5511860341750259,0.5632381083266396,0.5746011060880692,0.5853495798994872,0.5955466016526475,0.6052460052748239,0.6144941071378521,0.6233310437260219,0.6317918244034259,0.6399071691302692,0.6477041817802413,0.6552068963164692,0.6624367235901804,0.669412819700503,0.6761523918810475
CMS,1,0.19965262233778114,0.20433052252160688,10,26.037,1,0.0,0.1416311255881922,0.22448002299221329,0.2832622511763844,0.3288572896137439,0.3661111485804055,0.3976088375365701,0.4248933767645766,0.44896004598442657,0.4704884152019362,0.48996319404298216,0.5077422741685977,0.5240974424515756,0.5392399631247623,0.5533373126059572,0.5665245023527689,0.5789119630061959,0.5905911715726188,0.6016387551460655,0.6121195407901283,0.6220888605287834,0.6315943196311744,0.6406771715042793,0.64937339975679,0.6577145792274878,0.6657285680397679,0.6734400689766398,0.6808710887129545,0.6880413164259642,0.6949684381941494
CNC,2,0.44796038304129215,0.19879833952789114,4,4.1561,1,0.0,0.13779650854375647,0.21840229877215644,0.27559301708751294,0.3199535845651346,0.35619880731591286,0.3868437065026674,0.4133895256312694,0.4368045975443129,0.45775009310889114,0.47669759859409566,0.4939953158596694,0.5099076732364848,0.5246402150464239,0.538355883337291,0.5511860341750259,0.5632381083266396,0.5746011060880692,0.5853495798994872,0.5955466016526475,0.6052460052748239,0.6144941071378521,0.6233310437260219,0.6317918244034259,0.6399071691302692,0.6477041817802413,0.6552068963164692,0.6624367235901804,0.669412819700503,0.6761523918810475
CNP,1,0.49355293208936923,0.09707339923412583,16,26.1355,1,0.0,0.06728615298650427,0.10664602930139612,0.13457230597300854,0.15623360901625347,0.1739321822879004,0.18889611277298374,0.20185845895951282,0.21329205860279224,0.22351976200275778,0.23277184513797933,0.24121833527440467,0.24898835299217828,0.256182265759488,0.2628796383176496,0.2691446119460171,0.27502965006302177,0.28057821158929647,0.28582670054514575,0.290805914989262,0.29554214207437984,0.3000579981244836,0.3043730818191827,0.3085044882609089,0.31246721803250693,0.31627450597868256,0.3199380879041883,0.3234684187459923,0.32687485244368414,0.33016579130415386
COF,2,0.4601226207146632,0.19879833952789114,2,1.4511,1,0.0,0.13779650854375647,0.21840229877215644,0.27559301708751294,0.3199535845651346,0.35619880731591286,0.3868437065026674,0.4133895256312694,0.4368045975443129,0.45775009310889114,0.47669759859409566,0.4939953158596694,0.5099076732364848,0.5246402150464239,0.538355883337291,0.5511860341750259,0.5632381083266396,0.5746011060880692,0.5853495798994872,0.5955466016526475,0.6052460052748239,0.6144941071378521,0.6233310437260219,0.6317918244034259,0.6399071691302692,0.6477041817802413,0.6552068963164692,0.6624367235901804,0.669412819700503,0.6761523918810475
COHR,4,0.6689071346172355,0.19879833952789114,0,0.0,1,0.0,0.13779650854375647,0.21840229877215644,0.27559301708751294,0.3199535845651346,0.35619880731591286,0.3868437065026674,0.4133895256312694,0.4368045975443129,0.45775009310889114,0.47669759859409566,0.4939953158596694,0.5099076732364848,0.5246402150464239,0.538355883337291,0.5511860341750259,0.5632381083266396,0.5746011060880692,0.5853495798994872,0.5955466016526475,0.6052460052748239,0.6144941071378521,0.6233310437260219,0.6317918244034259,0.6399071691302692,0.6477041817802413,0.6552068963164692,0.6624367235901804,0.669412819700503,0.6761523918810475
COIN,4,0.6455983800086449,0.19879833952789114,0,0.0,1,0.0,0.13779650854375647,0.21840229877215644,0.27559301708751294,0.3199535845651346,0.35619880731591286,0.3868437065026674,0.4133895256312694,0.4368045975443129,0.45775009310889114,0.47669759859409566,0.4939953158596694,0.5099076732364848,0.5246402150464239,0.538355883337291,0.5511860341750259,0.5632381083266396,0.5746011060880692,0.5853495798994872,0.5955466016526475,0.6052460052748239,0.6144941071378521,0.6233310437260219,0.6317918244034259,0.6399071691302692,0.6477041817802413,0.6552068963164692,0.6624367235901804,0.669412819700503,0.6761523918810475
COO,4,0.41011467177809025,0.19879833952789114,0,0.0,1,0.0,0.13779650854375647,0.21840229877215644,0.27559301708751294,0.3199535845651346,0.35619880731591286,0.3868437065026674,0.4133895256312694,0.4368045975443129,0.45775009310889114,0.47669759859409566,0.4939953158596694,0.5099076732364848,0.5246402150464239,0.538355883337291,0.5511860341750259,0.5632381083266396,0.5746011060880692,0.5853495798994872,0.5955466016526475,0.6052460052748239,0.6144941071378521,0.6233310437260219,0.6317918244034259,0.6399071691302692,0.6477041817802413,0.6552068963164692,0.6624367235901804,0.669412819700503,0.6761523918810475
COP,1,-0.032786825935304575,0.26758883251735777,12,35.5729,1,0.0,0.18547844480873393,0.29397637971392193,0.37095688961746787,0.4306676119974144,0.47945482452265586,0.5207038249693889,0.5564353344262017,0.5879527594278439,0.6161460568061484,0.6416499965470072,0.6649332693313899,0.6863518040292795,0.7061822697781228,0.7246439917113363,0.7419137792349357,0.7581362510086019,0.7734312042365777,0.7878989888537484,0.8016245016148823,0.8146802046833108,0.827128441355741,0.8390232366054092,0.8504117141401238,0.8613352239948288,0.8718302488380135,0.8819291391417657,0.8916607145868568,0.9010507598866478,0.9101224365200703
COR,1,0.33825476100680896,0.18042697984469225,4,21.3251,1,0.0,0.12506245237629451,0.19821929726465226,0.25012490475258903,0.29038602178803097,0.32328174964094675,0.3510946912431851,0.3751873571288835,0.3964385945293045,0.41544847416432557,0.43264500205487444,0.4483442020172413,0.462786066021369,0.4761571436194796,0.48860531905268323,0.5002498095051781,0.511188126923744,0.521501046905599,0.5312562323479896,0.5405109265406199,0.5493139885078373,0.557707454431169,0.5657277517005979,0.5734066543935358,0.5807720435760619,0.5878485183976635,0.5946578917939568,0.6012195959957741,0.6075510168480859,0.6136677714289778
COST,4,0.2535174376150149,0.19879833952789114,0,0.0,1,0.0,0.13779650854375647,0.21840229877215644,0.27559301708751294,0.3199535845651346,0.35619880731591286,0.3868437065026674,0.4133895256312694,0.4368045975443129,0.45775009310889114,0.47669759859409566,0.4939953158596694,0.5099076732364848,0.5246402150464239,0.538355883337291,0.5511860341750259,0.5632381083266396,0.5746011060880692,0.5853495798994872,0.5955466016526475,0.6052460052748239,0.6144941071378521,0.6233310437260219,0.6317918244034259,0.6399071691302692,0.6477041817802413,0.6552068963164692,0.6624367235901804,0.669412819700503,0.6761523918810475
CPAY,4,0.3616656004851178,0.19879833952789114,0,0.0,1,0.0,0.13779650854375647,0.21840229877215644,0.27559301708751294,0.3199535845651346,0.35619880731591286,0.3868437065026674,0.4133895256312694,0.4368045975443129,0.45775009310889114,0.47669759859409566,0.4939953158596694,0.5099076732364848,0.5246402150464239,0.538355883337291,0.5511860341750259,0.5632381083266396,0.5746011060880692,0.5853495798994872,0.5955466016526475,0.6052460052748239,0.6144941071378521,0.6233310437260219,0.6317918244034259,0.6399071691302692,0.6477041817802413,0.6552068963164692,0.6624367235901804,0.669412819700503,0.6761523918810475
CPRT,4,0.335063702922576,0.19879833952789114,0,0.0,1,0.0,0.13779650854375647,0.21840229877215644,0.27559301708751294,0.3199535845651346,0.35619880731591286,0.3868437065026674,0.4133895256312694,0.4368045975443129,0.45775009310889114,0.47669759859409566,0.4939953158596694,0.5099076732364848,0.5246402150464239,0.538355883337291,0.5511860341750259,0.5632381083266396,0.5746011060880692,0.5853495798994872,0.5955466016526475,0.6052460052748239,0.6144941071378521,0.6233310437260219,0.6317918244034259,0.6399071691302692,0.6477041817802413,0.6552068963164692,0.6624367235901804,0.669412819700503,0.6761523918810475
CPT,4,0.24863059502436805,0.19879833952789114,0,0.0,1,0.0,0.13779650854375647,0.21840229877215644,0.27559301708751294,0.3199535845651346,0.35619880731591286,0.3868437065026674,0.4133895256312694,0.4368045975443129,0.45775009310889114,0.47669759859409566,0.4939953158596694,0.5099076732364848,0.5246402150464239,0.538355883337291,0.5511860341750259,0.5632381083266396,0.5746011060880692,0.5853495798994872,0.5955466016526475,0.6052460052748239,0.6144941071378521,0.6233310437260219,0.6317918244034259,0.6399071691302692,0.6477041817802413,0.6552068963164692,0.6624367235901804,0.669412819700503,0.6761523918810475
CRH,4,0.3032402243950958,0.19879833952789114,0,0.0,1,0.0,0.13779650854375647,0.21840229877215644,0.27559301708751294,0.3199535845651346,0.35619880731591286,0.3868437065026674,0.4133895256312694,0.4368045975443129,0.45775009310889114,0.47669759859409566,0.4939953158596694,0.5099076732364848,0.5246402150464239,0.538355883337291,0.5511860341750259,0.5632381083266396,0.5746011060880692,0.5853495798994872,0.5955466016526475,0.6052460052748239,0.6144941071378521,0.6233310437260219,0.6317918244034259,0.6399071691302692,0.6477041817802413,0.6552068963164692,0.6624367235901804,0.669412819700503,0.6761523918810475
CRL,4,0.5310016170471566,0.19879833952789114,0,0.0,1,0.0,0.13779650854375647,0.21840229877215644,0.27559301708751294,0.3199535845651346,0.35619880731591286,0.3868437065026674,0.4133895256312694,0.4368045975443129,0.45775009310889114,0.47669759859409566,0.4939953158596694,0.5099076732364848,0.5246402150464239,0.538355883337291,0.5511860341750259,0.5632381083266396,0.5746011060880692,0.5853495798994872,0.5955466016526475,0.6052460052748239,0.6144941071378521,0.6233310437260219,0.6317918244034259,0.6399071691302692,0.6477041817802413,0.6552068963164692,0.6624367235901804,0.669412819700503,0.6761523918810475
CRM,1,0.1583503380045389,0.3267166908162425,6,34.9049,1,0.0,0.22646275308115385,0.3589349714437034,0.4529255061623077,0.5258302288246707,0.5853977245248572,0.6357613245250932,0.6793882592434616,0.7178699428874068,0.7522929819058247,0.7834324084525948,0.8118604776060111,0.8380117661810808,0.862224077606247,0.8847652002683741,0.9058510123246154,0.9256580881464672,0.9443326959685605,0.9619973595836145,0.9787557349869784,0.9946962959687965,1.0098951615337486,1.0244182943018407,1.038323230687165,1.0516604576493414,1.0644745192622347,1.07680491433111,1.088686830687401,1.1001517505725136,1.111227953349528
CRWD,4,0.5024495151895538,0.19879833952789114,0,0.0,1,0.0,0.13779650854375647,0.21840229877215644,0.27559301708751294,0.3199535845651346,0.35619880731591286,0.3868437065026674,0.4133895256312694,0.4368045975443129,0.45775009310889114,0.47669759859409566,0.4939953158596694,0.5099076732364848,0.5246402150464239,0.538355883337291,0.5511860341750259,0.5632381083266396,0.5746011060880692,0.5853495798994872,0.5955466016526475,0.6052460052748239,0.6144941071378521,0.6233310437260219,0.6317918244034259,0.6399071691302692,0.6477041817802413,0.6552068963164692,0.6624367235901804,0.669412819700503,0.6761523918810475
CSCO,2,-2.6315262324958075,0.19879833952789114,2,13.4073,1,0.0,0.13779650854375647,0.21840229877215644,0.27559301708751294,0.3199535845651346,0.35619880731591286,0.3868437065026674,0.4133895256312694,0.4368045975443129,0.45775009310889114,0.47669759859409566,0.4939953158596694,0.5099076732364848,0.5246402150464239,0.538355883337291,0.5511860341750259,0.5632381083266396,0.5746011060880692,0.5853495798994872,0.5955466016526475,0.6052460052748239,0.6144941071378521,0.6233310437260219,0.6317918244034259,0.6399071691302692,0.6477041817802413,0.6552068963164692,0.6624367235901804,0.669412819700503,0.6761523918810475
CSGP,4,0.48860218856746296,0.19879833952789114,0,0.0,1,0.0,0.13779650854375647,0.21840229877215644,0.27559301708751294,0.3199535845651346,0.35619880731591286,0.3868437065026674,0.4133895256312694,0.4368045975443129,0.45775009310889114,0.47669759859409566,0.4939953158596694,0.5099076732364848,0.5246402150464239,0.538355883337291,0.5511860341750259,0.5632381083266396,0.5746011060880692,0.5853495798994872,0.5955466016526475,0.6052460052748239,0.6144941071378521,0.6233310437260219,0.6317918244034259,0.6399071691302692,0.6477041817802413,0.6552068963164692,0.6624367235901804,0.669412819700503,0.6761523918810475
CSX,1,0.254944473696737,0.14823935620998316,18,41.5332,1,0.0,0.10275169180497125,0.16285757839653678,0.2055033836099425,0.23858203999917027,0.265609270201508,0.288460467738432,0.3082550754149137,0.32571515679307356,0.34133373180414156,0.3554624514985924,0.3683609620064793,0.3802264414613082,0.3912121595434032,0.401439618395707,0.411006767219885,0.419993722128427,0.42846684859804474,0.4364817386712131,0.44408542360911274,0.4513180461349688,0.4582141433035637,0.46480364396946305,0.4711126538114505,0.47716407999834054,0.4829781332662794,0.48857273518961025,0.4939638513483745,0.49916576600575585,0.5041913102006783
CTAS,2,0.3720975961208597,0.19879833952789114,3,9.9904,1,0.0,0.13779650854375647,0.21840229877215644,0.27559301708751294,0.3199535845651346,0.35619880731591286,0.3868437065026674,0.4133895256312694,0.4368045975443129,0.45775009310889114,0.47669759859409566,0.4939953158596694,0.5099076732364848,0.5246402150464239,0.538355883337291,0.5511860341750259,0.5632381083266396,0.5746011060880692,0.5853495798994872,0.5955466016526475,0.6052460052748239,0.6144941071378521,0.6233310437260219,0.6317918244034259,0.6399071691302692,0.6477041817802413,0.6552068963164692,0.6624367235901804,0.669412819700503,0.6761523918810475
CTSH,4,0.3621039378536974,0.19879833952789114,0,0.0,1,0.0,0.13779650854375647,0.21840229877215644,0.27559301708751294,0.3199535845651346,0.35619880731591286,0.3868437065026674,0.4133895256312694,0.4368045975443129,0.45775009310889114,0.47669759859409566,0.4939953158596694,0.5099076732364848,0.5246402150464239,0.538355883337291,0.5511860341750259,0.5632381083266396,0.5746011060880692,0.5853495798994872,0.5955466016526475,0.6052460052748239,0.6144941071378521,0.6233310437260219,0.6317918244034259,0.6399071691302692,0.6477041817802413,0.6552068963164692,0.6624367235901804,0.669412819700503,0.6761523918810475
CTVA,4,0.3183730698840583,0.19879833952789114,0,0.0,1,0.0,0.13779650854375647,0.21840229877215644,0.27559301708751294,0.3199535845651346,0.35619880731591286,0.3868437065026674,0.4133895256312694,0.4368045975443129,0.45775009310889114,0.47669759859409566,0.4939953158596694,0.5099076732364848,0.5246402150464239,0.538355883337291,0.5511860341750259,0.5632381083266396,0.5746011060880692,0.5853495798994872,0.5955466016526475,0.6052460052748239,0.6144941071378521,0.6233310437260219,0.6317918244034259,0.6399071691302692,0.6477041817802413,0.6552068963164692,0.6624367235901804,0.669412819700503,0.6761523918810475
CVNA,4,0.6265418538019343,0.19879833952789114,0,0.0,1,0.0,0.13779650854375647,0.21840229877215644,0.27559301708751294,0.3199535845651346,0.35619880731591286,0.3868437065026674,0.4133895256312694,0.4368045975443129,0.45775009310889114,0.47669759859409566,0.4939953158596694,0.5099076732364848,0.5246402150464239,0.538355883337291,0.5511860341750259,0.5632381083266396,0.5746011060880692,0.5853495798994872,0.5955466016526475,0.6052460052748239,0.6144941071378521,0.6233310437260219,0.6317918244034259,0.6399071691302692,0.6477041817802413,0.6552068963164692,0.6624367235901804,0.669412819700503,0.6761523918810475
CVS,1,0.43213121960171197,0.20710186012849427,12,26.5106,1,0.0,0.14355207043678594,0.22752464854318785,0.2871041408735719,0.33331758542642287,0.3710767189799738,0.40300161151227093,0.4306562113103578,0.4550492970863757,0.47686965586320884,0.49660857138986575,0.5146287894167597,0.5312057830656705,0.5465536819490568,0.5608422339696106,0.5742082817471438,0.586763753694914,0.5986013675231616,0.6097987896202146,0.6204217262999947,0.6305262600554588,0.6401606418266518,0.6493666845410616,0.6581808598535457,0.6666351708528457,0.6747578535024564,0.6825739456295635,0.6901057523858428,0.6973732299931208,0.7043943044063966
CVX,2,0.13164731761572368,0.19879833952789114,2,3.1567,1,0.0,0.13779650854375647,0.21840229877215644,0.27559301708751294,0.3199535845651346,0.35619880731591286,0.3868437065026674,0.4133895256312694,0.4368045975443129,0.45775009310889114,0.47669759859409566,0.4939953158596694,0.5099076732364848,0.5246402150464239,0.538355883337291,0.5511860341750259,0.5632381083266396,0.5746011060880692,0.5853495798994872,0.5955466016526475,0.6052460052748239,0.6144941071378521,0.6233310437260219,0.6317918244034259,0.6399071691302692,0.6477041817802413,0.6552068963164692,0.6624367235901804,0.669412819700503,0.6761523918810475
D,1,0.2832001136734097,0.2953172945162822,10,18.3244,1,0.0,0.204698350064552,0.324439208811807,0.409396700129104,0.4752948499919716,0.5291375588763589,0.5746609205907905,0.614095050193656,0.648878417623614,0.6799932000565236,0.7081399444961972,0.733835908940911,0.7574739048168174,0.7793592706553425,0.7997340588037786,0.818793400258208,0.8366968995541103,0.8535767676881659,0.869543753195717,0.8846915501210756,0.8991001294025975,0.9128382945607493,0.925965668819648,0.9385342590054631,0.9505896999839432,0.9621722548813695,0.973317626435421,0.9840576207198946,0.9944206943475645,1.0044324088683305
DAL,2,0.2669231078710267,0.19879833952789114,2,3.1923,1,0.0,0.13779650854375647,0.21840229877215644,0.27559301708751294,0.3199535845651346,0.35619880731591286,0.3868437065026674,0.4133895256312694,0.4368045975443129,0.45775009310889114,0.47669759859409566,0.4939953158596694,0.5099076732364848,0.5246402150464239,0.538355883337291,0.5511860341750259,0.5632381083266396,0.5746011060880692,0.5853495798994872,0.5955466016526475,0.6052460052748239,0.6144941071378521,0.6233310437260219,0.6317918244034259,0.6399071691302692,0.6477041817802413,0.6552068963164692,0.6624367235901804,0.669412819700503,0.6761523918810475
DASH,4,0.48699300460009837,0.19879833952789114,0,0.0,1,0.0,0.13779650854375647,0.21840229877215644,0.27559301708751294,0.3199535845651346,0.35619880731591286,0.3868437065026674,0.4133895256312694,0.4368045975443129,0.45775009310889114,0.47669759859409566,0.4939953158596694,0.5099076732364848,0.5246402150464239,0.538355883337291,0.5511860341750259,0.5632381083266396,0.5746011060880692,0.5853495798994872,0.5955466016526475,0.6052460052748239,0.6144941071378521,0.6233310437260219,0.6317918244034259,0.6399071691302692,0.6477041817802413,0.6552068963164692,0.6624367235901804,0.669412819700503,0.6761523918810475
DD,4,0.28509976822655847,0.19879833952789114,0,0.0,1,0.0,0.13779650854375647,0.21840229877215644,0.27559301708751294,0.3199535845651346,0.35619880731591286,0.3868437065026674,0.4133895256312694,0.4368045975443129,0.45775009310889114,0.47669759859409566,0.4939953158596694,0.5099076732364848,0.5246402150464239,0.538355883337291,0.5511860341750259,0.5632381083266396,0.5746011060880692,0.5853495798994872,0.5955466016526475,0.6052460052748239,0.6144941071378521,0.6233310437260219,0.6317918244034259,0.6399071691302692,0.6477041817802413,0.6552068963164692,0.6624367235901804,0.669412819700503,0.6761523918810475
DDOG,4,0.5147716960829296,0.19879833952789114,0,0.0,1,0.0,0.13779650854375647,0.21840229877215644,0.27559301708751294,0.3199535845651346,0.35619880731591286,0.3868437065026674,0.4133895256312694,0.4368045975443129,0.45775009310889114,0.47669759859409566,0.4939953158596694,0.5099076732364848,0.5246402150464239,0.538355883337291,0.5511860341750259,0.5632381083266396,0.5746011060880692,0.5853495798994872,0.5955466016526475,0.6052460052748239,0.6144941071378521,0.6233310437260219,0.6317918244034259,0.6399071691302692,0.6477041817802413,0.6552068963164692,0.6624367235901804,0.669412819700503,0.6761523918810475
DE,1,0.09210288290093466,0.1580440833287093,8,23.655,1,0.0,0.10954781076347592,0.1736291720962068,0.21909562152695183,0.2543621395451189,0.2831769828596827,0.3075395857474791,0.3286434322904277,0.3472583441924136,0.36390995030859485,0.3789731603076638,0.3927247936231586,0.4053750699845705,0.417087396510955,0.4279913116413257,0.43819124305390367,0.4477726058360318,0.45680615495588944,0.4653511593796807,0.4734577610720707,0.48116875784368585,0.4885209710711398,0.4955463091389926,0.5022726043866346,0.5087242790902378,0.5149228807480465,0.5208875162886203,0.5266352072744309,0.5321811827467977,0.5375391224048016
DECK,4,0.5720114257178397,0.19879833952789114,0,0.0,1,0.0,0.13779650854375647,0.21840229877215644,0.27559301708751294,0.3199535845651346,0.35619880731591286,0.3868437065026674,0.4133895256312694,0.4368045975443129,0.45775009310889114,0.47669759859409566,0.4939953158596694,0.5099076732364848,0.5246402150464239,0.538355883337291,0.5511860341750259,0.5632381083266396,0.5746011060880692,0.5853495798994872,0.5955466016526475,0.6052460052748239,0.6144941071378521,0.6233310437260219,0.6317918244034259,0.6399071691302692,0.6477041817802413,0.6552068963164692,0.6624367235901804,0.669412819700503,0.6761523918810475
DELL,1,0.2945172709721822,0.30499964126805457,5,14.0616,1,0.0,0.21140964141674676,0.3350763539364499,0.4228192828334935,0.4908779859356072,0.5464859953531966,0.5935018974017371,0.6342289242502402,0.6701527078728998,0.7022876273523541,0.7313571980018669,0.7578956367699434,0.7823086338964957,0.8049115388184839,0.8259543398720571,0.845638565666987,0.8641290535730112,0.8815623492896465,0.8980528323814411,0.9136972687691007,0.928578251338187,0.9427668394186137,0.9563246110564507,0.9693052781866902,0.9817559718712144,0.9937182753132425,1.0052290618093496,1.0163211802352305,1.0270240201892906,1.0373639812888038
DG,1,0.4563621043753598,0.1793097797515398,4,26.2204,1,0.0,0.12428806828160459,0.19699192751341382,0.24857613656320918,0.2885879576023365,0.3212799957950184,0.3489207202433942,0.37286420484481375,0.39398385502682765,0.4128760258839412,0.4299660732327343,0.445568064076623,0.4599205043602817,0.47320878852499876,0.48557988511575034,0.49715227312641835,0.5080228607118437,0.5182719233084322,0.5279667048461831,0.5371640941655457,0.545912647756808,0.5542541415143389,0.5622247772704828,0.5698561323582276,0.577175915204673,0.5842085726418863,0.5909757825402414,0.5974968568066034,0.6037890736331532,0.609867953397355
DGX,4,0.2706705623611123,0.19879833952789114,0,0.0,1,0.0,0.13779650854375647,0.21840229877215644,0.27559301708751294,0.3199535845651346,0.35619880731591286,0.3868437065026674,0.4133895256312694,0.4368045975443129,0.45775009310889114,0.47669759859409566,0.4939953158596694,0.5099076732364848,0.5246402150464239,0.538355883337291,0.5511860341750259,0.5632381083266396,0.5746011060880692,0.5853495798994872,0.5955466016526475,0.6052460052748239,0.6144941071378521,0.6233310437260219,0.6317918244034259,0.6399071691302692,0.6477041817802413,0.6552068963164692,0.6624367235901804,0.669412819700503,0.6761523918810475
DHI,4,0.3914780021327269,0.19879833952789114,0,0.0,1,0.0,0.13779650854375647,0.21840229877215644,0.27559301708751294,0.3199535845651346,0.35619880731591286,0.3868437065026674,0.4133895256312694,0.4368045975443129,0.45775009310889114,0.47669759859409566,0.4939953158596694,0.5099076732364848,0.5246402150464239,0.538355883337291,0.5511860341750259,0.5632381083266396,0.5746011060880692,0.5853495798994872,0.5955466016526475,0.6052460052748239,0.6144941071378521,0.6233310437260219,0.6317918244034259,0.6399071691302692,0.6477041817802413,0.6552068963164692,0.6624367235901804,0.669412819700503,0.6761523918810475
DHR,2,1.0655079939297822,0.19879833952789114,3,25.3087,1,0.0,0.13779650854375647,0.21840229877215644,0.27559301708751294,0.3199535845651346,0.35619880731591286,0.3868437065026674,0.4133895256312694,0.4368045975443129,0.45775009310889114,0.47669759859409566,0.4939953158596694,0.5099076732364848,0.5246402150464239,0.538355883337291,0.5511860341750259,0.5632381083266396,0.5746011060880692,0.5853495798994872,0.5955466016526475,0.6052460052748239,0.6144941071378521,0.6233310437260219,0.6317918244034259,0.6399071691302692,0.6477041817802413,0.6552068963164692,0.6624367235901804,0.669412819700503,0.6761523918810475
DIS,1,0.1113657122700294,0.1801604273999953,16,33.7331,1,0.0,0.12487769230078145,0.19792645947333368,0.2497553846015629,0.2899570221778837,0.3228041517741151,0.3505760041357938,0.3746330769023443,0.39585291894666735,0.4148347144786652,0.4320058372077828,0.4476818440748966,0.4621023724996138,0.4754536964365752,0.48788348165121737,0.4995107692031258,0.5104329269805379,0.5207306112474487,0.5304713849398317,0.5397124067794467,0.5485024636091275,0.5568835295085642,0.5648919780520087,0.572559536375678,0.5799140443557674,0.5869800648003952,0.593779378420001,0.6003313887373567,0.6066534559125851,0.6127611739519988
DLR,4,0.2678461778576049,0.19879833952789114,0,0.0,1,0.0,0.13779650854375647,0.21840229877215644,0.27559301708751294,0.3199535845651346,0.35619880731591286,0.3868437065026674,0.4133895256312694,0.4368045975443129,0.45775009310889114,0.47669759859409566,0.4939953158596694,0.5099076732364848,0.5246402150464239,0.538355883337291,0.5511860341750259,0.5632381083266396,0.5746011060880692,0.5853495798994872,0.5955466016526475,0.6052460052748239,0.6144941071378521,0.6233310437260219,0.6317918244034259,0.6399071691302692,0.6477041817802413,0.6552068963164692,0.6624367235901804,0.669412819700503,0.6761523918810475
DLTR,2,0.45970098631288653,0.19879833952789114,3,25.3032,1,0.0,0.13779650854375647,0.21840229877215644,0.27559301708751294,0.3199535845651346,0.35619880731591286,0.3868437065026674,0.4133895256312694,0.4368045975443129,0.45775009310889114,0.47669759859409566,0.4939953158596694,0.5099076732364848,0.5246402150464239,0.538355883337291,0.5511860341750259,0.5632381083266396,0.5746011060880692,0.5853495798994872,0.5955466016526475,0.6052460052748239,0.6144941071378521,0.6233310437260219,0.6317918244034259,0.6399071691302692,0.6477041817802413,0.6552068963164692,0.6624367235901804,0.669412819700503,0.6761523918810475
DOC,4,0.3040260769923498,0.19879833952789114,0,0.0,1,0.0,0.13779650854375647,0.21840229877215644,0.27559301708751294,0.3199535845651346,0.35619880731591286,0.3868437065026674,0.4133895256312694,0.4368045975443129,0.45775009310889114,0.47669759859409566,0.4939953158596694,0.5099076732364848,0.5246402150464239,0.538355883337291,0.5511860341750259,0.5632381083266396,0.5746011060880692,0.5853495798994872,0.5955466016526475,0.6052460052748239,0.6144941071378521,0.6233310437260219,0.6317918244034259,0.6399071691302692,0.6477041817802413,0.6552068963164692,0.6624367235901804,0.669412819700503,0.6761523918810475
DOV,4,0.24347854144203004,0.19879833952789114,0,0.0,1,0.0,0.13779650854375647,0.21840229877215644,0.27559301708751294,0.3199535845651346,0.35619880731591286,0.3868437065026674,0.4133895256312694,0.4368045975443129,0.45775009310889114,0.47669759859409566,0.4939953158596694,0.5099076732364848,0.5246402150464239,0.538355883337291,0.5511860341750259,0.5632381083266396,0.5746011060880692,0.5853495798994872,0.5955466016526475,0.6052460052748239,0.6144941071378521,0.6233310437260219,0.6317918244034259,0.6399071691302692,0.6477041817802413,0.6552068963164692,0.6624367235901804,0.669412819700503,0.6761523918810475
DOW,2,-0.027388253617273373,0.19879833952789114,7,26.7379,1,0.0,0.13779650854375647,0.21840229877215644,0.27559301708751294,0.3199535845651346,0.35619880731591286,0.3868437065026674,0.4133895256312694,0.4368045975443129,0.45775009310889114,0.47669759859409566,0.4939953158596694,0.5099076732364848,0.5246402150464239,0.538355883337291,0.5511860341750259,0.5632381083266396,0.5746011060880692,0.5853495798994872,0.5955466016526475,0.6052460052748239,0.6144941071378521,0.6233310437260219,0.6317918244034259,0.6399071691302692,0.6477041817802413,0.6552068963164692,0.6624367235901804,0.669412819700503,0.6761523918810475
DPZ,4,0.3479225877527389,0.19879833952789114,0,0.0,1,0.0,0.13779650854375647,0.21840229877215644,0.27559301708751294,0.3199535845651346,0.35619880731591286,0.3868437065026674,0.4133895256312694,0.4368045975443129,0.45775009310889114,0.47669759859409566,0.4939953158596694,0.5099076732364848,0.5246402150464239,0.538355883337291,0.5511860341750259,0.5632381083266396,0.5746011060880692,0.5853495798994872,0.5955466016526475,0.6052460052748239,0.6144941071378521,0.6233310437260219,0.6317918244034259,0.6399071691302692,0.6477041817802413,0.6552068963164692,0.6624367235901804,0.669412819700503,0.6761523918810475
DRI,2,0.6404313593927616,0.19879833952789114,2,21.5086,1,0.0,0.13779650854375647,0.21840229877215644,0.27559301708751294,0.3199535845651346,0.35619880731591286,0.3868437065026674,0.4133895256312694,0.4368045975443129,0.45775009310889114,0.47669759859409566,0.4939953158596694,0.5099076732364848,0.5246402150464239,0.538355883337291,0.5511860341750259,0.5632381083266396,0.5746011060880692,0.5853495798994872,0.5955466016526475,0.6052460052748239,0.6144941071378521,0.6233310437260219,0.6317918244034259,0.6399071691302692,0.6477041817802413,0.6552068963164692,0.6624367235901804,0.669412819700503,0.6761523918810475
DTE,2,0.5991595015340859,0.19879833952789114,11,26.6311,1,0.0,0.13779650854375647,0.21840229877215644,0.27559301708751294,0.3199535845651346,0.35619880731591286,0.3868437065026674,0.4133895256312694,0.4368045975443129,0.45775009310889114,0.47669759859409566,0.4939953158596694,0.5099076732364848,0.5246402150464239,0.538355883337291,0.5511860341750259,0.5632381083266396,0.5746011060880692,0.5853495798994872,0.5955466016526475,0.6052460052748239,0.6144941071378521,0.6233310437260219,0.6317918244034259,0.6399071691302692,0.6477041817802413,0.6552068963164692,0.6624367235901804,0.669412819700503,0.6761523918810475
DUK,1,0.211939535554185,0.21157505579952765,61,26.5736,1,0.0,0.14665265340425568,0.23243895627700212,0.29330530680851136,0.34051691612912005,0.37909160968125777,0.41170604836724506,0.43995796021276706,0.46487791255400424,0.4871695695333758,0.5073348261437388,0.5257442630855135,0.5426793034278873,0.5583587017715007,0.5729558724061222,0.5866106136170227,0.5994372713606603,0.6115305659582598,0.6229698413154439,0.6338222229376315,0.6441450046442472,0.6539874795479945,0.663392363694306,0.6723969164897692,0.6810338322582401,0.689331956832143,0.6973168688310063,0.7050113551757564,0.712435803122905,0.7196085258103779
DVA,4,0.4017516273733751,0.19879833952789114,0,0.0,1,0.0,0.13779650854375647,0.21840229877215644,0.27559301708751294,0.3199535845651346,0.35619880731591286,0.3868437065026674,0.4133895256312694,0.4368045975443129,0.45775009310889114,0.47669759859409566,0.4939953158596694,0.5099076732364848,0.5246402150464239,0.538355883337291,0.5511860341750259,0.5632381083266396,0.5746011060880692,0.5853495798994872,0.5955466016526475,0.6052460052748239,0.6144941071378521,0.6233310437260219,0.6317918244034259,0.6399071691302692,0.6477041817802413,0.6552068963164692,0.6624367235901804,0.669412819700503,0.6761523918810475
DVN,2,1.8136548015563265,0.19879833952789114,3,5.6564,1,0.0,0.13779650854375647,0.21840229877215644,0.27559301708751294,0.3199535845651346,0.35619880731591286,0.3868437065026674,0.4133895256312694,0.4368045975443129,0.45775009310889114,0.47669759859409566,0.4939953158596694,0.5099076732364848,0.5246402150464239,0.538355883337291,0.5511860341750259,0.5632381083266396,0.5746011060880692,0.5853495798994872,0.5955466016526475,0.6052460052748239,0.6144941071378521,0.6233310437260219,0.6317918244034259,0.6399071691302692,0.6477041817802413,0.6552068963164692,0.6624367235901804,0.669412819700503,0.6761523918810475
DXCM,4,0.6267648251214571,0.19879833952789114,0,0.0,1,0.0,0.13779650854375647,0.21840229877215644,0.27559301708751294,0.3199535845651346,0.35619880731591286,0.3868437065026674,0.4133895256312694,0.4368045975443129,0.45775009310889114,0.47669759859409566,0.4939953158596694,0.5099076732364848,0.5246402150464239,0.538355883337291,0.5511860341750259,0.5632381083266396,0.5746011060880692,0.5853495798994872,0.5955466016526475,0.6052460052748239,0.6144941071378521,0.6233310437260219,0.6317918244034259,0.6399071691302692,0.6477041817802413,0.6552068963164692,0.6624367235901804,0.669412819700503,0.6761523918810475
EBAY,1,0.36155752456884444,0.20607784482821315,7,24.742,1,0.0,0.14284227711854586,0.22639965275051482,0.2856845542370917,0.3316694963792378,0.3692419298690607,0.40100896974666594,0.4285268313556375,0.45279930550102965,0.47451177349778373,0.4941530899420485,0.5120842069876065,0.5285792356791836,0.5438512468652118,0.5580691491297527,0.5713691084741834,0.5838624998816397,0.5956415826195754,0.606783639054804,0.6173540506163295,0.6274086224971808,0.6369953670605943,0.6461558904900071,0.6549264841061524,0.6633389927584756,0.6714215127977294,0.6791989582515444,0.6866935239837576,0.6939250675426418,0.7009114262482985
ECHO,4,0.7506492964814604,0.19879833952789114,0,0.0,1,0.0,0.13779650854375647,0.21840229877215644,0.27559301708751294,0.3199535845651346,0.35619880731591286,0.3868437065026674,0.4133895256312694,0.4368045975443129,0.45775009310889114,0.47669759859409566,0.4939953158596694,0.5099076732364848,0.5246402150464239,0.538355883337291,0.5511860341750259,0.5632381083266396,0.5746011060880692,0.5853495798994872,0.5955466016526475,0.6052460052748239,0.6144941071378521,0.6233310437260219,0.6317918244034259,0.6399071691302692,0.6477041817802413,0.6552068963164692,0.6624367235901804,0.669412819700503,0.6761523918810475
ECL,1,0.25909175755942526,0.12373468807664076,6,28.9993,1,0.0,0.08576635017778782,0.13593644885551298,0.17153270035557563,0.19914329807375325,0.22170279903330078,0.24077658531852872,0.25729905053336344,0.27187289771102596,0.28490964825154114,0.2967028236201578,0.30746914921108864,0.3173732086778834,0.3265429354963165,0.33507974692926623,0.34306540071115127,0.35056676938137216,0.35763924788881374,0.36432923864786204,0.3706759984293289,0.37671303417404167,0.38246917379794565,0.38796939877410463,0.3932354993888765,0.3982865961475065,0.4031395588556712,0.4078093465665389,0.41230928567410435,0.41665129918514954,0.42084609710705406
ED,1,0.2583487113884835,0.2060548003709993,29,34.8255,1,0.0,0.14282630391800052,0.22637433582663402,0.28565260783600105,0.3316324077561264,0.3692006397446345,0.40096412730349407,0.42847891175400155,0.45274867165326804,0.47445871167412695,0.49409783174703115,0.5120269436626351,0.5285201278134599,0.5437904312214945,0.5580067435827604,0.5713052156720021,0.5837972100179549,0.5955749755712685,0.6067157860567298,0.6172850155921275,0.6273384631301281,0.6369241356650317,0.6460836347277039,0.6548532475806357,0.6632648155122528,0.6713464317314605,0.679123007479902,0.6866167351394951,0.6938474700379613,0.7008330475007609
EFX,1,0.30289687186172776,0.33922811660509455,4,10.8665,1,0.0,0.23513501259148165,0.3726801775640953,0.4702700251829633,0.5459665918278549,0.607815190155577,0.6601074349467727,0.7054050377744449,0.7453603551281907,0.7811016044193367,0.8134334972076507,0.8429502027470587,0.8701029397191246,0.8952424475382543,0.9186467693919502,0.9405400503659266,0.961105626644612,0.9804953677196723,0.9988364893612588,1.0162366170108181,1.0327876125108681,1.0485685097991324,1.0636477974958132,1.0780852153385403,1.0919331836557098,1.1052379523106062,1.118040532692286,1.130377460129736,1.1422814224585003,1.153781781983432
EG,4,0.32868021915692064,0.19879833952789114,0,0.0,1,0.0,0.13779650854375647,0.21840229877215644,0.27559301708751294,0.3199535845651346,0.35619880731591286,0.3868437065026674,0.4133895256312694,0.4368045975443129,0.45775009310889114,0.47669759859409566,0.4939953158596694,0.5099076732364848,0.5246402150464239,0.538355883337291,0.5511860341750259,0.5632381083266396,0.5746011060880692,0.5853495798994872,0.5955466016526475,0.6052460052748239,0.6144941071378521,0.6233310437260219,0.6317918244034259,0.6399071691302692,0.6477041817802413,0.6552068963164692,0.6624367235901804,0.669412819700503,0.6761523918810475
EIX,1,0.6612914544333923,0.1440296819425231,10,26.5325,1,0.0,0.09983376795540555,0.15823277851501524,0.1996675359108111,0.23180683063412183,0.25806654647042077,0.2802688198571645,0.29950130386621665,0.3164655570300305,0.33164059858952744,0.34536809347262903,0.35790031442582637,0.3694288401538641,0.38010258781257006,0.39003960914913705,0.3993350718216222,0.4080668168197291,0.416299324985436,0.4240866096685098,0.43147436654493293,0.4385015983721797,0.4452018614280346,0.4516042346528963,0.4577340823812319,0.46361366126824366,0.46926260810926973,0.4746983355450457,0.4799363557679756,0.4849905473993362,0.48987337710454265
EL,1,0.29354314188151637,0.17546482470281555,4,20.5695,1,0.0,0.12162294853020164,0.19276781264750886,0.24324589706040328,0.2823997411753148,0.3143907611777105,0.34143878319142024,0.3648688455906049,0.3855356252950177,0.4040226897055165,0.4207462736972762,0.43601370970791214,0.45005838937858794,0.46306173172162185,0.47516755382282366,0.48649179412080656,0.4971292827605018,0.5071585738252193,0.5166454693275766,0.5256456382357181,0.534206595838929,0.5423692222274779,0.5501689429547003,0.5576366582381138,0.5647994823506296,0.5716813379087896,0.5783034379425266,0.5846846802518235,0.5908419725310985,0.5967905023530253
ELV,2,0.29075257645208785,0.19879833952789114,6,26.4942,1,0.0,0.13779650854375647,0.21840229877215644,0.27559301708751294,0.3199535845651346,0.35619880731591286,0.3868437065026674,0.4133895256312694,0.4368045975443129,0.45775009310889114,0.47669759859409566,0.4939953158596694,0.5099076732364848,0.5246402150464239,0.538355883337291,0.5511860341750259,0.5632381083266396,0.5746011060880692,0.5853495798994872,0.5955466016526475,0.6052460052748239,0.6144941071378521,0.6233310437260219,0.6317918244034259,0.6399071691302692,0.6477041817802413,0.6552068963164692,0.6624367235901804,0.669412819700503,0.6761523918810475
EME,4,0.43865016372499527,0.19879833952789114,0,0.0,1,0.0,0.13779650854375647,0.21840229877215644,0.27559301708751294,0.3199535845651346,0.35619880731591286,0.3868437065026674,0.4133895256312694,0.4368045975443129,0.45775009310889114,0.47669759859409566,0.4939953158596694,0.5099076732364848,0.5246402150464239,0.538355883337291,0.5511860341750259,0.5632381083266396,0.5746011060880692,0.5853495798994872,0.5955466016526475,0.6052460052748239,0.6144941071378521,0.6233310437260219,0.6317918244034259,0.6399071691302692,0.6477041817802413,0.6552068963164692,0.6624367235901804,0.669412819700503,0.6761523918810475
EMR,2,0.08585055315465534,0.19879833952789114,3,25.3388,1,0.0,0.13779650854375647,0.21840229877215644,0.27559301708751294,0.3199535845651346,0.35619880731591286,0.3868437065026674,0.4133895256312694,0.4368045975443129,0.45775009310889114,0.47669759859409566,0.4939953158596694,0.5099076732364848,0.5246402150464239,0.538355883337291,0.5511860341750259,0.5632381083266396,0.5746011060880692,0.5853495798994872,0.5955466016526475,0.6052460052748239,0.6144941071378521,0.6233310437260219,0.6317918244034259,0.6399071691302692,0.6477041817802413,0.6552068963164692,0.6624367235901804,0.669412819700503,0.6761523918810475
EOG,4,0.33623902142039497,0.19879833952789114,0,0.0,1,0.0,0.13779650854375647,0.21840229877215644,0.27559301708751294,0.3199535845651346,0.35619880731591286,0.3868437065026674,0.4133895256312694,0.4368045975443129,0.45775009310889114,0.47669759859409566,0.4939953158596694,0.5099076732364848,0.5246402150464239,0.538355883337291,0.5511860341750259,0.5632381083266396,0.5746011060880692,0.5853495798994872,0.5955466016526475,0.6052460052748239,0.6144941071378521,0.6233310437260219,0.6317918244034259,0.6399071691302692,0.6477041817802413,0.6552068963164692,0.6624367235901804,0.669412819700503,0.6761523918810475
EQIX,2,0.35092780094303355,0.19879833952789114,3,25.4921,1,0.0,0.13779650854375647,0.21840229877215644,0.27559301708751294,0.3199535845651346,0.35619880731591286,0.3868437065026674,0.4133895256312694,0.4368045975443129,0.45775009310889114,0.47669759859409566,0.4939953158596694,0.5099076732364848,0.5246402150464239,0.538355883337291,0.5511860341750259,0.5632381083266396,0.5746011060880692,0.5853495798994872,0.5955466016526475,0.6052460052748239,0.6144941071378521,0.6233310437260219,0.6317918244034259,0.6399071691302692,0.6477041817802413,0.6552068963164692,0.6624367235901804,0.669412819700503,0.6761523918810475
EQR,4,0.25704823006048827,0.19879833952789114,0,0.0,1,0.0,0.13779650854375647,0.21840229877215644,0.27559301708751294,0.3199535845651346,0.35619880731591286,0.3868437065026674,0.4133895256312694,0.4368045975443129,0.45775009310889114,0.47669759859409566,0.4939953158596694,0.5099076732364848,0.5246402150464239,0.538355883337291,0.5511860341750259,0.5632381083266396,0.5746011060880692,0.5853495798994872,0.5955466016526475,0.6052460052748239,0.6144941071378521,0.6233310437260219,0.6317918244034259,0.6399071691302692,0.6477041817802413,0.6552068963164692,0.6624367235901804,0.669412819700503,0.6761523918810475
EQT,2,0.6648642381844808,0.19879833952789114,2,3.4552,1,0.0,0.13779650854375647,0.21840229877215644,0.27559301708751294,0.3199535845651346,0.35619880731591286,0.3868437065026674,0.4133895256312694,0.4368045975443129,0.45775009310889114,0.47669759859409566,0.4939953158596694,0.5099076732364848,0.5246402150464239,0.538355883337291,0.5511860341750259,0.5632381083266396,0.5746011060880692,0.5853495798994872,0.5955466016526475,0.6052460052748239,0.6144941071378521,0.6233310437260219,0.6317918244034259,0.6399071691302692,0.6477041817802413,0.6552068963164692,0.6624367235901804,0.669412819700503,0.6761523918810475
ERIE,4,0.40771330762844393,0.19879833952789114,0,0.0,1,0.0,0.13779650854375647,0.21840229877215644,0.27559301708751294,0.3199535845651346,0.35619880731591286,0.3868437065026674,0.4133895256312694,0.4368045975443129,0.45775009310889114,0.47669759859409566,0.4939953158596694,0.5099076732364848,0.5246402150464239,0.538355883337291,0.5511860341750259,0.5632381083266396,0.5746011060880692,0.5853495798994872,0.5955466016526475,0.6052460052748239,0.6144941071378521,0.6233310437260219,0.6317918244034259,0.6399071691302692,0.6477041817802413,0.6552068963164692,0.6624367235901804,0.669412819700503,0.6761523918810475
ES,2,0.4208139457332471,0.19879833952789114,3,23.4114,1,0.0,0.13779650854375647,0.21840229877215644,0.27559301708751294,0.3199535845651346,0.35619880731591286,0.3868437065026674,0.4133895256312694,0.4368045975443129,0.45775009310889114,0.47669759859409566,0.4939953158596694,0.5099076732364848,0.5246402150464239,0.538355883337291,0.5511860341750259,0.5632381083266396,0.5746011060880692,0.5853495798994872,0.5955466016526475,0.6052460052748239,0.6144941071378521,0.6233310437260219,0.6317918244034259,0.6399071691302692,0.6477041817802413,0.6552068963164692,0.6624367235901804,0.669412819700503,0.6761523918810475
ESS,4,0.2802224930661579,0.19879833952789114,0,0.0,1,0.0,0.13779650854375647,0.21840229877215644,0.27559301708751294,0.3199535845651346,0.35619880731591286,0.3868437065026674,0.4133895256312694,0.4368045975443129,0.45775009310889114,0.47669759859409566,0.4939953158596694,0.5099076732364848,0.5246402150464239,0.538355883337291,0.5511860341750259,0.5632381083266396,0.5746011060880692,0.5853495798994872,0.5955466016526475,0.6052460052748239,0.6144941071378521,0.6233310437260219,0.6317918244034259,0.6399071691302692,0.6477041817802413,0.6552068963164692,0.6624367235901804,0.669412819700503,0.6761523918810475
ETN,1,0.23553618852196528,0.11106686367526698,6,26.0534,1,0.0,0.07698568341014711,0.122019421297474,0.15397136682029422,0.1787552212141245,0.19900510470762112,0.21612613724944493,0.23095705023044133,0.244038842594948,0.2557409046242716,0.26632670737146374,0.2759907881177682,0.28488088061914413,0.293111820659592,0.3007746425115985,0.30794273364058844,0.31467612024723907,0.32102452600509507,0.3270296026992213,0.33272658803441874,0.3381455585469189,0.3433123907816109,0.348249508635191,0.35297647152791534,0.357510442428249,0.3618665640292913,0.366058263892422,0.3700975040697392,0.3739949869034027,0.37776032592174563
ETR,1,0.25723972693848207,0.19018255423738953,19,26.0753,1,0.0,0.13182450126133544,0.20893689117548542,0.26364900252267087,0.30608701307320924,0.34076139243682085,0.3700781624637989,0.39547350378400625,0.41787378235097083,0.4379115143345447,0.4560378477745561,0.4725858936981563,0.4878086202915861,0.5019026637251343,0.5150239042486947,0.5272980050453417,0.5388277504720671,0.5496982836123062,0.5599809258540054,0.5697360155958802,0.5790150536392843,0.5878623490358915,0.5963162987819667,0.6044103949594918,0.6121740261464185,0.6196331215529216,0.6268106735264563,0.6337271649864697,0.6404009218197382,0.6468484055100301
EVRG,2,0.5541502526743655,0.19879833952789114,2,26.5708,1,0.0,0.13779650854375647,0.21840229877215644,0.27559301708751294,0.3199535845651346,0.35619880731591286,0.3868437065026674,0.4133895256312694,0.4368045975443129,0.45775009310889114,0.47669759859409566,0.4939953158596694,0.5099076732364848,0.5246402150464239,0.538355883337291,0.5511860341750259,0.5632381083266396,0.5746011060880692,0.5853495798994872,0.5955466016526475,0.6052460052748239,0.6144941071378521,0.6233310437260219,0.6317918244034259,0.6399071691302692,0.6477041817802413,0.6552068963164692,0.6624367235901804,0.669412819700503,0.6761523918810475
EW,4,0.3894891934847804,0.19879833952789114,0,0.0,1,0.0,0.13779650854375647,0.21840229877215644,0.27559301708751294,0.3199535845651346,0.35619880731591286,0.3868437065026674,0.4133895256312694,0.4368045975443129,0.45775009310889114,0.47669759859409566,0.4939953158596694,0.5099076732364848,0.5246402150464239,0.538355883337291,0.5511860341750259,0.5632381083266396,0.5746011060880692,0.5853495798994872,0.5955466016526475,0.6052460052748239,0.6144941071378521,0.6233310437260219,0.6317918244034259,0.6399071691302692,0.6477041817802413,0.6552068963164692,0.6624367235901804,0.669412819700503,0.6761523918810475
EXC,1,0.3606292565996033,0.18138671041921248,24,26.5736,1,0.0,0.1257276869181204,0.1992736690676307,0.2514553738362408,0.291930648560386,0.32500135598575103,0.3529622407085027,0.37718306075436114,0.3985473381352614,0.41765833547850645,0.4349463354626766,0.45072904290387145,0.4652477263418209,0.47868992762662305,0.4912043176280167,0.5029107476724816,0.5139072483941735,0.5242750250533817,0.5340821004611047,0.5433860223966267,0.5522359097761333,0.560674022380797,0.5687369813658564,0.5764567298219918,0.583861297120772,0.5909754132599413,0.597821007202892,0.6044176145447434,0.6107827136095784,0.6169320045461371
EXE,4,0.3753659628607232,0.19879833952789114,0,0.0,1,0.0,0.13779650854375647,0.21840229877215644,0.27559301708751294,0.3199535845651346,0.35619880731591286,0.3868437065026674,0.4133895256312694,0.4368045975443129,0.45775009310889114,0.47669759859409566,0.4939953158596694,0.5099076732364848,0.5246402150464239,0.538355883337291,0.5511860341750259,0.5632381083266396,0.5746011060880692,0.5853495798994872,0.5955466016526475,0.6052460052748239,0.6144941071378521,0.6233310437260219,0.6317918244034259,0.6399071691302692,0.6477041817802413,0.6552068963164692,0.6624367235901804,0.669412819700503,0.6761523918810475
EXPD,4,0.360413240597478,0.19879833952789114,0,0.0,1,0.0,0.13779650854375647,0.21840229877215644,0.27559301708751294,0.3199535845651346,0.35619880731591286,0.3868437065026674,0.4133895256312694,0.4368045975443129,0.45775009310889114,0.47669759859409566,0.4939953158596694,0.5099076732364848,0.5246402150464239,0.538355883337291,0.5511860341750259,0.5632381083266396,0.5746011060880692,0.5853495798994872,0.5955466016526475,0.6052460052748239,0.6144941071378521,0.6233310437260219,0.6317918244034259,0.6399071691302692,0.6477041817802413,0.6552068963164692,0.6624367235901804,0.669412819700503,0.6761523918810475
EXPE,2,0.47423600043650527,0.19879833952789114,4,4.5695,1,0.0,0.13779650854375647,0.21840229877215644,0.27559301708751294,0.3199535845651346,0.35619880731591286,0.3868437065026674,0.4133895256312694,0.4368045975443129,0.45775009310889114,0.47669759859409566,0.4939953158596694,0.5099076732364848,0.5246402150464239,0.538355883337291,0.5511860341750259,0.5632381083266396,0.5746011060880692,0.5853495798994872,0.5955466016526475,0.6052460052748239,0.6144941071378521,0.6233310437260219,0.6317918244034259,0.6399071691302692,0.6477041817802413,0.6552068963164692,0.6624367235901804,0.669412819700503,0.6761523918810475
EXR,2,0.4517613261449947,0.19879833952789114,3,5.5715,1,0.0,0.13779650854375647,0.21840229877215644,0.27559301708751294,0.3199535845651346,0.35619880731591286,0.3868437065026674,0.4133895256312694,0.4368045975443129,0.45775009310889114,0.47669759859409566,0.4939953158596694,0.5099076732364848,0.5246402150464239,0.538355883337291,0.5511860341750259,0.5632381083266396,0.5746011060880692,0.5853495798994872,0.5955466016526475,0.6052460052748239,0.6144941071378521,0.6233310437260219,0.6317918244034259,0.6399071691302692,0.6477041817802413,0.6552068963164692,0.6624367235901804,0.669412819700503,0.6761523918810475
F,1,0.6543053860883865,0.41234440892239693,12,70.7379,1,0.0,0.28581536446421657,0.45300663480573344,0.5716307289284331,0.6636427246999355,0.73882199926995,0.8023851702283065,0.8574460933926497,0.9060132696114669,0.9494580891641522,0.9887587089198538,1.0246373637341666,1.0576425267183591,1.088200534692523,1.116649359505669,1.1432614578568663,1.168259681705908,1.1918286340756834,1.2141229504724516,1.2352734536283687,1.2553918050340398,1.2745740733840705,1.2929035091468997,1.3104527281983833,1.327285449399871,1.3434578911825759,1.3590199044172002,1.3740158991567397,1.3884856086826247,1.4024647239698855
FANG,2,0.5192815399109596,0.19879833952789114,2,26.5708,1,0.0,0.13779650854375647,0.21840229877215644,0.27559301708751294,0.3199535845651346,0.35619880731591286,0.3868437065026674,0.4133895256312694,0.4368045975443129,0.45775009310889114,0.47669759859409566,0.4939953158596694,0.5099076732364848,0.5246402150464239,0.538355883337291,0.5511860341750259,0.5632381083266396,0.5746011060880692,0.5853495798994872,0.5955466016526475,0.6052460052748239,0.6144941071378521,0.6233310437260219,0.6317918244034259,0.6399071691302692,0.6477041817802413,0.6552068963164692,0.6624367235901804,0.669412819700503,0.6761523918810475
FAST,4,0.3033110903052982,0.19879833952789114,0,0.0,1,0.0,0.13779650854375647,0.21840229877215644,0.27559301708751294,0.3199535845651346,0.35619880731591286,0.3868437065026674,0.4133895256312694,0.4368045975443129,0.45775009310889114,0.47669759859409566,0.4939953158596694,0.5099076732364848,0.5246402150464239,0.538355883337291,0.5511860341750259,0.5632381083266396,0.5746011060880692,0.5853495798994872,0.5955466016526475,0.6052460052748239,0.6144941071378521,0.6233310437260219,0.6317918244034259,0.6399071691302692,0.6477041817802413,0.6552068963164692,0.6624367235901804,0.669412819700503,0.6761523918810475
FCX,2,0.6349959501082317,0.19879833952789114,8,16.5695,1,0.0,0.13779650854375647,0.21840229877215644,0.27559301708751294,0.3199535845651346,0.35619880731591286,0.3868437065026674,0.4133895256312694,0.4368045975443129,0.45775009310889114,0.47669759859409566,0.4939953158596694,0.5099076732364848,0.5246402150464239,0.538355883337291,0.5511860341750259,0.5632381083266396,0.5746011060880692,0.5853495798994872,0.5955466016526475,0.6052460052748239,0.6144941071378521,0.6233310437260219,0.6317918244034259,0.6399071691302692,0.6477041817802413,0.6552068963164692,0.6624367235901804,0.669412819700503,0.6761523918810475
FDS,2,0.7130859085744617,0.19879833952789114,2,5.5332,1,0.0,0.13779650854375647,0.21840229877215644,0.27559301708751294,0.3199535845651346,0.35619880731591286,0.3868437065026674,0.4133895256312694,0.4368045975443129,0.45775009310889114,0.47669759859409566,0.4939953158596694,0.5099076732364848,0.5246402150464239,0.538355883337291,0.5511860341750259,0.5632381083266396,0.5746011060880692,0.5853495798994872,0.5955466016526475,0.6052460052748239,0.6144941071378521,0.6233310437260219,0.6317918244034259,0.6399071691302692,0.6477041817802413,0.6552068963164692,0.6624367235901804,0.669412819700503,0.6761523918810475
FDX,1,0.20498909953270916,0.3234712031887172,19,38.4586,1,0.0,0.2242131524825925,0.3553694388533838,0.448426304965185,0.5206068179925957,0.5795825913359762,0.6294458972120582,0.6726394574477775,0.7107388777067676,0.7448199704751883,0.7756500690126262,0.8037957438185688,0.8296872547762104,0.8536590496946507,0.8759762568459795,0.89685260993037,0.9164629292921932,0.9349520301893599,0.9524412193067266,0.9690331229577807,0.9848153360654419,0.9998632214952188,1.0142420866178654,1.0280088963011613,1.0412136359851913,1.053900407258803,1.0661083165601513,1.077872202177243,1.089223233618075,1.100189409328572
FE,2,0.6076688984882527,0.19879833952789114,2,9.9055,1,0.0,0.13779650854375647,0.21840229877215644,0.27559301708751294,0.3199535845651346,0.35619880731591286,0.3868437065026674,0.4133895256312694,0.4368045975443129,0.45775009310889114,0.47669759859409566,0.4939953158596694,0.5099076732364848,0.5246402150464239,0.538355883337291,0.5511860341750259,0.5632381083266396,0.5746011060880692,0.5853495798994872,0.5955466016526475,0.6052460052748239,0.6144941071378521,0.6233310437260219,0.6317918244034259,0.6399071691302692,0.6477041817802413,0.6552068963164692,0.6624367235901804,0.669412819700503,0.6761523918810475
FERG,4,0.3349989668603692,0.19879833952789114,0,0.0,1,0.0,0.13779650854375647,0.21840229877215644,0.27559301708751294,0.3199535845651346,0.35619880731591286,0.3868437065026674,0.4133895256312694,0.4368045975443129,0.45775009310889114,0.47669759859409566,0.4939953158596694,0.5099076732364848,0.5246402150464239,0.538355883337291,0.5511860341750259,0.5632381083266396,0.5746011060880692,0.5853495798994872,0.5955466016526475,0.6052460052748239,0.6144941071378521,0.6233310437260219,0.6317918244034259,0.6399071691302692,0.6477041817802413,0.6552068963164692,0.6624367235901804,0.669412819700503,0.6761523918810475
FFIV,4,0.35547729838070247,0.19879833952789114,0,0.0,1,0.0,0.13779650854375647,0.21840229877215644,0.27559301708751294,0.3199535845651346,0.35619880731591286,0.3868437065026674,0.4133895256312694,0.4368045975443129,0.45775009310889114,0.47669759859409566,0.4939953158596694,0.5099076732364848,0.5246402150464239,0.538355883337291,0.5511860341750259,0.5632381083266396,0.5746011060880692,0.5853495798994872,0.5955466016526475,0.6052460052748239,0.6144941071378521,0.6233310437260219,0.6317918244034259,0.6399071691302692,0.6477041817802413,0.6552068963164692,0.6624367235901804,0.669412819700503,0.6761523918810475
FICO,4,0.5948738422133205,0.19879833952789114,0,0.0,1,0.0,0.13779650854375647,0.21840229877215644,0.27559301708751294,0.3199535845651346,0.35619880731591286,0.3868437065026674,0.4133895256312694,0.4368045975443129,0.45775009310889114,0.47669759859409566,0.4939953158596694,0.5099076732364848,0.5246402150464239,0.538355883337291,0.5511860341750259,0.5632381083266396,0.5746011060880692,0.5853495798994872,0.5955466016526475,0.6052460052748239,0.6144941071378521,0.6233310437260219,0.6317918244034259,0.6399071691302692,0.6477041817802413,0.6552068963164692,0.6624367235901804,0.669412819700503,0.6761523918810475
FIS,2,0.6776621681154428,0.19879833952789114,2,5.9055,1,0.0,0.13779650854375647,0.21840229877215644,0.27559301708751294,0.3199535845651346,0.35619880731591286,0.3868437065026674,0.4133895256312694,0.4368045975443129,0.45775009310889114,0.47669759859409566,0.4939953158596694,0.5099076732364848,0.5246402150464239,0.538355883337291,0.5511860341750259,0.5632381083266396,0.5746011060880692,0.5853495798994872,0.5955466016526475,0.6052460052748239,0.6144941071378521,0.6233310437260219,0.6317918244034259,0.6399071691302692,0.6477041817802413,0.6552068963164692,0.6624367235901804,0.669412819700503,0.6761523918810475
FISV,1,0.5938240875375796,0.16227448636703534,5,22.8665,1,0.0,0.11248010270212383,0.17827674486013068,0.22496020540424766,0.26117071057987723,0.2907568475622545,0.3157715699543521,0.33744030810637143,0.35655348972026135,0.3736508132820011,0.38911722375529767,0.40323695026437834,0.4162258395395282,0.42825167265647596,0.4394474554400079,0.4499204108084953,0.45975824017495304,0.4690335924223851,0.47780732298331197,0.4861309159841249,0.4940483148144828,0.5015973264574215,0.508810713396713,0.5157170529665022,0.5223414211597545,0.528705942241652,0.534830234580392,0.5407317753585998,0.5464262012569151,0.5519275581421318
FITB,2,0.3382975202744268,0.19879833952789114,3,11.5318,1,0.0,0.13779650854375647,0.21840229877215644,0.27559301708751294,0.3199535845651346,0.35619880731591286,0.3868437065026674,0.4133895256312694,0.4368045975443129,0.45775009310889114,0.47669759859409566,0.4939953158596694,0.5099076732364848,0.5246402150464239,0.538355883337291,0.5511860341750259,0.5632381083266396,0.5746011060880692,0.5853495798994872,0.5955466016526475,0.6052460052748239,0.6144941071378521,0.6233310437260219,0.6317918244034259,0.6399071691302692,0.6477041817802413,0.6552068963164692,0.6624367235901804,0.669412819700503,0.6761523918810475
FIX,4,0.5125021160599184,0.19879833952789114,0,0.0,1,0.0,0.13779650854375647,0.21840229877215644,0.27559301708751294,0.3199535845651346,0.35619880731591286,0.3868437065026674,0.4133895256312694,0.4368045975443129,0.45775009310889114,0.47669759859409566,0.4939953158596694,0.5099076732364848,0.5246402150464239,0.538355883337291,0.5511860341750259,0.5632381083266396,0.5746011060880692,0.5853495798994872,0.5955466016526475,0.6052460052748239,0.6144941071378521,0.6233310437260219,0.6317918244034259,0.6399071691302692,0.6477041817802413,0.6552068963164692,0.6624367235901804,0.669412819700503,0.6761523918810475
FLEX,4,0.44225382987207407,0.19879833952789114,0,0.0,1,0.0,0.13779650854375647,0.21840229877215644,0.27559301708751294,0.3199535845651346,0.35619880731591286,0.3868437065026674,0.4133895256312694,0.4368045975443129,0.45775009310889114,0.47669759859409566,0.4939953158596694,0.5099076732364848,0.5246402150464239,0.538355883337291,0.5511860341750259,0.5632381083266396,0.5746011060880692,0.5853495798994872,0.5955466016526475,0.6052460052748239,0.6144941071378521,0.6233310437260219,0.6317918244034259,0.6399071691302692,0.6477041817802413,0.6552068963164692,0.6624367235901804,0.669412819700503,0.6761523918810475
FOX,4,0.3207228855104859,0.19879833952789114,0,0.0,1,0.0,0.13779650854375647,0.21840229877215644,0.27559301708751294,0.3199535845651346,0.35619880731591286,0.3868437065026674,0.4133895256312694,0.4368045975443129,0.45775009310889114,0.47669759859409566,0.4939953158596694,0.5099076732364848,0.5246402150464239,0.538355883337291,0.5511860341750259,0.5632381083266396,0.5746011060880692,0.5853495798994872,0.5955466016526475,0.6052460052748239,0.6144941071378521,0.6233310437260219,0.6317918244034259,0.6399071691302692,0.6477041817802413,0.6552068963164692,0.6624367235901804,0.669412819700503,0.6761523918810475
FOXA,4,0.3254729092854491,0.19879833952789114,0,0.0,1,0.0,0.13779650854375647,0.21840229877215644,0.27559301708751294,0.3199535845651346,0.35619880731591286,0.3868437065026674,0.4133895256312694,0.4368045975443129,0.45775009310889114,0.47669759859409566,0.4939953158596694,0.5099076732364848,0.5246402150464239,0.538355883337291,0.5511860341750259,0.5632381083266396,0.5746011060880692,0.5853495798994872,0.5955466016526475,0.6052460052748239,0.6144941071378521,0.6233310437260219,0.6317918244034259,0.6399071691302692,0.6477041817802413,0.6552068963164692,0.6624367235901804,0.669412819700503,0.6761523918810475
FRT,2,0.478217448001835,0.19879833952789114,2,18.2861,1,0.0,0.13779650854375647,0.21840229877215644,0.27559301708751294,0.3199535845651346,0.35619880731591286,0.3868437065026674,0.4133895256312694,0.4368045975443129,0.45775009310889114,0.47669759859409566,0.4939953158596694,0.5099076732364848,0.5246402150464239,0.538355883337291,0.5511860341750259,0.5632381083266396,0.5746011060880692,0.5853495798994872,0.5955466016526475,0.6052460052748239,0.6144941071378521,0.6233310437260219,0.6317918244034259,0.6399071691302692,0.6477041817802413,0.6552068963164692,0.6624367235901804,0.669412819700503,0.6761523918810475
FSLR,4,0.6511715678377683,0.19879833952789114,0,0.0,1,0.0,0.13779650854375647,0.21840229877215644,0.27559301708751294,0.3199535845651346,0.35619880731591286,0.3868437065026674,0.4133895256312694,0.4368045975443129,0.45775009310889114,0.47669759859409566,0.4939953158596694,0.5099076732364848,0.5246402150464239,0.538355883337291,0.5511860341750259,0.5632381083266396,0.5746011060880692,0.5853495798994872,0.5955466016526475,0.6052460052748239,0.6144941071378521,0.6233310437260219,0.6317918244034259,0.6399071691302692,0.6477041817802413,0.6552068963164692,0.6624367235901804,0.669412819700503,0.6761523918810475
FTNT,4,0.5015871383608707,0.19879833952789114,0,0.0,1,0.0,0.13779650854375647,0.21840229877215644,0.27559301708751294,0.3199535845651346,0.35619880731591286,0.3868437065026674,0.4133895256312694,0.4368045975443129,0.45775009310889114,0.47669759859409566,0.4939953158596694,0.5099076732364848,0.5246402150464239,0.538355883337291,0.5511860341750259,0.5632381083266396,0.5746011060880692,0.5853495798994872,0.5955466016526475,0.6052460052748239,0.6144941071378521,0.6233310437260219,0.6317918244034259,0.6399071691302692,0.6477041817802413,0.6552068963164692,0.6624367235901804,0.669412819700503,0.6761523918810475
FTV,4,0.2781713972530946,0.19879833952789114,0,0.0,1,0.0,0.13779650854375647,0.21840229877215644,0.27559301708751294,0.3199535845651346,0.35619880731591286,0.3868437065026674,0.4133895256312694,0.4368045975443129,0.45775009310889114,0.47669759859409566,0.4939953158596694,0.5099076732364848,0.5246402150464239,0.538355883337291,0.5511860341750259,0.5632381083266396,0.5746011060880692,0.5853495798994872,0.5955466016526475,0.6052460052748239,0.6144941071378521,0.6233310437260219,0.6317918244034259,0.6399071691302692,0.6477041817802413,0.6552068963164692,0.6624367235901804,0.669412819700503,0.6761523918810475
GD,1,0.16304743242426725,0.14186218553217642,7,23.6167,1,0.0,0.09833137392969994,0.15585154032296433,0.19666274785939988,0.22831837973624503,0.25418291425266426,0.2760510665942299,0.29499412178909984,0.31170308064592867,0.326649753665945,0.34017066407645125,0.35251428818236424,0.3638693216288452,0.3743824405239298,0.38416992005920936,0.39332549571879977,0.4019258370667409,0.4100344545756286,0.4177045487506817,0.42498112759564494,0.43190260691719423,0.4385020380061512,0.4448080621952071,0.45084566211206417,0.45663675947249005,0.46220069555854515,0.467554620968893,0.4727138144536298,0.4776919457752652,0.48250129398890934
GDDY,4,0.459544488329279,0.19879833952789114,0,0.0,1,0.0,0.13779650854375647,0.21840229877215644,0.27559301708751294,0.3199535845651346,0.35619880731591286,0.3868437065026674,0.4133895256312694,0.4368045975443129,0.45775009310889114,0.47669759859409566,0.4939953158596694,0.5099076732364848,0.5246402150464239,0.538355883337291,0.5511860341750259,0.5632381083266396,0.5746011060880692,0.5853495798994872,0.5955466016526475,0.6052460052748239,0.6144941071378521,0.6233310437260219,0.6317918244034259,0.6399071691302692,0.6477041817802413,0.6552068963164692,0.6624367235901804,0.669412819700503,0.6761523918810475
GE,2,4.080124313318125,0.19879833952789114,2,17.5606,1,0.0,0.13779650854375647,0.21840229877215644,0.27559301708751294,0.3199535845651346,0.35619880731591286,0.3868437065026674,0.4133895256312694,0.4368045975443129,0.45775009310889114,0.47669759859409566,0.4939953158596694,0.5099076732364848,0.5246402150464239,0.538355883337291,0.5511860341750259,0.5632381083266396,0.5746011060880692,0.5853495798994872,0.5955466016526475,0.6052460052748239,0.6144941071378521,0.6233310437260219,0.6317918244034259,0.6399071691302692,0.6477041817802413,0.6552068963164692,0.6624367235901804,0.669412819700503,0.6761523918810475
GEHC,4,0.3801358820232255,0.19879833952789114,0,0.0,1,0.0,0.13779650854375647,0.21840229877215644,0.27559301708751294,0.3199535845651346,0.35619880731591286,0.3868437065026674,0.4133895256312694,0.4368045975443129,0.45775009310889114,0.47669759859409566,0.4939953158596694,0.5099076732364848,0.5246402150464239,0.538355883337291,0.5511860341750259,0.5632381083266396,0.5746011060880692,0.5853495798994872,0.5955466016526475,0.6052460052748239,0.6144941071378521,0.6233310437260219,0.6317918244034259,0.6399071691302692,0.6477041817802413,0.6552068963164692,0.6624367235901804,0.669412819700503,0.6761523918810475
GEN,4,0.3143712982491651,0.19879833952789114,0,0.0,1,0.0,0.13779650854375647,0.21840229877215644,0.27559301708751294,0.3199535845651346,0.35619880731591286,0.3868437065026674,0.4133895256312694,0.4368045975443129,0.45775009310889114,0.47669759859409566,0.4939953158596694,0.5099076732364848,0.5246402150464239,0.538355883337291,0.5511860341750259,0.5632381083266396,0.5746011060880692,0.5853495798994872,0.5955466016526475,0.6052460052748239,0.6144941071378521,0.6233310437260219,0.6317918244034259,0.6399071691302692,0.6477041817802413,0.6552068963164692,0.6624367235901804,0.669412819700503,0.6761523918810475
GEV,4,0.4932292655400724,0.19879833952789114,0,0.0,1,0.0,0.13779650854375647,0.21840229877215644,0.27559301708751294,0.3199535845651346,0.35619880731591286,0.3868437065026674,0.4133895256312694,0.4368045975443129,0.45775009310889114,0.47669759859409566,0.4939953158596694,0.5099076732364848,0.5246402150464239,0.538355883337291,0.5511860341750259,0.5632381083266396,0.5746011060880692,0.5853495798994872,0.5955466016526475,0.6052460052748239,0.6144941071378521,0.6233310437260219,0.6317918244034259,0.6399071691302692,0.6477041817802413,0.6552068963164692,0.6624367235901804,0.669412819700503,0.6761523918810475
GILD,1,0.3906770006178057,0.10060434980636773,8,20.5311,1,0.0,0.06973362142035026,0.11052517499074076,0.13946724284070053,0.16191645473415045,0.18025879641109102,0.1957670253273219,0.2092008642610508,0.22105034998148151,0.23165007615450076,0.24123869482364285,0.2499924178314413,0.2580450623936786,0.26550064674767215,0.2724416297248912,0.27893448568140106,0.28503358634150044,0.29078397140183176,0.2962233690435649,0.301383697574851,0.30629220031806265,0.31097231624399313,0.3154443569151789,0.3197260392517916,0.3238329094683009,0.32777868381402886,0.33157552497222226,0.33523426816802243,0.33876460758148264,0.3421752511452415
GIS,1,0.3309139278047679,0.17677734657452712,5,24.4545,1,0.0,0.12253271936500178,0.19420976530491688,0.24506543873000355,0.28451216363654636,0.3167424846699186,0.34399283282244086,0.3675981580950053,0.38841953060983375,0.40704488300154823,0.42389356368889786,0.43927520403492043,0.4534249415100887,0.46652555218744257,0.47872192894146326,0.4901308774600071,0.5008479372418007,0.5109522499748355,0.5205101098876527,0.5295776023665499,0.5382025981273577,0.5464262830538996,0.5542843476917325,0.5618079233999222,0.5690243272730927,0.5759576608750905,0.5826292959147505,0.5890582715524444,0.5952616219564789,0.601254648306465
GL,4,0.27445074683570747,0.19879833952789114,0,0.0,1,0.0,0.13779650854375647,0.21840229877215644,0.27559301708751294,0.3199535845651346,0.35619880731591286,0.3868437065026674,0.4133895256312694,0.4368045975443129,0.45775009310889114,0.47669759859409566,0.4939953158596694,0.5099076732364848,0.5246402150464239,0.538355883337291,0.5511860341750259,0.5632381083266396,0.5746011060880692,0.5853495798994872,0.5955466016526475,0.6052460052748239,0.6144941071378521,0.6233310437260219,0.6317918244034259,0.6399071691302692,0.6477041817802413,0.6552068963164692,0.6624367235901804,0.669412819700503,0.6761523918810475
GLW,2,0.23400760236608398,0.19879833952789114,4,42.2423,1,0.0,0.13779650854375647,0.21840229877215644,0.27559301708751294,0.3199535845651346,0.35619880731591286,0.3868437065026674,0.4133895256312694,0.4368045975443129,0.45775009310889114,0.47669759859409566,0.4939953158596694,0.5099076732364848,0.5246402150464239,0.538355883337291,0.5511860341750259,0.5632381083266396,0.5746011060880692,0.5853495798994872,0.5955466016526475,0.6052460052748239,0.6144941071378521,0.6233310437260219,0.6317918244034259,0.6399071691302692,0.6477041817802413,0.6552068963164692,0.6624367235901804,0.669412819700503,0.6761523918810475
GM,1,0.33116640629668703,0.30655266373280454,12,22.6174,1,0.0,0.21248611455953445,0.33678252350080184,0.4249722291190689,0.4933774791692377,0.5492686380603363,0.596523939577605,0.6374583436786033,0.6735650470016037,0.7058635937287723,0.7350811832286406,0.7617547526198708,0.7862920578695796,0.8090100541371394,0.8301600026700395,0.8499444582381378,0.8685290975437598,0.8860511615611381,0.9026256122621721,0.9183497082883066,0.9333064630784068,0.9475672977881751,0.9611941040118822,0.9742408671794053,0.9867549583384754,0.998778172429114,1.0103475705024054,1.021496168696674,1.0322535062587186,1.042646117229574
GNRC,4,0.44475019906038193,0.19879833952789114,0,0.0,1,0.0,0.13779650854375647,0.21840229877215644,0.27559301708751294,0.3199535845651346,0.35619880731591286,0.3868437065026674,0.4133895256312694,0.4368045975443129,0.45775009310889114,0.47669759859409566,0.4939953158596694,0.5099076732364848,0.5246402150464239,0.538355883337291,0.5511860341750259,0.5632381083266396,0.5746011060880692,0.5853495798994872,0.5955466016526475,0.6052460052748239,0.6144941071378521,0.6233310437260219,0.6317918244034259,0.6399071691302692,0.6477041817802413,0.6552068963164692,0.6624367235901804,0.669412819700503,0.6761523918810475
GOOG,1,0.0360789760375797,0.2104837080949894,5,33.9904,1,0.0,0.14589618881984442,0.23123998827758666,0.29179237763968885,0.3387604597577883,0.3771361770974311,0.40958238379283585,0.4376885664595333,0.4624799765551733,0.4846566485776328,0.5047178886420473,0.5230323659172755,0.5398800518343647,0.5554785726126803,0.5700004480353749,0.5835847552793777,0.5963452504811574,0.6083761653750177,0.6197564345943776,0.6305528373974771,0.6408223720704225,0.6506140774618917,0.6599704492791588,0.66892855473712,0.6775209195155766,0.6857762406542092,0.6937199648327599,0.7013747614325248,0.708760912548348,0.7158966368552194
GOOGL,4,0.29141865282487545,0.19879833952789114,0,0.0,1,0.0,0.13779650854375647,0.21840229877215644,0.27559301708751294,0.3199535845651346,0.35619880731591286,0.3868437065026674,0.4133895256312694,0.4368045975443129,0.45775009310889114,0.47669759859409566,0.4939953158596694,0.5099076732364848,0.5246402150464239,0.538355883337291,0.5511860341750259,0.5632381083266396,0.5746011060880692,0.5853495798994872,0.5955466016526475,0.6052460052748239,0.6144941071378521,0.6233310437260219,0.6317918244034259,0.6399071691302692,0.6477041817802413,0.6552068963164692,0.6624367235901804,0.669412819700503,0.6761523918810475
GPC,4,0.40588728218955206,0.19879833952789114,0,0.0,1,0.0,0.13779650854375647,0.21840229877215644,0.27559301708751294,0.3199535845651346,0.35619880731591286,0.3868437065026674,0.4133895256312694,0.4368045975443129,0.45775009310889114,0.47669759859409566,0.4939953158596694,0.5099076732364848,0.5246402150464239,0.538355883337291,0.5511860341750259,0.5632381083266396,0.5746011060880692,0.5853495798994872,0.5955466016526475,0.6052460052748239,0.6144941071378521,0.6233310437260219,0.6317918244034259,0.6399071691302692,0.6477041817802413,0.6552068963164692,0.6624367235901804,0.669412819700503,0.6761523918810475
GPN,1,0.6767893653402168,0.23688606099158427,8,25.9904,1,0.0,0.16419690529026787,0.26024593761953785,0.32839381058053574,0.38125340748703235,0.42444284290980566,0.46095899025325976,0.4925907158708036,0.5204918752390757,0.5454503127773003,0.5680279658435464,0.5886397482000736,0.6076007499319585,0.6251558955435276,0.6414993451065701,0.6567876211610715,0.6711487490222713,0.6846887805293435,0.6974965516048195,0.709647218067568,0.7212049278727976,0.7322248711338143,0.7427548740733523,0.7528366534903415,0.7625068149740647,0.7717976552222263,0.7807378128586134,0.7893528008337956,0.7976654453588833,0.8056962503968381
GRMN,4,0.34936723929884156,0.19879833952789114,0,0.0,1,0.0,0.13779650854375647,0.21840229877215644,0.27559301708751294,0.3199535845651346,0.35619880731591286,0.3868437065026674,0.4133895256312694,0.4368045975443129,0.45775009310889114,0.47669759859409566,0.4939953158596694,0.5099076732364848,0.5246402150464239,0.538355883337291,0.5511860341750259,0.5632381083266396,0.5746011060880692,0.5853495798994872,0.5955466016526475,0.6052460052748239,0.6144941071378521,0.6233310437260219,0.6317918244034259,0.6399071691302692,0.6477041817802413,0.6552068963164692,0.6624367235901804,0.669412819700503,0.6761523918810475
GS,2,0.5842613424343768,0.19879833952789114,64,19.1732,1,0.0,0.13779650854375647,0.21840229877215644,0.27559301708751294,0.3199535845651346,0.35619880731591286,0.3868437065026674,0.4133895256312694,0.4368045975443129,0.45775009310889114,0.47669759859409566,0.4939953158596694,0.5099076732364848,0.5246402150464239,0.538355883337291,0.5511860341750259,0.5632381083266396,0.5746011060880692,0.5853495798994872,0.5955466016526475,0.6052460052748239,0.6144941071378521,0.6233310437260219,0.6317918244034259,0.6399071691302692,0.6477041817802413,0.6552068963164692,0.6624367235901804,0.669412819700503,0.6761523918810475
GWW,2,3.4246873559483415,0.19879833952789114,3,20.7365,1,0.0,0.13779650854375647,0.21840229877215644,0.27559301708751294,0.3199535845651346,0.35619880731591286,0.3868437065026674,0.4133895256312694,0.4368045975443129,0.45775009310889114,0.47669759859409566,0.4939953158596694,0.5099076732364848,0.5246402150464239,0.538355883337291,0.5511860341750259,0.5632381083266396,0.5746011060880692,0.5853495798994872,0.5955466016526475,0.6052460052748239,0.6144941071378521,0.6233310437260219,0.6317918244034259,0.6399071691302692,0.6477041817802413,0.6552068963164692,0.6624367235901804,0.669412819700503,0.6761523918810475
HAL,2,0.3518461741225577,0.19879833952789114,6,19.2416,1,0.0,0.13779650854375647,0.21840229877215644,0.27559301708751294,0.3199535845651346,0.35619880731591286,0.3868437065026674,0.4133895256312694,0.4368045975443129,0.45775009310889114,0.47669759859409566,0.4939953158596694,0.5099076732364848,0.5246402150464239,0.538355883337291,0.5511860341750259,0.5632381083266396,0.5746011060880692,0.5853495798994872,0.5955466016526475,0.6052460052748239,0.6144941071378521,0.6233310437260219,0.6317918244034259,0.6399071691302692,0.6477041817802413,0.6552068963164692,0.6624367235901804,0.669412819700503,0.6761523918810475
HAS,1,0.19750351550526013,0.39687695343049867,4,17.7413,1,0.0,0.2750941412995709,0.436013898127907,0.5501882825991418,0.6387488154223874,0.7111080394274778,0.7722868916065603,0.8252824238987125,0.872027796255814,0.9138429567219584,0.9516693705136119,0.9862021807270487,1.0179692866928498,1.047381032906131,1.0747627135502944,1.1003765651982835,1.1244370804076662,1.1471219375553847,1.1685799716135843,1.188937098021529,1.2083007897344673,1.2267635118131828,1.2444053919169111,1.2612963220266196,1.2774976308447747,1.2930634279924207,1.3080416943837208,1.322475174205702,1.3364021103042543,1.3498568548498653
HBAN,2,-10.990665966982723,0.19879833952789114,2,3.4634,1,0.0,0.13779650854375647,0.21840229877215644,0.27559301708751294,0.3199535845651346,0.35619880731591286,0.3868437065026674,0.4133895256312694,0.4368045975443129,0.45775009310889114,0.47669759859409566,0.4939953158596694,0.5099076732364848,0.5246402150464239,0.538355883337291,0.5511860341750259,0.5632381083266396,0.5746011060880692,0.5853495798994872,0.5955466016526475,0.6052460052748239,0.6144941071378521,0.6233310437260219,0.6317918244034259,0.6399071691302692,0.6477041817802413,0.6552068963164692,0.6624367235901804,0.669412819700503,0.6761523918810475
HCA,1,0.2603237601560283,0.2810704270307759,12,69.2402,1,0.0,0.19482317403516214,0.30878742511720364,0.3896463480703243,0.4523654013273731,0.5036105991523657,0.5469377965584976,0.5844695221054864,0.6175748502344073,0.6471885753625353,0.6739774483005169,0.698433773187528,0.7209314112140284,0.7417609705936598,0.7611528264445767,0.7792926961406486,0.7963324844831733,0.8123980242695693,0.8275947212403733,0.8420117493976974,0.8557252216757013,0.8688006223356791,0.881294698223734,0.8932569472226901,0.9047308026547461,0.9157545852491905,0.9263622753516109,0.936584144628822,0.9464472768732493,0.9559760004797389
HD,1,0.11058951191355126,0.18072612834348023,28,30.0753,1,0.0,0.12526980631479814,0.19854794548155735,0.2505396126295963,0.2908674827234281,0.32381775179635547,0.3516768073430513,0.3758094189443944,0.3970958909631147,0.4161372890382263,0.43336232882598286,0.44908755811115364,0.46355336677112086,0.4769466136578494,0.48941542820498546,0.5010792252591926,0.5120356784423645,0.5223656972779128,0.53213705684838,0.5414070953530243,0.5502247528246087,0.558632135140781,0.5666657300882514,0.5743573644259518,0.5817349654468562,0.588823173085919,0.595643836444672,0.6022164199726475,0.6085583383406014,0.6146852345197836
HIG,4,0.2532887471321017,0.19879833952789114,0,0.0,1,0.0,0.13779650854375647,0.21840229877215644,0.27559301708751294,0.3199535845651346,0.35619880731591286,0.3868437065026674,0.4133895256312694,0.4368045975443129,0.45775009310889114,0.47669759859409566,0.4939953158596694,0.5099076732364848,0.5246402150464239,0.538355883337291,0.5511860341750259,0.5632381083266396,0.5746011060880692,0.5853495798994872,0.5955466016526475,0.6052460052748239,0.6144941071378521,0.6233310437260219,0.6317918244034259,0.6399071691302692,0.6477041817802413,0.6552068963164692,0.6624367235901804,0.669412819700503,0.6761523918810475
HII,2,0.5156245334505035,0.19879833952789114,3,3.7016,1,0.0,0.13779650854375647,0.21840229877215644,0.27559301708751294,0.3199535845651346,0.35619880731591286,0.3868437065026674,0.4133895256312694,0.4368045975443129,0.45775009310889114,0.47669759859409566,0.4939953158596694,0.5099076732364848,0.5246402150464239,0.538355883337291,0.5511860341750259,0.5632381083266396,0.5746011060880692,0.5853495798994872,0.5955466016526475,0.6052460052748239,0.6144941071378521,0.6233310437260219,0.6317918244034259,0.6399071691302692,0.6477041817802413,0.6552068963164692,0.6624367235901804,0.669412819700503,0.6761523918810475
HLT,2,0.996990913399667,0.19879833952789114,2,3.4086,1,0.0,0.13779650854375647,0.21840229877215644,0.27559301708751294,0.3199535845651346,0.35619880731591286,0.3868437065026674,0.4133895256312694,0.4368045975443129,0.45775009310889114,0.47669759859409566,0.4939953158596694,0.5099076732364848,0.5246402150464239,0.538355883337291,0.5511860341750259,0.5632381083266396,0.5746011060880692,0.5853495798994872,0.5955466016526475,0.6052460052748239,0.6144941071378521,0.6233310437260219,0.6317918244034259,0.6399071691302692,0.6477041817802413,0.6552068963164692,0.6624367235901804,0.669412819700503,0.6761523918810475
HON,1,0.3053211993487429,0.06954039423002922,6,23.7837,1,0.0,0.04820172819557184,0.07639793165993503,0.09640345639114369,0.11192094691942259,0.12459965985550686,0.1353193589015214,0.14460518458671553,0.15279586331987005,0.16012267511499445,0.16675058259272216,0.1728013880510787,0.1783675894979354,0.18352108709709325,0.1883188785793576,0.19280691278228737,0.1970227728834487,0.20099759151544186,0.20475744739749907,0.20832440331056626,0.21171729056145644,0.21495231078829402,0.21804350388168944,0.22100311624665056,0.22384189383884517,0.22656931769350727,0.22919379497980505,0.23172281529266509,0.23416307950639287,0.23652060677492945
HOOD,4,0.6314190376990894,0.19879833952789114,0,0.0,1,0.0,0.13779650854375647,0.21840229877215644,0.27559301708751294,0.3199535845651346,0.35619880731591286,0.3868437065026674,0.4133895256312694,0.4368045975443129,0.45775009310889114,0.47669759859409566,0.4939953158596694,0.5099076732364848,0.5246402150464239,0.538355883337291,0.5511860341750259,0.5632381083266396,0.5746011060880692,0.5853495798994872,0.5955466016526475,0.6052460052748239,0.6144941071378521,0.6233310437260219,0.6317918244034259,0.6399071691302692,0.6477041817802413,0.6552068963164692,0.6624367235901804,0.669412819700503,0.6761523918810475
HPE,4,0.41016555103750796,0.19879833952789114,0,0.0,1,0.0,0.13779650854375647,0.21840229877215644,0.27559301708751294,0.3199535845651346,0.35619880731591286,0.3868437065026674,0.4133895256312694,0.4368045975443129,0.45775009310889114,0.47669759859409566,0.4939953158596694,0.5099076732364848,0.5246402150464239,0.538355883337291,0.5511860341750259,0.5632381083266396,0.5746011060880692,0.5853495798994872,0.5955466016526475,0.6052460052748239,0.6144941071378521,0.6233310437260219,0.6317918244034259,0.6399071691302692,0.6477041817802413,0.6552068963164692,0.6624367235901804,0.669412819700503,0.6761523918810475
HPQ,1,0.3788273284651565,0.25275104494760636,5,15.0746,1,0.0,0.17519367418901335,0.2776754039531461,0.3503873483780267,0.40678711414601304,0.45286907814215943,0.4918308235478829,0.52558102256704,0.5553508079062922,0.5819807883350264,0.6060705358747138,0.6280627523311728,0.6482936303360949,0.6670244977368962,0.6844625180991591,0.7007746967560534,0.7160976332697109,0.7305444820953055,0.7442100287687812,0.7571744625240397,0.7695062275010289,0.7812642100637271,0.7924994395032683,0.8032564265201863,0.8135742282920261,0.8234873045251083,0.8330262118594383,0.8422181719259095,0.8510875396767988,0.8596561922881726
HRL,2,0.26444624073227746,0.19879833952789114,3,24.794,1,0.0,0.13779650854375647,0.21840229877215644,0.27559301708751294,0.3199535845651346,0.35619880731591286,0.3868437065026674,0.4133895256312694,0.4368045975443129,0.45775009310889114,0.47669759859409566,0.4939953158596694,0.5099076732364848,0.5246402150464239,0.538355883337291,0.5511860341750259,0.5632381083266396,0.5746011060880692,0.5853495798994872,0.5955466016526475,0.6052460052748239,0.6144941071378521,0.6233310437260219,0.6317918244034259,0.6399071691302692,0.6477041817802413,0.6552068963164692,0.6624367235901804,0.669412819700503,0.6761523918810475
HSIC,4,0.31584456082276097,0.19879833952789114,0,0.0,1,0.0,0.13779650854375647,0.21840229877215644,0.27559301708751294,0.3199535845651346,0.35619880731591286,0.3868437065026674,0.4133895256312694,0.4368045975443129,0.45775009310889114,0.47669759859409566,0.4939953158596694,0.5099076732364848,0.5246402150464239,0.538355883337291,0.5511860341750259,0.5632381083266396,0.5746011060880692,0.5853495798994872,0.5955466016526475,0.6052460052748239,0.6144941071378521,0.6233310437260219,0.6317918244034259,0.6399071691302692,0.6477041817802413,0.6552068963164692,0.6624367235901804,0.669412819700503,0.6761523918810475
HST,4,0.2625471448182406,0.19879833952789114,0,0.0,1,0.0,0.13779650854375647,0.21840229877215644,0.27559301708751294,0.3199535845651346,0.35619880731591286,0.3868437065026674,0.4133895256312694,0.4368045975443129,0.45775009310889114,0.47669759859409566,0.4939953158596694,0.5099076732364848,0.5246402150464239,0.538355883337291,0.5511860341750259,0.5632381083266396,0.5746011060880692,0.5853495798994872,0.5955466016526475,0.6052460052748239,0.6144941071378521,0.6233310437260219,0.6317918244034259,0.6399071691302692,0.6477041817802413,0.6552068963164692,0.6624367235901804,0.669412819700503,0.6761523918810475
HSY,4,0.3272416214061089,0.19879833952789114,0,0.0,1,0.0,0.13779650854375647,0.21840229877215644,0.27559301708751294,0.3199535845651346,0.35619880731591286,0.3868437065026674,0.4133895256312694,0.4368045975443129,0.45775009310889114,0.47669759859409566,0.4939953158596694,0.5099076732364848,0.5246402150464239,0.538355883337291,0.5511860341750259,0.5632381083266396,0.5746011060880692,0.5853495798994872,0.5955466016526475,0.6052460052748239,0.6144941071378521,0.6233310437260219,0.6317918244034259,0.6399071691302692,0.6477041817802413,0.6552068963164692,0.6624367235901804,0.669412819700503,0.6761523918810475
HUBB,2,0.5164765041274701,0.19879833952789114,2,4.5695,1,0.0,0.13779650854375647,0.21840229877215644,0.27559301708751294,0.3199535845651346,0.35619880731591286,0.3868437065026674,0.4133895256312694,0.4368045975443129,0.45775009310889114,0.47669759859409566,0.4939953158596694,0.5099076732364848,0.5246402150464239,0.538355883337291,0.5511860341750259,0.5632381083266396,0.5746011060880692,0.5853495798994872,0.5955466016526475,0.6052460052748239,0.6144941071378521,0.6233310437260219,0.6317918244034259,0.6399071691302692,0.6477041817802413,0.6552068963164692,0.6624367235901804,0.669412819700503,0.6761523918810475
HUM,1,0.5271280179961131,0.2375637903018694,8,26.5708,1,0.0,0.16466667145087485,0.2609904993682076,0.3293333429017497,0.382344170733373,0.42565717081908244,0.46227779059645585,0.4940000143526245,0.5219809987364152,0.5470108421842479,0.5696530897529161,0.5903238422699573,0.6093390912909071,0.6269444620473307,0.6433346701015806,0.6586666858034994,0.6730689007478291,0.68664767018729,0.6994920842033466,0.7116775136351227,0.7232682899646634,0.7343197612037908,0.7448798904057169,0.7549905137208321,0.764688341466746,0.774005762741782,0.7829714981046229,0.7916111334982056,0.799947560439266,0.8080013415524555
HWM,4,0.3339821117779802,0.19879833952789114,0,0.0,1,0.0,0.13779650854375647,0.21840229877215644,0.27559301708751294,0.3199535845651346,0.35619880731591286,0.3868437065026674,0.4133895256312694,0.4368045975443129,0.45775009310889114,0.47669759859409566,0.4939953158596694,0.5099076732364848,0.5246402150464239,0.538355883337291,0.5511860341750259,0.5632381083266396,0.5746011060880692,0.5853495798994872,0.5955466016526475,0.6052460052748239,0.6144941071378521,0.6233310437260219,0.6317918244034259,0.6399071691302692,0.6477041817802413,0.6552068963164692,0.6624367235901804,0.669412819700503,0.6761523918810475
IBKR,4,0.3641507138731359,0.19879833952789114,0,0.0,1,0.0,0.13779650854375647,0.21840229877215644,0.27559301708751294,0.3199535845651346,0.35619880731591286,0.3868437065026674,0.4133895256312694,0.4368045975443129,0.45775009310889114,0.47669759859409566,0.4939953158596694,0.5099076732364848,0.5246402150464239,0.538355883337291,0.5511860341750259,0.5632381083266396,0.5746011060880692,0.5853495798994872,0.5955466016526475,0.6052460052748239,0.6144941071378521,0.6233310437260219,0.6317918244034259,0.6399071691302692,0.6477041817802413,0.6552068963164692,0.6624367235901804,0.669412819700503,0.6761523918810475
IBM,1,0.21437395451603602,0.2925531334783359,21,70.2861,1,0.0,0.20278237963448587,0.3214024675276616,0.40556475926897173,0.4708461044214276,0.5241848471621474,0.5692821115734276,0.6083471389034576,0.6428049350553232,0.6736284840559136,0.7015117758100524,0.7269672267966333,0.7503839717386168,0.7720644912079133,0.7922485719490893,0.8111295185379435,0.8288654416162806,0.845587314689809,0.8614048496908947,0.8764108636903993,0.8906845791010891,0.9042941554445383,0.9172986578732707,0.9297496064311193,0.9416922088428552,0.9531663513731027,0.9642074025829848,0.9748468708423993,0.9851129464110768,0.9950309515835751
ICE,1,0.2565478761184977,0.1655637732619823,13,35.8248,1,0.0,0.11476006263940908,0.18189039586387437,0.22952012527881815,0.2664646136134775,0.2966504585032834,0.32217222670638407,0.34428018791822723,0.36378079172774874,0.38122467625288664,0.3970045892515686,0.41141052114269255,0.42466269384722904,0.4369322893457931,0.44835500947735185,0.4590402505576363,0.469077491698146,0.47854085436715776,0.48749242753045513,0.49598473889229566,0.5040626225702585,0.5117646518909778,0.5191242534303507,0.5261705837821017,0.532929227226955,0.5394227564866382,0.545671187591623,0.5516923519852022,0.557502203301899,0.5631150721167609
IDXX,4,0.33715664293374326,0.19879833952789114,0,0.0,1,0.0,0.13779650854375647,0.21840229877215644,0.27559301708751294,0.3199535845651346,0.35619880731591286,0.3868437065026674,0.4133895256312694,0.4368045975443129,0.45775009310889114,0.47669759859409566,0.4939953158596694,0.5099076732364848,0.5246402150464239,0.538355883337291,0.5511860341750259,0.5632381083266396,0.5746011060880692,0.5853495798994872,0.5955466016526475,0.6052460052748239,0.6144941071378521,0.6233310437260219,0.6317918244034259,0.6399071691302692,0.6477041817802413,0.6552068963164692,0.6624367235901804,0.669412819700503,0.6761523918810475
IEX,4,0.30447323647467,0.19879833952789114,0,0.0,1,0.0,0.13779650854375647,0.21840229877215644,0.27559301708751294,0.3199535845651346,0.35619880731591286,0.3868437065026674,0.4133895256312694,0.4368045975443129,0.45775009310889114,0.47669759859409566,0.4939953158596694,0.5099076732364848,0.5246402150464239,0.538355883337291,0.5511860341750259,0.5632381083266396,0.5746011060880692,0.5853495798994872,0.5955466016526475,0.6052460052748239,0.6144941071378521,0.6233310437260219,0.6317918244034259,0.6399071691302692,0.6477041817802413,0.6552068963164692,0.6624367235901804,0.669412819700503,0.6761523918810475
IFF,1,0.362044868942948,0.1930598797556092,6,24.3176,1,0.0,0.13381891133184257,0.2120979563482999,0.26763782266368513,0.3107178898486461,0.34591686768014246,0.37567717939183837,0.4014567339955277,0.4241959126965998,0.4445368011804887,0.46293737303299715,0.47973577901198505,0.49518881453075136,0.509496090723681,0.522815846196946,0.5352756453273703,0.5469798275254806,0.5580148240284423,0.5684530352656016,0.5783557125123312,0.5877751357401383,0.5967562843648397,0.6053381363016898,0.6135546903438277,0.6214357796972922,0.629007725862594,0.6362938690448997,0.6433150020555235,0.650089728038753,0.6566347575287886
INCY,4,0.3755116646323112,0.19879833952789114,0,0.0,1,0.0,0.13779650854375647,0.21840229877215644,0.27559301708751294,0.3199535845651346,0.35619880731591286,0.3868437065026674,0.4133895256312694,0.4368045975443129,0.45775009310889114,0.47669759859409566,0.4939953158596694,0.5099076732364848,0.5246402150464239,0.538355883337291,0.5511860341750259,0.5632381083266396,0.5746011060880692,0.5853495798994872,0.5955466016526475,0.6052460052748239,0.6144941071378521,0.6233310437260219,0.6317918244034259,0.6399071691302692,0.6477041817802413,0.6552068963164692,0.6624367235901804,0.669412819700503,0.6761523918810475
INTC,1,0.3184368604102379,0.2749451817186277,27,36.4791,1,0.0,0.1905774775168086,0.3020581553461709,0.3811549550336172,0.44250719929904253,0.49263563286297946,0.535018619540135,0.5717324325504257,0.6041163106923418,0.6330846768158512,0.6592897515217864,0.6832131103797882,0.7052204671863396,0.7255960970569436,0.7445653546452135,0.7623099100672344,0.7789783577291772,0.7946937882091504,0.8095593101863275,0.8236621543326597,0.8370767748863059,0.849867229038595,0.8620890269763462,0.8737905878965967,0.8850143985980851,0.8957979447031482,0.9061744660385127,0.9161735745737521,0.9258217638760085,0.9351428321620221
INTU,4,0.5376390712147543,0.19879833952789114,0,0.0,1,0.0,0.13779650854375647,0.21840229877215644,0.27559301708751294,0.3199535845651346,0.35619880731591286,0.3868437065026674,0.4133895256312694,0.4368045975443129,0.45775009310889114,0.47669759859409566,0.4939953158596694,0.5099076732364848,0.5246402150464239,0.538355883337291,0.5511860341750259,0.5632381083266396,0.5746011060880692,0.5853495798994872,0.5955466016526475,0.6052460052748239,0.6144941071378521,0.6233310437260219,0.6317918244034259,0.6399071691302692,0.6477041817802413,0.6552068963164692,0.6624367235901804,0.669412819700503,0.6761523918810475
INVH,2,0.17098909103288107,0.19879833952789114,4,7.4141,1,0.0,0.13779650854375647,0.21840229877215644,0.27559301708751294,0.3199535845651346,0.35619880731591286,0.3868437065026674,0.4133895256312694,0.4368045975443129,0.45775009310889114,0.47669759859409566,0.4939953158596694,0.5099076732364848,0.5246402150464239,0.538355883337291,0.5511860341750259,0.5632381083266396,0.5746011060880692,0.5853495798994872,0.5955466016526475,0.6052460052748239,0.6144941071378521,0.6233310437260219,0.6317918244034259,0.6399071691302692,0.6477041817802413,0.6552068963164692,0.6624367235901804,0.669412819700503,0.6761523918810475
IP,2,0.22799292932222193,0.19879833952789114,6,21.9904,1,0.0,0.13779650854375647,0.21840229877215644,0.27559301708751294,0.3199535845651346,0.35619880731591286,0.3868437065026674,0.4133895256312694,0.4368045975443129,0.45775009310889114,0.47669759859409566,0.4939953158596694,0.5099076732364848,0.5246402150464239,0.538355883337291,0.5511860341750259,0.5632381083266396,0.5746011060880692,0.5853495798994872,0.5955466016526475,0.6052460052748239,0.6144941071378521,0.6233310437260219,0.6317918244034259,0.6399071691302692,0.6477041817802413,0.6552068963164692,0.6624367235901804,0.669412819700503,0.6761523918810475
IQV,4,0.4130622160315244,0.19879833952789114,0,0.0,1,0.0,0.13779650854375647,0.21840229877215644,0.27559301708751294,0.3199535845651346,0.35619880731591286,0.3868437065026674,0.4133895256312694,0.4368045975443129,0.45775009310889114,0.47669759859409566,0.4939953158596694,0.5099076732364848,0.5246402150464239,0.538355883337291,0.5511860341750259,0.5632381083266396,0.5746011060880692,0.5853495798994872,0.5955466016526475,0.6052460052748239,0.6144941071378521,0.6233310437260219,0.6317918244034259,0.6399071691302692,0.6477041817802413,0.6552068963164692,0.6624367235901804,0.669412819700503,0.6761523918810475
IR,1,0.18781286814060372,0.1754658293803498,5,21.5305,1,0.0,0.12162364491960187,0.19276891639859414,0.24324728983920374,0.2824013581414282,0.314392561318196,0.34144073820363063,0.3648709347588056,0.3855378327971883,0.4040250030610301,0.42074868280878625,0.4360162062377979,0.45006096632558384,0.4630643831232325,0.47517027454002236,0.4864945796784075,0.4971321292262983,0.5071614777167901,0.51664842753927,0.5256486479806319,0.5342096546022248,0.5423723277283882,0.5501720931152978,0.5576398511573998,0.5648027162828564,0.5716846112451858,0.5783067491957824,0.5846880280428344,0.59084535557757,0.5967939194596242
IRM,2,0.9540833965786989,0.19879833952789114,5,3.9042,1,0.0,0.13779650854375647,0.21840229877215644,0.27559301708751294,0.3199535845651346,0.35619880731591286,0.3868437065026674,0.4133895256312694,0.4368045975443129,0.45775009310889114,0.47669759859409566,0.4939953158596694,0.5099076732364848,0.5246402150464239,0.538355883337291,0.5511860341750259,0.5632381083266396,0.5746011060880692,0.5853495798994872,0.5955466016526475,0.6052460052748239,0.6144941071378521,0.6233310437260219,0.6317918244034259,0.6399071691302692,0.6477041817802413,0.6552068963164692,0.6624367235901804,0.669412819700503,0.6761523918810475
ISRG,4,0.31294655730114246,0.19879833952789114,0,0.0,1,0.0,0.13779650854375647,0.21840229877215644,0.27559301708751294,0.3199535845651346,0.35619880731591286,0.3868437065026674,0.4133895256312694,0.4368045975443129,0.45775009310889114,0.47669759859409566,0.4939953158596694,0.5099076732364848,0.5246402150464239,0.538355883337291,0.5511860341750259,0.5632381083266396,0.5746011060880692,0.5853495798994872,0.5955466016526475,0.6052460052748239,0.6144941071378521,0.6233310437260219,0.6317918244034259,0.6399071691302692,0.6477041817802413,0.6552068963164692,0.6624367235901804,0.669412819700503,0.6761523918810475
IT,2,0.7091113946140625,0.19879833952789114,2,4.1177,1,0.0,0.13779650854375647,0.21840229877215644,0.27559301708751294,0.3199535845651346,0.35619880731591286,0.3868437065026674,0.4133895256312694,0.4368045975443129,0.45775009310889114,0.47669759859409566,0.4939953158596694,0.5099076732364848,0.5246402150464239,0.538355883337291,0.5511860341750259,0.5632381083266396,0.5746011060880692,0.5853495798994872,0.5955466016526475,0.6052460052748239,0.6144941071378521,0.6233310437260219,0.6317918244034259,0.6399071691302692,0.6477041817802413,0.6552068963164692,0.6624367235901804,0.669412819700503,0.6761523918810475
ITW,2,-1.4537217798987152,0.19879833952789114,2,16.0356,1,0.0,0.13779650854375647,0.21840229877215644,0.27559301708751294,0.3199535845651346,0.35619880731591286,0.3868437065026674,0.4133895256312694,0.4368045975443129,0.45775009310889114,0.47669759859409566,0.4939953158596694,0.5099076732364848,0.5246402150464239,0.538355883337291,0.5511860341750259,0.5632381083266396,0.5746011060880692,0.5853495798994872,0.5955466016526475,0.6052460052748239,0.6144941071378521,0.6233310437260219,0.6317918244034259,0.6399071691302692,0.6477041817802413,0.6552068963164692,0.6624367235901804,0.669412819700503,0.6761523918810475
IVZ,4,0.31208176199645116,0.19879833952789114,0,0.0,1,0.0,0.13779650854375647,0.21840229877215644,0.27559301708751294,0.3199535845651346,0.35619880731591286,0.3868437065026674,0.4133895256312694,0.4368045975443129,0.45775009310889114,0.47669759859409566,0.4939953158596694,0.5099076732364848,0.5246402150464239,0.538355883337291,0.5511860341750259,0.5632381083266396,0.5746011060880692,0.5853495798994872,0.5955466016526475,0.6052460052748239,0.6144941071378521,0.6233310437260219,0.6317918244034259,0.6399071691302692,0.6477041817802413,0.6552068963164692,0.6624367235901804,0.669412819700503,0.6761523918810475
J,4,0.3600800841194434,0.19879833952789114,0,0.0,1,0.0,0.13779650854375647,0.21840229877215644,0.27559301708751294,0.3199535845651346,0.35619880731591286,0.3868437065026674,0.4133895256312694,0.4368045975443129,0.45775009310889114,0.47669759859409566,0.4939953158596694,0.5099076732364848,0.5246402150464239,0.538355883337291,0.5511860341750259,0.5632381083266396,0.5746011060880692,0.5853495798994872,0.5955466016526475,0.6052460052748239,0.6144941071378521,0.6233310437260219,0.6317918244034259,0.6399071691302692,0.6477041817802413,0.6552068963164692,0.6624367235901804,0.669412819700503,0.6761523918810475
JBHT,4,0.3479507424640041,0.19879833952789114,0,0.0,1,0.0,0.13779650854375647,0.21840229877215644,0.27559301708751294,0.3199535845651346,0.35619880731591286,0.3868437065026674,0.4133895256312694,0.4368045975443129,0.45775009310889114,0.47669759859409566,0.4939953158596694,0.5099076732364848,0.5246402150464239,0.538355883337291,0.5511860341750259,0.5632381083266396,0.5746011060880692,0.5853495798994872,0.5955466016526475,0.6052460052748239,0.6144941071378521,0.6233310437260219,0.6317918244034259,0.6399071691302692,0.6477041817802413,0.6552068963164692,0.6624367235901804,0.669412819700503,0.6761523918810475
JBL,4,0.40741928787222753,0.19879833952789114,0,0.0,1,0.0,0.13779650854375647,0.21840229877215644,0.27559301708751294,0.3199535845651346,0.35619880731591286,0.3868437065026674,0.4133895256312694,0.4368045975443129,0.45775009310889114,0.47669759859409566,0.4939953158596694,0.5099076732364848,0.5246402150464239,0.538355883337291,0.5511860341750259,0.5632381083266396,0.5746011060880692,0.5853495798994872,0.5955466016526475,0.6052460052748239,0.6144941071378521,0.6233310437260219,0.6317918244034259,0.6399071691302692,0.6477041817802413,0.6552068963164692,0.6624367235901804,0.669412819700503,0.6761523918810475
JCI,2,0.28201096648907786,0.19879833952789114,2,6.2861,1,0.0,0.13779650854375647,0.21840229877215644,0.27559301708751294,0.3199535845651346,0.35619880731591286,0.3868437065026674,0.4133895256312694,0.4368045975443129,0.45775009310889114,0.47669759859409566,0.4939953158596694,0.5099076732364848,0.5246402150464239,0.538355883337291,0.5511860341750259,0.5632381083266396,0.5746011060880692,0.5853495798994872,0.5955466016526475,0.6052460052748239,0.6144941071378521,0.6233310437260219,0.6317918244034259,0.6399071691302692,0.6477041817802413,0.6552068963164692,0.6624367235901804,0.669412819700503,0.6761523918810475
JKHY,4,0.3171492145501251,0.19879833952789114,0,0.0,1,0.0,0.13779650854375647,0.21840229877215644,0.27559301708751294,0.3199535845651346,0.35619880731591286,0.3868437065026674,0.4133895256312694,0.4368045975443129,0.45775009310889114,0.47669759859409566,0.4939953158596694,0.5099076732364848,0.5246402150464239,0.538355883337291,0.5511860341750259,0.5632381083266396,0.5746011060880692,0.5853495798994872,0.5955466016526475,0.6052460052748239,0.6144941071378521,0.6233310437260219,0.6317918244034259,0.6399071691302692,0.6477041817802413,0.6552068963164692,0.6624367235901804,0.669412819700503,0.6761523918810475
JNJ,1,-0.01410584778438484,0.13024349531634785,21,34.037,1,0.0,0.09027791156479895,0.14308710447362716,0.1805558231295979,0.2096188192100634,0.23336501603842608,0.2534421393845194,0.27083373469439687,0.2861742089472543,0.2998967307748624,0.31231026173180726,0.32364292760322505,0.33406796962521107,0.3437200509493184,0.3527059236836906,0.3611116462591958,0.3690076089068,0.37645212051205323,0.3834940243923363,0.3901746423396613,0.3965292438581466,0.40258817329660623,0.40837772622680396,0.413920839168024,0.4192376384201268,0.42434588119001004,0.4292613134208814,0.4339979625141173,0.438568378661601,0.4429838352484895
JPM,1,0.23280975137894205,0.1549653744677854,8,18.7844,1,0.0,0.1074138123967616,0.1702468647083644,0.2148276247935232,0.2494071487830012,0.277660677105126,0.30154869492902076,0.32224143719028475,0.3404937294167288,0.3568209611797628,0.37159073888373195,0.38507448950188755,0.3974783376699326,0.4089625073257823,0.41965401349136555,0.4296552495870464,0.4390499668087981,0.44790754181349035,0.4562860890040712,0.4642347735765244,0.4717955596373851,0.4790045512804936,0.4858930353130359,0.4924883018986492,0.4988142975660024,0.5048921500666942,0.5107405941250931,0.5163763197225439,0.5218142592376662,0.5270678258881272
KDP,1,0.4334682944529734,0.2005638011594996,8,25.6564,1,0.0,0.13902023329609262,0.22034185661581354,0.27804046659218523,0.322794985447993,0.35936208991190616,0.39027913620938204,0.4170606998882779,0.4406837132316271,0.4618152187440857,0.48093099069483647,0.4983823232079988,0.5144359929141019,0.5292993695054746,0.5431368420638065,0.5560809331843705,0.5682400377797319,0.5797039465277196,0.5905478739438179,0.6008354520401783,0.6106209928251956,0.6199512239909291,0.628866638460375,0.6374025565040915,0.645589970895986,0.6534562262101945,0.6610255698474405,0.6683196028015673,0.6753576512906193,0.6821570753598992
KEY,2,0.37767047973568585,0.19879833952789114,4,6.4394,1,0.0,0.13779650854375647,0.21840229877215644,0.27559301708751294,0.3199535845651346,0.35619880731591286,0.3868437065026674,0.4133895256312694,0.4368045975443129,0.45775009310889114,0.47669759859409566,0.4939953158596694,0.5099076732364848,0.5246402150464239,0.538355883337291,0.5511860341750259,0.5632381083266396,0.5746011060880692,0.5853495798994872,0.5955466016526475,0.6052460052748239,0.6144941071378521,0.6233310437260219,0.6317918244034259,0.6399071691302692,0.6477041817802413,0.6552068963164692,0.6624367235901804,0.669412819700503,0.6761523918810475
KEYS,4,0.2992459971885049,0.19879833952789114,0,0.0,1,0.0,0.13779650854375647,0.21840229877215644,0.27559301708751294,0.3199535845651346,0.35619880731591286,0.3868437065026674,0.4133895256312694,0.4368045975443129,0.45775009310889114,0.47669759859409566,0.4939953158596694,0.5099076732364848,0.5246402150464239,0.538355883337291,0.5511860341750259,0.5632381083266396,0.5746011060880692,0.5853495798994872,0.5955466016526475,0.6052460052748239,0.6144941071378521,0.6233310437260219,0.6317918244034259,0.6399071691302692,0.6477041817802413,0.6552068963164692,0.6624367235901804,0.669412819700503,0.6761523918810475
KHC,1,-0.04023914708376419,0.4229582253397276,6,19.7837,1,0.0,0.2931723013888702,0.46466710395148025,0.5863446027777404,0.680725003237603,0.7578394053403504,0.8230387033150001,0.8795169041666105,0.9293342079029605,0.9738973046264733,1.0142095291333209,1.0510117067292206,1.0848664283182061,1.1162110047038702,1.1453921071890831,1.1726892055554807,1.1983308880108523,1.2225065092918306,1.2453746852493568,1.2670696060153432,1.2877058072664804,1.3073818305221911,1.3261830691323737,1.344184008118091,1.361450006475206,1.3780387297070764,1.3940013118544405,1.4093833060927405,1.4242254684449442,1.4385644085779534
KIM,2,0.39177043218022517,0.19879833952789114,6,21.0376,1,0.0,0.13779650854375647,0.21840229877215644,0.27559301708751294,0.3199535845651346,0.35619880731591286,0.3868437065026674,0.4133895256312694,0.4368045975443129,0.45775009310889114,0.47669759859409566,0.4939953158596694,0.5099076732364848,0.5246402150464239,0.538355883337291,0.5511860341750259,0.5632381083266396,0.5746011060880692,0.5853495798994872,0.5955466016526475,0.6052460052748239,0.6144941071378521,0.6233310437260219,0.6317918244034259,0.6399071691302692,0.6477041817802413,0.6552068963164692,0.6624367235901804,0.669412819700503,0.6761523918810475
KKR,2,0.5445015840930758,0.19879833952789114,2,25.347,1,0.0,0.13779650854375647,0.21840229877215644,0.27559301708751294,0.3199535845651346,0.35619880731591286,0.3868437065026674,0.4133895256312694,0.4368045975443129,0.45775009310889114,0.47669759859409566,0.4939953158596694,0.5099076732364848,0.5246402150464239,0.538355883337291,0.5511860341750259,0.5632381083266396,0.5746011060880692,0.5853495798994872,0.5955466016526475,0.6052460052748239,0.6144941071378521,0.6233310437260219,0.6317918244034259,0.6399071691302692,0.6477041817802413,0.6552068963164692,0.6624367235901804,0.669412819700503,0.6761523918810475
KLAC,2,0.3578254063783761,0.19879833952789114,4,35.9042,1,0.0,0.13779650854375647,0.21840229877215644,0.27559301708751294,0.3199535845651346,0.35619880731591286,0.3868437065026674,0.4133895256312694,0.4368045975443129,0.45775009310889114,0.47669759859409566,0.4939953158596694,0.5099076732364848,0.5246402150464239,0.538355883337291,0.5511860341750259,0.5632381083266396,0.5746011060880692,0.5853495798994872,0.5955466016526475,0.6052460052748239,0.6144941071378521,0.6233310437260219,0.6317918244034259,0.6399071691302692,0.6477041817802413,0.6552068963164692,0.6624367235901804,0.669412819700503,0.6761523918810475
KMB,1,0.02402535126448213,0.19310963654928304,7,20.7201,1,0.0,0.1338534001130913,0.2121526197732747,0.2677068002261826,0.3107979703187859,0.346006019886366,0.3757740016416327,0.40156020033927387,0.4243052395465494,0.4446513704318773,0.46305668461333727,0.4798594199994573,0.4953164381867144,0.509627401754724,0.5229505900920606,0.5354136004523652,0.5471207991372747,0.5581586396596406,0.5685995411083733,0.5785047705449685,0.5879266214149074,0.5969100847264286,0.6054941484404572,0.6137128201125486,0.6215959406375718,0.6291698382998058,0.636457859319824,0.6434808018678153,0.6502572738826043,0.6568039902051519
KMI,1,0.0856486790219616,0.32179941829370956,22,25.9521,1,0.0,0.22305435949611527,0.3535327954237187,0.44610871899223054,0.5179161840011357,0.5765871549198339,0.6261927540178255,0.6691630784883458,0.7070655908474374,0.7409705434972511,0.7716413039157517,0.7996415144159492,0.8253992111839467,0.8492471135139407,0.8714489794248544,0.8922174379844611,0.911726406019266,0.9301199503435524,0.9475187506970845,0.9640249029933663,0.9797255494415441,0.994695663411867,1.0090002147492914,1.0226958739120644,1.0358323680022714,1.048453570680062,1.0605983862711559,1.072301473010056,1.0835938393124813,1.0945033389209697
KO,1,0.06049759174756125,0.139563711440235,18,33.7851,1,0.0,0.09673819309328066,0.15332640844037224,0.19347638618656132,0.22461912839192696,0.2500646015336529,0.2715784425313804,0.290214579279842,0.30665281688074447,0.3213573214852077,0.3346591639167354,0.34680279462693353,0.35797385198357806,0.36831663562466105,0.3779455368322992,0.38695277237312264,0.39541376959848495,0.40339100997402505,0.4109368320417652,0.4180955145784883,0.4249048509717526,0.4313973570100161,0.4376012099744617,0.4435409877202142,0.44923825678385393,0.45471204507685875,0.4599792253211166,0.46505482871794174,0.4699523035501389,0.4746837299255799
KR,1,0.21348469631841938,0.2386770219484418,14,23.4114,1,0.0,0.16543830482800662,0.2622135093352663,0.33087660965601323,0.38413584795068806,0.42765181416327286,0.4644440393557706,0.49631491448401976,0.5244270186705327,0.5495741527786948,0.5723225026557616,0.5930901189912795,0.6121944740874888,0.6298823441837772,0.6463493572859544,0.6617532193120265,0.6762229235039237,0.6898653234985391,0.702769926856356,0.7150124576067013,0.7266575486910369,0.7377608074837682,0.748370421794534,0.7585284238192861,0.7682716959013761,0.7776327789154955,0.7866405280057989,0.7953206490117838,0.8036961407205782,0.811787662113961
KVUE,4,0.39930321702062593,0.19879833952789114,0,0.0,1,0.0,0.13779650854375647,0.21840229877215644,0.27559301708751294,0.3199535845651346,0.35619880731591286,0.3868437065026674,0.4133895256312694,0.4368045975443129,0.45775009310889114,0.47669759859409566,0.4939953158596694,0.5099076732364848,0.5246402150464239,0.538355883337291,0.5511860341750259,0.5632381083266396,0.5746011060880692,0.5853495798994872,0.5955466016526475,0.6052460052748239,0.6144941071378521,0.6233310437260219,0.6317918244034259,0.6399071691302692,0.6477041817802413,0.6552068963164692,0.6624367235901804,0.669412819700503,0.6761523918810475
L,2,0.13127802755019058,0.19879833952789114,2,16.7584,1,0.0,0.13779650854375647,0.21840229877215644,0.27559301708751294,0.3199535845651346,0.35619880731591286,0.3868437065026674,0.4133895256312694,0.4368045975443129,0.45775009310889114,0.47669759859409566,0.4939953158596694,0.5099076732364848,0.5246402150464239,0.538355883337291,0.5511860341750259,0.5632381083266396,0.5746011060880692,0.5853495798994872,0.5955466016526475,0.6052460052748239,0.6144941071378521,0.6233310437260219,0.6317918244034259,0.6399071691302692,0.6477041817802413,0.6552068963164692,0.6624367235901804,0.669412819700503,0.6761523918810475
LDOS,2,-0.06708800681309923,0.19879833952789114,2,6.5708,1,0.0,0.13779650854375647,0.21840229877215644,0.27559301708751294,0.3199535845651346,0.35619880731591286,0.3868437065026674,0.4133895256312694,0.4368045975443129,0.45775009310889114,0.47669759859409566,0.4939953158596694,0.5099076732364848,0.5246402150464239,0.538355883337291,0.5511860341750259,0.5632381083266396,0.5746011060880692,0.5853495798994872,0.5955466016526475,0.6052460052748239,0.6144941071378521,0.6233310437260219,0.6317918244034259,0.6399071691302692,0.6477041817802413,0.6552068963164692,0.6624367235901804,0.669412819700503,0.6761523918810475
LEN,4,0.4048519462999307,0.19879833952789114,0,0.0,1,0.0,0.13779650854375647,0.21840229877215644,0.27559301708751294,0.3199535845651346,0.35619880731591286,0.3868437065026674,0.4133895256312694,0.4368045975443129,0.45775009310889114,0.47669759859409566,0.4939953158596694,0.5099076732364848,0.5246402150464239,0.538355883337291,0.5511860341750259,0.5632381083266396,0.5746011060880692,0.5853495798994872,0.5955466016526475,0.6052460052748239,0.6144941071378521,0.6233310437260219,0.6317918244034259,0.6399071691302692,0.6477041817802413,0.6552068963164692,0.6624367235901804,0.669412819700503,0.6761523918810475
LH,2,0.5031748932810621,0.19879833952789114,2,18.4914,1,0.0,0.13779650854375647,0.21840229877215644,0.27559301708751294,0.3199535845651346,0.35619880731591286,0.3868437065026674,0.4133895256312694,0.4368045975443129,0.45775009310889114,0.47669759859409566,0.4939953158596694,0.5099076732364848,0.5246402150464239,0.538355883337291,0.5511860341750259,0.5632381083266396,0.5746011060880692,0.5853495798994872,0.5955466016526475,0.6052460052748239,0.6144941071378521,0.6233310437260219,0.6317918244034259,0.6399071691302692,0.6477041817802413,0.6552068963164692,0.6624367235901804,0.669412819700503,0.6761523918810475
LHX,4,0.29877696494832445,0.19879833952789114,0,0.0,1,0.0,0.13779650854375647,0.21840229877215644,0.27559301708751294,0.3199535845651346,0.35619880731591286,0.3868437065026674,0.4133895256312694,0.4368045975443129,0.45775009310889114,0.47669759859409566,0.4939953158596694,0.5099076732364848,0.5246402150464239,0.538355883337291,0.5511860341750259,0.5632381083266396,0.5746011060880692,0.5853495798994872,0.5955466016526475,0.6052460052748239,0.6144941071378521,0.6233310437260219,0.6317918244034259,0.6399071691302692,0.6477041817802413,0.6552068963164692,0.6624367235901804,0.669412819700503,0.6761523918810475
LII,4,0.39329447535191336,0.19879833952789114,0,0.0,1,0.0,0.13779650854375647,0.21840229877215644,0.27559301708751294,0.3199535845651346,0.35619880731591286,0.3868437065026674,0.4133895256312694,0.4368045975443129,0.45775009310889114,0.47669759859409566,0.4939953158596694,0.5099076732364848,0.5246402150464239,0.538355883337291,0.5511860341750259,0.5632381083266396,0.5746011060880692,0.5853495798994872,0.5955466016526475,0.6052460052748239,0.6144941071378521,0.6233310437260219,0.6317918244034259,0.6399071691302692,0.6477041817802413,0.6552068963164692,0.6624367235901804,0.669412819700503,0.6761523918810475
LIN,4,0.22317332108804436,0.19879833952789114,0,0.0,1,0.0,0.13779650854375647,0.21840229877215644,0.27559301708751294,0.3199535845651346,0.35619880731591286,0.3868437065026674,0.4133895256312694,0.4368045975443129,0.45775009310889114,0.47669759859409566,0.4939953158596694,0.5099076732364848,0.5246402150464239,0.538355883337291,0.5511860341750259,0.5632381083266396,0.5746011060880692,0.5853495798994872,0.5955466016526475,0.6052460052748239,0.6144941071378521,0.6233310437260219,0.6317918244034259,0.6399071691302692,0.6477041817802413,0.6552068963164692,0.6624367235901804,0.669412819700503,0.6761523918810475
LITE,4,0.7838314717882363,0.19879833952789114,0,0.0,1,0.0,0.13779650854375647,0.21840229877215644,0.27559301708751294,0.3199535845651346,0.35619880731591286,0.3868437065026674,0.4133895256312694,0.4368045975443129,0.45775009310889114,0.47669759859409566,0.4939953158596694,0.5099076732364848,0.5246402150464239,0.538355883337291,0.5511860341750259,0.5632381083266396,0.5746011060880692,0.5853495798994872,0.5955466016526475,0.6052460052748239,0.6144941071378521,0.6233310437260219,0.6317918244034259,0.6399071691302692,0.6477041817802413,0.6552068963164692,0.6624367235901804,0.669412819700503,0.6761523918810475
LLY,1,0.269282189940383,0.09958908518607416,5,36.5257,1,0.0,0.06902989361127151,0.10940979280263628,0.13805978722254303,0.160282449363097,0.17843968641390778,0.19379141159871585,0.20708968083381454,0.21881958560527257,0.22931234297436853,0.2388041965900015,0.24746958002517933,0.25544096005820316,0.26282130520998737,0.2696922421657333,0.27611957444508606,0.28215712507153656,0.2878494792165441,0.29323398432140385,0.29834223658564,0.3032012044013521,0.307834090201273,0.3122610005706109,0.31649947363645087,0.320564898726194,0.3244708536694747,0.32822937840790883,0.3318511988212589,0.3353459112592353,0.3387221357770048
LMT,1,0.025728183786322578,0.20225571686952767,16,37.2402,1,0.0,0.14019297990024368,0.22220061600624103,0.28038595980048736,0.32551801873635505,0.3623935959064847,0.3935714521608718,0.420578939700731,0.44440123201248205,0.4657109986365988,0.4849880273778861,0.5025865758067284,0.5187756710274175,0.5337644320611155,0.5477186347425961,0.5607719196009747,0.5730335959464018,0.5845942119127256,0.5955296165098887,0.6059039785368424,0.6157720681671128,0.6251810072781298,0.6341716303830077,0.6427795557069721,0.6510360374727101,0.6589686509276612,0.666601848018723,0.6739574119613592,0.6810548320056855,0.6879116146428398
LNT,2,-2.108361344907143,0.19879833952789114,2,5.5332,1,0.0,0.13779650854375647,0.21840229877215644,0.27559301708751294,0.3199535845651346,0.35619880731591286,0.3868437065026674,0.4133895256312694,0.4368045975443129,0.45775009310889114,0.47669759859409566,0.4939953158596694,0.5099076732364848,0.5246402150464239,0.538355883337291,0.5511860341750259,0.5632381083266396,0.5746011060880692,0.5853495798994872,0.5955466016526475,0.6052460052748239,0.6144941071378521,0.6233310437260219,0.6317918244034259,0.6399071691302692,0.6477041817802413,0.6552068963164692,0.6624367235901804,0.669412819700503,0.6761523918810475
LOW,1,0.2917356892483993,0.20181404121643912,27,36.0739,1,0.0,0.13988683366658336,0.22171538570615243,0.2797736673331667,0.32480716919527525,0.36160221937273573,0.39271199102493615,0.41966050099975005,0.44343077141230486,0.4646940028618587,0.4839289354172349,0.5014890530393191,0.5176427953448216,0.5325988246915195,0.5465225549014276,0.5595473346663334,0.5717822345923265,0.5833176050788881,0.5942291295007859,0.604580836528442,0.6144273767310886,0.6238157690838183,0.6327867589274319,0.6413758867059025,0.6496143383905505,0.657529629011405,0.6651461571184571,0.6724856583581029,0.6795675794208339,0.686409388568011
LRCX,4,0.45245150888184854,0.19879833952789114,0,0.0,1,0.0,0.13779650854375647,0.21840229877215644,0.27559301708751294,0.3199535845651346,0.35619880731591286,0.3868437065026674,0.4133895256312694,0.4368045975443129,0.45775009310889114,0.47669759859409566,0.4939953158596694,0.5099076732364848,0.5246402150464239,0.538355883337291,0.5511860341750259,0.5632381083266396,0.5746011060880692,0.5853495798994872,0.5955466016526475,0.6052460052748239,0.6144941071378521,0.6233310437260219,0.6317918244034259,0.6399071691302692,0.6477041817802413,0.6552068963164692,0.6624367235901804,0.669412819700503,0.6761523918810475
LULU,4,0.5976528384626867,0.19879833952789114,0,0.0,1,0.0,0.13779650854375647,0.21840229877215644,0.27559301708751294,0.3199535845651346,0.35619880731591286,0.3868437065026674,0.4133895256312694,0.4368045975443129,0.45775009310889114,0.47669759859409566,0.4939953158596694,0.5099076732364848,0.5246402150464239,0.538355883337291,0.5511860341750259,0.5632381083266396,0.5746011060880692,0.5853495798994872,0.5955466016526475,0.6052460052748239,0.6144941071378521,0.6233310437260219,0.6317918244034259,0.6399071691302692,0.6477041817802413,0.6552068963164692,0.6624367235901804,0.669412819700503,0.6761523918810475
LUV,2,0.6437909802788484,0.19879833952789114,2,1.243,1,0.0,0.13779650854375647,0.21840229877215644,0.27559301708751294,0.3199535845651346,0.35619880731591286,0.3868437065026674,0.4133895256312694,0.4368045975443129,0.45775009310889114,0.47669759859409566,0.4939953158596694,0.5099076732364848,0.5246402150464239,0.538355883337291,0.5511860341750259,0.5632381083266396,0.5746011060880692,0.5853495798994872,0.5955466016526475,0.6052460052748239,0.6144941071378521,0.6233310437260219,0.6317918244034259,0.6399071691302692,0.6477041817802413,0.6552068963164692,0.6624367235901804,0.669412819700503,0.6761523918810475
LVS,4,0.42436235504805336,0.19879833952789114,0,0.0,1,0.0,0.13779650854375647,0.21840229877215644,0.27559301708751294,0.3199535845651346,0.35619880731591286,0.3868437065026674,0.4133895256312694,0.4368045975443129,0.45775009310889114,0.47669759859409566,0.4939953158596694,0.5099076732364848,0.5246402150464239,0.538355883337291,0.5511860341750259,0.5632381083266396,0.5746011060880692,0.5853495798994872,0.5955466016526475,0.6052460052748239,0.6144941071378521,0.6233310437260219,0.6317918244034259,0.6399071691302692,0.6477041817802413,0.6552068963164692,0.6624367235901804,0.669412819700503,0.6761523918810475
LYB,1,0.7901866863611309,0.18879135257611074,5,34.1191,1,0.0,0.1308601937522297,0.20740849993438906,0.2617203875044594,0.3038479603757059,0.33826869368661877,0.36737100903173386,0.39258058125668915,0.4148169998687781,0.4347081541279357,0.45270189188746646,0.4691288874388485,0.4842402584843897,0.49823120278396354,0.511256460310095,0.5234407750089188,0.5348861793610589,0.5456771936210078,0.555884617454655,0.5655683478801653,0.574779508966123,0.5835620856396961,0.591954194019836,0.5999890811910783,0.6076959207514118,0.6151004522366195,0.6222254998031671,0.6290913965361933,0.6357163342670439,0.6421166540623247
LYV,4,0.36103393714129184,0.19879833952789114,0,0.0,1,0.0,0.13779650854375647,0.21840229877215644,0.27559301708751294,0.3199535845651346,0.35619880731591286,0.3868437065026674,0.4133895256312694,0.4368045975443129,0.45775009310889114,0.47669759859409566,0.4939953158596694,0.5099076732364848,0.5246402150464239,0.538355883337291,0.5511860341750259,0.5632381083266396,0.5746011060880692,0.5853495798994872,0.5955466016526475,0.6052460052748239,0.6144941071378521,0.6233310437260219,0.6317918244034259,0.6399071691302692,0.6477041817802413,0.6552068963164692,0.6624367235901804,0.669412819700503,0.6761523918810475
MA,1,0.1593349841091505,0.13488663598789807,13,24.5722,1,0.0,0.0934962914302272,0.1481881158734069,0.1869925828604544,0.21709166583962106,0.2416844073036341,0.2624772739407805,0.2804888742906816,0.2963762317468138,0.3105879572698483,0.3234440267990554,0.3351806987338613,0.34597739030730734,0.3559735653710077,0.365279781713028,0.3739851657209088,0.38216261701576626,0.389872523177041,0.39716546877140185,0.4040842487000755,0.41066538981418743,0.41694031822928257,0.42293626694619507,0.42867699016408856,0.4341833316792421,0.4394736817375346,0.44456434762022073,0.4494698568012349,0.4542032068829527,0.4587760731432552
MAA,4,0.24324618521875216,0.19879833952789114,0,0.0,1,0.0,0.13779650854375647,0.21840229877215644,0.27559301708751294,0.3199535845651346,0.35619880731591286,0.3868437065026674,0.4133895256312694,0.4368045975443129,0.45775009310889114,0.47669759859409566,0.4939953158596694,0.5099076732364848,0.5246402150464239,0.538355883337291,0.5511860341750259,0.5632381083266396,0.5746011060880692,0.5853495798994872,0.5955466016526475,0.6052460052748239,0.6144941071378521,0.6233310437260219,0.6317918244034259,0.6399071691302692,0.6477041817802413,0.6552068963164692,0.6624367235901804,0.669412819700503,0.6761523918810475
MAR,2,0.40998782494351216,0.19879833952789114,5,7.1567,1,0.0,0.13779650854375647,0.21840229877215644,0.27559301708751294,0.3199535845651346,0.35619880731591286,0.3868437065026674,0.4133895256312694,0.4368045975443129,0.45775009310889114,0.47669759859409566,0.4939953158596694,0.5099076732364848,0.5246402150464239,0.538355883337291,0.5511860341750259,0.5632381083266396,0.5746011060880692,0.5853495798994872,0.5955466016526475,0.6052460052748239,0.6144941071378521,0.6233310437260219,0.6317918244034259,0.6399071691302692,0.6477041817802413,0.6552068963164692,0.6624367235901804,0.669412819700503,0.6761523918810475
MAS,1,0.44661156242963773,0.1478358116129234,7,24.4983,1,0.0,0.10247197600528907,0.16241423934318128,0.20494395201057813,0.23793256002530433,0.26488621534847034,0.28767520621141696,0.3074159280158672,0.32482847868636255,0.34040453603059345,0.3544947938169395,0.3673581913537594,0.37919137000637265,0.390147182216706,0.4003467993684856,0.40988790402115627,0.41885039419111547,0.42730045469165157,0.43529352622979833,0.44287651203588246,0.45008944555459823,0.45696676982222856,0.4635383322195127,0.4698301673590485,0.47586512005060866,0.4816633460116617,0.48724271802954383,0.4926191582219951,0.4978069119668629,0.5028187753737747
MCD,1,0.23559454672212382,0.1803279379354158,16,26.0589,1,0.0,0.12499380175612226,0.198110488606028,0.24998760351224453,0.2902266199843216,0.3231042903621502,0.3509019645867422,0.37498140526836676,0.396220977212056,0.41522042174044393,0.4324075099288115,0.4480980921182725,0.4625320285398086,0.47589576634286446,0.4883371085903496,0.49997520702448905,0.5109075200647611,0.5212147789681782,0.5309646094897449,0.5402142234965661,0.5490124531927703,0.5574013116849338,0.5654172063669269,0.5730918938743947,0.5804532399686432,0.5875258302959309,0.5943314658180839,0.6008895680989867,0.6072175134399853,0.6133309103464719
MCHP,4,0.4347000166660255,0.19879833952789114,0,0.0,1,0.0,0.13779650854375647,0.21840229877215644,0.27559301708751294,0.3199535845651346,0.35619880731591286,0.3868437065026674,0.4133895256312694,0.4368045975443129,0.45775009310889114,0.47669759859409566,0.4939953158596694,0.5099076732364848,0.5246402150464239,0.538355883337291,0.5511860341750259,0.5632381083266396,0.5746011060880692,0.5853495798994872,0.5955466016526475,0.6052460052748239,0.6144941071378521,0.6233310437260219,0.6317918244034259,0.6399071691302692,0.6477041817802413,0.6552068963164692,0.6624367235901804,0.669412819700503,0.6761523918810475
MCK,2,0.33632106878496854,0.19879833952789114,2,2.7789,1,0.0,0.13779650854375647,0.21840229877215644,0.27559301708751294,0.3199535845651346,0.35619880731591286,0.3868437065026674,0.4133895256312694,0.4368045975443129,0.45775009310889114,0.47669759859409566,0.4939953158596694,0.5099076732364848,0.5246402150464239,0.538355883337291,0.5511860341750259,0.5632381083266396,0.5746011060880692,0.5853495798994872,0.5955466016526475,0.6052460052748239,0.6144941071378521,0.6233310437260219,0.6317918244034259,0.6399071691302692,0.6477041817802413,0.6552068963164692,0.6624367235901804,0.669412819700503,0.6761523918810475
MCO,1,0.20503386777063048,0.21692074844479184,8,35.2854,1,0.0,0.1503580051894606,0.23831179990853207,0.3007160103789212,0.3491204765406284,0.38866980509799265,0.422108285939395,0.4510740155683818,0.47662359981706415,0.4994784817300891,0.5201532372676508,0.5390278102874533,0.5563907343435445,0.5724662911288556,0.5874322764491604,0.6014320207578424,0.6145827590964459,0.6269816050065247,0.6387099071108031,0.6498364869195495,0.6604200858479271,0.6705112424571115,0.6801537520636669,0.6893858154769139,0.6982409530812568,0.7067487395330051,0.7149353997255962,0.7228242963183162,0.7304363316756926,0.737790281638621
MDLZ,1,0.37207113993117114,0.11742481836435797,5,24.0575,1,0.0,0.08139268177701842,0.1290043484497044,0.16278536355403683,0.1889879545362857,0.2103970302267228,0.2284981458061809,0.24417804533105525,0.2580086968994088,0.27038063631330417,0.2815724168651013,0.2917897120037412,0.30118871241369766,0.3098908275831993,0.3179923029859901,0.32557072710807367,0.33268956231327645,0.33940137867642717,0.34575021231355485,0.35177331809032253,0.3575024942558853,0.36296509864211973,0.3681848387879754,0.3731823937807597,0.3779759090725714,0.3825813941907161,0.3870130453491132,0.3912835093602177,0.39540410121522174,0.39938498476300854
MDT,2,0.1462569601161528,0.19879833952789114,2,18.5736,1,0.0,0.13779650854375647,0.21840229877215644,0.27559301708751294,0.3199535845651346,0.35619880731591286,0.3868437065026674,0.4133895256312694,0.4368045975443129,0.45775009310889114,0.47669759859409566,0.4939953158596694,0.5099076732364848,0.5246402150464239,0.538355883337291,0.5511860341750259,0.5632381083266396,0.5746011060880692,0.5853495798994872,0.5955466016526475,0.6052460052748239,0.6144941071378521,0.6233310437260219,0.6317918244034259,0.6399071691302692,0.6477041817802413,0.6552068963164692,0.6624367235901804,0.669412819700503,0.6761523918810475
MET,1,0.33494424189788924,0.14715910361059995,16,27.4086,1,0.0,0.10200291776141622,0.1616707996159887,0.20400583552283244,0.23684344051071746,0.2636737173774049,0.28635839324174883,0.30600875328424865,0.3233415992319774,0.3388463582721337,0.35287211889710324,0.36567663513882115,0.37745564825062405,0.388361311003165,0.39851424012670617,0.4080116710456649,0.4169331360489031,0.4253445169933936,0.4333010008102433,0.4408492760335499,0.4480291928577375,0.45487503665851947,0.4614165181923546,0.4676795529002374,0.4736868810214349,0.4794585660120403,0.4850123988479661,0.49036422876458124,0.4955282359325207,0.5005171578881223
META,1,0.20359897667289428,0.38227629054168405,4,35.989,1,0.0,0.26497373298388277,0.4199734304555548,0.5299474659677655,0.6152499550224596,0.6849471634394375,0.7438753135082806,0.7949211989516483,0.8399468609111096,0.8802236880063424,0.9166585099928006,0.9499208964233203,0.9805193257976722,1.0088490464921633,1.0352233854780144,1.059894931935531,1.0830702874790104,1.1049205938949922,1.1255892106820897,1.1451974209902251,1.1638487439638354,1.1816322429766835,1.1986250978803015,1.2148946294072032,1.2304999100449192,1.2454930587815551,1.2599202913666643,1.2738227794760462,1.2872373590437105,1.3001971184618972
MGM,2,1.0245000601201104,0.19879833952789114,2,2.1574,1,0.0,0.13779650854375647,0.21840229877215644,0.27559301708751294,0.3199535845651346,0.35619880731591286,0.3868437065026674,0.4133895256312694,0.4368045975443129,0.45775009310889114,0.47669759859409566,0.4939953158596694,0.5099076732364848,0.5246402150464239,0.538355883337291,0.5511860341750259,0.5632381083266396,0.5746011060880692,0.5853495798994872,0.5955466016526475,0.6052460052748239,0.6144941071378521,0.6233310437260219,0.6317918244034259,0.6399071691302692,0.6477041817802413,0.6552068963164692,0.6624367235901804,0.669412819700503,0.6761523918810475
MKC,2,0.44980057543674734,0.19879833952789114,2,4.4928,1,0.0,0.13779650854375647,0.21840229877215644,0.27559301708751294,0.3199535845651346,0.35619880731591286,0.3868437065026674,0.4133895256312694,0.4368045975443129,0.45775009310889114,0.47669759859409566,0.4939953158596694,0.5099076732364848,0.5246402150464239,0.538355883337291,0.5511860341750259,0.5632381083266396,0.5746011060880692,0.5853495798994872,0.5955466016526475,0.6052460052748239,0.6144941071378521,0.6233310437260219,0.6317918244034259,0.6399071691302692,0.6477041817802413,0.6552068963164692,0.6624367235901804,0.669412819700503,0.6761523918810475
MLM,2,0.6719111750720472,0.19879833952789114,4,21.3251,1,0.0,0.13779650854375647,0.21840229877215644,0.27559301708751294,0.3199535845651346,0.35619880731591286,0.3868437065026674,0.4133895256312694,0.4368045975443129,0.45775009310889114,0.47669759859409566,0.4939953158596694,0.5099076732364848,0.5246402150464239,0.538355883337291,0.5511860341750259,0.5632381083266396,0.5746011060880692,0.5853495798994872,0.5955466016526475,0.6052460052748239,0.6144941071378521,0.6233310437260219,0.6317918244034259,0.6399071691302692,0.6477041817802413,0.6552068963164692,0.6624367235901804,0.669412819700503,0.6761523918810475
MMM,1,0.22589911717142208,0.19123884682166406,8,23.0198,1,0.0,0.1325566674879717,0.21009734718899842,0.2651133349759434,0.3077870504049637,0.3426540146769701,0.3721336129239105,0.3976700024639151,0.42019469437799684,0.4403437178929354,0.45857072676907995,0.47521068216494183,0.4905179572769125,0.5046902804118822,0.5178843975939621,0.5302266699518868,0.5418204527170614,0.5527513618659685,0.5630911149125478,0.572900385380907,0.582230960112909,0.5911273942570516,0.5996282980702883,0.6077673496529136,0.6155741008099274,0.6230746247648842,0.6302920415669953,0.6372469478998539,0.6439577714340115,0.6504410650819338
MNST,4,0.30983394825751376,0.19879833952789114,0,0.0,1,0.0,0.13779650854375647,0.21840229877215644,0.27559301708751294,0.3199535845651346,0.35619880731591286,0.3868437065026674,0.4133895256312694,0.4368045975443129,0.45775009310889114,0.47669759859409566,0.4939953158596694,0.5099076732364848,0.5246402150464239,0.538355883337291,0.5511860341750259,0.5632381083266396,0.5746011060880692,0.5853495798994872,0.5955466016526475,0.6052460052748239,0.6144941071378521,0.6233310437260219,0.6317918244034259,0.6399071691302692,0.6477041817802413,0.6552068963164692,0.6624367235901804,0.669412819700503,0.6761523918810475
MO,2,2.841144616397618,0.19879833952789114,6,22.4914,1,0.0,0.13779650854375647,0.21840229877215644,0.27559301708751294,0.3199535845651346,0.35619880731591286,0.3868437065026674,0.4133895256312694,0.4368045975443129,0.45775009310889114,0.47669759859409566,0.4939953158596694,0.5099076732364848,0.5246402150464239,0.538355883337291,0.5511860341750259,0.5632381083266396,0.5746011060880692,0.5853495798994872,0.5955466016526475,0.6052460052748239,0.6144941071378521,0.6233310437260219,0.6317918244034259,0.6399071691302692,0.6477041817802413,0.6552068963164692,0.6624367235901804,0.669412819700503,0.6761523918810475
MOS,2,0.7142111280520081,0.19879833952789114,5,17.2402,1,0.0,0.13779650854375647,0.21840229877215644,0.27559301708751294,0.3199535845651346,0.35619880731591286,0.3868437065026674,0.4133895256312694,0.4368045975443129,0.45775009310889114,0.47669759859409566,0.4939953158596694,0.5099076732364848,0.5246402150464239,0.538355883337291,0.5511860341750259,0.5632381083266396,0.5746011060880692,0.5853495798994872,0.5955466016526475,0.6052460052748239,0.6144941071378521,0.6233310437260219,0.6317918244034259,0.6399071691302692,0.6477041817802413,0.6552068963164692,0.6624367235901804,0.669412819700503,0.6761523918810475
MPC,2,0.9071002563694006,0.19879833952789114,4,28.0739,1,0.0,0.13779650854375647,0.21840229877215644,0.27559301708751294,0.3199535845651346,0.35619880731591286,0.3868437065026674,0.4133895256312694,0.4368045975443129,0.45775009310889114,0.47669759859409566,0.4939953158596694,0.5099076732364848,0.5246402150464239,0.538355883337291,0.5511860341750259,0.5632381083266396,0.5746011060880692,0.5853495798994872,0.5955466016526475,0.6052460052748239,0.6144941071378521,0.6233310437260219,0.6317918244034259,0.6399071691302692,0.6477041817802413,0.6552068963164692,0.6624367235901804,0.669412819700503,0.6761523918810475
MPWR,4,0.45864165146171665,0.19879833952789114,0,0.0,1,0.0,0.13779650854375647,0.21840229877215644,0.27559301708751294,0.3199535845651346,0.35619880731591286,0.3868437065026674,0.4133895256312694,0.4368045975443129,0.45775009310889114,0.47669759859409566,0.4939953158596694,0.5099076732364848,0.5246402150464239,0.538355883337291,0.5511860341750259,0.5632381083266396,0.5746011060880692,0.5853495798994872,0.5955466016526475,0.6052460052748239,0.6144941071378521,0.6233310437260219,0.6317918244034259,0.6399071691302692,0.6477041817802413,0.6552068963164692,0.6624367235901804,0.669412819700503,0.6761523918810475
MRK,1,0.13181457187246554,0.18713184037099545,15,35.3128,1,0.0,0.12970990754614925,0.2055853394326547,0.2594198150922985,0.3011770785166462,0.3352952469788039,0.3641417473893188,0.3891297226384477,0.4111706788653094,0.4308869860627955,0.4487225554156693,0.46500515452495317,0.4799836937201796,0.49385165493546807,0.5067624179493009,0.518839630184597,0.5301844272369021,0.5408805864114585,0.550998285031511,0.5605968936089447,0.5697270868219735,0.5784324629618186,0.5867508030994332,0.5947150620711025,0.6023541570332924,0.6096936012663289,0.616756018297964,0.6235615624816173,0.6301282657389475,0.6364723254954502
MRNA,4,0.6715068898522585,0.19879833952789114,0,0.0,1,0.0,0.13779650854375647,0.21840229877215644,0.27559301708751294,0.3199535845651346,0.35619880731591286,0.3868437065026674,0.4133895256312694,0.4368045975443129,0.45775009310889114,0.47669759859409566,0.4939953158596694,0.5099076732364848,0.5246402150464239,0.538355883337291,0.5511860341750259,0.5632381083266396,0.5746011060880692,0.5853495798994872,0.5955466016526475,0.6052460052748239,0.6144941071378521,0.6233310437260219,0.6317918244034259,0.6399071691302692,0.6477041817802413,0.6552068963164692,0.6624367235901804,0.669412819700503,0.6761523918810475
MRSH,1,0.2987793396597791,0.17316530860624976,7,22.5708,1,0.0,0.12002904543121486,0.19024153600583157,0.2400580908624297,0.27869881278924935,0.3102705814370464,0.3369641314811968,0.3600871362936445,0.38048307201166315,0.39872785822046425,0.4152322749195973,0.4302996268682613,0.4441602470442291,0.45699317691241165,0.46894034879508095,0.4801161817248594,0.49061426307083955,0.5005121174428779,0.5098746844996277,0.518756903651679,0.5272056674870284,0.5352613203508122,0.5429588235344823,0.5503286722994761,0.5573976255784987,0.5641892924754439,0.5707246080174947,0.5770222223436265,0.5830988215681457,0.5889693942262958
MRVL,2,0.6321173118744208,0.19879833952789114,4,4.6543,1,0.0,0.13779650854375647,0.21840229877215644,0.27559301708751294,0.3199535845651346,0.35619880731591286,0.3868437065026674,0.4133895256312694,0.4368045975443129,0.45775009310889114,0.47669759859409566,0.4939953158596694,0.5099076732364848,0.5246402150464239,0.538355883337291,0.5511860341750259,0.5632381083266396,0.5746011060880692,0.5853495798994872,0.5955466016526475,0.6052460052748239,0.6144941071378521,0.6233310437260219,0.6317918244034259,0.6399071691302692,0.6477041817802413,0.6552068963164692,0.6624367235901804,0.669412819700503,0.6761523918810475
MS,2,0.2637849225878154,0.19879833952789114,3,20.4271,1,0.0,0.13779650854375647,0.21840229877215644,0.27559301708751294,0.3199535845651346,0.35619880731591286,0.3868437065026674,0.4133895256312694,0.4368045975443129,0.45775009310889114,0.47669759859409566,0.4939953158596694,0.5099076732364848,0.5246402150464239,0.538355883337291,0.5511860341750259,0.5632381083266396,0.5746011060880692,0.5853495798994872,0.5955466016526475,0.6052460052748239,0.6144941071378521,0.6233310437260219,0.6317918244034259,0.6399071691302692,0.6477041817802413,0.6552068963164692,0.6624367235901804,0.669412819700503,0.6761523918810475
MSCI,2,0.1585334006828717,0.19879833952789114,3,4.4928,1,0.0,0.13779650854375647,0.21840229877215644,0.27559301708751294,0.3199535845651346,0.35619880731591286,0.3868437065026674,0.4133895256312694,0.4368045975443129,0.45775009310889114,0.47669759859409566,0.4939953158596694,0.5099076732364848,0.5246402150464239,0.538355883337291,0.5511860341750259,0.5632381083266396,0.5746011060880692,0.5853495798994872,0.5955466016526475,0.6052460052748239,0.6144941071378521,0.6233310437260219,0.6317918244034259,0.6399071691302692,0.6477041817802413,0.6552068963164692,0.6624367235901804,0.669412819700503,0.6761523918810475
MSFT,2,0.9668452375394381,0.19879833952789114,22,35.5756,1,0.0,0.13779650854375647,0.21840229877215644,0.27559301708751294,0.3199535845651346,0.35619880731591286,0.3868437065026674,0.4133895256312694,0.4368045975443129,0.45775009310889114,0.47669759859409566,0.4939953158596694,0.5099076732364848,0.5246402150464239,0.538355883337291,0.5511860341750259,0.5632381083266396,0.5746011060880692,0.5853495798994872,0.5955466016526475,0.6052460052748239,0.6144941071378521,0.6233310437260219,0.6317918244034259,0.6399071691302692,0.6477041817802413,0.6552068963164692,0.6624367235901804,0.669412819700503,0.6761523918810475
MSI,1,0.273126531558888,0.29156757450851123,8,71.1184,1,0.0,0.20209924221327633,0.3203197203322051,0.40419848442655265,0.4692599084504523,0.5224189625454815,0.5673643023715532,0.606297726639829,0.6406394406644103,0.6713591506637288,0.6991485086152458,0.7245182047587578,0.7478560628922246,0.7694635445848296,0.7895796287826574,0.8083969688531053,0.826073142791619,0.8427386828776865,0.8585029314438758,0.873458392877005,0.8876840227037583,0.9012477508285222,0.9142084434239284,0.9266174469720342,0.9385198169009046,0.949955305105501,0.9609591609966154,0.9715627867981059,0.9817942778017804,0.9916788709959338
MTB,4,0.26813350497581123,0.19879833952789114,0,0.0,1,0.0,0.13779650854375647,0.21840229877215644,0.27559301708751294,0.3199535845651346,0.35619880731591286,0.3868437065026674,0.4133895256312694,0.4368045975443129,0.45775009310889114,0.47669759859409566,0.4939953158596694,0.5099076732364848,0.5246402150464239,0.538355883337291,0.5511860341750259,0.5632381083266396,0.5746011060880692,0.5853495798994872,0.5955466016526475,0.6052460052748239,0.6144941071378521,0.6233310437260219,0.6317918244034259,0.6399071691302692,0.6477041817802413,0.6552068963164692,0.6624367235901804,0.669412819700503,0.6761523918810475
MTD,4,0.3906411181706459,0.19879833952789114,0,0.0,1,0.0,0.13779650854375647,0.21840229877215644,0.27559301708751294,0.3199535845651346,0.35619880731591286,0.3868437065026674,0.4133895256312694,0.4368045975443129,0.45775009310889114,0.47669759859409566,0.4939953158596694,0.5099076732364848,0.5246402150464239,0.538355883337291,0.5511860341750259,0.5632381083266396,0.5746011060880692,0.5853495798994872,0.5955466016526475,0.6052460052748239,0.6144941071378521,0.6233310437260219,0.6317918244034259,0.6399071691302692,0.6477041817802413,0.6552068963164692,0.6624367235901804,0.669412819700503,0.6761523918810475
MU,2,0.6214304505444642,0.19879833952789114,4,25.2019,1,0.0,0.13779650854375647,0.21840229877215644,0.27559301708751294,0.3199535845651346,0.35619880731591286,0.3868437065026674,0.4133895256312694,0.4368045975443129,0.45775009310889114,0.47669759859409566,0.4939953158596694,0.5099076732364848,0.5246402150464239,0.538355883337291,0.5511860341750259,0.5632381083266396,0.5746011060880692,0.5853495798994872,0.5955466016526475,0.6052460052748239,0.6144941071378521,0.6233310437260219,0.6317918244034259,0.6399071691302692,0.6477041817802413,0.6552068963164692,0.6624367235901804,0.669412819700503,0.6761523918810475
NCLH,4,0.5132682862172064,0.19879833952789114,0,0.0,1,0.0,0.13779650854375647,0.21840229877215644,0.27559301708751294,0.3199535845651346,0.35619880731591286,0.3868437065026674,0.4133895256312694,0.4368045975443129,0.45775009310889114,0.47669759859409566,0.4939953158596694,0.5099076732364848,0.5246402150464239,0.538355883337291,0.5511860341750259,0.5632381083266396,0.5746011060880692,0.5853495798994872,0.5955466016526475,0.6052460052748239,0.6144941071378521,0.6233310437260219,0.6317918244034259,0.6399071691302692,0.6477041817802413,0.6552068963164692,0.6624367235901804,0.669412819700503,0.6761523918810475
NDAQ,4,0.28915631301934797,0.19879833952789114,0,0.0,1,0.0,0.13779650854375647,0.21840229877215644,0.27559301708751294,0.3199535845651346,0.35619880731591286,0.3868437065026674,0.4133895256312694,0.4368045975443129,0.45775009310889114,0.47669759859409566,0.4939953158596694,0.5099076732364848,0.5246402150464239,0.538355883337291,0.5511860341750259,0.5632381083266396,0.5746011060880692,0.5853495798994872,0.5955466016526475,0.6052460052748239,0.6144941071378521,0.6233310437260219,0.6317918244034259,0.6399071691302692,0.6477041817802413,0.6552068963164692,0.6624367235901804,0.669412819700503,0.6761523918810475
NDSN,4,0.2516472103441746,0.19879833952789114,0,0.0,1,0.0,0.13779650854375647,0.21840229877215644,0.27559301708751294,0.3199535845651346,0.35619880731591286,0.3868437065026674,0.4133895256312694,0.4368045975443129,0.45775009310889114,0.47669759859409566,0.4939953158596694,0.5099076732364848,0.5246402150464239,0.538355883337291,0.5511860341750259,0.5632381083266396,0.5746011060880692,0.5853495798994872,0.5955466016526475,0.6052460052748239,0.6144941071378521,0.6233310437260219,0.6317918244034259,0.6399071691302692,0.6477041817802413,0.6552068963164692,0.6624367235901804,0.669412819700503,0.6761523918810475
NEE,1,0.42872919091190415,0.12119073582774088,19,26.6174,1,0.0,0.08400301684898374,0.1331416316530867,0.1680060336979675,0.1950489648769518,0.21714464850207044,0.23582628281868234,0.2520090505469512,0.2662832633061734,0.2790519817259356,0.290602692548296,0.3011476653510542,0.3108480999916548,0.3198292996676661,0.3281905965300385,0.336012067395935,0.3433592099231472,0.3502862801551571,0.3568387264850631,0.3630549985749193,0.3689679144717691,0.3746057093972798,0.3799928512120791,0.38515068220003795,0.3900979297539036,0.39485111684063856,0.3994248949592601,0.40383231651664986,0.40808505938574424,0.4121936133790223
NEM,2,-0.5220626405004178,0.19879833952789114,4,15.5702,1,0.0,0.13779650854375647,0.21840229877215644,0.27559301708751294,0.3199535845651346,0.35619880731591286,0.3868437065026674,0.4133895256312694,0.4368045975443129,0.45775009310889114,0.47669759859409566,0.4939953158596694,0.5099076732364848,0.5246402150464239,0.538355883337291,0.5511860341750259,0.5632381083266396,0.5746011060880692,0.5853495798994872,0.5955466016526475,0.6052460052748239,0.6144941071378521,0.6233310437260219,0.6317918244034259,0.6399071691302692,0.6477041817802413,0.6552068963164692,0.6624367235901804,0.669412819700503,0.6761523918810475
NFLX,2,0.2857631448151625,0.19879833952789114,4,3.822,1,0.0,0.13779650854375647,0.21840229877215644,0.27559301708751294,0.3199535845651346,0.35619880731591286,0.3868437065026674,0.4133895256312694,0.4368045975443129,0.45775009310889114,0.47669759859409566,0.4939953158596694,0.5099076732364848,0.5246402150464239,0.538355883337291,0.5511860341750259,0.5632381083266396,0.5746011060880692,0.5853495798994872,0.5955466016526475,0.6052460052748239,0.6144941071378521,0.6233310437260219,0.6317918244034259,0.6399071691302692,0.6477041817802413,0.6552068963164692,0.6624367235901804,0.669412819700503,0.6761523918810475
NI,1,0.5220790111112472,0.15126768053609493,8,25.8234,1,0.0,0.10485076627343672,0.16618453271527575,0.20970153254687343,0.243455939980761,0.2710352989887124,0.294353314779244,0.3145522988203101,0.3323690654305515,0.3483067062541978,0.36272405608467617,0.3758860652621492,0.3879939399957537,0.3992040810526807,0.40964047269603676,0.41940306509374686,0.4285736110192969,0.43721983170398815,0.4453984548585746,0.45315747252763444,0.46053784749451976,0.4675748223581129,0.4742989373779441,0.4807368315355859,0.486911879961522,0.4928447062691904,0.49855359814582717,0.5040548473261174,0.5093630298809186,0.5144912389694735
NKE,1,0.19030710117634964,0.1885938054868661,7,23.6057,1,0.0,0.13072326454429198,0.20719147227455428,0.26144652908858396,0.30353002060078454,0.33791473681884626,0.3669866001458564,0.3921697936328759,0.41438294454910857,0.4342532851450766,0.45222819465601166,0.46863800136313827,0.48373356020476327,0.49770986469014833,0.5107214928753389,0.5228930581771679,0.5343264863117315,0.5451062090934005,0.5553029521048622,0.5649765496893685,0.5741780724204106,0.5829514592003037,0.5913347862641358,0.5993612659074302,0.6070600412015691,0.6144568247490553,0.6215744168236629,0.6284331292344404,0.6350511347772044,0.6414447574196308
NOC,1,0.28070402882814366,0.15657320505036262,10,26.5708,1,0.0,0.10852827563189305,0.17201324714448013,0.2170565512637861,0.25199485227937196,0.2805415227763732,0.30467738877761924,0.3255848268956791,0.34402649428896026,0.36052312791126506,0.3754461482371545,0.3890697984082662,0.40160234168962106,0.4132056644095123,0.4240080994238521,0.4341131025275722,0.44360529387033754,0.45255476992085325,0.46102024804330743,0.46905140354315805,0.47669063592209937,0.48397442386904754,0.4909343788049007,0.49759807404015927,0.5039897045587439,0.5101306173215141,0.5160397414334403,0.5217339400414054,0.5272283004537032,0.5325363750557451
NOW,4,0.544547546800679,0.19879833952789114,0,0.0,1,0.0,0.13779650854375647,0.21840229877215644,0.27559301708751294,0.3199535845651346,0.35619880731591286,0.3868437065026674,0.4133895256312694,0.4368045975443129,0.45775009310889114,0.47669759859409566,0.4939953158596694,0.5099076732364848,0.5246402150464239,0.538355883337291,0.5511860341750259,0.5632381083266396,0.5746011060880692,0.5853495798994872,0.5955466016526475,0.6052460052748239,0.6144941071378521,0.6233310437260219,0.6317918244034259,0.6399071691302692,0.6477041817802413,0.6552068963164692,0.6624367235901804,0.669412819700503,0.6761523918810475
NRG,2,1.5293100274709537,0.19879833952789114,3,6.5708,1,0.0,0.13779650854375647,0.21840229877215644,0.27559301708751294,0.3199535845651346,0.35619880731591286,0.3868437065026674,0.4133895256312694,0.4368045975443129,0.45775009310889114,0.47669759859409566,0.4939953158596694,0.5099076732364848,0.5246402150464239,0.538355883337291,0.5511860341750259,0.5632381083266396,0.5746011060880692,0.5853495798994872,0.5955466016526475,0.6052460052748239,0.6144941071378521,0.6233310437260219,0.6317918244034259,0.6399071691302692,0.6477041817802413,0.6552068963164692,0.6624367235901804,0.669412819700503,0.6761523918810475
NSC,1,0.25038908867286647,0.16502410993444502,18,91.948,1,0.0,0.11438599652547503,0.1812975151004984,0.22877199305095006,0.26559605899418864,0.2956835116259734,0.3211220903602563,0.34315798957642507,0.3625950302009968,0.37998205551966374,0.3957105331095644,0.41006950815144844,0.4232784847420168,0.43550808688573134,0.44689357409468705,0.4575439861019001,0.46754851035726963,0.47698102672647175,0.4859034217932277,0.49436805204513873,0.5024196054607547,0.5100965296350394,0.5174321421883085,0.5244555046769235,0.5311921179883773,0.5376644812674918,0.5438925453014951,0.5498940834112064,0.5556849972294862,0.5612795706201621
NTAP,4,0.3622445136729913,0.19879833952789114,0,0.0,1,0.0,0.13779650854375647,0.21840229877215644,0.27559301708751294,0.3199535845651346,0.35619880731591286,0.3868437065026674,0.4133895256312694,0.4368045975443129,0.45775009310889114,0.47669759859409566,0.4939953158596694,0.5099076732364848,0.5246402150464239,0.538355883337291,0.5511860341750259,0.5632381083266396,0.5746011060880692,0.5853495798994872,0.5955466016526475,0.6052460052748239,0.6144941071378521,0.6233310437260219,0.6317918244034259,0.6399071691302692,0.6477041817802413,0.6552068963164692,0.6624367235901804,0.669412819700503,0.6761523918810475
NTRS,2,0.17382144062674035,0.19879833952789114,4,6.2067,1,0.0,0.13779650854375647,0.21840229877215644,0.27559301708751294,0.3199535845651346,0.35619880731591286,0.3868437065026674,0.4133895256312694,0.4368045975443129,0.45775009310889114,0.47669759859409566,0.4939953158596694,0.5099076732364848,0.5246402150464239,0.538355883337291,0.5511860341750259,0.5632381083266396,0.5746011060880692,0.5853495798994872,0.5955466016526475,0.6052460052748239,0.6144941071378521,0.6233310437260219,0.6317918244034259,0.6399071691302692,0.6477041817802413,0.6552068963164692,0.6624367235901804,0.669412819700503,0.6761523918810475
NUE,1,0.31302241407195286,0.10690017303522746,8,29.3361,1,0.0,0.0740975535407382,0.1174418437572482,0.1481951070814764,0.1720491913286606,0.19153939729798639,0.20801813164501826,0.2222926606222146,0.2348836875144964,0.24614674486939883,0.2563354195824998,0.26563695083872463,0.27419353013923375,0.2821156851857564,0.2894910350859088,0.2963902141629528,0.3028709967253249,0.30898124105523456,0.314761036364561,0.32024429841013696,0.32545997540226645,0.330432973123238,0.33518487423378096,0.33973450437946284,0.3440983826573212,0.34829108367997197,0.35232553127174454,0.35621323872649463,0.35996450688635395,0.363588588626647
NVDA,4,0.3834810602377051,0.19879833952789114,0,0.0,1,0.0,0.13779650854375647,0.21840229877215644,0.27559301708751294,0.3199535845651346,0.35619880731591286,0.3868437065026674,0.4133895256312694,0.4368045975443129,0.45775009310889114,0.47669759859409566,0.4939953158596694,0.5099076732364848,0.5246402150464239,0.538355883337291,0.5511860341750259,0.5632381083266396,0.5746011060880692,0.5853495798994872,0.5955466016526475,0.6052460052748239,0.6144941071378521,0.6233310437260219,0.6317918244034259,0.6399071691302692,0.6477041817802413,0.6552068963164692,0.6624367235901804,0.669412819700503,0.6761523918810475
NVR,4,0.3240540396062262,0.19879833952789114,0,0.0,1,0.0,0.13779650854375647,0.21840229877215644,0.27559301708751294,0.3199535845651346,0.35619880731591286,0.3868437065026674,0.4133895256312694,0.4368045975443129,0.45775009310889114,0.47669759859409566,0.4939953158596694,0.5099076732364848,0.5246402150464239,0.538355883337291,0.5511860341750259,0.5632381083266396,0.5746011060880692,0.5853495798994872,0.5955466016526475,0.6052460052748239,0.6144941071378521,0.6233310437260219,0.6317918244034259,0.6399071691302692,0.6477041817802413,0.6552068963164692,0.6624367235901804,0.669412819700503,0.6761523918810475
NWS,4,0.29949152574022997,0.19879833952789114,0,0.0,1,0.0,0.13779650854375647,0.21840229877215644,0.27559301708751294,0.3199535845651346,0.35619880731591286,0.3868437065026674,0.4133895256312694,0.4368045975443129,0.45775009310889114,0.47669759859409566,0.4939953158596694,0.5099076732364848,0.5246402150464239,0.538355883337291,0.5511860341750259,0.5632381083266396,0.5746011060880692,0.5853495798994872,0.5955466016526475,0.6052460052748239,0.6144941071378521,0.6233310437260219,0.6317918244034259,0.6399071691302692,0.6477041817802413,0.6552068963164692,0.6624367235901804,0.669412819700503,0.6761523918810475
NWSA,4,0.29014355317854224,0.19879833952789114,0,0.0,1,0.0,0.13779650854375647,0.21840229877215644,0.27559301708751294,0.3199535845651346,0.35619880731591286,0.3868437065026674,0.4133895256312694,0.4368045975443129,0.45775009310889114,0.47669759859409566,0.4939953158596694,0.5099076732364848,0.5246402150464239,0.538355883337291,0.5511860341750259,0.5632381083266396,0.5746011060880692,0.5853495798994872,0.5955466016526475,0.6052460052748239,0.6144941071378521,0.6233310437260219,0.6317918244034259,0.6399071691302692,0.6477041817802413,0.6552068963164692,0.6624367235901804,0.669412819700503,0.6761523918810475
NXPI,1,0.40805609483469985,0.2085748883909599,8,25.2868,1,0.0,0.1445730958237991,0.229142935493888,0.2891461916475982,0.33568833295812195,0.3737160313176871,0.4058679921580481,0.4337192874713973,0.458285870987776,0.48026142878192113,0.5001407388971305,0.5182891271414862,0.5349840259610044,0.5504410879818472,0.5648312684520099,0.5782923832951964,0.5909371570243035,0.602858966811575,0.6141360314536322,0.6248345246057202,0.6350109276519361,0.6447138347209296,0.6539853561379226,0.6628622229652854,0.6713766659162439,0.6795571217848034,0.6874288064816639,0.6950141838056463,0.7023333519187734,0.7094043642758091
O,1,0.3509749850500916,0.1240381691732757,8,20.5722,1,0.0,0.08597670724427357,0.1362698569176546,0.17195341448854715,0.19963173205638463,0.22224656416192817,0.2413671322645171,0.2579301217328207,0.2725397138353092,0.2856084393006582,0.2974305395071624,0.30822327140620176,0.3181516223216989,0.32734383950879065,0.3359015889740392,0.3439068289770943,0.3514265960740271,0.35851642107958276,0.36522282021823416,0.37158514654493174,0.3776369891821717,0.383407246751436,0.38892096199724735,0.39419997865047535,0.39926346411276925,0.4041283295659725,0.40880957075296376,0.41332054675306423,0.4176732098163281,0.4218782962183128
ODFL,4,0.41748346396424146,0.19879833952789114,0,0.0,1,0.0,0.13779650854375647,0.21840229877215644,0.27559301708751294,0.3199535845651346,0.35619880731591286,0.3868437065026674,0.4133895256312694,0.4368045975443129,0.45775009310889114,0.47669759859409566,0.4939953158596694,0.5099076732364848,0.5246402150464239,0.538355883337291,0.5511860341750259,0.5632381083266396,0.5746011060880692,0.5853495798994872,0.5955466016526475,0.6052460052748239,0.6144941071378521,0.6233310437260219,0.6317918244034259,0.6399071691302692,0.6477041817802413,0.6552068963164692,0.6624367235901804,0.669412819700503,0.6761523918810475
OKE,1,0.205456905208387,0.32575657924629914,10,21.9055,1,0.0,0.22579725445342463,0.35788018107447117,0.45159450890684927,0.5242849888638372,0.5836774355278957,0.633893033676915,0.6773917633602738,0.7157603621489423,0.750082243317262,0.7811301614576686,0.8094746899813204,0.8355491286266632,0.8596902881303395,0.8821651699383084,0.9031890178136985,0.9229378872347209,0.9415576166023668,0.9591703696527246,0.9758794977706865,0.9917732147513861,1.0069274159110932,1.0214078700276366,1.0352719444347451,1.0485699777276745,1.0613463830800878,1.0736405432234135,1.0854875425837642,1.0969187708867214,1.107962424391733
OMC,4,0.3823213933865052,0.19879833952789114,0,0.0,1,0.0,0.13779650854375647,0.21840229877215644,0.27559301708751294,0.3199535845651346,0.35619880731591286,0.3868437065026674,0.4133895256312694,0.4368045975443129,0.45775009310889114,0.47669759859409566,0.4939953158596694,0.5099076732364848,0.5246402150464239,0.538355883337291,0.5511860341750259,0.5632381083266396,0.5746011060880692,0.5853495798994872,0.5955466016526475,0.6052460052748239,0.6144941071378521,0.6233310437260219,0.6317918244034259,0.6399071691302692,0.6477041817802413,0.6552068963164692,0.6624367235901804,0.669412819700503,0.6761523918810475
ON,4,0.5308387273643154,0.19879833952789114,0,0.0,1,0.0,0.13779650854375647,0.21840229877215644,0.27559301708751294,0.3199535845651346,0.35619880731591286,0.3868437065026674,0.4133895256312694,0.4368045975443129,0.45775009310889114,0.47669759859409566,0.4939953158596694,0.5099076732364848,0.5246402150464239,0.538355883337291,0.5511860341750259,0.5632381083266396,0.5746011060880692,0.5853495798994872,0.5955466016526475,0.6052460052748239,0.6144941071378521,0.6233310437260219,0.6317918244034259,0.6399071691302692,0.6477041817802413,0.6552068963164692,0.6624367235901804,0.669412819700503,0.6761523918810475
ORCL,1,0.7254021770130243,0.5379619642957969,20,28.7365,1,0.0,0.3728868188001216,0.5910116248113974,0.7457736376002432,0.8658163807851753,0.9638984436115189,1.0468256461289231,1.1186604564003646,1.1820232496227947,1.238703199585297,1.2899764511302172,1.3367852624116405,1.3798451946592505,1.4197124649290447,1.4568280055965728,1.4915472752004864,1.5241610158375456,1.5549100684229162,1.5839961769814892,1.6115900183854186,1.6378372709403206,1.662863269930339,1.686776627439355,1.7096720812117623,1.7316327615703506,1.752732013459372,1.7730348744341922,1.7925992837291664,1.8114770790645693,1.8297148243966943
ORLY,4,0.2779797748584327,0.19879833952789114,0,0.0,1,0.0,0.13779650854375647,0.21840229877215644,0.27559301708751294,0.3199535845651346,0.35619880731591286,0.3868437065026674,0.4133895256312694,0.4368045975443129,0.45775009310889114,0.47669759859409566,0.4939953158596694,0.5099076732364848,0.5246402150464239,0.538355883337291,0.5511860341750259,0.5632381083266396,0.5746011060880692,0.5853495798994872,0.5955466016526475,0.6052460052748239,0.6144941071378521,0.6233310437260219,0.6317918244034259,0.6399071691302692,0.6477041817802413,0.6552068963164692,0.6624367235901804,0.669412819700503,0.6761523918810475
OTIS,2,0.2699554562455813,0.19879833952789114,2,13.4921,1,0.0,0.13779650854375647,0.21840229877215644,0.27559301708751294,0.3199535845651346,0.35619880731591286,0.3868437065026674,0.4133895256312694,0.4368045975443129,0.45775009310889114,0.47669759859409566,0.4939953158596694,0.5099076732364848,0.5246402150464239,0.538355883337291,0.5511860341750259,0.5632381083266396,0.5746011060880692,0.5853495798994872,0.5955466016526475,0.6052460052748239,0.6144941071378521,0.6233310437260219,0.6317918244034259,0.6399071691302692,0.6477041817802413,0.6552068963164692,0.6624367235901804,0.669412819700503,0.6761523918810475
OXY,2,0.851816908148869,0.19879833952789114,17,22.9952,1,0.0,0.13779650854375647,0.21840229877215644,0.27559301708751294,0.3199535845651346,0.35619880731591286,0.3868437065026674,0.4133895256312694,0.4368045975443129,0.45775009310889114,0.47669759859409566,0.4939953158596694,0.5099076732364848,0.5246402150464239,0.538355883337291,0.5511860341750259,0.5632381083266396,0.5746011060880692,0.5853495798994872,0.5955466016526475,0.6052460052748239,0.6144941071378521,0.6233310437260219,0.6317918244034259,0.6399071691302692,0.6477041817802413,0.6552068963164692,0.6624367235901804,0.669412819700503,0.6761523918810475
PANW,4,0.41452849696683247,0.19879833952789114,0,0.0,1,0.0,0.13779650854375647,0.21840229877215644,0.27559301708751294,0.3199535845651346,0.35619880731591286,0.3868437065026674,0.4133895256312694,0.4368045975443129,0.45775009310889114,0.47669759859409566,0.4939953158596694,0.5099076732364848,0.5246402150464239,0.538355883337291,0.5511860341750259,0.5632381083266396,0.5746011060880692,0.5853495798994872,0.5955466016526475,0.6052460052748239,0.6144941071378521,0.6233310437260219,0.6317918244034259,0.6399071691302692,0.6477041817802413,0.6552068963164692,0.6624367235901804,0.669412819700503,0.6761523918810475
PAYX,4,0.32652722793015365,0.19879833952789114,0,0.0,1,0.0,0.13779650854375647,0.21840229877215644,0.27559301708751294,0.3199535845651346,0.35619880731591286,0.3868437065026674,0.4133895256312694,0.4368045975443129,0.45775009310889114,0.47669759859409566,0.4939953158596694,0.5099076732364848,0.5246402150464239,0.538355883337291,0.5511860341750259,0.5632381083266396,0.5746011060880692,0.5853495798994872,0.5955466016526475,0.6052460052748239,0.6144941071378521,0.6233310437260219,0.6317918244034259,0.6399071691302692,0.6477041817802413,0.6552068963164692,0.6624367235901804,0.669412819700503,0.6761523918810475
PCAR,4,0.28969786911869244,0.19879833952789114,0,0.0,1,0.0,0.13779650854375647,0.21840229877215644,0.27559301708751294,0.3199535845651346,0.35619880731591286,0.3868437065026674,0.4133895256312694,0.4368045975443129,0.45775009310889114,0.47669759859409566,0.4939953158596694,0.5099076732364848,0.5246402150464239,0.538355883337291,0.5511860341750259,0.5632381083266396,0.5746011060880692,0.5853495798994872,0.5955466016526475,0.6052460052748239,0.6144941071378521,0.6233310437260219,0.6317918244034259,0.6399071691302692,0.6477041817802413,0.6552068963164692,0.6624367235901804,0.669412819700503,0.6761523918810475
PCG,1,0.6818216346363447,0.17526831049242084,10,26.4093,1,0.0,0.12148673525932657,0.19255191972107133,0.24297347051865315,0.2820834637547735,0.3140386549803979,0.3410563841949796,0.3644602057779797,0.38510383944214266,0.40357019901410013,0.420275053201133,0.4355253902397245,0.4495543403809039,0.4625431194543061,0.47463538347584483,0.4859469410373063,0.49657251607731484,0.5065905747014692,0.5160668452265303,0.5250569342734267,0.5336083039160509,0.5417617884604596,0.5495527737846598,0.5570121254990511,0.564166927509547,0.5710410756402305,0.577655759163214,0.5840298547136327,0.5901802510499032,0.5961221187351714
PEG,2,0.32444632631634224,0.19879833952789114,5,24.5476,1,0.0,0.13779650854375647,0.21840229877215644,0.27559301708751294,0.3199535845651346,0.35619880731591286,0.3868437065026674,0.4133895256312694,0.4368045975443129,0.45775009310889114,0.47669759859409566,0.4939953158596694,0.5099076732364848,0.5246402150464239,0.538355883337291,0.5511860341750259,0.5632381083266396,0.5746011060880692,0.5853495798994872,0.5955466016526475,0.6052460052748239,0.6144941071378521,0.6233310437260219,0.6317918244034259,0.6399071691302692,0.6477041817802413,0.6552068963164692,0.6624367235901804,0.669412819700503,0.6761523918810475
PEP,1,0.08056243855996292,0.1709402690522305,25,33.5825,1,0.0,0.11848676553771205,0.18779708020901342,0.2369735310754241,0.2751177497743453,0.30628384574672546,0.3326344044309812,0.3554602966131361,0.37559416041802685,0.3936045153120574,0.40989686309122514,0.4247706112844375,0.4384531332698208,0.4511211699686932,0.4629148299833587,0.4739470621508482,0.4843102513153393,0.4940809259557388,0.5033231913065862,0.5120912808497694,0.5204314846399947,0.5283836286289372,0.5359822248826414,0.5432573768221496,0.5502354995486906,0.5569398988075329,0.5633912406270402,0.5696079355064053,0.5756064551563417,0.5814015955210707
PFE,1,-0.051693815039104085,0.270328300920136,9,22.078,1,0.0,0.18737729960835273,0.2969859933656321,0.37475459921670545,0.4350766163047609,0.4843632929739848,0.5260345843373714,0.5621318988250581,0.5939719867312642,0.6224539159131137,0.6482189548800096,0.6717405925823375,0.6933784017487717,0.7134118839457241,0.732062609670393,0.7495091984334109,0.7658977494429736,0.7813492863396168,0.7959651864010835,0.8098312155214664,0.8230205777030035,0.8355962544883623,0.8476128239370411,0.8591178921906902,0.8701532326095218,0.8807557013571246,0.8909579800968962,0.9007891835540769,0.9102753604157027,0.9194399092787457
PFG,2,0.8492359754078576,0.19879833952789114,6,26.5708,1,0.0,0.13779650854375647,0.21840229877215644,0.27559301708751294,0.3199535845651346,0.35619880731591286,0.3868437065026674,0.4133895256312694,0.4368045975443129,0.45775009310889114,0.47669759859409566,0.4939953158596694,0.5099076732364848,0.5246402150464239,0.538355883337291,0.5511860341750259,0.5632381083266396,0.5746011060880692,0.5853495798994872,0.5955466016526475,0.6052460052748239,0.6144941071378521,0.6233310437260219,0.6317918244034259,0.6399071691302692,0.6477041817802413,0.6552068963164692,0.6624367235901804,0.669412819700503,0.6761523918810475
PG,2,0.07009383455215484,0.19879833952789114,8,21.1882,1,0.0,0.13779650854375647,0.21840229877215644,0.27559301708751294,0.3199535845651346,0.35619880731591286,0.3868437065026674,0.4133895256312694,0.4368045975443129,0.45775009310889114,0.47669759859409566,0.4939953158596694,0.5099076732364848,0.5246402150464239,0.538355883337291,0.5511860341750259,0.5632381083266396,0.5746011060880692,0.5853495798994872,0.5955466016526475,0.6052460052748239,0.6144941071378521,0.6233310437260219,0.6317918244034259,0.6399071691302692,0.6477041817802413,0.6552068963164692,0.6624367235901804,0.669412819700503,0.6761523918810475
PGR,1,0.23101965000369118,0.17536056337425518,9,25.588,1,0.0,0.12155068008426859,0.1926532698707196,0.24310136016853717,0.282231939040329,0.3142039499549882,0.3412359000140206,0.36465204025280573,0.3853065397414392,0.4037826191245976,0.4204962659503856,0.43575463003925674,0.4497909643508889,0.46278658009828916,0.4748852089110486,0.48620272033707435,0.49683388817315555,0.5068572198257077,0.5163384782077438,0.5253332992088662,0.5338891698847402,0.5420469460346542,0.5498420321620542,0.5573053101235254,0.564463878080658,0.5713416444351576,0.5779598096121588,0.5843372601825577,0.5904908937942083,0.5964358889953172
PH,1,0.3535741245491614,0.10714445654225598,9,22.8392,1,0.0,0.07426687796489231,0.11771021661998866,0.14853375592978463,0.17244235046625464,0.19197709458488096,0.20849348540059184,0.22280063389467694,0.23542043323997733,0.24670922843114698,0.2569211858492261,0.2662439725497733,0.274820104963625,0.28276036336548416,0.2901525670862433,0.29706751185956926,0.30356310401717096,0.3096873112048696,0.3154803142446232,0.32097610639603924,0.3262037020205805,0.33118806381411836,0.33595082375711577,0.3405108505146656,0.3448847009325093,0.3490869829285173,0.35313064985996595,0.3570272413303765,0.36078708172090557,0.3644194450511356
PHM,2,-1.7601743345651926,0.19879833952789114,3,8.4956,1,0.0,0.13779650854375647,0.21840229877215644,0.27559301708751294,0.3199535845651346,0.35619880731591286,0.3868437065026674,0.4133895256312694,0.4368045975443129,0.45775009310889114,0.47669759859409566,0.4939953158596694,0.5099076732364848,0.5246402150464239,0.538355883337291,0.5511860341750259,0.5632381083266396,0.5746011060880692,0.5853495798994872,0.5955466016526475,0.6052460052748239,0.6144941071378521,0.6233310437260219,0.6317918244034259,0.6399071691302692,0.6477041817802413,0.6552068963164692,0.6624367235901804,0.669412819700503,0.6761523918810475
PKG,2,0.37620747240767693,0.19879833952789114,2,25.1307,1,0.0,0.13779650854375647,0.21840229877215644,0.27559301708751294,0.3199535845651346,0.35619880731591286,0.3868437065026674,0.4133895256312694,0.4368045975443129,0.45775009310889114,0.47669759859409566,0.4939953158596694,0.5099076732364848,0.5246402150464239,0.538355883337291,0.5511860341750259,0.5632381083266396,0.5746011060880692,0.5853495798994872,0.5955466016526475,0.6052460052748239,0.6144941071378521,0.6233310437260219,0.6317918244034259,0.6399071691302692,0.6477041817802413,0.6552068963164692,0.6624367235901804,0.669412819700503,0.6761523918810475
PLD,1,0.20565580619771562,0.1867721774384933,10,23.5318,1,0.0,0.12946060819853347,0.20519020931522944,0.25892121639706694,0.30059822335738,0.33465081751376285,0.36344187563872393,0.3883818245956004,0.4103804186304589,0.43005883155591357,0.4478601213700216,0.46411142571229635,0.47906117651255553,0.4929024838372574,0.5057884326726094,0.5178424327941339,0.5291654254171746,0.5398410268289923,0.5499392794736905,0.559519439754447,0.5686320849539533,0.5773207295685551,0.5856230820548886,0.5935720339108298,0.60119644671476,0.608521784711089,0.6155706279456883,0.6223630920357909,0.6289171742461324,0.635249040871143
PLTR,4,0.5889422484082153,0.19879833952789114,0,0.0,1,0.0,0.13779650854375647,0.21840229877215644,0.27559301708751294,0.3199535845651346,0.35619880731591286,0.3868437065026674,0.4133895256312694,0.4368045975443129,0.45775009310889114,0.47669759859409566,0.4939953158596694,0.5099076732364848,0.5246402150464239,0.538355883337291,0.5511860341750259,0.5632381083266396,0.5746011060880692,0.5853495798994872,0.5955466016526475,0.6052460052748239,0.6144941071378521,0.6233310437260219,0.6317918244034259,0.6399071691302692,0.6477041817802413,0.6552068963164692,0.6624367235901804,0.669412819700503,0.6761523918810475
PM,1,0.24470556485276695,0.2081838901959604,18,18.2286,1,0.0,0.14430207652733118,0.22871338007201453,0.28860415305466236,0.3350590456393965,0.37301545659934565,0.4051071448021363,0.43290622958199354,0.45742676014402905,0.4793611221667277,0.4992031661736685,0.5173175331266768,0.5339811353919718,0.5494092213294675,0.563772425711411,0.5772083061093247,0.589829375720729,0.6017288366713601,0.6129847611274919,0.6236631986940588,0.6338205248741507,0.6435052427009997,0.652759383559063,0.6616196096540081,0.670118091278793,0.678283211919303,0.6861401402160435,0.6937112978567986,0.7010167453272195,0.7080745022387421
PNC,2,0.1598884345731248,0.19879833952789114,2,1.1828,1,0.0,0.13779650854375647,0.21840229877215644,0.27559301708751294,0.3199535845651346,0.35619880731591286,0.3868437065026674,0.4133895256312694,0.4368045975443129,0.45775009310889114,0.47669759859409566,0.4939953158596694,0.5099076732364848,0.5246402150464239,0.538355883337291,0.5511860341750259,0.5632381083266396,0.5746011060880692,0.5853495798994872,0.5955466016526475,0.6052460052748239,0.6144941071378521,0.6233310437260219,0.6317918244034259,0.6399071691302692,0.6477041817802413,0.6552068963164692,0.6624367235901804,0.669412819700503,0.6761523918810475
PNR,2,0.4973986884045225,0.19879833952789114,2,5.9083,1,0.0,0.13779650854375647,0.21840229877215644,0.27559301708751294,0.3199535845651346,0.35619880731591286,0.3868437065026674,0.4133895256312694,0.4368045975443129,0.45775009310889114,0.47669759859409566,0.4939953158596694,0.5099076732364848,0.5246402150464239,0.538355883337291,0.5511860341750259,0.5632381083266396,0.5746011060880692,0.5853495798994872,0.5955466016526475,0.6052460052748239,0.6144941071378521,0.6233310437260219,0.6317918244034259,0.6399071691302692,0.6477041817802413,0.6552068963164692,0.6624367235901804,0.669412819700503,0.6761523918810475
PNW,2,-0.6852968383530823,0.19879833952789114,2,6.3244,1,0.0,0.13779650854375647,0.21840229877215644,0.27559301708751294,0.3199535845651346,0.35619880731591286,0.3868437065026674,0.4133895256312694,0.4368045975443129,0.45775009310889114,0.47669759859409566,0.4939953158596694,0.5099076732364848,0.5246402150464239,0.538355883337291,0.5511860341750259,0.5632381083266396,0.5746011060880692,0.5853495798994872,0.5955466016526475,0.6052460052748239,0.6144941071378521,0.6233310437260219,0.6317918244034259,0.6399071691302692,0.6477041817802413,0.6552068963164692,0.6624367235901804,0.669412819700503,0.6761523918810475
PODD,4,0.45339608347372845,0.19879833952789114,0,0.0,1,0.0,0.13779650854375647,0.21840229877215644,0.27559301708751294,0.3199535845651346,0.35619880731591286,0.3868437065026674,0.4133895256312694,0.4368045975443129,0.45775009310889114,0.47669759859409566,0.4939953158596694,0.5099076732364848,0.5246402150464239,0.538355883337291,0.5511860341750259,0.5632381083266396,0.5746011060880692,0.5853495798994872,0.5955466016526475,0.6052460052748239,0.6144941071378521,0.6233310437260219,0.6317918244034259,0.6399071691302692,0.6477041817802413,0.6552068963164692,0.6624367235901804,0.669412819700503,0.6761523918810475
PPG,4,0.3084246460085372,0.19879833952789114,0,0.0,1,0.0,0.13779650854375647,0.21840229877215644,0.27559301708751294,0.3199535845651346,0.35619880731591286,0.3868437065026674,0.4133895256312694,0.4368045975443129,0.45775009310889114,0.47669759859409566,0.4939953158596694,0.5099076732364848,0.5246402150464239,0.538355883337291,0.5511860341750259,0.5632381083266396,0.5746011060880692,0.5853495798994872,0.5955466016526475,0.6052460052748239,0.6144941071378521,0.6233310437260219,0.6317918244034259,0.6399071691302692,0.6477041817802413,0.6552068963164692,0.6624367235901804,0.669412819700503,0.6761523918810475
PPL,2,0.49216943342455455,0.19879833952789114,9,26.7406,1,0.0,0.13779650854375647,0.21840229877215644,0.27559301708751294,0.3199535845651346,0.35619880731591286,0.3868437065026674,0.4133895256312694,0.4368045975443129,0.45775009310889114,0.47669759859409566,0.4939953158596694,0.5099076732364848,0.5246402150464239,0.538355883337291,0.5511860341750259,0.5632381083266396,0.5746011060880692,0.5853495798994872,0.5955466016526475,0.6052460052748239,0.6144941071378521,0.6233310437260219,0.6317918244034259,0.6399071691302692,0.6477041817802413,0.6552068963164692,0.6624367235901804,0.669412819700503,0.6761523918810475
PRU,2,0.813674489284361,0.19879833952789114,4,26.4969,1,0.0,0.13779650854375647,0.21840229877215644,0.27559301708751294,0.3199535845651346,0.35619880731591286,0.3868437065026674,0.4133895256312694,0.4368045975443129,0.45775009310889114,0.47669759859409566,0.4939953158596694,0.5099076732364848,0.5246402150464239,0.538355883337291,0.5511860341750259,0.5632381083266396,0.5746011060880692,0.5853495798994872,0.5955466016526475,0.6052460052748239,0.6144941071378521,0.6233310437260219,0.6317918244034259,0.6399071691302692,0.6477041817802413,0.6552068963164692,0.6624367235901804,0.669412819700503,0.6761523918810475
PSA,2,0.1848422202390983,0.19879833952789114,4,5.2238,1,0.0,0.13779650854375647,0.21840229877215644,0.27559301708751294,0.3199535845651346,0.35619880731591286,0.3868437065026674,0.4133895256312694,0.4368045975443129,0.45775009310889114,0.47669759859409566,0.4939953158596694,0.5099076732364848,0.5246402150464239,0.538355883337291,0.5511860341750259,0.5632381083266396,0.5746011060880692,0.5853495798994872,0.5955466016526475,0.6052460052748239,0.6144941071378521,0.6233310437260219,0.6317918244034259,0.6399071691302692,0.6477041817802413,0.6552068963164692,0.6624367235901804,0.669412819700503,0.6761523918810475
PSKY,4,0.5531030653903483,0.19879833952789114,0,0.0,1,0.0,0.13779650854375647,0.21840229877215644,0.27559301708751294,0.3199535845651346,0.35619880731591286,0.3868437065026674,0.4133895256312694,0.4368045975443129,0.45775009310889114,0.47669759859409566,0.4939953158596694,0.5099076732364848,0.5246402150464239,0.538355883337291,0.5511860341750259,0.5632381083266396,0.5746011060880692,0.5853495798994872,0.5955466016526475,0.6052460052748239,0.6144941071378521,0.6233310437260219,0.6317918244034259,0.6399071691302692,0.6477041817802413,0.6552068963164692,0.6624367235901804,0.669412819700503,0.6761523918810475
PSX,2,0.8989999729708815,0.19879833952789114,6,25.577,1,0.0,0.13779650854375647,0.21840229877215644,0.27559301708751294,0.3199535845651346,0.35619880731591286,0.3868437065026674,0.4133895256312694,0.4368045975443129,0.45775009310889114,0.47669759859409566,0.4939953158596694,0.5099076732364848,0.5246402150464239,0.538355883337291,0.5511860341750259,0.5632381083266396,0.5746011060880692,0.5853495798994872,0.5955466016526475,0.6052460052748239,0.6144941071378521,0.6233310437260219,0.6317918244034259,0.6399071691302692,0.6477041817802413,0.6552068963164692,0.6624367235901804,0.669412819700503,0.6761523918810475
PTC,4,0.34089464857833385,0.19879833952789114,0,0.0,1,0.0,0.13779650854375647,0.21840229877215644,0.27559301708751294,0.3199535845651346,0.35619880731591286,0.3868437065026674,0.4133895256312694,0.4368045975443129,0.45775009310889114,0.47669759859409566,0.4939953158596694,0.5099076732364848,0.5246402150464239,0.538355883337291,0.5511860341750259,0.5632381083266396,0.5746011060880692,0.5853495798994872,0.5955466016526475,0.6052460052748239,0.6144941071378521,0.6233310437260219,0.6317918244034259,0.6399071691302692,0.6477041817802413,0.6552068963164692,0.6624367235901804,0.669412819700503,0.6761523918810475
PWR,2,0.4216186819820224,0.19879833952789114,2,15.1184,1,0.0,0.13779650854375647,0.21840229877215644,0.27559301708751294,0.3199535845651346,0.35619880731591286,0.3868437065026674,0.4133895256312694,0.4368045975443129,0.45775009310889114,0.47669759859409566,0.4939953158596694,0.5099076732364848,0.5246402150464239,0.538355883337291,0.5511860341750259,0.5632381083266396,0.5746011060880692,0.5853495798994872,0.5955466016526475,0.6052460052748239,0.6144941071378521,0.6233310437260219,0.6317918244034259,0.6399071691302692,0.6477041817802413,0.6552068963164692,0.6624367235901804,0.669412819700503,0.6761523918810475
PYPL,2,0.5094478736919895,0.19879833952789114,4,35.7837,1,0.0,0.13779650854375647,0.21840229877215644,0.27559301708751294,0.3199535845651346,0.35619880731591286,0.3868437065026674,0.4133895256312694,0.4368045975443129,0.45775009310889114,0.47669759859409566,0.4939953158596694,0.5099076732364848,0.5246402150464239,0.538355883337291,0.5511860341750259,0.5632381083266396,0.5746011060880692,0.5853495798994872,0.5955466016526475,0.6052460052748239,0.6144941071378521,0.6233310437260219,0.6317918244034259,0.6399071691302692,0.6477041817802413,0.6552068963164692,0.6624367235901804,0.669412819700503,0.6761523918810475
QCOM,1,0.1434299354407178,0.2225243605149949,11,26.7515,1,0.0,0.15424213309687354,0.2444679969897861,0.3084842661937471,0.35813914225298654,0.3987101300866596,0.433012411538172,0.4627263992906206,0.4889359939795722,0.5123812753498601,0.5335901121613867,0.5529522631835332,0.5707637155224755,0.5872545446350456,0.6026071392427726,0.6169685323874942,0.6304589875886598,0.6431781270764457,0.6552094009144366,0.6666234084467336,0.6774804085279581,0.6878322452582603,0.6977238452980994,0.7071943962804068,0.7162782845059731,0.7250058486193491,0.7334039909693583,0.7414966777319191,0.7493053512325492,0.7568492723396463
RCL,2,0.549598798491282,0.19879833952789114,2,1.5715,1,0.0,0.13779650854375647,0.21840229877215644,0.27559301708751294,0.3199535845651346,0.35619880731591286,0.3868437065026674,0.4133895256312694,0.4368045975443129,0.45775009310889114,0.47669759859409566,0.4939953158596694,0.5099076732364848,0.5246402150464239,0.538355883337291,0.5511860341750259,0.5632381083266396,0.5746011060880692,0.5853495798994872,0.5955466016526475,0.6052460052748239,0.6144941071378521,0.6233310437260219,0.6317918244034259,0.6399071691302692,0.6477041817802413,0.6552068963164692,0.6624367235901804,0.669412819700503,0.6761523918810475
RDDT,4,0.7140390150910433,0.19879833952789114,0,0.0,1,0.0,0.13779650854375647,0.21840229877215644,0.27559301708751294,0.3199535845651346,0.35619880731591286,0.3868437065026674,0.4133895256312694,0.4368045975443129,0.45775009310889114,0.47669759859409566,0.4939953158596694,0.5099076732364848,0.5246402150464239,0.538355883337291,0.5511860341750259,0.5632381083266396,0.5746011060880692,0.5853495798994872,0.5955466016526475,0.6052460052748239,0.6144941071378521,0.6233310437260219,0.6317918244034259,0.6399071691302692,0.6477041817802413,0.6552068963164692,0.6624367235901804,0.669412819700503,0.6761523918810475
REG,4,0.2176403195080633,0.19879833952789114,0,0.0,1,0.0,0.13779650854375647,0.21840229877215644,0.27559301708751294,0.3199535845651346,0.35619880731591286,0.3868437065026674,0.4133895256312694,0.4368045975443129,0.45775009310889114,0.47669759859409566,0.4939953158596694,0.5099076732364848,0.5246402150464239,0.538355883337291,0.5511860341750259,0.5632381083266396,0.5746011060880692,0.5853495798994872,0.5955466016526475,0.6052460052748239,0.6144941071378521,0.6233310437260219,0.6317918244034259,0.6399071691302692,0.6477041817802413,0.6552068963164692,0.6624367235901804,0.669412819700503,0.6761523918810475
REGN,2,0.4837972790564527,0.19879833952789114,2,24.0739,1,0.0,0.13779650854375647,0.21840229877215644,0.27559301708751294,0.3199535845651346,0.35619880731591286,0.3868437065026674,0.4133895256312694,0.4368045975443129,0.45775009310889114,0.47669759859409566,0.4939953158596694,0.5099076732364848,0.5246402150464239,0.538355883337291,0.5511860341750259,0.5632381083266396,0.5746011060880692,0.5853495798994872,0.5955466016526475,0.6052460052748239,0.6144941071378521,0.6233310437260219,0.6317918244034259,0.6399071691302692,0.6477041817802413,0.6552068963164692,0.6624367235901804,0.669412819700503,0.6761523918810475
RF,2,0.17807029567743993,0.19879833952789114,2,11.3101,1,0.0,0.13779650854375647,0.21840229877215644,0.27559301708751294,0.3199535845651346,0.35619880731591286,0.3868437065026674,0.4133895256312694,0.4368045975443129,0.45775009310889114,0.47669759859409566,0.4939953158596694,0.5099076732364848,0.5246402150464239,0.538355883337291,0.5511860341750259,0.5632381083266396,0.5746011060880692,0.5853495798994872,0.5955466016526475,0.6052460052748239,0.6144941071378521,0.6233310437260219,0.6317918244034259,0.6399071691302692,0.6477041817802413,0.6552068963164692,0.6624367235901804,0.669412819700503,0.6761523918810475
RJF,2,-0.21294464843632077,0.19879833952789114,2,24.616,1,0.0,0.13779650854375647,0.21840229877215644,0.27559301708751294,0.3199535845651346,0.35619880731591286,0.3868437065026674,0.4133895256312694,0.4368045975443129,0.45775009310889114,0.47669759859409566,0.4939953158596694,0.5099076732364848,0.5246402150464239,0.538355883337291,0.5511860341750259,0.5632381083266396,0.5746011060880692,0.5853495798994872,0.5955466016526475,0.6052460052748239,0.6144941071378521,0.6233310437260219,0.6317918244034259,0.6399071691302692,0.6477041817802413,0.6552068963164692,0.6624367235901804,0.669412819700503,0.6761523918810475
RL,4,0.3518507099484391,0.19879833952789114,0,0.0,1,0.0,0.13779650854375647,0.21840229877215644,0.27559301708751294,0.3199535845651346,0.35619880731591286,0.3868437065026674,0.4133895256312694,0.4368045975443129,0.45775009310889114,0.47669759859409566,0.4939953158596694,0.5099076732364848,0.5246402150464239,0.538355883337291,0.5511860341750259,0.5632381083266396,0.5746011060880692,0.5853495798994872,0.5955466016526475,0.6052460052748239,0.6144941071378521,0.6233310437260219,0.6317918244034259,0.6399071691302692,0.6477041817802413,0.6552068963164692,0.6624367235901804,0.669412819700503,0.6761523918810475
RMD,4,0.3197539740531148,0.19879833952789114,0,0.0,1,0.0,0.13779650854375647,0.21840229877215644,0.27559301708751294,0.3199535845651346,0.35619880731591286,0.3868437065026674,0.4133895256312694,0.4368045975443129,0.45775009310889114,0.47669759859409566,0.4939953158596694,0.5099076732364848,0.5246402150464239,0.538355883337291,0.5511860341750259,0.5632381083266396,0.5746011060880692,0.5853495798994872,0.5955466016526475,0.6052460052748239,0.6144941071378521,0.6233310437260219,0.6317918244034259,0.6399071691302692,0.6477041817802413,0.6552068963164692,0.6624367235901804,0.669412819700503,0.6761523918810475
ROK,2,0.46322608669427706,0.19879833952789114,2,34.9897,1,0.0,0.13779650854375647,0.21840229877215644,0.27559301708751294,0.3199535845651346,0.35619880731591286,0.3868437065026674,0.4133895256312694,0.4368045975443129,0.45775009310889114,0.47669759859409566,0.4939953158596694,0.5099076732364848,0.5246402150464239,0.538355883337291,0.5511860341750259,0.5632381083266396,0.5746011060880692,0.5853495798994872,0.5955466016526475,0.6052460052748239,0.6144941071378521,0.6233310437260219,0.6317918244034259,0.6399071691302692,0.6477041817802413,0.6552068963164692,0.6624367235901804,0.669412819700503,0.6761523918810475
ROL,4,0.30345081433429993,0.19879833952789114,0,0.0,1,0.0,0.13779650854375647,0.21840229877215644,0.27559301708751294,0.3199535845651346,0.35619880731591286,0.3868437065026674,0.4133895256312694,0.4368045975443129,0.45775009310889114,0.47669759859409566,0.4939953158596694,0.5099076732364848,0.5246402150464239,0.538355883337291,0.5511860341750259,0.5632381083266396,0.5746011060880692,0.5853495798994872,0.5955466016526475,0.6052460052748239,0.6144941071378521,0.6233310437260219,0.6317918244034259,0.6399071691302692,0.6477041817802413,0.6552068963164692,0.6624367235901804,0.669412819700503,0.6761523918810475
ROP,2,0.16357780138354133,0.19879833952789114,2,4.4928,1,0.0,0.13779650854375647,0.21840229877215644,0.27559301708751294,0.3199535845651346,0.35619880731591286,0.3868437065026674,0.4133895256312694,0.4368045975443129,0.45775009310889114,0.47669759859409566,0.4939953158596694,0.5099076732364848,0.5246402150464239,0.538355883337291,0.5511860341750259,0.5632381083266396,0.5746011060880692,0.5853495798994872,0.5955466016526475,0.6052460052748239,0.6144941071378521,0.6233310437260219,0.6317918244034259,0.6399071691302692,0.6477041817802413,0.6552068963164692,0.6624367235901804,0.669412819700503,0.6761523918810475
ROST,2,0.36110953586320454,0.19879833952789114,3,23.6578,1,0.0,0.13779650854375647,0.21840229877215644,0.27559301708751294,0.3199535845651346,0.35619880731591286,0.3868437065026674,0.4133895256312694,0.4368045975443129,0.45775009310889114,0.47669759859409566,0.4939953158596694,0.5099076732364848,0.5246402150464239,0.538355883337291,0.5511860341750259,0.5632381083266396,0.5746011060880692,0.5853495798994872,0.5955466016526475,0.6052460052748239,0.6144941071378521,0.6233310437260219,0.6317918244034259,0.6399071691302692,0.6477041817802413,0.6552068963164692,0.6624367235901804,0.669412819700503,0.6761523918810475
RSG,2,0.24778582576022704,0.19879833952789114,4,6.5708,1,0.0,0.13779650854375647,0.21840229877215644,0.27559301708751294,0.3199535845651346,0.35619880731591286,0.3868437065026674,0.4133895256312694,0.4368045975443129,0.45775009310889114,0.47669759859409566,0.4939953158596694,0.5099076732364848,0.5246402150464239,0.538355883337291,0.5511860341750259,0.5632381083266396,0.5746011060880692,0.5853495798994872,0.5955466016526475,0.6052460052748239,0.6144941071378521,0.6233310437260219,0.6317918244034259,0.6399071691302692,0.6477041817802413,0.6552068963164692,0.6624367235901804,0.669412819700503,0.6761523918810475
RTX,1,0.32597624335903674,0.11263056833410817,11,26.527,1,0.0,0.07806956088565133,0.1237373264515245,0.15613912177130265,0.18127190677591334,0.20180688733717583,0.21916896601520908,0.234208682656954,0.247474652903049,0.2593414676615647,0.27007630738095184,0.2798764482228272,0.28889170387909846,0.2972385269008604,0.30500923322743784,0.3122782435426053,0.3191064291528308,0.3255442137887003,0.3316338356486175,0.337411028547216,0.3429062924667336,0.3481458682666032,0.353152495548409,0.3579460091084785,0.3625438135518267,0.36696126476474983,0.3712119793545735,0.37530808778651176,0.3792604430804491,0.3830787941130892
RVTY,1,0.47365645457804467,0.1450754371217981,4,24.5722,1,0.0,0.10055863020947597,0.15938165800590506,0.20111726041895195,0.2334899086667713,0.259940288215381,0.28230376547394287,0.3016758906284279,0.3187633160118101,0.33404853887624736,0.34787570487351693,0.36049891842485704,0.3721111492290076,0.38286239568341884,0.39287156667267636,0.4022345208379039,0.41102966434826693,0.41932194622128605,0.4271657719810323,0.4346071690857233,0.4416854234798479,0.4484343350829929,0.454883193968791,0.461057548634333,0.4669798173335426,0.4726697794384836,0.47814497401771516,0.4834210258928948,0.4885119144536957,0.4934301968821524
SBAC,4,0.3226201723336443,0.19879833952789114,0,0.0,1,0.0,0.13779650854375647,0.21840229877215644,0.27559301708751294,0.3199535845651346,0.35619880731591286,0.3868437065026674,0.4133895256312694,0.4368045975443129,0.45775009310889114,0.47669759859409566,0.4939953158596694,0.5099076732364848,0.5246402150464239,0.538355883337291,0.5511860341750259,0.5632381083266396,0.5746011060880692,0.5853495798994872,0.5955466016526475,0.6052460052748239,0.6144941071378521,0.6233310437260219,0.6317918244034259,0.6399071691302692,0.6477041817802413,0.6552068963164692,0.6624367235901804,0.669412819700503,0.6761523918810475
SBUX,1,0.26607532348218244,0.18250092317788516,12,24.2409,1,0.0,0.12650000035033826,0.2004977568964993,0.2530000007006765,0.2937239048167116,0.32699775724683755,0.3551303986238108,0.3795000010510148,0.4009955137929986,0.42022390516704994,0.4376181009695894,0.4534977575971758,0.4681056256412538,0.48163039897414905,0.4942216617132109,0.506000001401353,0.5170640508501626,0.5274955141433368,0.5373628319388252,0.5467239055173881,0.5556281555203101,0.5641181013199277,0.572230589025989,0.5799977579475142,0.5874478096334232,0.5946056259915921,0.6014932706894979,0.6081303993244873,0.6145345975855746,0.6207216620635492
SCHW,2,0.34380135996562694,0.19879833952789114,11,5.5387,1,0.0,0.13779650854375647,0.21840229877215644,0.27559301708751294,0.3199535845651346,0.35619880731591286,0.3868437065026674,0.4133895256312694,0.4368045975443129,0.45775009310889114,0.47669759859409566,0.4939953158596694,0.5099076732364848,0.5246402150464239,0.538355883337291,0.5511860341750259,0.5632381083266396,0.5746011060880692,0.5853495798994872,0.5955466016526475,0.6052460052748239,0.6144941071378521,0.6233310437260219,0.6317918244034259,0.6399071691302692,0.6477041817802413,0.6552068963164692,0.6624367235901804,0.669412819700503,0.6761523918810475
SHW,1,0.38603309376436296,0.15602324647938806,6,25.5852,1,0.0,0.10814707339899725,0.17140905590014913,0.2162941467979945,0.2511097281049774,0.27955612929914636,0.3036072188127999,0.32444122019699173,0.34281811180029825,0.3592568015039747,0.37412740517957965,0.3877032026981436,0.40019172580636936,0.4117542922117971,0.42251878400512655,0.432588293595989,0.4420471439083743,0.45096518519929546,0.45940092859000325,0.4674038749029719,0.475016274712949,0.4822744785785769,0.4892099868866093,0.4958502760971409,0.5022194562099548,0.5083387992053666,0.5142271677004473,0.5199013656107944,0.5253764272509952,0.5306658574041238
SJM,1,0.6033485112208543,0.11101369892848326,4,18.5845,1,0.0,0.07694883241580878,0.12196101385333348,0.15389766483161757,0.1786696558550458,0.19890984626914227,0.21602268342910652,0.23084649724742634,0.24392202770666696,0.25561848827085465,0.26619922387647155,0.27585867868495106,0.2847445157360416,0.2929715158449153,0.30063066970837926,0.30779532966323514,0.314525493177218,0.32087086012247573,0.3268730623464738,0.3325673206866634,0.33798369728244,0.34314805629228035,0.34808281087915927,0.35280751110075986,0.3573393117100916,0.3616933481518504,0.3658830415600004,0.3699203482607241,0.3738159654732556,0.37757950212418806
SLB,4,0.37675254056154733,0.19879833952789114,0,0.0,1,0.0,0.13779650854375647,0.21840229877215644,0.27559301708751294,0.3199535845651346,0.35619880731591286,0.3868437065026674,0.4133895256312694,0.4368045975443129,0.45775009310889114,0.47669759859409566,0.4939953158596694,0.5099076732364848,0.5246402150464239,0.538355883337291,0.5511860341750259,0.5632381083266396,0.5746011060880692,0.5853495798994872,0.5955466016526475,0.6052460052748239,0.6144941071378521,0.6233310437260219,0.6317918244034259,0.6399071691302692,0.6477041817802413,0.6552068963164692,0.6624367235901804,0.669412819700503,0.6761523918810475
SMCI,4,0.9726411636420469,0.19879833952789114,0,0.0,1,0.0,0.13779650854375647,0.21840229877215644,0.27559301708751294,0.3199535845651346,0.35619880731591286,0.3868437065026674,0.4133895256312694,0.4368045975443129,0.45775009310889114,0.47669759859409566,0.4939953158596694,0.5099076732364848,0.5246402150464239,0.538355883337291,0.5511860341750259,0.5632381083266396,0.5746011060880692,0.5853495798994872,0.5955466016526475,0.6052460052748239,0.6144941071378521,0.6233310437260219,0.6317918244034259,0.6399071691302692,0.6477041817802413,0.6552068963164692,0.6624367235901804,0.669412819700503,0.6761523918810475
SNA,2,0.2687525667648584,0.19879833952789114,2,21.5332,1,0.0,0.13779650854375647,0.21840229877215644,0.27559301708751294,0.3199535845651346,0.35619880731591286,0.3868437065026674,0.4133895256312694,0.4368045975443129,0.45775009310889114,0.47669759859409566,0.4939953158596694,0.5099076732364848,0.5246402150464239,0.538355883337291,0.5511860341750259,0.5632381083266396,0.5746011060880692,0.5853495798994872,0.5955466016526475,0.6052460052748239,0.6144941071378521,0.6233310437260219,0.6317918244034259,0.6399071691302692,0.6477041817802413,0.6552068963164692,0.6624367235901804,0.669412819700503,0.6761523918810475
SNPS,4,0.7248285362484836,0.19879833952789114,0,0.0,1,0.0,0.13779650854375647,0.21840229877215644,0.27559301708751294,0.3199535845651346,0.35619880731591286,0.3868437065026674,0.4133895256312694,0.4368045975443129,0.45775009310889114,0.47669759859409566,0.4939953158596694,0.5099076732364848,0.5246402150464239,0.538355883337291,0.5511860341750259,0.5632381083266396,0.5746011060880692,0.5853495798994872,0.5955466016526475,0.6052460052748239,0.6144941071378521,0.6233310437260219,0.6317918244034259,0.6399071691302692,0.6477041817802413,0.6552068963164692,0.6624367235901804,0.669412819700503,0.6761523918810475
SO,1,0.3727574781215157,0.1723374539256739,9,24.5832,1,0.0,0.11945522029346034,0.18933204468051953,0.23891044058692068,0.27736643208034456,0.30878726497397985,0.3353532006563213,0.358365660880381,0.37866408936103907,0.39682165237380496,0.4132471660944805,0.4282424852674402,0.44203684171321445,0.4548084209497816,0.46669847676086407,0.47782088117384136,0.4882687741428926,0.49811930965449935,0.5074371169090547,0.5162768726672652,0.5246852453368408,0.5327023863879408,0.5403630899719069,0.5476977055609006,0.5547328641606891,0.5614920620066748,0.5679961340415586,0.5742636412432419,0.5803111899544079,0.5861536970543244
SOLV,4,0.3130114758898404,0.19879833952789114,0,0.0,1,0.0,0.13779650854375647,0.21840229877215644,0.27559301708751294,0.3199535845651346,0.35619880731591286,0.3868437065026674,0.4133895256312694,0.4368045975443129,0.45775009310889114,0.47669759859409566,0.4939953158596694,0.5099076732364848,0.5246402150464239,0.538355883337291,0.5511860341750259,0.5632381083266396,0.5746011060880692,0.5853495798994872,0.5955466016526475,0.6052460052748239,0.6144941071378521,0.6233310437260219,0.6317918244034259,0.6399071691302692,0.6477041817802413,0.6552068963164692,0.6624367235901804,0.669412819700503,0.6761523918810475
SPG,2,0.3261774585937332,0.19879833952789114,5,26.5517,1,0.0,0.13779650854375647,0.21840229877215644,0.27559301708751294,0.3199535845651346,0.35619880731591286,0.3868437065026674,0.4133895256312694,0.4368045975443129,0.45775009310889114,0.47669759859409566,0.4939953158596694,0.5099076732364848,0.5246402150464239,0.538355883337291,0.5511860341750259,0.5632381083266396,0.5746011060880692,0.5853495798994872,0.5955466016526475,0.6052460052748239,0.6144941071378521,0.6233310437260219,0.6317918244034259,0.6399071691302692,0.6477041817802413,0.6552068963164692,0.6624367235901804,0.669412819700503,0.6761523918810475
SPGI,1,0.3255287805765035,0.11982302406450841,5,35.5483,1,0.0,0.08305499129648049,0.1316390467026436,0.16610998259296098,0.19284771771192338,0.21469403799912404,0.23316483861762596,0.24916497388944142,0.2632780934052872,0.2759027090084039,0.28732306297669014,0.29774902929560454,0.3073399885833591,0.3162198299141064,0.324486764414567,0.33221996518592195,0.33948419070473435,0.3463330847017676,0.35281158265713697,0.35895770030488433,0.3648038853202695,0.3703780542731706,0.37570439888940543,0.380804020592085,0.38569543542384677,0.3903949798798396,0.3949171401079307,0.39927482121058694,0.40347956926878814,0.40754175571104745
SRE,1,0.4237415251033213,0.1744873809336524,22,26.6174,1,0.0,0.12094543613745032,0.19169398091122417,0.24189087227490064,0.28082660611595117,0.3126394170486745,0.33953676544087474,0.3628363084123509,0.38338796182244833,0.4017720422534015,0.41840246590377367,0.4335848531861248,0.4475512956109181,0.4604822015783251,0.4725205870271753,0.4837817445498013,0.4943599760306442,0.5043333979598986,0.5137674457937093,0.5227174783908518,0.5312307463520989,0.539347902041224,0.5471041736700933,0.5545302893235752,0.5616532122319023,0.5684967317483685,0.5750819427336724,0.5814276377157754,0.5875506302031491,0.5934660231646257
STE,2,0.4135253176670231,0.19879833952789114,2,24.5859,1,0.0,0.13779650854375647,0.21840229877215644,0.27559301708751294,0.3199535845651346,0.35619880731591286,0.3868437065026674,0.4133895256312694,0.4368045975443129,0.45775009310889114,0.47669759859409566,0.4939953158596694,0.5099076732364848,0.5246402150464239,0.538355883337291,0.5511860341750259,0.5632381083266396,0.5746011060880692,0.5853495798994872,0.5955466016526475,0.6052460052748239,0.6144941071378521,0.6233310437260219,0.6317918244034259,0.6399071691302692,0.6477041817802413,0.6552068963164692,0.6624367235901804,0.669412819700503,0.6761523918810475
STLD,4,0.3456234536486968,0.19879833952789114,0,0.0,1,0.0,0.13779650854375647,0.21840229877215644,0.27559301708751294,0.3199535845651346,0.35619880731591286,0.3868437065026674,0.4133895256312694,0.4368045975443129,0.45775009310889114,0.47669759859409566,0.4939953158596694,0.5099076732364848,0.5246402150464239,0.538355883337291,0.5511860341750259,0.5632381083266396,0.5746011060880692,0.5853495798994872,0.5955466016526475,0.6052460052748239,0.6144941071378521,0.6233310437260219,0.6317918244034259,0.6399071691302692,0.6477041817802413,0.6552068963164692,0.6624367235901804,0.669412819700503,0.6761523918810475
STT,2,-1.2496741713612152,0.19879833952789114,2,4.5366,1,0.0,0.13779650854375647,0.21840229877215644,0.27559301708751294,0.3199535845651346,0.35619880731591286,0.3868437065026674,0.4133895256312694,0.4368045975443129,0.45775009310889114,0.47669759859409566,0.4939953158596694,0.5099076732364848,0.5246402150464239,0.538355883337291,0.5511860341750259,0.5632381083266396,0.5746011060880692,0.5853495798994872,0.5955466016526475,0.6052460052748239,0.6144941071378521,0.6233310437260219,0.6317918244034259,0.6399071691302692,0.6477041817802413,0.6552068963164692,0.6624367235901804,0.669412819700503,0.6761523918810475
STX,4,0.5579543153152141,0.19879833952789114,0,0.0,1,0.0,0.13779650854375647,0.21840229877215644,0.27559301708751294,0.3199535845651346,0.35619880731591286,0.3868437065026674,0.4133895256312694,0.4368045975443129,0.45775009310889114,0.47669759859409566,0.4939953158596694,0.5099076732364848,0.5246402150464239,0.538355883337291,0.5511860341750259,0.5632381083266396,0.5746011060880692,0.5853495798994872,0.5955466016526475,0.6052460052748239,0.6144941071378521,0.6233310437260219,0.6317918244034259,0.6399071691302692,0.6477041817802413,0.6552068963164692,0.6624367235901804,0.669412819700503,0.6761523918810475
STZ,1,0.47440613133868503,0.1482856810980969,8,22.2587,1,0.0,0.10278380177055703,0.1629084714878897,0.20556760354111406,0.2386565970303898,0.2656922732584467,0.2885506118083664,0.3083514053116711,0.3258169429757794,0.3414403988009469,0.35557353372881323,0.36847607502900376,0.38034526245330996,0.3913344135789234,0.4015650685182795,0.4111352070822281,0.42012497041959274,0.42860074474633636,0.43661813947748074,0.44422420057150386,0.45145908329625606,0.4583573354993703,0.4649488953881972,0.47125987679956083,0.4773131940607796,0.48312906422386703,0.4887254144636691,0.4941182153494804,0.4993217556083258,0.5043488702888366
SW,4,0.432110452493427,0.19879833952789114,0,0.0,1,0.0,0.13779650854375647,0.21840229877215644,0.27559301708751294,0.3199535845651346,0.35619880731591286,0.3868437065026674,0.4133895256312694,0.4368045975443129,0.45775009310889114,0.47669759859409566,0.4939953158596694,0.5099076732364848,0.5246402150464239,0.538355883337291,0.5511860341750259,0.5632381083266396,0.5746011060880692,0.5853495798994872,0.5955466016526475,0.6052460052748239,0.6144941071378521,0.6233310437260219,0.6317918244034259,0.6399071691302692,0.6477041817802413,0.6552068963164692,0.6624367235901804,0.669412819700503,0.6761523918810475
SWK,1,0.234464612328879,0.24127767437101602,7,24.2464,1,0.0,0.1672409397223303,0.26507061804526083,0.3344818794446606,0.38832143655664264,0.43231155776759117,0.4695046752990231,0.5017228191669909,0.5301412360905217,0.5555623762789731,0.5785585948060439,0.5995524974899215,0.6188650158477514,0.6367456150213534,0.6533920546019035,0.6689637588893212,0.6835911266508131,0.6973821758128519,0.7104273892206472,0.7228033160013033,0.734575293344284,0.7457995345283742,0.7565247524231575,0.7667934372122518,0.7766428731132853,0.7861059555700818,0.7952118541357824,0.8039865547436837,0.8124533067783566,0.8206329943242339
SWKS,4,0.4829337675415639,0.19879833952789114,0,0.0,1,0.0,0.13779650854375647,0.21840229877215644,0.27559301708751294,0.3199535845651346,0.35619880731591286,0.3868437065026674,0.4133895256312694,0.4368045975443129,0.45775009310889114,0.47669759859409566,0.4939953158596694,0.5099076732364848,0.5246402150464239,0.538355883337291,0.5511860341750259,0.5632381083266396,0.5746011060880692,0.5853495798994872,0.5955466016526475,0.6052460052748239,0.6144941071378521,0.6233310437260219,0.6317918244034259,0.6399071691302692,0.6477041817802413,0.6552068963164692,0.6624367235901804,0.669412819700503,0.6761523918810475
SYF,2,0.4727243286250127,0.19879833952789114,4,6.4586,1,0.0,0.13779650854375647,0.21840229877215644,0.27559301708751294,0.3199535845651346,0.35619880731591286,0.3868437065026674,0.4133895256312694,0.4368045975443129,0.45775009310889114,0.47669759859409566,0.4939953158596694,0.5099076732364848,0.5246402150464239,0.538355883337291,0.5511860341750259,0.5632381083266396,0.5746011060880692,0.5853495798994872,0.5955466016526475,0.6052460052748239,0.6144941071378521,0.6233310437260219,0.6317918244034259,0.6399071691302692,0.6477041817802413,0.6552068963164692,0.6624367235901804,0.669412819700503,0.6761523918810475
SYK,1,0.31075836216412916,0.1546239897955227,5,19.5702,1,0.0,0.10717718257369631,0.16987181531225365,0.21435436514739262,0.24885771134873766,0.27704899788594994,0.30088439103053277,0.3215315477210889,0.3397436306245073,0.35603489392243404,0.37077213419190735,0.38422618045964624,0.39660270327416514,0.40806157360422907,0.4187295266609913,0.42870873029478523,0.4380827511998871,0.44692081319820354,0.4552809026681709,0.4632120764961303,0.4707562063427864,0.4779493167656037,0.48482262564774925,0.4914033630333426,0.4977154226974753,0.5037798858478615,0.5096154459367609,0.5152387561779254,0.5206647160543347,0.5259067092346876
SYY,1,0.3859469564881638,0.22518729320168338,9,25.3224,1,0.0,0.15608793738067256,0.24739352756327807,0.3121758747613451,0.36242496707720295,0.4034814649439506,0.4381942392794502,0.4682638121420177,0.49478705512655613,0.5185129044578756,0.5399755458625772,0.5595694023246232,0.5775940030061605,0.5942821766601227,0.609818494640481,0.6243517495226902,0.638003644010909,0.6508749925072286,0.6630502437160185,0.6746008418385481,0.6855877668427283,0.6960634832432498,0.7060734553346197,0.7156573397052958,0.7248499341544059,0.7336819403868331,0.7421805826898341,0.7503701140407953,0.7582722333639699,0.7659064320211536
T,1,0.523174451536052,0.2385922808130622,32,30.5489,1,0.0,0.16537956674894078,0.2621204116825826,0.33075913349788155,0.3839994623546655,0.4274999784315234,0.464279140720393,0.49613870024682233,0.5242408233651652,0.5493790291036064,0.5721193022878233,0.5928795451804642,0.6119771173667464,0.6296587074693337,0.646119874037248,0.6615182669957631,0.6759828337883758,0.6896203901141059,0.7025204117542055,0.714758595852547,0.7263995524029756,0.737498869036764,0.7481047164546999,0.758259111929405,0.767998924709331,0.7773566841156873,0.7863612350477477,0.7950382742182746,0.8034107922487862,0.8114994407861889
TAP,2,3.02635067454726,0.19879833952789114,2,19.9042,1,0.0,0.13779650854375647,0.21840229877215644,0.27559301708751294,0.3199535845651346,0.35619880731591286,0.3868437065026674,0.4133895256312694,0.4368045975443129,0.45775009310889114,0.47669759859409566,0.4939953158596694,0.5099076732364848,0.5246402150464239,0.538355883337291,0.5511860341750259,0.5632381083266396,0.5746011060880692,0.5853495798994872,0.5955466016526475,0.6052460052748239,0.6144941071378521,0.6233310437260219,0.6317918244034259,0.6399071691302692,0.6477041817802413,0.6552068963164692,0.6624367235901804,0.669412819700503,0.6761523918810475
TDG,4,0.3620698358209278,0.19879833952789114,0,0.0,1,0.0,0.13779650854375647,0.21840229877215644,0.27559301708751294,0.3199535845651346,0.35619880731591286,0.3868437065026674,0.4133895256312694,0.4368045975443129,0.45775009310889114,0.47669759859409566,0.4939953158596694,0.5099076732364848,0.5246402150464239,0.538355883337291,0.5511860341750259,0.5632381083266396,0.5746011060880692,0.5853495798994872,0.5955466016526475,0.6052460052748239,0.6144941071378521,0.6233310437260219,0.6317918244034259,0.6399071691302692,0.6477041817802413,0.6552068963164692,0.6624367235901804,0.669412819700503,0.6761523918810475
TDY,2,0.5725723533239261,0.19879833952789114,2,4.616,1,0.0,0.13779650854375647,0.21840229877215644,0.27559301708751294,0.3199535845651346,0.35619880731591286,0.3868437065026674,0.4133895256312694,0.4368045975443129,0.45775009310889114,0.47669759859409566,0.4939953158596694,0.5099076732364848,0.5246402150464239,0.538355883337291,0.5511860341750259,0.5632381083266396,0.5746011060880692,0.5853495798994872,0.5955466016526475,0.6052460052748239,0.6144941071378521,0.6233310437260219,0.6317918244034259,0.6399071691302692,0.6477041817802413,0.6552068963164692,0.6624367235901804,0.669412819700503,0.6761523918810475
TECH,4,0.5300443872852213,0.19879833952789114,0,0.0,1,0.0,0.13779650854375647,0.21840229877215644,0.27559301708751294,0.3199535845651346,0.35619880731591286,0.3868437065026674,0.4133895256312694,0.4368045975443129,0.45775009310889114,0.47669759859409566,0.4939953158596694,0.5099076732364848,0.5246402150464239,0.538355883337291,0.5511860341750259,0.5632381083266396,0.5746011060880692,0.5853495798994872,0.5955466016526475,0.6052460052748239,0.6144941071378521,0.6233310437260219,0.6317918244034259,0.6399071691302692,0.6477041817802413,0.6552068963164692,0.6624367235901804,0.669412819700503,0.6761523918810475
TEL,2,0.3243501720548991,0.19879833952789114,3,11.154,1,0.0,0.13779650854375647,0.21840229877215644,0.27559301708751294,0.3199535845651346,0.35619880731591286,0.3868437065026674,0.4133895256312694,0.4368045975443129,0.45775009310889114,0.47669759859409566,0.4939953158596694,0.5099076732364848,0.5246402150464239,0.538355883337291,0.5511860341750259,0.5632381083266396,0.5746011060880692,0.5853495798994872,0.5955466016526475,0.6052460052748239,0.6144941071378521,0.6233310437260219,0.6317918244034259,0.6399071691302692,0.6477041817802413,0.6552068963164692,0.6624367235901804,0.669412819700503,0.6761523918810475
TER,4,0.5810294968572524,0.19879833952789114,0,0.0,1,0.0,0.13779650854375647,0.21840229877215644,0.27559301708751294,0.3199535845651346,0.35619880731591286,0.3868437065026674,0.4133895256312694,0.4368045975443129,0.45775009310889114,0.47669759859409566,0.4939953158596694,0.5099076732364848,0.5246402150464239,0.538355883337291,0.5511860341750259,0.5632381083266396,0.5746011060880692,0.5853495798994872,0.5955466016526475,0.6052460052748239,0.6144941071378521,0.6233310437260219,0.6317918244034259,0.6399071691302692,0.6477041817802413,0.6552068963164692,0.6624367235901804,0.669412819700503,0.6761523918810475
TFC,2,0.11902581996067389,0.19879833952789114,2,3.7947,1,0.0,0.13779650854375647,0.21840229877215644,0.27559301708751294,0.3199535845651346,0.35619880731591286,0.3868437065026674,0.4133895256312694,0.4368045975443129,0.45775009310889114,0.47669759859409566,0.4939953158596694,0.5099076732364848,0.5246402150464239,0.538355883337291,0.5511860341750259,0.5632381083266396,0.5746011060880692,0.5853495798994872,0.5955466016526475,0.6052460052748239,0.6144941071378521,0.6233310437260219,0.6317918244034259,0.6399071691302692,0.6477041817802413,0.6552068963164692,0.6624367235901804,0.669412819700503,0.6761523918810475
TGT,1,0.017806470485834947,0.22917569814099456,12,26.4093,1,0.0,0.15885248901928747,0.25177523824178993,0.31770497803857495,0.3688440571966698,0.4106277272610774,0.4459553169293982,0.4765574670578624,0.5035504764835799,0.5276965462159574,0.5495393232125572,0.5694802162803648,0.5878240596925431,0.6048078059486857,0.6206192954384597,0.6354099560771499,0.6493036461064652,0.6624029655028673,0.6747938586840263,0.6865490352352448,0.6977305551711881,0.7083918122318447,0.7185790759526133,0.7283327052996523,0.7376881143933396,0.7466765487118306,0.7553257147253697,0.7636602949679732,0.7717023726844099,0.7794717844577472
TJX,4,0.22347264932304603,0.19879833952789114,0,0.0,1,0.0,0.13779650854375647,0.21840229877215644,0.27559301708751294,0.3199535845651346,0.35619880731591286,0.3868437065026674,0.4133895256312694,0.4368045975443129,0.45775009310889114,0.47669759859409566,0.4939953158596694,0.5099076732364848,0.5246402150464239,0.538355883337291,0.5511860341750259,0.5632381083266396,0.5746011060880692,0.5853495798994872,0.5955466016526475,0.6052460052748239,0.6144941071378521,0.6233310437260219,0.6317918244034259,0.6399071691302692,0.6477041817802413,0.6552068963164692,0.6624367235901804,0.669412819700503,0.6761523918810475
TKO,4,0.34951173943769603,0.19879833952789114,0,0.0,1,0.0,0.13779650854375647,0.21840229877215644,0.27559301708751294,0.3199535845651346,0.35619880731591286,0.3868437065026674,0.4133895256312694,0.4368045975443129,0.45775009310889114,0.47669759859409566,0.4939953158596694,0.5099076732364848,0.5246402150464239,0.538355883337291,0.5511860341750259,0.5632381083266396,0.5746011060880692,0.5853495798994872,0.5955466016526475,0.6052460052748239,0.6144941071378521,0.6233310437260219,0.6317918244034259,0.6399071691302692,0.6477041817802413,0.6552068963164692,0.6624367235901804,0.669412819700503,0.6761523918810475
TMO,1,0.16043585026186286,0.16101900513677347,8,20.9884,1,0.0,0.11160986942712188,0.17689745775237284,0.22321973885424376,0.2591500914895444,0.2885073271794947,0.3133285162864371,0.3348296082813656,0.3537949155047457,0.3707599609166663,0.3861067112481657,0.4001171966066166,0.413005593764663,0.42493838571355896,0.4360475492419172,0.4464394777084875,0.456201194000163,0.4654047849318675,0.47411063511131707,0.4823698303437881,0.49022597403880996,0.49771658067528757,0.5048741592610193,0.5117270660337385,0.5183001829790888,0.5246154631917849,0.5306923732571185,0.5365482551406808,0.542198624545628,0.547657418669039
TMUS,1,0.2553696078374412,0.28640103584824905,6,36.0739,1,0.0,0.19851807050766165,0.31464369747016224,0.3970361410153233,0.4609446852545699,0.5131617679778239,0.5573106823570624,0.5955542115229849,0.6292873949403245,0.6594627557622316,0.6867596899850731,0.7116798384854855,0.7346041528752849,0.7558287528647241,0.7755883827247321,0.7940722820306466,0.811435236516782,0.827805465447986,0.8432903736252295,0.8579808262698931,0.8719543798272247,0.8852777604927348,0.8980087913383019,0.9101979089931472,0.9218893705091398,0.9331222233829466,0.9439310924104867,0.9543468233723857,0.9643970137156157,0.9741064532323938
TPL,4,0.5593130729366736,0.19879833952789114,0,0.0,1,0.0,0.13779650854375647,0.21840229877215644,0.27559301708751294,0.3199535845651346,0.35619880731591286,0.3868437065026674,0.4133895256312694,0.4368045975443129,0.45775009310889114,0.47669759859409566,0.4939953158596694,0.5099076732364848,0.5246402150464239,0.538355883337291,0.5511860341750259,0.5632381083266396,0.5746011060880692,0.5853495798994872,0.5955466016526475,0.6052460052748239,0.6144941071378521,0.6233310437260219,0.6317918244034259,0.6399071691302692,0.6477041817802413,0.6552068963164692,0.6624367235901804,0.669412819700503,0.6761523918810475
TPR,4,0.46020228338242614,0.19879833952789114,0,0.0,1,0.0,0.13779650854375647,0.21840229877215644,0.27559301708751294,0.3199535845651346,0.35619880731591286,0.3868437065026674,0.4133895256312694,0.4368045975443129,0.45775009310889114,0.47669759859409566,0.4939953158596694,0.5099076732364848,0.5246402150464239,0.538355883337291,0.5511860341750259,0.5632381083266396,0.5746011060880692,0.5853495798994872,0.5955466016526475,0.6052460052748239,0.6144941071378521,0.6233310437260219,0.6317918244034259,0.6399071691302692,0.6477041817802413,0.6552068963164692,0.6624367235901804,0.669412819700503,0.6761523918810475
TRGP,1,0.43077148730560744,0.22002136253819207,7,26.4969,1,0.0,0.1525071871063054,0.24171817265395912,0.3050143742126108,0.3541107224143742,0.39422535976026446,0.42814180237204646,0.4575215613189162,0.48343634530791824,0.5066179095206796,0.5275881851449873,0.5467325468665699,0.5643436524701476,0.5806489894783519,0.5958288950683334,0.6100287484252216,0.6233674603206363,0.6359435324142235,0.6478394761067635,0.659125096626985,0.6698599750260056,0.6800953722512927,0.6898757096193517,0.6992397339728753,0.7082214448287484,0.716850839576453,0.7251545179618772,0.7331561765846573,0.7408770165827964,0.7483360821746388
TRMB,4,0.3114429192773053,0.19879833952789114,0,0.0,1,0.0,0.13779650854375647,0.21840229877215644,0.27559301708751294,0.3199535845651346,0.35619880731591286,0.3868437065026674,0.4133895256312694,0.4368045975443129,0.45775009310889114,0.47669759859409566,0.4939953158596694,0.5099076732364848,0.5246402150464239,0.538355883337291,0.5511860341750259,0.5632381083266396,0.5746011060880692,0.5853495798994872,0.5955466016526475,0.6052460052748239,0.6144941071378521,0.6233310437260219,0.6317918244034259,0.6399071691302692,0.6477041817802413,0.6552068963164692,0.6624367235901804,0.669412819700503,0.6761523918810475
TROW,4,0.2581541276494934,0.19879833952789114,0,0.0,1,0.0,0.13779650854375647,0.21840229877215644,0.27559301708751294,0.3199535845651346,0.35619880731591286,0.3868437065026674,0.4133895256312694,0.4368045975443129,0.45775009310889114,0.47669759859409566,0.4939953158596694,0.5099076732364848,0.5246402150464239,0.538355883337291,0.5511860341750259,0.5632381083266396,0.5746011060880692,0.5853495798994872,0.5955466016526475,0.6052460052748239,0.6144941071378521,0.6233310437260219,0.6317918244034259,0.6399071691302692,0.6477041817802413,0.6552068963164692,0.6624367235901804,0.669412819700503,0.6761523918810475
TRV,2,0.10582041422656396,0.19879833952789114,8,21.5633,1,0.0,0.13779650854375647,0.21840229877215644,0.27559301708751294,0.3199535845651346,0.35619880731591286,0.3868437065026674,0.4133895256312694,0.4368045975443129,0.45775009310889114,0.47669759859409566,0.4939953158596694,0.5099076732364848,0.5246402150464239,0.538355883337291,0.5511860341750259,0.5632381083266396,0.5746011060880692,0.5853495798994872,0.5955466016526475,0.6052460052748239,0.6144941071378521,0.6233310437260219,0.6317918244034259,0.6399071691302692,0.6477041817802413,0.6552068963164692,0.6624367235901804,0.669412819700503,0.6761523918810475
TSCO,4,0.38480296271848624,0.19879833952789114,0,0.0,1,0.0,0.13779650854375647,0.21840229877215644,0.27559301708751294,0.3199535845651346,0.35619880731591286,0.3868437065026674,0.4133895256312694,0.4368045975443129,0.45775009310889114,0.47669759859409566,0.4939953158596694,0.5099076732364848,0.5246402150464239,0.538355883337291,0.5511860341750259,0.5632381083266396,0.5746011060880692,0.5853495798994872,0.5955466016526475,0.6052460052748239,0.6144941071378521,0.6233310437260219,0.6317918244034259,0.6399071691302692,0.6477041817802413,0.6552068963164692,0.6624367235901804,0.669412819700503,0.6761523918810475
TSLA,4,0.5200382698279449,0.19879833952789114,0,0.0,1,0.0,0.13779650854375647,0.21840229877215644,0.27559301708751294,0.3199535845651346,0.35619880731591286,0.3868437065026674,0.4133895256312694,0.4368045975443129,0.45775009310889114,0.47669759859409566,0.4939953158596694,0.5099076732364848,0.5246402150464239,0.538355883337291,0.5511860341750259,0.5632381083266396,0.5746011060880692,0.5853495798994872,0.5955466016526475,0.6052460052748239,0.6144941071378521,0.6233310437260219,0.6317918244034259,0.6399071691302692,0.6477041817802413,0.6552068963164692,0.6624367235901804,0.669412819700503,0.6761523918810475
TSN,1,0.6236594931373738,0.10759749743580788,5,22.1109,1,0.0,0.07458090198293617,0.11820793291291397,0.14916180396587234,0.1731714916562201,0.19278883489585014,0.20937506227329158,0.2237427059488085,0.23641586582582794,0.2477523936391563,0.2580075304662585,0.2673697368787863,0.27598213191244475,0.28395596425622777,0.29137942456913407,0.29832360793174467,0.30484666552218537,0.31099676780876406,0.3168142655107538,0.32233329562209245,0.32758299518620554,0.3325884324491947,0.33737133085842713,0.3419506388617225,0.3463429833124402,0.35056303389538096,0.3546237987387419,0.3585368662391639,0.3623126044325762,0.3659603265520702
TT,4,0.3017255130974601,0.19879833952789114,0,0.0,1,0.0,0.13779650854375647,0.21840229877215644,0.27559301708751294,0.3199535845651346,0.35619880731591286,0.3868437065026674,0.4133895256312694,0.4368045975443129,0.45775009310889114,0.47669759859409566,0.4939953158596694,0.5099076732364848,0.5246402150464239,0.538355883337291,0.5511860341750259,0.5632381083266396,0.5746011060880692,0.5853495798994872,0.5955466016526475,0.6052460052748239,0.6144941071378521,0.6233310437260219,0.6317918244034259,0.6399071691302692,0.6477041817802413,0.6552068963164692,0.6624367235901804,0.669412819700503,0.6761523918810475
TTD,4,0.9053757557942218,0.19879833952789114,0,0.0,1,0.0,0.13779650854375647,0.21840229877215644,0.27559301708751294,0.3199535845651346,0.35619880731591286,0.3868437065026674,0.4133895256312694,0.4368045975443129,0.45775009310889114,0.47669759859409566,0.4939953158596694,0.5099076732364848,0.5246402150464239,0.538355883337291,0.5511860341750259,0.5632381083266396,0.5746011060880692,0.5853495798994872,0.5955466016526475,0.6052460052748239,0.6144941071378521,0.6233310437260219,0.6317918244034259,0.6399071691302692,0.6477041817802413,0.6552068963164692,0.6624367235901804,0.669412819700503,0.6761523918810475
TTWO,2,0.4622389041409857,0.19879833952789114,2,5.6537,1,0.0,0.13779650854375647,0.21840229877215644,0.27559301708751294,0.3199535845651346,0.35619880731591286,0.3868437065026674,0.4133895256312694,0.4368045975443129,0.45775009310889114,0.47669759859409566,0.4939953158596694,0.5099076732364848,0.5246402150464239,0.538355883337291,0.5511860341750259,0.5632381083266396,0.5746011060880692,0.5853495798994872,0.5955466016526475,0.6052460052748239,0.6144941071378521,0.6233310437260219,0.6317918244034259,0.6399071691302692,0.6477041817802413,0.6552068963164692,0.6624367235901804,0.669412819700503,0.6761523918810475
TXN,1,0.1256727765680593,0.18187376691541282,7,26.5736,1,0.0,0.12606528875523507,0.19980875531963202,0.25213057751047013,0.29271453575086814,0.32587404407486703,0.35391000888762225,0.3781958662657051,0.39961751063926404,0.41877982450610324,0.4361142459325011,0.4519393328301021,0.4664970015887974,0.4799752976428573,0.4925232910705002,0.5042611550209403,0.5152871833585175,0.525682799394499,0.5355162085935732,0.5448451132613382,0.5537187642072543,0.5621795346877362,0.5702641441925232,0.5780046215853372,0.5854290715017363,0.5925622903440325,0.599426265958896,0.6060405863980923,0.6124227769182016,0.6185885798257352
TXT,2,0.6269891167950551,0.19879833952789114,2,1.5332,1,0.0,0.13779650854375647,0.21840229877215644,0.27559301708751294,0.3199535845651346,0.35619880731591286,0.3868437065026674,0.4133895256312694,0.4368045975443129,0.45775009310889114,0.47669759859409566,0.4939953158596694,0.5099076732364848,0.5246402150464239,0.538355883337291,0.5511860341750259,0.5632381083266396,0.5746011060880692,0.5853495798994872,0.5955466016526475,0.6052460052748239,0.6144941071378521,0.6233310437260219,0.6317918244034259,0.6399071691302692,0.6477041817802413,0.6552068963164692,0.6624367235901804,0.669412819700503,0.6761523918810475
TYL,4,0.4358704525802053,0.19879833952789114,0,0.0,1,0.0,0.13779650854375647,0.21840229877215644,0.27559301708751294,0.3199535845651346,0.35619880731591286,0.3868437065026674,0.4133895256312694,0.4368045975443129,0.45775009310889114,0.47669759859409566,0.4939953158596694,0.5099076732364848,0.5246402150464239,0.538355883337291,0.5511860341750259,0.5632381083266396,0.5746011060880692,0.5853495798994872,0.5955466016526475,0.6052460052748239,0.6144941071378521,0.6233310437260219,0.6317918244034259,0.6399071691302692,0.6477041817802413,0.6552068963164692,0.6624367235901804,0.669412819700503,0.6761523918810475
UAL,4,0.4537416669637045,0.19879833952789114,0,0.0,1,0.0,0.13779650854375647,0.21840229877215644,0.27559301708751294,0.3199535845651346,0.35619880731591286,0.3868437065026674,0.4133895256312694,0.4368045975443129,0.45775009310889114,0.47669759859409566,0.4939953158596694,0.5099076732364848,0.5246402150464239,0.538355883337291,0.5511860341750259,0.5632381083266396,0.5746011060880692,0.5853495798994872,0.5955466016526475,0.6052460052748239,0.6144941071378521,0.6233310437260219,0.6317918244034259,0.6399071691302692,0.6477041817802413,0.6552068963164692,0.6624367235901804,0.669412819700503,0.6761523918810475
UBER,4,0.3866667711410532,0.19879833952789114,0,0.0,1,0.0,0.13779650854375647,0.21840229877215644,0.27559301708751294,0.3199535845651346,0.35619880731591286,0.3868437065026674,0.4133895256312694,0.4368045975443129,0.45775009310889114,0.47669759859409566,0.4939953158596694,0.5099076732364848,0.5246402150464239,0.538355883337291,0.5511860341750259,0.5632381083266396,0.5746011060880692,0.5853495798994872,0.5955466016526475,0.6052460052748239,0.6144941071378521,0.6233310437260219,0.6317918244034259,0.6399071691302692,0.6477041817802413,0.6552068963164692,0.6624367235901804,0.669412819700503,0.6761523918810475
UDR,2,0.39526179106358683,0.19879833952789114,4,6.8282,1,0.0,0.13779650854375647,0.21840229877215644,0.27559301708751294,0.3199535845651346,0.35619880731591286,0.3868437065026674,0.4133895256312694,0.4368045975443129,0.45775009310889114,0.47669759859409566,0.4939953158596694,0.5099076732364848,0.5246402150464239,0.538355883337291,0.5511860341750259,0.5632381083266396,0.5746011060880692,0.5853495798994872,0.5955466016526475,0.6052460052748239,0.6144941071378521,0.6233310437260219,0.6317918244034259,0.6399071691302692,0.6477041817802413,0.6552068963164692,0.6624367235901804,0.669412819700503,0.6761523918810475
UHS,2,0.6132988024077222,0.19879833952789114,2,5.41,1,0.0,0.13779650854375647,0.21840229877215644,0.27559301708751294,0.3199535845651346,0.35619880731591286,0.3868437065026674,0.4133895256312694,0.4368045975443129,0.45775009310889114,0.47669759859409566,0.4939953158596694,0.5099076732364848,0.5246402150464239,0.538355883337291,0.5511860341750259,0.5632381083266396,0.5746011060880692,0.5853495798994872,0.5955466016526475,0.6052460052748239,0.6144941071378521,0.6233310437260219,0.6317918244034259,0.6399071691302692,0.6477041817802413,0.6552068963164692,0.6624367235901804,0.669412819700503,0.6761523918810475
ULTA,4,0.4027012670753854,0.19879833952789114,0,0.0,1,0.0,0.13779650854375647,0.21840229877215644,0.27559301708751294,0.3199535845651346,0.35619880731591286,0.3868437065026674,0.4133895256312694,0.4368045975443129,0.45775009310889114,0.47669759859409566,0.4939953158596694,0.5099076732364848,0.5246402150464239,0.538355883337291,0.5511860341750259,0.5632381083266396,0.5746011060880692,0.5853495798994872,0.5955466016526475,0.6052460052748239,0.6144941071378521,0.6233310437260219,0.6317918244034259,0.6399071691302692,0.6477041817802413,0.6552068963164692,0.6624367235901804,0.669412819700503,0.6761523918810475
UNH,1,0.21504701269738152,0.1946865062359876,41,36.4928,1,0.0,0.13494640289054102,0.21388498818871657,0.26989280578108205,0.31333584417553634,0.34883139107925754,0.3788424483687288,0.404839208671623,0.42776997637743314,0.4482822470660774,0.4668378529809052,0.4837777939697986,0.4993610290764279,0.5137888512592698,0.5272208323642529,0.5397856115621641,0.5515884073754838,0.562716379267974,0.5732425376789722,0.5832286499566184,0.5927274365574453,0.6017842558714462,0.6104384142223934,0.6187241968603396,0.6266716883510727,0.6343074319669689,0.6416549645661497,0.6487352541498108,0.6555670606030768,0.6621672352547939
UNP,1,0.11797992620210218,0.18604389618727135,35,45.4921,1,0.0,0.1289558021025943,0.20439011058303042,0.2579116042051886,0.2994260999007485,0.3333459126856247,0.3620247057606044,0.3868674063077829,0.40878022116606083,0.4283819020033428,0.4461137792004488,0.46230171478821896,0.4771931719851825,0.4909805078631987,0.5038162104837789,0.5158232084103772,0.5271020492579865,0.537736023268655,0.5477948997697965,0.5573377041059371,0.5664148163436348,0.5750695813030431,0.5833395604041125,0.5912575168908133,0.598852199801497,0.6061489740877768,0.6131703317490912,0.619936309965793,0.6264648358258353,0.6327720125863732
UPS,1,0.09157538985857006,0.21308053249283251,12,26.5407,1,0.0,0.14769617032961865,0.23409289147257026,0.2953923406592373,0.3429398873956108,0.3817890618021889,0.4146355707439132,0.443088510988856,0.4681857829451405,0.49063605772522956,0.5109448015899227,0.5294852321318076,0.5465407749050528,0.5623317410735319,0.577032778868181,0.5907846813184746,0.6037026080172972,0.6158819532747591,0.6274026255734373,0.6383322280548481,0.6487284622164835,0.6586409719195414,0.6681127771583796,0.6771814024614263,0.6858797747912216,0.6942369452346715,0.7022786744177107,0.7100279114031506,0.7175051885144124,0.7247289491977997
URI,2,0.6180745276949882,0.19879833952789114,5,4.4928,1,0.0,0.13779650854375647,0.21840229877215644,0.27559301708751294,0.3199535845651346,0.35619880731591286,0.3868437065026674,0.4133895256312694,0.4368045975443129,0.45775009310889114,0.47669759859409566,0.4939953158596694,0.5099076732364848,0.5246402150464239,0.538355883337291,0.5511860341750259,0.5632381083266396,0.5746011060880692,0.5853495798994872,0.5955466016526475,0.6052460052748239,0.6144941071378521,0.6233310437260219,0.6317918244034259,0.6399071691302692,0.6477041817802413,0.6552068963164692,0.6624367235901804,0.669412819700503,0.6761523918810475
USB,2,0.28602291688356263,0.19879833952789114,2,1.6865,1,0.0,0.13779650854375647,0.21840229877215644,0.27559301708751294,0.3199535845651346,0.35619880731591286,0.3868437065026674,0.4133895256312694,0.4368045975443129,0.45775009310889114,0.47669759859409566,0.4939953158596694,0.5099076732364848,0.5246402150464239,0.538355883337291,0.5511860341750259,0.5632381083266396,0.5746011060880692,0.5853495798994872,0.5955466016526475,0.6052460052748239,0.6144941071378521,0.6233310437260219,0.6317918244034259,0.6399071691302692,0.6477041817802413,0.6552068963164692,0.6624367235901804,0.669412819700503,0.6761523918810475
V,1,0.21866486787054829,0.06573653390243614,9,23.989,1,0.0,0.04556509313425687,0.07221896395966415,0.09113018626851374,0.10579886989459028,0.11778405709392102,0.12791738848446915,0.1366952794027706,0.1444379279193283,0.15136396302884716,0.15762932389480144,0.1633491502281779,0.1686108803948021,0.173482481618726,0.17801783385425443,0.18226037253702748,0.1862456250443859,0.19000302105358516,0.19355721277762916,0.19692905616310402,0.20013635244413333,0.20319441702905833,0.20611652182631898,0.20891424336243478,0.21159773978918056,0.21417597352905898,0.21665689187899245,0.2190475747529829,0.2213543564874377,0.22358292698851132
VEEV,4,0.4161991619406444,0.19879833952789114,0,0.0,1,0.0,0.13779650854375647,0.21840229877215644,0.27559301708751294,0.3199535845651346,0.35619880731591286,0.3868437065026674,0.4133895256312694,0.4368045975443129,0.45775009310889114,0.47669759859409566,0.4939953158596694,0.5099076732364848,0.5246402150464239,0.538355883337291,0.5511860341750259,0.5632381083266396,0.5746011060880692,0.5853495798994872,0.5955466016526475,0.6052460052748239,0.6144941071378521,0.6233310437260219,0.6317918244034259,0.6399071691302692,0.6477041817802413,0.6552068963164692,0.6624367235901804,0.669412819700503,0.6761523918810475
VICI,1,0.72141792877999,0.2138941051846123,8,25.7385,1,0.0,0.1482600959471064,0.23498669242948433,0.2965201918942128,0.3442492821302823,0.3832467883765907,0.41621871010184175,0.4447802878413191,0.46997338485896867,0.49250937807738876,0.5128956637016193,0.5315068843236971,0.5486275476580816,0.5644788060489482,0.5792359745597666,0.5930403837884256,0.6060076330240075,0.618233480806075,0.629798140719499,0.640769474024495,0.6512054025313261,0.6611557596487257,0.670663729627693,0.6797669802708035,0.6884985642605645,0.6968876436051881,0.7049600772884529,0.7127389019960545,0.7202447284468333,0.727496070506873
VLO,1,0.2777585706483654,0.21332811005359098,8,25.2841,1,0.0,0.1478677780178283,0.234364883223218,0.2957355560356566,0.3433383481081635,0.38223266124104627,0.4151173344320715,0.4436033340534849,0.468729766446436,0.49120612612599185,0.5115384666525163,0.5301004392588746,0.5471757988104422,0.5629851124498998,0.5777032313313815,0.5914711120713132,0.604404048066127,0.6165975444642642,0.6281316025937015,0.63907390414382,0.6494822176552895,0.6594062446703447,0.6688890551681316,0.677968217276703,0.686676696216327,0.6950435768282706,0.703094649669654,0.7108528904677281,0.7183388554023525,0.7255710093492098
VLTO,4,0.24949537511851844,0.19879833952789114,0,0.0,1,0.0,0.13779650854375647,0.21840229877215644,0.27559301708751294,0.3199535845651346,0.35619880731591286,0.3868437065026674,0.4133895256312694,0.4368045975443129,0.45775009310889114,0.47669759859409566,0.4939953158596694,0.5099076732364848,0.5246402150464239,0.538355883337291,0.5511860341750259,0.5632381083266396,0.5746011060880692,0.5853495798994872,0.5955466016526475,0.6052460052748239,0.6144941071378521,0.6233310437260219,0.6317918244034259,0.6399071691302692,0.6477041817802413,0.6552068963164692,0.6624367235901804,0.669412819700503,0.6761523918810475
VMC,1,0.3567695068913584,0.20744240638471784,4,21.5496,1,0.0,0.14378811911413755,0.22789877684513496,0.2875762382282751,0.33386567348212653,0.3716868959592725,0.40366428392847914,0.4313643573424127,0.4557975536902699,0.47765379259626417,0.49742516564783346,0.5154750150734101,0.532079266966757,0.5474524030426167,0.5617644503272615,0.5751524764565502,0.587728593892315,0.5995856728044074,0.6108015072912485,0.6214419117104016,0.6315630607736141,0.641213284761971,0.6504344653577069,0.6592631341875477,0.6677313469642531,0.6758673860808946,0.6836963305354049,0.6912405221567542,0.6985199499816199,0.7055525694413991
VRSK,4,0.3927603724176256,0.19879833952789114,0,0.0,1,0.0,0.13779650854375647,0.21840229877215644,0.27559301708751294,0.3199535845651346,0.35619880731591286,0.3868437065026674,0.4133895256312694,0.4368045975443129,0.45775009310889114,0.47669759859409566,0.4939953158596694,0.5099076732364848,0.5246402150464239,0.538355883337291,0.5511860341750259,0.5632381083266396,0.5746011060880692,0.5853495798994872,0.5955466016526475,0.6052460052748239,0.6144941071378521,0.6233310437260219,0.6317918244034259,0.6399071691302692,0.6477041817802413,0.6552068963164692,0.6624367235901804,0.669412819700503,0.6761523918810475
VRSN,4,0.3374272840885471,0.19879833952789114,0,0.0,1,0.0,0.13779650854375647,0.21840229877215644,0.27559301708751294,0.3199535845651346,0.35619880731591286,0.3868437065026674,0.4133895256312694,0.4368045975443129,0.45775009310889114,0.47669759859409566,0.4939953158596694,0.5099076732364848,0.5246402150464239,0.538355883337291,0.5511860341750259,0.5632381083266396,0.5746011060880692,0.5853495798994872,0.5955466016526475,0.6052460052748239,0.6144941071378521,0.6233310437260219,0.6317918244034259,0.6399071691302692,0.6477041817802413,0.6552068963164692,0.6624367235901804,0.669412819700503,0.6761523918810475
VRT,4,0.5958702239076149,0.19879833952789114,0,0.0,1,0.0,0.13779650854375647,0.21840229877215644,0.27559301708751294,0.3199535845651346,0.35619880731591286,0.3868437065026674,0.4133895256312694,0.4368045975443129,0.45775009310889114,0.47669759859409566,0.4939953158596694,0.5099076732364848,0.5246402150464239,0.538355883337291,0.5511860341750259,0.5632381083266396,0.5746011060880692,0.5853495798994872,0.5955466016526475,0.6052460052748239,0.6144941071378521,0.6233310437260219,0.6317918244034259,0.6399071691302692,0.6477041817802413,0.6552068963164692,0.6624367235901804,0.669412819700503,0.6761523918810475
VRTX,4,0.445979667083919,0.19879833952789114,0,0.0,1,0.0,0.13779650854375647,0.21840229877215644,0.27559301708751294,0.3199535845651346,0.35619880731591286,0.3868437065026674,0.4133895256312694,0.4368045975443129,0.45775009310889114,0.47669759859409566,0.4939953158596694,0.5099076732364848,0.5246402150464239,0.538355883337291,0.5511860341750259,0.5632381083266396,0.5746011060880692,0.5853495798994872,0.5955466016526475,0.6052460052748239,0.6144941071378521,0.6233310437260219,0.6317918244034259,0.6399071691302692,0.6477041817802413,0.6552068963164692,0.6624367235901804,0.669412819700503,0.6761523918810475
VST,2,1.0037186699866356,0.19879833952789114,2,2.9076,1,0.0,0.13779650854375647,0.21840229877215644,0.27559301708751294,0.3199535845651346,0.35619880731591286,0.3868437065026674,0.4133895256312694,0.4368045975443129,0.45775009310889114,0.47669759859409566,0.4939953158596694,0.5099076732364848,0.5246402150464239,0.538355883337291,0.5511860341750259,0.5632381083266396,0.5746011060880692,0.5853495798994872,0.5955466016526475,0.6052460052748239,0.6144941071378521,0.6233310437260219,0.6317918244034259,0.6399071691302692,0.6477041817802413,0.6552068963164692,0.6624367235901804,0.669412819700503,0.6761523918810475
VTR,2,0.5003737488951608,0.19879833952789114,4,5.0349,1,0.0,0.13779650854375647,0.21840229877215644,0.27559301708751294,0.3199535845651346,0.35619880731591286,0.3868437065026674,0.4133895256312694,0.4368045975443129,0.45775009310889114,0.47669759859409566,0.4939953158596694,0.5099076732364848,0.5246402150464239,0.538355883337291,0.5511860341750259,0.5632381083266396,0.5746011060880692,0.5853495798994872,0.5955466016526475,0.6052460052748239,0.6144941071378521,0.6233310437260219,0.6317918244034259,0.6399071691302692,0.6477041817802413,0.6552068963164692,0.6624367235901804,0.669412819700503,0.6761523918810475
VTRS,4,0.35494786508248083,0.19879833952789114,0,0.0,1,0.0,0.13779650854375647,0.21840229877215644,0.27559301708751294,0.3199535845651346,0.35619880731591286,0.3868437065026674,0.4133895256312694,0.4368045975443129,0.45775009310889114,0.47669759859409566,0.4939953158596694,0.5099076732364848,0.5246402150464239,0.538355883337291,0.5511860341750259,0.5632381083266396,0.5746011060880692,0.5853495798994872,0.5955466016526475,0.6052460052748239,0.6144941071378521,0.6233310437260219,0.6317918244034259,0.6399071691302692,0.6477041817802413,0.6552068963164692,0.6624367235901804,0.669412819700503,0.6761523918810475
VZ,1,0.2840034586893202,0.2376382456993487,51,34.59,1,0.0,0.16471827999971508,0.26107229698283607,0.32943655999943017,0.3824640020728616,0.4257905769825511,0.46242267411006277,0.4941548399991452,0.5221445939656721,0.5471822820725767,0.569831625998566,0.5905088569822662,0.6095300656148313,0.6271409541097778,0.6435362990556976,0.6588731199988603,0.6732798487735044,0.6868628739653871,0.699711313577894,0.7119005620722917,0.7234949710928988,0.7345499059982811,0.7451133448738579,0.7552271369819813,0.7649280041457232,0.7742483456145464,0.7832168909485081,0.7918592341094929,0.800198273788718,0.8082545790554128
WAB,4,0.2602204644245706,0.19879833952789114,0,0.0,1,0.0,0.13779650854375647,0.21840229877215644,0.27559301708751294,0.3199535845651346,0.35619880731591286,0.3868437065026674,0.4133895256312694,0.4368045975443129,0.45775009310889114,0.47669759859409566,0.4939953158596694,0.5099076732364848,0.5246402150464239,0.538355883337291,0.5511860341750259,0.5632381083266396,0.5746011060880692,0.5853495798994872,0.5955466016526475,0.6052460052748239,0.6144941071378521,0.6233310437260219,0.6317918244034259,0.6399071691302692,0.6477041817802413,0.6552068963164692,0.6624367235901804,0.669412819700503,0.6761523918810475
WAT,4,0.4496694401032141,0.19879833952789114,0,0.0,1,0.0,0.13779650854375647,0.21840229877215644,0.27559301708751294,0.3199535845651346,0.35619880731591286,0.3868437065026674,0.4133895256312694,0.4368045975443129,0.45775009310889114,0.47669759859409566,0.4939953158596694,0.5099076732364848,0.5246402150464239,0.538355883337291,0.5511860341750259,0.5632381083266396,0.5746011060880692,0.5853495798994872,0.5955466016526475,0.6052460052748239,0.6144941071378521,0.6233310437260219,0.6317918244034259,0.6399071691302692,0.6477041817802413,0.6552068963164692,0.6624367235901804,0.669412819700503,0.6761523918810475
WBD,4,0.4449413803493568,0.19879833952789114,0,0.0,1,0.0,0.13779650854375647,0.21840229877215644,0.27559301708751294,0.3199535845651346,0.35619880731591286,0.3868437065026674,0.4133895256312694,0.4368045975443129,0.45775009310889114,0.47669759859409566,0.4939953158596694,0.5099076732364848,0.5246402150464239,0.538355883337291,0.5511860341750259,0.5632381083266396,0.5746011060880692,0.5853495798994872,0.5955466016526475,0.6052460052748239,0.6144941071378521,0.6233310437260219,0.6317918244034259,0.6399071691302692,0.6477041817802413,0.6552068963164692,0.6624367235901804,0.669412819700503,0.6761523918810475
WDAY,2,0.06286861823687112,0.19879833952789114,2,5.6181,1,0.0,0.13779650854375647,0.21840229877215644,0.27559301708751294,0.3199535845651346,0.35619880731591286,0.3868437065026674,0.4133895256312694,0.4368045975443129,0.45775009310889114,0.47669759859409566,0.4939953158596694,0.5099076732364848,0.5246402150464239,0.538355883337291,0.5511860341750259,0.5632381083266396,0.5746011060880692,0.5853495798994872,0.5955466016526475,0.6052460052748239,0.6144941071378521,0.6233310437260219,0.6317918244034259,0.6399071691302692,0.6477041817802413,0.6552068963164692,0.6624367235901804,0.669412819700503,0.6761523918810475
WDC,4,0.5682805538169463,0.19879833952789114,0,0.0,1,0.0,0.13779650854375647,0.21840229877215644,0.27559301708751294,0.3199535845651346,0.35619880731591286,0.3868437065026674,0.4133895256312694,0.4368045975443129,0.45775009310889114,0.47669759859409566,0.4939953158596694,0.5099076732364848,0.5246402150464239,0.538355883337291,0.5511860341750259,0.5632381083266396,0.5746011060880692,0.5853495798994872,0.5955466016526475,0.6052460052748239,0.6144941071378521,0.6233310437260219,0.6317918244034259,0.6399071691302692,0.6477041817802413,0.6552068963164692,0.6624367235901804,0.669412819700503,0.6761523918810475
WEC,2,0.3259905822379557,0.19879833952789114,3,25.2868,1,0.0,0.13779650854375647,0.21840229877215644,0.27559301708751294,0.3199535845651346,0.35619880731591286,0.3868437065026674,0.4133895256312694,0.4368045975443129,0.45775009310889114,0.47669759859409566,0.4939953158596694,0.5099076732364848,0.5246402150464239,0.538355883337291,0.5511860341750259,0.5632381083266396,0.5746011060880692,0.5853495798994872,0.5955466016526475,0.6052460052748239,0.6144941071378521,0.6233310437260219,0.6317918244034259,0.6399071691302692,0.6477041817802413,0.6552068963164692,0.6624367235901804,0.669412819700503,0.6761523918810475
WELL,1,0.2151619329003403,0.1890235061786679,6,22.0698,1,0.0,0.13102111036729905,0.2076635467350169,0.2620422207345981,0.3042215971851695,0.33868465710231593,0.3678227590830896,0.3930633311018971,0.4153270934700338,0.43524270755246863,0.45325857191360136,0.469705767469615,0.48483572071810105,0.4988438694503886,0.5118851439201865,0.5240844414691962,0.5355439200456945,0.5463482038373328,0.5565681795711782,0.5662638179197677,0.5754863058181064,0.5842796822809004,0.5926821102978611,0.6007268778369141,0.608443194370339,0.6158568310854001,0.6229906402050507,0.6298649798176876,0.6364980641248509,0.6429062542874855
WFC,1,0.3014449924698277,0.23588401250502225,11,20.3012,1,0.0,0.16350233820702306,0.2591450748383595,0.3270046764140461,0.3796406726626622,0.42264741304538256,0.4590090939334132,0.4905070146210691,0.518290149676719,0.5431430108696853,0.5656251585145046,0.5861497512524056,0.6050305463102059,0.6225114321404362,0.6387857475010217,0.6540093528280922,0.6683097318787524,0.681792487883742,0.6945460809819716,0.7066453490767083,0.7181541687717727,0.7291274967215277,0.7396129568396564,0.7496520894594287,0.7592813453253244,0.768532884517229,0.7774352245150785,0.7860137703474593,0.7942912516686388,0.8022880857080448
WM,4,0.26013928576761625,0.19879833952789114,0,0.0,1,0.0,0.13779650854375647,0.21840229877215644,0.27559301708751294,0.3199535845651346,0.35619880731591286,0.3868437065026674,0.4133895256312694,0.4368045975443129,0.45775009310889114,0.47669759859409566,0.4939953158596694,0.5099076732364848,0.5246402150464239,0.538355883337291,0.5511860341750259,0.5632381083266396,0.5746011060880692,0.5853495798994872,0.5955466016526475,0.6052460052748239,0.6144941071378521,0.6233310437260219,0.6317918244034259,0.6399071691302692,0.6477041817802413,0.6552068963164692,0.6624367235901804,0.669412819700503,0.6761523918810475
WMB,1,0.43497513390357845,0.18233019478206977,16,25.9959,1,0.0,0.12638166044413732,0.20031019258283192,0.25276332088827463,0.2934491280637573,0.3266918530269692,0.3547981765056617,0.3791449813324119,0.40062038516566384,0.4198307885078946,0.4372087121563313,0.4530735134711065,0.4676677159521067,0.481179836949799,0.4937593206465892,0.5055266417765493,0.5165803408809292,0.5270020456098011,0.5368601325953357,0.5462124489520319,0.5551083690884936,0.5635903726004686,0.571695271128415,0.5794551739152438,0.5868982561275146,0.594049376396244,0.6009305777484957,0.6075614973939363,0.6139597045702851,0.6201409810907265
WMT,2,0.3615951311906702,0.19879833952789114,19,26.0589,1,0.0,0.13779650854375647,0.21840229877215644,0.27559301708751294,0.3199535845651346,0.35619880731591286,0.3868437065026674,0.4133895256312694,0.4368045975443129,0.45775009310889114,0.47669759859409566,0.4939953158596694,0.5099076732364848,0.5246402150464239,0.538355883337291,0.5511860341750259,0.5632381083266396,0.5746011060880692,0.5853495798994872,0.5955466016526475,0.6052460052748239,0.6144941071378521,0.6233310437260219,0.6317918244034259,0.6399071691302692,0.6477041817802413,0.6552068963164692,0.6624367235901804,0.669412819700503,0.6761523918810475
WRB,2,0.5327186303798703,0.19879833952789114,3,35.1184,1,0.0,0.13779650854375647,0.21840229877215644,0.27559301708751294,0.3199535845651346,0.35619880731591286,0.3868437065026674,0.4133895256312694,0.4368045975443129,0.45775009310889114,0.47669759859409566,0.4939953158596694,0.5099076732364848,0.5246402150464239,0.538355883337291,0.5511860341750259,0.5632381083266396,0.5746011060880692,0.5853495798994872,0.5955466016526475,0.6052460052748239,0.6144941071378521,0.6233310437260219,0.6317918244034259,0.6399071691302692,0.6477041817802413,0.6552068963164692,0.6624367235901804,0.669412819700503,0.6761523918810475
WSM,4,0.4030084895811307,0.19879833952789114,0,0.0,1,0.0,0.13779650854375647,0.21840229877215644,0.27559301708751294,0.3199535845651346,0.35619880731591286,0.3868437065026674,0.4133895256312694,0.4368045975443129,0.45775009310889114,0.47669759859409566,0.4939953158596694,0.5099076732364848,0.5246402150464239,0.538355883337291,0.5511860341750259,0.5632381083266396,0.5746011060880692,0.5853495798994872,0.5955466016526475,0.6052460052748239,0.6144941071378521,0.6233310437260219,0.6317918244034259,0.6399071691302692,0.6477041817802413,0.6552068963164692,0.6624367235901804,0.669412819700503,0.6761523918810475
WST,4,0.5348921692067546,0.19879833952789114,0,0.0,1,0.0,0.13779650854375647,0.21840229877215644,0.27559301708751294,0.3199535845651346,0.35619880731591286,0.3868437065026674,0.4133895256312694,0.4368045975443129,0.45775009310889114,0.47669759859409566,0.4939953158596694,0.5099076732364848,0.5246402150464239,0.538355883337291,0.5511860341750259,0.5632381083266396,0.5746011060880692,0.5853495798994872,0.5955466016526475,0.6052460052748239,0.6144941071378521,0.6233310437260219,0.6317918244034259,0.6399071691302692,0.6477041817802413,0.6552068963164692,0.6624367235901804,0.669412819700503,0.6761523918810475
WTW,1,0.5238434598135316,0.14342605103985187,5,23.0992,1,0.0,0.09941536289712014,0.1575696221875208,0.19883072579424027,0.2308353241742459,0.2569849850846409,0.27909420835737314,0.2982460886913604,0.3151392443750416,0.33025068707136607,0.34392064978459863,0.35640034798176107,0.36788055745791365,0.37850957125449325,0.3884049463617667,0.39766145158848054,0.40635660169139626,0.41455460727216165,0.4223092553096552,0.4296660499684862,0.4366638305448939,0.4433360126817188,0.44971155344901453,0.45581571087888123,0.4616706483484918,0.46729592035503376,0.47270886656256234,0.47792493415161336,0.48295794357792043,0.48782030925888686
WY,1,0.3857651279844587,0.20968155558576776,5,25.5715,1,0.0,0.14534017906969837,0.2303587336735698,0.29068035813939674,0.33746944509789284,0.37569891274326817,0.4080214670840513,0.43602053720909506,0.4607174673471396,0.48280962416759127,0.5027944109321213,0.5210390918129665,0.5378225712712505,0.5533616461537496,0.5678281787714626,0.5813607162787935,0.5940725812880624,0.6060576464168379,0.6173945454789892,0.6281498032372895,0.638380200757621,0.6481345900018197,0.6574553047262013,0.6663792708826649,0.6749388901957857,0.6831627503409489,0.6910762010207093,0.698701825223448,0.7060598277490329,0.7131683578411611
WYNN,2,1.0867077286160067,0.19879833952789114,2,3.1184,1,0.0,0.13779650854375647,0.21840229877215644,0.27559301708751294,0.3199535845651346,0.35619880731591286,0.3868437065026674,0.4133895256312694,0.4368045975443129,0.45775009310889114,0.47669759859409566,0.4939953158596694,0.5099076732364848,0.5246402150464239,0.538355883337291,0.5511860341750259,0.5632381083266396,0.5746011060880692,0.5853495798994872,0.5955466016526475,0.6052460052748239,0.6144941071378521,0.6233310437260219,0.6317918244034259,0.6399071691302692,0.6477041817802413,0.6552068963164692,0.6624367235901804,0.669412819700503,0.6761523918810475
XEL,1,0.3081777254429392,0.17059785558008234,15,25.8179,1,0.0,0.1182494226049068,0.18742090056070593,0.2364988452098136,0.27456665655054185,0.3056703231656127,0.3319680985803548,0.3547482678147204,0.37484180112141186,0.3928160791554487,0.4090757914450186,0.4239197457705195,0.43757486005444823,0.4502175211852616,0.4619875571112478,0.4729976904196272,0.4833401208968645,0.4930912237263186,0.5023149757322014,0.5110655017603555,0.5193889991410607,0.5273252140499254,0.5349085894212646,0.5421691683754264,0.5491333131010837,0.555824282659355,0.5622627016821177,0.5684669437901684,0.574453447699446,0.5802369797161546
XOM,2,-0.1509122880585564,0.19879833952789114,3,19.5318,1,0.0,0.13779650854375647,0.21840229877215644,0.27559301708751294,0.3199535845651346,0.35619880731591286,0.3868437065026674,0.4133895256312694,0.4368045975443129,0.45775009310889114,0.47669759859409566,0.4939953158596694,0.5099076732364848,0.5246402150464239,0.538355883337291,0.5511860341750259,0.5632381083266396,0.5746011060880692,0.5853495798994872,0.5955466016526475,0.6052460052748239,0.6144941071378521,0.6233310437260219,0.6317918244034259,0.6399071691302692,0.6477041817802413,0.6552068963164692,0.6624367235901804,0.669412819700503,0.6761523918810475
XYL,4,0.2764379127452333,0.19879833952789114,0,0.0,1,0.0,0.13779650854375647,0.21840229877215644,0.27559301708751294,0.3199535845651346,0.35619880731591286,0.3868437065026674,0.4133895256312694,0.4368045975443129,0.45775009310889114,0.47669759859409566,0.4939953158596694,0.5099076732364848,0.5246402150464239,0.538355883337291,0.5511860341750259,0.5632381083266396,0.5746011060880692,0.5853495798994872,0.5955466016526475,0.6052460052748239,0.6144941071378521,0.6233310437260219,0.6317918244034259,0.6399071691302692,0.6477041817802413,0.6552068963164692,0.6624367235901804,0.669412819700503,0.6761523918810475
XYZ,4,0.48854417556434815,0.19879833952789114,0,0.0,1,0.0,0.13779650854375647,0.21840229877215644,0.27559301708751294,0.3199535845651346,0.35619880731591286,0.3868437065026674,0.4133895256312694,0.4368045975443129,0.45775009310889114,0.47669759859409566,0.4939953158596694,0.5099076732364848,0.5246402150464239,0.538355883337291,0.5511860341750259,0.5632381083266396,0.5746011060880692,0.5853495798994872,0.5955466016526475,0.6052460052748239,0.6144941071378521,0.6233310437260219,0.6317918244034259,0.6399071691302692,0.6477041817802413,0.6552068963164692,0.6624367235901804,0.669412819700503,0.6761523918810475
YUM,2,1.0308277711966476,0.19879833952789114,4,17.2019,1,0.0,0.13779650854375647,0.21840229877215644,0.27559301708751294,0.3199535845651346,0.35619880731591286,0.3868437065026674,0.4133895256312694,0.4368045975443129,0.45775009310889114,0.47669759859409566,0.4939953158596694,0.5099076732364848,0.5246402150464239,0.538355883337291,0.5511860341750259,0.5632381083266396,0.5746011060880692,0.5853495798994872,0.5955466016526475,0.6052460052748239,0.6144941071378521,0.6233310437260219,0.6317918244034259,0.6399071691302692,0.6477041817802413,0.6552068963164692,0.6624367235901804,0.669412819700503,0.6761523918810475
ZBH,2,0.6990182325378702,0.19879833952789114,3,19.0609,1,0.0,0.13779650854375647,0.21840229877215644,0.27559301708751294,0.3199535845651346,0.35619880731591286,0.3868437065026674,0.4133895256312694,0.4368045975443129,0.45775009310889114,0.47669759859409566,0.4939953158596694,0.5099076732364848,0.5246402150464239,0.538355883337291,0.5511860341750259,0.5632381083266396,0.5746011060880692,0.5853495798994872,0.5955466016526475,0.6052460052748239,0.6144941071378521,0.6233310437260219,0.6317918244034259,0.6399071691302692,0.6477041817802413,0.6552068963164692,0.6624367235901804,0.669412819700503,0.6761523918810475
ZBRA,4,0.4232148414190582,0.19879833952789114,0,0.0,1,0.0,0.13779650854375647,0.21840229877215644,0.27559301708751294,0.3199535845651346,0.35619880731591286,0.3868437065026674,0.4133895256312694,0.4368045975443129,0.45775009310889114,0.47669759859409566,0.4939953158596694,0.5099076732364848,0.5246402150464239,0.538355883337291,0.5511860341750259,0.5632381083266396,0.5746011060880692,0.5853495798994872,0.5955466016526475,0.6052460052748239,0.6144941071378521,0.6233310437260219,0.6317918244034259,0.6399071691302692,0.6477041817802413,0.6552068963164692,0.6624367235901804,0.669412819700503,0.6761523918810475
ZTS,1,0.2133833979642859,0.21475246761487002,6,22.0068,1,0.0,0.14885506744553811,0.23592969994349647,0.29771013489107623,0.3456307631681481,0.38478476738903455,0.41788900626644804,0.4465652023366143,0.47185939988699294,0.49448583061368634,0.514953926915482,0.5336398348345727,0.5508292038220404,0.5667440737119861,0.5815604631116446,0.5954202697821525,0.6084395569154502,0.620714467332531,0.6323255365174019,0.6433408980592243,0.6538187062099445,0.6638089943610201,0.673355120062937,0.6824949022801108,0.6912615263362962,0.6996842712675785,0.7077890998304894,0.7155991411575243,0.7231350886788571,0.7304155305571828
