date,month,market_semidev,vix_equiv,erp_source,market_erp_1y_pct,real_rf_1y_pct,real_rf_1y_source,real_rf_5y_pct,real_rf_5y_source,real_rf_10y_pct,real_rf_10y_source,real_rf_20y_pct,real_rf_20y_source,real_rf_30y_pct,real_rf_30y_source,real_coe_1y_pct
1929-10-31,1929-10,20.463663,31.554889,bridge,9.95711,3.5567919918216724,regime-extrapolated,3.1414251367152453,regime-extrapolated,3.1328245294848687,regime-extrapolated,3.142893635887204,regime-extrapolated,3.146539062777695,regime-extrapolated,13.513902
1929-11-27,1929-11,24.376833,35.879933,bridge,12.873696,2.797942893161496,regime-extrapolated,2.7666505746224987,regime-extrapolated,2.8728245294848707,regime-extrapolated,2.943553243559554,regime-extrapolated,2.967450506896073,regime-extrapolated,15.671639
1929-12-31,1929-12,25.144376,36.728262,bridge,13.489653,2.455359830622408,regime-extrapolated,2.695440631198924,regime-extrapolated,2.882569532348305,regime-extrapolated,2.996077031224166,regime-extrapolated,3.034256366721801,regime-extrapolated,15.945013
1930-02-28,1930-02,25.012552,36.582563,bridge,13.38284,3.353054086302902,regime-extrapolated,2.970777833640832,regime-extrapolated,3.0202885473267256,regime-extrapolated,3.063398101989863,regime-extrapolated,3.0780973760018826,regime-extrapolated,16.735894
1930-03-31,1930-03,25.006994,36.57642,bridge,13.378345,3.0088644054578544,regime-extrapolated,2.7992856788146923,regime-extrapolated,2.900546544429602,regime-extrapolated,2.971013485684403,regime-extrapolated,2.994846373430028,regime-extrapolated,16.387209
1930-04-30,1930-04,24.830847,36.381733,bridge,13.236305,2.430457218908707,regime-extrapolated,2.6972309883372008,regime-extrapolated,2.892050484922396,regime-extrapolated,3.0096087321526674,regime-extrapolated,3.049140315611851,regime-extrapolated,15.666762
1930-05-29,1930-05,25.168961,36.755435,bridge,13.50962,2.5923714441302,regime-extrapolated,2.7188579369835377,regime-extrapolated,2.920546544429602,regime-extrapolated,3.044090642397708,regime-extrapolated,3.0856438870336085,regime-extrapolated,16.101991
1930-06-30,1930-06,26.093878,37.777702,bridge,14.271548,2.80142011249952,regime-extrapolated,2.750971983383569,regime-extrapolated,2.948007562305145,regime-extrapolated,3.071420385566552,regime-extrapolated,3.112952754263558,regime-extrapolated,17.072968
1930-07-31,1930-07,26.317105,38.024425,bridge,14.458569,3.988079574417173,regime-extrapolated,3.083372616091569,regime-extrapolated,3.1198962679564968,regime-extrapolated,3.163051854146969,regime-extrapolated,3.17783462239101,regime-extrapolated,18.446649
1930-08-29,1930-08,26.256377,37.957305,bridge,14.40757,4.0675350033168085,regime-extrapolated,3.124328079748424,regime-extrapolated,3.1732487291163527,regime-extrapolated,3.224110152191072,regime-extrapolated,3.2414769701878723,regime-extrapolated,18.475105
1930-09-30,1930-09,20.593263,31.698129,bridge,10.047714,3.993668608750303,regime-extrapolated,3.076959321156967,regime-extrapolated,3.109896267956496,regime-extrapolated,3.1511562414072083,regime-extrapolated,3.1653061397623103,regime-extrapolated,14.041383
1930-10-31,1930-10,20.756817,31.878898,bridge,10.162641,4.298137621313158,regime-extrapolated,3.1388887709255946,regime-extrapolated,3.123248729116352,regime-extrapolated,3.139989122875376,regime-extrapolated,3.145964282871285,regime-extrapolated,14.460779
1930-11-29,1930-11,21.318934,32.50018,bridge,10.562617,4.26185336138057,regime-extrapolated,3.130117356722758,regime-extrapolated,3.146601190276208,regime-extrapolated,3.181473290988164,regime-extrapolated,3.193513285125994,regime-extrapolated,14.82447
1930-12-31,1930-12,21.678608,32.89771,bridge,10.822594,4.972891869756514,regime-extrapolated,3.3477180392730954,regime-extrapolated,3.266078653716605,regime-extrapolated,3.251473135331332,regime-extrapolated,3.2470179960162704,regime-extrapolated,15.795486
1931-01-31,1931-01,21.892611,33.134238,bridge,10.978777,5.116264070080607,regime-extrapolated,3.381425823290107,regime-extrapolated,3.292743129708032,regime-extrapolated,3.2756571888099524,regime-extrapolated,3.2703861804929586,regime-extrapolated,16.095041
1931-02-28,1931-02,21.971186,33.221083,bridge,11.036404,5.336808597734572,regime-extrapolated,3.5254695102254656,regime-extrapolated,3.439956599534652,regime-extrapolated,3.425802578311869,regime-extrapolated,3.421522811391754,regime-extrapolated,16.373213
1931-03-31,1931-03,21.709257,32.931585,bridge,10.844893,5.603968637371555,regime-extrapolated,3.5650119822841897,regime-extrapolated,3.4133502537340417,regime-extrapolated,3.3643261879452204,regime-extrapolated,3.348405587108974,regime-extrapolated,16.448862
1931-04-30,1931-04,20.814982,31.943186,bridge,10.203671,6.296301313550489,regime-extrapolated,3.7459105480329296,regime-extrapolated,3.4881916087188256,regime-extrapolated,3.3853733259858507,regime-extrapolated,3.3515152343232035,regime-extrapolated,16.499972
1931-05-29,1931-05,20.867755,32.001513,bridge,10.240968,6.145327759542818,regime-extrapolated,3.6508649289911936,regime-extrapolated,3.436485918479396,regime-extrapolated,3.357858683707142,regime-extrapolated,3.332089696593463,regime-extrapolated,16.386296
1931-06-30,1931-06,21.647744,32.863599,bridge,10.800161,6.232164623431684,regime-extrapolated,3.664627515042402,regime-extrapolated,3.455355160499019,regime-extrapolated,3.3807275747187693,regime-extrapolated,3.356306735967598,regime-extrapolated,17.032326
1931-07-31,1931-07,19.006061,29.94387,bridge,8.966354,5.544657921102222,regime-extrapolated,3.493790316596762,regime-extrapolated,3.3941376947159667,regime-extrapolated,3.3752836126097416,regime-extrapolated,3.3694620209788333,regime-extrapolated,14.511012
1931-08-31,1931-08,18.111242,28.954867,bridge,8.383843,5.262373541776289,regime-extrapolated,3.4376578002253857,regime-extrapolated,3.3827906212264134,regime-extrapolated,3.386505621844789,regime-extrapolated,3.388208101270913,regime-extrapolated,13.646217
1931-09-30,1931-09,19.616947,30.619053,bridge,9.375264,5.922094340777076,regime-extrapolated,3.673229266734912,regime-extrapolated,3.539318271707864,regime-extrapolated,3.503560812274572,regime-extrapolated,3.4921077098287867,regime-extrapolated,15.297358
1931-10-31,1931-10,21.516689,32.71875,bridge,10.705166,7.0116552516184765,regime-extrapolated,4.21799751311216,regime-extrapolated,3.923699418567683,regime-extrapolated,3.803292238598783,regime-extrapolated,3.7635791024829217,regime-extrapolated,17.716821
1931-11-30,1931-11,21.833084,33.068446,bridge,10.935221,7.426195402540919,regime-extrapolated,4.330703276370831,regime-extrapolated,3.9738655536858847,regime-extrapolated,3.821740742568117,regime-extrapolated,3.771451512321648,regime-extrapolated,18.361416
1931-12-31,1931-12,22.639559,33.959805,bridge,11.532683,7.426615501141001,regime-extrapolated,4.534597523723182,regime-extrapolated,4.1951845473519445,regime-extrapolated,4.050174695785048,regime-extrapolated,4.002240220828732,regime-extrapolated,18.959299
1932-01-30,1932-01,23.261023,34.64668,bridge,12.003924,8.112174663792775,regime-extrapolated,4.965734059514881,regime-extrapolated,4.581143583802785,regime-extrapolated,4.41374636194551,regime-extrapolated,4.358352316969033,regime-extrapolated,20.116099
1932-02-29,1932-02,23.987838,35.449995,bridge,12.567021,8.127815544680681,regime-extrapolated,4.8571655353010765,regime-extrapolated,4.440757781815082,regime-extrapolated,4.256800677488448,regime-extrapolated,4.195880467690769,regime-extrapolated,20.694837
1932-03-31,1932-03,24.067771,35.53834,bridge,12.629736,7.672104970562726,regime-extrapolated,4.60772363650214,regime-extrapolated,4.255657325032884,regime-extrapolated,4.105835782885649,regime-extrapolated,4.056313368771224,regime-extrapolated,20.301841
1932-04-30,1932-04,24.795284,36.342426,bridge,13.20772,6.632144167702412,regime-extrapolated,4.185383966978923,regime-extrapolated,4.020620088163177,regime-extrapolated,3.96992201531497,regime-extrapolated,3.9534942973882825,regime-extrapolated,19.839864
1932-05-31,1932-05,25.308244,36.909377,bridge,13.623021,6.458173300170987,regime-extrapolated,4.210446477940044,regime-extrapolated,4.110740232585735,regime-extrapolated,4.094695190764458,regime-extrapolated,4.089839400827231,regime-extrapolated,20.081194
1932-06-30,1932-06,27.156334,38.951985,bridge,15.172571,6.16071818972501,regime-extrapolated,4.128439722391779,regime-extrapolated,4.071459746525084,regime-extrapolated,4.076950497050716,regime-extrapolated,4.079274345820127,regime-extrapolated,21.333289
1932-07-30,1932-07,27.631056,39.476673,bridge,15.584077,6.1280345641730944,regime-extrapolated,3.9823340852597937,regime-extrapolated,3.891459746525084,regime-extrapolated,3.8790369566599767,regime-extrapolated,3.875380184978919,regime-extrapolated,21.712112
1932-08-31,1932-08,28.59329,40.540185,bridge,16.435066,6.473699847443567,regime-extrapolated,3.978931616397518,regime-extrapolated,3.811128460304256,regime-extrapolated,3.75936995628664,regime-extrapolated,3.7425935842600975,regime-extrapolated,22.908766
1932-09-30,1932-09,30.330528,42.460273,bridge,18.028748,6.343753871795045,regime-extrapolated,3.927766261890068,regime-extrapolated,3.7864264564407,regime-extrapolated,3.748795135656013,regime-extrapolated,3.7367366599390976,regime-extrapolated,24.372502
1932-10-31,1932-10,31.858811,44.149413,bridge,19.491707,6.340057879988128,regime-extrapolated,3.9364697581996415,regime-extrapolated,3.801795566619246,regime-extrapolated,3.767830002092573,regime-extrapolated,3.756996785917501,regime-extrapolated,25.831765
1932-11-30,1932-11,32.224316,44.553388,bridge,19.850044,6.060885813073637,regime-extrapolated,3.8737977065305,regime-extrapolated,3.7817326909247466,regime-extrapolated,3.769220209113704,regime-extrapolated,3.7655388128664256,regime-extrapolated,25.91093
1932-12-31,1932-12,32.225066,44.554217,bridge,19.850783,6.001617391790921,regime-extrapolated,3.78497985383761,regime-extrapolated,3.68697449675411,regime-extrapolated,3.671461997943973,regime-extrapolated,3.666780390592852,regime-extrapolated,25.8524
1933-01-31,1933-01,32.059419,44.371136,bridge,19.687977,5.807688795173099,regime-extrapolated,3.6277383147956654,regime-extrapolated,3.520692402978552,regime-extrapolated,3.499436171953304,regime-extrapolated,3.492827439157993,regime-extrapolated,25.495666
1933-02-28,1933-02,31.909646,44.205598,bridge,19.541349,6.124013990631274,regime-extrapolated,3.7815908910452873,regime-extrapolated,3.631140701858335,regime-extrapolated,3.5871864621191007,regime-extrapolated,3.572978933976127,regime-extrapolated,25.665363
1933-03-31,1933-03,32.371144,44.715671,bridge,19.994912,7.597433265257848,regime-extrapolated,4.214993317513484,regime-extrapolated,3.756106390720524,regime-extrapolated,3.5492467951943807,regime-extrapolated,3.4806294719286353,regime-extrapolated,27.592345
1933-04-29,1933-04,32.184162,44.509008,bridge,19.810518,5.909833189787706,regime-extrapolated,3.8174479984663305,regime-extrapolated,3.7167427671087307,regime-extrapolated,3.697859798896837,regime-extrapolated,3.6919641244445707,regime-extrapolated,25.720351
1933-05-31,1933-05,32.281491,44.616581,bridge,19.906393,5.060956941000962,regime-extrapolated,3.5025176670182505,regime-extrapolated,3.506122122262207,regime-extrapolated,3.53969375684094,regime-extrapolated,3.5512610144519763,regime-extrapolated,24.96735
1933-06-30,1933-06,31.333232,43.568515,bridge,18.982155,4.167759622869764,regime-extrapolated,3.197659345517299,regime-extrapolated,3.3182098160397464,regime-extrapolated,3.4107398211821645,regime-extrapolated,3.441939638770109,regime-extrapolated,23.149915
1933-07-31,1933-07,32.398362,44.745753,bridge,20.021824,2.664122602805727,regime-extrapolated,2.7734877512317464,regime-extrapolated,3.094544634090335,regime-extrapolated,3.287144334589992,regime-extrapolated,3.351672069241627,regime-extrapolated,22.685947
1933-08-31,1933-08,31.195451,43.416232,bridge,18.849692,1.7651365961524708,regime-extrapolated,2.5416257064128223,regime-extrapolated,3.001493213113555,regime-extrapolated,3.2645259123058032,regime-extrapolated,3.352516330877692,regime-extrapolated,20.614829
1933-09-30,1933-09,30.753002,42.927213,bridge,18.427457,1.2857282731836732,regime-extrapolated,2.4013545129533957,regime-extrapolated,2.932014547432736,regime-extrapolated,3.2309799933237455,regime-extrapolated,3.3309291071999523,regime-extrapolated,19.713185
1933-10-31,1933-10,31.862856,44.153883,bridge,19.495654,0.9388954057212259,regime-extrapolated,2.329190905923035,regime-extrapolated,2.9109582788359574,regime-extrapolated,3.2354323587823908,regime-extrapolated,3.343859770407034,regime-extrapolated,20.434549
1933-12-30,1933-12,31.626118,43.892229,bridge,19.265277,0.614629418602611,regime-extrapolated,2.4597067223202096,regime-extrapolated,3.1141264851196593,regime-extrapolated,3.4739308174980135,regime-extrapolated,3.594076931058445,regime-extrapolated,19.879906
1934-01-31,1934-01,30.446645,42.588611,bridge,18.137898,-0.20098746744943674,regime-extrapolated,2.1948784473105145,regime-extrapolated,2.949054416232329,regime-extrapolated,3.358443985831605,regime-extrapolated,3.495090501230195,regime-extrapolated,17.936911
1934-02-28,1934-02,29.680376,41.741691,bridge,17.423687,-1.6915356988505814,regime-extrapolated,1.636568007860353,regime-extrapolated,2.5699534224431733,regime-extrapolated,3.0692528486917467,regime-extrapolated,3.2358461183000995,regime-extrapolated,15.732151
1934-03-31,1934-03,28.867264,40.842996,bridge,16.681503,-2.471358315061568,regime-extrapolated,1.3357918908959237,regime-extrapolated,2.3778100200976695,regime-extrapolated,2.9328495143162887,regime-extrapolated,3.1180124686446544,regime-extrapolated,14.210145
1934-04-30,1934-04,27.444082,39.270019,bridge,15.421344,-2.484543092266763,regime-extrapolated,1.2866831473471245,regime-extrapolated,2.317819840643834,regime-extrapolated,2.867094421321706,regime-extrapolated,3.0503093491406523,regime-extrapolated,12.936801
1934-05-31,1934-05,25.206043,36.796419,bridge,13.539765,-2.49998211945858,regime-extrapolated,1.229277970197428,regime-extrapolated,2.2477319837003478,regime-extrapolated,2.790289884595975,regime-extrapolated,2.9712390309953003,regime-extrapolated,11.039783
1934-06-30,1934-06,23.57525,34.993981,bridge,12.245787,-2.487486773419377,regime-extrapolated,1.194801123103321,regime-extrapolated,2.200887039520606,regime-extrapolated,2.736981926874304,regime-extrapolated,2.9157508427083,regime-extrapolated,9.7583
1934-07-31,1934-07,23.40199,34.802484,bridge,12.112129,-0.7608849851126444,regime-extrapolated,1.6514224564335118,regime-extrapolated,2.411131891699543,regime-extrapolated,2.82343448923669,regime-extrapolated,2.9609141580518354,regime-extrapolated,11.351244
1934-08-31,1934-08,21.523413,32.726181,bridge,10.710029,-0.2814823823890875,regime-extrapolated,1.8651188408806845,regime-extrapolated,2.5774065956084504,regime-extrapolated,2.9661832895131877,regime-extrapolated,3.095800532920463,regime-extrapolated,10.428547
1934-09-29,1934-09,21.290237,32.468462,bridge,10.54201,-1.0195178945135608,regime-extrapolated,1.7926161641009204,regime-extrapolated,2.6411086480212282,regime-extrapolated,3.098838249940798,regime-extrapolated,3.2514230197121368,regime-extrapolated,9.522492
1934-10-31,1934-10,21.19645,32.364804,bridge,10.474805,-0.6529850566160493,regime-extrapolated,1.7556482700017164,regime-extrapolated,2.514877820239197,regime-extrapolated,2.9269359263940857,regime-extrapolated,3.064264420300736,regime-extrapolated,9.82182
1934-11-30,1934-11,20.512281,31.608624,bridge,9.991051,-0.6544884316598956,regime-extrapolated,1.7529229245887317,regime-extrapolated,2.5117800958251637,regime-extrapolated,2.923634145952783,regime-extrapolated,3.0608712291770117,regime-extrapolated,9.336563
1934-12-31,1934-12,19.686046,30.695425,bridge,9.422091,-0.300666273511607,regime-extrapolated,1.805092655509262,regime-extrapolated,2.505140893580784,regime-extrapolated,2.8874196006215,regime-extrapolated,3.014774283464646,regime-extrapolated,9.121425
1935-01-31,1935-01,19.155738,30.1093,bridge,9.0657,-1.153435252454095,regime-extrapolated,1.443171320578283,regime-extrapolated,2.2272917428221986,regime-extrapolated,2.650974086958778,regime-extrapolated,2.7920987205768513,regime-extrapolated,7.912265
1935-02-28,1935-02,18.755257,29.666667,bridge,8.801112,-1.1564328234508758,regime-extrapolated,1.393654184065656,regime-extrapolated,2.1648547568493446,regime-extrapolated,2.5817493143261574,regime-extrapolated,2.7205849615263986,regime-extrapolated,7.644679
1935-03-30,1935-03,18.230048,29.086179,bridge,8.460058,-1.197376966325664,regime-extrapolated,1.3811000972046064,regime-extrapolated,2.1608192938287214,regime-extrapolated,2.5822108109531516,regime-extrapolated,2.7225245500533037,regime-extrapolated,7.262681
1935-04-30,1935-04,16.810529,27.517251,bridge,7.571991,-1.612915900863284,regime-extrapolated,1.2319219619773825,regime-extrapolated,2.0601918446698413,regime-extrapolated,2.505737214405958,regime-extrapolated,2.6540769083522893,regime-extrapolated,5.959075
1935-05-31,1935-05,15.018408,25.536503,bridge,6.52113,-1.6170843015917822,regime-extrapolated,1.2201438960102562,regime-extrapolated,2.0461736853080694,regime-extrapolated,2.4905298779674885,regime-extrapolated,2.638449287980081,regime-extrapolated,4.904046
1935-06-29,1935-06,13.816229,24.207791,bridge,5.860171,-0.8031070620669468,regime-extrapolated,1.4356700295513203,regime-extrapolated,2.1457918542746457,regime-extrapolated,2.531920488401409,regime-extrapolated,2.660406697867632,regime-extrapolated,5.057064
1935-07-31,1935-07,13.294558,23.631212,bridge,5.584342,-0.8096147073996856,regime-extrapolated,1.4154390447756509,regime-extrapolated,2.121505778638698,regime-extrapolated,2.5054865679213028,regime-extrapolated,2.633232438020075,regime-extrapolated,4.774727
1935-08-31,1935-08,13.280728,23.615927,bridge,5.57712,-0.7395779737179266,regime-extrapolated,1.5438325139707352,regime-extrapolated,2.2673771037596127,regime-extrapolated,2.6605901057055052,regime-extrapolated,2.7913949828071534,regime-extrapolated,4.837542
1935-09-30,1935-09,13.454135,23.807585,bridge,5.668011,0.07395502551085531,regime-extrapolated,1.7894919920314285,regime-extrapolated,2.4055665469010954,regime-extrapolated,2.744977749952426,regime-extrapolated,2.8578266790378173,regime-extrapolated,5.741966
1935-10-31,1935-10,13.490844,23.848158,bridge,5.687347,-0.33882207623889254,regime-extrapolated,1.6406107880764493,regime-extrapolated,2.3047618237732093,regime-extrapolated,2.6680889238982353,regime-extrapolated,2.7888844888048645,regime-extrapolated,5.348525
1935-11-30,1935-11,13.504448,23.863194,bridge,5.69452,-0.7767085319705035,regime-extrapolated,1.524435878373668,regime-extrapolated,2.254174447438329,regime-extrapolated,2.6506835120726797,regime-extrapolated,2.7825193963677903,regime-extrapolated,4.917811
1935-12-31,1935-12,13.507451,23.866513,bridge,5.696104,-1.1941984231997749,regime-extrapolated,1.389187333061583,regime-extrapolated,2.1718093964926024,regime-extrapolated,2.594742320054577,regime-extrapolated,2.7353618277495375,regime-extrapolated,4.501906
1936-01-31,1936-01,12.938285,23.237441,bridge,5.399786,-0.34727528253381224,regime-extrapolated,1.6035742802763537,regime-extrapolated,2.2598980049614767,regime-extrapolated,2.6191020673093277,regime-extrapolated,2.738451610369801,regime-extrapolated,5.052511
1936-02-29,1936-02,12.724733,23.001412,bridge,5.29065,0.03531384588440912,regime-extrapolated,1.660148153524813,regime-extrapolated,2.249781798945186,regime-extrapolated,2.575216247255571,regime-extrapolated,2.6832828033516725,regime-extrapolated,5.325964
1936-04-30,1936-04,13.06398,23.376365,bridge,5.464545,0.7967232960290859,regime-extrapolated,1.8095940009908664,regime-extrapolated,2.276749832542453,regime-extrapolated,2.540355357011938,regime-extrapolated,2.6277618734541712,regime-extrapolated,6.261268
1936-05-29,1936-05,13.183797,23.508793,bridge,5.526634,0.7892142200268548,regime-extrapolated,1.7875192631559298,regime-extrapolated,2.250457955307156,regime-extrapolated,2.5118343191978973,regime-extrapolated,2.5984733908527593,regime-extrapolated,6.315848
1936-06-30,1936-06,12.779511,23.061955,bridge,5.318538,0.007329264600250053,regime-extrapolated,1.5797727589907828,regime-extrapolated,2.154306318337773,regime-extrapolated,2.4717594454491523,regime-extrapolated,2.5770684955620533,regime-extrapolated,5.325867
1936-07-31,1936-07,12.56051,22.819903,bridge,5.20748,-0.43029291382957263,regime-extrapolated,1.4466965961917073,regime-extrapolated,2.0822376715233974,regime-extrapolated,2.430478707649148,regime-extrapolated,2.5460290586034637,regime-extrapolated,4.777187
1936-08-31,1936-08,12.510076,22.764161,bridge,5.18207,-0.8032920164785422,regime-extrapolated,1.282149848153013,regime-extrapolated,1.9499903650473989,regime-extrapolated,2.3138471653588546,regime-extrapolated,2.434573443723959,regime-extrapolated,4.378778
1936-09-30,1936-09,12.245273,22.471486,bridge,5.049677,-0.831420283231095,regime-extrapolated,1.293072306517057,regime-extrapolated,1.9727600396591642,regime-extrapolated,2.342879891781088,regime-extrapolated,2.465673958130567,regime-extrapolated,4.218257
1936-10-31,1936-10,12.267878,22.496471,bridge,5.060912,-0.8794123064136976,regime-extrapolated,1.284245605509965,regime-extrapolated,1.9758026014301018,regime-extrapolated,2.3521965682810846,regime-extrapolated,2.477062110278287,regime-extrapolated,4.1815
1936-11-30,1936-11,12.356939,22.594906,bridge,5.105298,-0.5030212368392232,regime-extrapolated,1.2921051385630573,regime-extrapolated,1.9043208321054153,regime-extrapolated,2.240261486812432,regime-extrapolated,2.3516126459559286,regime-extrapolated,4.602277
1936-12-31,1936-12,12.218848,22.44228,bridge,5.036559,-0.4730082584491827,regime-extrapolated,1.3013221168630695,regime-extrapolated,1.907483229354522,regime-extrapolated,2.2402247932542063,regime-extrapolated,2.350484697998663,regime-extrapolated,4.563551
1937-01-30,1937-01,11.788829,21.967,bridge,4.825491,-0.8774603559058552,regime-extrapolated,1.145496297535347,regime-extrapolated,1.7961574447872004,regime-extrapolated,2.150972345507232,regime-extrapolated,2.2685641979077156,regime-extrapolated,3.948031
1937-02-27,1937-02,11.519661,21.669501,bridge,4.695673,-0.8829682734943244,regime-extrapolated,1.1312520215910828,regime-extrapolated,1.7794563188038335,regime-extrapolated,2.1329732742610386,regime-extrapolated,2.2501085864315806,regime-extrapolated,3.812705
1937-03-31,1937-03,11.193346,21.308841,bridge,4.540667,-1.3115219159318332,regime-extrapolated,1.189041264281489,regime-extrapolated,1.9217287669696135,regime-extrapolated,2.316951418517267,regime-extrapolated,2.4479583633393,regime-extrapolated,3.229145
1937-04-30,1937-04,11.9247,22.117173,bridge,4.891693,-1.7468572546807528,regime-extrapolated,1.1184587366599328,regime-extrapolated,1.9301248240475648,regime-extrapolated,2.3656322875287765,regime-extrapolated,2.5100511624176005,regime-extrapolated,3.144836
1937-05-28,1937-05,12.192576,22.413243,bridge,5.023535,-2.2530613967126527,regime-extrapolated,0.9471349932185469,regime-extrapolated,1.8288385685849298,regime-extrapolated,2.299904691285071,regime-extrapolated,2.4561576145909916,regime-extrapolated,2.770474
1937-06-30,1937-06,12.13116,22.345363,bridge,4.993152,-1.8417413362166073,regime-extrapolated,1.072109700785625,regime-extrapolated,1.8998656551910447,regime-extrapolated,2.3439395481884575,regime-extrapolated,2.491172606811153,regime-extrapolated,3.151411
1937-07-31,1937-07,12.229015,22.453518,bridge,5.041605,-1.9332112288871974,regime-extrapolated,0.9782509281972447,regime-extrapolated,1.8066876704990955,regime-extrapolated,2.251181794240145,regime-extrapolated,2.3985325340094574,regime-extrapolated,3.108394
1937-08-31,1937-08,12.270889,22.499799,bridge,5.062409,-1.4369297363619415,regime-extrapolated,1.1770156923015116,regime-extrapolated,1.947439139737979,regime-extrapolated,2.362757170596769,regime-extrapolated,2.5003585942460638,regime-extrapolated,3.625479
1937-09-30,1937-09,14.687409,25.170665,bridge,6.335624,-1.9216534766840134,regime-extrapolated,1.0278186367875948,regime-extrapolated,1.8690427369591929,regime-extrapolated,2.3203502865972223,regime-extrapolated,2.4699298768919933,regime-extrapolated,4.413971
1937-10-30,1937-10,18.555815,29.446233,bridge,8.670807,-1.9627079867868629,regime-extrapolated,1.0150613507230648,regime-extrapolated,1.8647862154376607,regime-extrapolated,2.3205817629524166,regime-extrapolated,2.471636457870841,regime-extrapolated,6.708099
1937-11-30,1937-11,20.369089,31.450361,bridge,9.891252,-1.6557295788699944,regime-extrapolated,1.0550700848632144,regime-extrapolated,1.8545748806299933,regime-extrapolated,2.285248678916547,regime-extrapolated,2.4279070066700816,regime-extrapolated,8.235522
1937-12-31,1937-12,20.83889,31.96961,bridge,10.220559,-1.2595877969894564,regime-extrapolated,1.1543968453245763,regime-extrapolated,1.894745682249382,regime-extrapolated,2.295574191371531,regime-extrapolated,2.4282591412422487,regime-extrapolated,8.960971
1938-01-31,1938-01,21.011143,32.159993,bridge,10.342652,-0.11739182519206129,regime-extrapolated,1.4549643253317277,regime-extrapolated,2.0326219934964342,regime-extrapolated,2.3517471965561,regime-extrapolated,2.4571736461645295,regime-extrapolated,10.22526
1938-03-31,1938-03,22.445203,33.744992,bridge,11.387245,0.6199874023565227,regime-extrapolated,1.6405990661795793,regime-extrapolated,2.1118358686901386,regime-extrapolated,2.3775248341882573,regime-extrapolated,2.465092306435599,regime-extrapolated,12.007232
1938-04-30,1938-04,23.339281,34.733175,bridge,12.063935,0.5644754120419487,regime-extrapolated,1.5554939565354597,regime-extrapolated,2.0177061009714654,regime-extrapolated,2.2786097860259313,regime-extrapolated,2.36455627568591,regime-extrapolated,12.62841
1938-05-31,1938-05,23.401021,34.801413,bridge,12.111383,1.298448246741428,regime-extrapolated,1.7261473084325032,regime-extrapolated,2.077293725929806,regime-extrapolated,2.2822559670338913,regime-extrapolated,2.3495298069210837,regime-extrapolated,13.409831
1938-06-30,1938-06,24.042283,35.51017,bridge,12.609722,1.300550934669121,regime-extrapolated,1.7383533362873125,regime-extrapolated,2.09258383288264,regime-extrapolated,2.2991722729506145,regime-extrapolated,2.366965785987418,regime-extrapolated,13.910273
1938-07-30,1938-07,23.715194,35.148654,bridge,12.354279,1.682519860330009,regime-extrapolated,1.8318311610625084,regime-extrapolated,2.127868249683218,regime-extrapolated,2.3050465027534752,regime-extrapolated,2.363011175452351,regime-extrapolated,14.036799
1938-08-31,1938-08,22.309201,33.594676,bridge,11.286022,1.667376774305932,regime-extrapolated,1.8082585834528948,regime-extrapolated,2.101897857995938,regime-extrapolated,2.2778077899676394,regime-extrapolated,2.335325797221772,regime-extrapolated,12.953399
1938-09-30,1938-09,22.225287,33.501929,bridge,11.223792,2.0712866792217617,regime-extrapolated,1.9746706822309035,regime-extrapolated,2.225037435750894,regime-extrapolated,2.379407697559563,regime-extrapolated,2.429724366610225,regime-extrapolated,13.295079
1938-10-31,1938-10,22.093689,33.35648,bridge,11.126548,2.3650072563056996,regime-extrapolated,1.9691155362060617,regime-extrapolated,2.158575273116927,regime-extrapolated,2.282125758311537,regime-extrapolated,2.322143223336839,regime-extrapolated,13.491555
1938-11-30,1938-11,21.942264,33.189117,bridge,11.015175,2.0134648636975574,regime-extrapolated,1.8947541571162645,regime-extrapolated,2.139956847778304,regime-extrapolated,2.2916534918976814,regime-extrapolated,2.3410316687139567,regime-extrapolated,13.02864
1938-12-31,1938-12,21.610574,32.822516,bridge,10.773176,1.6253976587571737,regime-extrapolated,1.7569637749061722,regime-extrapolated,2.049539358115283,regime-extrapolated,2.2249425532818385,regime-extrapolated,2.282199075801953,regime-extrapolated,12.398574
1939-01-31,1939-01,20.924894,32.064666,bridge,10.281428,0.8904790786162495,regime-extrapolated,1.5431435147712467,regime-extrapolated,1.935193452852488,regime-extrapolated,2.1604476412174094,regime-extrapolated,2.2342973797763186,regime-extrapolated,11.171907
1939-02-28,1939-02,20.470956,31.562949,bridge,9.962198,0.8789216956504513,regime-extrapolated,1.492775140658788,regime-extrapolated,1.8740270584840109,regime-extrapolated,2.0936060957011295,regime-extrapolated,2.1655382261888834,regime-extrapolated,10.84112
1939-03-31,1939-03,20.583697,31.687556,bridge,10.041012,0.8530310551648752,regime-extrapolated,1.407835117296577,regime-extrapolated,1.7718401705838775,regime-extrapolated,1.9823164173203114,regime-extrapolated,2.051186396123989,regime-extrapolated,10.894043
1939-04-29,1939-04,21.270952,32.447147,bridge,10.528174,1.5834367457194831,regime-extrapolated,1.5473461037512835,regime-extrapolated,1.7930639345091637,regime-extrapolated,1.9438312871329995,regime-extrapolated,1.9927712989903403,regime-extrapolated,12.111611
1939-05-31,1939-05,20.755277,31.877196,bridge,10.161556,1.174250542182379,regime-extrapolated,1.315717291586625,regime-extrapolated,1.5865132365281525,regime-extrapolated,1.7491768921188287,regime-extrapolated,1.8020520080785492,regime-extrapolated,11.335807
1939-06-30,1939-06,19.682823,30.691863,bridge,9.419904,1.1733012524264563,regime-extrapolated,1.3264503563200123,regime-extrapolated,1.601272986228234,regime-extrapolated,1.7660837436465113,regime-extrapolated,1.819652665612537,regime-extrapolated,10.593205
1939-07-31,1939-07,18.160471,29.009279,bridge,8.415383,1.1689232246041428,regime-extrapolated,1.2975829695372199,regime-extrapolated,1.5656404787956593,regime-extrapolated,1.7268955976129334,regime-extrapolated,1.7792544151477778,regime-extrapolated,9.584306
1939-08-31,1939-08,18.088235,28.929439,bridge,8.369125,1.2052212314624684,regime-extrapolated,1.3932390887031698,regime-extrapolated,1.6796059320476195,regime-extrapolated,1.8505584026605852,regime-extrapolated,1.9061317720245148,regime-extrapolated,9.574346
1940-01-31,1940-01,15.491622,26.059524,bridge,6.790988,0.37480405619855967,regime-extrapolated,1.1201840971769985,regime-extrapolated,1.5182021493952753,regime-extrapolated,1.745478295588899,regime-extrapolated,1.8197133664772218,regime-extrapolated,7.165792
1940-02-29,1940-02,13.97206,24.380023,bridge,5.943855,-0.4054926071540401,regime-extrapolated,0.8936746084135843,regime-extrapolated,1.3987334571493932,regime-extrapolated,1.6797532356245457,regime-extrapolated,1.7718800721876606,regime-extrapolated,5.538362
1940-03-30,1940-03,13.527551,23.888729,bridge,5.706714,-0.4383178668286201,regime-extrapolated,0.7918210346611811,regime-extrapolated,1.277074411510818,regime-extrapolated,1.5476595893212455,regime-extrapolated,1.6362798371577316,regime-extrapolated,5.268396
1940-04-30,1940-04,13.174477,23.498493,bridge,5.521792,-0.829089393004625,regime-extrapolated,0.7111747162159334,regime-extrapolated,1.2597866114756666,regime-extrapolated,1.562435237154661,regime-extrapolated,1.6617229630913972,regime-extrapolated,4.692703
1940-05-31,1940-05,16.47221,27.143322,bridge,7.367599,-0.7358282595760072,regime-extrapolated,0.8612395899295452,regime-extrapolated,1.4276694014261162,regime-extrapolated,1.7397687860998223,regime-extrapolated,1.8421888657344452,regime-extrapolated,6.631771
1940-06-29,1940-06,16.638278,27.326869,bridge,7.467578,-1.1858608777117456,regime-extrapolated,0.605148258791896,regime-extrapolated,1.2004469983328125,regime-extrapolated,1.5263928156909685,regime-extrapolated,1.6333985443128471,regime-extrapolated,6.281717
1940-07-31,1940-07,16.098513,26.730293,bridge,7.145086,-0.8541688473072201,regime-extrapolated,0.6275752608492172,regime-extrapolated,1.1613228713957442,regime-extrapolated,1.4562215065005575,regime-extrapolated,1.5528532236225017,regime-extrapolated,6.290917
1940-08-31,1940-08,16.380292,27.04173,bridge,7.312552,-0.8622601291017346,regime-extrapolated,0.5918713315281873,regime-extrapolated,1.118252953682929,regime-extrapolated,1.4092944355800432,regime-extrapolated,1.5046155427527963,regime-extrapolated,6.450292
1940-09-30,1940-09,16.390983,27.053546,bridge,7.318944,0.2608089843116868,regime-extrapolated,0.8234549456421429,regime-extrapolated,1.173720774977101,regime-extrapolated,1.376035065708654,regime-extrapolated,1.4417533777792693,regime-extrapolated,7.579753
1940-12-31,1940-12,15.872578,26.480577,bridge,7.01221,-0.6865474205940794,regime-extrapolated,-0.06012819084076564,regime-extrapolated,0.46908880979249146,regime-extrapolated,0.7898774257715542,regime-extrapolated,0.8955659021246386,regime-extrapolated,6.325663
1941-01-31,1941-01,15.864888,26.472077,bridge,7.007709,-0.9994530674400841,regime-extrapolated,0.009826616106183905,regime-extrapolated,0.6151493950796805,regime-extrapolated,0.9735862568282552,regime-extrapolated,1.0917842923050618,regime-extrapolated,6.008256
1941-02-28,1941-02,16.054338,26.681468,bridge,7.119007,-0.6152301839648245,regime-extrapolated,0.10974020772214432,regime-extrapolated,0.7280816611412102,regime-extrapolated,1.1031426315014576,regime-extrapolated,1.2270412327829412,regime-extrapolated,6.503777
1941-03-31,1941-03,13.21703,23.545525,bridge,5.543917,-1.1882839841452393,regime-extrapolated,-0.1604073752720907,regime-extrapolated,0.5989541259156322,regime-extrapolated,1.0568967224739396,regime-extrapolated,1.2086168156554915,regime-extrapolated,4.355633
1941-04-30,1941-04,12.37769,22.617841,bridge,5.115667,-1.6010924994642477,regime-extrapolated,-0.37646864300517163,regime-extrapolated,0.43649775240439354,regime-extrapolated,0.9242419283138052,regime-extrapolated,1.0859295821879065,regime-extrapolated,3.514575
1941-05-31,1941-05,12.187263,22.407371,bridge,5.020903,-2.2495649635702524,regime-extrapolated,-0.6758203099214601,regime-extrapolated,0.4179887370582806,regime-extrapolated,1.078064383455312,regime-extrapolated,1.2977369411991861,regime-extrapolated,2.771338
1941-06-30,1941-06,11.789508,21.967751,bridge,4.825821,-2.829152011674671,regime-extrapolated,-0.8531837530084657,regime-extrapolated,0.11881834402795952,regime-extrapolated,0.6888630772034011,regime-extrapolated,0.8779859313069597,regime-extrapolated,1.996669
1941-07-31,1941-07,11.540954,21.693036,bridge,4.705878,-3.2926479196487737,regime-extrapolated,-1.0733283514227847,regime-extrapolated,-0.050683853278495915,regime-extrapolated,0.545592631459816,regime-extrapolated,0.743453092525524,regime-extrapolated,1.41323
1941-08-30,1941-08,11.348841,21.480703,bridge,4.614206,-4.291823980033966,regime-extrapolated,-1.461535909808926,regime-extrapolated,-0.09312142350207887,regime-extrapolated,0.7103607421358988,regime-extrapolated,0.9778733207611355,regime-extrapolated,0.322382
1941-09-30,1941-09,10.764268,20.834601,bridge,4.340806,-4.995497891272433,regime-extrapolated,-1.620187241084822,regime-extrapolated,-0.2572306463933556,regime-extrapolated,0.5268899982585347,regime-extrapolated,0.7876239271580985,regime-extrapolated,-0.654692
1941-10-31,1941-10,10.867235,20.948406,bridge,4.388357,-5.467951004261016,regime-extrapolated,-1.6724466366526112,regime-extrapolated,-0.49884351592485326,regime-extrapolated,0.15062057614978486,regime-extrapolated,0.3657345124851586,regime-extrapolated,-1.079594
1941-11-29,1941-11,11.002183,21.097558,bridge,4.451069,-5.6658732367979505,regime-extrapolated,-1.633001541932059,regime-extrapolated,-0.5207408267516551,regime-extrapolated,0.08205650206304331,regime-extrapolated,0.2813052107207394,regime-extrapolated,-1.214804
1941-12-31,1941-12,11.580089,21.73629,bridge,4.724663,-5.665176083452225,regime-extrapolated,-1.5789106873005188,regime-extrapolated,-0.351404232217364,regime-extrapolated,0.32421522372264844,regime-extrapolated,0.5479807359545829,regime-extrapolated,-0.940513
1942-01-31,1942-01,10.027289,20.020053,bridge,4.008025,-6.611131887094964,regime-extrapolated,-1.9334055028848243,regime-extrapolated,-0.5026775284754167,regime-extrapolated,0.2878996400784419,regime-extrapolated,0.5501933014545533,regime-extrapolated,-2.603107
1942-02-28,1942-02,9.775587,19.741858,bridge,3.89741,-7.057669870929539,regime-extrapolated,-2.0769449914912417,regime-extrapolated,-0.5207825044263356,regime-extrapolated,0.3424809798797629,regime-extrapolated,0.6291544041773749,regime-extrapolated,-3.16026
1942-03-31,1942-03,10.021911,20.014109,bridge,4.005646,-7.438062290581586,regime-extrapolated,-2.250670796543355,regime-extrapolated,-0.6586803083444339,regime-extrapolated,0.22212990802469945,regime-extrapolated,0.5146225756061232,regime-extrapolated,-3.432416
1942-04-30,1942-04,10.076635,20.074592,bridge,4.029893,-7.295554465068538,regime-extrapolated,-2.1870743624554856,regime-extrapolated,-0.6347632843708315,regime-extrapolated,0.2227111221745845,regime-extrapolated,0.5073419319849561,regime-extrapolated,-3.265661
1942-05-29,1942-05,10.077228,20.075248,bridge,4.030156,-7.612487877577852,regime-extrapolated,-2.297721203879236,regime-extrapolated,-0.7194365567636125,regime-extrapolated,0.14915499286032358,regime-extrapolated,0.4374348108376652,regime-extrapolated,-3.582332
1942-06-30,1942-06,10.146092,20.15136,bridge,4.060773,-6.483307230235243,regime-extrapolated,-1.9016835707474697,regime-extrapolated,-0.42549587922043836,regime-extrapolated,0.39630721279181974,regime-extrapolated,0.6690373514981816,regime-extrapolated,-2.422534
1942-07-31,1942-07,10.081833,20.080338,bridge,4.0322,-6.944079185195943,regime-extrapolated,-2.044327964402327,regime-extrapolated,-0.43332411183260067,regime-extrapolated,0.4666692696690742,regime-extrapolated,0.7656269160829329,regime-extrapolated,-2.911879
1942-08-31,1942-08,10.104923,20.105858,bridge,4.042455,-6.0294668691310624,regime-extrapolated,-1.6625700200993958,regime-extrapolated,-0.568244078280191,regime-extrapolated,0.01189731352502238,regime-extrapolated,0.2031284415132239,regime-extrapolated,-1.987012
1942-09-30,1942-09,9.986649,19.975135,bridge,3.99006,-5.252628220099846,regime-extrapolated,-1.4527320074075791,regime-extrapolated,-0.4661102421010051,regime-extrapolated,0.06009674741570302,regime-extrapolated,0.23332780145450827,regime-extrapolated,-1.262568
1942-10-31,1942-10,9.115905,19.012743,bridge,3.614844,-5.2231951378275605,regime-extrapolated,-1.4679978399760463,regime-extrapolated,-0.4738513415870367,regime-extrapolated,0.05846705613991386,regime-extrapolated,0.23375381207088508,regime-extrapolated,-1.608351
1942-11-30,1942-11,9.046851,18.936421,bridge,3.58588,-5.16159502128576,regime-extrapolated,-1.446739026677634,regime-extrapolated,-0.48653346029038635,regime-extrapolated,0.024898874913916458,regime-extrapolated,0.19313120429300348,regime-extrapolated,-1.575715
1942-12-31,1942-12,8.869731,18.740658,bridge,3.512122,-5.1135145807596825,regime-extrapolated,-1.4493303159775848,regime-extrapolated,-0.5324479975789173,regime-extrapolated,-0.04762938121509448,regime-extrapolated,0.11162151528982261,regime-extrapolated,-1.601393
1943-01-30,1943-01,8.407935,18.230256,bridge,3.323422,-4.457046314379318,regime-extrapolated,-1.3528299365456964,regime-extrapolated,-0.4746841152321851,regime-extrapolated,0.0011710540530933955,regime-extrapolated,0.15760169524218834,regime-extrapolated,-1.133624
1943-02-27,1943-02,8.090949,17.879907,bridge,3.196911,-4.090238823254671,regime-extrapolated,-1.2524824691805914,regime-extrapolated,-0.430147161592514,regime-extrapolated,0.01698667190184254,regime-extrapolated,0.16380714490073078,regime-extrapolated,-0.893328
1943-03-31,1943-03,7.995507,17.774419,bridge,3.1593,-4.396074462654348,regime-extrapolated,-1.357451197147263,regime-extrapolated,-0.4759823815655857,regime-extrapolated,0.0039224911992818,regime-extrapolated,0.16169990673821158,regime-extrapolated,-1.236774
1943-04-30,1943-04,8.610981,18.454674,bridge,3.40575,-4.6826135263466835,regime-extrapolated,-1.445169799474973,regime-extrapolated,-0.55862128000235,regime-extrapolated,-0.08099489647422684,regime-extrapolated,0.07591361907457597,regime-extrapolated,-1.276864
1943-05-29,1943-05,8.682344,18.533548,bridge,3.434924,-4.341154200605939,regime-extrapolated,-1.4133148305758239,regime-extrapolated,-0.5649668362537783,regime-extrapolated,-0.10307507413692349,regime-extrapolated,0.04862940786893216,regime-extrapolated,-0.90623
1943-06-30,1943-06,8.721878,18.577243,bridge,3.45114,-4.391742697446673,regime-extrapolated,-1.457689260917338,regime-extrapolated,-0.5716493306458291,regime-extrapolated,-0.08544561257390373,regime-extrapolated,0.07443698423513248,regime-extrapolated,-0.940603
1943-07-31,1943-07,9.234494,19.143814,bridge,3.664856,-3.7180115909414373,regime-extrapolated,-1.2758744509094444,regime-extrapolated,-0.4736121877583711,regime-extrapolated,-0.02784045137236997,regime-extrapolated,0.11857057642380314,regime-extrapolated,-0.053156
1943-08-31,1943-08,9.043634,18.932865,bridge,3.584534,-2.986199369161738,regime-extrapolated,-1.0524759873932203,regime-extrapolated,-0.3956858005420154,regime-extrapolated,-0.029910895584116873,regime-extrapolated,0.08968563375689417,regime-extrapolated,0.598335
1943-09-30,1943-09,8.855189,18.724586,bridge,3.506101,-3.3292851302138544,regime-extrapolated,-1.1587479178923727,regime-extrapolated,-0.44579508781057847,regime-extrapolated,-0.05028274543383393,regime-extrapolated,0.07923111300541691,regime-extrapolated,0.176816
1943-10-30,1943-10,8.849441,18.718233,bridge,3.503722,-2.649370307346448,regime-extrapolated,-0.9720978078422144,regime-extrapolated,-0.34855254319096973,regime-extrapolated,0.002916593754233837,regime-extrapolated,0.11774104540456726,regime-extrapolated,0.854352
1943-11-30,1943-11,9.016302,18.902656,bridge,3.573104,-2.354945495932137,regime-extrapolated,-0.9016730377584632,regime-extrapolated,-0.27773509565901294,regime-extrapolated,0.080302208763359,regime-extrapolated,0.19740717878403308,regime-extrapolated,1.218159
1943-12-31,1943-12,8.840873,18.708762,bridge,3.500178,-2.011853753420878,regime-extrapolated,-0.795564537832672,regime-extrapolated,-0.23195248118305759,regime-extrapolated,0.09356633671188014,regime-extrapolated,0.19976765121553477,regime-extrapolated,1.488324
1944-01-31,1944-01,8.689921,18.541923,bridge,3.438029,-2.0004018672472625,regime-extrapolated,-0.7903668101573235,regime-extrapolated,-0.24365193045858435,regime-extrapolated,0.07105321859139321,regime-extrapolated,0.17358471097284456,regime-extrapolated,1.437627
1944-02-29,1944-02,8.227661,18.031009,bridge,3.251173,-1.996654933782618,regime-extrapolated,-0.8080336446579893,regime-extrapolated,-0.2886771918543923,regime-extrapolated,0.00895096574884216,regime-extrapolated,0.10570739513148747,regime-extrapolated,1.254518
1944-03-31,1944-03,8.042812,17.826703,bridge,3.177913,-1.003423253076612,regime-extrapolated,-0.5000516398981122,regime-extrapolated,-0.1517434096845848,regime-extrapolated,0.05403327546238185,regime-extrapolated,0.12003915489039818,regime-extrapolated,2.17449
1944-04-29,1944-04,7.998483,17.777708,bridge,3.160469,-0.7283005154945468,regime-extrapolated,-0.45719596896349535,regime-extrapolated,-0.11255957125602944,regime-extrapolated,0.0975294651970049,regime-extrapolated,0.16506119903002298,regime-extrapolated,2.432168
1944-06-30,1944-06,7.257541,16.95878,bridge,2.876002,-0.7338428057131756,regime-extrapolated,-0.47915237470592736,regime-extrapolated,-0.13809824074769503,regime-extrapolated,0.07016456846095623,regime-extrapolated,0.13704109483975088,regime-extrapolated,2.142159
1944-07-31,1944-07,7.336631,17.046195,bridge,2.905728,-1.3921435098798032,regime-extrapolated,-0.6971338973982846,regime-extrapolated,-0.24094850108585567,regime-extrapolated,0.02966385074375369,regime-extrapolated,0.11738358737690543,regime-extrapolated,1.513584
1944-08-31,1944-08,7.258254,16.959568,bridge,2.876269,-1.7207037916944075,regime-extrapolated,-0.8177471915617542,regime-extrapolated,-0.3288335266831404,regime-extrapolated,-0.042782558303896864,regime-extrapolated,0.05004330961619005,regime-extrapolated,1.155565
1944-09-30,1944-09,7.151874,16.841991,bridge,2.836527,-1.3697884771579882,regime-extrapolated,-0.7004036698769939,regime-extrapolated,-0.29690248012538384,regime-extrapolated,-0.05980724982111449,regime-extrapolated,0.016566230112949165,regime-extrapolated,1.466739
1944-10-31,1944-10,7.177381,16.870183,bridge,2.846031,-1.387774423255024,regime-extrapolated,-0.719534338488447,regime-extrapolated,-0.3052448085446623,regime-extrapolated,-0.06113420878467864,regime-extrapolated,0.017583265969651346,regime-extrapolated,1.458257
1944-11-30,1944-11,7.19228,16.88665,bridge,2.85159,-1.3951710444382814,regime-extrapolated,-0.7405479535983561,regime-extrapolated,-0.32957016227615876,regime-extrapolated,-0.08717953877528478,regime-extrapolated,-0.009059199977148158,regime-extrapolated,1.456419
1944-12-30,1944-12,6.940671,16.608559,bridge,2.758442,-1.6999231487381372,regime-extrapolated,-0.8208785514647633,regime-extrapolated,-0.3809054310229689,regime-extrapolated,-0.1261710777860431,regime-extrapolated,-0.04399981057003764,regime-extrapolated,1.058519
1945-01-31,1945-01,6.928625,16.595244,bridge,2.754021,-1.7307421624210515,regime-extrapolated,-0.9300921948268716,regime-extrapolated,-0.531001400532964,regime-extrapolated,-0.300097788672784,regime-extrapolated,-0.22594904001457045,regime-extrapolated,1.023279
1945-02-28,1945-02,6.790555,16.442642,bridge,2.703605,-1.7679485065582854,regime-extrapolated,-1.0245150830440926,regime-extrapolated,-0.6225093539406379,regime-extrapolated,-0.38766438649249346,regime-extrapolated,-0.3121770418636777,regime-extrapolated,0.935656
1945-03-31,1945-03,7.386406,17.101208,bridge,2.924513,-1.7792901488290516,regime-extrapolated,-1.0750608637800898,regime-extrapolated,-0.6951643435853123,regime-extrapolated,-0.4733595759427729,regime-extrapolated,-0.40227549399427587,regime-extrapolated,1.145223
1945-04-30,1945-04,7.167854,16.859653,bridge,2.842479,-1.4425832172442576,regime-extrapolated,-1.042927507253983,regime-extrapolated,-0.7927318368814604,regime-extrapolated,-0.6461449560182982,regime-extrapolated,-0.6003362148498729,regime-extrapolated,1.399896
1945-05-31,1945-05,7.162747,16.854008,bridge,2.840576,-1.7390532994481318,regime-extrapolated,-1.1247132642876936,regime-extrapolated,-0.8585413913220837,regime-extrapolated,-0.7077627524502429,regime-extrapolated,-0.6606493391223816,regime-extrapolated,1.101523
1945-06-30,1945-06,7.254311,16.95521,bridge,2.874792,-2.057145003973703,regime-extrapolated,-1.2652484379935693,regime-extrapolated,-0.9741142120395755,regime-extrapolated,-0.8119691794252755,regime-extrapolated,-0.7611093562986183,regime-extrapolated,0.817647
1945-07-31,1945-07,7.405954,17.122813,bridge,2.931907,-1.7335934685700254,regime-extrapolated,-1.1570947571904473,regime-extrapolated,-0.9250301655469086,regime-extrapolated,-0.795343132215824,regime-extrapolated,-0.7553781704291445,regime-extrapolated,1.198314
1945-08-31,1945-08,7.677529,17.422973,bridge,3.0356,-1.743961226633743,regime-extrapolated,-1.19553158805402,regime-extrapolated,-0.9762940955883939,regime-extrapolated,-0.8540223253072406,regime-extrapolated,-0.8165689192738165,regime-extrapolated,1.291639
1945-09-29,1945-09,7.773214,17.52873,bridge,3.072564,-1.7339552665221514,regime-extrapolated,-1.2043647961189947,regime-extrapolated,-1.0260326906079853,regime-extrapolated,-0.9298246474920602,regime-extrapolated,-0.9011821855445995,regime-extrapolated,1.338609
1945-10-31,1945-10,7.915224,17.685686,bridge,3.127835,-1.7682342465320944,regime-extrapolated,-1.279574754967282,regime-extrapolated,-1.1085322691019106,regime-extrapolated,-1.0156571792565203,regime-extrapolated,-0.9881410965462805,regime-extrapolated,1.359601
1945-11-30,1945-11,8.053559,17.838581,bridge,3.18215,-1.7539534476700833,regime-extrapolated,-1.3144538146173494,regime-extrapolated,-1.1937335114018746,regime-extrapolated,-1.131945641750051,regime-extrapolated,-1.114918562534471,regime-extrapolated,1.428197
1945-12-31,1945-12,8.371583,18.190079,bridge,3.30879,-1.7939825241848502,regime-extrapolated,-1.3171755395665898,regime-extrapolated,-1.1147402758680949,regime-extrapolated,-1.0011848785693704,regime-extrapolated,-0.9667332356163469,regime-extrapolated,1.514807
1946-01-31,1946-01,8.438439,18.263971,bridge,3.335726,-1.8795273953077194,regime-extrapolated,-1.4531590619080954,regime-extrapolated,-1.2046505593949366,regime-extrapolated,-1.0592897480155075,regime-extrapolated,-1.014099550115008,regime-extrapolated,1.456199
1946-02-28,1946-02,10.00146,19.991505,bridge,3.996603,-1.6263623912990695,regime-extrapolated,-1.453817448017329,regime-extrapolated,-1.221377295646299,regime-extrapolated,-1.0789737825530095,regime-extrapolated,-1.0346985088601444,regime-extrapolated,2.370241
1946-03-30,1946-03,10.102142,20.102785,bridge,4.04122,-2.1841116505323575,regime-extrapolated,-1.5967242975012428,regime-extrapolated,-1.357280765638656,regime-extrapolated,-1.2222339104354907,regime-extrapolated,-1.1806304889771262,regime-extrapolated,1.857108
1946-04-30,1946-04,10.086139,20.085097,bridge,4.034111,-2.4900652768111096,regime-extrapolated,-1.6068099738638932,regime-extrapolated,-1.2822965675472586,regime-extrapolated,-1.1010696041290027,regime-extrapolated,-1.0440382118286813,regime-extrapolated,1.544046
1946-05-31,1946-05,10.051692,20.047024,bridge,4.018832,-2.4723647646345404,regime-extrapolated,-1.6008479882766946,regime-extrapolated,-1.3029586418096188,regime-extrapolated,-1.1388290249732775,regime-extrapolated,-1.0875882219827497,regime-extrapolated,1.546467
1946-06-28,1946-06,9.988067,19.976702,bridge,3.990686,-2.466916421755192,regime-extrapolated,-1.6400328937253628,regime-extrapolated,-1.3633779176395162,regime-extrapolated,-1.2116742107897134,regime-extrapolated,-1.164629600765076,regime-extrapolated,1.52377
1946-07-31,1946-07,10.151603,20.157451,bridge,4.063228,-5.7783686625135,regime-extrapolated,-2.5925979825187397,regime-extrapolated,-1.8337984487169545,regime-extrapolated,-1.4360549403385567,regime-extrapolated,-1.3069465320845746,regime-extrapolated,-1.715141
1946-08-30,1946-08,10.419602,20.453658,bridge,4.183521,-6.980031800779823,regime-extrapolated,-2.9191166972624694,regime-extrapolated,-1.991704077808977,regime-extrapolated,-1.5096282090313857,regime-extrapolated,-1.3524393973880806,regime-extrapolated,-2.796511
1946-09-30,1946-09,13.547294,23.91055,bridge,5.717144,-7.580544934820479,regime-extrapolated,-3.074762940238287,regime-extrapolated,-2.0721064245691423,regime-extrapolated,-1.5541287645841104,regime-extrapolated,-1.385031676411405,regime-extrapolated,-1.863401
1946-10-31,1946-10,13.848296,24.243233,bridge,5.877344,-8.805547847754864,regime-extrapolated,-3.4679958139623475,regime-extrapolated,-2.306267916600101,regime-extrapolated,-1.70857904259024,regime-extrapolated,-1.5129362442915464,regime-extrapolated,-2.928204
1946-11-30,1946-11,14.385177,24.836623,bridge,6.168578,-10.321955461454833,regime-extrapolated,-3.9030201950609684,regime-extrapolated,-2.502743512343752,regime-extrapolated,-1.7810231271634387,regime-extrapolated,-1.5439828589789975,regime-extrapolated,-4.153377
1946-12-31,1946-12,14.325794,24.770989,bridge,6.136019,-10.574674625140895,regime-extrapolated,-4.042833940285865,regime-extrapolated,-2.6681360934783873,regime-extrapolated,-1.9660187256540131,regime-extrapolated,-1.7356559912876734,regime-extrapolated,-4.438656
1947-01-31,1947-01,13.882531,24.281071,bridge,5.895704,-10.602311612904288,regime-extrapolated,-4.116878441780681,regime-extrapolated,-2.7550845204170984,regime-extrapolated,-2.0598101154911026,regime-extrapolated,-1.8317563852945489,regime-extrapolated,-4.706608
1947-02-28,1947-02,13.885892,24.284786,bridge,5.897508,-10.96056922088629,regime-extrapolated,-4.240470052545798,regime-extrapolated,-2.8548498477787136,regime-extrapolated,-2.1507927200055574,regime-extrapolated,-1.9198917872526453,regime-extrapolated,-5.063061
1947-03-31,1947-03,14.131359,24.55609,bridge,6.030015,-11.500980070169398,regime-extrapolated,-4.455548237311145,regime-extrapolated,-2.9571005840968607,regime-extrapolated,-2.188828231141076,regime-extrapolated,-1.936407080716346,regime-extrapolated,-5.470965
1947-04-30,1947-04,14.230323,24.66547,bridge,6.083854,-11.144253135867245,regime-extrapolated,-4.350113117168388,regime-extrapolated,-2.9137844222812537,regime-extrapolated,-2.178842668832642,regime-extrapolated,-1.9375947274403824,regime-extrapolated,-5.060399
1947-05-29,1947-05,14.369314,24.81909,bridge,6.159872,-10.785224142456265,regime-extrapolated,-4.252630483494277,regime-extrapolated,-2.8929039454181567,regime-extrapolated,-2.2003137759319467,regime-extrapolated,-1.9732768624633494,regime-extrapolated,-4.625352
1947-06-30,1947-06,14.352817,24.800856,bridge,6.150825,-10.384446604042212,regime-extrapolated,-4.107333446436349,regime-extrapolated,-2.8026871386610317,regime-extrapolated,-2.1388931454569575,regime-extrapolated,-1.9215011477122292,regime-extrapolated,-4.233622
1947-07-31,1947-07,13.058002,23.369758,bridge,5.461456,-7.3216256928628205,regime-extrapolated,-3.3603268776792863,regime-extrapolated,-2.348731556286766,regime-extrapolated,-1.8077408805065034,regime-extrapolated,-1.6308568382117743,regime-extrapolated,-1.86017
1947-08-29,1947-08,12.404697,22.647691,bridge,5.129179,-6.939007514209164,regime-extrapolated,-3.296896320113615,regime-extrapolated,-2.3308655483254768,regime-extrapolated,-1.8100851585241664,regime-extrapolated,-1.63991081432326,regime-extrapolated,-1.809829
1947-09-30,1947-09,11.868453,22.055005,bridge,4.864232,-7.649444396856639,regime-extrapolated,-3.485514020318224,regime-extrapolated,-2.379446217574262,regime-extrapolated,-1.7823749098253412,regime-extrapolated,-1.5866835905672223,regime-extrapolated,-2.785212
1947-10-31,1947-10,11.628212,21.789478,bridge,4.747814,-6.365920136217248,regime-extrapolated,-3.013656039118304,regime-extrapolated,-2.1061530427027466,regime-extrapolated,-1.6152994065580806,regime-extrapolated,-1.455158125546105,regime-extrapolated,-1.618106
1947-11-29,1947-11,11.509153,21.657887,bridge,4.690641,-5.175853634838366,regime-extrapolated,-2.620228651109036,regime-extrapolated,-1.8273147399862018,regime-extrapolated,-1.3883358216980253,regime-extrapolated,-1.2454087833980907,regime-extrapolated,-0.485213
1947-12-31,1947-12,11.016979,21.113911,bridge,4.457972,-5.346134384231947,regime-extrapolated,-2.5441666765499678,regime-extrapolated,-1.6810811902699547,regime-extrapolated,-1.2041842583826943,regime-extrapolated,-1.0485973873195227,regime-extrapolated,-0.888162
1948-01-31,1948-01,10.717883,20.783334,bridge,4.31947,-6.03280411542783,regime-extrapolated,-2.7017671077602583,regime-extrapolated,-1.770472529064285,regime-extrapolated,-1.2642225409680716,regime-extrapolated,-1.0989613906089344,regime-extrapolated,-1.713334
1948-02-28,1948-02,10.962408,21.053596,bridge,4.432539,-5.525021334155492,regime-extrapolated,-2.559859392084053,regime-extrapolated,-1.696043970106007,regime-extrapolated,-1.223107970260604,regime-extrapolated,-1.068963899597427,regime-extrapolated,-1.092482
1948-03-31,1948-03,10.836355,20.914275,bridge,4.374069,-4.207783665079172,regime-extrapolated,-2.2022964732999735,regime-extrapolated,-1.5049402670350225,regime-extrapolated,-1.1126573384250924,regime-extrapolated,-0.9853676486522177,regime-extrapolated,0.166285
1948-04-30,1948-04,10.483232,20.523986,bridge,4.21234,-5.1674765562765925,regime-extrapolated,-2.446813360555764,regime-extrapolated,-1.6231525727956804,regime-extrapolated,-1.169126367565295,regime-extrapolated,-1.0213077590296418,regime-extrapolated,-0.955137
1948-05-28,1948-05,10.306637,20.328804,bridge,4.132603,-5.43116724440365,regime-extrapolated,-2.584113215123057,regime-extrapolated,-1.7245387409222337,regime-extrapolated,-1.2502344438685276,regime-extrapolated,-1.0956346678590352,regime-extrapolated,-1.298564
1948-06-30,1948-06,8.906504,18.781301,bridge,3.527373,-5.634908849785732,regime-extrapolated,-2.559796149753611,regime-extrapolated,-1.6281797056008076,regime-extrapolated,-1.1139257326201444,regime-extrapolated,-0.9459668992549682,regime-extrapolated,-2.107536
1948-07-30,1948-07,9.280046,19.19416,bridge,3.684158,-5.78710276647967,regime-extrapolated,-2.531352248290536,regime-extrapolated,-1.5926512160229997,regime-extrapolated,-1.0791962291862203,regime-extrapolated,-0.9116072688916352,regime-extrapolated,-2.102945
1948-08-31,1948-08,9.090472,18.984633,bridge,3.604163,-5.130480355572261,regime-extrapolated,-2.2840253830842565,regime-extrapolated,-1.449074078478376,regime-extrapolated,-0.9912101711102971,regime-extrapolated,-0.842237013215286,regime-extrapolated,-1.526317
1948-09-30,1948-09,9.434806,19.365209,bridge,3.750113,-3.804483942438697,regime-extrapolated,-1.8802876419656427,regime-extrapolated,-1.2468118159111812,regime-extrapolated,-0.893489986903363,regime-extrapolated,-0.7794485838621878,regime-extrapolated,-0.054371
1948-10-30,1948-10,9.366783,19.290026,bridge,3.721051,-3.512668451273977,regime-extrapolated,-1.7429907254071042,regime-extrapolated,-1.1395288258330225,regime-extrapolated,-0.801279399325908,regime-extrapolated,-0.6922852324404676,regime-extrapolated,0.208383
1948-11-30,1948-11,11.079893,21.183446,bridge,4.487384,-2.781199548702062,regime-extrapolated,-1.5390941936372666,regime-extrapolated,-1.0419139488561824,regime-extrapolated,-0.7574576912500163,regime-extrapolated,-0.6664241728640647,regime-extrapolated,1.706184
1948-12-31,1948-12,10.865713,20.946724,bridge,4.387653,-1.8199050044272713,regime-extrapolated,-1.2747047884291245,regime-extrapolated,-0.900166369055118,regime-extrapolated,-0.6752961684291666,regime-extrapolated,-0.6041106261005169,regime-extrapolated,2.567748
1949-01-31,1949-01,10.693402,20.756277,bridge,4.30823,-0.8713660399578397,regime-extrapolated,-1.0151777240488469,regime-extrapolated,-0.7737182353092943,regime-extrapolated,-0.6153837984702685,regime-extrapolated,-0.5663932054818593,regime-extrapolated,3.436864
1949-02-28,1949-02,10.707836,20.772229,bridge,4.314855,-0.8484881219682062,regime-extrapolated,-0.9704558153203235,regime-extrapolated,-0.735522296596295,regime-extrapolated,-0.582057817616515,regime-extrapolated,-0.5347424454992717,regime-extrapolated,3.466367
1949-03-31,1949-03,10.546698,20.594131,bridge,4.241182,-1.0708030008420706,regime-extrapolated,-1.045620322831821,regime-extrapolated,-0.7772768058863329,regime-extrapolated,-0.6059655904128817,regime-extrapolated,-0.5527023378079182,regime-extrapolated,3.170379
1949-04-30,1949-04,10.37204,20.40109,bridge,4.162045,-0.37829746941073783,regime-extrapolated,-0.829987319059654,regime-extrapolated,-0.6378167088229798,regime-extrapolated,-0.5024343993119298,regime-extrapolated,-0.46112938864433284,regime-extrapolated,3.783748
1949-05-31,1949-05,10.23914,20.254202,bridge,4.102327,0.07097640328019078,regime-extrapolated,-0.704730179314119,regime-extrapolated,-0.5513584785815884,regime-extrapolated,-0.4317833256779747,regime-extrapolated,-0.39570316266922967,regime-extrapolated,4.173303
1949-06-30,1949-06,10.117869,20.120167,bridge,4.048211,0.3251255466700348,regime-extrapolated,-0.6533375198019086,regime-extrapolated,-0.5725301434238615,regime-extrapolated,-0.4939348889957743,regime-extrapolated,-0.4716170056446636,regime-extrapolated,4.373337
1949-07-29,1949-07,10.019902,20.011888,bridge,4.004757,1.2648513208731624,regime-extrapolated,-0.43716365470145047,regime-extrapolated,-0.421422619934611,regime-extrapolated,-0.36476118832328364,regime-extrapolated,-0.34958675401564526,regime-extrapolated,5.269608
1949-08-31,1949-08,9.890425,19.868784,bridge,3.947686,1.3094212771363127,regime-extrapolated,-0.4241397401340067,regime-extrapolated,-0.45750660077414,regime-extrapolated,-0.43155079493724735,regime-extrapolated,-0.42674152960202394,regime-extrapolated,5.257107
1949-09-30,1949-09,9.038622,18.927325,bridge,3.582436,1.1577744460307984,regime-extrapolated,-0.3731482724490715,regime-extrapolated,-0.4050844679388579,regime-extrapolated,-0.3843076050135519,regime-extrapolated,-0.38135661406120724,regime-extrapolated,4.74021
1949-10-31,1949-10,8.674381,18.524747,bridge,3.431662,1.3848267556413763,regime-extrapolated,-0.28861807642446047,regime-extrapolated,-0.35652718003554584,regime-extrapolated,-0.35516897476952664,regime-extrapolated,-0.3587394381702739,regime-extrapolated,4.816489
1949-11-30,1949-11,8.557258,18.395297,bridge,3.383869,0.7451189181923942,regime-extrapolated,-0.4564330703554329,regime-extrapolated,-0.42487362329306966,regime-extrapolated,-0.3722224328513045,regime-extrapolated,-0.35869264328167594,regime-extrapolated,4.128988
1949-12-31,1949-12,8.5064,18.339085,bridge,3.36322,0.9922851766751358,regime-extrapolated,-0.3993640833759622,regime-extrapolated,-0.4197528970298406,regime-extrapolated,-0.3952084913764846,regime-extrapolated,-0.3911056665035849,regime-extrapolated,4.355505
1950-01-31,1950-01,8.426982,18.251308,bridge,3.331103,0.988764221144674,regime-extrapolated,-0.32060520145412363,regime-extrapolated,-0.24564585620175614,regime-extrapolated,-0.16195307664550715,regime-extrapolated,-0.13795721722402166,regime-extrapolated,4.319867
1950-02-28,1950-02,8.352192,18.168646,bridge,3.300997,0.5747147574859234,regime-extrapolated,-0.41967868705914363,regime-extrapolated,-0.27447574962830457,regime-extrapolated,-0.15401350540475112,regime-extrapolated,-0.11775605731514589,regime-extrapolated,3.875712
1950-03-31,1950-03,8.296217,18.10678,bridge,3.278555,0.35447391809420414,regime-extrapolated,-0.46528890399134826,regime-extrapolated,-0.2699845247023888,regime-extrapolated,-0.12196902222863146,regime-extrapolated,-0.07650699741644837,regime-extrapolated,3.633029
1950-04-29,1950-04,7.932157,17.704401,bridge,3.134458,0.6047961095179667,regime-extrapolated,-0.377521694422007,regime-extrapolated,-0.20739284354230667,regime-extrapolated,-0.07106779954327477,regime-extrapolated,-0.02950843722232399,regime-extrapolated,3.739254
1950-05-31,1950-05,7.688516,17.435117,bridge,3.039833,0.1471999877662718,regime-extrapolated,-0.5032542827219098,regime-extrapolated,-0.2577887471757702,regime-extrapolated,-0.08198706459428985,regime-extrapolated,-0.02726194004122179,regime-extrapolated,3.187033
1950-06-30,1950-06,9.562911,19.506797,bridge,3.805151,0.17325360090872677,regime-extrapolated,-0.449715418652802,regime-extrapolated,-0.2217137316480584,regime-extrapolated,-0.05830871746137725,regime-extrapolated,-0.007806460355740535,regime-extrapolated,3.978405
1950-07-31,1950-07,10.079486,20.077744,bridge,4.031158,-0.9792414765119365,regime-extrapolated,-0.8051568867034742,regime-extrapolated,-0.38361321753489863,regime-extrapolated,-0.1168902295305847,regime-extrapolated,-0.0318579551398217,regime-extrapolated,3.051917
1950-08-31,1950-08,9.402392,19.329383,bridge,3.736251,-1.1380188069635715,regime-extrapolated,-0.8676605523454379,regime-extrapolated,-0.41985388478693697,regime-extrapolated,-0.13828698782720533,regime-extrapolated,-0.04829576521937998,regime-extrapolated,2.598232
1950-09-29,1950-09,9.506286,19.444213,bridge,3.780774,-1.0466313921411956,regime-extrapolated,-0.7620064463564145,regime-extrapolated,-0.37432134889647206,regime-extrapolated,-0.13252079309227227,regime-extrapolated,-0.05598333300092334,regime-extrapolated,2.734143
1950-10-31,1950-10,9.64505,19.597581,bridge,3.840652,-1.892842603301846,regime-extrapolated,-0.9204265079941123,regime-extrapolated,-0.4632200306062814,regime-extrapolated,-0.19618392762446993,regime-extrapolated,-0.1114342364517348,regime-extrapolated,1.947809
1950-11-30,1950-11,10.1158,20.11788,bridge,4.047291,-1.866400748932175,regime-extrapolated,-0.9515300293397377,regime-extrapolated,-0.4685532637180361,regime-extrapolated,-0.18265720965271737,regime-extrapolated,-0.091533448998359,regime-extrapolated,2.18089
1950-12-30,1950-12,10.424051,20.458576,bridge,4.185533,-3.0160409127307264,regime-extrapolated,-1.2614665458802903,regime-extrapolated,-0.6312193285842732,regime-extrapolated,-0.2736146244720595,regime-extrapolated,-0.15865101314528257,regime-extrapolated,1.169492
1951-01-31,1951-01,10.62932,20.68545,bridge,4.278878,-4.179775978722265,regime-extrapolated,-1.58810947453126,regime-extrapolated,-0.8103077226676308,regime-extrapolated,-0.3806988530096961,regime-extrapolated,-0.2417938444142041,regime-extrapolated,0.099102
1951-02-28,1951-02,10.65123,20.709666,bridge,4.288903,-4.7992551020146985,regime-extrapolated,-1.717963441299257,regime-extrapolated,-0.8760511866447469,regime-extrapolated,-0.41873553142256303,regime-extrapolated,-0.270698444360794,regime-extrapolated,-0.510352
1951-03-31,1951-03,10.626356,20.682173,bridge,4.277523,-4.4590374914584565,regime-extrapolated,-1.3822423811324638,regime-extrapolated,-0.7004170807073211,regime-extrapolated,-0.3474178703073194,regime-extrapolated,-0.23461146823675466,regime-extrapolated,-0.181514
1951-04-30,1951-04,10.604685,20.658222,bridge,4.267621,-4.544631463949023,regime-extrapolated,-1.371123500578882,regime-extrapolated,-0.6149591990054817,regime-extrapolated,-0.2170353326542035,regime-extrapolated,-0.0891447197216804,regime-extrapolated,-0.27701
1951-05-31,1951-05,9.494236,19.430894,bridge,3.775596,-4.4812943802340435,regime-extrapolated,-1.3460316520355793,regime-extrapolated,-0.5465351470982104,regime-extrapolated,-0.11903524462238207,regime-extrapolated,0.018834623711692866,regime-extrapolated,-0.705698
1951-06-29,1951-06,9.313729,19.231388,bridge,3.698463,-4.217801123913249,regime-extrapolated,-1.25652290582658,regime-extrapolated,-0.5423946429692009,regime-extrapolated,-0.16551481056108164,regime-extrapolated,-0.0446824539703925,regime-extrapolated,-0.519338
1951-07-31,1951-07,9.382654,19.307568,bridge,3.727822,-3.587512308567171,regime-extrapolated,-1.1855623494499496,regime-extrapolated,-0.45208313396411903,regime-extrapolated,-0.04609864798339966,regime-extrapolated,0.08476620047169661,regime-extrapolated,0.14031
1951-08-31,1951-08,9.21306,19.120123,bridge,3.655791,-3.094465955675534,regime-extrapolated,-1.102050376605888,regime-extrapolated,-0.4558356580540695,regime-extrapolated,-0.0943131763302367,regime-extrapolated,0.021700241819743865,regime-extrapolated,0.561325
1951-09-28,1951-09,9.048818,18.938595,bridge,3.586704,-3.2156818791993964,regime-extrapolated,-1.0157530434543924,regime-extrapolated,-0.3818701049039773,regime-extrapolated,-0.034776563661323145,regime-extrapolated,0.07625169881513061,regime-extrapolated,0.371022
1951-10-31,1951-10,8.579171,18.419516,bridge,3.392786,-2.9883681209697324,regime-extrapolated,-0.8839277902471177,regime-extrapolated,-0.2751825629415536,regime-extrapolated,0.05768888530314645,regime-extrapolated,0.16391960781422563,regime-extrapolated,0.404418
1951-11-30,1951-11,8.591563,18.433212,bridge,3.397833,-3.2012856872479487,regime-extrapolated,-0.9407677808227903,regime-extrapolated,-0.256590111419298,regime-extrapolated,0.12096927468137478,regime-extrapolated,0.24219697606178028,regime-extrapolated,0.196547
1951-12-31,1951-12,8.440373,18.266109,bridge,3.336507,-2.4256034036415697,regime-extrapolated,-0.6224567484949193,regime-extrapolated,-0.11580225679473777,regime-extrapolated,0.16024564993040943,regime-extrapolated,0.24739544243497721,regime-extrapolated,0.910904
1952-01-31,1952-01,8.435304,18.260507,bridge,3.334461,-1.8012343559480821,regime-extrapolated,-0.46063077012491493,regime-extrapolated,0.008288285147060176,regime-extrapolated,0.2717240324234189,regime-extrapolated,0.35475063091308434,regime-extrapolated,1.533227
1952-02-29,1952-02,8.433724,18.258759,bridge,3.333823,-0.6902267289391953,regime-extrapolated,-0.11876859267280115,regime-extrapolated,0.20990463126688685,regime-extrapolated,0.4042052034666843,regime-extrapolated,0.4641865752304496,regime-extrapolated,2.643596
1952-03-31,1952-03,8.384718,18.204595,bridge,3.314073,-0.5467715469101612,regime-extrapolated,-0.1134022974774575,regime-extrapolated,0.246227064584895,regime-extrapolated,0.46469780508147923,regime-extrapolated,0.5328693318110467,regime-extrapolated,2.767301
1952-04-30,1952-04,7.398369,17.114431,bridge,2.929037,-0.7307561230985608,regime-extrapolated,-0.22031613872698266,regime-extrapolated,0.1867769983023391,regime-extrapolated,0.4346753246658142,regime-extrapolated,0.5127401410340269,regime-extrapolated,2.198281
1952-05-29,1952-05,7.130621,16.818501,bridge,2.82862,-0.4000789690976575,regime-extrapolated,-0.10444636622809077,regime-extrapolated,0.200364836528743,regime-extrapolated,0.38839122406185567,regime-extrapolated,0.4463252960581412,regime-extrapolated,2.428541
1952-06-30,1952-06,6.974068,16.64547,bridge,2.770717,-0.47038983973106585,regime-extrapolated,-0.005742083744145587,regime-extrapolated,0.2613644001927097,regime-extrapolated,0.4198845705609199,regime-extrapolated,0.46776792198763445,regime-extrapolated,2.300327
1952-07-31,1952-07,6.900769,16.564457,bridge,2.743812,-0.766337781243249,regime-extrapolated,-0.01858523220189534,regime-extrapolated,0.2818609257218511,regime-extrapolated,0.4541857518111423,regime-extrapolated,0.5065964797333884,regime-extrapolated,1.977474
1952-08-29,1952-08,6.73413,16.380278,bridge,2.683135,-0.6547898955763057,regime-extrapolated,0.1457099616047612,regime-extrapolated,0.3897366120809149,regime-extrapolated,0.5234383019337903,regime-extrapolated,0.5627621662766509,regime-extrapolated,2.028345
1952-09-30,1952-09,6.053528,15.628041,bridge,2.442357,-0.32322178753791825,regime-extrapolated,0.3442214797970961,regime-extrapolated,0.5167898011306306,regime-extrapolated,0.6064652393848025,regime-extrapolated,0.6309325735628123,regime-extrapolated,2.119135
1952-10-31,1952-10,6.102256,15.681897,bridge,2.459219,-0.1521193578386137,regime-extrapolated,0.2942977722610366,regime-extrapolated,0.557083261599917,regime-extrapolated,0.7126277629189973,regime-extrapolated,0.7594068745785987,regime-extrapolated,2.3071
1952-11-28,1952-11,6.130768,15.71341,bridge,2.469113,0.42594110231699794,regime-extrapolated,0.46763900119816276,regime-extrapolated,0.6242247992071325,regime-extrapolated,0.7231690761727079,regime-extrapolated,0.7510055515044348,regime-extrapolated,2.895054
1952-12-31,1952-12,6.071163,15.647532,bridge,2.448453,0.8124933911085918,regime-extrapolated,0.5873695904932213,regime-extrapolated,0.7149158959541191,regime-extrapolated,0.8036879368452983,regime-extrapolated,0.8281983843260596,regime-extrapolated,3.260946
1953-01-30,1953-01,5.931464,15.493129,bridge,2.400371,0.8970842179597817,regime-extrapolated,0.7522865001155236,regime-extrapolated,0.8522615299296121,regime-extrapolated,0.9190172348553007,regime-extrapolated,0.9360042276589193,regime-extrapolated,3.297455
1953-02-27,1953-02,5.866189,15.420984,bridge,2.378067,0.7971004908259216,regime-extrapolated,0.7599617176882115,regime-extrapolated,0.8860791394589498,regime-extrapolated,0.9671889096222935,regime-extrapolated,0.9889631536275929,regime-extrapolated,3.175167
1953-03-31,1953-03,5.967423,15.532873,bridge,2.412701,0.6181526062176593,regime-extrapolated,0.8226320852537021,regime-extrapolated,0.9538898663513088,regime-extrapolated,1.030703899439629,regime-extrapolated,1.0508933868575496,regime-extrapolated,3.030854
1953-04-30,1953-04,6.265288,15.862089,bridge,2.516059,1.045691062294864,regime-extrapolated,1.0181503698494219,regime-extrapolated,1.1463343799564323,regime-extrapolated,1.2285960121771533,regime-extrapolated,1.2507107124341994,regime-extrapolated,3.56175
1953-05-29,1953-05,6.21679,15.808486,bridge,2.499082,1.017939517990994,regime-extrapolated,1.3290189405888306,regime-extrapolated,1.3660730752252168,regime-extrapolated,1.3776800735133312,regime-extrapolated,1.375757042641403,regime-extrapolated,3.517022
1953-06-30,1953-06,6.43303,16.047487,bridge,2.575218,0.8026731740581924,regime-extrapolated,1.252999856204655,regime-extrapolated,1.3812880636632143,regime-extrapolated,1.4472980619754154,regime-extrapolated,1.4636344629951856,regime-extrapolated,3.377891
1953-07-31,1953-07,6.454734,16.071474,bridge,2.582923,1.2263256655447845,regime-extrapolated,1.203114951375571,regime-extrapolated,1.3300903096325016,regime-extrapolated,1.4104316802407713,regime-extrapolated,1.4318053916047133,regime-extrapolated,3.809249
1953-08-31,1953-08,6.455259,16.072055,bridge,2.583109,1.0229444296046002,regime-extrapolated,1.2449057087901971,regime-extrapolated,1.3402937300029167,regime-extrapolated,1.3922241892057647,regime-extrapolated,1.403871160101668,regime-extrapolated,3.606053
1953-09-30,1953-09,6.698917,16.341359,bridge,2.6704,0.7628345659610506,regime-extrapolated,1.1510110867621544,regime-extrapolated,1.3024970695626161,regime-extrapolated,1.384928642781165,regime-extrapolated,1.4067524093310702,regime-extrapolated,3.433235
1953-10-30,1953-10,6.6145,16.248056,bridge,2.639993,0.12718315535532337,regime-extrapolated,0.761455269434231,regime-extrapolated,1.0667898278201808,regime-extrapolated,1.2416678505724221,regime-extrapolated,1.2945546795700849,regime-extrapolated,2.767176
1953-11-30,1953-11,6.604928,16.237477,bridge,2.636557,0.3870603388961172,regime-extrapolated,0.7916085019649732,regime-extrapolated,1.1043861314158319,regime-extrapolated,1.2914814722886157,regime-extrapolated,1.3485769860326833,regime-extrapolated,3.023617
1953-12-31,1953-12,6.580413,16.210382,bridge,2.627765,0.33717103452657976,regime-extrapolated,0.6405119216254634,regime-extrapolated,1.00639127109683,regime-extrapolated,1.2318898765929256,regime-extrapolated,1.301983126456766,regime-extrapolated,2.964936
1954-01-29,1954-01,6.585636,16.216154,bridge,2.629637,-0.3048042571753683,regime-extrapolated,0.3578412280085808,regime-extrapolated,0.8477130508208264,regime-extrapolated,1.1420171198747158,regime-extrapolated,1.2351291552467907,regime-extrapolated,2.324833
1954-02-26,1954-02,6.436681,16.051522,bridge,2.576514,-0.6131388062966164,regime-extrapolated,0.17885611162021056,regime-extrapolated,0.7599095439632396,regime-extrapolated,1.1101185227622987,regime-extrapolated,1.2220279699795475,regime-extrapolated,1.963375
1954-03-31,1954-03,6.395875,16.006421,bridge,2.562055,-0.38082313498844883,regime-extrapolated,0.21293274266448892,regime-extrapolated,0.711448934704956,regime-extrapolated,1.014013844383589,regime-extrapolated,1.10990928671893,regime-extrapolated,2.181232
1954-04-30,1954-04,6.149654,15.734284,bridge,2.475677,-0.3531422011618998,regime-extrapolated,0.19699539137019584,regime-extrapolated,0.7063994586059466,regime-extrapolated,1.0165424310991318,regime-extrapolated,1.1149730977607644,regime-extrapolated,2.122535
1954-05-28,1954-05,6.161824,15.747735,bridge,2.479912,-0.3008345015980171,regime-extrapolated,0.3776642898755376,regime-extrapolated,0.807805085738398,regime-extrapolated,1.06155909907825,regime-extrapolated,1.1408614013737888,regime-extrapolated,2.179077
1954-06-30,1954-06,6.229629,15.822677,bridge,2.503571,-0.1902315586976082,regime-extrapolated,0.3611580895385517,regime-extrapolated,0.8066450765368733,regime-extrapolated,1.0739574910999488,regime-extrapolated,1.157861411392319,regime-extrapolated,2.313339
1954-07-30,1954-07,6.272462,15.870018,bridge,2.518575,-0.1936904983309402,regime-extrapolated,0.2649738493926107,regime-extrapolated,0.7370066635414821,regime-extrapolated,1.0250748305639652,regime-extrapolated,1.1160149444540828,regime-extrapolated,2.324885
1954-09-30,1954-09,6.323942,15.926917,bridge,2.536667,0.455704324911645,regime-extrapolated,0.5328779840536969,regime-extrapolated,0.8814812057620868,regime-extrapolated,1.1008780838484007,regime-extrapolated,1.1687653888131715,regime-extrapolated,2.992371
1954-10-29,1954-10,6.327937,15.931332,bridge,2.538073,0.7731041140603017,regime-extrapolated,0.7119713768698815,regime-extrapolated,0.957306221876929,regime-extrapolated,1.113343800082048,regime-extrapolated,1.159878782000934,regime-extrapolated,3.311177
1954-11-30,1954-11,6.416639,16.029371,bridge,2.569407,0.4668625238374334,regime-extrapolated,0.5808534723132507,regime-extrapolated,0.9391759475559041,regime-extrapolated,1.1635736100648524,regime-extrapolated,1.2330817818276696,regime-extrapolated,3.03627
1954-12-31,1954-12,6.579414,16.209277,bridge,2.627407,0.8252519284968737,regime-extrapolated,0.7912743737493086,regime-extrapolated,1.0234016423145296,regime-extrapolated,1.1698291757366686,regime-extrapolated,1.2130588744956592,regime-extrapolated,3.452659
1955-01-31,1955-01,7.269296,16.971772,bridge,2.880411,1.0245951148568737,regime-extrapolated,0.9736176702754731,regime-extrapolated,1.1345131734471083,regime-extrapolated,1.2351232691772218,regime-extrapolated,1.2628757653487215,regime-extrapolated,3.905006
1955-02-28,1955-02,7.347135,17.057804,bridge,2.909687,1.2260903086752721,regime-extrapolated,1.118118133139535,regime-extrapolated,1.25688785190893,regime-extrapolated,1.345166790616269,regime-extrapolated,1.3687669611128577,regime-extrapolated,4.135777
1955-03-31,1955-03,7.993989,17.772741,bridge,3.158703,1.1590266244759835,regime-extrapolated,1.0236653856560123,regime-extrapolated,1.2236708065377382,regime-extrapolated,1.352871058850226,regime-extrapolated,1.390274952621151,regime-extrapolated,4.31773
1955-04-29,1955-04,7.906062,17.67556,bridge,3.124254,1.2442020987325806,regime-extrapolated,1.172923062142384,regime-extrapolated,1.2745412816459696,regime-extrapolated,1.3383620356558055,regime-extrapolated,1.3536641833531446,regime-extrapolated,4.368456
1955-05-31,1955-05,8.00995,17.790382,bridge,3.164977,1.3257493525485937,regime-extrapolated,1.22198711799647,regime-extrapolated,1.298233050748735,regime-extrapolated,1.3455339383676659,regime-extrapolated,1.3552306071626987,regime-extrapolated,4.490726
1955-06-30,1955-06,7.864172,17.629261,bridge,3.107908,1.3544244732046857,regime-extrapolated,1.2114911220282316,regime-extrapolated,1.276385048331554,regime-extrapolated,1.3177006415536487,regime-extrapolated,1.325376051437463,regime-extrapolated,4.462332
1955-07-29,1955-07,8.101107,17.891134,bridge,3.200927,1.4205520209480267,regime-extrapolated,1.3336159451790395,regime-extrapolated,1.3560419034872115,regime-extrapolated,1.368723740881487,regime-extrapolated,1.3667038754634298,regime-extrapolated,4.621479
1955-08-31,1955-08,8.228049,18.031437,bridge,3.251327,1.6345967925843858,regime-extrapolated,1.3853850306966373,regime-extrapolated,1.4048172715244716,regime-extrapolated,1.421496362391556,regime-extrapolated,1.4208952026812471,regime-extrapolated,4.885924
1955-09-30,1955-09,9.979593,19.967337,bridge,3.986945,1.2272025252067564,regime-extrapolated,1.191437703426319,regime-extrapolated,1.3041435292228976,regime-extrapolated,1.3760309261099657,regime-extrapolated,1.3939661781844879,regime-extrapolated,5.214148
1955-10-31,1955-10,10.590313,20.642337,bridge,4.261061,1.2298077207364007,regime-extrapolated,1.1547288390031518,regime-extrapolated,1.240141009146841,regime-extrapolated,1.2956377075690637,regime-extrapolated,1.3080394891284683,regime-extrapolated,5.490869
1955-11-30,1955-11,10.651976,20.71049,bridge,4.289244,1.5059536003837033,regime-extrapolated,1.2932629569904117,regime-extrapolated,1.2797561380955873,regime-extrapolated,1.275789292199339,regime-extrapolated,1.2681767249656986,regime-extrapolated,5.795198
1955-12-30,1955-12,10.605409,20.659022,bridge,4.267952,1.6870572042979057,regime-extrapolated,1.4379211012241249,regime-extrapolated,1.3376356667705935,regime-extrapolated,1.2783908674003386,regime-extrapolated,1.2521183849555149,regime-extrapolated,5.955009
1956-01-31,1956-01,10.4757,20.515661,bridge,4.208923,1.3891385512979069,regime-extrapolated,1.196165986396822,regime-extrapolated,1.2193776482282725,regime-extrapolated,1.2385286770629111,regime-extrapolated,1.2386589961778252,regime-extrapolated,5.598062
1956-02-29,1956-02,10.556448,20.604907,bridge,4.245622,1.3959278175493655,regime-extrapolated,1.1862692259810226,regime-extrapolated,1.1683331569095903,regime-extrapolated,1.161220963564511,regime-extrapolated,1.152472588258739,regime-extrapolated,5.64155
1956-03-29,1956-03,10.408035,20.440874,bridge,4.178293,1.4730659472875167,regime-extrapolated,1.3733765345242392,regime-extrapolated,1.2966587270305399,regime-extrapolated,1.2471116663385824,regime-extrapolated,1.22395347750956,regime-extrapolated,5.651359
1956-04-30,1956-04,10.391259,20.422332,bridge,4.170716,1.6861728407923546,regime-extrapolated,1.5836744323360439,regime-extrapolated,1.4508811396250039,regime-extrapolated,1.3659859052615533,regime-extrapolated,1.3308998866741986,regime-extrapolated,5.856889
1956-05-31,1956-05,10.56772,20.617366,bridge,4.250758,1.3026648444737075,regime-extrapolated,1.33175422743913,regime-extrapolated,1.2774699899628006,regime-extrapolated,1.2400119001211931,regime-extrapolated,1.2208613873757086,regime-extrapolated,5.553423
1956-06-29,1956-06,10.614895,20.669506,bridge,4.272285,0.7521091490785323,regime-extrapolated,1.1195426241577549,regime-extrapolated,1.1365107312320868,regime-extrapolated,1.1352897440340988,regime-extrapolated,1.1282005717634884,regime-extrapolated,5.024394
1956-07-31,1956-07,10.49149,20.533112,bridge,4.216087,0.6329737609814696,regime-extrapolated,1.2668856014503875,regime-extrapolated,1.2166379895973285,regime-extrapolated,1.1628364575202417,regime-extrapolated,1.1378474315505724,regime-extrapolated,4.849061
1956-08-31,1956-08,10.446474,20.483359,bridge,4.19568,1.2226243096913834,regime-extrapolated,1.6411080783568868,regime-extrapolated,1.4539697111192518,regime-extrapolated,1.317644431347318,regime-extrapolated,1.2648774207834268,regime-extrapolated,5.418304
1956-09-28,1956-09,9.303218,19.219771,bridge,3.693996,1.3003641140185354,regime-extrapolated,1.567033166129389,regime-extrapolated,1.4526360277791153,regime-extrapolated,1.3692579191207594,regime-extrapolated,1.3344237518761566,regime-extrapolated,4.99436
1956-10-31,1956-10,8.929274,18.806468,bridge,3.536832,0.9841425036555487,regime-extrapolated,1.409277214243312,regime-extrapolated,1.361099133226201,regime-extrapolated,1.316144625282695,regime-extrapolated,1.2941881187110333,regime-extrapolated,4.520975
1956-11-30,1956-11,9.002657,18.887574,bridge,3.567405,1.2176178130371205,regime-extrapolated,1.6320394709750563,regime-extrapolated,1.4942212117064935,regime-extrapolated,1.3911624152383437,regime-extrapolated,1.3495770036768036,regime-extrapolated,4.785023
1956-12-31,1956-12,9.095207,18.989867,bridge,3.60615,0.9234519761448761,regime-extrapolated,1.5289260070455404,regime-extrapolated,1.4736433654396883,regime-extrapolated,1.4196362270299447,regime-extrapolated,1.3945225964739407,regime-extrapolated,4.529602
1957-01-31,1957-01,8.941334,18.819797,bridge,3.541848,0.6359859124096976,regime-extrapolated,1.2269427333059078,regime-extrapolated,1.3325326336365446,regime-extrapolated,1.3838955617828408,regime-extrapolated,1.3943295015043755,regime-extrapolated,4.177834
1957-02-28,1957-02,8.93219,18.809691,bridge,3.538045,0.6067571210799518,regime-extrapolated,1.1957397677355563,regime-extrapolated,1.225834795554574,regime-extrapolated,1.229160317702513,regime-extrapolated,1.2233832642990108,regime-extrapolated,4.144802
1957-03-29,1957-03,8.636552,18.482937,bridge,3.416189,0.33362666422300885,regime-extrapolated,1.24313378605,regime-extrapolated,1.2374807864194683,regime-extrapolated,1.206787596224531,regime-extrapolated,1.1893451960733294,regime-extrapolated,3.749816
1957-04-30,1957-04,8.587695,18.428937,bridge,3.396257,0.4286937737821177,regime-extrapolated,1.353279176372783,regime-extrapolated,1.3149366825279387,regime-extrapolated,1.2622923365245255,regime-extrapolated,1.2374076366675313,regime-extrapolated,3.824951
1957-05-31,1957-05,8.398428,18.219748,bridge,3.319592,0.5802009319006602,regime-extrapolated,1.4403955645043112,regime-extrapolated,1.4111293451766938,regime-extrapolated,1.3667031397711333,regime-extrapolated,1.344604519207747,regime-extrapolated,3.899793
1957-06-28,1957-06,8.212504,18.014256,bridge,3.245134,0.8612619928393671,regime-extrapolated,1.6986127210164699,regime-extrapolated,1.615707120948735,regime-extrapolated,1.5358962595670165,regime-extrapolated,1.501817831466509,regime-extrapolated,4.106396
1957-07-31,1957-07,8.13947,17.933535,bridge,3.216117,1.0461644546405504,regime-extrapolated,1.830360202160246,regime-extrapolated,1.6894898613524796,regime-extrapolated,1.573749932000597,regime-extrapolated,1.5275504925441297,regime-extrapolated,4.262281
1957-08-30,1957-08,8.350548,18.166829,bridge,3.300337,0.9451985673457828,regime-extrapolated,1.7530879027731636,regime-extrapolated,1.6646202746205634,regime-extrapolated,1.5833288858032568,regime-extrapolated,1.5487444699698905,regime-extrapolated,4.245536
1957-09-30,1957-09,8.010119,17.790569,bridge,3.165043,1.2059264301094776,regime-extrapolated,1.9036155295760988,regime-extrapolated,1.715893594775178,regime-extrapolated,1.572765300313238,regime-extrapolated,1.5173249352882907,regime-extrapolated,4.370969
1957-10-31,1957-10,8.491456,18.322569,bridge,3.357165,1.3762914534032111,regime-extrapolated,1.8913467675248703,regime-extrapolated,1.737468948236095,regime-extrapolated,1.6219669641580325,regime-extrapolated,1.5759073865174285,regime-extrapolated,4.733456
1957-11-29,1957-11,8.83092,18.697762,bridge,3.496063,0.5818493423825681,regime-extrapolated,1.2726973184123742,regime-extrapolated,1.367283448400428,regime-extrapolated,1.4084127644322137,regime-extrapolated,1.4151176904798837,regime-extrapolated,4.077912
1957-12-31,1957-12,8.923815,18.800434,bridge,3.534563,0.3366299483084277,regime-extrapolated,0.9040845064132563,regime-extrapolated,1.0631799274532905,regime-extrapolated,1.1497541761830148,regime-extrapolated,1.171819948263523,regime-extrapolated,3.871193
1958-01-31,1958-01,8.918913,18.795017,bridge,3.532527,-0.8134485976577224,regime-extrapolated,0.6665909394288265,regime-extrapolated,0.9086028326259946,regime-extrapolated,1.0178180305462576,regime-extrapolated,1.0470250453948546,regime-extrapolated,2.719078
1958-02-28,1958-02,8.822351,18.688292,bridge,3.492522,-1.0948893308623462,regime-extrapolated,0.4069705887323707,regime-extrapolated,0.8715448457281154,regime-extrapolated,1.1239040164164602,regime-extrapolated,1.201362760169052,regime-extrapolated,2.397633
1958-03-31,1958-03,8.804685,18.668766,bridge,3.485228,-1.3542103338551417,regime-extrapolated,0.3268174538246921,regime-extrapolated,0.8184878055933282,regime-extrapolated,1.0829936150484387,regime-extrapolated,1.164449233668186,regime-extrapolated,2.131018
1958-04-30,1958-04,8.820174,18.685885,bridge,3.491623,-1.5702447714942547,regime-extrapolated,0.003939005371356885,regime-extrapolated,0.6428122902932247,regime-extrapolated,1.007207203830393,regime-extrapolated,1.1224142662413867,regime-extrapolated,1.921378
1958-05-29,1958-05,8.765582,18.625547,bridge,3.46911,-1.7133551421436324,regime-extrapolated,0.08557735569900327,regime-extrapolated,0.6807927591733103,regime-extrapolated,1.0072984120666157,regime-extrapolated,1.109540298439894,regime-extrapolated,1.755755
1958-06-30,1958-06,8.773009,18.633755,bridge,3.472168,-1.3546441997451761,regime-extrapolated,0.2755184728907871,regime-extrapolated,0.7930873574755523,regime-extrapolated,1.0740761717241352,regime-extrapolated,1.1610055899386842,regime-extrapolated,2.117524
1958-07-31,1958-07,8.852389,18.721491,bridge,3.504942,-0.9648183120788363,regime-extrapolated,0.5136209476059546,regime-extrapolated,1.0177547560457283,regime-extrapolated,1.2944466911855468,regime-extrapolated,1.3799656131388998,regime-extrapolated,2.540124
1958-08-29,1958-08,8.632692,18.47867,bridge,3.414612,0.5756613028057544,regime-extrapolated,1.3874284843886966,regime-extrapolated,1.5253756199302904,regime-extrapolated,1.5868474615345254,regime-extrapolated,1.6000654406932977,regime-extrapolated,3.990273
1958-09-30,1958-09,8.392662,18.213376,bridge,3.317271,0.8377009147625606,regime-extrapolated,1.5278441219372245,regime-extrapolated,1.6778704221351068,regime-extrapolated,1.7517319310778325,regime-extrapolated,1.7691791171235378,regime-extrapolated,4.154972
1958-10-31,1958-10,7.856674,17.620973,bridge,3.104987,0.7483668777139609,regime-extrapolated,1.5802473745700307,regime-extrapolated,1.7092129963056486,regime-extrapolated,1.764138957298738,regime-extrapolated,1.7750909593956097,regime-extrapolated,3.853354
1958-11-28,1958-11,7.685699,17.432003,bridge,3.038747,0.9469338269259491,regime-extrapolated,1.573410663289155,regime-extrapolated,1.6656975975676651,regime-extrapolated,1.7042900185201961,regime-extrapolated,1.7098246073145258,regime-extrapolated,3.985681
1958-12-31,1958-12,7.490716,17.216498,bridge,2.964078,1.2287052803125729,regime-extrapolated,1.8162983472090255,regime-extrapolated,1.834567559073078,regime-extrapolated,1.8252674257909818,regime-extrapolated,1.8146139563580777,regime-extrapolated,4.192783
1959-01-30,1959-01,7.463356,17.186258,bridge,2.953675,1.596001706731003,regime-extrapolated,2.1495515966635064,regime-extrapolated,2.0129880556544544,regime-extrapolated,1.90289643929933,regime-extrapolated,1.8581975583691632,regime-extrapolated,4.549677
1959-02-27,1959-02,7.501582,17.228507,bridge,2.968214,1.737102413576537,regime-extrapolated,2.0531106450800003,regime-extrapolated,2.0043957063797992,regime-extrapolated,1.9592832936558204,regime-extrapolated,1.9366063485616327,regime-extrapolated,4.705316
1959-03-31,1959-03,7.510401,17.238255,bridge,2.971574,2.2752453457939064,regime-extrapolated,2.3420259529484055,regime-extrapolated,2.133671989589104,regime-extrapolated,1.9915175854753087,regime-extrapolated,1.936161856893898,regime-extrapolated,5.246819
1959-04-30,1959-04,7.511573,17.23955,bridge,2.972021,2.4701488306372985,regime-extrapolated,2.546208851070502,regime-extrapolated,2.2530837574309555,regime-extrapolated,2.0553341006701897,regime-extrapolated,1.9811863314401958,regime-extrapolated,5.44217
1959-05-29,1959-05,7.508282,17.235912,bridge,2.970767,2.645224952774506,regime-extrapolated,2.657696534599309,regime-extrapolated,2.3631164319790594,regime-extrapolated,2.166779223317901,regime-extrapolated,2.0931220355142544,regime-extrapolated,5.615992
1959-06-30,1959-06,7.568719,17.30271,bridge,2.993838,2.5628975771421776,regime-extrapolated,2.7336306171076834,regime-extrapolated,2.402617206717769,regime-extrapolated,2.17777335519185,regime-extrapolated,2.0944041120705403,regime-extrapolated,5.556736
1959-07-31,1959-07,7.517406,17.245996,bridge,2.974244,2.6500647851032912,regime-extrapolated,2.887231222072938,regime-extrapolated,2.47195030545476,regime-extrapolated,2.189713570996677,regime-extrapolated,2.086912255351887,regime-extrapolated,5.624309
1959-08-31,1959-08,7.54923,17.28117,bridge,2.986388,2.9326171945173116,regime-extrapolated,2.8834600502576917,regime-extrapolated,2.4675443759884503,regime-extrapolated,2.1965459195003603,regime-extrapolated,2.097703117564702,regime-extrapolated,5.919005
1959-09-30,1959-09,7.705195,17.453551,bridge,3.046264,3.0468181475462304,regime-extrapolated,3.081800949924105,regime-extrapolated,2.629431955952257,regime-extrapolated,2.332639982221045,regime-extrapolated,2.2250433648435735,regime-extrapolated,6.093082
1959-10-30,1959-10,7.38741,17.102318,bridge,2.924893,2.646616882953799,regime-extrapolated,2.823966233604434,regime-extrapolated,2.4729585785042394,regime-extrapolated,2.23807681743892,regime-extrapolated,2.151293677638248,regime-extrapolated,5.57151
1959-11-30,1959-11,6.910039,16.574702,bridge,2.747208,3.0866879655668664,regime-extrapolated,2.9139726671183257,regime-extrapolated,2.5030954704734563,regime-extrapolated,2.2410072262912966,regime-extrapolated,2.145196704086666,regime-extrapolated,5.833896
1959-12-31,1959-12,6.732874,16.37889,bridge,2.68268,3.1206787793362682,regime-extrapolated,3.166739574385559,regime-extrapolated,2.657950526684299,regime-extrapolated,2.3250444659958167,regime-extrapolated,2.2052066733878775,regime-extrapolated,5.803359
1960-01-29,1960-01,6.809994,16.464128,bridge,2.710675,3.1375965060751927,regime-extrapolated,3.1401694223540613,regime-extrapolated,2.734881460072496,regime-extrapolated,2.46889988571474,regime-extrapolated,2.371604906879461,regime-extrapolated,5.848272
1960-02-29,1960-02,6.90356,16.567541,bridge,2.744834,2.6210077133384746,regime-extrapolated,2.7484822125871258,regime-extrapolated,2.5098031017844,regime-extrapolated,2.3500143898478574,regime-extrapolated,2.2885125689559587,regime-extrapolated,5.365842
1960-03-31,1960-03,7.013153,16.68867,bridge,2.785117,1.4775224954130868,regime-extrapolated,2.113277915544084,regime-extrapolated,2.2093306521548537,regime-extrapolated,2.2490389269964295,regime-extrapolated,2.2545534789945827,regime-extrapolated,4.262639
1960-04-29,1960-04,7.068751,16.75012,bridge,2.805665,2.0063633897155597,regime-extrapolated,2.611108271824733,regime-extrapolated,2.3436763190437584,regime-extrapolated,2.147535244102247,regime-extrapolated,2.0734429295135914,regime-extrapolated,4.812028
1960-05-31,1960-05,7.02047,16.696756,bridge,2.787817,2.0061253567299313,regime-extrapolated,2.6506958147404682,regime-extrapolated,2.412667815143342,regime-extrapolated,2.2342390200536792,regime-extrapolated,2.1660789477559548,regime-extrapolated,4.793942
1960-06-30,1960-06,6.90802,16.57247,bridge,2.746468,1.1216245446921382,regime-extrapolated,2.1827481728774174,regime-extrapolated,2.172295272888616,regime-extrapolated,2.1268639234509856,regime-extrapolated,2.103328421060604,regime-extrapolated,3.868093
1960-07-29,1960-07,6.907129,16.571486,bridge,2.746142,1.1036730499802099,regime-extrapolated,1.8368655714759188,regime-extrapolated,1.9389823086597142,regime-extrapolated,1.977972161850862,regime-extrapolated,1.9830723246385629,regime-extrapolated,3.849815
1960-08-31,1960-08,6.882481,16.544243,bridge,2.73712,1.1770891511909698,regime-extrapolated,1.6641532121524922,regime-extrapolated,1.8008597963912465,regime-extrapolated,1.8714930053599201,regime-extrapolated,1.8873920819915173,regime-extrapolated,3.914209
1960-09-30,1960-09,7.030045,16.70734,bridge,2.791352,1.2978185283350954,regime-extrapolated,1.8045346382094856,regime-extrapolated,1.8893525189930407,regime-extrapolated,1.924362970386578,regime-extrapolated,1.9281814670138295,regime-extrapolated,4.089171
1960-10-31,1960-10,7.131429,16.819394,bridge,2.82892,1.0830687436485185,regime-extrapolated,1.8593454753746428,regime-extrapolated,1.9260586134738542,regime-extrapolated,1.9403724272721958,regime-extrapolated,1.937049950673324,regime-extrapolated,3.911989
1960-11-30,1960-11,7.022452,16.698947,bridge,2.788548,1.223537267856712,regime-extrapolated,1.910788924547948,regime-extrapolated,1.979299950667389,regime-extrapolated,1.998076715094891,regime-extrapolated,1.9962888633219507,regime-extrapolated,4.012085
1960-12-30,1960-12,7.026698,16.70364,bridge,2.790116,0.8749762145017184,regime-extrapolated,1.6016034671655137,regime-extrapolated,1.844186320924973,regime-extrapolated,1.9750072927785471,regime-extrapolated,2.010989769838867,regime-extrapolated,3.665092
1961-01-31,1961-01,7.012863,16.688349,bridge,2.78501,0.8579913358691522,regime-extrapolated,1.6977951341273045,regime-extrapolated,1.8465387525985477,regime-extrapolated,1.913081827369718,regime-extrapolated,1.927304932943195,regime-extrapolated,3.643001
1961-02-28,1961-02,6.910499,16.575211,bridge,2.747376,1.1848392566971466,regime-extrapolated,1.6687387663636515,regime-extrapolated,1.8259621361956326,regime-extrapolated,1.910094637675348,regime-extrapolated,1.9304131722953162,regime-extrapolated,3.932215
1961-03-30,1961-03,6.787761,16.439554,bridge,2.702589,1.1080521971670358,regime-extrapolated,1.648403545070797,regime-extrapolated,1.773816530186099,regime-extrapolated,1.8351295930663591,regime-extrapolated,1.8476907712704538,regime-extrapolated,3.810641
1961-04-28,1961-04,6.947157,16.615727,bridge,2.760824,1.1969259668371417,regime-extrapolated,1.6625860809224684,regime-extrapolated,1.7937524224530748,regime-extrapolated,1.8605066461631754,regime-extrapolated,1.874901124109433,regime-extrapolated,3.95775
1961-05-31,1961-05,6.93291,16.59998,bridge,2.755593,1.2779826842486786,regime-extrapolated,1.711371650026625,regime-extrapolated,1.7830093440616261,regime-extrapolated,1.8121431161713835,regime-extrapolated,1.8138358278431774,regime-extrapolated,4.033576
1961-06-30,1961-06,6.916785,16.582158,bridge,2.74968,1.5255090298776606,regime-extrapolated,1.9941787451987674,regime-extrapolated,1.953074647311244,regime-extrapolated,1.9063381661567493,regime-extrapolated,1.882357459568987,regime-extrapolated,4.275189
1961-07-31,1961-07,6.920118,16.585842,bridge,2.750901,1.1595662877022257,regime-extrapolated,1.898538986965543,regime-extrapolated,1.943686005207965,regime-extrapolated,1.945306804084657,regime-extrapolated,1.937513666498717,regime-extrapolated,3.910467
1961-08-31,1961-08,6.781605,16.43275,bridge,2.700353,1.5429116627130206,regime-extrapolated,2.090886277623961,regime-extrapolated,2.157205060288773,regime-extrapolated,2.18432661717513,regime-extrapolated,2.185343694977386,regime-extrapolated,4.243265
1961-09-29,1961-09,6.490164,16.110634,bridge,2.595525,1.3089148570513343,regime-extrapolated,1.900254974602344,regime-extrapolated,1.9694392638121916,regime-extrapolated,1.9980685658797979,regime-extrapolated,1.9995648696956643,regime-extrapolated,3.90444
1961-10-31,1961-10,6.230595,15.823745,bridge,2.503909,1.6310830803464167,regime-extrapolated,1.9642874893225177,regime-extrapolated,2.0441022702913365,regime-extrapolated,2.0788229080360963,regime-extrapolated,2.0822023362467603,regime-extrapolated,4.134992
1961-11-30,1961-11,6.177641,15.765217,bridge,2.485421,1.7352233501232326,regime-extrapolated,2.033081555896538,regime-extrapolated,1.9710265681657282,regime-extrapolated,1.4271879460835215,regime-extrapolated,1.0032924131313967,regime-extrapolated,4.220644
1961-12-29,1961-12,6.196237,15.78577,bridge,2.491905,1.869944014907166,regime-extrapolated,2.0988397695557173,regime-extrapolated,1.9049681704718937,regime-extrapolated,0.9649448911072984,regime-extrapolated,0.17855468502262184,regime-extrapolated,4.361849
1962-01-31,1962-01,6.242073,15.83643,bridge,2.507925,1.9122904990431915,regime-extrapolated,2.174394569884067,regime-extrapolated,2.1246259113077204,regime-extrapolated,2.0811232982319794,regime-extrapolated,2.058237228112296,regime-extrapolated,4.420215
1962-02-28,1962-02,6.110724,15.691257,bridge,2.462155,1.618477025866512,regime-extrapolated,1.8853031736435215,regime-extrapolated,1.9374594690459688,regime-extrapolated,1.960344191451614,regime-extrapolated,1.9598268571114474,regime-extrapolated,4.080632
1962-03-30,1962-03,5.985943,15.553342,bridge,2.419065,1.434411917770937,regime-extrapolated,1.7707892369582552,regime-extrapolated,1.9124084380821769,regime-extrapolated,1.9939612928730988,regime-extrapolated,2.01335083645958,regime-extrapolated,3.853477
1962-04-30,1962-04,5.918374,15.478662,bridge,2.39589,1.2926907090353652,regime-extrapolated,1.7068646403944139,regime-extrapolated,1.7547770413507622,regime-extrapolated,1.7732322630372748,regime-extrapolated,1.771174619013341,regime-extrapolated,3.688581
1962-05-31,1962-05,9.018972,18.905607,bridge,3.57422,1.2206131171002603,regime-extrapolated,1.7128582826106622,regime-extrapolated,1.9066844085288164,regime-extrapolated,2.0204215041058515,regime-extrapolated,2.0507593694265043,regime-extrapolated,4.794833
1962-06-29,1962-06,10.215596,20.22818,bridge,4.091793,1.4034119190426388,regime-extrapolated,1.852954726820614,regime-extrapolated,1.9684414248198563,regime-extrapolated,2.0214353704119734,regime-extrapolated,2.0308439835912346,regime-extrapolated,5.495205
1962-07-31,1962-07,10.439174,20.47529,bridge,4.192375,1.6578241149686106,regime-extrapolated,1.9420178511098733,regime-extrapolated,2.038129678790756,regime-extrapolated,2.0889323153812316,regime-extrapolated,2.0977159307038598,regime-extrapolated,5.850199
1962-08-31,1962-08,10.471094,20.51057,bridge,4.206835,1.3179108621011066,regime-extrapolated,1.7308973196542263,regime-extrapolated,1.9691012432255224,regime-extrapolated,2.0950354130163915,regime-extrapolated,2.128783428427211,regime-extrapolated,5.524746
1962-09-28,1962-09,10.511453,20.555177,bridge,4.225153,1.196765239328766,regime-extrapolated,1.7071032664299741,regime-extrapolated,1.9583542500720454,regime-extrapolated,2.0898228117157807,regime-extrapolated,2.125381959964788,regime-extrapolated,5.421918
1962-10-31,1962-10,10.888896,20.972346,bridge,4.398393,1.1692959127988705,regime-extrapolated,1.6852806187748095,regime-extrapolated,1.9291376555258426,regime-extrapolated,2.0677084197036275,regime-extrapolated,2.1058941498144743,regime-extrapolated,5.567689
1962-11-30,1962-11,11.01477,21.11147,bridge,4.456942,1.2909994972355963,regime-extrapolated,1.6567707452104852,regime-extrapolated,1.8825650283952642,regime-extrapolated,2.0148083658597193,regime-extrapolated,2.0509190660350165,regime-extrapolated,5.747941
1962-12-31,1962-12,11.054582,21.155472,bridge,4.47554,1.3388997960962454,regime-extrapolated,1.5751365643520674,regime-extrapolated,1.8269680064874758,regime-extrapolated,2.082386458594387,regime-extrapolated,2.1817528603949867,regime-extrapolated,5.81444
1963-01-31,1963-01,11.08709,21.191401,bridge,4.490755,1.1968508483838485,regime-extrapolated,1.6752603960523946,regime-extrapolated,1.7934961119523898,regime-extrapolated,1.8473270351054063,regime-extrapolated,1.8568501872002063,regime-extrapolated,5.687606
1963-02-28,1963-02,11.035164,21.13401,bridge,4.466464,1.3146386739378615,regime-extrapolated,1.7488227662134896,regime-extrapolated,1.8906311409251528,regime-extrapolated,1.9652667804770831,regime-extrapolated,1.981832437027538,regime-extrapolated,5.781103
1963-03-29,1963-03,11.091157,21.195897,bridge,4.49266,1.274090616107101,regime-extrapolated,1.6971093008556206,regime-extrapolated,1.8873362884789846,regime-extrapolated,1.9912938467257475,regime-extrapolated,2.0176455947078975,regime-extrapolated,5.766751
1963-04-30,1963-04,11.056291,21.157361,bridge,4.476339,1.4364478397688998,regime-extrapolated,1.7350278216192772,regime-extrapolated,1.8461849038092835,regime-extrapolated,1.8987122582266929,regime-extrapolated,1.9077371665358545,regime-extrapolated,5.912787
1963-05-31,1963-05,9.645271,19.597827,bridge,3.840748,1.499644384091444,regime-extrapolated,1.765412422506278,regime-extrapolated,1.8446255904755593,regime-extrapolated,1.8791287132331056,regime-extrapolated,1.8821161591270106,regime-extrapolated,5.340392
1963-06-28,1963-06,8.636661,18.483057,bridge,3.416234,1.2925291548033815,regime-extrapolated,1.7513120614925746,regime-extrapolated,1.854014238649193,regime-extrapolated,1.8996312447709562,regime-extrapolated,1.9062991329812764,regime-extrapolated,4.708763
1963-07-31,1963-07,8.34155,18.156885,bridge,3.296725,1.5430843606318805,regime-extrapolated,1.7936477054544384,regime-extrapolated,1.7944124261140775,regime-extrapolated,1.7883143820208585,regime-extrapolated,1.7777202524043592,regime-extrapolated,4.839809
1963-08-30,1963-08,8.262976,18.07004,bridge,3.265264,1.6876492036672264,regime-extrapolated,1.8177585579014548,regime-extrapolated,1.8501095975930424,regime-extrapolated,1.865174921570535,regime-extrapolated,1.861680957676772,regime-extrapolated,4.952913
1963-09-30,1963-09,7.957969,17.73293,bridge,3.144568,1.845463713384904,regime-extrapolated,1.8707189879427375,regime-extrapolated,1.8861598222187628,regime-extrapolated,1.8892464352236182,regime-extrapolated,1.881670751292303,regime-extrapolated,4.990032
1963-10-31,1963-10,7.374231,17.087751,bridge,2.919913,1.75120329778843,regime-extrapolated,1.8487103032575505,regime-extrapolated,1.9063555655049862,regime-extrapolated,1.9427577221467036,regime-extrapolated,1.9466704831960018,regime-extrapolated,4.671116
1963-11-29,1963-11,7.868258,17.633776,bridge,3.109501,1.7912518140727498,regime-extrapolated,1.83366102452588,regime-extrapolated,1.801586597760221,regime-extrapolated,1.778988818594569,regime-extrapolated,1.762801203946379,regime-extrapolated,4.900753
1963-12-31,1963-12,7.803063,17.56172,bridge,3.08414,1.684071776007133,regime-extrapolated,1.836940990393406,regime-extrapolated,1.8086958181928372,regime-extrapolated,1.7880219474951526,regime-extrapolated,1.7724522686869755,regime-extrapolated,4.768212
1964-01-31,1964-01,7.720131,17.470059,bridge,3.05203,1.5671320880449582,regime-extrapolated,1.8223115536587755,regime-extrapolated,1.8126528920722502,regime-extrapolated,1.8012534499894866,regime-extrapolated,1.7887518539745337,regime-extrapolated,4.619162
1964-02-28,1964-02,7.64734,17.389607,bridge,3.023984,1.6877425904451773,regime-extrapolated,1.853980613251032,regime-extrapolated,1.8078345969670915,regime-extrapolated,1.778169057477656,regime-extrapolated,1.7595553688825563,regime-extrapolated,4.711727
1964-03-31,1964-03,7.54392,17.275301,bridge,2.98436,1.9685059073767146,regime-extrapolated,1.96816796042625,regime-extrapolated,1.8909301290052225,regime-extrapolated,1.8456535828597642,regime-extrapolated,1.8218128050039053,regime-extrapolated,4.952866
1964-04-30,1964-04,7.508106,17.235718,bridge,2.9707,1.8066921113817946,regime-extrapolated,1.906478303917604,regime-extrapolated,1.864942582960896,regime-extrapolated,1.8375022630461224,regime-extrapolated,1.8195835004347352,regime-extrapolated,4.777392
1964-05-28,1964-05,7.27857,16.982022,bridge,2.883891,1.8097153573309575,regime-extrapolated,1.8286244476106328,regime-extrapolated,1.7724258974836822,regime-extrapolated,1.7376679826451364,regime-extrapolated,1.717286635365889,regime-extrapolated,4.693606
1964-06-30,1964-06,6.039161,15.612161,bridge,2.437396,1.7304449820749002,regime-extrapolated,1.758608274341344,regime-extrapolated,1.7077977245228815,regime-extrapolated,1.675756022151614,regime-extrapolated,1.6562567064531277,regime-extrapolated,4.167841
1964-07-31,1964-07,5.767066,15.311427,bridge,2.344398,1.6779252101312745,regime-extrapolated,1.7279480135631604,regime-extrapolated,1.8225388384932315,regime-extrapolated,1.8967201959172812,regime-extrapolated,1.9144750264227397,regime-extrapolated,4.022323
1964-08-31,1964-08,5.799704,15.347501,bridge,2.355458,1.9566253549842978,regime-extrapolated,1.791453943949385,regime-extrapolated,1.8036781493145928,regime-extrapolated,1.8218687402673817,regime-extrapolated,1.8198263041867926,regime-extrapolated,4.312083
1964-09-30,1964-09,5.595906,15.122253,bridge,2.286825,1.8125950289876245,regime-extrapolated,1.7204477755891918,regime-extrapolated,1.6683292961404776,regime-extrapolated,1.6363498732749344,regime-extrapolated,1.6168040274224633,regime-extrapolated,4.09942
1964-10-30,1964-10,5.207303,14.692748,bridge,2.158768,2.0048398382347803,regime-extrapolated,1.7447164072898378,regime-extrapolated,1.6674054741279092,regime-extrapolated,1.6234513189288502,regime-extrapolated,1.5998968781170642,regime-extrapolated,4.163608
1964-11-30,1964-11,4.42346,13.826403,bridge,1.911694,2.058748138798894,regime-extrapolated,1.7454460076709255,regime-extrapolated,1.6306808543106681,regime-extrapolated,1.566472825686152,regime-extrapolated,1.5361344025246209,regime-extrapolated,3.970442
1964-12-31,1964-12,4.469651,13.877456,bridge,1.925838,2.0367729922574287,regime-extrapolated,1.7498060919436669,regime-extrapolated,1.6418825050954022,regime-extrapolated,1.581030379997627,regime-extrapolated,1.5517871707641853,regime-extrapolated,3.962611
1965-01-29,1965-01,4.462099,13.869109,bridge,1.923522,2.0833087346957737,regime-extrapolated,1.6777078328113897,regime-extrapolated,1.7181803588295474,regime-extrapolated,1.9019619347479915,regime-extrapolated,2.0154102554497237,regime-extrapolated,4.006831
1965-02-26,1965-02,4.608496,14.030914,bridge,1.968665,2.18208627819883,regime-extrapolated,1.701638784973044,regime-extrapolated,1.6821252674597986,regime-extrapolated,1.8139791734682948,regime-extrapolated,1.92440794757027,regime-extrapolated,4.150751
1965-03-31,1965-03,4.55001,13.966273,bridge,1.950568,1.9069417709743046,regime-extrapolated,1.6529596131068005,regime-extrapolated,1.5720322146215637,regime-extrapolated,1.5250044634831381,regime-extrapolated,1.5002994397491807,regime-extrapolated,3.85751
1965-04-30,1965-04,4.500885,13.911977,bridge,1.935431,1.7079458369784997,regime-extrapolated,1.5526731049785698,regime-extrapolated,1.482800838995098,regime-extrapolated,1.4410311202313242,regime-extrapolated,1.418055192118424,regime-extrapolated,3.643377
1965-05-28,1965-05,4.554626,13.971375,bridge,1.951993,1.707878154072159,regime-extrapolated,1.5289856190040254,regime-extrapolated,1.4569565660559398,regime-extrapolated,1.4140487467735008,regime-extrapolated,1.3906700533145755,regime-extrapolated,3.659871
1965-06-30,1965-06,5.161499,14.642122,bridge,2.143917,1.4319796050238436,regime-extrapolated,1.4283699553735987,regime-extrapolated,1.4063739760702347,regime-extrapolated,1.3886263910445171,regime-extrapolated,1.3736110885033006,regime-extrapolated,3.575897
1965-07-30,1965-07,5.281201,14.774424,bridge,2.182836,1.6347518492079705,regime-extrapolated,1.4856173986254533,regime-extrapolated,1.4199856152481365,regime-extrapolated,1.3802713937962552,regime-extrapolated,1.35791044608415,regime-extrapolated,3.817588
1965-08-31,1965-08,5.173061,14.654902,bridge,2.147661,1.5603579614182395,regime-extrapolated,1.4663301133848379,regime-extrapolated,1.3950684369701571,regime-extrapolated,1.352500758410904,regime-extrapolated,1.3291652864151469,regime-extrapolated,3.708019
1965-09-30,1965-09,5.19421,14.678277,bridge,2.154518,1.953698885956916,regime-extrapolated,1.566985128420843,regime-extrapolated,1.5512805570392325,regime-extrapolated,1.7404708160274134,regime-extrapolated,1.9535803599800436,regime-extrapolated,4.108217
1965-10-29,1965-10,5.168185,14.649512,bridge,2.146082,1.7251524619949745,regime-extrapolated,1.5581400574582898,regime-extrapolated,1.4988199187869127,regime-extrapolated,1.4622817739469496,regime-extrapolated,1.4409093668564796,regime-extrapolated,3.871234
1965-11-30,1965-11,4.855448,14.303859,bridge,2.046004,1.9722206164497633,regime-extrapolated,1.6488988780037885,regime-extrapolated,1.5389954162791437,regime-extrapolated,1.4769939881733565,regime-extrapolated,1.4471103881762686,regime-extrapolated,4.018225
1965-12-31,1965-12,4.8126,14.256501,bridge,2.032478,2.3061051947627287,regime-extrapolated,1.932845399306837,regime-extrapolated,1.8048526746645417,regime-extrapolated,1.7338260043780034,regime-extrapolated,1.7009106211817566,regime-extrapolated,4.338583
1966-01-31,1966-01,4.777187,14.217361,bridge,2.021334,2.241357750645494,regime-extrapolated,1.9538142837616823,regime-extrapolated,1.8362146945018252,regime-extrapolated,1.7703616183020634,regime-extrapolated,1.7391473713940042,regime-extrapolated,4.262692
1966-02-28,1966-02,4.785295,14.226322,bridge,2.023882,1.8946414826957296,regime-extrapolated,1.9996206529866931,regime-extrapolated,1.9465972325118852,regime-extrapolated,1.9130953230325702,regime-extrapolated,1.8926414549773778,regime-extrapolated,3.918523
1966-03-31,1966-03,5.188921,14.672431,bridge,2.152802,1.789512402783833,regime-extrapolated,1.7301347193224101,regime-extrapolated,1.654177554767105,regime-extrapolated,1.6091845673319227,regime-extrapolated,1.5848769441438895,regime-extrapolated,3.942314
1966-04-29,1966-04,5.234851,14.723195,bridge,2.167725,1.6966621470683065,regime-extrapolated,1.6900996622698674,regime-extrapolated,1.627573336126388,regime-extrapolated,1.5893143435690773,regime-extrapolated,1.567228015221528,regime-extrapolated,3.864387
1966-05-31,1966-05,5.837537,15.389316,bridge,2.36831,1.8852318765607996,regime-extrapolated,1.7432775517105892,regime-extrapolated,1.6624626849562496,regime-extrapolated,1.6150362895092667,regime-extrapolated,1.5898707650289365,regime-extrapolated,4.253542
1966-06-30,1966-06,5.632986,15.163236,bridge,2.299237,2.058186429259831,regime-extrapolated,1.8942886756317399,regime-extrapolated,1.800799303914641,regime-extrapolated,1.746967548041774,regime-extrapolated,1.7196434812368921,regime-extrapolated,4.357423
1966-07-29,1966-07,5.869419,15.424553,bridge,2.379168,1.9699613573529844,regime-extrapolated,1.9678305020072058,regime-extrapolated,1.9057687895232687,regime-extrapolated,1.8676702269067025,regime-extrapolated,1.845567188199956,regime-extrapolated,4.349129
1966-08-31,1966-08,6.835978,16.492846,bridge,2.72014,2.1110239639664297,regime-extrapolated,2.265190629435871,regime-extrapolated,2.2340390945817483,regime-extrapolated,2.2114574768694295,regime-extrapolated,2.1945034090154056,regime-extrapolated,4.831164
1966-09-30,1966-09,7.131337,16.819293,bridge,2.828886,1.8727388657003172,regime-extrapolated,1.8919652759036314,regime-extrapolated,1.8425159206448176,regime-extrapolated,1.8107622559817322,regime-extrapolated,1.790727443972064,regime-extrapolated,4.701625
1966-10-31,1966-10,7.559175,17.292162,bridge,2.990189,1.6131725415531857,regime-extrapolated,1.686634557973782,regime-extrapolated,1.6506295876578794,regime-extrapolated,1.6256159628656037,regime-extrapolated,1.6078044602566528,regime-extrapolated,4.603362
1966-11-30,1966-11,7.717251,17.466875,bridge,3.050917,1.5903843477113,regime-extrapolated,1.7260469546914696,regime-extrapolated,1.698312971655509,regime-extrapolated,1.677411856736521,regime-extrapolated,1.6609477956717478,regime-extrapolated,4.641301
1966-12-30,1966-12,7.757245,17.511079,bridge,3.066379,1.276855862858774,regime-extrapolated,1.2314619224356262,regime-extrapolated,1.169696128382698,regime-extrapolated,1.1317123444904527,regime-extrapolated,1.1095306390595965,regime-extrapolated,4.343235
1967-01-31,1967-01,7.901177,17.670161,bridge,3.122346,0.8960720430350098,regime-extrapolated,1.0420186344359466,regime-extrapolated,1.012833649895241,regime-extrapolated,0.9911174843746712,regime-extrapolated,0.9743349233977612,regime-extrapolated,4.018418
1967-02-28,1967-02,7.920271,17.691264,bridge,3.129808,1.3108929387559562,regime-extrapolated,1.2132357547670098,regime-extrapolated,1.1262834440761786,regime-extrapolated,1.0755738107949058,regime-extrapolated,1.0491033133796581,regime-extrapolated,4.440701
1967-03-31,1967-03,7.89702,17.665566,bridge,3.120722,0.7736951338558264,regime-extrapolated,0.8405461250863839,regime-extrapolated,0.8098086254331993,regime-extrapolated,0.7871929166636082,regime-extrapolated,0.7700636650864209,regime-extrapolated,3.894417
1967-04-28,1967-04,8.047239,17.831596,bridge,3.179658,0.9422147388140694,regime-extrapolated,1.1243517527402975,regime-extrapolated,1.1363387517878403,regime-extrapolated,1.1351798643057744,regime-extrapolated,1.1251794809025146,regime-extrapolated,4.121873
1967-05-31,1967-05,7.854591,17.618671,bridge,3.104176,0.8102614218239554,regime-extrapolated,1.0759354357930067,regime-extrapolated,1.0727259322268297,regime-extrapolated,1.0638682652004787,regime-extrapolated,1.0512782384340318,regime-extrapolated,3.914437
1967-06-30,1967-06,7.8807,17.647528,bridge,3.114352,1.513702770364949,regime-extrapolated,1.5604207895454167,regime-extrapolated,1.4851438883990435,regime-extrapolated,1.4401752750005923,regime-extrapolated,1.4155248677060879,regime-extrapolated,4.628055
1967-07-31,1967-07,7.779484,17.535659,bridge,3.074994,1.6004663623513566,regime-extrapolated,1.3628631942926759,regime-extrapolated,1.2503716554591877,regime-extrapolated,1.1867713539574196,regime-extrapolated,1.1558869880494826,regime-extrapolated,4.67546
1967-08-31,1967-08,7.186805,16.880598,bridge,2.849546,1.881519995526308,regime-extrapolated,1.6081997901282739,regime-extrapolated,1.4817089073204472,regime-extrapolated,1.4110422407175025,regime-extrapolated,1.3777789984430193,regime-extrapolated,4.731066
1967-09-29,1967-09,6.992319,16.665642,bridge,2.777436,1.8092871457594355,regime-extrapolated,1.5517490724200158,regime-extrapolated,1.4338579048633853,regime-extrapolated,1.3675087482880526,regime-extrapolated,1.3356613053494348,regime-extrapolated,4.586723
1967-10-31,1967-10,6.619939,16.254068,bridge,2.641947,2.0740641255001,regime-extrapolated,1.8699430255289216,regime-extrapolated,1.7764617006124364,regime-extrapolated,1.7223601153485442,regime-extrapolated,1.694571806072902,regime-extrapolated,4.716011
1967-11-30,1967-11,6.748047,16.39566,bridge,2.688177,2.103559860315061,regime-extrapolated,1.854333664807809,regime-extrapolated,1.7826030881341657,regime-extrapolated,1.739389932671634,regime-extrapolated,1.715207705859949,regime-extrapolated,4.791737
1967-12-29,1967-12,6.672201,16.311831,bridge,2.660758,2.029564782101656,regime-extrapolated,1.8244070886515433,regime-extrapolated,1.737972476220549,regime-extrapolated,1.6873447895561926,regime-extrapolated,1.6606676742002464,regime-extrapolated,4.690323
1968-01-31,1968-01,6.638819,16.274935,bridge,2.648735,1.2631993443529013,regime-extrapolated,1.4532861344811998,regime-extrapolated,1.4322156619442905,regime-extrapolated,1.4143668849842561,regime-extrapolated,1.398592737191654,regime-extrapolated,3.911934
1968-02-29,1968-02,6.795187,16.447762,bridge,2.705289,1.1761122261631756,regime-extrapolated,1.426716703643868,regime-extrapolated,1.3977198929139631,regime-extrapolated,1.3758601397023353,regime-extrapolated,1.358725616867551,regime-extrapolated,3.881401
1968-03-29,1968-03,7.010075,16.685267,bridge,2.783981,1.2800684781903522,regime-extrapolated,1.5438918717242154,regime-extrapolated,1.514225201137335,regime-extrapolated,1.4920050062716825,regime-extrapolated,1.4747269396203775,regime-extrapolated,4.064049
1968-04-30,1968-04,7.153552,16.843846,bridge,2.837151,1.4628360919514691,regime-extrapolated,1.6299531736636554,regime-extrapolated,1.617631038780321,regime-extrapolated,1.6040654462050177,regime-extrapolated,1.5896488504376294,regime-extrapolated,4.299987
1968-05-31,1968-05,6.958612,16.628387,bridge,2.765033,1.6413456999193596,regime-extrapolated,1.5668417604886669,regime-extrapolated,1.4913404285221774,regime-extrapolated,1.446151950607917,regime-extrapolated,1.4211709964527486,regime-extrapolated,4.406379
1968-06-28,1968-06,6.84934,16.507615,bridge,2.725013,1.265539722889553,regime-extrapolated,1.3208698151108176,regime-extrapolated,1.6465379311108923,regime-extrapolated,2.9444388719078436,regime-extrapolated,4.563748068411536,regime-extrapolated,3.990553
1968-07-30,1968-07,6.993101,16.666507,bridge,2.777724,0.6958792121453611,regime-extrapolated,0.9476659982515487,regime-extrapolated,1.5267762524812771,regime-extrapolated,3.3944336390603693,regime-extrapolated,5.484932068702645,regime-extrapolated,3.473603
1968-08-30,1968-08,6.907046,16.571394,bridge,2.746111,0.5370802884646335,regime-extrapolated,0.955192022599241,regime-extrapolated,1.0321117363935768,regime-extrapolated,1.0633222338997623,regime-extrapolated,1.0637374786704394,regime-extrapolated,3.283191
1968-09-30,1968-09,6.662471,16.301077,bridge,2.657251,0.49078597859361744,regime-extrapolated,0.9488765329615317,regime-extrapolated,1.0021650579770336,regime-extrapolated,1.021372146023535,regime-extrapolated,1.0177628427221173,regime-extrapolated,3.148037
1968-10-31,1968-10,6.54313,16.169175,bridge,2.614422,0.5214513857702403,regime-extrapolated,0.960499650056355,regime-extrapolated,1.0699999997139424,regime-extrapolated,1.117854240297898,regime-extrapolated,1.1237707431080577,regime-extrapolated,3.135873
1968-11-29,1968-11,6.396789,16.007431,bridge,2.562379,0.6597248951898788,regime-extrapolated,1.0275888438157814,regime-extrapolated,1.09347004147285,regime-extrapolated,1.1189883631676214,regime-extrapolated,1.1174360357691038,regime-extrapolated,3.222104
1968-12-31,1968-12,6.266702,15.863652,bridge,2.516554,1.3053490945475312,regime-extrapolated,1.5366951565278708,regime-extrapolated,1.5237073680776307,regime-extrapolated,1.5097177559897803,regime-extrapolated,1.4949727200649128,regime-extrapolated,3.821903
1969-01-31,1969-01,6.306536,15.907678,bridge,2.530542,1.3980347289991764,regime-extrapolated,1.4772263470506912,regime-extrapolated,1.4308528401380034,regime-extrapolated,1.4001037811345254,regime-extrapolated,1.3797488416349097,regime-extrapolated,3.928577
1969-02-28,1969-02,6.440313,16.055536,bridge,2.577802,1.6405539670756215,regime-extrapolated,1.563101182245396,regime-extrapolated,1.3782575593443631,regime-extrapolated,1.2549552883638573,regime-extrapolated,1.203045440425672,regime-extrapolated,4.218356
1969-03-28,1969-03,6.396781,16.007422,bridge,2.562375,1.1177732043381097,regime-extrapolated,1.3563217434189851,regime-extrapolated,1.4758907487007327,regime-extrapolated,1.5860394533862197,regime-extrapolated,1.6167888542979079,regime-extrapolated,3.680148
1969-04-30,1969-04,6.207597,15.798326,bridge,2.495871,0.8238683112101046,regime-extrapolated,1.2602054237294646,regime-extrapolated,1.2758761735724902,regime-extrapolated,1.2762302919988062,regime-extrapolated,1.2661729831642061,regime-extrapolated,3.319739
1969-05-29,1969-05,6.063181,15.63871,bridge,2.445692,1.3305535827893897,regime-extrapolated,1.5360172908029044,regime-extrapolated,1.4907769403291249,regime-extrapolated,1.4606471602219069,regime-extrapolated,1.4404051554202244,regime-extrapolated,3.776246
1969-06-30,1969-06,6.1427,15.726598,bridge,2.473259,2.2087816107800835,regime-extrapolated,1.7833940883721373,regime-extrapolated,1.5959277646718761,regime-extrapolated,1.4946225567312945,regime-extrapolated,1.4506320113386673,regime-extrapolated,4.682041
1969-07-31,1969-07,6.568718,16.197456,bridge,2.623576,2.2311082811592278,regime-extrapolated,1.7532470761691836,regime-extrapolated,1.327354699737735,regime-extrapolated,1.0977519442748542,regime-extrapolated,1.0109514081312452,regime-extrapolated,4.854684
1969-08-29,1969-08,6.695818,16.337933,bridge,2.669281,2.116016968681138,regime-extrapolated,1.8500472359955669,regime-extrapolated,1.5944401435907876,regime-extrapolated,1.4547916161881522,regime-extrapolated,1.3979650500719822,regime-extrapolated,4.785298
1969-09-30,1969-09,6.795225,16.447804,bridge,2.705303,2.452778246220284,regime-extrapolated,2.617186528358175,regime-extrapolated,2.2383338694763775,regime-extrapolated,1.927421866735787,regime-extrapolated,1.807735608563089,regime-extrapolated,5.158081
1969-10-31,1969-10,6.882999,16.544816,bridge,2.737309,2.040585033867311,regime-extrapolated,1.9377442981098036,regime-extrapolated,1.374221613957486,regime-extrapolated,0.22907453905538927,regime-extrapolated,-0.7578724987800667,regime-extrapolated,4.777894
1969-11-28,1969-11,6.87474,16.535687,bridge,2.73429,2.315080336567202,regime-extrapolated,2.0714234765250175,regime-extrapolated,1.9410193018974335,regime-extrapolated,1.8672201713262022,regime-extrapolated,1.8322789115912295,regime-extrapolated,5.04937
1969-12-31,1969-12,7.000591,16.674785,bridge,2.780484,2.519633258038873,regime-extrapolated,2.5269881929017477,regime-extrapolated,1.8124697610353346,regime-extrapolated,0.3141682962768969,regime-extrapolated,-0.8925326067344768,regime-extrapolated,5.300117
1970-01-30,1970-01,7.098924,16.783468,bridge,2.816848,2.3393469772795537,regime-extrapolated,2.6919005465266532,regime-extrapolated,2.328248808658638,regime-extrapolated,1.2101434560658866,regime-extrapolated,0.09212679556924624,regime-extrapolated,5.156195
1970-02-27,1970-02,7.196778,16.891621,bridge,2.853269,1.1971507374005994,regime-extrapolated,1.8593375187410204,regime-extrapolated,1.3811224520137082,regime-extrapolated,0.41542686640707727,regime-extrapolated,-0.11138496961899108,regime-extrapolated,4.05042
1970-03-31,1970-03,7.213292,16.909873,bridge,2.859438,1.207185929272958,regime-extrapolated,1.8228630611367866,regime-extrapolated,1.6913737982603008,regime-extrapolated,1.47663582750324,regime-extrapolated,1.3790158332730291,regime-extrapolated,4.066624
1970-04-30,1970-04,7.306012,17.012352,bridge,2.894201,1.7976608740087385,regime-extrapolated,2.46398106556191,regime-extrapolated,2.4169354403798744,regime-extrapolated,2.371652219567121,regime-extrapolated,2.345922215388081,regime-extrapolated,4.691862
1970-05-29,1970-05,8.560693,18.399093,bridge,3.385266,1.8386264043890557,regime-extrapolated,2.2927294171307637,regime-extrapolated,2.131735176809854,regime-extrapolated,2.032805994123325,regime-extrapolated,1.9892967651934272,regime-extrapolated,5.223892
1970-06-30,1970-06,9.049238,18.939058,bridge,3.586879,1.542071837533965,regime-extrapolated,2.265047820792446,regime-extrapolated,2.186174179380885,regime-extrapolated,2.1278716217249114,regime-extrapolated,2.097861740353587,regime-extrapolated,5.128951
1970-07-31,1970-07,9.046816,18.936382,bridge,3.585866,1.2559302327875987,regime-extrapolated,2.066493857485557,regime-extrapolated,2.01366475908061,regime-extrapolated,1.9669762908029433,regime-extrapolated,1.9407860745752334,regime-extrapolated,4.841796
1970-08-31,1970-08,9.208788,19.115402,bridge,3.653986,1.4009063294093012,regime-extrapolated,2.0434665982600335,regime-extrapolated,2.0231428882485805,regime-extrapolated,1.9914263272389285,regime-extrapolated,1.9700817753616222,regime-extrapolated,5.054892
1970-09-30,1970-09,9.273599,19.187035,bridge,3.681423,0.9670949973781948,regime-extrapolated,1.7099858961998184,regime-extrapolated,1.826622256707413,regime-extrapolated,1.8789876736499382,regime-extrapolated,1.8858776784991254,regime-extrapolated,4.648518
1970-10-30,1970-10,9.327794,19.246933,bridge,3.704444,0.7592476775017898,regime-extrapolated,1.5479027252477562,regime-extrapolated,1.6009177398561372,regime-extrapolated,1.6195656856891878,regime-extrapolated,1.6151852290276831,regime-extrapolated,4.463692
1970-11-30,1970-11,9.446719,19.378376,bridge,3.755215,-0.46051666337012487,regime-extrapolated,0.6660456455857554,regime-extrapolated,1.1298794218246355,regime-extrapolated,1.4349206276303943,regime-extrapolated,1.5309173606427646,regime-extrapolated,3.294698
1970-12-31,1970-12,9.507893,19.445989,bridge,3.781465,-0.4982444106116617,regime-extrapolated,0.5977056567820285,regime-extrapolated,0.7562125613149193,regime-extrapolated,0.828138178619888,regime-extrapolated,0.8414707024550576,regime-extrapolated,3.283221
1971-01-29,1971-01,9.510954,19.449372,bridge,3.782781,-1.1758531376960797,regime-extrapolated,0.45709364351284365,regime-extrapolated,0.9987589692783926,regime-extrapolated,1.2803429749990975,regime-extrapolated,1.3636477543558365,regime-extrapolated,2.606928
1971-02-26,1971-02,9.47241,19.406771,bridge,3.766228,-1.5568416940368566,regime-extrapolated,0.12783121038366585,regime-extrapolated,0.6946460849254187,regime-extrapolated,0.9866674083726421,regime-extrapolated,1.0734159293049133,regime-extrapolated,2.209386
1971-03-31,1971-03,9.435208,19.365654,bridge,3.750285,-1.296215434255717,regime-extrapolated,-0.23530107463901456,regime-extrapolated,0.32174111980908326,regime-extrapolated,0.7052548422107785,regime-extrapolated,0.8297044888154672,regime-extrapolated,2.45407
1971-04-30,1971-04,9.301481,19.217851,bridge,3.693258,-0.057739179143334915,regime-extrapolated,0.7454962506320835,regime-extrapolated,0.8679978215102592,regime-extrapolated,0.922439550125687,regime-extrapolated,0.9299221182156168,regime-extrapolated,3.635519
1971-05-28,1971-05,8.291245,18.101284,bridge,3.276565,0.06348746700646807,regime-extrapolated,0.8372998309633168,regime-extrapolated,1.0113825297449188,regime-extrapolated,1.095595369834272,regime-extrapolated,1.113029338977351,regime-extrapolated,3.340052
1971-06-30,1971-06,7.966627,17.742499,bridge,3.147963,0.9800337536958222,regime-extrapolated,1.3812924514077232,regime-extrapolated,1.3537245772649587,regime-extrapolated,1.331871918127069,regime-extrapolated,1.3139209904326985,regime-extrapolated,4.127997
1971-07-30,1971-07,7.66981,17.414441,bridge,3.032628,1.1553339288408775,regime-extrapolated,1.491329209419572,regime-extrapolated,1.4732761378694814,regime-extrapolated,1.4561828271782868,regime-extrapolated,1.4398183291270985,regime-extrapolated,4.187962
1971-08-31,1971-08,7.872256,17.638196,bridge,3.11106,0.0850962270739398,regime-extrapolated,0.5689718892020619,regime-extrapolated,0.637951828455772,regime-extrapolated,0.6661632132126538,regime-extrapolated,0.6649057260605251,regime-extrapolated,3.196156
1971-09-30,1971-09,7.758501,17.512467,bridge,3.066865,1.3632492957736226,breakeven-implied,2.5889838338596363,groen-synthetic,2.680672253632305,groen-synthetic,2.981544832322099,groen-synthetic,2.7433653781002367,groen-synthetic,4.430114
1971-10-29,1971-10,7.687404,17.433887,bridge,3.039404,0.8931024807262499,breakeven-implied,2.637581418602908,groen-synthetic,2.813705906946165,groen-synthetic,3.0909336872208657,groen-synthetic,2.931670734965953,groen-synthetic,3.932506
1971-11-30,1971-11,7.886053,17.653444,bridge,3.116441,1.3227754637782048,breakeven-implied,2.6488571667889973,groen-synthetic,2.848224603201693,groen-synthetic,3.113193227967158,groen-synthetic,2.989834708071561,groen-synthetic,4.439216
1971-12-31,1971-12,7.9644,17.740039,bridge,3.14709,0.9584349224211304,breakeven-implied,2.4378067358331417,groen-synthetic,2.7330379865846486,groen-synthetic,3.0311907832331677,groen-synthetic,2.974412663520423,groen-synthetic,4.105525
1972-01-31,1972-01,7.885443,17.65277,bridge,3.116203,0.8003156229465159,breakeven-implied,2.350279810034791,groen-synthetic,2.5775919146639747,groen-synthetic,2.890556403705439,groen-synthetic,2.7348561621523446,groen-synthetic,3.916519
1972-02-29,1972-02,7.801398,17.55988,bridge,3.083494,0.5859340669344093,breakeven-implied,2.302466345886455,groen-synthetic,2.5819874700581718,groen-synthetic,2.8829478960117108,groen-synthetic,2.7792117639377465,groen-synthetic,3.669428
1972-03-30,1972-03,7.805976,17.564939,bridge,3.085271,1.4190139942091309,breakeven-implied,2.625945220295573,groen-synthetic,2.6405580700677413,groen-synthetic,2.927952574314673,groen-synthetic,2.6499820413133675,groen-synthetic,4.504285
1972-04-28,1972-04,7.645011,17.387032,bridge,3.023089,0.9519511715514406,breakeven-implied,2.50905239770556,groen-synthetic,2.6429385579429807,groen-synthetic,2.9332584653546547,groen-synthetic,2.7333373741032227,groen-synthetic,3.97504
1972-05-31,1972-05,7.23217,16.930739,bridge,2.866499,1.126947299097362,breakeven-implied,2.435652718168129,groen-synthetic,2.6308157402259997,groen-synthetic,2.951348460273147,groen-synthetic,2.775367386502787,groen-synthetic,3.993446
1972-06-30,1972-06,6.879729,16.541202,bridge,2.736113,1.9220422368922483,breakeven-implied,2.755649648610859,groen-synthetic,2.7166660151072457,groen-synthetic,3.006730678616744,groen-synthetic,2.6906536952525038,groen-synthetic,4.658155
1972-07-31,1972-07,6.79547,16.448074,bridge,2.705391,1.473008303900453,breakeven-implied,2.7491882406981305,groen-synthetic,2.7489690378106157,groen-synthetic,3.0491421083950248,groen-synthetic,2.7484429891354814,groen-synthetic,4.178399
1972-08-31,1972-08,6.453044,16.069608,bridge,2.582323,1.995964084013782,breakeven-implied,2.766090419222981,groen-synthetic,2.750137716181091,groen-synthetic,3.048312125647388,groen-synthetic,2.740240797269167,groen-synthetic,4.578287
1972-09-29,1972-09,6.398907,16.009772,bridge,2.563128,1.9689173095778745,breakeven-implied,2.753651481488481,groen-synthetic,2.7123808364791464,groen-synthetic,3.024978730065016,groen-synthetic,2.68474647579388,groen-synthetic,4.532045
1972-10-31,1972-10,6.309374,15.910815,bridge,2.53154,1.867096725234701,breakeven-implied,2.84690721960925,groen-synthetic,2.791286796134501,groen-synthetic,3.095538271076852,groen-synthetic,2.753817707112309,groen-synthetic,4.398637
1972-11-30,1972-11,6.085824,15.663736,bridge,2.453526,1.6035180066511665,breakeven-implied,2.760187125969894,groen-synthetic,2.748069757772836,groen-synthetic,3.0709081299263707,groen-synthetic,2.739967224438226,groen-synthetic,4.057044
1972-12-29,1972-12,6.052989,15.627445,bridge,2.44217,1.987804799921119,breakeven-implied,2.6602484261526715,groen-synthetic,2.5764540244774974,groen-synthetic,2.925570663902048,groen-synthetic,2.520325363213453,groen-synthetic,4.429975
1973-01-31,1973-01,6.075043,15.651821,bridge,2.449795,2.243081210310727,breakeven-implied,2.428563325553495,groen-synthetic,2.2863680490626725,groen-synthetic,2.685449859254524,groen-synthetic,2.1910743942526487,groen-synthetic,4.692876
1973-02-28,1973-02,6.371842,15.979858,bridge,2.553559,2.32562637496582,breakeven-implied,2.659043266588893,groen-synthetic,2.398810126473581,groen-synthetic,2.7856675146062533,groen-synthetic,2.2000587412090766,groen-synthetic,4.879185
1973-03-30,1973-03,6.659893,16.298227,bridge,2.656322,2.4561590121952346,breakeven-implied,2.379058808196284,groen-synthetic,2.1904242564632868,groen-synthetic,2.6229140027267364,groen-synthetic,2.064302175705352,groen-synthetic,5.112481
1973-04-30,1973-04,7.033545,16.711207,bridge,2.792645,1.898977570927332,breakeven-implied,2.2354828164563614,groen-synthetic,2.128023443025599,groen-synthetic,2.54960915374912,groen-synthetic,2.056194698619328,groen-synthetic,4.691623
1973-05-31,1973-05,7.528203,17.25793,bridge,2.978361,1.9146874523382689,breakeven-implied,2.220908482639513,groen-synthetic,2.128019284503722,groen-synthetic,2.5351431012628267,groen-synthetic,2.065983311489811,groen-synthetic,4.893048
1973-06-29,1973-06,7.916408,17.686995,bridge,3.128298,2.087441506881905,breakeven-implied,2.083443417943487,groen-synthetic,1.960262866692963,groen-synthetic,2.40997550290457,groen-synthetic,1.878104397481289,groen-synthetic,5.21574
1973-07-31,1973-07,8.145439,17.940132,bridge,3.218483,3.2176401141377613,breakeven-implied,2.184172756716636,groen-synthetic,1.952318321253798,groen-synthetic,2.394285473025097,groen-synthetic,1.7976504096599517,groen-synthetic,6.436123
1973-08-31,1973-08,8.096526,17.886071,bridge,3.199115,1.9050797458525417,breakeven-implied,1.5424909453492717,groen-synthetic,1.5569432574251705,groen-synthetic,2.101699888517427,groen-synthetic,1.6264082521477228,groen-synthetic,5.104195
1973-09-28,1973-09,8.243959,18.049021,bridge,3.257672,0.9713270040441562,breakeven-implied,1.5628886078159967,groen-synthetic,1.8215708757956184,groen-synthetic,2.284469553582238,groen-synthetic,2.222730547594904,groen-synthetic,4.228999
1973-10-31,1973-10,8.328892,18.142894,bridge,3.291646,0.5622856487222544,breakeven-implied,1.5899920229470037,groen-synthetic,1.669082350961086,groen-synthetic,2.129165476752977,groen-synthetic,1.7222292268723698,groen-synthetic,3.853932
1973-11-30,1973-11,9.194858,19.100006,bridge,3.648102,0.4601743447993755,breakeven-implied,1.631412356539888,groen-synthetic,1.685849906687127,groen-synthetic,2.1337165155168227,groen-synthetic,1.7224498006472106,groen-synthetic,4.108276
1973-12-31,1973-12,9.917218,19.898396,bridge,3.959462,0.1464513417150423,breakeven-implied,1.2436851255793138,groen-synthetic,1.4642446263888478,groen-synthetic,1.933489898451608,groen-synthetic,1.6211258036103309,groen-synthetic,4.105913
1974-01-31,1974-01,10.450069,20.487331,bridge,4.197308,-0.5433176994010819,breakeven-implied,0.923485365170824,groen-synthetic,1.2428427089636476,groen-synthetic,1.7567006138383097,groen-synthetic,1.4620827965752954,groen-synthetic,3.65399
1974-02-28,1974-02,10.689968,20.75248,bridge,4.306654,-1.0038126793162587,breakeven-implied,0.9162230308701764,groen-synthetic,1.1869931124665265,groen-synthetic,1.694533259409322,groen-synthetic,1.36812436570258,groen-synthetic,3.302841
1974-03-29,1974-03,10.768404,20.839173,bridge,4.342711,-0.1543629738847807,breakeven-implied,1.0253108885793378,groen-synthetic,1.1981329185665364,groen-synthetic,1.69799430872039,groen-synthetic,1.3139945231344687,groen-synthetic,4.188348
1974-04-30,1974-04,10.871678,20.953316,bridge,4.390415,0.5661499852636842,breakeven-implied,1.111875473191462,groen-synthetic,1.1889635712005453,groen-synthetic,1.6692151344431423,groen-synthetic,1.2407210751145032,groen-synthetic,4.956565
1974-05-31,1974-05,10.835524,20.913357,bridge,4.373685,-0.0597472143055961,breakeven-implied,1.309420816857578,groen-synthetic,1.482666733273703,groen-synthetic,1.8613024230898905,groen-synthetic,1.5988239026825697,groen-synthetic,4.313938
1974-06-28,1974-06,10.926461,21.013865,bridge,4.415825,0.0635405341255507,breakeven-implied,1.6870966507683864,groen-synthetic,1.7707877367486822,groen-synthetic,2.0725339692507707,groen-synthetic,1.8143157740467084,groen-synthetic,4.479366
1974-07-31,1974-07,11.402293,21.53978,bridge,4.639621,-0.1897568172461118,breakeven-implied,1.9979528724587112,groen-synthetic,1.8357781175295624,groen-synthetic,2.1241116392157786,groen-synthetic,0.7040968628142501,groen-synthetic,4.449864
1974-08-30,1974-08,11.778034,21.95507,bridge,4.820251,0.9699003180190912,breakeven-implied,1.792565462716723,groen-synthetic,1.896939208599275,groen-synthetic,2.133999903239328,groen-synthetic,1.9672060374380227,groen-synthetic,5.790151
1974-09-30,1974-09,12.678362,22.950159,bridge,5.267098,-0.923952153599084,breakeven-implied,1.5919630815416654,groen-synthetic,1.914533793346054,groen-synthetic,2.129423595495972,groen-synthetic,2.130450382551955,groen-synthetic,4.343146
1974-10-31,1974-10,13.475145,23.830807,bridge,5.679073,-1.1730474037019962,breakeven-implied,1.92120482395796,groen-synthetic,2.034398721520843,groen-synthetic,2.245174232184902,groen-synthetic,0.4950035426301684,groen-synthetic,4.506026
1974-11-29,1974-11,13.574996,23.941168,bridge,5.731795,-1.4812134242035089,breakeven-implied,1.5383618642519854,groen-synthetic,1.8538497440346349,groen-synthetic,2.1001070358103213,groen-synthetic,1.81417481936328,groen-synthetic,4.250582
1974-12-31,1974-12,13.564121,23.929148,bridge,5.726041,-1.820419854953035,breakeven-implied,1.6117023623229971,groen-synthetic,1.9970283490042309,groen-synthetic,2.1962926564878416,groen-synthetic,2.254832090947876,groen-synthetic,3.905621
1975-01-31,1975-01,13.798398,24.188084,bridge,5.850634,-2.4256746047478286,breakeven-implied,1.366992346970858,groen-synthetic,1.8672718045262124,groen-synthetic,2.06678741665376,groen-synthetic,2.2016183350313394,groen-synthetic,3.424959
1975-02-28,1975-02,13.972451,24.380456,bridge,5.944067,-2.513790849649258,breakeven-implied,1.3456563023547294,groen-synthetic,1.9179320431790927,groen-synthetic,2.1216917292022623,groen-synthetic,2.3007890304720338,groen-synthetic,3.430276
1975-03-31,1975-03,14.139078,24.564621,bridge,6.034206,-1.7738867610670503,breakeven-implied,1.5421980234390422,groen-synthetic,1.9427243160756595,groen-synthetic,2.1546983581719923,groen-synthetic,2.21028284565502,groen-synthetic,4.260319
1975-04-30,1975-04,14.199924,24.631871,bridge,6.067291,-1.2933980109962933,breakeven-implied,1.584145216778253,groen-synthetic,1.9408076645802013,groen-synthetic,2.214596342331126,groen-synthetic,2.179104866934131,groen-synthetic,4.773893
1975-05-30,1975-05,14.246738,24.683613,bridge,6.092807,-1.615384486895497,breakeven-implied,1.5149936295417907,groen-synthetic,1.9156085220601644,groen-synthetic,2.2641522752776786,groen-synthetic,2.1831287436198776,groen-synthetic,4.477423
1975-06-30,1975-06,14.254236,24.6919,bridge,6.096899,-0.8550918370301472,breakeven-implied,1.7006275429508255,groen-synthetic,1.943930019288864,groen-synthetic,2.297676305927145,groen-synthetic,2.0637671038266583,groen-synthetic,5.241807
1975-07-31,1975-07,13.856502,24.252302,bridge,5.881742,-0.605386120312187,breakeven-implied,2.0388090888406056,groen-synthetic,2.1549701073295733,groen-synthetic,2.475753199045812,groen-synthetic,2.2003757053939985,groen-synthetic,5.276356
1975-08-29,1975-08,13.827979,24.220778,bridge,5.866461,0.1151421186339521,breakeven-implied,2.1325143482495776,groen-synthetic,2.234033467389569,groen-synthetic,2.5851568609390707,groen-synthetic,2.289171324510846,groen-synthetic,5.981603
1975-09-30,1975-09,13.206048,23.533386,bridge,5.538203,0.6960689203259678,breakeven-implied,2.2923935635912587,groen-synthetic,2.308632745824303,groen-synthetic,2.691570199541612,groen-synthetic,2.299109806395312,groen-synthetic,6.234272
1975-10-31,1975-10,12.822332,23.109283,bridge,5.34039,-0.2045634562275503,breakeven-implied,2.199175946928656,groen-synthetic,2.42626501029592,groen-synthetic,2.7867570297354662,groen-synthetic,2.5777177866413217,groen-synthetic,5.135827
1975-11-28,1975-11,12.289056,22.519878,bridge,5.071449,0.1998921218221578,breakeven-implied,2.4429908630413686,groen-synthetic,2.658080361014202,groen-synthetic,2.9701583219508527,groen-synthetic,2.800691157111316,groen-synthetic,5.271341
1975-12-31,1975-12,11.865123,22.051324,bridge,4.862609,0.0523162025593266,breakeven-implied,2.5105703079737056,groen-synthetic,2.759590964216084,groen-synthetic,3.0645295142667,groen-synthetic,2.9274191102093674,groen-synthetic,4.914925
1976-01-30,1976-01,11.674842,21.841016,bridge,4.7703,-0.3292476251769163,breakeven-implied,2.5491184442501447,groen-synthetic,2.8393774686322684,groen-synthetic,3.1572553614412744,groen-synthetic,3.032869319329835,groen-synthetic,4.441052
1976-02-27,1976-02,11.494383,21.641564,bridge,4.683573,0.4607577163285659,breakeven-implied,2.7015580880879337,groen-synthetic,2.831023431303999,groen-synthetic,3.163277613296336,groen-synthetic,2.9171694844340417,groen-synthetic,5.144331
1976-03-31,1976-03,11.284045,21.409087,bridge,4.58349,0.5103975336003943,breakeven-implied,2.586387868493718,groen-synthetic,2.7354019608946745,groen-synthetic,3.070092691233851,groen-synthetic,2.835348025891884,groen-synthetic,5.093888
1976-04-30,1976-04,11.093709,21.198717,bridge,4.493856,0.4334450041564883,breakeven-implied,2.458437738484741,groen-synthetic,2.6199303481008647,groen-synthetic,2.949316150623698,groen-synthetic,2.728745092543825,groen-synthetic,4.927301
1976-05-28,1976-05,10.929056,21.016733,bridge,4.417031,1.0349803859672964,breakeven-implied,2.5134287486329967,groen-synthetic,2.5462599127101093,groen-synthetic,2.8614943892668,groen-synthetic,2.5663824308247687,groen-synthetic,5.452011
1976-06-30,1976-06,10.823322,20.899871,bridge,4.368046,0.8320059870863692,breakeven-implied,2.475498640443803,groen-synthetic,2.591339804889909,groen-synthetic,2.918292465764459,groen-synthetic,2.6697307514701505,groen-synthetic,5.200052
1976-07-30,1976-07,10.531015,20.576798,bridge,4.234046,0.9553312431822504,breakeven-implied,2.41489254516922,groen-synthetic,2.55980541677474,groen-synthetic,2.879349524539045,groen-synthetic,2.660193855419414,groen-synthetic,5.189377
1976-08-31,1976-08,9.996682,19.986225,bridge,3.994492,0.6445050285982183,breakeven-implied,2.486060814614085,groen-synthetic,2.7225863956010694,groen-synthetic,2.9770130636359697,groen-synthetic,2.8932641571156617,groen-synthetic,4.638997
1976-09-30,1976-09,9.441961,19.373117,bridge,3.753177,0.7216301008015096,breakeven-implied,2.469456976439697,groen-synthetic,2.786069668318073,groen-synthetic,3.03232322373913,groen-synthetic,3.0455340925591505,groen-synthetic,4.474807
1976-10-29,1976-10,9.034118,18.922347,bridge,3.580552,0.5501511036682658,breakeven-implied,2.2780451495544414,groen-synthetic,2.659723726696358,groen-synthetic,2.9272723925806923,groen-synthetic,2.990068129039793,groen-synthetic,4.130703
1976-11-30,1976-11,8.945665,18.824584,bridge,3.54365,0.4273265480897685,breakeven-implied,2.0020287073136616,groen-synthetic,2.64706295525225,groen-synthetic,2.922724432552025,groen-synthetic,3.629404407105207,groen-synthetic,3.970977
1976-12-31,1976-12,8.533263,18.368776,bridge,3.374119,0.3374459970945087,breakeven-implied,2.233499108333673,groen-synthetic,2.5776321660977137,groen-synthetic,2.8980176736880807,groen-synthetic,2.8557549136388376,groen-synthetic,3.711565
1977-01-31,1977-01,8.234382,18.038436,bridge,3.253852,0.8098874286483388,breakeven-implied,2.2065013824619784,groen-synthetic,2.381592078922298,groen-synthetic,2.7214272062895293,groen-synthetic,2.5087595396558107,groen-synthetic,4.063739
1977-02-28,1977-02,7.886013,17.6534,bridge,3.116425,0.2147309067480185,breakeven-implied,2.0434629601089305,groen-synthetic,2.334764814277897,groen-synthetic,2.669330636401359,groen-synthetic,2.5455007043680404,groen-synthetic,3.331156
1977-03-31,1977-03,7.648711,17.391122,bridge,3.024511,-0.1549811072962588,breakeven-implied,1.9428268211645228,groen-synthetic,2.317124081221244,groen-synthetic,2.6573176873558206,groen-synthetic,2.582681056677524,groen-synthetic,2.86953
1977-04-29,1977-04,7.627603,17.367792,bridge,3.016402,-0.3008760898997884,breakeven-implied,1.9530156855535412,groen-synthetic,2.364094383153436,groen-synthetic,2.686669967590875,groen-synthetic,2.666832756891808,groen-synthetic,2.715526
1977-05-31,1977-05,7.487576,17.213027,bridge,2.962883,0.1410947213520919,breakeven-implied,2.069293176822168,groen-synthetic,2.5065500391433693,groen-synthetic,2.7950067128709954,groen-synthetic,2.8979557474191493,groen-synthetic,3.103978
1977-06-30,1977-06,7.409616,17.126862,bridge,2.933294,-0.000787910637779,breakeven-implied,2.0754628442245644,groen-synthetic,2.526682909362623,groen-synthetic,2.7656455474642363,groen-synthetic,2.9430471240716725,groen-synthetic,2.932506
1977-07-29,1977-07,7.440666,17.161179,bridge,2.945061,0.5268138363952632,breakeven-implied,2.324655930752785,groen-synthetic,2.5976611561517524,groen-synthetic,2.81598902655,groen-synthetic,2.8164017956241576,groen-synthetic,3.471875
1977-08-31,1977-08,7.220548,16.917893,bridge,2.862151,0.7656372371682729,breakeven-implied,2.350513595347984,groen-synthetic,2.5608759355127573,groen-synthetic,2.7784738139937217,groen-synthetic,2.7477419894062622,groen-synthetic,3.627788
1977-09-30,1977-09,7.037278,16.715334,bridge,2.794024,1.06145601427883,breakeven-implied,2.345132078411916,groen-synthetic,2.491841684612113,groen-synthetic,2.7041271550665247,groen-synthetic,2.631766053941375,groen-synthetic,3.85548
1977-10-31,1977-10,6.888434,16.550823,bridge,2.739298,1.4948633203883328,breakeven-implied,2.5570651909289013,groen-synthetic,2.5690410776261987,groen-synthetic,2.7904787753291456,groen-synthetic,2.5790754192311343,groen-synthetic,4.234161
1977-11-30,1977-11,6.911065,16.575836,bridge,2.747583,1.1983469667051618,breakeven-implied,2.5610201633171386,groen-synthetic,2.6407673791630755,groen-synthetic,2.859957090417017,groen-synthetic,2.7055906196479933,groen-synthetic,3.94593
1977-12-30,1977-12,6.845456,16.503322,bridge,2.723596,1.27227552651257,breakeven-implied,2.3940092805921416,groen-synthetic,2.5233680933722,groen-synthetic,2.761467807966667,groen-synthetic,2.630849298822715,groen-synthetic,3.995872
1978-01-31,1978-01,6.822248,16.477671,bridge,2.715136,1.3555230552701354,breakeven-implied,2.2700587817701336,groen-synthetic,2.3827297973933685,groen-synthetic,2.62463054275497,groen-synthetic,2.476044214400633,groen-synthetic,4.070659
1978-02-28,1978-02,6.794851,16.44739,bridge,2.705166,1.6189821645613196,breakeven-implied,2.497023745325637,groen-synthetic,2.546637123826838,groen-synthetic,2.759923489563233,groen-synthetic,2.584481761493058,groen-synthetic,4.324148
1978-03-31,1978-03,6.807494,16.461364,bridge,2.709765,1.694145671979452,breakeven-implied,2.700703316195298,groen-synthetic,2.7149988695639826,groen-synthetic,2.8960271188040365,groen-synthetic,2.725056481708062,groen-synthetic,4.403911
1978-04-28,1978-04,6.862262,16.521896,bridge,2.729731,1.8888597296150955,breakeven-implied,2.8047158278562745,groen-synthetic,2.7707539869543667,groen-synthetic,2.92745703455952,groen-synthetic,2.7478497008706,groen-synthetic,4.618591
1978-05-31,1978-05,6.930224,16.597012,bridge,2.754608,1.977951058260943,breakeven-implied,2.746757646563178,groen-synthetic,2.704836054939621,groen-synthetic,2.870100723482645,groen-synthetic,2.676687015186012,groen-synthetic,4.732559
1978-06-30,1978-06,7.005939,16.680696,bridge,2.782456,2.0938880608673984,breakeven-implied,2.795834104450089,groen-synthetic,2.759746879028969,groen-synthetic,2.9353563922126527,groen-synthetic,2.735557824769311,groen-synthetic,4.876344
1978-07-31,1978-07,7.073931,16.755844,bridge,2.807583,1.9188755766825376,breakeven-implied,2.6382653252277306,groen-synthetic,2.616863543763494,groen-synthetic,2.824394446393671,groen-synthetic,2.6025127052155783,groen-synthetic,4.726459
1978-08-31,1978-08,7.144786,16.834157,bridge,2.833888,1.933094924730356,breakeven-implied,2.6405117229649457,groen-synthetic,2.5957307686178988,groen-synthetic,2.8279148345996727,groen-synthetic,2.5657914776945026,groen-synthetic,4.766983
1978-09-29,1978-09,7.237466,16.936592,bridge,2.868481,2.043213614467459,breakeven-implied,2.622252988558932,groen-synthetic,2.581080526329799,groen-synthetic,2.8228453624122483,groen-synthetic,2.553642764859416,groen-synthetic,4.911695
1978-10-31,1978-10,7.568061,17.301983,bridge,2.993586,2.5377350733701123,breakeven-implied,2.619976983069768,groen-synthetic,2.5413215729930654,groen-synthetic,2.788561251243116,groen-synthetic,2.488994599618612,groen-synthetic,5.531321
1978-11-30,1978-11,7.942906,17.716281,bridge,3.138666,2.778443867754273,breakeven-implied,2.7330407579639573,groen-synthetic,2.5796075934129608,groen-synthetic,2.8163051525819336,groen-synthetic,2.477396961392621,groen-synthetic,5.91711
1978-12-29,1978-12,8.150723,17.945973,bridge,3.220579,3.305653119992918,breakeven-implied,2.948921557783835,groen-synthetic,2.7288414534817025,groen-synthetic,2.9152552854864595,groen-synthetic,2.582083276401972,groen-synthetic,6.526232
1979-01-31,1979-01,8.218311,18.020674,bridge,3.247447,2.689632617447941,breakeven-implied,2.707957617861364,groen-synthetic,2.575221366093402,groen-synthetic,2.7906449753583358,groen-synthetic,2.486876400107052,groen-synthetic,5.93708
1979-02-28,1979-02,8.35342,18.170004,bridge,3.30149,2.47986660682373,breakeven-implied,2.6475321155430454,groen-synthetic,2.5818819640709645,groen-synthetic,2.7941383375966056,groen-synthetic,2.538356962744775,groen-synthetic,5.781357
1979-03-30,1979-03,8.380313,18.199728,bridge,3.312301,2.051320375691011,breakeven-implied,2.591986942657972,groen-synthetic,2.5490245916023246,groen-synthetic,2.762144695697589,groen-synthetic,2.520471115878551,groen-synthetic,5.363621
1979-04-30,1979-04,8.20109,18.001641,bridge,3.240591,1.9970352253022925,breakeven-implied,2.314118304123878,groen-synthetic,2.310282713980037,groen-synthetic,2.5588271025631446,groen-synthetic,2.3079852541880523,groen-synthetic,5.237626
1979-05-31,1979-05,8.211382,18.013015,bridge,3.244687,1.5831887455622915,breakeven-implied,2.381035825293301,groen-synthetic,2.436038825512398,groen-synthetic,2.6654368138177467,groen-synthetic,2.473118241102963,groen-synthetic,4.827876
1979-06-29,1979-06,8.161062,17.957399,bridge,3.224682,1.008372975996348,breakeven-implied,2.2717843495568024,groen-synthetic,2.393182917387799,groen-synthetic,2.62642194686508,groen-synthetic,2.4745294487638887,groen-synthetic,4.233055
1979-07-31,1979-07,8.10605,17.896597,bridge,3.202882,1.252308365547867,breakeven-implied,2.2127541042530616,groen-synthetic,2.3291382004575123,groen-synthetic,2.578559292420082,groen-synthetic,2.4072037818520613,groen-synthetic,4.45519
1979-08-31,1979-08,8.093722,17.882972,bridge,3.198007,1.5554158547075607,breakeven-implied,2.250031569312008,groen-synthetic,2.3360059530860178,groen-synthetic,2.572303827139471,groen-synthetic,2.393892792626512,groen-synthetic,4.753423
1979-09-28,1979-09,8.198829,17.999142,bridge,3.239691,1.639986795601611,breakeven-implied,2.305309598132125,groen-synthetic,2.3887123193679884,groen-synthetic,2.623469061209124,groen-synthetic,2.444945850890965,groen-synthetic,4.879678
1979-10-31,1979-10,8.45252,18.279535,bridge,3.341414,3.4343232037995275,breakeven-implied,2.6408865271591946,groen-synthetic,2.456106889419825,groen-synthetic,2.673765373625816,groen-synthetic,2.334218475362704,groen-synthetic,6.775737
1979-11-30,1979-11,8.26784,18.075416,bridge,3.267207,1.9451929890527369,breakeven-implied,2.2212875729643056,groen-synthetic,2.4562335305298366,groen-synthetic,2.67027099023962,groen-synthetic,2.7472629916762585,groen-synthetic,5.2124
1979-12-31,1979-12,8.091499,17.880515,bridge,3.197128,1.6958627471202528,breakeven-implied,2.0201867054148432,groen-synthetic,2.3528476692709908,groen-synthetic,2.576879174723384,groen-synthetic,2.870751926017928,groen-synthetic,4.892991
1980-01-31,1980-01,8.245621,18.050858,bridge,3.258335,1.3549308521996624,breakeven-implied,1.7419940157290683,groen-synthetic,2.3039404518628346,groen-synthetic,2.556652934006223,groen-synthetic,3.1642587066896684,groen-synthetic,4.613266
1980-02-29,1980-02,8.51007,18.343142,bridge,3.364709,3.6975770255343177,breakeven-implied,2.1683246994731,groen-synthetic,2.1653670066450768,groen-synthetic,2.460026327292156,groen-synthetic,2.3239310464606966,groen-synthetic,7.062286
1980-03-31,1980-03,9.541025,19.482608,bridge,3.79572,4.067008569302617,breakeven-implied,2.12167903534237,groen-synthetic,2.388941191439729,groen-synthetic,2.5776405825057345,groen-synthetic,3.493826428191311,groen-synthetic,7.862729
1980-04-30,1980-04,9.755333,19.719473,bridge,3.888576,-0.0799236421459981,breakeven-implied,1.5732304777648634,groen-synthetic,2.402736653044727,groen-synthetic,2.562125682232419,groen-synthetic,3.1028441564015887,groen-synthetic,3.808652
1980-05-30,1980-05,9.894954,19.873789,bridge,3.949675,-1.551974580269181,breakeven-implied,0.9373076092373798,groen-synthetic,2.0798724939161333,groen-synthetic,2.283950536990285,groen-synthetic,3.1161781831105286,groen-synthetic,2.3977
1980-06-30,1980-06,9.976899,19.964359,bridge,3.985756,-1.7256649014135474,breakeven-implied,1.3117512153720952,groen-synthetic,2.1855950497283385,groen-synthetic,2.406772250221534,groen-synthetic,7.184727527877685,groen-synthetic,2.260091
1980-07-31,1980-07,10.094306,20.094124,bridge,4.037738,-0.608381510456644,breakeven-implied,1.4445623358031805,groen-synthetic,2.2640896681447837,groen-synthetic,2.529381628453552,groen-synthetic,5.507703456945214,groen-synthetic,3.429356
1980-08-29,1980-08,10.286921,20.307012,bridge,4.123747,1.280968612277762,breakeven-implied,2.090131367576159,groen-synthetic,2.2096093496199765,groen-synthetic,2.539519839993506,groen-synthetic,5.388904131196284,groen-synthetic,5.404716
1980-09-30,1980-09,10.57221,20.622328,bridge,4.252804,1.998323480017808,breakeven-implied,1.8779910924137504,groen-synthetic,2.2879212868265366,groen-synthetic,2.6010933198365085,groen-synthetic,3.3627680535512687,groen-synthetic,6.251127
1980-10-31,1980-10,10.425648,20.46034,bridge,4.186255,2.95944046854032,breakeven-implied,2.259312974386062,groen-synthetic,2.441921306990128,groen-synthetic,2.74322813475981,groen-synthetic,2.5644142226641997,groen-synthetic,7.145695
1980-11-28,1980-11,10.598291,20.651154,bridge,4.264702,4.182357828836969,breakeven-implied,2.664071226341265,groen-synthetic,2.60333205160287,groen-synthetic,2.888533914347148,groen-synthetic,2.560455122620349,groen-synthetic,8.44706
1980-12-31,1980-12,11.082865,21.186732,bridge,4.488776,3.3170733468372755,breakeven-implied,2.663812656702394,groen-synthetic,2.810235375018965,groen-synthetic,3.034909505668248,groen-synthetic,2.8908362966177465,groen-synthetic,7.805849
1981-01-30,1981-01,11.13334,21.24252,bridge,4.512446,4.116301300503518,breakeven-implied,2.804072506923013,groen-synthetic,2.928034070485059,groen-synthetic,3.106770330074742,groen-synthetic,3.011463275368535,groen-synthetic,8.628747
1981-02-27,1981-02,11.177898,21.291767,bridge,4.533393,4.364313155411933,breakeven-implied,2.837401776028323,groen-synthetic,2.976225005671668,groen-synthetic,3.133592557443505,groen-synthetic,3.0693214564290585,groen-synthetic,8.897706
1981-03-31,1981-03,10.791807,20.865039,bridge,4.353499,3.619228874140733,breakeven-implied,2.9321310498117628,groen-synthetic,3.1253844198076965,groen-synthetic,3.2976011584391283,groen-synthetic,3.2546141179519843,groen-synthetic,7.972728
1981-04-30,1981-04,10.674784,20.735699,bridge,4.299692,5.745239082149859,breakeven-implied,3.3069976879010867,groen-synthetic,3.189188928632717,groen-synthetic,3.378873348659162,groen-synthetic,3.100807279371461,groen-synthetic,10.044931
1981-05-29,1981-05,10.635248,20.692002,bridge,4.281589,5.970947345869522,breakeven-implied,3.5954935338935456,groen-synthetic,3.336712370764653,groen-synthetic,3.496924373230136,groen-synthetic,3.163046532623856,groen-synthetic,10.252536
1981-06-30,1981-06,10.587542,20.639274,bridge,4.259796,5.735144212307447,breakeven-implied,3.392029868643136,groen-synthetic,3.2393404047099077,groen-synthetic,3.3763312379362214,groen-synthetic,3.136706064816027,groen-synthetic,9.99494
1981-07-31,1981-07,10.56712,20.616703,bridge,4.250484,6.140925441581811,breakeven-implied,3.5087999671729326,groen-synthetic,3.1379982269066966,groen-synthetic,3.233898664354499,groen-synthetic,2.8321374811995392,groen-synthetic,10.391409
1981-08-31,1981-08,10.726455,20.792808,bridge,4.323409,6.507730599236151,breakeven-implied,3.248531537451721,groen-synthetic,3.070719745003479,groen-synthetic,3.154339534471547,groen-synthetic,2.9641509521320417,groen-synthetic,10.83114
1981-09-30,1981-09,10.794104,20.867578,bridge,4.354558,5.918155032189636,breakeven-implied,3.1990795130172183,groen-synthetic,3.145337637702247,groen-synthetic,3.1996504952441263,groen-synthetic,3.2408390100452253,groen-synthetic,10.272713
1981-10-30,1981-10,10.602129,20.655397,bridge,4.266454,4.995219305487289,breakeven-implied,2.724611920764175,groen-synthetic,2.933614298370164,groen-synthetic,3.0100914060292188,groen-synthetic,2.8677474301352253,groen-synthetic,9.261673
1981-11-30,1981-11,10.516782,20.561066,bridge,4.227574,2.756485955250281,breakeven-implied,2.5842726218732253,groen-synthetic,2.9108218565335413,groen-synthetic,3.002029555092104,groen-synthetic,3.589815671445229,groen-synthetic,6.98406
1981-12-31,1981-12,10.19076,20.20073,bridge,4.080695,4.872781896445835,breakeven-implied,2.69925821038286,groen-synthetic,2.837658945463729,groen-synthetic,2.975651500177565,groen-synthetic,2.9320967595761367,groen-synthetic,8.953477
1982-01-29,1982-01,10.310682,20.333274,bridge,4.13442,5.502419339813433,breakeven-implied,2.5186538119609545,groen-synthetic,2.808061611495114,groen-synthetic,2.94901347588856,groen-synthetic,3.9784741224235862,groen-synthetic,9.636839
1982-02-26,1982-02,10.405528,20.438103,bridge,4.17716,5.087737421092095,breakeven-implied,2.502492590630124,groen-synthetic,2.8116123424947377,groen-synthetic,2.9987649573134623,groen-synthetic,4.598389296382995,groen-synthetic,9.264897
1982-03-31,1982-03,10.202611,20.213828,bridge,4.085988,5.419916730492977,breakeven-implied,2.8885526837407167,groen-synthetic,2.9519214974120334,groen-synthetic,3.1010629907246208,groen-synthetic,3.520663497963137,groen-synthetic,9.505905
1982-04-30,1982-04,10.22106,20.234219,bridge,4.094236,5.158707358708129,breakeven-implied,2.8743222298036515,groen-synthetic,2.999551364301903,groen-synthetic,3.1627843140450413,groen-synthetic,3.8264237174391256,groen-synthetic,9.252943
1982-05-28,1982-05,10.111193,20.112788,bridge,4.045242,5.170653214013722,breakeven-implied,2.699133875806151,groen-synthetic,2.919913711991751,groen-synthetic,3.115540277614762,groen-synthetic,3.8564150480041066,groen-synthetic,9.215895
1982-06-30,1982-06,10.111351,20.112962,bridge,4.045313,6.502506243866626,breakeven-implied,2.9117022956635297,groen-synthetic,2.9021135835270777,groen-synthetic,3.109476012888924,groen-synthetic,3.6204231604705392,groen-synthetic,10.547819
1982-07-30,1982-07,10.034238,20.027733,bridge,4.011101,4.237541620501685,breakeven-implied,2.5904281779918765,groen-synthetic,3.013904158722742,groen-synthetic,3.2274991738059096,groen-synthetic,4.128210075281587,groen-synthetic,8.248643
1982-08-31,1982-08,10.237669,20.252576,bridge,4.101668,3.189263290841909,breakeven-implied,2.470489937348153,groen-synthetic,2.911480338783176,groen-synthetic,3.1499852785294524,groen-synthetic,3.974428221056346,groen-synthetic,7.290931
1982-09-30,1982-09,10.071506,20.068924,bridge,4.027617,2.719393709640431,breakeven-implied,2.589688679764059,groen-synthetic,2.997574738319668,groen-synthetic,3.257355384440384,groen-synthetic,4.066686177357091,groen-synthetic,6.747011
1982-10-29,1982-10,10.850253,20.929636,bridge,4.380497,2.9158130453545708,breakeven-implied,2.6194784219875986,groen-synthetic,2.9503275332140912,groen-synthetic,3.25454117331757,groen-synthetic,3.8780949743047817,groen-synthetic,7.29631
1982-11-30,1982-11,11.035502,21.134383,bridge,4.466622,3.361155178935296,breakeven-implied,2.6228368400685413,groen-synthetic,3.0357420263898662,groen-synthetic,3.34485866853684,groen-synthetic,3.7414575355241135,groen-synthetic,7.827777
1982-12-31,1982-12,11.242243,21.362885,bridge,4.563728,2.9015739685794806,breakeven-implied,2.599713828879404,groen-synthetic,2.948055551290232,groen-synthetic,3.2985624809336054,groen-synthetic,5.933490463504174,groen-synthetic,7.465302
1983-01-31,1983-01,11.321354,21.450322,bridge,4.601163,2.761950504505415,breakeven-implied,2.269977874279557,groen-synthetic,2.856523921881765,groen-synthetic,3.2478202216188707,groen-synthetic,5.899106844974654,groen-synthetic,7.363114
1983-02-28,1983-02,11.410603,21.548966,bridge,4.643579,2.676022946562206,breakeven-implied,2.4808002862490386,groen-synthetic,2.929788112525113,groen-synthetic,3.338077926499506,groen-synthetic,6.678902378388813,groen-synthetic,7.319602
1983-03-31,1983-03,11.37411,21.508631,bridge,4.626212,3.8924217287813168,breakeven-implied,2.5058186725480147,groen-synthetic,2.869770856018422,groen-synthetic,3.294496510006505,groen-synthetic,5.724739606601064,groen-synthetic,8.518634
1983-04-29,1983-04,11.45705,21.6003,bridge,4.66573,2.7066019657315232,breakeven-implied,2.334301366872473,groen-synthetic,2.8116206151315883,groen-synthetic,3.245899755845387,groen-synthetic,5.361396351319181,groen-synthetic,7.372332
1983-05-31,1983-05,11.495306,21.642583,bridge,4.684014,3.211244001770321,breakeven-implied,2.4036255730539606,groen-synthetic,2.8383558652693672,groen-synthetic,3.2789877848004574,groen-synthetic,5.832142975207487,groen-synthetic,7.895258
1983-06-30,1983-06,11.603667,21.76235,bridge,4.735999,3.856566514897912,breakeven-implied,2.637728338098155,groen-synthetic,2.952698198142865,groen-synthetic,3.3864272344614395,groen-synthetic,5.671244981433087,groen-synthetic,8.592566
1983-07-29,1983-07,11.790757,21.969131,bridge,4.826427,3.614151627159904,breakeven-implied,2.537036576002232,groen-synthetic,2.983853127992135,groen-synthetic,3.408054045080974,groen-synthetic,3.801108195013781,groen-synthetic,8.440579
1983-08-31,1983-08,11.540141,21.692137,bridge,4.705488,3.4768353982789018,breakeven-implied,2.5038025865094995,groen-synthetic,2.9999992376278244,groen-synthetic,3.449560517392825,groen-synthetic,3.91774965109796,groen-synthetic,8.182323
1983-09-30,1983-09,11.333461,21.463703,bridge,4.606906,2.9515602023112075,breakeven-implied,2.479579305545315,groen-synthetic,2.962672065317259,groen-synthetic,3.3747903732271203,groen-synthetic,3.8266876231870106,groen-synthetic,7.558466
1983-10-31,1983-10,10.762203,20.832319,bridge,4.339855,2.937537953073204,breakeven-implied,2.387954357638552,groen-synthetic,2.9599528797956065,groen-synthetic,3.3711602093265385,groen-synthetic,3.857973334691179,groen-synthetic,7.277393
1983-11-30,1983-11,10.343042,20.36904,bridge,4.148978,2.9071059495085434,breakeven-implied,2.4826034299143767,groen-synthetic,2.951339798238413,groen-synthetic,3.348151724492814,groen-synthetic,3.813365026926685,groen-synthetic,7.056084
1983-12-30,1983-12,10.088154,20.087324,bridge,4.035006,3.196358276087611,breakeven-implied,2.4553029267126747,groen-synthetic,2.9481244278178136,groen-synthetic,3.332279081723689,groen-synthetic,3.829078816896797,groen-synthetic,7.231364
1984-01-31,1984-01,9.502037,19.439516,bridge,3.778948,2.827993359406279,breakeven-implied,2.519939044491213,groen-synthetic,3.063295153432489,groen-synthetic,3.388480145196181,groen-synthetic,3.9415766903266554,groen-synthetic,6.606941
1984-02-29,1984-02,9.527681,19.467859,bridge,3.789975,3.2924104314270783,breakeven-implied,2.4130407367587328,groen-synthetic,2.909523573719931,groen-synthetic,3.249583303771383,groen-synthetic,3.7428297445790655,groen-synthetic,7.082385
1984-03-30,1984-03,9.527469,19.467625,bridge,3.789884,4.0151466579672,breakeven-implied,2.4846768696320947,groen-synthetic,2.876735273923808,groen-synthetic,3.203822098934408,groen-synthetic,3.4546753282124136,groen-synthetic,7.805031
1984-04-30,1984-04,9.45606,19.3887,bridge,3.759217,3.342138942481511,breakeven-implied,2.5362942165621143,groen-synthetic,3.022010128688778,groen-synthetic,3.3075717039315315,groen-synthetic,3.6776051390139615,groen-synthetic,7.101356
1984-05-31,1984-05,9.409703,19.337464,bridge,3.739375,4.368959215336709,breakeven-implied,2.5229805140534305,groen-synthetic,3.035018958759453,groen-synthetic,3.2973184740290837,groen-synthetic,4.098070436510236,groen-synthetic,8.108334
1984-06-29,1984-06,9.365595,19.288714,bridge,3.720545,4.354897332551052,breakeven-implied,2.6412842579964613,groen-synthetic,3.0391673573403475,groen-synthetic,3.2935551427643763,groen-synthetic,4.119497930854275,groen-synthetic,8.075442
1984-07-31,1984-07,9.152531,19.053224,bridge,3.630253,4.138406753715385,breakeven-implied,2.630140117781961,groen-synthetic,3.0218105526099883,groen-synthetic,3.237552980329968,groen-synthetic,4.096975449211893,groen-synthetic,7.76866
1984-08-31,1984-08,9.058501,18.949297,bridge,3.590758,4.80159696866382,breakeven-implied,3.0182584545086986,groen-synthetic,3.208435934419189,groen-synthetic,3.3522319654980257,groen-synthetic,4.027768433512446,groen-synthetic,8.392355
1984-09-28,1984-09,9.023896,18.911049,bridge,3.576278,4.566485919764399,breakeven-implied,3.1140434404738517,groen-synthetic,3.2612886399480217,groen-synthetic,3.390938594523406,groen-synthetic,3.9717214412899646,groen-synthetic,8.142764
1984-10-31,1984-10,8.583569,18.424377,bridge,3.394577,3.4224154235979123,breakeven-implied,2.872752480668004,groen-synthetic,3.2460075401121524,groen-synthetic,3.379224503782645,groen-synthetic,4.099215175378564,groen-synthetic,6.816992
1984-11-30,1984-11,8.426143,18.250381,bridge,3.330764,3.126700851112004,breakeven-implied,2.7869648777205938,groen-synthetic,3.2079115777283875,groen-synthetic,3.353830793037952,groen-synthetic,4.349392370226536,groen-synthetic,6.457465
1984-12-31,1984-12,8.310971,18.123087,bridge,3.284463,2.888193680906076,breakeven-implied,2.566993527019509,groen-synthetic,3.150607000389315,groen-synthetic,3.2832987349137084,groen-synthetic,4.081313991869835,groen-synthetic,6.172657
1985-01-31,1985-01,8.294772,18.105183,bridge,3.277977,2.7061469475545503,breakeven-implied,2.787189094253619,groen-synthetic,3.2396521888455885,groen-synthetic,3.335351520810072,groen-synthetic,5.420869024190808,groen-synthetic,5.984124
1985-02-28,1985-02,7.928225,17.700055,bridge,3.13292,3.713118356813073,breakeven-implied,2.87031463965064,groen-synthetic,3.355462823804167,groen-synthetic,3.419211567704868,groen-synthetic,5.075925792171617,groen-synthetic,6.846038
1985-03-29,1985-03,7.765439,17.520135,bridge,3.069551,3.1272881987989427,breakeven-implied,2.8903033094893447,groen-synthetic,3.435857789631898,groen-synthetic,3.4815876653954447,groen-synthetic,4.558828806106764,groen-synthetic,6.196839
1985-04-30,1985-04,7.625741,17.365734,bridge,3.015687,3.076022494205512,breakeven-implied,2.736302267000881,groen-synthetic,3.431298266893216,groen-synthetic,3.494656105455709,groen-synthetic,4.690558952136415,groen-synthetic,6.091709
1985-05-31,1985-05,7.57177,17.306083,bridge,2.995005,2.2374184766494905,breakeven-implied,2.7516493481956377,groen-synthetic,3.371608331992592,groen-synthetic,3.438339853767572,groen-synthetic,5.72037519872395,groen-synthetic,5.232423
1985-06-28,1985-06,7.397124,17.113055,bridge,2.928566,2.003328774751988,breakeven-implied,2.5667252597323897,groen-synthetic,3.210010774422768,groen-synthetic,3.30133025100667,groen-synthetic,6.725226387661698,groen-synthetic,4.931895
1985-07-31,1985-07,7.243973,16.943783,bridge,2.870918,2.6563914156992743,breakeven-implied,2.6898865416454862,groen-synthetic,3.349468130785545,groen-synthetic,3.442252949801001,groen-synthetic,6.682772578650111,groen-synthetic,5.527309
1985-08-30,1985-08,7.026009,16.702878,bridge,2.789861,2.38926145619526,breakeven-implied,2.774611534081961,groen-synthetic,3.373047292130841,groen-synthetic,3.4608114591956687,groen-synthetic,6.065338541668604,groen-synthetic,5.179122
1985-09-30,1985-09,7.011026,16.686318,bridge,2.784332,2.483483114378965,breakeven-implied,2.550420108138988,groen-synthetic,3.278968728902352,groen-synthetic,3.379489125384884,groen-synthetic,5.852002918185365,groen-synthetic,5.267815
1985-10-31,1985-10,6.990989,16.664172,bridge,2.776946,2.494276714778862,breakeven-implied,2.5508806726314925,groen-synthetic,3.263198616462469,groen-synthetic,3.3825425420836672,groen-synthetic,5.760966940623284,groen-synthetic,5.271223
1985-11-29,1985-11,6.961301,16.631359,bridge,2.766021,2.5923609246975388,breakeven-implied,2.407324126035675,groen-synthetic,3.109784791182459,groen-synthetic,3.2513055159499165,groen-synthetic,4.499072476670577,groen-synthetic,5.358382
1985-12-31,1985-12,7.082593,16.765418,bridge,2.810792,2.684155909078242,breakeven-implied,2.4174928458574154,groen-synthetic,3.108127793777567,groen-synthetic,3.271218329875989,groen-synthetic,4.650787216991178,groen-synthetic,5.494948
1986-01-31,1986-01,7.458679,17.181088,bridge,2.951898,2.839339425200809,breakeven-implied,2.1991555319680085,groen-synthetic,2.9271194432967054,groen-synthetic,3.131577078529322,groen-synthetic,4.186889435015861,groen-synthetic,5.791237
1986-02-28,1986-02,7.471527,17.195289,bridge,2.95678,2.8084398467175564,breakeven-implied,2.486878035153603,groen-synthetic,2.8369958184731683,groen-synthetic,3.060361894831493,groen-synthetic,3.827660976854184,groen-synthetic,5.76522
1986-03-31,1986-03,7.551707,17.283908,bridge,2.987335,2.8823737038467376,breakeven-implied,2.638494905270933,groen-synthetic,2.918128492560824,groen-synthetic,3.1191090772834,groen-synthetic,3.4812566273624643,groen-synthetic,5.869709
1986-04-30,1986-04,7.872765,17.638758,bridge,3.111258,3.0514641070788704,breakeven-implied,2.7780493975126768,groen-synthetic,3.023999019866473,groen-synthetic,3.1846279136840483,groen-synthetic,3.6648004770567177,groen-synthetic,6.162722
1986-05-30,1986-05,8.128929,17.921884,bridge,3.211939,3.4928108439021592,breakeven-implied,2.6786724544587885,groen-synthetic,2.9106380211402856,groen-synthetic,3.1128643986371567,groen-synthetic,3.525150393020156,groen-synthetic,6.70475
1986-06-30,1986-06,8.309727,18.121712,bridge,3.283964,2.523455475083773,breakeven-implied,2.6400668027666185,groen-synthetic,2.955393396994008,groen-synthetic,3.163723375506044,groen-synthetic,3.67972502764102,groen-synthetic,5.807419
1986-07-31,1986-07,8.918851,18.794948,bridge,3.532501,2.3098026263843243,breakeven-implied,2.4053970640288167,groen-synthetic,2.9829679876483035,groen-synthetic,3.185451620183834,groen-synthetic,3.86841304706068,groen-synthetic,5.842304
1986-08-29,1986-08,8.933043,18.810634,bridge,3.538399,1.6110698151813074,breakeven-implied,2.1953650494956,groen-synthetic,2.861822076570539,groen-synthetic,3.090766428183069,groen-synthetic,3.878848484137436,groen-synthetic,5.149469
1986-09-30,1986-09,10.103178,20.103929,bridge,4.04168,1.9106010209416104,breakeven-implied,2.0261385804520486,groen-synthetic,2.7180125683141614,groen-synthetic,2.9978973853503312,groen-synthetic,3.657095049057799,groen-synthetic,5.952281
1986-10-31,1986-10,10.14487,20.15001,bridge,4.060229,1.650834446524473,breakeven-implied,1.9489319881030989,groen-synthetic,2.6841492180377435,groen-synthetic,2.9624252318341138,groen-synthetic,3.700883791238432,groen-synthetic,5.711063
1986-11-28,1986-11,10.384968,20.415379,bridge,4.167877,1.9780185054423327,breakeven-implied,2.023002822682942,groen-synthetic,2.728890976896833,groen-synthetic,2.990203406930227,groen-synthetic,3.7091604335655575,groen-synthetic,6.145896
1986-12-31,1986-12,10.36926,20.398017,bridge,4.160791,1.902189087778108,breakeven-implied,2.027371687314847,groen-synthetic,2.7490797502985984,groen-synthetic,3.0149278108001,groen-synthetic,3.761335128782473,groen-synthetic,6.06298
1987-01-30,1987-01,10.3997,20.431661,bridge,4.174528,1.9380136738770828,breakeven-implied,1.9882107660743464,groen-synthetic,2.67639384951481,groen-synthetic,2.963876884101808,groen-synthetic,3.646445359740912,groen-synthetic,6.112542
1987-02-27,1987-02,10.416246,20.449949,bridge,4.182004,1.863502038320075,breakeven-implied,2.0771495631283807,groen-synthetic,2.717075104500964,groen-synthetic,3.0050955037182816,groen-synthetic,3.652306287347904,groen-synthetic,6.045506
1987-03-31,1987-03,10.592578,20.64484,bridge,4.262094,2.430423431081941,breakeven-implied,2.10364848561151,groen-synthetic,2.7130301023704653,groen-synthetic,3.019025501496703,groen-synthetic,3.547557425798753,groen-synthetic,6.692517
1987-04-30,1987-04,11.123365,21.231495,bridge,4.507764,2.435016203758025,breakeven-implied,2.014301354063541,groen-synthetic,2.5683352875663026,groen-synthetic,2.899652939134588,groen-synthetic,3.203686670161485,groen-synthetic,6.94278
1987-05-29,1987-05,11.419326,21.558606,bridge,4.647735,2.353662255772024,breakeven-implied,2.157787452058153,groen-synthetic,2.6461404195227325,groen-synthetic,2.978860607309127,groen-synthetic,3.4009990654659235,groen-synthetic,7.001397
1987-06-30,1987-06,11.333026,21.463222,bridge,4.606699,2.038738443695734,breakeven-implied,2.036689799731745,groen-synthetic,2.60685200281991,groen-synthetic,2.946859201018036,groen-synthetic,3.372290970689752,groen-synthetic,6.645437
1987-07-31,1987-07,11.095719,21.200939,bridge,4.494798,1.941843175363128,breakeven-implied,2.072532956223169,groen-synthetic,2.6970311266335862,groen-synthetic,3.0105784220674923,groen-synthetic,3.588424821915752,groen-synthetic,6.436641
1987-08-31,1987-08,11.223236,21.341877,bridge,4.554757,2.028829486650748,breakeven-implied,2.0435707980247484,groen-synthetic,2.6496757860579727,groen-synthetic,2.9841810708503256,groen-synthetic,3.5128497190314008,groen-synthetic,6.583586
1987-09-30,1987-09,10.823006,20.899521,bridge,4.3679,2.5551795680914053,breakeven-implied,2.072048633287646,groen-synthetic,2.655554969770045,groen-synthetic,2.995941277092692,groen-synthetic,3.4925068669895527,groen-synthetic,6.92308
1987-10-30,1987-10,24.341258,35.840613,bridge,12.845495,1.6761177867778485,breakeven-implied,2.404269440440611,groen-synthetic,3.012537401083209,groen-synthetic,3.295867139361263,groen-synthetic,3.803060905877986,groen-synthetic,14.521613
1987-11-30,1987-11,24.633228,36.163314,bridge,13.077853,2.2619766518862163,breakeven-implied,2.185900525311282,groen-synthetic,2.774860915133069,groen-synthetic,3.060424766830925,groen-synthetic,3.5750120998923265,groen-synthetic,15.33983
1987-12-31,1987-12,25.315131,36.91699,bridge,13.628642,2.3164409734788483,breakeven-implied,2.0585977676576306,groen-synthetic,2.6849327347342475,groen-synthetic,2.970741270074514,groen-synthetic,2.7993509315474814,groen-synthetic,15.945083
1988-01-29,1988-01,25.987964,37.66064,bridge,14.183238,2.336379195334514,breakeven-implied,2.089530859376883,groen-synthetic,2.825661517034784,groen-synthetic,3.0800844521506185,groen-synthetic,2.505164598793911,groen-synthetic,16.519617
1988-02-29,1988-02,25.991355,37.664388,bridge,14.186061,2.050018414193768,breakeven-implied,1.9674390778733089,groen-synthetic,2.771030257431311,groen-synthetic,3.0242174373602166,groen-synthetic,2.5690452410876605,groen-synthetic,16.236079
1988-03-31,1988-03,25.983184,37.655358,bridge,14.17926,2.2600347014361155,breakeven-implied,2.0128074381670404,groen-synthetic,2.8030348406668666,groen-synthetic,3.034457238092957,groen-synthetic,2.801260467527116,groen-synthetic,16.439295
1988-04-29,1988-04,26.074086,37.755827,bridge,14.255025,2.134661726404669,breakeven-implied,2.0379094661145274,groen-synthetic,2.907115740281964,groen-synthetic,3.130984054530168,groen-synthetic,2.6781037338487472,groen-synthetic,16.389687
1988-05-31,1988-05,26.005591,37.680123,bridge,14.197916,2.6091601157717346,breakeven-implied,2.248706593383992,groen-synthetic,2.968171428098621,groen-synthetic,3.142168698117815,groen-synthetic,3.131063214779924,groen-synthetic,16.807076
1988-06-30,1988-06,26.088011,37.771218,bridge,14.266649,2.611807533153568,breakeven-implied,2.3066608004700635,groen-synthetic,2.93707610062268,groen-synthetic,3.133979246867168,groen-synthetic,3.1475788433783034,groen-synthetic,16.878457
1988-07-29,1988-07,26.026212,37.702915,bridge,14.215098,2.7075493566848707,breakeven-implied,2.148223589409868,groen-synthetic,2.927310807183223,groen-synthetic,3.102410957868825,groen-synthetic,2.644165806551518,groen-synthetic,16.922647
1988-08-31,1988-08,25.98263,37.654744,bridge,14.178798,2.996561882325826,breakeven-implied,2.439991320457666,groen-synthetic,2.998328783294255,groen-synthetic,3.151334423335534,groen-synthetic,3.2014666310710203,groen-synthetic,17.17536
1988-09-30,1988-09,25.832607,37.488932,bridge,14.0542,2.875561733700326,breakeven-implied,2.4340791870405933,groen-synthetic,2.9432503656248645,groen-synthetic,3.080081882368876,groen-synthetic,3.343277460873871,groen-synthetic,16.929762
1988-10-31,1988-10,18.754043,29.665326,bridge,8.800316,2.801461485384793,breakeven-implied,2.5049146449441717,groen-synthetic,3.068723276166724,groen-synthetic,3.200833585292435,groen-synthetic,3.195314240824132,groen-synthetic,11.601777
1988-11-30,1988-11,18.11432,28.95827,bridge,8.385814,3.5627498752169005,breakeven-implied,2.683206590842671,groen-synthetic,3.0326046478990847,groen-synthetic,3.1698741347054558,groen-synthetic,3.20919520943512,groen-synthetic,11.948564
1988-12-30,1988-12,17.521986,28.303591,bridge,8.010933,3.7464294731792185,breakeven-implied,2.93414200990928,groen-synthetic,3.087298934391678,groen-synthetic,3.215772385282309,groen-synthetic,3.1396667372775844,groen-synthetic,11.757362
1989-01-31,1989-01,16.235398,26.881585,bridge,7.226196,3.731261979134862,breakeven-implied,3.1761025190007484,groen-synthetic,3.2515518936622447,groen-synthetic,3.3575304340279097,groen-synthetic,3.356171464120868,groen-synthetic,10.957458
1989-02-28,1989-02,16.239905,26.886567,bridge,7.228875,4.307974934704894,breakeven-implied,3.204672896708372,groen-synthetic,3.237150923648688,groen-synthetic,3.334568683484256,groen-synthetic,3.285645895865878,groen-synthetic,11.53685
1989-03-31,1989-03,16.145253,26.781953,bridge,7.17273,4.419019039511063,breakeven-implied,3.265221893890632,groen-synthetic,3.168657696048452,groen-synthetic,3.2634130280695355,groen-synthetic,3.335427546201006,groen-synthetic,11.591749
1989-04-28,1989-04,15.578568,26.155622,bridge,6.841166,3.779233957566931,breakeven-implied,3.037175349133146,groen-synthetic,3.2054196223238387,groen-synthetic,3.29616402666801,groen-synthetic,3.343913282848872,groen-synthetic,10.6204
1989-05-31,1989-05,15.356456,25.910131,bridge,6.713349,3.419558989029335,breakeven-implied,3.006527784982712,groen-synthetic,3.1945155752687704,groen-synthetic,3.279351959463958,groen-synthetic,3.521089386484949,groen-synthetic,10.132908
1989-06-30,1989-06,15.280989,25.826722,bridge,6.670196,3.328084295857749,breakeven-implied,2.994497379403628,groen-synthetic,3.2676504601839893,groen-synthetic,3.3262040306179954,groen-synthetic,3.330549889274571,groen-synthetic,9.99828
1989-07-31,1989-07,15.16456,25.698038,bridge,6.603892,2.8779885147951654,breakeven-implied,2.873937287686396,groen-synthetic,3.31053672085983,groen-synthetic,3.3672475819735803,groen-synthetic,3.620913226851878,groen-synthetic,9.481881
1989-08-31,1989-08,15.101543,25.628388,bridge,6.568143,3.6762836252420894,breakeven-implied,3.0963168175083275,groen-synthetic,3.2580168413484216,groen-synthetic,3.317894810624321,groen-synthetic,3.3716143652963666,groen-synthetic,10.244427
1989-09-29,1989-09,15.013299,25.530856,bridge,6.518246,3.873238331926244,breakeven-implied,3.1723775674861256,groen-synthetic,3.28344045447115,groen-synthetic,3.34930026328377,groen-synthetic,3.431493338927061,groen-synthetic,10.391484
1989-10-31,1989-10,11.587591,21.744582,bridge,4.728268,3.202997649966496,breakeven-implied,3.080338033995862,groen-synthetic,3.3250167402603714,groen-synthetic,3.399239558118982,groen-synthetic,3.5050435171374663,groen-synthetic,7.931266
1989-11-30,1989-11,11.11103,21.217861,bridge,4.501976,3.284805364220767,breakeven-implied,2.998767422587674,groen-synthetic,3.193658992397393,groen-synthetic,3.284204880482681,groen-synthetic,3.6098934361279262,groen-synthetic,7.786781
1989-12-29,1989-12,10.881511,20.964184,bridge,4.39497,3.656273837992551,breakeven-implied,3.0533429944853268,groen-synthetic,3.2157010426447687,groen-synthetic,3.2859615253652734,groen-synthetic,3.474367654379777,groen-synthetic,8.051244
1990-01-31,1990-01,10.635706,20.692508,bridge,4.281799,3.3658292442650475,breakeven-implied,2.924997932669765,groen-synthetic,3.1328401701035355,groen-synthetic,3.229151366805469,groen-synthetic,3.494106281976677,groen-synthetic,7.647628
1990-02-28,1990-02,10.596982,20.649708,bridge,4.264104,3.0117247964878984,breakeven-implied,2.859611212594113,groen-synthetic,3.074061936490525,groen-synthetic,3.17247077388766,groen-synthetic,3.4909828331946184,groen-synthetic,7.275829
1990-03-30,1990-03,10.461133,20.49956,bridge,4.20232,3.610916078772149,breakeven-implied,3.016199342723592,groen-synthetic,3.130557389769121,groen-synthetic,3.217859251574734,groen-synthetic,3.4840499618214142,groen-synthetic,7.813236
1990-04-30,1990-04,10.232255,20.246592,bridge,4.099245,3.721157825878088,breakeven-implied,2.9312752285984933,groen-synthetic,3.086441005835564,groen-synthetic,3.181784823613578,groen-synthetic,3.462561371264627,groen-synthetic,7.820403
1990-05-31,1990-05,10.219205,20.232169,bridge,4.093406,3.180960105920035,breakeven-implied,2.82225748259938,groen-synthetic,2.9933228630513598,groen-synthetic,3.110626513949053,groen-synthetic,3.4026416638614743,groen-synthetic,7.274366
1990-06-29,1990-06,10.197667,20.208363,bridge,4.083779,3.1261576878533512,breakeven-implied,2.756492677913485,groen-synthetic,2.9788122105219643,groen-synthetic,3.106622722915969,groen-synthetic,3.266748860913777,groen-synthetic,7.209937
1990-07-31,1990-07,10.224666,20.238204,bridge,4.095849,2.8355491978248155,breakeven-implied,2.5908908549906893,groen-synthetic,2.9886675882485085,groen-synthetic,3.118470068929122,groen-synthetic,3.178370438589931,groen-synthetic,6.931398
1990-08-31,1990-08,11.204948,21.321665,bridge,4.546134,2.8128170087176727,breakeven-implied,2.2204797888595778,groen-synthetic,2.781338174320873,groen-synthetic,2.957487760179712,groen-synthetic,2.961682076251128,groen-synthetic,7.358951
1990-09-28,1990-09,11.433848,21.574656,bridge,4.654658,2.029501687623638,breakeven-implied,2.115505932291059,groen-synthetic,2.76427410350745,groen-synthetic,2.9553976018682784,groen-synthetic,2.968288590072178,groen-synthetic,6.68416
1990-10-31,1990-10,11.186725,21.301523,bridge,4.537549,1.6307365249011512,breakeven-implied,1.918048036844392,groen-synthetic,2.6465786920464507,groen-synthetic,2.8714374748915605,groen-synthetic,2.915425843277266,groen-synthetic,6.168286
1990-11-30,1990-11,11.31177,21.439729,bridge,4.59662,1.5341800704822148,breakeven-implied,2.058902074705784,groen-synthetic,2.6806380409340616,groen-synthetic,2.9090720687767395,groen-synthetic,2.98650273138459,groen-synthetic,6.1308
1990-12-31,1990-12,11.325361,21.454751,bridge,4.603063,1.2025603233106676,breakeven-implied,1.7665587832057033,groen-synthetic,2.503761363190053,groen-synthetic,2.758220104402508,groen-synthetic,2.624507440334402,groen-synthetic,5.805623
1991-01-31,1991-01,11.325684,21.455109,bridge,4.603217,1.708929388908187,breakeven-implied,1.678799899765905,groen-synthetic,2.3199581284016104,groen-synthetic,2.5858413591189278,groen-synthetic,2.467053520010755,groen-synthetic,6.312146
1991-02-28,1991-02,11.497833,21.645376,bridge,4.685223,1.862521787348095,breakeven-implied,1.7611493065365362,groen-synthetic,2.347121001335951,groen-synthetic,2.621391413117168,groen-synthetic,2.485977037707418,groen-synthetic,6.547745
1991-03-28,1991-03,11.457712,21.601032,bridge,4.666046,1.7756073114370383,breakeven-implied,1.9759367681960835,groen-synthetic,2.4816523759201905,groen-synthetic,2.7514788230492933,groen-synthetic,2.689103915909316,groen-synthetic,6.441653
1991-04-30,1991-04,11.615954,21.77593,bridge,4.741911,1.650461997468374,breakeven-implied,1.9267480224486688,groen-synthetic,2.557933547893809,groen-synthetic,2.8251849861156866,groen-synthetic,2.6607819491117004,groen-synthetic,6.392373
1991-05-31,1991-05,11.703183,21.87234,bridge,4.783993,1.7256510577467892,breakeven-implied,1.89567558153486,groen-synthetic,2.552215789516343,groen-synthetic,2.823664063172723,groen-synthetic,2.74764842177701,groen-synthetic,6.509644
1991-06-28,1991-06,11.651668,21.815403,bridge,4.759118,1.904400317221272,breakeven-implied,1.9872046947018536,groen-synthetic,2.596222140809391,groen-synthetic,2.874001674708258,groen-synthetic,2.773592172710484,groen-synthetic,6.663518
1991-07-31,1991-07,11.602517,21.761079,bridge,4.735445,1.557556880454475,breakeven-implied,1.9898326527829209,groen-synthetic,2.6368508699094475,groen-synthetic,2.909191412095057,groen-synthetic,2.960393027739332,groen-synthetic,6.293002
1991-08-30,1991-08,11.064023,21.165907,bridge,4.479956,1.30528748427373,breakeven-implied,1.8170896308719129,groen-synthetic,2.619722136490551,groen-synthetic,2.911081309282886,groen-synthetic,2.813957680671472,groen-synthetic,5.785243
1991-09-30,1991-09,10.793385,20.866783,bridge,4.354226,1.2411576004065068,breakeven-implied,1.779413828317998,groen-synthetic,2.5757646367716864,groen-synthetic,2.8614448726960227,groen-synthetic,2.9896872487404496,groen-synthetic,5.595384
1991-10-31,1991-10,9.945178,19.9293,bridge,3.97177,0.8978835629751687,breakeven-implied,1.4959240908381104,groen-synthetic,2.5255269697836757,groen-synthetic,2.8238861330378464,groen-synthetic,2.7458219504231303,groen-synthetic,4.869654
1991-11-29,1991-11,10.196273,20.206822,bridge,4.083157,0.7016622666906939,breakeven-implied,1.3572670139649832,groen-synthetic,2.5026833952572134,groen-synthetic,2.8022721243907536,groen-synthetic,2.9849082816368235,groen-synthetic,4.784819
1991-12-31,1991-12,10.257689,20.274703,bridge,4.110636,0.0335155867603631,breakeven-implied,1.5502051415727696,groen-synthetic,2.6350623600555774,groen-synthetic,2.918432779993382,groen-synthetic,3.640666802718848,groen-synthetic,4.144152
1992-01-31,1992-01,9.886757,19.864729,bridge,3.946075,0.550431831380567,breakeven-implied,1.6462975265726678,groen-synthetic,2.6805270637847736,groen-synthetic,2.9805620697200497,groen-synthetic,3.1882439274295047,groen-synthetic,4.496507
1992-02-28,1992-02,9.725743,19.686768,bridge,3.875688,0.4669676666093942,breakeven-implied,1.7265679993325005,groen-synthetic,2.62946905652394,groen-synthetic,2.954302227694168,groen-synthetic,3.3798915960660443,groen-synthetic,4.342656
1992-03-31,1992-03,9.545873,19.487966,bridge,3.797808,0.4709019881877981,breakeven-implied,1.7932024782052416,groen-synthetic,2.5187287440350765,groen-synthetic,2.8603877256127737,groen-synthetic,3.359452272745207,groen-synthetic,4.26871
1992-04-30,1992-04,9.602674,19.550746,bridge,3.822317,0.4043043939631093,breakeven-implied,1.6921702508237333,groen-synthetic,2.557310902940427,groen-synthetic,2.888642087670084,groen-synthetic,3.471276570525611,groen-synthetic,4.226621
1992-05-29,1992-05,9.42971,19.359577,bridge,3.747932,0.2374933790539327,breakeven-implied,1.5120913053190017,groen-synthetic,2.4637161942152845,groen-synthetic,2.836440521975787,groen-synthetic,3.3658677044067296,groen-synthetic,3.985425
1992-06-30,1992-06,9.257379,19.169107,bridge,3.674547,-0.0455657261901706,breakeven-implied,1.222504395354007,groen-synthetic,2.4696238791260883,groen-synthetic,2.8434087006957744,groen-synthetic,3.18440905353857,groen-synthetic,3.628981
1992-07-31,1992-07,9.225507,19.13388,bridge,3.661054,-0.2059419097492217,breakeven-implied,1.0884693333222222,groen-synthetic,2.314392693309099,groen-synthetic,2.7155605131666194,groen-synthetic,3.2623768741072827,groen-synthetic,3.455112
1992-08-31,1992-08,8.561615,18.400111,bridge,3.385641,-0.2060343831780703,breakeven-implied,0.8922436604581856,groen-synthetic,2.3355787396330734,groen-synthetic,2.735020924103509,groen-synthetic,2.7498859371592945,groen-synthetic,3.179607
1992-09-30,1992-09,8.515794,18.349468,bridge,3.36703,-0.4938591338170983,breakeven-implied,0.8023508959544943,groen-synthetic,2.3532638263008723,groen-synthetic,2.747972268914077,groen-synthetic,2.907144892126488,groen-synthetic,2.873171
1992-10-30,1992-10,8.311951,18.12417,bridge,3.284856,0.0841949495970231,breakeven-implied,1.2595586010344153,groen-synthetic,2.4068049449751827,groen-synthetic,2.7761980591779296,groen-synthetic,3.388454022498439,groen-synthetic,3.369051
1992-11-30,1992-11,7.748467,17.501378,bridge,3.062982,0.3128688558736417,breakeven-implied,1.6520185659054945,groen-synthetic,2.568597711790152,groen-synthetic,2.906317839607612,groen-synthetic,3.378964190024853,groen-synthetic,3.375851
1992-12-31,1992-12,7.522852,17.252015,bridge,2.97632,0.2205023355559984,breakeven-implied,1.7255315548308876,groen-synthetic,2.663179671278431,groen-synthetic,2.99697948355259,groen-synthetic,3.5049136308442885,groen-synthetic,3.196822
1993-01-29,1993-01,7.350583,17.061615,bridge,2.910987,0.0729320788387586,breakeven-implied,1.4417530315795748,groen-synthetic,2.555730798011459,groen-synthetic,2.898832645537441,groen-synthetic,3.6132540816584986,groen-synthetic,2.983919
1993-02-26,1993-02,7.438364,17.158635,bridge,2.944188,0.0363432120345109,breakeven-implied,1.29892158120827,groen-synthetic,2.444950960585102,groen-synthetic,2.800116886020888,groen-synthetic,3.5383897888250373,groen-synthetic,2.980531
1993-03-31,1993-03,7.434819,17.154717,bridge,2.942843,0.0315017401186247,breakeven-implied,1.2653102821773996,groen-synthetic,2.440755222538252,groen-synthetic,2.7876471142633763,groen-synthetic,3.5146510561499857,groen-synthetic,2.974345
1993-04-30,1993-04,7.246123,16.94616,bridge,2.871723,-0.0262602622518721,breakeven-implied,1.398318879179302,groen-synthetic,2.6154232050792823,groen-synthetic,2.939720684132012,groen-synthetic,3.724552766392829,groen-synthetic,2.845463
1993-05-28,1993-05,7.224672,16.922451,bridge,2.863693,0.4755760309309351,breakeven-implied,1.4976498878590694,groen-synthetic,2.5173884977003427,groen-synthetic,2.8378788876090764,groen-synthetic,3.671532649516138,groen-synthetic,3.339269
1993-06-30,1993-06,7.109569,16.795233,bridge,2.820799,0.4326802198207121,breakeven-implied,1.554664040186489,groen-synthetic,2.5332602448951045,groen-synthetic,2.831249090881743,groen-synthetic,3.746893094889157,groen-synthetic,3.253479
1993-07-30,1993-07,7.046742,16.725794,bridge,2.797522,0.5948038754892002,breakeven-implied,1.723179519188978,groen-synthetic,2.5850137707058485,groen-synthetic,2.8791583266476706,groen-synthetic,3.5442005096255342,groen-synthetic,3.392326
1993-08-31,1993-08,6.903876,16.567891,bridge,2.74495,0.4808693598883178,breakeven-implied,1.708659453508167,groen-synthetic,2.5992993688844543,groen-synthetic,2.88941332579729,groen-synthetic,3.587383633525564,groen-synthetic,3.225819
1993-09-30,1993-09,6.781848,16.433019,bridge,2.700441,0.6314339399158783,breakeven-implied,1.7941603942694342,groen-synthetic,2.6132442965924496,groen-synthetic,2.9000071101597222,groen-synthetic,3.742905538598855,groen-synthetic,3.331875
1993-10-29,1993-10,6.559592,16.187369,bridge,2.620309,0.5621961900797542,breakeven-implied,1.5626232678374057,groen-synthetic,2.365158844809927,groen-synthetic,2.693253414571322,groen-synthetic,3.346405904136823,groen-synthetic,3.182505
1993-11-30,1993-11,6.346579,15.951936,bridge,2.544643,0.6055416020339125,breakeven-implied,1.6596480766212354,groen-synthetic,2.48914412686144,groen-synthetic,2.8040813457558653,groen-synthetic,3.376146638353516,groen-synthetic,3.150185
1993-12-31,1993-12,6.272155,15.869678,bridge,2.518467,0.7770771247076285,breakeven-implied,1.7060343230554982,groen-synthetic,2.510604867747649,groen-synthetic,2.821526758505415,groen-synthetic,3.442910812482287,groen-synthetic,3.295544
1994-01-31,1994-01,6.226441,15.819153,bridge,2.502456,0.4170190033512198,breakeven-implied,1.642187247559038,groen-synthetic,2.446066332946835,groen-synthetic,2.770157009256577,groen-synthetic,3.4686671812191303,groen-synthetic,2.919475
1994-02-28,1994-02,6.331828,15.935633,bridge,2.539444,0.9152082909547729,breakeven-implied,1.7058787584469544,groen-synthetic,2.469501633258367,groen-synthetic,2.786421016790007,groen-synthetic,3.247891548950639,groen-synthetic,3.454652
1994-03-31,1994-03,6.499084,16.120493,bridge,2.598703,0.8065025873388355,breakeven-implied,1.9114141808968383,groen-synthetic,2.624857280435194,groen-synthetic,2.9315094808868736,groen-synthetic,3.246785405854783,groen-synthetic,3.405206
1994-04-29,1994-04,6.418176,16.031069,bridge,2.569952,1.3099610066408465,breakeven-implied,2.1294278029684017,groen-synthetic,2.701235102846627,groen-synthetic,2.974721612541409,groen-synthetic,3.1985262953706592,groen-synthetic,3.879913
1994-05-31,1994-05,6.445507,16.061277,bridge,2.579646,1.5362687395285293,breakeven-implied,2.0923140294288585,groen-synthetic,2.6686325551880468,groen-synthetic,2.9535897955691084,groen-synthetic,3.0393395207351257,groen-synthetic,4.115915
1994-06-30,1994-06,6.501526,16.123192,bridge,2.599573,1.528321593589805,breakeven-implied,2.043537783457241,groen-synthetic,2.659427282005748,groen-synthetic,2.950155355003204,groen-synthetic,3.0488147749468237,groen-synthetic,4.127895
1994-07-29,1994-07,6.428044,16.041975,bridge,2.57345,1.580693813976617,breakeven-implied,2.09924420977718,groen-synthetic,2.64359605284403,groen-synthetic,2.92949140803075,groen-synthetic,3.1088091946614638,groen-synthetic,4.154144
1994-08-31,1994-08,6.485713,16.105714,bridge,2.59394,1.6563970345281886,breakeven-implied,2.1494546684725444,groen-synthetic,2.6800963324403293,groen-synthetic,2.957497865565597,groen-synthetic,3.39278944212674,groen-synthetic,4.250337
1994-09-30,1994-09,6.576181,16.205705,bridge,2.626249,2.041839927320848,breakeven-implied,2.1731446557613103,groen-synthetic,2.661435771636118,groen-synthetic,2.943496217365417,groen-synthetic,3.0318839298798763,groen-synthetic,4.668089
1994-10-31,1994-10,6.715951,16.360186,bridge,2.676557,1.978177872173883,breakeven-implied,2.2891889376304677,groen-synthetic,2.7409333834972966,groen-synthetic,3.0043653748759023,groen-synthetic,3.312379447071905,groen-synthetic,4.654735
1994-11-30,1994-11,6.829283,16.485446,bridge,2.717699,2.638883013624922,breakeven-implied,2.540036168201656,groen-synthetic,2.7368809651433703,groen-synthetic,2.9934489867213534,groen-synthetic,3.309766829055826,groen-synthetic,5.356582
1994-12-30,1994-12,6.954399,16.623731,bridge,2.763484,2.8226173941773887,breakeven-implied,2.6511201417960164,groen-synthetic,2.794019539222547,groen-synthetic,3.0207331936056465,groen-synthetic,3.1636777284593958,groen-synthetic,5.586101
1995-01-31,1995-01,6.933121,16.600214,bridge,2.755671,2.6341691620401653,breakeven-implied,2.5822181573427403,groen-synthetic,2.758603995423053,groen-synthetic,3.0054494493336894,groen-synthetic,3.306356632515969,groen-synthetic,5.38984
1995-02-28,1995-02,6.678881,16.319214,bridge,2.663167,2.38937460100048,breakeven-implied,2.33591174259634,groen-synthetic,2.655573556094268,groen-synthetic,2.8987478202615327,groen-synthetic,3.363974611276273,groen-synthetic,5.052542
1995-03-31,1995-03,6.513845,16.136808,bridge,2.603966,2.517236366104337,breakeven-implied,2.35788591478845,groen-synthetic,2.668249400655244,groen-synthetic,2.894368201620843,groen-synthetic,3.280180900955891,groen-synthetic,5.121202
1995-04-28,1995-04,6.2832,15.881887,bridge,2.522343,2.4271150985165506,breakeven-implied,2.3295768154344354,groen-synthetic,2.666903626588891,groen-synthetic,2.8880592394379567,groen-synthetic,3.168096458460008,groen-synthetic,4.949458
1995-05-31,1995-05,6.244709,15.839344,bridge,2.508848,1.9988221104161656,breakeven-implied,2.1756659698632874,groen-synthetic,2.6346089452616117,groen-synthetic,2.8574773805255376,groen-synthetic,3.208360061668349,groen-synthetic,4.50767
1995-06-30,1995-06,6.212235,15.803452,bridge,2.497491,2.336173995888597,breakeven-implied,2.201476521872925,groen-synthetic,2.592477050925182,groen-synthetic,2.8317612924223208,groen-synthetic,3.0650591380930123,groen-synthetic,4.833665
1995-07-31,1995-07,6.344307,15.949425,bridge,2.543842,2.126876364171507,breakeven-implied,2.2558947618368355,groen-synthetic,2.6776643700044653,groen-synthetic,2.9049075595890024,groen-synthetic,3.2333199189166613,groen-synthetic,4.670718
1995-08-31,1995-08,6.263974,15.860637,bridge,2.515598,2.1218293919533773,breakeven-implied,2.3630834826027485,groen-synthetic,2.743729734136508,groen-synthetic,2.933165377306989,groen-synthetic,3.2870919691281486,groen-synthetic,4.637427
1995-09-29,1995-09,6.135843,15.71902,bridge,2.470876,2.3034304567951494,breakeven-implied,2.419700953097025,groen-synthetic,2.736660958285664,groen-synthetic,2.9332093133165986,groen-synthetic,3.2654847370433138,groen-synthetic,4.774306
1995-10-31,1995-10,6.056838,15.631699,bridge,2.4435,2.3073088950288443,breakeven-implied,2.443006974419797,groen-synthetic,2.785577293538331,groen-synthetic,2.9542435872925568,groen-synthetic,3.275268162749445,groen-synthetic,4.750809
1995-11-30,1995-11,5.865816,15.420571,bridge,2.37794,2.31801667309226,breakeven-implied,2.4361686073225965,groen-synthetic,2.794456610107924,groen-synthetic,2.968981541125,groen-synthetic,3.4631716917313944,groen-synthetic,4.695957
1995-12-29,1995-12,6.008003,15.577724,bridge,2.426655,2.355048245954505,breakeven-implied,2.4659614502876,groen-synthetic,2.7997568820998797,groen-synthetic,2.9710190624773225,groen-synthetic,3.4090216829398563,groen-synthetic,4.781703
1996-01-31,1996-01,6.388662,15.998449,bridge,2.559504,1.8296831114512253,breakeven-implied,2.2346690662956865,groen-synthetic,2.729774592887936,groen-synthetic,2.894697430346852,groen-synthetic,3.330785542960579,groen-synthetic,4.389187
1996-02-29,1996-02,6.514165,16.137161,bridge,2.60408,2.085622893624388,breakeven-implied,2.4539451307426803,groen-synthetic,2.9484824720178757,groen-synthetic,3.1036372829289487,groen-synthetic,3.398212164485351,groen-synthetic,4.689703
1996-03-29,1996-03,7.005508,16.68022,bridge,2.782297,2.598563195501502,breakeven-implied,2.5115003601920174,groen-synthetic,2.8897640982114776,groen-synthetic,3.0619800088172706,groen-synthetic,3.271388150323937,groen-synthetic,5.38086
1996-04-30,1996-04,7.199519,16.894651,bridge,2.854292,2.224979219942646,breakeven-implied,2.6534015826622097,groen-synthetic,3.065509212405732,groen-synthetic,3.2144726944804924,groen-synthetic,3.4071398613717525,groen-synthetic,5.079271
1996-05-31,1996-05,7.28217,16.986001,bridge,2.885242,2.262289210505839,breakeven-implied,2.729583146875373,groen-synthetic,3.0645094605222587,groen-synthetic,3.224372454147648,groen-synthetic,3.353276374213485,groen-synthetic,5.147531
1996-06-28,1996-06,7.168969,16.860886,bridge,2.842895,2.314997897423834,breakeven-implied,2.686776232869967,groen-synthetic,3.035043896322413,groen-synthetic,3.193313952456817,groen-synthetic,3.41777648659464,groen-synthetic,5.157893
1996-07-31,1996-07,7.816677,17.576767,bridge,3.089427,2.4849466802671483,breakeven-implied,2.8026419244174194,groen-synthetic,3.1222208035058365,groen-synthetic,3.2578346415679214,groen-synthetic,3.484465475917275,groen-synthetic,5.574374
1996-08-30,1996-08,7.964267,17.739891,bridge,3.147037,2.519466588705246,breakeven-implied,2.7340573623598536,groen-synthetic,3.0750317261108666,groen-synthetic,3.2422671554306643,groen-synthetic,3.456057716627053,groen-synthetic,5.666504
1996-09-30,1996-09,7.986623,17.7646,bridge,3.15581,2.4323260646874107,breakeven-implied,2.714462582538323,groen-synthetic,3.056602443627088,groen-synthetic,3.218773034471768,groen-synthetic,3.650791989351327,groen-synthetic,5.588136
1996-10-31,1996-10,7.92573,17.697298,bridge,3.131944,2.282498750596086,breakeven-implied,2.7374690404961184,groen-synthetic,3.107246562864665,groen-synthetic,3.245352692293096,groen-synthetic,3.582325066544354,groen-synthetic,5.414443
1996-11-29,1996-11,7.903061,17.672243,bridge,3.123082,2.2676417078950903,breakeven-implied,2.784382657454752,groen-synthetic,3.1125768036129875,groen-synthetic,3.234528147619009,groen-synthetic,3.6129859920251977,groen-synthetic,5.390724
1996-12-31,1996-12,8.003818,17.783605,bridge,3.162566,2.5665040160174737,breakeven-implied,2.820810313030994,groen-synthetic,3.104620555300301,groen-synthetic,3.249494678624964,groen-synthetic,3.413268980392536,groen-synthetic,5.72907
1997-01-31,1997-01,8.142976,17.937409,bridge,3.217507,2.312953814169885,breakeven-implied,2.718874475771533,groen-synthetic,3.042597976488188,groen-synthetic,3.208284728045731,groen-synthetic,3.508028145888,groen-synthetic,5.530461
1997-02-28,1997-02,8.276902,18.085432,bridge,3.270828,2.4153569541073177,breakeven-implied,2.818173223971486,groen-synthetic,3.082806793399094,groen-synthetic,3.2372094044929405,groen-synthetic,3.489422052758584,groen-synthetic,5.686185
1997-03-31,1997-03,8.34776,18.163748,bridge,3.299218,2.621407657404609,breakeven-implied,2.885253688276183,groen-synthetic,3.1633185398859696,groen-synthetic,3.286694410604245,groen-synthetic,3.425497991485169,groen-synthetic,5.920626
1997-04-30,1997-04,8.929194,18.80638,bridge,3.536799,2.4996385155955,breakeven-implied,2.8149395918272377,groen-synthetic,3.096154421499364,groen-synthetic,3.214008256929445,groen-synthetic,3.44355295283736,groen-synthetic,6.036438
1997-05-30,1997-05,9.068075,18.959879,bridge,3.59477,2.5677023057192803,breakeven-implied,2.8655977991492056,groen-synthetic,3.151646806327248,groen-synthetic,3.249796827505656,groen-synthetic,3.501130908212119,groen-synthetic,6.162472
1997-06-30,1997-06,9.390497,19.316237,bridge,3.73117,2.5205334086055915,breakeven-implied,2.896803797406717,groen-synthetic,3.156865343410977,groen-synthetic,3.255715909672978,groen-synthetic,3.449663303367083,groen-synthetic,6.251703
1997-07-31,1997-07,9.293921,19.209495,bridge,3.690047,2.4533884696303114,breakeven-implied,2.870936980414214,groen-synthetic,3.12385586610601,groen-synthetic,3.235125197598128,groen-synthetic,3.436158317108281,groen-synthetic,6.143435
1997-08-29,1997-08,9.80426,19.77355,bridge,3.909933,2.774060729160487,breakeven-implied,2.907214305239868,groen-synthetic,3.16870144405566,groen-synthetic,3.264273023429865,groen-synthetic,3.397262630161641,groen-synthetic,6.683994
1997-09-30,1997-09,9.99137,19.980353,bridge,3.992145,2.6693069780104315,breakeven-implied,2.94943444874456,groen-synthetic,3.2053884558201218,groen-synthetic,3.292323294112484,groen-synthetic,3.6477601897425376,groen-synthetic,6.661452
1997-10-31,1997-10,11.936851,22.130602,bridge,4.897635,2.6666832495497776,breakeven-implied,3.0538446714321568,groen-synthetic,3.2672443317459576,groen-synthetic,3.383128993064776,groen-synthetic,3.548574361847845,groen-synthetic,7.564318
1997-11-28,1997-11,12.231614,22.45639,bridge,5.042895,2.9229412929256706,breakeven-implied,3.1258972883607345,groen-synthetic,3.2220605899833,groen-synthetic,3.338466083639888,groen-synthetic,3.3944865119991627,groen-synthetic,7.965836
1997-12-31,1997-12,12.315759,22.549392,bridge,5.084751,2.841814952075312,breakeven-implied,3.150625549221207,groen-synthetic,3.278130030671576,groen-synthetic,3.3630273160734467,groen-synthetic,3.4547085606767896,groen-synthetic,7.926566
1998-01-30,1998-01,12.54619,22.804076,bridge,5.200259,2.7919409405410915,breakeven-implied,2.9196836494005725,groen-synthetic,3.1635295128926715,groen-synthetic,3.244529244009268,groen-synthetic,3.3897436883480263,groen-synthetic,7.9922
1998-02-27,1998-02,12.496858,22.749551,bridge,5.175421,3.094958903183552,breakeven-implied,3.1741398193303336,groen-synthetic,3.3138309740757763,groen-synthetic,3.3561631305409203,groen-synthetic,3.4897723442946487,groen-synthetic,8.27038
1998-03-31,1998-03,12.264171,22.492374,bridge,5.059069,2.8493556589487774,breakeven-implied,3.232046327596767,groen-synthetic,3.381624692126778,groen-synthetic,3.413489376408831,groen-synthetic,3.5356867651895385,groen-synthetic,7.908425
1998-04-30,1998-04,12.167772,22.385829,bridge,5.011253,2.985231374039663,breakeven-implied,3.133887903797239,groen-synthetic,3.32226271077932,groen-synthetic,3.389139819889812,groen-synthetic,3.501914848072221,groen-synthetic,7.996484
1998-05-29,1998-05,12.076636,22.2851,bridge,4.966257,3.112451784028993,breakeven-implied,3.231836456706585,groen-synthetic,3.343425916058282,groen-synthetic,3.398338127352625,groen-synthetic,3.614908479680016,groen-synthetic,8.078709
1998-06-30,1998-06,12.201417,22.423015,bridge,5.027916,3.274588965158302,breakeven-implied,3.3357136533085843,groen-synthetic,3.3777276461237458,groen-synthetic,3.417816408007551,groen-synthetic,3.505692214216566,groen-synthetic,8.302505
1998-07-31,1998-07,12.152189,22.368606,bridge,5.003545,3.0525435426958234,breakeven-implied,3.292534297880347,groen-synthetic,3.3773043852613465,groen-synthetic,3.421423144967898,groen-synthetic,3.4992290272569986,groen-synthetic,8.056089
1998-08-31,1998-08,12.875561,23.168114,bridge,5.367615,2.8414918551492687,breakeven-implied,3.232111869123583,groen-synthetic,3.42183235286438,groen-synthetic,3.4383412920970184,groen-synthetic,3.6192345459814455,groen-synthetic,8.209107
1998-09-30,1998-09,14.69392,25.177862,bridge,6.339247,2.4717791367633035,breakeven-implied,3.0496985569157835,groen-synthetic,3.3974492148911435,groen-synthetic,3.421209202479902,groen-synthetic,3.9647127095230776,groen-synthetic,8.811026
1998-10-30,1998-10,14.484311,24.946191,bridge,6.223125,2.495231522486842,breakeven-implied,2.7029294558268657,groen-synthetic,3.192280157108429,groen-synthetic,3.2636799935304843,groen-synthetic,3.4778615364547307,groen-synthetic,8.718357
1998-11-30,1998-11,14.407436,24.861224,bridge,6.180805,2.649788064770771,breakeven-implied,3.0666145893554475,groen-synthetic,3.311966683866115,groen-synthetic,3.338406459237859,groen-synthetic,3.6276383133649945,groen-synthetic,8.830593
1998-12-31,1998-12,14.698723,25.18317,bridge,6.341921,2.803881200834013,breakeven-implied,3.0832983527906053,groen-synthetic,3.366472144184248,groen-synthetic,3.39420538700427,groen-synthetic,3.635526332723868,groen-synthetic,9.145802
1999-01-29,1999-01,14.798953,25.29395,bridge,6.397839,2.701910917640495,breakeven-implied,3.7846999168396,market-TIPS,3.74180006980896,market-TIPS,3.66899991035461,market-TIPS,3.801813429222277,breakeven-implied,9.09975
1999-02-26,1999-02,15.055996,25.578048,bridge,6.542365,3.068524121737661,breakeven-implied,3.87159991264343,market-TIPS,3.84109997749329,market-TIPS,3.75699996948242,market-TIPS,4.203465304021579,breakeven-implied,9.610889
1999-03-31,1999-03,15.239745,25.781137,bridge,6.64667,2.5830391832204755,breakeven-implied,3.89179992675781,market-TIPS,3.89910006523132,market-TIPS,3.8529999256134,market-TIPS,4.09637113932049,breakeven-implied,9.229709
1999-04-30,1999-04,15.313325,25.862461,bridge,6.688669,2.6279724087309635,breakeven-implied,3.85660004615784,market-TIPS,3.87910008430481,market-TIPS,3.84349989891052,market-TIPS,4.051072816345991,breakeven-implied,9.316641
1999-05-28,1999-05,15.518311,26.089023,bridge,6.806371,2.771465416804722,breakeven-implied,3.76489996910095,market-TIPS,3.84549999237061,market-TIPS,3.85409998893738,market-TIPS,3.998865718764896,breakeven-implied,9.577836
1999-06-30,1999-06,15.518261,26.088967,bridge,6.806342,3.2513668750552256,breakeven-implied,3.94530010223389,market-TIPS,3.97149991989136,market-TIPS,3.94309997558594,market-TIPS,3.922108864905949,breakeven-implied,10.057709
1999-07-30,1999-07,15.541594,26.114756,bridge,6.819805,2.860279811602482,breakeven-implied,3.98539996147156,market-TIPS,3.99780011177063,market-TIPS,3.98760008811951,market-TIPS,3.941877003179755,breakeven-implied,9.680085
1999-08-31,1999-08,15.18841,25.724399,bridge,6.617447,3.0406625590442937,breakeven-implied,4.0233998298645,market-TIPS,4.0132999420166,market-TIPS,3.99349999427795,market-TIPS,4.07335688432322,breakeven-implied,9.65811
1999-09-30,1999-09,14.087115,24.507188,bridge,6.006023,3.0783201222462058,breakeven-implied,4.1168999671936,market-TIPS,4.07110023498535,market-TIPS,4.04489994049072,market-TIPS,4.020136896526047,breakeven-implied,9.084343
1999-10-29,1999-10,13.694065,24.072768,bridge,5.794982,3.073193547713741,breakeven-implied,4.14909982681274,market-TIPS,4.11240005493164,market-TIPS,4.0903000831604,market-TIPS,4.080477419355594,breakeven-implied,8.868176
1999-11-30,1999-11,13.554388,23.918391,bridge,5.720894,3.175858103289157,breakeven-implied,4.15729999542236,market-TIPS,4.1237998008728,market-TIPS,4.10190010070801,market-TIPS,4.040505724394389,breakeven-implied,8.896752
1999-12-31,1999-12,13.267277,23.60106,bridge,5.5701,3.224703244184708,breakeven-implied,4.2810001373291,market-TIPS,4.28560018539429,market-TIPS,4.24090003967285,market-TIPS,4.281400031803031,breakeven-implied,8.794803
2000-01-31,2000-01,13.656351,24.031085,bridge,5.77493,3.622820990491804,breakeven-implied,4.27349996566772,market-TIPS,4.26609992980957,market-TIPS,4.22109985351562,market-TIPS,4.1826980245376495,breakeven-implied,9.397751
2000-02-29,2000-02,13.892434,24.292017,bridge,5.901021,3.579319042601704,breakeven-implied,4.23710012435913,market-TIPS,4.25409984588623,market-TIPS,4.13149976730347,market-TIPS,4.004438293855524,breakeven-implied,9.48034
2000-03-31,2000-03,14.204072,24.636456,bridge,6.069549,3.5550219296511365,breakeven-implied,3.978600025177,market-TIPS,3.96819996833801,market-TIPS,3.89070010185242,market-TIPS,3.750076637595576,breakeven-implied,9.624571
2000-04-28,2000-04,15.142157,25.673277,bridge,6.591172,3.766921201669815,breakeven-implied,3.96119999885559,market-TIPS,3.94099998474121,market-TIPS,3.83829998970032,market-TIPS,4.016738850892776,breakeven-implied,10.358093
2000-05-31,2000-05,15.398017,25.956068,bridge,6.737175,3.81058888950275,breakeven-implied,4.16669988632202,market-TIPS,4.12879991531372,market-TIPS,3.96740007400513,market-TIPS,4.10912313733313,breakeven-implied,10.547764
2000-06-30,2000-06,15.315538,25.864906,bridge,6.689934,3.120318315553192,breakeven-implied,4.05810022354126,market-TIPS,4.02050018310547,market-TIPS,3.87739992141724,market-TIPS,4.019239043231502,breakeven-implied,9.810252
2000-07-31,2000-07,15.389859,25.94705,bridge,6.732494,3.783140199215752,breakeven-implied,3.99320006370544,market-TIPS,3.97729992866516,market-TIPS,3.83809995651245,market-TIPS,4.089864395988769,breakeven-implied,10.515634
2000-08-31,2000-08,14.70214,25.186947,bridge,6.343823,3.607277062578623,breakeven-implied,3.98819994926453,market-TIPS,3.95900011062622,market-TIPS,3.86500000953674,market-TIPS,3.8819309768862897,breakeven-implied,9.9511
2000-09-29,2000-09,14.305036,24.748047,bridge,6.124658,3.4613311464474523,breakeven-implied,3.93670010566711,market-TIPS,3.94600009918213,market-TIPS,3.88459992408752,market-TIPS,4.088364831790387,breakeven-implied,9.585989
2000-10-31,2000-10,14.302261,24.744979,bridge,6.12314,3.557267080199133,breakeven-implied,3.81850004196167,market-TIPS,3.83380007743835,market-TIPS,3.80660009384155,market-TIPS,4.074944605224821,breakeven-implied,9.680407
2000-11-30,2000-11,14.460556,24.919935,bridge,6.210032,3.3380412384548968,breakeven-implied,3.76040005683899,market-TIPS,3.77760004997253,market-TIPS,3.74830007553101,market-TIPS,3.98999381526656,breakeven-implied,9.548073
2000-12-29,2000-12,14.870469,25.372993,bridge,6.437888,2.738765667422141,breakeven-implied,3.69720005989075,market-TIPS,3.70799994468689,market-TIPS,3.69799995422363,market-TIPS,3.899954024168237,breakeven-implied,9.176654
2001-01-31,2001-01,14.781582,25.274751,bridge,6.38813,2.489083742701517,breakeven-implied,3.32109999656677,market-TIPS,3.52850008010864,market-TIPS,3.59940004348755,market-TIPS,4.128705554705457,breakeven-implied,8.877214
2001-02-28,2001-02,14.573018,25.044235,bridge,6.272137,2.220714678860612,breakeven-implied,3.11050009727478,market-TIPS,3.36949992179871,market-TIPS,3.45650005340576,market-TIPS,3.68453122209522,breakeven-implied,8.492852
2001-03-30,2001-03,15.109951,25.637681,bridge,6.572907,2.286335361556404,breakeven-implied,3.09310007095337,market-TIPS,3.3591001033783,market-TIPS,3.49340009689331,market-TIPS,3.7654274295473744,breakeven-implied,8.859242
2001-04-30,2001-04,15.024419,25.543147,bridge,6.524524,1.7118053580152053,breakeven-implied,3.03080010414124,market-TIPS,3.36890006065369,market-TIPS,3.49390006065369,market-TIPS,3.812500896426517,breakeven-implied,8.236329
2001-05-31,2001-05,14.77359,25.265917,bridge,6.383666,1.3212113867267588,breakeven-implied,2.89650011062622,market-TIPS,3.35170006752014,market-TIPS,3.46040010452271,market-TIPS,3.716484957408462,breakeven-implied,7.704877
2001-06-29,2001-06,14.685201,25.168225,bridge,6.334395,1.4285305227394711,breakeven-implied,3.04590010643005,market-TIPS,3.53760004043579,market-TIPS,3.53279995918274,market-TIPS,3.768614312597204,breakeven-implied,7.762926
2001-07-31,2001-07,14.784496,25.277971,bridge,6.389758,1.1646138448062373,breakeven-implied,3.03329992294312,market-TIPS,3.3649001121521,market-TIPS,3.39790010452271,market-TIPS,3.792097988659004,breakeven-implied,7.554372
2001-08-31,2001-08,14.768474,25.260262,bridge,6.380809,1.1445631185844432,breakeven-implied,3.0689001083374,market-TIPS,3.37859988212585,market-TIPS,3.42170000076294,market-TIPS,3.86133858058004,breakeven-implied,7.525372
2001-09-28,2001-09,15.594309,26.173019,bridge,6.850269,-0.2038671331287325,breakeven-implied,2.82459998130798,market-TIPS,3.28830003738403,market-TIPS,3.45910000801086,market-TIPS,3.979037422768161,breakeven-implied,6.646402
2001-10-31,2001-10,15.627065,26.209223,bridge,6.869234,0.1179945348864636,breakeven-implied,2.73889994621277,market-TIPS,3.14019989967346,market-TIPS,3.20589995384216,market-TIPS,3.521765870664912,breakeven-implied,6.987229
2001-11-30,2001-11,15.545449,26.119017,bridge,6.822031,0.3445548936598571,breakeven-implied,3.10019993782043,market-TIPS,3.48749995231628,market-TIPS,3.43709993362427,market-TIPS,3.932074595898119,breakeven-implied,7.166586
2001-12-31,2001-12,15.320767,25.870686,bridge,6.692924,-0.3158595224105007,breakeven-implied,3.32940006256104,market-TIPS,3.58150005340576,market-TIPS,3.49049997329712,market-TIPS,3.935898195170969,breakeven-implied,6.377064
2002-01-31,2002-01,15.003854,25.520418,bridge,6.512917,0.3237279246139047,breakeven-implied,3.14140009880066,market-TIPS,3.51570010185242,market-TIPS,3.51209998130798,market-TIPS,3.742119641911182,breakeven-implied,6.836645
2002-02-28,2002-02,15.027201,25.546222,bridge,6.526094,0.3290269078276897,breakeven-implied,2.94659996032715,market-TIPS,3.35269999504089,market-TIPS,3.40409994125366,market-TIPS,3.5977210998704647,breakeven-implied,6.855121
2002-03-28,2002-03,14.420044,24.875159,bridge,6.187735,0.9995137177708756,breakeven-implied,3.05570006370544,market-TIPS,3.42820000648499,market-TIPS,3.48429989814758,market-TIPS,3.910648301409226,breakeven-implied,7.187249
2002-04-30,2002-04,13.593612,23.961742,bridge,5.741651,-0.0591361084749794,breakeven-implied,2.70370006561279,market-TIPS,3.21970009803772,market-TIPS,3.34419989585876,market-TIPS,3.46150865585951,breakeven-implied,5.682515
2002-05-31,2002-05,13.616518,23.987059,bridge,5.75379,-0.0066033940166025,breakeven-implied,2.61849999427795,market-TIPS,3.16269993782043,market-TIPS,3.26020002365112,market-TIPS,3.777057325118512,breakeven-implied,5.747187
2002-06-28,2002-06,13.827461,24.220205,bridge,5.866183,-0.0118142971469359,breakeven-implied,2.62129998207092,market-TIPS,3.15400004386902,market-TIPS,3.16680002212524,market-TIPS,3.795044254325223,breakeven-implied,5.854369
2002-07-31,2002-07,15.14576,25.67726,bridge,6.593217,-0.3891752922649458,breakeven-implied,2.35560011863708,market-TIPS,2.90420007705688,market-TIPS,3.10739994049072,market-TIPS,3.599649913274217,breakeven-implied,6.204042
2002-08-30,2002-08,15.96571,26.583512,bridge,7.066831,-0.1892746354231943,breakeven-implied,2.02880001068115,market-TIPS,2.56780004501343,market-TIPS,2.78679990768433,market-TIPS,3.247962471848224,breakeven-implied,6.877556
2002-09-30,2002-09,16.307722,26.961521,bridge,7.269236,-0.3837897446373362,breakeven-implied,1.57889997959137,market-TIPS,2.3060998916626,market-TIPS,2.65000009536743,market-TIPS,3.078361920338342,breakeven-implied,6.885446
2002-10-31,2002-10,16.872475,27.585717,bridge,7.609718,-0.4781374371935238,breakeven-implied,1.8128000497818,market-TIPS,2.58380007743835,market-TIPS,2.97790002822876,market-TIPS,3.409249837258246,breakeven-implied,7.131581
2002-11-29,2002-11,17.059528,27.792458,bridge,7.724207,-0.3420792855863466,breakeven-implied,2.26160001754761,market-TIPS,2.73740005493164,market-TIPS,2.93160009384155,market-TIPS,3.3735247855823167,breakeven-implied,7.382128
2002-12-31,2002-12,16.896537,27.612311,bridge,7.624397,-0.5733260595617797,breakeven-implied,1.70439994335175,market-TIPS,2.40659999847412,market-TIPS,2.6810998916626,market-TIPS,2.9766660986038755,breakeven-implied,7.051071
2003-01-31,2003-01,17.011261,27.739111,bridge,7.694583,-0.6886013394506407,breakeven-implied,1.60899996757507,market-TIPS,2.31259989738464,market-TIPS,2.66510009765625,market-TIPS,3.042827013914909,breakeven-implied,7.005982
2003-02-28,2003-02,16.996969,27.723314,bridge,7.685821,-0.8358789015688786,breakeven-implied,1.04200005531311,market-TIPS,1.91310000419617,market-TIPS,2.36299991607666,market-TIPS,2.7432528616509466,breakeven-implied,6.849942
2003-03-31,2003-03,17.183482,27.929458,bridge,7.800546,-0.6854566966865062,breakeven-implied,1.16770005226135,market-TIPS,2.2172999382019,market-TIPS,2.75780010223389,market-TIPS,3.029281878356746,breakeven-implied,7.115089
2003-04-30,2003-04,17.212639,27.961685,bridge,7.818558,-0.7297893156068,breakeven-implied,1.48370003700256,market-TIPS,2.29620003700256,market-TIPS,2.71569991111755,market-TIPS,3.059808657303847,breakeven-implied,7.088769
2003-05-30,2003-05,17.172048,27.916821,bridge,7.793489,-0.5924178775510538,breakeven-implied,1.06649994850159,market-TIPS,1.92550003528595,market-TIPS,2.41100001335144,market-TIPS,2.6622631163883668,breakeven-implied,7.201071
2003-06-30,2003-06,17.171238,27.915925,bridge,7.792989,-1.226187979758066,breakeven-implied,1.09189999103546,market-TIPS,2.0460000038147,market-TIPS,2.58559989929199,market-TIPS,2.7982082860495616,breakeven-implied,6.566801
2003-07-31,2003-07,16.386219,27.048281,bridge,7.316095,-0.4131440204778956,breakeven-implied,1.70220005512238,market-TIPS,2.50629997253418,market-TIPS,2.90429997444153,market-TIPS,3.2432089212279624,breakeven-implied,6.902951
2003-08-29,2003-08,15.760702,26.356926,bridge,6.946876,-0.5956981400241268,breakeven-implied,1.53719997406006,market-TIPS,2.39969992637634,market-TIPS,2.76679992675781,market-TIPS,2.9086760763461394,breakeven-implied,6.351178
2003-09-30,2003-09,14.877638,25.380917,bridge,6.441909,-0.9636427773424372,breakeven-implied,1.03919994831085,market-TIPS,2.09479999542236,market-TIPS,2.57279992103577,market-TIPS,2.5109306122668493,breakeven-implied,5.478266
2003-10-31,2003-10,14.12363,24.547546,bridge,6.02582,-0.5950744727466821,breakeven-implied,1.24310004711151,market-TIPS,2.02029991149902,market-TIPS,2.43770003318787,market-TIPS,2.8645294653554765,breakeven-implied,5.430746
2003-11-28,2003-11,13.778709,24.166322,bridge,5.840111,-0.6232236162930973,breakeven-implied,1.3934999704361,market-TIPS,2.11019992828369,market-TIPS,2.43120002746582,market-TIPS,2.636438792716584,breakeven-implied,5.216887
2003-12-31,2003-12,13.547423,23.910692,bridge,5.717212,-1.0647970735404733,breakeven-implied,1.23790001869202,market-TIPS,2.09200000762939,market-TIPS,2.43190002441406,market-TIPS,2.639253477926718,breakeven-implied,4.652415
2004-01-30,2004-01,13.167141,23.490384,bridge,5.517982,-0.7406737927869285,breakeven-implied,1.06319999694824,market-TIPS,1.90760004520416,market-TIPS,2.34929990768433,market-TIPS,2.515762036322405,breakeven-implied,4.777308
2004-02-27,2004-02,12.731873,23.009303,bridge,5.29428,-0.9760537969160064,breakeven-implied,0.687399983406067,market-TIPS,1.65670001506805,market-TIPS,2.18950009346008,market-TIPS,2.345563206851524,breakeven-implied,4.318226
2004-03-31,2004-03,12.212451,22.43521,bridge,5.033386,-0.7318208272882855,breakeven-implied,0.576600015163422,market-TIPS,1.54260003566742,market-TIPS,2.08920001983643,market-TIPS,2.1930111659735374,breakeven-implied,4.301565
2004-04-30,2004-04,12.065905,22.27324,bridge,4.960972,-0.4370632221054222,breakeven-implied,1.35989999771118,market-TIPS,2.17880010604858,market-TIPS,2.65199995040894,market-TIPS,2.641774574550288,breakeven-implied,4.523909
2004-05-28,2004-05,11.846658,22.030917,bridge,4.853613,-0.5266084099788545,breakeven-implied,1.32620000839233,market-TIPS,2.05460000038147,market-TIPS,2.47740006446838,market-TIPS,2.5328320003461915,breakeven-implied,4.327005
2004-06-30,2004-06,11.537675,21.689412,bridge,4.704306,-0.6225217941360867,breakeven-implied,1.42669999599457,market-TIPS,2.13260006904602,market-TIPS,2.49239993095398,market-TIPS,2.5644940630596427,breakeven-implied,4.081784
2004-07-30,2004-07,10.806717,20.881518,bridge,4.360378,-0.2286665047346227,breakeven-implied,1.36670005321503,market-TIPS,2.06089997291565,market-TIPS,2.49850010871887,market-TIPS,2.693269940881408,breakeven-implied,4.131711
2004-08-31,2004-08,10.465633,20.504534,bridge,4.204359,-0.4348004169507699,breakeven-implied,1.11119997501373,market-TIPS,1.83539998531342,market-TIPS,2.25539994239807,market-TIPS,2.3604093946620663,breakeven-implied,3.769559
2004-09-30,2004-09,9.853394,19.827855,bridge,3.931438,-0.5225008392232449,breakeven-implied,1.0949000120163,market-TIPS,1.82790005207062,market-TIPS,2.23819994926453,market-TIPS,2.356116627054601,breakeven-implied,3.408937
2004-10-29,2004-10,9.393007,19.31901,bridge,3.732242,-0.0223857794924285,breakeven-implied,0.861500024795532,market-TIPS,1.70990002155304,market-TIPS,2.23830008506775,market-TIPS,2.0975777690515365,breakeven-implied,3.709856
2004-11-30,2004-11,9.219062,19.126757,bridge,3.658328,0.3009725644753316,breakeven-implied,0.998300015926361,market-TIPS,1.80369997024536,market-TIPS,2.27640008926392,market-TIPS,2.18675644524314,breakeven-implied,3.959301
2004-12-31,2004-12,9.064996,18.956475,bridge,3.593479,0.8597408454097075,breakeven-implied,1.0333000421524,market-TIPS,1.69679999351501,market-TIPS,2.0550000667572,market-TIPS,1.9404106740342089,breakeven-implied,4.45322
2005-01-31,2005-01,8.781999,18.643692,bridge,3.475873,0.687294356227495,breakeven-implied,1.15910005569458,market-TIPS,1.67709994316101,market-TIPS,2.0025999546051,market-TIPS,1.6462012724306463,breakeven-implied,4.163167
2005-02-28,2005-02,8.73305,18.589591,bridge,3.455729,0.976927498718086,breakeven-implied,1.18540000915527,market-TIPS,1.72619998455048,market-TIPS,2.02760004997253,market-TIPS,1.6989825943984331,breakeven-implied,4.432656
2005-03-31,2005-03,8.204431,18.005334,bridge,3.24192,0.9686116018592358,breakeven-implied,1.29830002784729,market-TIPS,1.79680001735687,market-TIPS,1.97710001468658,market-TIPS,1.7031924397487173,breakeven-implied,4.210532
2005-04-29,2005-04,8.206303,18.007402,bridge,3.242665,0.8479309456255684,breakeven-implied,1.16729998588562,market-TIPS,1.64189994335175,market-TIPS,1.88150000572205,market-TIPS,1.627354166761266,breakeven-implied,4.090596
2005-05-31,2005-05,8.115949,17.907538,bridge,3.206799,0.7768312785048895,breakeven-implied,1.27810001373291,market-TIPS,1.64579999446869,market-TIPS,1.82749998569489,market-TIPS,1.6440811480749404,breakeven-implied,3.98363
2005-06-30,2005-06,7.967072,17.742991,bridge,3.148137,1.1237632788180805,breakeven-implied,1.40550005435944,market-TIPS,1.68480002880096,market-TIPS,1.81879997253418,market-TIPS,1.5863275456964698,breakeven-implied,4.2719
2005-07-29,2005-07,7.877309,17.64378,bridge,3.11303,1.5206624830134363,breakeven-implied,1.77439999580383,market-TIPS,1.92509996891022,market-TIPS,2.0453999042511,market-TIPS,1.7494122538924786,breakeven-implied,4.633692
2005-08-31,2005-08,7.659252,17.402773,bridge,3.028565,1.2495579348412331,breakeven-implied,1.4436000585556,market-TIPS,1.66359996795654,market-TIPS,1.89429998397827,market-TIPS,1.40413029254473,breakeven-implied,4.278123
2005-09-30,2005-09,7.5308,17.260801,bridge,2.979352,1.7371989869478948,breakeven-implied,1.48269999027252,market-TIPS,1.80350005626678,market-TIPS,1.980299949646,market-TIPS,2.0487780724593168,breakeven-implied,4.716551
2005-10-31,2005-10,7.633348,17.374141,bridge,3.018608,1.443862588342211,breakeven-implied,1.80719995498657,market-TIPS,2.00950002670288,market-TIPS,2.14860010147095,market-TIPS,1.8198605421641407,breakeven-implied,4.462471
2005-11-30,2005-11,7.610908,17.34934,bridge,3.009996,1.362566664777738,breakeven-implied,2.03600001335144,market-TIPS,2.14039993286133,market-TIPS,2.14809989929199,market-TIPS,1.9523432940180887,breakeven-implied,4.372563
2005-12-30,2005-12,7.518036,17.246693,bridge,2.974484,1.2007914061120233,breakeven-implied,2.02480006217957,market-TIPS,2.07710003852844,market-TIPS,1.99650001525879,market-TIPS,1.729952634072592,breakeven-implied,4.175275
2006-01-31,2006-01,7.582845,17.318323,bridge,2.999243,2.15355722255683,breakeven-implied,1.89489996433258,market-TIPS,2.00020003318787,market-TIPS,1.99979996681213,market-TIPS,1.87318088692554,breakeven-implied,5.1528
2006-02-28,2006-02,7.500511,17.227324,bridge,2.967807,2.1358375366265103,breakeven-implied,1.93190002441406,market-TIPS,2.01620006561279,market-TIPS,1.95539999008179,market-TIPS,1.5999538550414023,breakeven-implied,5.103645
2006-03-31,2006-03,7.336954,17.046551,bridge,2.905849,3.014031456440616,breakeven-implied,2.24629998207092,market-TIPS,2.33780002593994,market-TIPS,2.31450009346008,market-TIPS,1.944279806164971,breakeven-implied,5.91988
2006-04-28,2006-04,7.06421,16.745101,bridge,2.803984,2.159869605875834,breakeven-implied,2.21320009231567,market-TIPS,2.37170004844666,market-TIPS,2.45059990882874,market-TIPS,2.1745940913409365,breakeven-implied,4.963854
2006-05-31,2006-05,7.167279,16.859017,bridge,2.842265,2.1389481640075987,breakeven-implied,2.31970000267029,market-TIPS,2.46810007095337,market-TIPS,2.47919988632202,market-TIPS,2.179887333503179,breakeven-implied,4.981213
2006-06-30,2006-06,7.481983,17.206845,bridge,2.960755,2.4839091317970023,breakeven-implied,2.42429995536804,market-TIPS,2.54200005531311,market-TIPS,2.52839994430542,market-TIPS,2.3006996271406064,breakeven-implied,5.444664
2006-07-31,2006-07,7.579306,17.314411,bridge,2.997888,2.3008815517187915,breakeven-implied,2.33340001106262,market-TIPS,2.41630005836487,market-TIPS,2.37019991874695,market-TIPS,2.1179207218460765,breakeven-implied,5.29877
2006-08-31,2006-08,7.440885,17.161422,bridge,2.945144,2.132991700725792,breakeven-implied,2.22449994087219,market-TIPS,2.24819993972778,market-TIPS,2.18269991874695,market-TIPS,2.262323373245255,breakeven-implied,5.078136
2006-09-29,2006-09,7.412394,17.129932,bridge,2.934346,2.280849368679211,breakeven-implied,2.29590010643005,market-TIPS,2.27819991111755,market-TIPS,2.20749998092651,market-TIPS,2.209385902079198,breakeven-implied,5.215195
2006-10-31,2006-10,7.13611,16.824568,bridge,2.830661,2.528010432676693,breakeven-implied,2.42709994316101,market-TIPS,2.31970000267029,market-TIPS,2.19930005073547,market-TIPS,2.1699353573733373,breakeven-implied,5.358671
2006-11-30,2006-11,7.144331,16.833654,bridge,2.833719,2.96219010678385,breakeven-implied,2.17980003356934,market-TIPS,2.16210007667542,market-TIPS,2.07290005683899,market-TIPS,2.0148778979877644,breakeven-implied,5.795909
2006-12-29,2006-12,7.090074,16.773686,bridge,2.813566,2.984887199112538,breakeven-implied,2.41619992256165,market-TIPS,2.4186999797821,market-TIPS,2.3568000793457,market-TIPS,2.093894890451462,breakeven-implied,5.798453
2007-01-31,2007-01,6.951132,16.57749,blend,2.748132,2.359763873625252,breakeven-implied,2.38840007781982,market-TIPS,2.39299988746643,market-TIPS,2.3782000541687,market-TIPS,2.2193158720958386,breakeven-implied,5.107896
2007-02-28,2007-02,7.431573,17.101412,blend,2.924583,2.231510854032036,breakeven-implied,2.11479997634888,market-TIPS,2.20580005645752,market-TIPS,2.22320008277893,market-TIPS,2.010506028258883,breakeven-implied,5.156094
2007-03-30,2007-03,7.695226,17.321844,blend,3.000463,2.056896386290941,breakeven-implied,2.04189991950989,market-TIPS,2.23070001602173,market-TIPS,2.32089996337891,market-TIPS,2.256570832955423,breakeven-implied,5.057359
2007-04-30,2007-04,7.579751,17.142229,blend,2.93856,2.1364349727427965,breakeven-implied,2.02209997177124,market-TIPS,2.21429991722107,market-TIPS,2.31089997291565,market-TIPS,2.1941918897742343,breakeven-implied,5.074995
2007-05-31,2007-05,7.50572,17.043981,blend,2.904973,2.096984427948439,breakeven-implied,2.49000000953674,market-TIPS,2.51259994506836,market-TIPS,2.51290011405945,market-TIPS,2.2379501461217326,breakeven-implied,5.001957
2007-06-29,2007-06,7.560862,17.240323,blend,2.972287,1.7885553954472624,breakeven-implied,2.59750008583069,market-TIPS,2.63280010223389,market-TIPS,2.60430002212524,market-TIPS,2.2953223508654395,breakeven-implied,4.760842
2007-07-31,2007-07,8.020955,18.102134,blend,3.276873,2.2264233420031823,breakeven-implied,2.43379998207092,market-TIPS,2.44689989089966,market-TIPS,2.38770008087158,market-TIPS,2.3296347965136817,breakeven-implied,5.503296
2007-08-31,2007-08,9.19349,19.441737,blend,3.779811,1.700442663618041,breakeven-implied,2.30780005455017,market-TIPS,2.38030004501343,market-TIPS,2.38280010223389,market-TIPS,2.2456252514808965,breakeven-implied,5.480254
2007-09-28,2007-09,9.396222,19.262012,blend,3.710251,1.4861543743614485,breakeven-implied,2.16330003738403,market-TIPS,2.30229997634888,market-TIPS,2.27250003814697,market-TIPS,2.2417938563564803,breakeven-implied,5.196405
2007-10-31,2007-10,9.579848,19.874071,blend,3.949787,1.7229785746829958,breakeven-implied,1.95130002498627,market-TIPS,2.16420006752014,market-TIPS,2.20779991149902,market-TIPS,2.0617682414098613,breakeven-implied,5.672766
2007-11-30,2007-11,10.583255,21.349732,blend,4.558111,0.5020306008094703,breakeven-implied,1.23230004310608,market-TIPS,1.72699999809265,market-TIPS,1.95550000667572,market-TIPS,1.7891057613927042,breakeven-implied,5.060142
2007-12-31,2007-12,10.983233,21.719606,blend,4.717413,0.545309163921412,breakeven-implied,1.23650002479553,market-TIPS,1.82809996604919,market-TIPS,2.03080010414124,market-TIPS,1.7830458839092371,breakeven-implied,5.262722
2008-01-31,2008-01,11.764939,22.508661,blend,5.066398,-0.523887422892464,breakeven-implied,0.716899991035461,market-TIPS,1.38929998874664,market-TIPS,1.76250004768372,market-TIPS,1.3635782497293976,breakeven-implied,4.542511
2008-02-29,2008-02,12.037276,23.045478,blend,5.310941,-0.9221954595277329,breakeven-implied,0.272100001573563,market-TIPS,1.22580003738403,market-TIPS,1.84909999370575,market-TIPS,1.3990556123799345,breakeven-implied,4.388746
2008-03-31,2008-03,12.661269,23.511468,blend,5.527891,-0.7311786494208898,breakeven-implied,0.297600001096725,market-TIPS,1.25390005111694,market-TIPS,1.96539998054504,market-TIPS,1.117202708941492,breakeven-implied,4.796712
2008-04-30,2008-04,12.843979,22.841396,blend,5.217294,-0.3655842353982931,breakeven-implied,0.855799973011017,market-TIPS,1.5463000535965,market-TIPS,2.15919995307922,market-TIPS,1.4406497399139746,breakeven-implied,4.85171
2008-05-30,2008-05,12.955311,23.184265,blend,5.375101,-0.2477653586594259,breakeven-implied,1.04830002784729,market-TIPS,1.63479995727539,market-TIPS,2.2765998840332,market-TIPS,1.6925583778005102,breakeven-implied,5.127336
2008-06-30,2008-06,13.292262,23.813779,blend,5.670961,-0.5955136387947844,breakeven-implied,0.787500023841858,market-TIPS,1.58259999752045,market-TIPS,2.20110011100769,market-TIPS,1.5396344525772274,breakeven-implied,5.075447
2008-07-31,2008-07,13.570892,23.899905,blend,5.712055,-0.840661678195044,breakeven-implied,1.1713000535965,market-TIPS,1.71270000934601,market-TIPS,2.27449989318848,market-TIPS,1.7426415519494218,breakeven-implied,4.871393
2008-08-29,2008-08,13.496292,23.975185,blend,5.748095,-0.8962679715661118,breakeven-implied,1.2467999458313,market-TIPS,1.77699995040894,market-TIPS,2.26279997825623,market-TIPS,1.860318023530043,breakeven-implied,4.851827
2008-09-30,2008-09,17.007073,27.795615,blend,7.725962,-0.763442306089714,breakeven-implied,1.96720004081726,market-TIPS,2.3636999130249,market-TIPS,2.66770005226135,market-TIPS,2.202135604874308,breakeven-implied,6.96252
2008-10-31,2008-10,21.923887,36.942577,blend,13.64754,0.1363852707988563,breakeven-implied,3.59330010414124,market-TIPS,3.51979994773865,market-TIPS,3.32109999656677,market-TIPS,2.5238822065374977,breakeven-implied,13.783925
2008-11-28,2008-11,24.593009,39.681836,blend,15.746481,0.5228084391626677,breakeven-implied,3.71029996871948,market-TIPS,3.2435998916626,market-TIPS,3.03769993782043,market-TIPS,2.211469586599976,breakeven-implied,16.269289
2008-12-31,2008-12,26.127214,38.960949,blend,15.179555,0.5487314270344663,breakeven-implied,2.80879998207092,market-TIPS,2.46679997444153,market-TIPS,2.31859993934631,market-TIPS,1.5856900356677874,breakeven-implied,15.728286
2009-01-30,2009-01,26.822993,40.217635,blend,16.174581,0.3412154407416027,breakeven-implied,1.91970002651215,market-TIPS,2.15179991722107,market-TIPS,2.53099989891052,market-TIPS,1.9261989324498097,breakeven-implied,16.515796
2009-02-27,2009-02,27.270878,40.422196,blend,16.339539,0.4644560544306457,breakeven-implied,2.04099988937378,market-TIPS,2.46300005912781,market-TIPS,2.57990002632141,market-TIPS,1.748710939691561,breakeven-implied,16.803995
2009-03-31,2009-03,28.083921,40.448828,blend,16.361077,1.1542686033309986,breakeven-implied,1.23629999160767,market-TIPS,1.70500004291534,market-TIPS,2.11710000038147,market-TIPS,1.6402249458872844,breakeven-implied,17.515346
2009-04-30,2009-04,28.533019,38.739689,blend,15.007635,-0.7081640488951786,breakeven-implied,1.44140005111694,market-TIPS,1.9893000125885,market-TIPS,2.57599997520447,market-TIPS,1.8187599270001769,breakeven-implied,14.299471
2009-05-29,2009-05,28.775251,36.312449,blend,13.18594,-0.8391944977653091,breakeven-implied,1.22819995880127,market-TIPS,1.92289996147156,market-TIPS,2.3471999168396,market-TIPS,2.0002049227043246,breakeven-implied,12.346746
2009-06-30,2009-06,28.957206,35.798836,blend,12.815567,-0.7620603765668627,breakeven-implied,1.46449995040894,market-TIPS,1.94760000705719,market-TIPS,2.19109988212585,market-TIPS,1.878958208115192,breakeven-implied,12.053507
2009-07-31,2009-07,29.05572,35.259278,blend,12.432167,-0.999100036434097,breakeven-implied,1.49150002002716,market-TIPS,1.89779996871948,market-TIPS,2.34260010719299,market-TIPS,1.963481502840403,breakeven-implied,11.433067
2009-08-31,2009-08,29.000646,35.470491,blend,12.581557,-1.5545511703201065,breakeven-implied,1.50899994373322,market-TIPS,1.89719998836517,market-TIPS,2.34150004386902,market-TIPS,1.867315341045911,breakeven-implied,11.027006
2009-09-30,2009-09,28.02779,33.942514,blend,11.520943,-1.9615116198670632,breakeven-implied,1.15120005607605,market-TIPS,1.66910004615784,market-TIPS,2.15470004081726,market-TIPS,1.6740137612155497,breakeven-implied,9.559431
2009-10-30,2009-10,25.842825,32.994413,blend,10.886313,-1.3209725701136297,breakeven-implied,0.867900013923645,market-TIPS,1.54320001602173,market-TIPS,2.17659997940063,market-TIPS,1.825243371102801,breakeven-implied,9.56534
2009-11-30,2009-11,23.921359,31.603965,blend,9.988106,-1.7182506630334826,breakeven-implied,0.443300008773804,market-TIPS,1.27550005912781,market-TIPS,1.90530002117157,market-TIPS,1.5796605392166696,breakeven-implied,8.269855
2009-12-31,2009-12,22.49451,29.328431,blend,8.601569,-1.447826015368754,breakeven-implied,0.754299998283386,market-TIPS,1.60409998893738,market-TIPS,2.18359994888306,market-TIPS,1.8875144238148067,breakeven-implied,7.153743
2010-01-29,2010-01,21.748963,28.953555,blend,8.383084,-1.5844495815309163,breakeven-implied,0.519800007343292,market-TIPS,1.42719995975494,market-TIPS,2.08509993553162,market-TIPS,1.7004227240710743,breakeven-implied,6.798634
2010-02-26,2010-02,20.954346,27.003954,blend,7.292135,-1.5629056029535635,breakeven-implied,0.555499970912933,market-TIPS,1.60699999332428,market-TIPS,2.26220011711121,market-TIPS,1.9014698278487208,breakeven-implied,5.729229
2010-03-31,2010-03,19.555124,25.626487,blend,6.567168,-1.7196548358779276,breakeven-implied,0.689300000667572,market-TIPS,1.68470001220703,market-TIPS,2.25340008735657,market-TIPS,2.016186163233184,breakeven-implied,4.847513
2010-04-30,2010-04,18.984062,27.847255,blend,7.754696,-1.2953575898503658,breakeven-implied,0.458600014448166,market-TIPS,1.35720002651215,market-TIPS,1.97630000114441,market-TIPS,1.836876014102612,breakeven-implied,6.459338
2010-05-28,2010-05,19.418324,32.642619,blend,10.655406,-1.2729181637796478,breakeven-implied,0.589399993419647,market-TIPS,1.4021999835968,market-TIPS,1.91849994659424,market-TIPS,1.674898844457246,breakeven-implied,9.382488
2010-06-30,2010-06,19.643419,35.079884,blend,12.305983,-1.0825501491658376,breakeven-implied,0.405900001525879,market-TIPS,1.23189997673035,market-TIPS,1.8257999420166,market-TIPS,1.5765839333828735,breakeven-implied,11.223433
2010-07-30,2010-07,19.627405,30.65874,blend,9.399583,-0.6910238824380556,breakeven-implied,0.350800007581711,market-TIPS,1.23590004444122,market-TIPS,1.94079995155334,market-TIPS,1.9053162479027907,breakeven-implied,8.708559
2010-08-31,2010-08,19.583631,33.353567,blend,11.124604,-1.1174424133121454,breakeven-implied,0.285199999809265,market-TIPS,0.980199992656708,market-TIPS,1.5929000377655,market-TIPS,1.3944506786307045,breakeven-implied,10.007162
2010-09-30,2010-09,18.889438,31.015666,blend,9.619716,-0.7786380295624654,breakeven-implied,0.0619000010192394,market-TIPS,0.8435999751091,market-TIPS,1.61660003662109,market-TIPS,1.4691272447764692,breakeven-implied,8.841078
2010-10-29,2010-10,17.218682,27.465397,blend,7.54348,-1.3800268999171417,breakeven-implied,-0.229399994015694,market-TIPS,0.560999989509583,market-TIPS,1.33369994163513,market-TIPS,1.601087635686596,breakeven-implied,6.163453
2010-11-30,2010-11,15.797201,28.290608,blend,8.003585,-1.417895442695805,breakeven-implied,-0.0507999993860722,market-TIPS,0.798500001430511,market-TIPS,1.63199996948242,market-TIPS,1.5754753167539317,breakeven-implied,6.58569
2010-12-31,2010-12,14.935462,26.143623,blend,6.83489,-1.4872195695777597,breakeven-implied,0.155399993062019,market-TIPS,1.11590003967285,market-TIPS,1.87489998340607,market-TIPS,1.633101641035644,breakeven-implied,5.34767
2011-01-31,2011-01,14.295703,24.054609,blend,5.786242,-1.7830275093579542,breakeven-implied,-0.0829000025987625,market-TIPS,1.13010001182556,market-TIPS,2.12969994544983,market-TIPS,1.9160455989614311,breakeven-implied,4.003214
2011-02-28,2011-02,13.667688,23.542145,blend,5.542326,-1.9235911898345224,breakeven-implied,-0.0866999998688698,market-TIPS,1.09440004825592,market-TIPS,2.0081000328064,market-TIPS,1.8391883178547248,breakeven-implied,3.618735
2011-03-31,2011-03,13.232672,23.577383,blend,5.55893,-2.036219813495282,breakeven-implied,-0.0882000029087067,market-TIPS,1.06599998474121,market-TIPS,1.95560002326965,market-TIPS,1.789928429518398,breakeven-implied,3.52271
2011-04-29,2011-04,12.74322,22.527979,blend,5.075098,-2.069690831749926,breakeven-implied,-0.473899990320206,market-TIPS,0.845200002193451,market-TIPS,1.76289999485016,market-TIPS,1.7549174717107288,breakeven-implied,3.005407
2011-05-31,2011-05,11.68021,22.096362,blend,4.882492,-2.3377159970935746,breakeven-implied,-0.332300007343292,market-TIPS,0.868099987506866,market-TIPS,1.77100002765656,market-TIPS,1.615802557775789,breakeven-implied,2.544776
2011-06-30,2011-06,11.183357,23.696341,blend,5.615166,-2.151468439105833,breakeven-implied,-0.32490000128746,market-TIPS,0.841499984264374,market-TIPS,1.73399996757507,market-TIPS,1.843017259579633,breakeven-implied,3.463698
2011-07-29,2011-07,10.964459,24.695261,blend,6.098559,-2.435369212852274,breakeven-implied,-0.736999988555908,market-TIPS,0.390599995851517,market-TIPS,1.29900002479553,market-TIPS,1.4956741667465252,breakeven-implied,3.66319
2011-08-31,2011-08,14.252644,31.220136,blend,9.746969,-1.578198071528936,breakeven-implied,-0.683300018310547,market-TIPS,0.23870000243187,market-TIPS,1.06869995594025,market-TIPS,1.307874683979824,breakeven-implied,8.168771
2011-09-30,2011-09,14.994638,37.312285,blend,13.922066,-1.022612768712387,breakeven-implied,-0.49549999833107,market-TIPS,0.243100002408028,market-TIPS,0.994499981403351,market-TIPS,0.5631078189323092,breakeven-implied,12.899453
2011-10-31,2011-10,15.578615,31.496026,blend,9.919996,-1.5064657775827923,breakeven-implied,-0.764400005340576,market-TIPS,0.151099994778633,market-TIPS,0.797800004482269,market-TIPS,0.771591798180599,breakeven-implied,8.41353
2011-11-30,2011-11,16.205485,33.120991,blend,10.970001,-1.568454560008834,breakeven-implied,-0.80620002746582,market-TIPS,0.0662999972701073,market-TIPS,0.763800024986267,market-TIPS,0.5938497852202737,breakeven-implied,9.401546
2011-12-30,2011-12,16.450733,30.063537,blend,9.038162,-1.7862395686997714,breakeven-implied,-0.781799972057343,market-TIPS,-0.029899999499321,market-TIPS,0.721499979496002,market-TIPS,0.3933175051155012,breakeven-implied,7.251922
2012-01-31,2012-01,16.377591,26.74,live,7.150276,-1.578670843768634,breakeven-implied,-1.17250001430511,market-TIPS,-0.288800001144409,market-TIPS,0.546199977397919,market-TIPS,0.356025677813339,breakeven-implied,5.571605
2012-02-29,2012-02,16.229647,27.19,live,7.392961,-1.6224377196678148,breakeven-implied,-1.21480000019073,market-TIPS,-0.275999993085861,market-TIPS,0.652700006961823,market-TIPS,0.3442478196850783,breakeven-implied,5.770523
2012-03-30,2012-03,16.135253,23.65,live,5.593225,-1.4780116515212285,breakeven-implied,-1.07009994983673,market-TIPS,-0.0825999975204468,market-TIPS,0.841300010681152,market-TIPS,0.5540297676158319,breakeven-implied,4.115213
2012-04-30,2012-04,16.16618,25.43,live,6.466849,-1.796437902367528,breakeven-implied,-1.21599996089935,market-TIPS,-0.32480001449585,market-TIPS,0.636600017547607,market-TIPS,0.3831049717150587,breakeven-implied,4.670411
2012-05-31,2012-05,15.84349,30.4,live,9.2416,-1.6501227655838584,breakeven-implied,-1.07650005817413,market-TIPS,-0.518800020217896,market-TIPS,0.371399998664856,market-TIPS,0.0199908353046206,breakeven-implied,7.591477
2012-06-29,2012-06,15.82688,26.03,live,6.775609,-0.8243134164405417,breakeven-implied,-0.978399991989136,market-TIPS,-0.411500006914139,market-TIPS,0.425399988889694,market-TIPS,0.1602411418264537,breakeven-implied,5.951296
2012-07-31,2012-07,15.748433,25.79,live,6.651241,-1.4292108757634543,breakeven-implied,-1.22010004520416,market-TIPS,-0.611899971961975,market-TIPS,0.170000001788139,market-TIPS,-0.1370294979380507,breakeven-implied,5.22203
2012-08-31,2012-08,13.706101,26.75,live,7.155625,-1.5180078720335453,breakeven-implied,-1.36240005493164,market-TIPS,-0.601499974727631,market-TIPS,0.264299988746643,market-TIPS,-0.0901304048329989,breakeven-implied,5.637617
2012-09-28,2012-09,13.012378,23.32,live,5.438224,-2.1247679040392526,breakeven-implied,-1.4996999502182,market-TIPS,-0.740599989891052,market-TIPS,0.260899990797043,market-TIPS,-0.1089734836979976,breakeven-implied,3.313456
2012-10-31,2012-10,12.378827,23.41,live,5.480281,-1.808488032769167,breakeven-implied,-1.43009996414185,market-TIPS,-0.762899994850159,market-TIPS,0.159400001168251,market-TIPS,-0.1180464251713822,breakeven-implied,3.671793
2012-11-30,2012-11,11.679779,21.22,live,4.502884,-1.873079077808052,breakeven-implied,-1.48599994182587,market-TIPS,-0.760200023651123,market-TIPS,0.154499992728233,market-TIPS,-0.1744020235356623,breakeven-implied,2.629805
2012-12-31,2012-12,11.365214,21.76,live,4.734976,-2.3605019132332785,breakeven-implied,-1.4452999830246,market-TIPS,-0.664499998092651,market-TIPS,0.236200004816055,market-TIPS,-0.1066342324318252,breakeven-implied,2.374474
2013-01-31,2013-01,11.372106,19.02,live,3.617604,-1.61855992262661,breakeven-implied,-1.56649994850159,market-TIPS,-0.585600018501282,market-TIPS,0.370599985122681,market-TIPS,0.0511369018466825,breakeven-implied,1.999044
2013-02-28,2013-02,11.489937,19.34,live,3.740356,-1.6890557558986623,breakeven-implied,-1.64810001850128,market-TIPS,-0.658699989318848,market-TIPS,0.410199999809265,market-TIPS,-0.11891198150038,breakeven-implied,2.0513
2013-03-28,2013-03,11.345348,18.67,live,3.485689,-1.313732478496197,breakeven-implied,-1.6826000213623,market-TIPS,-0.671999990940094,market-TIPS,0.420100003480911,market-TIPS,0.0577395349316598,breakeven-implied,2.171957
2013-04-30,2013-04,11.467613,18.44,live,3.400336,-1.7635324839099142,breakeven-implied,-1.46630001068115,market-TIPS,-0.712999999523163,market-TIPS,0.252000004053116,market-TIPS,-0.130616162374566,breakeven-implied,1.636804
2013-05-31,2013-05,11.426846,20.34,live,4.137156,-1.3720556550048002,breakeven-implied,-0.897199988365173,market-TIPS,-0.0597000010311604,market-TIPS,0.805800020694733,market-TIPS,0.6015743794429447,breakeven-implied,2.7651
2013-06-28,2013-06,11.371011,20.67,live,4.272489,-1.473879714805821,breakeven-implied,-0.332300007343292,market-TIPS,0.571900010108948,market-TIPS,1.18949997425079,market-TIPS,0.8035989714407774,breakeven-implied,2.798609
2013-07-31,2013-07,11.167829,19.2,live,3.6864,-1.117204253326786,breakeven-implied,-0.530399978160858,market-TIPS,0.431400001049042,market-TIPS,1.22430002689362,market-TIPS,1.059176286496239,breakeven-implied,2.569196
2013-08-30,2013-08,10.06591,20.95,live,4.389025,-1.8759943774322103,breakeven-implied,-0.18979999423027,market-TIPS,0.696200013160706,market-TIPS,1.39409995079041,market-TIPS,1.141914738919091,breakeven-implied,2.513031
2013-09-30,2013-09,9.657067,19.58,live,3.833764,-2.286547015012313,breakeven-implied,-0.481700003147125,market-TIPS,0.513800024986267,market-TIPS,1.23210000991821,market-TIPS,1.2143503313597646,breakeven-implied,1.547217
2013-10-31,2013-10,9.304955,18.85,live,3.553225,-1.6310880086424937,breakeven-implied,-0.576600015163422,market-TIPS,0.478199988603592,market-TIPS,1.19700002670288,market-TIPS,1.2032957662826078,breakeven-implied,1.922137
2013-11-29,2013-11,8.601935,18.75,live,3.515625,-1.5422580431277777,breakeven-implied,-0.469999998807907,market-TIPS,0.681999981403351,market-TIPS,1.42700004577637,market-TIPS,1.302729891703998,breakeven-implied,1.973367
2013-12-31,2013-12,8.391448,18.25,live,3.330625,-2.0024359239927936,breakeven-implied,-0.189400002360344,market-TIPS,0.858200013637543,market-TIPS,1.60739994049072,market-TIPS,1.4449593759475738,breakeven-implied,1.328189
2014-01-31,2014-01,8.584323,19.43,live,3.775249,-1.7318249885409944,breakeven-implied,-0.480300009250641,market-TIPS,0.536700010299683,market-TIPS,1.28810000419617,market-TIPS,1.0182598481924343,breakeven-implied,2.043424
2014-02-28,2014-02,8.677032,18.42,live,3.392964,-1.6717250260269898,breakeven-implied,-0.534099996089935,market-TIPS,0.531799972057343,market-TIPS,1.22529995441437,market-TIPS,1.11300827967686,breakeven-implied,1.721239
2014-03-31,2014-03,8.674045,18.17,live,3.301489,-1.2971757744235082,breakeven-implied,-0.270700007677078,market-TIPS,0.66100001335144,market-TIPS,1.21730005741119,market-TIPS,1.1098944140953535,breakeven-implied,2.004313
2014-04-30,2014-04,8.668235,17.79,live,3.164841,-1.7352363485485829,breakeven-implied,-0.338899999856949,market-TIPS,0.536199986934662,market-TIPS,1.09420001506805,market-TIPS,0.9585261477522644,breakeven-implied,1.429605
2014-05-30,2014-05,8.600324,17.58,live,3.090564,-1.85400786286004,breakeven-implied,-0.498400002717972,market-TIPS,0.318800002336502,market-TIPS,0.913600027561188,market-TIPS,0.8337625677705305,breakeven-implied,1.236556
2014-06-30,2014-06,7.90492,17.16,live,2.944656,-1.5905921535915364,breakeven-implied,-0.509999990463257,market-TIPS,0.344399988651276,market-TIPS,0.909900009632111,market-TIPS,0.8388415532417117,breakeven-implied,1.354064
2014-07-31,2014-07,7.862377,18.95,live,3.591025,-1.903500841334668,breakeven-implied,-0.338600009679794,market-TIPS,0.369300007820129,market-TIPS,0.868099987506866,market-TIPS,0.8371715909358295,breakeven-implied,1.687524
2014-08-29,2014-08,7.932258,18.11,live,3.279721,-1.7916177190418812,breakeven-implied,-0.281699985265732,market-TIPS,0.319900006055832,market-TIPS,0.742399990558624,market-TIPS,0.7735179565092869,breakeven-implied,1.488103
2014-09-30,2014-09,7.995847,19.59,live,3.837681,-2.014619362725677,breakeven-implied,0.0688000023365021,market-TIPS,0.672299981117249,market-TIPS,1.07829999923706,market-TIPS,1.0213380794896174,breakeven-implied,1.823062
2014-10-31,2014-10,8.385241,19.68,live,3.873024,-1.4601186711162863,breakeven-implied,-0.0304000005125999,market-TIPS,0.54119998216629,market-TIPS,0.916100025177002,market-TIPS,1.0017984558121615,breakeven-implied,2.412905
2014-11-28,2014-11,8.199691,19.43,live,3.775249,-1.1411649473650938,breakeven-implied,-0.0337000004947186,market-TIPS,0.460700005292892,market-TIPS,0.884400010108948,market-TIPS,0.9357200431046224,breakeven-implied,2.634084
2014-12-31,2014-12,8.423725,21.34,live,4.553956,-1.858907078194258,breakeven-implied,0.299299985170364,market-TIPS,0.574000000953674,market-TIPS,0.783699989318848,market-TIPS,0.8195246236510079,breakeven-implied,2.695049
2015-01-30,2015-01,8.634113,22.34,live,4.990756,-0.7320866951845841,breakeven-implied,-0.314999997615814,market-TIPS,0.11370000243187,market-TIPS,0.492599993944168,market-TIPS,0.2053151997901259,breakeven-implied,4.258669
2015-02-27,2015-02,8.483862,20.06,live,4.024036,-0.1649075352092593,breakeven-implied,-0.26230001449585,market-TIPS,0.23870000243187,market-TIPS,0.649100005626678,market-TIPS,0.5762142762079547,breakeven-implied,3.859128
2015-03-31,2015-03,8.693017,20.38,live,4.153444,-0.5975235174447994,breakeven-implied,-0.301600009202957,market-TIPS,0.250400006771088,market-TIPS,0.657299995422363,market-TIPS,0.3348016466893222,breakeven-implied,3.55592
2015-04-30,2015-04,8.40101,20.27,live,4.108729,-1.3646258768184774,breakeven-implied,-0.361400008201599,market-TIPS,0.204899996519089,market-TIPS,0.646499991416931,market-TIPS,0.7117981640636495,breakeven-implied,2.744103
2015-05-29,2015-05,8.447884,19.34,live,3.740356,-1.4592475756155716,breakeven-implied,-0.158800005912781,market-TIPS,0.396699994802475,market-TIPS,0.843500018119812,market-TIPS,0.8421749391107933,breakeven-implied,2.281108
2015-06-30,2015-06,8.413288,20.02,live,4.008004,-1.4531800103381345,breakeven-implied,-0.045499999076128,market-TIPS,0.549899995326996,market-TIPS,1.00829994678497,market-TIPS,1.2558385158078142,breakeven-implied,2.554824
2015-07-31,2015-07,8.56715,18.26,live,3.334276,-1.409926906662577,breakeven-implied,0.107100002467632,market-TIPS,0.524900019168854,market-TIPS,0.942099988460541,market-TIPS,1.114398219605194,breakeven-implied,1.924349
2015-08-31,2015-08,9.653183,24.78,live,6.140484,-1.163608750685993,breakeven-implied,0.251599997282028,market-TIPS,0.695699989795685,market-TIPS,1.06529998779297,market-TIPS,1.341035121056296,breakeven-implied,4.976875
2015-09-30,2015-09,10.330564,24.28,live,5.895184,-1.4420178735536853,breakeven-implied,0.30009999871254,market-TIPS,0.754400014877319,market-TIPS,1.167799949646,market-TIPS,1.3472101653988573,breakeven-implied,4.453166
2015-10-30,2015-10,10.204295,21.19,live,4.490161,-0.7189175857210777,breakeven-implied,0.310799986124039,market-TIPS,0.718100011348724,market-TIPS,1.08640003204346,market-TIPS,1.3938596768072946,breakeven-implied,3.771243
2015-11-30,2015-11,10.260046,21.86,live,4.778596,-0.5202460525227393,breakeven-implied,0.344099998474121,market-TIPS,0.718100011348724,market-TIPS,1.09529995918274,market-TIPS,1.3613046072723745,breakeven-implied,4.25835
2015-12-31,2015-12,10.541462,22.21,live,4.932841,-0.5331376683046786,breakeven-implied,0.44530001282692,market-TIPS,0.856000006198883,market-TIPS,1.23269999027252,market-TIPS,1.4844779563166808,breakeven-implied,4.399703
2016-01-29,2016-01,11.02367,24.01,live,5.764801,-0.6797388159789463,breakeven-implied,0.146699994802475,market-TIPS,0.640900015830994,market-TIPS,1.10739994049072,market-TIPS,1.256707687900795,breakeven-implied,5.085062
2016-02-29,2016-02,11.255948,24.59,live,6.046681,-0.327387406402655,breakeven-implied,-0.0452999994158745,market-TIPS,0.44420000910759,market-TIPS,0.98309999704361,market-TIPS,1.1006653102293606,breakeven-implied,5.719294
2016-03-31,2016-03,11.264021,20.74,live,4.301476,-0.1188841720391113,breakeven-implied,-0.304300010204315,market-TIPS,0.264800012111664,market-TIPS,0.796700000762939,market-TIPS,0.99871665698413,breakeven-implied,4.182592
2016-04-29,2016-04,11.215065,21.65,live,4.687225,-1.0488414014907568,breakeven-implied,-0.32940000295639,market-TIPS,0.244800001382828,market-TIPS,0.740100026130676,market-TIPS,0.9784707983789852,breakeven-implied,3.638384
2016-05-31,2016-05,11.23578,20.93,live,4.380649,-0.840995454733937,breakeven-implied,-0.104400001466274,market-TIPS,0.400599986314774,market-TIPS,0.846700012683868,market-TIPS,1.0621266288072992,breakeven-implied,3.539654
2016-06-30,2016-06,11.658711,21.66,live,4.691556,-0.65298209921575,breakeven-implied,-0.335099995136261,market-TIPS,0.178399994969368,market-TIPS,0.673500001430511,market-TIPS,0.8158737318116973,breakeven-implied,4.038574
2016-07-29,2016-07,11.619636,20.39,live,4.157521,-0.9445914436166304,breakeven-implied,-0.273900002241135,market-TIPS,0.134499996900558,market-TIPS,0.526700019836426,market-TIPS,0.7628023994183838,breakeven-implied,3.21293
2016-08-31,2016-08,10.90782,20.56,live,4.227136,-0.8154312587040091,breakeven-implied,-0.0878999978303909,market-TIPS,0.234500005841255,market-TIPS,0.549000024795532,market-TIPS,0.6840482499432194,breakeven-implied,3.411705
2016-09-30,2016-09,10.667943,20.29,live,4.116841,-1.3282327128421525,breakeven-implied,-0.32030001282692,market-TIPS,0.137500002980232,market-TIPS,0.555000007152557,market-TIPS,0.6485319175468249,breakeven-implied,2.788608
2016-10-31,2016-10,10.405463,20.68,live,4.276624,-1.0205570457427515,breakeven-implied,-0.283300012350082,market-TIPS,0.23649999499321,market-TIPS,0.684899985790253,market-TIPS,0.7719483380852185,breakeven-implied,3.256067
2016-11-30,2016-11,10.392845,19.91,live,3.964081,-1.0535534020081323,breakeven-implied,0.0421999990940094,market-TIPS,0.562699973583221,market-TIPS,0.914600014686584,market-TIPS,1.1385897797102442,breakeven-implied,2.910528
2016-12-30,2016-12,10.031557,20.36,live,4.145296,-1.425008917238338,breakeven-implied,0.0548000000417233,market-TIPS,0.641300022602081,market-TIPS,0.978500008583069,market-TIPS,1.012837600091976,breakeven-implied,2.720287
2017-01-31,2017-01,9.25124,18.88,live,3.564544,-1.251540660604021,breakeven-implied,-0.136899992823601,market-TIPS,0.496399998664856,market-TIPS,0.883300006389618,market-TIPS,1.018934554624594,breakeven-implied,2.313003
2017-02-28,2017-02,8.842834,18.48,live,3.415104,-1.06687823684886,breakeven-implied,-0.1233000010252,market-TIPS,0.42629998922348,market-TIPS,0.773699998855591,market-TIPS,0.8816660181976624,breakeven-implied,2.348226
2017-03-31,2017-03,8.684961,16.95,live,2.873025,-0.4818945374273556,breakeven-implied,-0.0364000014960766,market-TIPS,0.508400022983551,market-TIPS,0.842199981212616,market-TIPS,0.9832026863748956,breakeven-implied,2.39113
2017-04-28,2017-04,8.580806,16.7,live,2.7889,-0.6161899393583162,breakeven-implied,-0.02280000038445,market-TIPS,0.431699991226196,market-TIPS,0.803200006484985,market-TIPS,0.9935183941922932,breakeven-implied,2.17271
2017-05-31,2017-05,8.52214,17.18,live,2.951524,-0.3794024866294615,breakeven-implied,0.0137999998405576,market-TIPS,0.452699989080429,market-TIPS,0.829599976539612,market-TIPS,0.9086186565375328,breakeven-implied,2.572122
2017-06-30,2017-06,7.831946,17.12,live,2.930944,0.3185676023117456,breakeven-implied,0.215900003910065,market-TIPS,0.63919997215271,market-TIPS,0.940500020980835,market-TIPS,0.9577457130730116,breakeven-implied,3.249512
2017-07-31,2017-07,7.742592,15.8,live,2.4964,-0.4473349796533546,breakeven-implied,0.127399995923042,market-TIPS,0.567799985408783,market-TIPS,0.915799975395203,market-TIPS,0.9865154279460892,breakeven-implied,2.049065
2017-08-31,2017-08,7.502793,17.14,live,2.937796,-0.3898732739656844,breakeven-implied,0.0410000011324883,market-TIPS,0.437400013208389,market-TIPS,0.784500002861023,market-TIPS,0.8426075759848596,breakeven-implied,2.547923
2017-09-29,2017-09,6.806744,16.64,live,2.768896,-0.694497951716218,breakeven-implied,0.145899996161461,market-TIPS,0.557399988174438,market-TIPS,0.891099989414215,market-TIPS,0.96233744269044,breakeven-implied,2.074398
2017-10-31,2017-10,6.641868,16.41,live,2.692881,-0.4808497746242829,breakeven-implied,0.186199992895126,market-TIPS,0.571300029754639,market-TIPS,0.877600014209747,market-TIPS,0.9357919236150464,breakeven-implied,2.212031
2017-11-30,2017-11,6.507511,17.78,live,3.161284,-0.4025470319062251,breakeven-implied,0.320699989795685,market-TIPS,0.627900004386902,market-TIPS,0.840900003910065,market-TIPS,0.8600072697054667,breakeven-implied,2.758737
2017-12-29,2017-12,6.225563,16.68,live,2.782224,-1.061219042632307,breakeven-implied,0.259499996900558,market-TIPS,0.49210000038147,market-TIPS,0.682799994945526,market-TIPS,0.6406827198585952,breakeven-implied,1.721005
2018-01-31,2018-01,5.930011,17.22,live,2.965284,-0.0102322061080018,breakeven-implied,0.444000005722046,market-TIPS,0.635900020599365,market-TIPS,0.762700021266937,market-TIPS,0.7326305413987212,breakeven-implied,2.955052
2018-02-28,2018-02,7.868696,19.75,live,3.900625,-0.1262018268638814,breakeven-implied,0.527499973773956,market-TIPS,0.773400008678436,market-TIPS,0.935000002384186,market-TIPS,0.8134936410712073,breakeven-implied,3.774423
2018-03-29,2018-03,8.57539,20.87,live,4.355569,0.371087401832281,breakeven-implied,0.474799990653992,market-TIPS,0.708500027656555,market-TIPS,0.850600004196167,market-TIPS,0.682918311210274,breakeven-implied,4.726656
2018-04-30,2018-04,9.093962,18.9,live,3.5721,0.376004815167571,breakeven-implied,0.634400010108948,market-TIPS,0.788800001144409,market-TIPS,0.883099973201752,market-TIPS,0.7897530655953141,breakeven-implied,3.948105
2018-05-31,2018-05,9.092925,18.22,live,3.319684,0.2415829815954975,breakeven-implied,0.607800006866455,market-TIPS,0.757600009441376,market-TIPS,0.885200023651123,market-TIPS,0.6219611982977157,breakeven-implied,3.561267
2018-06-29,2018-06,8.938685,18.67,live,3.485689,0.7367341888898115,breakeven-implied,0.635699987411499,market-TIPS,0.741500020027161,market-TIPS,0.843200027942657,market-TIPS,0.6383838789761991,breakeven-implied,4.222423
2018-07-31,2018-07,8.964707,17.42,live,3.034564,0.3225107728431832,breakeven-implied,0.796899974346161,market-TIPS,0.873099982738495,market-TIPS,0.931599974632263,market-TIPS,0.7752536766245568,breakeven-implied,3.357075
2018-08-31,2018-08,8.95454,17.41,live,3.031081,0.3503608364399024,breakeven-implied,0.715499997138977,market-TIPS,0.817099988460541,market-TIPS,0.912000000476837,market-TIPS,0.7465370020056954,breakeven-implied,3.381442
2018-09-28,2018-09,8.801583,17.22,live,2.965284,0.2569077006116635,breakeven-implied,0.860300004482269,market-TIPS,0.953700006008148,market-TIPS,1.03779995441437,market-TIPS,0.9837654821766344,breakeven-implied,3.222192
2018-10-31,2018-10,9.868763,20.7,live,4.2849,0.5479163769575008,breakeven-implied,1.03299999237061,market-TIPS,1.14880001544952,market-TIPS,1.29340004920959,market-TIPS,1.2399373882746951,breakeven-implied,4.832816
2018-11-30,2018-11,10.290824,20.03,live,4.012009,0.659515497056861,breakeven-implied,1.00670003890991,market-TIPS,1.08650004863739,market-TIPS,1.23880004882812,market-TIPS,1.325428587012648,breakeven-implied,4.671524
2018-12-31,2018-12,11.415611,22.17,live,4.915089,0.7127843797248568,breakeven-implied,0.95169997215271,market-TIPS,1.0407999753952,market-TIPS,1.18640005588531,market-TIPS,1.138279747231709,breakeven-implied,5.627873
2019-01-31,2019-01,11.73256,18.89,live,3.568321,0.7979782564213159,breakeven-implied,0.67849999666214,market-TIPS,0.792699992656708,market-TIPS,1.02300000190735,market-TIPS,1.1337086898591282,breakeven-implied,4.366299
2019-02-28,2019-02,11.105537,17.7,live,3.1329,0.7425211564024639,breakeven-implied,0.631699979305267,market-TIPS,0.808799982070923,market-TIPS,1.07509994506836,market-TIPS,0.974862525777924,breakeven-implied,3.875421
2019-03-29,2019-03,10.909382,17.73,live,3.143529,0.9490422636278434,breakeven-implied,0.39860001206398,market-TIPS,0.552299976348877,market-TIPS,0.843500018119812,market-TIPS,0.7469885702743728,breakeven-implied,4.092571
2019-04-30,2019-04,10.654269,17.53,live,3.073009,0.2723326796608476,breakeven-implied,0.41159999370575,market-TIPS,0.575800001621246,market-TIPS,0.875999987125397,market-TIPS,0.8711973594903203,breakeven-implied,3.345342
2019-05-31,2019-05,10.870749,19.23,live,3.697929,-0.0270187406120448,breakeven-implied,0.324600011110306,market-TIPS,0.422800004482269,market-TIPS,0.684000015258789,market-TIPS,0.5356700661180163,breakeven-implied,3.67091
2019-06-28,2019-06,10.968638,17.73,live,3.143529,0.3250217413586045,breakeven-implied,0.216499999165535,market-TIPS,0.344799995422363,market-TIPS,0.68860000371933,market-TIPS,0.668850942696155,breakeven-implied,3.468551
2019-07-31,2019-07,10.948845,18.09,live,3.272481,0.3014804020117564,breakeven-implied,0.247600004076958,market-TIPS,0.317600011825562,market-TIPS,0.629000008106232,market-TIPS,0.6838694381777188,breakeven-implied,3.573961
2019-08-30,2019-08,11.762164,19.86,live,3.944196,0.0733762399086652,breakeven-implied,0.0339000001549721,market-TIPS,0.024100000038743,market-TIPS,0.267199993133545,market-TIPS,0.1433914853186786,breakeven-implied,4.017572
2019-09-30,2019-09,11.801239,19.6,live,3.8416,0.2221283322208065,breakeven-implied,0.205400004982948,market-TIPS,0.225299999117851,market-TIPS,0.455000013113022,market-TIPS,0.4476821532699298,breakeven-implied,4.063728
2019-10-31,2019-10,11.536222,19.12,live,3.655744,-0.0783162140372369,breakeven-implied,0.166700005531311,market-TIPS,0.225500002503395,market-TIPS,0.48649999499321,market-TIPS,0.4136423296550692,breakeven-implied,3.577428
2019-11-29,2019-11,11.292446,18.94,live,3.587236,0.0178818774141846,breakeven-implied,0.1891999989748,market-TIPS,0.23759999871254,market-TIPS,0.452800005674362,market-TIPS,0.3515462255487722,breakeven-implied,3.605118
2019-12-31,2019-12,10.420927,18.5,live,3.4225,-0.0478517756123487,breakeven-implied,0.0659999996423721,market-TIPS,0.237000003457069,market-TIPS,0.528299987316132,market-TIPS,0.5278821168655785,breakeven-implied,3.374648
2020-01-31,2020-01,10.19941,18.57,live,3.448449,-0.2640758666360747,breakeven-implied,-0.228000000119209,market-TIPS,-0.0855000019073486,market-TIPS,0.202900007367134,market-TIPS,0.2134938371613315,breakeven-implied,3.184373
2020-02-28,2020-02,11.214025,23.14,live,5.354596,-0.464608588235765,breakeven-implied,-0.373100012540817,market-TIPS,-0.210899993777275,market-TIPS,0.0627000033855438,market-TIPS,0.1365568956112642,breakeven-implied,4.889987
2020-03-31,2020-03,20.906572,34.12,live,11.641744,-0.6049732005978636,breakeven-implied,0.0627000033855438,market-TIPS,-0.033500000834465,market-TIPS,0.127000004053116,market-TIPS,0.0791992593151553,breakeven-implied,11.036771
2020-04-30,2020-04,21.704644,31.61,live,9.991921,0.324143574872979,breakeven-implied,-0.292199999094009,market-TIPS,-0.332899987697601,market-TIPS,-0.097800001502037,market-TIPS,-0.0579328301337839,breakeven-implied,10.316065
2020-05-29,2020-05,21.978061,29.29,live,8.579041,0.4249856298011321,breakeven-implied,-0.513599991798401,market-TIPS,-0.438499987125397,market-TIPS,-0.0846000015735626,market-TIPS,-0.1146422381303005,breakeven-implied,9.004027
2020-06-30,2020-06,22.712905,30.27,live,9.162729,-0.3577848998640303,breakeven-implied,-0.892599999904633,market-TIPS,-0.611699998378754,market-TIPS,-0.19990000128746,market-TIPS,-0.2400437966754923,breakeven-implied,8.804944
2020-07-31,2020-07,22.828568,30.53,live,9.320809,-1.5239304878919873,breakeven-implied,-1.19980001449585,market-TIPS,-0.922800004482269,market-TIPS,-0.489600002765656,market-TIPS,-0.7063692309996601,breakeven-implied,7.796879
2020-08-31,2020-08,22.680252,34.46,live,11.874916,-1.6450999647889983,breakeven-implied,-1.41229999065399,market-TIPS,-1.01090002059937,market-TIPS,-0.436599999666214,market-TIPS,-0.4887888228640523,breakeven-implied,10.229816
2020-09-30,2020-09,23.103609,30.95,live,9.579025,-1.5985406994634763,breakeven-implied,-1.25059998035431,market-TIPS,-0.910300016403198,market-TIPS,-0.400499999523163,market-TIPS,-0.6183753160803934,breakeven-implied,7.980484
2020-10-30,2020-10,23.21015,32.7,live,10.6929,-1.3992393820411255,breakeven-implied,-1.14859998226166,market-TIPS,-0.791899979114532,market-TIPS,-0.310699999332428,market-TIPS,-0.4315710559499432,breakeven-implied,9.293661
2020-11-30,2020-11,23.326942,26.78,live,7.171684,-1.4831380858998116,breakeven-implied,-1.27670001983643,market-TIPS,-0.895900011062622,market-TIPS,-0.445899993181229,market-TIPS,-0.6591509717061153,breakeven-implied,5.688546
2020-12-31,2020-12,23.12067,27.62,live,7.628644,-1.7888974820375207,breakeven-implied,-1.57190001010895,market-TIPS,-1.02400004863739,market-TIPS,-0.475300014019012,market-TIPS,-0.7945098659206202,breakeven-implied,5.839747
2021-01-29,2021-01,23.167081,31.92,live,10.188864,-1.6724010284665425,breakeven-implied,-1.76129996776581,market-TIPS,-1.04229998588562,market-TIPS,-0.418999999761581,market-TIPS,-0.7316486792847974,breakeven-implied,8.516463
2021-02-26,2021-02,23.130183,29.37,live,8.625969,-1.9716166000375943,breakeven-implied,-1.5686000585556,market-TIPS,-0.724699974060059,market-TIPS,-0.0560999996960163,market-TIPS,-0.6189502458773926,breakeven-implied,6.654352
2021-03-31,2021-03,17.874548,24.64,live,6.071296,-1.848853518576902,breakeven-implied,-1.57420003414154,market-TIPS,-0.624100029468536,market-TIPS,0.0379999987781048,market-TIPS,-0.4573663688915586,breakeven-implied,4.222442
2021-04-30,2021-04,17.033658,24.49,live,5.997601,-2.104150679023639,breakeven-implied,-1.75220000743866,market-TIPS,-0.75900000333786,market-TIPS,-0.046000000089407,market-TIPS,-0.6465912628648112,breakeven-implied,3.89345
2021-05-28,2021-05,16.787122,23.82,live,5.673924,-2.1929458533517368,breakeven-implied,-1.80340003967285,market-TIPS,-0.828299999237061,market-TIPS,-0.160799995064735,market-TIPS,-0.6140331201741902,breakeven-implied,3.480978
2021-06-30,2021-06,15.750552,23.49,live,5.517801,-2.330552638144581,breakeven-implied,-1.61870002746582,market-TIPS,-0.836300015449524,market-TIPS,-0.268999993801117,market-TIPS,-0.7755096611584288,breakeven-implied,3.187248
2021-07-30,2021-07,15.701806,25.3,live,6.4009,-2.34520216970856,breakeven-implied,-1.95609998703003,market-TIPS,-1.13010001182556,market-TIPS,-0.426499992609024,market-TIPS,-0.35,market-TIPS,4.055698
2021-08-31,2021-08,15.516979,25.32,live,6.411024,-2.728109787698334,breakeven-implied,-1.75090003013611,market-TIPS,-1.01380002498627,market-TIPS,-0.381000012159348,market-TIPS,-0.3,market-TIPS,3.682914
2021-09-30,2021-09,14.941536,26.86,live,7.214596,-2.9538055385259714,breakeven-implied,-1.57039999961853,market-TIPS,-0.817300021648407,market-TIPS,-0.260399997234344,market-TIPS,-0.19,market-TIPS,4.26079
2021-10-29,2021-10,14.51564,24.8,live,6.1504,-2.050165551052876,breakeven-implied,-1.66509997844696,market-TIPS,-0.918799996376038,market-TIPS,-0.353399991989136,market-TIPS,-0.3,market-TIPS,4.100234
2021-11-30,2021-11,14.432167,29.37,live,8.625969,-2.635228884718889,breakeven-implied,-1.63269996643066,market-TIPS,-1.05970001220703,market-TIPS,-0.545899987220764,market-TIPS,-0.51,market-TIPS,5.99074
2021-12-31,2021-12,14.785673,27.62,live,7.628644,-2.5572807694826443,breakeven-implied,-1.56519997119904,market-TIPS,-1.02950000762939,market-TIPS,-0.476900011301041,market-TIPS,-0.44,market-TIPS,5.071363
2022-01-31,2022-01,14.805918,28.0,live,7.84,-1.789576245555193,breakeven-implied,-1.16949999332428,market-TIPS,-0.65200001001358,market-TIPS,-0.1908999979496,market-TIPS,-0.12,market-TIPS,6.050424
2022-02-28,2022-02,15.070507,29.41,live,8.649481,-1.902025795694144,breakeven-implied,-1.3202999830246,market-TIPS,-0.749199986457825,market-TIPS,-0.202800005674362,market-TIPS,-0.11,market-TIPS,6.747455
2022-03-31,2022-03,12.15848,28.27,live,7.991929,-1.6789132466720336,breakeven-implied,-0.810999989509583,market-TIPS,-0.444799989461899,market-TIPS,-0.0434000007808208,market-TIPS,-0.03,market-TIPS,6.313016
2022-04-29,2022-04,12.255907,31.72,live,10.061584,-1.528773332500115,breakeven-implied,-0.361200004816055,market-TIPS,0.0232999995350838,market-TIPS,0.489199995994568,market-TIPS,0.4,market-TIPS,8.532811
2022-05-31,2022-05,13.54893,30.3,live,9.1809,-1.7096624029739145,breakeven-implied,-0.0773999989032745,market-TIPS,0.279500007629395,market-TIPS,0.86080002784729,market-TIPS,0.67,market-TIPS,7.471238
2022-06-30,2022-06,14.145287,31.1,live,9.6721,-1.4247417493412728,breakeven-implied,0.5242999792099,market-TIPS,0.737500011920929,market-TIPS,1.19439995288849,market-TIPS,0.91,market-TIPS,8.247358
2022-07-29,2022-07,14.258506,28.54,live,8.145316,-0.4355197513677836,breakeven-implied,-0.0256999991834164,market-TIPS,0.292800009250641,market-TIPS,0.833299994468689,market-TIPS,0.71,market-TIPS,7.709796
2022-08-31,2022-08,14.57909,29.26,live,8.561476,-0.019043757328599,breakeven-implied,0.692099988460541,market-TIPS,0.777300000190735,market-TIPS,1.15040004253387,market-TIPS,0.96,market-TIPS,8.542432
2022-09-30,2022-09,14.906035,32.08,live,10.291264,0.0087969444229647,breakeven-implied,1.9186999797821,market-TIPS,1.77859997749329,market-TIPS,1.99109995365143,market-TIPS,1.74,market-TIPS,10.300061
2022-10-31,2022-10,15.211043,29.73,live,8.838729,1.7994272685489583,breakeven-implied,1.68739998340607,market-TIPS,1.6904000043869,market-TIPS,1.88849997520447,market-TIPS,1.69,market-TIPS,10.638156
2022-11-30,2022-11,15.399323,27.69,live,7.667361,1.4430460233973528,breakeven-implied,1.48430001735687,market-TIPS,1.48520004749298,market-TIPS,1.65279996395111,market-TIPS,1.46,market-TIPS,9.110407
2022-12-30,2022-12,15.518691,27.3,live,7.4529,1.8942933652847105,breakeven-implied,1.73870003223419,market-TIPS,1.66789996623993,market-TIPS,1.78180003166199,market-TIPS,1.67,market-TIPS,9.347193
2023-01-31,2023-01,15.61045,23.4,live,5.4756,1.94648197068632,breakeven-implied,1.39919996261597,market-TIPS,1.33480000495911,market-TIPS,1.53299999237061,market-TIPS,1.43,market-TIPS,7.422082
2023-02-28,2023-02,15.417389,23.88,live,5.702544,2.460039048254638,breakeven-implied,1.63750004768372,market-TIPS,1.52100002765656,market-TIPS,1.65620005130768,market-TIPS,1.57,market-TIPS,8.162583
2023-03-31,2023-03,15.285292,24.12,live,5.817744,2.395420441883425,breakeven-implied,1.20480000972748,market-TIPS,1.21169996261597,market-TIPS,1.54550004005432,market-TIPS,1.44,market-TIPS,8.213164
2023-04-28,2023-04,15.11688,24.15,live,5.832225,2.0005815439633827,breakeven-implied,1.28410005569458,market-TIPS,1.3154000043869,market-TIPS,1.57260000705719,market-TIPS,1.51,market-TIPS,7.832807
2023-05-31,2023-05,14.296315,23.66,live,5.597956,2.2974400542098508,breakeven-implied,1.62119996547699,market-TIPS,1.51289999485016,market-TIPS,1.66729998588562,market-TIPS,1.63,market-TIPS,7.895396
2023-06-30,2023-06,13.604243,20.53,live,4.214809,3.9089254979423207,breakeven-implied,1.91170001029968,market-TIPS,1.61150002479553,market-TIPS,1.68400001525879,market-TIPS,1.62,market-TIPS,8.123734
2023-07-31,2023-07,13.478945,20.54,live,4.218916,2.685328132984315,breakeven-implied,1.86049997806549,market-TIPS,1.67799997329712,market-TIPS,1.81930005550385,market-TIPS,1.76,market-TIPS,6.904244
2023-08-31,2023-08,13.212558,20.08,live,4.032064,2.58817496981263,breakeven-implied,2.03559994697571,market-TIPS,1.89509999752045,market-TIPS,1.98889994621277,market-TIPS,1.96,market-TIPS,6.620239
2023-09-29,2023-09,12.758096,21.85,live,4.774225,2.527929597801682,breakeven-implied,2.32829999923706,market-TIPS,2.28629994392395,market-TIPS,2.39030003547668,market-TIPS,2.33,market-TIPS,7.302155
2023-10-31,2023-10,12.26228,23.03,live,5.303809,2.538716081160177,breakeven-implied,2.46329998970032,market-TIPS,2.50390005111694,market-TIPS,2.59479999542236,market-TIPS,2.51,market-TIPS,7.842525
2023-11-30,2023-11,11.947971,20.44,live,4.177936,2.324104847585148,breakeven-implied,2.19210004806519,market-TIPS,2.18350005149841,market-TIPS,2.2797999382019,market-TIPS,2.22,market-TIPS,6.502041
2023-12-29,2023-12,11.61746,20.07,live,4.028049,1.650038599697462,breakeven-implied,1.75119996070862,market-TIPS,1.791100025177,market-TIPS,1.96659994125366,market-TIPS,1.9,market-TIPS,5.678088
2024-01-31,2024-01,11.390838,19.76,live,3.904576,2.2416807794308777,breakeven-implied,1.68099999427795,market-TIPS,1.76610004901886,market-TIPS,2.01449990272522,market-TIPS,1.99,market-TIPS,6.146257
2024-02-29,2024-02,11.122816,19.32,live,3.732624,2.464935247746897,breakeven-implied,1.88359999656677,market-TIPS,1.92180001735687,market-TIPS,2.13199996948242,market-TIPS,2.09,market-TIPS,6.197559
2024-03-28,2024-03,10.682389,20.03,live,4.012009,2.82338022275818,breakeven-implied,1.85049998760223,market-TIPS,1.88559997081757,market-TIPS,2.11669993400574,market-TIPS,2.07,market-TIPS,6.835389
2024-04-30,2024-04,10.572405,19.65,live,3.861225,2.460519930954531,breakeven-implied,2.27340006828308,market-TIPS,2.24839997291565,market-TIPS,2.44400000572205,market-TIPS,2.41,market-TIPS,6.321745
2024-05-31,2024-05,10.034346,18.4,live,3.3856,2.1958933681717507,breakeven-implied,2.13450002670288,market-TIPS,2.13579988479614,market-TIPS,2.30690002441406,market-TIPS,2.3,market-TIPS,5.581493
2024-06-28,2024-06,9.519805,18.73,live,3.508129,2.3546286658405977,breakeven-implied,2.02839994430542,market-TIPS,2.06970000267029,market-TIPS,2.24410009384155,market-TIPS,2.23,market-TIPS,5.862758
2024-07-31,2024-07,9.671583,19.25,live,3.705625,2.174910366765032,breakeven-implied,1.76839995384216,market-TIPS,1.87290000915527,market-TIPS,2.11500000953674,market-TIPS,2.13,market-TIPS,5.880535
2024-08-30,2024-08,9.991647,20.29,live,4.116841,1.986424377845033,breakeven-implied,1.62670004367828,market-TIPS,1.77400004863739,market-TIPS,2.03550004959106,market-TIPS,2.04,market-TIPS,6.103265
2024-09-30,2024-09,9.861773,21.85,live,4.774225,1.6585962917712964,breakeven-implied,1.43980002403259,market-TIPS,1.64709997177124,market-TIPS,1.93250000476837,market-TIPS,1.96,market-TIPS,6.432821
2024-10-31,2024-10,9.381721,22.73,live,5.166529,1.983620951505757,breakeven-implied,1.79659998416901,market-TIPS,1.94280004501343,market-TIPS,2.13150000572205,market-TIPS,2.15,market-TIPS,7.15015
2024-11-29,2024-11,9.321518,19.74,live,3.896676,1.8549859082705475,breakeven-implied,1.75820004940033,market-TIPS,1.92910003662109,market-TIPS,2.13459992408752,market-TIPS,2.15,market-TIPS,5.751662
2024-12-31,2024-12,9.428577,21.48,live,4.613904,1.5571847551003788,breakeven-implied,2.05049991607666,market-TIPS,2.26250004768372,market-TIPS,2.46830010414124,market-TIPS,2.48,market-TIPS,6.171089
2025-01-31,2025-01,9.536747,20.39,live,4.157521,1.5892293940256077,breakeven-implied,1.85660004615784,market-TIPS,2.15359997749329,market-TIPS,2.42079997062683,market-TIPS,2.46,market-TIPS,5.74675
2025-02-28,2025-02,9.446801,21.3,live,4.5369,1.3499457376763957,breakeven-implied,1.51269996166229,market-TIPS,1.86090004444122,market-TIPS,2.1716001033783,market-TIPS,2.24,market-TIPS,5.886846
2025-03-31,2025-03,10.017168,22.75,live,5.175625,1.8293313986987456,breakeven-implied,1.41069996356964,market-TIPS,1.84329998493195,market-TIPS,2.24830007553101,market-TIPS,2.32,market-TIPS,7.004956
2025-04-30,2025-04,12.727766,25.63,live,6.568969,0.93143690366687,breakeven-implied,1.39240002632141,market-TIPS,1.95550000667572,market-TIPS,2.44289994239807,market-TIPS,2.47,market-TIPS,7.500406
2025-05-30,2025-05,12.798647,23.0,live,5.29,1.4019207922855037,breakeven-implied,1.55019998550415,market-TIPS,2.0599000453949,market-TIPS,2.57809996604919,market-TIPS,2.61,market-TIPS,6.691921
2025-06-30,2025-06,12.838183,22.48,live,5.053504,1.5562579298560977,breakeven-implied,1.4436000585556,market-TIPS,1.94840002059937,market-TIPS,2.50230002403259,market-TIPS,2.51,market-TIPS,6.609762
2025-07-31,2025-07,12.697483,21.82,live,4.761124,1.302984414691042,breakeven-implied,1.46319997310638,market-TIPS,2.01500010490417,market-TIPS,2.57979989051819,market-TIPS,2.62,market-TIPS,6.064108
2025-08-29,2025-08,12.445878,21.92,live,4.804864,1.0795769003756104,breakeven-implied,1.16460001468658,market-TIPS,1.86530005931854,market-TIPS,2.57279992103577,market-TIPS,2.62,market-TIPS,5.884441
2025-09-30,2025-09,12.291551,22.33,live,4.986289,0.8512030920502388,breakeven-implied,1.28540003299713,market-TIPS,1.82679998874664,market-TIPS,2.43319988250732,market-TIPS,2.49,market-TIPS,5.837492
2025-10-31,2025-10,12.425228,23.58,live,5.560164,0.949519546013704,breakeven-implied,1.36329996585846,market-TIPS,1.83340001106262,market-TIPS,2.37540006637573,market-TIPS,2.44,market-TIPS,6.509684
2025-11-28,2025-11,12.494888,23.66,live,5.597956,0.9270518272239568,breakeven-implied,1.33659994602203,market-TIPS,1.832200050354,market-TIPS,2.43179988861084,market-TIPS,2.48,market-TIPS,6.525008
2025-12-31,2025-12,12.346572,22.54,live,5.080516,0.3214629877872091,breakeven-implied,1.51479995250702,market-TIPS,1.9864000082016,market-TIPS,2.56069993972778,market-TIPS,2.62,market-TIPS,5.401979
2026-01-30,2026-01,12.317638,23.39,live,5.470921,0.9567111183618632,breakeven-implied,1.2930999994278,market-TIPS,1.91589999198914,market-TIPS,2.56990003585815,market-TIPS,2.6,market-TIPS,6.427632
2026-02-27,2026-02,12.339003,24.4,live,5.9536,0.8722154153548985,breakeven-implied,1.15079998970032,market-TIPS,1.71659994125366,market-TIPS,2.39949989318848,market-TIPS,2.43,market-TIPS,6.825815
2026-03-31,2026-03,12.239439,26.48,live,7.011904,1.430580687790138,breakeven-implied,1.42040002346039,market-TIPS,2.01760005950928,market-TIPS,2.67899990081787,market-TIPS,2.69,market-TIPS,8.442485
2026-04-30,2026-04,10.29578,23.65,live,5.593225,0.4693971790548477,breakeven-implied,1.29840004444122,market-TIPS,1.98479998111725,market-TIPS,2.68930006027222,market-TIPS,2.71,market-TIPS,6.062622
2026-05-29,2026-05,10.219374,23.06,live,5.317636,0.3642069165135296,breakeven-implied,1.59469997882843,market-TIPS,2.07389998435974,market-TIPS,2.69429993629456,market-TIPS,2.71,market-TIPS,5.681843
2026-06-30,2026-06,10.604022,23.03,live,5.303809,1.0696009427601805,breakeven-implied,1.88530004024506,market-TIPS,2.2039999961853,market-TIPS,2.7451000213623,market-TIPS,2.73,market-TIPS,6.37341
