ticker,date,exp_date,days,forward,discount,n_listed,n_strikes_observed,strike_span_lo,strike_span_hi,svix2_trapezoid,svix2_completed,fit_mode,synthetic_variance_share,peer_group_n,leg_weights,parity_agreement,refusal_reason
A,2026-08-06,2027-01-15,162,143.3009,0.982886,64,20,0.663,1.326,0.054190,0.054449,direct+peer,0.0877,20,direct=0.44;peer=0.56;history=0.00 (leg not built),0.9930,
A,2026-08-06,2027-02-19,197,143.6007,0.979077,56,21,0.662,1.358,0.065132,0.065493,direct+peer,0.0996,20,direct=0.44;peer=0.56;history=0.00 (leg not built),0.9939,
A,2026-08-06,2027-03-19,225,144.1292,0.976077,60,26,0.555,1.457,0.076395,0.077643,direct+peer,0.0506,20,direct=0.44;peer=0.56;history=0.00 (leg not built),0.9972,
A,2026-08-06,2027-06-17,315,146.3349,0.966391,58,24,0.615,1.435,0.111668,0.116604,peer,0.1337,20,peer=1.00;history=0.00 (leg not built),0.9899,
A,2026-08-07,2027-01-15,161,147.3293,0.983121,64,22,0.645,1.358,0.053170,0.052563,direct+peer,0.0820,20,direct=0.44;peer=0.56;history=0.00 (leg not built),0.9953,
A,2026-08-07,2027-02-19,196,147.6344,0.979343,56,20,0.610,1.355,0.062413,0.062773,direct+peer,0.0800,20,direct=0.44;peer=0.56;history=0.00 (leg not built),0.9968,
A,2026-08-07,2027-03-19,224,148.2282,0.976383,60,20,0.708,1.417,0.079023,0.076161,peer,0.1231,20,peer=1.00;history=0.00 (leg not built),0.9936,
A,2026-08-07,2027-06-17,314,149.8552,0.966854,58,24,0.567,1.401,0.107819,0.112922,peer,0.1304,20,peer=1.00;history=0.00 (leg not built),0.9886,
A,2026-08-10,2027-01-15,158,150.1729,0.983317,64,21,0.633,1.398,0.051537,0.051764,peer,0.0569,20,peer=1.00;history=0.00 (leg not built),0.9941,
A,2026-08-10,2027-02-19,193,150.0919,0.979464,56,22,0.666,1.399,0.063823,0.062231,peer,0.0774,20,peer=1.00;history=0.00 (leg not built),0.9949,
A,2026-08-10,2027-03-19,221,150.9012,0.976485,60,21,0.563,1.392,0.071523,0.076689,peer,0.0939,20,peer=1.00;history=0.00 (leg not built),0.9931,
A,2026-08-10,2027-06-17,311,151.9547,0.966911,58,23,0.625,1.382,0.106109,0.110845,direct+peer,0.1486,20,direct=0.44;peer=0.56;history=0.00 (leg not built),0.9931,
A,2026-08-11,2027-01-15,157,151.1897,0.983468,64,20,0.562,1.323,0.049354,0.050629,direct+peer,0.0665,20,direct=0.44;peer=0.56;history=0.00 (leg not built),0.9962,
A,2026-08-11,2027-02-19,192,151.6129,0.979620,58,24,0.594,1.385,0.060202,0.061830,direct+peer,0.0753,20,direct=0.44;peer=0.56;history=0.00 (leg not built),0.9976,
A,2026-08-11,2027-03-19,220,152.2014,0.976648,62,24,0.558,1.380,0.071118,0.073108,direct+peer,0.0634,20,direct=0.44;peer=0.56;history=0.00 (leg not built),0.9967,
A,2026-08-11,2027-06-17,310,153.2525,0.967096,60,26,0.555,1.436,0.105455,0.112353,direct+peer,0.1460,20,direct=0.44;peer=0.56;history=0.00 (leg not built),0.9914,
A,2026-08-12,2027-01-15,156,150.6812,0.983578,64,18,0.730,1.327,0.056707,0.051847,peer,0.1346,20,peer=1.00;history=0.00 (leg not built),0.9944,
A,2026-08-12,2027-02-19,191,150.9288,0.979726,58,24,0.629,1.458,0.060221,0.060010,direct+peer,0.0643,20,direct=0.44;peer=0.56;history=0.00 (leg not built),0.9939,
A,2026-08-12,2027-03-19,219,151.4231,0.976754,62,23,0.627,1.453,0.073629,0.072789,direct+peer,0.0713,20,direct=0.44;peer=0.56;history=0.00 (leg not built),0.9971,
A,2026-08-12,2027-06-17,309,152.3056,0.967203,60,23,0.624,1.379,0.106123,0.109502,peer,0.1304,20,peer=1.00;history=0.00 (leg not built),0.9990,
AAPL,2026-08-06,2027-01-15,162,317.7306,0.982886,194,70,0.016,1.888,0.035496,0.035357,direct+peer,0.0014,20,direct=0.44;peer=0.56;history=0.00 (leg not built),0.9967,
AAPL,2026-08-06,2027-02-19,197,318.9786,0.979077,160,39,0.016,1.724,0.046158,0.045715,direct+peer,0.0054,20,direct=0.44;peer=0.56;history=0.00 (leg not built),0.9971,
AAPL,2026-08-06,2027-03-19,225,319.8258,0.976077,154,43,0.031,1.782,0.052457,0.052387,direct+peer,0.0056,20,direct=0.44;peer=0.56;history=0.00 (leg not built),0.9968,
AAPL,2026-08-06,2027-06-17,315,323.2751,0.966391,160,58,0.139,1.856,0.075134,0.075638,direct+peer,0.0092,20,direct=0.44;peer=0.56;history=0.00 (leg not built),0.9961,
AAPL,2026-08-06,2027-09-17,407,326.5249,0.956369,162,68,0.383,1.838,0.099501,0.100996,direct+peer,0.0217,20,direct=0.44;peer=0.56;history=0.00 (leg not built),0.9937,
AAPL,2026-08-06,2027-12-17,498,329.2162,0.946290,208,85,0.243,1.823,0.122519,0.126340,direct+peer,0.0316,20,direct=0.44;peer=0.56;history=0.00 (leg not built),0.9965,
AAPL,2026-08-06,2028-01-21,533,330.4085,0.942385,148,62,0.015,1.816,0.130650,0.136193,direct+peer,0.0431,20,direct=0.44;peer=0.56;history=0.00 (leg not built),0.9926,
AAPL,2026-08-06,2028-03-17,589,332.1151,0.936104,122,58,0.331,1.807,0.145006,0.151881,direct+peer,0.0538,20,direct=0.44;peer=0.56;history=0.00 (leg not built),0.9923,
AAPL,2026-08-07,2027-01-15,161,318.5618,0.983121,194,71,0.016,1.883,0.033210,0.033058,direct+peer,0.0003,20,direct=0.44;peer=0.56;history=0.00 (leg not built),0.9972,
AAPL,2026-08-07,2027-02-19,196,319.6630,0.979343,160,48,0.422,1.689,0.042922,0.042864,direct+peer,0.0065,20,direct=0.44;peer=0.56;history=0.00 (leg not built),0.9981,
AAPL,2026-08-07,2027-03-19,224,320.7016,0.976383,154,53,0.374,1.871,0.049752,0.049631,direct+peer,0.0046,20,direct=0.44;peer=0.56;history=0.00 (leg not built),0.9961,
AAPL,2026-08-07,2027-06-17,314,323.8424,0.966854,160,62,0.278,1.853,0.072399,0.073156,direct+peer,0.0096,20,direct=0.44;peer=0.56;history=0.00 (leg not built),0.9965,
AAPL,2026-08-07,2027-09-17,406,326.9186,0.957002,162,81,0.306,1.835,0.096235,0.097626,direct+peer,0.0183,20,direct=0.44;peer=0.56;history=0.00 (leg not built),0.9951,
AAPL,2026-08-07,2027-12-17,497,329.8270,0.947065,208,93,0.152,1.819,0.119447,0.122628,direct+peer,0.0261,20,direct=0.44;peer=0.56;history=0.00 (leg not built),0.9935,
AAPL,2026-08-07,2028-01-21,532,331.1238,0.943217,148,64,0.151,1.812,0.127491,0.131581,direct+peer,0.0317,20,direct=0.44;peer=0.56;history=0.00 (leg not built),0.9941,
AAPL,2026-08-07,2028-03-17,588,333.0895,0.937030,122,58,0.330,1.801,0.141506,0.147104,direct+peer,0.0431,20,direct=0.44;peer=0.56;history=0.00 (leg not built),0.9944,
AAPL,2026-08-10,2027-01-15,158,313.3729,0.983317,194,69,0.016,1.915,0.031677,0.031369,direct+peer,0.0002,20,direct=0.44;peer=0.56;history=0.00 (leg not built),0.9949,
AAPL,2026-08-10,2027-02-19,193,314.5433,0.979464,160,50,0.016,1.749,0.041001,0.041051,direct+peer,0.0022,20,direct=0.44;peer=0.56;history=0.00 (leg not built),0.9979,
AAPL,2026-08-10,2027-03-19,221,315.2431,0.976485,154,51,0.032,1.776,0.047852,0.048008,direct+peer,0.0041,20,direct=0.44;peer=0.56;history=0.00 (leg not built),0.9955,
AAPL,2026-08-10,2027-06-17,311,318.3711,0.966911,160,63,0.283,1.885,0.069917,0.070289,direct+peer,0.0102,20,direct=0.44;peer=0.56;history=0.00 (leg not built),0.9949,
AAPL,2026-08-10,2027-09-17,403,321.4397,0.956992,162,81,0.311,1.867,0.093196,0.094316,direct+peer,0.0158,20,direct=0.44;peer=0.56;history=0.00 (leg not built),0.9960,
AAPL,2026-08-10,2027-12-17,494,324.3253,0.946894,208,94,0.154,1.850,0.116324,0.119221,direct+peer,0.0231,20,direct=0.44;peer=0.56;history=0.00 (leg not built),0.9948,
AAPL,2026-08-10,2028-01-21,529,325.3816,0.942976,148,65,0.015,1.844,0.124342,0.128348,direct+peer,0.0374,20,direct=0.44;peer=0.56;history=0.00 (leg not built),0.9940,
AAPL,2026-08-10,2028-03-17,585,327.2616,0.936669,122,58,0.321,1.833,0.138145,0.142939,direct+peer,0.0389,20,direct=0.44;peer=0.56;history=0.00 (leg not built),0.9922,
AAPL,2026-08-11,2027-01-15,157,310.0395,0.983468,194,74,0.016,1.935,0.030351,0.030477,direct+peer,0.0010,20,direct=0.44;peer=0.56;history=0.00 (leg not built),0.9947,
AAPL,2026-08-11,2027-02-19,192,311.1433,0.979620,160,47,0.016,1.671,0.039489,0.039509,direct+peer,0.0036,20,direct=0.44;peer=0.56;history=0.00 (leg not built),0.9986,
AAPL,2026-08-11,2027-03-19,220,312.1400,0.976648,154,51,0.032,1.794,0.046028,0.046270,direct+peer,0.0051,20,direct=0.44;peer=0.56;history=0.00 (leg not built),0.9953,
AAPL,2026-08-11,2027-06-17,310,314.9229,0.967096,160,62,0.286,1.905,0.067903,0.068566,direct+peer,0.0079,20,direct=0.44;peer=0.56;history=0.00 (leg not built),0.9950,
AAPL,2026-08-11,2027-09-17,402,317.9135,0.957224,162,81,0.315,1.887,0.090930,0.092642,direct+peer,0.0160,20,direct=0.44;peer=0.56;history=0.00 (leg not built),0.9942,
AAPL,2026-08-11,2027-12-17,493,320.8123,0.947215,208,93,0.156,1.870,0.113801,0.117572,direct+peer,0.0284,20,direct=0.44;peer=0.56;history=0.00 (leg not built),0.9952,
AAPL,2026-08-11,2028-01-21,528,322.1413,0.943336,148,65,0.016,1.863,0.121738,0.126360,direct+peer,0.0308,20,direct=0.44;peer=0.56;history=0.00 (leg not built),0.9941,
AAPL,2026-08-11,2028-03-17,584,323.6976,0.937098,122,59,0.309,1.854,0.135593,0.140971,direct+peer,0.0415,20,direct=0.44;peer=0.56;history=0.00 (leg not built),0.9925,
AAPL,2026-08-12,2027-01-15,156,307.2932,0.983578,194,73,0.016,1.953,0.030595,0.030452,direct+peer,0.0002,20,direct=0.44;peer=0.56;history=0.00 (leg not built),0.9958,
AAPL,2026-08-12,2027-02-19,191,308.1628,0.979726,160,48,0.438,1.752,0.039901,0.039911,direct+peer,0.0047,20,direct=0.44;peer=0.56;history=0.00 (leg not built),0.9972,
AAPL,2026-08-12,2027-03-19,219,309.2270,0.976754,154,49,0.016,1.714,0.046182,0.046072,direct+peer,0.0045,20,direct=0.44;peer=0.56;history=0.00 (leg not built),0.9954,
AAPL,2026-08-12,2027-06-17,309,312.0988,0.967203,160,63,0.288,1.922,0.068403,0.068771,direct+peer,0.0079,20,direct=0.44;peer=0.56;history=0.00 (leg not built),0.9967,
AAPL,2026-08-12,2027-09-17,401,314.9565,0.957333,162,81,0.318,1.905,0.091742,0.092519,direct+peer,0.0152,20,direct=0.44;peer=0.56;history=0.00 (leg not built),0.9951,
AAPL,2026-08-12,2027-12-17,492,317.7070,0.947326,208,93,0.157,1.889,0.114555,0.116787,direct+peer,0.0203,20,direct=0.44;peer=0.56;history=0.00 (leg not built),0.9939,
AAPL,2026-08-12,2028-01-21,527,319.0620,0.943447,148,65,0.016,1.881,0.122613,0.125626,direct+peer,0.0285,20,direct=0.44;peer=0.56;history=0.00 (leg not built),0.9930,
AAPL,2026-08-12,2028-03-17,583,320.8696,0.937210,122,58,0.358,1.870,0.137285,0.141478,direct+peer,0.0410,20,direct=0.44;peer=0.56;history=0.00 (leg not built),0.9914,
ABBV,2026-08-06,2027-01-15,162,246.1169,0.982886,84,25,0.528,1.422,0.037753,0.038223,direct+peer,0.0287,20,direct=0.44;peer=0.56;history=0.00 (leg not built),0.9986,
ABBV,2026-08-06,2027-02-19,197,245.7017,0.979077,64,24,0.610,1.384,0.048085,0.049514,peer,0.0609,20,peer=1.00;history=0.00 (leg not built),0.9993,
ABBV,2026-08-06,2027-03-19,225,246.6618,0.976077,80,26,0.527,1.378,0.052940,0.055020,direct+peer,0.0580,20,direct=0.44;peer=0.56;history=0.00 (leg not built),0.9980,
ABBV,2026-08-06,2027-06-17,315,247.4993,0.966391,82,30,0.505,1.455,0.074225,0.077071,direct+peer,0.0681,20,direct=0.44;peer=0.56;history=0.00 (leg not built),0.9987,
ABBV,2026-08-06,2027-09-17,407,248.4141,0.956369,82,37,0.443,1.530,0.095703,0.099956,peer,0.0546,20,peer=1.00;history=0.00 (leg not built),0.9986,
ABBV,2026-08-06,2028-01-21,533,248.8062,0.942385,82,41,0.402,1.608,0.124189,0.131203,direct+peer,0.0661,20,direct=0.44;peer=0.56;history=0.00 (leg not built),0.9968,
ABBV,2026-08-07,2027-01-15,161,247.8046,0.983121,84,26,0.504,1.412,0.037347,0.037721,direct+peer,0.0244,20,direct=0.44;peer=0.56;history=0.00 (leg not built),0.9969,
ABBV,2026-08-07,2027-02-19,196,247.8302,0.979343,64,25,0.605,1.453,0.048886,0.048640,direct+peer,0.0451,20,direct=0.44;peer=0.56;history=0.00 (leg not built),0.9966,
ABBV,2026-08-07,2027-03-19,224,248.5576,0.976383,80,28,0.503,1.408,0.054542,0.056686,direct+peer,0.0726,20,direct=0.44;peer=0.56;history=0.00 (leg not built),0.9987,
ABBV,2026-08-07,2027-06-17,314,249.0778,0.966854,82,36,0.502,1.606,0.077574,0.081406,direct+peer,0.0795,20,direct=0.44;peer=0.56;history=0.00 (leg not built),0.9972,
ABBV,2026-08-07,2027-09-17,406,249.7301,0.957002,82,38,0.440,1.602,0.097746,0.100305,direct+peer,0.0449,20,direct=0.44;peer=0.56;history=0.00 (leg not built),0.9984,
ABBV,2026-08-07,2028-01-21,532,250.4241,0.943217,82,41,0.399,1.597,0.122862,0.129299,direct+peer,0.0580,20,direct=0.44;peer=0.56;history=0.00 (leg not built),0.9952,
ABBV,2026-08-10,2027-01-15,158,249.4322,0.983317,84,26,0.561,1.363,0.036072,0.036645,direct+peer,0.0490,20,direct=0.44;peer=0.56;history=0.00 (leg not built),0.9968,
ABBV,2026-08-10,2027-02-19,193,249.0471,0.979464,64,27,0.562,1.405,0.046297,0.047305,direct+peer,0.0537,20,direct=0.44;peer=0.56;history=0.00 (leg not built),0.9984,
ABBV,2026-08-10,2027-03-19,221,249.7525,0.976485,80,26,0.581,1.361,0.053132,0.054373,direct+peer,0.0797,20,direct=0.44;peer=0.56;history=0.00 (leg not built),0.9989,
ABBV,2026-08-10,2027-06-17,311,250.3878,0.966911,82,34,0.519,1.598,0.074523,0.074864,direct+peer,0.0363,20,direct=0.44;peer=0.56;history=0.00 (leg not built),0.9974,
ABBV,2026-08-10,2027-09-17,403,251.2888,0.956992,82,38,0.458,1.592,0.096402,0.098404,direct+peer,0.0456,20,direct=0.44;peer=0.56;history=0.00 (leg not built),0.9956,
ABBV,2026-08-10,2028-01-21,529,251.7851,0.942976,82,41,0.397,1.589,0.122462,0.128462,direct+peer,0.0622,20,direct=0.44;peer=0.56;history=0.00 (leg not built),0.9967,
ABBV,2026-08-11,2027-01-15,157,251.2795,0.983468,84,22,0.517,1.313,0.034685,0.035414,direct+peer,0.0405,20,direct=0.44;peer=0.56;history=0.00 (leg not built),0.9981,
ABBV,2026-08-11,2027-02-19,192,251.4546,0.979620,64,21,0.597,1.312,0.044521,0.045810,direct+peer,0.0715,20,direct=0.44;peer=0.56;history=0.00 (leg not built),0.9984,
ABBV,2026-08-11,2027-03-19,220,252.1075,0.976648,80,25,0.635,1.428,0.053468,0.053011,direct+peer,0.0635,20,direct=0.44;peer=0.56;history=0.00 (leg not built),0.9993,
ABBV,2026-08-11,2027-06-17,310,252.5247,0.967096,82,26,0.574,1.386,0.072583,0.074782,direct+peer,0.0792,20,direct=0.44;peer=0.56;history=0.00 (leg not built),0.9964,
ABBV,2026-08-11,2027-09-17,402,254.1178,0.957224,82,33,0.512,1.495,0.093621,0.095751,direct+peer,0.0612,20,direct=0.44;peer=0.56;history=0.00 (leg not built),0.9993,
ABBV,2026-08-11,2028-01-21,528,254.6996,0.943336,82,39,0.393,1.570,0.121007,0.128212,direct+peer,0.0656,20,direct=0.44;peer=0.56;history=0.00 (leg not built),0.9978,
ABBV,2026-08-12,2027-01-15,156,251.0591,0.983578,84,26,0.518,1.394,0.034876,0.035099,direct+peer,0.0283,20,direct=0.44;peer=0.56;history=0.00 (leg not built),0.9990,
ABBV,2026-08-12,2027-02-19,191,250.9441,0.979726,64,29,0.558,1.514,0.046145,0.045993,direct+peer,0.0310,20,direct=0.44;peer=0.56;history=0.00 (leg not built),0.9988,
ABBV,2026-08-12,2027-03-19,219,251.3736,0.976754,80,30,0.517,1.512,0.052220,0.052322,direct+peer,0.0284,20,direct=0.44;peer=0.56;history=0.00 (leg not built),0.9994,
ABBV,2026-08-12,2027-06-17,309,252.4814,0.967203,82,34,0.495,1.505,0.071832,0.073355,direct+peer,0.0412,20,direct=0.44;peer=0.56;history=0.00 (leg not built),0.9988,
ABBV,2026-08-12,2027-09-17,401,253.3600,0.957333,82,39,0.434,1.579,0.092879,0.096428,direct+peer,0.0602,20,direct=0.44;peer=0.56;history=0.00 (leg not built),0.9975,
ABBV,2026-08-12,2028-01-21,527,253.9041,0.943447,82,40,0.394,1.575,0.119382,0.125456,direct+peer,0.0566,20,direct=0.44;peer=0.56;history=0.00 (leg not built),0.9956,
ABNB,2026-08-06,2027-01-15,162,154.3946,0.982886,68,28,0.421,1.490,0.063680,0.066763,direct+peer,0.0602,20,direct=0.44;peer=0.56;history=0.00 (leg not built),0.9942,
ABNB,2026-08-06,2027-03-19,225,155.2715,0.976077,62,27,0.547,1.481,0.089156,0.095816,direct+peer,0.1078,20,direct=0.44;peer=0.56;history=0.00 (leg not built),0.9958,
ABNB,2026-08-06,2027-06-17,315,156.8885,0.966391,62,28,0.478,1.402,0.118980,0.140580,direct+peer,0.1976,20,direct=0.44;peer=0.56;history=0.00 (leg not built),0.9968,
ABNB,2026-08-06,2027-12-17,498,159.7939,0.946290,64,29,0.375,1.439,0.178352,0.230539,direct+peer,0.2643,20,direct=0.44;peer=0.56;history=0.00 (leg not built),0.9954,
ABNB,2026-08-06,2028-01-21,533,160.4563,0.942385,64,32,0.374,1.433,0.192113,0.243208,peer,0.2251,20,peer=1.00;history=0.00 (leg not built),0.9912,
ABNB,2026-08-07,2027-01-15,161,180.7018,0.983121,68,26,0.332,1.328,0.051810,0.054149,direct+peer,0.0607,20,direct=0.44;peer=0.56;history=0.00 (leg not built),0.9918,
ABNB,2026-08-07,2027-03-19,224,182.2686,0.976383,62,21,0.549,1.262,0.072243,0.082962,direct+peer,0.1670,20,direct=0.44;peer=0.56;history=0.00 (leg not built),0.9973,
ABNB,2026-08-07,2027-06-17,314,183.7071,0.966854,62,23,0.572,1.252,0.099662,0.126356,direct+peer,0.2892,20,direct=0.44;peer=0.56;history=0.00 (leg not built),0.9953,
ABNB,2026-08-07,2027-12-17,497,187.4500,0.947065,64,28,0.400,1.227,0.138733,,refused,,20,,0.9922,no leg survived: no arbitrage-free fit inside the 0.35 synthetic-share ceiling
ABNB,2026-08-07,2028-01-21,532,188.3514,0.943217,64,28,0.425,1.221,0.146436,,refused,,20,,0.9964,no leg survived: no arbitrage-free fit inside the 0.35 synthetic-share ceiling
ABNB,2026-08-10,2027-01-15,158,187.7000,0.983317,68,26,0.320,1.279,0.049410,0.054346,direct+peer,0.1051,20,direct=0.44;peer=0.56;history=0.00 (leg not built),0.9935,
ABNB,2026-08-10,2027-03-19,221,189.3292,0.976485,62,23,0.528,1.215,0.068439,0.086066,direct+peer,0.2426,20,direct=0.44;peer=0.56;history=0.00 (leg not built),0.9959,
ABNB,2026-08-10,2027-06-17,311,191.0601,0.966911,62,28,0.419,1.204,0.089810,0.125412,direct+peer,0.3066,20,direct=0.44;peer=0.56;history=0.00 (leg not built),0.9946,
ABNB,2026-08-10,2027-12-17,494,195.0016,0.946894,64,29,0.308,1.179,0.127232,,refused,,20,,0.9953,no leg survived: no arbitrage-free fit inside the 0.35 synthetic-share ceiling
ABNB,2026-08-10,2028-01-21,529,195.6880,0.942976,64,27,0.358,1.175,0.133544,,refused,,20,,0.9959,no leg survived: no arbitrage-free fit inside the 0.35 synthetic-share ceiling
ABNB,2026-08-11,2027-01-15,157,188.1087,0.983468,74,25,0.292,1.329,0.050751,0.054172,direct+peer,0.0733,20,direct=0.44;peer=0.56;history=0.00 (leg not built),0.9977,
ABNB,2026-08-11,2027-03-19,220,189.9232,0.976648,68,22,0.658,1.369,0.080845,0.083380,direct+peer,0.1512,20,direct=0.44;peer=0.56;history=0.00 (leg not built),0.9980,
ABNB,2026-08-11,2027-06-17,310,191.5872,0.967096,70,29,0.496,1.409,0.110425,0.124201,peer,0.1464,20,peer=1.00;history=0.00 (leg not built),0.9941,
ABNB,2026-08-11,2027-12-17,493,195.9773,0.947215,72,31,0.383,1.378,0.165216,0.212830,peer,0.2361,20,peer=1.00;history=0.00 (leg not built),0.9985,
ABNB,2026-08-11,2028-01-21,528,197.0185,0.943336,72,30,0.457,1.370,0.171102,0.220731,direct+peer,0.2490,20,direct=0.44;peer=0.56;history=0.00 (leg not built),0.9961,
ABNB,2026-08-12,2027-01-15,156,183.7240,0.983578,74,28,0.463,1.415,0.051242,0.064253,direct+peer,0.3496,20,direct=0.44;peer=0.56;history=0.00 (leg not built),0.9955,
ABNB,2026-08-12,2027-03-19,219,185.0614,0.976754,68,26,0.540,1.405,0.078800,0.084738,peer,0.0985,20,peer=1.00;history=0.00 (leg not built),0.9909,
ABNB,2026-08-12,2027-06-17,309,187.0678,0.967203,70,31,0.347,1.443,0.109437,0.125153,direct+peer,0.1283,20,direct=0.44;peer=0.56;history=0.00 (leg not built),0.9950,
ABNB,2026-08-12,2027-12-17,492,190.9448,0.947326,72,31,0.393,1.414,0.165115,0.208382,direct+peer,0.2270,20,direct=0.44;peer=0.56;history=0.00 (leg not built),0.9923,
ABNB,2026-08-12,2028-01-21,527,191.5475,0.943447,72,31,0.313,1.410,0.173153,0.221859,direct+peer,0.2405,20,direct=0.44;peer=0.56;history=0.00 (leg not built),0.9949,
ABT,2026-08-06,2027-01-15,162,108.6774,0.982886,74,22,0.644,1.656,0.042194,0.039928,direct+peer,0.0219,20,direct=0.44;peer=0.56;history=0.00 (leg not built),0.9973,
ABT,2026-08-06,2027-02-19,197,108.1615,0.979077,52,22,0.693,1.479,0.052028,0.050509,direct+peer,0.0693,20,direct=0.44;peer=0.56;history=0.00 (leg not built),0.9947,
ABT,2026-08-06,2027-03-19,225,108.6681,0.976077,64,26,0.552,1.564,0.057515,0.058193,direct+peer,0.0376,20,direct=0.44;peer=0.56;history=0.00 (leg not built),0.9960,
ABT,2026-08-06,2027-06-17,315,109.2584,0.966391,58,25,0.503,1.464,0.078097,0.082733,direct+peer,0.0782,20,direct=0.44;peer=0.56;history=0.00 (leg not built),0.9960,
ABT,2026-08-06,2028-01-21,533,110.6544,0.942385,76,32,0.497,1.762,0.140784,0.141667,direct+peer,0.0733,20,direct=0.44;peer=0.56;history=0.00 (leg not built),0.9934,
ABT,2026-08-06,2028-03-17,589,111.4421,0.936104,64,27,0.426,1.525,0.144194,0.156842,direct+peer,0.1041,20,direct=0.44;peer=0.56;history=0.00 (leg not built),0.9965,
ABT,2026-08-07,2027-01-15,161,108.5251,0.983121,74,23,0.599,1.751,0.040175,0.038826,direct+peer,0.0206,20,direct=0.44;peer=0.56;history=0.00 (leg not built),0.9950,
ABT,2026-08-07,2027-02-19,196,108.7236,0.979343,52,24,0.598,1.472,0.050095,0.049617,direct+peer,0.0307,20,direct=0.44;peer=0.56;history=0.00 (leg not built),0.9944,
ABT,2026-08-07,2027-03-19,224,109.1465,0.976383,64,27,0.550,1.512,0.060170,0.061186,direct+peer,0.0495,20,direct=0.44;peer=0.56;history=0.00 (leg not built),0.9866,
ABT,2026-08-07,2027-06-17,314,109.7414,0.966854,58,25,0.456,1.458,0.079574,0.084528,direct+peer,0.0689,20,direct=0.44;peer=0.56;history=0.00 (leg not built),0.9951,
ABT,2026-08-07,2028-01-21,532,111.3253,0.943217,76,37,0.404,1.797,0.136805,0.139481,direct+peer,0.0335,20,direct=0.44;peer=0.56;history=0.00 (leg not built),0.9859,
ABT,2026-08-07,2028-03-17,588,111.8320,0.937030,64,29,0.425,1.520,0.139193,0.153230,direct+peer,0.1131,20,direct=0.44;peer=0.56;history=0.00 (leg not built),0.9973,
ABT,2026-08-10,2027-01-15,158,109.6949,0.983317,74,25,0.593,1.732,0.038449,0.037819,direct+peer,0.0319,20,direct=0.44;peer=0.56;history=0.00 (leg not built),0.9988,
ABT,2026-08-10,2027-02-19,193,109.8128,0.979464,52,23,0.592,1.457,0.048307,0.048314,direct+peer,0.0479,20,direct=0.44;peer=0.56;history=0.00 (leg not built),0.9995,
ABT,2026-08-10,2027-03-19,221,109.8635,0.976485,64,25,0.592,1.547,0.057117,0.057567,peer,0.0488,20,peer=1.00;history=0.00 (leg not built),0.9928,
ABT,2026-08-10,2027-06-17,311,110.8963,0.966911,58,26,0.496,1.443,0.076633,0.081682,direct+peer,0.0840,20,direct=0.44;peer=0.56;history=0.00 (leg not built),0.9985,
ABT,2026-08-10,2028-01-21,529,112.2800,0.942976,76,32,0.423,1.781,0.128997,0.134074,peer,0.0345,20,peer=1.00;history=0.00 (leg not built),0.9940,
ABT,2026-08-10,2028-03-17,585,112.0107,0.936669,64,28,0.446,1.473,0.134575,0.150005,direct+peer,0.1250,20,direct=0.44;peer=0.56;history=0.00 (leg not built),0.9830,
ABT,2026-08-11,2027-01-15,157,110.9490,0.983468,74,23,0.631,1.712,0.037254,0.035955,direct+peer,0.0216,20,direct=0.44;peer=0.56;history=0.00 (leg not built),0.9956,
ABT,2026-08-11,2027-02-19,192,110.7486,0.979620,52,22,0.587,1.445,0.046373,0.046350,direct+peer,0.0358,20,direct=0.44;peer=0.56;history=0.00 (leg not built),0.9963,
ABT,2026-08-11,2027-03-19,220,111.1946,0.976648,64,25,0.630,1.529,0.055795,0.054286,peer,0.0324,20,peer=1.00;history=0.00 (leg not built),0.9965,
ABT,2026-08-11,2027-06-17,310,112.2576,0.967096,58,25,0.490,1.425,0.071130,0.074385,direct+peer,0.0622,20,direct=0.44;peer=0.56;history=0.00 (leg not built),0.9897,
ABT,2026-08-11,2028-01-21,528,113.5512,0.943336,76,35,0.418,1.761,0.129617,0.132235,direct+peer,0.0385,20,direct=0.44;peer=0.56;history=0.00 (leg not built),0.9941,
ABT,2026-08-11,2028-03-17,584,114.6443,0.937098,64,30,0.414,1.483,0.132012,0.145739,direct+peer,0.1077,20,direct=0.44;peer=0.56;history=0.00 (leg not built),0.9887,
ABT,2026-08-12,2027-01-15,156,111.9826,0.983578,74,23,0.625,1.697,0.035653,0.034965,direct+peer,0.0273,20,direct=0.44;peer=0.56;history=0.00 (leg not built),0.9958,
ABT,2026-08-12,2027-02-19,191,111.8372,0.979726,52,22,0.626,1.431,0.045465,0.045213,direct+peer,0.0546,20,direct=0.44;peer=0.56;history=0.00 (leg not built),0.9964,
ABT,2026-08-12,2027-03-19,219,112.0988,0.976754,64,24,0.580,1.427,0.054409,0.054738,direct+peer,0.0432,20,direct=0.44;peer=0.56;history=0.00 (leg not built),0.9903,
ABT,2026-08-12,2027-06-17,309,112.9149,0.967203,58,24,0.487,1.417,0.074630,0.079143,peer,0.0667,20,peer=1.00;history=0.00 (leg not built),0.9957,
ABT,2026-08-12,2028-01-21,527,113.7634,0.943447,76,38,0.396,1.758,0.130659,0.134712,direct+peer,0.0463,20,direct=0.44;peer=0.56;history=0.00 (leg not built),0.9966,
ABT,2026-08-12,2028-03-17,583,113.8974,0.937210,64,32,0.395,1.493,0.133240,0.146792,direct+peer,0.1116,20,direct=0.44;peer=0.56;history=0.00 (leg not built),0.9966,
ACGL,2026-08-06,2027-03-19,225,101.4343,0.976077,40,5,0.887,1.084,,,refused,,0,,0.9951,only 5 invertible quotes
ACGL,2026-08-07,2027-03-19,224,100.5633,0.976383,40,5,0.895,1.094,,,refused,,0,,0.9942,only 5 invertible quotes
ACGL,2026-08-10,2027-03-19,221,100.0341,0.976485,40,5,0.900,1.100,,,refused,,0,,0.9915,only 5 invertible quotes
ACGL,2026-08-11,2027-03-19,220,100.2048,0.976648,40,5,0.898,1.098,,,refused,,0,,0.9986,only 5 invertible quotes
ACGL,2026-08-12,2027-03-19,219,99.7099,0.976754,40,5,0.903,1.103,,,refused,,0,,0.9981,only 5 invertible quotes
ACN,2026-08-06,2027-01-15,162,171.7093,0.982886,124,37,0.466,2.038,0.132426,0.134755,direct+peer,0.0359,20,direct=0.44;peer=0.56;history=0.00 (leg not built),0.9958,
ACN,2026-08-06,2027-02-19,197,171.7670,0.979077,78,34,0.495,1.514,0.138074,0.156466,direct+peer,0.1637,20,direct=0.44;peer=0.56;history=0.00 (leg not built),0.9967,
ACN,2026-08-06,2027-03-19,225,172.1207,0.976077,76,33,0.523,1.743,0.169153,0.185167,direct+peer,0.1496,20,direct=0.44;peer=0.56;history=0.00 (leg not built),0.9924,
ACN,2026-08-06,2027-06-17,315,171.8833,0.966391,68,33,0.407,1.513,0.201920,0.257008,peer,0.2307,20,peer=1.00;history=0.00 (leg not built),0.9928,
ACN,2026-08-06,2028-01-21,533,172.5700,0.942385,102,51,0.377,2.492,0.419140,0.456476,direct+peer,0.1023,20,direct=0.44;peer=0.56;history=0.00 (leg not built),0.9935,
ACN,2026-08-07,2027-01-15,161,176.4546,0.983121,124,33,0.453,1.984,0.126214,0.129447,direct+peer,0.0426,20,direct=0.44;peer=0.56;history=0.00 (leg not built),0.9962,
ACN,2026-08-07,2027-02-19,196,176.1743,0.979343,78,34,0.482,1.476,0.128848,0.147990,direct+peer,0.1613,20,direct=0.44;peer=0.56;history=0.00 (leg not built),0.9904,
ACN,2026-08-07,2027-03-19,224,176.6489,0.976383,76,33,0.509,1.698,0.160718,0.175343,direct+peer,0.1234,20,direct=0.44;peer=0.56;history=0.00 (leg not built),0.9931,
ACN,2026-08-07,2027-06-17,314,176.4687,0.966854,68,31,0.425,1.473,0.196112,0.261962,peer,0.2720,20,peer=1.00;history=0.00 (leg not built),0.9882,
ACN,2026-08-07,2028-01-21,532,176.8341,0.943217,102,51,0.368,2.432,0.415431,0.460474,direct+peer,0.1118,20,direct=0.44;peer=0.56;history=0.00 (leg not built),0.9955,
ACN,2026-08-10,2027-01-15,158,178.6169,0.983317,124,49,0.420,2.407,0.122730,0.123612,direct+peer,0.0211,20,direct=0.44;peer=0.56;history=0.00 (leg not built),0.9945,
ACN,2026-08-10,2027-02-19,193,178.6625,0.979464,78,38,0.364,1.455,0.124973,0.146112,direct+peer,0.1447,20,direct=0.44;peer=0.56;history=0.00 (leg not built),0.9920,
ACN,2026-08-10,2027-03-19,221,178.8838,0.976485,76,38,0.363,1.677,0.154719,0.170928,direct+peer,0.1033,20,direct=0.44;peer=0.56;history=0.00 (leg not built),0.9950,
ACN,2026-08-10,2027-06-17,311,180.0621,0.966911,68,33,0.361,1.444,0.185804,0.239763,peer,0.2323,20,peer=1.00;history=0.00 (leg not built),0.9956,
ACN,2026-08-10,2028-01-21,529,180.9014,0.942976,102,50,0.387,2.377,0.393384,0.437039,direct+peer,0.1103,20,direct=0.44;peer=0.56;history=0.00 (leg not built),0.9941,
ACN,2026-08-11,2027-01-15,157,179.6950,0.983468,124,44,0.473,2.337,0.122699,0.124902,direct+peer,0.0294,20,direct=0.44;peer=0.56;history=0.00 (leg not built),0.9959,
ACN,2026-08-11,2027-02-19,192,180.0306,0.979620,78,36,0.444,1.444,0.122345,0.148951,peer,0.1901,20,peer=1.00;history=0.00 (leg not built),0.9951,
ACN,2026-08-11,2027-03-19,220,180.3174,0.976648,76,37,0.360,1.664,0.151960,0.175346,direct+peer,0.1588,20,direct=0.44;peer=0.56;history=0.00 (leg not built),0.9974,
ACN,2026-08-11,2027-06-17,310,180.0724,0.967096,68,34,0.361,1.444,0.183184,0.246169,direct+peer,0.2964,20,direct=0.44;peer=0.56;history=0.00 (leg not built),0.9915,
ACN,2026-08-11,2028-01-21,528,181.3039,0.943336,102,50,0.359,2.372,0.392860,0.437174,direct+peer,0.1278,20,direct=0.44;peer=0.56;history=0.00 (leg not built),0.9929,
ACN,2026-08-12,2027-01-15,156,179.8577,0.983578,124,41,0.473,2.113,0.116563,0.116718,direct+peer,0.0253,20,direct=0.44;peer=0.56;history=0.00 (leg not built),0.9904,
ACN,2026-08-12,2027-02-19,191,180.1531,0.979726,78,36,0.444,1.443,0.119736,0.136305,direct+peer,0.1422,20,direct=0.44;peer=0.56;history=0.00 (leg not built),0.9958,
ACN,2026-08-12,2027-03-19,219,180.3890,0.976754,76,35,0.443,1.663,0.149439,0.161969,direct+peer,0.1040,20,direct=0.44;peer=0.56;history=0.00 (leg not built),0.9975,
ACN,2026-08-12,2027-06-17,309,181.1993,0.967203,68,31,0.414,1.435,0.179539,0.236167,direct+peer,0.2777,20,direct=0.44;peer=0.56;history=0.00 (leg not built),0.9939,
ACN,2026-08-12,2028-01-21,527,181.6323,0.943447,102,50,0.385,2.367,0.387041,0.435274,direct+peer,0.1239,20,direct=0.44;peer=0.56;history=0.00 (leg not built),0.9943,
ADBE,2026-08-06,2027-01-15,162,263.9317,0.982886,180,62,0.455,2.273,0.121103,0.121943,direct+peer,0.0172,20,direct=0.44;peer=0.56;history=0.00 (leg not built),0.9938,
ADBE,2026-08-06,2027-02-19,197,265.0549,0.979077,80,31,0.547,1.471,0.124245,0.141985,peer,0.1582,20,peer=1.00;history=0.00 (leg not built),0.9980,
ADBE,2026-08-06,2027-03-19,225,265.4153,0.976077,80,31,0.546,1.469,0.141535,0.166413,direct+peer,0.1917,20,direct=0.44;peer=0.56;history=0.00 (leg not built),0.9970,
ADBE,2026-08-06,2027-06-17,315,267.8960,0.966391,110,49,0.485,2.016,0.220012,0.232489,peer,0.0859,20,peer=1.00;history=0.00 (leg not built),0.9977,
ADBE,2026-08-06,2027-12-17,498,273.0734,0.946290,124,60,0.403,2.270,0.330372,0.357518,direct+peer,0.0999,20,direct=0.44;peer=0.56;history=0.00 (leg not built),0.9977,
ADBE,2026-08-06,2028-01-21,533,275.9500,0.942385,112,54,0.399,1.993,0.329568,0.380578,direct+peer,0.1499,20,direct=0.44;peer=0.56;history=0.00 (leg not built),0.9882,
ADBE,2026-08-07,2027-01-15,161,270.3705,0.983121,180,63,0.444,3.033,0.121130,0.122514,direct+peer,0.0447,20,direct=0.44;peer=0.56;history=0.00 (leg not built),0.9967,
ADBE,2026-08-07,2027-02-19,196,271.6678,0.979343,80,31,0.534,1.436,0.119370,0.140489,peer,0.1716,20,peer=1.00;history=0.00 (leg not built),0.9960,
ADBE,2026-08-07,2027-03-19,224,272.0142,0.976383,80,31,0.533,1.434,0.138086,0.168875,direct+peer,0.2157,20,direct=0.44;peer=0.56;history=0.00 (leg not built),0.9907,
ADBE,2026-08-07,2027-06-17,314,274.7663,0.966854,110,49,0.419,1.965,0.211519,0.227813,direct+peer,0.0824,20,direct=0.44;peer=0.56;history=0.00 (leg not built),0.9987,
ADBE,2026-08-07,2027-12-17,497,279.6832,0.947065,124,57,0.411,2.217,0.322156,0.356253,direct+peer,0.1089,20,direct=0.44;peer=0.56;history=0.00 (leg not built),0.9955,
ADBE,2026-08-07,2028-01-21,532,280.6096,0.943217,112,54,0.356,1.960,0.329556,0.385463,peer,0.1608,20,peer=1.00;history=0.00 (leg not built),0.9976,
ADBE,2026-08-10,2027-01-15,158,277.0581,0.983317,180,69,0.523,2.887,0.114256,0.113371,direct+peer,0.0137,20,direct=0.44;peer=0.56;history=0.00 (leg not built),0.9926,
ADBE,2026-08-10,2027-02-19,193,278.2218,0.979464,80,32,0.431,1.402,0.111974,0.133790,peer,0.1742,20,peer=1.00;history=0.00 (leg not built),0.9970,
ADBE,2026-08-10,2027-03-19,221,278.8308,0.976485,80,33,0.466,1.399,0.129479,0.164197,peer,0.2259,20,peer=1.00;history=0.00 (leg not built),0.9918,
ADBE,2026-08-10,2027-06-17,311,282.6373,0.966911,110,51,0.407,1.911,0.202728,0.218268,direct+peer,0.0812,20,direct=0.44;peer=0.56;history=0.00 (leg not built),0.9986,
ADBE,2026-08-10,2027-12-17,494,288.2839,0.946894,124,62,0.347,2.151,0.310368,0.341611,direct+peer,0.1010,20,direct=0.44;peer=0.56;history=0.00 (leg not built),0.9884,
ADBE,2026-08-10,2028-01-21,529,289.5069,0.942976,112,55,0.345,1.900,0.312513,0.364933,peer,0.1593,20,peer=1.00;history=0.00 (leg not built),0.9915,
ADBE,2026-08-11,2027-01-15,157,268.7617,0.983468,180,65,0.521,2.679,0.108622,0.109415,direct+peer,0.0189,20,direct=0.44;peer=0.56;history=0.00 (leg not built),0.9944,
ADBE,2026-08-11,2027-02-19,192,269.7448,0.979620,80,29,0.575,1.446,0.113088,0.129750,direct+peer,0.1866,20,direct=0.44;peer=0.56;history=0.00 (leg not built),0.9982,
ADBE,2026-08-11,2027-03-19,220,270.3754,0.976648,80,33,0.499,1.442,0.128735,0.160187,direct+peer,0.2396,20,direct=0.44;peer=0.56;history=0.00 (leg not built),0.9973,
ADBE,2026-08-11,2027-06-17,310,273.8517,0.967096,110,51,0.420,1.972,0.193816,0.209872,peer,0.0801,20,peer=1.00;history=0.00 (leg not built),0.9914,
ADBE,2026-08-11,2027-12-17,493,278.6539,0.947215,124,60,0.359,2.225,0.305441,0.334205,direct+peer,0.0968,20,direct=0.44;peer=0.56;history=0.00 (leg not built),0.9947,
ADBE,2026-08-11,2028-01-21,528,279.5318,0.943336,112,56,0.358,1.968,0.312579,0.363776,peer,0.1391,20,peer=1.00;history=0.00 (leg not built),0.9956,
ADBE,2026-08-12,2027-01-15,156,263.1772,0.983578,180,63,0.456,2.584,0.106831,0.106840,peer,0.0081,20,peer=1.00;history=0.00 (leg not built),0.9948,
ADBE,2026-08-12,2027-02-19,191,263.8106,0.979726,80,30,0.550,1.478,0.113453,0.128353,direct+peer,0.1479,20,direct=0.44;peer=0.56;history=0.00 (leg not built),0.9952,
ADBE,2026-08-12,2027-03-19,219,264.9057,0.976754,80,31,0.547,1.472,0.129634,0.156698,direct+peer,0.2104,20,direct=0.44;peer=0.56;history=0.00 (leg not built),0.9946,
ADBE,2026-08-12,2027-06-17,309,266.8983,0.967203,110,54,0.393,2.023,0.196548,0.210523,direct+peer,0.1024,20,direct=0.44;peer=0.56;history=0.00 (leg not built),0.9896,
ADBE,2026-08-12,2027-12-17,492,272.1816,0.947326,124,61,0.367,2.278,0.307739,0.330122,direct+peer,0.0853,20,direct=0.44;peer=0.56;history=0.00 (leg not built),0.9931,
ADBE,2026-08-12,2028-01-21,527,273.7186,0.943447,112,56,0.365,2.009,0.315157,0.360816,direct+peer,0.1383,20,direct=0.44;peer=0.56;history=0.00 (leg not built),0.9965,
ADI,2026-08-06,2027-01-15,162,383.1031,0.982886,134,42,0.496,1.671,0.110383,0.116662,direct+peer,0.0816,20,direct=0.44;peer=0.56;history=0.00 (leg not built),0.9987,
ADI,2026-08-06,2027-03-19,225,384.7025,0.976077,104,46,0.468,1.664,0.148104,0.164500,direct+peer,0.1242,20,direct=0.44;peer=0.56;history=0.00 (leg not built),0.9991,
ADI,2026-08-06,2027-06-17,315,387.8477,0.966391,126,49,0.413,1.650,0.195622,0.231240,peer,0.1592,20,peer=1.00;history=0.00 (leg not built),0.9989,
ADI,2026-08-06,2028-01-21,533,394.9490,0.942385,120,55,0.354,1.620,0.294253,0.405497,peer,0.2802,20,peer=1.00;history=0.00 (leg not built),0.9982,
ADI,2026-08-07,2027-01-15,161,394.3637,0.983121,134,48,0.444,1.623,0.104881,0.120424,direct+peer,0.2140,20,direct=0.44;peer=0.56;history=0.00 (leg not built),0.9988,
ADI,2026-08-07,2027-03-19,224,395.9749,0.976383,104,45,0.480,1.616,0.143239,0.159583,direct+peer,0.1304,20,direct=0.44;peer=0.56;history=0.00 (leg not built),0.9991,
ADI,2026-08-07,2027-06-17,314,399.0588,0.966854,126,52,0.326,1.604,0.187683,0.225636,direct+peer,0.1751,20,direct=0.44;peer=0.56;history=0.00 (leg not built),0.9985,
ADI,2026-08-07,2028-01-21,532,406.9784,0.943217,120,58,0.307,1.573,0.281193,0.396094,direct+peer,0.2955,20,direct=0.44;peer=0.56;history=0.00 (leg not built),0.9964,
ADI,2026-08-10,2027-01-15,158,389.4000,0.983317,134,43,0.488,1.644,0.099009,0.104214,peer,0.0602,20,peer=1.00;history=0.00 (leg not built),0.9983,
ADI,2026-08-10,2027-03-19,221,391.2289,0.976485,104,43,0.511,1.636,0.136205,0.148705,direct+peer,0.1122,20,direct=0.44;peer=0.56;history=0.00 (leg not built),0.9984,
ADI,2026-08-10,2027-06-17,311,394.3127,0.966911,126,44,0.495,1.623,0.184049,0.210610,direct+peer,0.1502,20,direct=0.44;peer=0.56;history=0.00 (leg not built),0.9966,
ADI,2026-08-10,2028-01-21,529,401.7922,0.942976,120,55,0.299,1.593,0.278723,0.379176,direct+peer,0.2661,20,direct=0.44;peer=0.56;history=0.00 (leg not built),0.9966,
ADI,2026-08-11,2027-01-15,157,391.0575,0.983468,134,41,0.486,1.637,0.092924,0.097887,direct+peer,0.0732,20,direct=0.44;peer=0.56;history=0.00 (leg not built),0.9989,
ADI,2026-08-11,2027-03-19,220,392.6929,0.976648,104,42,0.535,1.630,0.130260,0.142291,direct+peer,0.1223,20,direct=0.44;peer=0.56;history=0.00 (leg not built),0.9979,
ADI,2026-08-11,2027-06-17,310,395.6364,0.967096,126,45,0.455,1.618,0.174357,0.203142,direct+peer,0.1648,20,direct=0.44;peer=0.56;history=0.00 (leg not built),0.9973,
ADI,2026-08-11,2028-01-21,528,403.2014,0.943336,120,52,0.372,1.587,0.271654,0.380629,peer,0.2997,20,peer=1.00;history=0.00 (leg not built),0.9967,
ADI,2026-08-12,2027-01-15,156,389.3595,0.983578,134,39,0.616,1.644,0.092979,0.096415,peer,0.0770,20,peer=1.00;history=0.00 (leg not built),0.9985,
ADI,2026-08-12,2027-03-19,219,391.2286,0.976754,104,42,0.537,1.636,0.127664,0.141447,direct+peer,0.1445,20,direct=0.44;peer=0.56;history=0.00 (leg not built),0.9986,
ADI,2026-08-12,2027-06-17,309,394.1770,0.967203,126,45,0.419,1.624,0.173191,0.200437,peer,0.1470,20,peer=1.00;history=0.00 (leg not built),0.9993,
ADI,2026-08-12,2028-01-21,527,401.6111,0.943447,120,54,0.299,1.594,0.268112,0.364413,direct+peer,0.2611,20,direct=0.44;peer=0.56;history=0.00 (leg not built),0.9980,
ADM,2026-08-06,2027-01-15,162,77.7544,0.982886,72,22,0.675,1.479,0.050665,0.051384,direct+peer,0.1296,20,direct=0.44;peer=0.56;history=0.00 (leg not built),0.9969,
ADM,2026-08-06,2027-03-19,225,77.9918,0.976077,60,23,0.641,1.539,0.072277,0.072619,peer,0.0699,20,peer=1.00;history=0.00 (leg not built),0.9983,
ADM,2026-08-06,2027-06-17,315,78.4520,0.966391,52,26,0.510,1.593,0.099511,0.105011,direct+peer,0.0871,20,direct=0.44;peer=0.56;history=0.00 (leg not built),0.9962,
ADM,2026-08-06,2028-01-21,533,79.7453,0.942385,66,32,0.376,1.567,0.161753,0.182317,direct+peer,0.1293,20,direct=0.44;peer=0.56;history=0.00 (leg not built),0.9957,
ADM,2026-08-07,2027-01-15,161,76.7066,0.983121,72,22,0.652,1.434,0.048232,0.047752,direct+peer,0.0557,20,direct=0.44;peer=0.56;history=0.00 (leg not built),0.9976,
ADM,2026-08-07,2027-03-19,224,76.8855,0.976383,60,25,0.585,1.561,0.071393,0.072089,direct+peer,0.0801,20,direct=0.44;peer=0.56;history=0.00 (leg not built),0.9965,
ADM,2026-08-07,2027-06-17,314,77.2518,0.966854,52,25,0.518,1.618,0.102491,0.105671,direct+peer,0.0723,20,direct=0.44;peer=0.56;history=0.00 (leg not built),0.9967,
ADM,2026-08-07,2028-01-21,532,78.2845,0.943217,66,33,0.383,1.597,0.163946,0.183376,direct+peer,0.1223,20,direct=0.44;peer=0.56;history=0.00 (leg not built),0.9929,
ADM,2026-08-10,2027-01-15,158,80.7526,0.983317,72,25,0.619,1.548,0.049759,0.050061,direct+peer,0.0533,20,direct=0.44;peer=0.56;history=0.00 (leg not built),0.9995,
ADM,2026-08-10,2027-03-19,221,80.7783,0.976485,60,25,0.557,1.486,0.070007,0.073059,direct+peer,0.0858,20,direct=0.44;peer=0.56;history=0.00 (leg not built),0.9990,
ADM,2026-08-10,2027-06-17,311,81.0859,0.966911,52,26,0.493,1.542,0.099717,0.105280,direct+peer,0.0811,20,direct=0.44;peer=0.56;history=0.00 (leg not built),0.9989,
ADM,2026-08-10,2028-01-21,529,82.0758,0.942976,66,33,0.366,1.523,0.164832,0.187630,direct+peer,0.1290,20,direct=0.44;peer=0.56;history=0.00 (leg not built),0.9925,
ADM,2026-08-11,2027-01-15,157,80.7829,0.983468,72,21,0.681,1.424,0.048000,0.047127,direct+peer,0.0662,20,direct=0.44;peer=0.56;history=0.00 (leg not built),0.9984,
ADM,2026-08-11,2027-03-19,220,80.6963,0.976648,60,23,0.620,1.487,0.070138,0.071740,direct+peer,0.0848,20,direct=0.44;peer=0.56;history=0.00 (leg not built),0.9989,
ADM,2026-08-11,2027-06-17,310,81.0444,0.967096,52,23,0.494,1.542,0.099170,0.105350,direct+peer,0.0882,20,direct=0.44;peer=0.56;history=0.00 (leg not built),0.9976,
ADM,2026-08-11,2028-01-21,528,82.0866,0.943336,66,29,0.426,1.523,0.162523,0.186273,peer,0.1382,20,peer=1.00;history=0.00 (leg not built),0.9886,
ADM,2026-08-12,2027-01-15,156,80.1728,0.983578,72,22,0.655,1.434,0.046661,0.047626,direct+peer,0.0940,20,direct=0.44;peer=0.56;history=0.00 (leg not built),0.9977,
ADM,2026-08-12,2027-03-19,219,80.4402,0.976754,60,26,0.528,1.554,0.068431,0.069063,direct+peer,0.0403,20,direct=0.44;peer=0.56;history=0.00 (leg not built),0.9990,
ADM,2026-08-12,2027-06-17,309,80.8478,0.967203,52,25,0.495,1.546,0.097487,0.102514,direct+peer,0.0955,20,direct=0.44;peer=0.56;history=0.00 (leg not built),0.9984,
ADM,2026-08-12,2028-01-21,527,81.9064,0.943447,66,33,0.366,1.526,0.159892,0.184775,direct+peer,0.1464,20,direct=0.44;peer=0.56;history=0.00 (leg not built),0.9933,
ADP,2026-08-06,2027-01-15,162,274.7310,0.982886,98,19,0.692,1.492,0.047617,0.045962,direct+peer,0.0870,20,direct=0.44;peer=0.56;history=0.00 (leg not built),0.9980,
ADP,2026-08-06,2027-02-19,197,275.8635,0.979077,76,18,0.707,1.305,0.058562,0.060702,direct+peer,0.2078,20,direct=0.44;peer=0.56;history=0.00 (leg not built),0.9981,
ADP,2026-08-06,2027-03-19,225,276.0215,0.976077,86,22,0.616,1.340,0.065661,0.067345,peer,0.1191,20,peer=1.00;history=0.00 (leg not built),0.9986,
ADP,2026-08-06,2027-06-17,315,277.3096,0.966391,82,24,0.649,1.406,0.090663,0.099497,peer,0.2024,20,peer=1.00;history=0.00 (leg not built),0.9962,
ADP,2026-08-06,2028-01-21,533,280.9020,0.942385,88,38,0.445,1.531,0.136842,0.146568,direct+peer,0.1059,20,direct=0.44;peer=0.56;history=0.00 (leg not built),0.9960,
ADP,2026-08-07,2027-01-15,161,273.2549,0.983121,98,21,0.640,1.354,0.045005,0.043206,peer,0.0638,20,peer=1.00;history=0.00 (leg not built),0.9975,
ADP,2026-08-07,2027-02-19,196,274.3226,0.979343,76,20,0.693,1.349,0.058490,0.057753,direct+peer,0.1174,20,direct=0.44;peer=0.56;history=0.00 (leg not built),0.9976,
ADP,2026-08-07,2027-03-19,224,274.2845,0.976383,86,24,0.620,1.385,0.066260,0.073413,direct+peer,0.2734,20,direct=0.44;peer=0.56;history=0.00 (leg not built),0.9979,
ADP,2026-08-07,2027-06-17,314,276.0353,0.966854,82,26,0.616,1.413,0.087709,0.089114,peer,0.0979,20,peer=1.00;history=0.00 (leg not built),0.9956,
ADP,2026-08-07,2028-01-21,532,278.5864,0.943217,88,39,0.377,1.544,0.135781,0.141685,direct+peer,0.0778,20,direct=0.44;peer=0.56;history=0.00 (leg not built),0.9955,
ADP,2026-08-10,2027-01-15,158,274.2035,0.983317,98,19,0.638,1.276,0.040504,0.041944,direct+peer,0.0988,20,direct=0.44;peer=0.56;history=0.00 (leg not built),0.9995,
ADP,2026-08-10,2027-02-19,193,275.6269,0.979464,76,22,0.671,1.451,0.057612,0.055500,direct+peer,0.0825,20,direct=0.44;peer=0.56;history=0.00 (leg not built),0.9992,
ADP,2026-08-10,2027-03-19,221,275.5452,0.976485,86,23,0.617,1.343,0.063851,0.064901,peer,0.1046,20,peer=1.00;history=0.00 (leg not built),0.9991,
ADP,2026-08-10,2027-06-17,311,276.6905,0.966911,82,31,0.542,1.446,0.086233,0.088801,direct+peer,0.0937,20,direct=0.44;peer=0.56;history=0.00 (leg not built),0.9978,
ADP,2026-08-10,2028-01-21,529,279.2930,0.942976,88,44,0.358,1.540,0.134674,0.145578,direct+peer,0.1003,20,direct=0.44;peer=0.56;history=0.00 (leg not built),0.9985,
ADP,2026-08-11,2027-01-15,157,273.0165,0.983468,98,19,0.659,1.282,0.041318,0.043010,peer,0.1066,20,peer=1.00;history=0.00 (leg not built),0.9988,
ADP,2026-08-11,2027-02-19,192,273.8450,0.979620,76,18,0.712,1.315,0.057102,0.056183,direct+peer,0.1316,20,direct=0.44;peer=0.56;history=0.00 (leg not built),0.9996,
ADP,2026-08-11,2027-03-19,220,273.9762,0.976648,86,21,0.620,1.350,0.064202,0.066608,peer,0.1167,20,peer=1.00;history=0.00 (leg not built),0.9988,
ADP,2026-08-11,2027-06-17,310,275.1746,0.967096,82,26,0.618,1.417,0.090160,0.092313,direct+peer,0.1196,20,direct=0.44;peer=0.56;history=0.00 (leg not built),0.9990,
ADP,2026-08-11,2028-01-21,528,278.4099,0.943336,88,42,0.359,1.544,0.137213,0.146238,direct+peer,0.0830,20,direct=0.44;peer=0.56;history=0.00 (leg not built),0.9995,
ADP,2026-08-12,2027-01-15,156,270.4406,0.983578,98,27,0.518,1.479,0.042144,0.042896,direct+peer,0.0831,20,direct=0.44;peer=0.56;history=0.00 (leg not built),0.9966,
ADP,2026-08-12,2027-02-19,191,271.6671,0.979726,76,26,0.607,1.436,0.054105,0.054177,direct+peer,0.0740,20,direct=0.44;peer=0.56;history=0.00 (leg not built),0.9970,
ADP,2026-08-12,2027-03-19,219,271.7916,0.976754,86,27,0.570,1.472,0.062523,0.062200,direct+peer,0.0380,20,direct=0.44;peer=0.56;history=0.00 (leg not built),0.9969,
ADP,2026-08-12,2027-06-17,309,272.7571,0.967203,82,29,0.568,1.467,0.086514,0.088019,direct+peer,0.0851,20,direct=0.44;peer=0.56;history=0.00 (leg not built),0.9982,
ADP,2026-08-12,2028-01-21,527,275.1773,0.943447,88,43,0.363,1.563,0.137279,0.145841,direct+peer,0.0710,20,direct=0.44;peer=0.56;history=0.00 (leg not built),0.9978,
ADSK,2026-08-06,2027-01-15,162,245.7608,0.982886,100,37,0.407,1.831,0.115397,0.117314,direct+peer,0.0357,20,direct=0.44;peer=0.56;history=0.00 (leg not built),0.9947,
ADSK,2026-08-06,2027-03-19,225,247.6095,0.976077,80,37,0.384,1.535,0.147275,0.164185,direct+peer,0.1310,20,direct=0.44;peer=0.56;history=0.00 (leg not built),0.9983,
ADSK,2026-08-06,2027-06-17,315,250.1380,0.966391,100,39,0.380,1.759,0.214128,0.236486,direct+peer,0.1263,20,direct=0.44;peer=0.56;history=0.00 (leg not built),0.9912,
ADSK,2026-08-06,2028-01-21,533,256.6044,0.942385,100,48,0.370,1.871,0.334284,0.402164,direct+peer,0.1990,20,direct=0.44;peer=0.56;history=0.00 (leg not built),0.9928,
ADSK,2026-08-07,2027-01-15,161,252.6955,0.983121,100,43,0.376,1.900,0.113542,0.116920,direct+peer,0.0352,20,direct=0.44;peer=0.56;history=0.00 (leg not built),0.9954,
ADSK,2026-08-07,2027-03-19,224,255.2205,0.976383,80,32,0.470,1.489,0.143496,0.165340,direct+peer,0.1707,20,direct=0.44;peer=0.56;history=0.00 (leg not built),0.9976,
ADSK,2026-08-07,2027-06-17,314,257.2247,0.966854,100,47,0.369,1.827,0.213580,0.234590,direct+peer,0.1039,20,direct=0.44;peer=0.56;history=0.00 (leg not built),0.9942,
ADSK,2026-08-07,2028-01-21,532,263.0746,0.943217,100,47,0.361,1.825,0.331461,0.398361,direct+peer,0.1854,20,direct=0.44;peer=0.56;history=0.00 (leg not built),0.9949,
ADSK,2026-08-10,2027-01-15,158,260.1695,0.983317,100,43,0.423,1.845,0.107587,0.109469,direct+peer,0.0422,20,direct=0.44;peer=0.56;history=0.00 (leg not built),0.9939,
ADSK,2026-08-10,2027-03-19,221,261.4678,0.976485,80,39,0.363,1.453,0.131794,0.152563,direct+peer,0.1550,20,direct=0.44;peer=0.56;history=0.00 (leg not built),0.9909,
ADSK,2026-08-10,2027-06-17,311,264.6712,0.966911,100,49,0.359,1.814,0.204157,0.219106,direct+peer,0.0954,20,direct=0.44;peer=0.56;history=0.00 (leg not built),0.9968,
ADSK,2026-08-10,2028-01-21,529,272.3684,0.942976,100,48,0.386,1.762,0.310414,0.380815,direct+peer,0.2200,20,direct=0.44;peer=0.56;history=0.00 (leg not built),0.9879,
ADSK,2026-08-11,2027-01-15,157,255.9667,0.983468,100,39,0.391,1.836,0.107836,0.111865,direct+peer,0.0461,20,direct=0.44;peer=0.56;history=0.00 (leg not built),0.9969,
ADSK,2026-08-11,2027-03-19,220,258.0716,0.976648,80,36,0.407,1.472,0.132313,0.154944,direct+peer,0.1642,20,direct=0.44;peer=0.56;history=0.00 (leg not built),0.9997,
ADSK,2026-08-11,2027-06-17,310,261.4304,0.967096,100,41,0.363,1.798,0.196873,0.214234,direct+peer,0.0932,20,direct=0.44;peer=0.56;history=0.00 (leg not built),0.9922,
ADSK,2026-08-11,2028-01-21,528,266.9788,0.943336,100,47,0.412,1.798,0.312781,0.372925,direct+peer,0.1870,20,direct=0.44;peer=0.56;history=0.00 (leg not built),0.9929,
ADSK,2026-08-12,2027-01-15,156,252.8637,0.983578,100,47,0.395,1.898,0.100982,0.102951,direct+peer,0.0326,20,direct=0.44;peer=0.56;history=0.00 (leg not built),0.9924,
ADSK,2026-08-12,2027-03-19,219,253.6686,0.976754,80,36,0.394,1.498,0.130871,0.148408,direct+peer,0.1458,20,direct=0.44;peer=0.56;history=0.00 (leg not built),0.9969,
ADSK,2026-08-12,2027-06-17,309,257.4152,0.967203,100,49,0.369,1.865,0.198916,0.215690,direct+peer,0.1141,20,direct=0.44;peer=0.56;history=0.00 (leg not built),0.9963,
ADSK,2026-08-12,2028-01-21,527,264.0454,0.943447,100,48,0.360,1.818,0.309066,0.370668,direct+peer,0.2177,20,direct=0.44;peer=0.56;history=0.00 (leg not built),0.9852,
AEE,2026-08-06,2027-03-19,225,109.1462,0.976077,46,8,0.825,1.145,0.047171,0.037349,peer,0.2770,20,peer=1.00;history=0.00 (leg not built),0.9917,
AEE,2026-08-07,2027-03-19,224,109.4879,0.976383,46,6,0.822,1.142,,0.032843,peer,0.2483,20,peer=1.00;history=0.00 (leg not built),0.9973,
AEE,2026-08-10,2027-03-19,221,108.1908,0.976485,46,7,0.832,1.109,,0.035648,peer,0.3474,20,peer=1.00;history=0.00 (leg not built),0.9992,
AEE,2026-08-11,2027-03-19,220,108.3447,0.976648,46,8,0.831,1.154,0.046263,0.035446,peer,0.2713,20,peer=1.00;history=0.00 (leg not built),0.9994,
AEE,2026-08-12,2027-03-19,219,108.8909,0.976754,46,7,0.827,1.102,,0.031983,peer,0.2907,20,peer=1.00;history=0.00 (leg not built),0.9964,
AEP,2026-08-06,2027-01-15,162,125.5596,0.982886,60,14,0.757,1.274,0.026540,0.024497,direct+peer,0.0929,20,direct=0.44;peer=0.56;history=0.00 (leg not built),0.9922,
AEP,2026-08-06,2027-02-19,197,125.7320,0.979077,48,9,0.835,1.153,0.034533,0.028238,direct+peer,0.2467,20,direct=0.44;peer=0.56;history=0.00 (leg not built),0.9951,
AEP,2026-08-06,2027-03-19,225,125.5293,0.976077,54,14,0.757,1.275,0.038669,0.035617,direct+peer,0.1696,20,direct=0.44;peer=0.56;history=0.00 (leg not built),0.9972,
AEP,2026-08-06,2027-06-17,315,125.7933,0.966391,54,11,0.795,1.192,0.053254,0.052906,direct+peer,0.3446,20,direct=0.44;peer=0.56;history=0.00 (leg not built),0.9944,
AEP,2026-08-06,2028-01-21,533,126.8039,0.942385,60,20,0.513,1.420,0.088309,0.095276,direct+peer,0.1156,20,direct=0.44;peer=0.56;history=0.00 (leg not built),0.9914,
AEP,2026-08-07,2027-01-15,161,125.9833,0.983121,60,11,0.833,1.270,0.029944,0.023814,direct+peer,0.1409,20,direct=0.44;peer=0.56;history=0.00 (leg not built),0.9954,
AEP,2026-08-07,2027-02-19,196,125.9530,0.979343,48,10,0.794,1.151,0.031547,0.028149,direct+peer,0.1872,20,direct=0.44;peer=0.56;history=0.00 (leg not built),0.9979,
AEP,2026-08-07,2027-03-19,224,126.1095,0.976383,54,12,0.753,1.189,0.033399,0.031669,direct+peer,0.1561,20,direct=0.44;peer=0.56;history=0.00 (leg not built),0.9978,
AEP,2026-08-07,2027-06-17,314,126.4135,0.966854,54,13,0.752,1.226,0.050499,0.046294,peer,0.1497,20,peer=1.00;history=0.00 (leg not built),0.9982,
AEP,2026-08-07,2028-01-21,532,127.3324,0.943217,60,17,0.668,1.414,0.095126,0.091352,direct+peer,0.1692,20,direct=0.44;peer=0.56;history=0.00 (leg not built),0.9951,
AEP,2026-08-10,2027-01-15,158,123.8474,0.983317,60,14,0.767,1.292,0.025639,0.023543,direct+peer,0.0842,20,direct=0.44;peer=0.56;history=0.00 (leg not built),0.9966,
AEP,2026-08-10,2027-02-19,193,124.3874,0.979464,48,10,0.804,1.166,0.031336,0.027410,direct+peer,0.1989,20,direct=0.44;peer=0.56;history=0.00 (leg not built),0.9983,
AEP,2026-08-10,2027-03-19,221,124.2319,0.976485,54,12,0.724,1.167,0.032820,0.032131,direct+peer,0.1472,20,direct=0.44;peer=0.56;history=0.00 (leg not built),0.9956,
AEP,2026-08-10,2027-06-17,311,124.8104,0.966911,54,14,0.721,1.242,0.048350,0.045750,direct+peer,0.1370,20,direct=0.44;peer=0.56;history=0.00 (leg not built),0.9986,
AEP,2026-08-10,2028-01-21,529,125.1591,0.942976,60,20,0.559,1.438,0.088887,0.092677,direct+peer,0.0983,20,direct=0.44;peer=0.56;history=0.00 (leg not built),0.9853,
AEP,2026-08-11,2027-01-15,157,124.6272,0.983468,60,12,0.802,1.284,0.026579,0.023196,direct+peer,0.2432,20,direct=0.44;peer=0.56;history=0.00 (leg not built),0.9901,
AEP,2026-08-11,2027-02-19,192,124.5917,0.979620,48,9,0.762,1.084,0.027315,0.027629,direct+peer,0.2579,20,direct=0.44;peer=0.56;history=0.00 (leg not built),0.9979,
AEP,2026-08-11,2027-03-19,220,124.2833,0.976648,54,10,0.764,1.126,0.032920,0.032092,peer,0.2382,20,peer=1.00;history=0.00 (leg not built),0.9933,
AEP,2026-08-11,2027-06-17,310,124.8104,0.967096,54,11,0.761,1.162,0.050448,0.050053,direct+peer,0.2936,20,direct=0.44;peer=0.56;history=0.00 (leg not built),0.9956,
AEP,2026-08-11,2028-01-21,528,126.1131,0.943336,60,15,0.674,1.229,0.088847,0.090079,peer,0.2271,20,peer=1.00;history=0.00 (leg not built),0.9930,
AEP,2026-08-12,2027-01-15,156,125.3220,0.983578,60,13,0.778,1.277,0.026392,0.022769,direct+peer,0.0957,20,direct=0.44;peer=0.56;history=0.00 (leg not built),0.9961,
AEP,2026-08-12,2027-02-19,191,125.2892,0.979726,48,12,0.758,1.197,0.030195,0.027455,peer,0.1209,20,peer=1.00;history=0.00 (leg not built),0.9935,
AEP,2026-08-12,2027-03-19,219,125.2218,0.976754,54,13,0.759,1.238,0.035959,0.031853,direct+peer,0.1369,20,direct=0.44;peer=0.56;history=0.00 (leg not built),0.9956,
AEP,2026-08-12,2027-06-17,309,125.8099,0.967203,54,11,0.795,1.192,0.056821,0.050817,peer,0.2544,20,peer=1.00;history=0.00 (leg not built),0.9907,
AEP,2026-08-12,2028-01-21,527,127.4025,0.943447,60,17,0.667,1.413,0.090419,0.086650,direct+peer,0.1829,20,direct=0.44;peer=0.56;history=0.00 (leg not built),0.9916,
AES,2026-08-06,2027-01-15,162,14.7066,0.982886,46,14,0.204,2.380,0.012889,0.010191,peer,0.0012,20,peer=1.00;history=0.00 (leg not built),0.9916,
AES,2026-08-06,2027-02-19,197,14.7018,0.979077,34,4,0.952,1.360,,,refused,,0,,0.9916,only 4 invertible quotes
AES,2026-08-06,2027-06-17,315,14.7723,0.966391,22,4,0.542,1.354,,,refused,,0,,0.9654,only 4 invertible quotes
AES,2026-08-06,2028-01-21,533,14.2259,0.942385,24,8,0.211,2.109,0.020161,0.024234,direct+peer,0.1425,20,direct=0.44;peer=0.56;history=0.00 (leg not built),0.8806,
AES,2026-08-07,2027-01-15,161,14.2744,0.983121,46,11,0.560,2.452,0.013528,0.009851,peer,0.0555,20,peer=1.00;history=0.00 (leg not built),0.9313,
AES,2026-08-07,2027-02-19,196,14.6866,0.979343,34,4,0.953,1.362,,,refused,,0,,0.9937,only 4 invertible quotes
AES,2026-08-07,2027-06-17,314,14.7587,0.966854,22,4,0.542,1.355,,,refused,,0,,0.9693,only 4 invertible quotes
AES,2026-08-07,2028-01-21,532,14.2100,0.943217,24,8,0.211,2.111,0.019532,0.026784,direct+peer,0.1391,20,direct=0.44;peer=0.56;history=0.00 (leg not built),0.8916,
AES,2026-08-10,2027-01-15,158,14.0698,0.983317,46,12,0.569,2.488,0.013280,0.010895,direct+peer,0.1152,20,direct=0.44;peer=0.56;history=0.00 (leg not built),0.8803,
AES,2026-08-10,2027-02-19,193,14.7054,0.979464,34,5,0.952,1.360,,,refused,,0,,0.9948,only 5 invertible quotes
AES,2026-08-10,2027-06-17,311,14.7901,0.966911,22,4,0.541,1.352,,,refused,,0,,0.9257,only 4 invertible quotes
AES,2026-08-10,2028-01-21,529,14.0493,0.942976,24,7,1.068,2.135,,,refused,,20,,0.9215,no leg survived: no arbitrage-free fit inside the 0.35 synthetic-share ceiling
AES,2026-08-11,2027-01-15,157,14.7305,0.983468,46,14,0.204,2.376,0.012230,0.009818,peer,0.0016,20,peer=1.00;history=0.00 (leg not built),0.9868,
AES,2026-08-11,2027-02-19,192,14.6851,0.979620,34,5,0.953,1.362,,,refused,,0,,0.9930,only 5 invertible quotes
AES,2026-08-11,2027-06-17,310,14.7297,0.967096,22,4,0.543,1.358,,,refused,,0,,0.9589,only 4 invertible quotes
AES,2026-08-11,2028-01-21,528,14.2093,0.943336,24,8,0.211,2.111,0.018350,0.021572,direct+peer,0.1696,20,direct=0.44;peer=0.56;history=0.00 (leg not built),0.8918,
AES,2026-08-12,2027-01-15,156,14.6662,0.983578,46,14,0.205,2.386,0.012195,0.009831,peer,0.0021,20,peer=1.00;history=0.00 (leg not built),0.9961,
AES,2026-08-12,2027-02-19,191,14.6747,0.979726,34,3,0.954,1.363,,,refused,,0,,0.9927,only 3 invertible quotes
AES,2026-08-12,2027-06-17,309,14.6918,0.967203,22,4,0.545,1.361,,,refused,,0,,0.9572,only 4 invertible quotes
AES,2026-08-12,2028-01-21,527,14.2107,0.943447,24,8,0.211,2.111,0.014749,0.024201,direct+peer,0.1348,20,direct=0.44;peer=0.56;history=0.00 (leg not built),0.8921,
AFL,2026-08-06,2027-01-15,162,127.2892,0.982886,52,13,0.668,1.178,0.025353,0.025035,direct+peer,0.1089,20,direct=0.44;peer=0.56;history=0.00 (leg not built),0.9989,
AFL,2026-08-06,2027-02-19,197,127.8551,0.979077,48,13,0.743,1.212,0.041558,0.034753,peer,0.1546,20,peer=1.00;history=0.00 (leg not built),0.9920,
AFL,2026-08-06,2027-03-19,225,127.6095,0.976077,52,14,0.705,1.215,0.038449,0.037432,direct+peer,0.1571,20,direct=0.44;peer=0.56;history=0.00 (leg not built),0.9994,
AFL,2026-08-06,2027-06-17,315,128.3099,0.966391,56,17,0.662,1.286,0.059223,0.056139,peer,0.1495,20,peer=1.00;history=0.00 (leg not built),0.9969,
AFL,2026-08-06,2028-01-21,533,130.1238,0.942385,56,22,0.576,1.383,0.092563,0.098432,direct+peer,0.1881,20,direct=0.44;peer=0.56;history=0.00 (leg not built),0.9925,
AFL,2026-08-07,2027-01-15,161,125.2373,0.983121,52,13,0.679,1.198,0.024166,0.023005,direct+peer,0.0937,20,direct=0.44;peer=0.56;history=0.00 (leg not built),0.9969,
AFL,2026-08-07,2027-02-19,196,125.3063,0.979343,48,11,0.798,1.197,0.036247,0.030492,direct+peer,0.1732,20,direct=0.44;peer=0.56;history=0.00 (leg not built),0.9955,
AFL,2026-08-07,2027-03-19,224,125.1878,0.976383,52,13,0.719,1.198,0.037013,0.035502,direct+peer,0.1253,20,direct=0.44;peer=0.56;history=0.00 (leg not built),0.9973,
AFL,2026-08-07,2027-06-17,314,126.1894,0.966854,56,16,0.634,1.228,0.052644,0.051857,direct+peer,0.1501,20,direct=0.44;peer=0.56;history=0.00 (leg not built),0.9989,
AFL,2026-08-07,2028-01-21,532,127.5615,0.943217,56,18,0.627,1.293,0.090248,0.087234,peer,0.1257,20,peer=1.00;history=0.00 (leg not built),0.9982,
AFL,2026-08-10,2027-01-15,158,122.7796,0.983317,52,11,0.692,1.140,0.021967,0.022630,direct+peer,0.1820,20,direct=0.44;peer=0.56;history=0.00 (leg not built),0.9972,
AFL,2026-08-10,2027-02-19,193,123.2984,0.979464,48,13,0.608,1.257,0.031321,0.030139,direct+peer,0.0557,20,direct=0.44;peer=0.56;history=0.00 (leg not built),0.9950,
AFL,2026-08-10,2027-03-19,221,123.3103,0.976485,52,12,0.730,1.176,0.034601,0.033252,direct+peer,0.1753,20,direct=0.44;peer=0.56;history=0.00 (leg not built),0.9953,
AFL,2026-08-10,2027-06-17,311,123.9313,0.966911,56,16,0.524,1.210,0.050056,0.052424,direct+peer,0.1346,20,direct=0.44;peer=0.56;history=0.00 (leg not built),0.9935,
AFL,2026-08-10,2028-01-21,529,125.9368,0.942976,56,18,0.635,1.310,0.088712,0.091122,direct+peer,0.2107,20,direct=0.44;peer=0.56;history=0.00 (leg not built),0.9980,
AFL,2026-08-11,2027-01-15,157,122.0336,0.983468,52,13,0.697,1.188,0.022771,0.021482,direct+peer,0.0852,20,direct=0.44;peer=0.56;history=0.00 (leg not built),0.9964,
AFL,2026-08-11,2027-02-19,192,122.4565,0.979620,48,11,0.776,1.184,0.038802,0.029657,peer,0.1420,20,peer=1.00;history=0.00 (leg not built),0.9963,
AFL,2026-08-11,2027-03-19,220,122.5256,0.976648,52,13,0.531,1.183,0.032627,0.034593,direct+peer,0.1222,20,direct=0.44;peer=0.56;history=0.00 (leg not built),0.9955,
AFL,2026-08-11,2027-06-17,310,123.5868,0.967096,56,18,0.526,1.254,0.050462,0.052358,direct+peer,0.0915,20,direct=0.44;peer=0.56;history=0.00 (leg not built),0.9956,
AFL,2026-08-11,2028-01-21,528,125.1413,0.943336,56,19,0.639,1.358,0.092711,0.088838,peer,0.1347,20,peer=1.00;history=0.00 (leg not built),0.9972,
AFL,2026-08-12,2027-01-15,156,121.6945,0.983578,52,12,0.698,1.150,0.021248,0.020577,direct+peer,0.1012,20,direct=0.44;peer=0.56;history=0.00 (leg not built),0.9972,
AFL,2026-08-12,2027-02-19,191,121.9223,0.979726,48,15,0.656,1.230,0.030581,0.028975,direct+peer,0.0765,20,direct=0.44;peer=0.56;history=0.00 (leg not built),0.9967,
AFL,2026-08-12,2027-03-19,219,122.0817,0.976754,52,14,0.614,1.229,0.034295,0.033346,direct+peer,0.0839,20,direct=0.44;peer=0.56;history=0.00 (leg not built),0.9994,
AFL,2026-08-12,2027-06-17,309,122.6392,0.967203,56,15,0.530,1.223,0.045911,0.049233,direct+peer,0.1429,20,direct=0.44;peer=0.56;history=0.00 (leg not built),0.9957,
AFL,2026-08-12,2028-01-21,527,124.5584,0.943447,56,18,0.642,1.365,0.091452,0.086681,peer,0.1300,20,peer=1.00;history=0.00 (leg not built),0.9948,
AIG,2026-08-06,2027-01-15,162,80.3154,0.982886,56,17,0.623,1.307,0.039648,0.039853,direct+peer,0.1303,20,direct=0.44;peer=0.56;history=0.00 (leg not built),0.9923,
AIG,2026-08-06,2027-02-19,197,80.5413,0.979077,48,14,0.745,1.242,0.061494,0.048774,peer,0.1541,20,peer=1.00;history=0.00 (leg not built),0.9968,
AIG,2026-08-06,2027-03-19,225,80.5225,0.976077,52,17,0.683,1.428,0.064626,0.064671,direct+peer,0.2755,20,direct=0.44;peer=0.56;history=0.00 (leg not built),0.9958,
AIG,2026-08-06,2027-06-17,315,80.6519,0.966391,54,18,0.682,1.364,0.092386,0.088133,direct+peer,0.2608,20,direct=0.44;peer=0.56;history=0.00 (leg not built),0.9869,
AIG,2026-08-06,2028-01-21,533,81.8633,0.942385,56,19,0.611,1.283,0.124496,0.138918,direct+peer,0.3243,20,direct=0.44;peer=0.56;history=0.00 (leg not built),0.9917,
AIG,2026-08-07,2027-01-15,161,79.3694,0.983121,56,18,0.630,1.323,0.038904,0.037697,direct+peer,0.0781,20,direct=0.44;peer=0.56;history=0.00 (leg not built),0.9929,
AIG,2026-08-07,2027-02-19,196,79.8264,0.979343,48,14,0.689,1.190,0.050295,0.048766,direct+peer,0.2412,20,direct=0.44;peer=0.56;history=0.00 (leg not built),0.9892,
AIG,2026-08-07,2027-03-19,224,79.8259,0.976383,52,16,0.689,1.315,0.059258,0.061718,direct+peer,0.3071,20,direct=0.44;peer=0.56;history=0.00 (leg not built),0.9922,
AIG,2026-08-07,2027-06-17,314,79.8552,0.966854,54,19,0.595,1.377,0.088132,0.078663,peer,0.0893,20,peer=1.00;history=0.00 (leg not built),0.9823,
AIG,2026-08-07,2028-01-21,532,80.5513,0.943217,56,19,0.621,1.304,0.131340,0.126280,peer,0.1780,20,peer=1.00;history=0.00 (leg not built),0.9939,
AIG,2026-08-10,2027-01-15,158,77.6322,0.983317,56,17,0.644,1.288,0.037524,0.037626,direct+peer,0.1305,20,direct=0.44;peer=0.56;history=0.00 (leg not built),0.9936,
AIG,2026-08-10,2027-02-19,193,78.6026,0.979464,48,14,0.700,1.272,0.050236,0.046861,direct+peer,0.1521,20,direct=0.44;peer=0.56;history=0.00 (leg not built),0.9968,
AIG,2026-08-10,2027-03-19,221,78.5292,0.976485,52,15,0.700,1.273,0.059129,0.058031,direct+peer,0.1832,20,direct=0.44;peer=0.56;history=0.00 (leg not built),0.9961,
AIG,2026-08-10,2027-06-17,311,78.9865,0.966911,54,18,0.538,1.266,0.080989,0.084255,direct+peer,0.1657,20,direct=0.44;peer=0.56;history=0.00 (leg not built),0.9902,
AIG,2026-08-10,2028-01-21,529,79.3107,0.942976,56,18,0.630,1.324,0.134410,0.129094,peer,0.1811,20,peer=1.00;history=0.00 (leg not built),0.9952,
AIG,2026-08-11,2027-01-15,157,77.6169,0.983468,56,16,0.644,1.288,0.038451,0.037359,direct+peer,0.1298,20,direct=0.44;peer=0.56;history=0.00 (leg not built),0.9921,
AIG,2026-08-11,2027-02-19,192,78.0512,0.979620,48,12,0.833,1.217,0.055506,0.044350,peer,0.2225,20,peer=1.00;history=0.00 (leg not built),0.9954,
AIG,2026-08-11,2027-03-19,220,78.0939,0.976648,52,14,0.768,1.281,0.060241,0.053451,peer,0.1600,20,peer=1.00;history=0.00 (leg not built),0.9952,
AIG,2026-08-11,2027-06-17,310,78.6995,0.967096,54,17,0.572,1.271,0.079207,0.083141,direct+peer,0.2725,20,direct=0.44;peer=0.56;history=0.00 (leg not built),0.9878,
AIG,2026-08-11,2028-01-21,528,79.0671,0.943336,56,19,0.632,1.328,0.132845,0.139740,direct+peer,0.3446,20,direct=0.44;peer=0.56;history=0.00 (leg not built),0.9962,
AIG,2026-08-12,2027-01-15,156,76.5494,0.983578,56,16,0.653,1.306,0.034972,0.034633,direct+peer,0.1593,20,direct=0.44;peer=0.56;history=0.00 (leg not built),0.9937,
AIG,2026-08-12,2027-02-19,191,77.1121,0.979726,48,13,0.713,1.297,0.047891,0.042366,peer,0.0988,20,peer=1.00;history=0.00 (leg not built),0.9927,
AIG,2026-08-12,2027-03-19,219,76.9267,0.976754,52,16,0.585,1.170,0.049209,0.056020,direct+peer,0.2744,20,direct=0.44;peer=0.56;history=0.00 (leg not built),0.9943,
AIG,2026-08-12,2027-06-17,309,77.8929,0.967203,54,15,0.642,1.155,0.067875,0.071890,peer,0.2216,20,peer=1.00;history=0.00 (leg not built),0.9960,
AIG,2026-08-12,2028-01-21,527,77.9982,0.943447,56,19,0.641,1.346,0.131628,0.137736,direct+peer,0.3384,20,direct=0.44;peer=0.56;history=0.00 (leg not built),0.9928,
AIZ,2026-08-06,2027-03-19,225,300.6352,0.976077,58,13,0.798,1.197,0.039223,0.035132,peer,0.1928,20,peer=1.00;history=0.00 (leg not built),0.9967,
AIZ,2026-08-07,2027-03-19,224,294.5411,0.976383,58,11,0.815,1.154,0.038598,0.034083,direct+peer,0.2563,20,direct=0.44;peer=0.56;history=0.00 (leg not built),0.9942,
AIZ,2026-08-10,2027-03-19,221,291.8229,0.976485,58,13,0.754,1.165,0.037489,0.035065,peer,0.1840,20,peer=1.00;history=0.00 (leg not built),0.9967,
AIZ,2026-08-11,2027-03-19,220,286.4573,0.976648,58,12,0.803,1.187,0.037783,0.033694,peer,0.1857,20,peer=1.00;history=0.00 (leg not built),0.9956,
AIZ,2026-08-12,2027-03-19,219,285.6489,0.976754,58,12,0.805,1.190,0.037648,0.032772,peer,0.1781,20,peer=1.00;history=0.00 (leg not built),0.9968,
AJG,2026-08-06,2027-01-15,162,253.5440,0.982886,78,22,0.690,1.499,0.061989,0.058740,peer,0.0775,20,peer=1.00;history=0.00 (leg not built),0.9991,
AJG,2026-08-07,2027-01-15,161,250.2373,0.983121,78,22,0.719,1.479,0.059036,0.056413,direct+peer,0.0843,20,direct=0.44;peer=0.56;history=0.00 (leg not built),0.9989,
AJG,2026-08-10,2027-01-15,158,254.9321,0.983317,78,18,0.706,1.294,0.051951,0.051925,direct+peer,0.1345,20,direct=0.44;peer=0.56;history=0.00 (leg not built),0.9969,
AJG,2026-08-11,2027-01-15,157,256.8648,0.983468,78,18,0.720,1.324,0.052509,0.052489,peer,0.1185,20,peer=1.00;history=0.00 (leg not built),0.9989,
AJG,2026-08-12,2027-01-15,156,257.2888,0.983578,78,18,0.661,1.283,0.048721,0.050330,direct+peer,0.1095,20,direct=0.44;peer=0.56;history=0.00 (leg not built),0.9968,
AKAM,2026-08-06,2027-01-15,162,120.9496,0.982886,74,28,0.579,1.902,0.180174,0.187994,direct+peer,0.1113,20,direct=0.44;peer=0.56;history=0.00 (leg not built),0.9892,
AKAM,2026-08-06,2027-02-19,197,121.0214,0.979077,56,26,0.454,1.570,0.198051,0.238447,peer,0.1934,20,peer=1.00;history=0.00 (leg not built),0.9980,
AKAM,2026-08-06,2027-03-19,225,121.5368,0.976077,70,28,0.535,1.646,0.222641,0.257524,peer,0.1867,20,peer=1.00;history=0.00 (leg not built),0.9898,
AKAM,2026-08-06,2027-06-17,315,122.0351,0.966391,70,32,0.533,1.967,0.302250,0.339200,direct+peer,0.1772,20,direct=0.44;peer=0.56;history=0.00 (leg not built),0.9976,
AKAM,2026-08-06,2027-12-17,498,124.6301,0.946290,74,33,0.481,1.926,0.394601,0.487489,direct+peer,0.2401,20,direct=0.44;peer=0.56;history=0.00 (leg not built),0.9931,
AKAM,2026-08-06,2028-01-21,533,125.0177,0.942385,74,33,0.480,1.920,0.403729,0.512301,peer,0.2486,20,peer=1.00;history=0.00 (leg not built),0.9908,
AKAM,2026-08-07,2027-01-15,161,112.7633,0.983121,74,29,0.532,1.774,0.144319,0.154261,peer,0.1011,20,peer=1.00;history=0.00 (leg not built),0.9917,
AKAM,2026-08-07,2027-02-19,196,113.4173,0.979343,56,27,0.529,1.675,0.175299,0.193081,direct+peer,0.1601,20,direct=0.44;peer=0.56;history=0.00 (leg not built),0.9954,
AKAM,2026-08-07,2027-03-19,224,113.8563,0.976383,70,34,0.483,2.108,0.209023,0.220571,direct+peer,0.0861,20,direct=0.44;peer=0.56;history=0.00 (leg not built),0.9943,
AKAM,2026-08-07,2027-06-17,314,114.3277,0.966854,70,34,0.481,2.099,0.276754,0.294364,direct+peer,0.1008,20,direct=0.44;peer=0.56;history=0.00 (leg not built),0.9929,
AKAM,2026-08-07,2027-12-17,497,116.9006,0.947065,74,34,0.470,2.053,0.370431,0.428718,direct+peer,0.1747,20,direct=0.44;peer=0.56;history=0.00 (leg not built),0.9934,
AKAM,2026-08-07,2028-01-21,532,117.0321,0.943217,74,33,0.513,2.051,0.385157,0.455114,direct+peer,0.1939,20,direct=0.44;peer=0.56;history=0.00 (leg not built),0.9971,
AKAM,2026-08-10,2027-01-15,158,120.2881,0.983317,74,29,0.499,1.663,0.137899,0.148790,direct+peer,0.1178,20,direct=0.44;peer=0.56;history=0.00 (leg not built),0.9952,
AKAM,2026-08-10,2027-02-19,193,120.7657,0.979464,56,28,0.455,1.573,0.169113,0.194210,direct+peer,0.1697,20,direct=0.44;peer=0.56;history=0.00 (leg not built),0.9936,
AKAM,2026-08-10,2027-03-19,221,120.9729,0.976485,70,34,0.455,1.984,0.204579,0.221706,direct+peer,0.1199,20,direct=0.44;peer=0.56;history=0.00 (leg not built),0.9976,
AKAM,2026-08-10,2027-06-17,311,122.0857,0.966911,70,35,0.410,1.966,0.267013,0.312200,direct+peer,0.1944,20,direct=0.44;peer=0.56;history=0.00 (leg not built),0.9972,
AKAM,2026-08-10,2027-12-17,494,124.6128,0.946894,74,33,0.481,1.926,0.359977,0.437784,direct+peer,0.2214,20,direct=0.44;peer=0.56;history=0.00 (leg not built),0.9918,
AKAM,2026-08-10,2028-01-21,529,124.6995,0.942976,74,34,0.321,1.925,0.367722,0.454964,direct+peer,0.2293,20,direct=0.44;peer=0.56;history=0.00 (leg not built),0.9989,
AKAM,2026-08-11,2027-01-15,157,119.2543,0.983468,74,26,0.587,1.677,0.135059,0.140372,direct+peer,0.1090,20,direct=0.44;peer=0.56;history=0.00 (leg not built),0.9925,
AKAM,2026-08-11,2027-02-19,192,119.2004,0.979620,56,25,0.587,1.594,0.165626,0.185755,peer,0.1709,20,peer=1.00;history=0.00 (leg not built),0.9987,
AKAM,2026-08-11,2027-03-19,220,119.7952,0.976648,70,30,0.459,2.003,0.197786,0.205830,direct+peer,0.0713,20,direct=0.44;peer=0.56;history=0.00 (leg not built),0.9937,
AKAM,2026-08-11,2027-06-17,310,121.2925,0.967096,70,30,0.536,1.814,0.251374,0.289376,direct+peer,0.1992,20,direct=0.44;peer=0.56;history=0.00 (leg not built),0.9907,
AKAM,2026-08-11,2027-12-17,493,122.8534,0.947215,74,32,0.529,1.954,0.364676,0.437552,peer,0.2164,20,peer=1.00;history=0.00 (leg not built),0.9925,
AKAM,2026-08-11,2028-01-21,528,123.8869,0.943336,74,33,0.484,1.937,0.368776,0.445906,peer,0.2073,20,peer=1.00;history=0.00 (leg not built),0.9907,
AKAM,2026-08-12,2027-01-15,156,124.9153,0.983578,74,35,0.400,1.921,0.132545,0.137265,direct+peer,0.0535,20,direct=0.44;peer=0.56;history=0.00 (leg not built),0.9970,
AKAM,2026-08-12,2027-02-19,191,125.3913,0.979726,56,28,0.439,1.515,0.154730,0.189495,direct+peer,0.2111,20,direct=0.44;peer=0.56;history=0.00 (leg not built),0.9975,
AKAM,2026-08-12,2027-03-19,219,125.8702,0.976754,70,33,0.477,1.907,0.191131,0.200679,direct+peer,0.0852,20,direct=0.44;peer=0.56;history=0.00 (leg not built),0.9892,
AKAM,2026-08-12,2027-06-17,309,127.6392,0.967203,70,33,0.431,1.880,0.248446,0.272532,direct+peer,0.1184,20,direct=0.44;peer=0.56;history=0.00 (leg not built),0.9961,
AKAM,2026-08-12,2027-12-17,492,130.2639,0.947326,74,37,0.307,1.842,0.326457,0.389801,direct+peer,0.1845,20,direct=0.44;peer=0.56;history=0.00 (leg not built),0.9965,
AKAM,2026-08-12,2028-01-21,527,130.2120,0.943447,74,35,0.307,1.843,0.342017,0.435747,direct+peer,0.2626,20,direct=0.44;peer=0.56;history=0.00 (leg not built),0.9944,
ALB,2026-08-06,2027-01-15,162,127.2468,0.982886,94,31,0.472,1.965,0.149432,0.155797,direct+peer,0.0571,20,direct=0.44;peer=0.56;history=0.00 (leg not built),0.9903,
ALB,2026-08-06,2027-02-19,197,127.7151,0.979077,72,29,0.626,1.957,0.188448,0.197544,direct+peer,0.1198,20,direct=0.44;peer=0.56;history=0.00 (leg not built),0.9923,
ALB,2026-08-06,2027-03-19,225,128.0107,0.976077,68,34,0.469,1.953,0.207678,0.231010,direct+peer,0.1469,20,direct=0.44;peer=0.56;history=0.00 (leg not built),0.9920,
ALB,2026-08-06,2027-05-21,288,128.9511,0.969304,72,34,0.543,2.094,0.274267,0.309505,direct+peer,0.1763,20,direct=0.44;peer=0.56;history=0.00 (leg not built),0.9945,
ALB,2026-08-06,2027-08-20,379,130.1824,0.959448,72,35,0.499,2.074,0.343476,0.403293,direct+peer,0.2146,20,direct=0.44;peer=0.56;history=0.00 (leg not built),0.9970,
ALB,2026-08-06,2027-11-19,470,131.3078,0.949403,72,36,0.457,2.056,0.417646,0.530882,direct+peer,0.2745,20,direct=0.44;peer=0.56;history=0.00 (leg not built),0.9958,
ALB,2026-08-06,2027-12-17,498,131.3826,0.946290,92,44,0.304,2.436,0.472748,0.556738,direct+peer,0.1797,20,direct=0.44;peer=0.56;history=0.00 (leg not built),0.9974,
ALB,2026-08-06,2028-01-21,533,131.5210,0.942385,90,44,0.304,2.433,0.503219,0.603564,direct+peer,0.1820,20,direct=0.44;peer=0.56;history=0.00 (leg not built),0.9949,
ALB,2026-08-06,2028-02-18,561,132.0406,0.939249,72,36,0.454,2.045,0.476750,0.642492,direct+peer,0.2924,20,direct=0.44;peer=0.56;history=0.00 (leg not built),0.9978,
ALB,2026-08-07,2027-01-15,161,132.8979,0.983121,94,37,0.451,2.107,0.144772,0.155454,peer,0.0659,20,peer=1.00;history=0.00 (leg not built),0.9969,
ALB,2026-08-07,2027-02-19,196,132.4898,0.979343,72,34,0.528,2.038,0.178517,0.192827,direct+peer,0.1103,20,direct=0.44;peer=0.56;history=0.00 (leg not built),0.9976,
ALB,2026-08-07,2027-03-19,224,133.1138,0.976383,68,34,0.451,1.878,0.196281,0.213237,direct+peer,0.0975,20,direct=0.44;peer=0.56;history=0.00 (leg not built),0.9961,
ALB,2026-08-07,2027-05-21,287,133.7797,0.969715,72,36,0.448,2.018,0.257220,0.284302,direct+peer,0.1207,20,direct=0.44;peer=0.56;history=0.00 (leg not built),0.9962,
ALB,2026-08-07,2027-08-20,378,134.3750,0.960039,72,36,0.447,2.009,0.328174,0.385835,direct+peer,0.1741,20,direct=0.44;peer=0.56;history=0.00 (leg not built),0.9952,
ALB,2026-08-07,2027-11-19,469,135.8420,0.950133,72,36,0.442,1.988,0.399694,0.504745,direct+peer,0.2342,20,direct=0.44;peer=0.56;history=0.00 (leg not built),0.9961,
ALB,2026-08-07,2027-12-17,497,136.2319,0.947065,92,45,0.257,2.349,0.451948,0.539681,direct+peer,0.1692,20,direct=0.44;peer=0.56;history=0.00 (leg not built),0.9937,
ALB,2026-08-07,2028-01-21,532,136.6080,0.943217,90,44,0.329,2.342,0.484608,0.606523,direct+peer,0.2162,20,direct=0.44;peer=0.56;history=0.00 (leg not built),0.9945,
ALB,2026-08-07,2028-02-18,560,136.7994,0.940128,72,36,0.439,1.974,0.464899,0.637447,direct+peer,0.2948,20,direct=0.44;peer=0.56;history=0.00 (leg not built),0.9992,
ALB,2026-08-10,2027-01-15,158,132.9830,0.983317,94,41,0.451,2.406,0.139569,0.143794,direct+peer,0.0376,20,direct=0.44;peer=0.56;history=0.00 (leg not built),0.9925,
ALB,2026-08-10,2027-02-19,193,133.5962,0.979464,72,35,0.487,2.021,0.167386,0.178195,direct+peer,0.0784,20,direct=0.44;peer=0.56;history=0.00 (leg not built),0.9956,
ALB,2026-08-10,2027-03-19,221,133.6090,0.976485,68,34,0.449,1.871,0.188050,0.203123,direct+peer,0.1204,20,direct=0.44;peer=0.56;history=0.00 (leg not built),0.9970,
ALB,2026-08-10,2027-05-21,284,134.4243,0.969783,72,36,0.446,2.009,0.244358,0.267952,direct+peer,0.1348,20,direct=0.44;peer=0.56;history=0.00 (leg not built),0.9983,
ALB,2026-08-10,2027-08-20,375,134.9132,0.960072,72,36,0.445,2.001,0.322606,0.375334,direct+peer,0.1672,20,direct=0.44;peer=0.56;history=0.00 (leg not built),0.9996,
ALB,2026-08-10,2027-11-19,466,136.3158,0.950015,72,36,0.440,1.981,0.391468,0.489949,peer,0.2248,20,peer=1.00;history=0.00 (leg not built),0.9959,
ALB,2026-08-10,2027-12-17,494,137.0154,0.946894,92,45,0.255,2.336,0.444065,0.526410,peer,0.1636,20,peer=1.00;history=0.00 (leg not built),0.9964,
ALB,2026-08-10,2028-01-21,529,137.5540,0.942976,90,45,0.291,2.326,0.470763,0.594061,direct+peer,0.2459,20,direct=0.44;peer=0.56;history=0.00 (leg not built),0.9901,
ALB,2026-08-10,2028-02-18,557,137.5271,0.939828,72,36,0.436,1.963,0.456341,0.632693,direct+peer,0.3181,20,direct=0.44;peer=0.56;history=0.00 (leg not built),0.9957,
ALB,2026-08-11,2027-01-15,157,130.9575,0.983468,94,38,0.458,2.367,0.134891,0.139042,direct+peer,0.0385,20,direct=0.44;peer=0.56;history=0.00 (leg not built),0.9979,
ALB,2026-08-11,2027-02-19,192,131.7694,0.979620,72,35,0.493,2.049,0.162216,0.174632,direct+peer,0.0899,20,direct=0.44;peer=0.56;history=0.00 (leg not built),0.9971,
ALB,2026-08-11,2027-03-19,220,131.7406,0.976648,68,34,0.455,1.898,0.185789,0.211892,direct+peer,0.1464,20,direct=0.44;peer=0.56;history=0.00 (leg not built),0.9966,
ALB,2026-08-11,2027-05-21,283,132.3025,0.969962,72,34,0.529,2.041,0.246358,0.277636,peer,0.1437,20,peer=1.00;history=0.00 (leg not built),0.9982,
ALB,2026-08-11,2027-08-20,374,133.3512,0.960281,72,36,0.450,2.025,0.318744,0.377341,direct+peer,0.2230,20,direct=0.44;peer=0.56;history=0.00 (leg not built),0.9926,
ALB,2026-08-11,2027-11-19,465,134.8597,0.950306,72,36,0.445,2.002,0.388191,0.478247,direct+peer,0.2328,20,direct=0.44;peer=0.56;history=0.00 (leg not built),0.9895,
ALB,2026-08-11,2027-12-17,493,135.0440,0.947215,92,42,0.296,2.370,0.443351,0.518907,direct+peer,0.1865,20,direct=0.44;peer=0.56;history=0.00 (leg not built),0.9927,
ALB,2026-08-11,2028-01-21,528,135.1413,0.943336,90,42,0.296,2.368,0.474123,0.609153,direct+peer,0.2549,20,direct=0.44;peer=0.56;history=0.00 (leg not built),0.9959,
ALB,2026-08-11,2028-02-18,556,135.9749,0.940222,72,36,0.441,1.986,0.449843,0.634266,direct,0.3116,20,direct=1.00;history=0.00 (leg not built),0.9945,
ALB,2026-08-12,2027-01-15,156,130.1949,0.983578,94,37,0.499,2.227,0.131840,0.133693,direct+peer,0.0332,20,direct=0.44;peer=0.56;history=0.00 (leg not built),0.9936,
ALB,2026-08-12,2027-02-19,191,130.7060,0.979726,72,35,0.497,2.066,0.160954,0.170351,direct+peer,0.0965,20,direct=0.44;peer=0.56;history=0.00 (leg not built),0.9928,
ALB,2026-08-12,2027-03-19,219,131.1774,0.976754,68,34,0.457,1.906,0.180574,0.197587,direct+peer,0.1214,20,direct=0.44;peer=0.56;history=0.00 (leg not built),0.9960,
ALB,2026-08-12,2027-05-21,282,131.8298,0.970068,72,36,0.455,2.048,0.238336,0.262228,peer,0.1070,20,peer=1.00;history=0.00 (leg not built),0.9951,
ALB,2026-08-12,2027-08-20,373,132.6225,0.960390,72,36,0.452,2.036,0.313784,0.352998,direct+peer,0.1387,20,direct=0.44;peer=0.56;history=0.00 (leg not built),0.9986,
ALB,2026-08-12,2027-11-19,464,134.2021,0.950417,72,36,0.447,2.012,0.382931,0.475006,direct+peer,0.2508,20,direct=0.44;peer=0.56;history=0.00 (leg not built),0.9943,
ALB,2026-08-12,2027-12-17,492,133.8388,0.947326,92,46,0.262,2.391,0.444591,0.505864,peer,0.1336,20,peer=1.00;history=0.00 (leg not built),0.9960,
ALB,2026-08-12,2028-01-21,527,134.4789,0.943447,90,45,0.297,2.380,0.469974,0.570971,direct+peer,0.2078,20,direct=0.44;peer=0.56;history=0.00 (leg not built),0.9978,
ALB,2026-08-12,2028-02-18,555,135.0266,0.940334,72,36,0.444,2.000,0.447582,0.596529,direct+peer,0.2873,20,direct=0.44;peer=0.56;history=0.00 (leg not built),0.9920,
ALGN,2026-08-06,2027-01-15,162,172.9957,0.982886,92,21,0.665,1.445,0.093718,0.094297,direct+peer,0.1366,20,direct=0.44;peer=0.56;history=0.00 (leg not built),0.9880,
ALGN,2026-08-06,2027-03-19,225,174.6414,0.976077,66,26,0.630,1.546,0.141388,0.141679,peer,0.1193,20,peer=1.00;history=0.00 (leg not built),0.9933,
ALGN,2026-08-06,2027-06-17,315,175.5898,0.966391,62,24,0.683,1.538,0.187981,0.208092,direct+peer,0.2421,20,direct=0.44;peer=0.56;history=0.00 (leg not built),0.9831,
ALGN,2026-08-06,2028-01-21,533,179.4376,0.942385,74,30,0.529,1.616,0.296883,0.382587,direct+peer,0.2827,20,direct=0.44;peer=0.56;history=0.00 (leg not built),0.9897,
ALGN,2026-08-07,2027-01-15,161,175.2645,0.983121,92,20,0.656,1.426,0.092267,0.091676,direct+peer,0.1216,20,direct=0.44;peer=0.56;history=0.00 (leg not built),0.9964,
ALGN,2026-08-07,2027-03-19,224,177.1918,0.976383,66,30,0.536,1.580,0.132269,0.142623,peer,0.1090,20,peer=1.00;history=0.00 (leg not built),0.9918,
ALGN,2026-08-07,2027-06-17,314,178.0866,0.966854,62,26,0.590,1.516,0.191868,0.212361,peer,0.2000,20,peer=1.00;history=0.00 (leg not built),0.9923,
ALGN,2026-08-07,2028-01-21,532,183.5475,0.943217,74,30,0.518,1.580,0.288466,0.377284,direct+peer,0.2892,20,direct=0.44;peer=0.56;history=0.00 (leg not built),0.9939,
ALGN,2026-08-10,2027-01-15,158,178.8101,0.983317,92,21,0.643,1.510,0.087028,0.084807,peer,0.0856,20,peer=1.00;history=0.00 (leg not built),0.9900,
ALGN,2026-08-10,2027-03-19,221,178.4332,0.976485,66,23,0.588,1.401,0.122372,0.134950,direct+peer,0.1741,20,direct=0.44;peer=0.56;history=0.00 (leg not built),0.9925,
ALGN,2026-08-10,2027-06-17,311,179.9379,0.966911,62,25,0.639,1.501,0.181649,0.201314,direct+peer,0.2176,20,direct=0.44;peer=0.56;history=0.00 (leg not built),0.9876,
ALGN,2026-08-10,2028-01-21,529,185.5621,0.942976,74,31,0.512,1.563,0.281793,0.370113,direct+peer,0.3068,20,direct=0.44;peer=0.56;history=0.00 (leg not built),0.9907,
ALGN,2026-08-11,2027-01-15,157,176.1795,0.983468,92,22,0.624,1.646,0.086189,0.085562,direct+peer,0.0608,20,direct=0.44;peer=0.56;history=0.00 (leg not built),0.9936,
ALGN,2026-08-11,2027-03-19,220,178.4949,0.976648,66,26,0.616,1.569,0.128204,0.152546,direct+peer,0.3153,20,direct=0.44;peer=0.56;history=0.00 (leg not built),0.9964,
ALGN,2026-08-11,2027-06-17,310,180.9513,0.967096,62,24,0.608,1.437,0.172346,0.201884,direct+peer,0.2500,20,direct=0.44;peer=0.56;history=0.00 (leg not built),0.9940,
ALGN,2026-08-11,2028-01-21,528,183.8339,0.943336,74,28,0.544,1.578,0.282379,0.366699,peer,0.2891,20,peer=1.00;history=0.00 (leg not built),0.9980,
ALGN,2026-08-12,2027-01-15,156,177.1147,0.983578,92,27,0.565,1.468,0.081973,0.084704,peer,0.0801,20,peer=1.00;history=0.00 (leg not built),0.9892,
ALGN,2026-08-12,2027-03-19,219,177.9012,0.976754,66,28,0.562,1.518,0.122824,0.133396,direct+peer,0.1329,20,direct=0.44;peer=0.56;history=0.00 (leg not built),0.9950,
ALGN,2026-08-12,2027-06-17,309,178.6663,0.967203,62,24,0.644,1.511,0.179933,0.201214,direct+peer,0.2212,20,direct=0.44;peer=0.56;history=0.00 (leg not built),0.9854,
ALGN,2026-08-12,2028-01-21,527,184.7668,0.943447,74,34,0.433,1.570,0.277170,0.369575,peer,0.2745,20,peer=1.00;history=0.00 (leg not built),0.9946,
ALL,2026-08-06,2027-01-15,162,277.6600,0.982886,78,15,0.540,1.225,0.033893,0.035213,direct+peer,0.0887,20,direct=0.44;peer=0.56;history=0.00 (leg not built),0.9989,
ALL,2026-08-06,2027-03-19,225,278.4974,0.976077,76,19,0.700,1.329,0.051511,0.049797,peer,0.1046,20,peer=1.00;history=0.00 (leg not built),0.9992,
ALL,2026-08-06,2027-06-17,315,280.2759,0.966391,78,24,0.642,1.391,0.069073,0.070614,direct+peer,0.1082,20,direct=0.44;peer=0.56;history=0.00 (leg not built),0.9966,
ALL,2026-08-07,2027-01-15,161,269.6948,0.983121,78,20,0.556,1.224,0.033432,0.035557,peer,0.0983,20,peer=1.00;history=0.00 (leg not built),0.9994,
ALL,2026-08-07,2027-03-19,224,271.5192,0.976383,76,17,0.718,1.289,0.050539,0.049655,direct+peer,0.1366,20,direct=0.44;peer=0.56;history=0.00 (leg not built),0.9990,
ALL,2026-08-07,2027-06-17,314,273.5338,0.966854,78,23,0.640,1.389,0.068824,0.069156,direct+peer,0.0931,20,direct=0.44;peer=0.56;history=0.00 (leg not built),0.9967,
ALL,2026-08-10,2027-01-15,158,272.2712,0.983317,78,21,0.661,1.359,0.034277,0.034480,peer,0.0532,20,peer=1.00;history=0.00 (leg not built),0.9973,
ALL,2026-08-10,2027-03-19,221,273.3453,0.976485,76,20,0.677,1.317,0.049295,0.053181,direct+peer,0.2364,20,direct=0.44;peer=0.56;history=0.00 (leg not built),0.9993,
ALL,2026-08-10,2027-06-17,311,275.6907,0.966911,78,21,0.653,1.306,0.067643,0.067514,direct+peer,0.1267,20,direct=0.44;peer=0.56;history=0.00 (leg not built),0.9979,
ALL,2026-08-11,2027-01-15,157,264.9668,0.983468,80,20,0.679,1.321,0.034285,0.034532,peer,0.0701,20,peer=1.00;history=0.00 (leg not built),0.9983,
ALL,2026-08-11,2027-03-19,220,265.7337,0.976648,78,18,0.734,1.430,0.049965,0.047115,direct+peer,0.0934,20,direct=0.44;peer=0.56;history=0.00 (leg not built),0.9970,
ALL,2026-08-11,2027-06-17,310,268.7592,0.967096,78,23,0.651,1.377,0.068066,0.071567,peer,0.1386,20,peer=1.00;history=0.00 (leg not built),0.9973,
ALL,2026-08-12,2027-01-15,156,258.7969,0.983578,80,17,0.753,1.352,0.036941,0.032792,peer,0.0815,20,peer=1.00;history=0.00 (leg not built),0.9983,
ALL,2026-08-12,2027-03-19,219,260.1194,0.976754,78,20,0.692,1.346,0.052533,0.049032,direct+peer,0.0903,20,direct=0.44;peer=0.56;history=0.00 (leg not built),0.9989,
ALL,2026-08-12,2027-06-17,309,262.2574,0.967203,78,20,0.705,1.373,0.069818,0.065882,peer,0.0992,20,peer=1.00;history=0.00 (leg not built),0.9935,
ALLE,2026-08-06,2027-03-19,225,171.2806,0.976077,56,15,0.788,1.226,0.051379,0.048133,direct+peer,0.2037,20,direct=0.44;peer=0.56;history=0.00 (leg not built),0.9971,
ALLE,2026-08-07,2027-03-19,224,172.0381,0.976383,56,15,0.814,1.279,0.054904,0.047068,direct+peer,0.1707,20,direct=0.44;peer=0.56;history=0.00 (leg not built),0.9985,
ALLE,2026-08-10,2027-03-19,221,168.4536,0.976485,56,15,0.801,1.247,0.050227,0.047667,direct+peer,0.2599,20,direct=0.44;peer=0.56;history=0.00 (leg not built),0.9981,
ALLE,2026-08-11,2027-03-19,220,170.8191,0.976648,56,15,0.673,1.229,0.042749,0.049162,direct+peer,0.2471,20,direct=0.44;peer=0.56;history=0.00 (leg not built),0.9970,
ALLE,2026-08-12,2027-03-19,219,168.5769,0.976754,56,15,0.682,1.246,0.043249,0.045305,peer,0.1428,20,peer=1.00;history=0.00 (leg not built),0.9967,
AMAT,2026-08-06,2027-01-15,162,536.3565,0.982886,194,79,0.233,1.902,0.249925,0.295729,direct+peer,0.1747,20,direct=0.44;peer=0.56;history=0.00 (leg not built),0.9994,
AMAT,2026-08-06,2027-02-19,197,538.3549,0.979077,136,68,0.390,1.895,0.295611,0.362953,direct+peer,0.2109,20,direct=0.44;peer=0.56;history=0.00 (leg not built),0.9988,
AMAT,2026-08-06,2027-03-19,225,539.7609,0.976077,144,72,0.324,1.890,0.325038,0.418724,direct+peer,0.2441,20,direct=0.44;peer=0.56;history=0.00 (leg not built),0.9991,
AMAT,2026-08-06,2027-06-17,315,544.8203,0.966391,178,71,0.275,1.872,0.416186,0.597484,direct+peer,0.3183,20,direct=0.44;peer=0.56;history=0.00 (leg not built),0.9996,
AMAT,2026-08-06,2027-12-17,498,555.4031,0.946290,182,82,0.135,1.837,0.575360,,refused,,20,,0.9982,no leg survived: no arbitrage-free fit inside the 0.35 synthetic-share ceiling
AMAT,2026-08-06,2028-01-21,533,556.6751,0.942385,168,80,0.180,1.832,0.599969,,refused,,20,,0.9990,no leg survived: no arbitrage-free fit inside the 0.35 synthetic-share ceiling
AMAT,2026-08-07,2027-01-15,161,547.3278,0.983121,194,84,0.238,1.864,0.226031,0.267118,direct+peer,0.1542,20,direct=0.44;peer=0.56;history=0.00 (leg not built),0.9984,
AMAT,2026-08-07,2027-02-19,196,548.8841,0.979343,136,68,0.383,1.858,0.271898,0.338658,direct+peer,0.2080,20,direct=0.44;peer=0.56;history=0.00 (leg not built),0.9984,
AMAT,2026-08-07,2027-03-19,224,550.8677,0.976383,144,72,0.318,1.852,0.298478,0.387651,direct+peer,0.2461,20,direct=0.44;peer=0.56;history=0.00 (leg not built),0.9995,
AMAT,2026-08-07,2027-06-17,314,555.5698,0.966854,178,79,0.207,1.836,0.391283,0.547837,direct+peer,0.3046,20,direct=0.44;peer=0.56;history=0.00 (leg not built),0.9986,
AMAT,2026-08-07,2027-12-17,497,566.5905,0.947065,182,84,0.132,1.800,0.547171,,refused,,20,,0.9990,no leg survived: no arbitrage-free fit inside the 0.35 synthetic-share ceiling
AMAT,2026-08-07,2028-01-21,532,568.0575,0.943217,168,84,0.176,1.796,0.570351,,refused,,20,,0.9968,no leg survived: no arbitrage-free fit inside the 0.35 synthetic-share ceiling
AMAT,2026-08-10,2027-01-15,158,531.9395,0.983317,194,82,0.226,1.918,0.216611,0.252039,direct+peer,0.1464,20,direct=0.44;peer=0.56;history=0.00 (leg not built),0.9970,
AMAT,2026-08-10,2027-02-19,193,533.4239,0.979464,136,68,0.394,1.912,0.260174,0.316038,direct+peer,0.1856,20,direct=0.44;peer=0.56;history=0.00 (leg not built),0.9973,
AMAT,2026-08-10,2027-03-19,221,535.0929,0.976485,144,72,0.327,1.906,0.287743,0.365462,direct+peer,0.2104,20,direct=0.44;peer=0.56;history=0.00 (leg not built),0.9998,
AMAT,2026-08-10,2027-06-17,311,541.4738,0.966911,178,80,0.222,1.884,0.370794,0.518133,direct+peer,0.3004,20,direct=0.44;peer=0.56;history=0.00 (leg not built),0.9984,
AMAT,2026-08-10,2027-12-17,494,550.6801,0.946894,182,85,0.118,1.852,0.527054,,refused,,20,,0.9962,no leg survived: no arbitrage-free fit inside the 0.35 synthetic-share ceiling
AMAT,2026-08-10,2028-01-21,529,552.9037,0.942976,168,84,0.181,1.845,0.550746,,refused,,20,,0.9990,no leg survived: no arbitrage-free fit inside the 0.35 synthetic-share ceiling
AMAT,2026-08-11,2027-01-15,157,534.4449,0.983468,194,75,0.299,1.909,0.192019,0.215460,direct+peer,0.1082,20,direct=0.44;peer=0.56;history=0.00 (leg not built),0.9978,
AMAT,2026-08-11,2027-02-19,192,536.3834,0.979620,136,68,0.392,1.902,0.232266,0.270291,peer,0.1521,20,peer=1.00;history=0.00 (leg not built),0.9989,
AMAT,2026-08-11,2027-03-19,220,538.2167,0.976648,144,70,0.344,1.895,0.257617,0.311924,direct+peer,0.1884,20,direct=0.44;peer=0.56;history=0.00 (leg not built),0.9971,
AMAT,2026-08-11,2027-06-17,310,543.8173,0.967096,178,70,0.221,1.876,0.339788,0.453826,direct+peer,0.2562,20,direct=0.44;peer=0.56;history=0.00 (leg not built),0.9977,
AMAT,2026-08-11,2027-12-17,493,553.6041,0.947215,182,76,0.181,1.842,0.490750,,refused,,20,,0.9978,no leg survived: no arbitrage-free fit inside the 0.35 synthetic-share ceiling
AMAT,2026-08-11,2028-01-21,528,555.4947,0.943336,168,81,0.180,1.836,0.513417,,refused,,20,,0.9984,no leg survived: no arbitrage-free fit inside the 0.35 synthetic-share ceiling
AMAT,2026-08-12,2027-01-15,156,557.9782,0.983578,194,77,0.287,1.828,0.190844,0.213153,direct+peer,0.1170,20,direct=0.44;peer=0.56;history=0.00 (leg not built),0.9991,
AMAT,2026-08-12,2027-02-19,191,559.5188,0.979726,136,66,0.393,1.823,0.230091,0.266615,direct+peer,0.1434,20,direct=0.44;peer=0.56;history=0.00 (leg not built),0.9980,
AMAT,2026-08-12,2027-03-19,219,560.6825,0.976754,144,68,0.348,1.819,0.254441,0.305921,direct+peer,0.1774,20,direct=0.44;peer=0.56;history=0.00 (leg not built),0.9989,
AMAT,2026-08-12,2027-06-17,309,565.9019,0.967203,178,70,0.212,1.802,0.335527,0.462043,peer,0.2696,20,peer=1.00;history=0.00 (leg not built),0.9969,
AMAT,2026-08-12,2027-12-17,492,576.4716,0.947326,182,84,0.113,1.769,0.476571,,refused,,20,,0.9974,no leg survived: no arbitrage-free fit inside the 0.35 synthetic-share ceiling
AMAT,2026-08-12,2028-01-21,527,578.2561,0.943447,168,84,0.173,1.764,0.499634,,refused,,20,,0.9975,no leg survived: no arbitrage-free fit inside the 0.35 synthetic-share ceiling
AMCR,2026-08-06,2027-01-15,162,46.7357,0.982886,50,15,0.663,1.284,0.055512,0.057135,peer,0.1347,20,peer=1.00;history=0.00 (leg not built),0.9922,
AMCR,2026-08-06,2027-06-17,315,46.7160,0.966391,24,6,0.642,1.177,,0.116323,direct,0.3225,20,direct=1.00;history=0.00 (leg not built),0.9887,
AMCR,2026-08-06,2028-01-21,533,46.6271,0.942385,24,6,0.751,1.287,,0.170027,direct,0.3212,20,direct=1.00;history=0.00 (leg not built),0.9949,
AMCR,2026-08-07,2027-01-15,161,47.3155,0.983121,50,15,0.634,1.268,0.053602,0.057975,direct+peer,0.1323,20,direct=0.44;peer=0.56;history=0.00 (leg not built),0.9894,
AMCR,2026-08-07,2027-06-17,314,46.7410,0.966854,24,6,0.749,1.284,,0.113799,peer,0.2719,20,peer=1.00;history=0.00 (leg not built),0.9805,
AMCR,2026-08-07,2028-01-21,532,47.1557,0.943217,24,6,0.742,1.272,,0.173145,direct+peer,0.3491,20,direct=0.44;peer=0.56;history=0.00 (leg not built),0.9918,
AMCR,2026-08-10,2027-01-15,158,46.9237,0.983317,50,12,0.746,1.172,0.056002,0.059989,direct+peer,0.2740,20,direct=0.44;peer=0.56;history=0.00 (leg not built),0.9931,
AMCR,2026-08-10,2027-06-17,311,46.3790,0.966911,24,6,0.755,1.294,,0.131993,peer,0.3074,20,peer=1.00;history=0.00 (leg not built),0.9825,
AMCR,2026-08-10,2028-01-21,529,46.5377,0.942976,24,6,0.752,1.289,,,refused,,20,,0.9859,no leg survived: no arbitrage-free fit inside the 0.35 synthetic-share ceiling
AMCR,2026-08-11,2027-01-15,157,47.0890,0.983468,50,8,0.743,1.168,0.054409,0.052746,peer,0.2239,20,peer=1.00;history=0.00 (leg not built),0.9721,
AMCR,2026-08-11,2027-06-17,310,46.6200,0.967096,24,5,0.751,1.180,,,refused,,0,,0.9884,only 5 invertible quotes
AMCR,2026-08-11,2028-01-21,528,46.6784,0.943336,24,6,0.750,1.285,,,refused,,20,,0.9860,no leg survived: no arbitrage-free fit inside the 0.35 synthetic-share ceiling
AMCR,2026-08-12,2027-01-15,156,46.3217,0.983578,50,11,0.756,1.079,0.041105,0.043085,peer,0.3118,20,peer=1.00;history=0.00 (leg not built),0.9823,
AMCR,2026-08-12,2027-06-17,309,45.9908,0.967203,24,5,0.761,1.196,,,refused,,0,,0.9801,only 5 invertible quotes
AMCR,2026-08-12,2028-01-21,527,46.1483,0.943447,24,5,0.758,1.192,,,refused,,0,,0.9751,only 5 invertible quotes
AMD,2026-08-06,2027-01-15,162,498.5466,0.982886,264,118,0.010,2.247,0.219412,0.235936,direct+peer,0.0737,20,direct=0.44;peer=0.56;history=0.00 (leg not built),0.9989,
AMD,2026-08-06,2027-02-19,197,500.9010,0.979077,158,79,0.399,1.956,0.257642,0.302749,direct+peer,0.1690,20,direct=0.44;peer=0.56;history=0.00 (leg not built),0.9988,
AMD,2026-08-06,2027-03-19,225,502.4259,0.976077,248,109,0.199,2.229,0.306268,0.354154,direct+peer,0.1410,20,direct=0.44;peer=0.56;history=0.00 (leg not built),0.9985,
AMD,2026-08-06,2027-06-17,315,507.3576,0.966391,256,119,0.099,2.208,0.416549,0.530778,direct+peer,0.2296,20,direct=0.44;peer=0.56;history=0.00 (leg not built),0.9970,
AMD,2026-08-06,2027-09-17,407,513.0771,0.956369,256,116,0.166,2.183,0.518837,0.710518,direct+peer,0.2926,20,direct=0.44;peer=0.56;history=0.00 (leg not built),0.9984,
AMD,2026-08-06,2027-12-17,498,517.7317,0.946290,264,123,0.010,2.163,0.613135,0.912317,peer,0.3308,20,peer=1.00;history=0.00 (leg not built),0.9959,
AMD,2026-08-06,2028-01-21,533,520.1175,0.942385,264,121,0.106,2.153,0.642565,,refused,,20,,0.9956,no leg survived: no arbitrage-free fit inside the 0.35 synthetic-share ceiling
AMD,2026-08-07,2027-01-15,161,491.9072,0.983121,264,119,0.010,2.277,0.198749,0.212913,direct+peer,0.0734,20,direct=0.44;peer=0.56;history=0.00 (leg not built),0.9981,
AMD,2026-08-07,2027-02-19,196,493.7124,0.979343,158,79,0.405,1.985,0.237600,0.272514,direct+peer,0.1460,20,direct=0.44;peer=0.56;history=0.00 (leg not built),0.9985,
AMD,2026-08-07,2027-03-19,224,494.9486,0.976383,248,109,0.202,2.263,0.282878,0.314659,direct+peer,0.1092,20,direct=0.44;peer=0.56;history=0.00 (leg not built),0.9980,
AMD,2026-08-07,2027-06-17,314,500.1884,0.966854,256,119,0.090,2.239,0.391558,0.468054,direct+peer,0.1715,20,direct=0.44;peer=0.56;history=0.00 (leg not built),0.9972,
AMD,2026-08-07,2027-09-17,406,505.1463,0.957002,256,118,0.139,2.217,0.491244,0.645714,direct+peer,0.2449,20,direct=0.44;peer=0.56;history=0.00 (leg not built),0.9968,
AMD,2026-08-07,2027-12-17,497,509.5965,0.947065,264,122,0.010,2.198,0.586481,0.862488,direct+peer,0.3366,20,direct=0.44;peer=0.56;history=0.00 (leg not built),0.9966,
AMD,2026-08-07,2028-01-21,532,511.4048,0.943217,264,120,0.117,2.190,0.617649,0.947388,direct,0.3478,20,direct=1.00;history=0.00 (leg not built),0.9969,
AMD,2026-08-10,2027-01-15,158,478.2784,0.983317,264,119,0.010,2.342,0.177046,0.185134,direct+peer,0.0451,20,direct=0.44;peer=0.56;history=0.00 (leg not built),0.9991,
AMD,2026-08-10,2027-02-19,193,480.4157,0.979464,158,79,0.416,2.040,0.216711,0.239482,direct+peer,0.1171,20,direct=0.44;peer=0.56;history=0.00 (leg not built),0.9990,
AMD,2026-08-10,2027-03-19,221,481.9494,0.976485,248,109,0.207,2.324,0.257333,0.287119,direct+peer,0.1226,20,direct=0.44;peer=0.56;history=0.00 (leg not built),0.9979,
AMD,2026-08-10,2027-06-17,311,486.8419,0.966911,256,117,0.123,2.301,0.363023,0.429395,direct+peer,0.1617,20,direct=0.44;peer=0.56;history=0.00 (leg not built),0.9981,
AMD,2026-08-10,2027-09-17,403,491.6458,0.956992,256,117,0.163,2.278,0.463469,0.588495,direct+peer,0.2201,20,direct=0.44;peer=0.56;history=0.00 (leg not built),0.9979,
AMD,2026-08-10,2027-12-17,494,496.4734,0.946894,264,123,0.081,2.256,0.557594,0.789012,direct+peer,0.2952,20,direct=0.44;peer=0.56;history=0.00 (leg not built),0.9959,
AMD,2026-08-10,2028-01-21,529,498.5835,0.942976,264,122,0.100,2.246,0.587136,0.822269,direct+peer,0.3016,20,direct=0.44;peer=0.56;history=0.00 (leg not built),0.9974,
AMD,2026-08-11,2027-01-15,157,482.6728,0.983468,264,117,0.010,2.320,0.171378,0.178976,direct+peer,0.0610,20,direct=0.44;peer=0.56;history=0.00 (leg not built),0.9981,
AMD,2026-08-11,2027-02-19,192,484.8816,0.979620,158,79,0.412,2.021,0.208314,0.227905,direct+peer,0.1038,20,direct=0.44;peer=0.56;history=0.00 (leg not built),0.9988,
AMD,2026-08-11,2027-03-19,220,486.2335,0.976648,248,109,0.206,2.303,0.247480,0.269242,direct+peer,0.0888,20,direct=0.44;peer=0.56;history=0.00 (leg not built),0.9988,
AMD,2026-08-11,2027-06-17,310,491.3258,0.967096,256,115,0.122,2.280,0.348326,0.407561,direct+peer,0.1504,20,direct=0.44;peer=0.56;history=0.00 (leg not built),0.9977,
AMD,2026-08-11,2027-09-17,402,496.2652,0.957224,256,117,0.161,2.257,0.443796,0.562584,direct+peer,0.2165,20,direct=0.44;peer=0.56;history=0.00 (leg not built),0.9978,
AMD,2026-08-11,2027-12-17,493,501.2857,0.947215,264,124,0.070,2.234,0.534481,0.748595,direct+peer,0.2899,20,direct=0.44;peer=0.56;history=0.00 (leg not built),0.9963,
AMD,2026-08-11,2028-01-21,528,503.2105,0.943336,264,123,0.079,2.226,0.565768,0.826452,peer,0.3121,20,peer=1.00;history=0.00 (leg not built),0.9974,
AMD,2026-08-12,2027-01-15,156,491.6884,0.983578,264,124,0.010,2.278,0.172106,0.177404,direct+peer,0.0413,20,direct=0.44;peer=0.56;history=0.00 (leg not built),0.9988,
AMD,2026-08-12,2027-02-19,191,493.2917,0.979726,158,79,0.405,1.987,0.208771,0.227261,direct+peer,0.0921,20,direct=0.44;peer=0.56;history=0.00 (leg not built),0.9990,
AMD,2026-08-12,2027-03-19,219,495.0349,0.976754,248,111,0.182,2.262,0.249035,0.269103,direct+peer,0.0779,20,direct=0.44;peer=0.56;history=0.00 (leg not built),0.9991,
AMD,2026-08-12,2027-06-17,309,500.0332,0.967203,256,116,0.120,2.240,0.349751,0.409101,direct+peer,0.1515,20,direct=0.44;peer=0.56;history=0.00 (leg not built),0.9978,
AMD,2026-08-12,2027-09-17,401,504.9823,0.957333,256,119,0.129,2.218,0.444224,0.562283,direct+peer,0.2150,20,direct=0.44;peer=0.56;history=0.00 (leg not built),0.9979,
AMD,2026-08-12,2027-12-17,492,509.7625,0.947326,264,120,0.128,2.197,0.534372,0.743190,direct+peer,0.2850,20,direct=0.44;peer=0.56;history=0.00 (leg not built),0.9965,
AMD,2026-08-12,2028-01-21,527,512.2448,0.943447,264,123,0.098,2.186,0.563194,0.815227,direct+peer,0.3100,20,direct=0.44;peer=0.56;history=0.00 (leg not built),0.9949,
AME,2026-08-06,2027-03-19,225,256.0215,0.976077,58,20,0.684,1.367,0.053940,0.055494,peer,0.1393,20,peer=1.00;history=0.00 (leg not built),0.9984,
AME,2026-08-07,2027-03-19,224,258.9929,0.976383,58,20,0.695,1.351,0.054926,0.052150,peer,0.0807,20,peer=1.00;history=0.00 (leg not built),0.9982,
AME,2026-08-10,2027-03-19,221,258.3956,0.976485,58,17,0.677,1.277,0.050646,0.052236,direct+peer,0.1523,20,direct=0.44;peer=0.56;history=0.00 (leg not built),0.9975,
AME,2026-08-11,2027-03-19,220,260.8362,0.976648,58,16,0.728,1.265,0.052512,0.052613,direct+peer,0.2079,20,direct=0.44;peer=0.56;history=0.00 (leg not built),0.9985,
AME,2026-08-12,2027-03-19,219,263.3273,0.976754,58,17,0.741,1.405,0.050820,0.046692,direct+peer,0.0911,20,direct=0.44;peer=0.56;history=0.00 (leg not built),0.9949,
AMGN,2026-08-06,2027-01-15,162,406.5770,0.982886,140,42,0.639,1.377,0.042162,0.042643,direct+peer,0.0633,20,direct=0.44;peer=0.56;history=0.00 (leg not built),0.9969,
AMGN,2026-08-06,2027-03-19,225,407.5207,0.976077,82,27,0.589,1.374,0.056989,0.059163,direct+peer,0.0828,20,direct=0.44;peer=0.56;history=0.00 (leg not built),0.9975,
AMGN,2026-08-06,2027-06-17,315,409.3274,0.966391,90,35,0.562,1.417,0.077884,0.081884,direct+peer,0.0978,20,direct=0.44;peer=0.56;history=0.00 (leg not built),0.9982,
AMGN,2026-08-06,2028-01-21,533,414.3135,0.942385,94,35,0.483,1.400,0.119084,0.136242,direct+peer,0.1667,20,direct=0.44;peer=0.56;history=0.00 (leg not built),0.9973,
AMGN,2026-08-07,2027-01-15,161,412.9310,0.983121,140,42,0.630,1.308,0.040381,0.040903,peer,0.0616,20,peer=1.00;history=0.00 (leg not built),0.9965,
AMGN,2026-08-07,2027-03-19,224,413.5386,0.976383,82,30,0.580,1.403,0.057449,0.058975,peer,0.0632,20,peer=1.00;history=0.00 (leg not built),0.9981,
AMGN,2026-08-07,2027-06-17,314,415.4078,0.966854,90,35,0.554,1.396,0.076853,0.081753,direct+peer,0.1081,20,direct=0.44;peer=0.56;history=0.00 (leg not built),0.9988,
AMGN,2026-08-07,2028-01-21,532,420.6096,0.943217,94,36,0.392,1.379,0.115897,0.133573,direct+peer,0.1484,20,direct=0.44;peer=0.56;history=0.00 (leg not built),0.9976,
AMGN,2026-08-10,2027-01-15,158,417.9907,0.983317,140,41,0.622,1.292,0.038471,0.041089,direct+peer,0.1048,20,direct=0.44;peer=0.56;history=0.00 (leg not built),0.9974,
AMGN,2026-08-10,2027-03-19,221,418.8786,0.976485,82,30,0.573,1.385,0.055723,0.057204,peer,0.0638,20,peer=1.00;history=0.00 (leg not built),0.9984,
AMGN,2026-08-10,2027-06-17,311,421.2359,0.966911,90,36,0.463,1.377,0.073399,0.078136,direct+peer,0.0800,20,direct=0.44;peer=0.56;history=0.00 (leg not built),0.9988,
AMGN,2026-08-10,2028-01-21,529,426.9663,0.942976,94,37,0.386,1.358,0.112391,0.131807,direct+peer,0.1658,20,direct=0.44;peer=0.56;history=0.00 (leg not built),0.9965,
AMGN,2026-08-11,2027-01-15,157,415.9359,0.983468,140,39,0.601,1.250,0.037059,0.038655,peer,0.0892,20,peer=1.00;history=0.00 (leg not built),0.9976,
AMGN,2026-08-11,2027-03-19,220,416.6416,0.976648,84,28,0.624,1.392,0.056173,0.056391,direct+peer,0.0716,20,direct=0.44;peer=0.56;history=0.00 (leg not built),0.9976,
AMGN,2026-08-11,2027-06-17,310,418.7437,0.967096,92,33,0.621,1.433,0.076723,0.077436,direct+peer,0.0825,20,direct=0.44;peer=0.56;history=0.00 (leg not built),0.9980,
AMGN,2026-08-11,2028-01-21,528,423.9222,0.943336,96,34,0.472,1.415,0.116432,0.130133,direct+peer,0.1248,20,direct=0.44;peer=0.56;history=0.00 (leg not built),0.9975,
AMGN,2026-08-12,2027-01-15,156,418.0033,0.983578,140,44,0.622,1.292,0.037000,0.038307,direct+peer,0.0631,20,direct=0.44;peer=0.56;history=0.00 (leg not built),0.9980,
AMGN,2026-08-12,2027-03-19,219,418.9455,0.976754,84,30,0.573,1.337,0.054223,0.056537,direct+peer,0.0735,20,direct=0.44;peer=0.56;history=0.00 (leg not built),0.9978,
AMGN,2026-08-12,2027-06-17,309,420.8685,0.967203,92,38,0.499,1.426,0.074161,0.077638,direct+peer,0.0701,20,direct=0.44;peer=0.56;history=0.00 (leg not built),0.9989,
AMGN,2026-08-12,2028-01-21,527,425.7148,0.943447,96,40,0.423,1.409,0.118257,0.134257,direct+peer,0.1449,20,direct=0.44;peer=0.56;history=0.00 (leg not built),0.9962,
AMP,2026-08-06,2027-03-19,225,569.1072,0.976077,80,29,0.720,1.265,0.049438,0.048338,peer,0.1309,20,peer=1.00;history=0.00 (leg not built),0.9965,
AMP,2026-08-07,2027-03-19,224,560.7389,0.976383,80,28,0.749,1.355,0.052347,0.049250,direct+peer,0.1305,20,direct=0.44;peer=0.56;history=0.00 (leg not built),0.9982,
AMP,2026-08-10,2027-03-19,221,568.4931,0.976485,80,27,0.739,1.231,0.047574,0.045429,direct+peer,0.1704,20,direct=0.44;peer=0.56;history=0.00 (leg not built),0.9966,
AMP,2026-08-11,2027-03-19,220,573.6641,0.976648,80,26,0.750,1.220,0.045611,0.043245,direct+peer,0.1544,20,direct=0.44;peer=0.56;history=0.00 (leg not built),0.9970,
AMP,2026-08-12,2027-03-19,219,575.7171,0.976754,80,28,0.677,1.251,0.043939,0.043529,peer,0.1150,20,peer=1.00;history=0.00 (leg not built),0.9949,
AMT,2026-08-06,2027-01-15,162,171.1598,0.982886,76,22,0.701,1.461,0.045265,0.043715,direct+peer,0.0570,20,direct=0.44;peer=0.56;history=0.00 (leg not built),0.9972,
AMT,2026-08-06,2027-03-19,225,171.8441,0.976077,62,22,0.669,1.455,0.063298,0.065015,peer,0.1164,20,peer=1.00;history=0.00 (leg not built),0.9963,
AMT,2026-08-06,2027-06-17,315,171.5418,0.966391,60,23,0.670,1.457,0.090356,0.091541,direct+peer,0.1626,20,direct=0.44;peer=0.56;history=0.00 (leg not built),0.9959,
AMT,2026-08-06,2027-10-15,435,171.8672,0.953280,60,25,0.640,1.513,0.120084,0.121732,direct+peer,0.1168,20,direct=0.44;peer=0.56;history=0.00 (leg not built),0.9938,
AMT,2026-08-06,2028-01-21,533,172.2284,0.942385,66,30,0.581,1.684,0.146529,0.153463,peer,0.0914,20,peer=1.00;history=0.00 (leg not built),0.9943,
AMT,2026-08-07,2027-01-15,161,172.6097,0.983121,76,19,0.753,1.390,0.048214,0.043511,direct+peer,0.1039,20,direct=0.44;peer=0.56;history=0.00 (leg not built),0.9981,
AMT,2026-08-07,2027-03-19,224,173.4330,0.976383,62,21,0.663,1.384,0.058613,0.058437,direct+peer,0.0683,20,direct=0.44;peer=0.56;history=0.00 (leg not built),0.9958,
AMT,2026-08-07,2027-06-17,314,173.1693,0.966854,60,23,0.664,1.444,0.083949,0.096066,direct+peer,0.3125,20,direct=0.44;peer=0.56;history=0.00 (leg not built),0.9957,
AMT,2026-08-07,2027-10-15,434,173.8469,0.953955,60,24,0.633,1.496,0.114546,0.114727,direct+peer,0.1010,20,direct=0.44;peer=0.56;history=0.00 (leg not built),0.9949,
AMT,2026-08-07,2028-01-21,532,174.1306,0.943217,66,29,0.574,1.608,0.140959,0.150119,direct+peer,0.1584,20,direct=0.44;peer=0.56;history=0.00 (leg not built),0.9953,
AMT,2026-08-10,2027-01-15,158,169.4508,0.983317,76,19,0.738,1.357,0.041921,0.040688,direct+peer,0.1088,20,direct=0.44;peer=0.56;history=0.00 (leg not built),0.9953,
AMT,2026-08-10,2027-03-19,221,169.6928,0.976485,62,22,0.678,1.414,0.058165,0.058683,direct+peer,0.0888,20,direct=0.44;peer=0.56;history=0.00 (leg not built),0.9978,
AMT,2026-08-10,2027-06-17,311,169.8656,0.966911,60,23,0.618,1.354,0.081462,0.086537,direct+peer,0.1569,20,direct=0.44;peer=0.56;history=0.00 (leg not built),0.9970,
AMT,2026-08-10,2027-10-15,431,170.3355,0.953899,60,22,0.499,1.409,0.107654,0.121412,direct+peer,0.1577,20,direct=0.44;peer=0.56;history=0.00 (leg not built),0.9950,
AMT,2026-08-10,2028-01-21,529,170.1909,0.942976,66,29,0.499,1.645,0.140124,0.149598,direct+peer,0.0878,20,direct=0.44;peer=0.56;history=0.00 (leg not built),0.9968,
AMT,2026-08-11,2027-01-15,157,170.1729,0.983468,76,16,0.793,1.293,0.044246,0.040480,peer,0.1263,20,peer=1.00;history=0.00 (leg not built),0.9975,
AMT,2026-08-11,2027-03-19,220,170.9522,0.976648,62,19,0.760,1.404,0.061448,0.057504,direct+peer,0.1530,20,direct=0.44;peer=0.56;history=0.00 (leg not built),0.9965,
AMT,2026-08-11,2027-06-17,310,170.0931,0.967096,60,20,0.647,1.293,0.077869,0.086610,direct+peer,0.1986,20,direct=0.44;peer=0.56;history=0.00 (leg not built),0.9990,
AMT,2026-08-11,2027-10-15,430,170.9328,0.954156,60,23,0.497,1.404,0.102915,0.115448,direct+peer,0.1365,20,direct=0.44;peer=0.56;history=0.00 (leg not built),0.9928,
AMT,2026-08-11,2028-01-21,528,171.0071,0.943336,66,31,0.497,1.637,0.136992,0.151526,peer,0.0992,20,peer=1.00;history=0.00 (leg not built),0.9978,
AMT,2026-08-12,2027-01-15,156,170.2440,0.983578,76,16,0.764,1.292,0.044243,0.039975,peer,0.1160,20,peer=1.00;history=0.00 (leg not built),0.9958,
AMT,2026-08-12,2027-03-19,219,170.8498,0.976754,62,18,0.761,1.405,0.062484,0.055803,direct+peer,0.1029,20,direct=0.44;peer=0.56;history=0.00 (leg not built),0.9962,
AMT,2026-08-12,2027-06-17,309,170.3722,0.967203,60,20,0.646,1.291,0.076359,0.083197,direct+peer,0.1623,20,direct=0.44;peer=0.56;history=0.00 (leg not built),0.9987,
AMT,2026-08-12,2027-10-15,429,171.1003,0.954266,60,23,0.643,1.403,0.109476,0.115042,direct+peer,0.1528,20,direct=0.44;peer=0.56;history=0.00 (leg not built),0.9971,
AMT,2026-08-12,2028-01-21,527,171.2931,0.943447,66,30,0.525,1.635,0.140348,0.149016,peer,0.0964,20,peer=1.00;history=0.00 (leg not built),0.9962,
AMZN,2026-08-06,2027-01-15,162,277.3400,0.982886,126,60,0.306,1.478,0.056386,0.058711,direct+peer,0.0389,20,direct=0.44;peer=0.56;history=0.00 (leg not built),0.9984,
AMZN,2026-08-06,2027-02-19,197,278.3913,0.979077,110,55,0.449,1.473,0.072622,0.076848,direct+peer,0.0671,20,direct=0.44;peer=0.56;history=0.00 (leg not built),0.9972,
AMZN,2026-08-06,2027-03-19,225,279.1914,0.976077,106,53,0.376,1.469,0.080970,0.087398,direct+peer,0.0804,20,direct=0.44;peer=0.56;history=0.00 (leg not built),0.9977,
AMZN,2026-08-06,2027-06-17,315,282.2802,0.966391,120,59,0.301,1.452,0.111368,0.129517,direct+peer,0.1532,20,direct=0.44;peer=0.56;history=0.00 (leg not built),0.9973,
AMZN,2026-08-06,2027-07-16,344,283.1202,0.963257,114,57,0.371,1.448,0.119099,0.138598,direct+peer,0.1488,20,direct=0.44;peer=0.56;history=0.00 (leg not built),0.9970,
AMZN,2026-08-06,2027-12-17,498,287.8513,0.946290,118,59,0.295,1.424,0.167915,0.224899,direct+peer,0.2572,20,direct=0.44;peer=0.56;history=0.00 (leg not built),0.9942,
AMZN,2026-08-06,2028-01-21,533,289.0927,0.942385,84,42,0.363,1.418,0.175705,0.239197,direct+peer,0.2765,20,direct=0.44;peer=0.56;history=0.00 (leg not built),0.9937,
AMZN,2026-08-07,2027-01-15,161,279.5132,0.983121,126,59,0.304,1.467,0.054317,0.055972,direct+peer,0.0367,20,direct=0.44;peer=0.56;history=0.00 (leg not built),0.9975,
AMZN,2026-08-07,2027-02-19,196,280.8132,0.979343,110,55,0.445,1.460,0.070395,0.074268,direct+peer,0.0623,20,direct=0.44;peer=0.56;history=0.00 (leg not built),0.9973,
AMZN,2026-08-07,2027-03-19,224,281.7192,0.976383,106,53,0.373,1.455,0.078699,0.084733,direct+peer,0.0714,20,direct=0.44;peer=0.56;history=0.00 (leg not built),0.9970,
AMZN,2026-08-07,2027-06-17,314,284.5530,0.966854,120,60,0.299,1.441,0.108486,0.125851,direct+peer,0.1430,20,direct=0.44;peer=0.56;history=0.00 (leg not built),0.9956,
AMZN,2026-08-07,2027-07-16,343,285.4150,0.963780,114,57,0.368,1.437,0.116094,0.135366,direct+peer,0.1461,20,direct=0.44;peer=0.56;history=0.00 (leg not built),0.9960,
AMZN,2026-08-07,2027-12-17,497,290.5074,0.947065,118,59,0.293,1.411,0.163619,0.216176,direct+peer,0.2566,20,direct=0.44;peer=0.56;history=0.00 (leg not built),0.9953,
AMZN,2026-08-07,2028-01-21,532,291.4472,0.943217,84,42,0.360,1.407,0.172098,0.230590,direct+peer,0.2736,20,direct=0.44;peer=0.56;history=0.00 (leg not built),0.9961,
AMZN,2026-08-10,2027-01-15,158,282.9661,0.983317,126,59,0.300,1.449,0.053472,0.055553,direct+peer,0.0434,20,direct=0.44;peer=0.56;history=0.00 (leg not built),0.9981,
AMZN,2026-08-10,2027-02-19,193,284.2598,0.979464,110,55,0.440,1.442,0.069485,0.074109,direct+peer,0.0700,20,direct=0.44;peer=0.56;history=0.00 (leg not built),0.9981,
AMZN,2026-08-10,2027-03-19,221,285.1829,0.976485,106,53,0.368,1.438,0.077726,0.084457,direct+peer,0.0854,20,direct=0.44;peer=0.56;history=0.00 (leg not built),0.9977,
AMZN,2026-08-10,2027-06-17,311,288.1384,0.966911,120,60,0.295,1.423,0.107244,0.124082,direct+peer,0.1401,20,direct=0.44;peer=0.56;history=0.00 (leg not built),0.9967,
AMZN,2026-08-10,2027-07-16,340,288.9538,0.963827,114,57,0.363,1.419,0.115446,0.134869,direct+peer,0.1531,20,direct=0.44;peer=0.56;history=0.00 (leg not built),0.9961,
AMZN,2026-08-10,2027-12-17,494,294.0114,0.946894,118,59,0.289,1.395,0.162500,0.217011,direct+peer,0.2594,20,direct=0.44;peer=0.56;history=0.00 (leg not built),0.9963,
AMZN,2026-08-10,2028-01-21,529,294.9999,0.942976,84,42,0.356,1.390,0.171085,0.233568,direct+peer,0.2856,20,direct=0.44;peer=0.56;history=0.00 (leg not built),0.9954,
AMZN,2026-08-11,2027-01-15,157,277.0954,0.983468,126,58,0.307,1.480,0.052457,0.054603,direct+peer,0.0414,20,direct=0.44;peer=0.56;history=0.00 (leg not built),0.9983,
AMZN,2026-08-11,2027-02-19,192,278.2829,0.979620,110,55,0.449,1.473,0.068892,0.073378,direct+peer,0.0750,20,direct=0.44;peer=0.56;history=0.00 (leg not built),0.9978,
AMZN,2026-08-11,2027-03-19,220,279.1370,0.976648,106,53,0.376,1.469,0.077479,0.083748,direct+peer,0.0825,20,direct=0.44;peer=0.56;history=0.00 (leg not built),0.9984,
AMZN,2026-08-11,2027-06-17,310,282.0570,0.967096,120,60,0.301,1.454,0.107372,0.122966,direct+peer,0.1370,20,direct=0.44;peer=0.56;history=0.00 (leg not built),0.9974,
AMZN,2026-08-11,2027-07-16,339,282.8105,0.964019,114,57,0.371,1.450,0.115272,0.133419,direct+peer,0.1465,20,direct=0.44;peer=0.56;history=0.00 (leg not built),0.9965,
AMZN,2026-08-11,2027-12-17,493,287.7390,0.947215,118,59,0.295,1.425,0.163000,0.214880,direct+peer,0.2483,20,direct=0.44;peer=0.56;history=0.00 (leg not built),0.9934,
AMZN,2026-08-11,2028-01-21,528,289.0194,0.943336,84,42,0.363,1.419,0.171608,0.231874,direct+peer,0.2623,20,direct=0.44;peer=0.56;history=0.00 (leg not built),0.9939,
AMZN,2026-08-12,2027-01-15,156,272.1351,0.983578,126,59,0.312,1.507,0.051999,0.053924,direct+peer,0.0379,20,direct=0.44;peer=0.56;history=0.00 (leg not built),0.9985,
AMZN,2026-08-12,2027-02-19,191,273.4289,0.979726,110,55,0.457,1.499,0.068679,0.072533,direct+peer,0.0629,20,direct=0.44;peer=0.56;history=0.00 (leg not built),0.9983,
AMZN,2026-08-12,2027-03-19,219,274.1846,0.976754,106,53,0.383,1.495,0.077232,0.082952,direct+peer,0.0800,20,direct=0.44;peer=0.56;history=0.00 (leg not built),0.9984,
AMZN,2026-08-12,2027-06-17,309,276.9607,0.967203,120,60,0.307,1.480,0.107365,0.121014,direct+peer,0.1170,20,direct=0.44;peer=0.56;history=0.00 (leg not built),0.9978,
AMZN,2026-08-12,2027-07-16,338,277.7589,0.964126,114,57,0.378,1.476,0.115538,0.131488,direct+peer,0.1316,20,direct=0.44;peer=0.56;history=0.00 (leg not built),0.9971,
AMZN,2026-08-12,2027-12-17,492,282.6965,0.947326,118,59,0.301,1.450,0.164107,0.210451,direct+peer,0.2332,20,direct=0.44;peer=0.56;history=0.00 (leg not built),0.9962,
AMZN,2026-08-12,2028-01-21,527,284.0189,0.943447,84,42,0.370,1.444,0.172231,0.225202,direct+peer,0.2501,20,direct=0.44;peer=0.56;history=0.00 (leg not built),0.9962,
ANET,2026-08-06,2027-01-15,162,196.3280,0.982886,120,44,0.267,1.426,0.146650,0.190039,direct+peer,0.2489,20,direct=0.44;peer=0.56;history=0.00 (leg not built),0.9979,
ANET,2026-08-06,2027-03-19,225,197.7959,0.976077,72,34,0.379,1.416,0.194802,0.279835,direct+peer,0.3258,20,direct=0.44;peer=0.56;history=0.00 (leg not built),0.9978,
ANET,2026-08-06,2027-06-17,315,199.9077,0.966391,72,35,0.325,1.401,0.249069,,refused,,20,,0.9937,no leg survived: no arbitrage-free fit inside the 0.35 synthetic-share ceiling
ANET,2026-08-06,2028-01-21,533,204.6393,0.942385,74,37,0.293,1.368,0.341959,,refused,,20,,0.9945,no leg survived: no arbitrage-free fit inside the 0.35 synthetic-share ceiling
ANET,2026-08-07,2027-01-15,161,191.7038,0.983121,120,44,0.365,1.461,0.142189,0.180581,peer,0.2166,20,peer=1.00;history=0.00 (leg not built),0.9964,
ANET,2026-08-07,2027-03-19,224,193.4794,0.976383,72,36,0.336,1.447,0.192157,0.281319,direct+peer,0.3384,20,direct=0.44;peer=0.56;history=0.00 (leg not built),0.9962,
ANET,2026-08-07,2027-06-17,314,195.8743,0.966854,72,36,0.332,1.429,0.249078,,refused,,20,,0.9966,no leg survived: no arbitrage-free fit inside the 0.35 synthetic-share ceiling
ANET,2026-08-07,2028-01-21,532,199.4789,0.943217,74,37,0.301,1.404,0.346210,,refused,,20,,0.9920,no leg survived: no arbitrage-free fit inside the 0.35 synthetic-share ceiling
ANET,2026-08-10,2027-01-15,158,195.0170,0.983317,120,46,0.359,1.436,0.139128,0.178785,direct+peer,0.2483,20,direct=0.44;peer=0.56;history=0.00 (leg not built),0.9978,
ANET,2026-08-10,2027-03-19,221,196.7115,0.976485,72,36,0.330,1.423,0.187139,0.250781,direct,0.2557,20,direct=1.00;history=0.00 (leg not built),0.9960,
ANET,2026-08-10,2027-06-17,311,198.6918,0.966911,72,36,0.327,1.409,0.241796,0.364384,direct,0.3481,20,direct=1.00;history=0.00 (leg not built),0.9947,
ANET,2026-08-10,2028-01-21,529,203.1708,0.942976,74,37,0.295,1.378,0.337657,,refused,,20,,0.9948,no leg survived: no arbitrage-free fit inside the 0.35 synthetic-share ceiling
ANET,2026-08-11,2027-01-15,157,201.0696,0.983468,122,43,0.348,1.442,0.133403,0.168279,direct+peer,0.2238,20,direct=0.44;peer=0.56;history=0.00 (leg not built),0.9971,
ANET,2026-08-11,2027-03-19,220,202.4809,0.976648,74,36,0.346,1.432,0.180367,0.266001,peer,0.3223,20,peer=1.00;history=0.00 (leg not built),0.9959,
ANET,2026-08-11,2027-06-17,310,204.7667,0.967096,74,37,0.317,1.416,0.232245,,refused,,20,,0.9978,no leg survived: no arbitrage-free fit inside the 0.35 synthetic-share ceiling
ANET,2026-08-11,2028-01-21,528,209.1961,0.943336,76,38,0.287,1.386,0.334544,,refused,,20,,0.9996,no leg survived: no arbitrage-free fit inside the 0.35 synthetic-share ceiling
ANET,2026-08-12,2027-01-15,156,213.4991,0.983578,122,41,0.386,1.358,0.122677,0.159960,direct+peer,0.2419,20,direct=0.44;peer=0.56;history=0.00 (leg not built),0.9969,
ANET,2026-08-12,2027-03-19,219,214.6583,0.976754,74,35,0.349,1.351,0.168692,0.234710,direct,0.2804,20,direct=1.00;history=0.00 (leg not built),0.9968,
ANET,2026-08-12,2027-06-17,309,216.9758,0.967203,74,36,0.300,1.337,0.217039,,refused,,20,,0.9976,no leg survived: no arbitrage-free fit inside the 0.35 synthetic-share ceiling
ANET,2026-08-12,2028-01-21,527,222.4467,0.943447,76,38,0.270,1.304,0.305707,,refused,,20,,0.9987,no leg survived: no arbitrage-free fit inside the 0.35 synthetic-share ceiling
AON,2026-08-06,2027-01-15,162,365.0249,0.982886,66,22,0.740,1.315,0.038318,0.038794,direct+peer,0.1517,20,direct=0.44;peer=0.56;history=0.00 (leg not built),0.9980,
AON,2026-08-07,2027-01-15,161,362.5938,0.983121,66,21,0.772,1.351,0.038884,0.036276,direct+peer,0.1079,20,direct=0.44;peer=0.56;history=0.00 (leg not built),0.9988,
AON,2026-08-10,2027-01-15,158,361.9119,0.983317,66,21,0.774,1.354,0.038887,0.035789,direct+peer,0.1085,20,direct=0.44;peer=0.56;history=0.00 (leg not built),0.9985,
AON,2026-08-11,2027-01-15,157,362.0641,0.983468,66,19,0.773,1.270,0.037546,0.034733,direct+peer,0.1183,20,direct=0.44;peer=0.56;history=0.00 (leg not built),0.9980,
AON,2026-08-12,2027-01-15,156,357.4989,0.983578,66,19,0.783,1.287,0.037005,0.033391,direct+peer,0.1057,20,direct=0.44;peer=0.56;history=0.00 (leg not built),0.9974,
AOS,2026-08-06,2027-01-15,162,63.6180,0.982886,24,7,0.786,1.258,,0.048467,peer,0.1716,20,peer=1.00;history=0.00 (leg not built),0.9846,
AOS,2026-08-07,2027-01-15,161,64.3219,0.983121,24,5,0.855,1.166,,,refused,,0,,0.9764,only 5 invertible quotes
AOS,2026-08-10,2027-01-15,158,63.1186,0.983317,24,5,0.871,1.188,,,refused,,0,,0.9973,only 5 invertible quotes
AOS,2026-08-11,2027-01-15,157,64.1018,0.983468,24,6,0.780,1.170,,0.045903,peer,0.2533,20,peer=1.00;history=0.00 (leg not built),0.9918,
AOS,2026-08-12,2027-01-15,156,63.2123,0.983578,24,6,0.791,1.186,,0.040196,direct+peer,0.2135,20,direct=0.44;peer=0.56;history=0.00 (leg not built),0.9939,
APA,2026-08-06,2027-01-15,162,37.0320,0.982886,48,16,0.608,1.755,0.096975,0.098272,direct+peer,0.0736,20,direct=0.44;peer=0.56;history=0.00 (leg not built),0.9913,
APA,2026-08-06,2027-03-19,225,36.9280,0.976077,32,13,0.677,1.625,0.139870,0.141692,direct+peer,0.1296,20,direct=0.44;peer=0.56;history=0.00 (leg not built),0.9864,
APA,2026-08-06,2028-01-21,533,37.7830,0.942385,40,19,0.397,1.720,0.300388,0.372769,direct+peer,0.2259,20,direct=0.44;peer=0.56;history=0.00 (leg not built),0.9933,
APA,2026-08-07,2027-01-15,161,37.9170,0.983121,48,16,0.593,1.714,0.095485,0.096608,peer,0.0650,20,peer=1.00;history=0.00 (leg not built),0.9993,
APA,2026-08-07,2027-03-19,224,37.9694,0.976383,32,13,0.658,1.580,0.136630,0.140778,direct+peer,0.1413,20,direct=0.44;peer=0.56;history=0.00 (leg not built),0.9964,
APA,2026-08-07,2028-01-21,532,38.3835,0.943217,40,18,0.456,1.693,0.296031,0.364783,peer,0.2183,20,peer=1.00;history=0.00 (leg not built),0.9970,
APA,2026-08-10,2027-01-15,158,41.3474,0.983317,48,15,0.605,1.572,0.090931,0.102873,peer,0.1535,20,peer=1.00;history=0.00 (leg not built),0.9949,
APA,2026-08-10,2027-03-19,221,41.4674,0.976485,32,13,0.603,1.447,0.122543,0.135449,peer,0.1644,20,peer=1.00;history=0.00 (leg not built),0.9934,
APA,2026-08-10,2028-01-21,529,42.2349,0.942976,40,19,0.355,1.539,0.264511,0.356845,peer,0.2766,20,peer=1.00;history=0.00 (leg not built),0.9945,
APA,2026-08-11,2027-01-15,157,41.1981,0.983468,48,16,0.546,1.578,0.088027,0.096422,peer,0.1179,20,peer=1.00;history=0.00 (leg not built),0.9965,
APA,2026-08-11,2027-03-19,220,41.2798,0.976648,32,12,0.666,1.453,0.123278,0.143702,peer,0.2378,20,peer=1.00;history=0.00 (leg not built),0.9971,
APA,2026-08-11,2028-01-21,528,41.8375,0.943336,40,19,0.359,1.554,0.263938,0.359959,direct+peer,0.2829,20,direct=0.44;peer=0.56;history=0.00 (leg not built),0.9935,
APA,2026-08-12,2027-01-15,156,40.5558,0.983578,48,16,0.555,1.603,0.086362,0.088280,direct+peer,0.0604,20,direct=0.44;peer=0.56;history=0.00 (leg not built),0.9971,
APA,2026-08-12,2027-03-19,219,40.5460,0.976754,32,12,0.678,1.480,0.129455,0.139494,peer,0.1916,20,peer=1.00;history=0.00 (leg not built),0.9888,
APA,2026-08-12,2028-01-21,527,41.2192,0.943447,40,19,0.364,1.577,0.268467,0.348087,direct+peer,0.2586,20,direct=0.44;peer=0.56;history=0.00 (leg not built),0.9902,
APD,2026-08-06,2027-01-15,162,302.1366,0.982886,94,17,0.761,1.291,0.037130,0.034055,peer,0.1051,20,peer=1.00;history=0.00 (leg not built),0.9969,
APD,2026-08-06,2027-03-19,225,303.8726,0.976077,76,20,0.724,1.481,0.052130,0.050955,peer,0.1118,20,peer=1.00;history=0.00 (leg not built),0.9986,
APD,2026-08-06,2027-06-17,315,304.6875,0.966391,76,22,0.689,1.378,0.068735,0.071168,direct+peer,0.1871,20,direct=0.44;peer=0.56;history=0.00 (leg not built),0.9956,
APD,2026-08-07,2027-01-15,161,305.0757,0.983121,94,17,0.754,1.278,0.035850,0.033215,peer,0.1029,20,peer=1.00;history=0.00 (leg not built),0.9976,
APD,2026-08-07,2027-03-19,224,306.5075,0.976383,76,20,0.718,1.468,0.051710,0.048059,peer,0.0658,20,peer=1.00;history=0.00 (leg not built),0.9986,
APD,2026-08-07,2027-06-17,314,308.0556,0.966854,76,25,0.649,1.428,0.069202,0.068686,direct+peer,0.0847,20,direct=0.44;peer=0.56;history=0.00 (leg not built),0.9961,
APD,2026-08-10,2027-01-15,158,309.6237,0.983317,94,16,0.775,1.260,0.036969,0.033476,peer,0.1426,20,peer=1.00;history=0.00 (leg not built),0.9966,
APD,2026-08-10,2027-03-19,221,311.4337,0.976485,76,22,0.642,1.445,0.048791,0.047446,peer,0.0683,20,peer=1.00;history=0.00 (leg not built),0.9987,
APD,2026-08-10,2027-06-17,311,312.7200,0.966911,76,24,0.640,1.375,0.065428,0.068071,direct+peer,0.1273,20,direct=0.44;peer=0.56;history=0.00 (leg not built),0.9983,
APD,2026-08-11,2027-01-15,157,311.2812,0.983468,94,16,0.771,1.349,0.036965,0.031693,peer,0.0918,20,peer=1.00;history=0.00 (leg not built),0.9978,
APD,2026-08-11,2027-03-19,220,313.1229,0.976648,76,21,0.703,1.437,0.047579,0.047638,peer,0.1012,20,peer=1.00;history=0.00 (leg not built),0.9969,
APD,2026-08-11,2027-06-17,310,314.4670,0.967096,76,22,0.700,1.367,0.066874,0.066629,direct+peer,0.1554,20,direct=0.44;peer=0.56;history=0.00 (leg not built),0.9972,
APD,2026-08-12,2027-01-15,156,305.9739,0.983578,94,16,0.752,1.242,0.030891,0.030033,direct+peer,0.1136,20,direct=0.44;peer=0.56;history=0.00 (leg not built),0.9970,
APD,2026-08-12,2027-03-19,219,307.7169,0.976754,76,18,0.747,1.462,0.050785,0.046112,peer,0.0772,20,peer=1.00;history=0.00 (leg not built),0.9977,
APD,2026-08-12,2027-06-17,309,309.2659,0.967203,76,22,0.647,1.326,0.063540,0.065024,direct+peer,0.1200,20,direct=0.44;peer=0.56;history=0.00 (leg not built),0.9971,
APH,2026-08-06,2027-01-15,162,173.0160,0.982886,78,25,0.578,1.445,0.116268,0.129883,direct+peer,0.1618,20,direct=0.44;peer=0.56;history=0.00 (leg not built),0.9919,
APH,2026-08-06,2027-03-19,225,174.2009,0.976077,66,26,0.574,1.435,0.160749,0.197859,peer,0.2418,20,peer=1.00;history=0.00 (leg not built),0.9977,
APH,2026-08-06,2027-06-17,315,175.7761,0.966391,58,28,0.512,1.422,0.203462,0.277197,direct+peer,0.3105,20,direct=0.44;peer=0.56;history=0.00 (leg not built),0.9978,
APH,2026-08-06,2028-01-21,533,178.8540,0.942385,66,30,0.447,1.398,0.287379,,refused,,20,,0.9932,no leg survived: no arbitrage-free fit inside the 0.35 synthetic-share ceiling
APH,2026-08-07,2027-01-15,161,170.7425,0.983121,78,28,0.527,1.464,0.108453,0.121054,direct+peer,0.1334,20,direct=0.44;peer=0.56;history=0.00 (leg not built),0.9937,
APH,2026-08-07,2027-03-19,224,172.4600,0.976383,66,30,0.435,1.450,0.146010,0.179928,peer,0.2074,20,peer=1.00;history=0.00 (leg not built),0.9959,
APH,2026-08-07,2027-06-17,314,173.8830,0.966854,58,29,0.489,1.438,0.199029,0.268673,peer,0.2901,20,peer=1.00;history=0.00 (leg not built),0.9975,
APH,2026-08-07,2028-01-21,532,176.9826,0.943217,66,33,0.367,1.413,0.280876,,refused,,20,,0.9946,no leg survived: no arbitrage-free fit inside the 0.35 synthetic-share ceiling
APH,2026-08-10,2027-01-15,158,171.0780,0.983317,78,28,0.468,1.461,0.106370,0.124184,direct+peer,0.1804,20,direct=0.44;peer=0.56;history=0.00 (leg not built),0.9960,
APH,2026-08-10,2027-03-19,221,172.2120,0.976485,66,29,0.494,1.452,0.146074,0.178057,direct+peer,0.2119,20,direct=0.44;peer=0.56;history=0.00 (leg not built),0.9982,
APH,2026-08-10,2027-06-17,311,173.5728,0.966911,58,29,0.490,1.440,0.198065,0.259331,direct+peer,0.2699,20,direct=0.44;peer=0.56;history=0.00 (leg not built),0.9922,
APH,2026-08-10,2028-01-21,529,177.1209,0.942976,66,33,0.367,1.411,0.278844,,refused,,20,,0.9938,no leg survived: no arbitrage-free fit inside the 0.35 synthetic-share ceiling
APH,2026-08-11,2027-01-15,157,170.1932,0.983468,78,27,0.558,1.469,0.103355,0.116877,direct+peer,0.1718,20,direct=0.44;peer=0.56;history=0.00 (leg not built),0.9947,
APH,2026-08-11,2027-03-19,220,171.2799,0.976648,66,29,0.438,1.460,0.141667,0.180629,direct+peer,0.2519,20,direct=0.44;peer=0.56;history=0.00 (leg not built),0.9981,
APH,2026-08-11,2027-06-17,310,173.1905,0.967096,58,28,0.491,1.443,0.186716,0.260791,direct+peer,0.3117,20,direct=0.44;peer=0.56;history=0.00 (leg not built),0.9968,
APH,2026-08-11,2028-01-21,528,176.0601,0.943336,66,32,0.398,1.420,0.276199,,refused,,20,,0.9947,no leg survived: no arbitrage-free fit inside the 0.35 synthetic-share ceiling
APH,2026-08-12,2027-01-15,156,171.9724,0.983578,78,27,0.465,1.454,0.095097,0.106551,direct+peer,0.1366,20,direct=0.44;peer=0.56;history=0.00 (leg not built),0.9943,
APH,2026-08-12,2027-03-19,219,173.6793,0.976754,66,30,0.432,1.439,0.136038,0.173338,direct+peer,0.2252,20,direct=0.44;peer=0.56;history=0.00 (leg not built),0.9969,
APH,2026-08-12,2027-06-17,309,175.4859,0.967203,58,28,0.513,1.425,0.187131,0.254915,peer,0.2988,20,peer=1.00;history=0.00 (leg not built),0.9964,
APH,2026-08-12,2028-01-21,527,178.2617,0.943447,66,33,0.365,1.402,0.266293,,refused,,20,,0.9954,no leg survived: no arbitrage-free fit inside the 0.35 synthetic-share ceiling
APO,2026-08-06,2027-01-15,162,128.8978,0.982886,76,25,0.543,2.095,0.070766,0.065922,direct+peer,0.0255,20,direct=0.44;peer=0.56;history=0.00 (leg not built),0.9927,
APO,2026-08-06,2027-03-19,225,129.3682,0.976077,62,26,0.580,1.546,0.098281,0.101243,direct+peer,0.1217,20,direct=0.44;peer=0.56;history=0.00 (leg not built),0.9969,
APO,2026-08-06,2027-06-17,315,130.5346,0.966391,58,26,0.575,1.532,0.136101,0.143130,direct+peer,0.1502,20,direct=0.44;peer=0.56;history=0.00 (leg not built),0.9931,
APO,2026-08-06,2028-01-21,533,132.5771,0.942385,66,30,0.490,1.659,0.220071,0.239008,direct+peer,0.1282,20,direct=0.44;peer=0.56;history=0.00 (leg not built),0.9925,
APO,2026-08-07,2027-01-15,161,128.2708,0.983121,76,23,0.546,2.105,0.062687,0.058860,direct+peer,0.0164,20,direct=0.44;peer=0.56;history=0.00 (leg not built),0.9946,
APO,2026-08-07,2027-03-19,224,129.3513,0.976383,62,26,0.503,1.508,0.087357,0.088855,direct+peer,0.0539,20,direct=0.44;peer=0.56;history=0.00 (leg not built),0.9947,
APO,2026-08-07,2027-06-17,314,130.2413,0.966854,58,29,0.461,1.536,0.124927,0.130034,peer,0.0794,20,peer=1.00;history=0.00 (leg not built),0.9895,
APO,2026-08-07,2028-01-21,532,131.8907,0.943217,66,32,0.417,1.668,0.213760,0.235326,peer,0.1184,20,peer=1.00;history=0.00 (leg not built),0.9845,
APO,2026-08-10,2027-01-15,158,132.7966,0.983317,76,27,0.489,2.033,0.059960,0.059212,direct+peer,0.0154,20,direct=0.44;peer=0.56;history=0.00 (leg not built),0.9953,
APO,2026-08-10,2027-03-19,221,133.0372,0.976485,62,28,0.451,1.503,0.083241,0.087919,direct+peer,0.0752,20,direct=0.44;peer=0.56;history=0.00 (leg not built),0.9971,
APO,2026-08-10,2027-06-17,311,133.2591,0.966911,58,28,0.450,1.501,0.119210,0.139902,direct+peer,0.2157,20,direct=0.44;peer=0.56;history=0.00 (leg not built),0.9943,
APO,2026-08-10,2028-01-21,529,136.8735,0.942976,66,32,0.402,1.607,0.197964,0.220454,direct+peer,0.1247,20,direct=0.44;peer=0.56;history=0.00 (leg not built),0.9881,
APO,2026-08-11,2027-01-15,157,141.6269,0.983468,76,26,0.530,1.906,0.058975,0.056175,direct+peer,0.0154,20,direct=0.44;peer=0.56;history=0.00 (leg not built),0.9984,
APO,2026-08-11,2027-03-19,220,142.0990,0.976648,62,27,0.493,1.407,0.080113,0.083220,direct+peer,0.0750,20,direct=0.44;peer=0.56;history=0.00 (leg not built),0.9956,
APO,2026-08-11,2027-06-17,310,143.2525,0.967096,58,29,0.419,1.396,0.110916,0.124108,direct+peer,0.1351,20,direct=0.44;peer=0.56;history=0.00 (leg not built),0.9902,
APO,2026-08-11,2028-01-21,528,145.1908,0.943336,66,29,0.482,1.515,0.195497,0.227617,direct+peer,0.1899,20,direct=0.44;peer=0.56;history=0.00 (leg not built),0.9914,
APO,2026-08-12,2027-01-15,156,139.8306,0.983578,76,26,0.572,1.931,0.057204,0.055726,direct+peer,0.0197,20,direct=0.44;peer=0.56;history=0.00 (leg not built),0.9959,
APO,2026-08-12,2027-03-19,219,140.3583,0.976754,62,27,0.499,1.425,0.078693,0.081715,direct+peer,0.0656,20,direct=0.44;peer=0.56;history=0.00 (leg not built),0.9959,
APO,2026-08-12,2027-06-17,309,141.6026,0.967203,58,28,0.424,1.412,0.109514,0.120223,direct+peer,0.1021,20,direct=0.44;peer=0.56;history=0.00 (leg not built),0.9987,
APO,2026-08-12,2028-01-21,527,143.6963,0.943447,66,30,0.452,1.531,0.190764,0.233632,direct+peer,0.3082,20,direct=0.44;peer=0.56;history=0.00 (leg not built),0.9908,
APP,2026-08-06,2027-01-15,162,342.0450,0.982886,238,102,0.292,3.216,0.257919,0.278329,direct+peer,0.1402,20,direct=0.44;peer=0.56;history=0.00 (leg not built),0.9871,
APP,2026-08-06,2027-02-19,197,342.8496,0.979077,144,72,0.481,2.508,0.319916,0.341992,direct+peer,0.0936,20,direct=0.44;peer=0.56;history=0.00 (leg not built),0.9979,
APP,2026-08-06,2027-03-19,225,344.4874,0.976077,126,63,0.479,2.177,0.339382,0.387047,direct+peer,0.1616,20,direct=0.44;peer=0.56;history=0.00 (leg not built),0.9964,
APP,2026-08-06,2027-06-17,315,347.5269,0.966391,222,110,0.302,3.194,0.541263,0.608717,peer,0.1128,20,peer=1.00;history=0.00 (leg not built),0.9895,
APP,2026-08-06,2028-01-21,533,354.9702,0.942385,198,99,0.465,3.127,0.913549,1.282435,direct+peer,0.3289,20,direct=0.44;peer=0.56;history=0.00 (leg not built),0.9836,
APP,2026-08-07,2027-01-15,161,354.2123,0.983121,238,101,0.311,3.077,0.240592,0.248446,direct+peer,0.0322,20,direct=0.44;peer=0.56;history=0.00 (leg not built),0.9925,
APP,2026-08-07,2027-02-19,196,355.5685,0.979343,144,70,0.478,2.419,0.303160,0.330767,direct+peer,0.1175,20,direct=0.44;peer=0.56;history=0.00 (leg not built),0.9909,
APP,2026-08-07,2027-03-19,224,355.7189,0.976383,126,63,0.464,2.108,0.326447,0.380607,direct+peer,0.1750,20,direct=0.44;peer=0.56;history=0.00 (leg not built),0.9945,
APP,2026-08-07,2027-06-17,314,359.2967,0.966854,222,109,0.292,3.089,0.518615,0.577853,direct+peer,0.1104,20,direct=0.44;peer=0.56;history=0.00 (leg not built),0.9983,
APP,2026-08-07,2028-01-21,532,367.6464,0.943217,198,99,0.449,3.019,0.881854,1.213071,peer,0.2961,20,peer=1.00;history=0.00 (leg not built),0.9937,
APP,2026-08-10,2027-01-15,158,345.4033,0.983317,238,92,0.391,3.214,0.230501,0.237925,direct+peer,0.0620,20,direct=0.44;peer=0.56;history=0.00 (leg not built),0.9854,
APP,2026-08-10,2027-02-19,193,346.2939,0.979464,144,70,0.476,2.483,0.292812,0.315103,direct+peer,0.0959,20,direct=0.44;peer=0.56;history=0.00 (leg not built),0.9934,
APP,2026-08-10,2027-03-19,221,348.4844,0.976485,126,63,0.473,2.152,0.311792,0.360622,direct+peer,0.1657,20,direct=0.44;peer=0.56;history=0.00 (leg not built),0.9811,
APP,2026-08-10,2027-06-17,311,352.2029,0.966911,222,109,0.298,3.152,0.498744,0.585942,direct+peer,0.1542,20,direct=0.44;peer=0.56;history=0.00 (leg not built),0.9924,
APP,2026-08-10,2028-01-21,529,360.4772,0.942976,198,99,0.458,3.079,0.860639,1.150971,direct+peer,0.2784,20,direct=0.44;peer=0.56;history=0.00 (leg not built),0.9799,
APP,2026-08-11,2027-01-15,157,324.5499,0.983468,238,94,0.416,3.420,0.220950,0.221851,direct+peer,0.0168,20,direct=0.44;peer=0.56;history=0.00 (leg not built),0.9878,
APP,2026-08-11,2027-02-19,192,325.8862,0.979620,144,72,0.506,2.639,0.290573,0.304961,peer,0.0744,20,peer=1.00;history=0.00 (leg not built),0.9873,
APP,2026-08-11,2027-03-19,220,326.9590,0.976648,126,63,0.505,2.294,0.315330,0.347690,direct+peer,0.1287,20,direct=0.44;peer=0.56;history=0.00 (leg not built),0.9916,
APP,2026-08-11,2027-06-17,310,329.2969,0.967096,222,101,0.319,3.371,0.500725,0.551193,peer,0.0883,20,peer=1.00;history=0.00 (leg not built),0.9897,
APP,2026-08-11,2028-01-21,528,338.7915,0.943336,198,99,0.487,3.276,0.865227,1.141030,direct+peer,0.2929,20,direct=0.44;peer=0.56;history=0.00 (leg not built),0.9901,
APP,2026-08-12,2027-01-15,156,310.2135,0.983578,238,80,0.403,3.578,0.222856,0.224702,direct+peer,0.0348,20,direct=0.44;peer=0.56;history=0.00 (leg not built),0.9912,
APP,2026-08-12,2027-02-19,191,311.8372,0.979726,144,67,0.529,2.758,0.286420,0.304519,direct+peer,0.1227,20,direct=0.44;peer=0.56;history=0.00 (leg not built),0.9916,
APP,2026-08-12,2027-03-19,219,312.5800,0.976754,126,63,0.528,2.399,0.315668,0.342291,direct+peer,0.1111,20,direct=0.44;peer=0.56;history=0.00 (leg not built),0.9975,
APP,2026-08-12,2027-06-17,309,313.2568,0.967203,222,98,0.335,3.543,0.504376,0.556586,direct+peer,0.1328,20,direct=0.44;peer=0.56;history=0.00 (leg not built),0.9895,
APP,2026-08-12,2028-01-21,527,321.8867,0.943447,198,99,0.513,3.448,0.873449,1.108644,direct+peer,0.2862,20,direct=0.44;peer=0.56;history=0.00 (leg not built),0.9904,
APTV,2026-08-06,2027-01-15,162,47.3643,0.982886,60,21,0.581,1.689,0.105925,0.111204,direct+peer,0.1258,20,direct=0.44;peer=0.56;history=0.00 (leg not built),0.9959,
APTV,2026-08-06,2027-02-19,197,47.8915,0.979077,60,20,0.626,1.670,0.135709,0.140574,peer,0.0974,20,peer=1.00;history=0.00 (leg not built),0.9882,
APTV,2026-08-07,2027-01-15,161,50.0509,0.983121,60,23,0.649,1.798,0.113260,0.111133,direct+peer,0.0880,20,direct=0.44;peer=0.56;history=0.00 (leg not built),0.9814,
APTV,2026-08-07,2027-02-19,196,50.5105,0.979343,60,20,0.594,1.683,0.140728,0.145332,peer,0.1017,20,peer=1.00;history=0.00 (leg not built),0.9920,
APTV,2026-08-10,2027-01-15,158,50.7288,0.983317,60,24,0.542,1.774,0.100129,0.103514,direct+peer,0.0810,20,direct=0.44;peer=0.56;history=0.00 (leg not built),0.9856,
APTV,2026-08-10,2027-02-19,193,50.3914,0.979464,60,19,0.546,1.588,0.132557,0.166206,direct+peer,0.3378,20,direct=0.44;peer=0.56;history=0.00 (leg not built),0.9920,
APTV,2026-08-11,2027-01-15,157,50.3898,0.983468,60,22,0.645,1.687,0.097211,0.096876,direct+peer,0.0756,20,direct=0.44;peer=0.56;history=0.00 (leg not built),0.9862,
APTV,2026-08-11,2027-02-19,192,50.9528,0.979620,60,20,0.638,1.570,0.126043,0.138656,direct+peer,0.1965,20,direct=0.44;peer=0.56;history=0.00 (leg not built),0.9980,
APTV,2026-08-12,2027-01-15,156,49.4239,0.983578,60,18,0.708,1.619,0.101114,0.101318,direct+peer,0.1202,20,direct=0.44;peer=0.56;history=0.00 (leg not built),0.9873,
APTV,2026-08-12,2027-02-19,191,50.2041,0.979726,60,19,0.647,1.544,0.125792,0.135297,peer,0.1434,20,peer=1.00;history=0.00 (leg not built),0.9817,
ARE,2026-08-06,2027-01-15,162,48.5005,0.982886,74,19,0.567,1.546,0.088099,0.089734,direct+peer,0.0910,20,direct=0.44;peer=0.56;history=0.00 (leg not built),0.9940,
ARE,2026-08-06,2028-01-21,533,48.1013,0.942385,74,32,0.468,2.495,0.353084,0.364692,direct+peer,0.0912,20,direct=0.44;peer=0.56;history=0.00 (leg not built),0.9946,
ARE,2026-08-07,2027-01-15,161,49.2880,0.983121,74,16,0.710,1.471,0.091357,0.088103,peer,0.1257,20,peer=1.00;history=0.00 (leg not built),0.9966,
ARE,2026-08-07,2028-01-21,532,49.4699,0.943217,74,30,0.455,2.426,0.333849,0.351409,direct+peer,0.1381,20,direct=0.44;peer=0.56;history=0.00 (leg not built),0.9730,
ARE,2026-08-10,2027-01-15,158,48.5000,0.983317,74,15,0.619,1.340,0.076551,0.083307,direct+peer,0.1545,20,direct=0.44;peer=0.56;history=0.00 (leg not built),0.9855,
ARE,2026-08-10,2028-01-21,529,47.9949,0.942976,74,27,0.469,2.084,0.325972,0.354336,direct+peer,0.1570,20,direct=0.44;peer=0.56;history=0.00 (leg not built),0.9930,
ARE,2026-08-11,2027-01-15,157,47.9576,0.983468,74,18,0.626,1.564,0.081320,0.078798,peer,0.0613,20,peer=1.00;history=0.00 (leg not built),0.9728,
ARE,2026-08-11,2028-01-21,528,47.6943,0.943336,74,28,0.524,2.516,0.340395,0.353551,direct+peer,0.1027,20,direct=0.44;peer=0.56;history=0.00 (leg not built),0.9709,
ARE,2026-08-12,2027-01-15,156,48.2964,0.983578,74,15,0.621,1.398,0.075461,0.076524,direct+peer,0.1179,20,direct=0.44;peer=0.56;history=0.00 (leg not built),0.9967,
ARE,2026-08-12,2028-01-21,527,47.8003,0.943447,74,30,0.471,2.510,0.344530,0.362096,direct+peer,0.1582,20,direct=0.44;peer=0.56;history=0.00 (leg not built),0.9799,
ARES,2026-08-06,2027-01-15,162,138.0839,0.982886,74,29,0.398,1.593,0.076651,0.077827,direct+peer,0.0352,20,direct=0.44;peer=0.56;history=0.00 (leg not built),0.9927,
ARES,2026-08-06,2027-02-19,197,138.1445,0.979077,72,27,0.471,1.520,0.101487,0.105314,direct+peer,0.0781,20,direct=0.44;peer=0.56;history=0.00 (leg not built),0.9996,
ARES,2026-08-06,2027-03-19,225,137.6949,0.976077,60,30,0.436,1.525,0.115204,0.121701,direct+peer,0.0721,20,direct=0.44;peer=0.56;history=0.00 (leg not built),0.9983,
ARES,2026-08-06,2027-06-17,315,138.0167,0.966391,62,30,0.399,1.522,0.160864,0.180335,direct+peer,0.1434,20,direct=0.44;peer=0.56;history=0.00 (leg not built),0.9960,
ARES,2026-08-06,2028-01-21,533,139.0273,0.942385,74,36,0.432,1.942,0.298059,0.320963,direct+peer,0.1030,20,direct=0.44;peer=0.56;history=0.00 (leg not built),0.9986,
ARES,2026-08-07,2027-01-15,161,136.6275,0.983121,74,30,0.476,1.610,0.073773,0.075526,direct+peer,0.0622,20,direct=0.44;peer=0.56;history=0.00 (leg not built),0.9965,
ARES,2026-08-07,2027-02-19,196,137.4813,0.979343,72,32,0.473,1.746,0.099733,0.100169,peer,0.0324,20,peer=1.00;history=0.00 (leg not built),0.9977,
ARES,2026-08-07,2027-03-19,224,137.1679,0.976383,60,30,0.437,1.531,0.111319,0.118141,direct+peer,0.0900,20,direct=0.44;peer=0.56;history=0.00 (leg not built),0.9980,
ARES,2026-08-07,2027-06-17,314,137.8108,0.966854,62,31,0.399,1.524,0.153997,0.172133,direct+peer,0.1340,20,direct=0.44;peer=0.56;history=0.00 (leg not built),0.9964,
ARES,2026-08-07,2028-01-21,532,138.7808,0.943217,74,37,0.396,1.946,0.286765,0.315024,direct+peer,0.1076,20,direct=0.44;peer=0.56;history=0.00 (leg not built),0.9998,
ARES,2026-08-10,2027-01-15,158,137.2882,0.983317,74,29,0.473,1.602,0.071370,0.072658,direct+peer,0.0372,20,direct=0.44;peer=0.56;history=0.00 (leg not built),0.9946,
ARES,2026-08-10,2027-02-19,193,137.1951,0.979464,72,26,0.583,1.604,0.098483,0.098247,peer,0.0790,20,peer=1.00;history=0.00 (leg not built),0.9944,
ARES,2026-08-10,2027-03-19,221,137.3383,0.976485,60,29,0.437,1.529,0.107909,0.113745,direct+peer,0.0797,20,direct=0.44;peer=0.56;history=0.00 (leg not built),0.9975,
ARES,2026-08-10,2027-06-17,311,136.8961,0.966911,62,30,0.402,1.534,0.155922,0.172707,direct+peer,0.1270,20,direct=0.44;peer=0.56;history=0.00 (leg not built),0.9914,
ARES,2026-08-10,2028-01-21,529,137.0679,0.942976,74,37,0.401,1.970,0.290143,0.317887,direct+peer,0.1119,20,direct=0.44;peer=0.56;history=0.00 (leg not built),0.9913,
ARES,2026-08-11,2027-01-15,157,143.1291,0.983468,74,31,0.454,1.607,0.071244,0.073164,direct+peer,0.0416,20,direct=0.44;peer=0.56;history=0.00 (leg not built),0.9943,
ARES,2026-08-11,2027-02-19,192,143.8465,0.979620,72,24,0.556,1.460,0.093605,0.097466,direct+peer,0.1033,20,direct=0.44;peer=0.56;history=0.00 (leg not built),0.9982,
ARES,2026-08-11,2027-03-19,220,143.6177,0.976648,60,30,0.418,1.462,0.105824,0.118237,direct+peer,0.1317,20,direct=0.44;peer=0.56;history=0.00 (leg not built),0.9987,
ARES,2026-08-11,2027-06-17,310,143.9970,0.967096,62,30,0.382,1.458,0.146313,0.168327,peer,0.1429,20,peer=1.00;history=0.00 (leg not built),0.9942,
ARES,2026-08-11,2028-01-21,528,144.8728,0.943336,74,36,0.414,1.864,0.272749,0.301678,direct+peer,0.1267,20,direct=0.44;peer=0.56;history=0.00 (leg not built),0.9980,
ARES,2026-08-12,2027-01-15,156,142.1012,0.983578,74,29,0.387,1.478,0.067311,0.081877,direct+peer,0.3156,20,direct=0.44;peer=0.56;history=0.00 (leg not built),0.9905,
ARES,2026-08-12,2027-02-19,191,141.6671,0.979726,72,25,0.565,1.482,0.093248,0.095960,direct+peer,0.1149,20,direct=0.44;peer=0.56;history=0.00 (leg not built),0.9993,
ARES,2026-08-12,2027-03-19,219,141.5357,0.976754,60,30,0.424,1.484,0.103844,0.111495,direct+peer,0.0892,20,direct=0.44;peer=0.56;history=0.00 (leg not built),0.9974,
ARES,2026-08-12,2027-06-17,309,141.8438,0.967203,62,31,0.388,1.481,0.143270,0.158924,peer,0.1136,20,peer=1.00;history=0.00 (leg not built),0.9954,
ARES,2026-08-12,2028-01-21,527,142.3495,0.943447,74,35,0.457,1.897,0.263882,0.284858,direct+peer,0.1138,20,direct=0.44;peer=0.56;history=0.00 (leg not built),0.9986,
ATO,2026-08-06,2027-01-15,162,172.5435,0.982886,48,8,0.898,1.101,0.027233,0.019764,direct+peer,0.3466,20,direct=0.44;peer=0.56;history=0.00 (leg not built),0.9989,
ATO,2026-08-07,2027-01-15,161,171.6275,0.983121,48,9,0.903,1.136,0.030151,0.018750,direct+peer,0.2737,20,direct=0.44;peer=0.56;history=0.00 (leg not built),0.9946,
ATO,2026-08-10,2027-01-15,158,168.5559,0.983317,48,9,0.771,1.127,0.019736,0.018363,peer,0.1716,20,peer=1.00;history=0.00 (leg not built),0.9953,
ATO,2026-08-11,2027-01-15,157,169.8576,0.983468,48,9,0.883,1.119,0.025621,0.017859,peer,0.2502,20,peer=1.00;history=0.00 (leg not built),0.9904,
ATO,2026-08-12,2027-01-15,156,169.9898,0.983578,48,9,0.706,1.118,0.019936,0.018211,peer,0.1262,20,peer=1.00;history=0.00 (leg not built),0.9927,
AVGO,2026-08-06,2027-01-15,162,427.5473,0.982886,158,67,0.269,1.731,0.125446,0.135378,direct+peer,0.0779,20,direct=0.44;peer=0.56;history=0.00 (leg not built),0.9982,
AVGO,2026-08-06,2027-02-19,197,429.2595,0.979077,86,43,0.419,1.398,0.128457,0.164387,direct+peer,0.2403,20,direct=0.44;peer=0.56;history=0.00 (leg not built),0.9986,
AVGO,2026-08-06,2027-03-19,225,430.7428,0.976077,116,58,0.360,1.718,0.172210,0.197862,direct+peer,0.1420,20,direct=0.44;peer=0.56;history=0.00 (leg not built),0.9984,
AVGO,2026-08-06,2027-06-17,315,434.6639,0.966391,148,72,0.230,1.702,0.230128,0.288289,direct+peer,0.2070,20,direct=0.44;peer=0.56;history=0.00 (leg not built),0.9985,
AVGO,2026-08-06,2027-09-17,407,439.1299,0.956369,114,57,0.353,1.685,0.286172,0.382908,direct+peer,0.2683,20,direct=0.44;peer=0.56;history=0.00 (leg not built),0.9973,
AVGO,2026-08-06,2027-12-17,498,443.1250,0.946290,156,72,0.158,1.670,0.335282,0.501351,direct+peer,0.3318,20,direct=0.44;peer=0.56;history=0.00 (leg not built),0.9971,
AVGO,2026-08-06,2028-01-21,533,444.2787,0.942385,120,60,0.349,1.666,0.352117,0.533182,direct+peer,0.3443,20,direct=0.44;peer=0.56;history=0.00 (leg not built),0.9952,
AVGO,2026-08-07,2027-01-15,161,434.6499,0.983121,158,69,0.265,1.703,0.115523,0.124545,direct+peer,0.0776,20,direct=0.44;peer=0.56;history=0.00 (leg not built),0.9985,
AVGO,2026-08-07,2027-02-19,196,435.9995,0.979343,86,43,0.413,1.376,0.118836,0.153292,direct+peer,0.2384,20,direct=0.44;peer=0.56;history=0.00 (leg not built),0.9982,
AVGO,2026-08-07,2027-03-19,224,437.5346,0.976383,116,58,0.354,1.691,0.161446,0.185104,direct+peer,0.1411,20,direct=0.44;peer=0.56;history=0.00 (leg not built),0.9993,
AVGO,2026-08-07,2027-06-17,314,441.5588,0.966854,148,71,0.238,1.676,0.217679,0.273340,direct+peer,0.2206,20,direct=0.44;peer=0.56;history=0.00 (leg not built),0.9976,
AVGO,2026-08-07,2027-09-17,406,445.7867,0.957002,114,57,0.348,1.660,0.271579,0.363565,direct+peer,0.2629,20,direct=0.44;peer=0.56;history=0.00 (leg not built),0.9947,
AVGO,2026-08-07,2027-12-17,497,449.5739,0.947065,156,76,0.156,1.646,0.320697,0.476586,direct+peer,0.3293,20,direct=0.44;peer=0.56;history=0.00 (leg not built),0.9963,
AVGO,2026-08-07,2028-01-21,532,450.9655,0.943217,120,60,0.344,1.641,0.337338,0.504341,direct+peer,0.3460,20,direct=0.44;peer=0.56;history=0.00 (leg not built),0.9965,
AVGO,2026-08-10,2027-01-15,158,429.1356,0.983317,158,67,0.291,1.724,0.111912,0.119504,direct+peer,0.0699,20,direct=0.44;peer=0.56;history=0.00 (leg not built),0.9988,
AVGO,2026-08-10,2027-02-19,193,430.8459,0.979464,86,43,0.418,1.393,0.116326,0.145222,direct+peer,0.2182,20,direct=0.44;peer=0.56;history=0.00 (leg not built),0.9984,
AVGO,2026-08-10,2027-03-19,221,432.1945,0.976485,116,58,0.359,1.712,0.156376,0.178716,direct+peer,0.1454,20,direct=0.44;peer=0.56;history=0.00 (leg not built),0.9984,
AVGO,2026-08-10,2027-06-17,311,436.1032,0.966911,148,71,0.241,1.697,0.212551,0.259063,direct+peer,0.1824,20,direct=0.44;peer=0.56;history=0.00 (leg not built),0.9976,
AVGO,2026-08-10,2027-09-17,403,440.0970,0.956992,114,56,0.352,1.681,0.267881,0.349109,direct+peer,0.2434,20,direct=0.44;peer=0.56;history=0.00 (leg not built),0.9966,
AVGO,2026-08-10,2027-12-17,494,444.2319,0.946894,156,71,0.158,1.666,0.316549,0.458922,direct+peer,0.3086,20,direct=0.44;peer=0.56;history=0.00 (leg not built),0.9972,
AVGO,2026-08-10,2028-01-21,529,445.3263,0.942976,120,60,0.348,1.662,0.333935,0.490684,direct+peer,0.3288,20,direct=0.44;peer=0.56;history=0.00 (leg not built),0.9958,
AVGO,2026-08-11,2027-01-15,157,422.6081,0.983468,158,67,0.296,1.751,0.105737,0.112015,direct+peer,0.0629,20,direct=0.44;peer=0.56;history=0.00 (leg not built),0.9993,
AVGO,2026-08-11,2027-02-19,192,423.9658,0.979620,90,45,0.425,1.510,0.117938,0.136987,direct+peer,0.1607,20,direct=0.44;peer=0.56;history=0.00 (leg not built),0.9988,
AVGO,2026-08-11,2027-03-19,220,425.2461,0.976648,116,58,0.364,1.740,0.149567,0.166722,direct+peer,0.1240,20,direct=0.44;peer=0.56;history=0.00 (leg not built),0.9980,
AVGO,2026-08-11,2027-06-17,310,429.1174,0.967096,148,70,0.256,1.724,0.205887,0.255409,direct+peer,0.2207,20,direct=0.44;peer=0.56;history=0.00 (leg not built),0.9978,
AVGO,2026-08-11,2027-09-17,402,433.1117,0.957224,114,57,0.358,1.709,0.259833,0.341080,direct+peer,0.2581,20,direct=0.44;peer=0.56;history=0.00 (leg not built),0.9963,
AVGO,2026-08-11,2027-12-17,493,436.5915,0.947215,156,72,0.195,1.695,0.309264,0.460247,direct+peer,0.3499,20,direct=0.44;peer=0.56;history=0.00 (leg not built),0.9963,
AVGO,2026-08-11,2028-01-21,528,438.3418,0.943336,120,60,0.354,1.688,0.324951,0.468709,direct+peer,0.3234,20,direct=0.44;peer=0.56;history=0.00 (leg not built),0.9949,
AVGO,2026-08-12,2027-01-15,156,422.0741,0.983578,158,66,0.308,1.753,0.104582,0.110258,direct+peer,0.0556,20,direct=0.44;peer=0.56;history=0.00 (leg not built),0.9986,
AVGO,2026-08-12,2027-02-19,191,423.6235,0.979726,90,45,0.425,1.511,0.116726,0.134858,direct+peer,0.1503,20,direct=0.44;peer=0.56;history=0.00 (leg not built),0.9992,
AVGO,2026-08-12,2027-03-19,219,425.0064,0.976754,116,58,0.365,1.741,0.147799,0.163701,direct+peer,0.1143,20,direct=0.44;peer=0.56;history=0.00 (leg not built),0.9983,
AVGO,2026-08-12,2027-06-17,309,428.7741,0.967203,148,70,0.257,1.726,0.203159,0.245047,direct+peer,0.1885,20,direct=0.44;peer=0.56;history=0.00 (leg not built),0.9976,
AVGO,2026-08-12,2027-09-17,401,432.7942,0.957333,114,57,0.358,1.710,0.257628,0.335893,direct+peer,0.2552,20,direct=0.44;peer=0.56;history=0.00 (leg not built),0.9968,
AVGO,2026-08-12,2027-12-17,492,436.4524,0.947326,156,71,0.229,1.695,0.306280,0.442522,direct+peer,0.3239,20,direct=0.44;peer=0.56;history=0.00 (leg not built),0.9956,
AVGO,2026-08-12,2028-01-21,527,437.4069,0.943447,120,60,0.354,1.692,0.324313,0.484326,peer,0.3315,20,peer=1.00;history=0.00 (leg not built),0.9958,
AVY,2026-08-06,2027-01-15,162,176.0886,0.982886,50,13,0.823,1.193,0.040900,0.034655,peer,0.2256,20,peer=1.00;history=0.00 (leg not built),0.9946,
AVY,2026-08-07,2027-01-15,161,177.8131,0.983121,50,12,0.844,1.181,0.040797,0.034201,direct+peer,0.2445,20,direct=0.44;peer=0.56;history=0.00 (leg not built),0.9986,
AVY,2026-08-10,2027-01-15,158,178.6373,0.983317,50,12,0.784,1.176,0.038900,0.035042,peer,0.2048,20,peer=1.00;history=0.00 (leg not built),0.9972,
AVY,2026-08-11,2027-01-15,157,180.4881,0.983468,50,12,0.831,1.164,0.038837,0.031010,peer,0.2056,20,peer=1.00;history=0.00 (leg not built),0.9984,
AVY,2026-08-12,2027-01-15,156,181.7284,0.983578,50,13,0.825,1.211,0.040606,0.032282,peer,0.1876,20,peer=1.00;history=0.00 (leg not built),0.9974,
AWK,2026-08-06,2027-03-19,225,135.2903,0.976077,46,17,0.739,1.330,0.040028,0.037672,direct+peer,0.1121,20,direct=0.44;peer=0.56;history=0.00 (leg not built),0.9972,
AWK,2026-08-07,2027-03-19,224,135.9047,0.976383,46,18,0.736,1.361,0.040389,0.035450,peer,0.0629,20,peer=1.00;history=0.00 (leg not built),0.9971,
AWK,2026-08-10,2027-03-19,221,135.4096,0.976485,46,21,0.628,1.366,0.035319,0.035172,direct+peer,0.0584,20,direct=0.44;peer=0.56;history=0.00 (leg not built),0.9990,
AWK,2026-08-11,2027-03-19,220,136.7236,0.976648,46,19,0.585,1.317,0.033748,0.034629,direct+peer,0.0713,20,direct=0.44;peer=0.56;history=0.00 (leg not built),0.9979,
AWK,2026-08-12,2027-03-19,219,136.5357,0.976754,46,19,0.696,1.355,0.034750,0.034018,direct+peer,0.1250,20,direct=0.44;peer=0.56;history=0.00 (leg not built),0.9931,
AXON,2026-08-06,2027-01-15,162,532.5168,0.982886,178,71,0.413,2.404,0.212549,0.219658,direct+peer,0.0535,20,direct=0.44;peer=0.56;history=0.00 (leg not built),0.9992,
AXON,2026-08-06,2027-03-19,225,536.5606,0.976077,144,64,0.391,1.752,0.264457,0.333730,direct+peer,0.2302,20,direct=0.44;peer=0.56;history=0.00 (leg not built),0.9959,
AXON,2026-08-06,2027-06-17,315,541.4579,0.966391,110,55,0.388,1.736,0.350116,0.491229,direct,0.3051,20,direct=1.00;history=0.00 (leg not built),0.9977,
AXON,2026-08-06,2028-01-21,533,554.3305,0.942385,166,83,0.316,2.057,0.587854,0.891467,direct,0.3460,20,direct=1.00;history=0.00 (leg not built),0.9974,
AXON,2026-08-07,2027-01-15,161,581.2308,0.983121,178,70,0.430,2.133,0.185673,0.194301,direct+peer,0.0636,20,direct=0.44;peer=0.56;history=0.00 (leg not built),0.9987,
AXON,2026-08-07,2027-03-19,224,585.6757,0.976383,144,65,0.376,1.605,0.232958,0.306848,direct+peer,0.2545,20,direct=0.44;peer=0.56;history=0.00 (leg not built),0.9978,
AXON,2026-08-07,2027-06-17,314,590.9190,0.966854,110,55,0.355,1.591,0.307155,0.445159,direct+peer,0.3253,20,direct=0.44;peer=0.56;history=0.00 (leg not built),0.9969,
AXON,2026-08-07,2028-01-21,532,604.8321,0.943217,166,83,0.289,1.885,0.532230,,refused,,20,,0.9973,no leg survived: no arbitrage-free fit inside the 0.35 synthetic-share ceiling
AXON,2026-08-10,2027-01-15,158,606.4882,0.983317,178,70,0.363,1.946,0.163046,0.173243,direct+peer,0.0711,20,direct=0.44;peer=0.56;history=0.00 (leg not built),0.9981,
AXON,2026-08-10,2027-03-19,221,611.3654,0.976485,144,61,0.425,1.538,0.210597,0.282387,peer,0.2707,20,peer=1.00;history=0.00 (leg not built),0.9980,
AXON,2026-08-10,2027-06-17,311,616.6284,0.966911,110,54,0.357,1.524,0.284701,0.413188,direct,0.3190,20,direct=1.00;history=0.00 (leg not built),0.9994,
AXON,2026-08-10,2028-01-21,529,631.6102,0.942976,166,83,0.277,1.805,0.502996,,refused,,20,,0.9968,no leg survived: no arbitrage-free fit inside the 0.35 synthetic-share ceiling
AXON,2026-08-11,2027-01-15,157,648.1267,0.983468,178,69,0.432,1.913,0.165774,0.179300,peer,0.0791,20,peer=1.00;history=0.00 (leg not built),0.9979,
AXON,2026-08-11,2027-03-19,220,653.0831,0.976648,144,59,0.429,1.439,0.201368,0.303695,peer,0.3488,20,peer=1.00;history=0.00 (leg not built),0.9974,
AXON,2026-08-11,2027-06-17,310,659.2453,0.967096,110,50,0.394,1.426,0.264054,,refused,,20,,0.9969,no leg survived: no arbitrage-free fit inside the 0.35 synthetic-share ceiling
AXON,2026-08-11,2028-01-21,528,674.8292,0.943336,166,83,0.259,1.689,0.472149,0.713349,direct,0.3479,20,direct=1.00;history=0.00 (leg not built),0.9968,
AXON,2026-08-12,2027-01-15,156,610.9412,0.983578,178,70,0.360,2.062,0.178897,0.193397,peer,0.0710,20,peer=1.00;history=0.00 (leg not built),0.9984,
AXON,2026-08-12,2027-03-19,219,615.0971,0.976754,144,59,0.455,1.528,0.217474,0.300372,direct+peer,0.3242,20,direct=0.44;peer=0.56;history=0.00 (leg not built),0.9987,
AXON,2026-08-12,2027-06-17,309,621.1683,0.967203,110,51,0.402,1.513,0.282898,0.407292,direct,0.3199,20,direct=1.00;history=0.00 (leg not built),0.9953,
AXON,2026-08-12,2028-01-21,527,635.2440,0.943447,166,83,0.275,1.795,0.497256,0.720741,direct,0.3218,20,direct=1.00;history=0.00 (leg not built),0.9958,
AXP,2026-08-06,2027-01-15,162,347.6803,0.982886,102,32,0.575,1.553,0.035672,0.036092,direct+peer,0.0307,20,direct=0.44;peer=0.56;history=0.00 (leg not built),0.9982,
AXP,2026-08-06,2027-02-19,197,349.2493,0.979077,86,35,0.515,1.546,0.045350,0.046149,direct+peer,0.0362,20,direct=0.44;peer=0.56;history=0.00 (leg not built),0.9974,
AXP,2026-08-06,2027-03-19,225,350.2920,0.976077,86,34,0.428,1.542,0.052146,0.053662,direct+peer,0.0438,20,direct=0.44;peer=0.56;history=0.00 (leg not built),0.9983,
AXP,2026-08-06,2027-06-17,315,353.2026,0.966391,86,36,0.524,1.529,0.076299,0.079669,direct+peer,0.0757,20,direct=0.44;peer=0.56;history=0.00 (leg not built),0.9985,
AXP,2026-08-06,2027-12-17,498,358.7794,0.946290,88,44,0.418,1.561,0.120908,0.131624,direct+peer,0.1061,20,direct=0.44;peer=0.56;history=0.00 (leg not built),0.9968,
AXP,2026-08-06,2028-01-21,533,359.6021,0.942385,88,43,0.417,1.557,0.129238,0.139819,direct+peer,0.0938,20,direct=0.44;peer=0.56;history=0.00 (leg not built),0.9970,
AXP,2026-08-07,2027-01-15,161,345.3973,0.983121,102,33,0.579,1.563,0.035443,0.035799,direct+peer,0.0261,20,direct=0.44;peer=0.56;history=0.00 (leg not built),0.9971,
AXP,2026-08-07,2027-02-19,196,346.5844,0.979343,86,34,0.563,1.558,0.045486,0.045859,direct+peer,0.0274,20,direct=0.44;peer=0.56;history=0.00 (leg not built),0.9977,
AXP,2026-08-07,2027-03-19,224,347.5112,0.976383,86,33,0.576,1.554,0.053200,0.054002,direct+peer,0.0528,20,direct=0.44;peer=0.56;history=0.00 (leg not built),0.9978,
AXP,2026-08-07,2027-06-17,314,350.4292,0.966854,86,36,0.528,1.541,0.076333,0.079725,direct+peer,0.0679,20,direct=0.44;peer=0.56;history=0.00 (leg not built),0.9990,
AXP,2026-08-07,2027-12-17,497,355.6708,0.947065,88,44,0.422,1.574,0.121815,0.130541,direct+peer,0.0815,20,direct=0.44;peer=0.56;history=0.00 (leg not built),0.9950,
AXP,2026-08-07,2028-01-21,532,356.4483,0.943217,88,44,0.421,1.571,0.129073,0.138448,direct+peer,0.0809,20,direct=0.44;peer=0.56;history=0.00 (leg not built),0.9964,
AXP,2026-08-10,2027-01-15,158,342.9492,0.983317,102,30,0.612,1.458,0.034351,0.034523,direct+peer,0.0355,20,direct=0.44;peer=0.56;history=0.00 (leg not built),0.9966,
AXP,2026-08-10,2027-02-19,193,344.1758,0.979464,86,35,0.538,1.569,0.044173,0.045078,direct+peer,0.0355,20,direct=0.44;peer=0.56;history=0.00 (leg not built),0.9981,
AXP,2026-08-10,2027-03-19,221,345.0230,0.976485,86,34,0.565,1.565,0.051410,0.052936,direct+peer,0.0652,20,direct=0.44;peer=0.56;history=0.00 (leg not built),0.9978,
AXP,2026-08-10,2027-06-17,311,347.7299,0.966911,86,38,0.503,1.553,0.074628,0.076743,direct+peer,0.0578,20,direct=0.44;peer=0.56;history=0.00 (leg not built),0.9956,
AXP,2026-08-10,2027-12-17,494,353.3900,0.946894,88,44,0.424,1.585,0.120975,0.131956,direct+peer,0.1204,20,direct=0.44;peer=0.56;history=0.00 (leg not built),0.9968,
AXP,2026-08-10,2028-01-21,529,354.1677,0.942976,88,44,0.424,1.581,0.128900,0.137212,direct+peer,0.0786,20,direct=0.44;peer=0.56;history=0.00 (leg not built),0.9965,
AXP,2026-08-11,2027-01-15,157,345.2718,0.983468,102,31,0.608,1.506,0.033723,0.033798,direct+peer,0.0225,20,direct=0.44;peer=0.56;history=0.00 (leg not built),0.9976,
AXP,2026-08-11,2027-02-19,192,346.6365,0.979620,86,34,0.563,1.558,0.043411,0.043634,direct+peer,0.0258,20,direct=0.44;peer=0.56;history=0.00 (leg not built),0.9977,
AXP,2026-08-11,2027-03-19,220,347.6911,0.976648,86,36,0.431,1.553,0.049953,0.050878,direct+peer,0.0263,20,direct=0.44;peer=0.56;history=0.00 (leg not built),0.9974,
AXP,2026-08-11,2027-06-17,310,350.3154,0.967096,86,36,0.528,1.541,0.073844,0.075393,direct+peer,0.0580,20,direct=0.44;peer=0.56;history=0.00 (leg not built),0.9952,
AXP,2026-08-11,2027-12-17,493,355.5448,0.947215,88,39,0.436,1.575,0.119229,0.128309,direct+peer,0.0849,20,direct=0.44;peer=0.56;history=0.00 (leg not built),0.9962,
AXP,2026-08-11,2028-01-21,528,356.2421,0.943336,88,43,0.435,1.572,0.126746,0.135935,direct+peer,0.0851,20,direct=0.44;peer=0.56;history=0.00 (leg not built),0.9974,
AXP,2026-08-12,2027-01-15,156,348.3784,0.983578,102,31,0.603,1.493,0.033064,0.032883,direct+peer,0.0219,20,direct=0.44;peer=0.56;history=0.00 (leg not built),0.9975,
AXP,2026-08-12,2027-02-19,191,349.4794,0.979726,86,32,0.601,1.545,0.043459,0.043234,direct+peer,0.0239,20,direct=0.44;peer=0.56;history=0.00 (leg not built),0.9975,
AXP,2026-08-12,2027-03-19,219,350.3993,0.976754,86,33,0.557,1.541,0.049875,0.050030,direct+peer,0.0314,20,direct=0.44;peer=0.56;history=0.00 (leg not built),0.9986,
AXP,2026-08-12,2027-06-17,309,353.1689,0.967203,86,35,0.538,1.529,0.072949,0.074270,peer,0.0445,20,peer=1.00;history=0.00 (leg not built),0.9973,
AXP,2026-08-12,2027-12-17,492,358.2108,0.947326,88,42,0.447,1.563,0.117991,0.124776,direct+peer,0.0717,20,direct=0.44;peer=0.56;history=0.00 (leg not built),0.9931,
AXP,2026-08-12,2028-01-21,527,359.0037,0.943447,88,42,0.432,1.560,0.125780,0.133411,direct+peer,0.0767,20,direct=0.44;peer=0.56;history=0.00 (leg not built),0.9956,
AZO,2026-08-06,2027-01-15,162,3124.5986,0.982886,214,70,0.646,1.792,0.065688,0.064089,direct+peer,0.0408,20,direct=0.44;peer=0.56;history=0.00 (leg not built),0.9971,
AZO,2026-08-06,2027-03-19,225,3149.8984,0.976077,258,104,0.622,1.778,0.089761,0.090152,direct+peer,0.0856,20,direct=0.44;peer=0.56;history=0.00 (leg not built),0.9967,
AZO,2026-08-06,2027-06-17,315,3176.7750,0.966391,190,81,0.567,1.511,0.113354,0.132045,direct+peer,0.2173,20,direct=0.44;peer=0.56;history=0.00 (leg not built),0.9963,
AZO,2026-08-07,2027-01-15,161,3179.2837,0.983121,214,64,0.686,1.761,0.064187,0.060854,direct+peer,0.0648,20,direct=0.44;peer=0.56;history=0.00 (leg not built),0.9954,
AZO,2026-08-07,2027-03-19,224,3205.2031,0.976383,258,104,0.618,1.747,0.087060,0.085780,direct+peer,0.0750,20,direct=0.44;peer=0.56;history=0.00 (leg not built),0.9959,
AZO,2026-08-07,2027-06-17,314,3233.4515,0.966854,190,76,0.569,1.484,0.110392,0.124807,direct+peer,0.2180,20,direct=0.44;peer=0.56;history=0.00 (leg not built),0.9969,
AZO,2026-08-10,2027-01-15,158,3120.4241,0.983317,214,60,0.692,1.795,0.063885,0.064254,direct+peer,0.1597,20,direct=0.44;peer=0.56;history=0.00 (leg not built),0.9976,
AZO,2026-08-10,2027-03-19,221,3143.8903,0.976485,258,107,0.598,1.781,0.086108,0.086466,direct+peer,0.0755,20,direct=0.44;peer=0.56;history=0.00 (leg not built),0.9973,
AZO,2026-08-10,2027-06-17,311,3173.7871,0.966911,190,81,0.567,1.512,0.111111,0.118025,peer,0.1029,20,peer=1.00;history=0.00 (leg not built),0.9951,
AZO,2026-08-11,2027-01-15,157,3095.9102,0.983468,214,57,0.698,1.454,0.058850,0.058100,direct+peer,0.1101,20,direct=0.44;peer=0.56;history=0.00 (leg not built),0.9988,
AZO,2026-08-11,2027-03-19,220,3120.0212,0.976648,258,101,0.609,1.731,0.084039,0.083630,direct+peer,0.0780,20,direct=0.44;peer=0.56;history=0.00 (leg not built),0.9974,
AZO,2026-08-11,2027-06-17,310,3150.0000,0.967096,190,77,0.578,1.524,0.109692,0.115306,peer,0.0974,20,peer=1.00;history=0.00 (leg not built),0.9957,
AZO,2026-08-12,2027-01-15,156,3098.2886,0.983578,214,59,0.697,1.807,0.063568,0.060990,direct+peer,0.1231,20,direct=0.44;peer=0.56;history=0.00 (leg not built),0.9980,
AZO,2026-08-12,2027-03-19,219,3121.5925,0.976754,258,105,0.634,1.794,0.086176,0.084098,direct+peer,0.0805,20,direct=0.44;peer=0.56;history=0.00 (leg not built),0.9965,
AZO,2026-08-12,2027-06-17,309,3147.9552,0.967203,190,78,0.578,1.525,0.110413,0.114035,peer,0.0827,20,peer=1.00;history=0.00 (leg not built),0.9980,
BA,2026-08-06,2027-01-15,162,236.8386,0.982886,122,47,0.274,1.604,0.056215,0.057637,direct+peer,0.0313,20,direct=0.44;peer=0.56;history=0.00 (leg not built),0.9909,
BA,2026-08-06,2027-02-19,197,238.2564,0.979077,108,43,0.651,1.595,0.073506,0.072701,direct+peer,0.0617,20,direct=0.44;peer=0.56;history=0.00 (leg not built),0.9961,
BA,2026-08-06,2027-03-19,225,239.0121,0.976077,102,42,0.607,1.464,0.079698,0.084921,direct+peer,0.1048,20,direct=0.44;peer=0.56;history=0.00 (leg not built),0.9922,
BA,2026-08-06,2027-06-17,315,241.3304,0.966391,108,48,0.539,1.575,0.112516,0.123192,peer,0.1029,20,peer=1.00;history=0.00 (leg not built),0.9902,
BA,2026-08-06,2028-01-21,533,247.0692,0.942385,110,48,0.385,1.538,0.182679,0.218924,direct+peer,0.1820,20,direct=0.44;peer=0.56;history=0.00 (leg not built),0.9868,
BA,2026-08-07,2027-01-15,161,238.2817,0.983121,122,46,0.483,1.595,0.054314,0.055687,direct+peer,0.0357,20,direct=0.44;peer=0.56;history=0.00 (leg not built),0.9916,
BA,2026-08-07,2027-02-19,196,239.7228,0.979343,108,45,0.605,1.585,0.069722,0.070915,direct+peer,0.0586,20,direct=0.44;peer=0.56;history=0.00 (leg not built),0.9923,
BA,2026-08-07,2027-03-19,224,240.1317,0.976383,102,44,0.562,1.458,0.077283,0.082270,direct+peer,0.0952,20,direct=0.44;peer=0.56;history=0.00 (leg not built),0.9879,
BA,2026-08-07,2027-06-17,314,242.4010,0.966854,108,51,0.474,1.568,0.110439,0.119513,peer,0.0844,20,peer=1.00;history=0.00 (leg not built),0.9945,
BA,2026-08-07,2028-01-21,532,248.7202,0.943217,110,52,0.402,1.528,0.181207,0.219694,direct+peer,0.1849,20,direct=0.44;peer=0.56;history=0.00 (leg not built),0.9924,
BA,2026-08-10,2027-01-15,158,237.5061,0.983317,122,47,0.505,1.600,0.051217,0.052567,peer,0.0288,20,peer=1.00;history=0.00 (leg not built),0.9953,
BA,2026-08-10,2027-02-19,193,239.2270,0.979464,108,44,0.627,1.588,0.066095,0.066200,peer,0.0425,20,peer=1.00;history=0.00 (leg not built),0.9937,
BA,2026-08-10,2027-03-19,221,239.9159,0.976485,102,45,0.542,1.459,0.071842,0.075264,direct+peer,0.0617,20,direct=0.44;peer=0.56;history=0.00 (leg not built),0.9934,
BA,2026-08-10,2027-06-17,311,242.0204,0.966911,108,49,0.516,1.570,0.105493,0.113190,peer,0.0800,20,peer=1.00;history=0.00 (leg not built),0.9895,
BA,2026-08-10,2028-01-21,529,248.3070,0.942976,110,55,0.383,1.530,0.176569,0.210741,direct+peer,0.1758,20,direct=0.44;peer=0.56;history=0.00 (leg not built),0.9924,
BA,2026-08-11,2027-01-15,157,237.2655,0.983468,122,47,0.506,1.602,0.050557,0.051365,direct+peer,0.0218,20,direct=0.44;peer=0.56;history=0.00 (leg not built),0.9965,
BA,2026-08-11,2027-02-19,192,238.6985,0.979620,108,45,0.607,1.592,0.063560,0.064573,direct+peer,0.0492,20,direct=0.44;peer=0.56;history=0.00 (leg not built),0.9925,
BA,2026-08-11,2027-03-19,220,240.3511,0.976648,102,44,0.562,1.456,0.071253,0.074980,direct+peer,0.0760,20,direct=0.44;peer=0.56;history=0.00 (leg not built),0.9901,
BA,2026-08-11,2027-06-17,310,242.1050,0.967096,108,48,0.537,1.570,0.104722,0.111465,direct+peer,0.0869,20,direct=0.44;peer=0.56;history=0.00 (leg not built),0.9898,
BA,2026-08-11,2028-01-21,528,247.5707,0.943336,110,54,0.384,1.535,0.173559,0.207761,peer,0.1712,20,peer=1.00;history=0.00 (leg not built),0.9862,
BA,2026-08-12,2027-01-15,156,235.5519,0.983578,122,44,0.276,1.528,0.050423,0.051180,direct+peer,0.0277,20,direct=0.44;peer=0.56;history=0.00 (leg not built),0.9979,
BA,2026-08-12,2027-02-19,191,236.3123,0.979726,108,44,0.614,1.566,0.064488,0.066058,peer,0.0490,20,peer=1.00;history=0.00 (leg not built),0.9943,
BA,2026-08-12,2027-03-19,219,237.3328,0.976754,102,44,0.569,1.475,0.073103,0.075884,peer,0.0596,20,peer=1.00;history=0.00 (leg not built),0.9841,
BA,2026-08-12,2027-06-17,309,239.2541,0.967203,108,48,0.543,1.588,0.106067,0.109701,direct+peer,0.0660,20,direct=0.44;peer=0.56;history=0.00 (leg not built),0.9887,
BA,2026-08-12,2028-01-21,527,245.1363,0.943447,110,53,0.388,1.550,0.175509,0.206393,peer,0.1532,20,peer=1.00;history=0.00 (leg not built),0.9954,
BAC,2026-08-06,2027-01-15,162,63.4394,0.982886,68,30,0.363,1.340,0.029906,0.030063,direct+peer,0.0179,20,direct=0.44;peer=0.56;history=0.00 (leg not built),0.9994,
BAC,2026-08-06,2027-02-19,197,63.7001,0.979077,30,13,0.628,1.256,0.036841,0.036782,direct+peer,0.0694,20,direct=0.44;peer=0.56;history=0.00 (leg not built),0.9975,
BAC,2026-08-06,2027-03-19,225,63.5501,0.976077,46,20,0.472,1.338,0.042109,0.042818,direct+peer,0.0466,20,direct=0.44;peer=0.56;history=0.00 (leg not built),0.9905,
BAC,2026-08-06,2027-04-16,253,63.7839,0.973071,36,17,0.470,1.333,0.048045,0.049429,direct+peer,0.0467,20,direct=0.44;peer=0.56;history=0.00 (leg not built),0.9981,
BAC,2026-08-06,2027-06-17,315,64.1118,0.966391,50,24,0.312,1.404,0.060735,0.062162,direct+peer,0.0321,20,direct=0.44;peer=0.56;history=0.00 (leg not built),0.9963,
BAC,2026-08-06,2027-07-16,344,64.1695,0.963257,40,18,0.545,1.480,0.069426,0.069044,direct+peer,0.0512,20,direct=0.44;peer=0.56;history=0.00 (leg not built),0.9986,
BAC,2026-08-06,2027-12-17,498,64.8063,0.946290,50,23,0.463,1.466,0.098521,0.103549,direct+peer,0.0835,20,direct=0.44;peer=0.56;history=0.00 (leg not built),0.9973,
BAC,2026-08-06,2028-01-21,533,64.9381,0.942385,40,20,0.385,1.463,0.104775,0.109350,direct+peer,0.0648,20,direct=0.44;peer=0.56;history=0.00 (leg not built),0.9977,
BAC,2026-08-07,2027-01-15,161,63.6274,0.983121,68,28,0.361,1.336,0.029423,0.029420,direct+peer,0.0148,20,direct=0.44;peer=0.56;history=0.00 (leg not built),0.9985,
BAC,2026-08-07,2027-02-19,196,63.8070,0.979343,30,14,0.627,1.254,0.035542,0.035510,direct+peer,0.0663,20,direct=0.44;peer=0.56;history=0.00 (leg not built),0.9983,
BAC,2026-08-07,2027-03-19,224,63.7966,0.976383,46,20,0.517,1.332,0.040543,0.041153,direct+peer,0.0429,20,direct=0.44;peer=0.56;history=0.00 (leg not built),0.9977,
BAC,2026-08-07,2027-04-16,252,63.9128,0.973421,36,16,0.548,1.330,0.047073,0.047716,direct+peer,0.0556,20,direct=0.44;peer=0.56;history=0.00 (leg not built),0.9983,
BAC,2026-08-07,2027-06-17,314,64.2329,0.966854,50,23,0.311,1.401,0.059222,0.061035,direct+peer,0.0395,20,direct=0.44;peer=0.56;history=0.00 (leg not built),0.9989,
BAC,2026-08-07,2027-07-16,343,64.3602,0.963780,40,19,0.466,1.476,0.066918,0.067056,direct+peer,0.0380,20,direct=0.44;peer=0.56;history=0.00 (leg not built),0.9959,
BAC,2026-08-07,2027-12-17,497,64.8856,0.947065,50,24,0.385,1.464,0.098192,0.110785,direct+peer,0.2235,20,direct=0.44;peer=0.56;history=0.00 (leg not built),0.9981,
BAC,2026-08-07,2028-01-21,532,65.0265,0.943217,40,20,0.384,1.461,0.104417,0.109818,direct+peer,0.0717,20,direct=0.44;peer=0.56;history=0.00 (leg not built),0.9978,
BAC,2026-08-10,2027-01-15,158,64.3220,0.983317,68,29,0.311,1.321,0.028762,0.028851,direct+peer,0.0190,20,direct=0.44;peer=0.56;history=0.00 (leg not built),0.9983,
BAC,2026-08-10,2027-02-19,193,64.4914,0.979464,30,13,0.620,1.240,0.035195,0.035531,direct+peer,0.0867,20,direct=0.44;peer=0.56;history=0.00 (leg not built),0.9948,
BAC,2026-08-10,2027-03-19,221,64.5904,0.976485,46,18,0.588,1.316,0.040782,0.040755,direct+peer,0.0632,20,direct=0.44;peer=0.56;history=0.00 (leg not built),0.9989,
BAC,2026-08-10,2027-04-16,249,64.6833,0.973506,36,16,0.541,1.314,0.046000,0.046717,direct+peer,0.0583,20,direct=0.44;peer=0.56;history=0.00 (leg not built),0.9991,
BAC,2026-08-10,2027-06-17,311,64.9741,0.966911,50,23,0.308,1.385,0.058401,0.059989,direct+peer,0.0448,20,direct=0.44;peer=0.56;history=0.00 (leg not built),0.9978,
BAC,2026-08-10,2027-07-16,340,65.0865,0.963827,40,18,0.538,1.460,0.067270,0.067121,direct+peer,0.0517,20,direct=0.44;peer=0.56;history=0.00 (leg not built),0.9986,
BAC,2026-08-10,2027-12-17,494,65.6953,0.946894,50,24,0.426,1.446,0.095717,0.100059,direct+peer,0.0843,20,direct=0.44;peer=0.56;history=0.00 (leg not built),0.9969,
BAC,2026-08-10,2028-01-21,529,65.8395,0.942976,40,20,0.380,1.443,0.101962,0.108461,direct+peer,0.0801,20,direct=0.44;peer=0.56;history=0.00 (leg not built),0.9977,
BAC,2026-08-11,2027-01-15,157,64.4119,0.983468,68,30,0.311,1.320,0.028231,0.028356,direct+peer,0.0221,20,direct=0.44;peer=0.56;history=0.00 (leg not built),0.9993,
BAC,2026-08-11,2027-02-19,192,64.6682,0.979620,30,14,0.619,1.237,0.034189,0.034679,direct+peer,0.0767,20,direct=0.44;peer=0.56;history=0.00 (leg not built),0.9992,
BAC,2026-08-11,2027-03-19,220,64.6672,0.976648,46,19,0.510,1.314,0.039250,0.039697,direct+peer,0.0431,20,direct=0.44;peer=0.56;history=0.00 (leg not built),0.9989,
BAC,2026-08-11,2027-04-16,248,64.7860,0.973676,36,17,0.463,1.312,0.045112,0.046227,direct+peer,0.0479,20,direct=0.44;peer=0.56;history=0.00 (leg not built),0.9991,
BAC,2026-08-11,2027-06-17,310,65.0689,0.967096,50,23,0.307,1.383,0.058075,0.059957,direct+peer,0.0473,20,direct=0.44;peer=0.56;history=0.00 (leg not built),0.9995,
BAC,2026-08-11,2027-07-16,339,65.2075,0.964019,40,20,0.383,1.457,0.065116,0.065927,direct+peer,0.0348,20,direct=0.44;peer=0.56;history=0.00 (leg not built),0.9978,
BAC,2026-08-11,2027-12-17,493,65.8798,0.947215,50,25,0.379,1.442,0.094850,0.099515,direct+peer,0.0707,20,direct=0.44;peer=0.56;history=0.00 (leg not built),0.9982,
BAC,2026-08-11,2028-01-21,528,66.0777,0.943336,40,20,0.378,1.438,0.101114,0.108068,direct+peer,0.0832,20,direct=0.44;peer=0.56;history=0.00 (leg not built),0.9985,
BAC,2026-08-12,2027-01-15,156,65.3067,0.983578,68,28,0.306,1.302,0.027655,0.027597,direct+peer,0.0195,20,direct=0.44;peer=0.56;history=0.00 (leg not built),0.9994,
BAC,2026-08-12,2027-02-19,191,65.5692,0.979726,30,13,0.610,1.220,0.032786,0.033877,direct+peer,0.0885,20,direct=0.44;peer=0.56;history=0.00 (leg not built),0.9818,
BAC,2026-08-12,2027-03-19,219,65.5802,0.976754,46,19,0.381,1.296,0.037996,0.038926,direct+peer,0.0359,20,direct=0.44;peer=0.56;history=0.00 (leg not built),0.9986,
BAC,2026-08-12,2027-04-16,247,65.7360,0.973782,36,16,0.532,1.293,0.044583,0.045772,direct+peer,0.0642,20,direct=0.44;peer=0.56;history=0.00 (leg not built),0.9983,
BAC,2026-08-12,2027-06-17,309,65.9994,0.967203,50,22,0.303,1.364,0.056504,0.058495,direct+peer,0.0463,20,direct=0.44;peer=0.56;history=0.00 (leg not built),0.9986,
BAC,2026-08-12,2027-07-16,338,66.1582,0.964126,40,19,0.378,1.436,0.064015,0.065298,direct+peer,0.0334,20,direct=0.44;peer=0.56;history=0.00 (leg not built),0.9980,
BAC,2026-08-12,2027-12-17,492,66.7435,0.947326,50,25,0.375,1.423,0.093602,0.098544,direct+peer,0.0766,20,direct=0.44;peer=0.56;history=0.00 (leg not built),0.9966,
BAC,2026-08-12,2028-01-21,527,66.8464,0.943447,40,20,0.374,1.421,0.100819,0.107417,direct+peer,0.0761,20,direct=0.44;peer=0.56;history=0.00 (leg not built),0.9979,
BALL,2026-08-06,2027-01-15,162,64.2709,0.982886,54,12,0.778,1.245,0.042733,0.039200,peer,0.1568,20,peer=1.00;history=0.00 (leg not built),0.9951,
BALL,2026-08-06,2027-02-19,197,64.5574,0.979077,42,13,0.736,1.239,0.051557,0.050989,direct+peer,0.1891,20,direct=0.44;peer=0.56;history=0.00 (leg not built),0.9985,
BALL,2026-08-06,2027-03-19,225,64.5390,0.976077,50,15,0.697,1.317,0.057340,0.056989,direct+peer,0.1292,20,direct=0.44;peer=0.56;history=0.00 (leg not built),0.9957,
BALL,2026-08-06,2027-06-17,315,64.9310,0.966391,46,14,0.732,1.309,0.077328,0.078956,direct+peer,0.2348,20,direct=0.44;peer=0.56;history=0.00 (leg not built),0.9965,
BALL,2026-08-07,2027-01-15,161,64.1269,0.983121,54,10,0.819,1.170,0.042096,0.035761,peer,0.1970,20,peer=1.00;history=0.00 (leg not built),0.9983,
BALL,2026-08-07,2027-02-19,196,64.2597,0.979343,42,11,0.778,1.167,0.047988,0.046070,peer,0.2188,20,peer=1.00;history=0.00 (leg not built),0.9968,
BALL,2026-08-07,2027-03-19,224,64.3513,0.976383,50,11,0.777,1.165,0.053128,0.051745,direct+peer,0.2459,20,direct=0.44;peer=0.56;history=0.00 (leg not built),0.9975,
BALL,2026-08-07,2027-06-17,314,64.9138,0.966854,46,15,0.655,1.232,0.072178,0.075532,direct+peer,0.2179,20,direct=0.44;peer=0.56;history=0.00 (leg not built),0.9982,
BALL,2026-08-10,2027-01-15,158,63.1865,0.983317,54,10,0.831,1.187,0.044385,0.038957,direct+peer,0.2615,20,direct=0.44;peer=0.56;history=0.00 (leg not built),0.9969,
BALL,2026-08-10,2027-02-19,193,63.3253,0.979464,42,11,0.790,1.184,0.051938,0.049839,peer,0.2426,20,peer=1.00;history=0.00 (leg not built),0.9996,
BALL,2026-08-10,2027-03-19,221,63.3705,0.976485,50,11,0.789,1.184,0.058764,0.057085,direct+peer,0.2752,20,direct=0.44;peer=0.56;history=0.00 (leg not built),0.9997,
BALL,2026-08-10,2027-06-17,311,64.0003,0.966911,46,17,0.586,1.250,0.074486,0.082721,direct+peer,0.1846,20,direct=0.44;peer=0.56;history=0.00 (leg not built),0.9949,
BALL,2026-08-11,2027-01-15,157,63.2457,0.983468,54,9,0.870,1.186,0.055877,0.038703,peer,0.2578,20,peer=1.00;history=0.00 (leg not built),0.9983,
BALL,2026-08-11,2027-02-19,192,63.6389,0.979620,42,11,0.746,1.139,0.047308,0.050186,peer,0.2553,20,peer=1.00;history=0.00 (leg not built),0.9903,
BALL,2026-08-11,2027-03-19,220,63.5239,0.976648,50,12,0.748,1.259,0.061849,0.058871,direct+peer,0.2079,20,direct=0.44;peer=0.56;history=0.00 (leg not built),0.9949,
BALL,2026-08-11,2027-06-17,310,63.8626,0.967096,46,16,0.548,1.409,0.081606,0.083993,direct+peer,0.1013,20,direct=0.44;peer=0.56;history=0.00 (leg not built),0.9901,
BALL,2026-08-12,2027-01-15,156,63.0761,0.983578,54,13,0.713,1.229,0.037852,0.038303,direct+peer,0.1471,20,direct=0.44;peer=0.56;history=0.00 (leg not built),0.9925,
BALL,2026-08-12,2027-02-19,191,63.1890,0.979726,42,14,0.712,1.266,0.050439,0.048989,direct+peer,0.1327,20,direct=0.44;peer=0.56;history=0.00 (leg not built),0.9988,
BALL,2026-08-12,2027-03-19,219,63.1228,0.976754,50,12,0.753,1.188,0.058487,0.057586,peer,0.2198,20,peer=1.00;history=0.00 (leg not built),0.9985,
BALL,2026-08-12,2027-06-17,309,63.6545,0.967203,46,16,0.550,1.335,0.078129,0.081450,direct+peer,0.1156,20,direct=0.44;peer=0.56;history=0.00 (leg not built),0.9979,
BAX,2026-08-06,2027-01-15,162,27.3220,0.982886,44,12,0.275,2.196,0.110142,0.102983,direct+peer,0.0162,20,direct=0.44;peer=0.56;history=0.00 (leg not built),0.9707,
BAX,2026-08-06,2027-02-19,197,27.8915,0.979077,24,9,0.717,1.434,0.124645,0.125667,direct+peer,0.1964,20,direct=0.44;peer=0.56;history=0.00 (leg not built),0.9898,
BAX,2026-08-06,2027-03-19,225,27.7647,0.976077,30,9,0.720,1.441,0.139962,0.144967,direct+peer,0.2350,20,direct=0.44;peer=0.56;history=0.00 (leg not built),0.9976,
BAX,2026-08-06,2027-06-17,315,27.7846,0.966391,24,9,0.720,1.440,0.196622,0.195440,peer,0.2498,20,peer=1.00;history=0.00 (leg not built),0.9652,
BAX,2026-08-06,2028-01-21,533,28.4260,0.942385,32,12,0.440,1.407,0.253946,0.344850,direct+peer,0.3309,20,direct=0.44;peer=0.56;history=0.00 (leg not built),0.9407,
BAX,2026-08-07,2027-01-15,161,28.0340,0.983121,44,10,0.713,2.140,0.117293,0.095294,peer,0.0585,20,peer=1.00;history=0.00 (leg not built),0.9925,
BAX,2026-08-07,2027-02-19,196,28.4275,0.979343,24,8,0.704,1.319,0.115140,0.129100,peer,0.2566,20,peer=1.00;history=0.00 (leg not built),0.9749,
BAX,2026-08-07,2027-03-19,224,28.3706,0.976383,30,9,0.705,1.410,0.138619,0.145135,direct+peer,0.2389,20,direct=0.44;peer=0.56;history=0.00 (leg not built),0.9885,
BAX,2026-08-07,2027-06-17,314,28.3533,0.966854,24,8,0.794,1.411,0.217430,0.210948,direct,0.3113,20,direct=1.00;history=0.00 (leg not built),0.9814,
BAX,2026-08-07,2028-01-21,532,28.8868,0.943217,32,12,0.433,1.385,0.283014,,refused,,20,,0.9819,no leg survived: no arbitrage-free fit inside the 0.35 synthetic-share ceiling
BAX,2026-08-10,2027-01-15,158,28.2627,0.983317,44,10,0.708,2.123,0.105592,0.096685,peer,0.0836,20,peer=1.00;history=0.00 (leg not built),0.9790,
BAX,2026-08-10,2027-02-19,193,27.9679,0.979464,24,7,0.894,1.430,,,refused,,20,,0.9864,no leg survived: no arbitrage-free fit inside the 0.35 synthetic-share ceiling
BAX,2026-08-10,2027-03-19,221,28.0547,0.976485,30,5,0.713,1.069,,,refused,,0,,0.9823,only 5 invertible quotes
BAX,2026-08-10,2027-06-17,311,28.6118,0.966911,24,5,0.874,1.223,,,refused,,0,,0.9813,only 5 invertible quotes
BAX,2026-08-10,2028-01-21,529,28.8158,0.942976,32,10,0.434,1.215,0.219987,,refused,,20,,0.9524,no leg survived: no arbitrage-free fit inside the 0.35 synthetic-share ceiling
BAX,2026-08-11,2027-01-15,157,28.1779,0.983468,44,9,0.710,2.129,0.101490,0.089019,peer,0.0695,20,peer=1.00;history=0.00 (leg not built),0.9850,
BAX,2026-08-11,2027-02-19,192,28.2571,0.979620,24,8,0.708,1.327,0.104115,0.112806,direct+peer,0.2293,20,direct=0.44;peer=0.56;history=0.00 (leg not built),0.9864,
BAX,2026-08-11,2027-03-19,220,28.4130,0.976648,30,9,0.616,1.320,0.112801,0.126166,peer,0.2078,20,peer=1.00;history=0.00 (leg not built),0.9817,
BAX,2026-08-11,2027-06-17,310,28.6558,0.967096,24,8,0.698,1.309,0.155909,0.174044,peer,0.2956,20,peer=1.00;history=0.00 (leg not built),0.9652,
BAX,2026-08-11,2028-01-21,528,29.0106,0.943336,32,12,0.431,1.379,0.286472,,refused,,20,,0.9778,no leg survived: no arbitrage-free fit inside the 0.35 synthetic-share ceiling
BAX,2026-08-12,2027-01-15,156,27.6610,0.983578,44,13,0.633,2.169,0.098496,0.095206,direct+peer,0.1442,20,direct=0.44;peer=0.56;history=0.00 (leg not built),0.9483,
BAX,2026-08-12,2027-02-19,191,27.6191,0.979726,24,8,0.724,1.448,0.128538,0.130680,peer,0.2038,20,peer=1.00;history=0.00 (leg not built),0.9539,
BAX,2026-08-12,2027-03-19,219,27.6706,0.976754,30,9,0.723,1.446,0.139230,0.147728,peer,0.2349,20,peer=1.00;history=0.00 (leg not built),0.9800,
BAX,2026-08-12,2027-06-17,309,27.7240,0.967203,24,5,0.812,1.262,,,refused,,0,,0.9912,only 5 invertible quotes
BAX,2026-08-12,2028-01-21,527,28.8871,0.943447,32,11,0.433,1.298,0.243563,,refused,,20,,0.9939,no leg survived: no arbitrage-free fit inside the 0.35 synthetic-share ceiling
BBY,2026-08-06,2027-01-15,162,80.1831,0.982886,78,28,0.592,1.621,0.080230,0.078196,peer,0.0381,20,peer=1.00;history=0.00 (leg not built),0.9957,
BBY,2026-08-06,2027-03-19,225,80.5737,0.976077,72,31,0.434,1.675,0.108000,0.109401,peer,0.0369,20,peer=1.00;history=0.00 (leg not built),0.9916,
BBY,2026-08-06,2027-06-17,315,80.3518,0.966391,60,24,0.498,1.556,0.144264,0.153630,direct+peer,0.1147,20,direct=0.44;peer=0.56;history=0.00 (leg not built),0.9796,
BBY,2026-08-06,2028-01-21,533,80.4987,0.942385,72,35,0.404,1.677,0.223996,0.255676,direct+peer,0.1468,20,direct=0.44;peer=0.56;history=0.00 (leg not built),0.9904,
BBY,2026-08-07,2027-01-15,161,81.2715,0.983121,78,32,0.492,1.784,0.078318,0.078913,direct+peer,0.0352,20,direct=0.44;peer=0.56;history=0.00 (leg not built),0.9977,
BBY,2026-08-07,2027-03-19,224,81.3417,0.976383,72,32,0.492,1.660,0.107108,0.111710,peer,0.0550,20,peer=1.00;history=0.00 (leg not built),0.9757,
BBY,2026-08-07,2027-06-17,314,81.3239,0.966854,60,28,0.461,1.660,0.144893,0.156927,peer,0.0901,20,peer=1.00;history=0.00 (leg not built),0.9794,
BBY,2026-08-07,2028-01-21,532,81.3762,0.943217,72,35,0.369,1.659,0.222230,0.254212,direct+peer,0.1410,20,direct=0.44;peer=0.56;history=0.00 (leg not built),0.9983,
BBY,2026-08-10,2027-01-15,158,82.1237,0.983317,78,29,0.457,1.522,0.072501,0.075100,direct+peer,0.0518,20,direct=0.44;peer=0.56;history=0.00 (leg not built),0.9971,
BBY,2026-08-10,2027-03-19,221,82.5000,0.976485,72,33,0.424,1.636,0.101552,0.108543,direct+peer,0.1081,20,direct=0.44;peer=0.56;history=0.00 (leg not built),0.9940,
BBY,2026-08-10,2027-06-17,311,82.5103,0.966911,60,28,0.454,1.636,0.141375,0.148898,peer,0.0725,20,peer=1.00;history=0.00 (leg not built),0.9799,
BBY,2026-08-10,2028-01-21,529,82.8181,0.942976,72,34,0.392,1.630,0.225775,0.254135,peer,0.1438,20,peer=1.00;history=0.00 (leg not built),0.9882,
BBY,2026-08-11,2027-01-15,157,83.7608,0.983468,78,35,0.448,1.791,0.075472,0.076008,direct+peer,0.0330,20,direct=0.44;peer=0.56;history=0.00 (leg not built),0.9849,
BBY,2026-08-11,2027-03-19,220,83.9966,0.976648,72,31,0.506,1.607,0.102294,0.106564,direct+peer,0.0580,20,direct=0.44;peer=0.56;history=0.00 (leg not built),0.9886,
BBY,2026-08-11,2027-06-17,310,83.6558,0.967096,60,28,0.448,1.614,0.140458,0.152060,direct+peer,0.0948,20,direct=0.44;peer=0.56;history=0.00 (leg not built),0.9897,
BBY,2026-08-11,2028-01-21,528,84.4488,0.943336,72,34,0.355,1.539,0.212375,0.254211,direct+peer,0.1844,20,direct=0.44;peer=0.56;history=0.00 (leg not built),0.9970,
BBY,2026-08-12,2027-01-15,156,82.5915,0.983578,78,35,0.454,1.756,0.075464,0.075760,direct+peer,0.0344,20,direct=0.44;peer=0.56;history=0.00 (leg not built),0.9933,
BBY,2026-08-12,2027-03-19,219,83.0324,0.976754,72,32,0.422,1.626,0.101563,0.104739,direct+peer,0.0491,20,direct=0.44;peer=0.56;history=0.00 (leg not built),0.9973,
BBY,2026-08-12,2027-06-17,309,83.2444,0.967203,60,29,0.450,1.622,0.138766,0.148517,peer,0.0749,20,peer=1.00;history=0.00 (leg not built),0.9892,
BBY,2026-08-12,2028-01-21,527,82.6908,0.943447,72,35,0.393,1.633,0.223199,0.256089,direct+peer,0.1568,20,direct=0.44;peer=0.56;history=0.00 (leg not built),0.9777,
BDX,2026-08-06,2027-01-15,162,178.2195,0.982886,62,16,0.757,1.291,0.049974,0.044750,peer,0.1239,20,peer=1.00;history=0.00 (leg not built),0.9957,
BDX,2026-08-06,2027-03-19,225,178.9550,0.976077,66,18,0.726,1.341,0.064542,0.061779,peer,0.1355,20,peer=1.00;history=0.00 (leg not built),0.9975,
BDX,2026-08-06,2027-06-17,315,179.9069,0.966391,60,20,0.723,1.390,0.086984,0.089056,peer,0.1884,20,peer=1.00;history=0.00 (leg not built),0.9940,
BDX,2026-08-06,2028-01-21,533,182.4427,0.942385,66,24,0.603,1.480,0.135682,0.142537,peer,0.1320,20,peer=1.00;history=0.00 (leg not built),0.9964,
BDX,2026-08-07,2027-01-15,161,177.5995,0.983121,62,15,0.760,1.239,0.047978,0.043309,peer,0.1469,20,peer=1.00;history=0.00 (leg not built),0.9932,
BDX,2026-08-07,2027-03-19,224,178.3511,0.976383,66,18,0.729,1.346,0.064726,0.064120,direct+peer,0.2483,20,direct=0.44;peer=0.56;history=0.00 (leg not built),0.9964,
BDX,2026-08-07,2027-06-17,314,179.2760,0.966854,60,21,0.697,1.394,0.085343,0.083273,peer,0.1214,20,peer=1.00;history=0.00 (leg not built),0.9940,
BDX,2026-08-07,2028-01-21,532,181.9296,0.943217,66,24,0.550,1.484,0.127511,0.136285,direct+peer,0.1152,20,direct=0.44;peer=0.56;history=0.00 (leg not built),0.9954,
BDX,2026-08-10,2027-01-15,158,179.8983,0.983317,62,15,0.750,1.223,0.043981,0.043790,peer,0.1866,20,peer=1.00;history=0.00 (leg not built),0.9964,
BDX,2026-08-10,2027-03-19,221,180.9319,0.976485,66,16,0.774,1.271,0.062667,0.058741,direct+peer,0.2011,20,direct=0.44;peer=0.56;history=0.00 (leg not built),0.9975,
BDX,2026-08-10,2027-06-17,311,181.6754,0.966911,60,19,0.716,1.321,0.081297,0.084884,peer,0.1957,20,peer=1.00;history=0.00 (leg not built),0.9941,
BDX,2026-08-10,2028-01-21,529,184.8409,0.942976,66,23,0.676,1.461,0.135492,0.143321,direct+peer,0.2095,20,direct=0.44;peer=0.56;history=0.00 (leg not built),0.9920,
BDX,2026-08-11,2027-01-15,157,182.1150,0.983468,62,18,0.741,1.373,0.043190,0.041286,direct+peer,0.0967,20,direct=0.44;peer=0.56;history=0.00 (leg not built),0.9987,
BDX,2026-08-11,2027-03-19,220,182.7269,0.976648,66,16,0.766,1.259,0.057779,0.056129,direct+peer,0.1832,20,direct=0.44;peer=0.56;history=0.00 (leg not built),0.9958,
BDX,2026-08-11,2027-06-17,310,184.2658,0.967096,62,21,0.706,1.411,0.086154,0.083592,direct+peer,0.1484,20,direct=0.44;peer=0.56;history=0.00 (leg not built),0.9966,
BDX,2026-08-11,2028-01-21,528,186.8551,0.943336,66,24,0.642,1.445,0.132634,0.140351,direct+peer,0.1662,20,direct=0.44;peer=0.56;history=0.00 (leg not built),0.9977,
BDX,2026-08-12,2027-01-15,156,184.0951,0.983578,62,14,0.733,1.141,0.042261,0.041202,peer,0.2192,20,peer=1.00;history=0.00 (leg not built),0.9956,
BDX,2026-08-12,2027-03-19,219,184.8874,0.976754,66,16,0.757,1.244,0.058833,0.057741,direct+peer,0.2469,20,direct=0.44;peer=0.56;history=0.00 (leg not built),0.9971,
BDX,2026-08-12,2027-06-17,309,185.9409,0.967203,62,20,0.699,1.345,0.081168,0.081080,peer,0.1524,20,peer=1.00;history=0.00 (leg not built),0.9927,
BDX,2026-08-12,2028-01-21,527,188.7281,0.943447,66,23,0.662,1.431,0.130974,0.136301,direct+peer,0.1773,20,direct=0.44;peer=0.56;history=0.00 (leg not built),0.9967,
BEN,2026-08-06,2027-01-15,162,34.3559,0.982886,50,10,0.728,1.164,0.055134,0.053059,direct+peer,0.2036,20,direct=0.44;peer=0.56;history=0.00 (leg not built),0.9904,
BEN,2026-08-06,2028-01-21,533,34.1572,0.942385,26,5,0.790,1.171,,,refused,,0,,0.9824,only 5 invertible quotes
BEN,2026-08-07,2027-01-15,161,33.9808,0.983121,50,12,0.736,1.177,0.058381,0.058292,direct+peer,0.2504,20,direct=0.44;peer=0.56;history=0.00 (leg not built),0.9938,
BEN,2026-08-07,2028-01-21,532,33.7597,0.943217,26,6,0.385,1.185,,0.198441,direct+peer,0.3486,20,direct=0.44;peer=0.56;history=0.00 (leg not built),0.9949,
BEN,2026-08-10,2027-01-15,158,33.6045,0.983317,50,12,0.595,1.190,0.049103,0.053377,direct+peer,0.1553,20,direct=0.44;peer=0.56;history=0.00 (leg not built),0.9874,
BEN,2026-08-10,2028-01-21,529,33.3408,0.942976,26,5,0.810,1.200,,,refused,,0,,0.9677,only 5 invertible quotes
BEN,2026-08-11,2027-01-15,157,33.5298,0.983468,50,13,0.626,1.193,0.052514,0.056375,direct+peer,0.2389,20,direct=0.44;peer=0.56;history=0.00 (leg not built),0.9950,
BEN,2026-08-11,2028-01-21,528,33.3581,0.943336,26,5,0.809,1.199,,,refused,,0,,0.9925,only 5 invertible quotes
BEN,2026-08-12,2027-01-15,156,33.7541,0.983578,50,9,0.741,1.126,0.050864,0.054591,direct+peer,0.3114,20,direct=0.44;peer=0.56;history=0.00 (leg not built),0.9837,
BEN,2026-08-12,2028-01-21,527,33.6936,0.943447,26,4,0.801,1.039,,,refused,,0,,0.9805,only 4 invertible quotes
BF-B,2026-08-06,2027-01-15,162,28.6107,0.982886,22,7,0.699,1.223,,0.062194,peer,0.1860,20,peer=1.00;history=0.00 (leg not built),0.9944,
BF-B,2026-08-06,2027-03-19,225,28.8062,0.976077,22,7,0.781,1.302,,0.084130,direct+peer,0.2348,20,direct=0.44;peer=0.56;history=0.00 (leg not built),0.9916,
BF-B,2026-08-06,2028-01-21,533,28.5169,0.942385,22,8,0.701,1.403,0.212367,0.251079,direct+peer,0.3330,20,direct=0.44;peer=0.56;history=0.00 (leg not built),0.9921,
BF-B,2026-08-07,2027-01-15,161,28.4833,0.983121,22,7,0.702,1.229,,0.063640,peer,0.1780,20,peer=1.00;history=0.00 (leg not built),0.9917,
BF-B,2026-08-07,2027-03-19,224,28.4815,0.976383,22,6,0.790,1.229,,0.084201,direct+peer,0.3141,20,direct=0.44;peer=0.56;history=0.00 (leg not built),0.9952,
BF-B,2026-08-07,2028-01-21,532,28.4365,0.943217,22,9,0.703,1.407,0.197403,0.225822,peer,0.3112,20,peer=1.00;history=0.00 (leg not built),0.9817,
BF-B,2026-08-10,2027-01-15,158,28.4068,0.983317,22,6,0.792,1.232,,0.060055,direct+peer,0.2402,20,direct=0.44;peer=0.56;history=0.00 (leg not built),0.9845,
BF-B,2026-08-10,2027-03-19,221,28.5155,0.976485,22,5,0.789,1.140,,,refused,,0,,0.9800,only 5 invertible quotes
BF-B,2026-08-10,2028-01-21,529,28.4014,0.942976,22,8,0.704,1.408,0.207966,0.243995,direct+peer,0.3378,20,direct=0.44;peer=0.56;history=0.00 (leg not built),0.9713,
BF-B,2026-08-11,2027-01-15,157,27.9660,0.983468,22,6,0.715,1.162,,0.061932,peer,0.2463,20,peer=1.00;history=0.00 (leg not built),0.9976,
BF-B,2026-08-11,2027-03-19,220,27.8754,0.976648,22,6,0.717,1.166,,0.079556,direct+peer,0.3039,20,direct=0.44;peer=0.56;history=0.00 (leg not built),0.9930,
BF-B,2026-08-11,2028-01-21,528,28.2155,0.943336,22,7,0.709,1.418,,0.240496,peer,0.3161,20,peer=1.00;history=0.00 (leg not built),0.9771,
BF-B,2026-08-12,2027-01-15,156,27.8813,0.983578,22,6,0.717,1.166,,0.065720,peer,0.2648,20,peer=1.00;history=0.00 (leg not built),0.9829,
BF-B,2026-08-12,2027-03-19,219,27.8754,0.976754,22,7,0.717,1.345,,0.083289,direct+peer,0.1621,20,direct=0.44;peer=0.56;history=0.00 (leg not built),0.9923,
BF-B,2026-08-12,2028-01-21,527,27.8886,0.943447,22,7,0.717,1.434,,0.257328,peer,0.3238,20,peer=1.00;history=0.00 (leg not built),0.9946,
BG,2026-08-06,2027-01-15,162,109.1861,0.982886,80,16,0.756,1.328,0.052645,0.049188,direct+peer,0.1263,20,direct=0.44;peer=0.56;history=0.00 (leg not built),0.9978,
BG,2026-08-06,2028-01-21,533,111.3264,0.942385,80,27,0.584,1.617,0.166617,0.175952,peer,0.1277,20,peer=1.00;history=0.00 (leg not built),0.9939,
BG,2026-08-07,2027-01-15,161,108.6946,0.983121,80,16,0.759,1.380,0.054315,0.048833,direct+peer,0.1761,20,direct=0.44;peer=0.56;history=0.00 (leg not built),0.9978,
BG,2026-08-07,2028-01-21,532,111.0249,0.943217,80,27,0.676,1.621,0.166805,0.170631,peer,0.1420,20,peer=1.00;history=0.00 (leg not built),0.9878,
BG,2026-08-10,2027-01-15,158,112.7457,0.983317,80,16,0.710,1.286,0.048522,0.048347,direct+peer,0.1286,20,direct=0.44;peer=0.56;history=0.00 (leg not built),0.9908,
BG,2026-08-10,2028-01-21,529,114.9823,0.942976,80,24,0.348,1.522,0.159280,0.170469,peer,0.1092,20,peer=1.00;history=0.00 (leg not built),0.9939,
BG,2026-08-11,2027-01-15,157,111.9997,0.983468,80,17,0.737,1.384,0.056671,0.048134,peer,0.0877,20,peer=1.00;history=0.00 (leg not built),0.9940,
BG,2026-08-11,2028-01-21,528,114.1873,0.943336,80,28,0.350,1.533,0.156170,0.172423,peer,0.1126,20,peer=1.00;history=0.00 (leg not built),0.9938,
BG,2026-08-12,2027-01-15,156,112.0164,0.983578,80,15,0.803,1.384,0.052774,0.044160,direct+peer,0.1074,20,direct=0.44;peer=0.56;history=0.00 (leg not built),0.9947,
BG,2026-08-12,2028-01-21,527,113.9224,0.943447,80,26,0.351,1.448,0.151218,0.177735,peer,0.1657,20,peer=1.00;history=0.00 (leg not built),0.9943,
BIIB,2026-08-06,2027-01-15,162,210.3900,0.982886,82,19,0.713,1.331,0.064646,0.064876,peer,0.1182,20,peer=1.00;history=0.00 (leg not built),0.9997,
BIIB,2026-08-06,2027-03-19,225,211.8953,0.976077,70,25,0.566,1.416,0.090906,0.096023,direct+peer,0.0966,20,direct=0.44;peer=0.56;history=0.00 (leg not built),0.9979,
BIIB,2026-08-06,2027-06-17,315,214.4150,0.966391,72,28,0.583,1.492,0.125172,0.133608,direct+peer,0.1424,20,direct=0.44;peer=0.56;history=0.00 (leg not built),0.9979,
BIIB,2026-08-06,2028-01-21,533,219.1157,0.942385,78,30,0.525,1.460,0.188196,0.223744,direct+peer,0.2262,20,direct=0.44;peer=0.56;history=0.00 (leg not built),0.9968,
BIIB,2026-08-07,2027-01-15,161,211.7292,0.983121,82,18,0.708,1.322,0.067119,0.064309,peer,0.1219,20,peer=1.00;history=0.00 (leg not built),0.9985,
BIIB,2026-08-07,2027-03-19,224,213.4140,0.976383,70,25,0.562,1.499,0.096163,0.097749,peer,0.0597,20,peer=1.00;history=0.00 (leg not built),0.9984,
BIIB,2026-08-07,2027-06-17,314,215.5526,0.966854,72,26,0.626,1.485,0.127162,0.131361,peer,0.1220,20,peer=1.00;history=0.00 (leg not built),0.9979,
BIIB,2026-08-07,2028-01-21,532,220.5301,0.943217,78,30,0.521,1.451,0.184356,0.216791,direct+peer,0.2193,20,direct=0.44;peer=0.56;history=0.00 (leg not built),0.9993,
BIIB,2026-08-10,2027-01-15,158,211.0678,0.983317,82,18,0.711,1.279,0.062354,0.064388,direct+peer,0.1751,20,direct=0.44;peer=0.56;history=0.00 (leg not built),0.9972,
BIIB,2026-08-10,2027-03-19,221,212.5090,0.976485,70,24,0.565,1.459,0.091126,0.096318,direct+peer,0.1015,20,direct=0.44;peer=0.56;history=0.00 (leg not built),0.9984,
BIIB,2026-08-10,2027-06-17,311,214.7229,0.966911,72,27,0.605,1.490,0.124475,0.129313,direct+peer,0.1255,20,direct=0.44;peer=0.56;history=0.00 (leg not built),0.9972,
BIIB,2026-08-10,2028-01-21,529,219.7702,0.942976,78,30,0.523,1.456,0.183693,0.217670,direct+peer,0.2138,20,direct=0.44;peer=0.56;history=0.00 (leg not built),0.9974,
BIIB,2026-08-11,2027-01-15,157,208.2714,0.983468,82,19,0.720,1.440,0.068782,0.065349,direct+peer,0.1066,20,direct=0.44;peer=0.56;history=0.00 (leg not built),0.9980,
BIIB,2026-08-11,2027-03-19,220,209.5392,0.976648,70,25,0.573,1.432,0.090826,0.092830,peer,0.0784,20,peer=1.00;history=0.00 (leg not built),0.9991,
BIIB,2026-08-11,2027-06-17,310,211.8440,0.967096,72,26,0.614,1.463,0.122232,0.125193,direct+peer,0.1208,20,direct=0.44;peer=0.56;history=0.00 (leg not built),0.9970,
BIIB,2026-08-11,2028-01-21,528,217.1025,0.943336,78,29,0.553,1.474,0.185582,0.214705,direct+peer,0.2188,20,direct=0.44;peer=0.56;history=0.00 (leg not built),0.9972,
BIIB,2026-08-12,2027-01-15,156,212.4401,0.983578,82,23,0.659,1.412,0.059682,0.059443,direct+peer,0.0753,20,direct=0.44;peer=0.56;history=0.00 (leg not built),0.9963,
BIIB,2026-08-12,2027-03-19,219,214.1976,0.976754,70,23,0.560,1.401,0.084343,0.089454,peer,0.0971,20,peer=1.00;history=0.00 (leg not built),0.9972,
BIIB,2026-08-12,2027-06-17,309,216.4330,0.967203,72,26,0.578,1.479,0.118884,0.123209,direct+peer,0.1030,20,direct=0.44;peer=0.56;history=0.00 (leg not built),0.9983,
BIIB,2026-08-12,2028-01-21,527,222.1199,0.943447,78,29,0.540,1.441,0.184974,0.223366,peer,0.2197,20,peer=1.00;history=0.00 (leg not built),0.9970,
BKNG,2026-08-06,2027-01-15,162,210.4230,0.982886,288,86,0.570,1.502,0.064620,0.065759,direct+peer,0.0459,20,direct=0.44;peer=0.56;history=0.00 (leg not built),0.9825,
BKNG,2026-08-06,2027-03-19,225,212.1844,0.976077,256,81,0.566,1.282,0.081460,0.093470,direct+peer,0.1791,20,direct=0.44;peer=0.56;history=0.00 (leg not built),0.9871,
BKNG,2026-08-06,2027-06-17,315,213.6758,0.966391,288,69,0.599,1.610,0.132873,0.136860,direct+peer,0.1092,20,direct=0.44;peer=0.56;history=0.00 (leg not built),0.9626,
BKNG,2026-08-06,2027-09-17,407,215.9930,0.956369,292,62,0.764,1.593,0.199869,0.195363,direct+peer,0.2823,20,direct=0.44;peer=0.56;history=0.00 (leg not built),0.9629,
BKNG,2026-08-06,2027-12-17,498,217.8951,0.946290,600,185,0.676,1.579,0.212545,0.237397,direct+peer,0.2527,20,direct=0.44;peer=0.56;history=0.00 (leg not built),0.9723,
BKNG,2026-08-06,2028-01-21,533,218.5580,0.942385,506,152,0.641,1.519,0.211156,0.256237,direct+peer,0.2637,20,direct=0.44;peer=0.56;history=0.00 (leg not built),0.9684,
BKNG,2026-08-07,2027-01-15,161,217.4134,0.983121,288,81,0.626,1.453,0.062901,0.063057,direct+peer,0.0628,20,direct=0.44;peer=0.56;history=0.00 (leg not built),0.9828,
BKNG,2026-08-07,2027-03-19,224,218.7272,0.976383,256,74,0.617,1.262,0.081213,0.092283,direct+peer,0.2031,20,direct=0.44;peer=0.56;history=0.00 (leg not built),0.9906,
BKNG,2026-08-07,2027-06-17,314,219.8690,0.966854,288,66,0.600,1.565,0.127427,0.132260,direct+peer,0.1091,20,direct=0.44;peer=0.56;history=0.00 (leg not built),0.9787,
BKNG,2026-08-07,2027-09-17,406,221.8990,0.957002,292,63,0.730,1.352,0.161657,0.173516,peer,0.2922,20,peer=1.00;history=0.00 (leg not built),0.9846,
BKNG,2026-08-07,2027-12-17,497,223.6079,0.947065,600,187,0.581,1.521,0.198532,0.220371,peer,0.2042,20,peer=1.00;history=0.00 (leg not built),0.9663,
BKNG,2026-08-07,2028-01-21,532,225.2652,0.943217,506,158,0.341,1.474,0.203340,0.248361,direct+peer,0.2332,20,direct=0.44;peer=0.56;history=0.00 (leg not built),0.9837,
BKNG,2026-08-10,2027-01-15,158,215.5119,0.983317,288,84,0.626,1.485,0.059555,0.058898,direct+peer,0.0511,20,direct=0.44;peer=0.56;history=0.00 (leg not built),0.9877,
BKNG,2026-08-10,2027-03-19,221,216.8090,0.976485,256,77,0.646,1.273,0.078241,0.089533,direct+peer,0.2216,20,direct=0.44;peer=0.56;history=0.00 (leg not built),0.9862,
BKNG,2026-08-10,2027-06-17,311,220.0074,0.966911,288,69,0.582,1.564,0.118863,0.121616,direct+peer,0.0893,20,direct=0.44;peer=0.56;history=0.00 (leg not built),0.9702,
BKNG,2026-08-10,2027-09-17,403,220.0070,0.956992,292,68,0.691,1.364,0.156483,0.174220,peer,0.2798,20,peer=1.00;history=0.00 (leg not built),0.9770,
BKNG,2026-08-10,2027-12-17,494,221.7075,0.946894,600,205,0.631,1.552,0.207831,0.223301,peer,0.2077,20,peer=1.00;history=0.00 (leg not built),0.9584,
BKNG,2026-08-10,2028-01-21,529,223.3747,0.942976,506,167,0.519,1.486,0.194224,0.240736,direct+peer,0.2403,20,direct=0.44;peer=0.56;history=0.00 (leg not built),0.9681,
BKNG,2026-08-11,2027-01-15,157,216.5220,0.983468,288,62,0.647,1.386,0.057092,0.057100,direct+peer,0.0871,20,direct=0.44;peer=0.56;history=0.00 (leg not built),0.9847,
BKNG,2026-08-11,2027-03-19,220,217.8055,0.976648,256,71,0.643,1.249,0.075073,0.086840,direct+peer,0.2250,20,direct=0.44;peer=0.56;history=0.00 (leg not built),0.9921,
BKNG,2026-08-11,2027-06-17,310,220.3033,0.967096,288,56,0.635,1.561,0.120524,0.117601,direct+peer,0.1268,20,direct=0.44;peer=0.56;history=0.00 (leg not built),0.9633,
BKNG,2026-08-11,2027-09-17,402,220.5839,0.957224,292,63,0.725,1.559,0.185232,0.174445,peer,0.2149,20,peer=1.00;history=0.00 (leg not built),0.9753,
BKNG,2026-08-11,2027-12-17,493,221.7251,0.947215,600,194,0.523,1.362,0.165703,0.225214,direct+peer,0.3182,20,direct=0.44;peer=0.56;history=0.00 (leg not built),0.9534,
BKNG,2026-08-11,2028-01-21,528,223.2494,0.943336,506,154,0.659,1.487,0.212834,0.236214,peer,0.2739,20,peer=1.00;history=0.00 (leg not built),0.9742,
BKNG,2026-08-12,2027-01-15,156,215.3188,0.983578,288,60,0.697,1.300,0.056949,0.058588,direct+peer,0.1449,20,direct=0.44;peer=0.56;history=0.00 (leg not built),0.9838,
BKNG,2026-08-12,2027-03-19,219,216.5667,0.976754,256,75,0.646,1.256,0.073349,0.084049,direct+peer,0.2033,20,direct=0.44;peer=0.56;history=0.00 (leg not built),0.9878,
BKNG,2026-08-12,2027-06-17,309,217.5244,0.967203,288,67,0.588,1.581,0.124323,0.124610,direct+peer,0.1145,20,direct=0.44;peer=0.56;history=0.00 (leg not built),0.9808,
BKNG,2026-08-12,2027-09-17,401,218.9903,0.957333,292,62,0.621,1.370,0.146675,0.160116,peer,0.2265,20,peer=1.00;history=0.00 (leg not built),0.9781,
BKNG,2026-08-12,2027-12-17,492,221.6700,0.947326,600,187,0.635,1.534,0.181487,0.204702,direct+peer,0.2147,20,direct=0.44;peer=0.56;history=0.00 (leg not built),0.9471,
BKNG,2026-08-12,2028-01-21,527,222.1586,0.943447,506,159,0.346,1.494,0.186909,0.233079,direct+peer,0.2375,20,direct=0.44;peer=0.56;history=0.00 (leg not built),0.9692,
BKR,2026-08-06,2027-01-15,162,63.3382,0.982886,46,13,0.663,1.500,0.063282,0.066844,direct+peer,0.1517,20,direct=0.44;peer=0.56;history=0.00 (leg not built),0.9958,
BKR,2026-08-06,2027-03-19,225,63.6340,0.976077,30,13,0.629,1.571,0.090894,0.092405,direct+peer,0.1033,20,direct=0.44;peer=0.56;history=0.00 (leg not built),0.9986,
BKR,2026-08-06,2027-06-17,315,64.1204,0.966391,26,11,0.624,1.404,0.115365,0.128363,direct+peer,0.1860,20,direct=0.44;peer=0.56;history=0.00 (leg not built),0.9890,
BKR,2026-08-06,2028-01-21,533,65.0884,0.942385,42,17,0.538,1.536,0.193724,0.226967,peer,0.2004,20,peer=1.00;history=0.00 (leg not built),0.9782,
BKR,2026-08-07,2027-01-15,161,62.7792,0.983121,46,12,0.669,1.434,0.060024,0.060098,direct+peer,0.0808,20,direct=0.44;peer=0.56;history=0.00 (leg not built),0.9932,
BKR,2026-08-07,2027-03-19,224,62.9858,0.976383,30,12,0.635,1.508,0.088711,0.089693,direct+peer,0.0967,20,direct=0.44;peer=0.56;history=0.00 (leg not built),0.9948,
BKR,2026-08-07,2027-06-17,314,63.2762,0.966854,26,11,0.632,1.422,0.115211,0.129322,direct+peer,0.1916,20,direct=0.44;peer=0.56;history=0.00 (leg not built),0.9940,
BKR,2026-08-07,2028-01-21,532,64.0458,0.943217,42,13,0.546,1.405,0.173199,0.208315,direct+peer,0.2488,20,direct=0.44;peer=0.56;history=0.00 (leg not built),0.9804,
BKR,2026-08-10,2027-01-15,158,64.8305,0.983317,46,12,0.694,1.465,0.063745,0.060906,peer,0.0824,20,peer=1.00;history=0.00 (leg not built),0.9963,
BKR,2026-08-10,2027-03-19,221,64.9317,0.976485,30,13,0.616,1.540,0.088050,0.087193,peer,0.0801,20,peer=1.00;history=0.00 (leg not built),0.9955,
BKR,2026-08-10,2027-06-17,311,65.4482,0.966911,26,11,0.611,1.375,0.109978,0.124158,direct+peer,0.1784,20,direct=0.44;peer=0.56;history=0.00 (leg not built),0.9965,
BKR,2026-08-10,2028-01-21,529,66.4140,0.942976,42,16,0.497,1.506,0.188151,0.227405,direct+peer,0.2398,20,direct=0.44;peer=0.56;history=0.00 (leg not built),0.9805,
BKR,2026-08-11,2027-01-15,157,65.5762,0.983468,46,12,0.686,1.449,0.059935,0.057905,peer,0.0776,20,peer=1.00;history=0.00 (leg not built),0.9905,
BKR,2026-08-11,2027-03-19,220,65.4778,0.976648,30,12,0.687,1.527,0.087886,0.085468,direct+peer,0.0917,20,direct=0.44;peer=0.56;history=0.00 (leg not built),0.9990,
BKR,2026-08-11,2027-06-17,310,66.0685,0.967096,26,11,0.605,1.362,0.108524,0.124761,peer,0.1963,20,peer=1.00;history=0.00 (leg not built),0.9966,
BKR,2026-08-11,2028-01-21,528,67.6997,0.943336,42,16,0.517,1.477,0.178066,0.210911,direct+peer,0.1989,20,direct=0.44;peer=0.56;history=0.00 (leg not built),0.9830,
BKR,2026-08-12,2027-01-15,156,65.3220,0.983578,46,14,0.643,1.531,0.058704,0.057587,direct+peer,0.0417,20,direct=0.44;peer=0.56;history=0.00 (leg not built),0.9854,
BKR,2026-08-12,2027-03-19,219,65.8532,0.976754,30,13,0.607,1.519,0.081655,0.082050,direct+peer,0.0698,20,direct=0.44;peer=0.56;history=0.00 (leg not built),0.9951,
BKR,2026-08-12,2027-06-17,309,65.8099,0.967203,26,8,0.760,1.292,0.109247,0.113458,direct+peer,0.2602,20,direct=0.44;peer=0.56;history=0.00 (leg not built),0.9886,
BKR,2026-08-12,2028-01-21,527,66.8019,0.943447,42,17,0.524,1.497,0.185054,0.230253,direct+peer,0.2896,20,direct=0.44;peer=0.56;history=0.00 (leg not built),0.9789,
BLDR,2026-08-06,2027-01-15,162,74.0674,0.982886,86,23,0.473,2.025,0.162437,0.166897,direct+peer,0.0534,20,direct=0.44;peer=0.56;history=0.00 (leg not built),0.9989,
BLDR,2026-08-06,2027-02-19,197,74.2850,0.979077,40,19,0.538,1.750,0.192261,0.202173,peer,0.1051,20,peer=1.00;history=0.00 (leg not built),0.9931,
BLDR,2026-08-06,2027-03-19,225,74.5902,0.976077,52,26,0.469,2.145,0.226241,0.234520,direct+peer,0.0683,20,direct=0.44;peer=0.56;history=0.00 (leg not built),0.9935,
BLDR,2026-08-06,2027-06-17,315,75.0862,0.966391,40,20,0.466,1.731,0.279758,0.331514,direct+peer,0.1983,20,direct=0.44;peer=0.56;history=0.00 (leg not built),0.9963,
BLDR,2026-08-06,2028-01-21,533,76.5210,0.942385,66,32,0.523,2.548,0.522350,0.581740,direct+peer,0.1596,20,direct=0.44;peer=0.56;history=0.00 (leg not built),0.9978,
BLDR,2026-08-07,2027-01-15,161,76.4071,0.983121,86,25,0.524,2.094,0.163777,0.166472,direct+peer,0.0557,20,direct=0.44;peer=0.56;history=0.00 (leg not built),0.9976,
BLDR,2026-08-07,2027-02-19,196,76.3615,0.979343,40,20,0.458,1.702,0.182467,0.205486,peer,0.1288,20,peer=1.00;history=0.00 (leg not built),0.9919,
BLDR,2026-08-07,2027-03-19,224,77.0142,0.976383,52,26,0.454,2.078,0.219798,0.232016,direct+peer,0.0755,20,direct=0.44;peer=0.56;history=0.00 (leg not built),0.9956,
BLDR,2026-08-07,2027-06-17,314,77.2409,0.966854,40,20,0.453,1.683,0.270005,0.333841,peer,0.2190,20,peer=1.00;history=0.00 (leg not built),0.9851,
BLDR,2026-08-07,2028-01-21,532,79.1695,0.943217,66,33,0.442,2.463,0.512546,0.604872,peer,0.1763,20,peer=1.00;history=0.00 (leg not built),0.9989,
BLDR,2026-08-10,2027-01-15,158,73.5254,0.983317,86,25,0.476,2.380,0.158513,0.163064,direct+peer,0.0485,20,direct=0.44;peer=0.56;history=0.00 (leg not built),0.9926,
BLDR,2026-08-10,2027-02-19,193,74.2683,0.979464,40,19,0.471,1.750,0.184660,0.207273,peer,0.1219,20,peer=1.00;history=0.00 (leg not built),0.9911,
BLDR,2026-08-10,2027-03-19,221,73.8223,0.976485,52,26,0.474,2.167,0.218380,0.225429,peer,0.0498,20,peer=1.00;history=0.00 (leg not built),0.9933,
BLDR,2026-08-10,2027-06-17,311,75.1034,0.966911,40,20,0.466,1.731,0.270816,0.331243,direct+peer,0.2310,20,direct=0.44;peer=0.56;history=0.00 (leg not built),0.9920,
BLDR,2026-08-10,2028-01-21,529,76.0428,0.942976,66,31,0.460,2.433,0.488307,0.565233,direct+peer,0.1678,20,direct=0.44;peer=0.56;history=0.00 (leg not built),0.9768,
BLDR,2026-08-11,2027-01-15,157,76.1185,0.983468,86,21,0.460,1.971,0.152723,0.159551,direct+peer,0.0666,20,direct=0.44;peer=0.56;history=0.00 (leg not built),0.9909,
BLDR,2026-08-11,2027-02-19,192,76.3611,0.979620,40,18,0.458,1.702,0.172351,0.194158,peer,0.1327,20,peer=1.00;history=0.00 (leg not built),0.9966,
BLDR,2026-08-11,2027-03-19,220,76.5529,0.976648,52,23,0.457,2.025,0.213702,0.225947,peer,0.0704,20,peer=1.00;history=0.00 (leg not built),0.9949,
BLDR,2026-08-11,2027-06-17,310,77.6217,0.967096,40,20,0.451,1.675,0.254810,0.316354,direct+peer,0.2489,20,direct=0.44;peer=0.56;history=0.00 (leg not built),0.9949,
BLDR,2026-08-11,2028-01-21,528,79.8057,0.943336,66,29,0.564,2.318,0.472532,0.546467,direct+peer,0.1971,20,direct=0.44;peer=0.56;history=0.00 (leg not built),0.9918,
BLDR,2026-08-12,2027-01-15,156,73.2377,0.983578,86,22,0.478,1.980,0.161827,0.168207,direct+peer,0.0584,20,direct=0.44;peer=0.56;history=0.00 (leg not built),0.9963,
BLDR,2026-08-12,2027-02-19,191,73.9283,0.979726,40,15,0.473,1.556,0.161917,0.188239,peer,0.1668,20,peer=1.00;history=0.00 (leg not built),0.9951,
BLDR,2026-08-12,2027-03-19,219,74.1810,0.976754,52,25,0.472,2.157,0.220679,0.230800,direct+peer,0.0677,20,direct=0.44;peer=0.56;history=0.00 (leg not built),0.9908,
BLDR,2026-08-12,2027-06-17,309,74.5864,0.967203,40,20,0.469,1.743,0.277149,0.328559,direct+peer,0.1885,20,direct=0.44;peer=0.56;history=0.00 (leg not built),0.9926,
BLDR,2026-08-12,2028-01-21,527,76.8902,0.943447,66,33,0.455,2.536,0.501231,0.553280,peer,0.1327,20,peer=1.00;history=0.00 (leg not built),0.9837,
BLK,2026-08-06,2027-01-15,162,1139.4879,0.982886,202,81,0.579,1.527,0.040231,0.040416,direct+peer,0.0369,20,direct=0.44;peer=0.56;history=0.00 (leg not built),0.9980,
BLK,2026-08-06,2027-03-19,225,1143.7907,0.976077,158,72,0.525,1.486,0.054507,0.055478,direct+peer,0.0444,20,direct=0.44;peer=0.56;history=0.00 (leg not built),0.9978,
BLK,2026-08-06,2027-06-17,315,1150.4800,0.966391,156,74,0.487,1.478,0.075879,0.079447,direct+peer,0.0679,20,direct=0.44;peer=0.56;history=0.00 (leg not built),0.9972,
BLK,2026-08-06,2028-01-21,533,1167.7029,0.942385,188,94,0.411,1.507,0.129593,0.143210,direct+peer,0.1148,20,direct=0.44;peer=0.56;history=0.00 (leg not built),0.9963,
BLK,2026-08-07,2027-01-15,161,1146.5506,0.983121,202,79,0.576,1.518,0.039709,0.039523,direct+peer,0.0362,20,direct=0.44;peer=0.56;history=0.00 (leg not built),0.9982,
BLK,2026-08-07,2027-03-19,224,1150.8108,0.976383,158,71,0.539,1.477,0.053126,0.054298,direct+peer,0.0519,20,direct=0.44;peer=0.56;history=0.00 (leg not built),0.9968,
BLK,2026-08-07,2027-06-17,314,1158.2819,0.966854,156,73,0.501,1.468,0.075055,0.078479,direct+peer,0.0735,20,direct=0.44;peer=0.56;history=0.00 (leg not built),0.9971,
BLK,2026-08-07,2028-01-21,532,1175.2852,0.943217,188,94,0.408,1.498,0.128204,0.140379,direct+peer,0.1195,20,direct=0.44;peer=0.56;history=0.00 (leg not built),0.9964,
BLK,2026-08-10,2027-01-15,158,1139.8475,0.983317,202,82,0.561,1.544,0.038402,0.038901,direct+peer,0.0324,20,direct=0.44;peer=0.56;history=0.00 (leg not built),0.9980,
BLK,2026-08-10,2027-03-19,221,1144.1329,0.976485,158,75,0.472,1.486,0.052546,0.054049,direct+peer,0.0466,20,direct=0.44;peer=0.56;history=0.00 (leg not built),0.9984,
BLK,2026-08-10,2027-06-17,311,1151.2838,0.966911,156,76,0.426,1.477,0.073785,0.077667,direct+peer,0.0634,20,direct=0.44;peer=0.56;history=0.00 (leg not built),0.9969,
BLK,2026-08-10,2028-01-21,529,1167.9290,0.942976,188,94,0.411,1.507,0.128533,0.141332,direct+peer,0.1107,20,direct=0.44;peer=0.56;history=0.00 (leg not built),0.9959,
BLK,2026-08-11,2027-01-15,157,1155.9657,0.983468,202,74,0.606,1.523,0.037868,0.037698,direct+peer,0.0257,20,direct=0.44;peer=0.56;history=0.00 (leg not built),0.9981,
BLK,2026-08-11,2027-03-19,220,1160.4721,0.976648,158,71,0.517,1.465,0.051723,0.052305,direct+peer,0.0354,20,direct=0.44;peer=0.56;history=0.00 (leg not built),0.9966,
BLK,2026-08-11,2027-06-17,310,1167.2497,0.967096,156,72,0.514,1.456,0.073015,0.076073,direct+peer,0.0693,20,direct=0.44;peer=0.56;history=0.00 (leg not built),0.9973,
BLK,2026-08-11,2028-01-21,528,1185.2203,0.943336,188,94,0.405,1.485,0.125784,0.138609,direct+peer,0.1191,20,direct=0.44;peer=0.56;history=0.00 (leg not built),0.9959,
BLK,2026-08-12,2027-01-15,156,1171.1987,0.983578,202,77,0.623,1.486,0.035729,0.035246,direct+peer,0.0327,20,direct=0.44;peer=0.56;history=0.00 (leg not built),0.9988,
BLK,2026-08-12,2027-03-19,219,1175.4498,0.976754,158,70,0.527,1.446,0.049040,0.050306,direct+peer,0.0520,20,direct=0.44;peer=0.56;history=0.00 (leg not built),0.9978,
BLK,2026-08-12,2027-06-17,309,1182.9294,0.967203,156,72,0.507,1.437,0.070448,0.074366,direct+peer,0.0989,20,direct=0.44;peer=0.56;history=0.00 (leg not built),0.9968,
BLK,2026-08-12,2028-01-21,527,1199.9782,0.943447,188,94,0.400,1.467,0.123245,0.136984,direct+peer,0.1191,20,direct=0.44;peer=0.56;history=0.00 (leg not built),0.9967,
BMY,2026-08-06,2027-01-15,162,64.1776,0.982886,50,19,0.623,1.480,0.050956,0.060404,direct+peer,0.3322,20,direct=0.44;peer=0.56;history=0.00 (leg not built),0.9962,
BMY,2026-08-06,2027-03-19,225,64.4536,0.976077,38,14,0.698,1.319,0.072505,0.076392,peer,0.1608,20,peer=1.00;history=0.00 (leg not built),0.9924,
BMY,2026-08-06,2027-06-17,315,64.3791,0.966391,40,17,0.621,1.476,0.092111,0.097987,direct+peer,0.1428,20,direct=0.44;peer=0.56;history=0.00 (leg not built),0.9826,
BMY,2026-08-06,2027-12-17,498,64.7886,0.946290,40,16,0.617,1.389,0.124235,0.137375,direct+peer,0.1859,20,direct=0.44;peer=0.56;history=0.00 (leg not built),0.9830,
BMY,2026-08-06,2028-01-21,533,64.7436,0.942385,50,21,0.541,1.467,0.139243,0.148029,direct+peer,0.1316,20,direct=0.44;peer=0.56;history=0.00 (leg not built),0.9908,
BMY,2026-08-07,2027-01-15,161,65.0000,0.983121,50,19,0.538,1.462,0.048086,0.048536,peer,0.0296,20,peer=1.00;history=0.00 (leg not built),0.9913,
BMY,2026-08-07,2027-03-19,224,64.8037,0.976383,38,16,0.694,1.466,0.073043,0.071644,direct+peer,0.0715,20,direct=0.44;peer=0.56;history=0.00 (leg not built),0.9867,
BMY,2026-08-07,2027-06-17,314,64.9138,0.966854,40,19,0.462,1.463,0.086199,0.092762,direct+peer,0.0896,20,direct=0.44;peer=0.56;history=0.00 (leg not built),0.9930,
BMY,2026-08-07,2027-12-17,497,65.5983,0.947065,40,18,0.381,1.372,0.115131,0.131495,direct+peer,0.1362,20,direct=0.44;peer=0.56;history=0.00 (leg not built),0.9945,
BMY,2026-08-07,2028-01-21,532,65.3711,0.943217,50,24,0.428,1.453,0.130283,0.146659,direct+peer,0.1385,20,direct=0.44;peer=0.56;history=0.00 (leg not built),0.9962,
BMY,2026-08-10,2027-01-15,158,64.9153,0.983317,50,17,0.616,1.386,0.047593,0.050274,peer,0.0963,20,peer=1.00;history=0.00 (leg not built),0.9954,
BMY,2026-08-10,2027-03-19,221,65.1536,0.976485,38,17,0.614,1.458,0.068703,0.073848,peer,0.1034,20,peer=1.00;history=0.00 (leg not built),0.9950,
BMY,2026-08-10,2027-06-17,311,65.2241,0.966911,40,18,0.537,1.457,0.085407,0.094684,peer,0.1114,20,peer=1.00;history=0.00 (leg not built),0.9970,
BMY,2026-08-10,2027-12-17,494,65.3256,0.946894,40,18,0.383,1.378,0.116397,0.135011,direct+peer,0.1567,20,direct=0.44;peer=0.56;history=0.00 (leg not built),0.9942,
BMY,2026-08-10,2028-01-21,529,65.3181,0.942976,50,23,0.459,1.454,0.127788,0.147589,peer,0.1487,20,peer=1.00;history=0.00 (leg not built),0.9986,
BMY,2026-08-11,2027-01-15,157,63.9493,0.983468,50,16,0.625,1.251,0.043036,0.045217,direct+peer,0.1231,20,direct=0.44;peer=0.56;history=0.00 (leg not built),0.9836,
BMY,2026-08-11,2027-03-19,220,64.1553,0.976648,38,14,0.701,1.325,0.065184,0.065865,direct+peer,0.1367,20,direct=0.44;peer=0.56;history=0.00 (leg not built),0.9899,
BMY,2026-08-11,2027-06-17,310,64.1211,0.967096,40,15,0.546,1.326,0.076759,0.086275,direct+peer,0.1541,20,direct=0.44;peer=0.56;history=0.00 (leg not built),0.9761,
BMY,2026-08-11,2027-12-17,493,64.2610,0.947215,40,15,0.622,1.401,0.121651,0.131076,direct+peer,0.1541,20,direct=0.44;peer=0.56;history=0.00 (leg not built),0.9929,
BMY,2026-08-11,2028-01-21,528,64.2756,0.943336,50,18,0.436,1.400,0.123823,0.146281,direct+peer,0.1851,20,direct=0.44;peer=0.56;history=0.00 (leg not built),0.9878,
BMY,2026-08-12,2027-01-15,156,63.7207,0.983578,50,18,0.628,1.412,0.044630,0.052922,direct+peer,0.3243,20,direct=0.44;peer=0.56;history=0.00 (leg not built),0.9943,
BMY,2026-08-12,2027-03-19,219,64.2322,0.976754,38,17,0.623,1.479,0.066504,0.066000,peer,0.0435,20,peer=1.00;history=0.00 (leg not built),0.9946,
BMY,2026-08-12,2027-06-17,309,64.1470,0.967203,40,19,0.468,1.481,0.081249,0.086042,direct+peer,0.0740,20,direct=0.44;peer=0.56;history=0.00 (leg not built),0.9881,
BMY,2026-08-12,2027-12-17,492,63.9884,0.947326,40,19,0.469,1.485,0.121161,0.129345,direct+peer,0.0940,20,direct=0.44;peer=0.56;history=0.00 (leg not built),0.9871,
BMY,2026-08-12,2028-01-21,527,63.8782,0.943447,50,24,0.438,1.487,0.130870,0.147253,direct+peer,0.1340,20,direct=0.44;peer=0.56;history=0.00 (leg not built),0.9976,
BNY,2026-08-06,2027-01-15,162,160.7834,0.982886,92,20,0.653,1.368,0.039425,0.040971,direct+peer,0.1644,20,direct=0.44;peer=0.56;history=0.00 (leg not built),0.9925,
BNY,2026-08-06,2027-03-19,225,161.7109,0.976077,64,19,0.649,1.237,0.052008,0.054449,direct+peer,0.1401,20,direct=0.44;peer=0.56;history=0.00 (leg not built),0.9969,
BNY,2026-08-06,2027-06-17,315,162.7235,0.966391,58,19,0.707,1.291,0.083297,0.082925,direct+peer,0.1858,20,direct=0.44;peer=0.56;history=0.00 (leg not built),0.9944,
BNY,2026-08-06,2028-01-21,533,165.7746,0.942385,68,26,0.573,1.387,0.143685,0.158144,direct+peer,0.1938,20,direct=0.44;peer=0.56;history=0.00 (leg not built),0.9967,
BNY,2026-08-07,2027-01-15,161,160.0407,0.983121,92,20,0.656,1.312,0.037003,0.036425,direct+peer,0.0637,20,direct=0.44;peer=0.56;history=0.00 (leg not built),0.9922,
BNY,2026-08-07,2027-03-19,224,161.0037,0.976383,64,17,0.745,1.242,0.059008,0.058537,direct+peer,0.2576,20,direct=0.44;peer=0.56;history=0.00 (leg not built),0.9979,
BNY,2026-08-07,2027-06-17,314,162.4202,0.966854,58,20,0.646,1.231,0.075394,0.080372,direct+peer,0.1974,20,direct=0.44;peer=0.56;history=0.00 (leg not built),0.9958,
BNY,2026-08-07,2028-01-21,532,164.5017,0.943217,68,27,0.547,1.398,0.141368,0.161874,direct+peer,0.2443,20,direct=0.44;peer=0.56;history=0.00 (leg not built),0.9930,
BNY,2026-08-10,2027-01-15,158,161.5966,0.983317,92,20,0.650,1.300,0.034962,0.035194,direct+peer,0.0719,20,direct=0.44;peer=0.56;history=0.00 (leg not built),0.9964,
BNY,2026-08-10,2027-03-19,221,162.4783,0.976485,64,17,0.708,1.231,0.054144,0.052991,direct+peer,0.1841,20,direct=0.44;peer=0.56;history=0.00 (leg not built),0.9951,
BNY,2026-08-10,2027-06-17,311,163.3142,0.966911,58,21,0.612,1.225,0.073151,0.076623,peer,0.1630,20,peer=1.00;history=0.00 (leg not built),0.9898,
BNY,2026-08-10,2028-01-21,529,166.0923,0.942976,68,26,0.482,1.385,0.127386,0.141811,direct+peer,0.1341,20,direct=0.44;peer=0.56;history=0.00 (leg not built),0.9943,
BNY,2026-08-11,2027-01-15,157,162.6105,0.983468,92,18,0.569,1.291,0.035375,0.036005,peer,0.0543,20,peer=1.00;history=0.00 (leg not built),0.9973,
BNY,2026-08-11,2027-03-19,220,162.6143,0.976648,64,19,0.646,1.230,0.050594,0.052790,direct+peer,0.1389,20,direct=0.44;peer=0.56;history=0.00 (leg not built),0.9941,
BNY,2026-08-11,2027-06-17,310,164.0694,0.967096,58,22,0.609,1.280,0.074348,0.076020,direct+peer,0.1425,20,direct=0.44;peer=0.56;history=0.00 (leg not built),0.9958,
BNY,2026-08-11,2028-01-21,528,167.0106,0.943336,68,27,0.539,1.377,0.129266,0.139964,direct+peer,0.1506,20,direct=0.44;peer=0.56;history=0.00 (leg not built),0.9923,
BNY,2026-08-12,2027-01-15,156,164.9085,0.983578,92,20,0.606,1.334,0.034839,0.034254,peer,0.0421,20,peer=1.00;history=0.00 (leg not built),0.9954,
BNY,2026-08-12,2027-03-19,219,165.3890,0.976754,64,17,0.756,1.270,0.056901,0.050369,peer,0.1562,20,peer=1.00;history=0.00 (leg not built),0.9944,
BNY,2026-08-12,2027-06-17,309,166.7680,0.967203,58,21,0.600,1.259,0.068282,0.071925,direct+peer,0.1314,20,direct=0.44;peer=0.56;history=0.00 (leg not built),0.9942,
BNY,2026-08-12,2028-01-21,527,169.5548,0.943447,68,27,0.531,1.356,0.128392,0.143188,peer,0.1638,20,peer=1.00;history=0.00 (leg not built),0.9914,
BR,2026-08-06,2027-03-19,225,165.6045,0.976077,60,21,0.694,1.389,0.090544,0.093141,direct+peer,0.1746,20,direct=0.44;peer=0.56;history=0.00 (leg not built),0.9954,
BR,2026-08-07,2027-03-19,224,167.6341,0.976383,60,21,0.686,1.372,0.089631,0.091963,peer,0.1411,20,peer=1.00;history=0.00 (leg not built),0.9954,
BR,2026-08-10,2027-03-19,221,174.6518,0.976485,60,19,0.716,1.317,0.085476,0.085780,direct+peer,0.1992,20,direct=0.44;peer=0.56;history=0.00 (leg not built),0.9964,
BR,2026-08-11,2027-03-19,220,172.4369,0.976648,60,22,0.696,1.450,0.084870,0.094481,direct+peer,0.2312,20,direct=0.44;peer=0.56;history=0.00 (leg not built),0.9987,
BR,2026-08-12,2027-03-19,219,169.5598,0.976754,60,20,0.708,1.356,0.084520,0.084479,direct+peer,0.1328,20,direct=0.44;peer=0.56;history=0.00 (leg not built),0.9941,
BRK-B,2026-08-06,2027-01-15,162,533.9970,0.982886,106,39,0.449,1.405,0.014153,0.014087,direct+peer,0.0141,20,direct=0.44;peer=0.56;history=0.00 (leg not built),0.9945,
BRK-B,2026-08-06,2027-03-19,225,537.2202,0.976077,138,61,0.596,1.340,0.020384,0.019972,direct+peer,0.0206,20,direct=0.44;peer=0.56;history=0.00 (leg not built),0.9925,
BRK-B,2026-08-06,2027-06-17,315,543.1265,0.966391,100,45,0.460,1.362,0.029338,0.029221,direct+peer,0.0224,20,direct=0.44;peer=0.56;history=0.00 (leg not built),0.9920,
BRK-B,2026-08-06,2028-01-21,533,555.7554,0.942385,100,45,0.540,1.332,0.052482,0.054967,direct+peer,0.0817,20,direct=0.44;peer=0.56;history=0.00 (leg not built),0.9866,
BRK-B,2026-08-07,2027-01-15,161,529.2517,0.983121,106,36,0.567,1.417,0.014725,0.014261,direct+peer,0.0383,20,direct=0.44;peer=0.56;history=0.00 (leg not built),0.9941,
BRK-B,2026-08-07,2027-03-19,224,532.8168,0.976383,138,56,0.638,1.276,0.020576,0.020051,direct+peer,0.0324,20,direct=0.44;peer=0.56;history=0.00 (leg not built),0.9917,
BRK-B,2026-08-07,2027-06-17,314,538.3636,0.966854,100,40,0.464,1.375,0.029755,0.029508,direct+peer,0.0180,20,direct=0.44;peer=0.56;history=0.00 (leg not built),0.9908,
BRK-B,2026-08-07,2028-01-21,532,552.1507,0.943217,100,44,0.561,1.340,0.052906,0.054878,direct+peer,0.0898,20,direct=0.44;peer=0.56;history=0.00 (leg not built),0.9878,
BRK-B,2026-08-10,2027-01-15,158,538.0569,0.983317,106,38,0.558,1.394,0.013329,0.013159,direct+peer,0.0301,20,direct=0.44;peer=0.56;history=0.00 (leg not built),0.9943,
BRK-B,2026-08-10,2027-03-19,221,541.9543,0.976485,138,60,0.590,1.329,0.019602,0.019233,direct+peer,0.0364,20,direct=0.44;peer=0.56;history=0.00 (leg not built),0.9928,
BRK-B,2026-08-10,2027-06-17,311,547.1116,0.966911,100,43,0.457,1.353,0.028288,0.028100,direct+peer,0.0213,20,direct=0.44;peer=0.56;history=0.00 (leg not built),0.9928,
BRK-B,2026-08-10,2028-01-21,529,560.6211,0.942976,100,45,0.499,1.320,0.050409,0.052205,direct+peer,0.0605,20,direct=0.44;peer=0.56;history=0.00 (leg not built),0.9875,
BRK-B,2026-08-11,2027-01-15,157,525.2609,0.983468,106,37,0.571,1.428,0.013665,0.013388,direct+peer,0.0383,20,direct=0.44;peer=0.56;history=0.00 (leg not built),0.9944,
BRK-B,2026-08-11,2027-03-19,220,529.0853,0.976648,138,58,0.680,1.361,0.019965,0.019158,direct+peer,0.0564,20,direct=0.44;peer=0.56;history=0.00 (leg not built),0.9923,
BRK-B,2026-08-11,2027-06-17,310,534.3720,0.967096,100,43,0.468,1.385,0.028461,0.028477,direct+peer,0.0317,20,direct=0.44;peer=0.56;history=0.00 (leg not built),0.9911,
BRK-B,2026-08-11,2028-01-21,528,547.5088,0.943336,100,45,0.548,1.352,0.051021,0.052297,direct+peer,0.0545,20,direct=0.44;peer=0.56;history=0.00 (leg not built),0.9871,
BRK-B,2026-08-12,2027-01-15,156,518.5730,0.983578,106,36,0.579,1.446,0.013596,0.013367,direct+peer,0.0633,20,direct=0.44;peer=0.56;history=0.00 (leg not built),0.9929,
BRK-B,2026-08-12,2027-03-19,219,521.9627,0.976754,138,58,0.651,1.341,0.019815,0.018997,direct+peer,0.0532,20,direct=0.44;peer=0.56;history=0.00 (leg not built),0.9908,
BRK-B,2026-08-12,2027-06-17,309,527.3561,0.967203,100,46,0.474,1.403,0.028099,0.027994,direct+peer,0.0173,20,direct=0.44;peer=0.56;history=0.00 (leg not built),0.9917,
BRK-B,2026-08-12,2028-01-21,527,539.9546,0.943447,100,46,0.537,1.370,0.051402,0.052155,direct+peer,0.0420,20,direct=0.44;peer=0.56;history=0.00 (leg not built),0.9882,
BRO,2026-08-06,2027-03-19,225,72.4900,0.976077,30,7,0.828,1.242,,0.076034,direct,0.3138,20,direct=1.00;history=0.00 (leg not built),0.9938,
BRO,2026-08-07,2027-03-19,224,72.0228,0.976383,30,12,0.555,1.319,0.073843,0.079255,direct+peer,0.1465,20,direct=0.44;peer=0.56;history=0.00 (leg not built),0.9932,
BRO,2026-08-10,2027-03-19,221,72.2837,0.976485,30,6,0.830,1.176,,,refused,,20,,0.9917,no leg survived: no arbitrage-free fit inside the 0.35 synthetic-share ceiling
BRO,2026-08-11,2027-03-19,220,72.2833,0.976648,30,6,0.830,1.176,,,refused,,20,,0.9939,no leg survived: no arbitrage-free fit inside the 0.35 synthetic-share ceiling
BRO,2026-08-12,2027-03-19,219,71.8991,0.976754,30,7,0.765,1.182,,0.072825,peer,0.2645,20,peer=1.00;history=0.00 (leg not built),0.9919,
BSX,2026-08-06,2027-01-15,162,49.9791,0.982886,72,18,0.600,2.501,0.100095,0.094025,direct+peer,0.0393,20,direct=0.44;peer=0.56;history=0.00 (leg not built),0.9916,
BSX,2026-08-06,2027-02-19,197,50.3745,0.979077,22,9,0.596,1.390,0.100825,0.117511,direct+peer,0.2373,20,direct=0.44;peer=0.56;history=0.00 (leg not built),0.9837,
BSX,2026-08-06,2027-03-19,225,50.5976,0.976077,36,15,0.494,1.976,0.136712,0.137753,peer,0.0361,20,peer=1.00;history=0.00 (leg not built),0.9921,
BSX,2026-08-06,2027-06-17,315,50.2587,0.966391,62,18,0.448,1.990,0.187778,0.199665,direct+peer,0.0871,20,direct=0.44;peer=0.56;history=0.00 (leg not built),0.9879,
BSX,2026-08-06,2028-01-21,533,51.4502,0.942385,56,28,0.437,3.013,0.318437,0.320185,peer,0.0317,20,peer=1.00;history=0.00 (leg not built),0.9819,
BSX,2026-08-07,2027-01-15,161,50.5193,0.983121,72,18,0.594,1.781,0.091242,0.091023,direct+peer,0.0509,20,direct=0.44;peer=0.56;history=0.00 (leg not built),0.9913,
BSX,2026-08-07,2027-02-19,196,50.7148,0.979343,22,9,0.592,1.380,0.100591,0.118232,direct+peer,0.2533,20,direct=0.44;peer=0.56;history=0.00 (leg not built),0.9948,
BSX,2026-08-07,2027-03-19,224,50.3243,0.976383,36,13,0.596,1.888,0.133557,0.134567,direct+peer,0.0876,20,direct=0.44;peer=0.56;history=0.00 (leg not built),0.9813,
BSX,2026-08-07,2027-06-17,314,51.4135,0.966854,62,16,0.438,2.237,0.180110,0.183077,direct+peer,0.0447,20,direct=0.44;peer=0.56;history=0.00 (leg not built),0.9903,
BSX,2026-08-07,2028-01-21,532,52.2264,0.943217,56,26,0.479,2.872,0.316980,0.322858,direct+peer,0.0421,20,direct=0.44;peer=0.56;history=0.00 (leg not built),0.9986,
BSX,2026-08-10,2027-01-15,158,51.4089,0.983317,72,21,0.486,1.848,0.085809,0.087476,direct+peer,0.0237,20,direct=0.44;peer=0.56;history=0.00 (leg not built),0.9959,
BSX,2026-08-10,2027-02-19,193,51.5995,0.979464,22,9,0.581,1.357,0.092078,0.105815,direct+peer,0.1788,20,direct=0.44;peer=0.56;history=0.00 (leg not built),0.9950,
BSX,2026-08-10,2027-03-19,221,51.6897,0.976485,36,16,0.580,2.031,0.129887,0.135890,direct+peer,0.1185,20,direct=0.44;peer=0.56;history=0.00 (leg not built),0.9964,
BSX,2026-08-10,2027-06-17,311,52.2236,0.966911,62,18,0.479,2.106,0.177162,0.181711,direct+peer,0.0459,20,direct=0.44;peer=0.56;history=0.00 (leg not built),0.9895,
BSX,2026-08-10,2028-01-21,529,53.1795,0.942976,56,27,0.423,2.821,0.309993,0.325925,direct+peer,0.0680,20,direct=0.44;peer=0.56;history=0.00 (leg not built),0.9907,
BSX,2026-08-11,2027-01-15,157,52.1776,0.983468,72,20,0.575,1.917,0.083544,0.083589,direct+peer,0.0205,20,direct=0.44;peer=0.56;history=0.00 (leg not built),0.9862,
BSX,2026-08-11,2027-02-19,192,52.4414,0.979620,22,9,0.572,1.335,0.091962,0.106874,peer,0.1613,20,peer=1.00;history=0.00 (leg not built),0.9980,
BSX,2026-08-11,2027-03-19,220,52.3208,0.976648,36,13,0.478,1.625,0.118663,0.125466,peer,0.0616,20,peer=1.00;history=0.00 (leg not built),0.9876,
BSX,2026-08-11,2027-06-17,310,53.1388,0.967096,62,18,0.423,1.882,0.168837,0.178284,direct+peer,0.0686,20,direct=0.44;peer=0.56;history=0.00 (leg not built),0.9848,
BSX,2026-08-11,2028-01-21,528,54.4346,0.943336,56,28,0.413,2.847,0.305901,0.310175,peer,0.0309,20,peer=1.00;history=0.00 (leg not built),0.9906,
BSX,2026-08-12,2027-01-15,156,52.1455,0.983578,72,19,0.575,1.774,0.086161,0.087303,direct+peer,0.0396,20,direct=0.44;peer=0.56;history=0.00 (leg not built),0.9826,
BSX,2026-08-12,2027-02-19,191,52.3122,0.979726,22,9,0.573,1.338,0.091428,0.110992,peer,0.1991,20,peer=1.00;history=0.00 (leg not built),0.9844,
BSX,2026-08-12,2027-03-19,219,52.4742,0.976754,36,14,0.572,2.001,0.126323,0.125606,direct+peer,0.0351,20,direct=0.44;peer=0.56;history=0.00 (leg not built),0.9919,
BSX,2026-08-12,2027-06-17,309,53.0356,0.967203,62,19,0.424,2.074,0.177976,0.184318,direct+peer,0.0525,20,direct=0.44;peer=0.56;history=0.00 (leg not built),0.9900,
BSX,2026-08-12,2028-01-21,527,54.7173,0.943447,56,28,0.411,2.833,0.303066,0.308313,peer,0.0314,20,peer=1.00;history=0.00 (leg not built),0.9887,
BX,2026-08-06,2027-01-15,162,134.4574,0.982886,76,31,0.521,1.785,0.067501,0.068627,direct+peer,0.0419,20,direct=0.44;peer=0.56;history=0.00 (leg not built),0.9980,
BX,2026-08-06,2027-02-19,197,134.3872,0.979077,60,28,0.484,1.488,0.079668,0.084847,direct+peer,0.0950,20,direct=0.44;peer=0.56;history=0.00 (leg not built),0.9988,
BX,2026-08-06,2027-03-19,225,134.5219,0.976077,60,28,0.483,1.487,0.090243,0.097485,direct+peer,0.1107,20,direct=0.44;peer=0.56;history=0.00 (leg not built),0.9993,
BX,2026-08-06,2027-06-17,315,134.7068,0.966391,60,29,0.445,1.485,0.122633,0.137425,direct+peer,0.1444,20,direct=0.44;peer=0.56;history=0.00 (leg not built),0.9985,
BX,2026-08-06,2027-12-17,498,135.4403,0.946290,74,37,0.406,1.993,0.213914,0.223940,direct+peer,0.0789,20,direct=0.44;peer=0.56;history=0.00 (leg not built),0.9975,
BX,2026-08-06,2028-01-21,533,135.5836,0.942385,76,38,0.406,2.065,0.230992,0.240610,direct+peer,0.0725,20,direct=0.44;peer=0.56;history=0.00 (leg not built),0.9980,
BX,2026-08-07,2027-01-15,161,138.2030,0.983121,76,30,0.507,1.664,0.065312,0.065683,direct+peer,0.0259,20,direct=0.44;peer=0.56;history=0.00 (leg not built),0.9978,
BX,2026-08-07,2027-02-19,196,137.9578,0.979343,60,27,0.507,1.450,0.077789,0.081486,direct+peer,0.0735,20,direct=0.44;peer=0.56;history=0.00 (leg not built),0.9992,
BX,2026-08-07,2027-03-19,224,138.0967,0.976383,60,28,0.471,1.448,0.087358,0.093365,direct+peer,0.0910,20,direct=0.44;peer=0.56;history=0.00 (leg not built),0.9978,
BX,2026-08-07,2027-06-17,314,138.3021,0.966854,60,29,0.434,1.446,0.118446,0.131142,direct+peer,0.1232,20,direct=0.44;peer=0.56;history=0.00 (leg not built),0.9984,
BX,2026-08-07,2027-12-17,497,138.7945,0.947065,74,37,0.396,1.945,0.211239,0.223152,direct+peer,0.0833,20,direct=0.44;peer=0.56;history=0.00 (leg not built),0.9974,
BX,2026-08-07,2028-01-21,532,139.0988,0.943217,76,38,0.395,2.013,0.224809,0.235376,direct+peer,0.0650,20,direct=0.44;peer=0.56;history=0.00 (leg not built),0.9987,
BX,2026-08-10,2027-01-15,158,142.8288,0.983317,76,32,0.455,1.820,0.062842,0.063742,direct+peer,0.0262,20,direct=0.44;peer=0.56;history=0.00 (leg not built),0.9975,
BX,2026-08-10,2027-02-19,193,142.6926,0.979464,60,27,0.456,1.402,0.073037,0.078754,direct+peer,0.0968,20,direct=0.44;peer=0.56;history=0.00 (leg not built),0.9969,
BX,2026-08-10,2027-03-19,221,142.6907,0.976485,60,28,0.456,1.402,0.083831,0.091141,peer,0.0994,20,peer=1.00;history=0.00 (leg not built),0.9980,
BX,2026-08-10,2027-06-17,311,142.9988,0.966911,60,30,0.385,1.399,0.113006,0.133419,direct+peer,0.1856,20,direct=0.44;peer=0.56;history=0.00 (leg not built),0.9980,
BX,2026-08-10,2027-12-17,494,143.7274,0.946894,74,37,0.383,1.879,0.202180,0.212518,direct+peer,0.0661,20,direct=0.44;peer=0.56;history=0.00 (leg not built),0.9971,
BX,2026-08-10,2028-01-21,529,143.9130,0.942976,76,38,0.382,1.946,0.218461,0.227853,direct+peer,0.0664,20,direct=0.44;peer=0.56;history=0.00 (leg not built),0.9923,
BX,2026-08-11,2027-01-15,157,148.3884,0.983468,76,30,0.539,1.685,0.061460,0.061392,direct+peer,0.0271,20,direct=0.44;peer=0.56;history=0.00 (leg not built),0.9957,
BX,2026-08-11,2027-02-19,192,148.2544,0.979620,60,26,0.506,1.349,0.070832,0.076627,direct+peer,0.1025,20,direct=0.44;peer=0.56;history=0.00 (leg not built),0.9979,
BX,2026-08-11,2027-03-19,220,148.4283,0.976648,60,27,0.472,1.347,0.079567,0.088936,direct+peer,0.1265,20,direct=0.44;peer=0.56;history=0.00 (leg not built),0.9975,
BX,2026-08-11,2027-06-17,310,148.7488,0.967096,60,28,0.437,1.345,0.108498,0.128738,direct+peer,0.1799,20,direct=0.44;peer=0.56;history=0.00 (leg not built),0.9983,
BX,2026-08-11,2027-12-17,493,149.5091,0.947215,74,37,0.368,1.806,0.197543,0.213255,direct+peer,0.0924,20,direct=0.44;peer=0.56;history=0.00 (leg not built),0.9953,
BX,2026-08-11,2028-01-21,528,149.8092,0.943336,76,38,0.367,1.869,0.211913,0.228328,direct+peer,0.0905,20,direct=0.44;peer=0.56;history=0.00 (leg not built),0.9967,
BX,2026-08-12,2027-01-15,156,147.9412,0.983578,76,28,0.541,1.555,0.058946,0.059569,direct+peer,0.0340,20,direct=0.44;peer=0.56;history=0.00 (leg not built),0.9974,
BX,2026-08-12,2027-02-19,191,147.8616,0.979726,60,26,0.507,1.353,0.069195,0.075011,direct+peer,0.1030,20,direct=0.44;peer=0.56;history=0.00 (leg not built),0.9979,
BX,2026-08-12,2027-03-19,219,147.9473,0.976754,60,26,0.507,1.352,0.078353,0.086409,direct+peer,0.1124,20,direct=0.44;peer=0.56;history=0.00 (leg not built),0.9981,
BX,2026-08-12,2027-06-17,309,148.1079,0.967203,60,28,0.439,1.350,0.107375,0.123286,direct+peer,0.1478,20,direct=0.44;peer=0.56;history=0.00 (leg not built),0.9972,
BX,2026-08-12,2027-12-17,492,148.9022,0.947326,74,37,0.369,1.813,0.192685,0.205507,direct+peer,0.0739,20,direct=0.44;peer=0.56;history=0.00 (leg not built),0.9969,
BX,2026-08-12,2028-01-21,527,149.2527,0.943447,76,38,0.369,1.876,0.209936,0.221048,peer,0.0694,20,peer=1.00;history=0.00 (leg not built),0.9975,
BXP,2026-08-06,2027-01-15,162,69.3726,0.982886,70,11,0.829,1.261,0.055917,0.044103,direct+peer,0.1976,20,direct=0.44;peer=0.56;history=0.00 (leg not built),0.9983,
BXP,2026-08-07,2027-01-15,161,69.3897,0.983121,70,12,0.829,1.225,0.059243,0.044816,peer,0.2076,20,peer=1.00;history=0.00 (leg not built),0.9906,
BXP,2026-08-10,2027-01-15,158,68.3559,0.983317,70,12,0.731,1.134,0.040959,0.042617,peer,0.2625,20,peer=1.00;history=0.00 (leg not built),0.9973,
BXP,2026-08-11,2027-01-15,157,67.8559,0.983468,70,10,0.811,1.216,0.053718,0.042929,direct+peer,0.2217,20,direct=0.44;peer=0.56;history=0.00 (leg not built),0.9960,
BXP,2026-08-12,2027-01-15,156,67.9914,0.983578,70,11,0.809,1.213,0.056604,0.045306,direct+peer,0.2706,20,direct=0.44;peer=0.56;history=0.00 (leg not built),0.9971,
C,2026-08-06,2027-01-15,162,135.8055,0.982886,102,36,0.221,1.546,0.047062,0.048110,direct+peer,0.0277,20,direct=0.44;peer=0.56;history=0.00 (leg not built),0.9969,
C,2026-08-06,2027-03-19,225,136.4599,0.976077,64,30,0.476,1.612,0.066033,0.067058,direct+peer,0.0351,20,direct=0.44;peer=0.56;history=0.00 (leg not built),0.9993,
C,2026-08-06,2027-06-17,315,137.3541,0.966391,102,39,0.400,1.602,0.092785,0.096530,direct+peer,0.0544,20,direct=0.44;peer=0.56;history=0.00 (leg not built),0.9960,
C,2026-08-06,2027-09-17,407,138.4926,0.956369,56,28,0.469,1.444,0.113449,0.123860,direct+peer,0.1194,20,direct=0.44;peer=0.56;history=0.00 (leg not built),0.9968,
C,2026-08-06,2028-01-21,533,140.1061,0.942385,72,36,0.357,1.570,0.153760,0.169089,direct+peer,0.1122,20,direct=0.44;peer=0.56;history=0.00 (leg not built),0.9990,
C,2026-08-07,2027-01-15,161,136.6868,0.983121,102,35,0.219,1.610,0.046180,0.046392,direct+peer,0.0113,20,direct=0.44;peer=0.56;history=0.00 (leg not built),0.9986,
C,2026-08-07,2027-03-19,224,137.2532,0.976383,64,31,0.437,1.603,0.064002,0.065059,direct+peer,0.0266,20,direct=0.44;peer=0.56;history=0.00 (leg not built),0.9951,
C,2026-08-07,2027-06-17,314,137.9659,0.966854,102,42,0.381,1.595,0.089981,0.093581,direct+peer,0.0473,20,direct=0.44;peer=0.56;history=0.00 (leg not built),0.9983,
C,2026-08-07,2027-09-17,406,138.3804,0.957002,56,28,0.470,1.445,0.113024,0.122327,direct+peer,0.1054,20,direct=0.44;peer=0.56;history=0.00 (leg not built),0.9965,
C,2026-08-07,2028-01-21,532,139.8498,0.943217,72,34,0.429,1.573,0.156099,0.170787,direct+peer,0.1088,20,direct=0.44;peer=0.56;history=0.00 (leg not built),0.9982,
C,2026-08-10,2027-01-15,158,137.2289,0.983317,102,41,0.219,1.603,0.044951,0.045820,direct+peer,0.0161,20,direct=0.44;peer=0.56;history=0.00 (leg not built),0.9980,
C,2026-08-10,2027-03-19,221,137.6190,0.976485,64,30,0.400,1.599,0.063794,0.065546,direct+peer,0.0364,20,direct=0.44;peer=0.56;history=0.00 (leg not built),0.9992,
C,2026-08-10,2027-06-17,311,138.4573,0.966911,102,40,0.397,1.589,0.089240,0.092506,direct+peer,0.0509,20,direct=0.44;peer=0.56;history=0.00 (leg not built),0.9963,
C,2026-08-10,2027-09-17,403,139.4166,0.956992,56,28,0.466,1.435,0.111229,0.120828,direct+peer,0.1080,20,direct=0.44;peer=0.56;history=0.00 (leg not built),0.9964,
C,2026-08-10,2028-01-21,529,140.6716,0.942976,72,36,0.355,1.564,0.152107,0.166250,direct+peer,0.0997,20,direct=0.44;peer=0.56;history=0.00 (leg not built),0.9983,
C,2026-08-11,2027-01-15,157,137.5427,0.983468,102,34,0.218,1.454,0.043142,0.044186,direct+peer,0.0281,20,direct=0.44;peer=0.56;history=0.00 (leg not built),0.9982,
C,2026-08-11,2027-03-19,220,138.0375,0.976648,64,30,0.398,1.594,0.062717,0.063742,direct+peer,0.0293,20,direct=0.44;peer=0.56;history=0.00 (leg not built),0.9980,
C,2026-08-11,2027-06-17,310,138.6385,0.967096,102,41,0.379,1.587,0.088157,0.091960,direct+peer,0.0733,20,direct=0.44;peer=0.56;history=0.00 (leg not built),0.9960,
C,2026-08-11,2027-09-17,402,139.7214,0.957224,56,28,0.465,1.431,0.108858,0.118394,direct+peer,0.1135,20,direct=0.44;peer=0.56;history=0.00 (leg not built),0.9954,
C,2026-08-11,2028-01-21,528,141.2014,0.943336,72,36,0.354,1.558,0.149244,0.164479,direct+peer,0.1059,20,direct=0.44;peer=0.56;history=0.00 (leg not built),0.9956,
C,2026-08-12,2027-01-15,156,139.3561,0.983578,102,38,0.215,1.579,0.042396,0.042600,direct+peer,0.0099,20,direct=0.44;peer=0.56;history=0.00 (leg not built),0.9983,
C,2026-08-12,2027-03-19,219,139.8550,0.976754,64,30,0.393,1.573,0.061364,0.062081,direct+peer,0.0272,20,direct=0.44;peer=0.56;history=0.00 (leg not built),0.9982,
C,2026-08-12,2027-06-17,309,140.6807,0.967203,102,39,0.373,1.564,0.086111,0.088867,direct+peer,0.0461,20,direct=0.44;peer=0.56;history=0.00 (leg not built),0.9952,
C,2026-08-12,2027-09-17,401,141.8367,0.957333,56,28,0.458,1.410,0.106611,0.116048,direct+peer,0.1136,20,direct=0.44;peer=0.56;history=0.00 (leg not built),0.9982,
C,2026-08-12,2028-01-21,527,142.8960,0.943447,72,36,0.350,1.540,0.146991,0.160249,direct+peer,0.1066,20,direct=0.44;peer=0.56;history=0.00 (leg not built),0.9965,
CAH,2026-08-06,2027-01-15,162,240.5257,0.982886,90,18,0.644,1.330,0.049954,0.048723,peer,0.0834,20,peer=1.00;history=0.00 (leg not built),0.9984,
CAH,2026-08-06,2027-03-19,225,242.1173,0.976077,76,23,0.599,1.404,0.068029,0.069511,direct+peer,0.0791,20,direct=0.44;peer=0.56;history=0.00 (leg not built),0.9985,
CAH,2026-08-06,2027-06-17,315,244.7427,0.966391,68,23,0.654,1.389,0.092855,0.096114,direct+peer,0.1591,20,direct=0.44;peer=0.56;history=0.00 (leg not built),0.9974,
CAH,2026-08-06,2028-01-21,533,249.0980,0.942385,84,32,0.462,1.445,0.140210,0.159011,direct+peer,0.1570,20,direct=0.44;peer=0.56;history=0.00 (leg not built),0.9981,
CAH,2026-08-07,2027-01-15,161,240.4577,0.983121,90,18,0.728,1.331,0.052499,0.047341,peer,0.1024,20,peer=1.00;history=0.00 (leg not built),0.9988,
CAH,2026-08-07,2027-03-19,224,242.2532,0.976383,76,24,0.599,1.403,0.069410,0.067737,peer,0.0610,20,peer=1.00;history=0.00 (leg not built),0.9993,
CAH,2026-08-07,2027-06-17,314,244.2406,0.966854,68,27,0.594,1.474,0.092391,0.093078,peer,0.0757,20,peer=1.00;history=0.00 (leg not built),0.9957,
CAH,2026-08-07,2028-01-21,532,248.1446,0.943217,84,31,0.463,1.451,0.140640,0.154914,direct+peer,0.1336,20,direct=0.44;peer=0.56;history=0.00 (leg not built),0.9973,
CAH,2026-08-10,2027-01-15,158,240.2542,0.983317,90,16,0.749,1.290,0.051945,0.047893,peer,0.1581,20,peer=1.00;history=0.00 (leg not built),0.9974,
CAH,2026-08-10,2027-03-19,221,242.2359,0.976485,76,20,0.599,1.404,0.067624,0.066636,peer,0.0731,20,peer=1.00;history=0.00 (leg not built),0.9955,
CAH,2026-08-10,2027-06-17,311,244.1886,0.966911,68,22,0.676,1.392,0.092676,0.103877,direct+peer,0.3014,20,direct=0.44;peer=0.56;history=0.00 (leg not built),0.9983,
CAH,2026-08-10,2028-01-21,529,248.7628,0.942976,84,28,0.583,1.447,0.145577,0.153524,peer,0.1497,20,peer=1.00;history=0.00 (leg not built),0.9951,
CAH,2026-08-11,2027-01-15,157,243.8130,0.983468,90,17,0.738,1.312,0.045803,0.041043,peer,0.1000,20,peer=1.00;history=0.00 (leg not built),0.9987,
CAH,2026-08-11,2027-03-19,220,245.3241,0.976648,76,22,0.673,1.386,0.060890,0.062534,peer,0.1151,20,peer=1.00;history=0.00 (leg not built),0.9986,
CAH,2026-08-11,2027-06-17,310,247.3460,0.967096,68,25,0.627,1.415,0.084764,0.089767,peer,0.1258,20,peer=1.00;history=0.00 (leg not built),0.9993,
CAH,2026-08-11,2028-01-21,528,252.3852,0.943336,84,32,0.456,1.426,0.129837,0.144710,peer,0.1322,20,peer=1.00;history=0.00 (leg not built),0.9994,
CAH,2026-08-12,2027-01-15,156,238.1699,0.983578,90,17,0.651,1.218,0.039440,0.040255,direct+peer,0.1072,20,direct=0.44;peer=0.56;history=0.00 (leg not built),0.9994,
CAH,2026-08-12,2027-03-19,219,239.3004,0.976754,76,26,0.564,1.421,0.060241,0.060676,direct+peer,0.0527,20,direct=0.44;peer=0.56;history=0.00 (leg not built),0.9984,
CAH,2026-08-12,2027-06-17,309,241.7232,0.967203,68,28,0.558,1.489,0.084194,0.084924,peer,0.0664,20,peer=1.00;history=0.00 (leg not built),0.9992,
CAH,2026-08-12,2028-01-21,527,245.6719,0.943447,84,34,0.468,1.465,0.132535,0.145839,peer,0.1201,20,peer=1.00;history=0.00 (leg not built),0.9930,
CARR,2026-08-06,2027-01-15,162,64.8813,0.982886,64,18,0.694,1.349,0.066404,0.064786,peer,0.1175,20,peer=1.00;history=0.00 (leg not built),0.9975,
CARR,2026-08-06,2027-03-19,225,65.3757,0.976077,58,21,0.535,1.453,0.090235,0.095722,peer,0.0935,20,peer=1.00;history=0.00 (leg not built),0.9947,
CARR,2026-08-06,2027-06-17,315,65.9485,0.966391,58,19,0.682,1.516,0.133817,0.136001,direct+peer,0.1714,20,direct=0.44;peer=0.56;history=0.00 (leg not built),0.9848,
CARR,2026-08-06,2028-01-21,533,66.5450,0.942385,58,21,0.676,1.578,0.210455,0.223444,direct+peer,0.2253,20,direct=0.44;peer=0.56;history=0.00 (leg not built),0.9819,
CARR,2026-08-07,2027-01-15,161,64.4067,0.983121,64,19,0.699,1.397,0.068489,0.060609,peer,0.0747,20,peer=1.00;history=0.00 (leg not built),0.9805,
CARR,2026-08-07,2027-03-19,224,65.1024,0.976383,58,19,0.538,1.382,0.084215,0.091654,direct+peer,0.1543,20,direct=0.44;peer=0.56;history=0.00 (leg not built),0.9944,
CARR,2026-08-07,2027-06-17,314,65.4137,0.966854,58,20,0.650,1.452,0.125238,0.134441,direct+peer,0.1845,20,direct=0.44;peer=0.56;history=0.00 (leg not built),0.9916,
CARR,2026-08-07,2028-01-21,532,66.2631,0.943217,58,21,0.679,1.585,0.204260,0.225111,direct+peer,0.2501,20,direct=0.44;peer=0.56;history=0.00 (leg not built),0.9905,
CARR,2026-08-10,2027-01-15,158,64.3051,0.983317,64,15,0.700,1.400,0.066110,0.058753,peer,0.1063,20,peer=1.00;history=0.00 (leg not built),0.9788,
CARR,2026-08-10,2027-03-19,221,64.8635,0.976485,58,18,0.540,1.310,0.079229,0.091327,direct+peer,0.1660,20,direct=0.44;peer=0.56;history=0.00 (leg not built),0.9993,
CARR,2026-08-10,2027-06-17,311,65.2241,0.966911,58,20,0.537,1.380,0.123301,0.134435,peer,0.1614,20,peer=1.00;history=0.00 (leg not built),0.9923,
CARR,2026-08-10,2028-01-21,529,66.3433,0.942976,58,19,0.678,1.507,0.192043,0.213372,direct+peer,0.2661,20,direct=0.44;peer=0.56;history=0.00 (leg not built),0.9938,
CARR,2026-08-11,2027-01-15,157,64.3052,0.983468,64,18,0.700,1.361,0.062196,0.064034,direct+peer,0.2430,20,direct=0.44;peer=0.56;history=0.00 (leg not built),0.9943,
CARR,2026-08-11,2027-03-19,220,64.5563,0.976648,58,19,0.542,1.394,0.080048,0.089874,direct+peer,0.1633,20,direct=0.44;peer=0.56;history=0.00 (leg not built),0.9967,
CARR,2026-08-11,2027-06-17,310,65.0517,0.967096,58,20,0.653,1.460,0.121412,0.131743,direct+peer,0.2131,20,direct=0.44;peer=0.56;history=0.00 (leg not built),0.9942,
CARR,2026-08-11,2028-01-21,528,66.1484,0.943336,58,17,0.718,1.361,0.176280,0.202587,peer,0.3153,20,peer=1.00;history=0.00 (leg not built),0.9874,
CARR,2026-08-12,2027-01-15,156,63.7291,0.983578,64,17,0.706,1.412,0.064382,0.059909,peer,0.0974,20,peer=1.00;history=0.00 (leg not built),0.9855,
CARR,2026-08-12,2027-03-19,219,64.7099,0.976754,58,15,0.618,1.275,0.076023,0.086594,direct+peer,0.2194,20,direct=0.44;peer=0.56;history=0.00 (leg not built),0.9928,
CARR,2026-08-12,2027-06-17,309,64.7243,0.967203,58,18,0.695,1.391,0.123432,0.137330,direct+peer,0.2774,20,direct=0.44;peer=0.56;history=0.00 (leg not built),0.9982,
CARR,2026-08-12,2028-01-21,527,65.6183,0.943447,58,20,0.686,1.524,0.189873,0.206228,direct+peer,0.2471,20,direct=0.44;peer=0.56;history=0.00 (leg not built),0.9961,
CASY,2026-08-06,2027-02-19,197,850.0418,0.979077,118,50,0.706,1.529,0.081600,0.083276,direct+peer,0.1301,20,direct=0.44;peer=0.56;history=0.00 (leg not built),0.9978,
CASY,2026-08-07,2027-02-19,196,850.1439,0.979343,118,51,0.682,1.529,0.078335,0.076807,direct+peer,0.0586,20,direct=0.44;peer=0.56;history=0.00 (leg not built),0.9983,
CASY,2026-08-10,2027-02-19,193,870.6950,0.979464,118,51,0.689,1.516,0.076652,0.077997,direct+peer,0.1092,20,direct=0.44;peer=0.56;history=0.00 (leg not built),0.9970,
CASY,2026-08-11,2027-02-19,192,847.1603,0.979620,118,50,0.685,1.511,0.075764,0.074768,peer,0.0636,20,peer=1.00;history=0.00 (leg not built),0.9972,
CASY,2026-08-12,2027-02-19,191,855.8426,0.979726,118,51,0.678,1.519,0.074373,0.073741,direct+peer,0.0685,20,direct=0.44;peer=0.56;history=0.00 (leg not built),0.9974,
CAT,2026-08-06,2027-01-15,162,875.9853,0.982886,208,70,0.445,1.804,0.094136,0.097329,direct+peer,0.0328,20,direct=0.44;peer=0.56;history=0.00 (leg not built),0.9970,
CAT,2026-08-06,2027-02-19,197,878.1242,0.979077,158,76,0.490,1.799,0.118156,0.121174,direct+peer,0.0443,20,direct=0.44;peer=0.56;history=0.00 (leg not built),0.9966,
CAT,2026-08-06,2027-03-19,225,880.6137,0.976077,154,76,0.397,1.794,0.132493,0.139687,direct+peer,0.0587,20,direct=0.44;peer=0.56;history=0.00 (leg not built),0.9949,
CAT,2026-08-06,2027-06-17,315,888.5082,0.966391,202,76,0.225,1.778,0.183072,0.204556,direct+peer,0.1121,20,direct=0.44;peer=0.56;history=0.00 (leg not built),0.9943,
CAT,2026-08-06,2027-12-17,498,901.3800,0.946290,180,77,0.366,1.753,0.282046,0.359252,direct+peer,0.2463,20,direct=0.44;peer=0.56;history=0.00 (leg not built),0.9951,
CAT,2026-08-06,2028-01-21,533,904.7683,0.942385,182,86,0.254,1.746,0.296282,0.386703,direct+peer,0.2558,20,direct=0.44;peer=0.56;history=0.00 (leg not built),0.9931,
CAT,2026-08-07,2027-01-15,161,858.2470,0.983121,208,72,0.454,1.841,0.090798,0.092009,peer,0.0183,20,peer=1.00;history=0.00 (leg not built),0.9961,
CAT,2026-08-07,2027-02-19,196,860.5971,0.979343,158,78,0.476,1.836,0.113892,0.116453,direct+peer,0.0393,20,direct=0.44;peer=0.56;history=0.00 (leg not built),0.9972,
CAT,2026-08-07,2027-03-19,224,863.3483,0.976383,154,77,0.394,1.830,0.128792,0.133568,direct+peer,0.0494,20,direct=0.44;peer=0.56;history=0.00 (leg not built),0.9963,
CAT,2026-08-07,2027-06-17,314,870.6925,0.966854,202,80,0.230,1.815,0.180179,0.194232,direct+peer,0.0728,20,direct=0.44;peer=0.56;history=0.00 (leg not built),0.9960,
CAT,2026-08-07,2027-12-17,497,886.1489,0.947065,180,78,0.372,1.783,0.278237,0.331899,direct+peer,0.1757,20,direct=0.44;peer=0.56;history=0.00 (leg not built),0.9961,
CAT,2026-08-07,2028-01-21,532,887.7194,0.943217,182,90,0.259,1.780,0.294470,0.362152,direct+peer,0.1972,20,direct=0.44;peer=0.56;history=0.00 (leg not built),0.9964,
CAT,2026-08-10,2027-01-15,158,851.7843,0.983317,208,71,0.470,1.855,0.088089,0.089332,direct+peer,0.0226,20,direct=0.44;peer=0.56;history=0.00 (leg not built),0.9980,
CAT,2026-08-10,2027-02-19,193,854.4547,0.979464,158,77,0.468,1.849,0.110523,0.113165,direct+peer,0.0358,20,direct=0.44;peer=0.56;history=0.00 (leg not built),0.9965,
CAT,2026-08-10,2027-03-19,221,857.7065,0.976485,154,76,0.408,1.842,0.126008,0.130560,direct+peer,0.0409,20,direct=0.44;peer=0.56;history=0.00 (leg not built),0.9980,
CAT,2026-08-10,2027-06-17,311,865.3245,0.966911,202,76,0.381,1.826,0.175238,0.189935,peer,0.0771,20,peer=1.00;history=0.00 (leg not built),0.9939,
CAT,2026-08-10,2027-12-17,494,880.4199,0.946894,180,79,0.329,1.795,0.274556,0.328397,peer,0.1697,20,peer=1.00;history=0.00 (leg not built),0.9936,
CAT,2026-08-10,2028-01-21,529,883.7731,0.942976,182,90,0.260,1.788,0.291009,0.352991,direct+peer,0.1863,20,direct=0.44;peer=0.56;history=0.00 (leg not built),0.9948,
CAT,2026-08-11,2027-01-15,157,859.2778,0.983468,208,67,0.477,1.815,0.083420,0.086072,direct+peer,0.0337,20,direct=0.44;peer=0.56;history=0.00 (leg not built),0.9970,
CAT,2026-08-11,2027-02-19,192,861.3424,0.979620,158,73,0.476,1.811,0.106110,0.114432,direct+peer,0.1095,20,direct=0.44;peer=0.56;history=0.00 (leg not built),0.9973,
CAT,2026-08-11,2027-03-19,220,864.9489,0.976648,154,75,0.393,1.827,0.120759,0.125578,peer,0.0375,20,peer=1.00;history=0.00 (leg not built),0.9962,
CAT,2026-08-11,2027-06-17,310,873.4842,0.967096,202,76,0.355,1.809,0.170046,0.185306,direct+peer,0.0874,20,direct=0.44;peer=0.56;history=0.00 (leg not built),0.9949,
CAT,2026-08-11,2027-12-17,493,886.7388,0.947215,180,80,0.304,1.782,0.266065,0.349567,direct+peer,0.2810,20,direct=0.44;peer=0.56;history=0.00 (leg not built),0.9953,
CAT,2026-08-11,2028-01-21,528,889.6793,0.943336,182,86,0.259,1.776,0.281737,0.352071,peer,0.1965,20,peer=1.00;history=0.00 (leg not built),0.9955,
CAT,2026-08-12,2027-01-15,156,871.3487,0.983578,208,65,0.493,1.813,0.080734,0.083171,direct+peer,0.0358,20,direct=0.44;peer=0.56;history=0.00 (leg not built),0.9983,
CAT,2026-08-12,2027-02-19,191,874.1707,0.979726,158,64,0.526,1.670,0.102095,0.107492,peer,0.0674,20,peer=1.00;history=0.00 (leg not built),0.9965,
CAT,2026-08-12,2027-03-19,219,876.1942,0.976754,154,66,0.411,1.803,0.118413,0.123305,direct+peer,0.0448,20,direct=0.44;peer=0.56;history=0.00 (leg not built),0.9970,
CAT,2026-08-12,2027-06-17,309,884.7566,0.967203,202,81,0.226,1.786,0.167013,0.182012,direct+peer,0.0879,20,direct=0.44;peer=0.56;history=0.00 (leg not built),0.9939,
CAT,2026-08-12,2027-12-17,492,900.5690,0.947326,180,81,0.278,1.754,0.260364,0.319538,direct+peer,0.1982,20,direct=0.44;peer=0.56;history=0.00 (leg not built),0.9946,
CAT,2026-08-12,2028-01-21,527,903.7087,0.943447,182,83,0.255,1.748,0.275922,0.351481,peer,0.2080,20,peer=1.00;history=0.00 (leg not built),0.9966,
CB,2026-08-06,2027-01-15,162,358.0771,0.982886,86,15,0.810,1.201,0.029135,0.025739,peer,0.1646,20,peer=1.00;history=0.00 (leg not built),0.9988,
CB,2026-08-06,2027-02-19,197,359.5868,0.979077,92,33,0.765,1.224,0.033772,0.032705,peer,0.1506,20,peer=1.00;history=0.00 (leg not built),0.9952,
CB,2026-08-06,2027-03-19,225,360.1229,0.976077,74,19,0.750,1.250,0.039009,0.036345,direct+peer,0.1477,20,direct=0.44;peer=0.56;history=0.00 (leg not built),0.9964,
CB,2026-08-06,2027-06-17,315,363.0112,0.966391,82,23,0.689,1.295,0.052374,0.051772,direct+peer,0.1414,20,direct=0.44;peer=0.56;history=0.00 (leg not built),0.9967,
CB,2026-08-06,2028-01-21,533,369.7135,0.942385,92,34,0.527,1.461,0.090843,0.095359,direct+peer,0.1078,20,direct=0.44;peer=0.56;history=0.00 (leg not built),0.9937,
CB,2026-08-07,2027-01-15,161,354.5467,0.983121,86,18,0.762,1.241,0.026440,0.024362,peer,0.1022,20,peer=1.00;history=0.00 (leg not built),0.9959,
CB,2026-08-07,2027-02-19,196,356.1289,0.979343,92,35,0.744,1.236,0.032291,0.031306,peer,0.1188,20,peer=1.00;history=0.00 (leg not built),0.9959,
CB,2026-08-07,2027-03-19,224,356.5587,0.976383,74,19,0.757,1.262,0.038926,0.036084,peer,0.1219,20,peer=1.00;history=0.00 (leg not built),0.9976,
CB,2026-08-07,2027-06-17,314,359.7828,0.966854,82,23,0.695,1.306,0.052558,0.051307,peer,0.1023,20,peer=1.00;history=0.00 (leg not built),0.9973,
CB,2026-08-07,2028-01-21,532,365.8652,0.943217,92,32,0.533,1.421,0.089809,0.092768,direct+peer,0.0807,20,direct=0.44;peer=0.56;history=0.00 (leg not built),0.9955,
CB,2026-08-10,2027-01-15,158,351.4238,0.983317,86,19,0.740,1.252,0.023845,0.022922,direct+peer,0.0862,20,direct=0.44;peer=0.56;history=0.00 (leg not built),0.9976,
CB,2026-08-10,2027-02-19,193,352.9864,0.979464,92,32,0.779,1.218,0.031443,0.029290,direct+peer,0.1388,20,direct=0.44;peer=0.56;history=0.00 (leg not built),0.9968,
CB,2026-08-10,2027-03-19,221,353.7891,0.976485,74,18,0.763,1.244,0.037591,0.035320,peer,0.1387,20,peer=1.00;history=0.00 (leg not built),0.9971,
CB,2026-08-10,2027-06-17,311,356.4319,0.966911,82,23,0.673,1.291,0.049978,0.051961,direct+peer,0.1648,20,direct=0.44;peer=0.56;history=0.00 (leg not built),0.9962,
CB,2026-08-10,2028-01-21,529,363.1390,0.942976,92,32,0.551,1.432,0.089809,0.092865,direct+peer,0.0954,20,direct=0.44;peer=0.56;history=0.00 (leg not built),0.9947,
CB,2026-08-11,2027-01-15,157,352.3590,0.983468,86,18,0.766,1.249,0.024053,0.022814,direct+peer,0.0951,20,direct=0.44;peer=0.56;history=0.00 (leg not built),0.9961,
CB,2026-08-11,2027-02-19,192,353.3837,0.979620,92,32,0.778,1.217,0.031746,0.029460,peer,0.1245,20,peer=1.00;history=0.00 (leg not built),0.9966,
CB,2026-08-11,2027-03-19,220,354.2288,0.976648,74,17,0.762,1.214,0.036129,0.033550,direct+peer,0.1463,20,direct=0.44;peer=0.56;history=0.00 (leg not built),0.9987,
CB,2026-08-11,2027-06-17,310,357.1771,0.967096,82,22,0.700,1.288,0.049302,0.048528,direct+peer,0.1525,20,direct=0.44;peer=0.56;history=0.00 (leg not built),0.9900,
CB,2026-08-11,2028-01-21,528,363.8480,0.943336,92,32,0.550,1.429,0.087966,0.091291,direct+peer,0.0958,20,direct=0.44;peer=0.56;history=0.00 (leg not built),0.9939,
CB,2026-08-12,2027-01-15,156,347.6209,0.983578,86,18,0.805,1.295,0.025752,0.021996,direct+peer,0.0930,20,direct=0.44;peer=0.56;history=0.00 (leg not built),0.9971,
CB,2026-08-12,2027-02-19,191,348.8772,0.979726,92,28,0.803,1.190,0.030170,0.026458,direct+peer,0.1553,20,direct=0.44;peer=0.56;history=0.00 (leg not built),0.9967,
CB,2026-08-12,2027-03-19,219,349.5802,0.976754,74,16,0.772,1.201,0.034390,0.031795,direct+peer,0.1376,20,direct=0.44;peer=0.56;history=0.00 (leg not built),0.9971,
CB,2026-08-12,2027-06-17,309,352.6985,0.967203,82,20,0.709,1.248,0.049947,0.047893,direct+peer,0.1463,20,direct=0.44;peer=0.56;history=0.00 (leg not built),0.9941,
CB,2026-08-12,2028-01-21,527,358.8129,0.943447,92,30,0.585,1.393,0.088354,0.090556,direct+peer,0.1022,20,direct=0.44;peer=0.56;history=0.00 (leg not built),0.9941,
CBOE,2026-08-06,2027-01-15,162,291.7906,0.982886,104,33,0.565,1.679,0.066246,0.070142,direct+peer,0.1339,20,direct=0.44;peer=0.56;history=0.00 (leg not built),0.9993,
CBOE,2026-08-06,2027-03-19,225,293.4116,0.976077,94,37,0.613,1.840,0.096096,0.094419,peer,0.0456,20,peer=1.00;history=0.00 (leg not built),0.9980,
CBOE,2026-08-06,2027-06-17,315,295.5712,0.966391,96,41,0.507,1.692,0.125225,0.133475,direct+peer,0.1099,20,direct=0.44;peer=0.56;history=0.00 (leg not built),0.9979,
CBOE,2026-08-06,2028-01-21,533,302.1435,0.942385,98,46,0.430,1.787,0.207797,0.232133,peer,0.1229,20,peer=1.00;history=0.00 (leg not built),0.9976,
CBOE,2026-08-07,2027-01-15,161,289.1252,0.983121,104,28,0.605,1.591,0.062869,0.064748,direct+peer,0.1208,20,direct=0.44;peer=0.56;history=0.00 (leg not built),0.9979,
CBOE,2026-08-07,2027-03-19,224,290.9320,0.976383,94,31,0.619,1.615,0.088921,0.091806,direct+peer,0.1038,20,direct=0.44;peer=0.56;history=0.00 (leg not built),0.9992,
CBOE,2026-08-07,2027-06-17,314,293.2476,0.966854,96,37,0.597,1.773,0.125328,0.131763,direct+peer,0.1446,20,direct=0.44;peer=0.56;history=0.00 (leg not built),0.9971,
CBOE,2026-08-07,2028-01-21,532,299.0670,0.943217,98,44,0.485,1.806,0.204333,0.223076,direct+peer,0.1491,20,direct=0.44;peer=0.56;history=0.00 (leg not built),0.9972,
CBOE,2026-08-10,2027-01-15,158,289.5322,0.983317,104,30,0.604,1.589,0.061604,0.063375,direct+peer,0.1200,20,direct=0.44;peer=0.56;history=0.00 (leg not built),0.9959,
CBOE,2026-08-10,2027-03-19,221,291.0241,0.976485,94,33,0.619,1.718,0.088254,0.091078,direct+peer,0.1230,20,direct=0.44;peer=0.56;history=0.00 (leg not built),0.9981,
CBOE,2026-08-10,2027-06-17,311,293.4957,0.966911,96,37,0.545,1.704,0.119742,0.125966,direct+peer,0.0888,20,direct=0.44;peer=0.56;history=0.00 (leg not built),0.9957,
CBOE,2026-08-10,2028-01-21,529,298.5790,0.942976,98,45,0.469,1.809,0.200962,0.220007,direct+peer,0.1208,20,direct=0.44;peer=0.56;history=0.00 (leg not built),0.9946,
CBOE,2026-08-11,2027-01-15,157,285.5057,0.983468,104,30,0.543,1.611,0.058764,0.061299,direct+peer,0.1183,20,direct=0.44;peer=0.56;history=0.00 (leg not built),0.9985,
CBOE,2026-08-11,2027-03-19,220,287.2047,0.976648,94,30,0.627,1.567,0.083963,0.087887,direct+peer,0.1078,20,direct=0.44;peer=0.56;history=0.00 (leg not built),0.9980,
CBOE,2026-08-11,2027-06-17,310,289.4003,0.967096,96,40,0.536,1.728,0.119443,0.127473,direct+peer,0.1009,20,direct=0.44;peer=0.56;history=0.00 (leg not built),0.9976,
CBOE,2026-08-11,2028-01-21,528,295.0813,0.943336,98,44,0.491,1.830,0.202936,0.223339,direct+peer,0.1821,20,direct=0.44;peer=0.56;history=0.00 (leg not built),0.9938,
CBOE,2026-08-12,2027-01-15,156,293.8126,0.983578,104,26,0.647,1.566,0.059704,0.058066,direct+peer,0.0834,20,direct=0.44;peer=0.56;history=0.00 (leg not built),0.9980,
CBOE,2026-08-12,2027-03-19,219,295.2316,0.976754,94,30,0.610,1.524,0.081902,0.083083,direct+peer,0.1116,20,direct=0.44;peer=0.56;history=0.00 (leg not built),0.9960,
CBOE,2026-08-12,2027-06-17,309,297.3325,0.967203,96,39,0.521,1.682,0.115898,0.126460,direct+peer,0.1878,20,direct=0.44;peer=0.56;history=0.00 (leg not built),0.9984,
CBOE,2026-08-12,2028-01-21,527,303.6144,0.943447,98,44,0.478,1.779,0.195272,0.212661,peer,0.1076,20,peer=1.00;history=0.00 (leg not built),0.9969,
CBRE,2026-08-06,2027-01-15,162,149.8169,0.982886,68,22,0.667,1.402,0.062140,0.062395,direct+peer,0.0934,20,direct=0.44;peer=0.56;history=0.00 (leg not built),0.9968,
CBRE,2026-08-06,2027-03-19,225,150.8299,0.976077,56,21,0.696,1.392,0.088042,0.087336,peer,0.1312,20,peer=1.00;history=0.00 (leg not built),0.9972,
CBRE,2026-08-07,2027-01-15,161,151.7088,0.983121,68,20,0.659,1.384,0.061585,0.059184,peer,0.0743,20,peer=1.00;history=0.00 (leg not built),0.9955,
CBRE,2026-08-07,2027-03-19,224,152.2942,0.976383,56,21,0.689,1.379,0.082786,0.089347,direct+peer,0.2185,20,direct=0.44;peer=0.56;history=0.00 (leg not built),0.9967,
CBRE,2026-08-10,2027-01-15,158,146.8712,0.983317,68,20,0.681,1.328,0.056591,0.059466,direct+peer,0.1540,20,direct=0.44;peer=0.56;history=0.00 (leg not built),0.9879,
CBRE,2026-08-10,2027-03-19,221,148.1771,0.976485,56,23,0.607,1.417,0.080620,0.085228,peer,0.1244,20,peer=1.00;history=0.00 (leg not built),0.9958,
CBRE,2026-08-11,2027-01-15,157,149.8576,0.983468,68,23,0.634,1.468,0.058385,0.058488,peer,0.0559,20,peer=1.00;history=0.00 (leg not built),0.9942,
CBRE,2026-08-11,2027-03-19,220,151.2594,0.976648,56,22,0.628,1.388,0.080113,0.084172,direct+peer,0.1232,20,direct=0.44;peer=0.56;history=0.00 (leg not built),0.9921,
CBRE,2026-08-12,2027-01-15,156,150.0508,0.983578,68,20,0.633,1.333,0.055536,0.057265,peer,0.0820,20,peer=1.00;history=0.00 (leg not built),0.9945,
CBRE,2026-08-12,2027-03-19,219,151.0750,0.976754,56,20,0.728,1.390,0.080372,0.081511,direct+peer,0.1820,20,direct=0.44;peer=0.56;history=0.00 (leg not built),0.9962,
CCI,2026-08-06,2027-01-15,162,74.4506,0.982886,74,19,0.638,1.343,0.053861,0.055620,direct+peer,0.0991,20,direct=0.44;peer=0.56;history=0.00 (leg not built),0.9898,
CCI,2026-08-06,2027-03-19,225,74.1292,0.976077,58,20,0.674,1.484,0.086951,0.078829,peer,0.0847,20,peer=1.00;history=0.00 (leg not built),0.9887,
CCI,2026-08-06,2027-06-17,315,73.7521,0.966391,52,20,0.644,1.559,0.117389,0.110523,peer,0.1042,20,peer=1.00;history=0.00 (leg not built),0.9873,
CCI,2026-08-06,2028-01-21,533,73.5505,0.942385,62,24,0.612,1.700,0.186789,0.197078,peer,0.1543,20,peer=1.00;history=0.00 (leg not built),0.9877,
CCI,2026-08-07,2027-01-15,161,74.6948,0.983121,74,18,0.636,1.339,0.052380,0.052144,peer,0.0645,20,peer=1.00;history=0.00 (leg not built),0.9875,
CCI,2026-08-07,2027-03-19,224,74.6723,0.976383,58,22,0.603,1.473,0.075745,0.075658,direct+peer,0.0794,20,direct=0.44;peer=0.56;history=0.00 (leg not built),0.9921,
CCI,2026-08-07,2027-06-17,314,74.5346,0.966854,52,20,0.503,1.543,0.103467,0.105075,peer,0.0555,20,peer=1.00;history=0.00 (leg not built),0.9889,
CCI,2026-08-07,2028-01-21,532,74.0246,0.943217,62,27,0.507,1.824,0.181738,0.185549,peer,0.0639,20,peer=1.00;history=0.00 (leg not built),0.9888,
CCI,2026-08-10,2027-01-15,158,73.3695,0.983317,74,20,0.613,1.363,0.051717,0.056042,direct+peer,0.1619,20,direct=0.44;peer=0.56;history=0.00 (leg not built),0.9916,
CCI,2026-08-10,2027-03-19,221,72.9301,0.976485,58,21,0.583,1.440,0.071119,0.074236,direct+peer,0.0894,20,direct=0.44;peer=0.56;history=0.00 (leg not built),0.9879,
CCI,2026-08-10,2027-06-17,311,72.6551,0.966911,52,20,0.516,1.376,0.097630,0.109155,direct+peer,0.1335,20,direct=0.44;peer=0.56;history=0.00 (leg not built),0.9910,
CCI,2026-08-10,2028-01-21,529,72.2773,0.942976,62,28,0.519,1.937,0.186087,0.184636,peer,0.0535,20,peer=1.00;history=0.00 (leg not built),0.9871,
CCI,2026-08-11,2027-01-15,157,73.3948,0.983468,74,19,0.613,1.362,0.051366,0.052458,direct+peer,0.0841,20,direct=0.44;peer=0.56;history=0.00 (leg not built),0.9948,
CCI,2026-08-11,2027-03-19,220,73.0222,0.976648,58,21,0.548,1.438,0.070532,0.073270,peer,0.0593,20,peer=1.00;history=0.00 (leg not built),0.9954,
CCI,2026-08-11,2027-06-17,310,73.0687,0.967096,52,21,0.547,1.505,0.105455,0.107238,peer,0.0750,20,peer=1.00;history=0.00 (leg not built),0.9840,
CCI,2026-08-11,2028-01-21,528,72.6802,0.943336,62,28,0.516,1.857,0.179407,0.181406,peer,0.0620,20,peer=1.00;history=0.00 (leg not built),0.9921,
CCI,2026-08-12,2027-01-15,156,73.2320,0.983578,74,18,0.649,1.366,0.052170,0.052290,peer,0.0787,20,peer=1.00;history=0.00 (leg not built),0.9922,
CCI,2026-08-12,2027-03-19,219,72.8993,0.976754,58,19,0.686,1.440,0.078228,0.075030,direct+peer,0.0865,20,direct=0.44;peer=0.56;history=0.00 (leg not built),0.9894,
CCI,2026-08-12,2027-06-17,309,73.0480,0.967203,52,19,0.548,1.437,0.106338,0.111244,direct+peer,0.1017,20,direct=0.44;peer=0.56;history=0.00 (leg not built),0.9946,
CCI,2026-08-12,2028-01-21,527,72.4470,0.943447,62,23,0.690,1.725,0.190413,0.186337,peer,0.1541,20,peer=1.00;history=0.00 (leg not built),0.9924,
CCL,2026-08-06,2027-01-15,162,29.1292,0.982886,62,25,0.275,1.716,0.099725,0.101573,direct+peer,0.0298,20,direct=0.44;peer=0.56;history=0.00 (leg not built),0.9873,
CCL,2026-08-06,2027-03-19,225,29.1189,0.976077,28,14,0.515,1.614,0.134481,0.141634,direct+peer,0.0934,20,direct=0.44;peer=0.56;history=0.00 (leg not built),0.9955,
CCL,2026-08-06,2027-06-17,315,29.4770,0.966391,26,13,0.509,1.527,0.180406,0.206765,direct+peer,0.1669,20,direct=0.44;peer=0.56;history=0.00 (leg not built),0.9989,
CCL,2026-08-06,2027-12-17,498,29.8415,0.946290,30,15,0.503,1.676,0.280301,0.335701,direct+peer,0.2366,20,direct=0.44;peer=0.56;history=0.00 (leg not built),0.9623,
CCL,2026-08-06,2028-01-21,533,29.8320,0.942385,30,15,0.503,1.676,0.305757,0.376349,peer,0.2384,20,peer=1.00;history=0.00 (leg not built),0.9941,
CCL,2026-08-07,2027-01-15,161,29.2533,0.983121,62,26,0.273,1.709,0.097324,0.098877,direct+peer,0.0293,20,direct=0.44;peer=0.56;history=0.00 (leg not built),0.9906,
CCL,2026-08-07,2027-03-19,224,29.3257,0.976383,28,14,0.511,1.603,0.133544,0.142744,direct+peer,0.1045,20,direct=0.44;peer=0.56;history=0.00 (leg not built),0.9823,
CCL,2026-08-07,2027-06-17,314,29.0202,0.966854,26,13,0.517,1.551,0.180016,0.213647,direct+peer,0.1915,20,direct=0.44;peer=0.56;history=0.00 (leg not built),0.9647,
CCL,2026-08-07,2027-12-17,497,29.7800,0.947065,30,15,0.504,1.679,0.286366,0.346594,direct+peer,0.2544,20,direct=0.44;peer=0.56;history=0.00 (leg not built),0.9922,
CCL,2026-08-07,2028-01-21,532,30.4152,0.943217,30,15,0.493,1.644,0.285792,0.354096,direct+peer,0.2460,20,direct=0.44;peer=0.56;history=0.00 (leg not built),0.9703,
CCL,2026-08-10,2027-01-15,158,28.1610,0.983317,62,26,0.284,1.776,0.100999,0.103406,direct+peer,0.0321,20,direct=0.44;peer=0.56;history=0.00 (leg not built),0.9961,
CCL,2026-08-10,2027-03-19,221,28.3327,0.976485,28,13,0.529,1.588,0.133422,0.144330,direct+peer,0.1333,20,direct=0.44;peer=0.56;history=0.00 (leg not built),0.9949,
CCL,2026-08-10,2027-06-17,311,27.9978,0.966911,26,12,0.643,1.607,0.199917,0.220481,direct+peer,0.1887,20,direct=0.44;peer=0.56;history=0.00 (leg not built),0.9726,
CCL,2026-08-10,2027-12-17,494,28.5454,0.946894,30,15,0.525,1.752,0.296851,0.356376,direct+peer,0.2203,20,direct=0.44;peer=0.56;history=0.00 (leg not built),0.9698,
CCL,2026-08-10,2028-01-21,529,29.3372,0.942976,30,15,0.511,1.704,0.301179,0.368578,direct+peer,0.2286,20,direct=0.44;peer=0.56;history=0.00 (leg not built),0.9662,
CCL,2026-08-11,2027-01-15,157,28.1220,0.983468,62,26,0.107,1.778,0.096333,0.099063,direct+peer,0.0446,20,direct=0.44;peer=0.56;history=0.00 (leg not built),0.9986,
CCL,2026-08-11,2027-03-19,220,28.2086,0.976648,28,12,0.638,1.595,0.136796,0.139159,direct+peer,0.1216,20,direct=0.44;peer=0.56;history=0.00 (leg not built),0.9893,
CCL,2026-08-11,2027-06-17,310,28.3633,0.967096,26,13,0.529,1.587,0.178347,0.213069,peer,0.1990,20,peer=1.00;history=0.00 (leg not built),0.9837,
CCL,2026-08-11,2027-12-17,493,28.9707,0.947215,30,15,0.518,1.726,0.276309,0.326108,direct+peer,0.2258,20,direct=0.44;peer=0.56;history=0.00 (leg not built),0.9777,
CCL,2026-08-11,2028-01-21,528,28.7831,0.943336,30,15,0.521,1.737,0.305608,0.377165,direct+peer,0.2622,20,direct=0.44;peer=0.56;history=0.00 (leg not built),0.9888,
CCL,2026-08-12,2027-01-15,156,28.0254,0.983578,62,24,0.071,1.784,0.093738,0.095080,direct+peer,0.0338,20,direct=0.44;peer=0.56;history=0.00 (leg not built),0.9961,
CCL,2026-08-12,2027-03-19,219,28.0167,0.976754,28,14,0.535,1.678,0.131422,0.144549,direct+peer,0.1784,20,direct=0.44;peer=0.56;history=0.00 (leg not built),0.9889,
CCL,2026-08-12,2027-06-17,309,28.2829,0.967203,26,13,0.530,1.591,0.173616,0.190424,peer,0.1378,20,peer=1.00;history=0.00 (leg not built),0.9891,
CCL,2026-08-12,2027-12-17,492,28.5191,0.947326,30,15,0.526,1.753,0.278081,0.321120,direct+peer,0.1986,20,direct=0.44;peer=0.56;history=0.00 (leg not built),0.9663,
CCL,2026-08-12,2028-01-21,527,28.4784,0.943447,30,15,0.527,1.756,0.303560,0.360541,direct+peer,0.2145,20,direct=0.44;peer=0.56;history=0.00 (leg not built),0.9642,
CDNS,2026-08-06,2027-01-15,162,344.6801,0.982886,104,35,0.566,1.625,0.095806,0.099154,peer,0.0712,20,peer=1.00;history=0.00 (leg not built),0.9965,
CDNS,2026-08-06,2027-02-19,197,345.9987,0.979077,124,57,0.549,1.676,0.118665,0.122633,direct+peer,0.0858,20,direct=0.44;peer=0.56;history=0.00 (leg not built),0.9981,
CDNS,2026-08-06,2027-03-19,225,347.0904,0.976077,96,41,0.504,1.729,0.137291,0.157868,direct+peer,0.2525,20,direct=0.44;peer=0.56;history=0.00 (leg not built),0.9980,
CDNS,2026-08-06,2027-06-17,315,350.4036,0.966391,86,43,0.471,1.712,0.192519,0.227139,direct+peer,0.2409,20,direct=0.44;peer=0.56;history=0.00 (leg not built),0.9980,
CDNS,2026-08-06,2028-01-21,533,359.0980,0.942385,98,49,0.376,1.671,0.304032,0.391885,peer,0.2397,20,peer=1.00;history=0.00 (leg not built),0.9961,
CDNS,2026-08-07,2027-01-15,161,345.5346,0.983121,104,33,0.550,1.563,0.085439,0.089465,direct+peer,0.0795,20,direct=0.44;peer=0.56;history=0.00 (leg not built),0.9969,
CDNS,2026-08-07,2027-02-19,196,346.9287,0.979343,124,55,0.576,1.672,0.109633,0.114346,direct+peer,0.0811,20,direct=0.44;peer=0.56;history=0.00 (leg not built),0.9986,
CDNS,2026-08-07,2027-03-19,224,348.2179,0.976383,96,40,0.517,1.723,0.127599,0.133493,direct+peer,0.0922,20,direct=0.44;peer=0.56;history=0.00 (leg not built),0.9970,
CDNS,2026-08-07,2027-06-17,314,351.6342,0.966854,86,41,0.498,1.706,0.186266,0.212753,direct+peer,0.1953,20,direct=0.44;peer=0.56;history=0.00 (leg not built),0.9983,
CDNS,2026-08-07,2028-01-21,532,360.2651,0.943217,98,49,0.375,1.665,0.295509,0.400340,direct+peer,0.3106,20,direct=0.44;peer=0.56;history=0.00 (leg not built),0.9970,
CDNS,2026-08-10,2027-01-15,158,338.2508,0.983317,104,34,0.429,1.596,0.084094,0.085508,peer,0.0404,20,peer=1.00;history=0.00 (leg not built),0.9959,
CDNS,2026-08-10,2027-02-19,193,339.5406,0.979464,124,57,0.560,1.708,0.107024,0.108852,peer,0.0542,20,peer=1.00;history=0.00 (leg not built),0.9965,
CDNS,2026-08-10,2027-03-19,221,340.5120,0.976485,96,38,0.558,1.762,0.126743,0.132731,direct+peer,0.0976,20,direct=0.44;peer=0.56;history=0.00 (leg not built),0.9990,
CDNS,2026-08-10,2027-06-17,311,344.4472,0.966911,86,41,0.508,1.742,0.183600,0.218306,direct+peer,0.2849,20,direct=0.44;peer=0.56;history=0.00 (leg not built),0.9971,
CDNS,2026-08-10,2028-01-21,529,351.9831,0.942976,98,49,0.384,1.705,0.287566,0.375379,direct+peer,0.2885,20,direct=0.44;peer=0.56;history=0.00 (leg not built),0.9947,
CDNS,2026-08-11,2027-01-15,157,333.4165,0.983468,104,31,0.435,1.560,0.082159,0.086901,peer,0.0666,20,peer=1.00;history=0.00 (leg not built),0.9975,
CDNS,2026-08-11,2027-02-19,192,334.5917,0.979620,124,56,0.568,1.733,0.104916,0.107871,peer,0.0637,20,peer=1.00;history=0.00 (leg not built),0.9982,
CDNS,2026-08-11,2027-03-19,220,335.7303,0.976648,96,36,0.596,1.787,0.125542,0.133176,direct+peer,0.1215,20,direct=0.44;peer=0.56;history=0.00 (leg not built),0.9985,
CDNS,2026-08-11,2027-06-17,310,339.0590,0.967096,86,40,0.531,1.770,0.181942,0.203664,direct+peer,0.1691,20,direct=0.44;peer=0.56;history=0.00 (leg not built),0.9985,
CDNS,2026-08-11,2028-01-21,528,347.1802,0.943336,98,48,0.403,1.728,0.289370,0.360566,direct+peer,0.2250,20,direct=0.44;peer=0.56;history=0.00 (leg not built),0.9972,
CDNS,2026-08-12,2027-01-15,156,328.9426,0.983578,104,31,0.441,1.581,0.078403,0.080102,peer,0.0492,20,peer=1.00;history=0.00 (leg not built),0.9977,
CDNS,2026-08-12,2027-02-19,191,330.0680,0.979726,124,56,0.576,1.757,0.097544,0.099967,peer,0.0485,20,peer=1.00;history=0.00 (leg not built),0.9984,
CDNS,2026-08-12,2027-03-19,219,331.2797,0.976754,96,38,0.574,1.811,0.114751,0.115796,peer,0.0477,20,peer=1.00;history=0.00 (leg not built),0.9994,
CDNS,2026-08-12,2027-06-17,309,334.4665,0.967203,86,41,0.523,1.794,0.168128,0.177239,direct+peer,0.1186,20,direct=0.44;peer=0.56;history=0.00 (leg not built),0.9987,
CDNS,2026-08-12,2028-01-21,527,342.4485,0.943447,98,49,0.394,1.752,0.280749,0.353455,direct+peer,0.2415,20,direct=0.44;peer=0.56;history=0.00 (leg not built),0.9969,
CDW,2026-08-06,2027-03-19,225,143.4427,0.976077,58,26,0.593,1.534,0.137475,0.143373,direct+peer,0.1372,20,direct=0.44;peer=0.56;history=0.00 (leg not built),0.9956,
CDW,2026-08-07,2027-03-19,224,137.6785,0.976383,58,25,0.617,1.525,0.140408,0.145726,direct+peer,0.1498,20,direct=0.44;peer=0.56;history=0.00 (leg not built),0.9971,
CDW,2026-08-10,2027-03-19,221,137.9689,0.976485,58,24,0.616,1.450,0.129332,0.138882,direct+peer,0.1816,20,direct=0.44;peer=0.56;history=0.00 (leg not built),0.9990,
CDW,2026-08-11,2027-03-19,220,136.8942,0.976648,58,23,0.621,1.424,0.127572,0.137795,direct+peer,0.1913,20,direct=0.44;peer=0.56;history=0.00 (leg not built),0.9979,
CDW,2026-08-12,2027-03-19,219,137.5599,0.976754,58,24,0.618,1.454,0.125271,0.138279,peer,0.1780,20,peer=1.00;history=0.00 (leg not built),0.9986,
CEG,2026-08-06,2027-01-15,162,266.3712,0.982886,126,47,0.582,2.177,0.121952,0.120512,peer,0.0221,20,peer=1.00;history=0.00 (leg not built),0.9986,
CEG,2026-08-06,2027-02-19,197,267.3785,0.979077,76,35,0.468,1.533,0.122997,0.142041,direct+peer,0.1820,20,direct=0.44;peer=0.56;history=0.00 (leg not built),0.9977,
CEG,2026-08-06,2027-03-19,225,267.6607,0.976077,90,43,0.486,1.793,0.154792,0.179463,direct+peer,0.2317,20,direct=0.44;peer=0.56;history=0.00 (leg not built),0.9973,
CEG,2026-08-06,2027-06-17,315,270.5519,0.966391,112,53,0.462,2.218,0.239531,0.246349,peer,0.0606,20,peer=1.00;history=0.00 (leg not built),0.9986,
CEG,2026-08-06,2027-12-17,498,274.9980,0.946290,112,56,0.436,2.182,0.364868,0.415114,peer,0.1406,20,peer=1.00;history=0.00 (leg not built),0.9976,
CEG,2026-08-06,2028-01-21,533,276.0384,0.942385,108,54,0.435,2.174,0.387218,0.484371,direct+peer,0.2980,20,direct=0.44;peer=0.56;history=0.00 (leg not built),0.9976,
CEG,2026-08-07,2027-01-15,161,274.2891,0.983121,126,51,0.492,2.187,0.113793,0.113502,peer,0.0194,20,peer=1.00;history=0.00 (leg not built),0.9982,
CEG,2026-08-07,2027-02-19,196,274.9183,0.979343,76,33,0.527,1.491,0.118727,0.148827,direct+peer,0.3031,20,direct=0.44;peer=0.56;history=0.00 (leg not built),0.9977,
CEG,2026-08-07,2027-03-19,224,275.7155,0.976383,90,43,0.453,1.741,0.147269,0.167547,direct+peer,0.1925,20,direct=0.44;peer=0.56;history=0.00 (leg not built),0.9999,
CEG,2026-08-07,2027-06-17,314,277.6384,0.966854,112,55,0.432,2.161,0.230276,0.243469,peer,0.0756,20,peer=1.00;history=0.00 (leg not built),0.9975,
CEG,2026-08-07,2027-12-17,497,283.2205,0.947065,112,55,0.441,2.118,0.355648,0.446446,direct+peer,0.3093,20,direct=0.44;peer=0.56;history=0.00 (leg not built),0.9994,
CEG,2026-08-07,2028-01-21,532,284.0464,0.943217,108,54,0.422,2.112,0.376914,0.435480,peer,0.1615,20,peer=1.00;history=0.00 (leg not built),0.9971,
CEG,2026-08-10,2027-01-15,158,274.7457,0.983317,126,47,0.528,2.038,0.104701,0.109617,direct+peer,0.1042,20,direct=0.44;peer=0.56;history=0.00 (leg not built),0.9955,
CEG,2026-08-10,2027-02-19,193,276.5117,0.979464,76,36,0.470,1.483,0.109508,0.126149,peer,0.1405,20,peer=1.00;history=0.00 (leg not built),0.9971,
CEG,2026-08-10,2027-03-19,221,276.6717,0.976485,90,44,0.434,1.735,0.140090,0.154343,direct+peer,0.1441,20,direct=0.44;peer=0.56;history=0.00 (leg not built),0.9973,
CEG,2026-08-10,2027-06-17,311,279.4829,0.966911,112,53,0.465,2.147,0.220416,0.242182,direct+peer,0.1883,20,direct=0.44;peer=0.56;history=0.00 (leg not built),0.9962,
CEG,2026-08-10,2027-12-17,494,284.5412,0.946894,112,56,0.422,2.109,0.343504,0.432840,direct+peer,0.3122,20,direct=0.44;peer=0.56;history=0.00 (leg not built),0.9980,
CEG,2026-08-10,2028-01-21,529,285.6521,0.942976,108,54,0.420,2.100,0.365551,0.469811,direct+peer,0.3208,20,direct=0.44;peer=0.56;history=0.00 (leg not built),0.9968,
CEG,2026-08-11,2027-01-15,157,282.8810,0.983468,126,46,0.495,2.121,0.104520,0.125266,direct+peer,0.2999,20,direct=0.44;peer=0.56;history=0.00 (leg not built),0.9989,
CEG,2026-08-11,2027-02-19,192,284.1853,0.979620,76,31,0.528,1.443,0.106707,0.132637,direct+peer,0.2319,20,direct=0.44;peer=0.56;history=0.00 (leg not built),0.9962,
CEG,2026-08-11,2027-03-19,220,284.7953,0.976648,90,37,0.562,1.685,0.138646,0.173234,direct+peer,0.3190,20,direct=0.44;peer=0.56;history=0.00 (leg not built),0.9983,
CEG,2026-08-11,2027-06-17,310,287.1151,0.967096,112,54,0.435,2.090,0.214022,0.248759,direct+peer,0.2045,20,direct=0.44;peer=0.56;history=0.00 (leg not built),0.9978,
CEG,2026-08-11,2027-12-17,493,292.8399,0.947215,112,56,0.410,2.049,0.335017,0.380096,peer,0.1415,20,peer=1.00;history=0.00 (leg not built),0.9951,
CEG,2026-08-11,2028-01-21,528,293.8798,0.943336,108,53,0.425,2.042,0.358156,0.416517,peer,0.1653,20,peer=1.00;history=0.00 (leg not built),0.9954,
CEG,2026-08-12,2027-01-15,156,283.6093,0.983578,126,48,0.494,2.116,0.099711,0.099261,peer,0.0181,20,peer=1.00;history=0.00 (leg not built),0.9956,
CEG,2026-08-12,2027-02-19,191,283.8276,0.979726,76,31,0.511,1.445,0.105439,0.125497,direct+peer,0.1936,20,direct=0.44;peer=0.56;history=0.00 (leg not built),0.9953,
CEG,2026-08-12,2027-03-19,219,284.7948,0.976754,90,40,0.492,1.685,0.135891,0.152212,direct+peer,0.1645,20,direct=0.44;peer=0.56;history=0.00 (leg not built),0.9950,
CEG,2026-08-12,2027-06-17,309,287.1567,0.967203,112,53,0.453,2.089,0.211574,0.234912,direct+peer,0.1648,20,direct=0.44;peer=0.56;history=0.00 (leg not built),0.9975,
CEG,2026-08-12,2027-12-17,492,292.7868,0.947326,112,56,0.410,2.049,0.331507,0.374202,peer,0.1403,20,peer=1.00;history=0.00 (leg not built),0.9968,
CEG,2026-08-12,2028-01-21,527,293.6462,0.943447,108,53,0.426,2.043,0.352829,0.427936,peer,0.1959,20,peer=1.00;history=0.00 (leg not built),0.9945,
CF,2026-08-06,2027-01-15,162,117.5413,0.982886,88,30,0.553,1.702,0.088723,0.088151,direct+peer,0.0375,20,direct=0.44;peer=0.56;history=0.00 (leg not built),0.9988,
CF,2026-08-06,2027-02-19,197,117.0087,0.979077,56,25,0.598,1.624,0.109962,0.115070,direct+peer,0.1001,20,direct=0.44;peer=0.56;history=0.00 (leg not built),0.9964,
CF,2026-08-06,2027-03-19,225,116.8783,0.976077,70,31,0.556,1.711,0.130580,0.135360,direct+peer,0.0761,20,direct=0.44;peer=0.56;history=0.00 (leg not built),0.9989,
CF,2026-08-06,2027-06-17,315,117.5180,0.966391,56,28,0.468,1.617,0.169298,0.193579,direct+peer,0.1536,20,direct=0.44;peer=0.56;history=0.00 (leg not built),0.9968,
CF,2026-08-06,2028-01-21,533,119.2926,0.942385,84,42,0.335,1.677,0.269675,0.345799,direct+peer,0.2331,20,direct=0.44;peer=0.56;history=0.00 (leg not built),0.9990,
CF,2026-08-07,2027-01-15,161,115.7798,0.983121,88,34,0.561,1.727,0.084952,0.086388,direct+peer,0.0481,20,direct=0.44;peer=0.56;history=0.00 (leg not built),0.9957,
CF,2026-08-07,2027-02-19,196,115.8679,0.979343,56,26,0.561,1.640,0.106071,0.110851,direct+peer,0.0769,20,direct=0.44;peer=0.56;history=0.00 (leg not built),0.9974,
CF,2026-08-07,2027-03-19,224,116.1095,0.976383,70,31,0.517,1.723,0.122217,0.127397,direct+peer,0.0732,20,direct=0.44;peer=0.56;history=0.00 (leg not built),0.9968,
CF,2026-08-07,2027-06-17,314,116.5169,0.966854,56,28,0.472,1.631,0.164699,0.186091,peer,0.1319,20,peer=1.00;history=0.00 (leg not built),0.9945,
CF,2026-08-07,2028-01-21,532,117.8266,0.943217,84,42,0.339,1.697,0.265979,0.330770,peer,0.1982,20,peer=1.00;history=0.00 (leg not built),0.9974,
CF,2026-08-10,2027-01-15,158,121.9831,0.983317,88,33,0.533,1.640,0.080869,0.084965,direct+peer,0.0881,20,direct=0.44;peer=0.56;history=0.00 (leg not built),0.9956,
CF,2026-08-10,2027-02-19,193,121.5825,0.979464,56,26,0.535,1.563,0.099180,0.106449,direct+peer,0.1029,20,direct=0.44;peer=0.56;history=0.00 (leg not built),0.9987,
CF,2026-08-10,2027-03-19,221,121.3654,0.976485,70,31,0.536,1.648,0.117124,0.125387,direct+peer,0.1064,20,direct=0.44;peer=0.56;history=0.00 (leg not built),0.9986,
CF,2026-08-10,2027-06-17,311,122.3972,0.966911,56,27,0.490,1.552,0.156813,0.177564,peer,0.1363,20,peer=1.00;history=0.00 (leg not built),0.9964,
CF,2026-08-10,2028-01-21,529,124.4167,0.942976,84,40,0.342,1.608,0.255976,0.333269,direct+peer,0.2430,20,direct=0.44;peer=0.56;history=0.00 (leg not built),0.9943,
CF,2026-08-11,2027-01-15,157,119.4069,0.983468,88,23,0.544,1.675,0.082387,0.082885,direct+peer,0.0528,20,direct=0.44;peer=0.56;history=0.00 (leg not built),0.9943,
CF,2026-08-11,2027-02-19,192,119.8469,0.979620,56,22,0.584,1.544,0.100263,0.108461,peer,0.1174,20,peer=1.00;history=0.00 (leg not built),0.9991,
CF,2026-08-11,2027-03-19,220,120.0171,0.976648,70,23,0.708,1.500,0.121239,0.125812,direct+peer,0.1838,20,direct=0.44;peer=0.56;history=0.00 (leg not built),0.9990,
CF,2026-08-11,2027-06-17,310,121.1719,0.967096,56,26,0.495,1.568,0.157074,0.181181,direct+peer,0.1611,20,direct=0.44;peer=0.56;history=0.00 (leg not built),0.9981,
CF,2026-08-11,2028-01-21,528,122.3321,0.943336,84,39,0.388,1.635,0.252118,0.327544,direct+peer,0.2556,20,direct=0.44;peer=0.56;history=0.00 (leg not built),0.9919,
CF,2026-08-12,2027-01-15,156,120.1356,0.983578,88,31,0.583,1.665,0.077815,0.078592,direct+peer,0.0524,20,direct=0.44;peer=0.56;history=0.00 (leg not built),0.9959,
CF,2026-08-12,2027-02-19,191,120.3062,0.979726,56,26,0.540,1.579,0.095803,0.101381,peer,0.0807,20,peer=1.00;history=0.00 (leg not built),0.9970,
CF,2026-08-12,2027-03-19,219,120.1706,0.976754,70,30,0.499,1.664,0.114283,0.120291,direct+peer,0.0816,20,direct=0.44;peer=0.56;history=0.00 (leg not built),0.9977,
CF,2026-08-12,2027-06-17,309,120.4653,0.967203,56,27,0.457,1.577,0.153597,0.175943,direct+peer,0.1482,20,direct=0.44;peer=0.56;history=0.00 (leg not built),0.9980,
CF,2026-08-12,2028-01-21,527,123.7104,0.943447,84,39,0.384,1.617,0.245766,0.308005,direct+peer,0.2109,20,direct=0.44;peer=0.56;history=0.00 (leg not built),0.9969,
CFG,2026-08-06,2027-01-15,162,73.6011,0.982886,62,11,0.238,1.291,0.050510,0.041506,direct+peer,0.0580,20,direct=0.44;peer=0.56;history=0.00 (leg not built),0.9815,
CFG,2026-08-06,2028-01-21,533,74.6392,0.942385,58,17,0.703,1.340,0.143832,0.141377,direct+peer,0.2271,20,direct=0.44;peer=0.56;history=0.00 (leg not built),0.9789,
CFG,2026-08-07,2027-01-15,161,73.0849,0.983121,62,17,0.239,1.368,0.042430,0.040046,direct+peer,0.0221,20,direct=0.44;peer=0.56;history=0.00 (leg not built),0.9919,
CFG,2026-08-07,2028-01-21,532,74.1412,0.943217,58,18,0.674,1.349,0.138120,0.145474,direct+peer,0.2283,20,direct=0.44;peer=0.56;history=0.00 (leg not built),0.9976,
CFG,2026-08-10,2027-01-15,158,73.2170,0.983317,62,15,0.239,1.298,0.041332,0.040148,direct+peer,0.0466,20,direct=0.44;peer=0.56;history=0.00 (leg not built),0.9878,
CFG,2026-08-10,2028-01-21,529,74.6288,0.942976,58,17,0.703,1.340,0.139950,0.144515,direct+peer,0.3003,20,direct=0.44;peer=0.56;history=0.00 (leg not built),0.9828,
CFG,2026-08-11,2027-01-15,157,73.6998,0.983468,62,13,0.237,1.289,0.043583,0.038883,direct+peer,0.0629,20,direct=0.44;peer=0.56;history=0.00 (leg not built),0.9960,
CFG,2026-08-11,2028-01-21,528,74.7562,0.943336,58,16,0.702,1.338,0.139515,0.139032,direct+peer,0.2399,20,direct=0.44;peer=0.56;history=0.00 (leg not built),0.9883,
CFG,2026-08-12,2027-01-15,156,74.4662,0.983578,62,15,0.235,1.276,0.036199,0.038208,direct+peer,0.1944,20,direct=0.44;peer=0.56;history=0.00 (leg not built),0.9953,
CFG,2026-08-12,2028-01-21,527,75.5406,0.943447,58,17,0.695,1.324,0.136454,0.135546,direct+peer,0.2353,20,direct=0.44;peer=0.56;history=0.00 (leg not built),0.9857,
CHD,2026-08-06,2027-01-15,162,104.6100,0.982886,38,7,0.908,1.195,,0.029355,peer,0.3063,20,peer=1.00;history=0.00 (leg not built),0.9982,
CHD,2026-08-07,2027-01-15,161,104.0167,0.983121,38,4,0.913,1.058,,,refused,,0,,0.9959,only 4 invertible quotes
CHD,2026-08-10,2027-01-15,158,103.8305,0.983317,38,4,0.915,1.059,,,refused,,0,,0.9977,only 4 invertible quotes
CHD,2026-08-11,2027-01-15,157,104.1188,0.983468,38,6,0.864,1.105,,0.027077,peer,0.3359,20,peer=1.00;history=0.00 (leg not built),0.9928,
CHD,2026-08-12,2027-01-15,156,102.4244,0.983578,38,7,0.830,1.123,,0.025529,peer,0.2498,20,peer=1.00;history=0.00 (leg not built),0.9894,
CHRW,2026-08-06,2027-01-15,162,148.0567,0.982886,88,22,0.709,1.486,0.080480,0.078602,direct+peer,0.1150,20,direct=0.44;peer=0.56;history=0.00 (leg not built),0.9881,
CHRW,2026-08-06,2027-02-19,197,149.0501,0.979077,68,24,0.671,1.543,0.104247,0.118528,direct+peer,0.3165,20,direct=0.44;peer=0.56;history=0.00 (leg not built),0.9924,
CHRW,2026-08-06,2028-01-21,533,151.0399,0.942385,76,30,0.497,1.721,0.222537,0.255196,peer,0.1583,20,peer=1.00;history=0.00 (leg not built),0.9950,
CHRW,2026-08-07,2027-01-15,161,151.0985,0.983121,88,24,0.662,1.522,0.078407,0.075955,direct+peer,0.0713,20,direct=0.44;peer=0.56;history=0.00 (leg not built),0.9930,
CHRW,2026-08-07,2027-02-19,196,151.3172,0.979343,68,24,0.661,1.652,0.104542,0.106521,direct+peer,0.1524,20,direct=0.44;peer=0.56;history=0.00 (leg not built),0.9973,
CHRW,2026-08-07,2028-01-21,532,154.0458,0.943217,76,33,0.487,1.883,0.228994,0.254039,peer,0.1275,20,peer=1.00;history=0.00 (leg not built),0.9960,
CHRW,2026-08-10,2027-01-15,158,149.6034,0.983317,88,20,0.702,1.337,0.071497,0.080460,direct+peer,0.2852,20,direct=0.44;peer=0.56;history=0.00 (leg not built),0.9935,
CHRW,2026-08-10,2027-02-19,193,150.1531,0.979464,68,23,0.633,1.399,0.092990,0.099883,direct+peer,0.1610,20,direct=0.44;peer=0.56;history=0.00 (leg not built),0.9987,
CHRW,2026-08-10,2027-04-16,249,150.3082,0.973506,52,21,0.665,1.331,0.108979,0.122499,direct+peer,0.2306,20,direct=0.44;peer=0.56;history=0.00 (leg not built),0.9993,
CHRW,2026-08-10,2027-07-16,340,151.1828,0.963827,52,21,0.661,1.323,0.133798,0.156702,direct+peer,0.2780,20,direct=0.44;peer=0.56;history=0.00 (leg not built),0.9977,
CHRW,2026-08-10,2027-10-15,431,151.9394,0.953899,52,21,0.658,1.316,0.156292,0.202623,peer,0.3406,20,peer=1.00;history=0.00 (leg not built),0.9915,
CHRW,2026-08-10,2028-01-21,529,152.6670,0.942976,76,31,0.491,1.834,0.224177,0.247099,peer,0.1273,20,peer=1.00;history=0.00 (leg not built),0.9955,
CHRW,2026-08-11,2027-01-15,157,146.2100,0.983468,88,22,0.684,1.436,0.071918,0.072995,direct+peer,0.1306,20,direct=0.44;peer=0.56;history=0.00 (leg not built),0.9949,
CHRW,2026-08-11,2027-02-19,192,146.5210,0.979620,68,26,0.580,1.638,0.095544,0.096861,direct+peer,0.0600,20,direct=0.44;peer=0.56;history=0.00 (leg not built),0.9944,
CHRW,2026-08-11,2027-04-16,248,147.0027,0.973676,56,24,0.646,1.497,0.114230,0.121084,peer,0.1581,20,peer=1.00;history=0.00 (leg not built),0.9959,
CHRW,2026-08-11,2027-07-16,339,147.4999,0.964019,56,23,0.678,1.492,0.146972,0.157989,direct+peer,0.2174,20,direct=0.44;peer=0.56;history=0.00 (leg not built),0.9970,
CHRW,2026-08-11,2027-10-15,430,148.3546,0.954156,56,24,0.640,1.483,0.173809,0.195445,peer,0.2130,20,peer=1.00;history=0.00 (leg not built),0.9933,
CHRW,2026-08-11,2028-01-21,528,148.8763,0.943336,76,32,0.571,1.881,0.224839,0.240995,direct+peer,0.1193,20,direct=0.44;peer=0.56;history=0.00 (leg not built),0.9981,
CHRW,2026-08-12,2027-01-15,156,147.9158,0.983578,88,22,0.676,1.420,0.072538,0.074395,direct+peer,0.1290,20,direct=0.44;peer=0.56;history=0.00 (leg not built),0.9967,
CHRW,2026-08-12,2027-02-19,191,148.3567,0.979726,68,23,0.640,1.416,0.095115,0.099046,direct+peer,0.1657,20,direct=0.44;peer=0.56;history=0.00 (leg not built),0.9976,
CHRW,2026-08-12,2027-04-16,247,148.5315,0.973782,56,24,0.606,1.414,0.107939,0.116872,direct+peer,0.1526,20,direct=0.44;peer=0.56;history=0.00 (leg not built),0.9970,
CHRW,2026-08-12,2027-07-16,338,149.0665,0.964126,56,22,0.704,1.476,0.149391,0.161267,peer,0.2368,20,peer=1.00;history=0.00 (leg not built),0.9965,
CHRW,2026-08-12,2027-10-15,429,150.1467,0.954266,56,23,0.666,1.465,0.170687,0.186228,direct+peer,0.2223,20,direct=0.44;peer=0.56;history=0.00 (leg not built),0.9980,
CHRW,2026-08-12,2028-01-21,527,150.8162,0.943447,76,29,0.597,1.724,0.215327,0.234932,direct+peer,0.1599,20,direct=0.44;peer=0.56;history=0.00 (leg not built),0.9981,
CHTR,2026-08-06,2027-01-15,162,160.4884,0.982886,130,43,0.467,3.739,0.192074,0.196749,direct+peer,0.1243,20,direct=0.44;peer=0.56;history=0.00 (leg not built),0.9945,
CHTR,2026-08-06,2027-03-19,225,160.6659,0.976077,108,41,0.405,2.241,0.260398,0.274498,peer,0.0728,20,peer=1.00;history=0.00 (leg not built),0.9926,
CHTR,2026-08-06,2027-06-17,315,162.1337,0.966391,58,29,0.401,1.295,0.231992,,refused,,20,,0.9839,no leg survived: no arbitrage-free fit inside the 0.35 synthetic-share ceiling
CHTR,2026-08-06,2027-12-17,498,165.6552,0.946290,100,50,0.392,2.535,0.546996,0.654748,direct+peer,0.1806,20,direct=0.44;peer=0.56;history=0.00 (leg not built),0.9870,
CHTR,2026-08-06,2028-01-21,533,167.2835,0.942385,118,54,0.389,3.108,0.613978,0.688783,direct+peer,0.1207,20,direct=0.44;peer=0.56;history=0.00 (leg not built),0.9676,
CHTR,2026-08-07,2027-01-15,161,154.4304,0.983121,130,44,0.518,3.885,0.191566,0.191185,direct+peer,0.0716,20,direct=0.44;peer=0.56;history=0.00 (leg not built),0.9774,
CHTR,2026-08-07,2027-03-19,224,157.3249,0.976383,108,45,0.413,2.479,0.266577,0.279331,direct+peer,0.0892,20,direct=0.44;peer=0.56;history=0.00 (leg not built),0.9859,
CHTR,2026-08-07,2027-06-17,314,158.5003,0.966854,58,27,0.442,1.325,0.239428,,refused,,20,,0.9962,no leg survived: no arbitrage-free fit inside the 0.35 synthetic-share ceiling
CHTR,2026-08-07,2027-12-17,497,161.6050,0.947065,100,48,0.402,2.537,0.542964,0.634609,direct+peer,0.1834,20,direct=0.44;peer=0.56;history=0.00 (leg not built),0.9842,
CHTR,2026-08-07,2028-01-21,532,163.2654,0.943217,118,57,0.398,3.185,0.618914,0.687773,direct+peer,0.1206,20,direct=0.44;peer=0.56;history=0.00 (leg not built),0.9829,
CHTR,2026-08-10,2027-01-15,158,156.2915,0.983317,130,49,0.416,3.839,0.179437,0.177466,direct+peer,0.0254,20,direct=0.44;peer=0.56;history=0.00 (leg not built),0.9937,
CHTR,2026-08-10,2027-03-19,221,156.5156,0.976485,108,49,0.415,2.747,0.260335,0.268801,direct+peer,0.0674,20,direct=0.44;peer=0.56;history=0.00 (leg not built),0.9930,
CHTR,2026-08-10,2027-06-17,311,158.5417,0.966911,58,28,0.410,1.325,0.229764,,refused,,20,,0.9878,no leg survived: no arbitrage-free fit inside the 0.35 synthetic-share ceiling
CHTR,2026-08-10,2027-12-17,494,160.8554,0.946894,100,49,0.404,2.611,0.535992,0.626192,peer,0.1537,20,peer=1.00;history=0.00 (leg not built),0.9889,
CHTR,2026-08-10,2028-01-21,529,161.9831,0.942976,118,57,0.401,3.210,0.618243,0.691039,peer,0.1157,20,peer=1.00;history=0.00 (leg not built),0.9929,
CHTR,2026-08-11,2027-01-15,157,160.3966,0.983468,130,38,0.499,3.741,0.172281,0.169406,direct+peer,0.0692,20,direct=0.44;peer=0.56;history=0.00 (leg not built),0.9875,
CHTR,2026-08-11,2027-03-19,220,161.5051,0.976648,108,33,0.588,1.981,0.250669,0.276746,peer,0.1553,20,peer=1.00;history=0.00 (leg not built),0.9923,
CHTR,2026-08-11,2027-06-17,310,163.9970,0.967096,58,27,0.396,1.281,0.215061,,refused,,20,,0.9865,no leg survived: no arbitrage-free fit inside the 0.35 synthetic-share ceiling
CHTR,2026-08-11,2027-12-17,493,166.1719,0.947215,100,45,0.512,2.528,0.516956,0.603497,peer,0.1728,20,peer=1.00;history=0.00 (leg not built),0.9854,
CHTR,2026-08-11,2028-01-21,528,167.0247,0.943336,118,49,0.479,3.113,0.596726,0.667666,direct+peer,0.1462,20,direct=0.44;peer=0.56;history=0.00 (leg not built),0.9905,
CHTR,2026-08-12,2027-01-15,156,153.1191,0.983578,130,33,0.490,3.919,0.186260,0.173011,direct+peer,0.0097,20,direct=0.44;peer=0.56;history=0.00 (leg not built),0.9868,
CHTR,2026-08-12,2027-03-19,219,155.0102,0.976754,108,33,0.581,2.129,0.243741,0.269352,direct+peer,0.2021,20,direct=0.44;peer=0.56;history=0.00 (leg not built),0.9909,
CHTR,2026-08-12,2027-06-17,309,156.1993,0.967203,58,29,0.416,1.344,0.232244,,refused,,20,,0.9813,no leg survived: no arbitrage-free fit inside the 0.35 synthetic-share ceiling
CHTR,2026-08-12,2027-12-17,492,158.2794,0.947326,100,50,0.411,2.654,0.533251,0.592655,direct+peer,0.1242,20,direct=0.44;peer=0.56;history=0.00 (leg not built),0.9835,
CHTR,2026-08-12,2028-01-21,527,159.8410,0.943447,118,58,0.407,3.253,0.598244,0.650652,direct+peer,0.1084,20,direct=0.44;peer=0.56;history=0.00 (leg not built),0.9759,
CI,2026-08-06,2027-01-15,162,277.9143,0.982886,92,24,0.648,1.403,0.046612,0.046035,direct+peer,0.0582,20,direct=0.44;peer=0.56;history=0.00 (leg not built),0.9994,
CI,2026-08-06,2027-03-19,225,279.2145,0.976077,76,36,0.501,1.576,0.065193,0.065992,direct+peer,0.0314,20,direct=0.44;peer=0.56;history=0.00 (leg not built),0.9986,
CI,2026-08-06,2027-06-17,315,281.1038,0.966391,70,34,0.534,1.530,0.092606,0.095905,peer,0.0622,20,peer=1.00;history=0.00 (leg not built),0.9977,
CI,2026-08-06,2028-01-21,533,285.2349,0.942385,80,39,0.473,1.613,0.157632,0.168548,direct+peer,0.1054,20,direct=0.44;peer=0.56;history=0.00 (leg not built),0.9963,
CI,2026-08-07,2027-01-15,161,284.3399,0.983121,92,26,0.615,1.407,0.044863,0.045588,direct+peer,0.0760,20,direct=0.44;peer=0.56;history=0.00 (leg not built),0.9986,
CI,2026-08-07,2027-03-19,224,285.7599,0.976383,76,32,0.560,1.505,0.063975,0.064439,direct+peer,0.0408,20,direct=0.44;peer=0.56;history=0.00 (leg not built),0.9976,
CI,2026-08-07,2027-06-17,314,287.3833,0.966854,70,32,0.505,1.496,0.091180,0.095208,direct+peer,0.0838,20,direct=0.44;peer=0.56;history=0.00 (leg not built),0.9952,
CI,2026-08-07,2028-01-21,532,291.6327,0.943217,80,39,0.463,1.577,0.155209,0.167356,direct+peer,0.1046,20,direct=0.44;peer=0.56;history=0.00 (leg not built),0.9968,
CI,2026-08-10,2027-01-15,158,281.4238,0.983317,92,26,0.640,1.492,0.043689,0.043511,direct+peer,0.0502,20,direct=0.44;peer=0.56;history=0.00 (leg not built),0.9990,
CI,2026-08-10,2027-03-19,221,282.5431,0.976485,76,34,0.531,1.557,0.062464,0.063746,direct+peer,0.0453,20,direct=0.44;peer=0.56;history=0.00 (leg not built),0.9985,
CI,2026-08-10,2027-06-17,311,284.2403,0.966911,70,33,0.528,1.513,0.088050,0.092378,direct+peer,0.0819,20,direct=0.44;peer=0.56;history=0.00 (leg not built),0.9967,
CI,2026-08-10,2028-01-21,529,288.1654,0.942976,80,39,0.468,1.596,0.152431,0.166423,peer,0.1034,20,peer=1.00;history=0.00 (leg not built),0.9954,
CI,2026-08-11,2027-01-15,157,275.2040,0.983468,92,21,0.672,1.381,0.043250,0.042596,direct+peer,0.0611,20,direct=0.44;peer=0.56;history=0.00 (leg not built),0.9966,
CI,2026-08-11,2027-03-19,220,276.2627,0.976648,76,28,0.525,1.556,0.062295,0.063096,direct+peer,0.0328,20,direct=0.44;peer=0.56;history=0.00 (leg not built),0.9975,
CI,2026-08-11,2027-06-17,310,277.7769,0.967096,70,29,0.594,1.476,0.088685,0.092376,direct+peer,0.0929,20,direct=0.44;peer=0.56;history=0.00 (leg not built),0.9969,
CI,2026-08-11,2028-01-21,528,282.3852,0.943336,80,36,0.549,1.629,0.154587,0.163012,direct+peer,0.1098,20,direct=0.44;peer=0.56;history=0.00 (leg not built),0.9965,
CI,2026-08-12,2027-01-15,156,279.8136,0.983578,92,24,0.625,1.358,0.041409,0.041640,direct+peer,0.0646,20,direct=0.44;peer=0.56;history=0.00 (leg not built),0.9981,
CI,2026-08-12,2027-03-19,219,281.0750,0.976754,76,34,0.534,1.565,0.060828,0.061071,direct+peer,0.0281,20,direct=0.44;peer=0.56;history=0.00 (leg not built),0.9981,
CI,2026-08-12,2027-06-17,309,283.2568,0.967203,70,33,0.512,1.483,0.085087,0.087876,direct+peer,0.0608,20,direct=0.44;peer=0.56;history=0.00 (leg not built),0.9991,
CI,2026-08-12,2028-01-21,527,286.8308,0.943447,80,40,0.471,1.604,0.151187,0.160592,direct+peer,0.0875,20,direct=0.44;peer=0.56;history=0.00 (leg not built),0.9952,
CIEN,2026-08-06,2027-01-15,162,412.7877,0.982886,226,75,0.327,2.180,0.340905,0.394419,direct+peer,0.1529,20,direct=0.44;peer=0.56;history=0.00 (leg not built),0.9982,
CIEN,2026-08-06,2027-03-19,225,416.3015,0.976077,148,74,0.396,2.162,0.452330,0.580906,direct+peer,0.2465,20,direct=0.44;peer=0.56;history=0.00 (leg not built),0.9932,
CIEN,2026-08-06,2027-06-17,315,419.8241,0.966391,144,72,0.393,2.144,0.582066,0.812900,direct,0.3037,20,direct=1.00;history=0.00 (leg not built),0.9983,
CIEN,2026-08-06,2028-01-21,533,428.2643,0.942385,182,85,0.234,2.102,0.829626,,refused,,20,,0.9929,no leg survived: no arbitrage-free fit inside the 0.35 synthetic-share ceiling
CIEN,2026-08-07,2027-01-15,161,418.9218,0.983121,226,74,0.298,2.148,0.313944,0.366586,direct+peer,0.1597,20,direct=0.44;peer=0.56;history=0.00 (leg not built),0.9963,
CIEN,2026-08-07,2027-03-19,224,422.4171,0.976383,148,74,0.391,2.131,0.416240,0.528180,peer,0.2230,20,peer=1.00;history=0.00 (leg not built),0.9905,
CIEN,2026-08-07,2027-06-17,314,425.3753,0.966854,144,72,0.388,2.116,0.549729,0.786329,direct+peer,0.3308,20,direct=0.44;peer=0.56;history=0.00 (leg not built),0.9897,
CIEN,2026-08-07,2028-01-21,532,435.0625,0.943217,182,85,0.230,2.069,0.795616,,refused,,20,,0.9941,no leg survived: no arbitrage-free fit inside the 0.35 synthetic-share ceiling
CIEN,2026-08-10,2027-01-15,158,396.8067,0.983317,226,80,0.302,2.268,0.305581,0.346937,direct+peer,0.1283,20,direct=0.44;peer=0.56;history=0.00 (leg not built),0.9969,
CIEN,2026-08-10,2027-03-19,221,399.6928,0.976485,148,74,0.413,2.252,0.416833,0.519614,peer,0.2101,20,peer=1.00;history=0.00 (leg not built),0.9957,
CIEN,2026-08-10,2027-06-17,311,403.7335,0.966911,144,72,0.409,2.229,0.554213,0.774885,peer,0.2996,20,peer=1.00;history=0.00 (leg not built),0.9946,
CIEN,2026-08-10,2028-01-21,529,412.3330,0.942976,182,87,0.218,2.183,0.818580,,refused,,20,,0.9885,no leg survived: no arbitrage-free fit inside the 0.35 synthetic-share ceiling
CIEN,2026-08-11,2027-01-15,157,393.9046,0.983468,226,76,0.317,2.285,0.288203,0.314424,direct+peer,0.0922,20,direct=0.44;peer=0.56;history=0.00 (leg not built),0.9943,
CIEN,2026-08-11,2027-03-19,220,396.8566,0.976648,148,73,0.428,2.268,0.404759,0.478623,direct+peer,0.1741,20,direct=0.44;peer=0.56;history=0.00 (leg not built),0.9964,
CIEN,2026-08-11,2027-06-17,310,400.5687,0.967096,144,72,0.412,2.247,0.536521,0.729999,peer,0.2783,20,peer=1.00;history=0.00 (leg not built),0.9911,
CIEN,2026-08-11,2028-01-21,528,409.9576,0.943336,182,85,0.244,2.195,0.793047,,refused,,20,,0.9980,no leg survived: no arbitrage-free fit inside the 0.35 synthetic-share ceiling
CIEN,2026-08-12,2027-01-15,156,440.5374,0.983578,226,72,0.318,2.043,0.280164,0.316656,direct+peer,0.1254,20,direct=0.44;peer=0.56;history=0.00 (leg not built),0.9953,
CIEN,2026-08-12,2027-03-19,219,445.0239,0.976754,148,72,0.371,2.022,0.380820,0.471438,direct+peer,0.2186,20,direct=0.44;peer=0.56;history=0.00 (leg not built),0.9950,
CIEN,2026-08-12,2027-06-17,309,449.1876,0.967203,144,72,0.367,2.004,0.507885,0.734761,peer,0.3206,20,peer=1.00;history=0.00 (leg not built),0.9956,
CIEN,2026-08-12,2028-01-21,527,457.2139,0.943447,182,86,0.208,1.968,0.740554,,refused,,20,,0.9920,no leg survived: no arbitrage-free fit inside the 0.35 synthetic-share ceiling
CINF,2026-08-06,2027-03-19,225,181.0757,0.976077,50,13,0.801,1.160,0.044901,0.041272,direct+peer,0.2762,20,direct=0.44;peer=0.56;history=0.00 (leg not built),0.9973,
CINF,2026-08-07,2027-03-19,224,178.8632,0.976383,50,13,0.811,1.174,0.046652,0.040602,direct+peer,0.2548,20,direct=0.44;peer=0.56;history=0.00 (leg not built),0.9985,
CINF,2026-08-10,2027-03-19,221,176.0343,0.976485,50,14,0.795,1.193,0.044676,0.041028,peer,0.2203,20,peer=1.00;history=0.00 (leg not built),0.9932,
CINF,2026-08-11,2027-03-19,220,174.9898,0.976648,50,14,0.771,1.143,0.042341,0.041919,peer,0.2697,20,peer=1.00;history=0.00 (leg not built),0.9980,
CINF,2026-08-12,2027-03-19,219,174.4062,0.976754,50,13,0.803,1.147,0.044479,0.039955,peer,0.2365,20,peer=1.00;history=0.00 (leg not built),0.9964,
CL,2026-08-06,2027-01-15,162,94.0742,0.982886,54,13,0.744,1.222,0.031938,0.030004,direct+peer,0.1245,20,direct=0.44;peer=0.56;history=0.00 (leg not built),0.9910,
CL,2026-08-06,2027-02-19,197,93.9173,0.979077,42,13,0.799,1.224,0.042946,0.037982,direct+peer,0.2007,20,direct=0.44;peer=0.56;history=0.00 (leg not built),0.9885,
CL,2026-08-06,2027-03-19,225,94.1497,0.976077,48,15,0.743,1.328,0.050436,0.044264,peer,0.1318,20,peer=1.00;history=0.00 (leg not built),0.9955,
CL,2026-08-06,2027-06-17,315,94.5964,0.966391,44,16,0.687,1.321,0.068501,0.072203,peer,0.2401,20,peer=1.00;history=0.00 (leg not built),0.9961,
CL,2026-08-06,2028-01-21,533,95.7110,0.942385,50,17,0.575,1.254,0.096927,0.112953,direct+peer,0.2800,20,direct=0.44;peer=0.56;history=0.00 (leg not built),0.9940,
CL,2026-08-07,2027-01-15,161,94.2066,0.983121,54,15,0.690,1.274,0.030021,0.028958,direct+peer,0.0973,20,direct=0.44;peer=0.56;history=0.00 (leg not built),0.9900,
CL,2026-08-07,2027-02-19,196,93.8462,0.979343,42,14,0.799,1.332,0.043767,0.036486,peer,0.1145,20,peer=1.00;history=0.00 (leg not built),0.9913,
CL,2026-08-07,2027-03-19,224,94.2831,0.976383,48,15,0.742,1.379,0.050738,0.041370,peer,0.0761,20,peer=1.00;history=0.00 (leg not built),0.9944,
CL,2026-08-07,2027-06-17,314,94.6897,0.966854,44,15,0.581,1.320,0.063387,0.066417,direct+peer,0.2401,20,direct=0.44;peer=0.56;history=0.00 (leg not built),0.9904,
CL,2026-08-07,2028-01-21,532,96.0512,0.943217,50,18,0.521,1.249,0.089894,0.106740,direct+peer,0.2682,20,direct=0.44;peer=0.56;history=0.00 (leg not built),0.9880,
CL,2026-08-10,2027-01-15,158,94.0034,0.983317,54,14,0.691,1.223,0.029124,0.028343,direct+peer,0.0901,20,direct=0.44;peer=0.56;history=0.00 (leg not built),0.9928,
CL,2026-08-10,2027-02-19,193,94.0097,0.979464,42,11,0.798,1.117,0.037126,0.036813,direct+peer,0.2775,20,direct=0.44;peer=0.56;history=0.00 (leg not built),0.9935,
CL,2026-08-10,2027-03-19,221,94.1193,0.976485,48,15,0.744,1.328,0.049811,0.043498,peer,0.1220,20,peer=1.00;history=0.00 (leg not built),0.9925,
CL,2026-08-10,2027-06-17,311,94.5139,0.966911,44,13,0.635,1.164,0.053011,0.060645,direct+peer,0.2484,20,direct=0.44;peer=0.56;history=0.00 (leg not built),0.9936,
CL,2026-08-10,2028-01-21,529,96.0181,0.942976,50,18,0.521,1.250,0.087721,0.100993,direct+peer,0.2067,20,direct=0.44;peer=0.56;history=0.00 (leg not built),0.9819,
CL,2026-08-11,2027-01-15,157,93.5866,0.983468,54,15,0.695,1.336,0.028450,0.027242,direct+peer,0.1129,20,direct=0.44;peer=0.56;history=0.00 (leg not built),0.9905,
CL,2026-08-11,2027-02-19,192,93.5667,0.979620,42,11,0.802,1.122,0.038791,0.033438,peer,0.2638,20,peer=1.00;history=0.00 (leg not built),0.9926,
CL,2026-08-11,2027-03-19,220,93.8020,0.976648,48,14,0.746,1.279,0.045675,0.041587,peer,0.1278,20,peer=1.00;history=0.00 (leg not built),0.9921,
CL,2026-08-11,2027-06-17,310,94.2452,0.967096,44,15,0.637,1.220,0.054279,0.058584,direct+peer,0.1702,20,direct=0.44;peer=0.56;history=0.00 (leg not built),0.9945,
CL,2026-08-11,2028-01-21,528,95.6254,0.943336,50,19,0.523,1.307,0.090641,0.099651,direct+peer,0.1490,20,direct=0.44;peer=0.56;history=0.00 (leg not built),0.9946,
CL,2026-08-12,2027-01-15,156,93.4557,0.983578,54,14,0.696,1.284,0.028818,0.027871,direct+peer,0.1155,20,direct=0.44;peer=0.56;history=0.00 (leg not built),0.9938,
CL,2026-08-12,2027-02-19,191,93.1839,0.979726,42,12,0.751,1.234,0.039136,0.035200,peer,0.1196,20,peer=1.00;history=0.00 (leg not built),0.9929,
CL,2026-08-12,2027-03-19,219,93.3907,0.976754,48,12,0.750,1.178,0.043872,0.039441,peer,0.1716,20,peer=1.00;history=0.00 (leg not built),0.9899,
CL,2026-08-12,2027-06-17,309,94.0902,0.967203,44,14,0.638,1.169,0.054627,0.062926,direct+peer,0.2586,20,direct=0.44;peer=0.56;history=0.00 (leg not built),0.9861,
CL,2026-08-12,2028-01-21,527,94.7032,0.943447,50,18,0.528,1.267,0.090099,0.102098,direct+peer,0.1835,20,direct=0.44;peer=0.56;history=0.00 (leg not built),0.9968,
CLX,2026-08-06,2027-01-15,162,104.8983,0.982886,74,16,0.667,1.382,0.053212,0.053503,peer,0.0755,20,peer=1.00;history=0.00 (leg not built),0.9977,
CLX,2026-08-06,2027-03-19,225,104.9658,0.976077,40,16,0.667,1.381,0.075772,0.079245,direct+peer,0.1547,20,direct=0.44;peer=0.56;history=0.00 (leg not built),0.9973,
CLX,2026-08-06,2028-01-21,533,105.3714,0.942385,58,27,0.522,1.756,0.174561,0.197252,peer,0.1528,20,peer=1.00;history=0.00 (leg not built),0.9962,
CLX,2026-08-07,2027-01-15,161,104.4575,0.983121,74,19,0.574,1.484,0.048999,0.054840,direct+peer,0.2398,20,direct=0.44;peer=0.56;history=0.00 (leg not built),0.9914,
CLX,2026-08-07,2027-03-19,224,105.0000,0.976383,40,15,0.667,1.333,0.070160,0.072523,peer,0.1102,20,peer=1.00;history=0.00 (leg not built),0.9973,
CLX,2026-08-07,2028-01-21,532,104.8233,0.943217,58,25,0.525,1.717,0.169541,0.178220,direct+peer,0.0986,20,direct=0.44;peer=0.56;history=0.00 (leg not built),0.9928,
CLX,2026-08-10,2027-01-15,158,106.7627,0.983317,74,22,0.562,1.686,0.049886,0.058906,direct+peer,0.2986,20,direct=0.44;peer=0.56;history=0.00 (leg not built),0.9911,
CLX,2026-08-10,2027-03-19,221,106.3484,0.976485,40,15,0.658,1.316,0.069993,0.075692,direct+peer,0.1598,20,direct=0.44;peer=0.56;history=0.00 (leg not built),0.9982,
CLX,2026-08-10,2028-01-21,529,106.7321,0.942976,58,24,0.515,1.686,0.164772,0.172456,peer,0.0796,20,peer=1.00;history=0.00 (leg not built),0.9904,
CLX,2026-08-11,2027-01-15,157,107.3217,0.983468,74,18,0.559,1.491,0.048731,0.049763,peer,0.0379,20,peer=1.00;history=0.00 (leg not built),0.9979,
CLX,2026-08-11,2027-03-19,220,107.2185,0.976648,44,16,0.653,1.352,0.065510,0.069233,peer,0.1180,20,peer=1.00;history=0.00 (leg not built),0.9873,
CLX,2026-08-11,2028-01-21,528,107.1555,0.943336,58,25,0.513,1.680,0.166410,0.177258,direct+peer,0.0999,20,direct=0.44;peer=0.56;history=0.00 (leg not built),0.9919,
CLX,2026-08-12,2027-01-15,156,106.7962,0.983578,74,20,0.562,1.498,0.046487,0.047210,peer,0.0328,20,peer=1.00;history=0.00 (leg not built),0.9930,
CLX,2026-08-12,2027-03-19,219,106.4674,0.976754,44,17,0.611,1.362,0.065357,0.067912,direct+peer,0.0969,20,direct=0.44;peer=0.56;history=0.00 (leg not built),0.9936,
CLX,2026-08-12,2028-01-21,527,106.7136,0.943447,58,24,0.515,1.687,0.161652,0.173779,peer,0.0995,20,peer=1.00;history=0.00 (leg not built),0.9972,
CMCSA,2026-08-06,2027-01-15,162,25.0661,0.982886,38,14,0.698,1.396,0.062496,0.060979,peer,0.0962,20,peer=1.00;history=0.00 (leg not built),0.9974,
CMCSA,2026-08-06,2027-03-19,225,25.2544,0.976077,42,14,0.634,1.386,0.084165,0.083882,peer,0.1076,20,peer=1.00;history=0.00 (leg not built),0.9908,
CMCSA,2026-08-06,2027-06-17,315,25.2104,0.966391,26,12,0.516,1.785,0.123611,0.125804,direct+peer,0.0637,20,direct=0.44;peer=0.56;history=0.00 (leg not built),0.9541,
CMCSA,2026-08-06,2027-12-17,498,25.2845,0.946290,26,10,0.593,1.582,0.190898,0.208705,direct+peer,0.1811,20,direct=0.44;peer=0.56;history=0.00 (leg not built),0.9339,
CMCSA,2026-08-06,2028-01-21,533,25.1875,0.942385,26,13,0.516,1.787,0.213931,0.232287,direct+peer,0.1232,20,direct=0.44;peer=0.56;history=0.00 (leg not built),0.9558,
CMCSA,2026-08-07,2027-01-15,161,25.3441,0.983121,38,15,0.631,1.578,0.059523,0.057909,peer,0.0384,20,peer=1.00;history=0.00 (leg not built),0.9943,
CMCSA,2026-08-07,2027-03-19,224,25.3721,0.976383,42,16,0.591,1.458,0.083360,0.085876,direct+peer,0.0750,20,direct=0.44;peer=0.56;history=0.00 (leg not built),0.9971,
CMCSA,2026-08-07,2027-06-17,314,25.3775,0.966854,26,11,0.512,1.773,0.132433,0.133995,direct+peer,0.0525,20,direct=0.44;peer=0.56;history=0.00 (leg not built),0.9604,
CMCSA,2026-08-07,2027-12-17,497,25.4505,0.947065,26,12,0.511,1.572,0.199090,0.230935,peer,0.1774,20,peer=1.00;history=0.00 (leg not built),0.9422,
CMCSA,2026-08-07,2028-01-21,532,25.6692,0.943217,26,12,0.506,1.753,0.198639,0.220635,peer,0.1035,20,peer=1.00;history=0.00 (leg not built),0.9201,
CMCSA,2026-08-10,2027-01-15,158,25.0949,0.983317,38,12,0.697,1.594,0.060456,0.056593,direct+peer,0.0745,20,direct=0.44;peer=0.56;history=0.00 (leg not built),0.9882,
CMCSA,2026-08-10,2027-03-19,221,25.1843,0.976485,42,12,0.596,1.390,0.081644,0.083045,direct+peer,0.1086,20,direct=0.44;peer=0.56;history=0.00 (leg not built),0.9927,
CMCSA,2026-08-10,2027-06-17,311,25.3629,0.966911,26,10,0.513,1.577,0.115750,0.119892,direct+peer,0.0887,20,direct=0.44;peer=0.56;history=0.00 (leg not built),0.9473,
CMCSA,2026-08-10,2027-12-17,494,24.8134,0.946894,26,11,0.605,1.612,0.181515,0.199144,direct+peer,0.1917,20,direct=0.44;peer=0.56;history=0.00 (leg not built),0.9741,
CMCSA,2026-08-10,2028-01-21,529,25.1290,0.942976,26,12,0.597,1.791,0.189539,0.193585,direct+peer,0.1663,20,direct=0.44;peer=0.56;history=0.00 (leg not built),0.9747,
CMCSA,2026-08-11,2027-01-15,157,25.3898,0.983468,38,14,0.630,1.477,0.057024,0.056485,direct+peer,0.0590,20,direct=0.44;peer=0.56;history=0.00 (leg not built),0.9889,
CMCSA,2026-08-11,2027-03-19,220,25.8652,0.976648,42,8,0.889,1.430,0.116807,0.082931,peer,0.3099,20,peer=1.00;history=0.00 (leg not built),0.9718,
CMCSA,2026-08-11,2027-06-17,310,25.5101,0.967096,26,9,0.510,1.764,0.122924,0.121806,peer,0.0471,20,peer=1.00;history=0.00 (leg not built),0.9644,
CMCSA,2026-08-11,2027-12-17,493,25.5665,0.947215,26,10,0.587,1.760,0.190162,0.197501,direct+peer,0.1091,20,direct=0.44;peer=0.56;history=0.00 (leg not built),0.9239,
CMCSA,2026-08-11,2028-01-21,528,26.0763,0.943336,26,10,0.671,1.726,0.190410,0.199471,direct+peer,0.1942,20,direct=0.44;peer=0.56;history=0.00 (leg not built),0.9332,
CMCSA,2026-08-12,2027-01-15,156,25.4575,0.983578,38,16,0.687,1.768,0.057805,0.054742,direct+peer,0.0516,20,direct=0.44;peer=0.56;history=0.00 (leg not built),0.9913,
CMCSA,2026-08-12,2027-03-19,219,25.2133,0.976754,42,11,0.516,1.388,0.082940,0.085470,peer,0.0940,20,peer=1.00;history=0.00 (leg not built),0.9723,
CMCSA,2026-08-12,2027-06-17,309,25.3205,0.967203,26,10,0.513,1.777,0.121045,0.120121,peer,0.0385,20,peer=1.00;history=0.00 (leg not built),0.9901,
CMCSA,2026-08-12,2027-12-17,492,25.7248,0.947326,26,13,0.505,1.749,0.193238,0.205417,direct+peer,0.1002,20,direct=0.44;peer=0.56;history=0.00 (leg not built),0.9484,
CMCSA,2026-08-12,2028-01-21,527,25.5706,0.943447,26,12,0.508,1.760,0.191359,0.203940,direct+peer,0.1036,20,direct=0.44;peer=0.56;history=0.00 (leg not built),0.9535,
CME,2026-08-06,2027-01-15,162,266.4221,0.982886,92,14,0.732,1.201,0.036755,0.041540,direct+peer,0.2902,20,direct=0.44;peer=0.56;history=0.00 (leg not built),0.9976,
CME,2026-08-06,2027-03-19,225,263.9785,0.976077,92,22,0.606,1.364,0.058702,0.060609,peer,0.1055,20,peer=1.00;history=0.00 (leg not built),0.9964,
CME,2026-08-06,2027-06-17,315,264.0874,0.966391,74,22,0.701,1.439,0.082996,0.086441,peer,0.1801,20,peer=1.00;history=0.00 (leg not built),0.9985,
CME,2026-08-06,2028-01-21,533,266.8696,0.942385,92,37,0.581,1.761,0.146005,0.152146,direct+peer,0.1160,20,direct=0.44;peer=0.56;history=0.00 (leg not built),0.9977,
CME,2026-08-07,2027-01-15,161,266.2026,0.983121,92,15,0.714,1.202,0.035558,0.037690,direct+peer,0.1693,20,direct=0.44;peer=0.56;history=0.00 (leg not built),0.9961,
CME,2026-08-07,2027-03-19,224,263.9090,0.976383,92,24,0.587,1.364,0.058201,0.060420,direct+peer,0.1011,20,direct=0.44;peer=0.56;history=0.00 (leg not built),0.9972,
CME,2026-08-07,2027-06-17,314,263.5510,0.966854,74,21,0.702,1.404,0.082743,0.087187,direct+peer,0.2410,20,direct=0.44;peer=0.56;history=0.00 (leg not built),0.9961,
CME,2026-08-07,2028-01-21,532,266.4307,0.943217,92,39,0.544,1.802,0.143377,0.151836,direct+peer,0.1415,20,direct=0.44;peer=0.56;history=0.00 (leg not built),0.9989,
CME,2026-08-10,2027-01-15,158,265.9660,0.983317,92,16,0.677,1.203,0.034126,0.037026,peer,0.1666,20,peer=1.00;history=0.00 (leg not built),0.9997,
CME,2026-08-10,2027-03-19,221,264.3011,0.976485,92,24,0.586,1.362,0.058113,0.061863,direct+peer,0.1229,20,direct=0.44;peer=0.56;history=0.00 (leg not built),0.9966,
CME,2026-08-10,2027-06-17,311,264.0335,0.966911,74,24,0.663,1.439,0.082106,0.085927,direct+peer,0.1704,20,direct=0.44;peer=0.56;history=0.00 (leg not built),0.9981,
CME,2026-08-10,2028-01-21,529,266.8893,0.942976,92,40,0.525,1.798,0.144449,0.151835,direct+peer,0.1255,20,direct=0.44;peer=0.56;history=0.00 (leg not built),0.9984,
CME,2026-08-11,2027-01-15,157,261.1185,0.983468,92,14,0.728,1.187,0.034607,0.034259,peer,0.1388,20,peer=1.00;history=0.00 (leg not built),0.9990,
CME,2026-08-11,2027-03-19,220,259.0955,0.976648,92,23,0.618,1.389,0.058453,0.060016,direct+peer,0.1198,20,direct=0.44;peer=0.56;history=0.00 (leg not built),0.9946,
CME,2026-08-11,2027-06-17,310,259.1900,0.967096,74,22,0.694,1.428,0.080758,,refused,,20,,0.9997,no leg survived: no arbitrage-free fit inside the 0.35 synthetic-share ceiling
CME,2026-08-11,2028-01-21,528,261.8374,0.943336,92,38,0.554,1.757,0.136596,0.140894,direct+peer,0.0952,20,direct=0.44;peer=0.56;history=0.00 (leg not built),0.9974,
CME,2026-08-12,2027-01-15,156,264.0329,0.983578,92,16,0.682,1.212,0.033796,0.033813,peer,0.1219,20,peer=1.00;history=0.00 (leg not built),0.9980,
CME,2026-08-12,2027-03-19,219,262.1500,0.976754,92,24,0.534,1.373,0.054719,0.055872,direct+peer,0.0515,20,direct=0.44;peer=0.56;history=0.00 (leg not built),0.9985,
CME,2026-08-12,2027-06-17,309,262.1023,0.967203,74,22,0.687,1.412,0.078344,0.079994,peer,0.1508,20,peer=1.00;history=0.00 (leg not built),0.9974,
CME,2026-08-12,2028-01-21,527,265.0171,0.943447,92,38,0.547,1.736,0.133274,0.138568,direct+peer,0.1056,20,direct=0.44;peer=0.56;history=0.00 (leg not built),0.9963,
CMG,2026-08-06,2027-01-15,162,34.2848,0.982886,54,26,0.510,2.771,0.081449,0.080119,direct+peer,0.0217,20,direct=0.44;peer=0.56;history=0.00 (leg not built),0.9934,
CMG,2026-08-06,2027-03-19,225,34.5103,0.976077,32,14,0.580,1.594,0.111541,0.116176,direct+peer,0.0927,20,direct=0.44;peer=0.56;history=0.00 (leg not built),0.9954,
CMG,2026-08-06,2027-06-17,315,34.9400,0.966391,34,16,0.501,1.717,0.155687,0.163625,direct+peer,0.0850,20,direct=0.44;peer=0.56;history=0.00 (leg not built),0.9935,
CMG,2026-08-06,2028-01-21,533,35.9752,0.942385,34,17,0.417,1.668,0.238717,0.279756,direct+peer,0.1748,20,direct=0.44;peer=0.56;history=0.00 (leg not built),0.9666,
CMG,2026-08-07,2027-01-15,161,33.3985,0.983121,54,25,0.524,2.844,0.079516,0.080922,direct+peer,0.0828,20,direct=0.44;peer=0.56;history=0.00 (leg not built),0.9945,
CMG,2026-08-07,2027-03-19,224,33.6812,0.976383,32,15,0.520,1.633,0.107741,0.112951,peer,0.0685,20,peer=1.00;history=0.00 (leg not built),0.9969,
CMG,2026-08-07,2027-06-17,314,33.9450,0.966854,34,16,0.516,1.768,0.153177,0.159434,direct+peer,0.0734,20,direct=0.44;peer=0.56;history=0.00 (leg not built),0.9886,
CMG,2026-08-07,2028-01-21,532,34.9046,0.943217,34,17,0.430,1.719,0.241494,0.280255,direct+peer,0.1621,20,direct=0.44;peer=0.56;history=0.00 (leg not built),0.9745,
CMG,2026-08-10,2027-01-15,158,32.8441,0.983317,54,24,0.533,2.892,0.078625,0.082357,direct+peer,0.1365,20,direct=0.44;peer=0.56;history=0.00 (leg not built),0.9949,
CMG,2026-08-10,2027-03-19,221,33.1571,0.976485,32,15,0.528,1.659,0.107471,0.112026,direct+peer,0.0785,20,direct=0.44;peer=0.56;history=0.00 (leg not built),0.9966,
CMG,2026-08-10,2027-06-17,311,33.5084,0.966911,34,15,0.597,1.791,0.157151,0.166704,direct+peer,0.1938,20,direct=0.44;peer=0.56;history=0.00 (leg not built),0.9957,
CMG,2026-08-10,2028-01-21,529,34.3319,0.942976,34,17,0.437,1.748,0.242337,0.275635,direct+peer,0.1480,20,direct=0.44;peer=0.56;history=0.00 (leg not built),0.9605,
CMG,2026-08-11,2027-01-15,157,32.6085,0.983468,54,24,0.537,2.913,0.078880,0.076793,direct+peer,0.0115,20,direct=0.44;peer=0.56;history=0.00 (leg not built),0.9954,
CMG,2026-08-11,2027-03-19,220,32.7730,0.976648,32,14,0.610,1.678,0.106805,0.109777,direct+peer,0.0820,20,direct=0.44;peer=0.56;history=0.00 (leg not built),0.9924,
CMG,2026-08-11,2027-06-17,310,33.1980,0.967096,34,15,0.602,1.807,0.152391,0.155166,direct+peer,0.0952,20,direct=0.44;peer=0.56;history=0.00 (leg not built),0.9904,
CMG,2026-08-11,2028-01-21,528,34.1360,0.943336,34,17,0.439,1.758,0.239495,0.273647,direct+peer,0.1434,20,direct=0.44;peer=0.56;history=0.00 (leg not built),0.9752,
CMG,2026-08-12,2027-01-15,156,33.3184,0.983578,54,26,0.450,2.851,0.077458,0.077008,direct+peer,0.0259,20,direct=0.44;peer=0.56;history=0.00 (leg not built),0.9977,
CMG,2026-08-12,2027-03-19,219,33.5153,0.976754,32,14,0.448,1.641,0.104805,0.109634,direct+peer,0.0707,20,direct=0.44;peer=0.56;history=0.00 (leg not built),0.9995,
CMG,2026-08-12,2027-06-17,309,33.7531,0.967203,34,16,0.518,1.778,0.149094,0.155797,direct+peer,0.0725,20,direct=0.44;peer=0.56;history=0.00 (leg not built),0.9924,
CMG,2026-08-12,2028-01-21,527,34.6926,0.943447,34,17,0.432,1.729,0.235499,0.272133,direct+peer,0.1613,20,direct=0.44;peer=0.56;history=0.00 (leg not built),0.9842,
CMI,2026-08-06,2027-03-19,225,653.7167,0.976077,138,60,0.551,1.652,0.100975,0.105257,direct+peer,0.0755,20,direct=0.44;peer=0.56;history=0.00 (leg not built),0.9988,
CMI,2026-08-06,2027-06-17,315,658.7468,0.966391,116,57,0.486,1.609,0.134835,0.152418,peer,0.1203,20,peer=1.00;history=0.00 (leg not built),0.9983,
CMI,2026-08-07,2027-03-19,224,654.2276,0.976383,138,62,0.520,1.651,0.096789,0.100874,direct+peer,0.0740,20,direct=0.44;peer=0.56;history=0.00 (leg not built),0.9989,
CMI,2026-08-07,2027-06-17,314,658.9025,0.966854,116,58,0.470,1.609,0.132209,0.144377,peer,0.0942,20,peer=1.00;history=0.00 (leg not built),0.9970,
CMI,2026-08-10,2027-03-19,221,644.0053,0.976485,138,59,0.575,1.677,0.094615,0.096901,direct+peer,0.0640,20,direct=0.44;peer=0.56;history=0.00 (leg not built),0.9984,
CMI,2026-08-10,2027-06-17,311,649.0117,0.966911,116,58,0.478,1.633,0.129495,0.141822,peer,0.0931,20,peer=1.00;history=0.00 (leg not built),0.9975,
CMI,2026-08-11,2027-03-19,220,642.7077,0.976648,138,60,0.545,1.680,0.091766,0.095479,peer,0.0503,20,peer=1.00;history=0.00 (leg not built),0.9987,
CMI,2026-08-11,2027-06-17,310,647.2713,0.967096,116,57,0.494,1.638,0.126326,0.136405,peer,0.0839,20,peer=1.00;history=0.00 (leg not built),0.9986,
CMI,2026-08-12,2027-03-19,219,647.0935,0.976754,138,58,0.572,1.638,0.089156,0.090984,direct+peer,0.0541,20,direct=0.44;peer=0.56;history=0.00 (leg not built),0.9978,
CMI,2026-08-12,2027-06-17,309,651.7404,0.967203,116,56,0.506,1.626,0.123477,0.129989,direct+peer,0.0742,20,direct=0.44;peer=0.56;history=0.00 (leg not built),0.9984,
CMS,2026-08-07,2027-03-19,224,71.2191,0.976383,30,4,0.842,1.053,,,refused,,0,,0.9911,only 4 invertible quotes
CMS,2026-08-10,2027-03-19,221,70.2253,0.976485,30,6,0.783,1.139,,0.033643,peer,0.2308,20,peer=1.00;history=0.00 (leg not built),0.9979,
CMS,2026-08-11,2027-03-19,220,70.0358,0.976648,30,7,0.643,1.142,,0.031866,direct+peer,0.1518,20,direct=0.44;peer=0.56;history=0.00 (leg not built),0.9910,
CMS,2026-08-12,2027-03-19,219,70.3123,0.976754,30,7,0.711,1.138,,0.028339,peer,0.1282,20,peer=1.00;history=0.00 (leg not built),0.9896,
CNC,2026-08-06,2027-01-15,162,65.2628,0.982886,70,31,0.345,1.762,0.096534,0.100433,direct+peer,0.0458,20,direct=0.44;peer=0.56;history=0.00 (leg not built),0.9892,
CNC,2026-08-06,2027-03-19,225,65.8452,0.976077,58,21,0.570,1.519,0.136326,0.149926,direct+peer,0.1458,20,direct=0.44;peer=0.56;history=0.00 (leg not built),0.9974,
CNC,2026-08-06,2027-06-17,315,66.3100,0.966391,48,22,0.528,1.508,0.183330,0.224896,direct+peer,0.2392,20,direct=0.44;peer=0.56;history=0.00 (leg not built),0.9971,
CNC,2026-08-06,2028-01-21,533,68.4197,0.942385,58,26,0.365,1.462,0.256736,0.372932,direct+peer,0.3311,20,direct=0.44;peer=0.56;history=0.00 (leg not built),0.9979,
CNC,2026-08-07,2027-01-15,161,66.3981,0.983121,70,30,0.377,1.732,0.093403,0.097470,direct+peer,0.0529,20,direct=0.44;peer=0.56;history=0.00 (leg not built),0.9921,
CNC,2026-08-07,2027-03-19,224,67.0050,0.976383,58,20,0.597,1.492,0.136251,0.158618,peer,0.2053,20,peer=1.00;history=0.00 (leg not built),0.9967,
CNC,2026-08-07,2027-06-17,314,67.9051,0.966854,48,21,0.552,1.473,0.184792,0.213935,peer,0.2150,20,peer=1.00;history=0.00 (leg not built),0.9961,
CNC,2026-08-07,2028-01-21,532,69.3020,0.943217,58,25,0.325,1.443,0.254296,0.361288,direct,0.3044,20,direct=1.00;history=0.00 (leg not built),0.9915,
CNC,2026-08-10,2027-01-15,158,67.9915,0.983317,70,28,0.368,1.691,0.090522,0.095518,direct+peer,0.0569,20,direct=0.44;peer=0.56;history=0.00 (leg not built),0.9894,
CNC,2026-08-10,2027-03-19,221,68.3875,0.976485,58,23,0.475,1.462,0.129741,0.155605,direct+peer,0.2031,20,direct=0.44;peer=0.56;history=0.00 (leg not built),0.9958,
CNC,2026-08-10,2027-06-17,311,68.9141,0.966911,48,23,0.435,1.451,0.173102,0.225095,peer,0.2467,20,peer=1.00;history=0.00 (leg not built),0.9986,
CNC,2026-08-10,2028-01-21,529,70.4330,0.942976,58,27,0.284,1.420,0.245501,0.337786,direct,0.2749,20,direct=1.00;history=0.00 (leg not built),0.9851,
CNC,2026-08-11,2027-01-15,157,66.1188,0.983468,70,26,0.529,1.739,0.087919,0.088994,direct+peer,0.0467,20,direct=0.44;peer=0.56;history=0.00 (leg not built),0.9913,
CNC,2026-08-11,2027-03-19,220,66.5017,0.976648,58,23,0.489,1.504,0.124792,0.143250,direct+peer,0.1483,20,direct=0.44;peer=0.56;history=0.00 (leg not built),0.9933,
CNC,2026-08-11,2027-06-17,310,67.2760,0.967096,48,24,0.446,1.486,0.167755,0.210746,peer,0.2172,20,peer=1.00;history=0.00 (leg not built),0.9891,
CNC,2026-08-11,2028-01-21,528,69.5406,0.943336,58,26,0.360,1.438,0.247499,,refused,,20,,0.9930,no leg survived: no arbitrage-free fit inside the 0.35 synthetic-share ceiling
CNC,2026-08-12,2027-01-15,156,68.1354,0.983578,70,26,0.440,1.614,0.083157,0.087818,direct+peer,0.0705,20,direct=0.44;peer=0.56;history=0.00 (leg not built),0.9977,
CNC,2026-08-12,2027-03-19,219,68.1740,0.976754,58,21,0.513,1.467,0.128520,0.153858,direct+peer,0.2214,20,direct=0.44;peer=0.56;history=0.00 (leg not built),0.9871,
CNC,2026-08-12,2027-06-17,309,69.2504,0.967203,48,22,0.505,1.444,0.171074,0.196817,peer,0.1976,20,peer=1.00;history=0.00 (leg not built),0.9942,
CNC,2026-08-12,2028-01-21,527,71.0864,0.943447,58,26,0.352,1.407,0.237535,0.337923,peer,0.3131,20,peer=1.00;history=0.00 (leg not built),0.9971,
CNP,2026-08-06,2027-01-15,162,40.9797,0.982886,44,12,0.732,1.123,0.024128,0.026456,direct+peer,0.3198,20,direct=0.44;peer=0.56;history=0.00 (leg not built),0.9815,
CNP,2026-08-06,2027-02-19,197,41.0490,0.979077,38,8,0.901,1.121,0.041536,0.026561,direct,0.3136,20,direct=1.00;history=0.00 (leg not built),0.9870,
CNP,2026-08-06,2027-12-17,498,41.9282,0.946290,28,3,0.954,1.073,,,refused,,0,,0.9901,only 3 invertible quotes
CNP,2026-08-06,2028-01-21,533,42.0327,0.942385,28,3,0.952,1.071,,,refused,,0,,0.9876,only 3 invertible quotes
CNP,2026-08-07,2027-01-15,161,40.9949,0.983121,44,12,0.732,1.146,0.023968,0.022080,direct+peer,0.1125,20,direct=0.44;peer=0.56;history=0.00 (leg not built),0.9710,
CNP,2026-08-07,2027-02-19,196,40.9745,0.979343,38,5,0.927,1.074,,,refused,,0,,0.9790,only 5 invertible quotes
CNP,2026-08-07,2027-12-17,497,41.4534,0.947065,28,3,0.965,1.086,,,refused,,0,,0.9804,only 3 invertible quotes
CNP,2026-08-07,2028-01-21,532,42.0329,0.943217,28,4,0.952,1.427,,,refused,,0,,0.9827,only 4 invertible quotes
CNP,2026-08-10,2027-01-15,158,40.4966,0.983317,44,13,0.741,1.185,0.025580,0.024217,direct+peer,0.1284,20,direct=0.44;peer=0.56;history=0.00 (leg not built),0.9910,
CNP,2026-08-10,2027-02-19,193,40.8416,0.979464,38,4,0.881,1.126,,,refused,,0,,0.9896,only 4 invertible quotes
CNP,2026-08-10,2027-12-17,494,41.8229,0.946894,28,3,0.956,1.076,,,refused,,0,,0.9851,only 3 invertible quotes
CNP,2026-08-10,2028-01-21,529,42.1036,0.942976,28,4,0.950,1.425,,,refused,,0,,0.9916,only 4 invertible quotes
CNP,2026-08-11,2027-01-15,157,40.2332,0.983468,44,8,0.746,1.143,0.023383,0.022872,direct+peer,0.1900,20,direct=0.44;peer=0.56;history=0.00 (leg not built),0.9825,
CNP,2026-08-11,2027-02-19,192,40.4546,0.979620,38,3,0.890,1.013,,,refused,,0,,0.9969,only 3 invertible quotes
CNP,2026-08-11,2027-12-17,493,41.2864,0.947215,28,3,0.969,1.090,,,refused,,0,,0.9913,only 3 invertible quotes
CNP,2026-08-11,2028-01-21,528,40.8669,0.943336,28,4,0.979,1.468,,,refused,,0,,0.9750,only 4 invertible quotes
CNP,2026-08-12,2027-01-15,156,40.3696,0.983578,44,4,0.743,1.016,,,refused,,0,,0.9883,only 4 invertible quotes
CNP,2026-08-12,2027-02-19,191,40.4561,0.979726,42,3,0.915,1.013,,,refused,,0,,0.9763,only 3 invertible quotes
CNP,2026-08-12,2027-12-17,492,41.8231,0.947326,28,3,0.956,1.076,,,refused,,0,,0.9806,only 3 invertible quotes
CNP,2026-08-12,2028-01-21,527,41.9182,0.943447,28,4,0.954,1.431,,,refused,,0,,0.9926,only 4 invertible quotes
COF,2026-08-06,2027-01-15,162,222.1196,0.982886,88,29,0.518,1.486,0.046651,0.047275,direct+peer,0.0355,20,direct=0.44;peer=0.56;history=0.00 (leg not built),0.9978,
COF,2026-08-06,2027-03-19,225,222.9882,0.976077,72,31,0.516,1.480,0.066932,0.069665,direct+peer,0.0618,20,direct=0.44;peer=0.56;history=0.00 (leg not built),0.9993,
COF,2026-08-06,2027-06-17,315,224.8979,0.966391,72,35,0.422,1.467,0.092299,0.098574,direct+peer,0.0769,20,direct=0.44;peer=0.56;history=0.00 (leg not built),0.9963,
COF,2026-08-06,2028-01-21,533,229.0096,0.942385,82,41,0.393,1.659,0.166388,0.181503,direct+peer,0.1173,20,direct=0.44;peer=0.56;history=0.00 (leg not built),0.9947,
COF,2026-08-07,2027-01-15,161,219.6270,0.983121,88,32,0.524,1.548,0.047352,0.054904,direct+peer,0.2829,20,direct=0.44;peer=0.56;history=0.00 (leg not built),0.9990,
COF,2026-08-07,2027-03-19,224,221.1266,0.976383,72,32,0.497,1.492,0.066233,0.068206,direct+peer,0.0494,20,direct=0.44;peer=0.56;history=0.00 (leg not built),0.9985,
COF,2026-08-07,2027-06-17,314,222.4133,0.966854,72,36,0.405,1.484,0.093826,0.101326,direct+peer,0.0881,20,direct=0.44;peer=0.56;history=0.00 (leg not built),0.9918,
COF,2026-08-07,2028-01-21,532,226.2893,0.943217,82,41,0.398,1.679,0.166499,0.180498,direct+peer,0.0923,20,direct=0.44;peer=0.56;history=0.00 (leg not built),0.9955,
COF,2026-08-10,2027-01-15,158,220.9322,0.983317,88,33,0.475,1.584,0.045844,0.046585,direct+peer,0.0436,20,direct=0.44;peer=0.56;history=0.00 (leg not built),0.9990,
COF,2026-08-10,2027-03-19,221,222.3895,0.976485,72,34,0.450,1.484,0.063962,0.066682,direct+peer,0.0518,20,direct=0.44;peer=0.56;history=0.00 (leg not built),0.9988,
COF,2026-08-10,2027-06-17,311,223.5681,0.966911,72,35,0.403,1.476,0.092559,0.099758,direct+peer,0.0806,20,direct=0.44;peer=0.56;history=0.00 (leg not built),0.9909,
COF,2026-08-10,2028-01-21,529,228.0381,0.942976,82,41,0.395,1.666,0.168343,0.182482,direct+peer,0.0923,20,direct=0.44;peer=0.56;history=0.00 (leg not built),0.9964,
COF,2026-08-11,2027-01-15,157,220.9151,0.983468,88,31,0.475,1.539,0.044464,0.044708,direct+peer,0.0219,20,direct=0.44;peer=0.56;history=0.00 (leg not built),0.9985,
COF,2026-08-11,2027-03-19,220,222.1502,0.976648,72,31,0.518,1.485,0.064089,0.065976,direct+peer,0.0481,20,direct=0.44;peer=0.56;history=0.00 (leg not built),0.9990,
COF,2026-08-11,2027-06-17,310,223.5501,0.967096,72,36,0.403,1.476,0.090099,0.096690,direct+peer,0.0815,20,direct=0.44;peer=0.56;history=0.00 (leg not built),0.9987,
COF,2026-08-11,2028-01-21,528,227.4735,0.943336,82,41,0.396,1.671,0.163558,0.178043,direct+peer,0.0976,20,direct=0.44;peer=0.56;history=0.00 (leg not built),0.9988,
COF,2026-08-12,2027-01-15,156,224.9649,0.983578,88,30,0.511,1.511,0.042152,0.044500,direct+peer,0.1224,20,direct=0.44;peer=0.56;history=0.00 (leg not built),0.9949,
COF,2026-08-12,2027-03-19,219,225.4270,0.976754,72,31,0.510,1.464,0.062626,0.064167,direct+peer,0.0482,20,direct=0.44;peer=0.56;history=0.00 (leg not built),0.9976,
COF,2026-08-12,2027-06-17,309,226.8121,0.967203,72,31,0.463,1.455,0.089054,0.093855,direct+peer,0.0741,20,direct=0.44;peer=0.56;history=0.00 (leg not built),0.9953,
COF,2026-08-12,2028-01-21,527,230.8480,0.943447,82,41,0.390,1.646,0.158447,0.169664,direct+peer,0.1015,20,direct=0.44;peer=0.56;history=0.00 (leg not built),0.9967,
COHR,2026-08-06,2027-01-15,162,341.4956,0.982886,162,65,0.234,1.903,0.376607,0.505563,direct+peer,0.2730,20,direct=0.44;peer=0.56;history=0.00 (leg not built),0.9945,
COHR,2026-08-06,2027-03-19,225,343.2989,0.976077,126,63,0.335,1.893,0.488331,0.735746,direct,0.3451,20,direct=1.00;history=0.00 (leg not built),0.9968,
COHR,2026-08-06,2027-12-17,498,354.0474,0.946290,154,69,0.240,1.836,0.820844,,refused,,20,,0.9981,no leg survived: no arbitrage-free fit inside the 0.35 synthetic-share ceiling
COHR,2026-08-06,2028-01-21,533,354.5882,0.942385,150,70,0.155,1.833,0.852535,,refused,,20,,0.9933,no leg survived: no arbitrage-free fit inside the 0.35 synthetic-share ceiling
COHR,2026-08-07,2027-01-15,161,383.6008,0.983121,162,64,0.196,1.694,0.340653,,refused,,20,,0.9958,no leg survived: no arbitrage-free fit inside the 0.35 synthetic-share ceiling
COHR,2026-08-07,2027-03-19,224,386.8353,0.976383,126,63,0.297,1.680,0.435003,,refused,,20,,0.9958,no leg survived: no arbitrage-free fit inside the 0.35 synthetic-share ceiling
COHR,2026-08-07,2027-12-17,497,398.1627,0.947065,154,68,0.226,1.632,0.710005,,refused,,20,,0.9959,no leg survived: no arbitrage-free fit inside the 0.35 synthetic-share ceiling
COHR,2026-08-07,2028-01-21,532,399.6289,0.943217,150,70,0.175,1.627,0.733563,,refused,,20,,0.9972,no leg survived: no arbitrage-free fit inside the 0.35 synthetic-share ceiling
COHR,2026-08-10,2027-01-15,158,332.9289,0.983317,162,65,0.300,1.952,0.363069,0.478353,direct+peer,0.2583,20,direct=0.44;peer=0.56;history=0.00 (leg not built),0.9963,
COHR,2026-08-10,2027-03-19,221,335.5760,0.976485,126,61,0.343,1.937,0.472765,,refused,,20,,0.9966,no leg survived: no arbitrage-free fit inside the 0.35 synthetic-share ceiling
COHR,2026-08-10,2027-12-17,494,345.2371,0.946894,154,69,0.246,1.883,0.812161,,refused,,20,,0.9956,no leg survived: no arbitrage-free fit inside the 0.35 synthetic-share ceiling
COHR,2026-08-10,2028-01-21,529,345.6627,0.942976,150,73,0.174,1.880,0.843810,,refused,,20,,0.9963,no leg survived: no arbitrage-free fit inside the 0.35 synthetic-share ceiling
COHR,2026-08-11,2027-01-15,157,334.9620,0.983468,162,65,0.239,1.941,0.342795,0.445005,direct+peer,0.2546,20,direct=0.44;peer=0.56;history=0.00 (leg not built),0.9941,
COHR,2026-08-11,2027-03-19,220,337.5631,0.976648,126,62,0.341,1.926,0.450930,0.636722,direct,0.2978,20,direct=1.00;history=0.00 (leg not built),0.9953,
COHR,2026-08-11,2027-12-17,493,347.1390,0.947215,154,68,0.259,1.872,0.801575,,refused,,20,,0.9954,no leg survived: no arbitrage-free fit inside the 0.35 synthetic-share ceiling
COHR,2026-08-11,2028-01-21,528,347.9541,0.943336,150,71,0.158,1.868,0.833137,,refused,,20,,0.9945,no leg survived: no arbitrage-free fit inside the 0.35 synthetic-share ceiling
COHR,2026-08-12,2027-01-15,156,361.0675,0.983578,162,58,0.346,1.800,0.306307,0.405034,direct+peer,0.2568,20,direct=0.44;peer=0.56;history=0.00 (leg not built),0.9978,
COHR,2026-08-12,2027-03-19,219,363.8392,0.976754,126,59,0.316,1.787,0.403713,0.591269,direct,0.3251,20,direct=1.00;history=0.00 (leg not built),0.9958,
COHR,2026-08-12,2027-12-17,492,374.8592,0.947326,154,66,0.267,1.734,0.715386,,refused,,20,,0.9941,no leg survived: no arbitrage-free fit inside the 0.35 synthetic-share ceiling
COHR,2026-08-12,2028-01-21,527,375.4634,0.943447,150,69,0.146,1.731,0.740531,,refused,,20,,0.9927,no leg survived: no arbitrage-free fit inside the 0.35 synthetic-share ceiling
COIN,2026-08-06,2027-01-15,162,148.3213,0.982886,208,53,0.034,4.652,0.290639,0.283536,direct+peer,0.0417,20,direct=0.44;peer=0.56;history=0.00 (leg not built),0.9959,
COIN,2026-08-06,2027-02-19,197,148.8254,0.979077,124,53,0.336,2.822,0.330530,0.356991,direct+peer,0.1083,20,direct=0.44;peer=0.56;history=0.00 (leg not built),0.9968,
COIN,2026-08-06,2027-03-19,225,149.2265,0.976077,100,42,0.302,2.077,0.340269,0.414577,direct+peer,0.2128,20,direct=0.44;peer=0.56;history=0.00 (leg not built),0.9920,
COIN,2026-08-06,2027-04-16,253,150.1130,0.973071,124,53,0.300,2.798,0.423703,0.472973,direct+peer,0.1369,20,direct=0.44;peer=0.56;history=0.00 (leg not built),0.9953,
COIN,2026-08-06,2027-05-21,288,150.7738,0.969304,134,56,0.365,3.117,0.508766,0.572337,direct+peer,0.1689,20,direct=0.44;peer=0.56;history=0.00 (leg not built),0.9930,
COIN,2026-08-06,2027-06-17,315,150.9003,0.966391,94,38,0.331,2.054,0.457191,0.613866,peer,0.2658,20,peer=1.00;history=0.00 (leg not built),0.9881,
COIN,2026-08-06,2027-12-17,498,153.8376,0.946290,208,88,0.293,5.720,1.089151,1.214731,peer,0.1122,20,peer=1.00;history=0.00 (leg not built),0.9866,
COIN,2026-08-06,2028-01-21,533,154.2360,0.942385,172,82,0.162,4.539,1.109444,1.357482,direct+peer,0.2037,20,direct=0.44;peer=0.56;history=0.00 (leg not built),0.9898,
COIN,2026-08-07,2027-01-15,161,156.6987,0.983121,208,56,0.032,4.403,0.279091,0.278401,direct+peer,0.0303,20,direct=0.44;peer=0.56;history=0.00 (leg not built),0.9939,
COIN,2026-08-07,2027-02-19,196,156.9043,0.979343,124,50,0.351,2.677,0.319632,0.345238,direct+peer,0.0878,20,direct=0.44;peer=0.56;history=0.00 (leg not built),0.9948,
COIN,2026-08-07,2027-03-19,224,157.5215,0.976383,100,38,0.444,1.968,0.324292,0.387230,peer,0.1792,20,peer=1.00;history=0.00 (leg not built),0.9892,
COIN,2026-08-07,2027-04-16,252,157.4244,0.973421,124,51,0.318,2.668,0.410228,0.453816,direct+peer,0.1192,20,direct=0.44;peer=0.56;history=0.00 (leg not built),0.9921,
COIN,2026-08-07,2027-05-21,287,158.3139,0.969715,134,55,0.411,2.969,0.496642,0.569711,direct+peer,0.1930,20,direct=0.44;peer=0.56;history=0.00 (leg not built),0.9917,
COIN,2026-08-07,2027-06-17,314,158.7278,0.966854,94,38,0.315,1.953,0.437987,0.581819,peer,0.2655,20,peer=1.00;history=0.00 (leg not built),0.9901,
COIN,2026-08-07,2027-12-17,497,161.6894,0.947065,208,93,0.278,5.443,1.077906,1.237091,direct+peer,0.1793,20,direct=0.44;peer=0.56;history=0.00 (leg not built),0.9860,
COIN,2026-08-07,2028-01-21,532,162.5933,0.943217,172,78,0.215,4.305,1.067647,1.275821,peer,0.1763,20,peer=1.00;history=0.00 (leg not built),0.9786,
COIN,2026-08-10,2027-01-15,158,151.4288,0.983317,208,63,0.033,4.557,0.264605,0.260408,direct+peer,0.0244,20,direct=0.44;peer=0.56;history=0.00 (leg not built),0.9964,
COIN,2026-08-10,2027-02-19,193,152.3023,0.979464,124,54,0.263,2.758,0.309954,0.331106,direct+peer,0.0834,20,direct=0.44;peer=0.56;history=0.00 (leg not built),0.9970,
COIN,2026-08-10,2027-03-19,221,152.6677,0.976485,100,43,0.262,2.031,0.318171,0.393148,direct+peer,0.1883,20,direct=0.44;peer=0.56;history=0.00 (leg not built),0.9972,
COIN,2026-08-10,2027-04-16,249,153.2743,0.973506,124,54,0.294,2.740,0.395761,0.440725,direct+peer,0.1179,20,direct=0.44;peer=0.56;history=0.00 (leg not built),0.9979,
COIN,2026-08-10,2027-05-21,284,153.8709,0.969783,134,59,0.292,3.055,0.479291,0.548021,direct+peer,0.1617,20,direct=0.44;peer=0.56;history=0.00 (leg not built),0.9905,
COIN,2026-08-10,2027-06-17,311,154.1364,0.966911,94,39,0.292,2.011,0.433866,0.597258,direct+peer,0.2924,20,direct=0.44;peer=0.56;history=0.00 (leg not built),0.9911,
COIN,2026-08-10,2027-12-17,494,156.9854,0.946894,208,99,0.191,5.606,1.065813,1.265773,direct+peer,0.2530,20,direct=0.44;peer=0.56;history=0.00 (leg not built),0.9823,
COIN,2026-08-10,2028-01-21,529,157.0626,0.942976,172,81,0.159,4.457,1.079324,1.426955,direct+peer,0.3300,20,direct=0.44;peer=0.56;history=0.00 (leg not built),0.9864,
COIN,2026-08-11,2027-01-15,157,151.1287,0.983468,208,52,0.033,3.308,0.253700,0.255668,direct+peer,0.0407,20,direct=0.44;peer=0.56;history=0.00 (leg not built),0.9960,
COIN,2026-08-11,2027-02-19,192,151.2454,0.979620,124,52,0.364,2.777,0.304278,0.325739,direct+peer,0.0956,20,direct=0.44;peer=0.56;history=0.00 (leg not built),0.9969,
COIN,2026-08-11,2027-03-19,220,151.5103,0.976648,100,39,0.429,2.046,0.317609,0.380750,direct+peer,0.2004,20,direct=0.44;peer=0.56;history=0.00 (leg not built),0.9975,
COIN,2026-08-11,2027-04-16,248,152.2287,0.973676,124,52,0.361,2.759,0.398144,0.459785,direct+peer,0.1989,20,direct=0.44;peer=0.56;history=0.00 (leg not built),0.9951,
COIN,2026-08-11,2027-05-21,283,153.2370,0.969962,134,55,0.424,3.067,0.479884,0.567619,peer,0.1622,20,peer=1.00;history=0.00 (leg not built),0.9914,
COIN,2026-08-11,2027-06-17,310,153.6713,0.967096,94,38,0.293,2.017,0.430338,0.575535,peer,0.2664,20,peer=1.00;history=0.00 (leg not built),0.9875,
COIN,2026-08-11,2027-12-17,493,156.3724,0.947215,208,88,0.320,5.628,1.057646,1.212943,direct+peer,0.1958,20,direct=0.44;peer=0.56;history=0.00 (leg not built),0.9865,
COIN,2026-08-11,2028-01-21,528,156.8657,0.943336,172,78,0.223,4.462,1.073509,1.413290,direct+peer,0.3490,20,direct=0.44;peer=0.56;history=0.00 (leg not built),0.9720,
COIN,2026-08-12,2027-01-15,156,151.4335,0.983578,208,60,0.033,4.556,0.250926,0.244775,direct+peer,0.0231,20,direct=0.44;peer=0.56;history=0.00 (leg not built),0.9963,
COIN,2026-08-12,2027-02-19,191,152.3017,0.979726,124,53,0.328,2.758,0.293682,0.309359,direct+peer,0.0985,20,direct=0.44;peer=0.56;history=0.00 (leg not built),0.9980,
COIN,2026-08-12,2027-03-19,219,152.4162,0.976754,100,42,0.295,2.034,0.305001,0.359495,direct+peer,0.1781,20,direct=0.44;peer=0.56;history=0.00 (leg not built),0.9961,
COIN,2026-08-12,2027-04-16,247,152.9564,0.973782,124,54,0.294,2.746,0.383284,0.421504,direct+peer,0.1309,20,direct=0.44;peer=0.56;history=0.00 (leg not built),0.9924,
COIN,2026-08-12,2027-05-21,282,153.7681,0.970068,134,58,0.325,3.057,0.462222,0.510147,direct+peer,0.1468,20,direct=0.44;peer=0.56;history=0.00 (leg not built),0.9919,
COIN,2026-08-12,2027-06-17,309,154.1729,0.967203,94,39,0.292,2.011,0.420613,0.553100,direct+peer,0.2661,20,direct=0.44;peer=0.56;history=0.00 (leg not built),0.9885,
COIN,2026-08-12,2027-12-17,492,157.1165,0.947326,208,97,0.255,5.601,1.018917,1.173251,direct+peer,0.2362,20,direct=0.44;peer=0.56;history=0.00 (leg not built),0.9878,
COIN,2026-08-12,2028-01-21,527,157.2365,0.943447,172,81,0.159,4.452,1.031984,1.168491,peer,0.1353,20,peer=1.00;history=0.00 (leg not built),0.9869,
COO,2026-08-06,2027-02-19,197,75.1021,0.979077,32,4,0.932,1.132,,,refused,,0,,0.9959,only 4 invertible quotes
COO,2026-08-07,2027-02-19,196,75.1872,0.979343,32,5,0.865,1.131,,,refused,,0,,0.9953,only 5 invertible quotes
COO,2026-08-10,2027-02-19,193,78.0602,0.979464,32,8,0.769,1.217,0.066330,0.069350,direct+peer,0.2551,20,direct=0.44;peer=0.56;history=0.00 (leg not built),0.9842,
COO,2026-08-11,2027-02-19,192,78.0945,0.979620,32,8,0.768,1.216,0.067747,0.073053,peer,0.2497,20,peer=1.00;history=0.00 (leg not built),0.9928,
COO,2026-08-12,2027-02-19,191,77.9926,0.979726,32,7,0.769,1.218,,0.068365,peer,0.2465,20,peer=1.00;history=0.00 (leg not built),0.9981,
COP,2026-08-06,2027-01-15,162,117.2298,0.982886,78,22,0.661,1.450,0.049836,0.049321,peer,0.0650,20,peer=1.00;history=0.00 (leg not built),0.9971,
COP,2026-08-06,2027-02-19,197,116.9321,0.979077,50,14,0.770,1.283,0.066344,0.062510,peer,0.1959,20,peer=1.00;history=0.00 (leg not built),0.9957,
COP,2026-08-06,2027-03-19,225,117.0490,0.976077,62,19,0.683,1.410,0.071382,0.069800,peer,0.1010,20,peer=1.00;history=0.00 (leg not built),0.9982,
COP,2026-08-06,2027-06-17,315,117.5510,0.966391,68,26,0.681,1.701,0.105093,0.097092,peer,0.0667,20,peer=1.00;history=0.00 (leg not built),0.9957,
COP,2026-08-06,2027-12-17,498,118.2652,0.946290,76,31,0.634,1.691,0.153555,0.162812,direct+peer,0.1934,20,direct=0.44;peer=0.56;history=0.00 (leg not built),0.9941,
COP,2026-08-06,2028-01-21,533,118.4437,0.942385,76,32,0.549,1.689,0.160290,0.169939,direct+peer,0.1071,20,direct=0.44;peer=0.56;history=0.00 (leg not built),0.9981,
COP,2026-08-07,2027-01-15,161,117.6436,0.983121,78,26,0.659,1.530,0.048108,0.047847,peer,0.0467,20,peer=1.00;history=0.00 (leg not built),0.9977,
COP,2026-08-07,2027-02-19,196,117.4473,0.979343,50,18,0.681,1.490,0.060677,0.058767,direct+peer,0.0713,20,direct=0.44;peer=0.56;history=0.00 (leg not built),0.9971,
COP,2026-08-07,2027-03-19,224,118.0199,0.976383,62,26,0.593,1.610,0.067430,0.074653,direct+peer,0.2220,20,direct=0.44;peer=0.56;history=0.00 (leg not built),0.9988,
COP,2026-08-07,2027-06-17,314,118.3365,0.966854,68,30,0.507,1.690,0.092927,0.094457,direct+peer,0.0366,20,direct=0.44;peer=0.56;history=0.00 (leg not built),0.9971,
COP,2026-08-07,2027-12-17,497,119.1025,0.947065,76,33,0.546,1.679,0.145500,0.150677,direct+peer,0.1041,20,direct=0.44;peer=0.56;history=0.00 (leg not built),0.9937,
COP,2026-08-07,2028-01-21,532,119.1607,0.943217,76,33,0.545,1.678,0.155497,0.162633,direct+peer,0.0986,20,direct=0.44;peer=0.56;history=0.00 (leg not built),0.9950,
COP,2026-08-10,2027-01-15,158,123.1864,0.983317,78,28,0.568,1.502,0.044625,0.045755,direct+peer,0.0496,20,direct=0.44;peer=0.56;history=0.00 (leg not built),0.9972,
COP,2026-08-10,2027-02-19,193,122.9070,0.979464,50,19,0.651,1.424,0.056151,0.057165,direct+peer,0.0911,20,direct=0.44;peer=0.56;history=0.00 (leg not built),0.9956,
COP,2026-08-10,2027-03-19,221,122.8836,0.976485,62,27,0.570,1.587,0.063704,0.065411,direct+peer,0.0539,20,direct=0.44;peer=0.56;history=0.00 (leg not built),0.9978,
COP,2026-08-10,2027-06-17,311,124.0520,0.966911,68,30,0.564,1.612,0.090668,0.093140,direct+peer,0.0646,20,direct=0.44;peer=0.56;history=0.00 (leg not built),0.9958,
COP,2026-08-10,2027-12-17,494,124.6040,0.946894,76,33,0.522,1.605,0.138509,0.146822,direct+peer,0.1000,20,direct=0.44;peer=0.56;history=0.00 (leg not built),0.9899,
COP,2026-08-10,2028-01-21,529,124.7349,0.942976,76,34,0.481,1.603,0.146105,0.157329,direct+peer,0.1064,20,direct=0.44;peer=0.56;history=0.00 (leg not built),0.9964,
COP,2026-08-11,2027-01-15,157,126.3727,0.983468,78,26,0.554,1.385,0.042164,0.043541,peer,0.0555,20,peer=1.00;history=0.00 (leg not built),0.9951,
COP,2026-08-11,2027-02-19,192,126.3185,0.979620,50,16,0.515,1.306,0.051084,0.055374,direct+peer,0.1060,20,direct=0.44;peer=0.56;history=0.00 (leg not built),0.9923,
COP,2026-08-11,2027-03-19,220,125.9215,0.976648,62,26,0.596,1.549,0.063725,0.064573,direct+peer,0.0532,20,direct=0.44;peer=0.56;history=0.00 (leg not built),0.9932,
COP,2026-08-11,2027-06-17,310,126.9819,0.967096,68,30,0.512,1.575,0.087319,0.089834,direct+peer,0.0510,20,direct=0.44;peer=0.56;history=0.00 (leg not built),0.9971,
COP,2026-08-11,2027-12-17,493,126.9971,0.947215,76,32,0.551,1.575,0.135564,0.142741,peer,0.0939,20,peer=1.00;history=0.00 (leg not built),0.9975,
COP,2026-08-11,2028-01-21,528,127.8180,0.943336,76,33,0.509,1.565,0.144030,0.153672,peer,0.1017,20,peer=1.00;history=0.00 (leg not built),0.9887,
COP,2026-08-12,2027-01-15,156,127.2791,0.983578,78,28,0.609,1.571,0.044538,0.045776,direct+peer,0.1012,20,direct=0.44;peer=0.56;history=0.00 (leg not built),0.9963,
COP,2026-08-12,2027-02-19,191,127.2540,0.979726,50,15,0.747,1.297,0.055476,0.054140,direct+peer,0.1467,20,direct=0.44;peer=0.56;history=0.00 (leg not built),0.9940,
COP,2026-08-12,2027-03-19,219,127.3206,0.976754,62,25,0.628,1.532,0.061787,0.063381,direct+peer,0.0667,20,direct=0.44;peer=0.56;history=0.00 (leg not built),0.9920,
COP,2026-08-12,2027-06-17,309,127.3780,0.967203,68,28,0.628,1.570,0.089894,0.089713,direct+peer,0.0621,20,direct=0.44;peer=0.56;history=0.00 (leg not built),0.9934,
COP,2026-08-12,2027-12-17,492,128.1527,0.947326,76,29,0.605,1.561,0.135780,0.145277,direct+peer,0.1717,20,direct=0.44;peer=0.56;history=0.00 (leg not built),0.9936,
COP,2026-08-12,2028-01-21,527,129.0196,0.943447,76,33,0.504,1.550,0.142654,0.168746,direct+peer,0.2679,20,direct=0.44;peer=0.56;history=0.00 (leg not built),0.9919,
COR,2026-08-06,2027-01-15,162,329.2369,0.982886,96,18,0.759,1.276,0.038243,0.034817,direct+peer,0.1264,20,direct=0.44;peer=0.56;history=0.00 (leg not built),0.9979,
COR,2026-08-06,2027-02-19,197,330.3677,0.979077,66,19,0.726,1.271,0.047429,0.045568,direct+peer,0.1469,20,direct=0.44;peer=0.56;history=0.00 (leg not built),0.9975,
COR,2026-08-06,2027-03-19,225,331.1782,0.976077,96,21,0.694,1.298,0.051859,0.052779,peer,0.1326,20,peer=1.00;history=0.00 (leg not built),0.9982,
COR,2026-08-06,2028-01-21,533,339.4907,0.942385,96,37,0.530,1.591,0.118326,0.119857,direct+peer,0.0665,20,direct=0.44;peer=0.56;history=0.00 (leg not built),0.9974,
COR,2026-08-07,2027-01-15,161,324.3942,0.983121,96,21,0.709,1.326,0.035506,0.033641,direct+peer,0.0684,20,direct=0.44;peer=0.56;history=0.00 (leg not built),0.9969,
COR,2026-08-07,2027-02-19,196,325.3949,0.979343,66,20,0.707,1.291,0.046393,0.044925,direct+peer,0.1036,20,direct=0.44;peer=0.56;history=0.00 (leg not built),0.9980,
COR,2026-08-07,2027-03-19,224,326.3027,0.976383,96,20,0.705,1.287,0.052756,0.050774,direct+peer,0.1073,20,direct=0.44;peer=0.56;history=0.00 (leg not built),0.9975,
COR,2026-08-07,2028-01-21,532,335.2056,0.943217,96,34,0.552,1.492,0.115227,0.118445,direct+peer,0.0836,20,direct=0.44;peer=0.56;history=0.00 (leg not built),0.9953,
COR,2026-08-10,2027-01-15,158,328.2915,0.983317,96,16,0.762,1.218,0.037032,0.035949,peer,0.1744,20,peer=1.00;history=0.00 (leg not built),0.9979,
COR,2026-08-10,2027-02-19,193,329.8264,0.979464,66,18,0.728,1.243,0.045844,0.047108,peer,0.1810,20,peer=1.00;history=0.00 (leg not built),0.9967,
COR,2026-08-10,2027-03-19,221,330.6554,0.976485,96,20,0.696,1.270,0.052004,0.051388,direct+peer,0.1388,20,direct=0.44;peer=0.56;history=0.00 (leg not built),0.9986,
COR,2026-08-10,2028-01-21,529,339.8727,0.942976,96,34,0.544,1.530,0.116172,0.119862,direct+peer,0.0972,20,direct=0.44;peer=0.56;history=0.00 (leg not built),0.9952,
COR,2026-08-11,2027-01-15,157,337.2444,0.983468,96,17,0.771,1.245,0.040249,0.039571,direct+peer,0.2509,20,direct=0.44;peer=0.56;history=0.00 (leg not built),0.9960,
COR,2026-08-11,2027-02-19,192,338.4484,0.979620,66,20,0.709,1.271,0.045732,0.043519,direct+peer,0.1137,20,direct=0.44;peer=0.56;history=0.00 (leg not built),0.9945,
COR,2026-08-11,2027-03-19,220,339.2525,0.976648,96,22,0.707,1.356,0.054780,0.050896,direct+peer,0.0955,20,direct=0.44;peer=0.56;history=0.00 (leg not built),0.9984,
COR,2026-08-11,2028-01-21,528,348.4099,0.943336,96,34,0.545,1.492,0.115939,0.120020,direct+peer,0.0891,20,direct=0.44;peer=0.56;history=0.00 (leg not built),0.9916,
COR,2026-08-12,2027-01-15,156,317.5701,0.983578,96,15,0.787,1.228,0.042487,0.037492,direct+peer,0.1505,20,direct=0.44;peer=0.56;history=0.00 (leg not built),0.9973,
COR,2026-08-12,2027-02-19,191,318.6221,0.979726,66,17,0.753,1.255,0.051683,0.047204,direct+peer,0.1406,20,direct=0.44;peer=0.56;history=0.00 (leg not built),0.9977,
COR,2026-08-12,2027-03-19,219,319.4062,0.976754,96,19,0.720,1.284,0.057509,0.054712,direct+peer,0.1325,20,direct=0.44;peer=0.56;history=0.00 (leg not built),0.9988,
COR,2026-08-12,2028-01-21,527,327.7741,0.943447,96,33,0.564,1.495,0.121290,0.125828,direct+peer,0.1041,20,direct=0.44;peer=0.56;history=0.00 (leg not built),0.9959,
COST,2026-08-06,2027-01-15,162,964.0352,0.982886,194,79,0.581,1.660,0.030294,0.030404,direct+peer,0.0163,20,direct=0.44;peer=0.56;history=0.00 (leg not built),0.9960,
COST,2026-08-06,2027-02-19,197,966.3899,0.979077,188,73,0.683,1.469,0.036519,0.036583,direct+peer,0.0609,20,direct=0.44;peer=0.56;history=0.00 (leg not built),0.9960,
COST,2026-08-06,2027-03-19,225,969.5291,0.976077,128,54,0.557,1.527,0.042708,0.043576,direct+peer,0.0388,20,direct=0.44;peer=0.56;history=0.00 (leg not built),0.9958,
COST,2026-08-06,2027-06-17,315,978.1300,0.966391,98,46,0.593,1.574,0.061467,0.075971,direct+peer,0.3383,20,direct=0.44;peer=0.56;history=0.00 (leg not built),0.9942,
COST,2026-08-06,2028-01-21,533,999.7429,0.942385,144,62,0.430,1.540,0.102535,0.112640,direct+peer,0.1059,20,direct=0.44;peer=0.56;history=0.00 (leg not built),0.9936,
COST,2026-08-07,2027-01-15,161,963.3234,0.983121,194,77,0.623,1.661,0.030744,0.030125,peer,0.0163,20,peer=1.00;history=0.00 (leg not built),0.9954,
COST,2026-08-07,2027-02-19,196,965.2135,0.979343,188,78,0.653,1.450,0.035808,0.036090,direct+peer,0.0455,20,direct=0.44;peer=0.56;history=0.00 (leg not built),0.9961,
COST,2026-08-07,2027-03-19,224,968.7887,0.976383,128,60,0.619,1.590,0.043652,0.044978,direct+peer,0.0588,20,direct=0.44;peer=0.56;history=0.00 (leg not built),0.9955,
COST,2026-08-07,2027-06-17,314,976.6016,0.966854,98,48,0.594,1.577,0.062153,0.067333,peer,0.1065,20,peer=1.00;history=0.00 (leg not built),0.9977,
COST,2026-08-07,2028-01-21,532,997.4839,0.943217,144,69,0.441,1.544,0.103212,0.112270,direct+peer,0.1131,20,direct=0.44;peer=0.56;history=0.00 (leg not built),0.9937,
COST,2026-08-10,2027-01-15,158,966.3908,0.983317,194,82,0.455,1.656,0.029289,0.029320,direct+peer,0.0106,20,direct=0.44;peer=0.56;history=0.00 (leg not built),0.9956,
COST,2026-08-10,2027-02-19,193,969.1950,0.979464,188,78,0.516,1.506,0.034761,0.035461,direct+peer,0.0335,20,direct=0.44;peer=0.56;history=0.00 (leg not built),0.9969,
COST,2026-08-10,2027-03-19,221,972.0679,0.976485,128,60,0.597,1.584,0.041918,0.042152,direct+peer,0.0375,20,direct=0.44;peer=0.56;history=0.00 (leg not built),0.9945,
COST,2026-08-10,2027-06-17,311,980.0332,0.966911,98,47,0.633,1.571,0.060319,0.060374,direct+peer,0.0631,20,direct=0.44;peer=0.56;history=0.00 (leg not built),0.9952,
COST,2026-08-10,2028-01-21,529,1003.0785,0.942976,144,66,0.429,1.535,0.101405,0.108220,direct+peer,0.0869,20,direct=0.44;peer=0.56;history=0.00 (leg not built),0.9937,
COST,2026-08-11,2027-01-15,157,960.4458,0.983468,194,80,0.458,1.666,0.027904,0.028058,direct+peer,0.0120,20,direct=0.44;peer=0.56;history=0.00 (leg not built),0.9959,
COST,2026-08-11,2027-02-19,192,962.7424,0.979620,188,76,0.623,1.496,0.033980,0.034824,direct+peer,0.0672,20,direct=0.44;peer=0.56;history=0.00 (leg not built),0.9970,
COST,2026-08-11,2027-03-19,220,965.5381,0.976648,128,52,0.663,1.512,0.041609,0.041284,direct+peer,0.0449,20,direct=0.44;peer=0.56;history=0.00 (leg not built),0.9949,
COST,2026-08-11,2027-06-17,310,974.5234,0.967096,98,47,0.636,1.580,0.059820,0.059038,peer,0.0332,20,peer=1.00;history=0.00 (leg not built),0.9953,
COST,2026-08-11,2028-01-21,528,995.3086,0.943336,144,68,0.432,1.547,0.101210,0.107402,direct+peer,0.0837,20,direct=0.44;peer=0.56;history=0.00 (leg not built),0.9922,
COST,2026-08-12,2027-01-15,156,963.9058,0.983578,194,80,0.602,1.660,0.027600,0.027397,direct+peer,0.0156,20,direct=0.44;peer=0.56;history=0.00 (leg not built),0.9968,
COST,2026-08-12,2027-02-19,191,966.1469,0.979726,188,79,0.621,1.470,0.033158,0.033465,direct+peer,0.0335,20,direct=0.44;peer=0.56;history=0.00 (leg not built),0.9963,
COST,2026-08-12,2027-03-19,219,969.6633,0.976754,128,57,0.660,1.588,0.041581,0.041467,direct+peer,0.0555,20,direct=0.44;peer=0.56;history=0.00 (leg not built),0.9955,
COST,2026-08-12,2027-06-17,309,977.7254,0.967203,98,49,0.593,1.575,0.058557,0.060104,direct+peer,0.0499,20,direct=0.44;peer=0.56;history=0.00 (leg not built),0.9959,
COST,2026-08-12,2028-01-21,527,999.8133,0.943447,144,68,0.430,1.540,0.101105,0.108436,direct+peer,0.0850,20,direct=0.44;peer=0.56;history=0.00 (leg not built),0.9949,
CPAY,2026-08-06,2027-01-15,162,404.1816,0.982886,94,21,0.717,1.336,0.053067,0.050091,peer,0.0944,20,peer=1.00;history=0.00 (leg not built),0.9977,
CPAY,2026-08-06,2027-02-19,197,405.3834,0.979077,76,24,0.691,1.283,0.066563,0.064561,direct+peer,0.1408,20,direct=0.44;peer=0.56;history=0.00 (leg not built),0.9978,
CPAY,2026-08-07,2027-01-15,161,400.0814,0.983121,94,21,0.725,1.350,0.051445,0.047417,peer,0.0932,20,peer=1.00;history=0.00 (leg not built),0.9976,
CPAY,2026-08-07,2027-02-19,196,401.6235,0.979343,76,24,0.722,1.394,0.067526,0.071525,direct+peer,0.3446,20,direct=0.44;peer=0.56;history=0.00 (leg not built),0.9968,
CPAY,2026-08-10,2027-01-15,158,406.7457,0.983317,94,20,0.713,1.328,0.048263,0.046737,peer,0.1113,20,peer=1.00;history=0.00 (leg not built),0.9962,
CPAY,2026-08-10,2027-02-19,193,407.9376,0.979464,76,23,0.711,1.275,0.063008,0.064793,direct+peer,0.2557,20,direct=0.44;peer=0.56;history=0.00 (leg not built),0.9972,
CPAY,2026-08-11,2027-01-15,157,413.0708,0.983468,94,21,0.702,1.307,0.046220,0.046668,direct+peer,0.1907,20,direct=0.44;peer=0.56;history=0.00 (leg not built),0.9964,
CPAY,2026-08-11,2027-02-19,192,414.8080,0.979620,76,24,0.699,1.302,0.059374,0.056926,direct+peer,0.1210,20,direct=0.44;peer=0.56;history=0.00 (leg not built),0.9968,
CPAY,2026-08-12,2027-01-15,156,415.9942,0.983578,94,22,0.697,1.298,0.045335,0.043876,direct+peer,0.1056,20,direct=0.44;peer=0.56;history=0.00 (leg not built),0.9964,
CPAY,2026-08-12,2027-02-19,191,418.0096,0.979726,76,24,0.694,1.292,0.059116,0.055542,peer,0.1024,20,peer=1.00;history=0.00 (leg not built),0.9962,
CPRT,2026-08-06,2027-01-15,162,29.5676,0.982886,58,14,0.676,2.537,0.077390,0.067352,peer,0.0387,20,peer=1.00;history=0.00 (leg not built),0.9873,
CPRT,2026-08-06,2027-02-19,197,29.4723,0.979077,26,7,0.763,1.272,,0.077203,direct+peer,0.2581,20,direct=0.44;peer=0.56;history=0.00 (leg not built),0.9825,
CPRT,2026-08-06,2027-03-19,225,29.5731,0.976077,32,11,0.592,1.437,0.085149,0.088476,peer,0.1012,20,peer=1.00;history=0.00 (leg not built),0.9960,
CPRT,2026-08-06,2027-06-17,315,30.0259,0.966391,30,8,0.500,1.499,0.139454,0.140941,peer,0.1659,20,peer=1.00;history=0.00 (leg not built),0.9825,
CPRT,2026-08-06,2028-01-21,533,30.8401,0.942385,42,17,0.649,2.270,0.223416,0.214153,direct+peer,0.1165,20,direct=0.44;peer=0.56;history=0.00 (leg not built),0.9841,
CPRT,2026-08-07,2027-01-15,161,29.8644,0.983121,58,11,0.670,1.507,0.072563,0.069246,peer,0.0482,20,peer=1.00;history=0.00 (leg not built),0.9849,
CPRT,2026-08-07,2027-02-19,196,30.0000,0.979343,26,9,0.750,1.417,0.086793,0.079815,direct+peer,0.1203,20,direct=0.44;peer=0.56;history=0.00 (leg not built),0.9897,
CPRT,2026-08-07,2027-03-19,224,30.2902,0.976383,32,14,0.578,1.651,0.097884,0.101908,direct+peer,0.1605,20,direct=0.44;peer=0.56;history=0.00 (leg not built),0.9792,
CPRT,2026-08-07,2027-06-17,314,30.4482,0.966854,30,10,0.739,1.478,0.126483,0.127847,direct+peer,0.2229,20,direct=0.44;peer=0.56;history=0.00 (leg not built),0.9887,
CPRT,2026-08-07,2028-01-21,532,31.2101,0.943217,42,17,0.721,2.243,0.235916,0.213311,peer,0.0922,20,peer=1.00;history=0.00 (leg not built),0.9751,
CPRT,2026-08-10,2027-01-15,158,30.1356,0.983317,58,12,0.664,1.659,0.073278,0.068985,peer,0.0571,20,peer=1.00;history=0.00 (leg not built),0.9800,
CPRT,2026-08-10,2027-02-19,193,30.1021,0.979464,26,7,0.831,1.329,,0.081646,peer,0.2704,20,peer=1.00;history=0.00 (leg not built),0.9914,
CPRT,2026-08-10,2027-03-19,221,30.1792,0.976485,32,11,0.580,1.408,0.090725,0.097805,direct+peer,0.1394,20,direct=0.44;peer=0.56;history=0.00 (leg not built),0.9946,
CPRT,2026-08-10,2027-06-17,311,30.5861,0.966911,30,11,0.572,1.390,0.118291,0.137743,direct+peer,0.2285,20,direct=0.44;peer=0.56;history=0.00 (leg not built),0.9860,
CPRT,2026-08-10,2028-01-21,529,31.4926,0.942976,42,16,0.635,2.223,0.254952,0.230441,peer,0.0894,20,peer=1.00;history=0.00 (leg not built),0.9947,
CPRT,2026-08-11,2027-01-15,157,29.9576,0.983468,58,12,0.668,1.669,0.071237,0.065742,peer,0.0422,20,peer=1.00;history=0.00 (leg not built),0.9938,
CPRT,2026-08-11,2027-02-19,192,30.1021,0.979620,26,8,0.581,1.329,0.076816,0.082056,direct+peer,0.2119,20,direct=0.44;peer=0.56;history=0.00 (leg not built),0.9932,
CPRT,2026-08-11,2027-03-19,220,30.4096,0.976648,32,11,0.575,1.398,0.088856,0.096664,direct+peer,0.1576,20,direct=0.44;peer=0.56;history=0.00 (leg not built),0.9829,
CPRT,2026-08-11,2027-06-17,310,30.5773,0.967096,30,11,0.491,1.390,0.107483,0.123487,direct+peer,0.1844,20,direct=0.44;peer=0.56;history=0.00 (leg not built),0.9558,
CPRT,2026-08-11,2028-01-21,528,31.4576,0.943336,42,17,0.715,2.225,0.246717,0.238097,direct+peer,0.1591,20,direct=0.44;peer=0.56;history=0.00 (leg not built),0.9885,
CPRT,2026-08-12,2027-01-15,156,29.5171,0.983578,58,12,0.678,1.694,0.070599,0.068428,direct+peer,0.0691,20,direct=0.44;peer=0.56;history=0.00 (leg not built),0.9900,
CPRT,2026-08-12,2027-02-19,191,29.7703,0.979726,26,7,0.588,1.260,,0.078608,direct+peer,0.1617,20,direct=0.44;peer=0.56;history=0.00 (leg not built),0.9975,
CPRT,2026-08-12,2027-03-19,219,29.8379,0.976754,32,8,0.587,1.341,0.085815,0.096919,direct+peer,0.2727,20,direct=0.44;peer=0.56;history=0.00 (leg not built),0.9900,
CPRT,2026-08-12,2027-06-17,309,30.2068,0.967203,30,9,0.662,1.324,0.125917,0.133653,direct+peer,0.2743,20,direct=0.44;peer=0.56;history=0.00 (leg not built),0.9891,
CPRT,2026-08-12,2028-01-21,527,31.1129,0.943447,42,15,0.643,2.250,0.262723,0.249424,direct+peer,0.1580,20,direct=0.44;peer=0.56;history=0.00 (leg not built),0.9844,
CPT,2026-08-06,2027-02-19,197,111.0384,0.979077,44,5,0.901,1.081,,,refused,,0,,0.9969,only 5 invertible quotes
CPT,2026-08-07,2027-02-19,196,111.7869,0.979343,44,5,0.895,1.073,,,refused,,0,,0.9986,only 5 invertible quotes
CPT,2026-08-10,2027-02-19,193,109.2513,0.979464,44,6,0.870,1.098,,,refused,,20,,0.9968,no leg survived: no arbitrage-free fit inside the 0.35 synthetic-share ceiling
CPT,2026-08-11,2027-02-19,192,108.4688,0.979620,44,7,0.784,1.106,,0.032192,peer,0.2749,20,peer=1.00;history=0.00 (leg not built),0.9981,
CPT,2026-08-12,2027-02-19,191,108.0522,0.979726,44,8,0.787,1.111,0.036783,0.031403,peer,0.2449,20,peer=1.00;history=0.00 (leg not built),0.9931,
CRH,2026-08-06,2027-01-15,162,98.6791,0.982886,74,23,0.557,1.469,0.062298,0.063551,direct+peer,0.0612,20,direct=0.44;peer=0.56;history=0.00 (leg not built),0.9965,
CRH,2026-08-06,2027-03-19,225,98.8753,0.976077,46,20,0.657,1.568,0.096058,0.090924,peer,0.0759,20,peer=1.00;history=0.00 (leg not built),0.9920,
CRH,2026-08-06,2028-01-21,533,101.2453,0.942385,60,28,0.593,1.877,0.225517,0.241650,direct+peer,0.1911,20,direct=0.44;peer=0.56;history=0.00 (leg not built),0.9917,
CRH,2026-08-07,2027-01-15,161,101.4983,0.983121,74,21,0.690,1.478,0.063376,0.058001,peer,0.0721,20,peer=1.00;history=0.00 (leg not built),0.9926,
CRH,2026-08-07,2027-03-19,224,101.3594,0.976383,46,19,0.641,1.480,0.095877,0.089911,peer,0.0894,20,peer=1.00;history=0.00 (leg not built),0.9935,
CRH,2026-08-07,2028-01-21,532,104.3639,0.943217,60,29,0.575,1.821,0.215947,0.222572,direct+peer,0.1251,20,direct=0.44;peer=0.56;history=0.00 (leg not built),0.9815,
CRH,2026-08-10,2027-01-15,158,101.8539,0.983317,74,18,0.687,1.276,0.056550,0.058639,peer,0.1461,20,peer=1.00;history=0.00 (leg not built),0.9919,
CRH,2026-08-10,2027-03-19,221,101.2439,0.976485,46,14,0.691,1.235,0.077765,0.090951,peer,0.2590,20,peer=1.00;history=0.00 (leg not built),0.9880,
CRH,2026-08-10,2028-01-21,529,103.9926,0.942976,60,25,0.673,1.731,0.214826,0.227376,direct+peer,0.2496,20,direct=0.44;peer=0.56;history=0.00 (leg not built),0.9971,
CRH,2026-08-11,2027-01-15,157,102.0823,0.983468,74,19,0.686,1.371,0.056636,0.055409,peer,0.0900,20,peer=1.00;history=0.00 (leg not built),0.9947,
CRH,2026-08-11,2027-03-19,220,102.5426,0.976648,46,19,0.683,1.463,0.084693,0.082594,peer,0.0926,20,peer=1.00;history=0.00 (leg not built),0.9882,
CRH,2026-08-11,2028-01-21,528,105.2120,0.943336,60,25,0.665,1.711,0.200003,0.208506,direct+peer,0.1594,20,direct=0.44;peer=0.56;history=0.00 (leg not built),0.9941,
CRH,2026-08-12,2027-01-15,156,99.1590,0.983578,74,18,0.706,1.311,0.055759,0.055747,direct+peer,0.1305,20,direct=0.44;peer=0.56;history=0.00 (leg not built),0.9955,
CRH,2026-08-12,2027-03-19,219,99.7461,0.976754,46,12,0.802,1.253,0.082656,0.079594,peer,0.2657,20,peer=1.00;history=0.00 (leg not built),0.9931,
CRH,2026-08-12,2028-01-21,527,101.7731,0.943447,60,29,0.540,1.818,0.209348,0.223583,direct+peer,0.1657,20,direct=0.44;peer=0.56;history=0.00 (leg not built),0.9929,
CRL,2026-08-06,2027-02-19,197,270.6128,0.979077,74,26,0.554,1.293,0.118935,0.150660,direct+peer,0.2482,20,direct=0.44;peer=0.56;history=0.00 (leg not built),0.9975,
CRL,2026-08-07,2027-02-19,196,272.2464,0.979343,74,27,0.533,1.286,0.115754,0.152765,direct+peer,0.3021,20,direct=0.44;peer=0.56;history=0.00 (leg not built),0.9996,
CRL,2026-08-10,2027-02-19,193,281.7016,0.979464,74,25,0.550,1.242,0.107673,0.147515,direct+peer,0.3227,20,direct=0.44;peer=0.56;history=0.00 (leg not built),0.9974,
CRL,2026-08-11,2027-02-19,192,287.0907,0.979620,84,31,0.488,1.393,0.121700,0.149109,direct+peer,0.2235,20,direct=0.44;peer=0.56;history=0.00 (leg not built),0.9973,
CRL,2026-08-12,2027-02-19,191,290.8472,0.979726,84,29,0.550,1.375,0.120317,0.145117,direct+peer,0.2141,20,direct=0.44;peer=0.56;history=0.00 (leg not built),0.9977,
CRM,2026-08-06,2027-01-15,162,189.0538,0.982886,120,45,0.503,2.909,0.115373,0.115350,direct+peer,0.0559,20,direct=0.44;peer=0.56;history=0.00 (leg not built),0.9978,
CRM,2026-08-06,2027-02-19,197,189.7753,0.979077,66,31,0.474,1.475,0.117025,0.134447,direct+peer,0.1492,20,direct=0.44;peer=0.56;history=0.00 (leg not built),0.9981,
CRM,2026-08-06,2027-03-19,225,190.3022,0.976077,72,36,0.420,1.629,0.143910,0.157521,direct+peer,0.1038,20,direct=0.44;peer=0.56;history=0.00 (leg not built),0.9962,
CRM,2026-08-06,2027-06-17,315,192.0126,0.966391,98,48,0.443,2.292,0.221723,0.234397,direct+peer,0.0883,20,direct=0.44;peer=0.56;history=0.00 (leg not built),0.9929,
CRM,2026-08-06,2027-09-17,407,193.7155,0.956369,88,44,0.413,2.013,0.274471,0.307062,direct+peer,0.1282,20,direct=0.44;peer=0.56;history=0.00 (leg not built),0.9971,
CRM,2026-08-06,2027-12-17,498,195.2740,0.946290,96,48,0.410,2.202,0.347114,0.388293,direct+peer,0.1273,20,direct=0.44;peer=0.56;history=0.00 (leg not built),0.9949,
CRM,2026-08-06,2028-01-21,533,195.7763,0.942385,88,44,0.409,1.992,0.348417,0.406735,peer,0.1685,20,peer=1.00;history=0.00 (leg not built),0.9976,
CRM,2026-08-07,2027-01-15,161,195.0111,0.983121,120,40,0.513,2.820,0.109642,0.107906,direct+peer,0.0153,20,direct=0.44;peer=0.56;history=0.00 (leg not built),0.9991,
CRM,2026-08-07,2027-02-19,196,195.6718,0.979343,66,28,0.460,1.431,0.109801,0.126496,direct+peer,0.1628,20,direct=0.44;peer=0.56;history=0.00 (leg not built),0.9987,
CRM,2026-08-07,2027-03-19,224,196.5583,0.976383,72,31,0.458,1.577,0.135941,0.154153,direct+peer,0.1320,20,direct=0.44;peer=0.56;history=0.00 (leg not built),0.9964,
CRM,2026-08-07,2027-06-17,314,197.9096,0.966854,98,46,0.429,2.223,0.213684,0.228672,direct+peer,0.1059,20,direct=0.44;peer=0.56;history=0.00 (leg not built),0.9948,
CRM,2026-08-07,2027-09-17,406,199.5990,0.957002,88,43,0.426,1.954,0.267223,0.296037,peer,0.1253,20,peer=1.00;history=0.00 (leg not built),0.9956,
CRM,2026-08-07,2027-12-17,497,201.6537,0.947065,96,47,0.422,2.132,0.331814,0.376811,direct+peer,0.1357,20,direct=0.44;peer=0.56;history=0.00 (leg not built),0.9978,
CRM,2026-08-07,2028-01-21,532,201.8180,0.943217,88,44,0.396,1.932,0.334226,0.399165,peer,0.1796,20,peer=1.00;history=0.00 (leg not built),0.9986,
CRM,2026-08-10,2027-01-15,158,200.0530,0.983317,120,47,0.400,2.749,0.102443,0.105531,direct+peer,0.0891,20,direct=0.44;peer=0.56;history=0.00 (leg not built),0.9990,
CRM,2026-08-10,2027-02-19,193,200.7217,0.979464,66,29,0.498,1.395,0.102193,0.118540,direct+peer,0.1625,20,direct=0.44;peer=0.56;history=0.00 (leg not built),0.9960,
CRM,2026-08-10,2027-03-19,221,201.2142,0.976485,72,35,0.398,1.541,0.129183,0.145502,direct+peer,0.1291,20,direct=0.44;peer=0.56;history=0.00 (leg not built),0.9957,
CRM,2026-08-10,2027-06-17,311,202.8804,0.966911,98,49,0.394,2.169,0.205249,0.219341,direct+peer,0.1063,20,direct=0.44;peer=0.56;history=0.00 (leg not built),0.9967,
CRM,2026-08-10,2027-09-17,403,204.9495,0.956992,88,44,0.390,1.903,0.251967,0.281427,peer,0.1198,20,peer=1.00;history=0.00 (leg not built),0.9977,
CRM,2026-08-10,2027-12-17,494,206.5853,0.946894,96,48,0.387,2.081,0.320472,0.362402,peer,0.1309,20,peer=1.00;history=0.00 (leg not built),0.9970,
CRM,2026-08-10,2028-01-21,529,207.0925,0.942976,88,44,0.386,1.883,0.318898,0.385831,peer,0.1827,20,peer=1.00;history=0.00 (leg not built),0.9949,
CRM,2026-08-11,2027-01-15,157,199.7096,0.983468,120,45,0.476,2.754,0.098760,0.099794,direct+peer,0.0127,20,direct=0.44;peer=0.56;history=0.00 (leg not built),0.9991,
CRM,2026-08-11,2027-02-19,192,200.6193,0.979620,68,29,0.523,1.446,0.103379,0.120936,direct+peer,0.1793,20,direct=0.44;peer=0.56;history=0.00 (leg not built),0.9989,
CRM,2026-08-11,2027-03-19,220,201.1946,0.976648,72,34,0.447,1.541,0.125652,0.147816,direct+peer,0.1778,20,direct=0.44;peer=0.56;history=0.00 (leg not built),0.9965,
CRM,2026-08-11,2027-06-17,310,202.8602,0.967096,98,47,0.444,2.169,0.200871,0.210277,direct+peer,0.0747,20,direct=0.44;peer=0.56;history=0.00 (leg not built),0.9978,
CRM,2026-08-11,2027-09-17,402,204.0648,0.957224,88,42,0.417,1.911,0.252385,0.283518,direct+peer,0.1429,20,direct=0.44;peer=0.56;history=0.00 (leg not built),0.9972,
CRM,2026-08-11,2027-12-17,493,206.5865,0.947215,96,48,0.387,2.081,0.314534,0.360317,direct+peer,0.1722,20,direct=0.44;peer=0.56;history=0.00 (leg not built),0.9963,
CRM,2026-08-11,2028-01-21,528,207.0760,0.943336,88,44,0.386,1.883,0.314805,0.381771,direct+peer,0.2081,20,direct=0.44;peer=0.56;history=0.00 (leg not built),0.9974,
CRM,2026-08-12,2027-01-15,156,195.6581,0.983578,120,47,0.434,2.811,0.098233,0.097969,direct+peer,0.0095,20,direct=0.44;peer=0.56;history=0.00 (leg not built),0.9985,
CRM,2026-08-12,2027-02-19,191,196.6657,0.979726,68,32,0.458,1.475,0.102115,0.117293,direct+peer,0.1421,20,direct=0.44;peer=0.56;history=0.00 (leg not built),0.9979,
CRM,2026-08-12,2027-03-19,219,197.2543,0.976754,72,34,0.456,1.572,0.125805,0.151128,direct+peer,0.2273,20,direct=0.44;peer=0.56;history=0.00 (leg not built),0.9990,
CRM,2026-08-12,2027-06-17,309,198.9309,0.967203,98,48,0.427,2.212,0.200714,0.207981,direct+peer,0.0781,20,direct=0.44;peer=0.56;history=0.00 (leg not built),0.9970,
CRM,2026-08-12,2027-09-17,401,200.6302,0.957333,88,44,0.399,1.944,0.249646,0.276664,direct+peer,0.1217,20,direct=0.44;peer=0.56;history=0.00 (leg not built),0.9941,
CRM,2026-08-12,2027-12-17,492,202.1675,0.947326,96,48,0.396,2.127,0.316442,0.357725,direct+peer,0.1508,20,direct=0.44;peer=0.56;history=0.00 (leg not built),0.9957,
CRM,2026-08-12,2028-01-21,527,202.6850,0.943447,88,44,0.395,1.924,0.318793,0.378657,direct+peer,0.1755,20,direct=0.44;peer=0.56;history=0.00 (leg not built),0.9962,
CRWD,2026-08-06,2027-01-15,162,210.8278,0.982886,220,84,0.379,1.470,0.156967,0.203196,direct+peer,0.2636,20,direct=0.44;peer=0.56;history=0.00 (leg not built),0.9941,
CRWD,2026-08-06,2027-02-19,197,211.4810,0.979077,68,34,0.426,1.466,0.182797,0.253620,direct+peer,0.3066,20,direct=0.44;peer=0.56;history=0.00 (leg not built),0.9932,
CRWD,2026-08-06,2027-03-19,225,211.9528,0.976077,204,91,0.271,1.463,0.202914,0.283401,direct+peer,0.2852,20,direct=0.44;peer=0.56;history=0.00 (leg not built),0.9940,
CRWD,2026-08-06,2027-06-17,315,214.3513,0.966391,204,89,0.268,1.446,0.262879,,refused,,20,,0.9911,no leg survived: no arbitrage-free fit inside the 0.35 synthetic-share ceiling
CRWD,2026-08-06,2027-12-17,498,218.9815,0.946290,202,97,0.205,1.416,0.357510,,refused,,20,,0.9881,no leg survived: no arbitrage-free fit inside the 0.35 synthetic-share ceiling
CRWD,2026-08-06,2028-01-21,533,219.7572,0.942385,204,97,0.205,1.411,0.372872,,refused,,20,,0.9858,no leg survived: no arbitrage-free fit inside the 0.35 synthetic-share ceiling
CRWD,2026-08-07,2027-01-15,161,218.1670,0.983121,220,82,0.332,1.421,0.145255,0.199458,direct+peer,0.2784,20,direct=0.44;peer=0.56;history=0.00 (leg not built),0.9953,
CRWD,2026-08-07,2027-02-19,196,218.3577,0.979343,68,34,0.412,1.420,0.170769,0.242921,direct+peer,0.3202,20,direct=0.44;peer=0.56;history=0.00 (leg not built),0.9950,
CRWD,2026-08-07,2027-03-19,224,219.1137,0.976383,204,89,0.331,1.415,0.192171,0.289903,direct,0.3336,20,direct=1.00;history=0.00 (leg not built),0.9938,
CRWD,2026-08-07,2027-06-17,314,221.2571,0.966854,204,94,0.260,1.401,0.249433,,refused,,20,,0.9875,no leg survived: no arbitrage-free fit inside the 0.35 synthetic-share ceiling
CRWD,2026-08-07,2027-12-17,497,225.4203,0.947065,202,96,0.200,1.375,0.341088,,refused,,20,,0.9855,no leg survived: no arbitrage-free fit inside the 0.35 synthetic-share ceiling
CRWD,2026-08-07,2028-01-21,532,226.4466,0.943217,204,96,0.243,1.369,0.356604,,refused,,20,,0.9898,no leg survived: no arbitrage-free fit inside the 0.35 synthetic-share ceiling
CRWD,2026-08-10,2027-01-15,158,229.5452,0.983317,220,81,0.370,1.350,0.138668,0.197577,direct+peer,0.3015,20,direct=0.44;peer=0.56;history=0.00 (leg not built),0.9962,
CRWD,2026-08-10,2027-02-19,193,230.0340,0.979464,68,34,0.391,1.348,0.162015,0.236893,direct,0.3262,20,direct=1.00;history=0.00 (leg not built),0.9989,
CRWD,2026-08-10,2027-03-19,221,231.0544,0.976485,204,87,0.314,1.342,0.181416,,refused,,20,,0.9921,no leg survived: no arbitrage-free fit inside the 0.35 synthetic-share ceiling
CRWD,2026-08-10,2027-06-17,311,233.4701,0.966911,204,94,0.246,1.328,0.232931,,refused,,20,,0.9932,no leg survived: no arbitrage-free fit inside the 0.35 synthetic-share ceiling
CRWD,2026-08-10,2027-12-17,494,238.2449,0.946894,202,101,0.189,1.301,0.312235,,refused,,20,,0.9880,no leg survived: no arbitrage-free fit inside the 0.35 synthetic-share ceiling
CRWD,2026-08-10,2028-01-21,529,238.8461,0.942976,204,100,0.188,1.298,0.326678,,refused,,20,,0.9895,no leg survived: no arbitrage-free fit inside the 0.35 synthetic-share ceiling
CRWD,2026-08-11,2027-01-15,157,225.8447,0.983468,224,83,0.354,1.461,0.145634,0.196942,direct+peer,0.2823,20,direct=0.44;peer=0.56;history=0.00 (leg not built),0.9957,
CRWD,2026-08-11,2027-02-19,192,226.7334,0.979620,72,35,0.419,1.455,0.170817,0.236199,direct+peer,0.3045,20,direct=0.44;peer=0.56;history=0.00 (leg not built),0.9984,
CRWD,2026-08-11,2027-03-19,220,227.2291,0.976648,208,91,0.297,1.452,0.193071,0.274898,direct,0.3071,20,direct=1.00;history=0.00 (leg not built),0.9952,
CRWD,2026-08-11,2027-06-17,310,230.1841,0.967096,208,91,0.282,1.434,0.246384,,refused,,20,,0.9899,no leg survived: no arbitrage-free fit inside the 0.35 synthetic-share ceiling
CRWD,2026-08-11,2027-12-17,493,234.3530,0.947215,206,95,0.197,1.408,0.343810,,refused,,20,,0.9903,no leg survived: no arbitrage-free fit inside the 0.35 synthetic-share ceiling
CRWD,2026-08-11,2028-01-21,528,235.3114,0.943336,208,97,0.191,1.402,0.354268,,refused,,20,,0.9852,no leg survived: no arbitrage-free fit inside the 0.35 synthetic-share ceiling
CRWD,2026-08-12,2027-01-15,156,225.6491,0.983578,224,87,0.355,1.462,0.142101,0.177806,direct+peer,0.2045,20,direct=0.44;peer=0.56;history=0.00 (leg not built),0.9939,
CRWD,2026-08-12,2027-02-19,191,226.2915,0.979726,72,36,0.398,1.458,0.167075,0.221069,direct+peer,0.2449,20,direct=0.44;peer=0.56;history=0.00 (leg not built),0.9959,
CRWD,2026-08-12,2027-03-19,219,226.6787,0.976754,208,87,0.353,1.456,0.191240,0.273581,direct+peer,0.3016,20,direct=0.44;peer=0.56;history=0.00 (leg not built),0.9944,
CRWD,2026-08-12,2027-06-17,309,229.1457,0.967203,208,99,0.213,1.440,0.245679,0.370908,peer,0.3412,20,peer=1.00;history=0.00 (leg not built),0.9916,
CRWD,2026-08-12,2027-12-17,492,233.5162,0.947326,206,96,0.193,1.413,0.339120,,refused,,20,,0.9896,no leg survived: no arbitrage-free fit inside the 0.35 synthetic-share ceiling
CRWD,2026-08-12,2028-01-21,527,234.4170,0.943447,208,101,0.192,1.408,0.353685,,refused,,20,,0.9848,no leg survived: no arbitrage-free fit inside the 0.35 synthetic-share ceiling
CSCO,2026-08-06,2027-01-15,162,122.2892,0.982886,98,32,0.552,1.554,0.081772,0.086008,direct+peer,0.0636,20,direct=0.44;peer=0.56;history=0.00 (leg not built),0.9968,
CSCO,2026-08-06,2027-03-19,225,122.7290,0.976077,78,31,0.570,1.548,0.114256,0.122945,direct+peer,0.1047,20,direct=0.44;peer=0.56;history=0.00 (leg not built),0.9945,
CSCO,2026-08-06,2027-06-17,315,124.2584,0.966391,82,33,0.443,1.529,0.143636,0.170300,direct+peer,0.1970,20,direct=0.44;peer=0.56;history=0.00 (leg not built),0.9909,
CSCO,2026-08-06,2027-12-17,498,125.8102,0.946290,86,37,0.358,1.510,0.204174,0.261374,peer,0.2186,20,peer=1.00;history=0.00 (leg not built),0.9851,
CSCO,2026-08-06,2028-01-21,533,126.3441,0.942385,88,37,0.435,1.504,0.212927,0.276328,peer,0.2386,20,peer=1.00;history=0.00 (leg not built),0.9853,
CSCO,2026-08-07,2027-01-15,161,122.8724,0.983121,98,30,0.570,1.546,0.081339,0.085751,direct+peer,0.0785,20,direct=0.44;peer=0.56;history=0.00 (leg not built),0.9987,
CSCO,2026-08-07,2027-03-19,224,123.7539,0.976383,78,31,0.566,1.535,0.113704,0.124094,direct+peer,0.1282,20,direct=0.44;peer=0.56;history=0.00 (leg not built),0.9930,
CSCO,2026-08-07,2027-06-17,314,124.8793,0.966854,82,36,0.400,1.521,0.144301,0.168521,direct+peer,0.1553,20,direct=0.44;peer=0.56;history=0.00 (leg not built),0.9970,
CSCO,2026-08-07,2027-12-17,497,126.7334,0.947065,86,35,0.473,1.499,0.210628,0.271387,direct+peer,0.2630,20,direct=0.44;peer=0.56;history=0.00 (leg not built),0.9846,
CSCO,2026-08-07,2028-01-21,532,127.0144,0.943217,88,37,0.394,1.496,0.216197,0.289479,direct+peer,0.2660,20,direct=0.44;peer=0.56;history=0.00 (leg not built),0.9910,
CSCO,2026-08-10,2027-01-15,158,124.4746,0.983317,98,29,0.562,1.526,0.076924,0.082333,peer,0.0828,20,peer=1.00;history=0.00 (leg not built),0.9933,
CSCO,2026-08-10,2027-03-19,221,124.8208,0.976485,78,33,0.481,1.522,0.103128,0.115410,peer,0.1137,20,peer=1.00;history=0.00 (leg not built),0.9971,
CSCO,2026-08-10,2027-06-17,311,126.1376,0.966911,82,36,0.396,1.506,0.136047,0.158939,direct+peer,0.1488,20,direct=0.44;peer=0.56;history=0.00 (leg not built),0.9938,
CSCO,2026-08-10,2027-12-17,494,127.8162,0.946894,86,37,0.372,1.487,0.201231,0.261811,direct+peer,0.2415,20,direct=0.44;peer=0.56;history=0.00 (leg not built),0.9847,
CSCO,2026-08-10,2028-01-21,529,127.5344,0.942976,88,38,0.392,1.490,0.211430,0.283104,direct+peer,0.2696,20,direct=0.44;peer=0.56;history=0.00 (leg not built),0.9885,
CSCO,2026-08-11,2027-01-15,157,122.0082,0.983468,98,28,0.574,1.557,0.074528,0.079628,direct+peer,0.0909,20,direct=0.44;peer=0.56;history=0.00 (leg not built),0.9978,
CSCO,2026-08-11,2027-03-19,220,122.7047,0.976648,78,30,0.591,1.548,0.105290,0.113701,peer,0.1112,20,peer=1.00;history=0.00 (leg not built),0.9999,
CSCO,2026-08-11,2027-06-17,310,123.6644,0.967096,82,35,0.404,1.536,0.138206,0.161404,direct+peer,0.1693,20,direct=0.44;peer=0.56;history=0.00 (leg not built),0.9983,
CSCO,2026-08-11,2027-12-17,493,125.1408,0.947215,86,36,0.440,1.518,0.204172,0.273607,peer,0.2702,20,peer=1.00;history=0.00 (leg not built),0.9943,
CSCO,2026-08-11,2028-01-21,528,125.6802,0.943336,88,37,0.438,1.512,0.211873,0.282013,peer,0.2626,20,peer=1.00;history=0.00 (leg not built),0.9952,
CSCO,2026-08-12,2027-01-15,156,125.3474,0.983578,98,28,0.558,1.516,0.073457,0.077279,direct+peer,0.0743,20,direct=0.44;peer=0.56;history=0.00 (leg not built),0.9963,
CSCO,2026-08-12,2027-03-19,219,125.8190,0.976754,78,30,0.556,1.510,0.101726,0.113069,peer,0.1208,20,peer=1.00;history=0.00 (leg not built),0.9995,
CSCO,2026-08-12,2027-06-17,309,126.5853,0.967203,82,31,0.434,1.501,0.135592,0.157369,direct+peer,0.1480,20,direct=0.44;peer=0.56;history=0.00 (leg not built),0.9995,
CSCO,2026-08-12,2027-12-17,492,128.6541,0.947326,86,35,0.428,1.477,0.194467,0.272225,peer,0.2983,20,peer=1.00;history=0.00 (leg not built),0.9973,
CSCO,2026-08-12,2028-01-21,527,129.1874,0.943447,88,37,0.426,1.471,0.205735,0.279309,peer,0.2766,20,peer=1.00;history=0.00 (leg not built),0.9956,
CSGP,2026-08-06,2027-01-15,162,29.9942,0.982886,58,8,0.667,1.667,0.157053,0.158062,direct+peer,0.1641,20,direct=0.44;peer=0.56;history=0.00 (leg not built),0.9798,
CSGP,2026-08-06,2027-03-19,225,30.0613,0.976077,28,10,0.582,1.996,0.230142,0.231027,peer,0.0929,20,peer=1.00;history=0.00 (leg not built),0.9575,
CSGP,2026-08-06,2027-06-17,315,30.5553,0.966391,18,8,0.573,1.473,0.243420,0.314057,direct+peer,0.3101,20,direct=0.44;peer=0.56;history=0.00 (leg not built),0.9798,
CSGP,2026-08-06,2028-01-21,533,30.6010,0.942385,52,16,0.490,2.614,0.577217,0.683478,direct+peer,0.2158,20,direct=0.44;peer=0.56;history=0.00 (leg not built),0.8476,
CSGP,2026-08-07,2027-01-15,161,30.7581,0.983121,58,12,0.569,2.276,0.173236,0.171673,direct+peer,0.0588,20,direct=0.44;peer=0.56;history=0.00 (leg not built),0.9528,
CSGP,2026-08-07,2027-03-19,224,30.9691,0.976383,28,13,0.565,2.260,0.247481,0.251024,peer,0.0789,20,peer=1.00;history=0.00 (leg not built),0.9425,
CSGP,2026-08-07,2027-06-17,314,31.5299,0.966854,18,9,0.476,1.427,0.239938,0.342695,direct+peer,0.3437,20,direct=0.44;peer=0.56;history=0.00 (leg not built),0.9818,
CSGP,2026-08-07,2028-01-21,532,31.4428,0.943217,52,16,0.477,2.544,0.560182,0.677136,direct+peer,0.2260,20,direct=0.44;peer=0.56;history=0.00 (leg not built),0.8638,
CSGP,2026-08-10,2027-01-15,158,31.7618,0.983317,58,10,0.472,1.732,0.139304,0.153808,direct+peer,0.1086,20,direct=0.44;peer=0.56;history=0.00 (leg not built),0.9714,
CSGP,2026-08-10,2027-03-19,221,31.7157,0.976485,28,11,0.552,1.892,0.209854,0.222438,direct+peer,0.1309,20,direct=0.44;peer=0.56;history=0.00 (leg not built),0.9519,
CSGP,2026-08-10,2027-06-17,311,32.4163,0.966911,18,8,0.540,1.388,0.218618,0.301164,peer,0.3251,20,peer=1.00;history=0.00 (leg not built),0.9866,
CSGP,2026-08-10,2028-01-21,529,33.2679,0.942976,52,13,0.451,2.705,0.519635,0.581426,direct+peer,0.1734,20,direct=0.44;peer=0.56;history=0.00 (leg not built),0.9579,
CSGP,2026-08-11,2027-01-15,157,31.4161,0.983468,58,9,0.637,2.228,0.156917,0.151283,direct+peer,0.1455,20,direct=0.44;peer=0.56;history=0.00 (leg not built),0.9657,
CSGP,2026-08-11,2027-03-19,220,31.7909,0.976648,28,10,0.550,1.730,0.194454,0.216679,direct+peer,0.1620,20,direct=0.44;peer=0.56;history=0.00 (leg not built),0.9769,
CSGP,2026-08-11,2027-06-17,310,32.1355,0.967096,18,8,0.467,1.400,0.216216,0.313301,direct+peer,0.3391,20,direct=0.44;peer=0.56;history=0.00 (leg not built),0.9676,
CSGP,2026-08-11,2028-01-21,528,33.1449,0.943336,52,15,0.453,2.715,0.515459,0.570116,peer,0.1345,20,peer=1.00;history=0.00 (leg not built),0.9733,
CSGP,2026-08-12,2027-01-15,156,30.8189,0.983578,58,11,0.649,2.434,0.145779,0.132154,peer,0.0431,20,peer=1.00;history=0.00 (leg not built),0.9418,
CSGP,2026-08-12,2027-03-19,219,31.1353,0.976754,28,11,0.562,1.927,0.200529,0.213842,direct+peer,0.1290,20,direct=0.44;peer=0.56;history=0.00 (leg not built),0.9754,
CSGP,2026-08-12,2027-06-17,309,31.7013,0.967203,18,8,0.552,1.420,0.203508,0.268944,peer,0.2820,20,peer=1.00;history=0.00 (leg not built),0.9764,
CSGP,2026-08-12,2028-01-21,527,31.4439,0.943447,52,12,0.477,2.862,0.565769,0.629132,peer,0.1356,20,peer=1.00;history=0.00 (leg not built),0.8478,
CSX,2026-08-06,2027-01-15,162,51.3045,0.982886,40,19,0.292,1.267,0.031526,0.033615,direct+peer,0.0631,20,direct=0.44;peer=0.56;history=0.00 (leg not built),0.9969,
CSX,2026-08-06,2027-02-19,197,51.7255,0.979077,32,9,0.580,1.160,0.036075,0.042201,peer,0.2031,20,peer=1.00;history=0.00 (leg not built),0.9945,
CSX,2026-08-06,2027-03-19,225,51.5865,0.976077,38,12,0.388,1.357,0.046679,0.047803,direct+peer,0.0515,20,direct=0.44;peer=0.56;history=0.00 (leg not built),0.9957,
CSX,2026-08-06,2027-06-17,315,52.4655,0.966391,42,13,0.572,1.239,0.060665,0.067442,direct+peer,0.1505,20,direct=0.44;peer=0.56;history=0.00 (leg not built),0.9938,
CSX,2026-08-06,2028-01-21,533,52.9952,0.942385,42,12,0.660,1.415,0.122063,0.135519,peer,0.2245,20,peer=1.00;history=0.00 (leg not built),0.9682,
CSX,2026-08-07,2027-01-15,161,50.8900,0.983121,40,17,0.295,1.179,0.029703,0.032846,direct+peer,0.1018,20,direct=0.44;peer=0.56;history=0.00 (leg not built),0.9968,
CSX,2026-08-07,2027-02-19,196,51.1641,0.979343,32,9,0.831,1.270,0.050659,0.040704,direct+peer,0.1827,20,direct=0.44;peer=0.56;history=0.00 (leg not built),0.9925,
CSX,2026-08-07,2027-03-19,224,51.2802,0.976383,38,12,0.390,1.268,0.044765,0.047154,direct+peer,0.0897,20,direct=0.44;peer=0.56;history=0.00 (leg not built),0.9968,
CSX,2026-08-07,2027-06-17,314,51.4140,0.966854,42,14,0.632,1.459,0.069206,0.074225,direct+peer,0.1771,20,direct=0.44;peer=0.56;history=0.00 (leg not built),0.9936,
CSX,2026-08-07,2028-01-21,532,52.6414,0.943217,42,11,0.760,1.330,0.119870,0.117016,direct+peer,0.2540,20,direct=0.44;peer=0.56;history=0.00 (leg not built),0.9866,
CSX,2026-08-10,2027-01-15,158,50.7373,0.983317,40,19,0.296,1.281,0.031604,0.033219,direct+peer,0.0584,20,direct=0.44;peer=0.56;history=0.00 (leg not built),0.9978,
CSX,2026-08-10,2027-02-19,193,51.0125,0.979464,32,13,0.637,1.372,0.040779,0.040684,direct+peer,0.0592,20,direct=0.44;peer=0.56;history=0.00 (leg not built),0.9905,
CSX,2026-08-10,2027-03-19,221,50.9985,0.976485,38,12,0.392,1.275,0.043263,0.045517,direct+peer,0.0764,20,direct=0.44;peer=0.56;history=0.00 (leg not built),0.9901,
CSX,2026-08-10,2027-06-17,311,51.5520,0.966911,42,14,0.630,1.455,0.065451,0.064936,peer,0.0645,20,peer=1.00;history=0.00 (leg not built),0.9903,
CSX,2026-08-10,2028-01-21,529,52.4116,0.942976,42,12,0.763,1.431,0.124911,0.115798,direct+peer,0.1957,20,direct=0.44;peer=0.56;history=0.00 (leg not built),0.9886,
CSX,2026-08-11,2027-01-15,157,50.6101,0.983468,40,18,0.296,1.186,0.028880,0.032301,direct+peer,0.1071,20,direct=0.44;peer=0.56;history=0.00 (leg not built),0.9941,
CSX,2026-08-11,2027-02-19,192,50.9613,0.979620,32,9,0.834,1.275,0.050705,0.040702,direct+peer,0.1873,20,direct=0.44;peer=0.56;history=0.00 (leg not built),0.9945,
CSX,2026-08-11,2027-03-19,220,50.9301,0.976648,38,9,0.393,1.178,0.043570,0.045970,direct+peer,0.1984,20,direct=0.44;peer=0.56;history=0.00 (leg not built),0.9901,
CSX,2026-08-11,2027-06-17,310,51.2839,0.967096,42,10,0.634,1.267,0.062217,0.073434,peer,0.2378,20,peer=1.00;history=0.00 (leg not built),0.9918,
CSX,2026-08-11,2028-01-21,528,52.2880,0.943336,42,13,0.669,1.339,0.102773,0.111661,direct+peer,0.2116,20,direct=0.44;peer=0.56;history=0.00 (leg not built),0.9931,
CSX,2026-08-12,2027-01-15,156,50.6100,0.983578,40,19,0.296,1.284,0.029348,0.031121,direct+peer,0.0681,20,direct=0.44;peer=0.56;history=0.00 (leg not built),0.9931,
CSX,2026-08-12,2027-02-19,191,50.7655,0.979726,32,11,0.640,1.379,0.039680,0.038836,direct+peer,0.0494,20,direct=0.44;peer=0.56;history=0.00 (leg not built),0.9935,
CSX,2026-08-12,2027-03-19,219,50.7252,0.976754,38,9,0.394,1.183,0.044962,0.047907,direct+peer,0.1652,20,direct=0.44;peer=0.56;history=0.00 (leg not built),0.9966,
CSX,2026-08-12,2027-06-17,309,51.2421,0.967203,42,13,0.634,1.366,0.066471,0.067871,direct+peer,0.0966,20,direct=0.44;peer=0.56;history=0.00 (leg not built),0.9916,
CSX,2026-08-12,2028-01-21,527,51.9700,0.943447,42,15,0.433,1.443,0.108707,0.115941,direct+peer,0.1064,20,direct=0.44;peer=0.56;history=0.00 (leg not built),0.9820,
CTAS,2026-08-06,2027-01-15,162,204.5620,0.982886,70,18,0.733,1.320,0.046080,0.044733,peer,0.1098,20,peer=1.00;history=0.00 (leg not built),0.9974,
CTAS,2026-08-06,2027-02-19,197,204.9676,0.979077,72,18,0.732,1.366,0.056907,0.056079,direct+peer,0.1510,20,direct=0.44;peer=0.56;history=0.00 (leg not built),0.9947,
CTAS,2026-08-06,2027-03-19,225,205.2556,0.976077,70,21,0.682,1.364,0.060552,0.065455,peer,0.1591,20,peer=1.00;history=0.00 (leg not built),0.9959,
CTAS,2026-08-06,2027-06-17,315,206.3955,0.966391,72,14,0.824,1.308,0.097225,,refused,,20,,0.9943,no leg survived: no arbitrage-free fit inside the 0.35 synthetic-share ceiling
CTAS,2026-08-06,2028-01-21,533,210.9550,0.942385,72,26,0.616,1.517,0.138615,0.148512,direct+peer,0.1518,20,direct=0.44;peer=0.56;history=0.00 (leg not built),0.9853,
CTAS,2026-08-07,2027-01-15,161,205.8702,0.983121,70,17,0.753,1.312,0.044585,0.042503,direct+peer,0.1462,20,direct=0.44;peer=0.56;history=0.00 (leg not built),0.9797,
CTAS,2026-08-07,2027-02-19,196,205.8305,0.979343,72,16,0.753,1.263,0.053060,0.052036,peer,0.1715,20,peer=1.00;history=0.00 (leg not built),0.9968,
CTAS,2026-08-07,2027-03-19,224,206.4324,0.976383,70,20,0.727,1.405,0.063203,0.059562,direct+peer,0.1405,20,direct=0.44;peer=0.56;history=0.00 (leg not built),0.9962,
CTAS,2026-08-07,2027-06-17,314,207.8452,0.966854,72,21,0.625,1.347,0.076764,0.081039,direct+peer,0.1275,20,direct=0.44;peer=0.56;history=0.00 (leg not built),0.9935,
CTAS,2026-08-07,2028-01-21,532,214.0288,0.943217,72,23,0.654,1.495,0.136965,0.141058,direct+peer,0.1445,20,direct=0.44;peer=0.56;history=0.00 (leg not built),0.9949,
CTAS,2026-08-10,2027-01-15,158,205.8135,0.983317,70,16,0.753,1.312,0.044379,0.040817,direct+peer,0.1296,20,direct=0.44;peer=0.56;history=0.00 (leg not built),0.9954,
CTAS,2026-08-10,2027-02-19,193,205.4907,0.979464,72,16,0.754,1.265,0.052080,0.051754,direct+peer,0.1902,20,direct=0.44;peer=0.56;history=0.00 (leg not built),0.9960,
CTAS,2026-08-10,2027-03-19,221,205.9549,0.976485,70,18,0.728,1.311,0.058867,0.059005,direct+peer,0.1696,20,direct=0.44;peer=0.56;history=0.00 (leg not built),0.9941,
CTAS,2026-08-10,2027-06-17,311,207.6730,0.966911,72,24,0.602,1.348,0.077582,0.084307,direct+peer,0.1509,20,direct=0.44;peer=0.56;history=0.00 (leg not built),0.9959,
CTAS,2026-08-10,2028-01-21,529,212.1563,0.942976,72,19,0.660,1.320,0.123926,0.135459,peer,0.2240,20,peer=1.00;history=0.00 (leg not built),0.9964,
CTAS,2026-08-11,2027-01-15,157,207.5258,0.983468,70,12,0.819,1.205,0.045765,0.039963,direct+peer,0.2181,20,direct=0.44;peer=0.56;history=0.00 (leg not built),0.9966,
CTAS,2026-08-11,2027-02-19,192,208.2646,0.979620,72,12,0.768,1.200,0.047693,0.046427,direct+peer,0.2079,20,direct=0.44;peer=0.56;history=0.00 (leg not built),1.0000,
CTAS,2026-08-11,2027-03-19,220,209.3686,0.976648,70,12,0.812,1.194,0.060279,0.056249,direct+peer,0.3073,20,direct=0.44;peer=0.56;history=0.00 (leg not built),0.9964,
CTAS,2026-08-11,2027-06-17,310,210.6549,0.967096,72,14,0.570,1.187,0.063852,0.078920,direct+peer,0.2557,20,direct=0.44;peer=0.56;history=0.00 (leg not built),0.9954,
CTAS,2026-08-11,2028-01-21,528,215.9187,0.943336,72,18,0.741,1.343,0.125866,0.129727,direct+peer,0.2560,20,direct=0.44;peer=0.56;history=0.00 (leg not built),0.9930,
CTAS,2026-08-12,2027-01-15,156,205.0690,0.983578,70,15,0.731,1.414,0.042732,0.040186,direct+peer,0.0700,20,direct=0.44;peer=0.56;history=0.00 (leg not built),0.9947,
CTAS,2026-08-12,2027-02-19,191,206.2745,0.979726,72,10,0.824,1.115,0.047497,0.045240,direct+peer,0.3428,20,direct=0.44;peer=0.56;history=0.00 (leg not built),0.9943,
CTAS,2026-08-12,2027-03-19,219,206.9969,0.976754,70,10,0.845,1.159,0.061091,0.051149,direct+peer,0.3186,20,direct=0.44;peer=0.56;history=0.00 (leg not built),0.9949,
CTAS,2026-08-12,2027-06-17,309,209.0867,0.967203,72,22,0.574,1.291,0.075127,0.082078,direct+peer,0.1410,20,direct=0.44;peer=0.56;history=0.00 (leg not built),0.9958,
CTAS,2026-08-12,2028-01-21,527,212.8442,0.943447,72,25,0.658,1.503,0.130400,0.132739,direct+peer,0.1303,20,direct=0.44;peer=0.56;history=0.00 (leg not built),0.9959,
CTSH,2026-08-06,2027-01-15,162,57.7035,0.982886,76,23,0.607,1.603,0.119015,0.122716,direct+peer,0.0912,20,direct=0.44;peer=0.56;history=0.00 (leg not built),0.9879,
CTSH,2026-08-06,2027-03-19,225,57.0560,0.976077,52,20,0.657,1.665,0.177930,0.183338,direct+peer,0.1596,20,direct=0.44;peer=0.56;history=0.00 (leg not built),0.9905,
CTSH,2026-08-06,2027-06-17,315,57.3275,0.966391,42,16,0.567,1.395,0.201649,0.254003,peer,0.2917,20,peer=1.00;history=0.00 (leg not built),0.9871,
CTSH,2026-08-06,2028-01-21,533,57.7830,0.942385,72,32,0.433,2.163,0.390910,0.448719,direct+peer,0.1616,20,direct=0.44;peer=0.56;history=0.00 (leg not built),0.9901,
CTSH,2026-08-07,2027-01-15,161,58.2459,0.983121,76,22,0.515,1.803,0.117867,0.117974,direct+peer,0.0425,20,direct=0.44;peer=0.56;history=0.00 (leg not built),0.9932,
CTSH,2026-08-07,2027-03-19,224,58.4559,0.976383,52,21,0.556,1.625,0.163163,0.181096,direct+peer,0.1513,20,direct=0.44;peer=0.56;history=0.00 (leg not built),0.9867,
CTSH,2026-08-07,2027-06-17,314,58.3274,0.966854,42,14,0.429,1.372,0.188774,0.256657,direct+peer,0.3193,20,direct=0.44;peer=0.56;history=0.00 (leg not built),0.9773,
CTSH,2026-08-07,2028-01-21,532,58.9575,0.943217,72,27,0.424,1.611,0.311432,0.420075,direct+peer,0.3009,20,direct=0.44;peer=0.56;history=0.00 (leg not built),0.9965,
CTSH,2026-08-10,2027-01-15,158,58.2797,0.983317,76,19,0.601,1.416,0.104271,0.118523,peer,0.1612,20,peer=1.00;history=0.00 (leg not built),0.9914,
CTSH,2026-08-10,2027-03-19,221,57.9950,0.976485,52,17,0.733,1.552,0.172924,0.178281,direct+peer,0.2287,20,direct=0.44;peer=0.56;history=0.00 (leg not built),0.9896,
CTSH,2026-08-10,2027-06-17,311,58.8968,0.966911,42,16,0.509,1.358,0.190590,0.243337,direct+peer,0.3127,20,direct=0.44;peer=0.56;history=0.00 (leg not built),0.9915,
CTSH,2026-08-10,2028-01-21,529,59.1339,0.942976,72,29,0.423,1.860,0.337764,0.412223,direct+peer,0.2090,20,direct=0.44;peer=0.56;history=0.00 (leg not built),0.9867,
CTSH,2026-08-11,2027-01-15,157,58.7710,0.983468,76,21,0.638,1.616,0.105628,0.108590,direct+peer,0.1310,20,direct=0.44;peer=0.56;history=0.00 (leg not built),0.9843,
CTSH,2026-08-11,2027-03-19,220,58.6775,0.976648,52,18,0.682,1.619,0.155792,0.163472,peer,0.1827,20,peer=1.00;history=0.00 (leg not built),0.9929,
CTSH,2026-08-11,2027-06-17,310,59.2072,0.967096,42,14,0.676,1.351,0.177628,0.208293,peer,0.3274,20,peer=1.00;history=0.00 (leg not built),0.9910,
CTSH,2026-08-11,2028-01-21,528,60.1590,0.943336,72,30,0.416,1.828,0.333330,0.396946,peer,0.1890,20,peer=1.00;history=0.00 (leg not built),0.9840,
CTSH,2026-08-12,2027-01-15,156,58.8308,0.983578,76,23,0.552,1.615,0.100004,0.104248,peer,0.0761,20,peer=1.00;history=0.00 (leg not built),0.9872,
CTSH,2026-08-12,2027-03-19,219,58.8226,0.976754,52,19,0.510,1.530,0.139178,0.152516,direct+peer,0.1274,20,direct=0.44;peer=0.56;history=0.00 (leg not built),0.9775,
CTSH,2026-08-12,2027-06-17,309,58.5511,0.967203,42,13,0.726,1.366,0.185664,0.201992,direct+peer,0.3231,20,direct=0.44;peer=0.56;history=0.00 (leg not built),0.9988,
CTSH,2026-08-12,2028-01-21,527,59.4170,0.943447,72,32,0.421,1.851,0.327556,0.383065,peer,0.1690,20,peer=1.00;history=0.00 (leg not built),0.9874,
CTVA,2026-08-06,2027-03-19,225,78.6852,0.976077,36,8,0.763,1.207,0.066645,0.066283,peer,0.2669,20,peer=1.00;history=0.00 (leg not built),0.9933,
CTVA,2026-08-07,2027-03-19,224,78.0540,0.976383,36,9,0.769,1.281,0.058985,0.052437,peer,0.1421,20,peer=1.00;history=0.00 (leg not built),0.9919,
CTVA,2026-08-10,2027-03-19,221,78.0201,0.976485,36,8,0.769,1.218,0.056885,0.053527,direct+peer,0.2130,20,direct=0.44;peer=0.56;history=0.00 (leg not built),0.9989,
CTVA,2026-08-11,2027-03-19,220,77.5427,0.976648,36,6,0.838,1.161,,,refused,,20,,0.9916,no leg survived: no arbitrage-free fit inside the 0.35 synthetic-share ceiling
CTVA,2026-08-12,2027-03-19,219,76.8599,0.976754,36,8,0.781,1.236,0.060571,0.052009,peer,0.1916,20,peer=1.00;history=0.00 (leg not built),0.9958,
CVNA,2026-08-06,2027-01-15,162,69.5167,0.982886,166,73,0.230,2.071,0.189005,0.196613,direct+peer,0.0427,20,direct=0.44;peer=0.56;history=0.00 (leg not built),0.9981,
CVNA,2026-08-06,2027-02-19,197,69.8162,0.979077,30,15,0.501,1.504,0.205377,0.258046,direct+peer,0.2586,20,direct=0.44;peer=0.56;history=0.00 (leg not built),0.9969,
CVNA,2026-08-06,2027-03-19,225,70.1178,0.976077,120,60,0.414,1.711,0.250455,0.295767,direct+peer,0.1910,20,direct=0.44;peer=0.56;history=0.00 (leg not built),0.9972,
CVNA,2026-08-06,2027-06-17,315,70.8485,0.966391,144,72,0.381,2.033,0.377128,0.458578,direct+peer,0.2192,20,direct=0.44;peer=0.56;history=0.00 (leg not built),0.9948,
CVNA,2026-08-06,2028-01-21,533,72.4867,0.942385,140,70,0.400,1.987,0.584956,,refused,,20,,0.9942,no leg survived: no arbitrage-free fit inside the 0.35 synthetic-share ceiling
CVNA,2026-08-07,2027-01-15,161,72.0635,0.983121,166,73,0.278,1.998,0.182449,0.195382,direct+peer,0.0833,20,direct=0.44;peer=0.56;history=0.00 (leg not built),0.9986,
CVNA,2026-08-07,2027-02-19,196,72.3383,0.979343,30,15,0.484,1.452,0.192551,0.263443,direct+peer,0.3215,20,direct=0.44;peer=0.56;history=0.00 (leg not built),0.9981,
CVNA,2026-08-07,2027-03-19,224,72.5853,0.976383,120,60,0.400,1.653,0.240559,0.295496,direct+peer,0.2299,20,direct=0.44;peer=0.56;history=0.00 (leg not built),0.9982,
CVNA,2026-08-07,2027-06-17,314,73.2487,0.966854,144,72,0.369,1.966,0.361831,0.476252,direct+peer,0.3036,20,direct=0.44;peer=0.56;history=0.00 (leg not built),0.9970,
CVNA,2026-08-07,2028-01-21,532,75.0530,0.943217,140,70,0.386,1.919,0.565471,0.783928,direct,0.2994,20,direct=1.00;history=0.00 (leg not built),0.9918,
CVNA,2026-08-10,2027-01-15,158,75.4562,0.983317,166,67,0.384,1.908,0.179359,0.193615,direct+peer,0.0828,20,direct=0.44;peer=0.56;history=0.00 (leg not built),0.9982,
CVNA,2026-08-10,2027-02-19,193,75.7657,0.979464,30,15,0.462,1.386,0.181399,0.252900,direct+peer,0.3455,20,direct=0.44;peer=0.56;history=0.00 (leg not built),0.9993,
CVNA,2026-08-10,2027-03-19,221,76.0296,0.976485,120,60,0.381,1.578,0.230080,0.296909,direct+peer,0.2727,20,direct=0.44;peer=0.56;history=0.00 (leg not built),0.9984,
CVNA,2026-08-10,2027-06-17,311,76.7555,0.966911,144,72,0.352,1.876,0.349268,0.481471,peer,0.2837,20,peer=1.00;history=0.00 (leg not built),0.9993,
CVNA,2026-08-10,2028-01-21,529,78.5737,0.942976,140,70,0.369,1.833,0.532955,,refused,,20,,0.9937,no leg survived: no arbitrage-free fit inside the 0.35 synthetic-share ceiling
CVNA,2026-08-11,2027-01-15,157,73.0905,0.983468,166,69,0.274,1.970,0.176707,0.188255,direct+peer,0.0718,20,direct=0.44;peer=0.56;history=0.00 (leg not built),0.9980,
CVNA,2026-08-11,2027-02-19,192,73.4007,0.979620,30,15,0.477,1.431,0.184772,0.254676,peer,0.3019,20,peer=1.00;history=0.00 (leg not built),0.9989,
CVNA,2026-08-11,2027-03-19,220,73.6078,0.976648,120,60,0.394,1.630,0.231829,0.291968,direct+peer,0.2536,20,direct=0.44;peer=0.56;history=0.00 (leg not built),0.9979,
CVNA,2026-08-11,2027-06-17,310,74.2916,0.967096,144,72,0.363,1.938,0.351660,0.447244,direct+peer,0.2582,20,direct=0.44;peer=0.56;history=0.00 (leg not built),0.9963,
CVNA,2026-08-11,2028-01-21,528,75.9305,0.943336,140,70,0.382,1.896,0.549366,0.791742,direct,0.3282,20,direct=1.00;history=0.00 (leg not built),0.9914,
CVNA,2026-08-12,2027-01-15,156,73.5609,0.983578,166,69,0.394,1.958,0.170826,0.181904,direct+peer,0.0828,20,direct=0.44;peer=0.56;history=0.00 (leg not built),0.9970,
CVNA,2026-08-12,2027-02-19,191,73.9538,0.979726,30,15,0.473,1.420,0.177921,0.236247,direct+peer,0.2946,20,direct=0.44;peer=0.56;history=0.00 (leg not built),0.9979,
CVNA,2026-08-12,2027-03-19,219,74.0600,0.976754,120,60,0.392,1.620,0.225840,0.282966,direct+peer,0.2402,20,direct=0.44;peer=0.56;history=0.00 (leg not built),0.9993,
CVNA,2026-08-12,2027-06-17,309,74.7415,0.967203,144,72,0.361,1.927,0.343737,0.418980,direct+peer,0.2128,20,direct=0.44;peer=0.56;history=0.00 (leg not built),0.9981,
CVNA,2026-08-12,2028-01-21,527,76.4605,0.943447,140,70,0.379,1.883,0.535192,0.755230,direct,0.3088,20,direct=1.00;history=0.00 (leg not built),0.9944,
CVS,2026-08-06,2027-01-15,162,97.7189,0.982886,88,30,0.512,1.484,0.048748,0.049287,direct+peer,0.0488,20,direct=0.44;peer=0.56;history=0.00 (leg not built),0.9957,
CVS,2026-08-06,2027-02-19,197,97.8906,0.979077,46,22,0.613,1.583,0.064858,0.063855,direct+peer,0.0659,20,direct=0.44;peer=0.56;history=0.00 (leg not built),0.9979,
CVS,2026-08-06,2027-03-19,225,98.1389,0.976077,72,27,0.560,1.528,0.072833,0.073789,direct+peer,0.0985,20,direct=0.44;peer=0.56;history=0.00 (leg not built),0.9932,
CVS,2026-08-06,2027-06-17,315,98.3648,0.966391,72,36,0.381,1.627,0.103018,0.108420,direct+peer,0.0968,20,direct=0.44;peer=0.56;history=0.00 (leg not built),0.9943,
CVS,2026-08-06,2028-01-21,533,99.5010,0.942385,72,34,0.402,1.558,0.155976,0.196726,direct+peer,0.3411,20,direct=0.44;peer=0.56;history=0.00 (leg not built),0.9925,
CVS,2026-08-07,2027-01-15,161,96.5552,0.983121,88,32,0.518,1.605,0.047789,0.047696,direct+peer,0.0438,20,direct=0.44;peer=0.56;history=0.00 (leg not built),0.9969,
CVS,2026-08-07,2027-02-19,196,96.2436,0.979343,46,20,0.623,1.610,0.064094,0.062142,direct+peer,0.0683,20,direct=0.44;peer=0.56;history=0.00 (leg not built),0.9976,
CVS,2026-08-07,2027-03-19,224,96.5701,0.976383,72,31,0.492,1.657,0.072269,0.071619,direct+peer,0.0458,20,direct=0.44;peer=0.56;history=0.00 (leg not built),0.9955,
CVS,2026-08-07,2027-06-17,314,96.9805,0.966854,72,34,0.438,1.650,0.099511,0.103780,direct+peer,0.0835,20,direct=0.44;peer=0.56;history=0.00 (leg not built),0.9986,
CVS,2026-08-07,2028-01-21,532,98.1584,0.943217,72,36,0.382,1.630,0.159494,0.177168,direct+peer,0.1604,20,direct=0.44;peer=0.56;history=0.00 (leg not built),0.9921,
CVS,2026-08-10,2027-01-15,158,96.6187,0.983317,88,32,0.440,1.604,0.046114,0.046716,direct+peer,0.0245,20,direct=0.44;peer=0.56;history=0.00 (leg not built),0.9925,
CVS,2026-08-10,2027-02-19,193,96.2201,0.979464,46,21,0.624,1.559,0.061833,0.062218,direct+peer,0.0860,20,direct=0.44;peer=0.56;history=0.00 (leg not built),0.9992,
CVS,2026-08-10,2027-03-19,221,96.5444,0.976485,72,31,0.414,1.657,0.070269,0.070347,direct+peer,0.0289,20,direct=0.44;peer=0.56;history=0.00 (leg not built),0.9940,
CVS,2026-08-10,2027-06-17,311,97.3036,0.966911,72,33,0.462,1.644,0.094921,0.098182,direct+peer,0.0694,20,direct=0.44;peer=0.56;history=0.00 (leg not built),0.9968,
CVS,2026-08-10,2028-01-21,529,98.2715,0.942976,72,36,0.382,1.628,0.158639,0.173489,direct+peer,0.1142,20,direct=0.44;peer=0.56;history=0.00 (leg not built),0.9973,
CVS,2026-08-11,2027-01-15,157,94.7560,0.983468,88,28,0.528,1.530,0.043116,0.043133,direct+peer,0.0477,20,direct=0.44;peer=0.56;history=0.00 (leg not built),0.9888,
CVS,2026-08-11,2027-02-19,192,94.8571,0.979620,48,21,0.633,1.529,0.060825,0.061546,direct+peer,0.1323,20,direct=0.44;peer=0.56;history=0.00 (leg not built),0.9906,
CVS,2026-08-11,2027-03-19,220,95.2969,0.976648,72,29,0.498,1.626,0.071236,0.070129,direct+peer,0.0399,20,direct=0.44;peer=0.56;history=0.00 (leg not built),0.9893,
CVS,2026-08-11,2027-06-17,310,94.9741,0.967096,72,32,0.500,1.685,0.099683,0.103073,direct+peer,0.1019,20,direct=0.44;peer=0.56;history=0.00 (leg not built),0.9969,
CVS,2026-08-11,2028-01-21,528,96.3560,0.943336,72,35,0.415,1.661,0.160372,0.176269,direct+peer,0.1588,20,direct=0.44;peer=0.56;history=0.00 (leg not built),0.9851,
CVS,2026-08-12,2027-01-15,156,95.7066,0.983578,88,30,0.444,1.515,0.044656,0.044941,direct+peer,0.0231,20,direct=0.44;peer=0.56;history=0.00 (leg not built),0.9960,
CVS,2026-08-12,2027-02-19,191,95.4236,0.979726,48,20,0.629,1.467,0.059609,0.062562,direct+peer,0.1674,20,direct=0.44;peer=0.56;history=0.00 (leg not built),0.9895,
CVS,2026-08-12,2027-03-19,219,95.7986,0.976754,72,32,0.470,1.618,0.069368,0.069447,direct+peer,0.0319,20,direct=0.44;peer=0.56;history=0.00 (leg not built),0.9945,
CVS,2026-08-12,2027-06-17,309,95.5997,0.967203,72,30,0.497,1.674,0.099558,0.101393,direct+peer,0.0414,20,direct=0.44;peer=0.56;history=0.00 (leg not built),0.9861,
CVS,2026-08-12,2028-01-21,527,97.2238,0.943447,72,33,0.386,1.646,0.160534,0.178845,direct+peer,0.1658,20,direct=0.44;peer=0.56;history=0.00 (leg not built),0.9930,
CVX,2026-08-06,2027-01-15,162,189.0131,0.982886,76,27,0.529,1.428,0.034313,0.035322,direct+peer,0.0417,20,direct=0.44;peer=0.56;history=0.00 (leg not built),0.9979,
CVX,2026-08-06,2027-03-19,225,189.2214,0.976077,64,25,0.608,1.480,0.049858,0.050662,peer,0.0559,20,peer=1.00;history=0.00 (leg not built),0.9942,
CVX,2026-08-06,2027-06-17,315,189.3895,0.966391,70,27,0.660,1.637,0.072110,0.070855,direct+peer,0.0710,20,direct=0.44;peer=0.56;history=0.00 (leg not built),0.9945,
CVX,2026-08-06,2028-01-21,533,190.2918,0.942385,74,31,0.552,1.629,0.116385,0.119630,peer,0.0864,20,peer=1.00;history=0.00 (leg not built),0.9912,
CVX,2026-08-07,2027-01-15,161,186.2409,0.983121,76,30,0.456,1.503,0.034553,0.034886,direct+peer,0.0254,20,direct=0.44;peer=0.56;history=0.00 (leg not built),0.9945,
CVX,2026-08-07,2027-03-19,224,186.4492,0.976383,64,27,0.617,1.555,0.049396,0.050392,direct+peer,0.0602,20,direct=0.44;peer=0.56;history=0.00 (leg not built),0.9933,
CVX,2026-08-07,2027-06-17,314,186.4687,0.966854,70,29,0.536,1.555,0.069436,0.073293,direct+peer,0.0811,20,direct=0.44;peer=0.56;history=0.00 (leg not built),0.9952,
CVX,2026-08-07,2028-01-21,532,187.2317,0.943217,74,32,0.454,1.656,0.117889,0.122256,direct+peer,0.0856,20,direct=0.44;peer=0.56;history=0.00 (leg not built),0.9956,
CVX,2026-08-10,2027-01-15,158,194.8200,0.983317,76,31,0.462,1.489,0.034619,0.035272,direct+peer,0.0327,20,direct=0.44;peer=0.56;history=0.00 (leg not built),0.9977,
CVX,2026-08-10,2027-03-19,221,194.3369,0.976485,64,29,0.566,1.544,0.050256,0.052154,peer,0.0576,20,peer=1.00;history=0.00 (leg not built),0.9984,
CVX,2026-08-10,2027-06-17,311,195.0985,0.966911,70,28,0.615,1.589,0.070338,0.068274,direct+peer,0.0448,20,direct=0.44;peer=0.56;history=0.00 (leg not built),0.9961,
CVX,2026-08-10,2028-01-21,529,195.7676,0.942976,74,35,0.434,1.584,0.113341,0.120167,direct+peer,0.1084,20,direct=0.44;peer=0.56;history=0.00 (leg not built),0.9924,
CVX,2026-08-11,2027-01-15,157,196.4084,0.983468,76,26,0.535,1.477,0.033326,0.033962,direct+peer,0.0394,20,direct=0.44;peer=0.56;history=0.00 (leg not built),0.9988,
CVX,2026-08-11,2027-03-19,220,196.5828,0.976648,64,26,0.636,1.526,0.048987,0.048520,direct+peer,0.0436,20,direct=0.44;peer=0.56;history=0.00 (leg not built),0.9970,
CVX,2026-08-11,2027-06-17,310,197.1337,0.967096,70,28,0.609,1.573,0.069004,0.069590,direct+peer,0.0562,20,direct=0.44;peer=0.56;history=0.00 (leg not built),0.9967,
CVX,2026-08-11,2028-01-21,528,197.7761,0.943336,74,30,0.480,1.567,0.111780,0.118474,direct+peer,0.1123,20,direct=0.44;peer=0.56;history=0.00 (leg not built),0.9947,
CVX,2026-08-12,2027-01-15,156,196.4905,0.983578,76,24,0.611,1.476,0.032674,0.032777,direct+peer,0.0367,20,direct=0.44;peer=0.56;history=0.00 (leg not built),0.9974,
CVX,2026-08-12,2027-03-19,219,196.5568,0.976754,64,24,0.661,1.475,0.049349,0.048192,direct+peer,0.0633,20,direct=0.44;peer=0.56;history=0.00 (leg not built),0.9959,
CVX,2026-08-12,2027-06-17,309,197.0880,0.967203,70,26,0.660,1.573,0.069252,0.068677,direct+peer,0.0688,20,direct=0.44;peer=0.56;history=0.00 (leg not built),0.9992,
CVX,2026-08-12,2028-01-21,527,198.6771,0.943447,74,29,0.579,1.560,0.112939,0.115930,direct+peer,0.0834,20,direct=0.44;peer=0.56;history=0.00 (leg not built),0.9973,
D,2026-08-06,2027-01-15,162,66.7285,0.982886,48,14,0.412,1.199,0.026577,0.025761,direct+peer,0.0777,20,direct=0.44;peer=0.56;history=0.00 (leg not built),0.9903,
D,2026-08-06,2027-03-19,225,67.0219,0.976077,44,12,0.783,1.194,0.038631,0.034420,direct+peer,0.1848,20,direct=0.44;peer=0.56;history=0.00 (leg not built),0.9818,
D,2026-08-06,2027-06-17,315,67.0257,0.966391,40,7,0.895,1.194,,,refused,,20,,0.9914,no leg survived: no arbitrage-free fit inside the 0.35 synthetic-share ceiling
D,2026-08-06,2028-01-21,533,66.6511,0.942385,52,8,0.900,1.163,0.094084,,refused,,20,,0.9859,no leg survived: no arbitrage-free fit inside the 0.35 synthetic-share ceiling
D,2026-08-07,2027-01-15,161,67.2711,0.983121,48,14,0.409,1.189,0.024022,0.023647,direct+peer,0.0478,20,direct=0.44;peer=0.56;history=0.00 (leg not built),0.9986,
D,2026-08-07,2027-03-19,224,67.2952,0.976383,44,14,0.743,1.263,0.040383,0.034398,peer,0.1007,20,peer=1.00;history=0.00 (leg not built),0.9914,
D,2026-08-07,2027-06-17,314,67.9310,0.966854,40,10,0.736,1.141,0.045401,0.044138,peer,0.2232,20,peer=1.00;history=0.00 (leg not built),0.9942,
D,2026-08-07,2028-01-21,532,67.9241,0.943217,52,9,0.883,1.325,0.111623,0.082601,peer,0.3264,20,peer=1.00;history=0.00 (leg not built),0.9876,
D,2026-08-10,2027-01-15,158,66.9068,0.983317,48,11,0.411,1.196,0.025728,0.023670,direct+peer,0.0706,20,direct=0.44;peer=0.56;history=0.00 (leg not built),0.9925,
D,2026-08-10,2027-03-19,221,66.6807,0.976485,44,11,0.825,1.200,0.036592,0.031389,direct+peer,0.2223,20,direct=0.44;peer=0.56;history=0.00 (leg not built),0.9874,
D,2026-08-10,2027-06-17,311,67.2587,0.966911,40,9,0.818,1.152,0.051240,0.044599,peer,0.2755,20,peer=1.00;history=0.00 (leg not built),0.9959,
D,2026-08-10,2028-01-21,529,67.5000,0.942976,52,7,0.889,1.185,,,refused,,20,,0.9966,no leg survived: no arbitrage-free fit inside the 0.35 synthetic-share ceiling
D,2026-08-11,2027-01-15,157,68.0338,0.983468,48,10,0.404,1.102,0.019716,0.020542,direct+peer,0.1176,20,direct=0.44;peer=0.56;history=0.00 (leg not built),0.9915,
D,2026-08-11,2027-03-19,220,67.5341,0.976648,44,7,0.851,1.148,,0.032214,direct+peer,0.2998,20,direct=0.44;peer=0.56;history=0.00 (leg not built),0.9971,
D,2026-08-11,2027-06-17,310,67.9912,0.967096,40,7,0.735,1.103,,0.045448,direct+peer,0.2770,20,direct=0.44;peer=0.56;history=0.00 (leg not built),0.9921,
D,2026-08-11,2028-01-21,528,67.9417,0.943336,52,7,0.662,1.104,,0.081014,peer,0.3188,20,peer=1.00;history=0.00 (leg not built),0.9927,
D,2026-08-12,2027-01-15,156,68.3557,0.983578,48,9,0.402,1.097,0.020848,0.022373,direct+peer,0.1149,20,direct=0.44;peer=0.56;history=0.00 (leg not built),0.9917,
D,2026-08-12,2027-03-19,219,68.1996,0.976754,44,8,0.843,1.173,0.040900,0.029844,direct+peer,0.2548,20,direct=0.44;peer=0.56;history=0.00 (leg not built),0.9810,
D,2026-08-12,2027-06-17,309,67.8533,0.967203,40,5,0.921,1.068,,,refused,,0,,0.9918,only 5 invertible quotes
D,2026-08-12,2028-01-21,527,68.3480,0.943447,52,5,0.914,1.061,,,refused,,0,,0.9749,only 5 invertible quotes
DAL,2026-08-06,2027-01-15,162,94.0436,0.982886,82,34,0.266,1.489,0.074196,0.077160,direct+peer,0.0473,20,direct=0.44;peer=0.56;history=0.00 (leg not built),0.9940,
DAL,2026-08-06,2027-03-19,225,94.6619,0.976077,66,28,0.423,1.479,0.099620,0.112226,direct+peer,0.1922,20,direct=0.44;peer=0.56;history=0.00 (leg not built),0.9947,
DAL,2026-08-06,2027-06-17,315,95.3570,0.966391,54,27,0.419,1.468,0.134257,0.150928,direct+peer,0.1394,20,direct=0.44;peer=0.56;history=0.00 (leg not built),0.9894,
DAL,2026-08-06,2028-01-21,533,97.0591,0.942385,66,33,0.309,1.442,0.209535,0.273581,direct+peer,0.2453,20,direct=0.44;peer=0.56;history=0.00 (leg not built),0.9895,
DAL,2026-08-07,2027-01-15,161,92.8967,0.983121,82,37,0.269,1.507,0.073666,0.075149,direct+peer,0.0393,20,direct=0.44;peer=0.56;history=0.00 (leg not built),0.9939,
DAL,2026-08-07,2027-03-19,224,93.3450,0.976383,66,29,0.429,1.500,0.100185,0.105771,direct+peer,0.0829,20,direct=0.44;peer=0.56;history=0.00 (leg not built),0.9935,
DAL,2026-08-07,2027-06-17,314,94.2657,0.966854,54,27,0.424,1.485,0.135255,0.156336,direct+peer,0.1786,20,direct=0.44;peer=0.56;history=0.00 (leg not built),0.9921,
DAL,2026-08-07,2028-01-21,532,96.3200,0.943217,66,33,0.311,1.453,0.210744,0.273402,direct+peer,0.2516,20,direct=0.44;peer=0.56;history=0.00 (leg not built),0.9894,
DAL,2026-08-10,2027-01-15,158,90.7576,0.983317,82,32,0.386,1.543,0.072998,0.075879,direct+peer,0.0437,20,direct=0.44;peer=0.56;history=0.00 (leg not built),0.9936,
DAL,2026-08-10,2027-03-19,221,91.4286,0.976485,66,28,0.574,1.531,0.100078,0.102334,direct+peer,0.0800,20,direct=0.44;peer=0.56;history=0.00 (leg not built),0.9905,
DAL,2026-08-10,2027-06-17,311,91.8329,0.966911,54,27,0.436,1.525,0.135531,0.147677,direct+peer,0.1030,20,direct=0.44;peer=0.56;history=0.00 (leg not built),0.9897,
DAL,2026-08-10,2028-01-21,529,93.5790,0.942976,66,33,0.321,1.496,0.214611,0.272101,direct+peer,0.2239,20,direct=0.44;peer=0.56;history=0.00 (leg not built),0.9832,
DAL,2026-08-11,2027-01-15,157,91.7730,0.983468,82,32,0.381,1.526,0.071212,0.074349,direct+peer,0.0573,20,direct=0.44;peer=0.56;history=0.00 (leg not built),0.9946,
DAL,2026-08-11,2027-03-19,220,92.3413,0.976648,66,31,0.433,1.516,0.099284,0.105560,direct+peer,0.0830,20,direct=0.44;peer=0.56;history=0.00 (leg not built),0.9935,
DAL,2026-08-11,2027-06-17,310,93.2342,0.967096,54,27,0.429,1.502,0.134421,0.150523,direct+peer,0.1219,20,direct=0.44;peer=0.56;history=0.00 (leg not built),0.9889,
DAL,2026-08-11,2028-01-21,528,95.5512,0.943336,66,33,0.314,1.465,0.208137,0.266476,direct+peer,0.2353,20,direct=0.44;peer=0.56;history=0.00 (leg not built),0.9871,
DAL,2026-08-12,2027-01-15,156,91.3054,0.983578,82,34,0.274,1.479,0.070563,0.074109,direct+peer,0.0536,20,direct=0.44;peer=0.56;history=0.00 (leg not built),0.9934,
DAL,2026-08-12,2027-03-19,219,91.8345,0.976754,66,30,0.436,1.524,0.098339,0.103076,peer,0.0653,20,peer=1.00;history=0.00 (leg not built),0.9884,
DAL,2026-08-12,2027-06-17,309,92.1898,0.967203,54,27,0.434,1.519,0.132119,0.145562,direct+peer,0.1084,20,direct=0.44;peer=0.56;history=0.00 (leg not built),0.9917,
DAL,2026-08-12,2028-01-21,527,94.2527,0.943447,66,33,0.318,1.485,0.209532,0.267401,direct+peer,0.2273,20,direct=0.44;peer=0.56;history=0.00 (leg not built),0.9815,
DASH,2026-08-06,2027-01-15,162,216.2186,0.982886,96,35,0.578,1.850,0.123289,0.123807,direct+peer,0.0470,20,direct=0.44;peer=0.56;history=0.00 (leg not built),0.9993,
DASH,2026-08-06,2027-02-19,197,217.0636,0.979077,66,30,0.484,1.382,0.130263,0.158404,direct+peer,0.2057,20,direct=0.44;peer=0.56;history=0.00 (leg not built),0.9958,
DASH,2026-08-06,2027-03-19,225,217.7034,0.976077,72,30,0.482,1.378,0.144509,0.187329,peer,0.2388,20,peer=1.00;history=0.00 (leg not built),0.9991,
DASH,2026-08-06,2027-06-17,315,220.0776,0.966391,68,33,0.409,1.363,0.190184,0.267739,direct+peer,0.3275,20,direct=0.44;peer=0.56;history=0.00 (leg not built),0.9961,
DASH,2026-08-06,2027-12-17,498,224.4120,0.946290,94,46,0.356,1.827,0.361868,0.458289,direct+peer,0.2309,20,direct=0.44;peer=0.56;history=0.00 (leg not built),0.9961,
DASH,2026-08-06,2028-01-21,533,225.0127,0.942385,94,47,0.333,1.822,0.379237,0.491546,direct+peer,0.2479,20,direct=0.44;peer=0.56;history=0.00 (leg not built),0.9976,
DASH,2026-08-07,2027-01-15,161,221.3901,0.983121,96,37,0.497,1.762,0.108247,0.110953,direct+peer,0.0443,20,direct=0.44;peer=0.56;history=0.00 (leg not built),0.9987,
DASH,2026-08-07,2027-02-19,196,221.8209,0.979343,66,31,0.428,1.352,0.118795,0.150540,direct+peer,0.2343,20,direct=0.44;peer=0.56;history=0.00 (leg not built),0.9984,
DASH,2026-08-07,2027-03-19,224,222.5263,0.976383,72,32,0.404,1.348,0.131656,0.170048,direct+peer,0.2475,20,direct=0.44;peer=0.56;history=0.00 (leg not built),0.9986,
DASH,2026-08-07,2027-06-17,314,224.9990,0.966854,68,31,0.400,1.333,0.175601,0.257105,direct+peer,0.3362,20,direct=0.44;peer=0.56;history=0.00 (leg not built),0.9987,
DASH,2026-08-07,2027-12-17,497,229.1641,0.947065,94,46,0.349,1.789,0.345839,0.452595,peer,0.2429,20,peer=1.00;history=0.00 (leg not built),0.9964,
DASH,2026-08-07,2028-01-21,532,229.8851,0.943217,94,47,0.326,1.783,0.364166,0.479129,direct+peer,0.2582,20,direct=0.44;peer=0.56;history=0.00 (leg not built),0.9981,
DASH,2026-08-10,2027-01-15,158,213.4407,0.983317,96,35,0.539,1.734,0.102192,0.105421,direct+peer,0.0571,20,direct=0.44;peer=0.56;history=0.00 (leg not built),0.9975,
DASH,2026-08-10,2027-02-19,193,214.2030,0.979464,66,32,0.444,1.401,0.115446,0.140537,direct+peer,0.1867,20,direct=0.44;peer=0.56;history=0.00 (leg not built),0.9989,
DASH,2026-08-10,2027-03-19,221,214.8815,0.976485,72,32,0.396,1.396,0.129840,0.161933,direct+peer,0.2131,20,direct=0.44;peer=0.56;history=0.00 (leg not built),0.9970,
DASH,2026-08-10,2027-06-17,311,217.4058,0.966911,68,34,0.391,1.380,0.175672,0.238166,direct+peer,0.2741,20,direct=0.44;peer=0.56;history=0.00 (leg not built),0.9983,
DASH,2026-08-10,2027-12-17,494,221.7601,0.946894,94,46,0.338,1.849,0.338987,0.428575,peer,0.2136,20,peer=1.00;history=0.00 (leg not built),0.9973,
DASH,2026-08-10,2028-01-21,529,222.2358,0.942976,94,47,0.337,1.845,0.360175,0.458901,peer,0.2251,20,peer=1.00;history=0.00 (leg not built),0.9949,
DASH,2026-08-11,2027-01-15,157,216.4666,0.983468,96,32,0.554,1.617,0.095195,0.101179,direct+peer,0.1042,20,direct=0.44;peer=0.56;history=0.00 (leg not built),0.9988,
DASH,2026-08-11,2027-02-19,192,217.2693,0.979620,68,30,0.506,1.427,0.115452,0.137637,direct+peer,0.2109,20,direct=0.44;peer=0.56;history=0.00 (leg not built),0.9988,
DASH,2026-08-11,2027-03-19,220,217.9692,0.976648,74,30,0.459,1.422,0.128959,0.158903,direct+peer,0.2282,20,direct=0.44;peer=0.56;history=0.00 (leg not built),0.9987,
DASH,2026-08-11,2027-06-17,310,220.7497,0.967096,70,31,0.476,1.404,0.176946,0.245473,peer,0.3019,20,peer=1.00;history=0.00 (leg not built),0.9980,
DASH,2026-08-11,2027-12-17,493,224.9267,0.947215,94,44,0.356,1.823,0.330423,0.411458,peer,0.1996,20,peer=1.00;history=0.00 (leg not built),0.9962,
DASH,2026-08-11,2028-01-21,528,225.4240,0.943336,94,46,0.333,1.819,0.349295,0.448856,peer,0.2246,20,peer=1.00;history=0.00 (leg not built),0.9995,
DASH,2026-08-12,2027-01-15,156,216.8482,0.983578,96,35,0.553,1.798,0.094079,0.095833,direct+peer,0.0458,20,direct=0.44;peer=0.56;history=0.00 (leg not built),0.9992,
DASH,2026-08-12,2027-02-19,191,217.6864,0.979726,68,30,0.482,1.424,0.111196,0.131114,direct+peer,0.1793,20,direct=0.44;peer=0.56;history=0.00 (leg not built),0.9963,
DASH,2026-08-12,2027-03-19,219,218.2595,0.976754,74,31,0.458,1.420,0.127518,0.154500,direct+peer,0.1993,20,direct=0.44;peer=0.56;history=0.00 (leg not built),0.9970,
DASH,2026-08-12,2027-06-17,309,221.0167,0.967203,70,33,0.385,1.403,0.172135,0.224282,direct+peer,0.2552,20,direct=0.44;peer=0.56;history=0.00 (leg not built),0.9986,
DASH,2026-08-12,2027-12-17,492,224.9859,0.947326,94,47,0.333,1.822,0.323949,0.407955,peer,0.2047,20,peer=1.00;history=0.00 (leg not built),0.9974,
DASH,2026-08-12,2028-01-21,527,225.8309,0.943447,94,47,0.332,1.816,0.342745,0.441489,peer,0.2268,20,peer=1.00;history=0.00 (leg not built),0.9950,
DD,2026-08-06,2027-01-15,162,145.5189,0.982886,54,19,0.687,1.374,0.054478,0.052487,peer,0.0698,20,peer=1.00;history=0.00 (leg not built),0.9898,
DD,2026-08-06,2027-03-19,225,146.3011,0.976077,56,20,0.718,1.367,0.082956,0.081015,peer,0.1477,20,peer=1.00;history=0.00 (leg not built),0.9956,
DD,2026-08-06,2027-06-17,315,147.6511,0.966391,56,23,0.643,1.422,0.112492,0.115606,direct+peer,0.1490,20,direct=0.44;peer=0.56;history=0.00 (leg not built),0.9974,
DD,2026-08-06,2028-01-21,533,150.2228,0.942385,56,24,0.599,1.398,0.170313,0.209282,direct+peer,0.2787,20,direct=0.44;peer=0.56;history=0.00 (leg not built),0.9943,
DD,2026-08-07,2027-01-15,161,144.3592,0.983121,54,18,0.693,1.385,0.048334,0.047663,direct+peer,0.0863,20,direct=0.44;peer=0.56;history=0.00 (leg not built),0.9898,
DD,2026-08-07,2027-03-19,224,144.6211,0.976383,56,18,0.691,1.314,0.075589,0.078322,direct+peer,0.1536,20,direct=0.44;peer=0.56;history=0.00 (leg not built),0.9981,
DD,2026-08-07,2027-06-17,314,146.0033,0.966854,56,24,0.548,1.438,0.107416,0.114199,direct+peer,0.1096,20,direct=0.44;peer=0.56;history=0.00 (leg not built),0.9969,
DD,2026-08-07,2028-01-21,532,148.0916,0.943217,56,24,0.473,1.418,0.166219,0.206426,direct+peer,0.2184,20,direct=0.44;peer=0.56;history=0.00 (leg not built),0.9954,
DD,2026-08-10,2027-01-15,158,143.5051,0.983317,54,13,0.836,1.254,0.064463,0.052223,peer,0.2279,20,peer=1.00;history=0.00 (leg not built),0.9948,
DD,2026-08-10,2027-03-19,221,144.1398,0.976485,56,18,0.659,1.283,0.073296,0.079993,direct+peer,0.1967,20,direct=0.44;peer=0.56;history=0.00 (leg not built),0.9981,
DD,2026-08-10,2027-06-17,311,145.2999,0.966911,56,25,0.551,1.445,0.107196,0.113485,direct+peer,0.1098,20,direct=0.44;peer=0.56;history=0.00 (leg not built),0.9944,
DD,2026-08-10,2028-01-21,529,147.4655,0.942976,56,24,0.610,1.424,0.174680,0.206066,direct+peer,0.2436,20,direct=0.44;peer=0.56;history=0.00 (leg not built),0.9938,
DD,2026-08-11,2027-01-15,157,146.1083,0.983468,54,13,0.821,1.232,0.057264,0.049317,direct+peer,0.2154,20,direct=0.44;peer=0.56;history=0.00 (leg not built),0.9974,
DD,2026-08-11,2027-03-19,220,146.7611,0.976648,56,19,0.647,1.295,0.073149,0.077281,direct+peer,0.1454,20,direct=0.44;peer=0.56;history=0.00 (leg not built),0.9973,
DD,2026-08-11,2027-06-17,310,148.1491,0.967096,56,24,0.540,1.417,0.103052,0.111317,direct+peer,0.1221,20,direct=0.44;peer=0.56;history=0.00 (leg not built),0.9961,
DD,2026-08-11,2028-01-21,528,150.4558,0.943336,56,24,0.598,1.396,0.168620,0.201190,direct+peer,0.2559,20,direct=0.44;peer=0.56;history=0.00 (leg not built),0.9935,
DD,2026-08-12,2027-01-15,156,145.2542,0.983578,54,14,0.792,1.239,0.053584,0.050801,direct+peer,0.1914,20,direct=0.44;peer=0.56;history=0.00 (leg not built),0.9968,
DD,2026-08-12,2027-03-19,219,145.9726,0.976754,56,19,0.719,1.336,0.076792,0.073894,direct+peer,0.1396,20,direct=0.44;peer=0.56;history=0.00 (leg not built),0.9925,
DD,2026-08-12,2027-06-17,309,147.6530,0.967203,56,23,0.542,1.355,0.100076,0.110335,direct+peer,0.1380,20,direct=0.44;peer=0.56;history=0.00 (leg not built),0.9954,
DD,2026-08-12,2028-01-21,527,149.7668,0.943447,56,24,0.601,1.402,0.165772,0.198927,direct+peer,0.2568,20,direct=0.44;peer=0.56;history=0.00 (leg not built),0.9883,
DDOG,2026-08-06,2027-01-15,162,233.7220,0.982886,108,42,0.428,1.797,0.175100,0.191721,direct+peer,0.0945,20,direct=0.44;peer=0.56;history=0.00 (leg not built),0.9985,
DDOG,2026-08-06,2027-03-19,225,235.6971,0.976077,104,42,0.445,1.782,0.248189,0.299556,direct+peer,0.1911,20,direct=0.44;peer=0.56;history=0.00 (leg not built),0.9984,
DDOG,2026-08-06,2027-06-17,315,238.1460,0.966391,82,41,0.462,1.764,0.337979,0.455836,direct+peer,0.2841,20,direct=0.44;peer=0.56;history=0.00 (leg not built),0.9960,
DDOG,2026-08-06,2028-01-21,533,243.9616,0.942385,104,50,0.225,1.722,0.486661,,refused,,20,,0.9966,no leg survived: no arbitrage-free fit inside the 0.35 synthetic-share ceiling
DDOG,2026-08-07,2027-01-15,161,238.8472,0.983121,108,39,0.230,1.758,0.162578,0.183969,direct+peer,0.1374,20,direct=0.44;peer=0.56;history=0.00 (leg not built),0.9987,
DDOG,2026-08-07,2027-03-19,224,241.1010,0.976383,104,41,0.456,1.742,0.234978,0.288127,peer,0.1997,20,peer=1.00;history=0.00 (leg not built),0.9995,
DDOG,2026-08-07,2027-06-17,314,243.6889,0.966854,82,41,0.451,1.724,0.318370,0.429724,direct+peer,0.2831,20,direct=0.44;peer=0.56;history=0.00 (leg not built),0.9985,
DDOG,2026-08-07,2028-01-21,532,248.8780,0.943217,104,49,0.281,1.688,0.469718,,refused,,20,,0.9977,no leg survived: no arbitrage-free fit inside the 0.35 synthetic-share ceiling
DDOG,2026-08-10,2027-01-15,158,266.0762,0.983317,108,40,0.432,1.578,0.158518,0.194902,peer,0.1972,20,peer=1.00;history=0.00 (leg not built),0.9989,
DDOG,2026-08-10,2027-03-19,221,268.1054,0.976485,104,44,0.354,1.567,0.220399,0.302629,direct+peer,0.3201,20,direct=0.44;peer=0.56;history=0.00 (leg not built),0.9986,
DDOG,2026-08-10,2027-06-17,311,270.7670,0.966911,82,41,0.406,1.551,0.293638,0.419680,direct,0.3115,20,direct=1.00;history=0.00 (leg not built),0.9977,
DDOG,2026-08-10,2028-01-21,529,276.9423,0.942976,104,49,0.253,1.517,0.425642,,refused,,20,,0.9952,no leg survived: no arbitrage-free fit inside the 0.35 synthetic-share ceiling
DDOG,2026-08-11,2027-01-15,157,251.4744,0.983468,108,38,0.437,1.670,0.158970,0.181121,peer,0.1371,20,peer=1.00;history=0.00 (leg not built),0.9997,
DDOG,2026-08-11,2027-03-19,220,253.4386,0.976648,104,41,0.434,1.657,0.227724,0.289742,peer,0.2299,20,peer=1.00;history=0.00 (leg not built),0.9998,
DDOG,2026-08-11,2027-06-17,310,255.9587,0.967096,82,41,0.430,1.641,0.305891,0.430808,direct+peer,0.3151,20,direct=0.44;peer=0.56;history=0.00 (leg not built),0.9989,
DDOG,2026-08-11,2028-01-21,528,262.1201,0.943336,104,49,0.267,1.602,0.445233,,refused,,20,,0.9995,no leg survived: no arbitrage-free fit inside the 0.35 synthetic-share ceiling
DDOG,2026-08-12,2027-01-15,156,245.1368,0.983578,108,41,0.428,1.713,0.159995,0.177327,peer,0.1069,20,peer=1.00;history=0.00 (leg not built),0.9985,
DDOG,2026-08-12,2027-03-19,219,246.8945,0.976754,104,47,0.324,1.701,0.228236,0.277269,direct+peer,0.1801,20,direct=0.44;peer=0.56;history=0.00 (leg not built),0.9981,
DDOG,2026-08-12,2027-06-17,309,249.5692,0.967203,82,41,0.441,1.683,0.311610,0.421351,direct+peer,0.2904,20,direct=0.44;peer=0.56;history=0.00 (leg not built),0.9928,
DDOG,2026-08-12,2028-01-21,527,255.3274,0.943447,104,51,0.215,1.645,0.453571,,refused,,20,,0.9972,no leg survived: no arbitrage-free fit inside the 0.35 synthetic-share ceiling
DE,2026-08-06,2027-01-15,162,622.0755,0.982886,112,41,0.482,1.575,0.056681,0.058356,direct+peer,0.0729,20,direct=0.44;peer=0.56;history=0.00 (leg not built),0.9977,
DE,2026-08-06,2027-02-19,197,625.1068,0.979077,102,43,0.528,1.568,0.069255,0.071078,direct+peer,0.0447,20,direct=0.44;peer=0.56;history=0.00 (leg not built),0.9979,
DE,2026-08-06,2027-03-19,225,626.5850,0.976077,110,51,0.495,1.500,0.077535,0.081183,direct+peer,0.0600,20,direct=0.44;peer=0.56;history=0.00 (leg not built),0.9967,
DE,2026-08-06,2027-06-17,315,631.7839,0.966391,90,43,0.491,1.488,0.105920,0.115530,direct+peer,0.1090,20,direct=0.44;peer=0.56;history=0.00 (leg not built),0.9977,
DE,2026-08-06,2027-12-17,498,642.2141,0.946290,120,58,0.374,1.526,0.164460,0.194650,direct+peer,0.1666,20,direct=0.44;peer=0.56;history=0.00 (leg not built),0.9967,
DE,2026-08-06,2028-01-21,533,643.2365,0.942385,114,55,0.389,1.524,0.173614,0.209030,direct+peer,0.1860,20,direct=0.44;peer=0.56;history=0.00 (leg not built),0.9935,
DE,2026-08-07,2027-01-15,161,629.7038,0.983121,112,42,0.476,1.556,0.056663,0.057839,direct+peer,0.0290,20,direct=0.44;peer=0.56;history=0.00 (leg not built),0.9979,
DE,2026-08-07,2027-02-19,196,632.5971,0.979343,102,34,0.664,1.549,0.070717,0.069690,peer,0.0588,20,peer=1.00;history=0.00 (leg not built),0.9967,
DE,2026-08-07,2027-03-19,224,634.7625,0.976383,110,51,0.520,1.481,0.076315,0.079787,direct+peer,0.0658,20,direct=0.44;peer=0.56;history=0.00 (leg not built),0.9959,
DE,2026-08-07,2027-06-17,314,640.7550,0.966854,90,41,0.515,1.467,0.105280,0.116327,peer,0.1148,20,peer=1.00;history=0.00 (leg not built),0.9962,
DE,2026-08-07,2027-12-17,497,650.4866,0.947065,120,60,0.354,1.507,0.162515,0.189712,direct+peer,0.1485,20,direct=0.44;peer=0.56;history=0.00 (leg not built),0.9956,
DE,2026-08-07,2028-01-21,532,651.1791,0.943217,114,57,0.353,1.505,0.172070,0.206305,direct+peer,0.1820,20,direct=0.44;peer=0.56;history=0.00 (leg not built),0.9962,
DE,2026-08-10,2027-01-15,158,616.3186,0.983317,112,46,0.487,1.590,0.055886,0.057083,peer,0.0340,20,peer=1.00;history=0.00 (leg not built),0.9965,
DE,2026-08-10,2027-02-19,193,619.2343,0.979464,102,41,0.501,1.583,0.068808,0.071620,peer,0.0490,20,peer=1.00;history=0.00 (leg not built),0.9991,
DE,2026-08-10,2027-03-19,221,621.1265,0.976485,110,53,0.499,1.513,0.076276,0.079121,direct+peer,0.0510,20,direct=0.44;peer=0.56;history=0.00 (leg not built),0.9981,
DE,2026-08-10,2027-06-17,311,625.6779,0.966911,90,42,0.527,1.502,0.107350,0.112836,peer,0.0915,20,peer=1.00;history=0.00 (leg not built),0.9950,
DE,2026-08-10,2027-12-17,494,636.4876,0.946894,120,56,0.361,1.540,0.164087,0.191039,direct+peer,0.1567,20,direct=0.44;peer=0.56;history=0.00 (leg not built),0.9972,
DE,2026-08-10,2028-01-21,529,636.1399,0.942976,114,57,0.362,1.541,0.174035,0.204260,direct+peer,0.1627,20,direct=0.44;peer=0.56;history=0.00 (leg not built),0.9945,
DE,2026-08-11,2027-01-15,157,625.3586,0.983468,112,45,0.480,1.567,0.055796,0.056505,peer,0.0243,20,peer=1.00;history=0.00 (leg not built),0.9983,
DE,2026-08-11,2027-02-19,192,627.6764,0.979620,102,40,0.558,1.529,0.067707,0.069608,direct+peer,0.0491,20,direct=0.44;peer=0.56;history=0.00 (leg not built),0.9977,
DE,2026-08-11,2027-03-19,220,629.0387,0.976648,110,47,0.556,1.463,0.075496,0.078730,direct+peer,0.0722,20,direct=0.44;peer=0.56;history=0.00 (leg not built),0.9977,
DE,2026-08-11,2027-06-17,310,635.5020,0.967096,90,42,0.488,1.479,0.101879,0.112355,direct+peer,0.1185,20,direct=0.44;peer=0.56;history=0.00 (leg not built),0.9960,
DE,2026-08-11,2027-12-17,493,644.9577,0.947215,120,57,0.357,1.519,0.163319,0.191823,direct+peer,0.1613,20,direct=0.44;peer=0.56;history=0.00 (leg not built),0.9980,
DE,2026-08-11,2028-01-21,528,646.2438,0.943336,114,54,0.356,1.516,0.172646,0.209677,peer,0.1799,20,peer=1.00;history=0.00 (leg not built),0.9963,
DE,2026-08-12,2027-01-15,156,628.5504,0.983578,112,41,0.541,1.496,0.052832,0.054089,direct+peer,0.0385,20,direct=0.44;peer=0.56;history=0.00 (leg not built),0.9964,
DE,2026-08-12,2027-02-19,191,631.0791,0.979726,102,44,0.475,1.521,0.064603,0.067481,direct+peer,0.0580,20,direct=0.44;peer=0.56;history=0.00 (leg not built),0.9963,
DE,2026-08-12,2027-03-19,219,632.9008,0.976754,110,50,0.537,1.485,0.073093,0.076445,direct+peer,0.0619,20,direct=0.44;peer=0.56;history=0.00 (leg not built),0.9957,
DE,2026-08-12,2027-06-17,309,636.9086,0.967203,90,41,0.487,1.476,0.101608,0.109923,direct+peer,0.0970,20,direct=0.44;peer=0.56;history=0.00 (leg not built),0.9972,
DE,2026-08-12,2027-12-17,492,647.3777,0.947326,120,57,0.355,1.514,0.160944,0.188324,direct+peer,0.1528,20,direct=0.44;peer=0.56;history=0.00 (leg not built),0.9964,
DE,2026-08-12,2028-01-21,527,648.7763,0.943447,114,57,0.355,1.511,0.169891,0.202481,direct+peer,0.1709,20,direct=0.44;peer=0.56;history=0.00 (leg not built),0.9976,
DECK,2026-08-06,2027-01-15,162,100.3391,0.982886,90,23,0.598,1.694,0.088499,0.095075,direct+peer,0.2011,20,direct=0.44;peer=0.56;history=0.00 (leg not built),0.9922,
DECK,2026-08-06,2027-03-19,225,100.8538,0.976077,54,22,0.595,1.636,0.129606,0.134747,direct+peer,0.1197,20,direct=0.44;peer=0.56;history=0.00 (leg not built),0.9961,
DECK,2026-08-06,2027-06-17,315,102.3441,0.966391,48,22,0.586,1.612,0.174627,0.191009,peer,0.1603,20,peer=1.00;history=0.00 (leg not built),0.9931,
DECK,2026-08-06,2028-01-21,533,105.0707,0.942385,56,26,0.523,1.713,0.289390,0.352879,peer,0.2304,20,peer=1.00;history=0.00 (leg not built),0.9938,
DECK,2026-08-07,2027-01-15,161,99.3558,0.983121,90,20,0.654,1.610,0.093702,0.087202,peer,0.0642,20,peer=1.00;history=0.00 (leg not built),0.9962,
DECK,2026-08-07,2027-03-19,224,100.0341,0.976383,54,19,0.650,1.599,0.134179,0.130716,peer,0.1007,20,peer=1.00;history=0.00 (leg not built),0.9886,
DECK,2026-08-07,2027-06-17,314,101.3273,0.966854,48,22,0.592,1.628,0.175722,0.189045,peer,0.1480,20,peer=1.00;history=0.00 (leg not built),0.9961,
DECK,2026-08-07,2028-01-21,532,103.7808,0.943217,56,26,0.482,1.734,0.285059,0.348046,direct+peer,0.2115,20,direct=0.44;peer=0.56;history=0.00 (leg not built),0.9916,
DECK,2026-08-10,2027-01-15,158,98.7966,0.983317,90,18,0.607,1.619,0.085852,0.086526,direct+peer,0.0828,20,direct=0.44;peer=0.56;history=0.00 (leg not built),0.9900,
DECK,2026-08-10,2027-03-19,221,99.4538,0.976485,54,21,0.654,1.810,0.131918,0.127618,direct+peer,0.0711,20,direct=0.44;peer=0.56;history=0.00 (leg not built),0.9906,
DECK,2026-08-10,2027-06-17,311,99.8793,0.966911,48,20,0.601,1.552,0.174934,0.197626,direct+peer,0.1900,20,direct=0.44;peer=0.56;history=0.00 (leg not built),0.9967,
DECK,2026-08-10,2028-01-21,529,102.6158,0.942976,56,24,0.633,1.754,0.304948,0.359892,peer,0.2497,20,peer=1.00;history=0.00 (leg not built),0.9919,
DECK,2026-08-11,2027-01-15,157,95.5762,0.983468,90,19,0.575,1.622,0.082329,0.082639,peer,0.0483,20,peer=1.00;history=0.00 (leg not built),0.9991,
DECK,2026-08-11,2027-03-19,220,96.5188,0.976648,54,22,0.518,1.658,0.119459,0.124639,peer,0.0647,20,peer=1.00;history=0.00 (leg not built),0.9876,
DECK,2026-08-11,2027-06-17,310,97.6368,0.967096,48,22,0.512,1.690,0.168221,0.188963,direct+peer,0.1772,20,direct=0.44;peer=0.56;history=0.00 (leg not built),0.9818,
DECK,2026-08-11,2028-01-21,528,100.0000,0.943336,56,26,0.550,1.800,0.295653,0.350072,direct+peer,0.2347,20,direct=0.44;peer=0.56;history=0.00 (leg not built),0.9938,
DECK,2026-08-12,2027-01-15,156,93.0005,0.983578,90,21,0.591,1.828,0.084871,0.084107,direct+peer,0.0328,20,direct=0.44;peer=0.56;history=0.00 (leg not built),0.9925,
DECK,2026-08-12,2027-03-19,219,94.0103,0.976754,54,19,0.585,1.649,0.123719,0.127722,direct+peer,0.0805,20,direct=0.44;peer=0.56;history=0.00 (leg not built),0.9920,
DECK,2026-08-12,2027-06-17,309,95.0862,0.967203,48,20,0.578,1.578,0.170215,0.186094,direct+peer,0.1542,20,direct=0.44;peer=0.56;history=0.00 (leg not built),0.9784,
DECK,2026-08-12,2028-01-21,527,97.6681,0.943447,56,27,0.512,1.843,0.288902,0.335742,direct+peer,0.1821,20,direct=0.44;peer=0.56;history=0.00 (leg not built),0.9960,
DELL,2026-08-06,2027-01-15,162,446.0067,0.982886,168,66,0.078,1.569,0.262983,0.380582,direct+peer,0.3196,20,direct=0.44;peer=0.56;history=0.00 (leg not built),0.9990,
DELL,2026-08-06,2027-03-19,225,448.6681,0.976077,152,65,0.290,1.560,0.334502,,refused,,20,,0.9991,no leg survived: no arbitrage-free fit inside the 0.35 synthetic-share ceiling
DELL,2026-08-06,2027-06-17,315,452.5278,0.966391,158,69,0.221,1.547,0.417375,,refused,,20,,0.9980,no leg survived: no arbitrage-free fit inside the 0.35 synthetic-share ceiling
DELL,2026-08-06,2027-09-17,407,456.1461,0.956369,158,71,0.219,1.535,0.488107,,refused,,20,,0.9982,no leg survived: no arbitrage-free fit inside the 0.35 synthetic-share ceiling
DELL,2026-08-06,2027-12-17,498,460.1057,0.946290,168,72,0.206,1.521,0.551258,,refused,,20,,0.9974,no leg survived: no arbitrage-free fit inside the 0.35 synthetic-share ceiling
DELL,2026-08-06,2028-01-21,533,461.9593,0.942385,158,75,0.152,1.515,0.570252,,refused,,20,,0.9975,no leg survived: no arbitrage-free fit inside the 0.35 synthetic-share ceiling
DELL,2026-08-07,2027-01-15,161,460.8864,0.983121,168,66,0.184,1.519,0.248904,0.373576,direct,0.3364,20,direct=1.00;history=0.00 (leg not built),0.9983,
DELL,2026-08-07,2027-03-19,224,463.7346,0.976383,152,66,0.270,1.509,0.316179,,refused,,20,,0.9982,no leg survived: no arbitrage-free fit inside the 0.35 synthetic-share ceiling
DELL,2026-08-07,2027-06-17,314,467.7357,0.966854,158,71,0.171,1.497,0.393013,,refused,,20,,0.9984,no leg survived: no arbitrage-free fit inside the 0.35 synthetic-share ceiling
DELL,2026-08-07,2027-09-17,406,472.2466,0.957002,158,72,0.201,1.482,0.461777,,refused,,20,,0.9982,no leg survived: no arbitrage-free fit inside the 0.35 synthetic-share ceiling
DELL,2026-08-07,2027-12-17,497,475.8405,0.947065,168,77,0.137,1.471,0.522486,,refused,,20,,0.9981,no leg survived: no arbitrage-free fit inside the 0.35 synthetic-share ceiling
DELL,2026-08-07,2028-01-21,532,477.3457,0.943217,158,79,0.126,1.466,0.541066,,refused,,20,,0.9975,no leg survived: no arbitrage-free fit inside the 0.35 synthetic-share ceiling
DELL,2026-08-10,2027-01-15,158,465.2420,0.983317,168,63,0.172,1.505,0.239900,0.356523,direct,0.3226,20,direct=1.00;history=0.00 (leg not built),0.9990,
DELL,2026-08-10,2027-03-19,221,468.2591,0.976485,152,65,0.278,1.495,0.307405,,refused,,20,,0.9986,no leg survived: no arbitrage-free fit inside the 0.35 synthetic-share ceiling
DELL,2026-08-10,2027-06-17,311,472.4895,0.966911,158,71,0.169,1.482,0.382605,,refused,,20,,0.9985,no leg survived: no arbitrage-free fit inside the 0.35 synthetic-share ceiling
DELL,2026-08-10,2027-09-17,403,476.8092,0.956992,158,71,0.210,1.468,0.450127,,refused,,20,,0.9980,no leg survived: no arbitrage-free fit inside the 0.35 synthetic-share ceiling
DELL,2026-08-10,2027-12-17,494,481.0749,0.946894,168,77,0.146,1.455,0.508161,,refused,,20,,0.9972,no leg survived: no arbitrage-free fit inside the 0.35 synthetic-share ceiling
DELL,2026-08-10,2028-01-21,529,482.6247,0.942976,158,77,0.135,1.450,0.526304,,refused,,20,,0.9972,no leg survived: no arbitrage-free fit inside the 0.35 synthetic-share ceiling
DELL,2026-08-11,2027-01-15,157,447.7666,0.983468,168,64,0.179,1.563,0.231384,0.323227,direct+peer,0.2999,20,direct=0.44;peer=0.56;history=0.00 (leg not built),0.9985,
DELL,2026-08-11,2027-03-19,220,450.9105,0.976648,152,67,0.266,1.552,0.301211,0.457197,direct,0.3396,20,direct=1.00;history=0.00 (leg not built),0.9971,
DELL,2026-08-11,2027-06-17,310,454.9338,0.967096,158,73,0.176,1.539,0.381573,,refused,,20,,0.9965,no leg survived: no arbitrage-free fit inside the 0.35 synthetic-share ceiling
DELL,2026-08-11,2027-09-17,402,458.3322,0.957224,158,72,0.207,1.527,0.452802,,refused,,20,,0.9962,no leg survived: no arbitrage-free fit inside the 0.35 synthetic-share ceiling
DELL,2026-08-11,2027-12-17,493,462.4357,0.947215,168,75,0.173,1.514,0.515881,,refused,,20,,0.9980,no leg survived: no arbitrage-free fit inside the 0.35 synthetic-share ceiling
DELL,2026-08-11,2028-01-21,528,463.9942,0.943336,158,76,0.151,1.509,0.534618,,refused,,20,,0.9970,no leg survived: no arbitrage-free fit inside the 0.35 synthetic-share ceiling
DELL,2026-08-12,2027-01-15,156,491.6558,0.983578,168,61,0.203,1.424,0.211777,0.313243,direct,0.3230,20,direct=1.00;history=0.00 (leg not built),0.9986,
DELL,2026-08-12,2027-03-19,219,494.7753,0.976754,152,63,0.263,1.415,0.273017,,refused,,20,,0.9981,no leg survived: no arbitrage-free fit inside the 0.35 synthetic-share ceiling
DELL,2026-08-12,2027-06-17,309,499.0436,0.967203,158,73,0.160,1.403,0.341373,,refused,,20,,0.9984,no leg survived: no arbitrage-free fit inside the 0.35 synthetic-share ceiling
DELL,2026-08-12,2027-09-17,401,502.8987,0.957333,158,72,0.189,1.392,0.402375,,refused,,20,,0.9983,no leg survived: no arbitrage-free fit inside the 0.35 synthetic-share ceiling
DELL,2026-08-12,2027-12-17,492,507.1122,0.947326,168,75,0.158,1.380,0.454804,,refused,,20,,0.9978,no leg survived: no arbitrage-free fit inside the 0.35 synthetic-share ceiling
DELL,2026-08-12,2028-01-21,527,508.8038,0.943447,158,75,0.157,1.376,0.471138,,refused,,20,,0.9980,no leg survived: no arbitrage-free fit inside the 0.35 synthetic-share ceiling
DG,2026-08-06,2027-01-15,162,128.4400,0.982886,74,27,0.623,1.713,0.086685,0.085022,peer,0.0524,20,peer=1.00;history=0.00 (leg not built),0.9936,
DG,2026-08-06,2027-02-19,197,128.9105,0.979077,54,25,0.543,1.474,0.092110,0.097160,peer,0.0829,20,peer=1.00;history=0.00 (leg not built),0.9976,
DG,2026-08-06,2027-03-19,225,129.2316,0.976077,56,25,0.503,1.470,0.109286,0.118258,peer,0.1039,20,peer=1.00;history=0.00 (leg not built),0.9961,
DG,2026-08-06,2027-06-17,315,130.0949,0.966391,60,29,0.461,1.537,0.148176,0.163755,direct+peer,0.1355,20,direct=0.44;peer=0.56;history=0.00 (leg not built),0.9968,
DG,2026-08-06,2028-01-21,533,131.7951,0.942385,68,33,0.379,1.745,0.239348,0.281646,direct+peer,0.1797,20,direct=0.44;peer=0.56;history=0.00 (leg not built),0.9931,
DG,2026-08-07,2027-01-15,161,127.8979,0.983121,74,29,0.586,1.798,0.082954,0.081378,direct+peer,0.0216,20,direct=0.44;peer=0.56;history=0.00 (leg not built),0.9946,
DG,2026-08-07,2027-02-19,196,128.4258,0.979343,54,26,0.506,1.479,0.089065,0.093300,direct+peer,0.0589,20,direct=0.44;peer=0.56;history=0.00 (leg not built),0.9992,
DG,2026-08-07,2027-03-19,224,128.6430,0.976383,56,27,0.466,1.477,0.107224,0.116171,direct+peer,0.0971,20,direct=0.44;peer=0.56;history=0.00 (leg not built),0.9966,
DG,2026-08-07,2027-06-17,314,129.5518,0.966854,60,29,0.463,1.544,0.145839,0.163007,direct+peer,0.1558,20,direct=0.44;peer=0.56;history=0.00 (leg not built),0.9947,
DG,2026-08-07,2028-01-21,532,131.1132,0.943217,68,31,0.496,1.754,0.242025,0.285041,direct+peer,0.2197,20,direct=0.44;peer=0.56;history=0.00 (leg not built),0.9948,
DG,2026-08-10,2027-01-15,158,124.3983,0.983317,74,27,0.603,1.688,0.082008,0.082822,peer,0.0545,20,peer=1.00;history=0.00 (leg not built),0.9970,
DG,2026-08-10,2027-02-19,193,124.8128,0.979464,54,26,0.521,1.522,0.087954,0.092864,direct+peer,0.0843,20,direct=0.44;peer=0.56;history=0.00 (leg not built),0.9973,
DG,2026-08-10,2027-03-19,221,125.1707,0.976485,56,26,0.479,1.518,0.107887,0.119646,peer,0.1150,20,peer=1.00;history=0.00 (leg not built),0.9969,
DG,2026-08-10,2027-06-17,311,126.1463,0.966911,60,30,0.436,1.585,0.145246,0.162867,peer,0.1223,20,peer=1.00;history=0.00 (leg not built),0.9972,
DG,2026-08-10,2028-01-21,529,127.8437,0.942976,68,34,0.391,1.799,0.237295,0.267671,direct+peer,0.1289,20,direct=0.44;peer=0.56;history=0.00 (leg not built),0.9960,
DG,2026-08-11,2027-01-15,157,122.1438,0.983468,74,28,0.614,1.883,0.082585,0.081187,direct+peer,0.0391,20,direct=0.44;peer=0.56;history=0.00 (leg not built),0.9953,
DG,2026-08-11,2027-02-19,192,122.2202,0.979620,54,26,0.491,1.555,0.088761,0.092200,direct+peer,0.0516,20,direct=0.44;peer=0.56;history=0.00 (leg not built),0.9973,
DG,2026-08-11,2027-03-19,220,122.7986,0.976648,56,28,0.448,1.547,0.108672,0.116560,direct+peer,0.0845,20,direct=0.44;peer=0.56;history=0.00 (leg not built),0.9984,
DG,2026-08-11,2027-06-17,310,123.8798,0.967096,60,30,0.444,1.614,0.144395,0.158610,direct+peer,0.1208,20,direct=0.44;peer=0.56;history=0.00 (leg not built),0.9930,
DG,2026-08-11,2028-01-21,528,125.2032,0.943336,68,34,0.399,1.837,0.239485,0.264252,direct+peer,0.1124,20,direct=0.44;peer=0.56;history=0.00 (leg not built),0.9948,
DG,2026-08-12,2027-01-15,156,120.7879,0.983578,74,27,0.538,1.614,0.078909,0.080054,peer,0.0424,20,peer=1.00;history=0.00 (leg not built),0.9969,
DG,2026-08-12,2027-02-19,191,121.2163,0.979726,54,26,0.536,1.567,0.088071,0.090765,direct+peer,0.0643,20,direct=0.44;peer=0.56;history=0.00 (leg not built),0.9962,
DG,2026-08-12,2027-03-19,219,121.7319,0.976754,56,26,0.534,1.561,0.109695,0.114520,direct+peer,0.0838,20,direct=0.44;peer=0.56;history=0.00 (leg not built),0.9966,
DG,2026-08-12,2027-06-17,309,121.6887,0.967203,60,30,0.452,1.644,0.149841,0.161194,peer,0.0839,20,peer=1.00;history=0.00 (leg not built),0.9984,
DG,2026-08-12,2028-01-21,527,123.5602,0.943447,68,34,0.405,1.861,0.241927,0.271246,direct+peer,0.1235,20,direct=0.44;peer=0.56;history=0.00 (leg not built),0.9965,
DGX,2026-08-06,2027-02-19,197,241.6342,0.979077,54,13,0.786,1.242,0.042563,0.039234,direct+peer,0.1627,20,direct=0.44;peer=0.56;history=0.00 (leg not built),0.9989,
DGX,2026-08-07,2027-02-19,196,241.2934,0.979343,54,14,0.787,1.326,0.044947,0.039820,peer,0.1248,20,peer=1.00;history=0.00 (leg not built),0.9993,
DGX,2026-08-10,2027-02-19,193,240.5275,0.979464,54,14,0.769,1.247,0.039528,0.037864,direct+peer,0.1649,20,direct=0.44;peer=0.56;history=0.00 (leg not built),0.9974,
DGX,2026-08-11,2027-02-19,192,241.3611,0.979620,56,13,0.787,1.243,0.040022,0.037514,direct+peer,0.1784,20,direct=0.44;peer=0.56;history=0.00 (leg not built),0.9977,
DGX,2026-08-12,2027-02-19,191,240.8336,0.979726,56,13,0.789,1.246,0.040037,0.035343,peer,0.1279,20,peer=1.00;history=0.00 (leg not built),0.9964,
DHI,2026-08-06,2027-01-15,162,148.5654,0.982886,76,22,0.707,1.481,0.067565,0.065223,peer,0.0732,20,peer=1.00;history=0.00 (leg not built),0.9901,
DHI,2026-08-06,2027-02-19,197,148.3045,0.979077,56,23,0.674,1.483,0.083513,0.082329,peer,0.0777,20,peer=1.00;history=0.00 (leg not built),0.9963,
DHI,2026-08-06,2027-03-19,225,149.0267,0.976077,62,24,0.637,1.476,0.092486,0.093315,direct+peer,0.0958,20,direct=0.44;peer=0.56;history=0.00 (leg not built),0.9948,
DHI,2026-08-06,2027-06-17,315,150.0103,0.966391,60,24,0.633,1.467,0.126927,0.133401,peer,0.1468,20,peer=1.00;history=0.00 (leg not built),0.9961,
DHI,2026-08-06,2028-01-21,533,152.7483,0.942385,64,29,0.524,1.637,0.200413,0.226187,peer,0.1601,20,peer=1.00;history=0.00 (leg not built),0.9932,
DHI,2026-08-07,2027-01-15,161,152.4005,0.983121,76,22,0.689,1.444,0.067000,0.065599,peer,0.0869,20,peer=1.00;history=0.00 (leg not built),0.9965,
DHI,2026-08-07,2027-02-19,196,152.8455,0.979343,56,24,0.589,1.439,0.077756,0.080887,direct+peer,0.0850,20,direct=0.44;peer=0.56;history=0.00 (leg not built),0.9960,
DHI,2026-08-07,2027-03-19,224,152.9721,0.976383,62,26,0.588,1.569,0.091530,0.092228,peer,0.0575,20,peer=1.00;history=0.00 (leg not built),0.9938,
DHI,2026-08-07,2027-06-17,314,153.7071,0.966854,60,27,0.586,1.561,0.125127,0.130582,direct+peer,0.1041,20,direct=0.44;peer=0.56;history=0.00 (leg not built),0.9931,
DHI,2026-08-07,2028-01-21,532,156.9190,0.943217,64,30,0.478,1.593,0.193668,0.221088,direct+peer,0.1491,20,direct=0.44;peer=0.56;history=0.00 (leg not built),0.9887,
DHI,2026-08-10,2027-01-15,158,148.9322,0.983317,76,25,0.604,1.477,0.062102,0.063677,direct+peer,0.0721,20,direct=0.44;peer=0.56;history=0.00 (leg not built),0.9965,
DHI,2026-08-10,2027-02-19,193,148.9484,0.979464,56,26,0.604,1.544,0.079608,0.082803,peer,0.0847,20,peer=1.00;history=0.00 (leg not built),0.9972,
DHI,2026-08-10,2027-03-19,221,149.8157,0.976485,62,27,0.601,1.602,0.089303,0.089730,direct+peer,0.0695,20,direct=0.44;peer=0.56;history=0.00 (leg not built),0.9923,
DHI,2026-08-10,2027-06-17,311,150.4757,0.966911,60,30,0.498,1.595,0.120171,0.126247,peer,0.0706,20,peer=1.00;history=0.00 (leg not built),0.9932,
DHI,2026-08-10,2028-01-21,529,153.1442,0.942976,64,32,0.457,1.632,0.191413,0.217176,peer,0.1393,20,peer=1.00;history=0.00 (leg not built),0.9950,
DHI,2026-08-11,2027-01-15,157,152.2878,0.983468,76,20,0.755,1.445,0.066895,0.062485,direct+peer,0.1030,20,direct=0.44;peer=0.56;history=0.00 (leg not built),0.9957,
DHI,2026-08-11,2027-02-19,192,152.5909,0.979620,56,22,0.688,1.442,0.079918,0.078906,direct+peer,0.1086,20,direct=0.44;peer=0.56;history=0.00 (leg not built),0.9966,
DHI,2026-08-11,2027-03-19,220,153.2286,0.976648,62,23,0.620,1.371,0.084499,0.089295,peer,0.1130,20,peer=1.00;history=0.00 (leg not built),0.9961,
DHI,2026-08-11,2027-06-17,310,153.9350,0.967096,60,27,0.552,1.559,0.119413,0.125187,direct+peer,0.0851,20,direct=0.44;peer=0.56;history=0.00 (leg not built),0.9912,
DHI,2026-08-11,2028-01-21,528,157.1201,0.943336,64,28,0.541,1.591,0.193437,0.218972,direct+peer,0.1762,20,direct=0.44;peer=0.56;history=0.00 (leg not built),0.9969,
DHI,2026-08-12,2027-01-15,156,148.3021,0.983578,76,25,0.607,1.483,0.063175,0.063828,direct+peer,0.0502,20,direct=0.44;peer=0.56;history=0.00 (leg not built),0.9957,
DHI,2026-08-12,2027-02-19,191,148.7548,0.979726,56,24,0.639,1.479,0.078300,0.079622,direct+peer,0.0802,20,direct=0.44;peer=0.56;history=0.00 (leg not built),0.9990,
DHI,2026-08-12,2027-03-19,219,148.6588,0.976754,62,26,0.605,1.547,0.089706,0.090985,direct+peer,0.0630,20,direct=0.44;peer=0.56;history=0.00 (leg not built),0.9978,
DHI,2026-08-12,2027-06-17,309,149.4934,0.967203,60,29,0.502,1.605,0.125305,0.131480,direct+peer,0.0765,20,direct=0.44;peer=0.56;history=0.00 (leg not built),0.9971,
DHI,2026-08-12,2028-01-21,527,152.2683,0.943447,64,30,0.493,1.642,0.194594,0.220766,direct+peer,0.1370,20,direct=0.44;peer=0.56;history=0.00 (leg not built),0.9954,
DHR,2026-08-06,2027-01-15,162,202.3491,0.982886,88,23,0.667,1.927,0.053939,0.050556,direct+peer,0.0306,20,direct=0.44;peer=0.56;history=0.00 (leg not built),0.9964,
DHR,2026-08-06,2027-03-19,225,203.7701,0.976077,64,25,0.638,1.472,0.074280,0.077384,direct+peer,0.1429,20,direct=0.44;peer=0.56;history=0.00 (leg not built),0.9974,
DHR,2026-08-06,2027-06-17,315,205.1538,0.966391,66,28,0.536,1.462,0.098584,0.105856,direct+peer,0.0899,20,direct=0.44;peer=0.56;history=0.00 (leg not built),0.9950,
DHR,2026-08-06,2028-01-21,533,209.7170,0.942385,80,35,0.501,1.717,0.178640,0.187804,peer,0.0912,20,peer=1.00;history=0.00 (leg not built),0.9972,
DHR,2026-08-07,2027-01-15,161,206.7112,0.983121,88,25,0.653,1.887,0.049502,0.047205,direct+peer,0.0145,20,direct=0.44;peer=0.56;history=0.00 (leg not built),0.9949,
DHR,2026-08-07,2027-03-19,224,208.0540,0.976383,64,26,0.601,1.442,0.067427,0.069385,direct+peer,0.0673,20,direct=0.44;peer=0.56;history=0.00 (leg not built),0.9975,
DHR,2026-08-07,2027-06-17,314,210.1724,0.966854,66,29,0.500,1.427,0.094089,0.101392,direct+peer,0.0978,20,direct=0.44;peer=0.56;history=0.00 (leg not built),0.9979,
DHR,2026-08-07,2028-01-21,532,214.5942,0.943217,80,37,0.396,1.678,0.166997,0.180826,direct+peer,0.0888,20,direct=0.44;peer=0.56;history=0.00 (leg not built),0.9991,
DHR,2026-08-10,2027-01-15,158,211.0509,0.983317,88,26,0.640,1.848,0.047347,0.046909,direct+peer,0.0323,20,direct=0.44;peer=0.56;history=0.00 (leg not built),0.9957,
DHR,2026-08-10,2027-03-19,221,212.5261,0.976485,64,28,0.541,1.412,0.063711,0.069533,peer,0.0886,20,peer=1.00;history=0.00 (leg not built),0.9973,
DHR,2026-08-10,2027-06-17,311,214.3954,0.966911,66,27,0.490,1.399,0.089707,0.101267,direct+peer,0.1198,20,direct=0.44;peer=0.56;history=0.00 (leg not built),0.9980,
DHR,2026-08-10,2028-01-21,529,218.7274,0.942976,80,39,0.389,1.646,0.164427,0.180326,direct+peer,0.0956,20,direct=0.44;peer=0.56;history=0.00 (leg not built),0.9977,
DHR,2026-08-11,2027-01-15,157,210.4406,0.983468,88,24,0.665,1.853,0.046607,0.044434,direct+peer,0.0246,20,direct=0.44;peer=0.56;history=0.00 (leg not built),0.9958,
DHR,2026-08-11,2027-03-19,220,211.8260,0.976648,64,26,0.590,1.416,0.063609,0.066172,direct+peer,0.0670,20,direct=0.44;peer=0.56;history=0.00 (leg not built),0.9985,
DHR,2026-08-11,2027-06-17,310,214.5669,0.967096,66,28,0.513,1.398,0.086332,0.094429,direct+peer,0.1041,20,direct=0.44;peer=0.56;history=0.00 (leg not built),0.9965,
DHR,2026-08-11,2028-01-21,528,217.6502,0.943336,80,39,0.414,1.654,0.164974,0.189603,direct+peer,0.1901,20,direct=0.44;peer=0.56;history=0.00 (leg not built),0.9965,
DHR,2026-08-12,2027-01-15,156,209.6780,0.983578,88,24,0.596,1.860,0.045892,0.044844,peer,0.0156,20,peer=1.00;history=0.00 (leg not built),0.9956,
DHR,2026-08-12,2027-03-19,219,210.7678,0.976754,64,26,0.593,1.423,0.062877,0.064822,direct+peer,0.0693,20,direct=0.44;peer=0.56;history=0.00 (leg not built),0.9987,
DHR,2026-08-12,2027-06-17,309,212.2746,0.967203,66,30,0.495,1.413,0.088894,0.099920,peer,0.1132,20,peer=1.00;history=0.00 (leg not built),0.9982,
DHR,2026-08-12,2028-01-21,527,216.3255,0.943447,80,39,0.416,1.664,0.164215,0.178650,direct+peer,0.0964,20,direct=0.44;peer=0.56;history=0.00 (leg not built),0.9972,
DIS,2026-08-06,2027-01-15,162,105.8902,0.982886,58,21,0.472,1.747,0.038525,0.038114,peer,0.0102,20,peer=1.00;history=0.00 (leg not built),0.9980,
DIS,2026-08-06,2027-03-19,225,106.7758,0.976077,46,21,0.515,1.498,0.054700,0.056108,direct+peer,0.0481,20,direct=0.44;peer=0.56;history=0.00 (leg not built),0.9917,
DIS,2026-08-06,2027-06-17,315,107.3886,0.966391,50,21,0.605,1.536,0.083156,0.084251,peer,0.0811,20,peer=1.00;history=0.00 (leg not built),0.9970,
DIS,2026-08-06,2027-12-17,498,108.2475,0.946290,52,26,0.462,1.617,0.127769,0.136482,direct+peer,0.0910,20,direct=0.44;peer=0.56;history=0.00 (leg not built),0.9872,
DIS,2026-08-06,2028-01-21,533,109.1069,0.942385,50,25,0.458,1.558,0.132902,0.143553,direct+peer,0.1077,20,direct=0.44;peer=0.56;history=0.00 (leg not built),0.9912,
DIS,2026-08-07,2027-01-15,161,106.1613,0.983121,58,20,0.659,1.743,0.037839,0.036508,direct+peer,0.0206,20,direct=0.44;peer=0.56;history=0.00 (leg not built),0.9979,
DIS,2026-08-07,2027-03-19,224,107.0142,0.976383,46,20,0.607,1.495,0.055933,0.056992,direct+peer,0.0562,20,direct=0.44;peer=0.56;history=0.00 (leg not built),0.9987,
DIS,2026-08-07,2027-06-17,314,108.0693,0.966854,50,22,0.601,1.573,0.082978,0.083434,direct+peer,0.0665,20,direct=0.44;peer=0.56;history=0.00 (leg not built),0.9937,
DIS,2026-08-07,2027-12-17,497,109.4017,0.947065,52,25,0.503,1.600,0.126167,0.133794,direct+peer,0.0842,20,direct=0.44;peer=0.56;history=0.00 (leg not built),0.9910,
DIS,2026-08-07,2028-01-21,532,109.3904,0.943217,50,24,0.503,1.554,0.134954,0.145866,direct+peer,0.1075,20,direct=0.44;peer=0.56;history=0.00 (leg not built),0.9919,
DIS,2026-08-10,2027-01-15,158,104.4491,0.983317,58,22,0.622,1.771,0.037525,0.037125,direct+peer,0.0274,20,direct=0.44;peer=0.56;history=0.00 (leg not built),0.9977,
DIS,2026-08-10,2027-03-19,221,105.0512,0.976485,46,23,0.476,1.523,0.055460,0.056945,direct+peer,0.0456,20,direct=0.44;peer=0.56;history=0.00 (leg not built),0.9985,
DIS,2026-08-10,2027-06-17,311,106.4134,0.966911,50,24,0.470,1.598,0.078723,0.082794,direct+peer,0.0571,20,direct=0.44;peer=0.56;history=0.00 (leg not built),0.9947,
DIS,2026-08-10,2027-12-17,494,107.3246,0.946894,52,26,0.466,1.631,0.127477,0.135817,direct+peer,0.0769,20,direct=0.44;peer=0.56;history=0.00 (leg not built),0.9921,
DIS,2026-08-10,2028-01-21,529,107.8437,0.942976,50,24,0.510,1.576,0.132171,0.143805,direct+peer,0.1075,20,direct=0.44;peer=0.56;history=0.00 (leg not built),0.9937,
DIS,2026-08-11,2027-01-15,157,104.7797,0.983468,58,20,0.668,1.766,0.036326,0.035548,direct+peer,0.0785,20,direct=0.44;peer=0.56;history=0.00 (leg not built),0.9975,
DIS,2026-08-11,2027-03-19,220,105.5887,0.976648,46,19,0.474,1.468,0.053648,0.054506,direct+peer,0.0432,20,direct=0.44;peer=0.56;history=0.00 (leg not built),0.9957,
DIS,2026-08-11,2027-06-17,310,106.3528,0.967096,50,22,0.611,1.598,0.077481,0.078391,direct+peer,0.0561,20,direct=0.44;peer=0.56;history=0.00 (leg not built),0.9991,
DIS,2026-08-11,2027-12-17,493,108.4692,0.947215,52,26,0.461,1.613,0.122264,0.134250,direct+peer,0.1133,20,direct=0.44;peer=0.56;history=0.00 (leg not built),0.9932,
DIS,2026-08-11,2028-01-21,528,108.2774,0.943336,50,25,0.462,1.570,0.130004,0.140615,direct+peer,0.0967,20,direct=0.44;peer=0.56;history=0.00 (leg not built),0.9981,
DIS,2026-08-12,2027-01-15,156,104.5340,0.983578,58,20,0.670,1.770,0.036130,0.035195,direct+peer,0.0343,20,direct=0.44;peer=0.56;history=0.00 (leg not built),0.9992,
DIS,2026-08-12,2027-03-19,219,105.4607,0.976754,46,21,0.474,1.517,0.052021,0.058483,direct+peer,0.2270,20,direct=0.44;peer=0.56;history=0.00 (leg not built),0.9967,
DIS,2026-08-12,2027-06-17,309,106.4389,0.967203,50,23,0.564,1.597,0.078543,0.078631,peer,0.0442,20,peer=1.00;history=0.00 (leg not built),0.9949,
DIS,2026-08-12,2027-12-17,492,107.6249,0.947326,52,26,0.465,1.626,0.121539,0.128785,direct+peer,0.0799,20,direct=0.44;peer=0.56;history=0.00 (leg not built),0.9951,
DIS,2026-08-12,2028-01-21,527,107.7476,0.943447,50,25,0.464,1.578,0.128490,0.151208,direct+peer,0.2704,20,direct=0.44;peer=0.56;history=0.00 (leg not built),0.9969,
DLR,2026-08-06,2027-01-15,162,194.3186,0.982886,72,21,0.618,1.389,0.047564,0.046887,direct+peer,0.0568,20,direct=0.44;peer=0.56;history=0.00 (leg not built),0.9978,
DLR,2026-08-06,2027-03-19,225,194.9972,0.976077,66,22,0.615,1.385,0.064675,0.066973,direct+peer,0.1051,20,direct=0.44;peer=0.56;history=0.00 (leg not built),0.9975,
DLR,2026-08-06,2027-06-17,315,195.9665,0.966391,62,24,0.638,1.429,0.089883,0.099339,direct+peer,0.2077,20,direct=0.44;peer=0.56;history=0.00 (leg not built),0.9986,
DLR,2026-08-06,2028-01-21,533,197.9674,0.942385,70,32,0.404,1.515,0.135691,0.148062,direct+peer,0.1043,20,direct=0.44;peer=0.56;history=0.00 (leg not built),0.9965,
DLR,2026-08-07,2027-01-15,161,195.0556,0.983121,72,18,0.615,1.230,0.042538,0.044365,direct+peer,0.1085,20,direct=0.44;peer=0.56;history=0.00 (leg not built),0.9980,
DLR,2026-08-07,2027-03-19,224,195.8542,0.976383,66,22,0.689,1.430,0.067865,0.064496,direct+peer,0.1187,20,direct=0.44;peer=0.56;history=0.00 (leg not built),0.9976,
DLR,2026-08-07,2027-06-17,314,196.5466,0.966854,62,23,0.611,1.374,0.085458,0.087521,direct+peer,0.1091,20,direct=0.44;peer=0.56;history=0.00 (leg not built),0.9980,
DLR,2026-08-07,2028-01-21,532,198.6042,0.943217,70,31,0.403,1.511,0.130826,0.141240,direct+peer,0.1076,20,direct=0.44;peer=0.56;history=0.00 (leg not built),0.9977,
DLR,2026-08-10,2027-01-15,158,192.3492,0.983317,72,22,0.624,1.352,0.043962,0.044095,direct+peer,0.0664,20,direct=0.44;peer=0.56;history=0.00 (leg not built),0.9963,
DLR,2026-08-10,2027-03-19,221,193.4089,0.976485,66,22,0.646,1.344,0.063055,0.063082,peer,0.1217,20,peer=1.00;history=0.00 (leg not built),0.9988,
DLR,2026-08-10,2027-06-17,311,193.9867,0.966911,62,23,0.670,1.443,0.087741,0.086953,peer,0.1242,20,peer=1.00;history=0.00 (leg not built),0.9980,
DLR,2026-08-10,2028-01-21,529,195.8670,0.942976,70,28,0.587,1.532,0.136022,0.143334,peer,0.1232,20,peer=1.00;history=0.00 (leg not built),0.9967,
DLR,2026-08-11,2027-01-15,157,191.9828,0.983468,72,18,0.625,1.302,0.044685,0.045058,direct+peer,0.0783,20,direct=0.44;peer=0.56;history=0.00 (leg not built),0.9972,
DLR,2026-08-11,2027-03-19,220,192.8072,0.976648,66,19,0.700,1.297,0.065512,0.066607,direct+peer,0.1945,20,direct=0.44;peer=0.56;history=0.00 (leg not built),0.9968,
DLR,2026-08-11,2027-06-17,310,193.3401,0.967096,62,20,0.698,1.345,0.087039,0.088250,direct+peer,0.1910,20,direct=0.44;peer=0.56;history=0.00 (leg not built),0.9991,
DLR,2026-08-11,2028-01-21,528,195.8392,0.943336,70,28,0.408,1.532,0.132961,0.142120,direct+peer,0.0903,20,direct=0.44;peer=0.56;history=0.00 (leg not built),0.9982,
DLR,2026-08-12,2027-01-15,156,197.5681,0.983578,72,18,0.607,1.265,0.040972,0.041958,direct+peer,0.0897,20,direct=0.44;peer=0.56;history=0.00 (leg not built),0.9948,
DLR,2026-08-12,2027-03-19,219,198.2381,0.976754,66,18,0.706,1.261,0.057546,0.055542,peer,0.1325,20,peer=1.00;history=0.00 (leg not built),0.9965,
DLR,2026-08-12,2027-06-17,309,199.5901,0.967203,62,23,0.626,1.353,0.079413,0.080034,peer,0.1086,20,peer=1.00;history=0.00 (leg not built),0.9979,
DLR,2026-08-12,2028-01-21,527,201.8238,0.943447,70,30,0.396,1.486,0.124544,0.136068,direct+peer,0.1113,20,direct=0.44;peer=0.56;history=0.00 (leg not built),0.9990,
DLTR,2026-08-06,2027-01-15,162,131.5092,0.982886,66,26,0.456,1.483,0.080684,0.086621,peer,0.0749,20,peer=1.00;history=0.00 (leg not built),0.9964,
DLTR,2026-08-06,2027-02-19,197,131.7278,0.979077,56,25,0.531,1.442,0.090843,0.100840,peer,0.1182,20,peer=1.00;history=0.00 (leg not built),0.9977,
DLTR,2026-08-06,2027-03-19,225,132.4161,0.976077,60,26,0.378,1.473,0.106060,0.117296,direct+peer,0.1180,20,direct=0.44;peer=0.56;history=0.00 (leg not built),0.9989,
DLTR,2026-08-06,2027-06-17,315,133.2754,0.966391,58,28,0.413,1.463,0.147074,0.172948,direct+peer,0.1848,20,direct=0.44;peer=0.56;history=0.00 (leg not built),0.9984,
DLTR,2026-08-06,2028-01-21,533,136.4768,0.942385,62,26,0.476,1.429,0.223220,0.301059,direct+peer,0.3200,20,direct=0.44;peer=0.56;history=0.00 (leg not built),0.9936,
DLTR,2026-08-07,2027-01-15,161,132.9741,0.983121,66,25,0.489,1.391,0.075769,0.082804,peer,0.0972,20,peer=1.00;history=0.00 (leg not built),0.9938,
DLTR,2026-08-07,2027-02-19,196,133.4173,0.979343,56,24,0.600,1.462,0.091394,0.095382,direct+peer,0.1013,20,direct=0.44;peer=0.56;history=0.00 (leg not built),0.9952,
DLTR,2026-08-07,2027-03-19,224,133.7027,0.976383,60,24,0.598,1.458,0.108736,0.115622,direct+peer,0.1259,20,direct=0.44;peer=0.56;history=0.00 (leg not built),0.9986,
DLTR,2026-08-07,2027-06-17,314,134.6725,0.966854,58,27,0.483,1.448,0.146200,0.176429,direct+peer,0.2330,20,direct=0.44;peer=0.56;history=0.00 (leg not built),0.9990,
DLTR,2026-08-07,2028-01-21,532,137.4120,0.943217,62,26,0.437,1.419,0.224583,0.314641,direct+peer,0.3307,20,direct=0.44;peer=0.56;history=0.00 (leg not built),0.9986,
DLTR,2026-08-10,2027-01-15,158,131.5932,0.983317,66,25,0.304,1.444,0.078314,0.084202,direct+peer,0.0892,20,direct=0.44;peer=0.56;history=0.00 (leg not built),0.9947,
DLTR,2026-08-10,2027-02-19,193,132.3397,0.979464,56,23,0.605,1.436,0.091720,0.098228,direct+peer,0.1357,20,direct=0.44;peer=0.56;history=0.00 (leg not built),0.9950,
DLTR,2026-08-10,2027-03-19,221,132.6190,0.976485,60,25,0.528,1.470,0.107251,0.119121,direct+peer,0.1448,20,direct=0.44;peer=0.56;history=0.00 (leg not built),0.9949,
DLTR,2026-08-10,2027-06-17,311,133.5607,0.966911,58,26,0.487,1.460,0.149455,0.178584,direct+peer,0.1940,20,direct=0.44;peer=0.56;history=0.00 (leg not built),0.9962,
DLTR,2026-08-10,2028-01-21,529,136.3698,0.942976,62,27,0.367,1.430,0.224840,0.312944,direct+peer,0.3237,20,direct=0.44;peer=0.56;history=0.00 (leg not built),0.9978,
DLTR,2026-08-11,2027-01-15,157,130.2373,0.983468,66,24,0.537,1.459,0.078571,0.085439,peer,0.0959,20,peer=1.00;history=0.00 (leg not built),0.9911,
DLTR,2026-08-11,2027-02-19,192,130.7996,0.979620,56,22,0.612,1.491,0.092881,0.100642,direct+peer,0.1768,20,direct=0.44;peer=0.56;history=0.00 (leg not built),0.9976,
DLTR,2026-08-11,2027-03-19,220,130.9301,0.976648,60,25,0.573,1.489,0.109220,0.116960,direct+peer,0.1279,20,direct=0.44;peer=0.56;history=0.00 (leg not built),0.9928,
DLTR,2026-08-11,2027-06-17,310,132.1284,0.967096,58,27,0.492,1.476,0.152463,0.185103,peer,0.2189,20,peer=1.00;history=0.00 (leg not built),0.9964,
DLTR,2026-08-11,2028-01-21,528,134.6908,0.943336,62,26,0.445,1.448,0.226676,0.315519,direct+peer,0.3112,20,direct=0.44;peer=0.56;history=0.00 (leg not built),0.9957,
DLTR,2026-08-12,2027-01-15,156,130.6778,0.983578,66,27,0.421,1.492,0.077785,0.082687,direct+peer,0.0671,20,direct=0.44;peer=0.56;history=0.00 (leg not built),0.9958,
DLTR,2026-08-12,2027-02-19,191,131.1568,0.979726,56,25,0.572,1.487,0.091314,0.095536,direct+peer,0.0927,20,direct=0.44;peer=0.56;history=0.00 (leg not built),0.9976,
DLTR,2026-08-12,2027-03-19,219,131.5101,0.976754,60,25,0.570,1.483,0.107498,0.115642,direct+peer,0.1191,20,direct=0.44;peer=0.56;history=0.00 (leg not built),0.9968,
DLTR,2026-08-12,2027-06-17,309,132.5158,0.967203,58,29,0.415,1.472,0.145400,0.166994,direct+peer,0.1553,20,direct=0.44;peer=0.56;history=0.00 (leg not built),0.9966,
DLTR,2026-08-12,2028-01-21,527,135.2915,0.943447,62,26,0.517,1.441,0.231565,0.298848,direct+peer,0.2967,20,direct=0.44;peer=0.56;history=0.00 (leg not built),0.9969,
DOC,2026-08-06,2027-01-15,162,21.4074,0.982886,24,4,0.701,1.051,,,refused,,0,,0.9623,only 4 invertible quotes
DOC,2026-08-06,2028-01-21,533,20.9816,0.942385,22,6,0.477,1.192,,0.123588,direct+peer,0.3000,20,direct=0.44;peer=0.56;history=0.00 (leg not built),0.9472,
DOC,2026-08-07,2027-01-15,161,21.1209,0.983121,24,4,0.710,1.184,,,refused,,0,,0.9895,only 4 invertible quotes
DOC,2026-08-07,2028-01-21,532,21.0647,0.943217,22,4,0.475,1.187,,,refused,,0,,0.9324,only 4 invertible quotes
DOC,2026-08-10,2027-01-15,158,20.7648,0.983317,24,4,0.722,1.204,,,refused,,0,,0.9918,only 4 invertible quotes
DOC,2026-08-10,2028-01-21,529,20.7801,0.942976,22,4,0.481,1.203,,,refused,,0,,0.9530,only 4 invertible quotes
DOC,2026-08-11,2027-01-15,157,20.2881,0.983468,24,5,0.739,1.232,,,refused,,0,,0.9967,only 5 invertible quotes
DOC,2026-08-11,2028-01-21,528,20.4152,0.943336,22,4,0.490,1.225,,,refused,,0,,0.9658,only 4 invertible quotes
DOC,2026-08-12,2027-01-15,156,20.5422,0.983578,24,4,0.730,1.095,,,refused,,0,,0.9910,only 4 invertible quotes
DOC,2026-08-12,2028-01-21,527,20.2224,0.943447,22,5,0.495,1.236,,,refused,,0,,0.9289,only 5 invertible quotes
DOV,2026-08-06,2027-01-15,162,213.4762,0.982886,76,14,0.796,1.312,0.047765,0.041515,direct+peer,0.1399,20,direct=0.44;peer=0.56;history=0.00 (leg not built),0.9985,
DOV,2026-08-06,2027-03-19,225,214.4737,0.976077,60,17,0.723,1.259,0.056667,0.057958,direct+peer,0.1722,20,direct=0.44;peer=0.56;history=0.00 (leg not built),0.9984,
DOV,2026-08-06,2028-01-21,533,220.5483,0.942385,78,31,0.567,1.587,0.129513,0.133990,direct+peer,0.1040,20,direct=0.44;peer=0.56;history=0.00 (leg not built),0.9966,
DOV,2026-08-07,2027-01-15,161,213.6618,0.983121,76,13,0.796,1.217,0.044245,0.041207,peer,0.1788,20,peer=1.00;history=0.00 (leg not built),0.9986,
DOV,2026-08-07,2027-03-19,224,214.7283,0.976383,60,16,0.745,1.257,0.058580,0.057096,peer,0.1541,20,peer=1.00;history=0.00 (leg not built),0.9984,
DOV,2026-08-07,2028-01-21,532,221.0779,0.943217,78,31,0.565,1.583,0.128639,0.132805,peer,0.0814,20,peer=1.00;history=0.00 (leg not built),0.9970,
DOV,2026-08-10,2027-01-15,158,212.9323,0.983317,76,12,0.798,1.174,0.042081,0.040211,peer,0.2466,20,peer=1.00;history=0.00 (leg not built),0.9975,
DOV,2026-08-10,2027-03-19,221,214.3353,0.976485,60,17,0.746,1.306,0.059046,0.058855,direct+peer,0.2106,20,direct=0.44;peer=0.56;history=0.00 (leg not built),0.9991,
DOV,2026-08-10,2028-01-21,529,219.9647,0.942976,78,30,0.591,1.591,0.131325,0.132920,direct+peer,0.0876,20,direct=0.44;peer=0.56;history=0.00 (leg not built),0.9935,
DOV,2026-08-11,2027-01-15,157,211.5761,0.983468,76,12,0.827,1.229,0.044538,0.038070,peer,0.1914,20,peer=1.00;history=0.00 (leg not built),0.9991,
DOV,2026-08-11,2027-03-19,220,212.5086,0.976648,60,17,0.729,1.271,0.055889,0.060370,direct+peer,0.2484,20,direct=0.44;peer=0.56;history=0.00 (leg not built),0.9987,
DOV,2026-08-11,2028-01-21,528,218.4276,0.943336,78,29,0.595,1.557,0.128891,0.132745,direct+peer,0.1061,20,direct=0.44;peer=0.56;history=0.00 (leg not built),0.9952,
DOV,2026-08-12,2027-01-15,156,210.6947,0.983578,76,18,0.712,1.329,0.040649,0.039144,direct+peer,0.0912,20,direct=0.44;peer=0.56;history=0.00 (leg not built),0.9982,
DOV,2026-08-12,2027-03-19,219,211.7234,0.976754,60,18,0.732,1.322,0.057417,0.055826,direct+peer,0.1362,20,direct=0.44;peer=0.56;history=0.00 (leg not built),0.9981,
DOV,2026-08-12,2028-01-21,527,217.2795,0.943447,78,29,0.598,1.565,0.129253,0.131796,direct+peer,0.0951,20,direct=0.44;peer=0.56;history=0.00 (leg not built),0.9916,
DOW,2026-08-06,2027-01-15,162,30.2086,0.982886,50,20,0.414,2.069,0.095854,0.096465,direct+peer,0.0565,20,direct=0.44;peer=0.56;history=0.00 (leg not built),0.9976,
DOW,2026-08-06,2027-03-19,225,30.1947,0.976077,34,16,0.497,1.987,0.130477,0.131304,direct+peer,0.0712,20,direct=0.44;peer=0.56;history=0.00 (leg not built),0.9971,
DOW,2026-08-06,2027-06-17,315,29.8982,0.966391,28,14,0.502,1.589,0.167012,0.207826,direct+peer,0.3126,20,direct=0.44;peer=0.56;history=0.00 (leg not built),0.9736,
DOW,2026-08-06,2028-01-21,533,29.4783,0.942385,36,18,0.424,2.035,0.320459,0.365804,direct+peer,0.1467,20,direct=0.44;peer=0.56;history=0.00 (leg not built),0.9789,
DOW,2026-08-07,2027-01-15,161,29.3354,0.983121,50,22,0.426,2.386,0.096937,0.098836,direct+peer,0.0738,20,direct=0.44;peer=0.56;history=0.00 (leg not built),0.9978,
DOW,2026-08-07,2027-03-19,224,29.1465,0.976383,34,17,0.515,2.059,0.133566,0.138183,direct+peer,0.1083,20,direct=0.44;peer=0.56;history=0.00 (leg not built),0.9965,
DOW,2026-08-07,2027-06-17,314,28.7640,0.966854,28,13,0.608,1.651,0.175481,0.191699,direct+peer,0.1669,20,direct=0.44;peer=0.56;history=0.00 (leg not built),0.9802,
DOW,2026-08-07,2028-01-21,532,28.4984,0.943217,36,18,0.439,2.105,0.321442,0.361532,direct+peer,0.1382,20,direct=0.44;peer=0.56;history=0.00 (leg not built),0.9817,
DOW,2026-08-10,2027-01-15,158,30.4254,0.983317,50,17,0.411,1.808,0.095728,0.099250,direct+peer,0.0550,20,direct=0.44;peer=0.56;history=0.00 (leg not built),0.9791,
DOW,2026-08-10,2027-03-19,221,29.9522,0.976485,34,17,0.501,2.003,0.145670,0.147584,direct+peer,0.0463,20,direct=0.44;peer=0.56;history=0.00 (leg not built),0.9883,
DOW,2026-08-10,2027-06-17,311,30.3447,0.966911,28,14,0.494,1.565,0.176422,0.197247,peer,0.1530,20,peer=1.00;history=0.00 (leg not built),0.9731,
DOW,2026-08-10,2028-01-21,529,30.1679,0.942976,36,18,0.414,1.989,0.320422,0.367972,direct+peer,0.1517,20,direct=0.44;peer=0.56;history=0.00 (leg not built),0.9619,
DOW,2026-08-11,2027-01-15,157,31.0914,0.983468,50,16,0.482,1.930,0.090368,0.092275,peer,0.0346,20,peer=1.00;history=0.00 (leg not built),0.9954,
DOW,2026-08-11,2027-03-19,220,31.2253,0.976648,34,15,0.480,1.761,0.124915,0.130271,peer,0.0658,20,peer=1.00;history=0.00 (leg not built),0.9984,
DOW,2026-08-11,2027-06-17,310,31.2419,0.967096,28,12,0.640,1.520,0.167198,0.183353,direct+peer,0.2060,20,direct=0.44;peer=0.56;history=0.00 (leg not built),0.9979,
DOW,2026-08-11,2028-01-21,528,31.0159,0.943336,36,16,0.403,1.612,0.280214,0.364640,peer,0.2535,20,peer=1.00;history=0.00 (leg not built),0.9969,
DOW,2026-08-12,2027-01-15,156,30.4677,0.983578,50,18,0.492,1.969,0.087168,0.087780,direct+peer,0.0394,20,direct=0.44;peer=0.56;history=0.00 (leg not built),0.9938,
DOW,2026-08-12,2027-03-19,219,30.5477,0.976754,34,17,0.491,1.964,0.131258,0.135755,direct+peer,0.0748,20,direct=0.44;peer=0.56;history=0.00 (leg not built),0.9903,
DOW,2026-08-12,2027-06-17,309,30.4566,0.967203,28,13,0.575,1.560,0.168778,0.191833,direct+peer,0.1800,20,direct=0.44;peer=0.56;history=0.00 (leg not built),0.9964,
DOW,2026-08-12,2028-01-21,527,30.4416,0.943447,36,18,0.411,1.971,0.299816,0.339191,direct+peer,0.1526,20,direct=0.44;peer=0.56;history=0.00 (leg not built),0.9950,
DPZ,2026-08-06,2027-01-15,162,362.0450,0.982886,110,26,0.608,1.381,0.059069,0.061896,direct+peer,0.1106,20,direct=0.44;peer=0.56;history=0.00 (leg not built),0.9930,
DPZ,2026-08-06,2027-03-19,225,364.1698,0.976077,102,27,0.686,1.400,0.088926,0.088768,direct+peer,0.1362,20,direct=0.44;peer=0.56;history=0.00 (leg not built),0.9980,
DPZ,2026-08-06,2027-06-17,315,366.1610,0.966391,88,29,0.655,1.475,0.119324,0.123569,direct+peer,0.1781,20,direct=0.44;peer=0.56;history=0.00 (leg not built),0.9978,
DPZ,2026-08-06,2028-01-21,533,370.8277,0.942385,110,46,0.512,1.780,0.192365,0.214933,peer,0.1365,20,peer=1.00;history=0.00 (leg not built),0.9948,
DPZ,2026-08-07,2027-01-15,161,354.1704,0.983121,110,23,0.706,1.412,0.062977,0.058986,peer,0.0735,20,peer=1.00;history=0.00 (leg not built),0.9940,
DPZ,2026-08-07,2027-03-19,224,356.0466,0.976383,102,28,0.562,1.376,0.083557,0.091691,direct+peer,0.1593,20,direct=0.44;peer=0.56;history=0.00 (leg not built),0.9982,
DPZ,2026-08-07,2027-06-17,314,358.4382,0.966854,88,29,0.642,1.451,0.117147,0.120139,direct+peer,0.1415,20,direct=0.44;peer=0.56;history=0.00 (leg not built),0.9949,
DPZ,2026-08-07,2028-01-21,532,362.5445,0.943217,110,44,0.524,1.765,0.190724,0.200849,direct+peer,0.1057,20,direct=0.44;peer=0.56;history=0.00 (leg not built),0.9950,
DPZ,2026-08-10,2027-01-15,158,349.3797,0.983317,110,25,0.716,1.546,0.063809,0.060224,direct+peer,0.0746,20,direct=0.44;peer=0.56;history=0.00 (leg not built),0.9951,
DPZ,2026-08-10,2027-03-19,221,351.5771,0.976485,102,28,0.569,1.365,0.080818,0.087808,peer,0.1286,20,peer=1.00;history=0.00 (leg not built),0.9960,
DPZ,2026-08-10,2027-06-17,311,353.7749,0.966911,88,28,0.650,1.413,0.114188,0.116616,direct+peer,0.1419,20,direct=0.44;peer=0.56;history=0.00 (leg not built),0.9976,
DPZ,2026-08-10,2028-01-21,529,358.4093,0.942976,110,41,0.544,1.674,0.188509,0.196832,direct+peer,0.1132,20,direct=0.44;peer=0.56;history=0.00 (leg not built),0.9962,
DPZ,2026-08-11,2027-01-15,157,359.6848,0.983468,110,23,0.695,1.335,0.058667,0.060569,direct+peer,0.2233,20,direct=0.44;peer=0.56;history=0.00 (leg not built),0.9970,
DPZ,2026-08-11,2027-03-19,220,362.0171,0.976648,102,30,0.552,1.409,0.080311,0.083534,direct+peer,0.0962,20,direct=0.44;peer=0.56;history=0.00 (leg not built),0.9981,
DPZ,2026-08-11,2027-06-17,310,364.6117,0.967096,88,27,0.686,1.426,0.115262,0.116184,direct+peer,0.1773,20,direct=0.44;peer=0.56;history=0.00 (leg not built),0.9947,
DPZ,2026-08-11,2028-01-21,528,369.6184,0.943336,110,42,0.528,1.623,0.182690,0.193433,direct+peer,0.1198,20,direct=0.44;peer=0.56;history=0.00 (leg not built),0.9954,
DPZ,2026-08-12,2027-01-15,156,355.6833,0.983578,110,20,0.759,1.293,0.058875,0.055798,direct+peer,0.1492,20,direct=0.44;peer=0.56;history=0.00 (leg not built),0.9951,
DPZ,2026-08-12,2027-03-19,219,357.6145,0.976754,102,25,0.671,1.342,0.082012,0.082916,direct+peer,0.1333,20,direct=0.44;peer=0.56;history=0.00 (leg not built),0.9938,
DPZ,2026-08-12,2027-06-17,309,359.7312,0.967203,88,27,0.639,1.390,0.107668,0.111349,direct+peer,0.1506,20,direct=0.44;peer=0.56;history=0.00 (leg not built),0.9973,
DPZ,2026-08-12,2028-01-21,527,363.3600,0.943447,110,45,0.495,1.651,0.182377,0.195393,direct+peer,0.1104,20,direct=0.44;peer=0.56;history=0.00 (leg not built),0.9968,
DRI,2026-08-06,2027-01-15,162,212.3231,0.982886,76,15,0.706,1.225,0.048765,0.046613,peer,0.1436,20,peer=1.00;history=0.00 (leg not built),0.9977,
DRI,2026-08-06,2027-03-19,225,213.0223,0.976077,66,20,0.704,1.408,0.066351,0.066222,peer,0.1292,20,peer=1.00;history=0.00 (leg not built),0.9986,
DRI,2026-08-06,2027-06-17,315,213.6735,0.966391,62,20,0.702,1.357,0.088255,0.093495,direct+peer,0.2101,20,direct=0.44;peer=0.56;history=0.00 (leg not built),0.9976,
DRI,2026-08-06,2028-01-21,533,215.5255,0.942385,70,28,0.534,1.485,0.142964,0.161583,peer,0.1689,20,peer=1.00;history=0.00 (leg not built),0.9978,
DRI,2026-08-07,2027-01-15,161,215.3719,0.983121,76,23,0.604,1.532,0.045541,0.044200,direct+peer,0.0291,20,direct=0.44;peer=0.56;history=0.00 (leg not built),0.9968,
DRI,2026-08-07,2027-03-19,224,216.6543,0.976383,66,26,0.554,1.431,0.061566,0.062425,direct+peer,0.0575,20,direct=0.44;peer=0.56;history=0.00 (leg not built),0.9985,
DRI,2026-08-07,2027-06-17,314,217.1557,0.966854,62,29,0.507,1.474,0.084669,0.085813,direct+peer,0.0747,20,direct=0.44;peer=0.56;history=0.00 (leg not built),0.9965,
DRI,2026-08-07,2028-01-21,532,219.5052,0.943217,70,32,0.456,1.458,0.136622,0.148934,peer,0.1030,20,peer=1.00;history=0.00 (leg not built),0.9979,
DRI,2026-08-10,2027-01-15,158,218.6949,0.983317,76,22,0.640,1.372,0.044153,0.044651,direct+peer,0.0789,20,direct=0.44;peer=0.56;history=0.00 (leg not built),0.9966,
DRI,2026-08-10,2027-03-19,221,219.6928,0.976485,66,30,0.523,1.457,0.060222,0.062127,direct+peer,0.0596,20,direct=0.44;peer=0.56;history=0.00 (leg not built),0.9964,
DRI,2026-08-10,2027-06-17,311,220.8101,0.966911,62,27,0.543,1.449,0.083945,0.087526,peer,0.1017,20,peer=1.00;history=0.00 (leg not built),0.9977,
DRI,2026-08-10,2028-01-21,529,222.6512,0.942976,70,30,0.494,1.437,0.133675,0.147962,direct+peer,0.1316,20,direct=0.44;peer=0.56;history=0.00 (leg not built),0.9977,
DRI,2026-08-11,2027-01-15,157,220.3389,0.983468,76,21,0.681,1.362,0.044354,0.043419,direct+peer,0.0773,20,direct=0.44;peer=0.56;history=0.00 (leg not built),0.9967,
DRI,2026-08-11,2027-03-19,220,221.0239,0.976648,66,26,0.611,1.448,0.060343,0.060930,direct+peer,0.0775,20,direct=0.44;peer=0.56;history=0.00 (leg not built),0.9990,
DRI,2026-08-11,2027-06-17,310,222.0853,0.967096,62,27,0.585,1.441,0.085303,0.094814,direct+peer,0.2421,20,direct=0.44;peer=0.56;history=0.00 (leg not built),0.9989,
DRI,2026-08-11,2028-01-21,528,223.9929,0.943336,70,32,0.469,1.429,0.131349,0.148621,direct+peer,0.1386,20,direct=0.44;peer=0.56;history=0.00 (leg not built),0.9984,
DRI,2026-08-12,2027-01-15,156,229.5255,0.983578,76,15,0.762,1.263,0.047538,0.042181,peer,0.1275,20,peer=1.00;history=0.00 (leg not built),0.9977,
DRI,2026-08-12,2027-03-19,219,230.6655,0.976754,66,24,0.585,1.344,0.057675,0.058172,direct+peer,0.0605,20,direct=0.44;peer=0.56;history=0.00 (leg not built),0.9982,
DRI,2026-08-12,2027-06-17,309,231.8955,0.967203,62,24,0.539,1.380,0.079804,0.084164,direct+peer,0.0985,20,direct=0.44;peer=0.56;history=0.00 (leg not built),0.9990,
DRI,2026-08-12,2028-01-21,527,233.7098,0.943447,70,29,0.471,1.369,0.126003,0.146765,direct+peer,0.1896,20,direct=0.44;peer=0.56;history=0.00 (leg not built),0.9956,
DTE,2026-08-06,2027-01-15,162,140.1187,0.982886,46,8,0.749,1.106,0.023779,0.024049,direct+peer,0.2350,20,direct=0.44;peer=0.56;history=0.00 (leg not built),0.9983,
DTE,2026-08-07,2027-01-15,161,140.2204,0.983121,46,10,0.749,1.212,0.026087,0.023171,direct+peer,0.1064,20,direct=0.44;peer=0.56;history=0.00 (leg not built),0.9970,
DTE,2026-08-10,2027-01-15,158,137.6272,0.983317,46,9,0.763,1.126,0.023725,0.023156,direct+peer,0.1842,20,direct=0.44;peer=0.56;history=0.00 (leg not built),0.9966,
DTE,2026-08-11,2027-01-15,157,137.4234,0.983468,46,8,0.764,1.128,0.023253,0.022133,peer,0.1659,20,peer=1.00;history=0.00 (leg not built),0.9972,
DTE,2026-08-12,2027-01-15,156,138.3055,0.983578,46,9,0.759,1.157,0.022516,0.020830,peer,0.1326,20,peer=1.00;history=0.00 (leg not built),0.9935,
DUK,2026-08-06,2027-01-15,162,123.6943,0.982886,54,11,0.768,1.172,0.020921,0.019304,direct+peer,0.1262,20,direct=0.44;peer=0.56;history=0.00 (leg not built),0.9990,
DUK,2026-08-06,2027-03-19,225,123.4974,0.976077,52,13,0.688,1.215,0.029061,0.028497,direct+peer,0.1091,20,direct=0.44;peer=0.56;history=0.00 (leg not built),0.9980,
DUK,2026-08-06,2027-06-17,315,123.7928,0.966391,52,14,0.727,1.292,0.042709,0.041037,direct+peer,0.1698,20,direct=0.44;peer=0.56;history=0.00 (leg not built),0.9972,
DUK,2026-08-06,2028-01-21,533,124.8408,0.942385,56,19,0.481,1.362,0.065363,0.071826,direct+peer,0.1265,20,direct=0.44;peer=0.56;history=0.00 (leg not built),0.9993,
DUK,2026-08-07,2027-01-15,161,125.0339,0.983121,54,12,0.760,1.200,0.021682,0.019459,direct+peer,0.1017,20,direct=0.44;peer=0.56;history=0.00 (leg not built),0.9982,
DUK,2026-08-07,2027-03-19,224,125.0512,0.976383,52,11,0.680,1.160,0.028130,0.028480,direct+peer,0.1617,20,direct=0.44;peer=0.56;history=0.00 (leg not built),0.9945,
DUK,2026-08-07,2027-06-17,314,125.5689,0.966854,52,8,0.876,1.155,0.058954,0.041543,peer,0.3477,20,peer=1.00;history=0.00 (leg not built),0.9911,
DUK,2026-08-07,2028-01-21,532,125.9365,0.943217,56,17,0.675,1.310,0.071034,0.066294,peer,0.1169,20,peer=1.00;history=0.00 (leg not built),0.9864,
DUK,2026-08-10,2027-01-15,158,121.3560,0.983317,54,11,0.700,1.154,0.018774,0.018217,peer,0.0908,20,peer=1.00;history=0.00 (leg not built),0.9932,
DUK,2026-08-10,2027-03-19,221,121.4508,0.976485,52,9,0.700,1.153,0.026704,0.027327,peer,0.1722,20,peer=1.00;history=0.00 (leg not built),0.9917,
DUK,2026-08-10,2027-06-17,311,121.4651,0.966911,52,11,0.741,1.153,0.038484,0.038048,direct+peer,0.1963,20,direct=0.44;peer=0.56;history=0.00 (leg not built),0.9968,
DUK,2026-08-10,2028-01-21,529,122.9851,0.942976,56,15,0.488,1.260,0.061524,0.065081,direct+peer,0.1101,20,direct=0.44;peer=0.56;history=0.00 (leg not built),0.9891,
DUK,2026-08-11,2027-01-15,157,123.0172,0.983468,54,15,0.691,1.260,0.019989,0.018849,direct+peer,0.0449,20,direct=0.44;peer=0.56;history=0.00 (leg not built),0.9986,
DUK,2026-08-11,2027-03-19,220,122.8327,0.976648,52,7,0.692,1.099,,0.028327,direct+peer,0.2213,20,direct=0.44;peer=0.56;history=0.00 (leg not built),0.9918,
DUK,2026-08-11,2027-06-17,310,123.2939,0.967096,52,10,0.730,1.095,0.035813,0.040674,peer,0.3106,20,peer=1.00;history=0.00 (leg not built),0.9943,
DUK,2026-08-11,2028-01-21,528,124.3110,0.943336,56,14,0.724,1.247,0.067535,0.065075,peer,0.1896,20,peer=1.00;history=0.00 (leg not built),0.9896,
DUK,2026-08-12,2027-01-15,156,122.9158,0.983578,54,12,0.692,1.261,0.019053,0.018548,direct+peer,0.1200,20,direct=0.44;peer=0.56;history=0.00 (leg not built),0.9961,
DUK,2026-08-12,2027-03-19,219,122.6278,0.976754,52,9,0.693,1.142,0.025923,0.025325,direct+peer,0.1432,20,direct=0.44;peer=0.56;history=0.00 (leg not built),0.9910,
DUK,2026-08-12,2027-06-17,309,123.1390,0.967203,52,10,0.771,1.137,0.036692,0.035549,peer,0.2329,20,peer=1.00;history=0.00 (leg not built),0.9897,
DUK,2026-08-12,2028-01-21,527,123.6044,0.943447,56,14,0.728,1.254,0.066688,0.064375,direct+peer,0.1916,20,direct=0.44;peer=0.56;history=0.00 (leg not built),0.9913,
DVA,2026-08-06,2027-01-15,162,183.8198,0.982886,72,29,0.571,1.632,0.080906,0.081710,direct+peer,0.0514,20,direct=0.44;peer=0.56;history=0.00 (leg not built),0.9975,
DVA,2026-08-06,2027-02-19,197,184.3361,0.979077,68,26,0.651,1.573,0.107830,0.106979,peer,0.0872,20,peer=1.00;history=0.00 (leg not built),0.9955,
DVA,2026-08-06,2027-05-21,288,186.1348,0.969304,66,29,0.645,1.719,0.152393,0.154560,peer,0.1024,20,peer=1.00;history=0.00 (leg not built),0.9966,
DVA,2026-08-06,2027-08-20,379,187.4673,0.959448,66,33,0.640,1.920,0.199429,0.205733,direct+peer,0.1355,20,direct=0.44;peer=0.56;history=0.00 (leg not built),0.9958,
DVA,2026-08-06,2027-11-19,470,189.3470,0.949403,68,32,0.607,1.796,0.228721,0.239780,direct+peer,0.1438,20,direct=0.44;peer=0.56;history=0.00 (leg not built),0.9944,
DVA,2026-08-07,2027-01-15,161,185.7934,0.983121,72,26,0.646,1.615,0.079560,0.075131,peer,0.0427,20,peer=1.00;history=0.00 (leg not built),0.9983,
DVA,2026-08-07,2027-02-19,196,186.5827,0.979343,68,25,0.643,1.501,0.097514,0.099974,peer,0.0835,20,peer=1.00;history=0.00 (leg not built),0.9983,
DVA,2026-08-07,2027-05-21,287,188.3397,0.969715,66,29,0.637,1.699,0.146195,0.146888,direct+peer,0.1041,20,direct=0.44;peer=0.56;history=0.00 (leg not built),0.9923,
DVA,2026-08-07,2027-08-20,378,189.8438,0.960039,66,32,0.632,1.844,0.190496,0.190389,direct+peer,0.1037,20,direct=0.44;peer=0.56;history=0.00 (leg not built),0.9929,
DVA,2026-08-07,2027-11-19,469,191.5472,0.950133,68,31,0.600,1.723,0.223590,0.231934,direct+peer,0.1360,20,direct=0.44;peer=0.56;history=0.00 (leg not built),0.9964,
DVA,2026-08-10,2027-01-15,158,185.9966,0.983317,72,24,0.672,1.559,0.078239,0.075623,peer,0.0738,20,peer=1.00;history=0.00 (leg not built),0.9957,
DVA,2026-08-10,2027-02-19,193,186.8990,0.979464,68,25,0.669,1.605,0.103372,0.103846,peer,0.0968,20,peer=1.00;history=0.00 (leg not built),0.9964,
DVA,2026-08-10,2027-05-21,284,188.8039,0.969783,66,28,0.636,1.642,0.140781,0.143440,direct+peer,0.0965,20,direct=0.44;peer=0.56;history=0.00 (leg not built),0.9981,
DVA,2026-08-10,2027-08-20,375,190.1146,0.960072,66,32,0.631,1.841,0.189710,0.192087,direct+peer,0.1128,20,direct=0.44;peer=0.56;history=0.00 (leg not built),0.9964,
DVA,2026-08-10,2027-11-19,466,191.7052,0.950015,68,33,0.600,1.826,0.223192,0.232383,direct+peer,0.1276,20,direct=0.44;peer=0.56;history=0.00 (leg not built),0.9937,
DVA,2026-08-11,2027-01-15,157,181.9726,0.983468,72,27,0.632,1.594,0.071791,0.072248,peer,0.0454,20,peer=1.00;history=0.00 (leg not built),0.9990,
DVA,2026-08-11,2027-02-19,192,182.5194,0.979620,74,26,0.657,1.589,0.096949,0.101868,direct+peer,0.1655,20,direct=0.44;peer=0.56;history=0.00 (leg not built),0.9994,
DVA,2026-08-11,2027-05-21,283,183.9278,0.969962,76,28,0.625,1.631,0.133003,0.135295,direct+peer,0.0948,20,direct=0.44;peer=0.56;history=0.00 (leg not built),0.9978,
DVA,2026-08-11,2027-08-20,374,185.6352,0.960281,76,33,0.566,1.778,0.176834,0.184374,direct+peer,0.1052,20,direct=0.44;peer=0.56;history=0.00 (leg not built),0.9933,
DVA,2026-08-11,2027-11-19,465,187.4640,0.950306,76,35,0.560,1.867,0.213638,0.223712,direct+peer,0.0990,20,direct=0.44;peer=0.56;history=0.00 (leg not built),0.9927,
DVA,2026-08-12,2027-01-15,156,184.4917,0.983578,72,24,0.678,1.572,0.078409,0.075997,peer,0.0771,20,peer=1.00;history=0.00 (leg not built),0.9964,
DVA,2026-08-12,2027-02-19,191,185.1633,0.979726,74,25,0.594,1.458,0.093155,0.097658,direct+peer,0.1108,20,direct=0.44;peer=0.56;history=0.00 (leg not built),0.9975,
DVA,2026-08-12,2027-05-21,282,186.8349,0.970068,76,29,0.616,1.659,0.131650,0.133102,direct+peer,0.0852,20,direct=0.44;peer=0.56;history=0.00 (leg not built),0.9981,
DVA,2026-08-12,2027-08-20,373,188.3652,0.960390,76,33,0.557,1.752,0.172291,0.179183,direct+peer,0.0858,20,direct=0.44;peer=0.56;history=0.00 (leg not built),0.9956,
DVA,2026-08-12,2027-11-19,464,190.1263,0.950417,76,36,0.500,1.788,0.204501,0.215253,direct+peer,0.1017,20,direct=0.44;peer=0.56;history=0.00 (leg not built),0.9959,
DVN,2026-08-06,2027-01-15,162,43.2648,0.982886,44,14,0.347,1.502,0.065945,0.065509,peer,0.0412,20,peer=1.00;history=0.00 (leg not built),0.9938,
DVN,2026-08-06,2027-03-19,225,43.4904,0.976077,38,14,0.632,1.495,0.094527,0.093999,peer,0.0894,20,peer=1.00;history=0.00 (leg not built),0.9915,
DVN,2026-08-06,2027-06-17,315,43.5779,0.966391,38,14,0.688,1.606,0.143560,0.138588,peer,0.1305,20,peer=1.00;history=0.00 (leg not built),0.9919,
DVN,2026-08-06,2028-01-21,533,43.7645,0.942385,42,19,0.400,1.714,0.212024,0.250912,direct+peer,0.2219,20,direct=0.44;peer=0.56;history=0.00 (leg not built),0.9959,
DVN,2026-08-07,2027-01-15,161,43.1120,0.983121,44,16,0.348,1.508,0.061506,0.063634,direct+peer,0.0582,20,direct=0.44;peer=0.56;history=0.00 (leg not built),0.9964,
DVN,2026-08-07,2027-03-19,224,43.2186,0.976383,38,14,0.694,1.504,0.091920,0.091871,direct+peer,0.1577,20,direct=0.44;peer=0.56;history=0.00 (leg not built),0.9956,
DVN,2026-08-07,2027-06-17,314,43.3447,0.966854,38,18,0.577,1.730,0.130685,0.135594,peer,0.0836,20,peer=1.00;history=0.00 (leg not built),0.9920,
DVN,2026-08-07,2028-01-21,532,42.8799,0.943217,42,16,0.700,1.749,0.236042,0.235936,peer,0.1723,20,peer=1.00;history=0.00 (leg not built),0.9730,
DVN,2026-08-10,2027-01-15,158,45.4068,0.983317,44,15,0.330,1.432,0.059350,0.062917,direct+peer,0.0796,20,direct=0.44;peer=0.56;history=0.00 (leg not built),0.9957,
DVN,2026-08-10,2027-03-19,221,45.5888,0.976485,38,16,0.658,1.645,0.092296,0.091282,peer,0.0715,20,peer=1.00;history=0.00 (leg not built),0.9942,
DVN,2026-08-10,2027-06-17,311,45.9567,0.966911,38,17,0.598,1.632,0.127747,0.128584,peer,0.0831,20,peer=1.00;history=0.00 (leg not built),0.9874,
DVN,2026-08-10,2028-01-21,529,46.2991,0.942976,42,20,0.432,1.620,0.190916,0.225943,direct+peer,0.2002,20,direct=0.44;peer=0.56;history=0.00 (leg not built),0.9751,
DVN,2026-08-11,2027-01-15,157,45.5321,0.983468,44,16,0.329,1.537,0.059910,0.062164,direct+peer,0.0743,20,direct=0.44;peer=0.56;history=0.00 (leg not built),0.9944,
DVN,2026-08-11,2027-03-19,220,45.7167,0.976648,38,17,0.602,1.641,0.089157,0.091885,direct+peer,0.1055,20,direct=0.44;peer=0.56;history=0.00 (leg not built),0.9987,
DVN,2026-08-11,2027-06-17,310,45.9048,0.967096,38,18,0.545,1.634,0.120117,0.136627,direct+peer,0.2296,20,direct=0.44;peer=0.56;history=0.00 (leg not built),0.9839,
DVN,2026-08-11,2028-01-21,528,46.0954,0.943336,42,19,0.488,1.627,0.193282,0.229831,direct+peer,0.2385,20,direct=0.44;peer=0.56;history=0.00 (leg not built),0.9854,
DVN,2026-08-12,2027-01-15,156,45.1779,0.983578,44,15,0.332,1.439,0.056543,0.060689,direct+peer,0.0827,20,direct=0.44;peer=0.56;history=0.00 (leg not built),0.9989,
DVN,2026-08-12,2027-03-19,219,45.0887,0.976754,38,13,0.721,1.663,0.094952,0.087255,peer,0.0660,20,peer=1.00;history=0.00 (leg not built),0.9939,
DVN,2026-08-12,2027-06-17,309,45.1982,0.967203,38,17,0.553,1.659,0.122882,0.125675,direct+peer,0.0919,20,direct=0.44;peer=0.56;history=0.00 (leg not built),0.9907,
DVN,2026-08-12,2028-01-21,527,45.7773,0.943447,42,14,0.546,1.420,0.163931,0.191467,peer,0.1988,20,peer=1.00;history=0.00 (leg not built),0.9946,
DXCM,2026-08-06,2027-01-15,162,84.5083,0.982886,44,18,0.532,1.597,0.089965,0.092841,direct+peer,0.0670,20,direct=0.44;peer=0.56;history=0.00 (leg not built),0.9954,
DXCM,2026-08-06,2027-03-19,225,85.0342,0.976077,40,19,0.470,1.529,0.122718,0.132028,direct+peer,0.0995,20,direct=0.44;peer=0.56;history=0.00 (leg not built),0.9938,
DXCM,2026-08-06,2027-06-17,315,86.1555,0.966391,40,19,0.406,1.509,0.161101,0.187551,direct+peer,0.1593,20,direct=0.44;peer=0.56;history=0.00 (leg not built),0.9936,
DXCM,2026-08-06,2028-01-21,533,88.3552,0.942385,42,19,0.453,1.471,0.250056,0.360348,direct+peer,0.3400,20,direct=0.44;peer=0.56;history=0.00 (leg not built),0.9955,
DXCM,2026-08-07,2027-01-15,161,86.5766,0.983121,44,15,0.635,1.444,0.085799,0.087505,peer,0.1012,20,peer=1.00;history=0.00 (leg not built),0.9857,
DXCM,2026-08-07,2027-03-19,224,86.6216,0.976383,40,16,0.635,1.501,0.123121,0.129429,direct+peer,0.1400,20,direct=0.44;peer=0.56;history=0.00 (leg not built),0.9892,
DXCM,2026-08-07,2027-06-17,314,87.3271,0.966854,40,16,0.573,1.489,0.165734,0.192835,direct+peer,0.1998,20,direct=0.44;peer=0.56;history=0.00 (leg not built),0.9931,
DXCM,2026-08-07,2028-01-21,532,89.5052,0.943217,42,17,0.559,1.452,0.251215,0.342085,peer,0.3391,20,peer=1.00;history=0.00 (leg not built),0.9860,
DXCM,2026-08-10,2027-01-15,158,89.1017,0.983317,44,18,0.505,1.515,0.083438,0.088833,peer,0.0804,20,peer=1.00;history=0.00 (leg not built),0.9836,
DXCM,2026-08-10,2027-03-19,221,89.3514,0.976485,40,18,0.504,1.455,0.117176,0.131425,direct+peer,0.1469,20,direct=0.44;peer=0.56;history=0.00 (leg not built),0.9878,
DXCM,2026-08-10,2027-06-17,311,89.8449,0.966911,40,18,0.501,1.447,0.156086,0.188366,direct+peer,0.2304,20,direct=0.44;peer=0.56;history=0.00 (leg not built),0.9981,
DXCM,2026-08-10,2028-01-21,529,92.7200,0.942976,42,18,0.485,1.402,0.232522,,refused,,20,,0.9849,no leg survived: no arbitrage-free fit inside the 0.35 synthetic-share ceiling
DXCM,2026-08-11,2027-01-15,157,91.0168,0.983468,44,15,0.714,1.483,0.088513,0.086189,direct+peer,0.1390,20,direct=0.44;peer=0.56;history=0.00 (leg not built),0.9901,
DXCM,2026-08-11,2027-03-19,220,91.5188,0.976648,40,16,0.546,1.420,0.113813,0.127950,peer,0.1527,20,peer=1.00;history=0.00 (leg not built),0.9959,
DXCM,2026-08-11,2027-06-17,310,92.6390,0.967096,40,15,0.486,1.403,0.148335,0.171445,direct+peer,0.1806,20,direct=0.44;peer=0.56;history=0.00 (leg not built),0.9948,
DXCM,2026-08-11,2028-01-21,528,94.4700,0.943336,42,16,0.582,1.376,0.230969,0.306767,direct,0.3209,20,direct=1.00;history=0.00 (leg not built),0.9964,
DXCM,2026-08-12,2027-01-15,156,92.0164,0.983578,44,17,0.598,1.467,0.081517,0.085653,direct+peer,0.1006,20,direct=0.44;peer=0.56;history=0.00 (leg not built),0.9893,
DXCM,2026-08-12,2027-03-19,219,92.7476,0.976754,40,16,0.539,1.402,0.111861,0.128837,peer,0.1700,20,peer=1.00;history=0.00 (leg not built),0.9908,
DXCM,2026-08-12,2027-06-17,309,93.2768,0.967203,40,16,0.536,1.394,0.154111,0.177583,peer,0.2004,20,peer=1.00;history=0.00 (leg not built),0.9921,
DXCM,2026-08-12,2028-01-21,527,96.0776,0.943447,42,15,0.624,1.353,0.227613,,refused,,20,,0.9974,no leg survived: no arbitrage-free fit inside the 0.35 synthetic-share ceiling
EBAY,2026-08-06,2027-01-15,162,110.8394,0.982886,88,14,0.767,1.263,0.069380,0.060537,peer,0.1809,20,peer=1.00;history=0.00 (leg not built),0.9976,
EBAY,2026-08-06,2027-03-19,225,111.6990,0.976077,62,18,0.716,1.567,0.098648,0.090956,direct+peer,0.1945,20,direct=0.44;peer=0.56;history=0.00 (leg not built),0.9978,
EBAY,2026-08-06,2027-06-17,315,112.3024,0.966391,50,16,0.534,1.336,0.105793,0.118919,direct+peer,0.1611,20,direct=0.44;peer=0.56;history=0.00 (leg not built),0.9966,
EBAY,2026-08-06,2028-01-21,533,114.2307,0.942385,70,29,0.481,1.532,0.184356,0.208972,peer,0.1624,20,peer=1.00;history=0.00 (leg not built),0.9912,
EBAY,2026-08-07,2027-01-15,161,113.2539,0.983121,88,12,0.706,1.369,0.059087,0.055242,direct+peer,0.0964,20,direct=0.44;peer=0.56;history=0.00 (leg not built),0.9996,
EBAY,2026-08-07,2027-03-19,224,114.0185,0.976383,62,17,0.724,1.535,0.093739,0.082595,peer,0.0983,20,peer=1.00;history=0.00 (leg not built),0.9958,
EBAY,2026-08-07,2027-06-17,314,114.7156,0.966854,50,18,0.610,1.351,0.106439,0.115653,direct+peer,0.1648,20,direct=0.44;peer=0.56;history=0.00 (leg not built),0.9954,
EBAY,2026-08-07,2028-01-21,532,116.8819,0.943217,70,28,0.471,1.497,0.180356,0.202291,direct+peer,0.1772,20,direct=0.44;peer=0.56;history=0.00 (leg not built),0.9936,
EBAY,2026-08-10,2027-01-15,158,109.8390,0.983317,88,17,0.592,1.366,0.055090,0.058145,peer,0.0881,20,peer=1.00;history=0.00 (leg not built),0.9964,
EBAY,2026-08-10,2027-03-19,221,109.8549,0.976485,62,17,0.774,1.593,0.097770,0.085488,direct+peer,0.1198,20,direct=0.44;peer=0.56;history=0.00 (leg not built),0.9982,
EBAY,2026-08-10,2027-06-17,311,110.8619,0.966911,50,17,0.496,1.353,0.108285,0.121532,direct+peer,0.1472,20,direct=0.44;peer=0.56;history=0.00 (leg not built),0.9966,
EBAY,2026-08-10,2028-01-21,529,112.7023,0.942976,70,30,0.444,1.553,0.182342,0.205023,direct+peer,0.1409,20,direct=0.44;peer=0.56;history=0.00 (leg not built),0.9970,
EBAY,2026-08-11,2027-01-15,157,107.6698,0.983468,88,15,0.604,1.254,0.050056,0.054100,direct+peer,0.1142,20,direct=0.44;peer=0.56;history=0.00 (leg not built),0.9944,
EBAY,2026-08-11,2027-03-19,220,107.8157,0.976648,62,18,0.649,1.345,0.077343,0.082422,peer,0.1407,20,peer=1.00;history=0.00 (leg not built),0.9966,
EBAY,2026-08-11,2027-06-17,310,108.5782,0.967096,50,15,0.507,1.335,0.103832,0.117140,direct+peer,0.1619,20,direct=0.44;peer=0.56;history=0.00 (leg not built),0.9959,
EBAY,2026-08-11,2028-01-21,528,110.3534,0.943336,70,29,0.453,1.541,0.177427,0.202745,direct+peer,0.1601,20,direct=0.44;peer=0.56;history=0.00 (leg not built),0.9949,
EBAY,2026-08-12,2027-01-15,156,103.6783,0.983578,88,21,0.627,1.447,0.052604,0.053848,peer,0.0502,20,peer=1.00;history=0.00 (leg not built),0.9984,
EBAY,2026-08-12,2027-03-19,219,104.2748,0.976754,62,17,0.671,1.295,0.074033,0.082277,direct+peer,0.2185,20,direct=0.44;peer=0.56;history=0.00 (leg not built),0.9961,
EBAY,2026-08-12,2027-06-17,309,104.5347,0.967203,50,17,0.622,1.674,0.116069,0.112628,peer,0.0694,20,peer=1.00;history=0.00 (leg not built),0.9907,
EBAY,2026-08-12,2028-01-21,527,107.0846,0.943447,70,29,0.397,1.588,0.182574,0.202900,direct+peer,0.1223,20,direct=0.44;peer=0.56;history=0.00 (leg not built),0.9845,
ECHO,2026-08-06,2027-01-15,162,88.8808,0.982886,100,22,0.563,1.744,0.151585,0.163496,direct+peer,0.1110,20,direct=0.44;peer=0.56;history=0.00 (leg not built),0.9924,
ECHO,2026-08-06,2027-03-19,225,89.3853,0.976077,42,20,0.559,1.622,0.196237,0.233875,direct+peer,0.2099,20,direct=0.44;peer=0.56;history=0.00 (leg not built),0.9986,
ECHO,2026-08-06,2027-06-17,315,90.3622,0.966391,42,20,0.553,1.605,0.256767,0.344283,peer,0.2995,20,peer=1.00;history=0.00 (leg not built),0.9855,
ECHO,2026-08-06,2027-12-17,498,91.3033,0.946290,88,32,0.493,2.191,0.457752,0.587107,direct+peer,0.2659,20,direct=0.44;peer=0.56;history=0.00 (leg not built),0.9888,
ECHO,2026-08-06,2028-01-21,533,92.5948,0.942385,66,32,0.486,2.160,0.476033,0.629294,direct+peer,0.2925,20,direct=0.44;peer=0.56;history=0.00 (leg not built),0.9859,
ECHO,2026-08-07,2027-01-15,161,91.6105,0.983121,100,21,0.655,2.183,0.160014,0.159242,direct+peer,0.0860,20,direct=0.44;peer=0.56;history=0.00 (leg not built),0.9941,
ECHO,2026-08-07,2027-03-19,224,92.3044,0.976383,42,20,0.488,1.571,0.184640,0.230479,peer,0.2132,20,peer=1.00;history=0.00 (leg not built),0.9993,
ECHO,2026-08-07,2027-06-17,314,92.9314,0.966854,42,20,0.484,1.560,0.247006,0.325843,peer,0.2763,20,peer=1.00;history=0.00 (leg not built),0.9869,
ECHO,2026-08-07,2027-12-17,497,94.5424,0.947065,88,32,0.391,2.115,0.433106,0.533784,peer,0.2114,20,peer=1.00;history=0.00 (leg not built),0.9863,
ECHO,2026-08-07,2028-01-21,532,95.3534,0.943217,66,31,0.524,2.097,0.466127,0.624724,direct+peer,0.3239,20,direct=0.44;peer=0.56;history=0.00 (leg not built),0.9948,
ECHO,2026-08-10,2027-01-15,158,91.0509,0.983317,100,25,0.604,2.197,0.143156,0.155648,peer,0.1084,20,peer=1.00;history=0.00 (leg not built),0.9959,
ECHO,2026-08-10,2027-03-19,221,91.6727,0.976485,42,19,0.600,1.582,0.176633,0.236099,peer,0.3019,20,peer=1.00;history=0.00 (leg not built),0.9942,
ECHO,2026-08-10,2027-06-17,311,92.7592,0.966911,42,18,0.647,1.563,0.245446,0.293952,direct,0.2632,20,direct=1.00;history=0.00 (leg not built),0.9915,
ECHO,2026-08-10,2027-12-17,494,94.7360,0.946894,88,32,0.422,2.111,0.408365,0.502900,direct,0.2036,20,direct=1.00;history=0.00 (leg not built),0.9918,
ECHO,2026-08-10,2028-01-21,529,95.2474,0.942976,66,32,0.420,2.100,0.432172,0.564997,direct,0.2488,20,direct=1.00;history=0.00 (leg not built),0.9853,
ECHO,2026-08-11,2027-01-15,157,89.8983,0.983468,100,17,0.667,1.613,0.141071,0.157906,direct+peer,0.2259,20,direct=0.44;peer=0.56;history=0.00 (leg not built),0.9919,
ECHO,2026-08-11,2027-03-19,220,90.4266,0.976648,42,17,0.719,1.604,0.197360,0.208595,direct+peer,0.2534,20,direct=0.44;peer=0.56;history=0.00 (leg not built),0.9947,
ECHO,2026-08-11,2027-06-17,310,91.4476,0.967096,42,18,0.656,1.586,0.248531,0.297472,direct,0.2704,20,direct=1.00;history=0.00 (leg not built),0.9918,
ECHO,2026-08-11,2027-12-17,493,92.9765,0.947215,88,30,0.430,2.097,0.406738,0.532746,direct+peer,0.2856,20,direct=0.44;peer=0.56;history=0.00 (leg not built),0.9918,
ECHO,2026-08-11,2028-01-21,528,93.2332,0.943336,66,31,0.429,2.145,0.436378,0.535920,direct,0.2049,20,direct=1.00;history=0.00 (leg not built),0.9968,
ECHO,2026-08-12,2027-01-15,156,93.5936,0.983578,100,20,0.694,2.137,0.150898,0.148717,direct+peer,0.1069,20,direct=0.44;peer=0.56;history=0.00 (leg not built),0.9882,
ECHO,2026-08-12,2027-03-19,219,94.5393,0.976754,42,18,0.635,1.534,0.173999,0.201329,direct+peer,0.2593,20,direct=0.44;peer=0.56;history=0.00 (leg not built),0.9960,
ECHO,2026-08-12,2027-06-17,309,95.7582,0.967203,42,18,0.522,1.514,0.225028,0.320261,peer,0.3370,20,peer=1.00;history=0.00 (leg not built),0.9982,
ECHO,2026-08-12,2027-12-17,492,97.7129,0.947326,88,31,0.512,2.047,0.401747,0.520471,peer,0.2591,20,peer=1.00;history=0.00 (leg not built),0.9972,
ECHO,2026-08-12,2028-01-21,527,98.0921,0.943447,66,31,0.510,2.039,0.423996,0.550415,direct+peer,0.2673,20,direct=0.44;peer=0.56;history=0.00 (leg not built),0.9942,
ECL,2026-08-06,2027-01-15,162,286.9376,0.982886,66,16,0.732,1.255,0.031551,0.032589,direct+peer,0.1362,20,direct=0.44;peer=0.56;history=0.00 (leg not built),0.9972,
ECL,2026-08-07,2027-01-15,161,288.9421,0.983121,66,14,0.796,1.246,0.032262,0.030301,peer,0.1371,20,peer=1.00;history=0.00 (leg not built),0.9973,
ECL,2026-08-10,2027-01-15,158,287.7322,0.983317,66,14,0.799,1.251,0.031879,0.029206,peer,0.1391,20,peer=1.00;history=0.00 (leg not built),0.9966,
ECL,2026-08-11,2027-01-15,157,288.3019,0.983468,66,15,0.728,1.249,0.028712,0.028960,peer,0.0977,20,peer=1.00;history=0.00 (leg not built),0.9963,
ECL,2026-08-12,2027-01-15,156,282.6265,0.983578,66,13,0.814,1.238,0.031830,0.028181,direct+peer,0.1432,20,direct=0.44;peer=0.56;history=0.00 (leg not built),0.9994,
ED,2026-08-06,2027-01-15,162,108.7706,0.982886,60,6,0.919,1.195,,0.021512,direct+peer,0.3117,20,direct=0.44;peer=0.56;history=0.00 (leg not built),0.9966,
ED,2026-08-06,2028-01-21,533,109.7878,0.942385,54,11,0.774,1.184,0.072839,0.074554,peer,0.2999,20,peer=1.00;history=0.00 (leg not built),0.9915,
ED,2026-08-07,2027-01-15,161,108.0504,0.983121,60,8,0.879,1.203,0.029257,0.021071,direct+peer,0.2335,20,direct=0.44;peer=0.56;history=0.00 (leg not built),0.9912,
ED,2026-08-07,2027-02-19,196,108.0514,0.979343,42,4,0.925,1.064,,,refused,,0,,0.9963,only 4 invertible quotes
ED,2026-08-07,2028-01-21,532,109.0812,0.943217,54,12,0.779,1.192,0.074623,0.074315,peer,0.2942,20,peer=1.00;history=0.00 (leg not built),0.9945,
ED,2026-08-10,2027-01-15,158,106.7034,0.983317,60,8,0.914,1.218,0.036532,0.019648,peer,0.2485,20,peer=1.00;history=0.00 (leg not built),0.9882,
ED,2026-08-10,2027-02-19,193,106.9483,0.979464,42,7,0.888,1.122,,0.024474,direct+peer,0.3468,20,direct=0.44;peer=0.56;history=0.00 (leg not built),0.9959,
ED,2026-08-10,2028-01-21,529,107.8084,0.942976,54,13,0.788,1.206,0.075360,0.068228,direct+peer,0.2778,20,direct=0.44;peer=0.56;history=0.00 (leg not built),0.9962,
ED,2026-08-11,2027-01-15,157,107.1014,0.983468,60,8,0.700,1.214,0.023618,0.021699,direct+peer,0.0901,20,direct=0.44;peer=0.56;history=0.00 (leg not built),0.9873,
ED,2026-08-11,2027-02-19,192,107.4414,0.979620,42,7,0.884,1.117,,0.025675,direct+peer,0.3233,20,direct=0.44;peer=0.56;history=0.00 (leg not built),0.9900,
ED,2026-08-11,2028-01-21,528,108.7633,0.943336,54,12,0.782,1.149,0.069819,0.066771,direct+peer,0.3080,20,direct=0.44;peer=0.56;history=0.00 (leg not built),0.9933,
ED,2026-08-12,2027-01-15,156,107.3977,0.983578,60,6,0.931,1.210,,0.019327,peer,0.2998,20,peer=1.00;history=0.00 (leg not built),0.9912,
ED,2026-08-12,2027-02-19,191,107.5602,0.979726,42,7,0.883,1.116,,0.023062,peer,0.2888,20,peer=1.00;history=0.00 (leg not built),0.9974,
ED,2026-08-12,2028-01-21,527,108.5691,0.943447,54,12,0.783,1.151,0.070393,0.069886,direct+peer,0.3306,20,direct=0.44;peer=0.56;history=0.00 (leg not built),0.9969,
EFX,2026-08-06,2027-01-15,162,177.8940,0.982886,64,21,0.562,1.349,0.074089,0.079798,direct+peer,0.1120,20,direct=0.44;peer=0.56;history=0.00 (leg not built),0.9976,
EFX,2026-08-07,2027-01-15,161,184.7254,0.983121,64,19,0.704,1.299,0.076656,0.080208,peer,0.1799,20,peer=1.00;history=0.00 (leg not built),0.9982,
EFX,2026-08-10,2027-01-15,158,182.7423,0.983317,64,20,0.684,1.313,0.071945,0.074452,direct+peer,0.1500,20,direct=0.44;peer=0.56;history=0.00 (leg not built),0.9967,
EFX,2026-08-11,2027-01-15,157,184.4204,0.983468,64,19,0.705,1.301,0.072649,0.073176,direct+peer,0.1659,20,direct=0.44;peer=0.56;history=0.00 (leg not built),0.9976,
EFX,2026-08-12,2027-01-15,156,182.8039,0.983578,64,19,0.711,1.313,0.071969,0.072816,direct+peer,0.1709,20,direct=0.44;peer=0.56;history=0.00 (leg not built),0.9987,
EG,2026-08-06,2027-01-15,162,371.8517,0.982886,58,17,0.780,1.210,0.030753,0.030523,peer,0.1933,20,peer=1.00;history=0.00 (leg not built),0.9985,
EG,2026-08-07,2027-01-15,161,376.1042,0.983121,58,16,0.798,1.196,0.030534,0.027529,peer,0.1396,20,peer=1.00;history=0.00 (leg not built),0.9987,
EG,2026-08-10,2027-01-15,158,371.3729,0.983317,58,15,0.808,1.185,0.030184,0.026416,direct+peer,0.1537,20,direct=0.44;peer=0.56;history=0.00 (leg not built),0.9984,
EG,2026-08-11,2027-01-15,157,368.3324,0.983468,58,15,0.814,1.195,0.030695,0.026374,direct+peer,0.1626,20,direct=0.44;peer=0.56;history=0.00 (leg not built),0.9972,
EG,2026-08-12,2027-01-15,156,365.4045,0.983578,58,15,0.794,1.177,0.027422,0.024953,direct+peer,0.1507,20,direct=0.44;peer=0.56;history=0.00 (leg not built),0.9979,
EIX,2026-08-06,2027-01-15,162,66.5165,0.982886,60,21,0.601,1.353,0.055548,0.056147,peer,0.0801,20,peer=1.00;history=0.00 (leg not built),0.9945,
EIX,2026-08-06,2028-01-21,533,66.7041,0.942385,62,24,0.525,1.499,0.154108,0.174520,peer,0.1749,20,peer=1.00;history=0.00 (leg not built),0.9832,
EIX,2026-08-07,2027-01-15,161,68.2968,0.983121,60,17,0.695,1.281,0.054149,0.053862,direct+peer,0.1344,20,direct=0.44;peer=0.56;history=0.00 (leg not built),0.9979,
EIX,2026-08-07,2028-01-21,532,68.1185,0.943217,62,24,0.514,1.541,0.143318,0.151191,direct+peer,0.1347,20,direct=0.44;peer=0.56;history=0.00 (leg not built),0.9921,
EIX,2026-08-10,2027-01-15,158,67.4322,0.983317,60,17,0.667,1.298,0.050042,0.052417,peer,0.1404,20,peer=1.00;history=0.00 (leg not built),0.9976,
EIX,2026-08-10,2028-01-21,529,67.5353,0.942976,62,21,0.518,1.407,0.141713,0.161005,direct+peer,0.1843,20,direct=0.44;peer=0.56;history=0.00 (leg not built),0.9928,
EIX,2026-08-11,2027-01-15,157,69.7119,0.983468,60,17,0.681,1.255,0.048803,0.048470,direct+peer,0.1138,20,direct=0.44;peer=0.56;history=0.00 (leg not built),0.9871,
EIX,2026-08-11,2028-01-21,528,69.0636,0.943336,62,22,0.507,1.448,0.138932,0.150009,peer,0.1272,20,peer=1.00;history=0.00 (leg not built),0.9974,
EIX,2026-08-12,2027-01-15,156,68.9664,0.983578,60,17,0.725,1.305,0.047400,0.045381,peer,0.1162,20,peer=1.00;history=0.00 (leg not built),0.9961,
EIX,2026-08-12,2028-01-21,527,68.9931,0.943447,62,20,0.507,1.304,0.125088,0.146513,direct+peer,0.2106,20,direct=0.44;peer=0.56;history=0.00 (leg not built),0.9976,
EL,2026-08-06,2027-01-15,162,86.5092,0.982886,62,17,0.636,1.561,0.102352,0.107312,peer,0.1140,20,peer=1.00;history=0.00 (leg not built),0.9928,
EL,2026-08-06,2027-03-19,225,87.0149,0.976077,42,18,0.575,1.551,0.135107,0.147106,direct+peer,0.1504,20,direct=0.44;peer=0.56;history=0.00 (leg not built),0.9956,
EL,2026-08-06,2027-06-17,315,87.2938,0.966391,34,16,0.573,1.432,0.171117,0.210749,direct+peer,0.2742,20,direct=0.44;peer=0.56;history=0.00 (leg not built),0.9925,
EL,2026-08-06,2028-01-21,533,89.1688,0.942385,58,27,0.505,1.963,0.314495,0.352660,peer,0.1593,20,peer=1.00;history=0.00 (leg not built),0.9924,
EL,2026-08-07,2027-01-15,161,89.1354,0.983121,62,18,0.617,1.683,0.099555,0.100009,direct+peer,0.0779,20,direct=0.44;peer=0.56;history=0.00 (leg not built),0.9956,
EL,2026-08-07,2027-03-19,224,89.4538,0.976383,42,18,0.559,1.509,0.129256,0.140480,direct+peer,0.1267,20,direct=0.44;peer=0.56;history=0.00 (leg not built),0.9950,
EL,2026-08-07,2027-06-17,314,90.4482,0.966854,34,17,0.498,1.382,0.166915,0.211566,direct+peer,0.2620,20,direct=0.44;peer=0.56;history=0.00 (leg not built),0.9842,
EL,2026-08-07,2028-01-21,532,92.3678,0.943217,58,26,0.487,1.895,0.299136,0.341645,direct+peer,0.1738,20,direct=0.44;peer=0.56;history=0.00 (leg not built),0.9956,
EL,2026-08-10,2027-01-15,158,88.2034,0.983317,62,23,0.567,1.927,0.091748,0.094639,direct+peer,0.0659,20,direct=0.44;peer=0.56;history=0.00 (leg not built),0.9915,
EL,2026-08-10,2027-03-19,221,88.5492,0.976485,42,20,0.452,1.525,0.123276,0.138947,direct+peer,0.1614,20,direct=0.44;peer=0.56;history=0.00 (leg not built),0.9956,
EL,2026-08-10,2027-06-17,311,89.6725,0.966911,34,16,0.502,1.394,0.151703,0.181907,direct+peer,0.2307,20,direct=0.44;peer=0.56;history=0.00 (leg not built),0.9927,
EL,2026-08-10,2028-01-21,529,91.6261,0.942976,58,29,0.382,1.910,0.292108,0.330315,direct+peer,0.1363,20,direct=0.44;peer=0.56;history=0.00 (leg not built),0.9921,
EL,2026-08-11,2027-01-15,157,88.5934,0.983468,62,22,0.339,1.750,0.088434,0.096549,direct+peer,0.1168,20,direct=0.44;peer=0.56;history=0.00 (leg not built),0.9947,
EL,2026-08-11,2027-03-19,220,88.7884,0.976648,42,20,0.451,1.520,0.121359,0.142349,direct+peer,0.2148,20,direct=0.44;peer=0.56;history=0.00 (leg not built),0.9952,
EL,2026-08-11,2027-06-17,310,89.1038,0.967096,34,17,0.505,1.403,0.156253,0.202611,direct+peer,0.2837,20,direct=0.44;peer=0.56;history=0.00 (leg not built),0.9909,
EL,2026-08-11,2028-01-21,528,90.9717,0.943336,58,28,0.440,1.924,0.295571,0.335230,peer,0.1397,20,peer=1.00;history=0.00 (leg not built),0.9928,
EL,2026-08-12,2027-01-15,156,88.8816,0.983578,62,23,0.506,1.969,0.092034,0.091765,direct+peer,0.0310,20,direct=0.44;peer=0.56;history=0.00 (leg not built),0.9953,
EL,2026-08-12,2027-03-19,219,88.8738,0.976754,42,20,0.450,1.519,0.120011,0.133172,direct+peer,0.1349,20,direct=0.44;peer=0.56;history=0.00 (leg not built),0.9852,
EL,2026-08-12,2027-06-17,309,90.1379,0.967203,34,15,0.610,1.387,0.155408,0.184237,peer,0.2524,20,peer=1.00;history=0.00 (leg not built),0.9779,
EL,2026-08-12,2028-01-21,527,91.4839,0.943447,58,29,0.383,1.913,0.298474,0.343826,peer,0.1399,20,peer=1.00;history=0.00 (leg not built),0.9905,
ELV,2026-08-06,2027-01-15,162,394.5874,0.982886,136,28,0.634,1.369,0.057289,0.059831,peer,0.1008,20,peer=1.00;history=0.00 (leg not built),0.9946,
ELV,2026-08-06,2027-03-19,225,396.2196,0.976077,102,27,0.555,1.363,0.077780,0.084095,peer,0.1177,20,peer=1.00;history=0.00 (leg not built),0.9963,
ELV,2026-08-06,2027-06-17,315,399.2032,0.966391,76,26,0.701,1.403,0.113047,0.114592,direct+peer,0.1894,20,direct=0.44;peer=0.56;history=0.00 (leg not built),0.9984,
ELV,2026-08-06,2028-01-21,533,405.3628,0.942385,96,33,0.592,1.529,0.175775,0.200010,peer,0.1887,20,peer=1.00;history=0.00 (leg not built),0.9980,
ELV,2026-08-07,2027-01-15,161,398.1589,0.983121,136,22,0.753,1.281,0.058125,0.056239,peer,0.1551,20,peer=1.00;history=0.00 (leg not built),0.9989,
ELV,2026-08-07,2027-03-19,224,399.7747,0.976383,102,27,0.550,1.351,0.076758,0.082648,peer,0.1082,20,peer=1.00;history=0.00 (leg not built),0.9965,
ELV,2026-08-07,2027-06-17,314,401.9755,0.966854,76,27,0.697,1.443,0.112214,0.114386,peer,0.1585,20,peer=1.00;history=0.00 (leg not built),0.9967,
ELV,2026-08-07,2028-01-21,532,409.1094,0.943217,96,34,0.538,1.515,0.169421,0.195399,direct+peer,0.1853,20,direct=0.44;peer=0.56;history=0.00 (leg not built),0.9972,
ELV,2026-08-10,2027-01-15,158,400.5492,0.983317,136,30,0.674,1.448,0.059089,0.058946,direct+peer,0.1189,20,direct=0.44;peer=0.56;history=0.00 (leg not built),0.9978,
ELV,2026-08-10,2027-03-19,221,402.8367,0.976485,102,28,0.546,1.340,0.073299,0.081147,peer,0.1261,20,peer=1.00;history=0.00 (leg not built),0.9990,
ELV,2026-08-10,2027-06-17,311,405.5839,0.966911,76,30,0.616,1.430,0.104989,0.113202,direct+peer,0.1421,20,direct=0.44;peer=0.56;history=0.00 (leg not built),0.9976,
ELV,2026-08-10,2028-01-21,529,412.6512,0.942976,96,33,0.582,1.502,0.169520,0.192574,peer,0.1776,20,peer=1.00;history=0.00 (leg not built),0.9993,
ELV,2026-08-11,2027-01-15,157,392.4708,0.983468,136,30,0.612,1.427,0.055805,0.057355,direct+peer,0.1054,20,direct=0.44;peer=0.56;history=0.00 (leg not built),0.9974,
ELV,2026-08-11,2027-03-19,220,394.9762,0.976648,102,27,0.557,1.367,0.073687,0.078764,peer,0.1089,20,peer=1.00;history=0.00 (leg not built),0.9970,
ELV,2026-08-11,2027-06-17,310,397.6631,0.967096,76,27,0.704,1.459,0.110594,0.109650,direct+peer,0.1487,20,direct=0.44;peer=0.56;history=0.00 (leg not built),0.9978,
ELV,2026-08-11,2028-01-21,528,403.8904,0.943336,96,34,0.545,1.535,0.168477,0.207100,direct+peer,0.3006,20,direct=0.44;peer=0.56;history=0.00 (leg not built),0.9979,
ELV,2026-08-12,2027-01-15,156,401.1590,0.983578,136,29,0.673,1.421,0.057058,0.059372,direct+peer,0.2349,20,direct=0.44;peer=0.56;history=0.00 (leg not built),0.9974,
ELV,2026-08-12,2027-03-19,219,403.7573,0.976754,102,25,0.743,1.337,0.082299,0.078216,direct+peer,0.1765,20,direct=0.44;peer=0.56;history=0.00 (leg not built),0.9950,
ELV,2026-08-12,2027-06-17,309,407.0637,0.967203,76,26,0.712,1.425,0.108388,0.115095,direct+peer,0.2656,20,direct=0.44;peer=0.56;history=0.00 (leg not built),0.9959,
ELV,2026-08-12,2028-01-21,527,413.4978,0.943447,96,33,0.532,1.499,0.162912,0.185523,peer,0.1551,20,peer=1.00;history=0.00 (leg not built),0.9982,
EME,2026-08-06,2027-01-15,162,820.9812,0.982886,280,56,0.585,1.583,0.093706,0.095573,direct+peer,0.0681,20,direct=0.44;peer=0.56;history=0.00 (leg not built),0.9983,
EME,2026-08-07,2027-01-15,161,830.6334,0.983121,288,53,0.578,1.517,0.090281,0.093576,direct+peer,0.0895,20,direct=0.44;peer=0.56;history=0.00 (leg not built),0.9991,
EME,2026-08-10,2027-01-15,158,824.4458,0.983317,288,54,0.570,1.504,0.086163,0.091496,peer,0.0785,20,peer=1.00;history=0.00 (leg not built),0.9985,
EME,2026-08-11,2027-01-15,157,828.9046,0.983468,288,51,0.603,1.496,0.082460,0.085997,direct+peer,0.0992,20,direct=0.44;peer=0.56;history=0.00 (leg not built),0.9984,
EME,2026-08-12,2027-01-15,156,847.1255,0.983578,152,52,0.637,1.511,0.082778,0.082896,direct+peer,0.0786,20,direct=0.44;peer=0.56;history=0.00 (leg not built),0.9969,
EMR,2026-08-06,2027-01-15,162,158.5451,0.982886,70,20,0.725,1.388,0.049198,0.048173,peer,0.0907,20,peer=1.00;history=0.00 (leg not built),0.9969,
EMR,2026-08-06,2027-03-19,225,159.1087,0.976077,60,20,0.723,1.383,0.073634,0.069276,direct+peer,0.1197,20,direct=0.44;peer=0.56;history=0.00 (leg not built),0.9950,
EMR,2026-08-06,2027-06-17,315,160.1449,0.966391,56,21,0.687,1.374,0.095045,0.098324,direct+peer,0.1464,20,direct=0.44;peer=0.56;history=0.00 (leg not built),0.9984,
EMR,2026-08-06,2028-01-21,533,162.9096,0.942385,64,25,0.583,1.473,0.150012,0.167157,direct+peer,0.1813,20,direct=0.44;peer=0.56;history=0.00 (leg not built),0.9954,
EMR,2026-08-07,2027-01-15,161,159.6033,0.983121,70,20,0.752,1.504,0.049714,0.044752,direct+peer,0.0724,20,direct=0.44;peer=0.56;history=0.00 (leg not built),0.9917,
EMR,2026-08-07,2027-03-19,224,160.6555,0.976383,60,19,0.716,1.307,0.068163,0.066323,peer,0.1360,20,peer=1.00;history=0.00 (leg not built),0.9967,
EMR,2026-08-07,2027-06-17,314,161.8617,0.966854,56,21,0.680,1.359,0.090828,0.094168,direct+peer,0.1507,20,direct=0.44;peer=0.56;history=0.00 (leg not built),0.9984,
EMR,2026-08-07,2028-01-21,532,164.3215,0.943217,64,25,0.396,1.461,0.144076,0.162821,direct+peer,0.1315,20,direct=0.44;peer=0.56;history=0.00 (leg not built),0.9957,
EMR,2026-08-10,2027-01-15,158,160.2542,0.983317,70,18,0.749,1.435,0.047004,0.043139,direct+peer,0.0847,20,direct=0.44;peer=0.56;history=0.00 (leg not built),0.9965,
EMR,2026-08-10,2027-03-19,221,160.9422,0.976485,60,17,0.746,1.243,0.064404,0.064122,direct+peer,0.2113,20,direct=0.44;peer=0.56;history=0.00 (leg not built),0.9977,
EMR,2026-08-10,2027-06-17,311,162.0271,0.966911,56,21,0.679,1.358,0.092504,0.096542,peer,0.1609,20,peer=1.00;history=0.00 (leg not built),0.9959,
EMR,2026-08-10,2028-01-21,529,164.7455,0.942976,64,25,0.577,1.457,0.148398,0.163129,peer,0.1627,20,peer=1.00;history=0.00 (leg not built),0.9940,
EMR,2026-08-11,2027-01-15,157,165.9050,0.983468,70,17,0.753,1.266,0.043324,0.042238,peer,0.1343,20,peer=1.00;history=0.00 (leg not built),0.9935,
EMR,2026-08-11,2027-03-19,220,165.6655,0.976648,62,19,0.724,1.328,0.065134,0.061841,direct+peer,0.1460,20,direct=0.44;peer=0.56;history=0.00 (leg not built),0.9918,
EMR,2026-08-11,2027-06-17,310,167.0680,0.967096,58,22,0.658,1.377,0.089943,0.092883,peer,0.1456,20,peer=1.00;history=0.00 (leg not built),0.9955,
EMR,2026-08-11,2028-01-21,528,170.3286,0.943336,64,26,0.558,1.409,0.140155,0.156786,peer,0.1798,20,peer=1.00;history=0.00 (leg not built),0.9962,
EMR,2026-08-12,2027-01-15,156,165.4168,0.983578,70,16,0.725,1.270,0.040333,0.040609,peer,0.1245,20,peer=1.00;history=0.00 (leg not built),0.9973,
EMR,2026-08-12,2027-03-19,219,166.0955,0.976754,62,18,0.662,1.264,0.058431,0.061769,peer,0.1576,20,peer=1.00;history=0.00 (leg not built),0.9950,
EMR,2026-08-12,2027-06-17,309,167.1195,0.967203,58,19,0.718,1.316,0.088374,0.087533,direct+peer,0.1750,20,direct=0.44;peer=0.56;history=0.00 (leg not built),0.9976,
EMR,2026-08-12,2028-01-21,527,170.4982,0.943447,64,25,0.557,1.408,0.137143,0.156242,direct+peer,0.2226,20,direct=0.44;peer=0.56;history=0.00 (leg not built),0.9916,
EOG,2026-08-06,2027-01-15,162,137.5605,0.982886,66,20,0.691,1.345,0.050755,0.051708,peer,0.1064,20,peer=1.00;history=0.00 (leg not built),0.9962,
EOG,2026-08-06,2027-03-19,225,137.3564,0.976077,60,22,0.619,1.456,0.074476,0.077038,direct+peer,0.0807,20,direct=0.44;peer=0.56;history=0.00 (leg not built),0.9979,
EOG,2026-08-06,2027-06-17,315,137.6200,0.966391,54,22,0.690,1.453,0.109772,0.111790,peer,0.1750,20,peer=1.00;history=0.00 (leg not built),0.9980,
EOG,2026-08-06,2028-01-21,533,138.8327,0.942385,66,27,0.612,1.585,0.169181,0.180105,peer,0.1459,20,peer=1.00;history=0.00 (leg not built),0.9936,
EOG,2026-08-07,2027-01-15,161,136.0850,0.983121,66,20,0.698,1.359,0.050837,0.049451,direct+peer,0.0807,20,direct=0.44;peer=0.56;history=0.00 (leg not built),0.9983,
EOG,2026-08-07,2027-03-19,224,135.9047,0.976383,60,20,0.699,1.435,0.078678,0.075281,peer,0.0954,20,peer=1.00;history=0.00 (leg not built),0.9980,
EOG,2026-08-07,2027-06-17,314,136.2929,0.966854,54,19,0.697,1.357,0.103904,0.105129,peer,0.1744,20,peer=1.00;history=0.00 (leg not built),0.9952,
EOG,2026-08-07,2028-01-21,532,137.2264,0.943217,66,27,0.619,1.603,0.169690,0.176465,peer,0.1298,20,peer=1.00;history=0.00 (leg not built),0.9983,
EOG,2026-08-10,2027-01-15,158,143.4034,0.983317,66,23,0.628,1.395,0.050154,0.051068,direct+peer,0.0754,20,direct=0.44;peer=0.56;history=0.00 (leg not built),0.9933,
EOG,2026-08-10,2027-03-19,221,144.0886,0.976485,60,20,0.694,1.388,0.073718,0.073345,peer,0.1370,20,peer=1.00;history=0.00 (leg not built),0.9930,
EOG,2026-08-10,2027-06-17,311,144.1416,0.966911,54,23,0.590,1.388,0.099207,0.105730,direct+peer,0.1552,20,direct=0.44;peer=0.56;history=0.00 (leg not built),0.9926,
EOG,2026-08-10,2028-01-21,529,145.4136,0.942976,66,27,0.585,1.513,0.158926,0.175051,direct+peer,0.1637,20,direct=0.44;peer=0.56;history=0.00 (leg not built),0.9972,
EOG,2026-08-11,2027-01-15,157,144.0035,0.983468,66,23,0.625,1.389,0.047979,0.048472,direct+peer,0.0631,20,direct=0.44;peer=0.56;history=0.00 (leg not built),0.9903,
EOG,2026-08-11,2027-03-19,220,144.3549,0.976648,60,22,0.727,1.524,0.072721,0.067839,direct+peer,0.0924,20,direct=0.44;peer=0.56;history=0.00 (leg not built),0.9976,
EOG,2026-08-11,2027-06-17,310,144.2969,0.967096,54,19,0.762,1.386,0.103860,0.102889,direct+peer,0.2405,20,direct=0.44;peer=0.56;history=0.00 (leg not built),0.9897,
EOG,2026-08-11,2028-01-21,528,145.5936,0.943336,66,26,0.618,1.511,0.160482,0.172802,direct+peer,0.1620,20,direct=0.44;peer=0.56;history=0.00 (leg not built),0.9948,
EOG,2026-08-12,2027-01-15,156,143.8816,0.983578,66,21,0.695,1.390,0.048154,0.047430,direct+peer,0.0833,20,direct=0.44;peer=0.56;history=0.00 (leg not built),0.9913,
EOG,2026-08-12,2027-03-19,219,144.2117,0.976754,60,24,0.659,1.526,0.068692,0.066896,peer,0.0522,20,peer=1.00;history=0.00 (leg not built),0.9921,
EOG,2026-08-12,2027-06-17,309,144.2349,0.967203,54,20,0.693,1.352,0.093551,0.095519,peer,0.1603,20,peer=1.00;history=0.00 (leg not built),0.9981,
EOG,2026-08-12,2028-01-21,527,145.3498,0.943447,66,26,0.619,1.514,0.156299,0.168232,direct+peer,0.1602,20,direct=0.44;peer=0.56;history=0.00 (leg not built),0.9966,
EQIX,2026-08-06,2027-03-19,225,1065.4102,0.976077,180,72,0.601,1.427,0.063213,0.064887,direct+peer,0.0908,20,direct=0.44;peer=0.56;history=0.00 (leg not built),0.9979,
EQIX,2026-08-06,2027-06-17,315,1072.1972,0.966391,174,85,0.522,1.530,0.088002,0.092206,direct+peer,0.0866,20,direct=0.44;peer=0.56;history=0.00 (leg not built),0.9974,
EQIX,2026-08-07,2027-03-19,224,1054.8717,0.976383,180,71,0.626,1.441,0.063103,0.064066,direct+peer,0.0887,20,direct=0.44;peer=0.56;history=0.00 (leg not built),0.9975,
EQIX,2026-08-07,2027-06-17,314,1060.9102,0.966854,174,85,0.528,1.546,0.086620,0.088013,direct+peer,0.0443,20,direct=0.44;peer=0.56;history=0.00 (leg not built),0.9967,
EQIX,2026-08-10,2027-03-19,221,1054.6338,0.976485,180,73,0.531,1.441,0.061086,0.062389,direct+peer,0.0593,20,direct=0.44;peer=0.56;history=0.00 (leg not built),0.9973,
EQIX,2026-08-10,2027-06-17,311,1061.1997,0.966911,174,83,0.565,1.545,0.086474,0.088164,direct+peer,0.0689,20,direct=0.44;peer=0.56;history=0.00 (leg not built),0.9982,
EQIX,2026-08-11,2027-03-19,220,1044.2149,0.976648,180,73,0.603,1.436,0.063351,0.064827,direct+peer,0.0951,20,direct=0.44;peer=0.56;history=0.00 (leg not built),0.9977,
EQIX,2026-08-11,2027-06-17,310,1050.3654,0.967096,174,87,0.495,1.561,0.086466,0.090475,direct+peer,0.0773,20,direct=0.44;peer=0.56;history=0.00 (leg not built),0.9986,
EQIX,2026-08-12,2027-03-19,219,1080.0887,0.976754,180,71,0.556,1.407,0.060751,0.061768,direct+peer,0.0666,20,direct=0.44;peer=0.56;history=0.00 (leg not built),0.9976,
EQIX,2026-08-12,2027-06-17,309,1086.5778,0.967203,174,83,0.552,1.509,0.084370,0.085268,direct+peer,0.0548,20,direct=0.44;peer=0.56;history=0.00 (leg not built),0.9967,
EQR,2026-08-06,2027-01-15,162,67.2450,0.982886,38,6,0.669,1.115,,0.028535,direct+peer,0.1461,20,direct=0.44;peer=0.56;history=0.00 (leg not built),0.9923,
EQR,2026-08-07,2027-01-15,161,67.2966,0.983121,38,4,0.669,1.040,,,refused,,0,,0.9931,only 4 invertible quotes
EQR,2026-08-10,2027-01-15,158,66.1567,0.983317,38,5,0.680,1.096,,,refused,,0,,0.9863,only 5 invertible quotes
EQR,2026-08-11,2027-01-15,157,65.7985,0.983468,38,6,0.684,1.140,,0.023930,peer,0.1193,20,peer=1.00;history=0.00 (leg not built),0.9907,
EQR,2026-08-12,2027-01-15,156,65.0085,0.983578,38,4,0.692,1.077,,,refused,,0,,0.9763,only 4 invertible quotes
EQT,2026-08-06,2027-01-15,162,52.3304,0.982886,58,18,0.440,1.720,0.047733,0.047255,peer,0.0140,20,peer=1.00;history=0.00 (leg not built),0.9974,
EQT,2026-08-06,2027-03-19,225,52.8193,0.976077,52,16,0.663,1.609,0.069506,0.068476,peer,0.0641,20,peer=1.00;history=0.00 (leg not built),0.9941,
EQT,2026-08-06,2027-06-17,315,52.8277,0.966391,52,16,0.521,1.609,0.095570,0.102871,peer,0.0889,20,peer=1.00;history=0.00 (leg not built),0.9786,
EQT,2026-08-06,2028-01-21,533,54.6905,0.942385,54,24,0.503,1.828,0.169377,0.193767,direct+peer,0.1638,20,direct=0.44;peer=0.56;history=0.00 (leg not built),0.9808,
EQT,2026-08-07,2027-01-15,161,52.3695,0.983121,58,19,0.382,1.719,0.046907,0.045184,direct+peer,0.0375,20,direct=0.44;peer=0.56;history=0.00 (leg not built),0.9995,
EQT,2026-08-07,2027-03-19,224,52.7799,0.976383,52,15,0.710,1.705,0.070089,0.065494,direct+peer,0.0801,20,direct=0.44;peer=0.56;history=0.00 (leg not built),0.9891,
EQT,2026-08-07,2027-06-17,314,52.8534,0.966854,52,14,0.662,1.372,0.092965,0.100026,direct+peer,0.1952,20,direct=0.44;peer=0.56;history=0.00 (leg not built),0.9827,
EQT,2026-08-07,2028-01-21,532,53.7366,0.943217,54,21,0.558,1.675,0.160593,0.177394,direct+peer,0.2031,20,direct=0.44;peer=0.56;history=0.00 (leg not built),0.9623,
EQT,2026-08-10,2027-01-15,158,54.8017,0.983317,58,16,0.420,1.460,0.045404,0.046994,direct+peer,0.0658,20,direct=0.44;peer=0.56;history=0.00 (leg not built),0.9958,
EQT,2026-08-10,2027-03-19,221,55.0768,0.976485,52,16,0.726,1.453,0.069591,0.067303,direct+peer,0.1242,20,direct=0.44;peer=0.56;history=0.00 (leg not built),0.9924,
EQT,2026-08-10,2027-06-17,311,55.4826,0.966911,52,16,0.586,1.442,0.096167,0.115539,peer,0.1965,20,peer=1.00;history=0.00 (leg not built),0.9840,
EQT,2026-08-10,2028-01-21,529,56.3875,0.942976,54,22,0.665,1.773,0.171901,0.175356,direct+peer,0.1278,20,direct=0.44;peer=0.56;history=0.00 (leg not built),0.9823,
EQT,2026-08-11,2027-01-15,157,55.0458,0.983468,58,18,0.418,1.635,0.048014,0.047093,peer,0.0158,20,peer=1.00;history=0.00 (leg not built),0.9916,
EQT,2026-08-11,2027-03-19,220,55.2645,0.976648,52,14,0.724,1.719,0.071735,0.066353,direct+peer,0.0691,20,direct=0.44;peer=0.56;history=0.00 (leg not built),0.9876,
EQT,2026-08-11,2027-06-17,310,55.5773,0.967096,52,14,0.540,1.260,0.078100,0.101374,direct+peer,0.2774,20,direct=0.44;peer=0.56;history=0.00 (leg not built),0.9876,
EQT,2026-08-11,2028-01-21,528,56.9965,0.943336,54,22,0.614,1.754,0.164373,0.184399,direct+peer,0.2786,20,direct=0.44;peer=0.56;history=0.00 (leg not built),0.9929,
EQT,2026-08-12,2027-01-15,156,54.9966,0.983578,58,19,0.418,1.636,0.044417,0.043922,direct+peer,0.0463,20,direct=0.44;peer=0.56;history=0.00 (leg not built),0.9957,
EQT,2026-08-12,2027-03-19,219,54.8891,0.976754,52,16,0.729,1.412,0.067254,0.064918,direct+peer,0.1014,20,direct=0.44;peer=0.56;history=0.00 (leg not built),0.9849,
EQT,2026-08-12,2027-06-17,309,55.2499,0.967203,52,13,0.814,1.357,0.103389,0.097210,direct+peer,0.3146,20,direct=0.44;peer=0.56;history=0.00 (leg not built),0.9810,
EQT,2026-08-12,2028-01-21,527,56.9082,0.943447,54,20,0.483,1.581,0.145141,0.165931,direct+peer,0.2085,20,direct=0.44;peer=0.56;history=0.00 (leg not built),0.9877,
ERIE,2026-08-06,2027-03-19,225,257.3021,0.976077,66,24,0.641,1.399,0.094877,0.101097,peer,0.1664,20,peer=1.00;history=0.00 (leg not built),0.9981,
ERIE,2026-08-07,2027-03-19,224,255.6472,0.976383,66,24,0.626,1.408,0.093321,0.095563,direct+peer,0.1304,20,direct=0.44;peer=0.56;history=0.00 (leg not built),0.9975,
ERIE,2026-08-10,2027-03-19,221,254.7790,0.976485,66,24,0.648,1.413,0.092126,0.094250,direct+peer,0.1439,20,direct=0.44;peer=0.56;history=0.00 (leg not built),0.9979,
ERIE,2026-08-11,2027-03-19,220,259.8805,0.976648,66,24,0.635,1.385,0.089239,0.090370,direct+peer,0.1387,20,direct=0.44;peer=0.56;history=0.00 (leg not built),0.9995,
ERIE,2026-08-12,2027-03-19,219,261.5869,0.976754,66,24,0.612,1.376,0.085935,0.088852,direct+peer,0.1143,20,direct=0.44;peer=0.56;history=0.00 (leg not built),0.9995,
ES,2026-08-06,2027-01-15,162,72.1248,0.982886,28,5,0.763,1.109,,,refused,,0,,0.9931,only 5 invertible quotes
ES,2026-08-07,2027-01-15,161,72.4401,0.983121,28,6,0.759,1.173,,0.027176,peer,0.1386,20,peer=1.00;history=0.00 (leg not built),0.9962,
ES,2026-08-10,2027-01-15,158,71.1288,0.983317,28,6,0.773,1.125,,0.025338,peer,0.1950,20,peer=1.00;history=0.00 (leg not built),0.9928,
ES,2026-08-11,2027-01-15,157,70.8985,0.983468,28,5,0.776,1.128,,,refused,,0,,0.9895,only 5 invertible quotes
ES,2026-08-12,2027-01-15,156,71.2302,0.983578,28,5,0.842,1.123,,,refused,,0,,0.9947,only 5 invertible quotes
ESS,2026-08-06,2027-01-15,162,285.7777,0.982886,56,9,0.840,1.120,0.028812,0.024513,peer,0.2656,20,peer=1.00;history=0.00 (leg not built),0.9972,
ESS,2026-08-07,2027-01-15,161,288.2403,0.983121,56,9,0.833,1.110,0.026236,0.022687,peer,0.2469,20,peer=1.00;history=0.00 (leg not built),0.9962,
ESS,2026-08-10,2027-01-15,158,283.8475,0.983317,56,10,0.775,1.127,0.024683,0.023038,peer,0.1848,20,peer=1.00;history=0.00 (leg not built),0.9976,
ESS,2026-08-11,2027-01-15,157,283.2030,0.983468,56,10,0.777,1.130,0.026040,0.023898,direct+peer,0.1865,20,direct=0.44;peer=0.56;history=0.00 (leg not built),0.9974,
ESS,2026-08-12,2027-01-15,156,281.9995,0.983578,56,9,0.851,1.135,0.028427,0.022027,direct+peer,0.2234,20,direct=0.44;peer=0.56;history=0.00 (leg not built),0.9986,
ETN,2026-08-06,2027-01-15,162,454.3894,0.982886,112,34,0.572,1.408,0.078236,0.083318,peer,0.1050,20,peer=1.00;history=0.00 (leg not built),0.9969,
ETN,2026-08-06,2027-03-19,225,457.0801,0.976077,86,32,0.569,1.400,0.102674,0.113096,direct+peer,0.1357,20,direct=0.44;peer=0.56;history=0.00 (leg not built),0.9986,
ETN,2026-08-06,2027-06-17,315,460.4213,0.966391,90,38,0.500,1.390,0.137770,0.169997,direct+peer,0.2263,20,direct=0.44;peer=0.56;history=0.00 (leg not built),0.9975,
ETN,2026-08-06,2028-01-21,533,469.8863,0.942385,92,41,0.383,1.362,0.207721,0.312898,peer,0.3482,20,peer=1.00;history=0.00 (leg not built),0.9956,
ETN,2026-08-07,2027-01-15,161,455.8659,0.983121,112,32,0.570,1.404,0.074259,0.078357,peer,0.0962,20,peer=1.00;history=0.00 (leg not built),0.9979,
ETN,2026-08-07,2027-03-19,224,458.5003,0.976383,86,31,0.589,1.396,0.101779,0.112303,direct+peer,0.1434,20,direct=0.44;peer=0.56;history=0.00 (leg not built),0.9991,
ETN,2026-08-07,2027-06-17,314,462.0907,0.966854,90,38,0.498,1.385,0.135255,0.165581,direct+peer,0.2090,20,direct=0.44;peer=0.56;history=0.00 (leg not built),0.9982,
ETN,2026-08-07,2028-01-21,532,471.2117,0.943217,92,40,0.403,1.358,0.210949,,refused,,20,,0.9959,no leg survived: no arbitrage-free fit inside the 0.35 synthetic-share ceiling
ETN,2026-08-10,2027-01-15,158,452.7821,0.983317,112,32,0.574,1.413,0.072574,0.076619,peer,0.0805,20,peer=1.00;history=0.00 (leg not built),0.9976,
ETN,2026-08-10,2027-03-19,221,455.0619,0.976485,86,31,0.593,1.406,0.099299,0.108710,direct+peer,0.1429,20,direct=0.44;peer=0.56;history=0.00 (leg not built),0.9980,
ETN,2026-08-10,2027-06-17,311,458.2788,0.966911,90,37,0.524,1.397,0.134205,0.163974,direct+peer,0.2178,20,direct=0.44;peer=0.56;history=0.00 (leg not built),0.9982,
ETN,2026-08-10,2028-01-21,529,467.6594,0.942976,92,41,0.396,1.369,0.205792,0.302197,peer,0.3400,20,peer=1.00;history=0.00 (leg not built),0.9961,
ETN,2026-08-11,2027-01-15,157,466.5065,0.983468,114,33,0.600,1.415,0.069773,0.076240,direct+peer,0.1230,20,direct=0.44;peer=0.56;history=0.00 (leg not built),0.9987,
ETN,2026-08-11,2027-03-19,220,469.2248,0.976648,88,32,0.575,1.407,0.096370,0.108623,direct+peer,0.1715,20,direct=0.44;peer=0.56;history=0.00 (leg not built),0.9985,
ETN,2026-08-11,2027-06-17,310,472.6589,0.967096,92,38,0.508,1.396,0.130910,0.161297,direct+peer,0.2195,20,direct=0.44;peer=0.56;history=0.00 (leg not built),0.9964,
ETN,2026-08-11,2028-01-21,528,482.4381,0.943336,94,39,0.415,1.368,0.202718,0.289839,direct,0.3216,20,direct=1.00;history=0.00 (leg not built),0.9952,
ETN,2026-08-12,2027-01-15,156,467.1169,0.983578,114,32,0.621,1.413,0.067360,0.071421,direct+peer,0.0964,20,direct=0.44;peer=0.56;history=0.00 (leg not built),0.9989,
ETN,2026-08-12,2027-03-19,219,470.0219,0.976754,88,31,0.596,1.404,0.091758,0.103399,direct+peer,0.1559,20,direct=0.44;peer=0.56;history=0.00 (leg not built),0.9987,
ETN,2026-08-12,2027-06-17,309,473.4414,0.967203,92,37,0.528,1.394,0.128887,0.156296,direct+peer,0.2067,20,direct=0.44;peer=0.56;history=0.00 (leg not built),0.9991,
ETN,2026-08-12,2028-01-21,527,482.9937,0.943447,94,39,0.393,1.366,0.198037,0.296156,peer,0.3462,20,peer=1.00;history=0.00 (leg not built),0.9982,
ETR,2026-08-06,2027-01-15,162,107.1366,0.982886,54,9,0.747,1.260,0.033461,0.029835,direct+peer,0.1078,20,direct=0.44;peer=0.56;history=0.00 (leg not built),0.9944,
ETR,2026-08-06,2027-03-19,225,107.3564,0.976077,46,8,0.792,1.118,0.040712,0.039715,peer,0.2861,20,peer=1.00;history=0.00 (leg not built),0.9965,
ETR,2026-08-06,2028-01-21,533,108.9742,0.942385,54,14,0.459,1.285,0.088295,0.100620,direct+peer,0.1826,20,direct=0.44;peer=0.56;history=0.00 (leg not built),0.9968,
ETR,2026-08-07,2027-01-15,161,108.3217,0.983121,54,9,0.785,1.246,0.032671,0.027997,direct+peer,0.1154,20,direct=0.44;peer=0.56;history=0.00 (leg not built),0.9970,
ETR,2026-08-07,2027-03-19,224,108.1565,0.976383,46,8,0.786,1.110,0.040734,0.038588,peer,0.2836,20,peer=1.00;history=0.00 (leg not built),0.9979,
ETR,2026-08-07,2028-01-21,532,109.8763,0.943217,54,13,0.728,1.274,0.093767,0.094747,direct+peer,0.2273,20,direct=0.44;peer=0.56;history=0.00 (leg not built),0.9973,
ETR,2026-08-10,2027-01-15,158,106.2882,0.983317,54,8,0.800,1.270,0.033532,0.028082,direct+peer,0.1442,20,direct=0.44;peer=0.56;history=0.00 (leg not built),0.9960,
ETR,2026-08-10,2027-03-19,221,106.6727,0.976485,46,8,0.797,1.125,0.040341,0.037760,direct+peer,0.2728,20,direct=0.44;peer=0.56;history=0.00 (leg not built),0.9963,
ETR,2026-08-10,2028-01-21,529,108.0735,0.942976,54,11,0.463,1.249,0.088797,0.101004,peer,0.2044,20,peer=1.00;history=0.00 (leg not built),0.9957,
ETR,2026-08-11,2027-01-15,157,107.2370,0.983468,54,9,0.793,1.259,0.032561,0.027202,direct+peer,0.1155,20,direct=0.44;peer=0.56;history=0.00 (leg not built),0.9926,
ETR,2026-08-11,2027-03-19,220,107.0649,0.976648,46,8,0.794,1.121,0.040721,0.039574,direct+peer,0.2977,20,direct=0.44;peer=0.56;history=0.00 (leg not built),0.9978,
ETR,2026-08-11,2028-01-21,528,109.0106,0.943336,54,11,0.734,1.238,0.094135,0.094024,direct+peer,0.2546,20,direct=0.44;peer=0.56;history=0.00 (leg not built),0.9959,
ETR,2026-08-12,2027-01-15,156,108.2886,0.983578,54,9,0.785,1.247,0.031830,0.027497,direct+peer,0.1332,20,direct=0.44;peer=0.56;history=0.00 (leg not built),0.9950,
ETR,2026-08-12,2027-03-19,219,108.2084,0.976754,46,7,0.832,1.109,,0.035862,direct+peer,0.3221,20,direct=0.44;peer=0.56;history=0.00 (leg not built),0.9983,
ETR,2026-08-12,2028-01-21,527,110.1590,0.943447,54,13,0.726,1.271,0.093646,0.093533,direct+peer,0.2436,20,direct=0.44;peer=0.56;history=0.00 (leg not built),0.9936,
EVRG,2026-08-06,2027-03-19,225,83.7860,0.976077,38,8,0.895,1.134,0.048716,,refused,,20,,0.9935,no leg survived: no arbitrage-free fit inside the 0.35 synthetic-share ceiling
EVRG,2026-08-07,2027-03-19,224,83.8204,0.976383,38,5,0.925,1.044,,,refused,,0,,0.9931,only 5 invertible quotes
EVRG,2026-08-10,2027-03-19,221,83.0395,0.976485,38,4,0.963,1.054,,,refused,,0,,0.9960,only 4 invertible quotes
EVRG,2026-08-11,2027-03-19,220,82.5461,0.976648,38,5,0.939,1.060,,,refused,,0,,0.9950,only 5 invertible quotes
EVRG,2026-08-12,2027-03-19,219,83.5955,0.976754,38,5,0.927,1.047,,,refused,,0,,0.9949,only 5 invertible quotes
EW,2026-08-06,2027-01-15,162,90.6613,0.982886,70,16,0.745,1.268,0.055299,0.049960,direct+peer,0.1834,20,direct=0.44;peer=0.56;history=0.00 (leg not built),0.9864,
EW,2026-08-06,2027-02-19,197,90.8784,0.979077,52,17,0.715,1.375,0.077270,0.070837,peer,0.1707,20,peer=1.00;history=0.00 (leg not built),0.9939,
EW,2026-08-06,2027-03-19,225,91.2911,0.976077,58,19,0.712,1.369,0.079444,0.078785,direct+peer,0.1863,20,direct=0.44;peer=0.56;history=0.00 (leg not built),0.9984,
EW,2026-08-06,2027-06-17,315,92.6759,0.966391,54,20,0.647,1.403,0.110570,0.112289,direct+peer,0.2500,20,direct=0.44;peer=0.56;history=0.00 (leg not built),0.9903,
EW,2026-08-06,2028-01-21,533,94.1086,0.942385,62,26,0.531,1.488,0.170752,0.191379,direct+peer,0.1999,20,direct=0.44;peer=0.56;history=0.00 (leg not built),0.9827,
EW,2026-08-07,2027-01-15,161,90.9714,0.983121,70,14,0.769,1.264,0.059580,0.047955,peer,0.1489,20,peer=1.00;history=0.00 (leg not built),0.9875,
EW,2026-08-07,2027-02-19,196,91.3376,0.979343,52,17,0.712,1.314,0.071364,0.062640,peer,0.1408,20,peer=1.00;history=0.00 (leg not built),0.9972,
EW,2026-08-07,2027-03-19,224,91.7626,0.976383,58,18,0.708,1.362,0.080232,0.068294,peer,0.1234,20,peer=1.00;history=0.00 (leg not built),0.9940,
EW,2026-08-07,2027-06-17,314,92.5621,0.966854,54,22,0.513,1.404,0.108782,0.109416,direct+peer,0.1805,20,direct=0.44;peer=0.56;history=0.00 (leg not built),0.9946,
EW,2026-08-07,2028-01-21,532,94.8940,0.943217,62,24,0.527,1.370,0.154779,0.176426,direct+peer,0.2625,20,direct=0.44;peer=0.56;history=0.00 (leg not built),0.9797,
EW,2026-08-10,2027-01-15,158,92.9983,0.983317,70,13,0.860,1.398,0.068149,0.049598,direct+peer,0.2315,20,direct=0.44;peer=0.56;history=0.00 (leg not built),0.9912,
EW,2026-08-10,2027-02-19,193,93.2249,0.979464,52,12,0.831,1.180,0.065816,0.060990,peer,0.3362,20,peer=1.00;history=0.00 (leg not built),0.9924,
EW,2026-08-10,2027-03-19,221,94.0578,0.976485,58,13,0.797,1.169,0.071024,0.069065,peer,0.3326,20,peer=1.00;history=0.00 (leg not built),0.9939,
EW,2026-08-10,2027-06-17,311,94.5036,0.966911,54,18,0.582,1.270,0.097477,0.105364,direct+peer,0.2556,20,direct=0.44;peer=0.56;history=0.00 (leg not built),0.9960,
EW,2026-08-10,2028-01-21,529,97.0188,0.942976,62,26,0.515,1.443,0.164842,0.180864,direct+peer,0.2158,20,direct=0.44;peer=0.56;history=0.00 (leg not built),0.9920,
EW,2026-08-11,2027-01-15,157,94.8068,0.983468,70,17,0.712,1.266,0.046056,0.044559,direct+peer,0.1194,20,direct=0.44;peer=0.56;history=0.00 (leg not built),0.9961,
EW,2026-08-11,2027-02-19,192,95.0612,0.979620,52,18,0.579,1.315,0.057343,0.056316,direct+peer,0.0899,20,direct=0.44;peer=0.56;history=0.00 (leg not built),0.9920,
EW,2026-08-11,2027-03-19,220,94.8976,0.976648,58,15,0.764,1.212,0.067792,0.065765,peer,0.2657,20,peer=1.00;history=0.00 (leg not built),0.9987,
EW,2026-08-11,2027-06-17,310,96.0547,0.967096,54,18,0.677,1.301,0.094546,0.102386,direct+peer,0.3087,20,direct=0.44;peer=0.56;history=0.00 (leg not built),0.9948,
EW,2026-08-11,2028-01-21,528,98.7412,0.943336,62,26,0.506,1.418,0.160032,0.187522,direct+peer,0.2760,20,direct=0.44;peer=0.56;history=0.00 (leg not built),0.9953,
EW,2026-08-12,2027-01-15,156,94.0443,0.983578,70,17,0.744,1.382,0.053123,0.046788,direct+peer,0.1581,20,direct=0.44;peer=0.56;history=0.00 (leg not built),0.9954,
EW,2026-08-12,2027-02-19,191,94.6632,0.979726,52,14,0.819,1.426,0.070648,0.054573,direct+peer,0.1552,20,direct=0.44;peer=0.56;history=0.00 (leg not built),0.9962,
EW,2026-08-12,2027-03-19,219,94.7543,0.976754,58,17,0.739,1.319,0.074447,0.062783,peer,0.1346,20,peer=1.00;history=0.00 (leg not built),0.9885,
EW,2026-08-12,2027-06-17,309,95.9098,0.967203,54,17,0.678,1.251,0.088780,0.088295,peer,0.2077,20,peer=1.00;history=0.00 (leg not built),0.9856,
EW,2026-08-12,2028-01-21,527,98.0917,0.943447,62,26,0.510,1.427,0.159028,0.193940,direct+peer,0.3385,20,direct=0.44;peer=0.56;history=0.00 (leg not built),0.9910,
EXC,2026-08-06,2027-01-15,162,45.3983,0.982886,50,12,0.551,1.212,0.026225,0.024768,direct+peer,0.0782,20,direct=0.44;peer=0.56;history=0.00 (leg not built),0.9935,
EXC,2026-08-06,2027-03-19,225,45.3842,0.976077,30,4,0.947,1.102,,,refused,,0,,0.9967,only 4 invertible quotes
EXC,2026-08-06,2027-06-17,315,45.4484,0.966391,28,5,0.946,1.210,,,refused,,0,,0.9936,only 5 invertible quotes
EXC,2026-08-06,2028-01-21,533,45.8920,0.942385,32,6,0.828,1.416,,0.109177,direct+peer,0.2675,20,direct=0.44;peer=0.56;history=0.00 (leg not built),0.9824,
EXC,2026-08-07,2027-01-15,161,45.6694,0.983121,50,19,0.547,1.204,0.023116,0.022881,direct+peer,0.1172,20,direct=0.44;peer=0.56;history=0.00 (leg not built),0.9931,
EXC,2026-08-07,2027-03-19,224,45.7084,0.976383,30,6,0.831,1.094,,0.031863,direct+peer,0.3316,20,direct=0.44;peer=0.56;history=0.00 (leg not built),0.9978,
EXC,2026-08-07,2027-06-17,314,45.6723,0.966854,28,8,0.766,1.204,0.050922,0.045800,peer,0.1741,20,peer=1.00;history=0.00 (leg not built),0.9975,
EXC,2026-08-07,2028-01-21,532,46.0169,0.943217,32,7,0.652,1.413,,0.097193,direct+peer,0.1288,20,direct=0.44;peer=0.56;history=0.00 (leg not built),0.9974,
EXC,2026-08-10,2027-01-15,158,44.6659,0.983317,50,16,0.560,1.231,0.023792,0.022762,direct+peer,0.0505,20,direct=0.44;peer=0.56;history=0.00 (leg not built),0.9951,
EXC,2026-08-10,2027-03-19,221,44.5392,0.976485,30,7,0.853,1.235,,0.032491,peer,0.2039,20,peer=1.00;history=0.00 (leg not built),0.9959,
EXC,2026-08-10,2027-06-17,311,44.7070,0.966911,28,8,0.738,1.118,0.046816,0.046248,direct+peer,0.2730,20,direct=0.44;peer=0.56;history=0.00 (leg not built),0.9973,
EXC,2026-08-10,2028-01-21,529,45.0127,0.942976,32,7,0.778,1.444,,0.097787,peer,0.2023,20,peer=1.00;history=0.00 (leg not built),0.9860,
EXC,2026-08-11,2027-01-15,157,44.7385,0.983468,50,13,0.738,1.118,0.023686,0.022925,direct+peer,0.1912,20,direct=0.44;peer=0.56;history=0.00 (leg not built),0.9860,
EXC,2026-08-11,2027-03-19,220,44.5648,0.976648,30,4,0.898,1.055,,,refused,,0,,0.9955,only 4 invertible quotes
EXC,2026-08-11,2027-06-17,310,44.9655,0.967096,28,6,0.845,1.112,,,refused,,20,,0.9956,no leg survived: no arbitrage-free fit inside the 0.35 synthetic-share ceiling
EXC,2026-08-11,2028-01-21,528,45.0783,0.943336,32,6,0.732,1.442,,0.104528,direct+peer,0.1905,20,direct=0.44;peer=0.56;history=0.00 (leg not built),0.9565,
EXC,2026-08-12,2027-01-15,156,44.8802,0.983578,50,14,0.735,1.225,0.026550,0.024479,direct+peer,0.1457,20,direct=0.44;peer=0.56;history=0.00 (leg not built),0.9809,
EXC,2026-08-12,2027-03-19,219,45.0427,0.976754,30,5,0.844,1.110,,,refused,,0,,0.9950,only 5 invertible quotes
EXC,2026-08-12,2027-06-17,309,44.9914,0.967203,28,6,0.778,1.111,,0.048064,peer,0.3091,20,peer=1.00;history=0.00 (leg not built),0.9858,
EXC,2026-08-12,2028-01-21,527,45.1701,0.943447,32,10,0.731,1.439,0.116574,0.109462,direct+peer,0.2086,20,direct=0.44;peer=0.56;history=0.00 (leg not built),0.9821,
EXE,2026-08-06,2027-01-15,162,92.5417,0.982886,74,19,0.756,1.513,0.050535,0.047064,direct+peer,0.0732,20,direct=0.44;peer=0.56;history=0.00 (leg not built),0.9888,
EXE,2026-08-06,2028-01-21,533,93.7974,0.942385,56,23,0.586,1.972,0.181566,0.187280,direct+peer,0.1379,20,direct=0.44;peer=0.56;history=0.00 (leg not built),0.9884,
EXE,2026-08-07,2027-01-15,161,93.2708,0.983121,74,19,0.751,1.555,0.050876,0.048412,direct+peer,0.1027,20,direct=0.44;peer=0.56;history=0.00 (leg not built),0.9943,
EXE,2026-08-07,2028-01-21,532,94.7703,0.943217,56,21,0.528,1.952,0.174705,0.181188,direct+peer,0.1417,20,direct=0.44;peer=0.56;history=0.00 (leg not built),0.9841,
EXE,2026-08-10,2027-01-15,158,97.8644,0.983317,74,21,0.715,1.533,0.047915,0.047176,direct+peer,0.0663,20,direct=0.44;peer=0.56;history=0.00 (leg not built),0.9957,
EXE,2026-08-10,2028-01-21,529,99.1516,0.942976,56,23,0.555,1.866,0.170650,0.168472,peer,0.0594,20,peer=1.00;history=0.00 (leg not built),0.9939,
EXE,2026-08-11,2027-01-15,157,98.9323,0.983468,74,20,0.733,1.516,0.050600,0.047398,direct+peer,0.0686,20,direct=0.44;peer=0.56;history=0.00 (leg not built),0.9950,
EXE,2026-08-11,2028-01-21,528,100.1590,0.943336,56,19,0.749,1.847,0.182189,0.173335,direct+peer,0.2103,20,direct=0.44;peer=0.56;history=0.00 (leg not built),0.9938,
EXE,2026-08-12,2027-01-15,156,96.7284,0.983578,74,17,0.750,1.499,0.049374,0.045967,direct+peer,0.0736,20,direct=0.44;peer=0.56;history=0.00 (leg not built),0.9939,
EXE,2026-08-12,2027-03-19,219,97.0988,0.976754,30,9,0.824,1.236,0.072375,0.066471,peer,0.2741,20,peer=1.00;history=0.00 (leg not built),0.9991,
EXE,2026-08-12,2027-06-17,309,97.0851,0.967203,30,9,0.824,1.236,0.096338,0.095538,direct,0.3465,20,direct=1.00;history=0.00 (leg not built),0.9945,
EXE,2026-08-12,2027-09-17,401,97.2806,0.957333,30,12,0.771,1.336,0.120602,0.120787,direct+peer,0.2604,20,direct=0.44;peer=0.56;history=0.00 (leg not built),0.9971,
EXE,2026-08-12,2027-12-17,492,97.6777,0.947326,30,12,0.768,1.331,0.137082,0.147124,direct+peer,0.2881,20,direct=0.44;peer=0.56;history=0.00 (leg not built),0.9981,
EXE,2026-08-12,2028-01-21,527,98.2864,0.943447,56,22,0.610,1.882,0.170001,0.164183,peer,0.0679,20,peer=1.00;history=0.00 (leg not built),0.9964,
EXPD,2026-08-06,2027-02-19,197,181.3278,0.979077,54,15,0.772,1.213,0.052987,0.051928,direct+peer,0.2430,20,direct=0.44;peer=0.56;history=0.00 (leg not built),0.9977,
EXPD,2026-08-07,2027-02-19,196,181.5418,0.979343,54,16,0.744,1.212,0.050671,0.049698,direct+peer,0.1933,20,direct=0.44;peer=0.56;history=0.00 (leg not built),0.9986,
EXPD,2026-08-10,2027-02-19,193,181.8786,0.979464,54,15,0.770,1.210,0.051519,0.052587,peer,0.2491,20,peer=1.00;history=0.00 (leg not built),0.9980,
EXPD,2026-08-11,2027-02-19,192,180.0306,0.979620,54,16,0.750,1.222,0.050889,0.049691,direct+peer,0.1899,20,direct=0.44;peer=0.56;history=0.00 (leg not built),0.9951,
EXPD,2026-08-12,2027-02-19,191,186.7964,0.979726,54,15,0.749,1.178,0.047125,0.045279,peer,0.1968,20,peer=1.00;history=0.00 (leg not built),0.9983,
EXPE,2026-08-06,2027-01-15,162,311.7296,0.982886,104,30,0.577,1.444,0.097863,0.105255,direct+peer,0.1210,20,direct=0.44;peer=0.56;history=0.00 (leg not built),0.9985,
EXPE,2026-08-06,2027-03-19,225,313.6473,0.976077,94,35,0.494,1.435,0.134778,0.157192,direct+peer,0.1840,20,direct=0.44;peer=0.56;history=0.00 (leg not built),0.9979,
EXPE,2026-08-06,2027-06-17,315,316.4197,0.966391,84,39,0.411,1.422,0.176135,0.223414,direct+peer,0.2470,20,direct=0.44;peer=0.56;history=0.00 (leg not built),0.9982,
EXPE,2026-08-06,2028-01-21,533,323.8201,0.942385,94,44,0.340,1.390,0.254339,0.365497,direct,0.3168,20,direct=1.00;history=0.00 (leg not built),0.9974,
EXPE,2026-08-07,2027-01-15,161,315.1176,0.983121,104,29,0.587,1.428,0.095970,0.103242,direct+peer,0.1202,20,direct=0.44;peer=0.56;history=0.00 (leg not built),0.9984,
EXPE,2026-08-07,2027-03-19,224,317.1732,0.976383,94,35,0.489,1.419,0.132614,0.153572,peer,0.1619,20,peer=1.00;history=0.00 (leg not built),0.9982,
EXPE,2026-08-07,2027-06-17,314,320.1034,0.966854,84,39,0.406,1.406,0.171754,0.220847,direct+peer,0.2664,20,direct=0.44;peer=0.56;history=0.00 (leg not built),0.9987,
EXPE,2026-08-07,2028-01-21,532,327.0844,0.943217,94,43,0.306,1.376,0.249976,0.365213,direct,0.3169,20,direct=1.00;history=0.00 (leg not built),0.9967,
EXPE,2026-08-10,2027-01-15,158,318.1390,0.983317,104,30,0.550,1.414,0.090993,0.099403,direct+peer,0.1196,20,direct=0.44;peer=0.56;history=0.00 (leg not built),0.9982,
EXPE,2026-08-10,2027-03-19,221,320.4096,0.976485,94,37,0.437,1.404,0.126951,0.152650,peer,0.1863,20,peer=1.00;history=0.00 (leg not built),0.9985,
EXPE,2026-08-10,2027-06-17,311,323.4853,0.966911,84,39,0.402,1.391,0.168176,0.214258,direct+peer,0.2371,20,direct=0.44;peer=0.56;history=0.00 (leg not built),0.9966,
EXPE,2026-08-10,2028-01-21,529,330.7105,0.942976,94,42,0.348,1.361,0.245390,,refused,,20,,0.9964,no leg survived: no arbitrage-free fit inside the 0.35 synthetic-share ceiling
EXPE,2026-08-11,2027-01-15,157,326.4208,0.983468,104,28,0.582,1.379,0.085750,0.096462,direct+peer,0.1568,20,direct=0.44;peer=0.56;history=0.00 (leg not built),0.9969,
EXPE,2026-08-11,2027-03-19,220,328.3515,0.976648,94,36,0.411,1.370,0.122784,0.154797,peer,0.2142,20,peer=1.00;history=0.00 (leg not built),0.9965,
EXPE,2026-08-11,2027-06-17,310,331.4476,0.967096,84,36,0.453,1.358,0.161976,0.213148,direct+peer,0.2842,20,direct=0.44;peer=0.56;history=0.00 (leg not built),0.9975,
EXPE,2026-08-11,2028-01-21,528,338.7809,0.943336,94,41,0.369,1.328,0.235229,,refused,,20,,0.9953,no leg survived: no arbitrage-free fit inside the 0.35 synthetic-share ceiling
EXPE,2026-08-12,2027-01-15,156,331.3827,0.983578,104,27,0.573,1.358,0.082607,0.092555,direct+peer,0.1463,20,direct=0.44;peer=0.56;history=0.00 (leg not built),0.9967,
EXPE,2026-08-12,2027-03-19,219,333.5731,0.976754,94,33,0.450,1.349,0.117061,0.144158,direct+peer,0.2141,20,direct=0.44;peer=0.56;history=0.00 (leg not built),0.9987,
EXPE,2026-08-12,2027-06-17,309,336.5674,0.967203,84,36,0.416,1.337,0.156930,0.213471,peer,0.2782,20,peer=1.00;history=0.00 (leg not built),0.9983,
EXPE,2026-08-12,2028-01-21,527,343.8688,0.943447,94,41,0.364,1.309,0.228537,,refused,,20,,0.9961,no leg survived: no arbitrage-free fit inside the 0.35 synthetic-share ceiling
EXR,2026-08-06,2027-03-19,225,149.5082,0.976077,46,14,0.769,1.204,0.048349,0.045910,direct+peer,0.2305,20,direct=0.44;peer=0.56;history=0.00 (leg not built),0.9922,
EXR,2026-08-07,2027-03-19,224,149.0885,0.976383,46,12,0.805,1.174,0.050438,0.042681,direct+peer,0.2319,20,direct=0.44;peer=0.56;history=0.00 (leg not built),0.9956,
EXR,2026-08-10,2027-03-19,221,145.9217,0.976485,46,14,0.754,1.199,0.045509,0.045746,peer,0.2009,20,peer=1.00;history=0.00 (leg not built),0.9954,
EXR,2026-08-11,2027-03-19,220,145.6963,0.976648,46,12,0.755,1.167,0.044178,0.045959,direct+peer,0.2773,20,direct=0.44;peer=0.56;history=0.00 (leg not built),0.9939,
EXR,2026-08-12,2027-03-19,219,145.7576,0.976754,46,15,0.755,1.235,0.045081,0.041599,direct+peer,0.1356,20,direct=0.44;peer=0.56;history=0.00 (leg not built),0.9940,
F,2026-08-06,2027-01-15,162,13.7406,0.982886,82,23,0.146,1.819,0.068698,0.071036,direct+peer,0.1001,20,direct=0.44;peer=0.56;history=0.00 (leg not built),0.9961,
F,2026-08-06,2027-03-19,225,13.7418,0.976077,46,17,0.218,1.819,0.099365,0.103177,direct+peer,0.1006,20,direct=0.44;peer=0.56;history=0.00 (leg not built),0.9972,
F,2026-08-06,2027-06-17,315,13.7577,0.966391,26,11,0.581,2.326,0.148842,0.152598,peer,0.0364,20,peer=1.00;history=0.00 (leg not built),0.9324,
F,2026-08-06,2027-12-17,498,13.4501,0.946290,26,11,0.520,2.379,0.251943,0.273676,direct+peer,0.1180,20,direct=0.44;peer=0.56;history=0.00 (leg not built),0.9111,
F,2026-08-06,2028-01-21,533,13.5686,0.942385,26,12,0.368,2.358,0.262048,0.285868,direct+peer,0.1127,20,direct=0.44;peer=0.56;history=0.00 (leg not built),0.8682,
F,2026-08-07,2027-01-15,161,13.9315,0.983121,82,23,0.144,1.866,0.068972,0.066184,direct+peer,0.0372,20,direct=0.44;peer=0.56;history=0.00 (leg not built),0.9950,
F,2026-08-07,2027-03-19,224,13.9242,0.976383,46,17,0.215,1.795,0.098650,0.102044,direct+peer,0.1122,20,direct=0.44;peer=0.56;history=0.00 (leg not built),0.9965,
F,2026-08-07,2027-06-17,314,13.7507,0.966854,26,11,0.582,2.327,0.153981,0.167868,direct+peer,0.1550,20,direct=0.44;peer=0.56;history=0.00 (leg not built),0.9428,
F,2026-08-07,2027-12-17,497,13.7758,0.947065,26,12,0.363,2.323,0.244567,0.262782,direct+peer,0.0819,20,direct=0.44;peer=0.56;history=0.00 (leg not built),0.8935,
F,2026-08-07,2028-01-21,532,13.7505,0.943217,26,11,0.582,2.327,0.272067,0.290662,direct+peer,0.1355,20,direct=0.44;peer=0.56;history=0.00 (leg not built),0.9352,
F,2026-08-10,2027-01-15,158,13.9840,0.983317,82,31,0.143,2.360,0.069031,0.065142,peer,0.0007,20,peer=1.00;history=0.00 (leg not built),0.9944,
F,2026-08-10,2027-03-19,221,13.9836,0.976485,46,19,0.215,2.288,0.102020,0.100033,direct+peer,0.0633,20,direct=0.44;peer=0.56;history=0.00 (leg not built),0.9964,
F,2026-08-10,2027-06-17,311,13.8220,0.966911,26,11,0.579,2.315,0.149274,0.166500,direct+peer,0.1953,20,direct=0.44;peer=0.56;history=0.00 (leg not built),0.9515,
F,2026-08-10,2027-12-17,494,13.8428,0.946894,26,12,0.217,2.312,0.243240,0.266336,direct+peer,0.1368,20,direct=0.44;peer=0.56;history=0.00 (leg not built),0.8719,
F,2026-08-10,2028-01-21,529,13.9013,0.942976,26,12,0.216,2.302,0.258992,0.289657,direct+peer,0.1692,20,direct=0.44;peer=0.56;history=0.00 (leg not built),0.9073,
F,2026-08-11,2027-01-15,157,14.0620,0.983468,82,31,0.142,2.347,0.067543,0.063757,peer,0.0007,20,peer=1.00;history=0.00 (leg not built),0.9963,
F,2026-08-11,2027-03-19,220,14.0532,0.976648,46,17,0.213,1.779,0.094099,0.095475,direct+peer,0.0705,20,direct=0.44;peer=0.56;history=0.00 (leg not built),0.9957,
F,2026-08-11,2027-06-17,310,13.9482,0.967096,26,11,0.574,2.294,0.145946,0.157652,direct+peer,0.1418,20,direct=0.44;peer=0.56;history=0.00 (leg not built),0.9389,
F,2026-08-11,2027-12-17,493,13.8032,0.947215,26,11,0.507,2.318,0.245745,0.262312,direct+peer,0.1049,20,direct=0.44;peer=0.56;history=0.00 (leg not built),0.9040,
F,2026-08-11,2028-01-21,528,13.9745,0.943336,26,12,0.215,2.290,0.253200,0.272579,direct+peer,0.1002,20,direct=0.44;peer=0.56;history=0.00 (leg not built),0.9177,
F,2026-08-12,2027-01-15,156,13.9426,0.983578,82,32,0.143,2.367,0.066107,0.068974,direct+peer,0.1532,20,direct=0.44;peer=0.56;history=0.00 (leg not built),0.9948,
F,2026-08-12,2027-03-19,219,13.9324,0.976754,46,19,0.215,2.153,0.095754,0.094440,direct+peer,0.0446,20,direct=0.44;peer=0.56;history=0.00 (leg not built),0.9957,
F,2026-08-12,2027-06-17,309,13.8732,0.967203,26,11,0.360,2.307,0.139885,0.150109,direct+peer,0.1033,20,direct=0.44;peer=0.56;history=0.00 (leg not built),0.9202,
F,2026-08-12,2027-12-17,492,13.7652,0.947326,26,12,0.218,2.325,0.239331,0.256000,direct+peer,0.0894,20,direct=0.44;peer=0.56;history=0.00 (leg not built),0.8697,
F,2026-08-12,2028-01-21,527,13.7653,0.943447,26,13,0.218,2.325,0.256282,0.278325,direct+peer,0.0980,20,direct=0.44;peer=0.56;history=0.00 (leg not built),0.8743,
FANG,2026-08-06,2027-01-15,162,190.9157,0.982886,80,24,0.681,1.519,0.063726,0.062861,peer,0.0775,20,peer=1.00;history=0.00 (leg not built),0.9979,
FANG,2026-08-06,2027-03-19,225,191.5470,0.976077,70,28,0.626,1.618,0.090031,0.090157,direct+peer,0.0696,20,direct=0.44;peer=0.56;history=0.00 (leg not built),0.9953,
FANG,2026-08-06,2027-06-17,315,191.9350,0.966391,68,28,0.625,1.615,0.126327,0.129550,peer,0.1059,20,peer=1.00;history=0.00 (leg not built),0.9922,
FANG,2026-08-06,2027-08-20,379,192.8908,0.959448,62,28,0.596,1.555,0.147585,0.160774,peer,0.1476,20,peer=1.00;history=0.00 (leg not built),0.9981,
FANG,2026-08-06,2027-11-19,470,193.9088,0.949403,62,29,0.567,1.547,0.180157,0.203786,peer,0.1760,20,peer=1.00;history=0.00 (leg not built),0.9948,
FANG,2026-08-06,2028-01-21,533,194.7549,0.942385,76,30,0.565,1.592,0.201984,0.228101,direct+peer,0.1891,20,direct=0.44;peer=0.56;history=0.00 (leg not built),0.9979,
FANG,2026-08-07,2027-01-15,161,188.9523,0.983121,80,26,0.582,1.535,0.060135,0.060535,direct+peer,0.0419,20,direct=0.44;peer=0.56;history=0.00 (leg not built),0.9982,
FANG,2026-08-07,2027-03-19,224,189.3855,0.976383,70,30,0.554,1.637,0.087479,0.087514,direct+peer,0.0441,20,direct=0.44;peer=0.56;history=0.00 (leg not built),0.9967,
FANG,2026-08-07,2027-06-17,314,190.1965,0.966854,68,27,0.578,1.577,0.122106,0.125948,direct+peer,0.0939,20,direct=0.44;peer=0.56;history=0.00 (leg not built),0.9958,
FANG,2026-08-07,2027-08-20,378,190.7291,0.960039,62,28,0.603,1.573,0.149733,0.157731,peer,0.1342,20,peer=1.00;history=0.00 (leg not built),0.9967,
FANG,2026-08-07,2027-11-19,469,191.6208,0.950133,62,29,0.574,1.566,0.180150,0.201384,direct+peer,0.1757,20,direct=0.44;peer=0.56;history=0.00 (leg not built),0.9975,
FANG,2026-08-07,2028-01-21,532,192.6193,0.943217,76,31,0.545,1.609,0.202677,0.227847,direct+peer,0.1697,20,direct=0.44;peer=0.56;history=0.00 (leg not built),0.9966,
FANG,2026-08-10,2027-01-15,158,200.1356,0.983317,80,26,0.650,1.549,0.062798,0.062181,direct+peer,0.0566,20,direct=0.44;peer=0.56;history=0.00 (leg not built),0.9942,
FANG,2026-08-10,2027-03-19,221,200.8750,0.976485,70,27,0.622,1.543,0.086988,0.089247,peer,0.0868,20,peer=1.00;history=0.00 (leg not built),0.9978,
FANG,2026-08-10,2027-06-17,311,201.4260,0.966911,68,28,0.571,1.539,0.121081,0.125902,peer,0.1055,20,peer=1.00;history=0.00 (leg not built),0.9941,
FANG,2026-08-10,2027-08-20,375,202.5258,0.960072,62,27,0.593,1.481,0.141579,0.155044,direct+peer,0.1531,20,direct=0.44;peer=0.56;history=0.00 (leg not built),0.9972,
FANG,2026-08-10,2027-11-19,466,203.5789,0.950015,62,28,0.565,1.474,0.173565,0.202096,peer,0.2011,20,peer=1.00;history=0.00 (leg not built),0.9987,
FANG,2026-08-10,2028-01-21,529,204.4500,0.942976,76,31,0.489,1.516,0.193318,0.228893,direct+peer,0.1904,20,direct=0.44;peer=0.56;history=0.00 (leg not built),0.9980,
FANG,2026-08-11,2027-01-15,157,202.8172,0.983468,80,26,0.641,1.528,0.060188,0.059554,direct+peer,0.0455,20,direct=0.44;peer=0.56;history=0.00 (leg not built),0.9965,
FANG,2026-08-11,2027-03-19,220,203.6520,0.976648,70,27,0.614,1.522,0.084673,0.086566,direct+peer,0.0782,20,direct=0.44;peer=0.56;history=0.00 (leg not built),0.9971,
FANG,2026-08-11,2027-06-17,310,204.8120,0.967096,68,27,0.561,1.514,0.116620,0.126102,peer,0.1206,20,peer=1.00;history=0.00 (leg not built),0.9983,
FANG,2026-08-11,2027-08-20,374,205.5742,0.960281,62,26,0.608,1.459,0.142211,0.157897,direct+peer,0.1829,20,direct=0.44;peer=0.56;history=0.00 (leg not built),0.9985,
FANG,2026-08-11,2027-11-19,465,206.6502,0.950306,62,29,0.484,1.452,0.172068,0.210928,peer,0.2233,20,peer=1.00;history=0.00 (leg not built),0.9985,
FANG,2026-08-11,2028-01-21,528,207.5265,0.943336,76,31,0.434,1.494,0.194735,0.248064,direct+peer,0.2807,20,direct=0.44;peer=0.56;history=0.00 (leg not built),0.9971,
FANG,2026-08-12,2027-01-15,156,201.8001,0.983578,80,25,0.669,1.536,0.060143,0.059065,direct+peer,0.0701,20,direct=0.44;peer=0.56;history=0.00 (leg not built),0.9958,
FANG,2026-08-12,2027-03-19,219,202.8068,0.976754,70,28,0.592,1.529,0.082901,0.084543,direct+peer,0.0764,20,direct=0.44;peer=0.56;history=0.00 (leg not built),0.9974,
FANG,2026-08-12,2027-06-17,309,203.4284,0.967203,68,27,0.565,1.524,0.116344,0.122114,peer,0.0948,20,peer=1.00;history=0.00 (leg not built),0.9984,
FANG,2026-08-12,2027-08-20,373,204.3467,0.960390,62,27,0.538,1.468,0.138058,0.155051,direct+peer,0.1492,20,direct=0.44;peer=0.56;history=0.00 (leg not built),0.9993,
FANG,2026-08-12,2027-11-19,464,205.2477,0.950417,62,28,0.560,1.462,0.173729,0.205692,peer,0.2083,20,peer=1.00;history=0.00 (leg not built),0.9997,
FANG,2026-08-12,2028-01-21,527,206.0959,0.943447,76,31,0.437,1.504,0.193551,0.234636,peer,0.1904,20,peer=1.00;history=0.00 (leg not built),0.9983,
FAST,2026-08-06,2027-01-15,162,51.2633,0.982886,62,12,0.707,1.170,0.038062,0.039113,direct+peer,0.1765,20,direct=0.44;peer=0.56;history=0.00 (leg not built),0.9879,
FAST,2026-08-06,2027-02-19,197,51.4871,0.979077,36,8,0.825,1.165,0.053338,0.045817,direct+peer,0.3031,20,direct=0.44;peer=0.56;history=0.00 (leg not built),0.9960,
FAST,2026-08-06,2027-03-19,225,51.4413,0.976077,36,8,0.729,1.166,0.051517,0.053673,peer,0.2408,20,peer=1.00;history=0.00 (leg not built),0.9978,
FAST,2026-08-06,2027-06-17,315,51.7795,0.966391,36,5,0.773,1.014,,,refused,,0,,0.9842,only 5 invertible quotes
FAST,2026-08-06,2028-01-21,533,52.5354,0.942385,38,10,0.714,1.237,0.123945,0.144610,direct+peer,0.3392,20,direct=0.44;peer=0.56;history=0.00 (leg not built),0.9961,
FAST,2026-08-07,2027-01-15,161,52.3474,0.983121,62,12,0.692,1.146,0.035507,0.036789,direct+peer,0.1741,20,direct=0.44;peer=0.56;history=0.00 (leg not built),0.9861,
FAST,2026-08-07,2027-02-19,196,52.0575,0.979343,36,9,0.720,1.153,0.050513,0.047825,peer,0.2077,20,peer=1.00;history=0.00 (leg not built),0.9941,
FAST,2026-08-07,2027-03-19,224,52.2866,0.976383,36,10,0.717,1.243,0.053970,0.053689,direct+peer,0.2300,20,direct=0.44;peer=0.56;history=0.00 (leg not built),0.9935,
FAST,2026-08-07,2027-06-17,314,52.2759,0.966854,36,3,0.956,1.052,,,refused,,0,,0.9825,only 3 invertible quotes
FAST,2026-08-07,2028-01-21,532,53.3482,0.943217,38,8,0.703,1.125,0.103374,,refused,,20,,0.9848,no leg survived: no arbitrage-free fit inside the 0.35 synthetic-share ceiling
FAST,2026-08-10,2027-01-15,158,52.1695,0.983317,62,6,0.695,1.150,,0.043629,peer,0.2040,20,peer=1.00;history=0.00 (leg not built),0.9803,
FAST,2026-08-10,2027-02-19,193,52.2533,0.979464,36,5,0.957,1.148,,,refused,,0,,0.9932,only 5 invertible quotes
FAST,2026-08-10,2027-03-19,221,52.4317,0.976485,36,5,0.715,1.097,,,refused,,0,,0.9925,only 5 invertible quotes
FAST,2026-08-10,2027-06-17,311,52.6379,0.966911,36,10,0.570,1.092,0.061752,,refused,,20,,0.9869,no leg survived: no arbitrage-free fit inside the 0.35 synthetic-share ceiling
FAST,2026-08-10,2028-01-21,529,53.7902,0.942976,38,9,0.697,1.115,0.100654,,refused,,20,,0.9923,no leg survived: no arbitrage-free fit inside the 0.35 synthetic-share ceiling
FAST,2026-08-11,2027-01-15,157,52.9237,0.983468,62,7,0.685,1.134,,0.038801,direct+peer,0.2361,20,direct=0.44;peer=0.56;history=0.00 (leg not built),0.9864,
FAST,2026-08-11,2027-02-19,192,52.9178,0.979620,36,5,0.898,1.134,,,refused,,0,,0.9922,only 5 invertible quotes
FAST,2026-08-11,2027-03-19,220,53.4130,0.976648,38,7,0.702,1.123,,0.052071,direct+peer,0.3022,20,direct=0.44;peer=0.56;history=0.00 (leg not built),0.9970,
FAST,2026-08-11,2027-06-17,310,53.5857,0.967096,38,6,0.793,1.073,,,refused,,20,,0.9912,no leg survived: no arbitrage-free fit inside the 0.35 synthetic-share ceiling
FAST,2026-08-11,2028-01-21,528,54.4700,0.943336,40,11,0.688,1.193,0.104418,0.115243,peer,0.3001,20,peer=1.00;history=0.00 (leg not built),0.9877,
FAST,2026-08-12,2027-01-15,156,53.0253,0.983578,62,11,0.684,1.132,0.033516,0.035123,direct+peer,0.1943,20,direct=0.44;peer=0.56;history=0.00 (leg not built),0.9944,
FAST,2026-08-12,2027-02-19,191,52.7297,0.979726,36,7,0.664,1.090,,0.046006,peer,0.2740,20,peer=1.00;history=0.00 (leg not built),0.9913,
FAST,2026-08-12,2027-03-19,219,53.1825,0.976754,38,7,0.705,1.222,,0.052220,peer,0.1239,20,peer=1.00;history=0.00 (leg not built),0.9886,
FAST,2026-08-12,2027-06-17,309,52.8102,0.967203,38,9,0.805,1.231,0.081142,0.075817,direct+peer,0.3284,20,direct=0.44;peer=0.56;history=0.00 (leg not built),0.9974,
FAST,2026-08-12,2028-01-21,527,53.8249,0.943447,40,9,0.650,1.115,0.100703,,refused,,20,,0.9933,no leg survived: no arbitrage-free fit inside the 0.35 synthetic-share ceiling
FCX,2026-08-06,2027-01-15,162,69.1505,0.982886,50,21,0.362,1.518,0.119857,0.137188,direct+peer,0.1428,20,direct=0.44;peer=0.56;history=0.00 (leg not built),0.9953,
FCX,2026-08-06,2027-02-19,197,69.2646,0.979077,32,14,0.577,1.516,0.145091,0.170565,direct+peer,0.1987,20,direct=0.44;peer=0.56;history=0.00 (leg not built),0.9803,
FCX,2026-08-06,2027-03-19,225,69.6209,0.976077,32,15,0.503,1.508,0.159439,0.197358,direct+peer,0.2220,20,direct=0.44;peer=0.56;history=0.00 (leg not built),0.9931,
FCX,2026-08-06,2027-06-17,315,70.0207,0.966391,32,16,0.428,1.500,0.199240,0.259332,peer,0.2379,20,peer=1.00;history=0.00 (leg not built),0.9855,
FCX,2026-08-06,2028-01-21,533,70.9285,0.942385,46,23,0.282,1.480,0.303985,,refused,,20,,0.9888,no leg survived: no arbitrage-free fit inside the 0.35 synthetic-share ceiling
FCX,2026-08-07,2027-01-15,161,70.4933,0.983121,50,23,0.284,1.490,0.113929,0.133839,direct+peer,0.1778,20,direct=0.44;peer=0.56;history=0.00 (leg not built),0.9936,
FCX,2026-08-07,2027-02-19,196,70.7505,0.979343,32,15,0.495,1.484,0.136836,0.170126,direct+peer,0.2262,20,direct=0.44;peer=0.56;history=0.00 (leg not built),0.9940,
FCX,2026-08-07,2027-03-19,224,70.8808,0.976383,32,16,0.423,1.481,0.149452,0.189320,peer,0.2172,20,peer=1.00;history=0.00 (leg not built),0.9943,
FCX,2026-08-07,2027-06-17,314,71.5721,0.966854,32,15,0.489,1.467,0.198843,0.285399,peer,0.3218,20,peer=1.00;history=0.00 (leg not built),0.9912,
FCX,2026-08-07,2028-01-21,532,72.5975,0.943217,46,23,0.275,1.446,0.288529,,refused,,20,,0.9784,no leg survived: no arbitrage-free fit inside the 0.35 synthetic-share ceiling
FCX,2026-08-10,2027-01-15,158,71.4441,0.983317,50,19,0.420,1.470,0.109949,0.131405,direct+peer,0.1827,20,direct=0.44;peer=0.56;history=0.00 (leg not built),0.9985,
FCX,2026-08-10,2027-02-19,193,71.5621,0.979464,32,16,0.419,1.467,0.128226,0.159152,peer,0.2030,20,peer=1.00;history=0.00 (leg not built),0.9931,
FCX,2026-08-10,2027-03-19,221,71.9253,0.976485,32,16,0.417,1.460,0.145236,0.179649,direct+peer,0.1981,20,direct=0.44;peer=0.56;history=0.00 (leg not built),0.9970,
FCX,2026-08-10,2027-06-17,311,72.4873,0.966911,32,16,0.414,1.449,0.191136,0.252569,peer,0.2595,20,peer=1.00;history=0.00 (leg not built),0.9994,
FCX,2026-08-10,2028-01-21,529,73.7716,0.942976,46,20,0.271,1.423,0.279652,,refused,,20,,0.9918,no leg survived: no arbitrage-free fit inside the 0.35 synthetic-share ceiling
FCX,2026-08-11,2027-01-15,157,69.8780,0.983468,50,20,0.401,1.503,0.105919,0.122725,direct+peer,0.1488,20,direct=0.44;peer=0.56;history=0.00 (leg not built),0.9920,
FCX,2026-08-11,2027-02-19,192,70.0153,0.979620,32,14,0.571,1.500,0.130809,0.157811,peer,0.2035,20,peer=1.00;history=0.00 (leg not built),0.9888,
FCX,2026-08-11,2027-03-19,220,70.1741,0.976648,32,14,0.570,1.496,0.144020,0.184416,direct+peer,0.2728,20,direct=0.44;peer=0.56;history=0.00 (leg not built),0.9813,
FCX,2026-08-11,2027-06-17,310,70.4033,0.967096,32,15,0.497,1.491,0.195477,0.280988,direct+peer,0.3339,20,direct=0.44;peer=0.56;history=0.00 (leg not built),0.9800,
FCX,2026-08-11,2028-01-21,528,72.3586,0.943336,46,17,0.276,1.451,0.273914,,refused,,20,,0.9893,no leg survived: no arbitrage-free fit inside the 0.35 synthetic-share ceiling
FCX,2026-08-12,2027-01-15,156,70.1017,0.983578,50,19,0.214,1.498,0.104793,0.117664,direct+peer,0.1298,20,direct=0.44;peer=0.56;history=0.00 (leg not built),0.9927,
FCX,2026-08-12,2027-02-19,191,70.0459,0.979726,32,12,0.714,1.499,0.146922,0.151365,peer,0.2185,20,peer=1.00;history=0.00 (leg not built),0.9866,
FCX,2026-08-12,2027-03-19,219,70.7986,0.976754,32,14,0.565,1.483,0.145887,0.175575,direct+peer,0.2132,20,direct=0.44;peer=0.56;history=0.00 (leg not built),0.9885,
FCX,2026-08-12,2027-06-17,309,71.0081,0.967203,32,15,0.493,1.479,0.196047,0.259421,peer,0.2724,20,peer=1.00;history=0.00 (leg not built),0.9846,
FCX,2026-08-12,2028-01-21,527,73.1098,0.943447,46,21,0.274,1.436,0.269482,,refused,,20,,0.9918,no leg survived: no arbitrage-free fit inside the 0.35 synthetic-share ceiling
FDS,2026-08-06,2027-01-15,162,277.6769,0.982886,76,27,0.648,1.513,0.126242,0.133312,peer,0.1570,20,peer=1.00;history=0.00 (leg not built),0.9942,
FDS,2026-08-06,2027-02-19,197,278.5531,0.979077,76,29,0.628,1.544,0.146429,0.158425,direct+peer,0.1711,20,direct=0.44;peer=0.56;history=0.00 (leg not built),0.9984,
FDS,2026-08-06,2027-03-19,225,278.4974,0.976077,76,32,0.521,1.544,0.156470,0.178034,direct+peer,0.1619,20,direct=0.44;peer=0.56;history=0.00 (leg not built),0.9992,
FDS,2026-08-07,2027-01-15,161,288.2403,0.983121,76,27,0.624,1.492,0.121771,0.128800,peer,0.1531,20,peer=1.00;history=0.00 (leg not built),0.9966,
FDS,2026-08-07,2027-02-19,196,289.6222,0.979343,76,28,0.621,1.485,0.138789,0.151543,peer,0.1777,20,peer=1.00;history=0.00 (leg not built),0.9984,
FDS,2026-08-07,2027-03-19,224,289.4469,0.976383,76,31,0.570,1.486,0.152694,0.168945,direct+peer,0.1705,20,direct=0.44;peer=0.56;history=0.00 (leg not built),0.9981,
FDS,2026-08-10,2027-01-15,158,286.9593,0.983317,76,26,0.662,1.498,0.119483,0.129443,direct+peer,0.2344,20,direct=0.44;peer=0.56;history=0.00 (leg not built),0.9963,
FDS,2026-08-10,2027-02-19,193,288.0091,0.979464,76,27,0.642,1.493,0.137072,0.147690,direct+peer,0.1836,20,direct=0.44;peer=0.56;history=0.00 (leg not built),0.9968,
FDS,2026-08-10,2027-03-19,221,287.8085,0.976485,76,30,0.521,1.494,0.144076,0.163253,direct+peer,0.1673,20,direct=0.44;peer=0.56;history=0.00 (leg not built),0.9993,
FDS,2026-08-11,2027-01-15,157,286.0649,0.983468,76,26,0.664,1.503,0.116525,0.120690,peer,0.1434,20,peer=1.00;history=0.00 (leg not built),0.9971,
FDS,2026-08-11,2027-02-19,192,286.9988,0.979620,76,28,0.610,1.498,0.131804,0.143517,direct+peer,0.1662,20,direct=0.44;peer=0.56;history=0.00 (leg not built),0.9979,
FDS,2026-08-11,2027-03-19,220,286.7849,0.976648,76,30,0.540,1.499,0.143989,0.162523,direct+peer,0.1559,20,direct=0.44;peer=0.56;history=0.00 (leg not built),0.9976,
FDS,2026-08-12,2027-01-15,156,280.7795,0.983578,76,24,0.659,1.425,0.112516,0.119702,direct+peer,0.1876,20,direct=0.44;peer=0.56;history=0.00 (leg not built),0.9982,
FDS,2026-08-12,2027-02-19,191,281.8883,0.979726,76,27,0.639,1.490,0.132935,0.140720,direct+peer,0.1661,20,direct=0.44;peer=0.56;history=0.00 (leg not built),0.9984,
FDS,2026-08-12,2027-03-19,219,282.0135,0.976754,76,30,0.603,1.525,0.148168,0.159751,direct+peer,0.1544,20,direct=0.44;peer=0.56;history=0.00 (leg not built),0.9990,
FDX,2026-08-06,2027-01-15,162,319.9898,0.982886,72,34,0.578,1.563,0.050619,0.051226,direct+peer,0.0450,20,direct=0.44;peer=0.56;history=0.00 (leg not built),0.9987,
FDX,2026-08-06,2027-03-19,225,321.7673,0.976077,78,39,0.497,1.554,0.073486,0.076151,direct+peer,0.0623,20,direct=0.44;peer=0.56;history=0.00 (leg not built),0.9995,
FDX,2026-08-06,2027-06-17,315,324.5427,0.966391,80,40,0.478,1.541,0.102337,0.107817,direct+peer,0.0779,20,direct=0.44;peer=0.56;history=0.00 (leg not built),0.9961,
FDX,2026-08-06,2028-01-21,533,329.0131,0.942385,80,40,0.471,1.520,0.167683,0.200944,direct+peer,0.2256,20,direct=0.44;peer=0.56;history=0.00 (leg not built),0.9966,
FDX,2026-08-07,2027-01-15,161,321.4393,0.983121,72,34,0.576,1.556,0.048978,0.049040,direct+peer,0.0281,20,direct=0.44;peer=0.56;history=0.00 (leg not built),0.9979,
FDX,2026-08-07,2027-03-19,224,323.0009,0.976383,78,39,0.495,1.548,0.072011,0.073127,direct+peer,0.0290,20,direct=0.44;peer=0.56;history=0.00 (leg not built),0.9979,
FDX,2026-08-07,2027-06-17,314,325.6302,0.966854,80,40,0.476,1.535,0.100463,0.105221,direct+peer,0.0637,20,direct=0.44;peer=0.56;history=0.00 (leg not built),0.9980,
FDX,2026-08-07,2028-01-21,532,330.7527,0.943217,80,40,0.469,1.512,0.165910,0.187674,direct+peer,0.1514,20,direct=0.44;peer=0.56;history=0.00 (leg not built),0.9977,
FDX,2026-08-10,2027-01-15,158,328.2406,0.983317,72,33,0.579,1.523,0.046567,0.047440,direct+peer,0.0556,20,direct=0.44;peer=0.56;history=0.00 (leg not built),0.9983,
FDX,2026-08-10,2027-03-19,221,330.2970,0.976485,78,39,0.484,1.514,0.068786,0.071827,direct+peer,0.0702,20,direct=0.44;peer=0.56;history=0.00 (leg not built),0.9985,
FDX,2026-08-10,2027-06-17,311,332.5700,0.966911,80,40,0.466,1.503,0.097565,0.112161,direct+peer,0.2024,20,direct=0.44;peer=0.56;history=0.00 (leg not built),0.9970,
FDX,2026-08-10,2028-01-21,529,337.5821,0.942976,80,40,0.459,1.481,0.159512,0.184935,peer,0.1588,20,peer=1.00;history=0.00 (leg not built),0.9942,
FDX,2026-08-11,2027-01-15,157,325.4549,0.983468,72,35,0.553,1.536,0.046105,0.047236,direct+peer,0.0505,20,direct=0.44;peer=0.56;history=0.00 (leg not built),0.9987,
FDX,2026-08-11,2027-03-19,220,326.5648,0.976648,78,39,0.490,1.531,0.069328,0.073066,direct+peer,0.0745,20,direct=0.44;peer=0.56;history=0.00 (leg not built),0.9979,
FDX,2026-08-11,2027-06-17,310,330.0207,0.967096,80,40,0.470,1.515,0.097541,0.104217,direct+peer,0.0930,20,direct=0.44;peer=0.56;history=0.00 (leg not built),0.9992,
FDX,2026-08-11,2028-01-21,528,334.9240,0.943336,80,40,0.463,1.493,0.159893,0.184625,direct+peer,0.1639,20,direct=0.44;peer=0.56;history=0.00 (leg not built),0.9963,
FDX,2026-08-12,2027-01-15,156,329.3849,0.983578,72,29,0.546,1.488,0.044799,0.045310,direct+peer,0.0366,20,direct=0.44;peer=0.56;history=0.00 (leg not built),0.9986,
FDX,2026-08-12,2027-03-19,219,331.1825,0.976754,78,38,0.483,1.510,0.065843,0.067512,direct+peer,0.0404,20,direct=0.44;peer=0.56;history=0.00 (leg not built),0.9979,
FDX,2026-08-12,2027-06-17,309,333.8668,0.967203,80,38,0.464,1.498,0.093652,0.098375,direct+peer,0.0679,20,direct=0.44;peer=0.56;history=0.00 (leg not built),0.9959,
FDX,2026-08-12,2028-01-21,527,338.6804,0.943447,80,40,0.458,1.476,0.155515,0.178005,direct+peer,0.1575,20,direct=0.44;peer=0.56;history=0.00 (leg not built),0.9944,
FE,2026-08-06,2027-01-15,162,47.4110,0.982886,50,9,0.696,1.160,0.030677,0.027127,peer,0.1138,20,peer=1.00;history=0.00 (leg not built),0.9778,
FE,2026-08-06,2027-06-17,315,47.7300,0.966391,34,5,0.691,1.048,,,refused,,0,,0.9944,only 5 invertible quotes
FE,2026-08-06,2028-01-21,533,47.9163,0.942385,34,5,0.522,1.043,,,refused,,0,,0.9808,only 5 invertible quotes
FE,2026-08-07,2027-01-15,161,47.3940,0.983121,50,14,0.696,1.160,0.027737,0.025702,direct+peer,0.1274,20,direct=0.44;peer=0.56;history=0.00 (leg not built),0.9784,
FE,2026-08-07,2027-03-19,224,47.7116,0.976383,22,4,0.524,1.048,,,refused,,0,,0.9797,only 4 invertible quotes
FE,2026-08-07,2027-06-17,314,47.4109,0.966854,34,8,0.696,1.160,0.055066,0.053103,direct+peer,0.2235,20,direct=0.44;peer=0.56;history=0.00 (leg not built),0.9980,
FE,2026-08-07,2028-01-21,532,48.0798,0.943217,34,4,0.520,1.040,,,refused,,0,,0.9874,only 4 invertible quotes
FE,2026-08-10,2027-01-15,158,47.4167,0.983317,50,12,0.696,1.160,0.026653,0.024942,direct+peer,0.1321,20,direct=0.44;peer=0.56;history=0.00 (leg not built),0.9836,
FE,2026-08-10,2027-03-19,221,47.1762,0.976485,22,5,0.530,1.060,,,refused,,0,,0.9958,only 5 invertible quotes
FE,2026-08-10,2027-06-17,311,47.4454,0.966911,34,9,0.696,1.159,0.057797,0.056028,direct+peer,0.1982,20,direct=0.44;peer=0.56;history=0.00 (leg not built),0.9954,
FE,2026-08-10,2028-01-21,529,47.9788,0.942976,34,4,0.521,0.980,,,refused,,0,,0.9855,only 4 invertible quotes
FE,2026-08-11,2027-01-15,157,47.0536,0.983468,50,12,0.701,1.169,0.026407,0.024127,peer,0.1132,20,peer=1.00;history=0.00 (leg not built),0.9849,
FE,2026-08-11,2027-03-19,220,46.8756,0.976648,22,5,0.533,1.173,,,refused,,0,,0.9701,only 5 invertible quotes
FE,2026-08-11,2027-06-17,310,47.5315,0.967096,34,9,0.694,1.157,0.057462,0.056693,direct+peer,0.2040,20,direct=0.44;peer=0.56;history=0.00 (leg not built),0.9902,
FE,2026-08-11,2028-01-21,528,47.6766,0.943336,34,3,0.524,0.986,,,refused,,0,,0.9860,only 3 invertible quotes
FE,2026-08-12,2027-01-15,156,46.8950,0.983578,50,8,0.704,1.173,0.025612,0.022269,direct+peer,0.1578,20,direct=0.44;peer=0.56;history=0.00 (leg not built),0.9830,
FE,2026-08-12,2027-03-19,219,47.0135,0.976754,22,5,0.532,1.064,,,refused,,0,,0.9911,only 5 invertible quotes
FE,2026-08-12,2027-06-17,309,47.0059,0.967203,34,9,0.532,1.170,0.053578,0.053327,peer,0.1103,20,peer=1.00;history=0.00 (leg not built),0.9921,
FE,2026-08-12,2028-01-21,527,47.7281,0.943447,34,3,0.524,0.985,,,refused,,0,,0.9890,only 3 invertible quotes
FERG,2026-08-06,2027-02-19,197,256.5273,0.979077,68,24,0.643,1.403,0.072913,0.071916,direct+peer,0.0898,20,direct=0.44;peer=0.56;history=0.00 (leg not built),0.9981,
FERG,2026-08-07,2027-02-19,196,260.6297,0.979343,68,19,0.691,1.305,0.071442,0.069805,peer,0.1364,20,peer=1.00;history=0.00 (leg not built),0.9986,
FERG,2026-08-10,2027-02-19,193,267.7709,0.979464,68,19,0.672,1.270,0.057875,0.060081,direct+peer,0.1765,20,direct=0.44;peer=0.56;history=0.00 (leg not built),0.9988,
FERG,2026-08-11,2027-02-19,192,255.8317,0.979620,72,19,0.684,1.290,0.057911,0.059097,direct+peer,0.1649,20,direct=0.44;peer=0.56;history=0.00 (leg not built),0.9992,
FERG,2026-08-12,2027-02-19,191,249.0984,0.979726,72,17,0.723,1.285,0.057362,0.057208,direct+peer,0.1609,20,direct=0.44;peer=0.56;history=0.00 (leg not built),0.9981,
FFIV,2026-08-06,2027-01-15,162,420.2137,0.982886,78,30,0.643,1.475,0.082523,0.083606,direct+peer,0.0919,20,direct=0.44;peer=0.56;history=0.00 (leg not built),0.9983,
FFIV,2026-08-06,2027-02-19,197,421.9508,0.979077,82,35,0.592,1.517,0.105319,0.109743,direct+peer,0.1013,20,direct=0.44;peer=0.56;history=0.00 (leg not built),0.9992,
FFIV,2026-08-06,2027-05-21,288,426.1460,0.969304,84,39,0.493,1.502,0.141485,0.160242,direct+peer,0.1464,20,direct=0.44;peer=0.56;history=0.00 (leg not built),0.9968,
FFIV,2026-08-06,2027-08-20,379,429.9628,0.959448,84,40,0.465,1.489,0.177241,0.219680,direct+peer,0.2172,20,direct=0.44;peer=0.56;history=0.00 (leg not built),0.9963,
FFIV,2026-08-06,2027-11-19,470,434.0853,0.949403,84,42,0.438,1.474,0.208412,0.282944,peer,0.2786,20,peer=1.00;history=0.00 (leg not built),0.9971,
FFIV,2026-08-07,2027-01-15,161,407.1824,0.983121,78,30,0.663,1.523,0.080829,0.080764,peer,0.0761,20,peer=1.00;history=0.00 (leg not built),0.9990,
FFIV,2026-08-07,2027-02-19,196,408.9074,0.979343,82,35,0.611,1.565,0.103862,0.107048,direct+peer,0.1000,20,direct=0.44;peer=0.56;history=0.00 (leg not built),0.9992,
FFIV,2026-08-07,2027-05-21,287,412.8668,0.969715,84,38,0.533,1.550,0.140444,0.156341,direct+peer,0.1434,20,direct=0.44;peer=0.56;history=0.00 (leg not built),0.9987,
FFIV,2026-08-07,2027-08-20,378,416.7189,0.960039,84,40,0.480,1.536,0.176154,0.205129,peer,0.1678,20,peer=1.00;history=0.00 (leg not built),0.9983,
FFIV,2026-08-07,2027-11-19,469,420.7894,0.950133,84,42,0.452,1.521,0.207565,0.258625,direct+peer,0.2235,20,direct=0.44;peer=0.56;history=0.00 (leg not built),0.9975,
FFIV,2026-08-10,2027-01-15,158,417.2847,0.983317,78,33,0.575,1.534,0.077755,0.081895,peer,0.0736,20,peer=1.00;history=0.00 (leg not built),0.9983,
FFIV,2026-08-10,2027-02-19,193,418.9178,0.979464,82,35,0.597,1.528,0.102081,0.107183,direct+peer,0.1024,20,direct=0.44;peer=0.56;history=0.00 (leg not built),0.9984,
FFIV,2026-08-10,2027-05-21,284,422.8666,0.969783,84,38,0.520,1.513,0.138088,0.153473,direct+peer,0.1343,20,direct=0.44;peer=0.56;history=0.00 (leg not built),0.9978,
FFIV,2026-08-10,2027-08-20,375,426.8380,0.960072,84,41,0.445,1.499,0.171442,0.205595,direct+peer,0.1789,20,direct=0.44;peer=0.56;history=0.00 (leg not built),0.9963,
FFIV,2026-08-10,2027-11-19,466,430.7143,0.950015,84,42,0.441,1.486,0.204330,0.262476,direct+peer,0.2423,20,direct=0.44;peer=0.56;history=0.00 (leg not built),0.9951,
FFIV,2026-08-11,2027-01-15,157,421.4845,0.983468,78,30,0.664,1.518,0.078851,0.080105,direct+peer,0.1005,20,direct=0.44;peer=0.56;history=0.00 (leg not built),0.9990,
FFIV,2026-08-11,2027-02-19,192,423.1441,0.979620,82,35,0.591,1.512,0.099258,0.107363,direct+peer,0.1354,20,direct=0.44;peer=0.56;history=0.00 (leg not built),0.9983,
FFIV,2026-08-11,2027-05-21,283,426.8187,0.969962,84,38,0.515,1.499,0.135910,0.157211,direct+peer,0.1809,20,direct=0.44;peer=0.56;history=0.00 (leg not built),0.9977,
FFIV,2026-08-11,2027-08-20,374,430.9670,0.960281,84,39,0.487,1.485,0.170564,0.205962,peer,0.1971,20,peer=1.00;history=0.00 (leg not built),0.9961,
FFIV,2026-08-11,2027-11-19,465,434.9264,0.950306,84,42,0.437,1.472,0.199978,0.257888,direct+peer,0.2482,20,direct=0.44;peer=0.56;history=0.00 (leg not built),0.9946,
FFIV,2026-08-12,2027-01-15,156,430.1452,0.983578,78,31,0.628,1.488,0.076690,0.080560,direct+peer,0.1031,20,direct=0.44;peer=0.56;history=0.00 (leg not built),0.9971,
FFIV,2026-08-12,2027-02-19,191,431.8810,0.979726,82,34,0.602,1.482,0.099639,0.107430,direct+peer,0.1370,20,direct=0.44;peer=0.56;history=0.00 (leg not built),0.9981,
FFIV,2026-08-12,2027-05-21,282,435.9281,0.970068,84,37,0.528,1.468,0.134140,0.152369,direct+peer,0.1669,20,direct=0.44;peer=0.56;history=0.00 (leg not built),0.9967,
FFIV,2026-08-12,2027-08-20,373,439.8884,0.960390,84,41,0.443,1.455,0.165996,0.204715,direct+peer,0.2189,20,direct=0.44;peer=0.56;history=0.00 (leg not built),0.9961,
FFIV,2026-08-12,2027-11-19,464,444.2087,0.950417,84,42,0.428,1.441,0.195929,0.260708,direct+peer,0.2713,20,direct=0.44;peer=0.56;history=0.00 (leg not built),0.9965,
FICO,2026-08-06,2027-01-15,162,1049.7558,0.982886,300,103,0.524,1.867,0.153470,0.161451,direct+peer,0.0824,20,direct=0.44;peer=0.56;history=0.00 (leg not built),0.9982,
FICO,2026-08-06,2027-03-19,225,1058.3461,0.976077,208,102,0.444,1.984,0.202512,0.219665,peer,0.0961,20,peer=1.00;history=0.00 (leg not built),0.9974,
FICO,2026-08-06,2027-06-17,315,1068.3521,0.966391,188,94,0.505,1.966,0.270656,0.293643,direct+peer,0.1350,20,direct=0.44;peer=0.56;history=0.00 (leg not built),0.9961,
FICO,2026-08-06,2028-01-21,533,1095.7554,0.942385,266,133,0.420,2.692,0.475317,0.512109,direct+peer,0.1059,20,direct=0.44;peer=0.56;history=0.00 (leg not built),0.9973,
FICO,2026-08-07,2027-01-15,161,1060.4442,0.983121,300,102,0.490,1.848,0.147671,0.163243,direct+peer,0.1857,20,direct=0.44;peer=0.56;history=0.00 (leg not built),0.9962,
FICO,2026-08-07,2027-03-19,224,1068.4788,0.976383,208,99,0.477,1.965,0.196812,0.208869,direct+peer,0.0999,20,direct=0.44;peer=0.56;history=0.00 (leg not built),0.9980,
FICO,2026-08-07,2027-06-17,314,1078.5816,0.966854,188,94,0.501,1.947,0.266446,0.286332,direct+peer,0.1200,20,direct=0.44;peer=0.56;history=0.00 (leg not built),0.9958,
FICO,2026-08-07,2028-01-21,532,1104.0893,0.943217,266,133,0.417,2.672,0.470200,0.516788,peer,0.1064,20,peer=1.00;history=0.00 (leg not built),0.9986,
FICO,2026-08-10,2027-01-15,158,1068.8271,0.983317,300,103,0.468,1.815,0.142646,0.158463,direct+peer,0.2023,20,direct=0.44;peer=0.56;history=0.00 (leg not built),0.9972,
FICO,2026-08-10,2027-03-19,221,1076.8253,0.976485,208,103,0.436,1.950,0.188556,0.196442,direct+peer,0.0676,20,direct=0.44;peer=0.56;history=0.00 (leg not built),0.9978,
FICO,2026-08-10,2027-06-17,311,1087.6754,0.966911,188,94,0.496,1.931,0.260640,0.287124,direct+peer,0.1512,20,direct=0.44;peer=0.56;history=0.00 (leg not built),0.9963,
FICO,2026-08-10,2028-01-21,529,1114.9173,0.942976,266,133,0.413,2.646,0.460053,0.500044,direct+peer,0.1157,20,direct=0.44;peer=0.56;history=0.00 (leg not built),0.9971,
FICO,2026-08-11,2027-01-15,157,1056.0988,0.983468,300,96,0.530,1.780,0.138489,0.143321,direct+peer,0.0797,20,direct=0.44;peer=0.56;history=0.00 (leg not built),0.9966,
FICO,2026-08-11,2027-03-19,220,1063.6568,0.976648,208,93,0.508,1.937,0.190826,0.203542,direct+peer,0.1064,20,direct=0.44;peer=0.56;history=0.00 (leg not built),0.9979,
FICO,2026-08-11,2027-06-17,310,1075.7827,0.967096,190,95,0.483,1.952,0.255379,0.280409,direct+peer,0.1536,20,direct=0.44;peer=0.56;history=0.00 (leg not built),0.9977,
FICO,2026-08-11,2028-01-21,528,1102.0823,0.943336,266,133,0.417,2.677,0.455351,0.494767,direct+peer,0.1129,20,direct=0.44;peer=0.56;history=0.00 (leg not built),0.9974,
FICO,2026-08-12,2027-01-15,156,1061.3014,0.983578,300,96,0.499,1.734,0.131441,0.138139,direct+peer,0.0780,20,direct=0.44;peer=0.56;history=0.00 (leg not built),0.9978,
FICO,2026-08-12,2027-03-19,219,1068.8266,0.976754,208,97,0.440,1.871,0.183797,0.193153,direct+peer,0.0753,20,direct=0.44;peer=0.56;history=0.00 (leg not built),0.9973,
FICO,2026-08-12,2027-06-17,309,1079.8301,0.967203,190,95,0.482,1.945,0.251049,0.268816,direct+peer,0.1145,20,direct=0.44;peer=0.56;history=0.00 (leg not built),0.9978,
FICO,2026-08-12,2028-01-21,527,1106.1477,0.943447,266,133,0.416,2.667,0.449428,0.481138,direct+peer,0.0976,20,direct=0.44;peer=0.56;history=0.00 (leg not built),0.9973,
FITB,2026-08-06,2027-01-15,162,57.4639,0.982886,36,11,0.487,1.218,0.033761,0.037101,direct+peer,0.1071,20,direct=0.44;peer=0.56;history=0.00 (leg not built),0.9832,
FITB,2026-08-06,2027-02-19,197,57.3917,0.979077,22,8,0.610,1.220,0.043839,0.047380,peer,0.1171,20,peer=1.00;history=0.00 (leg not built),0.9966,
FITB,2026-08-06,2027-03-19,225,57.7375,0.976077,24,8,0.606,1.212,0.051938,0.055158,direct+peer,0.1426,20,direct=0.44;peer=0.56;history=0.00 (leg not built),0.9890,
FITB,2026-08-06,2027-06-17,315,57.5597,0.966391,24,9,0.521,1.216,0.070625,0.082268,direct+peer,0.1713,20,direct=0.44;peer=0.56;history=0.00 (leg not built),0.9953,
FITB,2026-08-06,2028-01-21,533,58.4083,0.942385,36,16,0.428,1.284,0.121898,0.147274,peer,0.1951,20,peer=1.00;history=0.00 (leg not built),0.9904,
FITB,2026-08-07,2027-01-15,161,57.2149,0.983121,36,11,0.612,1.223,0.035143,0.036086,direct+peer,0.0686,20,direct=0.44;peer=0.56;history=0.00 (leg not built),0.9954,
FITB,2026-08-07,2027-02-19,196,57.2634,0.979343,22,9,0.611,1.310,0.045892,0.046036,direct+peer,0.0598,20,direct=0.44;peer=0.56;history=0.00 (leg not built),0.9990,
FITB,2026-08-07,2027-03-19,224,57.5007,0.976383,24,8,0.609,1.217,0.050298,0.053071,direct+peer,0.1195,20,direct=0.44;peer=0.56;history=0.00 (leg not built),0.9971,
FITB,2026-08-07,2027-06-17,314,57.6987,0.966854,24,11,0.607,1.473,0.081785,0.079102,peer,0.0678,20,peer=1.00;history=0.00 (leg not built),0.9981,
FITB,2026-08-07,2028-01-21,532,57.7029,0.943217,36,15,0.520,1.386,0.131378,0.146235,direct+peer,0.1768,20,direct=0.44;peer=0.56;history=0.00 (leg not built),0.9810,
FITB,2026-08-10,2027-01-15,158,57.4238,0.983317,36,10,0.488,1.132,0.031257,0.036137,direct+peer,0.1538,20,direct=0.44;peer=0.56;history=0.00 (leg not built),0.9959,
FITB,2026-08-10,2027-02-19,193,57.3567,0.979464,22,8,0.610,1.308,0.045233,0.045325,direct+peer,0.0733,20,direct=0.44;peer=0.56;history=0.00 (leg not built),0.9933,
FITB,2026-08-10,2027-03-19,221,57.5251,0.976485,24,9,0.608,1.304,0.052687,0.053172,direct+peer,0.0764,20,direct=0.44;peer=0.56;history=0.00 (leg not built),0.9967,
FITB,2026-08-10,2027-06-17,311,57.6730,0.966911,24,12,0.520,1.474,0.077228,0.078002,peer,0.0487,20,peer=1.00;history=0.00 (leg not built),0.9961,
FITB,2026-08-10,2028-01-21,529,57.8614,0.942976,36,16,0.432,1.296,0.120390,0.140414,peer,0.1526,20,peer=1.00;history=0.00 (leg not built),0.9911,
FITB,2026-08-11,2027-01-15,157,57.6783,0.983468,36,8,0.659,1.214,0.036104,0.037276,direct+peer,0.2280,20,direct=0.44;peer=0.56;history=0.00 (leg not built),0.9897,
FITB,2026-08-11,2027-02-19,192,57.5756,0.979620,22,8,0.695,1.303,0.047115,0.044822,direct+peer,0.0892,20,direct=0.44;peer=0.56;history=0.00 (leg not built),0.9979,
FITB,2026-08-11,2027-03-19,220,57.8413,0.976648,24,5,0.778,1.124,,,refused,,0,,0.9962,only 5 invertible quotes
FITB,2026-08-11,2027-06-17,310,58.0698,0.967096,24,8,0.689,1.292,0.079611,0.078707,direct+peer,0.1876,20,direct=0.44;peer=0.56;history=0.00 (leg not built),0.9879,
FITB,2026-08-11,2028-01-21,528,58.5866,0.943336,36,14,0.512,1.280,0.122518,0.137110,peer,0.1695,20,peer=1.00;history=0.00 (leg not built),0.9834,
FITB,2026-08-12,2027-01-15,156,58.1276,0.983578,36,12,0.482,1.290,0.033137,0.033985,direct+peer,0.0362,20,direct=0.44;peer=0.56;history=0.00 (leg not built),0.9958,
FITB,2026-08-12,2027-02-19,191,58.1202,0.979726,22,9,0.602,1.290,0.042529,0.042830,direct+peer,0.0692,20,direct=0.44;peer=0.56;history=0.00 (leg not built),0.9965,
FITB,2026-08-12,2027-03-19,219,58.3875,0.976754,24,9,0.599,1.285,0.049101,0.050087,direct+peer,0.0883,20,direct=0.44;peer=0.56;history=0.00 (leg not built),0.9975,
FITB,2026-08-12,2027-06-17,309,58.5525,0.967203,24,12,0.512,1.452,0.074451,0.074772,direct+peer,0.0478,20,direct=0.44;peer=0.56;history=0.00 (leg not built),0.9924,
FITB,2026-08-12,2028-01-21,527,58.7987,0.943447,36,18,0.425,1.446,0.135310,0.145627,direct+peer,0.1172,20,direct=0.44;peer=0.56;history=0.00 (leg not built),0.9934,
FTNT,2026-08-06,2027-01-15,162,162.8278,0.982886,92,31,0.522,1.474,0.122735,0.139983,direct+peer,0.1485,20,direct=0.44;peer=0.56;history=0.00 (leg not built),0.9961,
FTNT,2026-08-06,2027-03-19,225,164.2163,0.976077,74,30,0.457,1.461,0.168936,0.213060,direct+peer,0.2266,20,direct=0.44;peer=0.56;history=0.00 (leg not built),0.9973,
FTNT,2026-08-06,2027-06-17,315,165.4760,0.966391,60,30,0.453,1.450,0.223011,0.317268,direct+peer,0.3319,20,direct=0.44;peer=0.56;history=0.00 (leg not built),0.9971,
FTNT,2026-08-06,2027-09-17,407,167.3056,0.956369,74,35,0.239,1.435,0.262139,,refused,,20,,0.9970,no leg survived: no arbitrage-free fit inside the 0.35 synthetic-share ceiling
FTNT,2026-08-06,2028-01-21,533,169.3474,0.942385,74,36,0.266,1.417,0.312671,,refused,,20,,0.9960,no leg survived: no arbitrage-free fit inside the 0.35 synthetic-share ceiling
FTNT,2026-08-07,2027-01-15,161,162.5842,0.983121,92,28,0.569,1.476,0.118275,0.131868,direct+peer,0.1501,20,direct=0.44;peer=0.56;history=0.00 (leg not built),0.9959,
FTNT,2026-08-07,2027-03-19,224,163.6020,0.976383,74,29,0.489,1.467,0.167141,0.211849,peer,0.2362,20,peer=1.00;history=0.00 (leg not built),0.9961,
FTNT,2026-08-07,2027-06-17,314,165.4499,0.966854,60,29,0.484,1.451,0.217136,0.305620,direct+peer,0.3253,20,direct=0.44;peer=0.56;history=0.00 (leg not built),0.9891,
FTNT,2026-08-07,2027-09-17,406,167.0846,0.957002,74,33,0.239,1.436,0.258820,,refused,,20,,0.9923,no leg survived: no arbitrage-free fit inside the 0.35 synthetic-share ceiling
FTNT,2026-08-07,2028-01-21,532,169.1200,0.943217,74,32,0.266,1.419,0.300567,,refused,,20,,0.9914,no leg survived: no arbitrage-free fit inside the 0.35 synthetic-share ceiling
FTNT,2026-08-10,2027-01-15,158,167.4983,0.983317,92,33,0.478,1.433,0.114784,0.135534,direct+peer,0.1802,20,direct=0.44;peer=0.56;history=0.00 (leg not built),0.9983,
FTNT,2026-08-10,2027-03-19,221,168.7711,0.976485,74,31,0.415,1.422,0.159368,0.208107,direct+peer,0.2583,20,direct=0.44;peer=0.56;history=0.00 (leg not built),0.9976,
FTNT,2026-08-10,2027-06-17,311,170.5481,0.966911,60,30,0.440,1.407,0.211286,0.301539,direct+peer,0.3263,20,direct=0.44;peer=0.56;history=0.00 (leg not built),0.9975,
FTNT,2026-08-10,2027-09-17,403,172.2675,0.956992,74,37,0.232,1.393,0.246872,,refused,,20,,0.9947,no leg survived: no arbitrage-free fit inside the 0.35 synthetic-share ceiling
FTNT,2026-08-10,2028-01-21,529,174.0191,0.942976,74,37,0.230,1.379,0.295689,,refused,,20,,0.9948,no leg survived: no arbitrage-free fit inside the 0.35 synthetic-share ceiling
FTNT,2026-08-11,2027-01-15,157,165.0458,0.983468,94,31,0.515,1.515,0.117791,0.137416,direct+peer,0.1883,20,direct=0.44;peer=0.56;history=0.00 (leg not built),0.9963,
FTNT,2026-08-11,2027-03-19,220,166.0495,0.976648,76,28,0.542,1.506,0.168153,0.218798,direct+peer,0.2830,20,direct=0.44;peer=0.56;history=0.00 (leg not built),0.9979,
FTNT,2026-08-11,2027-06-17,310,168.2990,0.967096,62,30,0.475,1.485,0.221474,0.315712,peer,0.3193,20,peer=1.00;history=0.00 (leg not built),0.9952,
FTNT,2026-08-11,2027-09-17,402,169.9634,0.957224,76,35,0.235,1.471,0.262136,0.392752,direct,0.3345,20,direct=1.00;history=0.00 (leg not built),0.9977,
FTNT,2026-08-11,2028-01-21,528,171.9081,0.943336,76,36,0.262,1.454,0.314452,,refused,,20,,0.9957,no leg survived: no arbitrage-free fit inside the 0.35 synthetic-share ceiling
FTNT,2026-08-12,2027-01-15,156,164.0494,0.983578,94,35,0.472,1.524,0.111125,0.125501,direct+peer,0.1323,20,direct=0.44;peer=0.56;history=0.00 (leg not built),0.9971,
FTNT,2026-08-12,2027-03-19,219,165.3379,0.976754,76,31,0.454,1.512,0.163410,0.205482,direct+peer,0.2346,20,direct=0.44;peer=0.56;history=0.00 (leg not built),0.9965,
FTNT,2026-08-12,2027-06-17,309,166.9541,0.967203,62,31,0.449,1.497,0.216640,0.291562,direct+peer,0.2905,20,direct=0.44;peer=0.56;history=0.00 (leg not built),0.9927,
FTNT,2026-08-12,2027-09-17,401,168.9032,0.957333,76,35,0.237,1.480,0.259652,0.397572,direct+peer,0.3463,20,direct=0.44;peer=0.56;history=0.00 (leg not built),0.9949,
FTNT,2026-08-12,2028-01-21,527,170.9751,0.943447,76,37,0.234,1.462,0.312628,,refused,,20,,0.9959,no leg survived: no arbitrage-free fit inside the 0.35 synthetic-share ceiling
FTV,2026-08-06,2027-03-19,225,62.2966,0.976077,24,5,0.803,1.124,,,refused,,0,,0.9906,only 5 invertible quotes
FTV,2026-08-07,2027-03-19,224,62.7297,0.976383,24,5,0.797,1.116,,,refused,,0,,0.9956,only 5 invertible quotes
FTV,2026-08-11,2027-03-19,220,62.8157,0.976648,24,3,0.955,1.114,,,refused,,0,,0.9883,only 3 invertible quotes
FTV,2026-08-12,2027-03-19,219,62.5254,0.976754,24,4,0.800,1.040,,,refused,,0,,0.9969,only 4 invertible quotes
GD,2026-08-06,2027-01-15,162,391.0988,0.982886,96,21,0.320,1.253,0.025181,0.024702,direct+peer,0.0554,20,direct=0.44;peer=0.56;history=0.00 (leg not built),0.9957,
GD,2026-08-06,2027-02-19,197,391.6546,0.979077,62,21,0.766,1.277,0.033193,0.031967,direct+peer,0.1551,20,direct=0.44;peer=0.56;history=0.00 (leg not built),0.9959,
GD,2026-08-06,2027-03-19,225,392.4998,0.976077,76,24,0.713,1.325,0.037404,0.037630,peer,0.1291,20,peer=1.00;history=0.00 (leg not built),0.9967,
GD,2026-08-06,2027-06-17,315,395.1159,0.966391,68,24,0.658,1.316,0.050055,0.052574,direct+peer,0.1552,20,direct=0.44;peer=0.56;history=0.00 (leg not built),0.9952,
GD,2026-08-06,2028-01-21,533,401.5599,0.942385,88,30,0.623,1.444,0.085806,0.093349,peer,0.1493,20,peer=1.00;history=0.00 (leg not built),0.9946,
GD,2026-08-07,2027-01-15,161,395.9110,0.983121,96,19,0.758,1.263,0.025062,0.023459,direct+peer,0.0702,20,direct=0.44;peer=0.56;history=0.00 (leg not built),0.9959,
GD,2026-08-07,2027-02-19,196,396.3241,0.979343,62,18,0.807,1.262,0.034992,0.030823,direct+peer,0.1842,20,direct=0.44;peer=0.56;history=0.00 (leg not built),0.9988,
GD,2026-08-07,2027-03-19,224,397.1323,0.976383,76,20,0.730,1.234,0.035460,0.034491,direct+peer,0.1109,20,direct=0.44;peer=0.56;history=0.00 (leg not built),0.9989,
GD,2026-08-07,2027-06-17,314,399.6794,0.966854,68,24,0.676,1.301,0.049834,0.049851,direct+peer,0.0931,20,direct=0.44;peer=0.56;history=0.00 (leg not built),0.9968,
GD,2026-08-07,2028-01-21,532,406.7134,0.943217,88,29,0.639,1.426,0.085250,0.085928,peer,0.0938,20,peer=1.00;history=0.00 (leg not built),0.9975,
GD,2026-08-10,2027-01-15,158,399.9288,0.983317,96,21,0.313,1.250,0.024123,0.024132,direct+peer,0.0660,20,direct=0.44;peer=0.56;history=0.00 (leg not built),0.9979,
GD,2026-08-10,2027-02-19,193,400.3778,0.979464,62,19,0.774,1.224,0.032062,0.029702,direct+peer,0.1386,20,direct=0.44;peer=0.56;history=0.00 (leg not built),0.9977,
GD,2026-08-10,2027-03-19,221,401.8536,0.976485,76,22,0.722,1.244,0.035510,0.035330,peer,0.1259,20,peer=1.00;history=0.00 (leg not built),0.9992,
GD,2026-08-10,2027-06-17,311,404.8195,0.966911,68,24,0.667,1.285,0.049092,0.050221,peer,0.1187,20,peer=1.00;history=0.00 (leg not built),0.9970,
GD,2026-08-10,2028-01-21,529,410.7954,0.942976,88,31,0.536,1.412,0.082059,0.083785,peer,0.0727,20,peer=1.00;history=0.00 (leg not built),0.9960,
GD,2026-08-11,2027-01-15,157,396.9089,0.983468,96,18,0.806,1.235,0.026734,0.022542,peer,0.1044,20,peer=1.00;history=0.00 (leg not built),0.9951,
GD,2026-08-11,2027-02-19,192,397.2234,0.979620,62,18,0.806,1.234,0.033695,0.029054,peer,0.1391,20,peer=1.00;history=0.00 (leg not built),0.9964,
GD,2026-08-11,2027-03-19,220,398.5358,0.976648,76,19,0.778,1.230,0.036852,0.035790,direct+peer,0.1903,20,direct=0.44;peer=0.56;history=0.00 (leg not built),0.9971,
GD,2026-08-11,2027-06-17,310,401.1788,0.967096,68,22,0.748,1.296,0.051523,0.053880,peer,0.2029,20,peer=1.00;history=0.00 (leg not built),0.9971,
GD,2026-08-11,2028-01-21,528,406.9788,0.943336,88,34,0.491,1.425,0.080370,0.085015,direct+peer,0.0814,20,direct=0.44;peer=0.56;history=0.00 (leg not built),0.9969,
GD,2026-08-12,2027-01-15,156,399.7458,0.983578,96,17,0.801,1.201,0.026461,0.023172,peer,0.1355,20,peer=1.00;history=0.00 (leg not built),0.9972,
GD,2026-08-12,2027-02-19,191,399.8469,0.979726,62,20,0.725,1.225,0.031278,0.029970,peer,0.1008,20,peer=1.00;history=0.00 (leg not built),0.9986,
GD,2026-08-12,2027-03-19,219,400.9828,0.976754,76,22,0.723,1.247,0.035417,0.034490,peer,0.1146,20,peer=1.00;history=0.00 (leg not built),0.9985,
GD,2026-08-12,2027-06-17,309,404.0116,0.967203,68,25,0.668,1.287,0.049379,0.050381,peer,0.1116,20,peer=1.00;history=0.00 (leg not built),0.9982,
GD,2026-08-12,2028-01-21,527,409.7138,0.943447,88,32,0.488,1.416,0.083364,0.088212,direct+peer,0.0864,20,direct=0.44;peer=0.56;history=0.00 (leg not built),0.9964,
GE,2026-08-06,2027-01-15,162,379.6795,0.982886,116,34,0.435,1.475,0.052859,0.054948,direct+peer,0.0549,20,direct=0.44;peer=0.56;history=0.00 (leg not built),0.9982,
GE,2026-08-06,2027-03-19,225,381.9210,0.976077,92,36,0.484,1.466,0.075721,0.079719,direct+peer,0.0693,20,direct=0.44;peer=0.56;history=0.00 (leg not built),0.9982,
GE,2026-08-06,2027-06-17,315,385.5505,0.966391,76,37,0.467,1.452,0.105446,0.115838,direct+peer,0.1237,20,direct=0.44;peer=0.56;history=0.00 (leg not built),0.9980,
GE,2026-08-06,2028-01-21,533,394.0376,0.942385,92,46,0.355,1.421,0.163050,0.206248,direct+peer,0.2281,20,direct=0.44;peer=0.56;history=0.00 (leg not built),0.9965,
GE,2026-08-07,2027-01-15,161,376.0534,0.983121,116,34,0.439,1.489,0.052375,0.061181,direct+peer,0.2693,20,direct=0.44;peer=0.56;history=0.00 (leg not built),0.9972,
GE,2026-08-07,2027-03-19,224,378.2691,0.976383,92,39,0.449,1.480,0.076372,0.079689,direct+peer,0.0521,20,direct=0.44;peer=0.56;history=0.00 (leg not built),0.9986,
GE,2026-08-07,2027-06-17,314,381.7997,0.966854,76,38,0.471,1.467,0.105919,0.113808,direct+peer,0.0883,20,direct=0.44;peer=0.56;history=0.00 (leg not built),0.9963,
GE,2026-08-07,2028-01-21,532,389.6554,0.943217,92,46,0.359,1.437,0.166286,0.206947,peer,0.1998,20,peer=1.00;history=0.00 (leg not built),0.9952,
GE,2026-08-10,2027-01-15,158,372.1661,0.983317,116,37,0.443,1.505,0.051506,0.053039,direct+peer,0.0376,20,direct=0.44;peer=0.56;history=0.00 (leg not built),0.9981,
GE,2026-08-10,2027-03-19,221,374.4292,0.976485,92,39,0.454,1.496,0.074915,0.078843,direct+peer,0.0718,20,direct=0.44;peer=0.56;history=0.00 (leg not built),0.9990,
GE,2026-08-10,2027-06-17,311,377.8385,0.966911,76,38,0.476,1.482,0.104791,0.114940,direct+peer,0.1212,20,direct=0.44;peer=0.56;history=0.00 (leg not built),0.9975,
GE,2026-08-10,2028-01-21,529,385.6096,0.942976,92,46,0.363,1.452,0.167535,0.206710,direct+peer,0.2227,20,direct=0.44;peer=0.56;history=0.00 (leg not built),0.9944,
GE,2026-08-11,2027-01-15,157,372.8674,0.983468,116,36,0.443,1.502,0.049320,0.051184,direct+peer,0.0405,20,direct=0.44;peer=0.56;history=0.00 (leg not built),0.9978,
GE,2026-08-11,2027-03-19,220,375.1364,0.976648,92,36,0.466,1.493,0.073141,0.077566,direct+peer,0.0817,20,direct=0.44;peer=0.56;history=0.00 (leg not built),0.9983,
GE,2026-08-11,2027-06-17,310,378.6713,0.967096,76,38,0.475,1.479,0.102823,0.112175,direct+peer,0.1124,20,direct=0.44;peer=0.56;history=0.00 (leg not built),0.9978,
GE,2026-08-11,2028-01-21,528,386.8516,0.943336,92,46,0.362,1.448,0.164820,0.212770,peer,0.2307,20,peer=1.00;history=0.00 (leg not built),0.9970,
GE,2026-08-12,2027-01-15,156,370.7930,0.983578,116,31,0.445,1.456,0.048614,0.049751,direct+peer,0.0359,20,direct=0.44;peer=0.56;history=0.00 (leg not built),0.9967,
GE,2026-08-12,2027-03-19,219,373.0509,0.976754,92,34,0.536,1.501,0.072010,0.073982,direct+peer,0.0503,20,direct=0.44;peer=0.56;history=0.00 (leg not built),0.9959,
GE,2026-08-12,2027-06-17,309,376.5054,0.967203,76,38,0.478,1.487,0.101745,0.109155,direct+peer,0.0946,20,direct=0.44;peer=0.56;history=0.00 (leg not built),0.9957,
GE,2026-08-12,2028-01-21,527,384.1232,0.943447,92,46,0.364,1.458,0.164384,0.201928,direct+peer,0.1983,20,direct=0.44;peer=0.56;history=0.00 (leg not built),0.9966,
GILD,2026-08-06,2027-01-15,162,131.2039,0.982886,84,24,0.629,1.372,0.045404,0.046130,direct+peer,0.0619,20,direct=0.44;peer=0.56;history=0.00 (leg not built),0.9989,
GILD,2026-08-06,2027-02-19,197,132.0683,0.979077,54,20,0.681,1.401,0.057160,0.057853,peer,0.0931,20,peer=1.00;history=0.00 (leg not built),0.9949,
GILD,2026-08-06,2027-03-19,225,131.3916,0.976077,58,24,0.609,1.522,0.066831,0.064959,peer,0.0445,20,peer=1.00;history=0.00 (leg not built),0.9979,
GILD,2026-08-06,2027-06-17,315,132.4835,0.966391,78,28,0.604,1.585,0.086883,0.087414,direct+peer,0.0683,20,direct=0.44;peer=0.56;history=0.00 (leg not built),0.9925,
GILD,2026-08-06,2027-12-17,498,133.5029,0.946290,72,33,0.412,1.723,0.130002,0.133028,direct+peer,0.0433,20,direct=0.44;peer=0.56;history=0.00 (leg not built),0.9919,
GILD,2026-08-06,2028-01-21,533,133.9123,0.942385,64,30,0.485,1.643,0.137065,0.146588,direct+peer,0.1138,20,direct=0.44;peer=0.56;history=0.00 (leg not built),0.9955,
GILD,2026-08-07,2027-01-15,161,134.3134,0.983121,84,24,0.521,1.340,0.043252,0.044465,direct+peer,0.0480,20,direct=0.44;peer=0.56;history=0.00 (leg not built),0.9887,
GILD,2026-08-07,2027-02-19,196,135.1702,0.979343,54,21,0.666,1.443,0.056660,0.055062,direct+peer,0.0703,20,direct=0.44;peer=0.56;history=0.00 (leg not built),0.9968,
GILD,2026-08-07,2027-03-19,224,134.4964,0.976383,58,21,0.632,1.413,0.062981,0.062603,direct+peer,0.0732,20,direct=0.44;peer=0.56;history=0.00 (leg not built),0.9903,
GILD,2026-08-07,2027-06-17,314,135.3706,0.966854,78,30,0.480,1.625,0.084747,0.086190,direct+peer,0.0474,20,direct=0.44;peer=0.56;history=0.00 (leg not built),0.9915,
GILD,2026-08-07,2027-12-17,497,136.3463,0.947065,72,28,0.550,1.540,0.127110,0.130696,direct+peer,0.0836,20,direct=0.44;peer=0.56;history=0.00 (leg not built),0.9950,
GILD,2026-08-07,2028-01-21,532,136.7758,0.943217,64,30,0.439,1.608,0.134677,0.140021,peer,0.0564,20,peer=1.00;history=0.00 (leg not built),0.9974,
GILD,2026-08-10,2027-01-15,158,133.3813,0.983317,84,26,0.525,1.462,0.042528,0.043448,direct+peer,0.0430,20,direct=0.44;peer=0.56;history=0.00 (leg not built),0.9963,
GILD,2026-08-10,2027-02-19,193,133.9365,0.979464,54,24,0.597,1.456,0.054220,0.055022,direct+peer,0.0650,20,direct=0.44;peer=0.56;history=0.00 (leg not built),0.9941,
GILD,2026-08-10,2027-03-19,221,134.0271,0.976485,58,27,0.560,1.567,0.061790,0.062288,peer,0.0403,20,peer=1.00;history=0.00 (leg not built),0.9985,
GILD,2026-08-10,2027-06-17,311,134.9138,0.966911,78,35,0.482,1.705,0.083912,0.084776,direct+peer,0.0400,20,direct=0.44;peer=0.56;history=0.00 (leg not built),0.9973,
GILD,2026-08-10,2027-12-17,494,136.1177,0.946894,72,35,0.404,1.690,0.127247,0.131503,direct+peer,0.0486,20,direct=0.44;peer=0.56;history=0.00 (leg not built),0.9976,
GILD,2026-08-10,2028-01-21,529,136.3168,0.942976,64,32,0.440,1.687,0.134719,0.139519,direct+peer,0.0589,20,direct=0.44;peer=0.56;history=0.00 (leg not built),0.9997,
GILD,2026-08-11,2027-01-15,157,137.0845,0.983468,84,16,0.729,1.277,0.044055,0.041939,direct+peer,0.0996,20,direct=0.44;peer=0.56;history=0.00 (leg not built),0.9920,
GILD,2026-08-11,2027-02-19,192,137.2373,0.979620,54,15,0.765,1.275,0.056751,0.052300,direct+peer,0.1589,20,direct=0.44;peer=0.56;history=0.00 (leg not built),0.9942,
GILD,2026-08-11,2027-03-19,220,137.0905,0.976648,58,15,0.766,1.277,0.062640,0.058318,direct+peer,0.1587,20,direct=0.44;peer=0.56;history=0.00 (leg not built),0.9938,
GILD,2026-08-11,2027-06-17,310,137.9320,0.967096,78,25,0.616,1.414,0.079305,0.079029,direct+peer,0.0910,20,direct=0.44;peer=0.56;history=0.00 (leg not built),0.9852,
GILD,2026-08-11,2027-12-17,493,138.8563,0.947215,72,25,0.612,1.404,0.118910,0.125089,direct+peer,0.1504,20,direct=0.44;peer=0.56;history=0.00 (leg not built),0.9898,
GILD,2026-08-11,2028-01-21,528,139.1519,0.943336,64,23,0.647,1.437,0.127882,0.130947,peer,0.1404,20,peer=1.00;history=0.00 (leg not built),0.9909,
GILD,2026-08-12,2027-01-15,156,136.6182,0.983578,84,23,0.512,1.354,0.040450,0.041160,direct+peer,0.0374,20,direct=0.44;peer=0.56;history=0.00 (leg not built),0.9988,
GILD,2026-08-12,2027-02-19,191,136.8458,0.979726,54,18,0.658,1.388,0.053240,0.051843,direct+peer,0.0633,20,direct=0.44;peer=0.56;history=0.00 (leg not built),0.9992,
GILD,2026-08-12,2027-03-19,219,137.0391,0.976754,58,18,0.657,1.350,0.059514,0.059039,direct+peer,0.0805,20,direct=0.44;peer=0.56;history=0.00 (leg not built),0.9936,
GILD,2026-08-12,2027-06-17,309,137.5762,0.967203,78,24,0.509,1.417,0.077852,0.081364,direct+peer,0.0657,20,direct=0.44;peer=0.56;history=0.00 (leg not built),0.9949,
GILD,2026-08-12,2027-12-17,492,139.3051,0.947326,72,27,0.467,1.579,0.119886,0.124027,direct+peer,0.0639,20,direct=0.44;peer=0.56;history=0.00 (leg not built),0.9967,
GILD,2026-08-12,2028-01-21,527,139.5142,0.943447,64,27,0.573,1.577,0.131700,0.134518,peer,0.0890,20,peer=1.00;history=0.00 (leg not built),0.9935,
GIS,2026-08-06,2027-01-15,162,35.9360,0.982886,66,19,0.487,2.783,0.060417,0.057295,peer,0.0074,20,peer=1.00;history=0.00 (leg not built),0.9914,
GIS,2026-08-06,2027-03-19,225,36.0040,0.976077,36,15,0.486,1.666,0.073403,0.075720,direct+peer,0.0500,20,direct=0.44;peer=0.56;history=0.00 (leg not built),0.9928,
GIS,2026-08-06,2027-06-17,315,35.9416,0.966391,28,12,0.626,1.391,0.098477,0.103800,peer,0.1675,20,peer=1.00;history=0.00 (leg not built),0.9891,
GIS,2026-08-06,2028-01-21,533,36.6334,0.942385,42,20,0.478,2.047,0.164221,0.171264,direct+peer,0.0705,20,direct=0.44;peer=0.56;history=0.00 (leg not built),0.9750,
GIS,2026-08-07,2027-01-15,161,36.6439,0.983121,66,18,0.478,3.002,0.061406,0.056791,peer,0.0028,20,peer=1.00;history=0.00 (leg not built),0.9907,
GIS,2026-08-07,2027-03-19,224,36.6465,0.976383,36,14,0.478,1.637,0.073260,0.073211,direct+peer,0.0492,20,direct=0.44;peer=0.56;history=0.00 (leg not built),0.9963,
GIS,2026-08-07,2027-06-17,314,36.7501,0.966854,28,13,0.544,1.361,0.090126,0.100801,peer,0.1378,20,peer=1.00;history=0.00 (leg not built),0.9967,
GIS,2026-08-07,2028-01-21,532,37.1996,0.943217,42,20,0.538,2.016,0.164721,0.166293,direct+peer,0.0597,20,direct=0.44;peer=0.56;history=0.00 (leg not built),0.9846,
GIS,2026-08-10,2027-01-15,158,37.0932,0.983317,66,29,0.472,2.966,0.056358,0.054414,peer,0.0048,20,peer=1.00;history=0.00 (leg not built),0.9936,
GIS,2026-08-10,2027-03-19,221,37.1842,0.976485,36,17,0.471,1.748,0.070177,0.072568,peer,0.0438,20,peer=1.00;history=0.00 (leg not built),0.9996,
GIS,2026-08-10,2027-06-17,311,37.3966,0.966911,28,11,0.468,1.337,0.084305,0.099140,direct+peer,0.2090,20,direct=0.44;peer=0.56;history=0.00 (leg not built),0.9922,
GIS,2026-08-10,2028-01-21,529,37.6237,0.942976,42,21,0.465,1.993,0.161772,0.167081,direct+peer,0.0647,20,direct=0.44;peer=0.56;history=0.00 (leg not built),0.9772,
GIS,2026-08-11,2027-01-15,157,37.7796,0.983468,66,14,0.463,1.456,0.051738,0.052791,direct+peer,0.0471,20,direct=0.44;peer=0.56;history=0.00 (leg not built),0.9937,
GIS,2026-08-11,2027-03-19,220,37.9010,0.976648,36,14,0.462,1.583,0.071101,0.075657,direct+peer,0.1002,20,direct=0.44;peer=0.56;history=0.00 (leg not built),0.9903,
GIS,2026-08-11,2027-06-17,310,37.7585,0.967096,28,11,0.662,1.324,0.088347,0.098099,direct,0.1900,20,direct=1.00;history=0.00 (leg not built),0.9927,
GIS,2026-08-11,2028-01-21,528,38.7544,0.943336,42,19,0.516,1.935,0.160617,0.163495,direct+peer,0.0718,20,direct=0.44;peer=0.56;history=0.00 (leg not built),0.9845,
GIS,2026-08-12,2027-01-15,156,38.0677,0.983578,66,16,0.460,2.890,0.056872,0.054998,direct+peer,0.0365,20,direct=0.44;peer=0.56;history=0.00 (leg not built),0.9929,
GIS,2026-08-12,2027-03-19,219,38.1057,0.976754,36,14,0.459,1.575,0.070067,0.070241,direct+peer,0.0345,20,direct=0.44;peer=0.56;history=0.00 (leg not built),0.9930,
GIS,2026-08-12,2027-06-17,309,38.1634,0.967203,28,13,0.524,1.310,0.080439,0.096161,direct+peer,0.2206,20,direct=0.44;peer=0.56;history=0.00 (leg not built),0.9982,
GIS,2026-08-12,2028-01-21,527,39.1520,0.943447,42,19,0.447,1.916,0.160032,0.166494,peer,0.0710,20,peer=1.00;history=0.00 (leg not built),0.9862,
GM,2026-08-06,2027-01-15,162,88.1206,0.982886,74,30,0.284,1.475,0.058565,0.060802,direct+peer,0.0551,20,direct=0.44;peer=0.56;history=0.00 (leg not built),0.9965,
GM,2026-08-06,2027-03-19,225,88.8524,0.976077,58,25,0.535,1.463,0.083910,0.088602,direct+peer,0.0768,20,direct=0.44;peer=0.56;history=0.00 (leg not built),0.9866,
GM,2026-08-06,2027-06-17,315,89.5861,0.966391,58,26,0.502,1.451,0.112314,0.141830,direct+peer,0.3481,20,direct=0.44;peer=0.56;history=0.00 (leg not built),0.9886,
GM,2026-08-06,2028-01-21,533,91.2893,0.942385,68,32,0.411,1.424,0.177445,0.225842,direct+peer,0.2327,20,direct=0.44;peer=0.56;history=0.00 (leg not built),0.9949,
GM,2026-08-07,2027-01-15,161,88.8783,0.983121,74,27,0.281,1.463,0.057398,0.059625,direct+peer,0.0710,20,direct=0.44;peer=0.56;history=0.00 (leg not built),0.9955,
GM,2026-08-07,2027-03-19,224,89.0014,0.976383,58,25,0.534,1.461,0.083212,0.088744,direct+peer,0.1429,20,direct=0.44;peer=0.56;history=0.00 (leg not built),0.9955,
GM,2026-08-07,2027-06-17,314,90.1086,0.966854,58,24,0.555,1.443,0.117892,0.124031,peer,0.1230,20,peer=1.00;history=0.00 (leg not built),0.9743,
GM,2026-08-07,2028-01-21,532,91.5034,0.943217,68,30,0.437,1.421,0.176845,0.221587,direct+peer,0.2358,20,direct=0.44;peer=0.56;history=0.00 (leg not built),0.9894,
GM,2026-08-10,2027-01-15,158,89.2424,0.983317,74,31,0.280,1.457,0.057225,0.061141,direct+peer,0.0734,20,direct=0.44;peer=0.56;history=0.00 (leg not built),0.9944,
GM,2026-08-10,2027-03-19,221,90.0102,0.976485,58,27,0.444,1.444,0.078779,0.085436,direct+peer,0.0961,20,direct=0.44;peer=0.56;history=0.00 (leg not built),0.9980,
GM,2026-08-10,2027-06-17,311,90.6102,0.966911,58,26,0.497,1.435,0.109553,0.121242,peer,0.1183,20,peer=1.00;history=0.00 (leg not built),0.9911,
GM,2026-08-10,2028-01-21,529,92.4576,0.942976,68,34,0.324,1.406,0.173072,0.223122,direct+peer,0.2380,20,direct=0.44;peer=0.56;history=0.00 (leg not built),0.9889,
GM,2026-08-11,2027-01-15,157,90.4423,0.983468,74,29,0.276,1.437,0.055962,0.059292,direct+peer,0.0595,20,direct=0.44;peer=0.56;history=0.00 (leg not built),0.9975,
GM,2026-08-11,2027-03-19,220,90.7116,0.976648,58,24,0.551,1.433,0.080197,0.084820,direct+peer,0.1062,20,direct=0.44;peer=0.56;history=0.00 (leg not built),0.9970,
GM,2026-08-11,2027-06-17,310,91.5125,0.967096,58,26,0.492,1.421,0.109044,0.123753,peer,0.1359,20,peer=1.00;history=0.00 (leg not built),0.9919,
GM,2026-08-11,2028-01-21,528,93.4011,0.943336,68,30,0.428,1.392,0.172933,,refused,,20,,0.9950,no leg survived: no arbitrage-free fit inside the 0.35 synthetic-share ceiling
GM,2026-08-12,2027-01-15,156,88.1253,0.983578,74,27,0.284,1.475,0.055529,0.058913,direct+peer,0.0895,20,direct=0.44;peer=0.56;history=0.00 (leg not built),0.9966,
GM,2026-08-12,2027-03-19,219,88.6415,0.976754,58,23,0.620,1.467,0.084829,0.087677,direct+peer,0.1087,20,direct=0.44;peer=0.56;history=0.00 (leg not built),0.9919,
GM,2026-08-12,2027-06-17,309,89.5606,0.967203,58,25,0.502,1.452,0.111536,0.118686,peer,0.1106,20,peer=1.00;history=0.00 (leg not built),0.9939,
GM,2026-08-12,2028-01-21,527,91.2864,0.943447,68,32,0.383,1.424,0.171950,0.215806,direct+peer,0.2237,20,direct=0.44;peer=0.56;history=0.00 (leg not built),0.9917,
GOOGL,2026-08-06,2027-01-15,162,364.1537,0.982886,276,93,0.014,2.197,0.059151,0.058732,direct+peer,0.0071,20,direct=0.44;peer=0.56;history=0.00 (leg not built),0.9966,
GOOGL,2026-08-06,2027-02-19,197,365.5223,0.979077,184,72,0.520,1.915,0.076656,0.076577,direct+peer,0.0194,20,direct=0.44;peer=0.56;history=0.00 (leg not built),0.9970,
GOOGL,2026-08-06,2027-03-19,225,366.7440,0.976077,214,86,0.518,2.181,0.088365,0.087829,direct+peer,0.0200,20,direct=0.44;peer=0.56;history=0.00 (leg not built),0.9976,
GOOGL,2026-08-06,2027-06-17,315,370.5386,0.966391,276,106,0.418,2.159,0.127422,0.128755,direct+peer,0.0298,20,direct=0.44;peer=0.56;history=0.00 (leg not built),0.9963,
GOOGL,2026-08-06,2027-09-17,407,374.4819,0.956369,280,110,0.387,2.136,0.166754,0.171683,direct+peer,0.0450,20,direct=0.44;peer=0.56;history=0.00 (leg not built),0.9945,
GOOGL,2026-08-06,2027-12-17,498,377.7112,0.946290,276,115,0.265,2.118,0.205983,0.216630,direct+peer,0.0522,20,direct=0.44;peer=0.56;history=0.00 (leg not built),0.9912,
GOOGL,2026-08-06,2028-01-21,533,379.2548,0.942385,262,114,0.105,2.109,0.218331,0.231984,direct+peer,0.0612,20,direct=0.44;peer=0.56;history=0.00 (leg not built),0.9938,
GOOGL,2026-08-07,2027-01-15,161,360.9108,0.983121,276,97,0.014,1.829,0.055214,0.055478,direct+peer,0.0100,20,direct=0.44;peer=0.56;history=0.00 (leg not built),0.9963,
GOOGL,2026-08-07,2027-02-19,196,362.4715,0.979343,184,77,0.483,1.959,0.072771,0.073374,direct+peer,0.0298,20,direct=0.44;peer=0.56;history=0.00 (leg not built),0.9972,
GOOGL,2026-08-07,2027-03-19,224,363.3939,0.976383,214,97,0.385,2.201,0.083824,0.083740,direct+peer,0.0131,20,direct=0.44;peer=0.56;history=0.00 (leg not built),0.9971,
GOOGL,2026-08-07,2027-06-17,314,367.2284,0.966854,276,108,0.422,2.178,0.122130,0.125868,direct+peer,0.0698,20,direct=0.44;peer=0.56;history=0.00 (leg not built),0.9974,
GOOGL,2026-08-07,2027-09-17,406,371.0639,0.957002,280,113,0.377,2.156,0.160341,0.164602,direct+peer,0.0353,20,direct=0.44;peer=0.56;history=0.00 (leg not built),0.9954,
GOOGL,2026-08-07,2027-12-17,497,374.5009,0.947065,276,113,0.334,2.136,0.200370,0.213087,direct+peer,0.0824,20,direct=0.44;peer=0.56;history=0.00 (leg not built),0.9921,
GOOGL,2026-08-07,2028-01-21,532,375.6771,0.943217,262,115,0.106,2.129,0.213166,0.224211,direct+peer,0.0552,20,direct=0.44;peer=0.56;history=0.00 (leg not built),0.9934,
GOOGL,2026-08-10,2027-01-15,158,363.5208,0.983317,276,97,0.014,2.063,0.054157,0.054156,direct+peer,0.0149,20,direct=0.44;peer=0.56;history=0.00 (leg not built),0.9972,
GOOGL,2026-08-10,2027-02-19,193,365.1415,0.979464,184,76,0.479,1.944,0.070860,0.071276,direct+peer,0.0194,20,direct=0.44;peer=0.56;history=0.00 (leg not built),0.9973,
GOOGL,2026-08-10,2027-03-19,221,366.2522,0.976485,214,89,0.410,2.184,0.081882,0.082451,direct+peer,0.0154,20,direct=0.44;peer=0.56;history=0.00 (leg not built),0.9983,
GOOGL,2026-08-10,2027-06-17,311,369.6263,0.966911,276,107,0.419,2.164,0.118335,0.119251,direct+peer,0.0267,20,direct=0.44;peer=0.56;history=0.00 (leg not built),0.9950,
GOOGL,2026-08-10,2027-09-17,403,373.5893,0.956992,280,110,0.415,2.141,0.157499,0.161451,direct+peer,0.0390,20,direct=0.44;peer=0.56;history=0.00 (leg not built),0.9946,
GOOGL,2026-08-10,2027-12-17,494,377.3258,0.946894,276,115,0.265,2.120,0.195646,0.211249,direct+peer,0.1089,20,direct=0.44;peer=0.56;history=0.00 (leg not built),0.9950,
GOOGL,2026-08-10,2028-01-21,529,378.1779,0.942976,262,114,0.106,2.115,0.209081,0.219313,direct+peer,0.0579,20,direct=0.44;peer=0.56;history=0.00 (leg not built),0.9921,
GOOGL,2026-08-11,2027-01-15,157,349.4605,0.983468,276,92,0.014,1.860,0.052670,0.052865,direct+peer,0.0156,20,direct=0.44;peer=0.56;history=0.00 (leg not built),0.9985,
GOOGL,2026-08-11,2027-02-19,192,351.2278,0.979620,184,72,0.512,1.908,0.069560,0.069281,peer,0.0138,20,peer=1.00;history=0.00 (leg not built),0.9977,
GOOGL,2026-08-11,2027-03-19,220,352.1360,0.976648,214,84,0.511,2.101,0.080180,0.079943,direct+peer,0.0225,20,direct=0.44;peer=0.56;history=0.00 (leg not built),0.9973,
GOOGL,2026-08-11,2027-06-17,310,355.8100,0.967096,276,105,0.478,2.248,0.118238,0.118295,direct+peer,0.0243,20,direct=0.44;peer=0.56;history=0.00 (leg not built),0.9957,
GOOGL,2026-08-11,2027-09-17,402,359.4325,0.957224,280,109,0.445,2.226,0.157549,0.160676,direct+peer,0.0372,20,direct=0.44;peer=0.56;history=0.00 (leg not built),0.9950,
GOOGL,2026-08-11,2027-12-17,493,362.8166,0.947215,276,112,0.345,2.205,0.195904,0.212581,direct+peer,0.1308,20,direct=0.44;peer=0.56;history=0.00 (leg not built),0.9939,
GOOGL,2026-08-11,2028-01-21,528,364.2507,0.943336,262,111,0.110,2.196,0.209093,0.220022,direct+peer,0.0538,20,direct=0.44;peer=0.56;history=0.00 (leg not built),0.9925,
GOOGL,2026-08-12,2027-01-15,156,349.5114,0.983578,276,98,0.014,2.289,0.051975,0.051305,direct+peer,0.0072,20,direct=0.44;peer=0.56;history=0.00 (leg not built),0.9986,
GOOGL,2026-08-12,2027-02-19,191,351.0434,0.979726,184,72,0.413,1.880,0.068033,0.068549,direct+peer,0.0313,20,direct=0.44;peer=0.56;history=0.00 (leg not built),0.9989,
GOOGL,2026-08-12,2027-03-19,219,352.0391,0.976754,214,83,0.497,2.272,0.079373,0.079076,direct+peer,0.0140,20,direct=0.44;peer=0.56;history=0.00 (leg not built),0.9967,
GOOGL,2026-08-12,2027-06-17,309,355.5687,0.967203,276,107,0.450,2.250,0.116624,0.117021,direct+peer,0.0222,20,direct=0.44;peer=0.56;history=0.00 (leg not built),0.9960,
GOOGL,2026-08-12,2027-09-17,401,358.6943,0.957333,280,113,0.390,2.230,0.156401,0.159415,direct+peer,0.0310,20,direct=0.44;peer=0.56;history=0.00 (leg not built),0.9945,
GOOGL,2026-08-12,2027-12-17,492,362.4953,0.947326,276,114,0.193,2.207,0.195339,0.203868,direct+peer,0.0507,20,direct=0.44;peer=0.56;history=0.00 (leg not built),0.9896,
GOOGL,2026-08-12,2028-01-21,527,363.8317,0.943447,262,112,0.110,2.199,0.208382,0.218189,direct+peer,0.0539,20,direct=0.44;peer=0.56;history=0.00 (leg not built),0.9897,
GPC,2026-08-06,2027-01-15,162,133.1347,0.982886,62,14,0.676,1.202,0.047807,0.049772,direct+peer,0.1672,20,direct=0.44;peer=0.56;history=0.00 (leg not built),0.9902,
GPC,2026-08-06,2027-02-19,197,133.2296,0.979077,58,12,0.826,1.238,0.074085,0.066579,direct+peer,0.3248,20,direct=0.44;peer=0.56;history=0.00 (leg not built),0.9980,
GPC,2026-08-06,2027-03-19,225,132.9681,0.976077,60,13,0.790,1.241,0.077633,0.072974,direct+peer,0.2602,20,direct=0.44;peer=0.56;history=0.00 (leg not built),0.9993,
GPC,2026-08-06,2027-06-17,315,133.7410,0.966391,60,18,0.636,1.308,0.093257,0.099858,direct+peer,0.1847,20,direct=0.44;peer=0.56;history=0.00 (leg not built),0.9980,
GPC,2026-08-07,2027-01-15,161,135.2204,0.983121,62,14,0.740,1.294,0.054636,0.050089,peer,0.1052,20,peer=1.00;history=0.00 (leg not built),0.9986,
GPC,2026-08-07,2027-02-19,196,135.6977,0.979343,58,17,0.626,1.290,0.061088,0.060977,peer,0.1047,20,peer=1.00;history=0.00 (leg not built),0.9951,
GPC,2026-08-07,2027-03-19,224,135.7340,0.976383,60,15,0.700,1.252,0.068564,0.069281,direct+peer,0.1638,20,direct=0.44;peer=0.56;history=0.00 (leg not built),0.9990,
GPC,2026-08-07,2027-06-17,314,136.2756,0.966854,60,19,0.624,1.321,0.090599,0.095615,direct+peer,0.1681,20,direct=0.44;peer=0.56;history=0.00 (leg not built),0.9967,
GPC,2026-08-10,2027-01-15,158,134.0339,0.983317,62,15,0.671,1.306,0.048301,0.047411,peer,0.0886,20,peer=1.00;history=0.00 (leg not built),0.9978,
GPC,2026-08-10,2027-02-19,193,134.7788,0.979464,58,14,0.631,1.224,0.057398,0.059202,peer,0.1438,20,peer=1.00;history=0.00 (leg not built),0.9969,
GPC,2026-08-10,2027-03-19,221,134.5904,0.976485,60,15,0.706,1.226,0.064809,0.070582,direct+peer,0.2741,20,direct=0.44;peer=0.56;history=0.00 (leg not built),0.9990,
GPC,2026-08-10,2027-06-17,311,134.9828,0.966911,60,20,0.630,1.334,0.089996,0.094168,direct+peer,0.1590,20,direct=0.44;peer=0.56;history=0.00 (leg not built),0.9960,
GPC,2026-08-11,2027-01-15,157,135.4576,0.983468,62,12,0.738,1.218,0.049694,0.046529,direct+peer,0.1589,20,direct=0.44;peer=0.56;history=0.00 (leg not built),0.9926,
GPC,2026-08-11,2027-02-19,192,136.1399,0.979620,60,13,0.808,1.249,0.070650,0.060733,direct+peer,0.2352,20,direct=0.44;peer=0.56;history=0.00 (leg not built),0.9974,
GPC,2026-08-11,2027-03-19,220,135.5973,0.976648,62,16,0.701,1.291,0.072206,0.072066,direct+peer,0.1998,20,direct=0.44;peer=0.56;history=0.00 (leg not built),0.9994,
GPC,2026-08-11,2027-06-17,310,136.6717,0.967096,62,19,0.622,1.317,0.088474,0.094660,direct+peer,0.1610,20,direct=0.44;peer=0.56;history=0.00 (leg not built),0.9975,
GPC,2026-08-12,2027-01-15,156,133.9494,0.983578,62,14,0.672,1.194,0.043292,0.045460,direct+peer,0.1785,20,direct=0.44;peer=0.56;history=0.00 (leg not built),0.9929,
GPC,2026-08-12,2027-02-19,191,134.2005,0.979726,60,12,0.745,1.192,0.060883,0.062257,direct+peer,0.3041,20,direct=0.44;peer=0.56;history=0.00 (leg not built),0.9962,
GPC,2026-08-12,2027-03-19,219,134.1298,0.976754,62,16,0.634,1.379,0.070166,0.069296,direct+peer,0.0970,20,direct=0.44;peer=0.56;history=0.00 (leg not built),0.9986,
GPC,2026-08-12,2027-06-17,309,134.3624,0.967203,62,19,0.633,1.302,0.086334,0.091632,direct+peer,0.1528,20,direct=0.44;peer=0.56;history=0.00 (leg not built),0.9959,
GPN,2026-08-06,2027-01-15,162,88.2365,0.982886,66,24,0.567,1.643,0.094088,0.094444,direct+peer,0.0517,20,direct=0.44;peer=0.56;history=0.00 (leg not built),0.9956,
GPN,2026-08-06,2027-02-19,197,88.3828,0.979077,52,22,0.566,1.471,0.115527,0.122387,peer,0.1159,20,peer=1.00;history=0.00 (leg not built),0.9897,
GPN,2026-08-06,2027-03-19,225,88.3437,0.976077,48,22,0.509,1.472,0.122483,0.136788,direct+peer,0.1412,20,direct=0.44;peer=0.56;history=0.00 (leg not built),0.9991,
GPN,2026-08-06,2027-06-17,315,89.5344,0.966391,46,21,0.391,1.452,0.161853,0.198331,direct+peer,0.2158,20,direct=0.44;peer=0.56;history=0.00 (leg not built),0.9840,
GPN,2026-08-06,2028-01-21,533,90.8135,0.942385,42,20,0.440,1.432,0.246029,0.341245,peer,0.3208,20,peer=1.00;history=0.00 (leg not built),0.9987,
GPN,2026-08-07,2027-01-15,161,86.8818,0.983121,66,24,0.575,1.669,0.090882,0.094611,direct+peer,0.1133,20,direct=0.44;peer=0.56;history=0.00 (leg not built),0.9943,
GPN,2026-08-07,2027-02-19,196,87.2975,0.979343,52,23,0.544,1.489,0.105699,0.113371,direct+peer,0.1134,20,direct=0.44;peer=0.56;history=0.00 (leg not built),0.9958,
GPN,2026-08-07,2027-03-19,224,87.3898,0.976383,48,22,0.515,1.488,0.116491,0.128130,direct+peer,0.1440,20,direct=0.44;peer=0.56;history=0.00 (leg not built),0.9966,
GPN,2026-08-07,2027-06-17,314,88.1728,0.966854,46,21,0.397,1.474,0.155253,0.187791,peer,0.1782,20,peer=1.00;history=0.00 (leg not built),0.9938,
GPN,2026-08-07,2028-01-21,532,89.4699,0.943217,42,20,0.447,1.453,0.244278,0.327312,direct+peer,0.3004,20,direct=0.44;peer=0.56;history=0.00 (leg not built),0.9883,
GPN,2026-08-10,2027-01-15,158,87.0678,0.983317,66,22,0.632,1.608,0.090602,0.091680,direct+peer,0.0978,20,direct=0.44;peer=0.56;history=0.00 (leg not built),0.9961,
GPN,2026-08-10,2027-02-19,193,87.4333,0.979464,52,21,0.629,1.487,0.106960,0.113682,direct+peer,0.1454,20,direct=0.44;peer=0.56;history=0.00 (leg not built),0.9970,
GPN,2026-08-10,2027-03-19,221,87.3042,0.976485,48,22,0.515,1.489,0.117169,0.135840,direct+peer,0.2241,20,direct=0.44;peer=0.56;history=0.00 (leg not built),0.9969,
GPN,2026-08-10,2027-06-17,311,88.0350,0.966911,46,21,0.511,1.477,0.158441,0.185654,direct+peer,0.2143,20,direct=0.44;peer=0.56;history=0.00 (leg not built),0.9885,
GPN,2026-08-10,2028-01-21,529,89.7879,0.942976,42,20,0.445,1.448,0.242645,0.331778,direct+peer,0.3268,20,direct=0.44;peer=0.56;history=0.00 (leg not built),0.9974,
GPN,2026-08-11,2027-01-15,157,87.2370,0.983468,66,23,0.573,1.605,0.085652,0.087787,direct+peer,0.0804,20,direct=0.44;peer=0.56;history=0.00 (leg not built),0.9981,
GPN,2026-08-11,2027-02-19,192,87.7712,0.979620,52,22,0.570,1.481,0.103529,0.115070,direct+peer,0.1813,20,direct=0.44;peer=0.56;history=0.00 (leg not built),0.9883,
GPN,2026-08-11,2027-03-19,220,87.4062,0.976648,48,21,0.572,1.487,0.115016,0.125367,direct+peer,0.1414,20,direct=0.44;peer=0.56;history=0.00 (leg not built),0.9967,
GPN,2026-08-11,2027-06-17,310,88.4145,0.967096,46,21,0.509,1.470,0.160906,0.182086,peer,0.1717,20,peer=1.00;history=0.00 (leg not built),0.9961,
GPN,2026-08-11,2028-01-21,528,89.8233,0.943336,42,20,0.445,1.447,0.243478,0.331115,direct+peer,0.3090,20,direct=0.44;peer=0.56;history=0.00 (leg not built),0.9980,
GPN,2026-08-12,2027-01-15,156,89.2205,0.983578,66,23,0.560,1.681,0.083593,0.083999,direct+peer,0.0533,20,direct=0.44;peer=0.56;history=0.00 (leg not built),0.9975,
GPN,2026-08-12,2027-02-19,191,89.4556,0.979726,52,18,0.699,1.453,0.108258,0.106350,direct+peer,0.1545,20,direct=0.44;peer=0.56;history=0.00 (leg not built),0.9954,
GPN,2026-08-12,2027-03-19,219,89.4198,0.976754,48,22,0.391,1.454,0.108490,0.119061,direct+peer,0.1005,20,direct=0.44;peer=0.56;history=0.00 (leg not built),0.9991,
GPN,2026-08-12,2027-06-17,309,90.1723,0.967203,46,20,0.388,1.442,0.150624,0.170129,direct+peer,0.1368,20,direct=0.44;peer=0.56;history=0.00 (leg not built),0.9964,
GPN,2026-08-12,2028-01-21,527,91.7842,0.943447,42,20,0.436,1.416,0.229164,0.310508,direct+peer,0.2921,20,direct=0.44;peer=0.56;history=0.00 (leg not built),0.9935,
GRMN,2026-08-06,2027-01-15,162,306.9376,0.982886,70,20,0.749,1.368,0.050508,0.046592,peer,0.0910,20,peer=1.00;history=0.00 (leg not built),0.9984,
GRMN,2026-08-06,2027-02-19,197,307.8449,0.979077,70,24,0.650,1.397,0.062318,0.063358,direct+peer,0.0825,20,direct=0.44;peer=0.56;history=0.00 (leg not built),0.9974,
GRMN,2026-08-06,2027-05-21,288,309.8762,0.969304,60,25,0.629,1.420,0.090796,0.093630,direct+peer,0.1111,20,direct=0.44;peer=0.56;history=0.00 (leg not built),0.9951,
GRMN,2026-08-06,2027-08-20,379,311.7093,0.959448,66,28,0.610,1.444,0.114511,0.122962,direct+peer,0.1342,20,direct=0.44;peer=0.56;history=0.00 (leg not built),0.9968,
GRMN,2026-08-06,2027-11-19,470,313.8551,0.949403,70,31,0.558,1.434,0.137555,0.154654,direct+peer,0.1694,20,direct=0.44;peer=0.56;history=0.00 (leg not built),0.9972,
GRMN,2026-08-07,2027-01-15,161,315.0655,0.983121,70,19,0.730,1.301,0.050261,0.046928,direct+peer,0.1202,20,direct=0.44;peer=0.56;history=0.00 (leg not built),0.9986,
GRMN,2026-08-07,2027-02-19,196,316.0892,0.979343,70,22,0.664,1.329,0.060693,0.061833,direct+peer,0.1186,20,direct=0.44;peer=0.56;history=0.00 (leg not built),0.9980,
GRMN,2026-08-07,2027-05-21,287,318.4738,0.969715,60,24,0.659,1.382,0.090322,0.092461,direct+peer,0.1359,20,direct=0.44;peer=0.56;history=0.00 (leg not built),0.9985,
GRMN,2026-08-07,2027-08-20,378,320.6250,0.960039,66,27,0.608,1.404,0.110305,0.120753,direct+peer,0.1600,20,direct=0.44;peer=0.56;history=0.00 (leg not built),0.9976,
GRMN,2026-08-07,2027-11-19,469,322.7680,0.950133,70,30,0.558,1.394,0.131839,0.153222,direct+peer,0.1979,20,direct=0.44;peer=0.56;history=0.00 (leg not built),0.9976,
GRMN,2026-08-10,2027-01-15,158,316.5525,0.983317,70,20,0.727,1.327,0.046723,0.044346,direct+peer,0.0986,20,direct=0.44;peer=0.56;history=0.00 (leg not built),0.9980,
GRMN,2026-08-10,2027-02-19,193,317.9172,0.979464,70,21,0.692,1.321,0.060376,0.060401,direct+peer,0.1327,20,direct=0.44;peer=0.56;history=0.00 (leg not built),0.9969,
GRMN,2026-08-10,2027-05-21,284,320.3609,0.969783,60,25,0.624,1.373,0.085311,0.089591,direct+peer,0.1106,20,direct=0.44;peer=0.56;history=0.00 (leg not built),0.9973,
GRMN,2026-08-10,2027-08-20,375,322.6248,0.960072,66,27,0.604,1.395,0.108828,0.117989,direct+peer,0.1422,20,direct=0.44;peer=0.56;history=0.00 (leg not built),0.9965,
GRMN,2026-08-10,2027-11-19,466,324.8104,0.950015,70,30,0.554,1.385,0.129651,0.148523,direct+peer,0.1830,20,direct=0.44;peer=0.56;history=0.00 (leg not built),0.9976,
GRMN,2026-08-11,2027-01-15,157,313.2233,0.983468,74,20,0.670,1.341,0.044216,0.043789,peer,0.0675,20,peer=1.00;history=0.00 (leg not built),0.9965,
GRMN,2026-08-11,2027-02-19,192,314.6549,0.979620,74,20,0.667,1.303,0.058723,0.060223,direct+peer,0.1357,20,direct=0.44;peer=0.56;history=0.00 (leg not built),0.9989,
GRMN,2026-08-11,2027-05-21,283,316.2679,0.969962,64,26,0.664,1.454,0.089816,0.092839,direct+peer,0.1403,20,direct=0.44;peer=0.56;history=0.00 (leg not built),0.9984,
GRMN,2026-08-11,2027-08-20,374,318.6150,0.960281,68,28,0.612,1.444,0.110857,0.119692,direct+peer,0.1442,20,direct=0.44;peer=0.56;history=0.00 (leg not built),0.9961,
GRMN,2026-08-11,2027-11-19,465,320.4841,0.950306,72,29,0.593,1.435,0.133753,0.149621,direct+peer,0.1907,20,direct=0.44;peer=0.56;history=0.00 (leg not built),0.9966,
GRMN,2026-08-12,2027-01-15,156,313.4466,0.983578,74,18,0.766,1.308,0.048383,0.043647,direct+peer,0.1234,20,direct=0.44;peer=0.56;history=0.00 (leg not built),0.9975,
GRMN,2026-08-12,2027-02-19,191,314.9299,0.979726,74,21,0.699,1.334,0.059486,0.057806,direct+peer,0.0979,20,direct=0.44;peer=0.56;history=0.00 (leg not built),0.9982,
GRMN,2026-08-12,2027-05-21,282,316.7940,0.970068,64,27,0.631,1.452,0.086735,0.088068,direct+peer,0.0916,20,direct=0.44;peer=0.56;history=0.00 (leg not built),0.9982,
GRMN,2026-08-12,2027-08-20,373,319.2191,0.960390,68,27,0.627,1.441,0.110829,0.115576,direct+peer,0.1171,20,direct=0.44;peer=0.56;history=0.00 (leg not built),0.9965,
GRMN,2026-08-12,2027-11-19,464,321.2100,0.950417,72,30,0.576,1.432,0.131272,0.143805,direct+peer,0.1552,20,direct=0.44;peer=0.56;history=0.00 (leg not built),0.9976,
GS,2026-08-06,2027-01-15,162,1041.4042,0.982886,386,160,0.538,1.594,0.059926,0.061379,direct+peer,0.0398,20,direct=0.44;peer=0.56;history=0.00 (leg not built),0.9983,
GS,2026-08-06,2027-03-19,225,1044.8861,0.976077,366,168,0.474,1.589,0.082886,0.086622,direct+peer,0.0632,20,direct=0.44;peer=0.56;history=0.00 (leg not built),0.9974,
GS,2026-08-06,2027-06-17,315,1052.2034,0.966391,418,185,0.380,1.578,0.113539,0.124240,direct+peer,0.1159,20,direct=0.44;peer=0.56;history=0.00 (leg not built),0.9967,
GS,2026-08-06,2028-01-21,533,1066.1608,0.942385,430,215,0.366,1.557,0.183715,0.228739,direct+peer,0.2835,20,direct=0.44;peer=0.56;history=0.00 (leg not built),0.9966,
GS,2026-08-06,2028-03-17,589,1068.8074,0.936104,416,208,0.384,1.553,0.199840,0.234121,peer,0.1645,20,peer=1.00;history=0.00 (leg not built),0.9960,
GS,2026-08-07,2027-01-15,161,1048.0560,0.983121,386,160,0.534,1.584,0.058545,0.060029,direct+peer,0.0438,20,direct=0.44;peer=0.56;history=0.00 (leg not built),0.9983,
GS,2026-08-07,2027-03-19,224,1051.8877,0.976383,366,163,0.504,1.578,0.081592,0.085966,direct+peer,0.0667,20,direct=0.44;peer=0.56;history=0.00 (leg not built),0.9986,
GS,2026-08-07,2027-06-17,314,1058.0108,0.966854,418,186,0.378,1.569,0.112847,0.124981,direct+peer,0.1379,20,direct=0.44;peer=0.56;history=0.00 (leg not built),0.9973,
GS,2026-08-07,2028-01-21,532,1072.3279,0.943217,430,215,0.364,1.548,0.181986,0.225188,direct+peer,0.2619,20,direct=0.44;peer=0.56;history=0.00 (leg not built),0.9962,
GS,2026-08-07,2028-03-17,588,1075.4742,0.937030,416,208,0.381,1.544,0.198398,0.252159,direct+peer,0.2994,20,direct=0.44;peer=0.56;history=0.00 (leg not built),0.9965,
GS,2026-08-10,2027-01-15,158,1041.0555,0.983317,386,160,0.471,1.595,0.054843,0.056846,direct+peer,0.0411,20,direct=0.44;peer=0.56;history=0.00 (leg not built),0.9978,
GS,2026-08-10,2027-03-19,221,1044.7431,0.976485,366,172,0.464,1.589,0.077605,0.081934,direct+peer,0.0773,20,direct=0.44;peer=0.56;history=0.00 (leg not built),0.9975,
GS,2026-08-10,2027-06-17,311,1051.1403,0.966911,418,189,0.381,1.579,0.107895,0.116858,direct+peer,0.1143,20,direct=0.44;peer=0.56;history=0.00 (leg not built),0.9964,
GS,2026-08-10,2028-01-21,529,1065.7304,0.942976,430,215,0.366,1.558,0.178507,0.226339,direct+peer,0.3060,20,direct=0.44;peer=0.56;history=0.00 (leg not built),0.9969,
GS,2026-08-10,2028-03-17,585,1069.0410,0.936669,416,208,0.384,1.553,0.195954,0.255045,direct+peer,0.3323,20,direct=0.44;peer=0.56;history=0.00 (leg not built),0.9957,
GS,2026-08-11,2027-01-15,157,1040.4795,0.983468,386,159,0.557,1.595,0.053931,0.055698,direct+peer,0.0807,20,direct=0.44;peer=0.56;history=0.00 (leg not built),0.9975,
GS,2026-08-11,2027-03-19,220,1044.0847,0.976648,366,172,0.465,1.590,0.075592,0.080102,direct+peer,0.0950,20,direct=0.44;peer=0.56;history=0.00 (leg not built),0.9973,
GS,2026-08-11,2027-06-17,310,1050.1382,0.967096,418,185,0.381,1.581,0.105725,0.114916,direct+peer,0.1225,20,direct=0.44;peer=0.56;history=0.00 (leg not built),0.9964,
GS,2026-08-11,2028-01-21,528,1065.3756,0.943336,430,215,0.366,1.558,0.176361,0.201615,peer,0.1428,20,peer=1.00;history=0.00 (leg not built),0.9969,
GS,2026-08-11,2028-03-17,584,1068.6882,0.937098,416,208,0.384,1.553,0.192609,0.223055,peer,0.1559,20,peer=1.00;history=0.00 (leg not built),0.9962,
GS,2026-08-12,2027-01-15,156,1042.6031,0.983578,386,159,0.556,1.592,0.051076,0.052347,direct+peer,0.0590,20,direct=0.44;peer=0.56;history=0.00 (leg not built),0.9974,
GS,2026-08-12,2027-03-19,219,1046.3609,0.976754,366,161,0.487,1.586,0.072875,0.076688,direct+peer,0.0821,20,direct=0.44;peer=0.56;history=0.00 (leg not built),0.9966,
GS,2026-08-12,2027-06-17,309,1052.2940,0.967203,418,181,0.428,1.578,0.102757,0.109802,direct+peer,0.1098,20,direct=0.44;peer=0.56;history=0.00 (leg not built),0.9965,
GS,2026-08-12,2028-01-21,527,1067.4680,0.943447,430,215,0.365,1.555,0.171746,0.211044,direct+peer,0.2622,20,direct=0.44;peer=0.56;history=0.00 (leg not built),0.9952,
GS,2026-08-12,2028-03-17,583,1070.9318,0.937210,416,208,0.383,1.550,0.188535,0.233554,direct+peer,0.2614,20,direct=0.44;peer=0.56;history=0.00 (leg not built),0.9961,
GWW,2026-08-06,2027-01-15,162,1298.8916,0.982886,170,52,0.724,1.293,0.037306,0.035363,direct+peer,0.0838,20,direct=0.44;peer=0.56;history=0.00 (leg not built),0.9980,
GWW,2026-08-06,2027-03-19,225,1306.5113,0.976077,260,48,0.628,1.347,0.050513,0.051072,peer,0.0754,20,peer=1.00;history=0.00 (leg not built),0.9975,
GWW,2026-08-06,2027-05-21,288,1314.3192,0.969304,190,72,0.609,1.385,0.061577,0.062208,direct+peer,0.0782,20,direct=0.44;peer=0.56;history=0.00 (leg not built),0.9965,
GWW,2026-08-06,2027-06-17,315,1316.4358,0.966391,270,54,0.593,1.398,0.067427,0.070246,peer,0.0978,20,peer=1.00;history=0.00 (leg not built),0.9962,
GWW,2026-08-06,2027-07-16,344,1320.7050,0.963257,210,65,0.575,1.423,0.072619,0.072871,direct+peer,0.0721,20,direct=0.44;peer=0.56;history=0.00 (leg not built),0.9962,
GWW,2026-08-06,2027-08-20,379,1324.9386,0.959448,200,70,0.543,1.464,0.082359,0.083342,peer,0.0549,20,peer=1.00;history=0.00 (leg not built),0.9970,
GWW,2026-08-06,2027-10-15,435,1330.7771,0.953280,190,77,0.511,1.548,0.094630,0.095909,peer,0.0458,20,peer=1.00;history=0.00 (leg not built),0.9953,
GWW,2026-08-06,2027-12-17,498,1337.9630,0.946290,190,81,0.493,1.570,0.109280,0.112722,peer,0.0569,20,peer=1.00;history=0.00 (leg not built),0.9963,
GWW,2026-08-07,2027-01-15,161,1294.7031,0.983121,332,50,0.726,1.267,0.034974,0.032966,direct+peer,0.0756,20,direct=0.44;peer=0.56;history=0.00 (leg not built),0.9975,
GWW,2026-08-07,2027-03-19,224,1301.9858,0.976383,296,44,0.661,1.321,0.049122,0.047992,direct+peer,0.0786,20,direct=0.44;peer=0.56;history=0.00 (leg not built),0.9973,
GWW,2026-08-07,2027-05-21,287,1308.9217,0.969715,240,72,0.611,1.390,0.059827,0.060181,peer,0.0583,20,peer=1.00;history=0.00 (leg not built),0.9970,
GWW,2026-08-07,2027-06-17,314,1312.0475,0.966854,292,53,0.594,1.387,0.066281,0.066010,direct+peer,0.0729,20,direct=0.44;peer=0.56;history=0.00 (leg not built),0.9954,
GWW,2026-08-07,2027-07-16,343,1315.7505,0.963780,316,63,0.593,1.414,0.071766,0.070608,direct+peer,0.0533,20,direct=0.44;peer=0.56;history=0.00 (leg not built),0.9960,
GWW,2026-08-07,2027-08-20,378,1319.5359,0.960039,320,69,0.546,1.455,0.081087,0.081488,peer,0.0490,20,peer=1.00;history=0.00 (leg not built),0.9961,
GWW,2026-08-07,2027-10-15,434,1326.3222,0.953955,324,74,0.528,1.508,0.093205,0.093295,direct+peer,0.0499,20,direct=0.44;peer=0.56;history=0.00 (leg not built),0.9961,
GWW,2026-08-07,2027-12-17,497,1333.2984,0.947065,324,81,0.495,1.575,0.107667,0.110745,direct+peer,0.0795,20,direct=0.44;peer=0.56;history=0.00 (leg not built),0.9945,
GWW,2026-08-10,2027-01-15,158,1316.4866,0.983317,332,50,0.729,1.261,0.034125,0.032883,peer,0.0940,20,peer=1.00;history=0.00 (leg not built),0.9987,
GWW,2026-08-10,2027-03-19,221,1323.3283,0.976485,296,45,0.650,1.315,0.047761,0.047994,peer,0.0831,20,peer=1.00;history=0.00 (leg not built),0.9981,
GWW,2026-08-10,2027-05-21,284,1331.7203,0.969783,380,72,0.616,1.382,0.058141,0.060754,direct+peer,0.1255,20,direct=0.44;peer=0.56;history=0.00 (leg not built),0.9966,
GWW,2026-08-10,2027-06-17,311,1333.9613,0.966911,292,53,0.600,1.379,0.064891,0.066050,peer,0.0777,20,peer=1.00;history=0.00 (leg not built),0.9977,
GWW,2026-08-10,2027-07-16,340,1338.2262,0.963827,316,64,0.583,1.405,0.069725,0.069641,peer,0.0586,20,peer=1.00;history=0.00 (leg not built),0.9960,
GWW,2026-08-10,2027-08-20,375,1341.3914,0.960072,320,70,0.552,1.461,0.079391,0.079480,peer,0.0476,20,peer=1.00;history=0.00 (leg not built),0.9963,
GWW,2026-08-10,2027-10-15,431,1348.9040,0.953899,324,76,0.519,1.512,0.091084,0.091917,peer,0.0466,20,peer=1.00;history=0.00 (leg not built),0.9939,
GWW,2026-08-10,2027-12-17,494,1354.8205,0.946894,324,81,0.487,1.550,0.105497,0.106551,direct+peer,0.0442,20,direct=0.44;peer=0.56;history=0.00 (leg not built),0.9942,
GWW,2026-08-11,2027-01-15,157,1321.5548,0.983468,332,48,0.742,1.241,0.033069,0.031224,direct+peer,0.1114,20,direct=0.44;peer=0.56;history=0.00 (leg not built),0.9978,
GWW,2026-08-11,2027-03-19,220,1328.5553,0.976648,296,45,0.647,1.310,0.046272,0.046458,direct+peer,0.1103,20,direct=0.44;peer=0.56;history=0.00 (leg not built),0.9979,
GWW,2026-08-11,2027-05-21,283,1336.3708,0.969962,380,71,0.629,1.377,0.058097,0.059258,peer,0.0799,20,peer=1.00;history=0.00 (leg not built),0.9959,
GWW,2026-08-11,2027-06-17,310,1338.9890,0.967096,292,52,0.612,1.374,0.062801,0.064860,peer,0.0935,20,peer=1.00;history=0.00 (leg not built),0.9973,
GWW,2026-08-11,2027-07-16,339,1343.1807,0.964019,316,63,0.596,1.400,0.067809,0.068260,peer,0.0655,20,peer=1.00;history=0.00 (leg not built),0.9963,
GWW,2026-08-11,2027-08-20,374,1346.3221,0.960281,320,68,0.565,1.441,0.077676,0.077794,peer,0.0554,20,peer=1.00;history=0.00 (leg not built),0.9959,
GWW,2026-08-11,2027-10-15,430,1353.7634,0.954156,324,74,0.532,1.492,0.088599,0.089748,peer,0.0523,20,peer=1.00;history=0.00 (leg not built),0.9959,
GWW,2026-08-11,2027-12-17,493,1360.3049,0.947215,324,81,0.485,1.544,0.103289,0.104315,direct+peer,0.0492,20,direct=0.44;peer=0.56;history=0.00 (leg not built),0.9948,
GWW,2026-08-12,2027-01-15,156,1326.3129,0.983578,328,48,0.739,1.237,0.031859,0.030149,direct+peer,0.1062,20,direct=0.44;peer=0.56;history=0.00 (leg not built),0.9967,
GWW,2026-08-12,2027-03-19,219,1332.8391,0.976754,184,46,0.645,1.320,0.045245,0.044806,direct+peer,0.0799,20,direct=0.44;peer=0.56;history=0.00 (leg not built),0.9972,
GWW,2026-08-12,2027-05-21,282,1340.3037,0.970068,380,71,0.627,1.373,0.056002,0.055037,direct+peer,0.0617,20,direct=0.44;peer=0.56;history=0.00 (leg not built),0.9964,
GWW,2026-08-12,2027-06-17,309,1343.9806,0.967203,168,52,0.610,1.369,0.061582,0.061492,direct+peer,0.0717,20,direct=0.44;peer=0.56;history=0.00 (leg not built),0.9958,
GWW,2026-08-12,2027-07-16,338,1346.5584,0.964126,264,63,0.594,1.396,0.066616,0.066756,direct+peer,0.0786,20,direct=0.44;peer=0.56;history=0.00 (leg not built),0.9954,
GWW,2026-08-12,2027-08-20,373,1350.6153,0.960390,280,68,0.563,1.436,0.075980,0.077626,peer,0.0677,20,peer=1.00;history=0.00 (leg not built),0.9953,
GWW,2026-08-12,2027-10-15,429,1357.1269,0.954266,296,74,0.531,1.488,0.087377,0.089692,peer,0.0631,20,peer=1.00;history=0.00 (leg not built),0.9959,
GWW,2026-08-12,2027-12-17,492,1364.8352,0.947326,296,80,0.498,1.539,0.101503,0.103682,direct+peer,0.0639,20,direct=0.44;peer=0.56;history=0.00 (leg not built),0.9955,
HBAN,2026-08-06,2027-01-15,162,17.3476,0.982886,42,11,0.173,1.729,0.045725,0.039058,peer,0.0005,20,peer=1.00;history=0.00 (leg not built),0.9921,
HBAN,2026-08-06,2028-01-21,533,17.1146,0.942385,26,4,0.584,1.169,,,refused,,0,,0.9684,only 4 invertible quotes
HBAN,2026-08-07,2027-01-15,161,17.4660,0.983121,42,12,0.172,1.718,0.043096,0.038132,peer,0.0005,20,peer=1.00;history=0.00 (leg not built),0.9849,
HBAN,2026-08-07,2028-01-21,532,17.1204,0.943217,26,4,0.584,1.285,,,refused,,0,,0.9436,only 4 invertible quotes
HBAN,2026-08-10,2027-01-15,158,17.5169,0.983317,42,12,0.171,1.713,0.046069,0.040133,peer,0.0005,20,peer=1.00;history=0.00 (leg not built),0.9923,
HBAN,2026-08-10,2028-01-21,529,17.1793,0.942976,26,5,0.582,1.164,,,refused,,0,,0.9246,only 5 invertible quotes
HBAN,2026-08-11,2027-01-15,157,17.7797,0.983468,42,12,0.169,1.687,0.042700,0.037500,peer,0.0004,20,peer=1.00;history=0.00 (leg not built),0.9824,
HBAN,2026-08-12,2027-01-15,156,17.9025,0.983578,42,11,0.168,1.676,0.044649,0.038771,peer,0.0004,20,peer=1.00;history=0.00 (leg not built),0.9783,
HCA,2026-08-06,2027-01-15,162,413.8560,0.982886,114,26,0.701,1.401,0.055766,0.053901,direct+peer,0.0852,20,direct=0.44;peer=0.56;history=0.00 (leg not built),0.9983,
HCA,2026-08-06,2027-03-19,225,416.8022,0.976077,138,49,0.600,1.440,0.076993,0.078473,direct+peer,0.0697,20,direct=0.44;peer=0.56;history=0.00 (leg not built),0.9972,
HCA,2026-08-06,2027-06-17,315,420.7243,0.966391,98,34,0.618,1.616,0.112949,0.117971,peer,0.0953,20,peer=1.00;history=0.00 (leg not built),0.9985,
HCA,2026-08-06,2028-01-21,533,428.7039,0.942385,100,46,0.432,1.913,0.187192,0.193789,peer,0.0520,20,peer=1.00;history=0.00 (leg not built),0.9970,
HCA,2026-08-07,2027-01-15,161,419.1964,0.983121,114,24,0.716,1.336,0.052573,0.052027,direct+peer,0.1079,20,direct=0.44;peer=0.56;history=0.00 (leg not built),0.9971,
HCA,2026-08-07,2027-03-19,224,421.6247,0.976383,138,50,0.640,1.471,0.077260,0.077122,direct+peer,0.0717,20,direct=0.44;peer=0.56;history=0.00 (leg not built),0.9984,
HCA,2026-08-07,2027-06-17,314,425.1818,0.966854,98,38,0.517,1.599,0.107526,0.114540,peer,0.0749,20,peer=1.00;history=0.00 (leg not built),0.9981,
HCA,2026-08-07,2028-01-21,532,433.5744,0.943217,100,50,0.427,1.891,0.183849,0.190725,peer,0.0530,20,peer=1.00;history=0.00 (leg not built),0.9949,
HCA,2026-08-10,2027-01-15,158,419.4000,0.983317,114,26,0.691,1.383,0.053888,0.053396,direct+peer,0.1145,20,direct=0.44;peer=0.56;history=0.00 (leg not built),0.9979,
HCA,2026-08-10,2027-03-19,221,422.0807,0.976485,138,50,0.640,1.469,0.076667,0.078481,direct+peer,0.0962,20,direct=0.44;peer=0.56;history=0.00 (leg not built),0.9979,
HCA,2026-08-10,2027-06-17,311,425.7375,0.966911,98,34,0.611,1.597,0.107997,0.109475,direct+peer,0.0732,20,direct=0.44;peer=0.56;history=0.00 (leg not built),0.9976,
HCA,2026-08-10,2028-01-21,529,434.2798,0.942976,100,45,0.426,1.888,0.182706,0.192562,peer,0.0661,20,peer=1.00;history=0.00 (leg not built),0.9953,
HCA,2026-08-11,2027-01-15,157,417.4071,0.983468,114,25,0.695,1.342,0.050132,0.051144,peer,0.0957,20,peer=1.00;history=0.00 (leg not built),0.9991,
HCA,2026-08-11,2027-03-19,220,420.2048,0.976648,138,51,0.631,1.475,0.073644,0.075412,direct+peer,0.0949,20,direct=0.44;peer=0.56;history=0.00 (leg not built),0.9982,
HCA,2026-08-11,2027-06-17,310,423.7328,0.967096,98,37,0.566,1.652,0.105663,0.113588,peer,0.0905,20,peer=1.00;history=0.00 (leg not built),0.9984,
HCA,2026-08-11,2028-01-21,528,432.1959,0.943336,100,46,0.486,1.897,0.179662,0.185999,peer,0.0573,20,peer=1.00;history=0.00 (leg not built),0.9953,
HCA,2026-08-12,2027-01-15,156,420.7117,0.983578,114,26,0.666,1.331,0.048799,0.049149,peer,0.0849,20,peer=1.00;history=0.00 (leg not built),0.9980,
HCA,2026-08-12,2027-03-19,219,423.0176,0.976754,138,48,0.650,1.418,0.071106,0.071857,direct+peer,0.0908,20,direct=0.44;peer=0.56;history=0.00 (leg not built),0.9977,
HCA,2026-08-12,2027-06-17,309,427.2749,0.967203,98,35,0.585,1.591,0.103426,0.106360,direct+peer,0.0837,20,direct=0.44;peer=0.56;history=0.00 (leg not built),0.9969,
HCA,2026-08-12,2028-01-21,527,434.9426,0.943447,100,46,0.425,1.885,0.177694,0.182881,peer,0.0517,20,peer=1.00;history=0.00 (leg not built),0.9948,
HD,2026-08-06,2027-01-15,162,350.9106,0.982886,88,23,0.627,1.311,0.040376,0.041228,peer,0.0742,20,peer=1.00;history=0.00 (leg not built),0.9958,
HD,2026-08-06,2027-02-19,197,352.0938,0.979077,104,46,0.682,1.420,0.050662,0.051282,peer,0.0766,20,peer=1.00;history=0.00 (leg not built),0.9972,
HD,2026-08-06,2027-03-19,225,352.4588,0.976077,80,29,0.567,1.419,0.055843,0.057696,direct+peer,0.0643,20,direct=0.44;peer=0.56;history=0.00 (leg not built),0.9976,
HD,2026-08-06,2027-06-17,315,354.0460,0.966391,92,30,0.508,1.412,0.077321,0.092816,peer,0.1850,20,peer=1.00;history=0.00 (leg not built),0.9988,
HD,2026-08-06,2027-12-17,498,357.3317,0.946290,92,37,0.532,1.735,0.129259,0.134223,peer,0.0725,20,peer=1.00;history=0.00 (leg not built),0.9981,
HD,2026-08-06,2028-01-21,533,357.8034,0.942385,94,40,0.475,1.733,0.134575,0.141401,direct+peer,0.0798,20,direct=0.44;peer=0.56;history=0.00 (leg not built),0.9969,
HD,2026-08-07,2027-01-15,161,356.5518,0.983121,88,26,0.617,1.402,0.040051,0.040437,peer,0.0502,20,peer=1.00;history=0.00 (leg not built),0.9969,
HD,2026-08-07,2027-02-19,196,358.2479,0.979343,104,44,0.684,1.340,0.048285,0.048024,direct+peer,0.0909,20,direct=0.44;peer=0.56;history=0.00 (leg not built),0.9977,
HD,2026-08-07,2027-03-19,224,358.0694,0.976383,80,29,0.614,1.396,0.055982,0.057585,direct+peer,0.0814,20,direct=0.44;peer=0.56;history=0.00 (leg not built),0.9974,
HD,2026-08-07,2027-06-17,314,359.7776,0.966854,92,30,0.611,1.445,0.076765,0.079844,direct+peer,0.1106,20,direct=0.44;peer=0.56;history=0.00 (leg not built),0.9960,
HD,2026-08-07,2027-12-17,497,363.4633,0.947065,92,37,0.509,1.706,0.122738,0.126710,direct+peer,0.0599,20,direct=0.44;peer=0.56;history=0.00 (leg not built),0.9968,
HD,2026-08-07,2028-01-21,532,363.6206,0.943217,94,42,0.481,1.705,0.130030,0.135786,direct+peer,0.0669,20,direct=0.44;peer=0.56;history=0.00 (leg not built),0.9977,
HD,2026-08-10,2027-01-15,158,352.2831,0.983317,88,24,0.681,1.334,0.038951,0.039223,direct+peer,0.0848,20,direct=0.44;peer=0.56;history=0.00 (leg not built),0.9957,
HD,2026-08-10,2027-02-19,193,353.1311,0.979464,104,50,0.595,1.416,0.045866,0.048148,peer,0.0600,20,peer=1.00;history=0.00 (leg not built),0.9959,
HD,2026-08-10,2027-03-19,221,353.3436,0.976485,80,32,0.524,1.472,0.053760,0.054964,direct+peer,0.0447,20,direct=0.44;peer=0.56;history=0.00 (leg not built),0.9989,
HD,2026-08-10,2027-06-17,311,354.4627,0.966911,92,39,0.508,1.693,0.076380,0.080697,direct+peer,0.0912,20,direct=0.44;peer=0.56;history=0.00 (leg not built),0.9973,
HD,2026-08-10,2027-12-17,494,357.9512,0.946894,92,40,0.433,1.732,0.119275,0.124188,direct+peer,0.0514,20,direct=0.44;peer=0.56;history=0.00 (leg not built),0.9968,
HD,2026-08-10,2028-01-21,529,358.9024,0.942976,94,46,0.432,1.727,0.127132,0.132326,direct+peer,0.0547,20,direct=0.44;peer=0.56;history=0.00 (leg not built),0.9973,
HD,2026-08-11,2027-01-15,157,355.8718,0.983468,88,27,0.478,1.405,0.037336,0.038572,direct+peer,0.0504,20,direct=0.44;peer=0.56;history=0.00 (leg not built),0.9975,
HD,2026-08-11,2027-02-19,192,357.2770,0.979620,104,42,0.616,1.316,0.044680,0.048529,peer,0.1095,20,peer=1.00;history=0.00 (leg not built),0.9972,
HD,2026-08-11,2027-03-19,220,357.4249,0.976648,80,27,0.462,1.399,0.052485,0.055529,direct+peer,0.0741,20,direct=0.44;peer=0.56;history=0.00 (leg not built),0.9958,
HD,2026-08-11,2027-06-17,310,358.9298,0.967096,92,28,0.613,1.393,0.073704,0.076144,direct+peer,0.1005,20,direct=0.44;peer=0.56;history=0.00 (leg not built),0.9975,
HD,2026-08-11,2027-12-17,493,362.5443,0.947215,92,38,0.428,1.710,0.119016,0.123947,direct+peer,0.0503,20,direct=0.44;peer=0.56;history=0.00 (leg not built),0.9965,
HD,2026-08-11,2028-01-21,528,363.2173,0.943336,94,42,0.427,1.707,0.125998,0.131307,direct+peer,0.0557,20,direct=0.44;peer=0.56;history=0.00 (leg not built),0.9970,
HD,2026-08-12,2027-01-15,156,345.9790,0.983578,88,25,0.491,1.358,0.035359,0.036634,direct+peer,0.0527,20,direct=0.44;peer=0.56;history=0.00 (leg not built),0.9974,
HD,2026-08-12,2027-02-19,191,347.2881,0.979726,104,47,0.662,1.382,0.045062,0.045134,direct+peer,0.0717,20,direct=0.44;peer=0.56;history=0.00 (leg not built),0.9980,
HD,2026-08-12,2027-03-19,219,347.4507,0.976754,80,30,0.576,1.439,0.052140,0.053639,peer,0.0502,20,peer=1.00;history=0.00 (leg not built),0.9961,
HD,2026-08-12,2027-06-17,309,348.8369,0.967203,92,30,0.602,1.433,0.072752,0.075049,peer,0.0738,20,peer=1.00;history=0.00 (leg not built),0.9961,
HD,2026-08-12,2027-12-17,492,351.3617,0.947326,92,39,0.441,1.765,0.119699,0.122673,direct+peer,0.0364,20,direct=0.44;peer=0.56;history=0.00 (leg not built),0.9967,
HD,2026-08-12,2028-01-21,527,352.1411,0.943447,94,46,0.440,1.761,0.127511,0.131213,direct+peer,0.0446,20,direct=0.44;peer=0.56;history=0.00 (leg not built),0.9953,
HLT,2026-08-06,2027-01-15,162,328.6672,0.982886,100,25,0.609,1.339,0.040307,0.039526,direct+peer,0.0392,20,direct=0.44;peer=0.56;history=0.00 (leg not built),0.9963,
HLT,2026-08-06,2027-03-19,225,331.0655,0.976077,84,33,0.529,1.420,0.056874,0.057106,direct+peer,0.0479,20,direct=0.44;peer=0.56;history=0.00 (leg not built),0.9961,
HLT,2026-08-06,2027-06-17,315,334.7393,0.966391,76,35,0.538,1.494,0.079400,0.080409,direct+peer,0.0697,20,direct=0.44;peer=0.56;history=0.00 (leg not built),0.9958,
HLT,2026-08-06,2028-01-21,533,342.4725,0.942385,92,43,0.409,1.518,0.128585,0.138863,peer,0.0929,20,peer=1.00;history=0.00 (leg not built),0.9952,
HLT,2026-08-07,2027-01-15,161,323.3058,0.983121,100,26,0.572,1.330,0.038613,0.038507,direct+peer,0.0386,20,direct=0.44;peer=0.56;history=0.00 (leg not built),0.9957,
HLT,2026-08-07,2027-03-19,224,325.6267,0.976383,84,32,0.522,1.382,0.054653,0.055433,direct+peer,0.0466,20,direct=0.44;peer=0.56;history=0.00 (leg not built),0.9964,
HLT,2026-08-07,2027-06-17,314,329.4725,0.966854,76,36,0.516,1.487,0.078412,0.078965,peer,0.0492,20,peer=1.00;history=0.00 (leg not built),0.9963,
HLT,2026-08-07,2028-01-21,532,336.7134,0.943217,92,45,0.401,1.544,0.127536,0.134678,peer,0.0734,20,peer=1.00;history=0.00 (leg not built),0.9936,
HLT,2026-08-10,2027-01-15,158,317.0915,0.983317,100,27,0.583,1.356,0.040164,0.040276,direct+peer,0.0437,20,direct=0.44;peer=0.56;history=0.00 (leg not built),0.9940,
HLT,2026-08-10,2027-03-19,221,319.4163,0.976485,84,34,0.501,1.409,0.056453,0.056858,direct+peer,0.0427,20,direct=0.44;peer=0.56;history=0.00 (leg not built),0.9967,
HLT,2026-08-10,2027-06-17,311,322.8648,0.966911,76,33,0.588,1.549,0.080621,0.079360,direct+peer,0.0521,20,direct=0.44;peer=0.56;history=0.00 (leg not built),0.9975,
HLT,2026-08-10,2028-01-21,529,330.0848,0.942976,92,46,0.394,1.575,0.130358,0.139900,direct+peer,0.1256,20,direct=0.44;peer=0.56;history=0.00 (leg not built),0.9937,
HLT,2026-08-11,2027-01-15,157,320.2034,0.983468,100,22,0.609,1.312,0.038507,0.038244,direct+peer,0.0532,20,direct=0.44;peer=0.56;history=0.00 (leg not built),0.9962,
HLT,2026-08-11,2027-03-19,220,322.6314,0.976648,84,27,0.573,1.333,0.055342,0.056122,direct+peer,0.0751,20,direct=0.44;peer=0.56;history=0.00 (leg not built),0.9966,
HLT,2026-08-11,2027-06-17,310,326.0811,0.967096,80,32,0.521,1.411,0.076801,0.079476,peer,0.0809,20,peer=1.00;history=0.00 (leg not built),0.9966,
HLT,2026-08-11,2028-01-21,528,333.8798,0.943336,92,45,0.404,1.557,0.127428,0.132880,peer,0.0597,20,peer=1.00;history=0.00 (leg not built),0.9961,
HLT,2026-08-12,2027-01-15,156,329.5933,0.983578,100,19,0.728,1.274,0.038489,0.036510,peer,0.1097,20,peer=1.00;history=0.00 (leg not built),0.9989,
HLT,2026-08-12,2027-03-19,219,331.8326,0.976754,84,23,0.633,1.296,0.052135,0.052783,peer,0.1024,20,peer=1.00;history=0.00 (leg not built),0.9956,
HLT,2026-08-12,2027-06-17,309,335.2027,0.967203,80,32,0.537,1.402,0.073189,0.075052,peer,0.0740,20,peer=1.00;history=0.00 (leg not built),0.9967,
HLT,2026-08-12,2028-01-21,527,343.1056,0.943447,92,44,0.408,1.516,0.122098,0.131372,peer,0.0915,20,peer=1.00;history=0.00 (leg not built),0.9925,
HON,2026-08-06,2027-01-15,162,244.4257,0.982886,68,19,0.757,1.432,0.054563,0.049963,peer,0.0953,20,peer=1.00;history=0.00 (leg not built),0.9980,
HON,2026-08-06,2027-03-19,225,245.2190,0.976077,68,25,0.673,1.509,0.073913,0.073699,direct+peer,0.0870,20,direct=0.44;peer=0.56;history=0.00 (leg not built),0.9982,
HON,2026-08-06,2027-06-17,315,247.1889,0.966391,70,27,0.607,1.497,0.101173,0.106945,direct+peer,0.1216,20,direct=0.44;peer=0.56;history=0.00 (leg not built),0.9989,
HON,2026-08-06,2028-01-21,533,252.3345,0.942385,70,31,0.476,1.466,0.155623,0.180867,peer,0.1690,20,peer=1.00;history=0.00 (leg not built),0.9968,
HON,2026-08-07,2027-01-15,161,248.8472,0.983121,68,25,0.603,1.406,0.051060,0.053927,direct+peer,0.1247,20,direct=0.44;peer=0.56;history=0.00 (leg not built),0.9993,
HON,2026-08-07,2027-03-19,224,250.1536,0.976383,68,26,0.620,1.439,0.074285,0.073961,peer,0.0764,20,peer=1.00;history=0.00 (leg not built),0.9987,
HON,2026-08-07,2027-06-17,314,252.0168,0.966854,70,27,0.476,1.468,0.098510,0.103078,peer,0.0768,20,peer=1.00;history=0.00 (leg not built),0.9981,
HON,2026-08-07,2028-01-21,532,257.2435,0.943217,70,33,0.486,1.438,0.151935,0.184510,direct+peer,0.2359,20,direct=0.44;peer=0.56;history=0.00 (leg not built),0.9958,
HON,2026-08-10,2027-01-15,158,245.8304,0.983317,68,30,0.529,1.505,0.052939,0.055024,direct+peer,0.0502,20,direct=0.44;peer=0.56;history=0.00 (leg not built),0.9993,
HON,2026-08-10,2027-03-19,221,247.5593,0.976485,68,34,0.485,1.495,0.073225,0.078424,direct+peer,0.0915,20,direct=0.44;peer=0.56;history=0.00 (leg not built),0.9991,
HON,2026-08-10,2027-06-17,311,249.3622,0.966911,70,32,0.481,1.484,0.100817,0.109175,direct+peer,0.1008,20,direct=0.44;peer=0.56;history=0.00 (leg not built),0.9978,
HON,2026-08-10,2028-01-21,529,254.5600,0.942976,70,33,0.491,1.453,0.159212,0.183483,peer,0.1783,20,peer=1.00;history=0.00 (leg not built),0.9980,
HON,2026-08-11,2027-01-15,157,233.4063,0.983468,68,20,0.643,1.414,0.049792,0.051480,direct+peer,0.0751,20,direct=0.44;peer=0.56;history=0.00 (leg not built),0.9996,
HON,2026-08-11,2027-03-19,220,234.6076,0.976648,68,26,0.618,1.492,0.071795,0.076539,direct+peer,0.1299,20,direct=0.44;peer=0.56;history=0.00 (leg not built),0.9992,
HON,2026-08-11,2027-06-17,310,236.8290,0.967096,70,30,0.486,1.562,0.100519,0.108338,direct+peer,0.0907,20,direct=0.44;peer=0.56;history=0.00 (leg not built),0.9941,
HON,2026-08-11,2028-01-21,528,240.9541,0.943336,70,34,0.498,1.536,0.162989,0.187926,direct+peer,0.1725,20,direct=0.44;peer=0.56;history=0.00 (leg not built),0.9977,
HON,2026-08-12,2027-01-15,156,237.8480,0.983578,68,22,0.652,1.387,0.047529,0.048127,direct+peer,0.0872,20,direct=0.44;peer=0.56;history=0.00 (leg not built),0.9980,
HON,2026-08-12,2027-03-19,219,238.7544,0.976754,68,27,0.544,1.508,0.069520,0.072256,direct+peer,0.0825,20,direct=0.44;peer=0.56;history=0.00 (leg not built),0.9948,
HON,2026-08-12,2027-06-17,309,240.9650,0.967203,70,29,0.519,1.535,0.098307,0.102925,peer,0.0715,20,peer=1.00;history=0.00 (leg not built),0.9979,
HON,2026-08-12,2028-01-21,527,245.5482,0.943447,70,31,0.468,1.507,0.158643,0.178739,peer,0.1452,20,peer=1.00;history=0.00 (leg not built),0.9988,
HSY,2026-08-06,2027-01-15,162,182.8533,0.982886,82,22,0.656,1.422,0.043647,0.042248,peer,0.0492,20,peer=1.00;history=0.00 (leg not built),0.9991,
HSY,2026-08-06,2027-02-19,197,183.0696,0.979077,56,22,0.683,1.420,0.053210,0.051897,direct+peer,0.0780,20,direct=0.44;peer=0.56;history=0.00 (leg not built),0.9972,
HSY,2026-08-06,2027-03-19,225,182.8383,0.976077,74,24,0.656,1.477,0.060316,0.059170,direct+peer,0.0713,20,direct=0.44;peer=0.56;history=0.00 (leg not built),0.9970,
HSY,2026-08-06,2027-06-17,315,183.5927,0.966391,58,25,0.599,1.416,0.080434,0.085931,direct+peer,0.1318,20,direct=0.44;peer=0.56;history=0.00 (leg not built),0.9978,
HSY,2026-08-06,2028-01-21,533,185.2759,0.942385,78,35,0.513,1.889,0.149215,0.151242,direct+peer,0.0610,20,direct=0.44;peer=0.56;history=0.00 (leg not built),0.9961,
HSY,2026-08-07,2027-01-15,161,183.0572,0.983121,82,22,0.656,1.420,0.041980,0.041853,direct+peer,0.1055,20,direct=0.44;peer=0.56;history=0.00 (leg not built),0.9990,
HSY,2026-08-07,2027-02-19,196,183.2029,0.979343,56,22,0.682,1.419,0.051711,0.050467,direct+peer,0.0724,20,direct=0.44;peer=0.56;history=0.00 (leg not built),0.9980,
HSY,2026-08-07,2027-03-19,224,183.3306,0.976383,74,24,0.655,1.473,0.058241,0.056275,direct+peer,0.0573,20,direct=0.44;peer=0.56;history=0.00 (leg not built),0.9975,
HSY,2026-08-07,2027-06-17,314,183.8830,0.966854,58,25,0.598,1.414,0.079553,0.082999,direct+peer,0.1392,20,direct=0.44;peer=0.56;history=0.00 (leg not built),0.9986,
HSY,2026-08-07,2028-01-21,532,185.1378,0.943217,78,34,0.513,1.728,0.145988,0.151348,direct+peer,0.0994,20,direct=0.44;peer=0.56;history=0.00 (leg not built),0.9986,
HSY,2026-08-10,2027-01-15,158,182.7627,0.983317,82,21,0.657,1.368,0.039553,0.039588,direct+peer,0.0955,20,direct=0.44;peer=0.56;history=0.00 (leg not built),0.9973,
HSY,2026-08-10,2027-02-19,193,183.0500,0.979464,56,22,0.683,1.420,0.048752,0.047928,direct+peer,0.0839,20,direct=0.44;peer=0.56;history=0.00 (leg not built),0.9985,
HSY,2026-08-10,2027-03-19,221,182.9416,0.976485,74,24,0.656,1.476,0.055170,0.055485,direct+peer,0.0721,20,direct=0.44;peer=0.56;history=0.00 (leg not built),0.9981,
HSY,2026-08-10,2027-06-17,311,183.4797,0.966911,58,25,0.600,1.417,0.080209,0.080414,peer,0.1031,20,peer=1.00;history=0.00 (leg not built),0.9981,
HSY,2026-08-10,2028-01-21,529,185.0954,0.942976,78,34,0.513,1.729,0.144320,0.147065,peer,0.0634,20,peer=1.00;history=0.00 (leg not built),0.9964,
HSY,2026-08-11,2027-01-15,157,182.1455,0.983468,82,21,0.659,1.373,0.037735,0.036056,peer,0.0420,20,peer=1.00;history=0.00 (leg not built),0.9979,
HSY,2026-08-11,2027-02-19,192,182.5112,0.979620,56,22,0.685,1.425,0.047071,0.045677,direct+peer,0.0588,20,direct=0.44;peer=0.56;history=0.00 (leg not built),0.9986,
HSY,2026-08-11,2027-03-19,220,182.4881,0.976648,74,22,0.685,1.425,0.053814,0.052707,direct+peer,0.0838,20,direct=0.44;peer=0.56;history=0.00 (leg not built),0.9994,
HSY,2026-08-11,2027-06-17,310,183.0043,0.967096,58,24,0.628,1.421,0.076099,0.081778,peer,0.1447,20,peer=1.00;history=0.00 (leg not built),0.9985,
HSY,2026-08-11,2028-01-21,528,184.6820,0.943336,78,33,0.514,1.679,0.138773,0.142150,direct+peer,0.0824,20,direct=0.44;peer=0.56;history=0.00 (leg not built),0.9925,
HSY,2026-08-12,2027-01-15,156,184.2476,0.983578,82,21,0.651,1.357,0.036602,0.036288,direct+peer,0.0865,20,direct=0.44;peer=0.56;history=0.00 (leg not built),0.9982,
HSY,2026-08-12,2027-02-19,191,184.4794,0.979726,56,21,0.705,1.409,0.046948,0.044999,direct+peer,0.0778,20,direct=0.44;peer=0.56;history=0.00 (leg not built),0.9986,
HSY,2026-08-12,2027-03-19,219,184.4369,0.976754,74,22,0.678,1.410,0.052744,0.051287,direct+peer,0.0775,20,direct=0.44;peer=0.56;history=0.00 (leg not built),0.9979,
HSY,2026-08-12,2027-06-17,309,185.0724,0.967203,58,24,0.621,1.405,0.074551,0.075706,peer,0.0988,20,peer=1.00;history=0.00 (leg not built),0.9973,
HSY,2026-08-12,2028-01-21,527,186.3991,0.943447,78,33,0.536,1.717,0.138828,0.146412,direct+peer,0.1184,20,direct=0.44;peer=0.56;history=0.00 (leg not built),0.9935,
IBM,2026-08-06,2027-01-15,162,234.2733,0.982886,122,57,0.512,2.092,0.094237,0.095218,direct+peer,0.0288,20,direct=0.44;peer=0.56;history=0.00 (leg not built),0.9975,
IBM,2026-08-06,2027-02-19,197,234.2705,0.979077,94,44,0.534,1.451,0.108149,0.122775,direct+peer,0.1688,20,direct=0.44;peer=0.56;history=0.00 (leg not built),0.9978,
IBM,2026-08-06,2027-03-19,225,234.7146,0.976077,124,62,0.469,2.088,0.135944,0.140644,direct+peer,0.0420,20,direct=0.44;peer=0.56;history=0.00 (leg not built),0.9962,
IBM,2026-08-06,2027-06-17,315,235.6948,0.966391,124,61,0.488,2.079,0.192980,0.202476,direct+peer,0.0748,20,direct=0.44;peer=0.56;history=0.00 (leg not built),0.9959,
IBM,2026-08-06,2027-12-17,498,237.9733,0.946290,124,62,0.462,2.059,0.299468,0.341824,direct+peer,0.1866,20,direct=0.44;peer=0.56;history=0.00 (leg not built),0.9916,
IBM,2026-08-06,2028-01-21,533,238.8024,0.942385,124,62,0.461,2.052,0.318837,0.372030,direct+peer,0.1992,20,direct=0.44;peer=0.56;history=0.00 (leg not built),0.9943,
IBM,2026-08-07,2027-01-15,161,237.5829,0.983121,122,55,0.442,2.062,0.091497,0.094136,direct+peer,0.0363,20,direct=0.44;peer=0.56;history=0.00 (leg not built),0.9973,
IBM,2026-08-07,2027-02-19,196,237.6074,0.979343,94,42,0.568,1.431,0.105721,0.121162,direct+peer,0.1818,20,direct=0.44;peer=0.56;history=0.00 (leg not built),0.9979,
IBM,2026-08-07,2027-03-19,224,237.8455,0.976383,124,55,0.568,2.060,0.135657,0.138555,direct+peer,0.0596,20,direct=0.44;peer=0.56;history=0.00 (leg not built),0.9979,
IBM,2026-08-07,2027-06-17,314,239.1246,0.966854,124,61,0.481,2.049,0.190486,0.206140,direct+peer,0.1184,20,direct=0.44;peer=0.56;history=0.00 (leg not built),0.9961,
IBM,2026-08-07,2027-12-17,497,241.3802,0.947065,124,62,0.456,2.030,0.293237,0.330385,direct+peer,0.1508,20,direct=0.44;peer=0.56;history=0.00 (leg not built),0.9930,
IBM,2026-08-07,2028-01-21,532,241.6963,0.943217,124,62,0.455,2.027,0.313870,0.359335,direct+peer,0.1762,20,direct=0.44;peer=0.56;history=0.00 (leg not built),0.9947,
IBM,2026-08-10,2027-01-15,158,238.8886,0.983317,122,57,0.440,2.051,0.086197,0.088599,direct+peer,0.0481,20,direct=0.44;peer=0.56;history=0.00 (leg not built),0.9978,
IBM,2026-08-10,2027-02-19,193,239.1723,0.979464,94,45,0.481,1.422,0.099884,0.115191,peer,0.1478,20,peer=1.00;history=0.00 (leg not built),0.9976,
IBM,2026-08-10,2027-03-19,221,239.4587,0.976485,124,61,0.459,2.046,0.127070,0.131672,direct+peer,0.0535,20,direct=0.44;peer=0.56;history=0.00 (leg not built),0.9958,
IBM,2026-08-10,2027-06-17,311,240.3029,0.966911,124,62,0.458,2.039,0.180843,0.187692,direct+peer,0.0620,20,direct=0.44;peer=0.56;history=0.00 (leg not built),0.9923,
IBM,2026-08-10,2027-12-17,494,242.6125,0.946894,124,62,0.453,2.020,0.283520,0.321994,direct+peer,0.1660,20,direct=0.44;peer=0.56;history=0.00 (leg not built),0.9941,
IBM,2026-08-10,2028-01-21,529,243.5987,0.942976,124,62,0.452,2.012,0.300287,0.345305,direct+peer,0.1917,20,direct=0.44;peer=0.56;history=0.00 (leg not built),0.9950,
IBM,2026-08-11,2027-01-15,157,241.0894,0.983468,122,57,0.436,2.032,0.083417,0.085241,direct+peer,0.0288,20,direct=0.44;peer=0.56;history=0.00 (leg not built),0.9962,
IBM,2026-08-11,2027-02-19,192,241.3744,0.979620,94,42,0.539,1.409,0.097350,0.111318,peer,0.1620,20,peer=1.00;history=0.00 (leg not built),0.9970,
IBM,2026-08-11,2027-03-19,220,241.5468,0.976648,124,54,0.580,2.029,0.124212,0.126927,peer,0.0575,20,peer=1.00;history=0.00 (leg not built),0.9985,
IBM,2026-08-11,2027-06-17,310,242.8766,0.967096,124,61,0.473,2.017,0.171298,0.187093,direct+peer,0.1050,20,direct=0.44;peer=0.56;history=0.00 (leg not built),0.9960,
IBM,2026-08-11,2027-12-17,493,244.8680,0.947215,124,62,0.449,2.001,0.269296,0.320432,direct+peer,0.2201,20,direct=0.44;peer=0.56;history=0.00 (leg not built),0.9934,
IBM,2026-08-11,2028-01-21,528,245.6890,0.943336,124,62,0.448,1.994,0.285325,0.324109,direct+peer,0.1632,20,direct=0.44;peer=0.56;history=0.00 (leg not built),0.9935,
IBM,2026-08-12,2027-01-15,156,238.3479,0.983578,122,55,0.441,2.056,0.080559,0.081184,direct+peer,0.0136,20,direct=0.44;peer=0.56;history=0.00 (leg not built),0.9963,
IBM,2026-08-12,2027-02-19,191,238.5309,0.979726,94,43,0.482,1.425,0.094113,0.106436,peer,0.1307,20,peer=1.00;history=0.00 (leg not built),0.9986,
IBM,2026-08-12,2027-03-19,219,238.7276,0.976754,124,60,0.461,2.053,0.119314,0.122544,direct+peer,0.0379,20,direct=0.44;peer=0.56;history=0.00 (leg not built),0.9952,
IBM,2026-08-12,2027-06-17,309,239.7378,0.967203,124,62,0.459,2.044,0.167593,0.174284,direct+peer,0.0671,20,direct=0.44;peer=0.56;history=0.00 (leg not built),0.9952,
IBM,2026-08-12,2027-12-17,492,241.9340,0.947326,124,62,0.455,2.025,0.262568,0.294252,direct+peer,0.1433,20,direct=0.44;peer=0.56;history=0.00 (leg not built),0.9946,
IBM,2026-08-12,2028-01-21,527,242.6946,0.943447,124,62,0.453,2.019,0.278930,0.315501,direct+peer,0.1678,20,direct=0.44;peer=0.56;history=0.00 (leg not built),0.9949,
ICE,2026-08-06,2027-01-15,162,151.2819,0.982886,66,26,0.595,1.586,0.043666,0.043587,direct+peer,0.0550,20,direct=0.44;peer=0.56;history=0.00 (leg not built),0.9935,
ICE,2026-08-06,2027-03-19,225,152.0285,0.976077,60,20,0.724,1.381,0.069188,0.070482,peer,0.2038,20,peer=1.00;history=0.00 (leg not built),0.9965,
ICE,2026-08-06,2027-06-17,315,152.5993,0.966391,60,22,0.688,1.442,0.094889,,refused,,20,,0.9942,no leg survived: no arbitrage-free fit inside the 0.35 synthetic-share ceiling
ICE,2026-08-06,2028-01-21,533,155.5942,0.942385,64,27,0.611,1.607,0.162231,0.171204,peer,0.1426,20,peer=1.00;history=0.00 (leg not built),0.9975,
ICE,2026-08-07,2027-01-15,161,152.4266,0.983121,66,25,0.590,1.443,0.041191,0.041356,peer,0.0418,20,peer=1.00;history=0.00 (leg not built),0.9934,
ICE,2026-08-07,2027-03-19,224,153.5866,0.976383,60,18,0.749,1.302,0.063418,0.060474,peer,0.1658,20,peer=1.00;history=0.00 (leg not built),0.9932,
ICE,2026-08-07,2027-06-17,314,154.4725,0.966854,60,21,0.680,1.359,0.087394,0.088909,direct+peer,0.2152,20,direct=0.44;peer=0.56;history=0.00 (leg not built),0.9949,
ICE,2026-08-07,2028-01-21,532,157.1628,0.943217,64,26,0.636,1.591,0.157624,0.160045,peer,0.1309,20,peer=1.00;history=0.00 (leg not built),0.9961,
ICE,2026-08-10,2027-01-15,158,152.3085,0.983317,66,23,0.657,1.444,0.039608,0.039176,peer,0.0541,20,peer=1.00;history=0.00 (leg not built),0.9973,
ICE,2026-08-10,2027-03-19,221,153.1976,0.976485,60,22,0.587,1.273,0.052449,0.057357,direct+peer,0.1377,20,direct=0.44;peer=0.56;history=0.00 (leg not built),0.9937,
ICE,2026-08-10,2027-06-17,311,154.6794,0.966911,60,23,0.582,1.358,0.081871,0.086224,direct+peer,0.1421,20,direct=0.44;peer=0.56;history=0.00 (leg not built),0.9954,
ICE,2026-08-10,2028-01-21,529,156.6755,0.942976,64,26,0.638,1.596,0.149666,0.154745,direct+peer,0.1243,20,direct=0.44;peer=0.56;history=0.00 (leg not built),0.9940,
ICE,2026-08-11,2027-01-15,157,152.5698,0.983468,66,22,0.688,1.442,0.039996,0.038697,direct+peer,0.0811,20,direct=0.44;peer=0.56;history=0.00 (leg not built),0.9935,
ICE,2026-08-11,2027-03-19,220,153.3515,0.976648,60,16,0.783,1.272,0.063813,0.058345,direct+peer,0.2316,20,direct=0.44;peer=0.56;history=0.00 (leg not built),0.9951,
ICE,2026-08-11,2027-06-17,310,154.4106,0.967096,60,20,0.712,1.360,0.084802,0.085429,direct+peer,0.1968,20,direct=0.44;peer=0.56;history=0.00 (leg not built),0.9933,
ICE,2026-08-11,2028-01-21,528,157.2049,0.943336,64,26,0.636,1.590,0.150286,0.156812,direct+peer,0.1402,20,direct=0.44;peer=0.56;history=0.00 (leg not built),0.9962,
ICE,2026-08-12,2027-01-15,156,153.1496,0.983578,66,22,0.620,1.371,0.035929,0.037193,peer,0.0593,20,peer=1.00;history=0.00 (leg not built),0.9956,
ICE,2026-08-12,2027-03-19,219,153.4950,0.976754,60,19,0.749,1.368,0.062269,0.055868,direct+peer,0.1479,20,direct=0.44;peer=0.56;history=0.00 (leg not built),0.9982,
ICE,2026-08-12,2027-06-17,309,154.7312,0.967203,60,21,0.679,1.357,0.081392,0.080381,peer,0.1322,20,peer=1.00;history=0.00 (leg not built),0.9936,
ICE,2026-08-12,2028-01-21,527,157.0351,0.943447,64,26,0.637,1.592,0.147553,0.155201,direct+peer,0.1523,20,direct=0.44;peer=0.56;history=0.00 (leg not built),0.9946,
INTU,2026-08-06,2027-01-15,162,325.5437,0.982886,186,66,0.415,2.212,0.162603,0.165572,direct+peer,0.0312,20,direct=0.44;peer=0.56;history=0.00 (leg not built),0.9969,
INTU,2026-08-06,2027-03-19,225,326.4757,0.976077,114,57,0.398,2.083,0.221133,0.234709,direct+peer,0.0738,20,direct=0.44;peer=0.56;history=0.00 (leg not built),0.9955,
INTU,2026-08-06,2027-06-17,315,330.1759,0.966391,108,54,0.394,2.060,0.294906,0.333398,direct+peer,0.1328,20,direct=0.44;peer=0.56;history=0.00 (leg not built),0.9898,
INTU,2026-08-06,2028-01-21,533,335.1253,0.942385,174,87,0.388,3.103,0.549405,0.599481,direct+peer,0.0986,20,direct=0.44;peer=0.56;history=0.00 (leg not built),0.9959,
INTU,2026-08-07,2027-01-15,161,329.9288,0.983121,186,68,0.424,2.304,0.160061,0.163597,direct+peer,0.0326,20,direct=0.44;peer=0.56;history=0.00 (leg not built),0.9955,
INTU,2026-08-07,2027-03-19,224,333.0521,0.976383,114,57,0.390,2.042,0.212945,0.235599,direct+peer,0.1186,20,direct=0.44;peer=0.56;history=0.00 (leg not built),0.9960,
INTU,2026-08-07,2027-06-17,314,334.5095,0.966854,108,53,0.404,2.033,0.285827,0.320704,direct+peer,0.1283,20,direct=0.44;peer=0.56;history=0.00 (leg not built),0.9919,
INTU,2026-08-07,2028-01-21,532,339.4911,0.943217,174,87,0.383,3.063,0.541017,0.590868,peer,0.0996,20,peer=1.00;history=0.00 (leg not built),0.9941,
INTU,2026-08-10,2027-01-15,158,337.5288,0.983317,186,71,0.400,2.281,0.148373,0.157698,direct+peer,0.1058,20,direct=0.44;peer=0.56;history=0.00 (leg not built),0.9959,
INTU,2026-08-10,2027-03-19,221,338.1771,0.976485,114,57,0.384,2.011,0.202829,0.215315,direct+peer,0.0754,20,direct=0.44;peer=0.56;history=0.00 (leg not built),0.9955,
INTU,2026-08-10,2027-06-17,311,340.8687,0.966911,108,54,0.381,1.995,0.276316,0.312133,direct+peer,0.1236,20,direct=0.44;peer=0.56;history=0.00 (leg not built),0.9944,
INTU,2026-08-10,2028-01-21,529,347.2322,0.942976,174,87,0.374,2.995,0.516556,0.566466,direct+peer,0.0953,20,direct=0.44;peer=0.56;history=0.00 (leg not built),0.9951,
INTU,2026-08-11,2027-01-15,157,339.0340,0.983468,186,64,0.457,2.478,0.147843,0.150560,direct+peer,0.0353,20,direct=0.44;peer=0.56;history=0.00 (leg not built),0.9962,
INTU,2026-08-11,2027-03-19,220,341.4028,0.976648,114,54,0.410,1.992,0.198388,0.217828,direct+peer,0.1162,20,direct=0.44;peer=0.56;history=0.00 (leg not built),0.9959,
INTU,2026-08-11,2027-06-17,310,343.6708,0.967096,108,50,0.422,1.979,0.272614,0.322185,direct+peer,0.1885,20,direct=0.44;peer=0.56;history=0.00 (leg not built),0.9959,
INTU,2026-08-11,2028-01-21,528,349.5866,0.943336,174,86,0.372,2.975,0.513931,0.572910,direct+peer,0.1102,20,direct=0.44;peer=0.56;history=0.00 (leg not built),0.9938,
INTU,2026-08-12,2027-01-15,156,338.2411,0.983578,186,67,0.458,2.276,0.142453,0.145231,direct+peer,0.0334,20,direct=0.44;peer=0.56;history=0.00 (leg not built),0.9973,
INTU,2026-08-12,2027-03-19,219,339.9590,0.976754,114,55,0.397,2.000,0.195951,0.213652,direct+peer,0.0881,20,direct=0.44;peer=0.56;history=0.00 (leg not built),0.9970,
INTU,2026-08-12,2027-06-17,309,341.6956,0.967203,108,51,0.380,1.990,0.268976,0.306229,direct+peer,0.1312,20,direct=0.44;peer=0.56;history=0.00 (leg not built),0.9947,
INTU,2026-08-12,2028-01-21,527,347.1594,0.943447,174,87,0.374,2.996,0.513230,0.569402,peer,0.0986,20,peer=1.00;history=0.00 (leg not built),0.9929,
ISRG,2026-08-06,2027-01-15,162,380.5318,0.982886,160,59,0.552,1.577,0.072420,0.074740,direct+peer,0.0509,20,direct=0.44;peer=0.56;history=0.00 (leg not built),0.9951,
ISRG,2026-08-06,2027-02-19,197,382.8133,0.979077,176,81,0.522,1.672,0.090865,0.092785,peer,0.0385,20,peer=1.00;history=0.00 (leg not built),0.9968,
ISRG,2026-08-06,2027-03-19,225,383.4116,0.976077,102,48,0.483,1.826,0.105362,0.110946,direct+peer,0.1148,20,direct=0.44;peer=0.56;history=0.00 (leg not built),0.9942,
ISRG,2026-08-06,2027-06-17,315,388.2512,0.966391,122,53,0.476,1.957,0.149607,0.154550,direct+peer,0.0591,20,direct=0.44;peer=0.56;history=0.00 (leg not built),0.9959,
ISRG,2026-08-06,2028-01-21,533,397.4639,0.942385,120,59,0.440,2.214,0.261299,0.273305,direct+peer,0.0679,20,direct=0.44;peer=0.56;history=0.00 (leg not built),0.9894,
ISRG,2026-08-07,2027-01-15,161,385.9617,0.983121,160,56,0.622,1.658,0.071979,0.069877,direct+peer,0.0260,20,direct=0.44;peer=0.56;history=0.00 (leg not built),0.9883,
ISRG,2026-08-07,2027-02-19,196,387.3253,0.979343,176,78,0.568,1.652,0.090445,0.090979,direct+peer,0.0508,20,direct=0.44;peer=0.56;history=0.00 (leg not built),0.9907,
ISRG,2026-08-07,2027-03-19,224,389.0475,0.976383,102,43,0.501,1.645,0.100288,0.102815,direct+peer,0.0547,20,direct=0.44;peer=0.56;history=0.00 (leg not built),0.9946,
ISRG,2026-08-07,2027-06-17,314,392.3375,0.966854,122,57,0.446,1.937,0.145399,0.151632,direct+peer,0.0512,20,direct=0.44;peer=0.56;history=0.00 (leg not built),0.9904,
ISRG,2026-08-07,2028-01-21,532,401.6115,0.943217,120,59,0.436,2.191,0.255779,0.267791,peer,0.0654,20,peer=1.00;history=0.00 (leg not built),0.9953,
ISRG,2026-08-10,2027-01-15,158,400.2311,0.983317,160,61,0.575,1.749,0.069107,0.069894,direct+peer,0.0324,20,direct=0.44;peer=0.56;history=0.00 (leg not built),0.9934,
ISRG,2026-08-10,2027-02-19,193,401.2205,0.979464,176,81,0.498,1.595,0.085989,0.088362,direct+peer,0.0466,20,direct=0.44;peer=0.56;history=0.00 (leg not built),0.9908,
ISRG,2026-08-10,2027-03-19,221,402.7650,0.976485,102,46,0.472,1.738,0.097371,0.099829,direct+peer,0.0417,20,direct=0.44;peer=0.56;history=0.00 (leg not built),0.9912,
ISRG,2026-08-10,2027-06-17,311,406.2354,0.966911,122,60,0.443,1.871,0.140512,0.143605,peer,0.0370,20,peer=1.00;history=0.00 (leg not built),0.9962,
ISRG,2026-08-10,2028-01-21,529,416.0975,0.942976,120,60,0.421,2.115,0.246525,0.260005,peer,0.0679,20,peer=1.00;history=0.00 (leg not built),0.9922,
ISRG,2026-08-11,2027-01-15,157,408.9370,0.983468,160,61,0.562,1.712,0.063799,0.064401,direct+peer,0.0298,20,direct=0.44;peer=0.56;history=0.00 (leg not built),0.9910,
ISRG,2026-08-11,2027-02-19,192,409.5870,0.979620,176,75,0.537,1.563,0.081977,0.084732,direct+peer,0.0638,20,direct=0.44;peer=0.56;history=0.00 (leg not built),0.9940,
ISRG,2026-08-11,2027-03-19,220,410.6963,0.976648,102,38,0.511,1.510,0.091196,0.096514,direct+peer,0.0812,20,direct=0.44;peer=0.56;history=0.00 (leg not built),0.9952,
ISRG,2026-08-11,2027-06-17,310,416.5981,0.967096,122,46,0.456,1.608,0.128161,0.138545,direct+peer,0.0941,20,direct=0.44;peer=0.56;history=0.00 (leg not built),0.9961,
ISRG,2026-08-11,2028-01-21,528,426.2216,0.943336,120,56,0.434,2.065,0.242354,0.257942,direct+peer,0.0816,20,direct=0.44;peer=0.56;history=0.00 (leg not built),0.9931,
ISRG,2026-08-12,2027-01-15,156,408.5165,0.983578,160,57,0.563,1.469,0.061319,0.065570,direct+peer,0.0945,20,direct=0.44;peer=0.56;history=0.00 (leg not built),0.9929,
ISRG,2026-08-12,2027-02-19,191,409.9072,0.979726,176,78,0.549,1.561,0.079613,0.083150,direct+peer,0.0687,20,direct=0.44;peer=0.56;history=0.00 (leg not built),0.9935,
ISRG,2026-08-12,2027-03-19,219,411.0852,0.976754,102,44,0.487,1.751,0.093414,0.109211,direct+peer,0.2788,20,direct=0.44;peer=0.56;history=0.00 (leg not built),0.9961,
ISRG,2026-08-12,2027-06-17,309,415.5335,0.967203,122,47,0.469,1.757,0.130920,0.135729,direct+peer,0.0584,20,direct=0.44;peer=0.56;history=0.00 (leg not built),0.9938,
ISRG,2026-08-12,2028-01-21,527,426.7520,0.943447,120,55,0.445,2.062,0.240005,0.254535,direct+peer,0.0802,20,direct=0.44;peer=0.56;history=0.00 (leg not built),0.9974,
ITW,2026-08-06,2027-01-15,162,297.1004,0.982886,66,13,0.774,1.178,0.026260,0.025884,peer,0.1708,20,peer=1.00;history=0.00 (leg not built),0.9973,
ITW,2026-08-06,2027-03-19,225,298.6579,0.976077,58,16,0.737,1.239,0.037562,0.037565,direct+peer,0.1499,20,direct=0.44;peer=0.56;history=0.00 (leg not built),0.9967,
ITW,2026-08-07,2027-01-15,161,298.2301,0.983121,66,11,0.838,1.174,0.029703,0.024227,direct+peer,0.1850,20,direct=0.44;peer=0.56;history=0.00 (leg not built),0.9974,
ITW,2026-08-07,2027-03-19,224,300.2663,0.976383,58,13,0.799,1.199,0.041219,0.037152,peer,0.1768,20,peer=1.00;history=0.00 (leg not built),0.9949,
ITW,2026-08-10,2027-01-15,158,296.5525,0.983317,66,11,0.843,1.180,0.028788,0.023175,direct+peer,0.1649,20,direct=0.44;peer=0.56;history=0.00 (leg not built),0.9951,
ITW,2026-08-10,2027-03-19,221,298.2386,0.976485,58,15,0.771,1.241,0.037001,0.035374,direct+peer,0.1549,20,direct=0.44;peer=0.56;history=0.00 (leg not built),0.9964,
ITW,2026-08-11,2027-01-15,157,295.3939,0.983468,66,11,0.846,1.185,0.030073,0.024419,peer,0.1778,20,peer=1.00;history=0.00 (leg not built),0.9960,
ITW,2026-08-11,2027-03-19,220,297.5733,0.976648,58,15,0.773,1.243,0.038352,0.037372,direct+peer,0.2037,20,direct=0.44;peer=0.56;history=0.00 (leg not built),0.9966,
ITW,2026-08-12,2027-01-15,156,294.9920,0.983578,66,11,0.814,1.153,0.026919,0.024818,peer,0.1991,20,peer=1.00;history=0.00 (leg not built),0.9984,
ITW,2026-08-12,2027-03-19,219,296.3553,0.976754,58,16,0.742,1.282,0.037367,0.035018,direct+peer,0.0924,20,direct=0.44;peer=0.56;history=0.00 (leg not built),0.9968,
JNJ,2026-08-06,2027-01-15,162,259.1437,0.982886,88,21,0.675,1.351,0.033517,0.032973,direct+peer,0.0569,20,direct=0.44;peer=0.56;history=0.00 (leg not built),0.9952,
JNJ,2026-08-06,2027-03-19,225,259.7097,0.976077,72,25,0.655,1.502,0.046650,0.047092,direct+peer,0.0880,20,direct=0.44;peer=0.56;history=0.00 (leg not built),0.9982,
JNJ,2026-08-06,2027-06-17,315,261.3452,0.966391,78,28,0.593,1.531,0.062558,0.063230,direct+peer,0.0591,20,direct=0.44;peer=0.56;history=0.00 (leg not built),0.9985,
JNJ,2026-08-06,2027-12-17,498,264.2711,0.946290,86,30,0.435,1.514,0.091524,0.097945,direct+peer,0.0898,20,direct=0.44;peer=0.56;history=0.00 (leg not built),0.9958,
JNJ,2026-08-06,2028-01-21,533,264.6602,0.942385,86,33,0.472,1.511,0.097549,0.104800,direct+peer,0.0978,20,direct=0.44;peer=0.56;history=0.00 (leg not built),0.9949,
JNJ,2026-08-07,2027-01-15,161,260.6696,0.983121,88,18,0.710,1.304,0.031742,0.031116,direct+peer,0.0878,20,direct=0.44;peer=0.56;history=0.00 (leg not built),0.9982,
JNJ,2026-08-07,2027-03-19,224,261.2376,0.976383,72,26,0.632,1.493,0.044131,0.044926,peer,0.0763,20,peer=1.00;history=0.00 (leg not built),0.9983,
JNJ,2026-08-07,2027-06-17,314,263.4304,0.966854,78,24,0.626,1.480,0.059510,0.060310,direct+peer,0.0854,20,direct=0.44;peer=0.56;history=0.00 (leg not built),0.9961,
JNJ,2026-08-07,2027-12-17,497,266.2604,0.947065,86,29,0.582,1.502,0.088532,0.092106,direct+peer,0.0880,20,direct=0.44;peer=0.56;history=0.00 (leg not built),0.9946,
JNJ,2026-08-07,2028-01-21,532,266.5278,0.943217,86,32,0.488,1.501,0.093864,0.099173,direct+peer,0.0754,20,direct=0.44;peer=0.56;history=0.00 (leg not built),0.9982,
JNJ,2026-08-10,2027-01-15,158,263.3221,0.983317,88,21,0.684,1.367,0.031536,0.031213,direct+peer,0.0620,20,direct=0.44;peer=0.56;history=0.00 (leg not built),0.9938,
JNJ,2026-08-10,2027-03-19,221,263.8062,0.976485,72,28,0.607,1.478,0.043746,0.044168,peer,0.0401,20,peer=1.00;history=0.00 (leg not built),0.9991,
JNJ,2026-08-10,2027-06-17,311,265.3805,0.966911,78,29,0.565,1.470,0.057979,0.059072,direct+peer,0.0450,20,direct=0.44;peer=0.56;history=0.00 (leg not built),0.9928,
JNJ,2026-08-10,2027-12-17,494,268.2839,0.946894,86,36,0.466,1.491,0.086975,0.090933,direct+peer,0.0582,20,direct=0.44;peer=0.56;history=0.00 (leg not built),0.9946,
JNJ,2026-08-10,2028-01-21,529,269.0986,0.942976,86,36,0.446,1.486,0.095092,0.101226,direct+peer,0.0788,20,direct=0.44;peer=0.56;history=0.00 (leg not built),0.9994,
JNJ,2026-08-11,2027-01-15,157,261.3049,0.983468,88,19,0.689,1.339,0.031082,0.030933,direct+peer,0.0560,20,direct=0.44;peer=0.56;history=0.00 (leg not built),0.9968,
JNJ,2026-08-11,2027-03-19,220,262.2697,0.976648,72,22,0.686,1.487,0.043704,0.042629,direct+peer,0.0553,20,direct=0.44;peer=0.56;history=0.00 (leg not built),0.9963,
JNJ,2026-08-11,2027-06-17,310,263.7570,0.967096,78,23,0.626,1.365,0.058446,0.058575,peer,0.0841,20,peer=1.00;history=0.00 (leg not built),0.9970,
JNJ,2026-08-11,2027-12-17,493,266.1290,0.947215,86,28,0.432,1.503,0.085761,0.088549,direct+peer,0.0561,20,direct=0.44;peer=0.56;history=0.00 (leg not built),0.9940,
JNJ,2026-08-11,2028-01-21,528,266.9965,0.943336,86,29,0.599,1.498,0.096129,0.097425,peer,0.0807,20,peer=1.00;history=0.00 (leg not built),0.9977,
JNJ,2026-08-12,2027-01-15,156,262.7959,0.983578,88,24,0.285,1.408,0.029517,0.029826,direct+peer,0.0259,20,direct=0.44;peer=0.56;history=0.00 (leg not built),0.9985,
JNJ,2026-08-12,2027-03-19,219,263.4127,0.976754,72,25,0.645,1.443,0.042522,0.042073,direct+peer,0.0420,20,direct=0.44;peer=0.56;history=0.00 (leg not built),0.9980,
JNJ,2026-08-12,2027-06-17,309,264.5406,0.967203,78,30,0.567,1.474,0.056638,0.057770,direct+peer,0.0501,20,direct=0.44;peer=0.56;history=0.00 (leg not built),0.9970,
JNJ,2026-08-12,2027-12-17,492,267.6337,0.947326,86,38,0.430,1.495,0.083623,0.087237,direct+peer,0.0516,20,direct=0.44;peer=0.56;history=0.00 (leg not built),0.9953,
JNJ,2026-08-12,2028-01-21,527,267.8271,0.943447,86,35,0.467,1.494,0.091335,0.095343,direct+peer,0.0617,20,direct=0.44;peer=0.56;history=0.00 (leg not built),0.9973,
JPM,2026-08-06,2027-01-15,162,359.9746,0.982886,100,31,0.500,1.389,0.029400,0.029428,direct+peer,0.0205,20,direct=0.44;peer=0.56;history=0.00 (leg not built),0.9980,
JPM,2026-08-06,2027-03-19,225,361.9699,0.976077,152,65,0.553,1.437,0.041257,0.041395,direct+peer,0.0277,20,direct=0.44;peer=0.56;history=0.00 (leg not built),0.9971,
JPM,2026-08-06,2027-06-17,315,364.3719,0.966391,102,42,0.398,1.482,0.059561,0.060902,direct+peer,0.0289,20,direct=0.44;peer=0.56;history=0.00 (leg not built),0.9970,
JPM,2026-08-06,2027-12-17,498,368.9115,0.946290,104,41,0.420,1.464,0.096058,0.100707,direct+peer,0.0619,20,direct=0.44;peer=0.56;history=0.00 (leg not built),0.9938,
JPM,2026-08-06,2028-01-21,533,369.3315,0.942385,88,44,0.393,1.462,0.103090,0.109009,direct+peer,0.0721,20,direct=0.44;peer=0.56;history=0.00 (leg not built),0.9958,
JPM,2026-08-07,2027-01-15,161,361.3630,0.983121,100,30,0.498,1.384,0.029529,0.029625,direct+peer,0.0188,20,direct=0.44;peer=0.56;history=0.00 (leg not built),0.9984,
JPM,2026-08-07,2027-03-19,224,363.1192,0.976383,152,66,0.537,1.432,0.041351,0.041998,direct+peer,0.0438,20,direct=0.44;peer=0.56;history=0.00 (leg not built),0.9960,
JPM,2026-08-07,2027-06-17,314,365.3923,0.966854,102,42,0.520,1.478,0.060153,0.061351,direct+peer,0.0483,20,direct=0.44;peer=0.56;history=0.00 (leg not built),0.9955,
JPM,2026-08-07,2027-12-17,497,370.1689,0.947065,104,45,0.351,1.459,0.095173,0.101102,direct+peer,0.0664,20,direct=0.44;peer=0.56;history=0.00 (leg not built),0.9970,
JPM,2026-08-07,2028-01-21,532,370.6520,0.943217,88,44,0.391,1.457,0.103136,0.109454,direct+peer,0.0694,20,direct=0.44;peer=0.56;history=0.00 (leg not built),0.9968,
JPM,2026-08-10,2027-01-15,158,363.3255,0.983317,100,33,0.289,1.376,0.027244,0.027604,direct+peer,0.0157,20,direct=0.44;peer=0.56;history=0.00 (leg not built),0.9978,
JPM,2026-08-10,2027-03-19,221,364.7719,0.976485,152,67,0.452,1.426,0.039311,0.039915,direct+peer,0.0270,20,direct=0.44;peer=0.56;history=0.00 (leg not built),0.9977,
JPM,2026-08-10,2027-06-17,311,367.1559,0.966911,102,43,0.504,1.471,0.057384,0.058326,direct+peer,0.0425,20,direct=0.44;peer=0.56;history=0.00 (leg not built),0.9964,
JPM,2026-08-10,2027-12-17,494,372.1016,0.946894,104,47,0.336,1.451,0.093890,0.100112,direct+peer,0.0737,20,direct=0.44;peer=0.56;history=0.00 (leg not built),0.9975,
JPM,2026-08-10,2028-01-21,529,372.5610,0.942976,88,44,0.389,1.449,0.101099,0.107729,direct+peer,0.0833,20,direct=0.44;peer=0.56;history=0.00 (leg not built),0.9943,
JPM,2026-08-11,2027-01-15,157,365.4701,0.983468,100,32,0.287,1.368,0.026520,0.026946,direct+peer,0.0211,20,direct=0.44;peer=0.56;history=0.00 (leg not built),0.9982,
JPM,2026-08-11,2027-03-19,220,367.4495,0.976648,152,64,0.544,1.415,0.038758,0.038985,direct+peer,0.0285,20,direct=0.44;peer=0.56;history=0.00 (leg not built),0.9969,
JPM,2026-08-11,2027-06-17,310,370.1706,0.967096,102,41,0.527,1.459,0.058120,0.058235,peer,0.0469,20,peer=1.00;history=0.00 (leg not built),0.9973,
JPM,2026-08-11,2027-12-17,493,374.7033,0.947215,104,46,0.347,1.441,0.091009,0.098638,direct+peer,0.0817,20,direct=0.44;peer=0.56;history=0.00 (leg not built),0.9969,
JPM,2026-08-11,2028-01-21,528,375.1466,0.943336,88,44,0.387,1.439,0.098453,0.105314,direct+peer,0.0777,20,direct=0.44;peer=0.56;history=0.00 (leg not built),0.9970,
JPM,2026-08-12,2027-01-15,156,368.8410,0.983578,100,31,0.285,1.356,0.026646,0.027136,direct+peer,0.0284,20,direct=0.44;peer=0.56;history=0.00 (leg not built),0.9972,
JPM,2026-08-12,2027-03-19,219,371.1401,0.976754,152,64,0.552,1.401,0.038423,0.038818,direct+peer,0.0407,20,direct=0.44;peer=0.56;history=0.00 (leg not built),0.9971,
JPM,2026-08-12,2027-06-17,309,373.4894,0.967203,102,38,0.589,1.446,0.057684,0.058005,direct+peer,0.0578,20,direct=0.44;peer=0.56;history=0.00 (leg not built),0.9977,
JPM,2026-08-12,2027-12-17,492,378.1791,0.947326,104,40,0.370,1.428,0.090323,0.095835,direct+peer,0.0666,20,direct=0.44;peer=0.56;history=0.00 (leg not built),0.9947,
JPM,2026-08-12,2028-01-21,527,378.4366,0.943447,88,43,0.383,1.427,0.098377,0.105740,direct+peer,0.0808,20,direct=0.44;peer=0.56;history=0.00 (leg not built),0.9973,
KLAC,2026-08-06,2027-01-15,162,196.9840,0.982886,332,122,0.325,2.234,0.265570,0.284750,direct+peer,0.1108,20,direct=0.44;peer=0.56;history=0.00 (leg not built),0.9802,
KLAC,2026-08-06,2027-03-19,225,199.1666,0.976077,254,123,0.367,2.209,0.361018,0.435578,direct+peer,0.2427,20,direct=0.44;peer=0.56;history=0.00 (leg not built),0.9910,
KLAC,2026-08-06,2027-06-17,315,200.5028,0.966391,268,127,0.359,2.194,0.469829,0.598138,direct+peer,0.2417,20,direct=0.44;peer=0.56;history=0.00 (leg not built),0.9693,
KLAC,2026-08-06,2028-01-21,533,204.4012,0.942385,304,143,0.313,2.153,0.697569,,refused,,20,,0.9727,no leg survived: no arbitrage-free fit inside the 0.35 synthetic-share ceiling
KLAC,2026-08-07,2027-01-15,161,199.9705,0.983121,332,121,0.390,2.200,0.253452,0.278514,direct+peer,0.1202,20,direct=0.44;peer=0.56;history=0.00 (leg not built),0.9929,
KLAC,2026-08-07,2027-03-19,224,202.5422,0.976383,254,118,0.360,2.172,0.346463,0.409218,direct+peer,0.1759,20,direct=0.44;peer=0.56;history=0.00 (leg not built),0.9901,
KLAC,2026-08-07,2027-06-17,314,204.5619,0.966854,268,128,0.332,2.151,0.452185,0.563346,peer,0.2144,20,peer=1.00;history=0.00 (leg not built),0.9851,
KLAC,2026-08-07,2028-01-21,532,206.9112,0.943217,304,141,0.329,2.127,0.680192,,refused,,20,,0.9663,no leg survived: no arbitrage-free fit inside the 0.35 synthetic-share ceiling
KLAC,2026-08-10,2027-01-15,158,196.0667,0.983317,332,121,0.388,2.244,0.237160,0.263803,direct+peer,0.1362,20,direct=0.44;peer=0.56;history=0.00 (leg not built),0.9905,
KLAC,2026-08-10,2027-03-19,221,197.9719,0.976485,254,113,0.445,2.223,0.326135,0.385078,peer,0.1665,20,peer=1.00;history=0.00 (leg not built),0.9899,
KLAC,2026-08-10,2027-06-17,311,198.3509,0.966911,268,129,0.353,2.218,0.433590,0.531664,peer,0.1913,20,peer=1.00;history=0.00 (leg not built),0.9640,
KLAC,2026-08-10,2028-01-21,529,202.7003,0.942976,304,135,0.257,2.171,0.653585,0.989519,direct+peer,0.3469,20,direct=0.44;peer=0.56;history=0.00 (leg not built),0.9781,
KLAC,2026-08-11,2027-01-15,157,203.0369,0.983468,332,121,0.379,2.167,0.215116,0.231728,direct+peer,0.0775,20,direct=0.44;peer=0.56;history=0.00 (leg not built),0.9876,
KLAC,2026-08-11,2027-03-19,220,205.0825,0.976648,254,112,0.351,2.145,0.289724,0.333754,direct+peer,0.1557,20,direct=0.44;peer=0.56;history=0.00 (leg not built),0.9901,
KLAC,2026-08-11,2027-06-17,310,207.3685,0.967096,268,125,0.357,2.122,0.382027,0.481936,direct+peer,0.2262,20,direct=0.44;peer=0.56;history=0.00 (leg not built),0.9845,
KLAC,2026-08-11,2028-01-21,528,212.3704,0.943336,304,137,0.245,2.072,0.593468,,refused,,20,,0.9760,no leg survived: no arbitrage-free fit inside the 0.35 synthetic-share ceiling
KLAC,2026-08-12,2027-01-15,156,211.7234,0.983578,332,114,0.392,2.078,0.204713,0.220603,direct+peer,0.1058,20,direct=0.44;peer=0.56;history=0.00 (leg not built),0.9906,
KLAC,2026-08-12,2027-03-19,219,213.0025,0.976754,254,124,0.343,2.066,0.283961,0.323731,direct+peer,0.1326,20,direct=0.44;peer=0.56;history=0.00 (leg not built),0.9903,
KLAC,2026-08-12,2027-06-17,309,214.2849,0.967203,268,128,0.327,2.053,0.384676,0.490387,peer,0.2180,20,peer=1.00;history=0.00 (leg not built),0.9720,
KLAC,2026-08-12,2028-01-21,527,219.1074,0.943447,304,139,0.237,2.008,0.580236,,refused,,20,,0.9770,no leg survived: no arbitrage-free fit inside the 0.35 synthetic-share ceiling
KMB,2026-08-06,2027-01-15,162,108.3891,0.982886,64,14,0.738,1.384,0.038375,0.036781,direct+peer,0.0883,20,direct=0.44;peer=0.56;history=0.00 (leg not built),0.9940,
KMB,2026-08-06,2027-03-19,225,108.3437,0.976077,50,14,0.692,1.292,0.053273,0.053346,peer,0.1363,20,peer=1.00;history=0.00 (leg not built),0.9956,
KMB,2026-08-06,2027-06-17,315,108.4478,0.966391,48,12,0.738,1.245,0.071674,0.081365,direct+peer,0.3159,20,direct=0.44;peer=0.56;history=0.00 (leg not built),0.9965,
KMB,2026-08-06,2028-01-21,533,108.3906,0.942385,56,19,0.646,1.522,0.122667,0.131487,peer,0.1631,20,peer=1.00;history=0.00 (leg not built),0.9860,
KMB,2026-08-07,2027-01-15,161,109.2541,0.983121,64,13,0.732,1.373,0.037015,0.034560,direct+peer,0.0588,20,direct=0.44;peer=0.56;history=0.00 (leg not built),0.9955,
KMB,2026-08-07,2027-03-19,224,108.8905,0.976383,50,13,0.689,1.240,0.050012,0.049950,direct+peer,0.1538,20,direct=0.44;peer=0.56;history=0.00 (leg not built),0.9970,
KMB,2026-08-07,2027-06-17,314,109.3105,0.966854,48,14,0.732,1.326,0.071260,0.070667,peer,0.1538,20,peer=1.00;history=0.00 (leg not built),0.9945,
KMB,2026-08-07,2028-01-21,532,109.6289,0.943217,56,19,0.639,1.505,0.123103,0.126207,peer,0.1275,20,peer=1.00;history=0.00 (leg not built),0.9974,
KMB,2026-08-10,2027-01-15,158,108.0339,0.983317,64,12,0.741,1.250,0.033950,0.032805,direct+peer,0.1118,20,direct=0.44;peer=0.56;history=0.00 (leg not built),0.9914,
KMB,2026-08-10,2027-03-19,221,107.7300,0.976485,50,11,0.696,1.207,0.046723,0.048989,direct+peer,0.2018,20,direct=0.44;peer=0.56;history=0.00 (leg not built),0.9940,
KMB,2026-08-10,2027-06-17,311,108.2073,0.966911,48,13,0.693,1.248,0.067737,0.069198,direct+peer,0.2203,20,direct=0.44;peer=0.56;history=0.00 (leg not built),0.9950,
KMB,2026-08-10,2028-01-21,529,107.6493,0.942976,56,18,0.650,1.440,0.117924,0.118654,peer,0.1451,20,peer=1.00;history=0.00 (leg not built),0.9924,
KMB,2026-08-11,2027-01-15,157,108.2629,0.983468,64,12,0.739,1.247,0.033269,0.032034,direct+peer,0.1126,20,direct=0.44;peer=0.56;history=0.00 (leg not built),0.9929,
KMB,2026-08-11,2027-03-19,220,107.4061,0.976648,50,10,0.698,1.210,0.046764,0.048788,peer,0.1960,20,peer=1.00;history=0.00 (leg not built),0.9935,
KMB,2026-08-11,2027-06-17,310,107.9147,0.967096,48,12,0.695,1.205,0.063708,0.071258,peer,0.2457,20,peer=1.00;history=0.00 (leg not built),0.9989,
KMB,2026-08-11,2028-01-21,528,107.9152,0.943336,56,19,0.649,1.529,0.123284,0.129696,direct+peer,0.2604,20,direct=0.44;peer=0.56;history=0.00 (leg not built),0.9920,
KMB,2026-08-12,2027-01-15,156,108.4750,0.983578,64,12,0.784,1.291,0.036192,0.030811,direct+peer,0.1118,20,direct=0.44;peer=0.56;history=0.00 (leg not built),0.9942,
KMB,2026-08-12,2027-03-19,219,108.2937,0.976754,50,10,0.693,1.154,0.042700,0.046147,peer,0.1972,20,peer=1.00;history=0.00 (leg not built),0.9940,
KMB,2026-08-12,2027-06-17,309,108.7938,0.967203,48,11,0.689,1.195,0.061212,0.067399,direct+peer,0.2585,20,direct=0.44;peer=0.56;history=0.00 (leg not built),0.9975,
KMB,2026-08-12,2028-01-21,527,108.9401,0.943447,56,17,0.643,1.515,0.123283,0.120325,peer,0.1310,20,peer=1.00;history=0.00 (leg not built),0.9875,
KO,2026-08-06,2027-01-15,162,87.1561,0.982886,60,27,0.373,1.262,0.021478,0.022023,direct+peer,0.0326,20,direct=0.44;peer=0.56;history=0.00 (leg not built),0.9976,
KO,2026-08-06,2027-02-19,197,87.4694,0.979077,40,19,0.686,1.372,0.029057,0.028014,direct+peer,0.0577,20,direct=0.44;peer=0.56;history=0.00 (leg not built),0.9962,
KO,2026-08-06,2027-03-19,225,87.5256,0.976077,52,17,0.743,1.257,0.033163,0.030633,direct+peer,0.1085,20,direct=0.44;peer=0.56;history=0.00 (leg not built),0.9963,
KO,2026-08-06,2027-06-17,315,87.9605,0.966391,52,23,0.455,1.364,0.042917,0.043234,direct+peer,0.0372,20,direct=0.44;peer=0.56;history=0.00 (leg not built),0.9943,
KO,2026-08-06,2028-01-21,533,88.7266,0.942385,66,32,0.394,1.522,0.074700,0.077060,direct+peer,0.0448,20,direct=0.44;peer=0.56;history=0.00 (leg not built),0.9925,
KO,2026-08-07,2027-01-15,161,87.3840,0.983121,60,23,0.372,1.259,0.020447,0.020739,direct+peer,0.0259,20,direct=0.44;peer=0.56;history=0.00 (leg not built),0.9977,
KO,2026-08-07,2027-02-19,196,87.6787,0.979343,40,17,0.741,1.312,0.028283,0.026325,direct+peer,0.0767,20,direct=0.44;peer=0.56;history=0.00 (leg not built),0.9973,
KO,2026-08-07,2027-03-19,224,87.6844,0.976383,52,20,0.684,1.369,0.032163,0.030946,direct+peer,0.1047,20,direct=0.44;peer=0.56;history=0.00 (leg not built),0.9975,
KO,2026-08-07,2027-06-17,314,88.0844,0.966854,52,23,0.454,1.362,0.042186,0.043128,direct+peer,0.0479,20,direct=0.44;peer=0.56;history=0.00 (leg not built),0.9962,
KO,2026-08-07,2028-01-21,532,89.0723,0.943217,66,32,0.393,1.516,0.074195,0.075617,direct+peer,0.0431,20,direct=0.44;peer=0.56;history=0.00 (leg not built),0.9914,
KO,2026-08-10,2027-01-15,158,87.2600,0.983317,60,27,0.372,1.261,0.020144,0.020451,direct+peer,0.0265,20,direct=0.44;peer=0.56;history=0.00 (leg not built),0.9979,
KO,2026-08-10,2027-02-19,193,87.4847,0.979464,40,19,0.629,1.315,0.026646,0.026397,direct+peer,0.0677,20,direct=0.44;peer=0.56;history=0.00 (leg not built),0.9967,
KO,2026-08-10,2027-03-19,221,87.5870,0.976485,52,20,0.685,1.370,0.031394,0.030011,direct+peer,0.0886,20,direct=0.44;peer=0.56;history=0.00 (leg not built),0.9955,
KO,2026-08-10,2027-06-17,311,87.9757,0.966911,52,26,0.455,1.364,0.041671,0.042154,direct+peer,0.0486,20,direct=0.44;peer=0.56;history=0.00 (leg not built),0.9943,
KO,2026-08-10,2028-01-21,529,88.5949,0.942976,66,33,0.395,1.524,0.073749,0.074873,direct+peer,0.0351,20,direct=0.44;peer=0.56;history=0.00 (leg not built),0.9925,
KO,2026-08-11,2027-01-15,157,87.0262,0.983468,60,21,0.373,1.207,0.019180,0.019602,direct+peer,0.0439,20,direct=0.44;peer=0.56;history=0.00 (leg not built),0.9974,
KO,2026-08-11,2027-02-19,192,87.3387,0.979620,40,17,0.744,1.317,0.027710,0.025479,direct+peer,0.0806,20,direct=0.44;peer=0.56;history=0.00 (leg not built),0.9975,
KO,2026-08-11,2027-03-19,220,87.3925,0.976648,52,20,0.687,1.373,0.030163,0.029210,direct+peer,0.0822,20,direct=0.44;peer=0.56;history=0.00 (leg not built),0.9971,
KO,2026-08-11,2027-06-17,310,87.8257,0.967096,52,26,0.455,1.366,0.040671,0.041148,direct+peer,0.0375,20,direct=0.44;peer=0.56;history=0.00 (leg not built),0.9955,
KO,2026-08-11,2028-01-21,528,88.6714,0.943336,66,30,0.395,1.522,0.070749,0.071070,direct+peer,0.0318,20,direct=0.44;peer=0.56;history=0.00 (leg not built),0.9975,
KO,2026-08-12,2027-01-15,156,87.1320,0.983578,60,26,0.373,1.262,0.019214,0.019488,direct+peer,0.0306,20,direct=0.44;peer=0.56;history=0.00 (leg not built),0.9976,
KO,2026-08-12,2027-02-19,191,87.4306,0.979726,40,20,0.629,1.373,0.025791,0.025046,direct+peer,0.0434,20,direct=0.44;peer=0.56;history=0.00 (leg not built),0.9968,
KO,2026-08-12,2027-03-19,219,87.5768,0.976754,52,19,0.685,1.313,0.029954,0.028373,direct+peer,0.0529,20,direct=0.44;peer=0.56;history=0.00 (leg not built),0.9970,
KO,2026-08-12,2027-06-17,309,87.9342,0.967203,52,26,0.455,1.365,0.040661,0.041069,direct+peer,0.0377,20,direct=0.44;peer=0.56;history=0.00 (leg not built),0.9951,
KO,2026-08-12,2028-01-21,527,88.7454,0.943447,66,33,0.394,1.521,0.072779,0.073387,direct+peer,0.0337,20,direct=0.44;peer=0.56;history=0.00 (leg not built),0.9961,
LIN,2026-08-06,2027-01-15,162,495.9196,0.982886,138,51,0.686,1.412,0.028867,0.027865,direct+peer,0.0416,20,direct=0.44;peer=0.56;history=0.00 (leg not built),0.9968,
LIN,2026-08-06,2027-03-19,225,498.3388,0.976077,88,29,0.682,1.365,0.040697,0.039542,direct+peer,0.0704,20,direct=0.44;peer=0.56;history=0.00 (leg not built),0.9960,
LIN,2026-08-06,2027-06-17,315,501.5356,0.966391,132,54,0.658,1.396,0.055375,0.055312,direct+peer,0.1113,20,direct=0.44;peer=0.56;history=0.00 (leg not built),0.9971,
LIN,2026-08-06,2028-01-21,533,510.2350,0.942385,94,43,0.470,1.568,0.095426,0.099052,direct+peer,0.0911,20,direct=0.44;peer=0.56;history=0.00 (leg not built),0.9974,
LIN,2026-08-07,2027-01-15,161,495.3951,0.983121,138,45,0.707,1.221,0.026085,0.026006,peer,0.0876,20,peer=1.00;history=0.00 (leg not built),0.9977,
LIN,2026-08-07,2027-03-19,224,497.9297,0.976383,88,25,0.723,1.285,0.039283,0.038446,direct+peer,0.1160,20,direct=0.44;peer=0.56;history=0.00 (leg not built),0.9966,
LIN,2026-08-07,2027-06-17,314,501.2493,0.966854,132,51,0.698,1.357,0.055165,0.054008,direct+peer,0.1196,20,direct=0.44;peer=0.56;history=0.00 (leg not built),0.9956,
LIN,2026-08-07,2028-01-21,532,509.8107,0.943217,94,43,0.471,1.569,0.093610,0.096777,direct+peer,0.0845,20,direct=0.44;peer=0.56;history=0.00 (leg not built),0.9950,
LIN,2026-08-10,2027-01-15,158,497.5944,0.983317,138,46,0.703,1.246,0.026948,0.026448,direct+peer,0.0864,20,direct=0.44;peer=0.56;history=0.00 (leg not built),0.9967,
LIN,2026-08-10,2027-03-19,221,499.9049,0.976485,88,26,0.700,1.280,0.038918,0.038439,direct+peer,0.1114,20,direct=0.44;peer=0.56;history=0.00 (leg not built),0.9962,
LIN,2026-08-10,2027-06-17,311,503.1384,0.966911,132,53,0.676,1.391,0.054991,0.052571,direct+peer,0.0912,20,direct=0.44;peer=0.56;history=0.00 (leg not built),0.9949,
LIN,2026-08-10,2028-01-21,529,512.3103,0.942976,94,43,0.547,1.562,0.094466,0.095226,direct+peer,0.0719,20,direct=0.44;peer=0.56;history=0.00 (leg not built),0.9945,
LIN,2026-08-11,2027-01-15,157,495.8330,0.983468,138,48,0.686,1.220,0.026571,0.026960,direct+peer,0.0945,20,direct=0.44;peer=0.56;history=0.00 (leg not built),0.9969,
LIN,2026-08-11,2027-03-19,220,498.4276,0.976648,88,27,0.702,1.324,0.038326,0.038567,direct+peer,0.1353,20,direct=0.44;peer=0.56;history=0.00 (leg not built),0.9954,
LIN,2026-08-11,2027-06-17,310,501.8244,0.967096,132,54,0.658,1.395,0.052932,0.052970,direct+peer,0.0849,20,direct=0.44;peer=0.56;history=0.00 (leg not built),0.9964,
LIN,2026-08-11,2028-01-21,528,510.7951,0.943336,94,42,0.568,1.566,0.093714,0.095060,direct+peer,0.0658,20,direct=0.44;peer=0.56;history=0.00 (leg not built),0.9946,
LIN,2026-08-12,2027-01-15,156,484.8670,0.983578,138,46,0.681,1.444,0.027418,0.027059,direct+peer,0.0384,20,direct=0.44;peer=0.56;history=0.00 (leg not built),0.9970,
LIN,2026-08-12,2027-03-19,219,487.2650,0.976754,88,26,0.718,1.313,0.040042,0.038708,direct+peer,0.1022,20,direct=0.44;peer=0.56;history=0.00 (leg not built),0.9968,
LIN,2026-08-12,2027-06-17,309,490.4613,0.967203,132,52,0.693,1.386,0.055034,0.055055,direct+peer,0.1813,20,direct=0.44;peer=0.56;history=0.00 (leg not built),0.9959,
LIN,2026-08-12,2028-01-21,527,498.7205,0.943447,94,42,0.581,1.604,0.097176,0.096780,direct+peer,0.0766,20,direct=0.44;peer=0.56;history=0.00 (leg not built),0.9943,
LLY,2026-08-06,2027-01-15,162,1208.7902,0.982886,230,83,0.529,1.522,0.067070,0.068713,direct+peer,0.0416,20,direct=0.44;peer=0.56;history=0.00 (leg not built),0.9983,
LLY,2026-08-06,2027-03-19,225,1214.9031,0.976077,198,84,0.494,1.515,0.093434,0.099622,direct+peer,0.0774,20,direct=0.44;peer=0.56;history=0.00 (leg not built),0.9972,
LLY,2026-08-06,2027-06-17,315,1226.6050,0.966391,258,102,0.448,1.500,0.127080,0.145312,direct+peer,0.1358,20,direct=0.44;peer=0.56;history=0.00 (leg not built),0.9971,
LLY,2026-08-06,2027-09-17,407,1239.0415,0.956369,148,65,0.452,1.485,0.160886,0.194172,direct+peer,0.1966,20,direct=0.44;peer=0.56;history=0.00 (leg not built),0.9974,
LLY,2026-08-06,2027-12-17,498,1250.0128,0.946290,216,97,0.336,1.472,0.189551,0.245537,direct+peer,0.2469,20,direct=0.44;peer=0.56;history=0.00 (leg not built),0.9952,
LLY,2026-08-06,2028-01-21,533,1253.7688,0.942385,222,103,0.311,1.468,0.198981,0.263419,peer,0.2461,20,peer=1.00;history=0.00 (leg not built),0.9961,
LLY,2026-08-07,2027-01-15,161,1203.2887,0.983121,230,88,0.490,1.529,0.064675,0.066564,direct+peer,0.0403,20,direct=0.44;peer=0.56;history=0.00 (leg not built),0.9977,
LLY,2026-08-07,2027-03-19,224,1210.3157,0.976383,198,88,0.454,1.520,0.092230,0.099420,direct+peer,0.0910,20,direct=0.44;peer=0.56;history=0.00 (leg not built),0.9977,
LLY,2026-08-07,2027-06-17,314,1221.5676,0.966854,258,105,0.450,1.506,0.126814,0.144759,direct+peer,0.1367,20,direct=0.44;peer=0.56;history=0.00 (leg not built),0.9938,
LLY,2026-08-07,2027-09-17,406,1232.7087,0.957002,148,68,0.397,1.493,0.159523,0.189289,peer,0.1725,20,peer=1.00;history=0.00 (leg not built),0.9968,
LLY,2026-08-07,2027-12-17,497,1244.3526,0.947065,216,101,0.289,1.479,0.188791,0.242604,direct+peer,0.2219,20,direct=0.44;peer=0.56;history=0.00 (leg not built),0.9952,
LLY,2026-08-07,2028-01-21,532,1248.2136,0.943217,222,107,0.288,1.474,0.198721,0.257407,direct+peer,0.2348,20,direct=0.44;peer=0.56;history=0.00 (leg not built),0.9961,
LLY,2026-08-10,2027-01-15,158,1249.2685,0.983317,230,84,0.496,1.473,0.062034,0.064642,direct+peer,0.0565,20,direct=0.44;peer=0.56;history=0.00 (leg not built),0.9979,
LLY,2026-08-10,2027-03-19,221,1256.0288,0.976485,198,85,0.438,1.465,0.087893,0.094966,direct+peer,0.0888,20,direct=0.44;peer=0.56;history=0.00 (leg not built),0.9974,
LLY,2026-08-10,2027-06-17,311,1266.8943,0.966911,258,108,0.395,1.452,0.120892,0.139606,peer,0.1493,20,peer=1.00;history=0.00 (leg not built),0.9938,
LLY,2026-08-10,2027-09-17,403,1279.3759,0.956992,148,68,0.391,1.438,0.151579,0.184662,peer,0.1890,20,peer=1.00;history=0.00 (leg not built),0.9980,
LLY,2026-08-10,2027-12-17,494,1291.2550,0.946894,216,104,0.287,1.425,0.178919,0.234582,direct+peer,0.2448,20,direct=0.44;peer=0.56;history=0.00 (leg not built),0.9973,
LLY,2026-08-10,2028-01-21,529,1295.7935,0.942976,222,110,0.278,1.420,0.188263,0.250795,direct+peer,0.2540,20,direct=0.44;peer=0.56;history=0.00 (leg not built),0.9960,
LLY,2026-08-11,2027-01-15,157,1230.7047,0.983468,230,76,0.569,1.495,0.062229,0.063575,direct+peer,0.0493,20,direct=0.44;peer=0.56;history=0.00 (leg not built),0.9971,
LLY,2026-08-11,2027-03-19,220,1238.0261,0.976648,198,79,0.517,1.486,0.089214,0.094109,direct+peer,0.0818,20,direct=0.44;peer=0.56;history=0.00 (leg not built),0.9972,
LLY,2026-08-11,2027-06-17,310,1249.7324,0.967096,258,98,0.448,1.472,0.121588,0.137440,direct+peer,0.1305,20,direct=0.44;peer=0.56;history=0.00 (leg not built),0.9951,
LLY,2026-08-11,2027-09-17,402,1261.0969,0.957224,148,64,0.460,1.459,0.153131,0.183253,direct+peer,0.1774,20,direct=0.44;peer=0.56;history=0.00 (leg not built),0.9957,
LLY,2026-08-11,2027-12-17,493,1272.6891,0.947215,216,96,0.291,1.446,0.180251,0.235164,direct+peer,0.2421,20,direct=0.44;peer=0.56;history=0.00 (leg not built),0.9964,
LLY,2026-08-11,2028-01-21,528,1276.5253,0.943336,222,99,0.282,1.441,0.190101,0.252253,direct+peer,0.2501,20,direct=0.44;peer=0.56;history=0.00 (leg not built),0.9954,
LLY,2026-08-12,2027-01-15,156,1238.8873,0.983578,230,78,0.565,1.485,0.060605,0.062252,peer,0.0482,20,peer=1.00;history=0.00 (leg not built),0.9983,
LLY,2026-08-12,2027-03-19,219,1245.8271,0.976754,198,81,0.514,1.477,0.087078,0.093306,direct+peer,0.0895,20,direct=0.44;peer=0.56;history=0.00 (leg not built),0.9974,
LLY,2026-08-12,2027-06-17,309,1257.4912,0.967203,258,104,0.429,1.463,0.120391,0.138129,direct+peer,0.1411,20,direct=0.44;peer=0.56;history=0.00 (leg not built),0.9977,
LLY,2026-08-12,2027-09-17,401,1268.5800,0.957333,148,65,0.410,1.450,0.151498,0.181746,direct+peer,0.1897,20,direct=0.44;peer=0.56;history=0.00 (leg not built),0.9975,
LLY,2026-08-12,2027-12-17,492,1278.3697,0.947326,216,101,0.297,1.439,0.180251,0.232743,direct+peer,0.2295,20,direct=0.44;peer=0.56;history=0.00 (leg not built),0.9933,
LLY,2026-08-12,2028-01-21,527,1284.0425,0.943447,222,106,0.280,1.433,0.188557,0.248454,direct+peer,0.2495,20,direct=0.44;peer=0.56;history=0.00 (leg not built),0.9946,
LMT,2026-08-06,2027-01-15,162,585.6308,0.982886,126,43,0.649,1.537,0.040198,0.039714,peer,0.0300,20,peer=1.00;history=0.00 (leg not built),0.9976,
LMT,2026-08-06,2027-03-19,225,587.2896,0.976077,158,63,0.681,1.669,0.058499,0.056303,direct+peer,0.0735,20,direct=0.44;peer=0.56;history=0.00 (leg not built),0.9929,
LMT,2026-08-06,2027-05-21,288,590.7555,0.969304,200,77,0.567,1.557,0.071560,0.078718,direct+peer,0.2056,20,direct=0.44;peer=0.56;history=0.00 (leg not built),0.9953,
LMT,2026-08-06,2027-06-17,315,590.3564,0.966391,100,38,0.644,1.457,0.076997,0.076702,peer,0.0698,20,peer=1.00;history=0.00 (leg not built),0.9949,
LMT,2026-08-06,2028-01-21,533,598.5203,0.942385,124,50,0.585,1.637,0.128620,0.134222,direct+peer,0.0903,20,direct=0.44;peer=0.56;history=0.00 (leg not built),0.9952,
LMT,2026-08-07,2027-01-15,161,590.0678,0.983121,126,37,0.576,1.525,0.038596,0.038408,direct+peer,0.0446,20,direct=0.44;peer=0.56;history=0.00 (leg not built),0.9980,
LMT,2026-08-07,2027-03-19,224,592.1941,0.976383,158,55,0.659,1.418,0.053713,0.055244,peer,0.0724,20,peer=1.00;history=0.00 (leg not built),0.9949,
LMT,2026-08-07,2027-05-21,287,595.4550,0.969715,200,74,0.588,1.579,0.071505,0.071609,peer,0.0495,20,peer=1.00;history=0.00 (leg not built),0.9957,
LMT,2026-08-07,2027-06-17,314,595.4434,0.966854,100,36,0.621,1.411,0.075464,0.077388,peer,0.0989,20,peer=1.00;history=0.00 (leg not built),0.9963,
LMT,2026-08-07,2028-01-21,532,603.3809,0.943217,124,48,0.613,1.624,0.130484,0.131972,direct+peer,0.0884,20,direct=0.44;peer=0.56;history=0.00 (leg not built),0.9963,
LMT,2026-08-10,2027-01-15,158,606.0677,0.983317,126,49,0.561,1.617,0.038588,0.039416,peer,0.0276,20,peer=1.00;history=0.00 (leg not built),0.9960,
LMT,2026-08-10,2027-03-19,221,607.7479,0.976485,158,72,0.559,1.613,0.054911,0.057071,direct+peer,0.0732,20,direct=0.44;peer=0.56;history=0.00 (leg not built),0.9942,
LMT,2026-08-10,2027-05-21,284,611.3678,0.969783,200,82,0.572,1.538,0.068817,0.072261,direct+peer,0.0745,20,direct=0.44;peer=0.56;history=0.00 (leg not built),0.9955,
LMT,2026-08-10,2027-06-17,311,611.4422,0.966911,100,40,0.458,1.407,0.070656,0.077246,peer,0.0926,20,peer=1.00;history=0.00 (leg not built),0.9962,
LMT,2026-08-10,2028-01-21,529,619.7113,0.942976,124,55,0.484,1.581,0.124160,0.131695,direct+peer,0.0849,20,direct=0.44;peer=0.56;history=0.00 (leg not built),0.9962,
LMT,2026-08-11,2027-01-15,157,599.9944,0.983468,126,44,0.583,1.633,0.038368,0.037827,direct+peer,0.0396,20,direct=0.44;peer=0.56;history=0.00 (leg not built),0.9973,
LMT,2026-08-11,2027-03-19,220,601.5803,0.976648,158,62,0.565,1.463,0.052299,0.053987,peer,0.0413,20,peer=1.00;history=0.00 (leg not built),0.9953,
LMT,2026-08-11,2027-05-21,283,605.1850,0.969962,200,74,0.603,1.487,0.071367,0.069559,peer,0.0555,20,peer=1.00;history=0.00 (leg not built),0.9960,
LMT,2026-08-11,2027-06-17,310,605.6973,0.967096,102,41,0.594,1.453,0.073019,0.075881,peer,0.0790,20,peer=1.00;history=0.00 (leg not built),0.9954,
LMT,2026-08-11,2028-01-21,528,613.4511,0.943336,124,54,0.473,1.598,0.123728,0.131361,peer,0.0777,20,peer=1.00;history=0.00 (leg not built),0.9949,
LMT,2026-08-12,2027-01-15,156,611.5363,0.983578,126,40,0.572,1.472,0.035630,0.035797,peer,0.0262,20,peer=1.00;history=0.00 (leg not built),0.9969,
LMT,2026-08-12,2027-03-19,219,613.6513,0.976754,158,52,0.652,1.467,0.052852,0.052231,direct+peer,0.0523,20,direct=0.44;peer=0.56;history=0.00 (leg not built),0.9968,
LMT,2026-08-12,2027-05-21,282,616.1430,0.970068,200,68,0.657,1.396,0.067674,0.067796,peer,0.0879,20,peer=1.00;history=0.00 (leg not built),0.9954,
LMT,2026-08-12,2027-06-17,309,617.3520,0.967203,102,35,0.648,1.425,0.072739,0.074546,peer,0.0904,20,peer=1.00;history=0.00 (leg not built),0.9962,
LMT,2026-08-12,2028-01-21,527,625.0877,0.943447,124,50,0.432,1.568,0.122397,0.130093,direct+peer,0.0764,20,direct=0.44;peer=0.56;history=0.00 (leg not built),0.9972,
LOW,2026-08-06,2027-01-15,162,220.5087,0.982886,84,25,0.658,1.497,0.052169,0.051082,peer,0.0510,20,peer=1.00;history=0.00 (leg not built),0.9987,
LOW,2026-08-06,2027-03-19,225,220.8708,0.976077,72,25,0.566,1.449,0.068140,0.071711,direct+peer,0.1001,20,direct=0.44;peer=0.56;history=0.00 (leg not built),0.9993,
LOW,2026-08-06,2027-06-17,315,221.9316,0.966391,86,32,0.473,1.622,0.096831,0.101829,direct+peer,0.0686,20,direct=0.44;peer=0.56;history=0.00 (leg not built),0.9983,
LOW,2026-08-06,2028-01-21,533,225.5255,0.942385,86,39,0.488,1.862,0.163087,0.169897,direct+peer,0.0618,20,direct=0.44;peer=0.56;history=0.00 (leg not built),0.9975,
LOW,2026-08-07,2027-01-15,161,225.7448,0.983121,84,27,0.598,1.683,0.049560,0.048615,direct+peer,0.0279,20,direct=0.44;peer=0.56;history=0.00 (leg not built),0.9983,
LOW,2026-08-07,2027-03-19,224,226.0910,0.976383,72,31,0.553,1.637,0.069170,0.069734,peer,0.0341,20,peer=1.00;history=0.00 (leg not built),0.9985,
LOW,2026-08-07,2027-06-17,314,227.1385,0.966854,86,39,0.484,1.805,0.097485,0.104379,direct+peer,0.1454,20,direct=0.44;peer=0.56;history=0.00 (leg not built),0.9951,
LOW,2026-08-07,2028-01-21,532,230.7775,0.943217,86,42,0.455,1.863,0.162644,0.165635,peer,0.0487,20,peer=1.00;history=0.00 (leg not built),0.9962,
LOW,2026-08-10,2027-01-15,158,221.3729,0.983317,84,33,0.542,1.762,0.048209,0.047966,direct+peer,0.0148,20,direct=0.44;peer=0.56;history=0.00 (leg not built),0.9964,
LOW,2026-08-10,2027-03-19,221,221.8946,0.976485,72,35,0.518,1.667,0.068325,0.072655,direct+peer,0.1189,20,direct=0.44;peer=0.56;history=0.00 (leg not built),0.9985,
LOW,2026-08-10,2027-06-17,311,222.8786,0.966911,86,38,0.471,1.929,0.097054,0.098002,direct+peer,0.0206,20,direct=0.44;peer=0.56;history=0.00 (leg not built),0.9953,
LOW,2026-08-10,2028-01-21,529,225.6521,0.942976,86,43,0.465,1.906,0.159595,0.164755,peer,0.0489,20,peer=1.00;history=0.00 (leg not built),0.9966,
LOW,2026-08-11,2027-01-15,157,223.6266,0.983468,84,26,0.604,1.744,0.048788,0.048460,direct+peer,0.0228,20,direct=0.44;peer=0.56;history=0.00 (leg not built),0.9971,
LOW,2026-08-11,2027-03-19,220,224.5735,0.976648,72,25,0.579,1.425,0.065432,0.068050,direct+peer,0.0827,20,direct=0.44;peer=0.56;history=0.00 (leg not built),0.9974,
LOW,2026-08-11,2027-06-17,310,225.5020,0.967096,86,30,0.532,1.685,0.096809,0.097442,peer,0.0558,20,peer=1.00;history=0.00 (leg not built),0.9944,
LOW,2026-08-11,2028-01-21,528,229.1696,0.943336,86,38,0.458,1.833,0.158638,0.175284,direct+peer,0.1831,20,direct=0.44;peer=0.56;history=0.00 (leg not built),0.9922,
LOW,2026-08-12,2027-01-15,156,218.6783,0.983578,84,24,0.617,1.509,0.046795,0.046804,direct+peer,0.0427,20,direct=0.44;peer=0.56;history=0.00 (leg not built),0.9966,
LOW,2026-08-12,2027-03-19,219,219.2492,0.976754,72,22,0.707,1.460,0.070379,0.067294,peer,0.0922,20,peer=1.00;history=0.00 (leg not built),0.9996,
LOW,2026-08-12,2027-06-17,309,220.3619,0.967203,86,30,0.567,1.543,0.092688,0.094128,direct+peer,0.0686,20,direct=0.44;peer=0.56;history=0.00 (leg not built),0.9934,
LOW,2026-08-12,2028-01-21,527,223.8688,0.943447,86,38,0.536,1.921,0.159740,0.162904,direct+peer,0.0617,20,direct=0.44;peer=0.56;history=0.00 (leg not built),0.9949,
LRCX,2026-08-06,2027-01-15,162,311.6533,0.982886,248,66,0.128,1.925,0.261023,0.306563,direct+peer,0.1490,20,direct=0.44;peer=0.56;history=0.00 (leg not built),0.9991,
LRCX,2026-08-06,2027-03-19,225,313.6985,0.976077,118,58,0.367,1.913,0.346251,0.447809,direct+peer,0.2411,20,direct=0.44;peer=0.56;history=0.00 (leg not built),0.9983,
LRCX,2026-08-06,2027-06-17,315,316.6163,0.966391,118,59,0.347,1.895,0.445084,0.646235,direct,0.3215,20,direct=1.00;history=0.00 (leg not built),0.9980,
LRCX,2026-08-06,2028-01-21,533,322.6688,0.942385,136,68,0.201,1.859,0.648884,,refused,,20,,0.9967,no leg survived: no arbitrage-free fit inside the 0.35 synthetic-share ceiling
LRCX,2026-08-07,2027-01-15,161,316.0839,0.983121,248,78,0.095,1.898,0.237667,0.292531,direct+peer,0.1858,20,direct=0.44;peer=0.56;history=0.00 (leg not built),0.9954,
LRCX,2026-08-07,2027-03-19,224,317.9055,0.976383,118,59,0.346,1.887,0.320170,0.407390,direct+peer,0.2265,20,direct=0.44;peer=0.56;history=0.00 (leg not built),0.9991,
LRCX,2026-08-07,2027-06-17,314,320.9360,0.966854,118,59,0.343,1.870,0.418046,0.590390,direct+peer,0.3082,20,direct=0.44;peer=0.56;history=0.00 (leg not built),0.9979,
LRCX,2026-08-07,2028-01-21,532,328.0015,0.943217,136,68,0.198,1.829,0.609123,,refused,,20,,0.9975,no leg survived: no arbitrage-free fit inside the 0.35 synthetic-share ceiling
LRCX,2026-08-10,2027-01-15,158,311.7441,0.983317,248,80,0.096,1.925,0.224243,0.263505,direct+peer,0.1654,20,direct=0.44;peer=0.56;history=0.00 (leg not built),0.9978,
LRCX,2026-08-10,2027-03-19,221,313.7584,0.976485,118,59,0.351,1.912,0.304778,0.388127,direct+peer,0.2231,20,direct=0.44;peer=0.56;history=0.00 (leg not built),0.9990,
LRCX,2026-08-10,2027-06-17,311,316.9284,0.966911,118,59,0.347,1.893,0.399557,0.564842,direct+peer,0.3238,20,direct=0.44;peer=0.56;history=0.00 (leg not built),0.9983,
LRCX,2026-08-10,2028-01-21,529,323.5420,0.942976,136,66,0.201,1.854,0.594054,,refused,,20,,0.9963,no leg survived: no arbitrage-free fit inside the 0.35 synthetic-share ceiling
LRCX,2026-08-11,2027-01-15,157,316.9852,0.983468,248,65,0.110,1.893,0.205290,0.229609,direct+peer,0.1202,20,direct=0.44;peer=0.56;history=0.00 (leg not built),0.9983,
LRCX,2026-08-11,2027-03-19,220,319.2116,0.976648,118,58,0.345,1.880,0.278689,0.355842,direct+peer,0.2304,20,direct=0.44;peer=0.56;history=0.00 (leg not built),0.9991,
LRCX,2026-08-11,2027-06-17,310,322.2904,0.967096,118,59,0.341,1.862,0.367343,0.498774,direct+peer,0.2802,20,direct=0.44;peer=0.56;history=0.00 (leg not built),0.9979,
LRCX,2026-08-11,2028-01-21,528,328.8604,0.943336,136,66,0.198,1.824,0.557064,,refused,,20,,0.9979,no leg survived: no arbitrage-free fit inside the 0.35 synthetic-share ceiling
LRCX,2026-08-12,2027-01-15,156,331.4030,0.983578,248,60,0.106,1.810,0.198664,0.224293,direct+peer,0.1161,20,direct=0.44;peer=0.56;history=0.00 (leg not built),0.9981,
LRCX,2026-08-12,2027-03-19,219,333.3478,0.976754,118,54,0.405,1.800,0.270589,0.333512,direct+peer,0.1962,20,direct=0.44;peer=0.56;history=0.00 (leg not built),0.9987,
LRCX,2026-08-12,2027-06-17,309,336.5416,0.967203,118,59,0.327,1.783,0.356797,0.495416,direct+peer,0.3011,20,direct=0.44;peer=0.56;history=0.00 (leg not built),0.9984,
LRCX,2026-08-12,2028-01-21,527,343.7575,0.943447,136,66,0.204,1.745,0.531378,,refused,,20,,0.9981,no leg survived: no arbitrage-free fit inside the 0.35 synthetic-share ceiling
MA,2026-08-06,2027-01-15,162,583.5484,0.982886,150,60,0.634,1.439,0.028435,0.027975,direct+peer,0.0375,20,direct=0.44;peer=0.56;history=0.00 (leg not built),0.9943,
MA,2026-08-06,2027-03-19,225,586.5565,0.976077,104,42,0.597,1.432,0.041341,0.041184,direct+peer,0.0493,20,direct=0.44;peer=0.56;history=0.00 (leg not built),0.9956,
MA,2026-08-06,2027-06-17,315,591.8626,0.966391,106,46,0.524,1.487,0.060711,0.062839,direct+peer,0.0678,20,direct=0.44;peer=0.56;history=0.00 (leg not built),0.9915,
MA,2026-08-06,2027-12-17,498,602.7476,0.946290,108,47,0.514,1.460,0.096026,0.102970,direct+peer,0.0914,20,direct=0.44;peer=0.56;history=0.00 (leg not built),0.9918,
MA,2026-08-06,2028-01-21,533,604.1325,0.942385,110,49,0.480,1.457,0.104251,0.114749,direct+peer,0.1455,20,direct=0.44;peer=0.56;history=0.00 (leg not built),0.9934,
MA,2026-08-07,2027-01-15,161,571.1392,0.983121,150,59,0.648,1.471,0.027856,0.027499,direct+peer,0.0528,20,direct=0.44;peer=0.56;history=0.00 (leg not built),0.9964,
MA,2026-08-07,2027-03-19,224,574.8108,0.976383,104,44,0.574,1.461,0.039666,0.039882,direct+peer,0.0483,20,direct=0.44;peer=0.56;history=0.00 (leg not built),0.9964,
MA,2026-08-07,2027-06-17,314,579.5633,0.966854,106,45,0.500,1.518,0.058499,0.061987,direct+peer,0.1327,20,direct=0.44;peer=0.56;history=0.00 (leg not built),0.9938,
MA,2026-08-07,2027-12-17,497,589.8240,0.947065,108,45,0.559,1.492,0.095183,0.099862,peer,0.0958,20,peer=1.00;history=0.00 (leg not built),0.9921,
MA,2026-08-07,2028-01-21,532,591.9084,0.943217,110,50,0.473,1.487,0.102761,0.111590,direct+peer,0.1575,20,direct=0.44;peer=0.56;history=0.00 (leg not built),0.9958,
MA,2026-08-10,2027-01-15,158,570.4475,0.983317,150,61,0.614,1.437,0.026862,0.026664,direct+peer,0.0235,20,direct=0.44;peer=0.56;history=0.00 (leg not built),0.9966,
MA,2026-08-10,2027-03-19,221,574.1987,0.976485,104,44,0.575,1.463,0.038973,0.039274,direct+peer,0.0468,20,direct=0.44;peer=0.56;history=0.00 (leg not built),0.9975,
MA,2026-08-10,2027-06-17,311,579.3737,0.966911,106,45,0.518,1.519,0.058145,0.057028,peer,0.0265,20,peer=1.00;history=0.00 (leg not built),0.9923,
MA,2026-08-10,2027-12-17,494,589.1434,0.946894,108,49,0.475,1.494,0.092855,0.096926,direct+peer,0.0659,20,direct=0.44;peer=0.56;history=0.00 (leg not built),0.9930,
MA,2026-08-10,2028-01-21,529,591.2019,0.942976,110,52,0.423,1.488,0.099945,0.110054,direct+peer,0.1744,20,direct=0.44;peer=0.56;history=0.00 (leg not built),0.9938,
MA,2026-08-11,2027-01-15,157,570.2169,0.983468,150,58,0.649,1.403,0.026906,0.026448,direct+peer,0.0331,20,direct=0.44;peer=0.56;history=0.00 (leg not built),0.9971,
MA,2026-08-11,2027-03-19,220,573.6203,0.976648,104,43,0.593,1.464,0.039281,0.039119,peer,0.0318,20,peer=1.00;history=0.00 (leg not built),0.9979,
MA,2026-08-11,2027-06-17,310,578.8166,0.967096,106,41,0.605,1.486,0.058855,0.059144,peer,0.0552,20,peer=1.00;history=0.00 (leg not built),0.9955,
MA,2026-08-11,2027-12-17,493,588.4868,0.947215,108,43,0.561,1.495,0.094932,0.100322,direct+peer,0.1625,20,direct=0.44;peer=0.56;history=0.00 (leg not built),0.9918,
MA,2026-08-11,2028-01-21,528,589.4994,0.943336,110,48,0.458,1.493,0.098526,0.104662,direct+peer,0.0862,20,direct=0.44;peer=0.56;history=0.00 (leg not built),0.9900,
MA,2026-08-12,2027-01-15,156,568.2106,0.983578,150,57,0.669,1.408,0.026324,0.025884,direct+peer,0.0390,20,direct=0.44;peer=0.56;history=0.00 (leg not built),0.9939,
MA,2026-08-12,2027-03-19,219,572.3328,0.976754,104,42,0.612,1.468,0.038267,0.037897,direct+peer,0.0357,20,direct=0.44;peer=0.56;history=0.00 (leg not built),0.9976,
MA,2026-08-12,2027-06-17,309,575.8758,0.967203,106,41,0.642,1.528,0.060727,0.058711,direct+peer,0.0811,20,direct=0.44;peer=0.56;history=0.00 (leg not built),0.9954,
MA,2026-08-12,2027-12-17,492,586.2878,0.947326,108,48,0.512,1.501,0.091833,0.096084,direct+peer,0.0716,20,direct=0.44;peer=0.56;history=0.00 (leg not built),0.9917,
MA,2026-08-12,2028-01-21,527,587.6917,0.943447,110,47,0.545,1.497,0.100387,0.103511,direct+peer,0.0817,20,direct=0.44;peer=0.56;history=0.00 (leg not built),0.9908,
MAR,2026-08-06,2027-01-15,162,365.7879,0.982886,110,22,0.601,1.258,0.037904,0.038838,direct+peer,0.0647,20,direct=0.44;peer=0.56;history=0.00 (leg not built),0.9961,
MAR,2026-08-06,2027-03-19,225,367.9612,0.976077,86,28,0.544,1.332,0.057385,0.058229,peer,0.0670,20,peer=1.00;history=0.00 (leg not built),0.9965,
MAR,2026-08-06,2027-06-17,315,371.4487,0.966391,82,31,0.565,1.400,0.082805,0.086659,direct+peer,0.1058,20,direct=0.44;peer=0.56;history=0.00 (leg not built),0.9979,
MAR,2026-08-06,2028-01-21,533,380.0637,0.942385,98,46,0.395,1.579,0.144359,0.164367,direct+peer,0.1875,20,direct=0.44;peer=0.56;history=0.00 (leg not built),0.9965,
MAR,2026-08-07,2027-01-15,161,359.3592,0.983121,110,22,0.640,1.252,0.039070,0.038735,peer,0.0809,20,peer=1.00;history=0.00 (leg not built),0.9980,
MAR,2026-08-07,2027-03-19,224,361.5670,0.976383,86,27,0.608,1.328,0.056856,0.058988,direct+peer,0.1446,20,direct=0.44;peer=0.56;history=0.00 (leg not built),0.9977,
MAR,2026-08-07,2027-06-17,314,365.2423,0.966854,82,31,0.534,1.369,0.079747,0.082689,direct+peer,0.0920,20,direct=0.44;peer=0.56;history=0.00 (leg not built),0.9954,
MAR,2026-08-07,2028-01-21,532,373.3396,0.943217,98,44,0.388,1.607,0.142251,0.148593,direct+peer,0.0607,20,direct=0.44;peer=0.56;history=0.00 (leg not built),0.9950,
MAR,2026-08-10,2027-01-15,158,353.9662,0.983317,110,27,0.593,1.328,0.038835,0.038807,direct+peer,0.0534,20,direct=0.44;peer=0.56;history=0.00 (leg not built),0.9965,
MAR,2026-08-10,2027-03-19,221,355.8217,0.976485,86,33,0.534,1.405,0.057615,0.057956,direct+peer,0.0516,20,direct=0.44;peer=0.56;history=0.00 (leg not built),0.9974,
MAR,2026-08-10,2027-06-17,311,359.0899,0.966911,82,36,0.487,1.559,0.083447,0.084008,direct+peer,0.0417,20,direct=0.44;peer=0.56;history=0.00 (leg not built),0.9972,
MAR,2026-08-10,2028-01-21,529,367.4761,0.942976,98,48,0.381,1.633,0.142734,0.148379,direct+peer,0.0622,20,direct=0.44;peer=0.56;history=0.00 (leg not built),0.9941,
MAR,2026-08-11,2027-01-15,157,354.9417,0.983468,110,19,0.733,1.240,0.038618,0.037142,direct+peer,0.1222,20,direct=0.44;peer=0.56;history=0.00 (leg not built),0.9980,
MAR,2026-08-11,2027-03-19,220,356.9283,0.976648,86,26,0.588,1.317,0.055818,0.056843,peer,0.0828,20,peer=1.00;history=0.00 (leg not built),0.9992,
MAR,2026-08-11,2027-06-17,310,360.2999,0.967096,82,29,0.611,1.388,0.079995,0.081675,direct+peer,0.1113,20,direct=0.44;peer=0.56;history=0.00 (leg not built),0.9954,
MAR,2026-08-11,2028-01-21,528,368.3569,0.943336,98,41,0.380,1.575,0.138272,0.148377,direct+peer,0.1045,20,direct=0.44;peer=0.56;history=0.00 (leg not built),0.9935,
MAR,2026-08-12,2027-01-15,156,360.0508,0.983578,110,18,0.722,1.194,0.035608,0.035632,direct+peer,0.1479,20,direct=0.44;peer=0.56;history=0.00 (leg not built),0.9981,
MAR,2026-08-12,2027-03-19,219,362.3650,0.976754,86,26,0.635,1.325,0.054229,0.054173,direct+peer,0.1014,20,direct=0.44;peer=0.56;history=0.00 (leg not built),0.9979,
MAR,2026-08-12,2027-06-17,309,365.7403,0.967203,82,29,0.602,1.367,0.076597,0.077702,direct+peer,0.0961,20,direct=0.44;peer=0.56;history=0.00 (leg not built),0.9971,
MAR,2026-08-12,2028-01-21,527,373.9748,0.943447,98,43,0.388,1.604,0.135985,0.147571,peer,0.0805,20,peer=1.00;history=0.00 (leg not built),0.9957,
MCD,2026-08-06,2027-01-15,162,277.6260,0.982886,82,20,0.702,1.405,0.027176,0.026896,peer,0.0433,20,peer=1.00;history=0.00 (leg not built),0.9987,
MCD,2026-08-06,2027-03-19,225,278.6023,0.976077,106,40,0.610,1.472,0.038047,0.038883,peer,0.0439,20,peer=1.00;history=0.00 (leg not built),0.9970,
MCD,2026-08-06,2027-06-17,315,280.1293,0.966391,78,28,0.607,1.499,0.053490,0.054069,direct+peer,0.0598,20,direct=0.44;peer=0.56;history=0.00 (leg not built),0.9966,
MCD,2026-08-06,2027-12-17,498,282.8621,0.946290,84,37,0.513,1.591,0.085396,0.091940,direct+peer,0.1431,20,direct=0.44;peer=0.56;history=0.00 (leg not built),0.9951,
MCD,2026-08-06,2028-01-21,533,283.4752,0.942385,86,40,0.494,1.764,0.091868,0.097047,direct+peer,0.0840,20,direct=0.44;peer=0.56;history=0.00 (leg not built),0.9987,
MCD,2026-08-07,2027-01-15,161,275.5838,0.983121,82,26,0.544,1.451,0.025276,0.025616,direct+peer,0.0192,20,direct=0.44;peer=0.56;history=0.00 (leg not built),0.9991,
MCD,2026-08-07,2027-03-19,224,276.5948,0.976383,106,43,0.597,1.446,0.036274,0.036937,direct+peer,0.0390,20,direct=0.44;peer=0.56;history=0.00 (leg not built),0.9969,
MCD,2026-08-07,2027-06-17,314,277.9056,0.966854,78,31,0.594,1.763,0.052719,0.052816,direct+peer,0.0368,20,direct=0.44;peer=0.56;history=0.00 (leg not built),0.9977,
MCD,2026-08-07,2027-12-17,497,280.9679,0.947065,84,38,0.516,1.637,0.084258,0.087816,direct+peer,0.1081,20,direct=0.44;peer=0.56;history=0.00 (leg not built),0.9947,
MCD,2026-08-07,2028-01-21,532,281.5991,0.943217,86,43,0.497,1.776,0.090983,0.092281,direct+peer,0.0417,20,direct=0.44;peer=0.56;history=0.00 (leg not built),0.9961,
MCD,2026-08-10,2027-01-15,158,274.8391,0.983317,82,23,0.655,1.383,0.024877,0.025341,direct+peer,0.0348,20,direct=0.44;peer=0.56;history=0.00 (leg not built),0.9989,
MCD,2026-08-10,2027-03-19,221,275.3255,0.976485,106,41,0.672,1.453,0.037148,0.036830,direct+peer,0.0572,20,direct=0.44;peer=0.56;history=0.00 (leg not built),0.9965,
MCD,2026-08-10,2027-06-17,311,277.1473,0.966911,78,31,0.559,1.696,0.052360,0.051907,direct+peer,0.0147,20,direct=0.44;peer=0.56;history=0.00 (leg not built),0.9971,
MCD,2026-08-10,2027-12-17,494,280.0088,0.946894,84,37,0.536,1.679,0.085030,0.084789,direct+peer,0.0286,20,direct=0.44;peer=0.56;history=0.00 (leg not built),0.9980,
MCD,2026-08-10,2028-01-21,529,280.3623,0.942976,86,41,0.517,1.783,0.090997,0.091175,peer,0.0276,20,peer=1.00;history=0.00 (leg not built),0.9974,
MCD,2026-08-11,2027-01-15,157,275.1447,0.983468,82,22,0.654,1.454,0.024376,0.024270,direct+peer,0.0328,20,direct=0.44;peer=0.56;history=0.00 (leg not built),0.9989,
MCD,2026-08-11,2027-03-19,220,275.8008,0.976648,106,43,0.598,1.450,0.035245,0.035553,direct+peer,0.0394,20,direct=0.44;peer=0.56;history=0.00 (leg not built),0.9960,
MCD,2026-08-11,2027-06-17,310,277.0789,0.967096,78,33,0.577,1.624,0.051110,0.062229,direct+peer,0.2688,20,direct=0.44;peer=0.56;history=0.00 (leg not built),0.9960,
MCD,2026-08-11,2027-12-17,493,279.7625,0.947215,84,40,0.518,1.787,0.084005,0.084131,direct+peer,0.0278,20,direct=0.44;peer=0.56;history=0.00 (leg not built),0.9944,
MCD,2026-08-11,2028-01-21,528,280.9187,0.943336,86,42,0.498,1.780,0.089540,0.090023,direct+peer,0.0262,20,direct=0.44;peer=0.56;history=0.00 (leg not built),0.9937,
MCD,2026-08-12,2027-01-15,156,276.6025,0.983578,82,26,0.651,1.663,0.024931,0.024734,direct+peer,0.0145,20,direct=0.44;peer=0.56;history=0.00 (leg not built),0.9994,
MCD,2026-08-12,2027-03-19,219,277.4442,0.976754,106,40,0.595,1.586,0.035974,0.035739,peer,0.0181,20,peer=1.00;history=0.00 (leg not built),0.9958,
MCD,2026-08-12,2027-06-17,309,278.8455,0.967203,78,29,0.556,1.578,0.052241,0.053410,peer,0.0374,20,peer=1.00;history=0.00 (leg not built),0.9968,
MCD,2026-08-12,2027-12-17,492,281.5658,0.947326,84,39,0.515,1.705,0.084531,0.085170,direct+peer,0.0290,20,direct=0.44;peer=0.56;history=0.00 (leg not built),0.9961,
MCD,2026-08-12,2028-01-21,527,282.0227,0.943447,86,42,0.496,1.773,0.091864,0.092354,direct+peer,0.0263,20,direct=0.44;peer=0.56;history=0.00 (leg not built),0.9971,
MCK,2026-08-06,2027-01-15,162,885.4504,0.982886,170,31,0.452,1.287,0.040432,0.042391,peer,0.0612,20,peer=1.00;history=0.00 (leg not built),0.9972,
MCK,2026-08-06,2027-02-19,197,890.0457,0.979077,118,45,0.652,1.326,0.055275,0.056606,peer,0.1110,20,peer=1.00;history=0.00 (leg not built),0.9978,
MCK,2026-08-06,2027-03-19,225,891.2990,0.976077,132,38,0.628,1.369,0.062143,0.062450,peer,0.0928,20,peer=1.00;history=0.00 (leg not built),0.9971,
MCK,2026-08-06,2027-06-17,315,899.4604,0.966391,124,45,0.600,1.445,0.087169,0.088618,direct+peer,0.1140,20,direct=0.44;peer=0.56;history=0.00 (leg not built),0.9963,
MCK,2026-08-06,2028-01-21,533,918.8555,0.942385,170,77,0.468,1.589,0.145467,0.153383,direct+peer,0.0903,20,direct=0.44;peer=0.56;history=0.00 (leg not built),0.9962,
MCK,2026-08-07,2027-01-15,161,885.4055,0.983121,170,27,0.452,1.288,0.039025,0.040075,peer,0.0635,20,peer=1.00;history=0.00 (leg not built),0.9973,
MCK,2026-08-07,2027-02-19,196,888.4930,0.979343,118,44,0.698,1.351,0.054169,0.053336,direct+peer,0.1063,20,direct=0.44;peer=0.56;history=0.00 (leg not built),0.9986,
MCK,2026-08-07,2027-03-19,224,889.8752,0.976383,132,36,0.663,1.371,0.060823,0.060205,peer,0.0770,20,peer=1.00;history=0.00 (leg not built),0.9977,
MCK,2026-08-07,2027-06-17,314,898.5816,0.966854,124,47,0.545,1.469,0.083446,0.085818,direct+peer,0.0715,20,direct=0.44;peer=0.56;history=0.00 (leg not built),0.9971,
MCK,2026-08-07,2028-01-21,532,916.9936,0.943217,170,77,0.469,1.592,0.142487,0.149499,direct+peer,0.0708,20,direct=0.44;peer=0.56;history=0.00 (leg not built),0.9950,
MCK,2026-08-10,2027-01-15,158,892.0023,0.983317,170,28,0.448,1.300,0.039317,0.040116,direct+peer,0.0660,20,direct=0.44;peer=0.56;history=0.00 (leg not built),0.9965,
MCK,2026-08-10,2027-02-19,193,896.6905,0.979464,118,46,0.647,1.338,0.052925,0.053999,direct+peer,0.1017,20,direct=0.44;peer=0.56;history=0.00 (leg not built),0.9969,
MCK,2026-08-10,2027-03-19,221,898.6833,0.976485,132,38,0.645,1.380,0.059843,0.061482,direct+peer,0.1221,20,direct=0.44;peer=0.56;history=0.00 (leg not built),0.9971,
MCK,2026-08-10,2027-06-17,311,906.4787,0.966911,124,47,0.541,1.456,0.081182,0.084003,direct+peer,0.0804,20,direct=0.44;peer=0.56;history=0.00 (leg not built),0.9954,
MCK,2026-08-10,2028-01-21,529,926.5901,0.942976,170,77,0.464,1.576,0.139566,0.149704,direct+peer,0.1089,20,direct=0.44;peer=0.56;history=0.00 (leg not built),0.9967,
MCK,2026-08-11,2027-01-15,157,913.4779,0.983468,170,31,0.438,1.270,0.036615,0.037728,direct+peer,0.0509,20,direct=0.44;peer=0.56;history=0.00 (leg not built),0.9968,
MCK,2026-08-11,2027-02-19,192,918.0180,0.979620,118,47,0.632,1.329,0.050239,0.050134,peer,0.0804,20,peer=1.00;history=0.00 (leg not built),0.9959,
MCK,2026-08-11,2027-03-19,220,920.2706,0.976648,132,40,0.619,1.358,0.056812,0.056674,peer,0.0686,20,peer=1.00;history=0.00 (leg not built),0.9968,
MCK,2026-08-11,2027-06-17,310,928.7818,0.967096,124,46,0.528,1.421,0.078037,0.081008,direct+peer,0.0863,20,direct=0.44;peer=0.56;history=0.00 (leg not built),0.9973,
MCK,2026-08-11,2028-01-21,528,949.3665,0.943336,170,77,0.411,1.538,0.133729,0.142542,direct+peer,0.0840,20,direct=0.44;peer=0.56;history=0.00 (leg not built),0.9948,
MCK,2026-08-12,2027-01-15,156,890.0290,0.983578,170,29,0.449,1.303,0.037304,0.037972,peer,0.0418,20,peer=1.00;history=0.00 (leg not built),0.9981,
MCK,2026-08-12,2027-02-19,191,894.0714,0.979726,118,46,0.649,1.342,0.050828,0.050542,peer,0.0706,20,peer=1.00;history=0.00 (leg not built),0.9978,
MCK,2026-08-12,2027-03-19,219,895.7732,0.976754,132,35,0.670,1.362,0.058834,0.057229,direct+peer,0.0818,20,direct=0.44;peer=0.56;history=0.00 (leg not built),0.9978,
MCK,2026-08-12,2027-06-17,309,904.4310,0.967203,124,44,0.608,1.437,0.081160,0.081516,direct+peer,0.0743,20,direct=0.44;peer=0.56;history=0.00 (leg not built),0.9980,
MCK,2026-08-12,2028-01-21,527,923.5584,0.943447,170,75,0.476,1.581,0.137063,0.145084,direct+peer,0.0878,20,direct=0.44;peer=0.56;history=0.00 (leg not built),0.9927,
MDLZ,2026-08-06,2027-01-15,162,63.1359,0.982886,58,13,0.436,1.188,0.030581,0.032901,peer,0.0950,20,peer=1.00;history=0.00 (leg not built),0.9929,
MDLZ,2026-08-06,2027-03-19,225,63.4391,0.976077,46,9,0.906,1.261,0.068351,0.046276,direct+peer,0.3361,20,direct=0.44;peer=0.56;history=0.00 (leg not built),0.9868,
MDLZ,2026-08-06,2027-06-17,315,64.1722,0.966391,46,10,0.506,1.169,0.060526,0.075693,direct+peer,0.3151,20,direct=0.44;peer=0.56;history=0.00 (leg not built),0.9938,
MDLZ,2026-08-06,2028-01-21,533,63.7089,0.942385,48,16,0.471,1.413,0.108726,0.115158,direct+peer,0.1170,20,direct=0.44;peer=0.56;history=0.00 (leg not built),0.9776,
MDLZ,2026-08-07,2027-01-15,161,62.9662,0.983121,58,12,0.437,1.191,0.032149,0.033457,direct+peer,0.0730,20,direct=0.44;peer=0.56;history=0.00 (leg not built),0.9934,
MDLZ,2026-08-07,2027-03-19,224,62.8926,0.976383,46,9,0.676,1.193,0.048371,0.047808,peer,0.1540,20,peer=1.00;history=0.00 (leg not built),0.9771,
MDLZ,2026-08-07,2027-06-17,314,62.9310,0.966854,46,9,0.834,1.152,0.067412,0.065927,direct,0.3318,20,direct=1.00;history=0.00 (leg not built),0.9899,
MDLZ,2026-08-07,2028-01-21,532,63.8691,0.943217,48,14,0.470,1.253,0.097073,0.117132,direct+peer,0.2922,20,direct=0.44;peer=0.56;history=0.00 (leg not built),0.9895,
MDLZ,2026-08-10,2027-01-15,158,61.8898,0.983317,58,11,0.444,1.171,0.029056,0.031544,direct+peer,0.1478,20,direct=0.44;peer=0.56;history=0.00 (leg not built),0.9838,
MDLZ,2026-08-10,2027-03-19,221,62.2440,0.976485,46,6,0.884,1.084,,,refused,,20,,0.9892,no leg survived: no arbitrage-free fit inside the 0.35 synthetic-share ceiling
MDLZ,2026-08-10,2027-06-17,311,62.2759,0.966911,46,9,0.883,1.204,0.092301,,refused,,20,,0.9903,no leg survived: no arbitrage-free fit inside the 0.35 synthetic-share ceiling
MDLZ,2026-08-10,2028-01-21,529,63.0479,0.942976,48,14,0.476,1.269,0.098760,0.114352,direct+peer,0.2081,20,direct=0.44;peer=0.56;history=0.00 (leg not built),0.9822,
MDLZ,2026-08-11,2027-01-15,157,61.7459,0.983468,58,11,0.445,1.174,0.027837,0.030013,direct+peer,0.1395,20,direct=0.44;peer=0.56;history=0.00 (leg not built),0.9968,
MDLZ,2026-08-11,2027-03-19,220,62.1416,0.976648,46,6,0.925,1.126,,,refused,,20,,0.9966,no leg survived: no arbitrage-free fit inside the 0.35 synthetic-share ceiling
MDLZ,2026-08-11,2027-06-17,310,62.6206,0.967096,46,13,0.519,1.198,0.058754,0.071754,direct+peer,0.2454,20,direct=0.44;peer=0.56;history=0.00 (leg not built),0.9972,
MDLZ,2026-08-11,2028-01-21,528,63.1890,0.943336,48,13,0.475,1.266,0.096805,0.104791,peer,0.1384,20,peer=1.00;history=0.00 (leg not built),0.9968,
MDLZ,2026-08-12,2027-01-15,156,62.2967,0.983578,58,13,0.441,1.164,0.027458,0.029256,direct+peer,0.0982,20,direct=0.44;peer=0.56;history=0.00 (leg not built),0.9946,
MDLZ,2026-08-12,2027-03-19,219,62.7048,0.976754,46,11,0.558,1.196,0.041108,0.043582,peer,0.1114,20,peer=1.00;history=0.00 (leg not built),0.9863,
MDLZ,2026-08-12,2027-06-17,309,62.4742,0.967203,46,12,0.760,1.200,0.079304,0.071438,peer,0.2509,20,peer=1.00;history=0.00 (leg not built),0.9833,
MDLZ,2026-08-12,2028-01-21,527,63.2950,0.943447,48,15,0.474,1.264,0.092534,0.100828,peer,0.1311,20,peer=1.00;history=0.00 (leg not built),0.9972,
MDT,2026-08-06,2027-01-15,162,86.4012,0.982886,62,16,0.781,1.273,0.047053,0.046753,direct+peer,0.3000,20,direct=0.44;peer=0.56;history=0.00 (leg not built),0.9906,
MDT,2026-08-06,2027-02-19,197,86.3254,0.979077,46,15,0.753,1.216,0.048344,0.048937,direct+peer,0.2058,20,direct=0.44;peer=0.56;history=0.00 (leg not built),0.9864,
MDT,2026-08-06,2027-03-19,225,86.4396,0.976077,56,14,0.781,1.215,0.067086,0.062519,peer,0.2706,20,peer=1.00;history=0.00 (leg not built),0.9959,
MDT,2026-08-06,2027-06-17,315,87.4534,0.966391,60,16,0.743,1.201,0.072471,0.078828,direct+peer,0.2996,20,direct=0.44;peer=0.56;history=0.00 (leg not built),0.9868,
MDT,2026-08-06,2028-01-21,533,87.5637,0.942385,66,21,0.628,1.370,0.116441,0.122010,direct+peer,0.1547,20,direct=0.44;peer=0.56;history=0.00 (leg not built),0.9940,
MDT,2026-08-07,2027-01-15,161,86.9660,0.983121,62,16,0.690,1.207,0.038377,0.038620,peer,0.1461,20,peer=1.00;history=0.00 (leg not built),0.9890,
MDT,2026-08-07,2027-02-19,196,87.0660,0.979343,46,14,0.804,1.263,0.055658,0.050020,direct+peer,0.2084,20,direct=0.44;peer=0.56;history=0.00 (leg not built),0.9895,
MDT,2026-08-07,2027-03-19,224,86.8496,0.976383,56,13,0.777,1.324,0.068621,0.058218,direct+peer,0.2339,20,direct=0.44;peer=0.56;history=0.00 (leg not built),0.9905,
MDT,2026-08-07,2027-06-17,314,88.1878,0.966854,60,19,0.680,1.531,0.085824,0.084472,peer,0.0998,20,peer=1.00;history=0.00 (leg not built),0.9816,
MDT,2026-08-07,2028-01-21,532,87.8181,0.943217,66,21,0.626,1.366,0.113418,0.117220,direct+peer,0.1473,20,direct=0.44;peer=0.56;history=0.00 (leg not built),0.9811,
MDT,2026-08-10,2027-01-15,158,89.1610,0.983317,62,16,0.673,1.234,0.040252,0.039938,peer,0.1130,20,peer=1.00;history=0.00 (leg not built),0.9890,
MDT,2026-08-10,2027-02-19,193,88.7728,0.979464,46,14,0.789,1.352,0.054116,0.047126,direct+peer,0.1487,20,direct=0.44;peer=0.56;history=0.00 (leg not built),0.9889,
MDT,2026-08-10,2027-03-19,221,88.9810,0.976485,56,12,0.843,1.180,0.060954,0.057445,direct+peer,0.3324,20,direct=0.44;peer=0.56;history=0.00 (leg not built),0.9904,
MDT,2026-08-10,2027-06-17,311,89.7466,0.966911,60,17,0.669,1.170,0.071054,0.082248,direct+peer,0.2991,20,direct=0.44;peer=0.56;history=0.00 (leg not built),0.9886,
MDT,2026-08-10,2028-01-21,529,90.2174,0.942976,66,21,0.610,1.386,0.114472,0.119438,direct+peer,0.1500,20,direct=0.44;peer=0.56;history=0.00 (leg not built),0.9933,
MDT,2026-08-11,2027-01-15,157,90.6101,0.983468,62,15,0.662,1.214,0.035454,0.037727,direct+peer,0.1277,20,direct=0.44;peer=0.56;history=0.00 (leg not built),0.9831,
MDT,2026-08-11,2027-02-19,192,90.5410,0.979620,46,15,0.718,1.270,0.043132,0.042969,direct+peer,0.1209,20,direct=0.44;peer=0.56;history=0.00 (leg not built),0.9941,
MDT,2026-08-11,2027-03-19,220,90.6604,0.976648,56,16,0.745,1.213,0.051471,0.051969,peer,0.2129,20,peer=1.00;history=0.00 (leg not built),0.9896,
MDT,2026-08-11,2027-06-17,310,90.9696,0.967096,60,20,0.660,1.374,0.072148,0.073634,direct+peer,0.1359,20,direct=0.44;peer=0.56;history=0.00 (leg not built),0.9832,
MDT,2026-08-11,2028-01-21,528,91.8375,0.943336,66,21,0.599,1.361,0.103297,0.103437,peer,0.1213,20,peer=1.00;history=0.00 (leg not built),0.9902,
MDT,2026-08-12,2027-01-15,156,90.7320,0.983578,62,15,0.772,1.267,0.041294,0.038283,peer,0.1251,20,peer=1.00;history=0.00 (leg not built),0.9942,
MDT,2026-08-12,2027-02-19,191,90.6481,0.979726,46,16,0.800,1.324,0.054838,0.045627,peer,0.1537,20,peer=1.00;history=0.00 (leg not built),0.9904,
MDT,2026-08-12,2027-03-19,219,90.8907,0.976754,56,18,0.743,1.320,0.053916,0.053640,direct+peer,0.1744,20,direct=0.44;peer=0.56;history=0.00 (leg not built),0.9946,
MDT,2026-08-12,2027-06-17,309,91.4196,0.967203,60,20,0.656,1.367,0.068574,0.070919,direct+peer,0.1088,20,direct=0.44;peer=0.56;history=0.00 (leg not built),0.9872,
MDT,2026-08-12,2028-01-21,527,91.5037,0.943447,66,20,0.601,1.311,0.101248,0.108629,direct+peer,0.1938,20,direct=0.44;peer=0.56;history=0.00 (leg not built),0.9857,
META,2026-08-06,2027-01-15,162,599.5309,0.982886,298,126,0.008,2.469,0.085004,0.084939,direct+peer,0.0113,20,direct=0.44;peer=0.56;history=0.00 (leg not built),0.9972,
META,2026-08-06,2027-02-19,197,602.4910,0.979077,220,99,0.349,1.975,0.107361,0.110652,direct+peer,0.0435,20,direct=0.44;peer=0.56;history=0.00 (leg not built),0.9971,
META,2026-08-06,2027-03-19,225,604.0132,0.976077,292,127,0.315,2.069,0.121923,0.125292,direct+peer,0.0453,20,direct=0.44;peer=0.56;history=0.00 (leg not built),0.9961,
META,2026-08-06,2027-06-17,315,609.8747,0.966391,186,83,0.426,2.427,0.179601,0.185440,direct+peer,0.0549,20,direct=0.44;peer=0.56;history=0.00 (leg not built),0.9971,
META,2026-08-06,2027-09-17,407,615.7739,0.956369,306,134,0.227,2.403,0.233293,0.243813,direct+peer,0.0618,20,direct=0.44;peer=0.56;history=0.00 (leg not built),0.9954,
META,2026-08-06,2027-12-17,498,621.7466,0.946290,316,131,0.024,2.380,0.288823,0.314062,direct+peer,0.0954,20,direct=0.44;peer=0.56;history=0.00 (leg not built),0.9958,
META,2026-08-06,2028-01-21,533,624.2062,0.942385,290,130,0.008,2.403,0.309013,0.342265,direct+peer,0.1271,20,direct=0.44;peer=0.56;history=0.00 (leg not built),0.9933,
META,2026-08-07,2027-01-15,161,602.3197,0.983121,298,130,0.008,2.457,0.080203,0.079926,direct+peer,0.0093,20,direct=0.44;peer=0.56;history=0.00 (leg not built),0.9972,
META,2026-08-07,2027-02-19,196,605.1073,0.979343,220,100,0.331,1.967,0.102658,0.105328,direct+peer,0.0372,20,direct=0.44;peer=0.56;history=0.00 (leg not built),0.9966,
META,2026-08-07,2027-03-19,224,606.8014,0.976383,292,127,0.313,2.060,0.117283,0.119983,direct+peer,0.0404,20,direct=0.44;peer=0.56;history=0.00 (leg not built),0.9959,
META,2026-08-07,2027-06-17,314,612.2274,0.966854,186,83,0.425,2.417,0.174711,0.178735,direct+peer,0.0515,20,direct=0.44;peer=0.56;history=0.00 (leg not built),0.9966,
META,2026-08-07,2027-09-17,406,618.7867,0.957002,306,137,0.194,2.392,0.229151,0.239492,direct+peer,0.0764,20,direct=0.44;peer=0.56;history=0.00 (leg not built),0.9972,
META,2026-08-07,2027-12-17,497,626.3894,0.947065,316,136,0.008,2.363,0.281555,0.307197,direct+peer,0.1215,20,direct=0.44;peer=0.56;history=0.00 (leg not built),0.9967,
META,2026-08-07,2028-01-21,532,628.0092,0.943217,290,132,0.008,2.389,0.302994,0.334996,direct+peer,0.1345,20,direct=0.44;peer=0.56;history=0.00 (leg not built),0.9940,
META,2026-08-10,2027-01-15,158,604.9210,0.983317,298,129,0.008,2.447,0.076687,0.076716,direct+peer,0.0087,20,direct=0.44;peer=0.56;history=0.00 (leg not built),0.9974,
META,2026-08-10,2027-02-19,193,607.4958,0.979464,220,101,0.313,1.959,0.099169,0.101433,direct+peer,0.0331,20,direct=0.44;peer=0.56;history=0.00 (leg not built),0.9973,
META,2026-08-10,2027-03-19,221,609.0964,0.976485,292,129,0.279,2.052,0.113604,0.115863,direct+peer,0.0344,20,direct=0.44;peer=0.56;history=0.00 (leg not built),0.9975,
META,2026-08-10,2027-06-17,311,614.9582,0.966911,186,83,0.423,2.407,0.169554,0.173551,direct+peer,0.0445,20,direct=0.44;peer=0.56;history=0.00 (leg not built),0.9971,
META,2026-08-10,2027-09-17,403,621.0391,0.956992,306,140,0.145,2.383,0.223293,0.233599,direct+peer,0.0670,20,direct=0.44;peer=0.56;history=0.00 (leg not built),0.9971,
META,2026-08-10,2027-12-17,494,627.4537,0.946894,316,137,0.008,2.359,0.276341,0.302018,direct+peer,0.1130,20,direct=0.44;peer=0.56;history=0.00 (leg not built),0.9930,
META,2026-08-10,2028-01-21,529,629.5817,0.942976,290,132,0.008,2.383,0.298221,0.327036,direct+peer,0.1195,20,direct=0.44;peer=0.56;history=0.00 (leg not built),0.9939,
META,2026-08-11,2027-01-15,157,608.9295,0.983468,298,130,0.008,2.430,0.075039,0.075183,direct+peer,0.0094,20,direct=0.44;peer=0.56;history=0.00 (leg not built),0.9984,
META,2026-08-11,2027-02-19,192,611.8460,0.979620,220,100,0.327,1.945,0.097036,0.099678,direct+peer,0.0328,20,direct=0.44;peer=0.56;history=0.00 (leg not built),0.9967,
META,2026-08-11,2027-03-19,220,613.2488,0.976648,292,126,0.326,2.038,0.111122,0.114177,direct+peer,0.0339,20,direct=0.44;peer=0.56;history=0.00 (leg not built),0.9977,
META,2026-08-11,2027-06-17,310,619.4209,0.967096,186,83,0.420,2.389,0.165672,0.170162,direct+peer,0.0466,20,direct=0.44;peer=0.56;history=0.00 (leg not built),0.9968,
META,2026-08-11,2027-09-17,402,625.5020,0.957224,306,136,0.208,2.366,0.217519,0.230112,direct+peer,0.0667,20,direct=0.44;peer=0.56;history=0.00 (leg not built),0.9964,
META,2026-08-11,2027-12-17,493,631.5161,0.947215,316,136,0.008,2.344,0.267327,0.291456,direct+peer,0.1001,20,direct=0.44;peer=0.56;history=0.00 (leg not built),0.9922,
META,2026-08-11,2028-01-21,528,633.8781,0.943336,290,130,0.008,2.366,0.288173,0.319711,direct+peer,0.1183,20,direct=0.44;peer=0.56;history=0.00 (leg not built),0.9961,
META,2026-08-12,2027-01-15,156,588.7263,0.983578,298,131,0.008,2.514,0.075919,0.075778,direct+peer,0.0079,20,direct=0.44;peer=0.56;history=0.00 (leg not built),0.9978,
META,2026-08-12,2027-02-19,191,591.5736,0.979726,220,101,0.321,2.012,0.098302,0.100159,direct+peer,0.0311,20,direct=0.44;peer=0.56;history=0.00 (leg not built),0.9973,
META,2026-08-12,2027-03-19,219,592.9713,0.976754,292,129,0.287,2.108,0.112554,0.114699,direct+peer,0.0320,20,direct=0.44;peer=0.56;history=0.00 (leg not built),0.9966,
META,2026-08-12,2027-06-17,309,598.8834,0.967203,186,83,0.434,2.471,0.167768,0.171274,direct+peer,0.0454,20,direct=0.44;peer=0.56;history=0.00 (leg not built),0.9969,
META,2026-08-12,2027-09-17,401,604.6582,0.957333,306,138,0.182,2.448,0.220458,0.230520,direct+peer,0.0642,20,direct=0.44;peer=0.56;history=0.00 (leg not built),0.9961,
META,2026-08-12,2027-12-17,492,610.7741,0.947326,316,146,0.008,2.423,0.273643,0.297823,direct+peer,0.1099,20,direct=0.44;peer=0.56;history=0.00 (leg not built),0.9950,
META,2026-08-12,2028-01-21,527,613.8393,0.943447,290,134,0.008,2.444,0.294861,0.323448,direct+peer,0.1179,20,direct=0.44;peer=0.56;history=0.00 (leg not built),0.9960,
MMM,2026-08-06,2027-01-15,162,182.4672,0.982886,68,21,0.438,1.370,0.035346,0.035926,direct+peer,0.0474,20,direct=0.44;peer=0.56;history=0.00 (leg not built),0.9938,
MMM,2026-08-06,2027-03-19,225,183.1354,0.976077,64,21,0.655,1.420,0.053774,0.054514,peer,0.0825,20,peer=1.00;history=0.00 (leg not built),0.9949,
MMM,2026-08-06,2027-06-17,315,184.3067,0.966391,60,23,0.624,1.356,0.077337,0.090642,peer,0.2252,20,peer=1.00;history=0.00 (leg not built),0.9974,
MMM,2026-08-06,2028-01-21,533,187.2178,0.942385,64,29,0.481,1.389,0.119024,0.137270,direct+peer,0.1726,20,direct=0.44;peer=0.56;history=0.00 (leg not built),0.9942,
MMM,2026-08-07,2027-01-15,161,184.3338,0.983121,68,22,0.434,1.410,0.035797,0.040608,direct+peer,0.2581,20,direct=0.44;peer=0.56;history=0.00 (leg not built),0.9979,
MMM,2026-08-07,2027-03-19,224,184.9027,0.976383,64,23,0.649,1.406,0.052040,0.051828,direct+peer,0.0683,20,direct=0.44;peer=0.56;history=0.00 (leg not built),0.9957,
MMM,2026-08-07,2027-06-17,314,185.9412,0.966854,60,27,0.484,1.398,0.072411,0.075553,direct+peer,0.0625,20,direct=0.44;peer=0.56;history=0.00 (leg not built),0.9975,
MMM,2026-08-07,2028-01-21,532,189.0988,0.943217,64,30,0.450,1.375,0.116610,0.133611,direct+peer,0.1453,20,direct=0.44;peer=0.56;history=0.00 (leg not built),0.9945,
MMM,2026-08-10,2027-01-15,158,183.5457,0.983317,68,26,0.436,1.417,0.034252,0.035303,direct+peer,0.0357,20,direct=0.44;peer=0.56;history=0.00 (leg not built),0.9968,
MMM,2026-08-10,2027-03-19,221,183.9913,0.976485,64,25,0.598,1.413,0.050512,0.052196,direct+peer,0.0676,20,direct=0.44;peer=0.56;history=0.00 (leg not built),0.9977,
MMM,2026-08-10,2027-06-17,311,185.2379,0.966911,60,27,0.540,1.404,0.072189,0.077028,direct+peer,0.0982,20,direct=0.44;peer=0.56;history=0.00 (leg not built),0.9946,
MMM,2026-08-10,2028-01-21,529,188.0911,0.942976,64,31,0.399,1.382,0.116800,0.136341,direct+peer,0.1543,20,direct=0.44;peer=0.56;history=0.00 (leg not built),0.9933,
MMM,2026-08-11,2027-01-15,157,184.9136,0.983468,68,19,0.649,1.298,0.033013,0.033633,peer,0.0622,20,peer=1.00;history=0.00 (leg not built),0.9916,
MMM,2026-08-11,2027-03-19,220,185.3686,0.976648,66,23,0.566,1.403,0.048923,0.051893,peer,0.0738,20,peer=1.00;history=0.00 (leg not built),0.9959,
MMM,2026-08-11,2027-06-17,310,186.4942,0.967096,62,23,0.643,1.394,0.074665,0.077960,direct+peer,0.1287,20,direct=0.44;peer=0.56;history=0.00 (leg not built),0.9949,
MMM,2026-08-11,2028-01-21,528,189.4806,0.943336,66,32,0.396,1.425,0.113989,0.130628,direct+peer,0.1418,20,direct=0.44;peer=0.56;history=0.00 (leg not built),0.9951,
MMM,2026-08-12,2027-01-15,156,185.6914,0.983578,68,20,0.539,1.292,0.031945,0.032715,direct+peer,0.0525,20,direct=0.44;peer=0.56;history=0.00 (leg not built),0.9955,
MMM,2026-08-12,2027-03-19,219,186.0443,0.976754,66,23,0.672,1.451,0.051453,0.049456,direct+peer,0.0572,20,direct=0.44;peer=0.56;history=0.00 (leg not built),0.9962,
MMM,2026-08-12,2027-06-17,309,186.7628,0.967203,62,27,0.562,1.446,0.074220,0.076992,direct+peer,0.0807,20,direct=0.44;peer=0.56;history=0.00 (leg not built),0.9929,
MMM,2026-08-12,2028-01-21,527,190.1696,0.943447,66,33,0.394,1.420,0.118567,0.132803,direct+peer,0.1177,20,direct=0.44;peer=0.56;history=0.00 (leg not built),0.9911,
MO,2026-08-06,2027-01-15,162,67.0506,0.982886,56,20,0.373,1.491,0.032624,0.032579,direct+peer,0.0226,20,direct=0.44;peer=0.56;history=0.00 (leg not built),0.9969,
MO,2026-08-06,2027-03-19,225,67.2353,0.976077,50,16,0.744,1.413,0.048247,0.045638,direct+peer,0.0963,20,direct=0.44;peer=0.56;history=0.00 (leg not built),0.9915,
MO,2026-08-06,2027-06-17,315,66.7584,0.966391,48,17,0.674,1.423,0.068222,0.078693,direct+peer,0.2954,20,direct=0.44;peer=0.56;history=0.00 (leg not built),0.9967,
MO,2026-08-06,2028-01-21,533,66.1496,0.942385,56,26,0.529,1.663,0.110964,0.135518,direct+peer,0.3261,20,direct=0.44;peer=0.56;history=0.00 (leg not built),0.9907,
MO,2026-08-07,2027-01-15,161,67.7967,0.983121,56,17,0.369,1.401,0.031391,0.031027,direct+peer,0.0257,20,direct=0.44;peer=0.56;history=0.00 (leg not built),0.9952,
MO,2026-08-07,2027-03-19,224,68.2596,0.976383,50,15,0.806,1.392,0.052843,0.042695,direct+peer,0.1218,20,direct=0.44;peer=0.56;history=0.00 (leg not built),0.9924,
MO,2026-08-07,2027-06-17,314,67.4397,0.966854,48,20,0.667,1.631,0.067171,0.063601,direct+peer,0.0515,20,direct=0.44;peer=0.56;history=0.00 (leg not built),0.9983,
MO,2026-08-07,2028-01-21,532,66.3956,0.943217,56,27,0.489,1.657,0.109622,0.109002,peer,0.0386,20,peer=1.00;history=0.00 (leg not built),0.9909,
MO,2026-08-10,2027-01-15,158,64.8797,0.983317,56,22,0.385,1.310,0.031256,0.032645,direct+peer,0.0656,20,direct=0.44;peer=0.56;history=0.00 (leg not built),0.9954,
MO,2026-08-10,2027-03-19,221,64.7866,0.976485,50,18,0.617,1.389,0.043506,0.046855,peer,0.1002,20,peer=1.00;history=0.00 (leg not built),0.9926,
MO,2026-08-10,2027-06-17,311,64.1985,0.966911,48,20,0.584,1.480,0.066025,0.069024,direct+peer,0.0979,20,direct=0.44;peer=0.56;history=0.00 (leg not built),0.9949,
MO,2026-08-10,2028-01-21,529,63.1716,0.942976,56,28,0.475,1.741,0.111245,0.114586,direct+peer,0.0621,20,direct=0.44;peer=0.56;history=0.00 (leg not built),0.9889,
MO,2026-08-11,2027-01-15,157,64.1950,0.983468,56,19,0.389,1.402,0.031493,0.031522,direct+peer,0.0309,20,direct=0.44;peer=0.56;history=0.00 (leg not built),0.9967,
MO,2026-08-11,2027-03-19,220,64.3345,0.976648,50,17,0.622,1.399,0.042111,0.043446,direct+peer,0.0708,20,direct=0.44;peer=0.56;history=0.00 (leg not built),0.9973,
MO,2026-08-11,2027-06-17,310,63.3875,0.967096,48,18,0.631,1.499,0.065251,0.066731,direct+peer,0.1028,20,direct=0.44;peer=0.56;history=0.00 (leg not built),0.9891,
MO,2026-08-11,2028-01-21,528,63.3922,0.943336,56,27,0.513,1.735,0.107686,0.108802,direct+peer,0.0489,20,direct=0.44;peer=0.56;history=0.00 (leg not built),0.9907,
MO,2026-08-12,2027-01-15,156,63.8427,0.983578,56,17,0.392,1.488,0.031567,0.036246,direct+peer,0.2879,20,direct=0.44;peer=0.56;history=0.00 (leg not built),0.9969,
MO,2026-08-12,2027-03-19,219,64.2236,0.976754,50,18,0.623,1.401,0.043549,0.044712,peer,0.0547,20,peer=1.00;history=0.00 (leg not built),0.9923,
MO,2026-08-12,2027-06-17,309,63.3099,0.967203,48,22,0.553,1.659,0.067838,0.071839,direct+peer,0.1446,20,direct=0.44;peer=0.56;history=0.00 (leg not built),0.9915,
MO,2026-08-12,2028-01-21,527,62.3322,0.943447,56,27,0.481,1.685,0.108076,0.112763,direct+peer,0.0784,20,direct=0.44;peer=0.56;history=0.00 (leg not built),0.9880,
MRK,2026-08-06,2027-01-15,162,129.0589,0.982886,64,26,0.387,1.511,0.042030,0.042505,direct+peer,0.0331,20,direct=0.44;peer=0.56;history=0.00 (leg not built),0.9975,
MRK,2026-08-06,2027-03-19,225,129.4194,0.976077,56,27,0.502,1.507,0.059213,0.060462,direct+peer,0.0499,20,direct=0.44;peer=0.56;history=0.00 (leg not built),0.9971,
MRK,2026-08-06,2027-06-17,315,130.1035,0.966391,64,27,0.500,1.499,0.082865,0.093283,direct+peer,0.2373,20,direct=0.44;peer=0.56;history=0.00 (leg not built),0.9885,
MRK,2026-08-06,2027-12-17,498,131.5763,0.946290,64,31,0.304,1.482,0.123080,0.135672,peer,0.0919,20,peer=1.00;history=0.00 (leg not built),0.9965,
MRK,2026-08-06,2028-01-21,533,131.2026,0.942385,64,31,0.343,1.486,0.132221,0.149768,direct+peer,0.1410,20,direct=0.44;peer=0.56;history=0.00 (leg not built),0.9954,
MRK,2026-08-07,2027-01-15,161,129.0337,0.983121,64,26,0.542,1.511,0.041312,0.041366,direct+peer,0.0262,20,direct=0.44;peer=0.56;history=0.00 (leg not built),0.9975,
MRK,2026-08-07,2027-03-19,224,129.5135,0.976383,56,27,0.502,1.506,0.058517,0.059589,direct+peer,0.0431,20,direct=0.44;peer=0.56;history=0.00 (leg not built),0.9982,
MRK,2026-08-07,2027-06-17,314,129.8276,0.966854,64,24,0.616,1.502,0.084246,0.086098,direct+peer,0.1066,20,direct=0.44;peer=0.56;history=0.00 (leg not built),0.9943,
MRK,2026-08-07,2027-12-17,497,130.8887,0.947065,64,28,0.420,1.490,0.124358,0.134905,direct+peer,0.1051,20,direct=0.44;peer=0.56;history=0.00 (leg not built),0.9887,
MRK,2026-08-07,2028-01-21,532,130.9895,0.943217,64,31,0.344,1.489,0.132758,0.146903,direct+peer,0.1081,20,direct=0.44;peer=0.56;history=0.00 (leg not built),0.9936,
MRK,2026-08-10,2027-01-15,158,131.4153,0.983317,64,25,0.533,1.484,0.039941,0.040389,direct+peer,0.0304,20,direct=0.44;peer=0.56;history=0.00 (leg not built),0.9977,
MRK,2026-08-10,2027-03-19,221,131.5361,0.976485,56,26,0.532,1.482,0.058072,0.059198,direct+peer,0.0554,20,direct=0.44;peer=0.56;history=0.00 (leg not built),0.9942,
MRK,2026-08-10,2027-06-17,311,132.2494,0.966911,64,26,0.454,1.437,0.079217,0.083997,direct+peer,0.0843,20,direct=0.44;peer=0.56;history=0.00 (leg not built),0.9952,
MRK,2026-08-10,2027-12-17,494,133.2839,0.946894,64,28,0.300,1.463,0.121026,0.133871,direct+peer,0.1002,20,direct=0.44;peer=0.56;history=0.00 (leg not built),0.9960,
MRK,2026-08-10,2028-01-21,529,133.2767,0.942976,64,32,0.300,1.463,0.130328,0.147047,direct+peer,0.1165,20,direct=0.44;peer=0.56;history=0.00 (leg not built),0.9959,
MRK,2026-08-11,2027-01-15,157,130.9575,0.983468,64,21,0.535,1.374,0.039124,0.039762,direct+peer,0.0404,20,direct=0.44;peer=0.56;history=0.00 (leg not built),0.9992,
MRK,2026-08-11,2027-03-19,220,131.3908,0.976648,56,23,0.609,1.446,0.057634,0.056075,peer,0.0430,20,peer=1.00;history=0.00 (leg not built),0.9977,
MRK,2026-08-11,2027-06-17,310,131.8957,0.967096,64,19,0.607,1.327,0.074625,0.081642,direct+peer,0.2026,20,direct=0.44;peer=0.56;history=0.00 (leg not built),0.9968,
MRK,2026-08-11,2027-12-17,493,133.1789,0.947215,64,25,0.563,1.464,0.124487,0.127948,peer,0.1134,20,peer=1.00;history=0.00 (leg not built),0.9979,
MRK,2026-08-11,2028-01-21,528,133.1891,0.943336,64,26,0.488,1.464,0.132319,0.141379,peer,0.1172,20,peer=1.00;history=0.00 (leg not built),0.9955,
MRK,2026-08-12,2027-01-15,156,133.6783,0.983578,64,27,0.449,1.459,0.039357,0.039948,direct+peer,0.0257,20,direct=0.44;peer=0.56;history=0.00 (leg not built),0.9982,
MRK,2026-08-12,2027-03-19,219,134.5734,0.976754,56,27,0.483,1.449,0.054804,0.055750,direct+peer,0.0386,20,direct=0.44;peer=0.56;history=0.00 (leg not built),0.9944,
MRK,2026-08-12,2027-06-17,309,134.6381,0.967203,64,24,0.594,1.448,0.080834,0.080091,peer,0.0782,20,peer=1.00;history=0.00 (leg not built),0.9961,
MRK,2026-08-12,2027-12-17,492,135.9412,0.947326,64,28,0.405,1.434,0.118959,0.131353,direct+peer,0.1129,20,direct=0.44;peer=0.56;history=0.00 (leg not built),0.9976,
MRK,2026-08-12,2028-01-21,527,136.2366,0.943447,64,32,0.294,1.431,0.126104,0.146310,direct+peer,0.1701,20,direct=0.44;peer=0.56;history=0.00 (leg not built),0.9971,
MS,2026-08-06,2027-01-15,162,216.7273,0.982886,92,28,0.600,1.523,0.050537,0.051418,direct+peer,0.0477,20,direct=0.44;peer=0.56;history=0.00 (leg not built),0.9997,
MS,2026-08-06,2027-03-19,225,217.4302,0.976077,78,32,0.529,1.564,0.069420,0.071290,direct+peer,0.0542,20,direct=0.44;peer=0.56;history=0.00 (leg not built),0.9981,
MS,2026-08-06,2027-06-17,315,219.0601,0.966391,72,34,0.479,1.552,0.095663,0.100599,peer,0.0696,20,peer=1.00;history=0.00 (leg not built),0.9984,
MS,2026-08-06,2027-12-17,498,221.1272,0.946290,90,39,0.362,1.538,0.147183,0.164785,direct+peer,0.1214,20,direct=0.44;peer=0.56;history=0.00 (leg not built),0.9980,
MS,2026-08-06,2028-01-21,533,221.7597,0.942385,78,38,0.383,1.533,0.158746,0.178469,direct+peer,0.1292,20,direct=0.44;peer=0.56;history=0.00 (leg not built),0.9976,
MS,2026-08-07,2027-01-15,161,218.5166,0.983121,92,28,0.595,1.510,0.049793,0.050539,peer,0.0412,20,peer=1.00;history=0.00 (leg not built),0.9946,
MS,2026-08-07,2027-03-19,224,218.1991,0.976383,78,32,0.527,1.558,0.068888,0.070966,direct+peer,0.0557,20,direct=0.44;peer=0.56;history=0.00 (leg not built),0.9982,
MS,2026-08-07,2027-06-17,314,220.0690,0.966854,72,33,0.477,1.545,0.094613,0.098500,direct+peer,0.0689,20,direct=0.44;peer=0.56;history=0.00 (leg not built),0.9971,
MS,2026-08-07,2027-12-17,497,222.6925,0.947065,90,36,0.382,1.527,0.145825,0.161627,direct+peer,0.1088,20,direct=0.44;peer=0.56;history=0.00 (leg not built),0.9974,
MS,2026-08-07,2028-01-21,532,223.1011,0.943217,78,37,0.381,1.524,0.156626,0.176715,direct+peer,0.1231,20,direct=0.44;peer=0.56;history=0.00 (leg not built),0.9966,
MS,2026-08-10,2027-01-15,158,217.7203,0.983317,92,31,0.390,1.516,0.047556,0.050146,peer,0.0382,20,peer=1.00;history=0.00 (leg not built),0.9981,
MS,2026-08-10,2027-03-19,221,218.3956,0.976485,78,32,0.504,1.557,0.066256,0.067951,direct+peer,0.0483,20,direct=0.44;peer=0.56;history=0.00 (leg not built),0.9985,
MS,2026-08-10,2027-06-17,311,219.8707,0.966911,72,36,0.432,1.546,0.093223,0.097499,direct+peer,0.0629,20,direct=0.44;peer=0.56;history=0.00 (leg not built),0.9976,
MS,2026-08-10,2027-12-17,494,222.4818,0.946894,90,39,0.315,1.528,0.144137,0.161246,peer,0.1029,20,peer=1.00;history=0.00 (leg not built),0.9981,
MS,2026-08-10,2028-01-21,529,222.8368,0.942976,78,39,0.359,1.526,0.153340,0.172110,direct+peer,0.1189,20,direct=0.44;peer=0.56;history=0.00 (leg not built),0.9989,
MS,2026-08-11,2027-01-15,157,217.5258,0.983468,92,30,0.391,1.517,0.046371,0.047500,direct+peer,0.0267,20,direct=0.44;peer=0.56;history=0.00 (leg not built),0.9968,
MS,2026-08-11,2027-03-19,220,218.4215,0.976648,78,33,0.435,1.557,0.065088,0.066645,direct+peer,0.0349,20,direct=0.44;peer=0.56;history=0.00 (leg not built),0.9964,
MS,2026-08-11,2027-06-17,310,219.6122,0.967096,72,35,0.455,1.548,0.090019,0.093769,direct+peer,0.0594,20,direct=0.44;peer=0.56;history=0.00 (leg not built),0.9967,
MS,2026-08-11,2027-12-17,493,222.1730,0.947215,90,40,0.338,1.530,0.139603,0.155444,direct+peer,0.1151,20,direct=0.44;peer=0.56;history=0.00 (leg not built),0.9950,
MS,2026-08-11,2028-01-21,528,222.4293,0.943336,78,38,0.382,1.529,0.150195,0.171101,direct+peer,0.1444,20,direct=0.44;peer=0.56;history=0.00 (leg not built),0.9946,
MS,2026-08-12,2027-01-15,156,220.2796,0.983578,92,30,0.386,1.498,0.045836,0.046606,direct+peer,0.0216,20,direct=0.44;peer=0.56;history=0.00 (leg not built),0.9980,
MS,2026-08-12,2027-03-19,219,221.1944,0.976754,78,31,0.543,1.537,0.064696,0.065802,direct+peer,0.0469,20,direct=0.44;peer=0.56;history=0.00 (leg not built),0.9970,
MS,2026-08-12,2027-06-17,309,222.2746,0.967203,72,35,0.450,1.530,0.089499,0.097487,direct+peer,0.1416,20,direct=0.44;peer=0.56;history=0.00 (leg not built),0.9992,
MS,2026-08-12,2027-12-17,492,224.6886,0.947326,90,38,0.378,1.513,0.139365,0.155577,direct+peer,0.1091,20,direct=0.44;peer=0.56;history=0.00 (leg not built),0.9978,
MS,2026-08-12,2028-01-21,527,225.5129,0.943447,78,38,0.377,1.508,0.149491,0.169334,direct+peer,0.1290,20,direct=0.44;peer=0.56;history=0.00 (leg not built),0.9979,
MSFT,2026-08-06,2027-01-15,162,507.4231,0.982886,224,109,0.345,1.577,0.049279,0.049955,direct+peer,0.0173,20,direct=0.44;peer=0.56;history=0.00 (leg not built),0.9989,
MSFT,2026-08-06,2027-03-19,225,510.3293,0.976077,126,60,0.363,1.450,0.068907,0.073064,direct+peer,0.0692,20,direct=0.44;peer=0.56;history=0.00 (leg not built),0.9987,
MSFT,2026-08-06,2027-06-17,315,514.8961,0.966391,186,91,0.340,1.554,0.098893,0.106295,direct+peer,0.0794,20,direct=0.44;peer=0.56;history=0.00 (leg not built),0.9975,
MSFT,2026-08-06,2027-09-17,407,519.4911,0.956369,206,103,0.356,1.424,0.119107,0.141278,direct+peer,0.1758,20,direct=0.44;peer=0.56;history=0.00 (leg not built),0.9955,
MSFT,2026-08-06,2027-12-17,498,524.0481,0.946290,186,93,0.334,1.527,0.152523,0.179331,direct+peer,0.1691,20,direct=0.44;peer=0.56;history=0.00 (leg not built),0.9951,
MSFT,2026-08-06,2028-01-21,533,525.9320,0.942385,186,93,0.352,1.521,0.161346,0.191446,direct+peer,0.1773,20,direct=0.44;peer=0.56;history=0.00 (leg not built),0.9941,
MSFT,2026-08-07,2027-01-15,161,507.7057,0.983121,224,107,0.345,1.576,0.046438,0.046953,direct+peer,0.0139,20,direct=0.44;peer=0.56;history=0.00 (leg not built),0.9972,
MSFT,2026-08-07,2027-03-19,224,510.4865,0.976383,126,57,0.431,1.450,0.066167,0.070030,direct+peer,0.0676,20,direct=0.44;peer=0.56;history=0.00 (leg not built),0.9966,
MSFT,2026-08-07,2027-06-17,314,514.9119,0.966854,186,89,0.340,1.554,0.095476,0.101841,direct+peer,0.0675,20,direct=0.44;peer=0.56;history=0.00 (leg not built),0.9952,
MSFT,2026-08-07,2027-09-17,406,519.4984,0.957002,206,98,0.356,1.424,0.116147,0.136055,direct+peer,0.1539,20,direct=0.44;peer=0.56;history=0.00 (leg not built),0.9961,
MSFT,2026-08-07,2027-12-17,497,524.2109,0.947065,186,92,0.334,1.526,0.148985,0.173029,direct+peer,0.1497,20,direct=0.44;peer=0.56;history=0.00 (leg not built),0.9948,
MSFT,2026-08-07,2028-01-21,532,525.8971,0.943217,186,92,0.352,1.521,0.157539,0.185277,direct+peer,0.1631,20,direct=0.44;peer=0.56;history=0.00 (leg not built),0.9947,
MSFT,2026-08-10,2027-01-15,158,512.9610,0.983317,224,105,0.341,1.560,0.045148,0.045802,direct+peer,0.0174,20,direct=0.44;peer=0.56;history=0.00 (leg not built),0.9976,
MSFT,2026-08-10,2027-03-19,221,515.7940,0.976485,126,57,0.446,1.435,0.064713,0.068537,direct+peer,0.0644,20,direct=0.44;peer=0.56;history=0.00 (leg not built),0.9994,
MSFT,2026-08-10,2027-06-17,311,520.4407,0.966911,186,88,0.336,1.537,0.092821,0.099632,direct+peer,0.0784,20,direct=0.44;peer=0.56;history=0.00 (leg not built),0.9961,
MSFT,2026-08-10,2027-09-17,403,525.0470,0.956992,206,98,0.352,1.409,0.113431,0.133693,direct+peer,0.1676,20,direct=0.44;peer=0.56;history=0.00 (leg not built),0.9959,
MSFT,2026-08-10,2027-12-17,494,529.8994,0.946894,186,92,0.330,1.510,0.145327,0.169778,direct+peer,0.1549,20,direct=0.44;peer=0.56;history=0.00 (leg not built),0.9934,
MSFT,2026-08-10,2028-01-21,529,531.7179,0.942976,186,93,0.348,1.505,0.153766,0.181425,direct+peer,0.1602,20,direct=0.44;peer=0.56;history=0.00 (leg not built),0.9934,
MSFT,2026-08-11,2027-01-15,157,510.7457,0.983468,224,105,0.343,1.566,0.042395,0.043042,direct+peer,0.0186,20,direct=0.44;peer=0.56;history=0.00 (leg not built),0.9973,
MSFT,2026-08-11,2027-03-19,220,513.8250,0.976648,128,57,0.467,1.479,0.062156,0.064688,direct+peer,0.0484,20,direct=0.44;peer=0.56;history=0.00 (leg not built),0.9980,
MSFT,2026-08-11,2027-06-17,310,518.1030,0.967096,186,88,0.338,1.544,0.089994,0.095742,direct+peer,0.0682,20,direct=0.44;peer=0.56;history=0.00 (leg not built),0.9963,
MSFT,2026-08-11,2027-09-17,402,522.6059,0.957224,208,99,0.354,1.454,0.113070,0.129671,direct+peer,0.1430,20,direct=0.44;peer=0.56;history=0.00 (leg not built),0.9955,
MSFT,2026-08-11,2027-12-17,493,527.0976,0.947215,186,91,0.332,1.518,0.142271,0.165473,direct+peer,0.1539,20,direct=0.44;peer=0.56;history=0.00 (leg not built),0.9942,
MSFT,2026-08-11,2028-01-21,528,528.8939,0.943336,186,92,0.350,1.513,0.151375,0.180013,direct+peer,0.1736,20,direct=0.44;peer=0.56;history=0.00 (leg not built),0.9951,
MSFT,2026-08-12,2027-01-15,156,499.7694,0.983578,224,103,0.350,1.601,0.041369,0.041849,direct+peer,0.0133,20,direct=0.44;peer=0.56;history=0.00 (leg not built),0.9970,
MSFT,2026-08-12,2027-03-19,219,502.5595,0.976754,128,57,0.398,1.512,0.061237,0.063634,direct+peer,0.0444,20,direct=0.44;peer=0.56;history=0.00 (leg not built),0.9980,
MSFT,2026-08-12,2027-06-17,309,506.9327,0.967203,186,89,0.345,1.578,0.089471,0.094045,direct+peer,0.0556,20,direct=0.44;peer=0.56;history=0.00 (leg not built),0.9972,
MSFT,2026-08-12,2027-09-17,401,511.3492,0.957333,208,104,0.362,1.486,0.113142,0.127496,direct+peer,0.1248,20,direct=0.44;peer=0.56;history=0.00 (leg not built),0.9951,
MSFT,2026-08-12,2027-12-17,492,515.4845,0.947326,186,93,0.339,1.552,0.143427,0.164263,direct+peer,0.1380,20,direct=0.44;peer=0.56;history=0.00 (leg not built),0.9948,
MSFT,2026-08-12,2028-01-21,527,517.5681,0.943447,186,93,0.357,1.546,0.152247,0.176163,direct+peer,0.1440,20,direct=0.44;peer=0.56;history=0.00 (leg not built),0.9930,
MSI,2026-08-06,2027-01-15,162,480.9229,0.982886,70,24,0.728,1.289,0.038937,0.038397,direct+peer,0.1541,20,direct=0.44;peer=0.56;history=0.00 (leg not built),0.9983,
MSI,2026-08-07,2027-01-15,161,474.2430,0.983121,70,23,0.759,1.307,0.035903,0.033600,peer,0.0982,20,peer=1.00;history=0.00 (leg not built),0.9987,
MSI,2026-08-10,2027-01-15,158,468.6271,0.983317,70,23,0.726,1.280,0.031528,0.031160,direct+peer,0.0921,20,direct=0.44;peer=0.56;history=0.00 (leg not built),0.9978,
MSI,2026-08-11,2027-01-15,157,471.3291,0.983468,70,26,0.700,1.315,0.031868,0.030345,peer,0.0659,20,peer=1.00;history=0.00 (leg not built),0.9971,
MSI,2026-08-12,2027-01-15,156,474.6114,0.983578,70,20,0.780,1.222,0.030830,0.029921,peer,0.1315,20,peer=1.00;history=0.00 (leg not built),0.9987,
MU,2026-08-06,2027-01-15,162,898.1745,0.982886,520,242,0.039,2.783,0.338557,0.364012,direct+peer,0.0835,20,direct=0.44;peer=0.56;history=0.00 (leg not built),0.9980,
MU,2026-08-06,2027-02-19,197,902.5318,0.979077,446,191,0.244,2.349,0.379449,0.442507,direct+peer,0.1541,20,direct=0.44;peer=0.56;history=0.00 (leg not built),0.9973,
MU,2026-08-06,2027-03-19,225,905.8448,0.976077,532,235,0.006,2.760,0.457722,0.524400,direct+peer,0.1472,20,direct=0.44;peer=0.56;history=0.00 (leg not built),0.9981,
MU,2026-08-06,2027-06-17,315,914.4913,0.966391,532,236,0.027,2.734,0.617734,0.790039,direct+peer,0.2210,20,direct=0.44;peer=0.56;history=0.00 (leg not built),0.9964,
MU,2026-08-06,2027-09-17,407,925.0509,0.956369,500,232,0.162,2.703,0.768235,1.072850,direct+peer,0.2909,20,direct=0.44;peer=0.56;history=0.00 (leg not built),0.9950,
MU,2026-08-06,2027-12-17,498,933.7901,0.946290,502,224,0.032,2.677,0.904238,,refused,,20,,0.9963,no leg survived: no arbitrage-free fit inside the 0.35 synthetic-share ceiling
MU,2026-08-06,2028-01-21,533,937.0145,0.942385,520,239,0.048,2.668,0.953348,,refused,,20,,0.9950,no leg survived: no arbitrage-free fit inside the 0.35 synthetic-share ceiling
MU,2026-08-07,2027-01-15,161,894.2545,0.983121,520,240,0.039,2.796,0.300415,0.324379,direct+peer,0.0766,20,direct=0.44;peer=0.56;history=0.00 (leg not built),0.9988,
MU,2026-08-07,2027-02-19,196,898.2975,0.979343,446,190,0.256,2.360,0.343149,0.401295,direct+peer,0.1531,20,direct=0.44;peer=0.56;history=0.00 (leg not built),0.9976,
MU,2026-08-07,2027-03-19,224,900.4097,0.976383,532,231,0.006,2.777,0.414995,0.467764,direct+peer,0.1217,20,direct=0.44;peer=0.56;history=0.00 (leg not built),0.9959,
MU,2026-08-07,2027-06-17,314,910.6743,0.966854,532,237,0.027,2.745,0.568502,0.699971,direct+peer,0.1858,20,direct=0.44;peer=0.56;history=0.00 (leg not built),0.9972,
MU,2026-08-07,2027-09-17,406,918.5258,0.957002,500,230,0.005,2.722,0.718482,0.983403,direct+peer,0.2833,20,direct=0.44;peer=0.56;history=0.00 (leg not built),0.9974,
MU,2026-08-07,2027-12-17,497,928.0019,0.947065,502,223,0.065,2.694,0.854880,1.312371,peer,0.3458,20,peer=1.00;history=0.00 (leg not built),0.9970,
MU,2026-08-07,2028-01-21,532,931.2294,0.943217,520,237,0.027,2.685,0.903503,,refused,,20,,0.9948,no leg survived: no arbitrage-free fit inside the 0.35 synthetic-share ceiling
MU,2026-08-10,2027-01-15,158,877.4185,0.983317,520,236,0.040,2.849,0.274378,0.288240,direct+peer,0.0588,20,direct=0.44;peer=0.56;history=0.00 (leg not built),0.9983,
MU,2026-08-10,2027-02-19,193,881.6924,0.979464,446,188,0.284,2.404,0.313718,0.352709,direct+peer,0.1206,20,direct=0.44;peer=0.56;history=0.00 (leg not built),0.9967,
MU,2026-08-10,2027-03-19,221,884.4956,0.976485,532,231,0.006,2.826,0.379494,0.423265,direct+peer,0.1061,20,direct=0.44;peer=0.56;history=0.00 (leg not built),0.9970,
MU,2026-08-10,2027-06-17,311,893.7113,0.966911,532,239,0.028,2.797,0.528225,0.634269,direct+peer,0.1778,20,direct=0.44;peer=0.56;history=0.00 (leg not built),0.9963,
MU,2026-08-10,2027-09-17,403,903.5358,0.956992,500,233,0.166,2.767,0.671046,0.875779,direct+peer,0.2372,20,direct=0.44;peer=0.56;history=0.00 (leg not built),0.9922,
MU,2026-08-10,2027-12-17,494,911.8949,0.946894,502,230,0.033,2.742,0.805672,1.188072,peer,0.3178,20,peer=1.00;history=0.00 (leg not built),0.9925,
MU,2026-08-10,2028-01-21,529,915.2238,0.942976,520,238,0.049,2.732,0.858648,1.273409,direct+peer,0.3441,20,direct=0.44;peer=0.56;history=0.00 (leg not built),0.9899,
MU,2026-08-11,2027-01-15,157,884.0376,0.983468,520,201,0.040,2.828,0.258362,0.268739,direct+peer,0.0515,20,direct=0.44;peer=0.56;history=0.00 (leg not built),0.9986,
MU,2026-08-11,2027-02-19,192,886.7923,0.979620,446,188,0.282,2.391,0.298451,0.328128,direct+peer,0.1042,20,direct=0.44;peer=0.56;history=0.00 (leg not built),0.9980,
MU,2026-08-11,2027-03-19,220,889.5039,0.976648,532,194,0.197,2.811,0.361439,0.390684,direct+peer,0.0959,20,direct=0.44;peer=0.56;history=0.00 (leg not built),0.9984,
MU,2026-08-11,2027-06-17,310,899.0813,0.967096,532,231,0.028,2.781,0.503618,0.591688,direct+peer,0.1615,20,direct=0.44;peer=0.56;history=0.00 (leg not built),0.9977,
MU,2026-08-11,2027-09-17,402,906.9066,0.957224,500,187,0.204,2.757,0.640092,0.825361,direct+peer,0.2303,20,direct=0.44;peer=0.56;history=0.00 (leg not built),0.9982,
MU,2026-08-11,2027-12-17,493,916.2400,0.947215,502,220,0.109,2.729,0.767515,1.098898,direct+peer,0.3062,20,direct=0.44;peer=0.56;history=0.00 (leg not built),0.9967,
MU,2026-08-11,2028-01-21,528,919.0316,0.943336,520,190,0.196,2.720,0.813552,1.203018,direct+peer,0.3392,20,direct=0.44;peer=0.56;history=0.00 (leg not built),0.9985,
MU,2026-08-12,2027-01-15,156,927.5482,0.983578,520,239,0.038,2.695,0.256061,0.266459,direct+peer,0.0657,20,direct=0.44;peer=0.56;history=0.00 (leg not built),0.9982,
MU,2026-08-12,2027-02-19,191,931.5997,0.979726,446,187,0.279,2.276,0.293759,0.328417,direct+peer,0.1384,20,direct=0.44;peer=0.56;history=0.00 (leg not built),0.9964,
MU,2026-08-12,2027-03-19,219,934.7193,0.976754,532,228,0.005,2.675,0.356443,0.390409,direct+peer,0.1152,20,direct=0.44;peer=0.56;history=0.00 (leg not built),0.9982,
MU,2026-08-12,2027-06-17,309,944.6506,0.967203,532,230,0.058,2.646,0.493820,0.592909,direct+peer,0.1920,20,direct=0.44;peer=0.56;history=0.00 (leg not built),0.9961,
MU,2026-08-12,2027-09-17,401,954.5259,0.957333,500,227,0.189,2.619,0.622991,0.801892,direct+peer,0.2462,20,direct=0.44;peer=0.56;history=0.00 (leg not built),0.9979,
MU,2026-08-12,2027-12-17,492,963.8286,0.947326,502,220,0.083,2.594,0.745526,1.076343,direct+peer,0.3321,20,direct=0.44;peer=0.56;history=0.00 (leg not built),0.9964,
MU,2026-08-12,2028-01-21,527,968.2409,0.943447,520,231,0.046,2.582,0.785514,1.191849,direct+peer,0.3460,20,direct=0.44;peer=0.56;history=0.00 (leg not built),0.9965,
NEE,2026-08-06,2027-01-15,162,84.8433,0.982886,68,23,0.471,1.650,0.029019,0.028567,direct+peer,0.0298,20,direct=0.44;peer=0.56;history=0.00 (leg not built),0.9962,
NEE,2026-08-06,2027-02-19,197,85.1736,0.979077,56,17,0.704,1.291,0.038430,0.037023,peer,0.1057,20,peer=1.00;history=0.00 (leg not built),0.9970,
NEE,2026-08-06,2027-03-19,225,85.1229,0.976077,52,18,0.705,1.410,0.044489,0.042298,direct+peer,0.0905,20,direct=0.44;peer=0.56;history=0.00 (leg not built),0.9904,
NEE,2026-08-06,2027-06-17,315,85.7140,0.966391,56,19,0.700,1.458,0.063712,0.069860,peer,0.1903,20,peer=1.00;history=0.00 (leg not built),0.9901,
NEE,2026-08-06,2028-01-21,533,86.3317,0.942385,64,29,0.492,1.622,0.101573,0.109848,direct+peer,0.1053,20,direct=0.44;peer=0.56;history=0.00 (leg not built),0.9909,
NEE,2026-08-07,2027-01-15,161,84.7610,0.983121,68,21,0.501,1.357,0.028273,0.028650,direct+peer,0.0369,20,direct=0.44;peer=0.56;history=0.00 (leg not built),0.9905,
NEE,2026-08-07,2027-02-19,196,85.4442,0.979343,56,19,0.702,1.404,0.039008,0.037408,peer,0.0665,20,peer=1.00;history=0.00 (leg not built),0.9938,
NEE,2026-08-07,2027-03-19,224,85.0102,0.976383,52,20,0.647,1.470,0.044045,0.041234,peer,0.0387,20,peer=1.00;history=0.00 (leg not built),0.9904,
NEE,2026-08-07,2027-06-17,314,85.3465,0.966854,56,26,0.527,1.699,0.064090,0.062162,peer,0.0236,20,peer=1.00;history=0.00 (leg not built),0.9870,
NEE,2026-08-07,2028-01-21,532,86.3179,0.943217,64,32,0.434,1.622,0.103247,0.106493,direct+peer,0.0791,20,direct=0.44;peer=0.56;history=0.00 (leg not built),0.9873,
NEE,2026-08-10,2027-01-15,158,84.6176,0.983317,68,24,0.473,1.536,0.027668,0.027643,direct+peer,0.0147,20,direct=0.44;peer=0.56;history=0.00 (leg not built),0.9960,
NEE,2026-08-10,2027-02-19,193,84.9745,0.979464,56,18,0.706,1.648,0.037954,0.039485,direct+peer,0.2371,20,direct=0.44;peer=0.56;history=0.00 (leg not built),0.9976,
NEE,2026-08-10,2027-03-19,221,84.8208,0.976485,52,19,0.707,1.533,0.043186,0.041511,direct+peer,0.0755,20,direct=0.44;peer=0.56;history=0.00 (leg not built),0.9950,
NEE,2026-08-10,2027-06-17,311,85.1655,0.966911,56,24,0.587,1.703,0.061893,0.061125,peer,0.0393,20,peer=1.00;history=0.00 (leg not built),0.9883,
NEE,2026-08-10,2028-01-21,529,86.0287,0.942976,64,31,0.436,1.627,0.098577,0.101260,direct+peer,0.0553,20,direct=0.44;peer=0.56;history=0.00 (leg not built),0.9881,
NEE,2026-08-11,2027-01-15,157,85.6030,0.983468,68,23,0.467,1.402,0.027204,0.027196,direct+peer,0.0151,20,direct=0.44;peer=0.56;history=0.00 (leg not built),0.9949,
NEE,2026-08-11,2027-02-19,192,86.1536,0.979620,56,17,0.638,1.219,0.034525,0.036303,peer,0.1049,20,peer=1.00;history=0.00 (leg not built),0.9950,
NEE,2026-08-11,2027-03-19,220,85.5990,0.976648,52,17,0.584,1.460,0.042508,0.041077,direct+peer,0.0413,20,direct=0.44;peer=0.56;history=0.00 (leg not built),0.9766,
NEE,2026-08-11,2027-06-17,310,86.1271,0.967096,56,20,0.755,1.684,0.067675,0.059167,direct+peer,0.1046,20,direct=0.44;peer=0.56;history=0.00 (leg not built),0.9867,
NEE,2026-08-11,2028-01-21,528,87.2244,0.943336,64,31,0.459,1.605,0.103191,0.107127,direct+peer,0.0785,20,direct=0.44;peer=0.56;history=0.00 (leg not built),0.9889,
NEE,2026-08-12,2027-01-15,156,85.5632,0.983578,68,20,0.467,1.344,0.026860,0.026848,direct+peer,0.0313,20,direct=0.44;peer=0.56;history=0.00 (leg not built),0.9949,
NEE,2026-08-12,2027-02-19,191,85.8727,0.979726,56,16,0.757,1.281,0.037357,0.035440,direct+peer,0.0991,20,direct=0.44;peer=0.56;history=0.00 (leg not built),0.9959,
NEE,2026-08-12,2027-03-19,219,85.8446,0.976754,52,17,0.699,1.340,0.041437,0.039514,direct+peer,0.0741,20,direct=0.44;peer=0.56;history=0.00 (leg not built),0.9970,
NEE,2026-08-12,2027-06-17,309,86.2438,0.967203,56,19,0.638,1.681,0.061812,0.059056,direct+peer,0.0708,20,direct=0.44;peer=0.56;history=0.00 (leg not built),0.9888,
NEE,2026-08-12,2028-01-21,527,86.5990,0.943447,64,28,0.520,1.617,0.101726,0.103979,direct+peer,0.0687,20,direct=0.44;peer=0.56;history=0.00 (leg not built),0.9944,
NFLX,2026-08-06,2027-01-15,162,75.0277,0.982886,462,98,0.007,2.666,0.082268,0.081045,peer,0.0000,20,peer=1.00;history=0.00 (leg not built),0.9967,
NFLX,2026-08-06,2027-03-19,225,75.4918,0.976077,82,30,0.033,2.119,0.116920,0.117997,direct+peer,0.0504,20,direct=0.44;peer=0.56;history=0.00 (leg not built),0.9935,
NFLX,2026-08-06,2027-06-17,315,76.4628,0.966391,402,107,0.007,3.479,0.174251,0.171382,direct+peer,0.0095,20,direct=0.44;peer=0.56;history=0.00 (leg not built),0.9954,
NFLX,2026-08-06,2027-12-17,498,78.0768,0.946290,402,153,0.006,3.407,0.285758,0.297700,direct+peer,0.0891,20,direct=0.44;peer=0.56;history=0.00 (leg not built),0.9945,
NFLX,2026-08-06,2028-01-21,533,78.4622,0.942385,390,171,0.006,3.123,0.302682,0.300607,peer,0.0232,20,peer=1.00;history=0.00 (leg not built),0.9949,
NFLX,2026-08-07,2027-01-15,161,75.5862,0.983121,462,97,0.007,3.519,0.082091,0.079825,peer,0.0000,20,peer=1.00;history=0.00 (leg not built),0.9958,
NFLX,2026-08-07,2027-03-19,224,76.2495,0.976383,82,26,0.033,2.033,0.116941,0.114611,direct+peer,0.0329,20,direct=0.44;peer=0.56;history=0.00 (leg not built),0.9951,
NFLX,2026-08-07,2027-06-17,314,77.0346,0.966854,402,91,0.006,3.453,0.174617,0.167705,direct+peer,0.0078,20,direct=0.44;peer=0.56;history=0.00 (leg not built),0.9951,
NFLX,2026-08-07,2027-12-17,497,78.7363,0.947065,402,144,0.006,3.378,0.282939,0.293093,direct+peer,0.1087,20,direct=0.44;peer=0.56;history=0.00 (leg not built),0.9957,
NFLX,2026-08-07,2028-01-21,532,78.9855,0.943217,390,164,0.006,3.102,0.304458,0.295728,peer,0.0147,20,peer=1.00;history=0.00 (leg not built),0.9852,
NFLX,2026-08-10,2027-01-15,158,77.5778,0.983317,462,99,0.006,2.578,0.077348,0.075879,direct+peer,0.0027,20,direct=0.44;peer=0.56;history=0.00 (leg not built),0.9955,
NFLX,2026-08-10,2027-03-19,221,78.2527,0.976485,82,29,0.032,2.045,0.112746,0.113408,direct+peer,0.0412,20,direct=0.44;peer=0.56;history=0.00 (leg not built),0.9941,
NFLX,2026-08-10,2027-06-17,311,79.0686,0.966911,402,97,0.013,3.364,0.169186,0.164857,direct+peer,0.0152,20,direct=0.44;peer=0.56;history=0.00 (leg not built),0.9936,
NFLX,2026-08-10,2027-12-17,494,80.7619,0.946894,402,148,0.006,3.294,0.279925,0.288480,direct+peer,0.0853,20,direct=0.44;peer=0.56;history=0.00 (leg not built),0.9907,
NFLX,2026-08-10,2028-01-21,529,81.0819,0.942976,390,165,0.006,3.022,0.296864,0.295190,peer,0.0210,20,peer=1.00;history=0.00 (leg not built),0.9889,
NFLX,2026-08-11,2027-01-15,157,76.1756,0.983468,462,88,0.007,2.626,0.076340,0.075844,peer,0.0000,20,peer=1.00;history=0.00 (leg not built),0.9954,
NFLX,2026-08-11,2027-03-19,220,76.7269,0.976648,82,24,0.033,1.825,0.111000,0.112239,direct+peer,0.0707,20,direct=0.44;peer=0.56;history=0.00 (leg not built),0.9952,
NFLX,2026-08-11,2027-06-17,310,77.4698,0.967096,402,89,0.006,3.434,0.168733,0.160651,direct+peer,0.0024,20,direct=0.44;peer=0.56;history=0.00 (leg not built),0.9913,
NFLX,2026-08-11,2027-12-17,493,79.3477,0.947215,402,138,0.006,3.352,0.279581,0.295625,direct+peer,0.1307,20,direct=0.44;peer=0.56;history=0.00 (leg not built),0.9919,
NFLX,2026-08-11,2028-01-21,528,79.5422,0.943336,390,164,0.006,3.080,0.296866,0.311789,direct+peer,0.1016,20,direct=0.44;peer=0.56;history=0.00 (leg not built),0.9907,
NFLX,2026-08-12,2027-01-15,156,75.5124,0.983578,462,102,0.007,3.112,0.074215,0.073586,peer,0.0000,20,peer=1.00;history=0.00 (leg not built),0.9952,
NFLX,2026-08-12,2027-03-19,219,76.1978,0.976754,82,25,0.033,1.969,0.110132,0.113302,direct+peer,0.1418,20,direct=0.44;peer=0.56;history=0.00 (leg not built),0.9953,
NFLX,2026-08-12,2027-06-17,309,76.9836,0.967203,402,96,0.013,3.455,0.166291,0.163071,direct+peer,0.0504,20,direct=0.44;peer=0.56;history=0.00 (leg not built),0.9969,
NFLX,2026-08-12,2027-12-17,492,78.7007,0.947326,402,129,0.006,3.380,0.270714,0.285114,direct+peer,0.1482,20,direct=0.44;peer=0.56;history=0.00 (leg not built),0.9886,
NFLX,2026-08-12,2028-01-21,527,78.7711,0.943447,390,166,0.006,3.110,0.287752,0.293491,direct+peer,0.0857,20,direct=0.44;peer=0.56;history=0.00 (leg not built),0.9935,
NOC,2026-08-06,2027-01-15,162,572.4927,0.982886,130,29,0.611,1.258,0.041797,0.044002,peer,0.0989,20,peer=1.00;history=0.00 (leg not built),0.9971,
NOC,2026-08-06,2027-02-19,197,576.3518,0.979077,134,49,0.746,1.284,0.056829,0.058812,direct+peer,0.2332,20,direct=0.44;peer=0.56;history=0.00 (leg not built),0.9960,
NOC,2026-08-06,2027-03-19,225,575.5548,0.976077,122,29,0.730,1.355,0.065515,0.064068,direct+peer,0.1482,20,direct=0.44;peer=0.56;history=0.00 (leg not built),0.9950,
NOC,2026-08-06,2027-06-17,315,579.4596,0.966391,92,34,0.673,1.415,0.090318,0.103949,peer,0.2114,20,peer=1.00;history=0.00 (leg not built),0.9945,
NOC,2026-08-06,2028-01-21,533,588.9919,0.942385,130,53,0.560,1.732,0.148322,0.155398,direct+peer,0.1038,20,direct=0.44;peer=0.56;history=0.00 (leg not built),0.9940,
NOC,2026-08-07,2027-01-15,161,576.0726,0.983121,130,32,0.660,1.354,0.042056,0.040863,peer,0.0551,20,peer=1.00;history=0.00 (leg not built),0.9922,
NOC,2026-08-07,2027-02-19,196,579.0119,0.979343,134,48,0.760,1.278,0.055761,0.054358,direct+peer,0.1582,20,direct=0.44;peer=0.56;history=0.00 (leg not built),0.9970,
NOC,2026-08-07,2027-03-19,224,578.5718,0.976383,122,28,0.743,1.348,0.064126,0.060609,direct+peer,0.1236,20,direct=0.44;peer=0.56;history=0.00 (leg not built),0.9965,
NOC,2026-08-07,2027-06-17,314,582.7638,0.966854,92,33,0.686,1.407,0.089269,0.088539,peer,0.1241,20,peer=1.00;history=0.00 (leg not built),0.9970,
NOC,2026-08-07,2028-01-21,532,591.8730,0.943217,130,51,0.574,1.690,0.145534,0.148318,direct+peer,0.0784,20,direct=0.44;peer=0.56;history=0.00 (leg not built),0.9934,
NOC,2026-08-10,2027-01-15,158,583.1130,0.983317,130,31,0.635,1.303,0.041733,0.042915,direct+peer,0.1046,20,direct=0.44;peer=0.56;history=0.00 (leg not built),0.9962,
NOC,2026-08-10,2027-02-19,193,585.3183,0.979464,134,49,0.752,1.298,0.052876,0.054288,peer,0.1746,20,peer=1.00;history=0.00 (leg not built),0.9928,
NOC,2026-08-10,2027-03-19,221,585.3648,0.976485,122,29,0.718,1.333,0.056984,0.058807,direct+peer,0.1584,20,direct=0.44;peer=0.56;history=0.00 (leg not built),0.9965,
NOC,2026-08-10,2027-06-17,311,589.2468,0.966911,92,34,0.662,1.392,0.084045,0.092205,peer,0.1652,20,peer=1.00;history=0.00 (leg not built),0.9962,
NOC,2026-08-10,2028-01-21,529,599.1163,0.942976,130,53,0.568,1.869,0.149051,0.149555,direct+peer,0.0544,20,direct=0.44;peer=0.56;history=0.00 (leg not built),0.9957,
NOC,2026-08-11,2027-01-15,157,580.9886,0.983468,130,30,0.602,1.308,0.039648,0.041296,direct+peer,0.0959,20,direct=0.44;peer=0.56;history=0.00 (leg not built),0.9973,
NOC,2026-08-11,2027-02-19,192,582.9884,0.979620,138,47,0.772,1.269,0.052135,0.050731,peer,0.1646,20,peer=1.00;history=0.00 (leg not built),0.9958,
NOC,2026-08-11,2027-03-19,220,582.9466,0.976648,122,27,0.738,1.304,0.058460,0.057253,direct+peer,0.1518,20,direct=0.44;peer=0.56;history=0.00 (leg not built),0.9963,
NOC,2026-08-11,2027-06-17,310,587.2942,0.967096,96,36,0.664,1.464,0.083020,0.085245,peer,0.1065,20,peer=1.00;history=0.00 (leg not built),0.9971,
NOC,2026-08-11,2028-01-21,528,596.9258,0.943336,130,52,0.570,1.876,0.144466,0.144461,direct+peer,0.0571,20,direct=0.44;peer=0.56;history=0.00 (leg not built),0.9937,
NOC,2026-08-12,2027-01-15,156,582.6829,0.983578,130,25,0.601,1.373,0.040514,0.039754,peer,0.0488,20,peer=1.00;history=0.00 (leg not built),0.9961,
NOC,2026-08-12,2027-02-19,191,584.9910,0.979726,138,54,0.632,1.265,0.044166,0.048174,direct+peer,0.1301,20,direct=0.44;peer=0.56;history=0.00 (leg not built),0.9939,
NOC,2026-08-12,2027-03-19,219,585.0640,0.976754,122,30,0.667,1.333,0.053071,0.054802,direct+peer,0.0955,20,direct=0.44;peer=0.56;history=0.00 (leg not built),0.9961,
NOC,2026-08-12,2027-06-17,309,589.1744,0.967203,96,39,0.594,1.426,0.079810,0.083920,direct+peer,0.1236,20,direct=0.44;peer=0.56;history=0.00 (leg not built),0.9976,
NOC,2026-08-12,2028-01-21,527,598.4336,0.943447,130,51,0.585,1.704,0.137100,0.139841,peer,0.0666,20,peer=1.00;history=0.00 (leg not built),0.9961,
NOW,2026-08-06,2027-01-15,162,119.2406,0.982886,228,112,0.377,2.885,0.183417,0.189813,direct+peer,0.0693,20,direct=0.44;peer=0.56;history=0.00 (leg not built),0.9945,
NOW,2026-08-06,2027-02-19,197,119.4553,0.979077,50,25,0.419,1.423,0.172577,0.241547,direct+peer,0.3094,20,direct=0.44;peer=0.56;history=0.00 (leg not built),0.9956,
NOW,2026-08-06,2027-03-19,225,120.0171,0.976077,60,30,0.375,1.583,0.210774,0.273578,direct+peer,0.2521,20,direct=0.44;peer=0.56;history=0.00 (leg not built),0.9958,
NOW,2026-08-06,2027-06-17,315,121.1383,0.966391,204,102,0.371,2.576,0.355408,0.393043,direct+peer,0.1251,20,direct=0.44;peer=0.56;history=0.00 (leg not built),0.9907,
NOW,2026-08-06,2028-01-21,533,123.5371,0.942385,192,96,0.364,2.299,0.553306,0.702684,peer,0.2291,20,peer=1.00;history=0.00 (leg not built),0.9818,
NOW,2026-08-07,2027-01-15,161,127.3069,0.983121,228,114,0.353,2.702,0.175562,0.184168,direct+peer,0.0838,20,direct=0.44;peer=0.56;history=0.00 (leg not built),0.9951,
NOW,2026-08-07,2027-02-19,196,127.7876,0.979343,50,23,0.470,1.330,0.154764,0.233335,peer,0.3462,20,peer=1.00;history=0.00 (leg not built),0.9976,
NOW,2026-08-07,2027-03-19,224,127.9431,0.976383,60,30,0.352,1.485,0.192582,0.266068,peer,0.2821,20,peer=1.00;history=0.00 (leg not built),0.9959,
NOW,2026-08-07,2027-06-17,314,129.4755,0.966854,204,101,0.386,2.410,0.337819,0.389604,direct+peer,0.1510,20,direct=0.44;peer=0.56;history=0.00 (leg not built),0.9889,
NOW,2026-08-07,2028-01-21,532,132.8403,0.943217,192,96,0.339,2.138,0.512742,0.691070,direct+peer,0.2694,20,direct=0.44;peer=0.56;history=0.00 (leg not built),0.9920,
NOW,2026-08-10,2027-01-15,158,129.4116,0.983317,228,114,0.348,2.658,0.170182,0.175454,direct+peer,0.0326,20,direct=0.44;peer=0.56;history=0.00 (leg not built),0.9973,
NOW,2026-08-10,2027-02-19,193,129.6597,0.979464,50,25,0.386,1.311,0.147332,0.213888,direct,0.3127,20,direct=1.00;history=0.00 (leg not built),0.9982,
NOW,2026-08-10,2027-03-19,221,130.3755,0.976485,60,29,0.384,1.457,0.183973,0.250468,direct+peer,0.2886,20,direct=0.44;peer=0.56;history=0.00 (leg not built),0.9960,
NOW,2026-08-10,2027-06-17,311,131.7154,0.966911,204,102,0.342,2.369,0.328184,0.365147,direct+peer,0.1131,20,direct=0.44;peer=0.56;history=0.00 (leg not built),0.9853,
NOW,2026-08-10,2028-01-21,529,134.8599,0.942976,192,96,0.334,2.106,0.503814,0.668986,direct+peer,0.2569,20,direct=0.44;peer=0.56;history=0.00 (leg not built),0.9805,
NOW,2026-08-11,2027-01-15,157,129.6695,0.983468,228,111,0.386,2.653,0.163346,0.168151,direct+peer,0.0402,20,direct=0.44;peer=0.56;history=0.00 (leg not built),0.9953,
NOW,2026-08-11,2027-02-19,192,129.9149,0.979620,56,27,0.423,1.424,0.157673,0.212624,direct+peer,0.2895,20,direct=0.44;peer=0.56;history=0.00 (leg not built),0.9970,
NOW,2026-08-11,2027-03-19,220,130.5546,0.976648,60,30,0.345,1.455,0.178592,0.254295,direct+peer,0.3088,20,direct=0.44;peer=0.56;history=0.00 (leg not built),0.9952,
NOW,2026-08-11,2027-06-17,310,132.3357,0.967096,204,102,0.340,2.358,0.321892,0.373541,direct+peer,0.1592,20,direct=0.44;peer=0.56;history=0.00 (leg not built),0.9946,
NOW,2026-08-11,2028-01-21,528,135.2953,0.943336,192,96,0.333,2.099,0.495280,0.685115,direct+peer,0.3006,20,direct=0.44;peer=0.56;history=0.00 (leg not built),0.9894,
NOW,2026-08-12,2027-01-15,156,126.6149,0.983578,228,110,0.395,2.717,0.157839,0.159710,direct+peer,0.0399,20,direct=0.44;peer=0.56;history=0.00 (leg not built),0.9924,
NOW,2026-08-12,2027-02-19,191,127.2881,0.979726,56,26,0.471,1.453,0.157178,0.197617,direct+peer,0.2371,20,direct=0.44;peer=0.56;history=0.00 (leg not built),0.9976,
NOW,2026-08-12,2027-03-19,219,127.6623,0.976754,60,29,0.392,1.488,0.178682,0.231818,direct+peer,0.2411,20,direct=0.44;peer=0.56;history=0.00 (leg not built),0.9977,
NOW,2026-08-12,2027-06-17,309,129.0584,0.967203,204,102,0.349,2.418,0.321127,0.356993,direct+peer,0.1101,20,direct=0.44;peer=0.56;history=0.00 (leg not built),0.9972,
NOW,2026-08-12,2028-01-21,527,132.3696,0.943447,192,95,0.378,2.146,0.495783,0.728104,peer,0.3337,20,peer=1.00;history=0.00 (leg not built),0.9936,
NSC,2026-08-06,2027-01-15,162,345.0769,0.982886,88,10,0.869,1.130,0.025681,0.018468,direct+peer,0.2215,20,direct=0.44;peer=0.56;history=0.00 (leg not built),0.9977,
NSC,2026-08-06,2027-03-19,225,346.0249,0.976077,72,13,0.809,1.156,0.030498,0.029701,direct+peer,0.2967,20,direct=0.44;peer=0.56;history=0.00 (leg not built),0.9933,
NSC,2026-08-06,2027-06-17,315,348.8410,0.966391,84,18,0.745,1.233,0.048216,0.047476,direct+peer,0.2202,20,direct=0.44;peer=0.56;history=0.00 (leg not built),0.9955,
NSC,2026-08-06,2028-01-21,533,355.0020,0.942385,88,30,0.592,1.408,0.087862,0.092196,direct+peer,0.1376,20,direct=0.44;peer=0.56;history=0.00 (leg not built),0.9942,
NSC,2026-08-07,2027-01-15,161,338.9625,0.983121,88,10,0.856,1.121,0.023976,0.018931,direct+peer,0.2088,20,direct=0.44;peer=0.56;history=0.00 (leg not built),0.9959,
NSC,2026-08-07,2027-03-19,224,340.0922,0.976383,72,14,0.794,1.176,0.031324,0.027933,peer,0.1554,20,peer=1.00;history=0.00 (leg not built),0.9967,
NSC,2026-08-07,2027-06-17,314,343.0408,0.966854,84,21,0.700,1.283,0.049443,0.047616,peer,0.1037,20,peer=1.00;history=0.00 (leg not built),0.9990,
NSC,2026-08-07,2028-01-21,532,348.4627,0.943217,88,30,0.603,1.435,0.090312,0.090609,direct+peer,0.0857,20,direct=0.44;peer=0.56;history=0.00 (leg not built),0.9954,
NSC,2026-08-10,2027-01-15,158,338.9729,0.983317,88,10,0.856,1.121,0.021841,0.018049,direct+peer,0.2170,20,direct=0.44;peer=0.56;history=0.00 (leg not built),0.9972,
NSC,2026-08-10,2027-03-19,221,339.9386,0.976485,72,13,0.824,1.177,0.032947,0.028802,peer,0.2235,20,peer=1.00;history=0.00 (leg not built),0.9976,
NSC,2026-08-10,2027-06-17,311,343.4646,0.966911,84,20,0.728,1.281,0.051041,0.048414,direct+peer,0.1400,20,direct=0.44;peer=0.56;history=0.00 (leg not built),0.9971,
NSC,2026-08-10,2028-01-21,529,348.3032,0.942976,88,30,0.603,1.436,0.089867,0.090039,direct+peer,0.0817,20,direct=0.44;peer=0.56;history=0.00 (leg not built),0.9946,
NSC,2026-08-11,2027-01-15,157,338.1697,0.983468,88,10,0.858,1.124,0.024280,0.019251,peer,0.2298,20,peer=1.00;history=0.00 (leg not built),0.9968,
NSC,2026-08-11,2027-03-19,220,339.4164,0.976648,72,13,0.825,1.178,0.033387,0.030219,direct+peer,0.3150,20,direct=0.44;peer=0.56;history=0.00 (leg not built),0.9973,
NSC,2026-08-11,2027-06-17,310,342.1301,0.967096,84,21,0.701,1.286,0.049562,0.051680,peer,0.1810,20,peer=1.00;history=0.00 (leg not built),0.9965,
NSC,2026-08-11,2028-01-21,528,347.8481,0.943336,88,30,0.604,1.437,0.089389,0.090465,direct+peer,0.0994,20,direct=0.44;peer=0.56;history=0.00 (leg not built),0.9954,
NSC,2026-08-12,2027-01-15,156,339.7865,0.983578,88,10,0.853,1.118,0.023992,0.018290,direct+peer,0.2159,20,direct=0.44;peer=0.56;history=0.00 (leg not built),0.9967,
NSC,2026-08-12,2027-03-19,219,341.0033,0.976754,72,13,0.821,1.173,0.033624,0.028798,direct+peer,0.2223,20,direct=0.44;peer=0.56;history=0.00 (leg not built),0.9975,
NSC,2026-08-12,2027-06-17,309,343.5153,0.967203,84,21,0.728,1.310,0.050875,0.047592,peer,0.1011,20,peer=1.00;history=0.00 (leg not built),0.9983,
NSC,2026-08-12,2028-01-21,527,349.2050,0.943447,88,29,0.601,1.403,0.089006,0.089925,direct+peer,0.1044,20,direct=0.44;peer=0.56;history=0.00 (leg not built),0.9962,
NVDA,2026-08-06,2027-01-15,162,222.5037,0.982886,154,72,0.022,2.067,0.084722,0.085075,direct+peer,0.0191,20,direct=0.44;peer=0.56;history=0.00 (leg not built),0.9983,
NVDA,2026-08-06,2027-02-19,197,223.3877,0.979077,138,67,0.269,1.746,0.099468,0.102178,direct+peer,0.0350,20,direct=0.44;peer=0.56;history=0.00 (leg not built),0.9975,
NVDA,2026-08-06,2027-03-19,225,224.0962,0.976077,188,81,0.201,2.053,0.120930,0.122993,direct+peer,0.0252,20,direct=0.44;peer=0.56;history=0.00 (leg not built),0.9982,
NVDA,2026-08-06,2027-06-17,315,226.2639,0.966391,154,72,0.022,2.033,0.168532,0.176039,direct+peer,0.0492,20,direct=0.44;peer=0.56;history=0.00 (leg not built),0.9976,
NVDA,2026-08-06,2027-09-17,407,228.4465,0.956369,134,67,0.241,2.014,0.216479,0.233496,direct+peer,0.0776,20,direct=0.44;peer=0.56;history=0.00 (leg not built),0.9953,
NVDA,2026-08-06,2027-12-17,498,230.6718,0.946290,152,71,0.022,1.994,0.262323,0.291336,direct+peer,0.1041,20,direct=0.44;peer=0.56;history=0.00 (leg not built),0.9965,
NVDA,2026-08-06,2028-01-21,533,231.4136,0.942385,154,72,0.022,1.988,0.277086,0.319329,direct+peer,0.1317,20,direct=0.44;peer=0.56;history=0.00 (leg not built),0.9953,
NVDA,2026-08-07,2027-01-15,161,227.6496,0.983121,154,73,0.022,2.021,0.079262,0.079933,direct+peer,0.0212,20,direct=0.44;peer=0.56;history=0.00 (leg not built),0.9984,
NVDA,2026-08-07,2027-02-19,196,228.4793,0.979343,138,68,0.241,1.707,0.093663,0.096474,direct+peer,0.0319,20,direct=0.44;peer=0.56;history=0.00 (leg not built),0.9981,
NVDA,2026-08-07,2027-03-19,224,229.1733,0.976383,188,82,0.175,2.007,0.114650,0.116236,direct+peer,0.0245,20,direct=0.44;peer=0.56;history=0.00 (leg not built),0.9983,
NVDA,2026-08-07,2027-06-17,314,231.3409,0.966854,154,72,0.022,1.988,0.161375,0.169049,direct+peer,0.0517,20,direct=0.44;peer=0.56;history=0.00 (leg not built),0.9978,
NVDA,2026-08-07,2027-09-17,406,233.2124,0.957002,134,67,0.236,1.972,0.207664,0.222239,direct+peer,0.0667,20,direct=0.44;peer=0.56;history=0.00 (leg not built),0.9963,
NVDA,2026-08-07,2027-12-17,497,235.5204,0.947065,152,72,0.021,1.953,0.252716,0.281187,direct+peer,0.1056,20,direct=0.44;peer=0.56;history=0.00 (leg not built),0.9964,
NVDA,2026-08-07,2028-01-21,532,236.5259,0.943217,154,72,0.021,1.945,0.267722,0.303821,direct+peer,0.1196,20,direct=0.44;peer=0.56;history=0.00 (leg not built),0.9956,
NVDA,2026-08-10,2027-01-15,158,221.1768,0.983317,154,76,0.023,2.080,0.078761,0.079099,direct+peer,0.0147,20,direct=0.44;peer=0.56;history=0.00 (leg not built),0.9986,
NVDA,2026-08-10,2027-02-19,193,222.1331,0.979464,138,67,0.270,1.756,0.093196,0.095777,direct+peer,0.0303,20,direct=0.44;peer=0.56;history=0.00 (leg not built),0.9980,
NVDA,2026-08-10,2027-03-19,221,222.6592,0.976485,188,81,0.202,2.066,0.114367,0.116139,direct+peer,0.0232,20,direct=0.44;peer=0.56;history=0.00 (leg not built),0.9979,
NVDA,2026-08-10,2027-06-17,311,224.8153,0.966911,154,73,0.022,2.046,0.162047,0.169505,direct+peer,0.0457,20,direct=0.44;peer=0.56;history=0.00 (leg not built),0.9977,
NVDA,2026-08-10,2027-09-17,403,227.1160,0.956992,134,67,0.242,2.025,0.208220,0.223176,direct+peer,0.0673,20,direct=0.44;peer=0.56;history=0.00 (leg not built),0.9959,
NVDA,2026-08-10,2027-12-17,494,229.0986,0.946894,152,73,0.022,2.008,0.254144,0.282291,direct+peer,0.1043,20,direct=0.44;peer=0.56;history=0.00 (leg not built),0.9953,
NVDA,2026-08-10,2028-01-21,529,229.9621,0.942976,154,72,0.022,2.000,0.269876,0.302783,direct+peer,0.1097,20,direct=0.44;peer=0.56;history=0.00 (leg not built),0.9964,
NVDA,2026-08-11,2027-01-15,157,221.0350,0.983468,154,74,0.023,2.081,0.074986,0.075003,direct+peer,0.0171,20,direct=0.44;peer=0.56;history=0.00 (leg not built),0.9983,
NVDA,2026-08-11,2027-02-19,192,221.9723,0.979620,138,66,0.293,1.757,0.088863,0.090812,direct+peer,0.0296,20,direct=0.44;peer=0.56;history=0.00 (leg not built),0.9983,
NVDA,2026-08-11,2027-03-19,220,222.5060,0.976648,188,81,0.202,2.067,0.109449,0.110531,direct+peer,0.0197,20,direct=0.44;peer=0.56;history=0.00 (leg not built),0.9980,
NVDA,2026-08-11,2027-06-17,310,224.6602,0.967096,154,73,0.022,2.048,0.156596,0.162909,direct+peer,0.0527,20,direct=0.44;peer=0.56;history=0.00 (leg not built),0.9978,
NVDA,2026-08-11,2027-09-17,402,226.8581,0.957224,134,67,0.242,2.028,0.203168,0.217396,direct+peer,0.0675,20,direct=0.44;peer=0.56;history=0.00 (leg not built),0.9946,
NVDA,2026-08-11,2027-12-17,493,228.8802,0.947215,152,72,0.022,2.010,0.247278,0.273697,direct+peer,0.1038,20,direct=0.44;peer=0.56;history=0.00 (leg not built),0.9963,
NVDA,2026-08-11,2028-01-21,528,229.7653,0.943336,154,73,0.022,2.002,0.262824,0.307062,direct+peer,0.1469,20,direct=0.44;peer=0.56;history=0.00 (leg not built),0.9962,
NVDA,2026-08-12,2027-01-15,156,227.7923,0.983578,154,76,0.022,2.019,0.074686,0.076432,direct+peer,0.0341,20,direct=0.44;peer=0.56;history=0.00 (leg not built),0.9984,
NVDA,2026-08-12,2027-02-19,191,228.5965,0.979726,138,69,0.219,1.706,0.088484,0.091600,direct+peer,0.0366,20,direct=0.44;peer=0.56;history=0.00 (leg not built),0.9976,
NVDA,2026-08-12,2027-03-19,219,229.2833,0.976754,188,80,0.218,2.006,0.109302,0.111181,direct+peer,0.0234,20,direct=0.44;peer=0.56;history=0.00 (leg not built),0.9983,
NVDA,2026-08-12,2027-06-17,309,231.4327,0.967203,154,72,0.022,1.988,0.155035,0.160795,direct+peer,0.0535,20,direct=0.44;peer=0.56;history=0.00 (leg not built),0.9980,
NVDA,2026-08-12,2027-09-17,401,233.4593,0.957333,134,67,0.236,1.970,0.200234,0.213763,direct+peer,0.0650,20,direct=0.44;peer=0.56;history=0.00 (leg not built),0.9968,
NVDA,2026-08-12,2027-12-17,492,235.7125,0.947326,152,73,0.021,1.952,0.243786,0.269583,direct+peer,0.1004,20,direct=0.44;peer=0.56;history=0.00 (leg not built),0.9962,
NVDA,2026-08-12,2028-01-21,527,236.6164,0.943447,154,75,0.021,1.944,0.259079,0.291979,direct+peer,0.1185,20,direct=0.44;peer=0.56;history=0.00 (leg not built),0.9954,
ORCL,2026-08-06,2027-01-15,162,145.5087,0.982886,120,56,0.412,3.505,0.246077,0.252599,direct+peer,0.0744,20,direct=0.44;peer=0.56;history=0.00 (leg not built),0.9969,
ORCL,2026-08-06,2027-03-19,225,146.3165,0.976077,92,46,0.410,2.529,0.327160,0.359187,direct+peer,0.1084,20,direct=0.44;peer=0.56;history=0.00 (leg not built),0.9933,
ORCL,2026-08-06,2027-06-17,315,147.5683,0.966391,120,60,0.407,3.456,0.492695,0.535342,direct+peer,0.1350,20,direct=0.44;peer=0.56;history=0.00 (leg not built),0.9944,
ORCL,2026-08-06,2027-09-17,407,148.8707,0.956369,92,46,0.403,2.485,0.564290,0.710796,direct+peer,0.2286,20,direct=0.44;peer=0.56;history=0.00 (leg not built),0.9928,
ORCL,2026-08-06,2027-10-15,435,149.0611,0.953280,92,46,0.403,2.482,0.592621,0.771398,direct+peer,0.2602,20,direct=0.44;peer=0.56;history=0.00 (leg not built),0.9988,
ORCL,2026-08-06,2027-12-17,498,149.8996,0.946290,120,60,0.400,3.402,0.764896,0.898011,direct+peer,0.1681,20,direct=0.44;peer=0.56;history=0.00 (leg not built),0.9873,
ORCL,2026-08-06,2028-01-21,533,150.4404,0.942385,112,56,0.399,3.124,0.788335,1.002256,peer,0.2275,20,peer=1.00;history=0.00 (leg not built),0.9848,
ORCL,2026-08-07,2027-01-15,161,148.3013,0.983121,120,57,0.405,3.439,0.236872,0.249914,direct+peer,0.1024,20,direct=0.44;peer=0.56;history=0.00 (leg not built),0.9954,
ORCL,2026-08-07,2027-03-19,224,149.5903,0.976383,92,46,0.401,2.473,0.311910,0.349891,direct+peer,0.1164,20,direct=0.44;peer=0.56;history=0.00 (leg not built),0.9990,
ORCL,2026-08-07,2027-06-17,314,150.6257,0.966854,120,60,0.398,3.386,0.473456,0.503978,peer,0.0781,20,peer=1.00;history=0.00 (leg not built),0.9939,
ORCL,2026-08-07,2027-09-17,406,151.7241,0.957002,92,46,0.395,2.439,0.540736,0.691863,direct+peer,0.2379,20,direct=0.44;peer=0.56;history=0.00 (leg not built),0.9941,
ORCL,2026-08-07,2027-10-15,434,152.3638,0.953955,92,46,0.394,2.428,0.566757,0.735960,direct+peer,0.2412,20,direct=0.44;peer=0.56;history=0.00 (leg not built),0.9921,
ORCL,2026-08-07,2027-12-17,497,152.7615,0.947065,120,60,0.393,3.339,0.740228,0.887523,direct+peer,0.1813,20,direct=0.44;peer=0.56;history=0.00 (leg not built),0.9935,
ORCL,2026-08-07,2028-01-21,532,153.5952,0.943217,112,56,0.391,3.060,0.770704,0.974349,peer,0.2261,20,peer=1.00;history=0.00 (leg not built),0.9896,
ORCL,2026-08-10,2027-01-15,158,153.4339,0.983317,120,58,0.391,3.324,0.228282,0.234804,direct+peer,0.0446,20,direct=0.44;peer=0.56;history=0.00 (leg not built),0.9964,
ORCL,2026-08-10,2027-03-19,221,154.4828,0.976485,92,46,0.388,2.395,0.300694,0.350492,direct+peer,0.1563,20,direct=0.44;peer=0.56;history=0.00 (leg not built),0.9961,
ORCL,2026-08-10,2027-06-17,311,155.5068,0.966911,120,60,0.386,3.280,0.450220,0.487169,direct+peer,0.0969,20,direct=0.44;peer=0.56;history=0.00 (leg not built),0.9971,
ORCL,2026-08-10,2027-09-17,403,157.1212,0.956992,92,46,0.382,2.355,0.509418,0.642076,direct+peer,0.2271,20,direct=0.44;peer=0.56;history=0.00 (leg not built),0.9915,
ORCL,2026-08-10,2027-10-15,431,157.4735,0.953899,92,46,0.381,2.350,0.535792,0.730854,direct+peer,0.3372,20,direct=0.44;peer=0.56;history=0.00 (leg not built),0.9942,
ORCL,2026-08-10,2027-12-17,494,158.0198,0.946894,120,60,0.380,3.227,0.701937,0.835861,direct+peer,0.1909,20,direct=0.44;peer=0.56;history=0.00 (leg not built),0.9916,
ORCL,2026-08-10,2028-01-21,529,159.0827,0.942976,112,56,0.377,2.954,0.708745,0.891309,direct+peer,0.2389,20,direct=0.44;peer=0.56;history=0.00 (leg not built),0.9875,
ORCL,2026-08-11,2027-01-15,157,147.4251,0.983468,120,55,0.407,3.459,0.218050,0.231546,direct+peer,0.1223,20,direct=0.44;peer=0.56;history=0.00 (leg not built),0.9976,
ORCL,2026-08-11,2027-03-19,220,148.0136,0.976648,92,46,0.405,2.500,0.292319,0.322269,direct+peer,0.1113,20,direct=0.44;peer=0.56;history=0.00 (leg not built),0.9963,
ORCL,2026-08-11,2027-06-17,310,150.0259,0.967096,120,60,0.400,3.399,0.441202,0.489208,direct+peer,0.1211,20,direct=0.44;peer=0.56;history=0.00 (leg not built),0.9948,
ORCL,2026-08-11,2027-09-17,402,150.7313,0.957224,92,46,0.398,2.455,0.510512,0.630235,peer,0.2046,20,peer=1.00;history=0.00 (leg not built),0.9946,
ORCL,2026-08-11,2027-10-15,430,151.0480,0.954156,92,46,0.397,2.450,0.535773,0.686406,direct+peer,0.2506,20,direct=0.44;peer=0.56;history=0.00 (leg not built),0.9934,
ORCL,2026-08-11,2027-12-17,493,151.5255,0.947215,120,60,0.396,3.366,0.698758,0.823663,peer,0.1642,20,peer=1.00;history=0.00 (leg not built),0.9976,
ORCL,2026-08-11,2028-01-21,528,152.2579,0.943336,112,56,0.394,3.087,0.719338,0.894515,direct+peer,0.2261,20,direct=0.44;peer=0.56;history=0.00 (leg not built),0.9962,
ORCL,2026-08-12,2027-01-15,156,154.9288,0.983578,120,55,0.387,3.292,0.216953,0.217140,direct+peer,0.0436,20,direct=0.44;peer=0.56;history=0.00 (leg not built),0.9966,
ORCL,2026-08-12,2027-03-19,219,155.5477,0.976754,92,45,0.418,2.379,0.284231,0.312587,direct+peer,0.1042,20,direct=0.44;peer=0.56;history=0.00 (leg not built),0.9963,
ORCL,2026-08-12,2027-06-17,309,157.1867,0.967203,120,60,0.382,3.245,0.432832,0.448270,peer,0.0643,20,peer=1.00;history=0.00 (leg not built),0.9956,
ORCL,2026-08-12,2027-09-17,401,158.5219,0.957333,92,46,0.378,2.334,0.480421,0.604787,direct+peer,0.2262,20,direct=0.44;peer=0.56;history=0.00 (leg not built),0.9968,
ORCL,2026-08-12,2027-10-15,429,158.7320,0.954266,92,46,0.378,2.331,0.506720,0.658775,direct+peer,0.2538,20,direct=0.44;peer=0.56;history=0.00 (leg not built),0.9953,
ORCL,2026-08-12,2027-12-17,492,159.6253,0.947326,120,60,0.376,3.195,0.666651,0.788363,peer,0.1613,20,peer=1.00;history=0.00 (leg not built),0.9908,
ORCL,2026-08-12,2028-01-21,527,159.9470,0.943447,112,56,0.375,2.938,0.689766,0.904298,direct+peer,0.2900,20,direct=0.44;peer=0.56;history=0.00 (leg not built),0.9965,
ORLY,2026-08-06,2027-01-15,162,95.2544,0.982886,48,10,0.787,1.260,0.046815,0.042889,direct+peer,0.2356,20,direct=0.44;peer=0.56;history=0.00 (leg not built),0.9964,
ORLY,2026-08-06,2027-02-19,197,95.6639,0.979077,38,11,0.784,1.307,0.058998,0.053404,peer,0.1821,20,peer=1.00;history=0.00 (leg not built),0.9925,
ORLY,2026-08-06,2027-03-19,225,95.9050,0.976077,40,12,0.678,1.303,0.058520,0.060409,direct+peer,0.1472,20,direct=0.44;peer=0.56;history=0.00 (leg not built),0.9928,
ORLY,2026-08-06,2027-06-17,315,96.7419,0.966391,36,11,0.672,1.240,0.072807,0.086219,direct+peer,0.2893,20,direct=0.44;peer=0.56;history=0.00 (leg not built),0.9937,
ORLY,2026-08-06,2028-01-21,533,98.6205,0.942385,48,19,0.558,1.622,0.147494,0.155893,peer,0.1374,20,peer=1.00;history=0.00 (leg not built),0.9867,
ORLY,2026-08-07,2027-01-15,161,94.8813,0.983121,48,11,0.790,1.370,0.047116,0.039465,direct+peer,0.1472,20,direct=0.44;peer=0.56;history=0.00 (leg not built),0.9913,
ORLY,2026-08-07,2027-02-19,196,95.7318,0.979343,38,9,0.783,1.201,0.055360,0.052639,direct+peer,0.2232,20,direct=0.44;peer=0.56;history=0.00 (leg not built),0.9984,
ORLY,2026-08-07,2027-03-19,224,95.7681,0.976383,40,12,0.679,1.305,0.059311,0.060124,direct+peer,0.1181,20,direct=0.44;peer=0.56;history=0.00 (leg not built),0.9964,
ORLY,2026-08-07,2027-06-17,314,96.7066,0.966854,36,12,0.672,1.241,0.074788,0.084316,direct+peer,0.2333,20,direct=0.44;peer=0.56;history=0.00 (leg not built),0.9988,
ORLY,2026-08-07,2028-01-21,532,98.9398,0.943217,48,19,0.657,1.617,0.142569,0.138809,direct+peer,0.1094,20,direct=0.44;peer=0.56;history=0.00 (leg not built),0.9862,
ORLY,2026-08-10,2027-01-15,158,93.6779,0.983317,48,10,0.801,1.281,0.046688,0.040753,peer,0.1633,20,peer=1.00;history=0.00 (leg not built),0.9942,
ORLY,2026-08-10,2027-02-19,193,94.5576,0.979464,38,9,0.793,1.216,0.055552,0.055734,direct+peer,0.3112,20,direct=0.44;peer=0.56;history=0.00 (leg not built),0.9994,
ORLY,2026-08-10,2027-03-19,221,94.6757,0.976485,40,11,0.687,1.267,0.058982,0.062547,direct+peer,0.1909,20,direct=0.44;peer=0.56;history=0.00 (leg not built),0.9966,
ORLY,2026-08-10,2027-06-17,311,95.4137,0.966911,36,11,0.681,1.258,0.078784,0.091135,direct+peer,0.2638,20,direct=0.44;peer=0.56;history=0.00 (leg not built),0.9937,
ORLY,2026-08-10,2028-01-21,529,97.5609,0.942976,48,18,0.718,1.640,0.148142,0.147254,peer,0.1697,20,peer=1.00;history=0.00 (leg not built),0.9873,
ORLY,2026-08-11,2027-01-15,157,94.2713,0.983468,48,11,0.743,1.273,0.039630,0.037551,direct+peer,0.0952,20,direct=0.44;peer=0.56;history=0.00 (leg not built),0.9937,
ORLY,2026-08-11,2027-02-19,192,94.2684,0.979620,38,10,0.743,1.220,0.050313,0.049932,direct+peer,0.1661,20,direct=0.44;peer=0.56;history=0.00 (leg not built),0.9929,
ORLY,2026-08-11,2027-03-19,220,95.1024,0.976648,40,14,0.683,1.367,0.059916,0.061682,direct+peer,0.1679,20,direct=0.44;peer=0.56;history=0.00 (leg not built),0.9944,
ORLY,2026-08-11,2027-06-17,310,95.7928,0.967096,36,11,0.679,1.305,0.082288,0.084169,direct,0.1468,20,direct=1.00;history=0.00 (leg not built),0.9985,
ORLY,2026-08-11,2028-01-21,528,97.7562,0.943336,48,17,0.716,1.637,0.144943,0.138193,direct+peer,0.1386,20,direct=0.44;peer=0.56;history=0.00 (leg not built),0.9910,
ORLY,2026-08-12,2027-01-15,156,93.4241,0.983578,48,9,0.803,1.284,0.045357,0.039783,direct+peer,0.1766,20,direct=0.44;peer=0.56;history=0.00 (leg not built),0.9993,
ORLY,2026-08-12,2027-02-19,191,93.6901,0.979726,38,9,0.801,1.227,0.065248,0.058246,direct+peer,0.2790,20,direct=0.44;peer=0.56;history=0.00 (leg not built),0.9929,
ORLY,2026-08-12,2027-03-19,219,94.1980,0.976754,40,12,0.690,1.327,0.062882,0.061364,direct+peer,0.1172,20,direct=0.44;peer=0.56;history=0.00 (leg not built),0.9850,
ORLY,2026-08-12,2027-06-17,309,94.9655,0.967203,36,11,0.684,1.316,0.081569,0.086324,direct+peer,0.2021,20,direct=0.44;peer=0.56;history=0.00 (leg not built),0.9953,
ORLY,2026-08-12,2028-01-21,527,97.4555,0.943447,48,16,0.718,1.642,0.152280,0.145543,direct+peer,0.1519,20,direct=0.44;peer=0.56;history=0.00 (leg not built),0.9938,
PEP,2026-08-06,2027-01-15,162,138.1602,0.982886,68,24,0.615,1.520,0.030480,0.030839,direct+peer,0.0378,20,direct=0.44;peer=0.56;history=0.00 (leg not built),0.9964,
PEP,2026-08-06,2027-03-19,225,138.1559,0.976077,60,24,0.579,1.411,0.041831,0.043905,direct+peer,0.0764,20,direct=0.44;peer=0.56;history=0.00 (leg not built),0.9941,
PEP,2026-08-06,2027-06-17,315,138.3357,0.966391,58,24,0.578,1.446,0.059442,0.064414,peer,0.1104,20,peer=1.00;history=0.00 (leg not built),0.9971,
PEP,2026-08-06,2028-01-21,533,139.0096,0.942385,64,26,0.611,1.655,0.102727,0.134611,direct,0.2902,20,direct=1.00;history=0.00 (leg not built),0.9974,
PEP,2026-08-07,2027-01-15,161,138.8896,0.983121,68,23,0.612,1.440,0.029564,0.029634,direct+peer,0.0334,20,direct=0.44;peer=0.56;history=0.00 (leg not built),0.9940,
PEP,2026-08-07,2027-03-19,224,139.5391,0.976383,60,19,0.573,1.290,0.038829,0.042072,direct+peer,0.1243,20,direct=0.44;peer=0.56;history=0.00 (leg not built),0.9966,
PEP,2026-08-07,2027-06-17,314,139.3277,0.966854,58,20,0.574,1.723,0.063061,0.060490,direct+peer,0.0477,20,direct=0.44;peer=0.56;history=0.00 (leg not built),0.9953,
PEP,2026-08-07,2028-01-21,532,140.4064,0.943217,64,27,0.499,1.709,0.099518,0.100228,direct+peer,0.0486,20,direct=0.44;peer=0.56;history=0.00 (leg not built),0.9955,
PEP,2026-08-10,2027-01-15,158,137.3814,0.983317,68,24,0.582,1.456,0.028295,0.029025,direct+peer,0.0516,20,direct=0.44;peer=0.56;history=0.00 (leg not built),0.9965,
PEP,2026-08-10,2027-03-19,221,137.2786,0.976485,60,24,0.583,1.420,0.040572,0.042307,direct+peer,0.0998,20,direct=0.44;peer=0.56;history=0.00 (leg not built),0.9956,
PEP,2026-08-10,2027-06-17,311,137.7937,0.966911,58,24,0.581,1.669,0.058747,0.057955,direct+peer,0.0360,20,direct=0.44;peer=0.56;history=0.00 (leg not built),0.9956,
PEP,2026-08-10,2028-01-21,529,138.6479,0.942976,64,30,0.505,1.803,0.100353,0.101036,direct+peer,0.0346,20,direct=0.44;peer=0.56;history=0.00 (leg not built),0.9898,
PEP,2026-08-11,2027-01-15,157,137.8647,0.983468,68,20,0.617,1.451,0.028014,0.028003,direct+peer,0.0382,20,direct=0.44;peer=0.56;history=0.00 (leg not built),0.9980,
PEP,2026-08-11,2027-03-19,220,137.9351,0.976648,60,20,0.616,1.341,0.038628,0.039263,direct+peer,0.0540,20,direct=0.44;peer=0.56;history=0.00 (leg not built),0.9954,
PEP,2026-08-11,2027-06-17,310,139.0780,0.967096,58,21,0.575,1.402,0.054054,0.056529,direct+peer,0.1047,20,direct=0.44;peer=0.56;history=0.00 (leg not built),0.9955,
PEP,2026-08-11,2028-01-21,528,139.2668,0.943336,64,31,0.503,1.795,0.097679,0.097856,direct+peer,0.0273,20,direct=0.44;peer=0.56;history=0.00 (leg not built),0.9972,
PEP,2026-08-12,2027-01-15,156,138.1530,0.983578,68,24,0.615,1.448,0.026826,0.027136,direct+peer,0.0312,20,direct=0.44;peer=0.56;history=0.00 (leg not built),0.9970,
PEP,2026-08-12,2027-03-19,219,138.3619,0.976754,60,24,0.578,1.445,0.038735,0.038996,direct+peer,0.0305,20,direct=0.44;peer=0.56;history=0.00 (leg not built),0.9894,
PEP,2026-08-12,2027-06-17,309,138.6128,0.967203,58,24,0.577,1.443,0.055426,0.056535,direct+peer,0.0640,20,direct=0.44;peer=0.56;history=0.00 (leg not built),0.9977,
PEP,2026-08-12,2028-01-21,527,139.9735,0.943447,64,30,0.572,1.786,0.098274,0.099977,direct+peer,0.0901,20,direct=0.44;peer=0.56;history=0.00 (leg not built),0.9939,
PFE,2026-08-06,2027-01-15,162,26.2323,0.982886,56,21,0.610,1.601,0.027929,0.027446,peer,0.0250,20,peer=1.00;history=0.00 (leg not built),0.9989,
PFE,2026-08-06,2027-03-19,225,26.0803,0.976077,42,20,0.613,1.534,0.040375,0.039789,direct+peer,0.0430,20,direct=0.44;peer=0.56;history=0.00 (leg not built),0.9991,
PFE,2026-08-06,2027-06-17,315,26.1879,0.966391,24,11,0.573,1.527,0.056325,0.059150,peer,0.0850,20,peer=1.00;history=0.00 (leg not built),0.9974,
PFE,2026-08-06,2027-12-17,498,26.0987,0.946290,24,12,0.498,1.533,0.093048,0.094445,peer,0.0646,20,peer=1.00;history=0.00 (leg not built),0.9928,
PFE,2026-08-06,2028-01-21,533,25.8389,0.942385,24,12,0.503,1.548,0.099963,0.105132,direct+peer,0.0745,20,direct=0.44;peer=0.56;history=0.00 (leg not built),0.9744,
PFE,2026-08-07,2027-01-15,161,26.7915,0.983121,56,24,0.560,1.568,0.026209,0.026421,direct+peer,0.0623,20,direct=0.44;peer=0.56;history=0.00 (leg not built),0.9919,
PFE,2026-08-07,2027-03-19,224,26.6142,0.976383,42,18,0.639,1.503,0.039460,0.041753,direct+peer,0.1744,20,direct=0.44;peer=0.56;history=0.00 (leg not built),0.9964,
PFE,2026-08-07,2027-06-17,314,26.5900,0.966854,24,10,0.489,1.504,0.058302,0.060184,direct+peer,0.1092,20,direct=0.44;peer=0.56;history=0.00 (leg not built),0.9916,
PFE,2026-08-07,2027-12-17,497,26.5273,0.947065,24,11,0.565,1.508,0.093931,0.096775,direct+peer,0.0785,20,direct=0.44;peer=0.56;history=0.00 (leg not built),0.9853,
PFE,2026-08-07,2028-01-21,532,26.4640,0.943217,24,11,0.491,1.511,0.101465,0.106655,direct+peer,0.1160,20,direct=0.44;peer=0.56;history=0.00 (leg not built),0.9810,
PFE,2026-08-10,2027-01-15,158,27.1153,0.983317,56,26,0.479,1.549,0.026066,0.026209,direct+peer,0.0337,20,direct=0.44;peer=0.56;history=0.00 (leg not built),0.9979,
PFE,2026-08-10,2027-03-19,221,26.9676,0.976485,42,20,0.593,1.483,0.038246,0.039796,direct+peer,0.1373,20,direct=0.44;peer=0.56;history=0.00 (leg not built),0.9994,
PFE,2026-08-10,2027-06-17,311,26.9675,0.966911,24,10,0.667,1.483,0.061506,0.057554,peer,0.0768,20,peer=1.00;history=0.00 (leg not built),0.9901,
PFE,2026-08-10,2027-12-17,494,26.8229,0.946894,24,11,0.485,1.491,0.092527,0.096610,direct+peer,0.0748,20,direct=0.44;peer=0.56;history=0.00 (leg not built),0.9857,
PFE,2026-08-10,2028-01-21,529,26.9869,0.942976,24,12,0.482,1.482,0.099212,0.103823,direct+peer,0.0809,20,direct=0.44;peer=0.56;history=0.00 (leg not built),0.9923,
PFE,2026-08-11,2027-01-15,157,26.7136,0.983468,56,22,0.562,1.572,0.025918,0.025807,direct+peer,0.0347,20,direct=0.44;peer=0.56;history=0.00 (leg not built),0.9985,
PFE,2026-08-11,2027-03-19,220,26.5171,0.976648,42,17,0.717,1.508,0.040707,0.037544,direct+peer,0.0507,20,direct=0.44;peer=0.56;history=0.00 (leg not built),0.9961,
PFE,2026-08-11,2027-06-17,310,26.5783,0.967096,24,10,0.677,1.505,0.056861,0.054280,peer,0.0607,20,peer=1.00;history=0.00 (leg not built),0.9889,
PFE,2026-08-11,2027-12-17,493,26.4500,0.947215,24,12,0.491,1.512,0.088837,0.091799,direct+peer,0.0692,20,direct=0.44;peer=0.56;history=0.00 (leg not built),0.9913,
PFE,2026-08-11,2028-01-21,528,26.5507,0.943336,24,12,0.490,1.507,0.097204,0.104302,direct+peer,0.1307,20,direct=0.44;peer=0.56;history=0.00 (leg not built),0.9965,
PFE,2026-08-12,2027-01-15,156,26.3779,0.983578,56,24,0.493,1.592,0.025651,0.025887,direct+peer,0.0423,20,direct=0.44;peer=0.56;history=0.00 (leg not built),0.9987,
PFE,2026-08-12,2027-03-19,219,26.2696,0.976754,42,17,0.723,1.523,0.041421,0.038703,direct+peer,0.0871,20,direct=0.44;peer=0.56;history=0.00 (leg not built),0.9970,
PFE,2026-08-12,2027-06-17,309,26.2229,0.967203,24,10,0.686,1.525,0.058985,0.056256,peer,0.0503,20,peer=1.00;history=0.00 (leg not built),0.9929,
PFE,2026-08-12,2027-12-17,492,26.1335,0.947326,24,11,0.574,1.531,0.092120,0.093760,direct+peer,0.0796,20,direct=0.44;peer=0.56;history=0.00 (leg not built),0.9987,
PFE,2026-08-12,2028-01-21,527,26.1285,0.943447,24,12,0.498,1.531,0.098247,0.103183,direct+peer,0.1031,20,direct=0.44;peer=0.56;history=0.00 (leg not built),0.9841,
PG,2026-08-06,2027-01-15,162,147.7210,0.982886,62,21,0.609,1.320,0.024985,0.025108,direct+peer,0.0455,20,direct=0.44;peer=0.56;history=0.00 (leg not built),0.9969,
PG,2026-08-06,2027-03-19,225,147.8485,0.976077,56,23,0.643,1.420,0.035842,0.035383,direct+peer,0.0447,20,direct=0.44;peer=0.56;history=0.00 (leg not built),0.9940,
PG,2026-08-06,2027-06-17,315,148.4427,0.966391,58,25,0.606,1.549,0.050657,0.050364,direct+peer,0.0433,20,direct=0.44;peer=0.56;history=0.00 (leg not built),0.9924,
PG,2026-08-06,2028-01-21,533,149.9045,0.942385,62,31,0.467,1.601,0.084324,0.087805,peer,0.0543,20,peer=1.00;history=0.00 (leg not built),0.9934,
PG,2026-08-07,2027-01-15,161,147.1818,0.983121,62,22,0.544,1.291,0.023432,0.023830,direct+peer,0.0353,20,direct=0.44;peer=0.56;history=0.00 (leg not built),0.9959,
PG,2026-08-07,2027-03-19,224,147.4120,0.976383,56,24,0.611,1.425,0.037100,0.036917,peer,0.0511,20,peer=1.00;history=0.00 (leg not built),0.9925,
PG,2026-08-07,2027-06-17,314,147.5281,0.966854,58,21,0.508,1.491,0.049123,0.050102,direct+peer,0.0565,20,direct=0.44;peer=0.56;history=0.00 (leg not built),0.9953,
PG,2026-08-07,2028-01-21,532,149.2632,0.943217,62,29,0.469,1.608,0.083983,0.088391,direct+peer,0.1059,20,direct=0.44;peer=0.56;history=0.00 (leg not built),0.9893,
PG,2026-08-10,2027-01-15,158,147.3711,0.983317,62,21,0.611,1.323,0.023688,0.023670,direct+peer,0.0353,20,direct=0.44;peer=0.56;history=0.00 (leg not built),0.9931,
PG,2026-08-10,2027-03-19,221,147.2991,0.976485,56,23,0.611,1.358,0.035371,0.035671,direct+peer,0.0578,20,direct=0.44;peer=0.56;history=0.00 (leg not built),0.9960,
PG,2026-08-10,2027-06-17,311,147.8592,0.966911,58,25,0.507,1.488,0.047850,0.048009,direct+peer,0.0234,20,direct=0.44;peer=0.56;history=0.00 (leg not built),0.9935,
PG,2026-08-10,2028-01-21,529,149.7932,0.942976,62,29,0.467,1.535,0.081874,0.083341,peer,0.0429,20,peer=1.00;history=0.00 (leg not built),0.9939,
PG,2026-08-11,2027-01-15,157,146.6320,0.983468,62,18,0.614,1.262,0.022637,0.022828,direct+peer,0.0536,20,direct=0.44;peer=0.56;history=0.00 (leg not built),0.9942,
PG,2026-08-11,2027-03-19,220,146.6075,0.976648,56,19,0.682,1.296,0.033536,0.033535,direct+peer,0.0679,20,direct=0.44;peer=0.56;history=0.00 (leg not built),0.9976,
PG,2026-08-11,2027-06-17,310,147.1818,0.967096,58,18,0.679,1.257,0.045786,0.046514,direct+peer,0.1133,20,direct=0.44;peer=0.56;history=0.00 (leg not built),0.9963,
PG,2026-08-11,2028-01-21,528,148.6272,0.943336,62,27,0.471,1.547,0.081319,0.081707,peer,0.0316,20,peer=1.00;history=0.00 (leg not built),0.9950,
PG,2026-08-12,2027-01-15,156,145.6253,0.983578,62,21,0.549,1.305,0.022496,0.022539,direct+peer,0.0284,20,direct=0.44;peer=0.56;history=0.00 (leg not built),0.9935,
PG,2026-08-12,2027-03-19,219,145.7934,0.976754,56,24,0.583,1.372,0.033521,0.033387,direct+peer,0.0308,20,direct=0.44;peer=0.56;history=0.00 (leg not built),0.9953,
PG,2026-08-12,2027-06-17,309,146.1373,0.967203,58,28,0.513,1.574,0.046688,0.046710,direct+peer,0.0204,20,direct=0.44;peer=0.56;history=0.00 (leg not built),0.9946,
PG,2026-08-12,2028-01-21,527,147.2630,0.943447,62,31,0.475,1.630,0.081525,0.082652,direct+peer,0.0288,20,direct=0.44;peer=0.56;history=0.00 (leg not built),0.9900,
PGR,2026-08-06,2027-01-15,162,214.9684,0.982886,88,22,0.558,1.256,0.038281,0.040580,direct+peer,0.1071,20,direct=0.44;peer=0.56;history=0.00 (leg not built),0.9951,
PGR,2026-08-06,2027-02-19,197,214.4259,0.979077,68,18,0.676,1.213,0.048704,0.050125,peer,0.1905,20,peer=1.00;history=0.00 (leg not built),0.9940,
PGR,2026-08-06,2027-03-19,225,214.4908,0.976077,70,24,0.536,1.212,0.050940,0.058074,direct+peer,0.1911,20,direct=0.44;peer=0.56;history=0.00 (leg not built),0.9967,
PGR,2026-08-06,2027-06-17,315,215.1710,0.966391,88,22,0.651,1.348,0.076108,0.078926,direct+peer,0.1789,20,direct=0.44;peer=0.56;history=0.00 (leg not built),0.9977,
PGR,2026-08-06,2028-01-21,533,218.2668,0.942385,74,32,0.527,1.649,0.129172,0.134021,peer,0.0835,20,peer=1.00;history=0.00 (leg not built),0.9949,
PGR,2026-08-07,2027-01-15,161,214.9502,0.983121,88,20,0.605,1.210,0.037797,0.039769,direct+peer,0.1205,20,direct=0.44;peer=0.56;history=0.00 (leg not built),0.9918,
PGR,2026-08-07,2027-02-19,196,213.9142,0.979343,68,16,0.725,1.215,0.048233,0.049030,direct+peer,0.1941,20,direct=0.44;peer=0.56;history=0.00 (leg not built),0.9944,
PGR,2026-08-07,2027-03-19,224,214.2504,0.976383,70,19,0.630,1.260,0.055395,0.054700,peer,0.1088,20,peer=1.00;history=0.00 (leg not built),0.9955,
PGR,2026-08-07,2027-06-17,314,214.9837,0.966854,88,20,0.674,1.302,0.076014,0.075219,direct+peer,0.1452,20,direct=0.44;peer=0.56;history=0.00 (leg not built),0.9944,
PGR,2026-08-07,2028-01-21,532,218.3213,0.943217,74,29,0.550,1.649,0.127314,0.125734,peer,0.0592,20,peer=1.00;history=0.00 (leg not built),0.9945,
PGR,2026-08-10,2027-01-15,158,214.0679,0.983317,88,16,0.654,1.215,0.037855,0.038886,direct+peer,0.1271,20,direct=0.44;peer=0.56;history=0.00 (leg not built),0.9915,
PGR,2026-08-10,2027-02-19,193,213.4202,0.979464,68,13,0.773,1.171,0.046713,0.044228,direct+peer,0.2459,20,direct=0.44;peer=0.56;history=0.00 (leg not built),0.9944,
PGR,2026-08-10,2027-03-19,221,213.3453,0.976485,70,16,0.703,1.219,0.052991,0.056092,peer,0.2024,20,peer=1.00;history=0.00 (leg not built),0.9949,
PGR,2026-08-10,2027-06-17,311,214.1196,0.966911,88,22,0.630,1.354,0.076497,0.075924,direct+peer,0.1377,20,direct=0.44;peer=0.56;history=0.00 (leg not built),0.9941,
PGR,2026-08-10,2028-01-21,529,216.9953,0.942976,74,30,0.553,1.659,0.126346,0.129797,peer,0.0778,20,peer=1.00;history=0.00 (leg not built),0.9984,
PGR,2026-08-11,2027-01-15,157,213.0335,0.983468,88,20,0.587,1.267,0.037747,0.038527,direct+peer,0.0697,20,direct=0.44;peer=0.56;history=0.00 (leg not built),0.9936,
PGR,2026-08-11,2027-02-19,192,212.2798,0.979620,68,14,0.707,1.178,0.043992,0.045054,peer,0.1844,20,peer=1.00;history=0.00 (leg not built),0.9928,
PGR,2026-08-11,2027-03-19,220,212.2185,0.976648,70,15,0.754,1.225,0.054916,0.054138,direct+peer,0.2667,20,direct=0.44;peer=0.56;history=0.00 (leg not built),0.9961,
PGR,2026-08-11,2027-06-17,310,213.7225,0.967096,88,24,0.585,1.357,0.072024,0.075678,direct+peer,0.1346,20,direct=0.44;peer=0.56;history=0.00 (leg not built),0.9915,
PGR,2026-08-11,2028-01-21,528,215.4594,0.943336,74,32,0.534,1.671,0.125205,0.126542,peer,0.0576,20,peer=1.00;history=0.00 (leg not built),0.9944,
PGR,2026-08-12,2027-01-15,156,207.1702,0.983578,88,21,0.628,1.352,0.039104,0.038453,direct+peer,0.0466,20,direct=0.44;peer=0.56;history=0.00 (leg not built),0.9927,
PGR,2026-08-12,2027-02-19,191,206.7338,0.979726,68,17,0.653,1.209,0.043465,0.044922,direct+peer,0.1529,20,direct=0.44;peer=0.56;history=0.00 (leg not built),0.9938,
PGR,2026-08-12,2027-03-19,219,206.7409,0.976754,70,15,0.726,1.209,0.051796,0.049204,peer,0.1596,20,peer=1.00;history=0.00 (leg not built),0.9927,
PGR,2026-08-12,2027-06-17,309,207.5014,0.967203,88,22,0.651,1.349,0.075868,0.074126,peer,0.1222,20,peer=1.00;history=0.00 (leg not built),0.9982,
PGR,2026-08-12,2028-01-21,527,210.3003,0.943447,74,31,0.571,1.712,0.127801,0.126324,peer,0.0630,20,peer=1.00;history=0.00 (leg not built),0.9938,
PLD,2026-08-06,2027-01-15,162,139.6948,0.982886,62,18,0.680,1.289,0.033217,0.032224,direct+peer,0.0810,20,direct=0.44;peer=0.56;history=0.00 (leg not built),0.9992,
PLD,2026-08-06,2027-02-19,197,140.1021,0.979077,46,20,0.642,1.320,0.039748,0.039817,direct+peer,0.1001,20,direct=0.44;peer=0.56;history=0.00 (leg not built),0.9981,
PLD,2026-08-06,2027-03-19,225,140.3074,0.976077,58,22,0.606,1.354,0.045361,0.045965,direct+peer,0.0841,20,direct=0.44;peer=0.56;history=0.00 (leg not built),0.9965,
PLD,2026-08-06,2027-06-17,315,140.8278,0.966391,54,19,0.710,1.349,0.069518,0.067460,peer,0.1683,20,peer=1.00;history=0.00 (leg not built),0.9968,
PLD,2026-08-06,2028-01-21,533,141.5033,0.942385,62,23,0.636,1.484,0.107269,0.113794,direct+peer,0.1909,20,direct=0.44;peer=0.56;history=0.00 (leg not built),0.9931,
PLD,2026-08-07,2027-01-15,161,140.2543,0.983121,62,18,0.677,1.283,0.031962,0.034555,direct+peer,0.2792,20,direct=0.44;peer=0.56;history=0.00 (leg not built),0.9965,
PLD,2026-08-07,2027-02-19,196,140.4765,0.979343,46,19,0.641,1.317,0.038627,0.038298,direct+peer,0.0892,20,direct=0.44;peer=0.56;history=0.00 (leg not built),0.9978,
PLD,2026-08-07,2027-03-19,224,140.7340,0.976383,58,21,0.640,1.350,0.044976,0.045040,direct+peer,0.1248,20,direct=0.44;peer=0.56;history=0.00 (leg not built),0.9992,
PLD,2026-08-07,2027-06-17,314,141.5342,0.966854,54,20,0.671,1.342,0.062500,0.068281,direct+peer,0.3351,20,direct=0.44;peer=0.56;history=0.00 (leg not built),0.9950,
PLD,2026-08-07,2028-01-21,532,142.3324,0.943217,62,21,0.703,1.475,0.109606,0.115230,direct+peer,0.3414,20,direct=0.44;peer=0.56;history=0.00 (leg not built),0.9961,
PLD,2026-08-10,2027-01-15,158,139.0847,0.983317,62,16,0.683,1.222,0.030307,0.029318,direct+peer,0.0882,20,direct=0.44;peer=0.56;history=0.00 (leg not built),0.9903,
PLD,2026-08-10,2027-02-19,193,139.2683,0.979464,46,17,0.646,1.257,0.035834,0.036174,direct+peer,0.0826,20,direct=0.44;peer=0.56;history=0.00 (leg not built),0.9956,
PLD,2026-08-10,2027-03-19,221,139.2490,0.976485,58,14,0.754,1.221,0.045810,0.042304,direct+peer,0.1688,20,direct=0.44;peer=0.56;history=0.00 (leg not built),0.9986,
PLD,2026-08-10,2027-06-17,311,140.2241,0.966911,54,20,0.606,1.284,0.060185,0.061298,direct+peer,0.1202,20,direct=0.44;peer=0.56;history=0.00 (leg not built),0.9994,
PLD,2026-08-10,2028-01-21,529,141.0781,0.942976,62,22,0.638,1.382,0.101322,0.105383,direct+peer,0.1937,20,direct=0.44;peer=0.56;history=0.00 (leg not built),0.9956,
PLD,2026-08-11,2027-01-15,157,139.5933,0.983468,62,16,0.681,1.254,0.031230,0.029972,direct+peer,0.0756,20,direct=0.44;peer=0.56;history=0.00 (leg not built),0.9930,
PLD,2026-08-11,2027-02-19,192,139.8809,0.979620,46,17,0.679,1.287,0.037308,0.035930,direct+peer,0.0910,20,direct=0.44;peer=0.56;history=0.00 (leg not built),0.9945,
PLD,2026-08-11,2027-03-19,220,140.0512,0.976648,58,19,0.607,1.321,0.044039,0.044045,direct+peer,0.0925,20,direct=0.44;peer=0.56;history=0.00 (leg not built),0.9972,
PLD,2026-08-11,2027-06-17,310,140.9651,0.967096,54,17,0.638,1.206,0.060096,0.064774,direct+peer,0.2132,20,direct=0.44;peer=0.56;history=0.00 (leg not built),0.9959,
PLD,2026-08-11,2028-01-21,528,142.0318,0.943336,62,21,0.669,1.373,0.103101,0.104298,direct+peer,0.1838,20,direct=0.44;peer=0.56;history=0.00 (leg not built),0.9943,
PLD,2026-08-12,2027-01-15,156,140.9659,0.983578,62,13,0.745,1.206,0.030788,0.028594,direct+peer,0.1403,20,direct=0.44;peer=0.56;history=0.00 (leg not built),0.9988,
PLD,2026-08-12,2027-02-19,191,140.9697,0.979726,46,15,0.638,1.241,0.036551,0.036385,direct+peer,0.0830,20,direct=0.44;peer=0.56;history=0.00 (leg not built),0.9968,
PLD,2026-08-12,2027-03-19,219,141.5357,0.976754,58,16,0.707,1.307,0.044911,0.043293,peer,0.1249,20,peer=1.00;history=0.00 (leg not built),0.9983,
PLD,2026-08-12,2027-06-17,309,141.1718,0.967203,54,15,0.708,1.204,0.061781,0.061734,peer,0.2125,20,peer=1.00;history=0.00 (leg not built),0.9955,
PLD,2026-08-12,2028-01-21,527,142.7423,0.943447,62,21,0.631,1.331,0.099509,0.104542,direct+peer,0.1697,20,direct=0.44;peer=0.56;history=0.00 (leg not built),0.9917,
PM,2026-08-06,2027-01-15,162,188.7995,0.982886,76,26,0.556,1.430,0.045419,0.046250,direct+peer,0.0487,20,direct=0.44;peer=0.56;history=0.00 (leg not built),0.9976,
PM,2026-08-06,2027-03-19,225,189.7746,0.976077,70,30,0.553,1.581,0.063942,0.064088,direct+peer,0.0348,20,direct=0.44;peer=0.56;history=0.00 (leg not built),0.9969,
PM,2026-08-06,2027-06-17,315,190.4760,0.966391,70,31,0.525,1.575,0.086768,0.088814,direct+peer,0.0568,20,direct=0.44;peer=0.56;history=0.00 (leg not built),0.9922,
PM,2026-08-06,2028-01-21,533,191.1460,0.942385,72,29,0.497,1.569,0.133188,0.145055,peer,0.1136,20,peer=1.00;history=0.00 (leg not built),0.9980,
PM,2026-08-07,2027-01-15,161,190.0102,0.983121,76,26,0.605,1.474,0.044591,0.044046,direct+peer,0.0342,20,direct=0.44;peer=0.56;history=0.00 (leg not built),0.9970,
PM,2026-08-07,2027-03-19,224,189.9590,0.976383,70,31,0.474,1.579,0.063064,0.064151,direct+peer,0.0364,20,direct=0.44;peer=0.56;history=0.00 (leg not built),0.9976,
PM,2026-08-07,2027-06-17,314,191.7066,0.966854,70,30,0.522,1.565,0.084066,0.094539,direct+peer,0.2054,20,direct=0.44;peer=0.56;history=0.00 (leg not built),0.9927,
PM,2026-08-07,2028-01-21,532,192.1204,0.943217,72,29,0.494,1.562,0.127900,0.134629,direct+peer,0.0837,20,direct=0.44;peer=0.56;history=0.00 (leg not built),0.9990,
PM,2026-08-10,2027-01-15,158,186.4949,0.983317,76,29,0.509,1.448,0.042573,0.043497,direct+peer,0.0374,20,direct=0.44;peer=0.56;history=0.00 (leg not built),0.9985,
PM,2026-08-10,2027-03-19,221,187.2223,0.976485,70,33,0.454,1.602,0.061251,0.062652,peer,0.0258,20,peer=1.00;history=0.00 (leg not built),0.9962,
PM,2026-08-10,2027-06-17,311,188.0763,0.966911,70,30,0.452,1.595,0.084040,0.086900,direct+peer,0.0385,20,direct=0.44;peer=0.56;history=0.00 (leg not built),0.9956,
PM,2026-08-10,2028-01-21,529,188.5578,0.942976,72,30,0.504,1.591,0.131560,0.140151,peer,0.0913,20,peer=1.00;history=0.00 (leg not built),0.9963,
PM,2026-08-11,2027-01-15,157,186.6777,0.983468,76,25,0.643,1.500,0.042038,0.041336,direct+peer,0.0443,20,direct=0.44;peer=0.56;history=0.00 (leg not built),0.9931,
PM,2026-08-11,2027-03-19,220,186.7918,0.976648,70,33,0.482,1.606,0.060962,0.061969,direct+peer,0.0256,20,direct=0.44;peer=0.56;history=0.00 (leg not built),0.9932,
PM,2026-08-11,2027-06-17,310,187.4460,0.967096,70,31,0.427,1.600,0.081412,0.083864,direct+peer,0.0328,20,direct=0.44;peer=0.56;history=0.00 (leg not built),0.9930,
PM,2026-08-11,2028-01-21,528,188.4417,0.943336,72,28,0.398,1.592,0.127335,0.134586,direct+peer,0.0701,20,direct=0.44;peer=0.56;history=0.00 (leg not built),0.9959,
PM,2026-08-12,2027-01-15,156,186.1895,0.983578,76,25,0.591,1.450,0.041880,0.041845,direct+peer,0.0358,20,direct=0.44;peer=0.56;history=0.00 (leg not built),0.9951,
PM,2026-08-12,2027-03-19,219,186.2388,0.976754,70,29,0.483,1.503,0.059588,0.060438,direct+peer,0.0305,20,direct=0.44;peer=0.56;history=0.00 (leg not built),0.9951,
PM,2026-08-12,2027-06-17,309,187.9425,0.967203,70,30,0.505,1.596,0.082518,0.084185,peer,0.0347,20,peer=1.00;history=0.00 (leg not built),0.9958,
PM,2026-08-12,2028-01-21,527,188.3253,0.943447,72,28,0.504,1.593,0.128023,0.132749,direct+peer,0.0686,20,direct=0.44;peer=0.56;history=0.00 (leg not built),0.9991,
PNC,2026-08-06,2027-01-15,162,255.1503,0.982886,84,19,0.666,1.293,0.030828,0.030436,direct+peer,0.0573,20,direct=0.44;peer=0.56;history=0.00 (leg not built),0.9950,
PNC,2026-08-06,2027-02-19,197,254.7834,0.979077,56,17,0.726,1.295,0.041007,0.037916,direct+peer,0.0910,20,direct=0.44;peer=0.56;history=0.00 (leg not built),0.9984,
PNC,2026-08-06,2027-03-19,225,255.4922,0.976077,74,25,0.587,1.370,0.046479,0.044528,peer,0.0477,20,peer=1.00;history=0.00 (leg not built),0.9973,
PNC,2026-08-06,2027-06-17,315,256.8612,0.966391,72,30,0.545,1.479,0.068413,0.066401,peer,0.0413,20,peer=1.00;history=0.00 (leg not built),0.9984,
PNC,2026-08-06,2028-01-21,533,258.7797,0.942385,82,39,0.386,1.468,0.110385,0.119173,direct+peer,0.1020,20,direct=0.44;peer=0.56;history=0.00 (leg not built),0.9970,
PNC,2026-08-07,2027-01-15,161,254.2043,0.983121,84,20,0.669,1.298,0.029872,0.029287,direct+peer,0.0674,20,direct=0.44;peer=0.56;history=0.00 (leg not built),0.9975,
PNC,2026-08-07,2027-02-19,196,253.7440,0.979343,56,20,0.611,1.301,0.037709,0.037936,direct+peer,0.0926,20,direct=0.44;peer=0.56;history=0.00 (leg not built),0.9988,
PNC,2026-08-07,2027-03-19,224,254.4894,0.976383,74,27,0.550,1.415,0.043053,0.043369,direct+peer,0.0373,20,direct=0.44;peer=0.56;history=0.00 (leg not built),0.9990,
PNC,2026-08-07,2027-06-17,314,255.8629,0.966854,72,30,0.508,1.407,0.062204,0.063220,direct+peer,0.0512,20,direct=0.44;peer=0.56;history=0.00 (leg not built),0.9986,
PNC,2026-08-07,2028-01-21,532,257.2965,0.943217,82,35,0.466,1.477,0.112103,0.115514,direct+peer,0.0805,20,direct=0.44;peer=0.56;history=0.00 (leg not built),0.9989,
PNC,2026-08-10,2027-01-15,158,253.8645,0.983317,84,22,0.591,1.300,0.028530,0.028603,direct+peer,0.0414,20,direct=0.44;peer=0.56;history=0.00 (leg not built),0.9981,
PNC,2026-08-10,2027-02-19,193,253.4202,0.979464,56,22,0.572,1.342,0.035461,0.035657,direct+peer,0.0638,20,direct=0.44;peer=0.56;history=0.00 (leg not built),0.9982,
PNC,2026-08-10,2027-03-19,221,254.0110,0.976485,74,29,0.551,1.417,0.041930,0.041774,direct+peer,0.0367,20,direct=0.44;peer=0.56;history=0.00 (leg not built),0.9991,
PNC,2026-08-10,2027-06-17,311,255.1711,0.966911,72,31,0.490,1.489,0.062675,0.063081,direct+peer,0.0332,20,direct=0.44;peer=0.56;history=0.00 (leg not built),0.9962,
PNC,2026-08-10,2028-01-21,529,257.2428,0.942976,82,39,0.350,1.477,0.109793,0.116078,direct+peer,0.0637,20,direct=0.44;peer=0.56;history=0.00 (leg not built),0.9949,
PNC,2026-08-11,2027-01-15,157,255.7463,0.983468,84,24,0.587,1.290,0.027670,0.027653,direct+peer,0.0441,20,direct=0.44;peer=0.56;history=0.00 (leg not built),0.9987,
PNC,2026-08-11,2027-02-19,192,255.3043,0.979620,56,22,0.646,1.332,0.035432,0.034576,direct+peer,0.0484,20,direct=0.44;peer=0.56;history=0.00 (leg not built),0.9968,
PNC,2026-08-11,2027-03-19,220,256.0409,0.976648,74,27,0.566,1.367,0.040866,0.040774,direct+peer,0.0403,20,direct=0.44;peer=0.56;history=0.00 (leg not built),0.9967,
PNC,2026-08-11,2027-06-17,310,257.1909,0.967096,72,34,0.467,1.478,0.061368,0.062085,direct+peer,0.0349,20,direct=0.44;peer=0.56;history=0.00 (leg not built),0.9989,
PNC,2026-08-11,2028-01-21,528,258.9576,0.943336,82,40,0.367,1.467,0.108660,0.112537,direct+peer,0.0581,20,direct=0.44;peer=0.56;history=0.00 (leg not built),0.9975,
PNC,2026-08-12,2027-01-15,156,257.4074,0.983578,84,22,0.602,1.282,0.026486,0.026565,direct+peer,0.0446,20,direct=0.44;peer=0.56;history=0.00 (leg not built),0.9957,
PNC,2026-08-12,2027-02-19,191,257.0060,0.979726,56,18,0.661,1.284,0.033878,0.033312,direct+peer,0.0778,20,direct=0.44;peer=0.56;history=0.00 (leg not built),0.9984,
PNC,2026-08-12,2027-03-19,219,257.2528,0.976754,74,25,0.583,1.361,0.040832,0.040756,direct+peer,0.0466,20,direct=0.44;peer=0.56;history=0.00 (leg not built),0.9997,
PNC,2026-08-12,2027-06-17,309,259.1039,0.967203,72,30,0.463,1.428,0.060801,0.061307,direct+peer,0.0352,20,direct=0.44;peer=0.56;history=0.00 (leg not built),0.9963,
PNC,2026-08-12,2028-01-21,527,260.4770,0.943447,82,36,0.384,1.459,0.108936,0.114613,direct+peer,0.0643,20,direct=0.44;peer=0.56;history=0.00 (leg not built),0.9951,
PSX,2026-08-06,2027-01-15,162,205.7947,0.982886,84,31,0.243,1.506,0.058244,0.061521,direct+peer,0.0567,20,direct=0.44;peer=0.56;history=0.00 (leg not built),0.9979,
PSX,2026-08-06,2027-02-19,197,206.0507,0.979077,66,30,0.534,1.504,0.070194,0.074693,direct+peer,0.0740,20,direct=0.44;peer=0.56;history=0.00 (leg not built),0.9991,
PSX,2026-08-06,2027-03-19,225,206.2093,0.976077,72,31,0.509,1.503,0.079304,0.085015,direct+peer,0.0811,20,direct=0.44;peer=0.56;history=0.00 (leg not built),0.9971,
PSX,2026-08-06,2027-05-21,288,207.0597,0.969304,62,27,0.555,1.497,0.103441,0.112000,peer,0.1248,20,peer=1.00;history=0.00 (leg not built),0.9995,
PSX,2026-08-06,2027-06-17,315,206.8957,0.966391,72,34,0.411,1.498,0.108066,0.120388,direct+peer,0.1227,20,direct=0.44;peer=0.56;history=0.00 (leg not built),0.9956,
PSX,2026-08-06,2027-08-20,379,207.5854,0.959448,62,30,0.530,1.493,0.131137,0.143941,peer,0.1368,20,peer=1.00;history=0.00 (leg not built),0.9934,
PSX,2026-08-06,2027-11-19,470,209.0696,0.949403,62,31,0.502,1.483,0.152855,0.180560,direct+peer,0.1793,20,direct=0.44;peer=0.56;history=0.00 (leg not built),0.9967,
PSX,2026-08-06,2028-01-21,533,209.3633,0.942385,78,33,0.454,1.481,0.169394,0.203418,peer,0.1887,20,peer=1.00;history=0.00 (leg not built),0.9961,
PSX,2026-08-07,2027-01-15,161,205.1200,0.983121,84,29,0.561,1.511,0.057254,0.059350,direct+peer,0.0616,20,direct=0.44;peer=0.56;history=0.00 (leg not built),0.9958,
PSX,2026-08-07,2027-02-19,196,205.7284,0.979343,66,31,0.510,1.507,0.068908,0.071899,direct+peer,0.0522,20,direct=0.44;peer=0.56;history=0.00 (leg not built),0.9983,
PSX,2026-08-07,2027-03-19,224,205.2887,0.976383,72,30,0.511,1.510,0.078135,0.081246,direct+peer,0.0656,20,direct=0.44;peer=0.56;history=0.00 (leg not built),0.9978,
PSX,2026-08-07,2027-05-21,287,205.7204,0.969715,62,30,0.535,1.507,0.100303,0.105985,direct+peer,0.0813,20,direct=0.44;peer=0.56;history=0.00 (leg not built),0.9980,
PSX,2026-08-07,2027-06-17,314,206.0697,0.966854,72,32,0.437,1.504,0.107128,0.116203,direct+peer,0.0881,20,direct=0.44;peer=0.56;history=0.00 (leg not built),0.9989,
PSX,2026-08-07,2027-08-20,378,207.1182,0.960039,62,30,0.531,1.497,0.128412,0.142082,peer,0.1316,20,peer=1.00;history=0.00 (leg not built),0.9955,
PSX,2026-08-07,2027-11-19,469,207.8073,0.950133,62,31,0.505,1.492,0.154660,0.179540,peer,0.1719,20,peer=1.00;history=0.00 (leg not built),0.9987,
PSX,2026-08-07,2028-01-21,532,208.5864,0.943217,78,35,0.312,1.486,0.167803,0.200294,direct+peer,0.1684,20,direct=0.44;peer=0.56;history=0.00 (leg not built),0.9971,
PSX,2026-08-10,2027-01-15,158,215.9660,0.983317,84,27,0.532,1.435,0.057186,0.060571,direct+peer,0.0873,20,direct=0.44;peer=0.56;history=0.00 (leg not built),0.9976,
PSX,2026-08-10,2027-02-19,193,216.8520,0.979464,66,28,0.530,1.430,0.067017,0.074375,peer,0.1080,20,peer=1.00;history=0.00 (leg not built),0.9986,
PSX,2026-08-10,2027-03-19,221,216.3986,0.976485,72,25,0.531,1.433,0.076218,0.083153,peer,0.0984,20,peer=1.00;history=0.00 (leg not built),0.9972,
PSX,2026-08-10,2027-05-21,284,217.8174,0.969783,62,29,0.505,1.423,0.096852,0.107158,direct+peer,0.1217,20,direct=0.44;peer=0.56;history=0.00 (leg not built),0.9983,
PSX,2026-08-10,2027-06-17,311,218.0350,0.966911,72,33,0.413,1.422,0.103421,0.118866,direct+peer,0.1386,20,direct=0.44;peer=0.56;history=0.00 (leg not built),0.9966,
PSX,2026-08-10,2027-08-20,375,218.5591,0.960072,62,29,0.526,1.418,0.121885,0.140429,direct+peer,0.1582,20,direct=0.44;peer=0.56;history=0.00 (leg not built),0.9983,
PSX,2026-08-10,2027-11-19,466,219.8070,0.950015,62,30,0.500,1.410,0.144782,0.172884,direct+peer,0.2010,20,direct=0.44;peer=0.56;history=0.00 (leg not built),0.9986,
PSX,2026-08-10,2028-01-21,529,220.2651,0.942976,78,33,0.340,1.407,0.159358,0.196294,direct+peer,0.2076,20,direct=0.44;peer=0.56;history=0.00 (leg not built),0.9977,
PSX,2026-08-11,2027-01-15,157,224.8468,0.983468,84,26,0.511,1.379,0.057859,0.062342,direct+peer,0.0865,20,direct=0.44;peer=0.56;history=0.00 (leg not built),0.9998,
PSX,2026-08-11,2027-02-19,192,225.5255,0.979620,66,22,0.665,1.375,0.069844,0.072894,direct+peer,0.1251,20,direct=0.44;peer=0.56;history=0.00 (leg not built),0.9982,
PSX,2026-08-11,2027-03-19,220,225.3071,0.976648,72,24,0.510,1.376,0.076329,0.083214,direct+peer,0.1037,20,direct=0.44;peer=0.56;history=0.00 (leg not built),0.9978,
PSX,2026-08-11,2027-05-21,283,226.4603,0.969962,62,25,0.596,1.369,0.098515,0.110335,direct+peer,0.1734,20,direct=0.44;peer=0.56;history=0.00 (leg not built),0.9991,
PSX,2026-08-11,2027-06-17,310,226.8290,0.967096,72,27,0.551,1.367,0.104048,0.120637,direct+peer,0.1914,20,direct=0.44;peer=0.56;history=0.00 (leg not built),0.9986,
PSX,2026-08-11,2027-08-20,374,227.5702,0.960281,62,25,0.593,1.362,0.123710,0.145836,direct+peer,0.2202,20,direct=0.44;peer=0.56;history=0.00 (leg not built),0.9982,
PSX,2026-08-11,2027-11-19,465,228.8600,0.950306,62,28,0.502,1.355,0.141703,0.178608,direct+peer,0.2461,20,direct=0.44;peer=0.56;history=0.00 (leg not built),0.9998,
PSX,2026-08-11,2028-01-21,528,228.7456,0.943336,78,30,0.328,1.355,0.154306,0.205535,direct,0.2559,20,direct=1.00;history=0.00 (leg not built),0.9957,
PSX,2026-08-12,2027-01-15,156,226.6449,0.983578,84,28,0.507,1.368,0.057136,0.061073,direct+peer,0.0828,20,direct=0.44;peer=0.56;history=0.00 (leg not built),0.9972,
PSX,2026-08-12,2027-02-19,191,227.3122,0.979726,66,28,0.528,1.364,0.067931,0.073224,direct+peer,0.0981,20,direct=0.44;peer=0.56;history=0.00 (leg not built),0.9966,
PSX,2026-08-12,2027-03-19,219,227.0310,0.976754,72,29,0.485,1.365,0.075968,0.082922,direct+peer,0.1155,20,direct=0.44;peer=0.56;history=0.00 (leg not built),0.9994,
PSX,2026-08-12,2027-05-21,282,228.0414,0.970068,62,29,0.460,1.359,0.095849,0.110794,direct+peer,0.1499,20,direct=0.44;peer=0.56;history=0.00 (leg not built),0.9986,
PSX,2026-08-12,2027-06-17,309,228.1562,0.967203,72,31,0.394,1.359,0.102464,0.119452,direct+peer,0.1490,20,direct=0.44;peer=0.56;history=0.00 (leg not built),0.9981,
PSX,2026-08-12,2027-08-20,373,229.4967,0.960390,62,30,0.458,1.351,0.119115,0.143964,direct+peer,0.2057,20,direct=0.44;peer=0.56;history=0.00 (leg not built),0.9977,
PSX,2026-08-12,2027-11-19,464,230.1403,0.950417,62,31,0.456,1.347,0.140112,0.177382,direct+peer,0.2366,20,direct=0.44;peer=0.56;history=0.00 (leg not built),0.9955,
PSX,2026-08-12,2028-01-21,527,230.9186,0.943447,78,36,0.281,1.342,0.151617,0.200587,peer,0.2461,20,peer=1.00;history=0.00 (leg not built),0.9980,
QCOM,2026-08-06,2027-01-15,162,161.7449,0.982886,90,43,0.402,2.288,0.158343,0.166383,direct+peer,0.0617,20,direct=0.44;peer=0.56;history=0.00 (leg not built),0.9953,
QCOM,2026-08-06,2027-02-19,197,162.5177,0.979077,64,31,0.492,1.661,0.175357,0.208673,peer,0.1783,20,peer=1.00;history=0.00 (leg not built),0.9968,
QCOM,2026-08-06,2027-03-19,225,162.5514,0.976077,90,42,0.461,2.276,0.222884,0.241070,peer,0.0860,20,peer=1.00;history=0.00 (leg not built),0.9940,
QCOM,2026-08-06,2027-06-17,315,163.6186,0.966391,90,42,0.428,2.261,0.315098,0.355038,peer,0.1354,20,peer=1.00;history=0.00 (leg not built),0.9955,
QCOM,2026-08-06,2028-01-21,533,165.9073,0.942385,90,44,0.422,2.230,0.498085,0.641949,direct+peer,0.2692,20,direct=0.44;peer=0.56;history=0.00 (leg not built),0.9962,
QCOM,2026-08-07,2027-01-15,161,168.7794,0.983121,90,44,0.385,2.192,0.148881,0.156779,direct+peer,0.0529,20,direct=0.44;peer=0.56;history=0.00 (leg not built),0.9949,
QCOM,2026-08-07,2027-02-19,196,169.3312,0.979343,64,32,0.472,1.595,0.163803,0.197528,direct+peer,0.1984,20,direct=0.44;peer=0.56;history=0.00 (leg not built),0.9960,
QCOM,2026-08-07,2027-03-19,224,169.4367,0.976383,90,43,0.413,2.184,0.215270,0.241720,direct+peer,0.1220,20,direct=0.44;peer=0.56;history=0.00 (leg not built),0.9976,
QCOM,2026-08-07,2027-06-17,314,170.4137,0.966854,90,44,0.381,2.171,0.294770,0.344828,direct+peer,0.1610,20,direct=0.44;peer=0.56;history=0.00 (leg not built),0.9940,
QCOM,2026-08-07,2028-01-21,532,173.0174,0.943217,90,45,0.376,2.139,0.477205,0.629983,direct+peer,0.2847,20,direct=0.44;peer=0.56;history=0.00 (leg not built),0.9937,
QCOM,2026-08-10,2027-01-15,158,163.9525,0.983317,90,42,0.488,2.257,0.139426,0.148788,direct+peer,0.0995,20,direct=0.44;peer=0.56;history=0.00 (leg not built),0.9991,
QCOM,2026-08-10,2027-02-19,193,164.7345,0.979464,64,30,0.546,1.639,0.157117,0.188922,peer,0.1960,20,peer=1.00;history=0.00 (leg not built),0.9981,
QCOM,2026-08-10,2027-03-19,221,164.6621,0.976485,90,42,0.486,2.247,0.205336,0.223423,direct+peer,0.1064,20,direct=0.44;peer=0.56;history=0.00 (leg not built),0.9987,
QCOM,2026-08-10,2027-06-17,311,165.7653,0.966911,90,44,0.422,2.232,0.285672,0.326263,direct+peer,0.1581,20,direct=0.44;peer=0.56;history=0.00 (leg not built),0.9905,
QCOM,2026-08-10,2028-01-21,529,167.9427,0.942976,90,44,0.417,2.203,0.466128,0.611149,direct+peer,0.3139,20,direct=0.44;peer=0.56;history=0.00 (leg not built),0.9913,
QCOM,2026-08-11,2027-01-15,157,164.1255,0.983468,90,40,0.487,2.254,0.125450,0.130148,direct+peer,0.0565,20,direct=0.44;peer=0.56;history=0.00 (leg not built),0.9970,
QCOM,2026-08-11,2027-02-19,192,165.1174,0.979620,64,31,0.515,1.635,0.143310,0.181514,direct+peer,0.2914,20,direct=0.44;peer=0.56;history=0.00 (leg not built),0.9980,
QCOM,2026-08-11,2027-03-19,220,164.7235,0.976648,90,42,0.486,2.246,0.182881,0.194596,direct+peer,0.0818,20,direct=0.44;peer=0.56;history=0.00 (leg not built),0.9952,
QCOM,2026-08-11,2027-06-17,310,166.0754,0.967096,90,44,0.391,2.228,0.257087,0.300266,direct+peer,0.1684,20,direct=0.44;peer=0.56;history=0.00 (leg not built),0.9916,
QCOM,2026-08-11,2028-01-21,528,168.4364,0.943336,90,45,0.386,2.197,0.426475,0.524537,peer,0.2027,20,peer=1.00;history=0.00 (leg not built),0.9947,
QCOM,2026-08-12,2027-01-15,156,164.2273,0.983578,90,41,0.487,2.253,0.123286,0.125595,direct+peer,0.0459,20,direct=0.44;peer=0.56;history=0.00 (leg not built),0.9974,
QCOM,2026-08-12,2027-02-19,191,165.2705,0.979726,64,32,0.484,1.634,0.138975,0.156196,direct+peer,0.1316,20,direct=0.44;peer=0.56;history=0.00 (leg not built),0.9957,
QCOM,2026-08-12,2027-03-19,219,165.0307,0.976754,90,43,0.454,2.242,0.179199,0.195157,direct+peer,0.1529,20,direct=0.44;peer=0.56;history=0.00 (leg not built),0.9957,
QCOM,2026-08-12,2027-06-17,309,165.8892,0.967203,90,45,0.392,2.230,0.255310,0.284664,direct+peer,0.1129,20,direct=0.44;peer=0.56;history=0.00 (leg not built),0.9921,
QCOM,2026-08-12,2028-01-21,527,168.5373,0.943447,90,44,0.415,2.195,0.425118,0.558750,direct+peer,0.2925,20,direct=0.44;peer=0.56;history=0.00 (leg not built),0.9917,
REGN,2026-08-06,2027-01-15,162,784.2935,0.982886,146,28,0.740,1.301,0.048259,0.048481,direct+peer,0.1472,20,direct=0.44;peer=0.56;history=0.00 (leg not built),0.9987,
REGN,2026-08-06,2027-02-19,197,787.7726,0.979077,156,54,0.692,1.371,0.062529,0.062393,direct+peer,0.1143,20,direct=0.44;peer=0.56;history=0.00 (leg not built),0.9971,
REGN,2026-08-06,2027-03-19,225,789.9172,0.976077,134,42,0.671,1.405,0.070305,0.070500,direct+peer,0.1302,20,direct=0.44;peer=0.56;history=0.00 (leg not built),0.9986,
REGN,2026-08-06,2027-06-17,315,796.9888,0.966391,116,41,0.615,1.405,0.098450,0.104535,direct+peer,0.1504,20,direct=0.44;peer=0.56;history=0.00 (leg not built),0.9984,
REGN,2026-08-06,2028-01-21,533,815.9677,0.942385,146,62,0.490,1.471,0.162837,0.187278,direct+peer,0.1776,20,direct=0.44;peer=0.56;history=0.00 (leg not built),0.9960,
REGN,2026-08-07,2027-01-15,161,797.2842,0.983121,146,33,0.727,1.342,0.048482,0.047691,direct+peer,0.1017,20,direct=0.44;peer=0.56;history=0.00 (leg not built),0.9994,
REGN,2026-08-07,2027-02-19,196,800.6024,0.979343,156,51,0.699,1.349,0.060694,0.060339,direct+peer,0.1116,20,direct=0.44;peer=0.56;history=0.00 (leg not built),0.9978,
REGN,2026-08-07,2027-03-19,224,802.6219,0.976383,134,46,0.648,1.420,0.068572,0.067825,direct+peer,0.0761,20,direct=0.44;peer=0.56;history=0.00 (leg not built),0.9970,
REGN,2026-08-07,2027-06-17,314,809.7192,0.966854,116,40,0.617,1.383,0.094615,0.101046,direct+peer,0.1360,20,direct=0.44;peer=0.56;history=0.00 (leg not built),0.9979,
REGN,2026-08-07,2028-01-21,532,829.0799,0.943217,146,61,0.495,1.447,0.158373,0.182552,direct+peer,0.1831,20,direct=0.44;peer=0.56;history=0.00 (leg not built),0.9937,
REGN,2026-08-10,2027-01-15,158,821.4848,0.983317,146,34,0.694,1.303,0.046299,0.045336,peer,0.0919,20,peer=1.00;history=0.00 (leg not built),0.9984,
REGN,2026-08-10,2027-02-19,193,824.4514,0.979464,156,49,0.703,1.358,0.058327,0.057805,direct+peer,0.1065,20,direct=0.44;peer=0.56;history=0.00 (leg not built),0.9988,
REGN,2026-08-10,2027-03-19,221,827.0969,0.976485,134,46,0.653,1.402,0.068200,0.068589,direct+peer,0.0972,20,direct=0.44;peer=0.56;history=0.00 (leg not built),0.9985,
REGN,2026-08-10,2027-06-17,311,835.1495,0.966911,116,38,0.623,1.341,0.091480,0.099696,direct+peer,0.1678,20,direct=0.44;peer=0.56;history=0.00 (leg not built),0.9976,
REGN,2026-08-10,2028-01-21,529,854.3719,0.942976,146,61,0.410,1.405,0.151310,0.182354,direct+peer,0.2040,20,direct=0.44;peer=0.56;history=0.00 (leg not built),0.9952,
REGN,2026-08-11,2027-01-15,157,811.8045,0.983468,146,29,0.665,1.293,0.041862,0.043129,direct+peer,0.0815,20,direct=0.44;peer=0.56;history=0.00 (leg not built),0.9985,
REGN,2026-08-11,2027-02-19,192,813.8956,0.979620,162,49,0.706,1.352,0.055233,0.054412,direct+peer,0.0901,20,direct=0.44;peer=0.56;history=0.00 (leg not built),0.9985,
REGN,2026-08-11,2027-03-19,220,816.2218,0.976648,136,45,0.674,1.421,0.066962,0.065587,direct+peer,0.0737,20,direct=0.44;peer=0.56;history=0.00 (leg not built),0.9986,
REGN,2026-08-11,2027-06-17,310,825.2322,0.967096,122,42,0.618,1.430,0.094427,0.097461,direct+peer,0.1145,20,direct=0.44;peer=0.56;history=0.00 (leg not built),0.9989,
REGN,2026-08-11,2028-01-21,528,843.8162,0.943336,146,60,0.498,1.422,0.153219,0.178688,direct+peer,0.1895,20,direct=0.44;peer=0.56;history=0.00 (leg not built),0.9970,
REGN,2026-08-12,2027-01-15,156,810.4736,0.983578,146,32,0.716,1.320,0.041203,0.042185,direct+peer,0.1189,20,direct=0.44;peer=0.56;history=0.00 (leg not built),0.9975,
REGN,2026-08-12,2027-02-19,191,814.3249,0.979726,162,47,0.712,1.326,0.053835,0.053812,direct+peer,0.1336,20,direct=0.44;peer=0.56;history=0.00 (leg not built),0.9982,
REGN,2026-08-12,2027-03-19,219,816.1198,0.976754,136,45,0.674,1.421,0.066044,0.064977,direct+peer,0.0879,20,direct=0.44;peer=0.56;history=0.00 (leg not built),0.9989,
REGN,2026-08-12,2027-06-17,309,824.4355,0.967203,122,41,0.631,1.431,0.092610,0.095138,direct+peer,0.1196,20,direct=0.44;peer=0.56;history=0.00 (leg not built),0.9975,
REGN,2026-08-12,2028-01-21,527,843.1798,0.943447,146,60,0.498,1.423,0.150772,0.173417,direct+peer,0.1752,20,direct=0.44;peer=0.56;history=0.00 (leg not built),0.9968,
RTX,2026-08-06,2027-01-15,162,224.8921,0.982886,80,20,0.667,1.378,0.036687,0.042986,direct+peer,0.3237,20,direct=0.44;peer=0.56;history=0.00 (leg not built),0.9968,
RTX,2026-08-06,2027-02-19,197,225.8124,0.979077,60,21,0.642,1.284,0.044024,0.045837,direct+peer,0.1015,20,direct=0.44;peer=0.56;history=0.00 (leg not built),0.9975,
RTX,2026-08-06,2027-03-19,225,225.7227,0.976077,70,23,0.620,1.329,0.050223,0.052346,direct+peer,0.1148,20,direct=0.44;peer=0.56;history=0.00 (leg not built),0.9965,
RTX,2026-08-06,2027-06-17,315,227.9132,0.966391,68,23,0.527,1.404,0.070852,0.074701,direct+peer,0.0914,20,direct=0.44;peer=0.56;history=0.00 (leg not built),0.9934,
RTX,2026-08-06,2028-01-21,533,232.1134,0.942385,74,24,0.539,1.379,0.108533,0.123514,peer,0.1491,20,peer=1.00;history=0.00 (leg not built),0.9954,
RTX,2026-08-07,2027-01-15,161,224.9396,0.983121,80,24,0.622,1.378,0.034757,0.034419,peer,0.0350,20,peer=1.00;history=0.00 (leg not built),0.9980,
RTX,2026-08-07,2027-02-19,196,225.9582,0.979343,60,22,0.642,1.328,0.041903,0.043338,direct+peer,0.0862,20,direct=0.44;peer=0.56;history=0.00 (leg not built),0.9995,
RTX,2026-08-07,2027-03-19,224,225.9118,0.976383,70,23,0.620,1.416,0.047960,0.048757,direct+peer,0.0561,20,direct=0.44;peer=0.56;history=0.00 (leg not built),0.9942,
RTX,2026-08-07,2027-06-17,314,227.4832,0.966854,68,24,0.484,1.407,0.067066,0.070986,direct+peer,0.0890,20,direct=0.44;peer=0.56;history=0.00 (leg not built),0.9948,
RTX,2026-08-07,2028-01-21,532,231.5196,0.943217,74,30,0.497,1.382,0.107820,0.120884,direct+peer,0.1445,20,direct=0.44;peer=0.56;history=0.00 (leg not built),0.9963,
RTX,2026-08-10,2027-01-15,158,226.4660,0.983317,80,22,0.640,1.369,0.034742,0.034965,direct+peer,0.0576,20,direct=0.44;peer=0.56;history=0.00 (leg not built),0.9969,
RTX,2026-08-10,2027-02-19,193,227.2604,0.979464,60,23,0.594,1.408,0.043828,0.045185,direct+peer,0.0703,20,direct=0.44;peer=0.56;history=0.00 (leg not built),0.9987,
RTX,2026-08-10,2027-03-19,221,227.4995,0.976485,70,28,0.549,1.407,0.049107,0.050795,direct+peer,0.0588,20,direct=0.44;peer=0.56;history=0.00 (leg not built),0.9985,
RTX,2026-08-10,2027-06-17,311,228.7331,0.966911,68,29,0.503,1.399,0.069361,0.073270,direct+peer,0.0776,20,direct=0.44;peer=0.56;history=0.00 (leg not built),0.9986,
RTX,2026-08-10,2028-01-21,529,232.5628,0.942976,74,29,0.473,1.376,0.107248,0.120451,peer,0.1317,20,peer=1.00;history=0.00 (leg not built),0.9965,
RTX,2026-08-11,2027-01-15,157,225.9497,0.983468,82,23,0.642,1.372,0.034223,0.034282,direct+peer,0.0430,20,direct=0.44;peer=0.56;history=0.00 (leg not built),0.9965,
RTX,2026-08-11,2027-02-19,192,226.8610,0.979620,62,26,0.595,1.411,0.042708,0.043923,peer,0.0528,20,peer=1.00;history=0.00 (leg not built),0.9983,
RTX,2026-08-11,2027-03-19,220,226.7661,0.976648,72,26,0.617,1.455,0.049553,0.050394,direct+peer,0.0664,20,direct=0.44;peer=0.56;history=0.00 (leg not built),0.9974,
RTX,2026-08-11,2027-06-17,310,228.3025,0.967096,70,31,0.482,1.445,0.068091,0.071365,direct+peer,0.0698,20,direct=0.44;peer=0.56;history=0.00 (leg not built),0.9972,
RTX,2026-08-11,2028-01-21,528,232.7915,0.943336,76,30,0.451,1.418,0.109278,0.121773,peer,0.1285,20,peer=1.00;history=0.00 (leg not built),0.9919,
RTX,2026-08-12,2027-01-15,156,224.8742,0.983578,82,25,0.311,1.379,0.031578,0.032864,direct+peer,0.0311,20,direct=0.44;peer=0.56;history=0.00 (leg not built),0.9968,
RTX,2026-08-12,2027-02-19,191,225.8237,0.979726,62,21,0.686,1.417,0.044215,0.042400,peer,0.0575,20,peer=1.00;history=0.00 (leg not built),0.9975,
RTX,2026-08-12,2027-03-19,219,225.8024,0.976754,72,27,0.598,1.461,0.048808,0.048518,peer,0.0424,20,peer=1.00;history=0.00 (leg not built),0.9998,
RTX,2026-08-12,2027-06-17,309,227.5962,0.967203,70,26,0.527,1.406,0.066006,0.068256,direct+peer,0.0685,20,direct=0.44;peer=0.56;history=0.00 (leg not built),0.9975,
RTX,2026-08-12,2028-01-21,527,230.9186,0.943447,76,32,0.433,1.429,0.111583,0.120684,peer,0.1080,20,peer=1.00;history=0.00 (leg not built),0.9976,
SBUX,2026-08-06,2027-01-15,162,106.6703,0.982886,54,18,0.562,1.547,0.044623,0.043902,peer,0.0237,20,peer=1.00;history=0.00 (leg not built),0.9817,
SBUX,2026-08-06,2027-02-19,197,106.4725,0.979077,48,17,0.517,1.456,0.054547,0.055845,direct+peer,0.0599,20,direct=0.44;peer=0.56;history=0.00 (leg not built),0.9819,
SBUX,2026-08-06,2027-03-19,225,106.2721,0.976077,48,15,0.659,1.364,0.061387,0.060445,peer,0.0915,20,peer=1.00;history=0.00 (leg not built),0.9986,
SBUX,2026-08-06,2027-06-17,315,106.6729,0.966391,46,16,0.516,1.500,0.086674,0.088696,direct+peer,0.0544,20,direct=0.44;peer=0.56;history=0.00 (leg not built),0.9967,
SBUX,2026-08-06,2028-01-21,533,108.3110,0.942385,48,21,0.554,1.477,0.144988,0.161196,direct+peer,0.1531,20,direct=0.44;peer=0.56;history=0.00 (leg not built),0.9960,
SBUX,2026-08-07,2027-01-15,161,106.6699,0.983121,54,18,0.562,1.547,0.044612,0.043547,peer,0.0186,20,peer=1.00;history=0.00 (leg not built),0.9817,
SBUX,2026-08-07,2027-02-19,196,106.4721,0.979343,48,17,0.517,1.456,0.054532,0.055760,direct+peer,0.0598,20,direct=0.44;peer=0.56;history=0.00 (leg not built),0.9820,
SBUX,2026-08-07,2027-03-19,224,106.2717,0.976383,48,15,0.659,1.364,0.061368,0.062281,direct+peer,0.1568,20,direct=0.44;peer=0.56;history=0.00 (leg not built),0.9986,
SBUX,2026-08-07,2027-06-17,314,106.6721,0.966854,46,16,0.516,1.500,0.086634,0.089478,direct+peer,0.0580,20,direct=0.44;peer=0.56;history=0.00 (leg not built),0.9967,
SBUX,2026-08-07,2028-01-21,532,108.3125,0.943217,48,21,0.554,1.477,0.144856,0.159858,direct+peer,0.1445,20,direct=0.44;peer=0.56;history=0.00 (leg not built),0.9960,
SBUX,2026-08-10,2027-01-15,158,105.3559,0.983317,54,22,0.475,1.566,0.040620,0.040462,direct+peer,0.0189,20,direct=0.44;peer=0.56;history=0.00 (leg not built),0.9977,
SBUX,2026-08-10,2027-02-19,193,105.4254,0.979464,48,22,0.474,1.518,0.051762,0.052611,direct+peer,0.0344,20,direct=0.44;peer=0.56;history=0.00 (leg not built),0.9956,
SBUX,2026-08-10,2027-03-19,221,105.6486,0.976485,48,23,0.426,1.514,0.059307,0.063723,direct+peer,0.1257,20,direct=0.44;peer=0.56;history=0.00 (leg not built),0.9927,
SBUX,2026-08-10,2027-06-17,311,106.0170,0.966911,46,22,0.472,1.509,0.085278,0.089114,direct+peer,0.0625,20,direct=0.44;peer=0.56;history=0.00 (leg not built),0.9865,
SBUX,2026-08-10,2028-01-21,529,107.4549,0.942976,48,24,0.419,1.489,0.137457,0.158342,direct+peer,0.1530,20,direct=0.44;peer=0.56;history=0.00 (leg not built),0.9871,
SBUX,2026-08-11,2027-01-15,157,106.8303,0.983468,54,20,0.374,1.404,0.038729,0.039846,direct+peer,0.0315,20,direct=0.44;peer=0.56;history=0.00 (leg not built),0.9970,
SBUX,2026-08-11,2027-02-19,192,107.3223,0.979620,48,15,0.699,1.398,0.053716,0.052563,peer,0.0848,20,peer=1.00;history=0.00 (leg not built),0.9945,
SBUX,2026-08-11,2027-03-19,220,107.2099,0.976648,48,13,0.653,1.306,0.058115,0.060531,peer,0.1284,20,peer=1.00;history=0.00 (leg not built),0.9929,
SBUX,2026-08-11,2027-06-17,310,107.9406,0.967096,46,15,0.649,1.390,0.084508,0.089157,peer,0.1478,20,peer=1.00;history=0.00 (leg not built),0.9948,
SBUX,2026-08-11,2028-01-21,528,109.4611,0.943336,48,22,0.411,1.462,0.138344,0.159826,direct+peer,0.1557,20,direct=0.44;peer=0.56;history=0.00 (leg not built),0.9910,
SBUX,2026-08-12,2027-01-15,156,108.9240,0.983578,54,19,0.367,1.469,0.039194,0.039703,direct+peer,0.0236,20,direct=0.44;peer=0.56;history=0.00 (leg not built),0.9929,
SBUX,2026-08-12,2027-02-19,191,108.7326,0.979726,48,15,0.736,1.380,0.055238,0.052543,direct+peer,0.1159,20,direct=0.44;peer=0.56;history=0.00 (leg not built),0.9901,
SBUX,2026-08-12,2027-03-19,219,109.0189,0.976754,48,16,0.413,1.376,0.058938,0.060372,direct+peer,0.0525,20,direct=0.44;peer=0.56;history=0.00 (leg not built),0.9933,
SBUX,2026-08-12,2027-06-17,309,110.0000,0.967203,46,16,0.591,1.364,0.082777,0.085227,peer,0.1158,20,peer=1.00;history=0.00 (leg not built),0.9828,
SBUX,2026-08-12,2028-01-21,527,111.2896,0.943447,48,23,0.449,1.438,0.137737,0.160088,peer,0.1489,20,peer=1.00;history=0.00 (leg not built),0.9799,
SCHW,2026-08-06,2027-01-15,162,108.7198,0.982886,78,25,0.460,1.380,0.033933,0.034628,direct+peer,0.0397,20,direct=0.44;peer=0.56;history=0.00 (leg not built),0.9971,
SCHW,2026-08-06,2027-02-19,197,109.1914,0.979077,42,19,0.595,1.374,0.043122,0.043811,direct+peer,0.0541,20,direct=0.44;peer=0.56;history=0.00 (leg not built),0.9976,
SCHW,2026-08-06,2027-03-19,225,109.1548,0.976077,58,24,0.550,1.420,0.050556,0.051741,direct+peer,0.0565,20,direct=0.44;peer=0.56;history=0.00 (leg not built),0.9975,
SCHW,2026-08-06,2027-06-17,315,109.9828,0.966391,64,27,0.500,1.409,0.072390,0.077450,direct+peer,0.1089,20,direct=0.44;peer=0.56;history=0.00 (leg not built),0.9980,
SCHW,2026-08-06,2028-01-21,533,112.0957,0.942385,60,27,0.446,1.383,0.114455,0.132545,direct+peer,0.1643,20,direct=0.44;peer=0.56;history=0.00 (leg not built),0.9935,
SCHW,2026-08-07,2027-01-15,161,108.6438,0.983121,78,25,0.460,1.381,0.032696,0.033142,direct+peer,0.0320,20,direct=0.44;peer=0.56;history=0.00 (leg not built),0.9972,
SCHW,2026-08-07,2027-02-19,196,108.7066,0.979343,42,19,0.598,1.380,0.042628,0.043503,direct+peer,0.0578,20,direct=0.44;peer=0.56;history=0.00 (leg not built),0.9982,
SCHW,2026-08-07,2027-03-19,224,108.8990,0.976383,58,25,0.551,1.423,0.048420,0.049511,direct+peer,0.0541,20,direct=0.44;peer=0.56;history=0.00 (leg not built),0.9996,
SCHW,2026-08-07,2027-06-17,314,110.0259,0.966854,64,28,0.454,1.409,0.069878,0.073634,direct+peer,0.0750,20,direct=0.44;peer=0.56;history=0.00 (leg not built),0.9966,
SCHW,2026-08-07,2028-01-21,532,112.0321,0.943217,60,29,0.402,1.384,0.115185,0.134360,direct+peer,0.1801,20,direct=0.44;peer=0.56;history=0.00 (leg not built),0.9899,
SCHW,2026-08-10,2027-01-15,158,109.1271,0.983317,78,31,0.298,1.420,0.033037,0.033632,direct+peer,0.0281,20,direct=0.44;peer=0.56;history=0.00 (leg not built),0.9997,
SCHW,2026-08-10,2027-02-19,193,109.4470,0.979464,42,20,0.548,1.371,0.041201,0.042633,direct+peer,0.0570,20,direct=0.44;peer=0.56;history=0.00 (leg not built),0.9974,
SCHW,2026-08-10,2027-03-19,221,109.5648,0.976485,58,26,0.502,1.415,0.047893,0.049643,direct+peer,0.0610,20,direct=0.44;peer=0.56;history=0.00 (leg not built),0.9976,
SCHW,2026-08-10,2027-06-17,311,110.6119,0.966911,64,28,0.452,1.401,0.068547,0.072604,direct+peer,0.0697,20,direct=0.44;peer=0.56;history=0.00 (leg not built),0.9959,
SCHW,2026-08-10,2028-01-21,529,112.3684,0.942976,60,29,0.400,1.379,0.116061,0.135048,direct+peer,0.1504,20,direct=0.44;peer=0.56;history=0.00 (leg not built),0.9942,
SCHW,2026-08-11,2027-01-15,157,108.7036,0.983468,78,23,0.644,1.380,0.032297,0.032411,direct+peer,0.0508,20,direct=0.44;peer=0.56;history=0.00 (leg not built),0.9985,
SCHW,2026-08-11,2027-02-19,192,109.0217,0.979620,44,19,0.596,1.422,0.041511,0.041903,direct+peer,0.0427,20,direct=0.44;peer=0.56;history=0.00 (leg not built),0.9967,
SCHW,2026-08-11,2027-03-19,220,109.4113,0.976648,60,26,0.548,1.462,0.048160,0.048936,direct+peer,0.0436,20,direct=0.44;peer=0.56;history=0.00 (leg not built),0.9987,
SCHW,2026-08-11,2027-06-17,310,109.7760,0.967096,66,27,0.547,1.458,0.070577,0.076208,direct+peer,0.1269,20,direct=0.44;peer=0.56;history=0.00 (leg not built),0.9968,
SCHW,2026-08-11,2028-01-21,528,112.0760,0.943336,62,31,0.379,1.428,0.118011,0.134791,direct+peer,0.1396,20,direct=0.44;peer=0.56;history=0.00 (leg not built),0.9961,
SCHW,2026-08-12,2027-01-15,156,110.7456,0.983578,78,26,0.316,1.400,0.031198,0.031359,direct+peer,0.0194,20,direct=0.44;peer=0.56;history=0.00 (leg not built),0.9948,
SCHW,2026-08-12,2027-02-19,191,110.6464,0.979726,44,19,0.633,1.401,0.040654,0.040344,peer,0.0526,20,peer=1.00;history=0.00 (leg not built),0.9958,
SCHW,2026-08-12,2027-03-19,219,110.6569,0.976754,60,25,0.587,1.446,0.047887,0.053935,direct+peer,0.2527,20,direct=0.44;peer=0.56;history=0.00 (leg not built),0.9981,
SCHW,2026-08-12,2027-06-17,309,111.9041,0.967203,66,28,0.491,1.430,0.067774,0.082579,direct+peer,0.3127,20,direct=0.44;peer=0.56;history=0.00 (leg not built),0.9933,
SCHW,2026-08-12,2028-01-21,527,113.7899,0.943447,62,29,0.417,1.406,0.115523,0.130033,direct+peer,0.1363,20,direct=0.44;peer=0.56;history=0.00 (leg not built),0.9917,
SHW,2026-08-06,2027-01-15,162,367.9855,0.982886,88,27,0.625,1.359,0.037862,0.038616,direct+peer,0.0774,20,direct=0.44;peer=0.56;history=0.00 (leg not built),0.9960,
SHW,2026-08-06,2027-03-19,225,370.6045,0.976077,86,29,0.648,1.403,0.055875,0.054818,peer,0.0798,20,peer=1.00;history=0.00 (leg not built),0.9987,
SHW,2026-08-06,2027-06-17,315,373.2182,0.966391,78,28,0.616,1.340,0.074300,0.077824,direct+peer,0.1255,20,direct=0.44;peer=0.56;history=0.00 (leg not built),0.9975,
SHW,2026-08-06,2028-01-21,533,380.0531,0.942385,88,35,0.513,1.421,0.119015,0.132791,peer,0.1371,20,peer=1.00;history=0.00 (leg not built),0.9941,
SHW,2026-08-07,2027-01-15,161,374.1500,0.983121,88,26,0.668,1.336,0.038043,0.035906,peer,0.0545,20,peer=1.00;history=0.00 (leg not built),0.9982,
SHW,2026-08-07,2027-03-19,224,375.9545,0.976383,86,26,0.665,1.330,0.053268,0.053201,direct+peer,0.0884,20,direct=0.44;peer=0.56;history=0.00 (leg not built),0.9988,
SHW,2026-08-07,2027-06-17,314,378.7795,0.966854,78,28,0.607,1.320,0.072189,0.075690,peer,0.1177,20,peer=1.00;history=0.00 (leg not built),0.9968,
SHW,2026-08-07,2028-01-21,532,385.7062,0.943217,88,32,0.570,1.400,0.117954,0.127809,peer,0.1382,20,peer=1.00;history=0.00 (leg not built),0.9972,
SHW,2026-08-10,2027-01-15,158,367.1627,0.983317,88,20,0.763,1.280,0.039269,0.036653,peer,0.1336,20,peer=1.00;history=0.00 (leg not built),0.9958,
SHW,2026-08-10,2027-03-19,221,369.6723,0.976485,86,24,0.703,1.325,0.053063,0.052601,direct+peer,0.1288,20,direct=0.44;peer=0.56;history=0.00 (leg not built),0.9978,
SHW,2026-08-10,2027-06-17,311,372.3270,0.966911,78,28,0.618,1.343,0.072646,0.075020,peer,0.1110,20,peer=1.00;history=0.00 (leg not built),0.9965,
SHW,2026-08-10,2028-01-21,529,379.4167,0.942976,88,32,0.580,1.423,0.118574,0.128616,direct+peer,0.1422,20,direct=0.44;peer=0.56;history=0.00 (leg not built),0.9954,
SHW,2026-08-11,2027-01-15,157,368.8917,0.983468,88,23,0.678,1.274,0.036025,0.034495,peer,0.0743,20,peer=1.00;history=0.00 (leg not built),0.9944,
SHW,2026-08-11,2027-03-19,220,370.9420,0.976648,86,26,0.674,1.348,0.052967,0.053431,peer,0.1082,20,peer=1.00;history=0.00 (leg not built),0.9960,
SHW,2026-08-11,2027-06-17,310,374.2498,0.967096,82,29,0.615,1.389,0.073150,0.076302,peer,0.1233,20,peer=1.00;history=0.00 (leg not built),0.9976,
SHW,2026-08-11,2028-01-21,528,381.1449,0.943336,88,33,0.551,1.417,0.114350,0.126876,peer,0.1385,20,peer=1.00;history=0.00 (leg not built),0.9953,
SHW,2026-08-12,2027-01-15,156,364.9877,0.983578,88,22,0.712,1.288,0.037414,0.036166,peer,0.1004,20,peer=1.00;history=0.00 (leg not built),0.9968,
SHW,2026-08-12,2027-03-19,219,367.3893,0.976754,86,26,0.653,1.334,0.051355,0.051201,peer,0.0854,20,peer=1.00;history=0.00 (leg not built),0.9977,
SHW,2026-08-12,2027-06-17,309,369.6691,0.967203,82,29,0.622,1.407,0.073218,0.073931,peer,0.0884,20,peer=1.00;history=0.00 (leg not built),0.9981,
SHW,2026-08-12,2028-01-21,527,376.8414,0.943447,88,32,0.584,1.433,0.114716,0.124319,direct+peer,0.1530,20,direct=0.44;peer=0.56;history=0.00 (leg not built),0.9934,
SLB,2026-08-06,2027-01-15,162,52.1100,0.982886,50,19,0.480,1.535,0.056056,0.057962,direct+peer,0.0573,20,direct=0.44;peer=0.56;history=0.00 (leg not built),0.9949,
SLB,2026-08-06,2027-02-19,197,52.2617,0.979077,38,15,0.574,1.435,0.066152,0.069632,direct+peer,0.0837,20,direct=0.44;peer=0.56;history=0.00 (leg not built),0.9970,
SLB,2026-08-06,2027-03-19,225,52.3634,0.976077,46,20,0.573,1.623,0.079956,0.089619,direct+peer,0.2231,20,direct=0.44;peer=0.56;history=0.00 (leg not built),0.9969,
SLB,2026-08-06,2027-06-17,315,52.6035,0.966391,36,16,0.523,1.426,0.104109,0.126320,direct+peer,0.2811,20,direct=0.44;peer=0.56;history=0.00 (leg not built),0.9949,
SLB,2026-08-06,2028-01-21,533,52.8183,0.942385,50,24,0.331,1.609,0.182391,0.214462,direct+peer,0.1883,20,direct=0.44;peer=0.56;history=0.00 (leg not built),0.9852,
SLB,2026-08-07,2027-01-15,161,50.6154,0.983121,50,21,0.395,1.581,0.056761,0.057516,direct+peer,0.0421,20,direct=0.44;peer=0.56;history=0.00 (leg not built),0.9874,
SLB,2026-08-07,2027-02-19,196,51.2407,0.979343,38,16,0.585,1.464,0.065437,0.069663,direct+peer,0.1326,20,direct=0.44;peer=0.56;history=0.00 (leg not built),0.9855,
SLB,2026-08-07,2027-03-19,224,50.8108,0.976383,46,20,0.590,1.673,0.082242,0.083075,direct+peer,0.0616,20,direct=0.44;peer=0.56;history=0.00 (leg not built),0.9941,
SLB,2026-08-07,2027-06-17,314,50.8705,0.966854,36,18,0.491,1.474,0.105864,0.120785,direct+peer,0.1800,20,direct=0.44;peer=0.56;history=0.00 (leg not built),0.9936,
SLB,2026-08-07,2028-01-21,532,51.3161,0.943217,50,24,0.341,1.656,0.185280,0.210961,direct+peer,0.1593,20,direct=0.44;peer=0.56;history=0.00 (leg not built),0.9836,
SLB,2026-08-10,2027-01-15,158,53.4339,0.983317,50,22,0.421,1.591,0.055458,0.056393,direct+peer,0.0347,20,direct=0.44;peer=0.56;history=0.00 (leg not built),0.9984,
SLB,2026-08-10,2027-02-19,193,53.4529,0.979464,38,14,0.655,1.403,0.065539,0.075122,direct+peer,0.2582,20,direct=0.44;peer=0.56;history=0.00 (leg not built),0.9995,
SLB,2026-08-10,2027-03-19,221,53.5241,0.976485,46,20,0.467,1.588,0.076954,0.082855,direct+peer,0.1244,20,direct=0.44;peer=0.56;history=0.00 (leg not built),0.9974,
SLB,2026-08-10,2027-06-17,311,54.0606,0.966911,36,16,0.555,1.387,0.101138,0.114774,direct+peer,0.1552,20,direct=0.44;peer=0.56;history=0.00 (leg not built),0.9908,
SLB,2026-08-10,2028-01-21,529,54.8498,0.942976,50,24,0.365,1.550,0.172593,0.200565,direct+peer,0.1512,20,direct=0.44;peer=0.56;history=0.00 (leg not built),0.9905,
SLB,2026-08-11,2027-01-15,157,53.8561,0.983468,50,19,0.603,1.578,0.056406,0.056904,direct+peer,0.0446,20,direct=0.44;peer=0.56;history=0.00 (leg not built),0.9989,
SLB,2026-08-11,2027-02-19,192,54.0387,0.979620,38,16,0.555,1.388,0.065208,0.070739,peer,0.0943,20,peer=1.00;history=0.00 (leg not built),0.9958,
SLB,2026-08-11,2027-03-19,220,53.8822,0.976648,46,20,0.557,1.578,0.082724,0.085967,direct+peer,0.0725,20,direct=0.44;peer=0.56;history=0.00 (leg not built),0.9899,
SLB,2026-08-11,2027-06-17,310,54.5692,0.967096,36,18,0.458,1.374,0.106222,0.133385,direct+peer,0.2065,20,direct=0.44;peer=0.56;history=0.00 (leg not built),0.9629,
SLB,2026-08-11,2028-01-21,528,54.9293,0.943336,50,25,0.319,1.547,0.172981,0.209232,direct+peer,0.2186,20,direct=0.44;peer=0.56;history=0.00 (leg not built),0.9842,
SLB,2026-08-12,2027-01-15,156,53.0083,0.983578,50,17,0.660,1.509,0.056255,0.055254,peer,0.0448,20,peer=1.00;history=0.00 (leg not built),0.9973,
SLB,2026-08-12,2027-02-19,191,52.9763,0.979726,38,16,0.566,1.416,0.066928,0.071286,direct+peer,0.0804,20,direct=0.44;peer=0.56;history=0.00 (leg not built),0.9942,
SLB,2026-08-12,2027-03-19,219,52.9778,0.976754,46,20,0.566,1.604,0.077656,0.083628,direct+peer,0.1818,20,direct=0.44;peer=0.56;history=0.00 (leg not built),0.9931,
SLB,2026-08-12,2027-06-17,309,52.8705,0.967203,36,18,0.473,1.419,0.106376,0.120489,direct+peer,0.1470,20,direct=0.44;peer=0.56;history=0.00 (leg not built),0.9879,
SLB,2026-08-12,2028-01-21,527,53.9312,0.943447,50,25,0.324,1.576,0.174521,0.202654,direct+peer,0.1523,20,direct=0.44;peer=0.56;history=0.00 (leg not built),0.9939,
SO,2026-08-06,2027-01-15,162,92.7747,0.982886,56,15,0.458,1.240,0.021875,0.021372,peer,0.0240,20,peer=1.00;history=0.00 (leg not built),0.9964,
SO,2026-08-06,2027-02-19,197,92.8779,0.979077,42,12,0.754,1.184,0.029970,0.027108,direct+peer,0.1545,20,direct=0.44;peer=0.56;history=0.00 (leg not built),0.9954,
SO,2026-08-06,2027-03-19,225,92.8586,0.976077,48,10,0.646,1.185,0.035578,0.032662,direct+peer,0.1131,20,direct=0.44;peer=0.56;history=0.00 (leg not built),0.9953,
SO,2026-08-06,2027-06-17,315,93.3485,0.966391,46,13,0.696,1.232,0.046995,0.047189,direct+peer,0.2243,20,direct=0.44;peer=0.56;history=0.00 (leg not built),0.9869,
SO,2026-08-06,2028-01-21,533,93.6354,0.942385,56,19,0.587,1.282,0.075084,0.079333,direct+peer,0.1723,20,direct=0.44;peer=0.56;history=0.00 (leg not built),0.9954,
SO,2026-08-07,2027-01-15,161,93.0035,0.983121,56,16,0.457,1.237,0.020366,0.020049,direct+peer,0.0339,20,direct=0.44;peer=0.56;history=0.00 (leg not built),0.9860,
SO,2026-08-07,2027-02-19,196,93.0922,0.979343,42,12,0.752,1.182,0.029552,0.026756,direct+peer,0.1260,20,direct=0.44;peer=0.56;history=0.00 (leg not built),0.9972,
SO,2026-08-07,2027-03-19,224,93.0479,0.976383,48,12,0.645,1.128,0.029773,0.031102,direct+peer,0.1860,20,direct=0.44;peer=0.56;history=0.00 (leg not built),0.9951,
SO,2026-08-07,2027-06-17,314,93.2861,0.966854,46,14,0.697,1.233,0.047593,0.042571,peer,0.1072,20,peer=1.00;history=0.00 (leg not built),0.9959,
SO,2026-08-07,2028-01-21,532,93.7086,0.943217,56,19,0.587,1.281,0.074327,0.076619,direct+peer,0.1226,20,direct=0.44;peer=0.56;history=0.00 (leg not built),0.9912,
SO,2026-08-10,2027-01-15,158,91.5102,0.983317,56,15,0.464,1.257,0.020448,0.019730,peer,0.0185,20,peer=1.00;history=0.00 (leg not built),0.9923,
SO,2026-08-10,2027-02-19,193,91.9538,0.979464,42,11,0.761,1.196,0.028722,0.025528,direct+peer,0.1287,20,direct=0.44;peer=0.56;history=0.00 (leg not built),0.9894,
SO,2026-08-10,2027-03-19,221,91.9265,0.976485,48,12,0.653,1.197,0.031418,0.030664,direct+peer,0.1289,20,direct=0.44;peer=0.56;history=0.00 (leg not built),0.9906,
SO,2026-08-10,2027-06-17,311,92.1277,0.966911,46,11,0.651,1.140,0.042389,0.040729,direct+peer,0.2099,20,direct=0.44;peer=0.56;history=0.00 (leg not built),0.9768,
SO,2026-08-10,2028-01-21,529,92.4470,0.942976,56,19,0.595,1.298,0.072403,0.074505,direct+peer,0.1236,20,direct=0.44;peer=0.56;history=0.00 (leg not built),0.9876,
SO,2026-08-11,2027-01-15,157,91.5391,0.983468,56,16,0.464,1.202,0.019506,0.019034,direct+peer,0.0270,20,direct=0.44;peer=0.56;history=0.00 (leg not built),0.9919,
SO,2026-08-11,2027-02-19,192,91.7956,0.979620,44,12,0.763,1.144,0.026530,0.023952,direct+peer,0.1753,20,direct=0.44;peer=0.56;history=0.00 (leg not built),0.9927,
SO,2026-08-11,2027-03-19,220,91.7730,0.976648,48,11,0.654,1.144,0.029717,0.028821,direct+peer,0.1420,20,direct=0.44;peer=0.56;history=0.00 (leg not built),0.9902,
SO,2026-08-11,2027-06-17,310,92.0967,0.967096,48,14,0.706,1.194,0.044276,0.042538,peer,0.1878,20,peer=1.00;history=0.00 (leg not built),0.9871,
SO,2026-08-11,2028-01-21,528,92.5636,0.943336,56,20,0.594,1.350,0.071597,0.072228,direct+peer,0.0981,20,direct=0.44;peer=0.56;history=0.00 (leg not built),0.9842,
SO,2026-08-12,2027-01-15,156,91.9967,0.983578,56,18,0.462,1.359,0.020647,0.019584,direct+peer,0.0111,20,direct=0.44;peer=0.56;history=0.00 (leg not built),0.9902,
SO,2026-08-12,2027-02-19,191,92.0815,0.979726,44,10,0.814,1.195,0.030689,0.025138,direct+peer,0.2223,20,direct=0.44;peer=0.56;history=0.00 (leg not built),0.9961,
SO,2026-08-12,2027-03-19,219,92.0546,0.976754,48,13,0.652,1.141,0.027991,0.030062,direct+peer,0.2233,20,direct=0.44;peer=0.56;history=0.00 (leg not built),0.9918,
SO,2026-08-12,2027-06-17,309,92.5620,0.967203,48,14,0.702,1.188,0.043443,0.042250,direct+peer,0.1876,20,direct=0.44;peer=0.56;history=0.00 (leg not built),0.9872,
SO,2026-08-12,2028-01-21,527,93.1148,0.943447,56,19,0.591,1.289,0.070270,0.072533,direct+peer,0.1262,20,direct=0.44;peer=0.56;history=0.00 (leg not built),0.9856,
SPGI,2026-08-06,2027-01-15,162,411.9738,0.982886,76,33,0.583,1.553,0.049118,0.048668,direct+peer,0.0347,20,direct=0.44;peer=0.56;history=0.00 (leg not built),0.9964,
SPGI,2026-08-06,2027-02-19,197,413.5033,0.979077,76,31,0.629,1.596,0.064274,0.062119,direct+peer,0.0635,20,direct=0.44;peer=0.56;history=0.00 (leg not built),0.9981,
SPGI,2026-08-06,2027-03-19,225,414.2620,0.976077,80,34,0.676,1.593,0.073270,0.072136,direct+peer,0.0805,20,direct=0.44;peer=0.56;history=0.00 (leg not built),0.9985,
SPGI,2026-08-06,2027-06-17,315,417.6821,0.966391,82,33,0.622,1.484,0.098741,0.102253,peer,0.1179,20,peer=1.00;history=0.00 (leg not built),0.9963,
SPGI,2026-08-06,2027-12-17,498,423.7092,0.946290,82,40,0.519,1.558,0.149463,0.163960,peer,0.1288,20,peer=1.00;history=0.00 (leg not built),0.9937,
SPGI,2026-08-06,2028-01-21,533,425.2325,0.942385,82,41,0.494,1.552,0.157971,0.174819,peer,0.1258,20,peer=1.00;history=0.00 (leg not built),0.9940,
SPGI,2026-08-07,2027-01-15,161,413.6720,0.983121,76,33,0.580,1.547,0.047872,0.047197,direct+peer,0.0391,20,direct=0.44;peer=0.56;history=0.00 (leg not built),0.9932,
SPGI,2026-08-07,2027-02-19,196,415.1055,0.979343,76,33,0.578,1.494,0.060393,0.060349,direct+peer,0.0720,20,direct=0.44;peer=0.56;history=0.00 (leg not built),0.9970,
SPGI,2026-08-07,2027-03-19,224,416.2003,0.976383,80,34,0.577,1.586,0.069945,0.069074,direct+peer,0.0551,20,direct=0.44;peer=0.56;history=0.00 (leg not built),0.9972,
SPGI,2026-08-07,2027-06-17,314,419.1829,0.966854,82,36,0.596,1.574,0.096630,0.096963,peer,0.0669,20,peer=1.00;history=0.00 (leg not built),0.9976,
SPGI,2026-08-07,2027-12-17,497,425.8594,0.947065,82,39,0.493,1.550,0.149214,0.158752,peer,0.1021,20,peer=1.00;history=0.00 (leg not built),0.9924,
SPGI,2026-08-07,2028-01-21,532,427.7509,0.943217,82,38,0.561,1.543,0.156477,0.167726,direct+peer,0.1371,20,direct=0.44;peer=0.56;history=0.00 (leg not built),0.9917,
SPGI,2026-08-10,2027-01-15,158,416.0745,0.983317,76,37,0.577,1.538,0.046174,0.045741,direct+peer,0.0385,20,direct=0.44;peer=0.56;history=0.00 (leg not built),0.9978,
SPGI,2026-08-10,2027-02-19,193,417.4067,0.979464,76,38,0.575,1.581,0.058299,0.060366,direct+peer,0.1329,20,direct=0.44;peer=0.56;history=0.00 (leg not built),0.9945,
SPGI,2026-08-10,2027-03-19,221,418.4127,0.976485,80,40,0.526,1.577,0.066476,0.068048,direct+peer,0.0830,20,direct=0.44;peer=0.56;history=0.00 (leg not built),0.9966,
SPGI,2026-08-10,2027-06-17,311,421.4686,0.966911,82,38,0.498,1.566,0.091379,0.101844,direct+peer,0.2105,20,direct=0.44;peer=0.56;history=0.00 (leg not built),0.9963,
SPGI,2026-08-10,2027-12-17,494,428.4083,0.946894,82,41,0.490,1.541,0.144015,0.159610,direct+peer,0.1381,20,direct=0.44;peer=0.56;history=0.00 (leg not built),0.9945,
SPGI,2026-08-10,2028-01-21,529,430.3712,0.942976,82,41,0.488,1.534,0.154517,0.170234,direct+peer,0.1450,20,direct=0.44;peer=0.56;history=0.00 (leg not built),0.9955,
SPGI,2026-08-11,2027-01-15,157,415.2874,0.983468,76,33,0.602,1.493,0.045880,0.045542,direct+peer,0.0607,20,direct=0.44;peer=0.56;history=0.00 (leg not built),0.9976,
SPGI,2026-08-11,2027-02-19,192,417.0907,0.979620,76,35,0.575,1.486,0.057005,0.057288,direct+peer,0.0614,20,direct=0.44;peer=0.56;history=0.00 (leg not built),0.9968,
SPGI,2026-08-11,2027-03-19,220,417.3481,0.976648,80,37,0.551,1.533,0.065219,0.065359,direct+peer,0.0557,20,direct=0.44;peer=0.56;history=0.00 (leg not built),0.9966,
SPGI,2026-08-11,2027-06-17,310,420.9823,0.967096,82,32,0.570,1.425,0.094627,0.094772,peer,0.1018,20,peer=1.00;history=0.00 (leg not built),0.9969,
SPGI,2026-08-11,2027-12-17,493,427.5794,0.947215,82,39,0.491,1.544,0.143157,0.161234,peer,0.1462,20,peer=1.00;history=0.00 (leg not built),0.9952,
SPGI,2026-08-11,2028-01-21,528,428.4932,0.943336,82,40,0.513,1.540,0.153638,0.170672,peer,0.1463,20,peer=1.00;history=0.00 (leg not built),0.9918,
SPGI,2026-08-12,2027-01-15,156,415.3130,0.983578,76,33,0.602,1.445,0.042612,0.042543,direct+peer,0.0557,20,direct=0.44;peer=0.56;history=0.00 (leg not built),0.9944,
SPGI,2026-08-12,2027-02-19,191,416.1724,0.979726,76,35,0.577,1.490,0.054255,0.054161,direct+peer,0.0507,20,direct=0.44;peer=0.56;history=0.00 (leg not built),0.9969,
SPGI,2026-08-12,2027-03-19,219,417.5224,0.976754,80,39,0.527,1.581,0.062626,0.062667,direct+peer,0.0489,20,direct=0.44;peer=0.56;history=0.00 (leg not built),0.9946,
SPGI,2026-08-12,2027-06-17,309,420.2068,0.967203,82,32,0.547,1.428,0.086803,0.091032,peer,0.0881,20,peer=1.00;history=0.00 (leg not built),0.9937,
SPGI,2026-08-12,2027-12-17,492,426.9614,0.947326,82,41,0.492,1.546,0.139079,0.153140,peer,0.1129,20,peer=1.00;history=0.00 (leg not built),0.9881,
SPGI,2026-08-12,2028-01-21,527,428.0921,0.943447,82,38,0.491,1.542,0.149587,0.164800,direct+peer,0.1558,20,direct=0.44;peer=0.56;history=0.00 (leg not built),0.9853,
STZ,2026-08-06,2027-01-15,162,133.8978,0.982886,92,25,0.635,1.568,0.056805,0.054294,peer,0.0315,20,peer=1.00;history=0.00 (leg not built),0.9993,
STZ,2026-08-06,2027-03-19,225,134.5219,0.976077,64,25,0.632,1.561,0.080428,0.079832,direct+peer,0.1649,20,direct=0.44;peer=0.56;history=0.00 (leg not built),0.9967,
STZ,2026-08-06,2027-06-17,315,135.1207,0.966391,56,23,0.666,1.554,0.106070,0.111387,direct+peer,0.2021,20,direct=0.44;peer=0.56;history=0.00 (leg not built),0.9994,
STZ,2026-08-06,2028-01-21,533,137.8070,0.942385,66,31,0.472,1.814,0.166736,0.177037,direct+peer,0.0909,20,direct=0.44;peer=0.56;history=0.00 (leg not built),0.9976,
STZ,2026-08-07,2027-01-15,161,137.5599,0.983121,92,25,0.618,1.527,0.051738,0.051117,direct+peer,0.0396,20,direct=0.44;peer=0.56;history=0.00 (leg not built),0.9964,
STZ,2026-08-07,2027-03-19,224,137.6785,0.976383,64,28,0.581,1.671,0.071619,0.069919,peer,0.0255,20,peer=1.00;history=0.00 (leg not built),0.9964,
STZ,2026-08-07,2027-06-17,314,137.7935,0.966854,56,26,0.544,1.524,0.097452,0.099869,direct+peer,0.0789,20,direct=0.44;peer=0.56;history=0.00 (leg not built),0.9949,
STZ,2026-08-07,2028-01-21,532,141.3429,0.943217,66,32,0.495,1.769,0.165701,0.172162,direct+peer,0.0786,20,direct=0.44;peer=0.56;history=0.00 (leg not built),0.9976,
STZ,2026-08-10,2027-01-15,158,134.8305,0.983317,92,24,0.630,1.483,0.049794,0.050955,peer,0.0693,20,peer=1.00;history=0.00 (leg not built),0.9969,
STZ,2026-08-10,2027-03-19,221,135.2731,0.976485,64,28,0.591,1.700,0.070816,0.071540,direct+peer,0.0520,20,direct=0.44;peer=0.56;history=0.00 (leg not built),0.9975,
STZ,2026-08-10,2027-06-17,311,136.1549,0.966911,56,22,0.588,1.395,0.096668,0.104020,peer,0.1547,20,peer=1.00;history=0.00 (leg not built),0.9945,
STZ,2026-08-10,2028-01-21,529,138.6037,0.942976,66,32,0.469,1.732,0.156510,0.162817,direct+peer,0.0860,20,direct=0.44;peer=0.56;history=0.00 (leg not built),0.9938,
STZ,2026-08-11,2027-01-15,157,135.0339,0.983468,92,25,0.629,2.296,0.052718,0.049416,peer,0.0256,20,peer=1.00;history=0.00 (leg not built),0.9982,
STZ,2026-08-11,2027-03-19,220,135.4778,0.976648,64,27,0.591,1.624,0.066392,0.067263,direct+peer,0.0814,20,direct=0.44;peer=0.56;history=0.00 (leg not built),0.9950,
STZ,2026-08-11,2027-06-17,310,135.9134,0.967096,56,24,0.589,1.472,0.093292,0.094665,peer,0.1063,20,peer=1.00;history=0.00 (leg not built),0.9975,
STZ,2026-08-11,2028-01-21,528,138.6749,0.943336,66,33,0.469,1.803,0.153547,0.157143,direct+peer,0.0535,20,direct=0.44;peer=0.56;history=0.00 (leg not built),0.9948,
STZ,2026-08-12,2027-01-15,156,135.0339,0.983578,92,23,0.629,1.481,0.049443,0.047322,peer,0.0387,20,peer=1.00;history=0.00 (leg not built),0.9984,
STZ,2026-08-12,2027-03-19,219,135.1877,0.976754,64,24,0.592,1.442,0.065067,0.065207,peer,0.0474,20,peer=1.00;history=0.00 (leg not built),0.9952,
STZ,2026-08-12,2027-06-17,309,135.4653,0.967203,56,22,0.554,1.403,0.088547,0.105071,direct+peer,0.3018,20,direct=0.44;peer=0.56;history=0.00 (leg not built),0.9942,
STZ,2026-08-12,2028-01-21,527,138.6397,0.943447,66,32,0.469,1.803,0.157729,0.163058,direct+peer,0.0572,20,direct=0.44;peer=0.56;history=0.00 (leg not built),0.9967,
SYK,2026-08-06,2027-01-15,162,340.7020,0.982886,84,26,0.675,1.409,0.050024,0.049155,peer,0.0715,20,peer=1.00;history=0.00 (leg not built),0.9982,
SYK,2026-08-06,2027-03-19,225,342.7559,0.976077,82,32,0.540,1.517,0.066420,0.068540,peer,0.0437,20,peer=1.00;history=0.00 (leg not built),0.9971,
SYK,2026-08-06,2027-06-17,315,345.8195,0.966391,76,31,0.607,1.504,0.092021,0.096008,peer,0.0835,20,peer=1.00;history=0.00 (leg not built),0.9970,
SYK,2026-08-06,2028-01-21,533,352.3876,0.942385,82,39,0.454,1.476,0.143495,0.162249,direct+peer,0.1403,20,direct=0.44;peer=0.56;history=0.00 (leg not built),0.9961,
SYK,2026-08-07,2027-01-15,161,342.9396,0.983121,84,23,0.671,1.312,0.046978,0.047188,peer,0.0916,20,peer=1.00;history=0.00 (leg not built),0.9987,
SYK,2026-08-07,2027-03-19,224,344.9712,0.976383,82,26,0.696,1.420,0.068129,0.066618,direct+peer,0.1023,20,direct=0.44;peer=0.56;history=0.00 (leg not built),0.9983,
SYK,2026-08-07,2027-06-17,314,347.7349,0.966854,76,31,0.604,1.495,0.090821,0.092692,direct+peer,0.0867,20,direct=0.44;peer=0.56;history=0.00 (leg not built),0.9971,
SYK,2026-08-07,2028-01-21,532,353.8697,0.943217,82,34,0.480,1.469,0.140951,0.158356,direct+peer,0.1365,20,direct=0.44;peer=0.56;history=0.00 (leg not built),0.9969,
SYK,2026-08-10,2027-01-15,158,348.9525,0.983317,84,24,0.688,1.347,0.046323,0.046164,peer,0.1008,20,peer=1.00;history=0.00 (leg not built),0.9984,
SYK,2026-08-10,2027-03-19,221,351.1982,0.976485,82,26,0.683,1.395,0.064557,0.065746,peer,0.1077,20,peer=1.00;history=0.00 (leg not built),0.9983,
SYK,2026-08-10,2027-06-17,311,354.2920,0.966911,76,30,0.621,1.468,0.088824,0.090091,direct+peer,0.0989,20,direct=0.44;peer=0.56;history=0.00 (leg not built),0.9974,
SYK,2026-08-10,2028-01-21,529,360.2545,0.942976,82,33,0.486,1.443,0.137534,0.158708,peer,0.1539,20,peer=1.00;history=0.00 (leg not built),0.9924,
SYK,2026-08-11,2027-01-15,157,352.3488,0.983468,84,29,0.624,1.447,0.042726,0.042943,direct+peer,0.0424,20,direct=0.44;peer=0.56;history=0.00 (leg not built),0.9974,
SYK,2026-08-11,2027-03-19,220,354.6895,0.976648,82,27,0.677,1.410,0.063581,0.062931,direct+peer,0.0996,20,direct=0.44;peer=0.56;history=0.00 (leg not built),0.9982,
SYK,2026-08-11,2027-06-17,310,357.4666,0.967096,76,30,0.615,1.455,0.084516,0.085873,direct+peer,0.1005,20,direct=0.44;peer=0.56;history=0.00 (leg not built),0.9927,
SYK,2026-08-11,2028-01-21,528,363.4558,0.943336,82,37,0.481,1.431,0.133733,0.151485,direct+peer,0.1588,20,direct=0.44;peer=0.56;history=0.00 (leg not built),0.9972,
SYK,2026-08-12,2027-01-15,156,352.3486,0.983578,84,29,0.624,1.447,0.042721,0.043177,direct+peer,0.0490,20,direct=0.44;peer=0.56;history=0.00 (leg not built),0.9974,
SYK,2026-08-12,2027-03-19,219,354.6890,0.976754,82,27,0.677,1.410,0.063574,0.062542,direct+peer,0.0900,20,direct=0.44;peer=0.56;history=0.00 (leg not built),0.9982,
SYK,2026-08-12,2027-06-17,309,357.4669,0.967203,76,30,0.615,1.455,0.084506,0.085417,direct+peer,0.0934,20,direct=0.44;peer=0.56;history=0.00 (leg not built),0.9927,
SYK,2026-08-12,2028-01-21,527,363.4554,0.943447,82,37,0.481,1.431,0.133718,0.150352,direct+peer,0.1490,20,direct=0.44;peer=0.56;history=0.00 (leg not built),0.9972,
SYY,2026-08-06,2027-01-15,162,84.7558,0.982886,60,14,0.708,1.180,0.025511,0.025439,direct+peer,0.1222,20,direct=0.44;peer=0.56;history=0.00 (leg not built),0.9936,
SYY,2026-08-06,2027-02-19,197,84.8059,0.979077,48,15,0.707,1.297,0.040296,0.036874,peer,0.1197,20,peer=1.00;history=0.00 (leg not built),0.9927,
SYY,2026-08-06,2027-03-19,225,85.2561,0.976077,58,18,0.704,1.290,0.045509,0.042168,peer,0.1233,20,peer=1.00;history=0.00 (leg not built),0.9960,
SYY,2026-08-06,2027-06-17,315,85.4863,0.966391,50,17,0.585,1.287,0.058205,0.064528,peer,0.1547,20,peer=1.00;history=0.00 (leg not built),0.9895,
SYY,2026-08-06,2028-01-21,533,86.1311,0.942385,60,20,0.639,1.335,0.097901,0.110671,direct+peer,0.3463,20,direct=0.44;peer=0.56;history=0.00 (leg not built),0.9718,
SYY,2026-08-07,2027-01-15,161,84.5626,0.983121,60,13,0.769,1.242,0.031027,0.027026,direct+peer,0.1349,20,direct=0.44;peer=0.56;history=0.00 (leg not built),0.9884,
SYY,2026-08-07,2027-02-19,196,84.8111,0.979343,48,14,0.766,1.238,0.040245,0.033390,peer,0.1257,20,peer=1.00;history=0.00 (leg not built),0.9957,
SYY,2026-08-07,2027-03-19,224,84.7542,0.976383,58,19,0.649,1.298,0.040903,0.038164,peer,0.0594,20,peer=1.00;history=0.00 (leg not built),0.9868,
SYY,2026-08-07,2027-06-17,314,85.3413,0.966854,50,18,0.527,1.289,0.055633,0.056103,direct+peer,0.0914,20,direct=0.44;peer=0.56;history=0.00 (leg not built),0.9895,
SYY,2026-08-07,2028-01-21,532,86.3889,0.943217,60,18,0.637,1.331,0.100241,0.093734,peer,0.1305,20,peer=1.00;history=0.00 (leg not built),0.9909,
SYY,2026-08-10,2027-01-15,158,84.5881,0.983317,60,9,0.798,1.094,0.025086,0.022575,direct+peer,0.2831,20,direct=0.44;peer=0.56;history=0.00 (leg not built),0.9853,
SYY,2026-08-10,2027-02-19,193,84.6835,0.979464,48,10,0.649,1.122,0.031748,0.033612,peer,0.1971,20,peer=1.00;history=0.00 (leg not built),0.9975,
SYY,2026-08-10,2027-03-19,221,84.9488,0.976485,58,11,0.853,1.148,0.048357,0.040243,direct+peer,0.3175,20,direct=0.44;peer=0.56;history=0.00 (leg not built),0.9869,
SYY,2026-08-10,2027-06-17,311,85.5378,0.966911,50,15,0.585,1.169,0.053722,0.063249,direct+peer,0.2334,20,direct=0.44;peer=0.56;history=0.00 (leg not built),0.9907,
SYY,2026-08-10,2028-01-21,529,85.9438,0.942976,60,18,0.640,1.338,0.103246,0.098862,peer,0.1427,20,peer=1.00;history=0.00 (leg not built),0.9916,
SYY,2026-08-11,2027-01-15,157,84.7204,0.983468,60,18,0.649,1.239,0.024074,0.024389,direct+peer,0.0791,20,direct=0.44;peer=0.56;history=0.00 (leg not built),0.9975,
SYY,2026-08-11,2027-02-19,192,84.6325,0.979620,48,14,0.768,1.241,0.036672,0.031165,peer,0.1203,20,peer=1.00;history=0.00 (leg not built),0.9933,
SYY,2026-08-11,2027-03-19,220,85.2969,0.976648,58,17,0.703,1.231,0.039951,0.037944,peer,0.1365,20,peer=1.00;history=0.00 (leg not built),0.9913,
SYY,2026-08-11,2027-06-17,310,86.0650,0.967096,50,18,0.581,1.278,0.051764,0.055821,direct+peer,0.1622,20,direct=0.44;peer=0.56;history=0.00 (leg not built),0.9904,
SYY,2026-08-11,2028-01-21,528,86.1431,0.943336,60,21,0.638,1.393,0.102676,0.100927,direct+peer,0.1944,20,direct=0.44;peer=0.56;history=0.00 (leg not built),0.9933,
SYY,2026-08-12,2027-01-15,156,85.0610,0.983578,60,13,0.794,1.176,0.028622,0.025186,direct+peer,0.1683,20,direct=0.44;peer=0.56;history=0.00 (leg not built),0.9888,
SYY,2026-08-12,2027-02-19,191,84.8469,0.979726,48,9,0.884,1.179,0.052176,0.034354,peer,0.3062,20,peer=1.00;history=0.00 (leg not built),0.9958,
SYY,2026-08-12,2027-03-19,219,85.3583,0.976754,58,12,0.761,1.172,0.040846,0.038660,peer,0.1848,20,peer=1.00;history=0.00 (leg not built),0.9929,
SYY,2026-08-12,2027-06-17,309,85.4756,0.967203,50,13,0.585,1.170,0.053050,0.060000,peer,0.1902,20,peer=1.00;history=0.00 (leg not built),0.9880,
SYY,2026-08-12,2028-01-21,527,86.3341,0.943447,60,19,0.637,1.332,0.092621,0.096595,peer,0.1622,20,peer=1.00;history=0.00 (leg not built),0.9898,
T,2026-08-06,2027-01-15,162,23.6320,0.982886,48,22,0.508,1.693,0.041336,0.041179,direct+peer,0.0228,20,direct=0.44;peer=0.56;history=0.00 (leg not built),0.9957,
T,2026-08-06,2027-03-19,225,23.6209,0.976077,44,15,0.720,1.482,0.059172,0.055726,direct+peer,0.0884,20,direct=0.44;peer=0.56;history=0.00 (leg not built),0.9932,
T,2026-08-06,2027-06-17,315,23.6371,0.966391,22,11,0.550,1.692,0.081362,0.086005,direct+peer,0.0966,20,direct=0.44;peer=0.56;history=0.00 (leg not built),0.9947,
T,2026-08-06,2027-10-15,435,23.5862,0.953280,20,10,0.551,1.484,0.107247,0.117628,peer,0.1187,20,peer=1.00;history=0.00 (leg not built),0.9947,
T,2026-08-06,2028-01-21,533,23.7844,0.942385,24,12,0.547,1.682,0.135546,0.140399,direct+peer,0.1141,20,direct=0.44;peer=0.56;history=0.00 (leg not built),0.9827,
T,2026-08-07,2027-01-15,161,23.7440,0.983121,48,18,0.505,1.685,0.039088,0.038078,direct+peer,0.0345,20,direct=0.44;peer=0.56;history=0.00 (leg not built),0.9949,
T,2026-08-07,2027-03-19,224,23.9368,0.976383,44,15,0.752,1.671,0.064439,0.055074,direct+peer,0.0765,20,direct=0.44;peer=0.56;history=0.00 (leg not built),0.9879,
T,2026-08-07,2027-06-17,314,23.7789,0.966854,22,10,0.631,1.682,0.082898,0.080003,peer,0.0583,20,peer=1.00;history=0.00 (leg not built),0.9921,
T,2026-08-07,2027-10-15,434,23.9014,0.953955,20,10,0.544,1.464,0.101115,0.109192,direct+peer,0.1338,20,direct=0.44;peer=0.56;history=0.00 (leg not built),0.9767,
T,2026-08-07,2028-01-21,532,23.8382,0.943217,24,12,0.545,1.678,0.135664,0.139632,direct+peer,0.1085,20,direct=0.44;peer=0.56;history=0.00 (leg not built),0.9966,
T,2026-08-10,2027-01-15,158,24.0627,0.983317,48,23,0.499,1.662,0.037367,0.037194,direct+peer,0.0369,20,direct=0.44;peer=0.56;history=0.00 (leg not built),0.9961,
T,2026-08-10,2027-03-19,221,24.0922,0.976485,44,19,0.498,1.660,0.053751,0.053263,direct+peer,0.0234,20,direct=0.44;peer=0.56;history=0.00 (leg not built),0.9916,
T,2026-08-10,2027-06-17,311,24.0823,0.966911,22,11,0.540,1.661,0.077046,0.077944,direct+peer,0.0455,20,direct=0.44;peer=0.56;history=0.00 (leg not built),0.9980,
T,2026-08-10,2027-10-15,431,23.9870,0.953899,20,10,0.542,1.459,0.101913,0.111522,direct+peer,0.1434,20,direct=0.44;peer=0.56;history=0.00 (leg not built),0.9960,
T,2026-08-10,2028-01-21,529,23.9908,0.942976,24,12,0.542,1.667,0.132348,0.135943,direct+peer,0.0841,20,direct=0.44;peer=0.56;history=0.00 (leg not built),0.9939,
T,2026-08-11,2027-01-15,157,24.4813,0.983468,48,20,0.490,1.634,0.036086,0.035298,peer,0.0119,20,peer=1.00;history=0.00 (leg not built),0.9996,
T,2026-08-11,2027-03-19,220,24.5887,0.976648,44,15,0.488,1.220,0.044726,0.050784,direct+peer,0.1615,20,direct=0.44;peer=0.56;history=0.00 (leg not built),0.9903,
T,2026-08-11,2027-06-17,310,24.5908,0.967096,22,9,0.732,1.627,0.078034,0.070964,direct+peer,0.0898,20,direct=0.44;peer=0.56;history=0.00 (leg not built),0.9926,
T,2026-08-11,2027-10-15,430,24.8116,0.954156,20,10,0.524,1.411,0.098154,0.101982,direct+peer,0.1024,20,direct=0.44;peer=0.56;history=0.00 (leg not built),0.9727,
T,2026-08-11,2028-01-21,528,24.4841,0.943336,24,12,0.531,1.634,0.126144,0.131291,direct+peer,0.1278,20,direct=0.44;peer=0.56;history=0.00 (leg not built),0.9962,
T,2026-08-12,2027-01-15,156,24.2305,0.983578,48,22,0.495,1.651,0.037543,0.037286,direct+peer,0.0256,20,direct=0.44;peer=0.56;history=0.00 (leg not built),0.9946,
T,2026-08-12,2027-03-19,219,24.3361,0.976754,44,18,0.493,1.315,0.048480,0.050520,direct+peer,0.0609,20,direct=0.44;peer=0.56;history=0.00 (leg not built),0.9884,
T,2026-08-12,2027-06-17,309,24.2772,0.967203,22,9,0.741,1.648,0.081071,0.073769,direct+peer,0.0921,20,direct=0.44;peer=0.56;history=0.00 (leg not built),0.9928,
T,2026-08-12,2027-10-15,429,24.2981,0.954266,20,10,0.535,1.440,0.096442,0.104210,direct+peer,0.1306,20,direct=0.44;peer=0.56;history=0.00 (leg not built),0.9963,
T,2026-08-12,2028-01-21,527,24.2086,0.943447,24,12,0.537,1.652,0.127850,0.129623,direct+peer,0.0722,20,direct=0.44;peer=0.56;history=0.00 (leg not built),0.9958,
TGT,2026-08-06,2027-01-15,162,147.3553,0.982886,70,29,0.509,1.561,0.061633,0.063261,direct+peer,0.0502,20,direct=0.44;peer=0.56;history=0.00 (leg not built),0.9983,
TGT,2026-08-06,2027-03-19,225,147.5463,0.976077,62,30,0.407,1.491,0.085259,0.090466,direct+peer,0.0728,20,direct=0.44;peer=0.56;history=0.00 (leg not built),0.9982,
TGT,2026-08-06,2027-06-17,315,148.1943,0.966391,68,34,0.304,1.485,0.116041,0.127793,direct+peer,0.1027,20,direct=0.44;peer=0.56;history=0.00 (leg not built),0.9981,
TGT,2026-08-06,2027-09-17,407,148.8969,0.956369,68,32,0.302,1.478,0.146008,0.168415,direct+peer,0.1470,20,direct=0.44;peer=0.56;history=0.00 (leg not built),0.9976,
TGT,2026-08-06,2027-12-17,498,149.4875,0.946290,68,34,0.301,1.472,0.172468,0.209942,direct+peer,0.2032,20,direct=0.44;peer=0.56;history=0.00 (leg not built),0.9956,
TGT,2026-08-06,2028-01-21,533,149.8196,0.942385,68,34,0.300,1.468,0.181696,0.223470,direct+peer,0.1973,20,direct=0.44;peer=0.56;history=0.00 (leg not built),0.9960,
TGT,2026-08-07,2027-01-15,161,149.5830,0.983121,70,29,0.501,1.538,0.060587,0.061582,direct+peer,0.0384,20,direct=0.44;peer=0.56;history=0.00 (leg not built),0.9987,
TGT,2026-08-07,2027-03-19,224,149.7644,0.976383,62,29,0.467,1.469,0.083308,0.087481,direct+peer,0.0652,20,direct=0.44;peer=0.56;history=0.00 (leg not built),0.9989,
TGT,2026-08-07,2027-06-17,314,150.0465,0.966854,68,30,0.433,1.466,0.113842,0.126610,direct+peer,0.1222,20,direct=0.44;peer=0.56;history=0.00 (leg not built),0.9966,
TGT,2026-08-07,2027-09-17,406,150.5120,0.957002,68,33,0.299,1.462,0.142878,0.164840,direct+peer,0.1488,20,direct=0.44;peer=0.56;history=0.00 (leg not built),0.9951,
TGT,2026-08-07,2027-12-17,497,151.0137,0.947065,68,34,0.298,1.457,0.169441,0.202868,direct+peer,0.1658,20,direct=0.44;peer=0.56;history=0.00 (leg not built),0.9949,
TGT,2026-08-07,2028-01-21,532,151.3942,0.943217,68,33,0.330,1.453,0.177441,0.217483,direct+peer,0.2043,20,direct=0.44;peer=0.56;history=0.00 (leg not built),0.9972,
TGT,2026-08-10,2027-01-15,158,152.5542,0.983317,70,28,0.492,1.508,0.059859,0.061597,direct+peer,0.0436,20,direct=0.44;peer=0.56;history=0.00 (leg not built),0.9975,
TGT,2026-08-10,2027-03-19,221,152.8289,0.976485,62,29,0.458,1.440,0.082062,0.087644,direct+peer,0.0848,20,direct=0.44;peer=0.56;history=0.00 (leg not built),0.9980,
TGT,2026-08-10,2027-06-17,311,153.3452,0.966911,68,27,0.489,1.435,0.112963,0.125576,direct+peer,0.1283,20,direct=0.44;peer=0.56;history=0.00 (leg not built),0.9980,
TGT,2026-08-10,2027-09-17,403,153.7983,0.956992,68,34,0.293,1.430,0.140826,0.163901,direct+peer,0.1552,20,direct=0.44;peer=0.56;history=0.00 (leg not built),0.9965,
TGT,2026-08-10,2027-12-17,494,154.3188,0.946894,68,34,0.292,1.426,0.165080,0.202727,direct+peer,0.1961,20,direct=0.44;peer=0.56;history=0.00 (leg not built),0.9953,
TGT,2026-08-10,2028-01-21,529,154.4539,0.942976,68,34,0.291,1.424,0.173296,0.214870,direct+peer,0.2052,20,direct=0.44;peer=0.56;history=0.00 (leg not built),0.9950,
TGT,2026-08-11,2027-01-15,157,152.3743,0.983468,70,25,0.623,1.509,0.059485,0.059482,peer,0.0446,20,peer=1.00;history=0.00 (leg not built),0.9976,
TGT,2026-08-11,2027-03-19,220,152.5137,0.976648,62,26,0.557,1.442,0.084059,0.087484,peer,0.0917,20,peer=1.00;history=0.00 (leg not built),0.9990,
TGT,2026-08-11,2027-06-17,310,153.0405,0.967096,68,29,0.457,1.438,0.112272,0.126012,direct+peer,0.1281,20,direct=0.44;peer=0.56;history=0.00 (leg not built),0.9963,
TGT,2026-08-11,2027-09-17,402,153.8352,0.957224,68,27,0.520,1.430,0.141395,0.164158,direct+peer,0.1809,20,direct=0.44;peer=0.56;history=0.00 (leg not built),0.9972,
TGT,2026-08-11,2027-12-17,493,154.4352,0.947215,68,28,0.486,1.425,0.165965,0.202718,direct+peer,0.2172,20,direct=0.44;peer=0.56;history=0.00 (leg not built),0.9968,
TGT,2026-08-11,2028-01-21,528,154.8675,0.943336,68,31,0.291,1.421,0.171014,0.216783,direct+peer,0.2131,20,direct=0.44;peer=0.56;history=0.00 (leg not built),0.9986,
TGT,2026-08-12,2027-01-15,156,155.1220,0.983578,70,27,0.355,1.483,0.057491,0.058967,direct+peer,0.0356,20,direct=0.44;peer=0.56;history=0.00 (leg not built),0.9974,
TGT,2026-08-12,2027-03-19,219,155.3942,0.976754,62,27,0.483,1.416,0.080294,0.087147,direct+peer,0.0965,20,direct=0.44;peer=0.56;history=0.00 (leg not built),0.9979,
TGT,2026-08-12,2027-06-17,309,156.1476,0.967203,68,30,0.352,1.409,0.110900,0.125745,direct+peer,0.1329,20,direct=0.44;peer=0.56;history=0.00 (leg not built),0.9981,
TGT,2026-08-12,2027-09-17,401,156.3893,0.957333,68,31,0.384,1.407,0.137556,0.161323,direct+peer,0.1798,20,direct=0.44;peer=0.56;history=0.00 (leg not built),0.9958,
TGT,2026-08-12,2027-12-17,492,156.7154,0.947326,68,32,0.287,1.404,0.162874,0.202125,direct+peer,0.2173,20,direct=0.44;peer=0.56;history=0.00 (leg not built),0.9970,
TGT,2026-08-12,2028-01-21,527,157.2047,0.943447,68,33,0.286,1.399,0.168844,0.212674,direct+peer,0.2200,20,direct=0.44;peer=0.56;history=0.00 (leg not built),0.9943,
TJX,2026-08-06,2027-01-15,162,163.1788,0.982886,66,21,0.613,1.226,0.031494,0.033116,direct+peer,0.0926,20,direct=0.44;peer=0.56;history=0.00 (leg not built),0.9955,
TJX,2026-08-06,2027-03-19,225,163.8321,0.976077,58,22,0.549,1.343,0.045804,0.047108,direct+peer,0.0857,20,direct=0.44;peer=0.56;history=0.00 (leg not built),0.9932,
TJX,2026-08-06,2027-06-17,315,165.2173,0.966391,58,24,0.514,1.332,0.062648,0.065875,direct+peer,0.0992,20,direct=0.44;peer=0.56;history=0.00 (leg not built),0.9896,
TJX,2026-08-06,2028-01-21,533,168.3765,0.942385,62,24,0.624,1.425,0.101199,0.104656,peer,0.1369,20,peer=1.00;history=0.00 (leg not built),0.9908,
TJX,2026-08-07,2027-01-15,161,162.9860,0.983121,66,22,0.614,1.350,0.031135,0.031147,direct+peer,0.0417,20,direct=0.44;peer=0.56;history=0.00 (leg not built),0.9937,
TJX,2026-08-07,2027-03-19,224,163.7402,0.976383,58,26,0.489,1.405,0.044117,0.044228,direct+peer,0.0287,20,direct=0.44;peer=0.56;history=0.00 (leg not built),0.9927,
TJX,2026-08-07,2027-06-17,314,165.0103,0.966854,58,23,0.515,1.454,0.060838,0.061105,peer,0.0518,20,peer=1.00;history=0.00 (leg not built),0.9914,
TJX,2026-08-07,2028-01-21,532,167.5191,0.943217,62,24,0.627,1.433,0.100201,0.101200,peer,0.1070,20,peer=1.00;history=0.00 (leg not built),0.9949,
TJX,2026-08-10,2027-01-15,158,160.2542,0.983317,66,26,0.562,1.498,0.031105,0.030743,direct+peer,0.0301,20,direct=0.44;peer=0.56;history=0.00 (leg not built),0.9940,
TJX,2026-08-10,2027-03-19,221,161.3415,0.976485,58,28,0.496,1.426,0.043334,0.043475,direct+peer,0.0385,20,direct=0.44;peer=0.56;history=0.00 (leg not built),0.9958,
TJX,2026-08-10,2027-06-17,311,162.0732,0.966911,58,28,0.494,1.481,0.061869,0.061592,direct+peer,0.0305,20,direct=0.44;peer=0.56;history=0.00 (leg not built),0.9929,
TJX,2026-08-10,2028-01-21,529,164.9576,0.942976,62,29,0.424,1.455,0.096368,0.109717,direct+peer,0.2014,20,direct=0.44;peer=0.56;history=0.00 (leg not built),0.9947,
TJX,2026-08-11,2027-01-15,157,157.9460,0.983468,66,24,0.601,1.393,0.029866,0.029828,direct+peer,0.0380,20,direct=0.44;peer=0.56;history=0.00 (leg not built),0.9953,
TJX,2026-08-11,2027-03-19,220,159.1092,0.976648,58,28,0.503,1.446,0.044015,0.044437,direct+peer,0.0439,20,direct=0.44;peer=0.56;history=0.00 (leg not built),0.9914,
TJX,2026-08-11,2027-06-17,310,159.8759,0.967096,58,29,0.500,1.501,0.060914,0.061723,direct+peer,0.0492,20,direct=0.44;peer=0.56;history=0.00 (leg not built),0.9963,
TJX,2026-08-11,2028-01-21,528,162.4452,0.943336,62,29,0.431,1.477,0.096442,0.100751,direct+peer,0.0591,20,direct=0.44;peer=0.56;history=0.00 (leg not built),0.9893,
TJX,2026-08-12,2027-01-15,156,154.2985,0.983578,66,24,0.551,1.296,0.029396,0.030095,direct+peer,0.0488,20,direct=0.44;peer=0.56;history=0.00 (leg not built),0.9969,
TJX,2026-08-12,2027-03-19,219,155.4607,0.976754,58,27,0.515,1.415,0.044083,0.044411,direct+peer,0.0362,20,direct=0.44;peer=0.56;history=0.00 (leg not built),0.9915,
TJX,2026-08-12,2027-06-17,309,156.7473,0.967203,58,28,0.510,1.467,0.060554,0.061387,direct+peer,0.0422,20,direct=0.44;peer=0.56;history=0.00 (leg not built),0.9924,
TJX,2026-08-12,2028-01-21,527,159.2792,0.943447,62,26,0.534,1.507,0.102255,0.102592,peer,0.0730,20,peer=1.00;history=0.00 (leg not built),0.9895,
TMO,2026-08-06,2027-01-15,162,587.7673,0.982886,134,48,0.561,1.497,0.048505,0.049000,direct+peer,0.0342,20,direct=0.44;peer=0.56;history=0.00 (leg not built),0.9976,
TMO,2026-08-06,2027-03-19,225,591.4798,0.976077,112,41,0.592,1.420,0.067446,0.072714,direct+peer,0.1098,20,direct=0.44;peer=0.56;history=0.00 (leg not built),0.9960,
TMO,2026-08-06,2027-06-17,315,596.7347,0.966391,112,45,0.486,1.441,0.093068,0.102990,direct+peer,0.1293,20,direct=0.44;peer=0.56;history=0.00 (leg not built),0.9938,
TMO,2026-08-06,2028-01-21,533,610.8017,0.942385,124,52,0.524,1.572,0.160559,0.178493,direct+peer,0.1375,20,direct=0.44;peer=0.56;history=0.00 (leg not built),0.9929,
TMO,2026-08-07,2027-01-15,161,600.4690,0.983121,134,46,0.583,1.466,0.047035,0.047125,direct+peer,0.0380,20,direct=0.44;peer=0.56;history=0.00 (leg not built),0.9976,
TMO,2026-08-07,2027-03-19,224,604.7539,0.976383,112,43,0.595,1.422,0.067061,0.068883,peer,0.0721,20,peer=1.00;history=0.00 (leg not built),0.9968,
TMO,2026-08-07,2027-06-17,314,610.9423,0.966854,112,45,0.442,1.408,0.089777,0.099010,direct+peer,0.1104,20,direct=0.44;peer=0.56;history=0.00 (leg not built),0.9952,
TMO,2026-08-07,2028-01-21,532,625.5189,0.943217,124,53,0.448,1.535,0.154157,0.172534,direct+peer,0.1295,20,direct=0.44;peer=0.56;history=0.00 (leg not built),0.9940,
TMO,2026-08-10,2027-01-15,158,608.4407,0.983317,134,53,0.542,1.545,0.044941,0.045245,direct+peer,0.0263,20,direct=0.44;peer=0.56;history=0.00 (leg not built),0.9958,
TMO,2026-08-10,2027-03-19,221,611.8263,0.976485,112,44,0.556,1.406,0.063337,0.067219,direct+peer,0.0946,20,direct=0.44;peer=0.56;history=0.00 (leg not built),0.9965,
TMO,2026-08-10,2027-06-17,311,616.9261,0.966911,112,45,0.535,1.394,0.087146,0.097170,direct+peer,0.1286,20,direct=0.44;peer=0.56;history=0.00 (leg not built),0.9934,
TMO,2026-08-10,2028-01-21,529,630.6245,0.942976,124,56,0.365,1.522,0.150340,0.173642,direct+peer,0.1405,20,direct=0.44;peer=0.56;history=0.00 (leg not built),0.9950,
TMO,2026-08-11,2027-01-15,157,614.0277,0.983468,134,46,0.586,1.563,0.044398,0.044389,direct+peer,0.0279,20,direct=0.44;peer=0.56;history=0.00 (leg not built),0.9959,
TMO,2026-08-11,2027-03-19,220,618.0261,0.976648,114,40,0.582,1.424,0.063315,0.067055,direct+peer,0.0937,20,direct=0.44;peer=0.56;history=0.00 (leg not built),0.9945,
TMO,2026-08-11,2027-06-17,310,624.2210,0.967096,114,45,0.577,1.410,0.087274,0.092440,direct+peer,0.1281,20,direct=0.44;peer=0.56;history=0.00 (leg not built),0.9931,
TMO,2026-08-11,2028-01-21,528,637.1496,0.943336,124,54,0.455,1.507,0.148044,0.168654,direct+peer,0.1407,20,direct=0.44;peer=0.56;history=0.00 (leg not built),0.9934,
TMO,2026-08-12,2027-01-15,156,612.5417,0.983578,134,44,0.571,1.437,0.042161,0.042761,direct+peer,0.0387,20,direct=0.44;peer=0.56;history=0.00 (leg not built),0.9947,
TMO,2026-08-12,2027-03-19,219,616.6272,0.976754,114,42,0.600,1.427,0.061761,0.063895,direct+peer,0.0795,20,direct=0.44;peer=0.56;history=0.00 (leg not built),0.9962,
TMO,2026-08-12,2027-06-17,309,621.1545,0.967203,114,46,0.499,1.417,0.085060,0.091115,direct+peer,0.0909,20,direct=0.44;peer=0.56;history=0.00 (leg not built),0.9935,
TMO,2026-08-12,2028-01-21,527,635.6177,0.943447,124,54,0.488,1.510,0.146696,0.165001,direct+peer,0.1350,20,direct=0.44;peer=0.56;history=0.00 (leg not built),0.9950,
TSLA,2026-08-06,2027-01-15,162,325.6048,0.982886,248,121,0.015,3.040,0.121757,0.116939,peer,0.0018,20,peer=1.00;history=0.00 (leg not built),0.9986,
TSLA,2026-08-06,2027-02-19,197,327.0796,0.979077,216,108,0.153,2.354,0.147479,0.153067,direct+peer,0.1022,20,direct=0.44;peer=0.56;history=0.00 (leg not built),0.9986,
TSLA,2026-08-06,2027-03-19,225,328.1018,0.976077,244,122,0.152,2.743,0.175062,0.185863,direct+peer,0.1559,20,direct=0.44;peer=0.56;history=0.00 (leg not built),0.9985,
TSLA,2026-08-06,2027-06-17,315,331.6143,0.966391,250,121,0.015,2.985,0.259453,0.277228,direct+peer,0.1626,20,direct=0.44;peer=0.56;history=0.00 (leg not built),0.9984,
TSLA,2026-08-06,2027-09-17,407,335.0908,0.956369,178,89,0.298,2.626,0.330361,0.376677,direct+peer,0.1941,20,direct=0.44;peer=0.56;history=0.00 (leg not built),0.9978,
TSLA,2026-08-06,2027-12-17,498,338.4624,0.946290,238,116,0.015,2.925,0.426476,0.543234,direct+peer,0.3420,20,direct=0.44;peer=0.56;history=0.00 (leg not built),0.9972,
TSLA,2026-08-06,2028-01-21,533,339.7559,0.942385,218,104,0.015,2.914,0.453774,0.555562,direct+peer,0.2831,20,direct=0.44;peer=0.56;history=0.00 (leg not built),0.9965,
TSLA,2026-08-07,2027-01-15,161,334.7349,0.983121,248,120,0.015,2.958,0.117823,0.123100,direct+peer,0.1313,20,direct=0.44;peer=0.56;history=0.00 (leg not built),0.9987,
TSLA,2026-08-07,2027-02-19,196,336.1005,0.979343,216,108,0.149,2.291,0.143016,0.147619,direct+peer,0.0867,20,direct=0.44;peer=0.56;history=0.00 (leg not built),0.9988,
TSLA,2026-08-07,2027-03-19,224,337.1906,0.976383,244,122,0.148,2.669,0.170518,0.176036,direct+peer,0.1048,20,direct=0.44;peer=0.56;history=0.00 (leg not built),0.9988,
TSLA,2026-08-07,2027-06-17,314,340.6826,0.966854,250,120,0.015,2.906,0.254507,0.271761,direct+peer,0.1401,20,direct=0.44;peer=0.56;history=0.00 (leg not built),0.9986,
TSLA,2026-08-07,2027-09-17,406,344.1745,0.957002,178,89,0.291,2.557,0.323895,0.367807,direct+peer,0.1915,20,direct=0.44;peer=0.56;history=0.00 (leg not built),0.9980,
TSLA,2026-08-07,2027-12-17,497,347.5239,0.947065,238,114,0.014,2.849,0.419234,0.492926,direct+peer,0.2316,20,direct=0.44;peer=0.56;history=0.00 (leg not built),0.9971,
TSLA,2026-08-07,2028-01-21,532,349.0988,0.943217,218,101,0.014,2.836,0.445219,0.515683,direct+peer,0.1811,20,direct=0.44;peer=0.56;history=0.00 (leg not built),0.9979,
TSLA,2026-08-10,2027-01-15,158,337.0152,0.983317,248,118,0.015,2.938,0.113523,0.112154,peer,0.0050,20,peer=1.00;history=0.00 (leg not built),0.9986,
TSLA,2026-08-10,2027-02-19,193,338.4317,0.979464,216,108,0.148,2.275,0.138420,0.144840,direct+peer,0.0897,20,direct=0.44;peer=0.56;history=0.00 (leg not built),0.9984,
TSLA,2026-08-10,2027-03-19,221,339.5562,0.976485,244,122,0.147,2.651,0.165041,0.170715,direct+peer,0.1031,20,direct=0.44;peer=0.56;history=0.00 (leg not built),0.9983,
TSLA,2026-08-10,2027-06-17,311,343.2268,0.966911,250,120,0.015,2.884,0.246709,0.263022,direct+peer,0.1467,20,direct=0.44;peer=0.56;history=0.00 (leg not built),0.9987,
TSLA,2026-08-10,2027-09-17,403,346.6875,0.956992,178,89,0.288,2.538,0.316287,0.355487,direct+peer,0.1750,20,direct=0.44;peer=0.56;history=0.00 (leg not built),0.9972,
TSLA,2026-08-10,2027-12-17,494,350.2112,0.946894,238,115,0.014,2.827,0.409880,0.468246,direct+peer,0.1966,20,direct=0.44;peer=0.56;history=0.00 (leg not built),0.9969,
TSLA,2026-08-10,2028-01-21,529,351.6862,0.942976,218,103,0.014,2.815,0.436233,0.504128,direct+peer,0.2070,20,direct=0.44;peer=0.56;history=0.00 (leg not built),0.9970,
TSLA,2026-08-11,2027-01-15,157,338.8358,0.983468,248,117,0.015,2.922,0.108474,0.115233,direct+peer,0.1543,20,direct=0.44;peer=0.56;history=0.00 (leg not built),0.9987,
TSLA,2026-08-11,2027-02-19,192,340.1389,0.979620,216,108,0.147,2.264,0.132946,0.137609,direct+peer,0.0898,20,direct=0.44;peer=0.56;history=0.00 (leg not built),0.9986,
TSLA,2026-08-11,2027-03-19,220,341.2458,0.976648,244,122,0.147,2.637,0.159204,0.166756,direct+peer,0.1218,20,direct=0.44;peer=0.56;history=0.00 (leg not built),0.9982,
TSLA,2026-08-11,2027-06-17,310,344.9219,0.967096,250,120,0.014,2.870,0.239533,0.261506,direct+peer,0.1664,20,direct=0.44;peer=0.56;history=0.00 (leg not built),0.9976,
TSLA,2026-08-11,2027-09-17,402,348.2919,0.957224,178,89,0.287,2.527,0.308475,0.351026,direct+peer,0.1786,20,direct=0.44;peer=0.56;history=0.00 (leg not built),0.9967,
TSLA,2026-08-11,2027-12-17,493,351.8898,0.947215,238,115,0.014,2.813,0.399239,0.474231,direct+peer,0.2277,20,direct=0.44;peer=0.56;history=0.00 (leg not built),0.9971,
TSLA,2026-08-11,2028-01-21,528,353.4028,0.943336,218,104,0.014,2.801,0.425588,0.501093,direct+peer,0.2047,20,direct=0.44;peer=0.56;history=0.00 (leg not built),0.9979,
TSLA,2026-08-12,2027-01-15,156,333.6296,0.983578,248,120,0.015,2.967,0.102784,0.098943,peer,0.0008,20,peer=1.00;history=0.00 (leg not built),0.9991,
TSLA,2026-08-12,2027-02-19,191,334.9206,0.979726,216,108,0.149,2.299,0.127963,0.130049,direct+peer,0.0620,20,direct=0.44;peer=0.56;history=0.00 (leg not built),0.9988,
TSLA,2026-08-12,2027-03-19,219,335.9868,0.976754,244,122,0.149,2.679,0.152972,0.155188,direct+peer,0.0742,20,direct=0.44;peer=0.56;history=0.00 (leg not built),0.9988,
TSLA,2026-08-12,2027-06-17,309,339.5141,0.967203,250,120,0.015,2.916,0.231493,0.242054,direct+peer,0.1080,20,direct=0.44;peer=0.56;history=0.00 (leg not built),0.9972,
TSLA,2026-08-12,2027-09-17,401,343.0449,0.957333,178,89,0.292,2.565,0.299252,0.330900,direct+peer,0.1495,20,direct=0.44;peer=0.56;history=0.00 (leg not built),0.9972,
TSLA,2026-08-12,2027-12-17,492,346.2526,0.947326,238,115,0.014,2.859,0.389376,0.438964,direct+peer,0.1678,20,direct=0.44;peer=0.56;history=0.00 (leg not built),0.9972,
TSLA,2026-08-12,2028-01-21,527,347.6257,0.943447,218,104,0.014,2.848,0.415353,0.471322,direct+peer,0.1757,20,direct=0.44;peer=0.56;history=0.00 (leg not built),0.9955,
TXN,2026-08-06,2027-01-15,162,283.1105,0.982886,156,67,0.406,1.748,0.116819,0.121827,direct+peer,0.0488,20,direct=0.44;peer=0.56;history=0.00 (leg not built),0.9987,
TXN,2026-08-06,2027-03-19,225,283.8078,0.976077,108,47,0.476,1.744,0.158590,0.172962,direct+peer,0.1049,20,direct=0.44;peer=0.56;history=0.00 (leg not built),0.9996,
TXN,2026-08-06,2027-06-17,315,285.5608,0.966391,108,51,0.368,1.733,0.211724,0.245857,peer,0.1430,20,peer=1.00;history=0.00 (leg not built),0.9951,
TXN,2026-08-06,2028-01-21,533,289.7559,0.942385,116,57,0.276,1.708,0.330197,0.445912,peer,0.2618,20,peer=1.00;history=0.00 (leg not built),0.9974,
TXN,2026-08-07,2027-01-15,161,289.1608,0.983121,156,65,0.432,1.712,0.110325,0.117934,direct+peer,0.0755,20,direct=0.44;peer=0.56;history=0.00 (leg not built),0.9979,
TXN,2026-08-07,2027-03-19,224,289.8669,0.976383,108,50,0.345,1.708,0.151335,0.170816,direct+peer,0.1172,20,direct=0.44;peer=0.56;history=0.00 (leg not built),0.9981,
TXN,2026-08-07,2027-06-17,314,291.1894,0.966854,108,54,0.343,1.700,0.207407,0.246137,direct+peer,0.1659,20,direct=0.44;peer=0.56;history=0.00 (leg not built),0.9976,
TXN,2026-08-07,2028-01-21,532,295.6002,0.943217,116,57,0.271,1.675,0.323334,0.462354,direct+peer,0.3210,20,direct=0.44;peer=0.56;history=0.00 (leg not built),0.9958,
TXN,2026-08-10,2027-01-15,158,284.6077,0.983317,156,67,0.439,1.739,0.106118,0.111762,direct+peer,0.0707,20,direct=0.44;peer=0.56;history=0.00 (leg not built),0.9981,
TXN,2026-08-10,2027-03-19,221,285.5657,0.976485,108,51,0.403,1.733,0.147571,0.163047,direct+peer,0.1081,20,direct=0.44;peer=0.56;history=0.00 (leg not built),0.9979,
TXN,2026-08-10,2027-06-17,311,287.1300,0.966911,108,52,0.366,1.724,0.202343,0.239614,direct+peer,0.1965,20,direct=0.44;peer=0.56;history=0.00 (leg not built),0.9975,
TXN,2026-08-10,2028-01-21,529,291.1665,0.942976,116,58,0.275,1.700,0.318907,0.445060,direct+peer,0.3177,20,direct=0.44;peer=0.56;history=0.00 (leg not built),0.9945,
TXN,2026-08-11,2027-01-15,157,284.9310,0.983468,156,67,0.439,1.737,0.099952,0.111759,direct+peer,0.1544,20,direct=0.44;peer=0.56;history=0.00 (leg not built),0.9973,
TXN,2026-08-11,2027-03-19,220,285.4846,0.976648,108,48,0.385,1.734,0.140382,0.159536,direct+peer,0.1295,20,direct=0.44;peer=0.56;history=0.00 (leg not built),0.9976,
TXN,2026-08-11,2027-06-17,310,286.8669,0.967096,108,49,0.349,1.726,0.193927,0.228376,direct+peer,0.1566,20,direct=0.44;peer=0.56;history=0.00 (leg not built),0.9954,
TXN,2026-08-11,2028-01-21,528,291.3410,0.943336,116,54,0.292,1.699,0.309507,0.412959,peer,0.2505,20,peer=1.00;history=0.00 (leg not built),0.9941,
TXN,2026-08-12,2027-01-15,156,280.1017,0.983578,156,65,0.411,1.767,0.093155,0.096748,direct+peer,0.0484,20,direct=0.44;peer=0.56;history=0.00 (leg not built),0.9977,
TXN,2026-08-12,2027-03-19,219,281.0579,0.976754,108,51,0.391,1.761,0.134116,0.148119,direct+peer,0.1028,20,direct=0.44;peer=0.56;history=0.00 (leg not built),0.9994,
TXN,2026-08-12,2027-06-17,309,282.8777,0.967203,108,54,0.354,1.750,0.186135,0.214272,direct+peer,0.1586,20,direct=0.44;peer=0.56;history=0.00 (leg not built),0.9980,
TXN,2026-08-12,2028-01-21,527,286.1789,0.943447,116,58,0.280,1.730,0.300850,0.411546,direct+peer,0.3190,20,direct=0.44;peer=0.56;history=0.00 (leg not built),0.9958,
UBER,2026-08-06,2027-01-15,162,71.9455,0.982886,76,34,0.452,2.085,0.068576,0.069359,direct+peer,0.0179,20,direct=0.44;peer=0.56;history=0.00 (leg not built),0.9921,
UBER,2026-08-06,2027-03-19,225,72.2797,0.976077,50,24,0.519,1.591,0.097414,0.105173,direct+peer,0.1047,20,direct=0.44;peer=0.56;history=0.00 (leg not built),0.9895,
UBER,2026-08-06,2027-06-17,315,73.4623,0.966391,58,28,0.476,1.702,0.139344,0.151692,direct+peer,0.0974,20,direct=0.44;peer=0.56;history=0.00 (leg not built),0.9941,
UBER,2026-08-06,2027-09-17,407,73.9753,0.956369,48,22,0.473,1.487,0.164935,0.197671,peer,0.1907,20,peer=1.00;history=0.00 (leg not built),0.9915,
UBER,2026-08-06,2027-12-17,498,74.8521,0.946290,70,35,0.468,2.004,0.234173,0.250402,direct+peer,0.0930,20,direct=0.44;peer=0.56;history=0.00 (leg not built),0.9914,
UBER,2026-08-06,2028-01-21,533,75.1114,0.942385,70,35,0.466,1.997,0.251732,0.276208,direct+peer,0.1333,20,direct=0.44;peer=0.56;history=0.00 (leg not built),0.9924,
UBER,2026-08-07,2027-01-15,161,76.2460,0.983121,76,32,0.525,1.836,0.065969,0.066152,direct+peer,0.0307,20,direct=0.44;peer=0.56;history=0.00 (leg not built),0.9971,
UBER,2026-08-07,2027-03-19,224,76.7319,0.976383,50,23,0.521,1.499,0.091790,0.097182,direct+peer,0.0897,20,direct=0.44;peer=0.56;history=0.00 (leg not built),0.9952,
UBER,2026-08-07,2027-06-17,314,77.6707,0.966854,58,28,0.451,1.609,0.132296,0.144738,direct+peer,0.1080,20,direct=0.44;peer=0.56;history=0.00 (leg not built),0.9956,
UBER,2026-08-07,2027-09-17,406,78.6677,0.957002,48,23,0.445,1.398,0.150673,0.200283,direct+peer,0.3018,20,direct=0.44;peer=0.56;history=0.00 (leg not built),0.9811,
UBER,2026-08-07,2027-12-17,497,79.0867,0.947065,70,35,0.443,1.897,0.221993,0.240889,direct+peer,0.1096,20,direct=0.44;peer=0.56;history=0.00 (leg not built),0.9765,
UBER,2026-08-07,2028-01-21,532,79.7562,0.943217,70,35,0.439,1.881,0.236696,0.262469,direct+peer,0.1400,20,direct=0.44;peer=0.56;history=0.00 (leg not built),0.9789,
UBER,2026-08-10,2027-01-15,158,79.3644,0.983317,76,36,0.410,1.890,0.065240,0.065655,direct+peer,0.0228,20,direct=0.44;peer=0.56;history=0.00 (leg not built),0.9967,
UBER,2026-08-10,2027-03-19,221,79.8361,0.976485,50,24,0.470,1.440,0.088284,0.097373,direct+peer,0.1099,20,direct=0.44;peer=0.56;history=0.00 (leg not built),0.9973,
UBER,2026-08-10,2027-06-17,311,80.8584,0.966911,58,29,0.433,1.546,0.129403,0.143787,peer,0.1100,20,peer=1.00;history=0.00 (leg not built),0.9964,
UBER,2026-08-10,2027-09-17,403,81.6157,0.956992,48,24,0.429,1.348,0.145702,0.195187,direct+peer,0.2878,20,direct=0.44;peer=0.56;history=0.00 (leg not built),0.9932,
UBER,2026-08-10,2027-12-17,494,82.3205,0.946894,70,35,0.425,1.822,0.219840,0.246977,direct+peer,0.1417,20,direct=0.44;peer=0.56;history=0.00 (leg not built),0.9922,
UBER,2026-08-10,2028-01-21,529,82.7492,0.942976,70,35,0.423,1.813,0.232350,0.263411,direct+peer,0.1545,20,direct=0.44;peer=0.56;history=0.00 (leg not built),0.9899,
UBER,2026-08-11,2027-01-15,157,79.7763,0.983468,76,31,0.501,1.755,0.064101,0.065640,direct+peer,0.0439,20,direct=0.44;peer=0.56;history=0.00 (leg not built),0.9938,
UBER,2026-08-11,2027-03-19,220,80.4761,0.976648,50,24,0.435,1.429,0.086842,0.099077,peer,0.1192,20,peer=1.00;history=0.00 (leg not built),0.9926,
UBER,2026-08-11,2027-06-17,310,81.1609,0.967096,58,29,0.431,1.540,0.127809,0.150025,peer,0.1548,20,peer=1.00;history=0.00 (leg not built),0.9949,
UBER,2026-08-11,2027-09-17,402,82.4318,0.957224,48,23,0.425,1.334,0.140205,0.193455,peer,0.2750,20,peer=1.00;history=0.00 (leg not built),0.9836,
UBER,2026-08-11,2027-12-17,493,82.8695,0.947215,70,35,0.422,1.810,0.219271,0.250479,direct+peer,0.1487,20,direct=0.44;peer=0.56;history=0.00 (leg not built),0.9944,
UBER,2026-08-11,2028-01-21,528,83.3216,0.943336,70,34,0.420,1.800,0.233988,0.276432,direct+peer,0.1873,20,direct=0.44;peer=0.56;history=0.00 (leg not built),0.9871,
UBER,2026-08-12,2027-01-15,156,76.7680,0.983578,76,28,0.619,1.889,0.066389,0.065985,direct+peer,0.0587,20,direct=0.44;peer=0.56;history=0.00 (leg not built),0.9921,
UBER,2026-08-12,2027-03-19,219,77.6280,0.976754,50,20,0.612,1.481,0.091792,0.098729,direct+peer,0.1192,20,direct=0.44;peer=0.56;history=0.00 (leg not built),0.9893,
UBER,2026-08-12,2027-06-17,309,78.1565,0.967203,58,27,0.512,1.599,0.132054,0.141724,peer,0.0897,20,peer=1.00;history=0.00 (leg not built),0.9952,
UBER,2026-08-12,2027-09-17,401,78.8614,0.957333,48,20,0.571,1.395,0.159378,0.198627,direct+peer,0.2847,20,direct=0.44;peer=0.56;history=0.00 (leg not built),0.9935,
UBER,2026-08-12,2027-12-17,492,79.4722,0.947326,70,32,0.440,1.887,0.221944,0.240701,peer,0.0971,20,peer=1.00;history=0.00 (leg not built),0.9827,
UBER,2026-08-12,2028-01-21,527,79.9523,0.943447,70,32,0.438,1.876,0.239912,0.264883,peer,0.1153,20,peer=1.00;history=0.00 (leg not built),0.9883,
UNH,2026-08-06,2027-01-15,162,407.0851,0.982886,156,51,0.479,2.211,0.049118,0.048752,direct+peer,0.0051,20,direct=0.44;peer=0.56;history=0.00 (leg not built),0.9976,
UNH,2026-08-06,2027-03-19,225,408.9704,0.976077,112,43,0.465,1.565,0.067781,0.068192,direct+peer,0.0218,20,direct=0.44;peer=0.56;history=0.00 (leg not built),0.9976,
UNH,2026-08-06,2027-06-17,315,411.4021,0.966391,122,49,0.413,1.580,0.096392,0.100094,direct+peer,0.0555,20,direct=0.44;peer=0.56;history=0.00 (leg not built),0.9959,
UNH,2026-08-06,2027-09-17,407,414.0100,0.956369,104,40,0.314,1.546,0.122561,0.130353,direct+peer,0.0664,20,direct=0.44;peer=0.56;history=0.00 (leg not built),0.9947,
UNH,2026-08-06,2027-12-17,498,415.4876,0.946290,106,49,0.301,1.540,0.148836,0.163783,direct+peer,0.1139,20,direct=0.44;peer=0.56;history=0.00 (leg not built),0.9933,
UNH,2026-08-06,2028-01-21,533,416.3285,0.942385,104,50,0.312,1.537,0.159696,0.177175,direct+peer,0.1170,20,direct=0.44;peer=0.56;history=0.00 (leg not built),0.9974,
UNH,2026-08-07,2027-01-15,161,409.8779,0.983121,156,50,0.476,2.196,0.047775,0.047150,direct+peer,0.0046,20,direct=0.44;peer=0.56;history=0.00 (leg not built),0.9978,
UNH,2026-08-07,2027-03-19,224,411.8077,0.976383,112,43,0.461,1.554,0.066017,0.066822,direct+peer,0.0249,20,direct=0.44;peer=0.56;history=0.00 (leg not built),0.9956,
UNH,2026-08-07,2027-06-17,314,413.9044,0.966854,122,51,0.399,1.570,0.093706,0.097076,direct+peer,0.0449,20,direct=0.44;peer=0.56;history=0.00 (leg not built),0.9976,
UNH,2026-08-07,2027-09-17,406,416.6615,0.957002,104,51,0.312,1.536,0.119800,0.127679,direct+peer,0.0695,20,direct=0.44;peer=0.56;history=0.00 (leg not built),0.9951,
UNH,2026-08-07,2027-12-17,497,419.5354,0.947065,106,53,0.298,1.525,0.144300,0.158986,direct+peer,0.1043,20,direct=0.44;peer=0.56;history=0.00 (leg not built),0.9974,
UNH,2026-08-07,2028-01-21,532,419.0617,0.943217,104,52,0.310,1.527,0.155163,0.171931,direct+peer,0.1045,20,direct=0.44;peer=0.56;history=0.00 (leg not built),0.9956,
UNH,2026-08-10,2027-01-15,158,411.7441,0.983317,156,49,0.474,2.186,0.046194,0.045628,direct+peer,0.0067,20,direct=0.44;peer=0.56;history=0.00 (leg not built),0.9980,
UNH,2026-08-10,2027-03-19,221,413.3129,0.976485,112,45,0.448,1.548,0.064431,0.065987,direct+peer,0.0336,20,direct=0.44;peer=0.56;history=0.00 (leg not built),0.9987,
UNH,2026-08-10,2027-06-17,311,415.6614,0.966911,122,52,0.385,1.564,0.091503,0.095269,direct+peer,0.0534,20,direct=0.44;peer=0.56;history=0.00 (leg not built),0.9982,
UNH,2026-08-10,2027-09-17,403,418.8297,0.956992,104,45,0.322,1.528,0.117464,0.127012,direct+peer,0.0803,20,direct=0.44;peer=0.56;history=0.00 (leg not built),0.9959,
UNH,2026-08-10,2027-12-17,494,420.4752,0.946894,106,53,0.297,1.522,0.143260,0.158728,direct+peer,0.1004,20,direct=0.44;peer=0.56;history=0.00 (leg not built),0.9969,
UNH,2026-08-10,2028-01-21,529,421.6968,0.942976,104,51,0.308,1.518,0.153790,0.175103,direct+peer,0.1342,20,direct=0.44;peer=0.56;history=0.00 (leg not built),0.9981,
UNH,2026-08-11,2027-01-15,157,405.0485,0.983468,156,46,0.481,2.222,0.045666,0.045108,direct+peer,0.0056,20,direct=0.44;peer=0.56;history=0.00 (leg not built),0.9974,
UNH,2026-08-11,2027-03-19,220,406.3600,0.976648,112,45,0.455,1.575,0.064256,0.065051,direct+peer,0.0240,20,direct=0.44;peer=0.56;history=0.00 (leg not built),0.9965,
UNH,2026-08-11,2027-06-17,310,409.1418,0.967096,122,51,0.367,1.589,0.091170,0.094276,direct+peer,0.0435,20,direct=0.44;peer=0.56;history=0.00 (leg not built),0.9957,
UNH,2026-08-11,2027-09-17,402,410.9454,0.957224,104,44,0.329,1.557,0.117461,0.126375,direct+peer,0.0766,20,direct=0.44;peer=0.56;history=0.00 (leg not built),0.9959,
UNH,2026-08-11,2027-12-17,493,413.4839,0.947215,106,51,0.302,1.548,0.142199,0.155056,direct+peer,0.0891,20,direct=0.44;peer=0.56;history=0.00 (leg not built),0.9915,
UNH,2026-08-11,2028-01-21,528,414.3940,0.943336,104,51,0.314,1.544,0.152185,0.167440,direct+peer,0.1030,20,direct=0.44;peer=0.56;history=0.00 (leg not built),0.9973,
UNH,2026-08-12,2027-01-15,156,408.5156,0.983578,156,47,0.477,2.203,0.045106,0.044850,direct+peer,0.0064,20,direct=0.44;peer=0.56;history=0.00 (leg not built),0.9982,
UNH,2026-08-12,2027-03-19,219,410.0154,0.976754,112,42,0.463,1.561,0.064285,0.065381,direct+peer,0.0326,20,direct=0.44;peer=0.56;history=0.00 (leg not built),0.9966,
UNH,2026-08-12,2027-06-17,309,412.7554,0.967203,122,51,0.363,1.575,0.090715,0.094688,direct+peer,0.0495,20,direct=0.44;peer=0.56;history=0.00 (leg not built),0.9965,
UNH,2026-08-12,2027-09-17,401,414.5543,0.957333,104,42,0.338,1.544,0.118084,0.124162,direct+peer,0.0757,20,direct=0.44;peer=0.56;history=0.00 (leg not built),0.9962,
UNH,2026-08-12,2027-12-17,492,416.4373,0.947326,106,50,0.300,1.537,0.143573,0.156702,direct+peer,0.1068,20,direct=0.44;peer=0.56;history=0.00 (leg not built),0.9912,
UNH,2026-08-12,2028-01-21,527,417.3819,0.943447,104,50,0.311,1.533,0.153696,0.169303,direct+peer,0.1123,20,direct=0.44;peer=0.56;history=0.00 (leg not built),0.9950,
UNP,2026-08-06,2027-01-15,162,297.7922,0.982886,88,17,0.705,1.310,0.030523,0.030447,direct+peer,0.0871,20,direct=0.44;peer=0.56;history=0.00 (leg not built),0.9969,
UNP,2026-08-06,2027-02-19,197,299.3872,0.979077,100,30,0.768,1.269,0.042015,0.040472,peer,0.1657,20,peer=1.00;history=0.00 (leg not built),0.9961,
UNP,2026-08-06,2027-03-19,225,299.5390,0.976077,84,18,0.668,1.302,0.046276,0.046188,peer,0.1175,20,peer=1.00;history=0.00 (leg not built),0.9972,
UNP,2026-08-06,2027-06-17,315,301.5119,0.966391,116,34,0.713,1.426,0.069445,0.071605,peer,0.1648,20,peer=1.00;history=0.00 (leg not built),0.9956,
UNP,2026-08-06,2027-12-17,498,305.0998,0.946290,116,43,0.606,1.475,0.104440,0.122103,peer,0.1941,20,peer=1.00;history=0.00 (leg not built),0.9931,
UNP,2026-08-06,2028-01-21,533,305.9040,0.942385,88,30,0.588,1.471,0.111191,0.121177,direct+peer,0.1535,20,direct=0.44;peer=0.56;history=0.00 (leg not built),0.9943,
UNP,2026-08-07,2027-01-15,161,295.7584,0.983121,88,18,0.710,1.319,0.028414,0.027903,direct+peer,0.0538,20,direct=0.44;peer=0.56;history=0.00 (leg not built),0.9944,
UNP,2026-08-07,2027-02-19,196,296.7529,0.979343,100,31,0.758,1.281,0.038905,0.037907,direct+peer,0.1301,20,direct=0.44;peer=0.56;history=0.00 (leg not built),0.9980,
UNP,2026-08-07,2027-03-19,224,296.6714,0.976383,84,19,0.674,1.382,0.046899,0.043616,peer,0.0546,20,peer=1.00;history=0.00 (leg not built),0.9975,
UNP,2026-08-07,2027-06-17,314,299.2071,0.966854,116,38,0.668,1.437,0.066320,0.066964,direct+peer,0.1195,20,direct=0.44;peer=0.56;history=0.00 (leg not built),0.9930,
UNP,2026-08-07,2027-12-17,497,302.8002,0.947065,116,44,0.512,1.486,0.100974,0.107455,direct+peer,0.1327,20,direct=0.44;peer=0.56;history=0.00 (leg not built),0.9917,
UNP,2026-08-07,2028-01-21,532,303.4032,0.943217,88,33,0.379,1.483,0.105993,0.115154,direct+peer,0.1219,20,direct=0.44;peer=0.56;history=0.00 (leg not built),0.9934,
UNP,2026-08-10,2027-01-15,158,294.9864,0.983317,88,27,0.644,1.492,0.027732,0.028807,direct+peer,0.1067,20,direct=0.44;peer=0.56;history=0.00 (leg not built),0.9958,
UNP,2026-08-10,2027-02-19,193,296.5144,0.979464,100,42,0.641,1.450,0.036190,0.036070,direct+peer,0.0473,20,direct=0.44;peer=0.56;history=0.00 (leg not built),0.9965,
UNP,2026-08-10,2027-03-19,221,296.2928,0.976485,84,32,0.523,1.519,0.042690,0.043463,direct+peer,0.0369,20,direct=0.44;peer=0.56;history=0.00 (leg not built),0.9958,
UNP,2026-08-10,2027-06-17,311,298.4487,0.966911,116,48,0.486,1.508,0.063060,0.066940,direct+peer,0.0710,20,direct=0.44;peer=0.56;history=0.00 (leg not built),0.9915,
UNP,2026-08-10,2027-12-17,494,302.2002,0.946894,116,50,0.381,1.489,0.099011,0.109065,direct+peer,0.1611,20,direct=0.44;peer=0.56;history=0.00 (leg not built),0.9952,
UNP,2026-08-10,2028-01-21,529,303.1072,0.942976,88,35,0.379,1.485,0.105665,0.112895,direct+peer,0.0891,20,direct=0.44;peer=0.56;history=0.00 (leg not built),0.9956,
UNP,2026-08-11,2027-01-15,157,294.6414,0.983468,88,18,0.628,1.324,0.026860,0.027475,direct+peer,0.0561,20,direct=0.44;peer=0.56;history=0.00 (leg not built),0.9949,
UNP,2026-08-11,2027-02-19,192,295.9131,0.979620,100,31,0.760,1.284,0.038914,0.036851,direct+peer,0.1310,20,direct=0.44;peer=0.56;history=0.00 (leg not built),0.9963,
UNP,2026-08-11,2027-03-19,220,295.9351,0.976648,84,19,0.676,1.352,0.045094,0.048386,peer,0.1697,20,peer=1.00;history=0.00 (leg not built),0.9990,
UNP,2026-08-11,2027-06-17,310,297.7941,0.967096,116,39,0.537,1.377,0.059099,0.063823,direct+peer,0.1222,20,direct=0.44;peer=0.56;history=0.00 (leg not built),0.9908,
UNP,2026-08-11,2027-12-17,493,301.6540,0.947215,116,44,0.530,1.492,0.099553,0.104675,direct+peer,0.0934,20,direct=0.44;peer=0.56;history=0.00 (leg not built),0.9943,
UNP,2026-08-11,2028-01-21,528,302.0035,0.943336,88,32,0.447,1.490,0.105705,0.112412,direct+peer,0.0910,20,direct=0.44;peer=0.56;history=0.00 (leg not built),0.9963,
UNP,2026-08-12,2027-01-15,156,296.0959,0.983578,88,18,0.709,1.283,0.026826,0.026951,direct+peer,0.0918,20,direct=0.44;peer=0.56;history=0.00 (leg not built),0.9969,
UNP,2026-08-12,2027-02-19,191,297.3419,0.979726,100,30,0.774,1.278,0.037246,0.034976,direct+peer,0.1251,20,direct=0.44;peer=0.56;history=0.00 (leg not built),0.9971,
UNP,2026-08-12,2027-03-19,219,297.0719,0.976754,84,19,0.640,1.279,0.039545,0.041186,direct+peer,0.0996,20,direct=0.44;peer=0.56;history=0.00 (leg not built),0.9977,
UNP,2026-08-12,2027-06-17,309,298.9546,0.967203,116,38,0.518,1.371,0.059061,0.062422,direct+peer,0.0762,20,direct=0.44;peer=0.56;history=0.00 (leg not built),0.9944,
UNP,2026-08-12,2027-12-17,492,302.8947,0.947326,116,43,0.594,1.486,0.099906,0.104160,peer,0.1066,20,peer=1.00;history=0.00 (leg not built),0.9950,
UNP,2026-08-12,2028-01-21,527,303.4872,0.943447,88,32,0.527,1.483,0.103856,0.109308,direct+peer,0.0920,20,direct=0.44;peer=0.56;history=0.00 (leg not built),0.9935,
USB,2026-08-06,2027-01-15,162,63.9877,0.982886,52,16,0.313,1.328,0.031924,0.031173,direct+peer,0.0331,20,direct=0.44;peer=0.56;history=0.00 (leg not built),0.9969,
USB,2026-08-06,2027-02-19,197,64.1829,0.979077,42,15,0.701,1.324,0.040454,0.038583,direct+peer,0.0800,20,direct=0.44;peer=0.56;history=0.00 (leg not built),0.9991,
USB,2026-08-06,2027-03-19,225,64.3682,0.976077,46,17,0.660,1.398,0.047185,0.045479,direct+peer,0.0629,20,direct=0.44;peer=0.56;history=0.00 (leg not built),0.9989,
USB,2026-08-06,2027-06-17,315,64.6378,0.966391,48,19,0.619,1.470,0.069159,0.067661,direct+peer,0.0681,20,direct=0.44;peer=0.56;history=0.00 (leg not built),0.9987,
USB,2026-08-06,2028-01-21,533,65.0442,0.942385,50,22,0.423,1.461,0.113099,0.121109,direct+peer,0.0879,20,direct=0.44;peer=0.56;history=0.00 (leg not built),0.9979,
USB,2026-08-07,2027-01-15,161,64.0964,0.983121,52,16,0.312,1.248,0.029008,0.029837,direct+peer,0.0449,20,direct=0.44;peer=0.56;history=0.00 (leg not built),0.9972,
USB,2026-08-07,2027-02-19,196,64.2001,0.979343,42,15,0.701,1.324,0.039561,0.037976,direct+peer,0.0917,20,direct=0.44;peer=0.56;history=0.00 (leg not built),0.9988,
USB,2026-08-07,2027-03-19,224,64.3684,0.976383,46,17,0.660,1.398,0.044538,0.043506,direct+peer,0.0615,20,direct=0.44;peer=0.56;history=0.00 (leg not built),0.9981,
USB,2026-08-07,2027-06-17,314,64.5863,0.966854,48,20,0.581,1.471,0.066530,0.067878,direct+peer,0.0879,20,direct=0.44;peer=0.56;history=0.00 (leg not built),0.9966,
USB,2026-08-07,2028-01-21,532,64.8851,0.943217,50,21,0.539,1.464,0.113519,0.115879,direct+peer,0.0939,20,direct=0.44;peer=0.56;history=0.00 (leg not built),0.9978,
USB,2026-08-10,2027-01-15,158,64.3390,0.983317,52,21,0.311,1.321,0.028854,0.029118,direct+peer,0.0237,20,direct=0.44;peer=0.56;history=0.00 (leg not built),0.9989,
USB,2026-08-10,2027-02-19,193,64.4725,0.979464,42,17,0.543,1.318,0.036373,0.036844,direct+peer,0.0488,20,direct=0.44;peer=0.56;history=0.00 (leg not built),0.9988,
USB,2026-08-10,2027-03-19,221,64.6160,0.976485,46,20,0.503,1.393,0.042653,0.043267,direct+peer,0.0387,20,direct=0.44;peer=0.56;history=0.00 (leg not built),0.9981,
USB,2026-08-10,2027-06-17,311,64.8190,0.966911,48,19,0.617,1.466,0.066283,0.064619,peer,0.0588,20,peer=1.00;history=0.00 (leg not built),0.9986,
USB,2026-08-10,2028-01-21,529,65.1149,0.942976,50,24,0.422,1.459,0.110066,0.116755,direct+peer,0.0756,20,direct=0.44;peer=0.56;history=0.00 (leg not built),0.9977,
USB,2026-08-11,2027-01-15,157,64.4780,0.983468,52,18,0.310,1.318,0.028236,0.028396,direct+peer,0.0302,20,direct=0.44;peer=0.56;history=0.00 (leg not built),0.9995,
USB,2026-08-11,2027-02-19,192,64.6427,0.979620,42,19,0.580,1.392,0.036332,0.035971,direct+peer,0.0421,20,direct=0.44;peer=0.56;history=0.00 (leg not built),0.9980,
USB,2026-08-11,2027-03-19,220,64.8549,0.976648,46,20,0.540,1.388,0.042409,0.042453,direct+peer,0.0449,20,direct=0.44;peer=0.56;history=0.00 (leg not built),0.9982,
USB,2026-08-11,2027-06-17,310,64.9828,0.967096,48,20,0.577,1.462,0.063641,0.064088,direct+peer,0.0665,20,direct=0.44;peer=0.56;history=0.00 (leg not built),0.9983,
USB,2026-08-11,2028-01-21,528,65.3710,0.943336,50,25,0.382,1.453,0.108596,0.113997,direct+peer,0.0754,20,direct=0.44;peer=0.56;history=0.00 (leg not built),0.9966,
USB,2026-08-12,2027-01-15,156,65.1966,0.983578,52,16,0.307,1.304,0.027698,0.027095,direct+peer,0.0237,20,direct=0.44;peer=0.56;history=0.00 (leg not built),0.9982,
USB,2026-08-12,2027-02-19,191,65.2807,0.979726,42,19,0.574,1.379,0.035463,0.035148,direct+peer,0.0402,20,direct=0.44;peer=0.56;history=0.00 (leg not built),0.9972,
USB,2026-08-12,2027-03-19,219,65.4948,0.976754,46,18,0.534,1.374,0.041663,0.041422,direct+peer,0.0393,20,direct=0.44;peer=0.56;history=0.00 (leg not built),0.9994,
USB,2026-08-12,2027-06-17,309,65.6462,0.967203,48,20,0.533,1.447,0.062154,0.062046,direct+peer,0.0568,20,direct=0.44;peer=0.56;history=0.00 (leg not built),0.9962,
USB,2026-08-12,2028-01-21,527,65.7861,0.943447,50,25,0.380,1.444,0.107931,0.114961,direct+peer,0.0790,20,direct=0.44;peer=0.56;history=0.00 (leg not built),0.9989,
V,2026-08-06,2027-01-15,162,374.7896,0.982886,144,55,0.667,1.454,0.027538,0.027232,peer,0.0338,20,peer=1.00;history=0.00 (leg not built),0.9974,
V,2026-08-06,2027-03-19,225,376.5740,0.976077,130,56,0.531,1.434,0.040140,0.040828,direct+peer,0.0339,20,direct=0.44;peer=0.56;history=0.00 (leg not built),0.9972,
V,2026-08-06,2027-06-17,315,379.6425,0.966391,140,63,0.487,1.436,0.058158,0.060271,direct+peer,0.0533,20,direct=0.44;peer=0.56;history=0.00 (leg not built),0.9957,
V,2026-08-06,2027-12-17,498,385.6220,0.946290,140,62,0.493,1.413,0.092766,0.101445,direct+peer,0.1118,20,direct=0.44;peer=0.56;history=0.00 (leg not built),0.9945,
V,2026-08-06,2028-01-21,533,386.6097,0.942385,90,44,0.388,1.397,0.097808,0.110271,direct+peer,0.1374,20,direct=0.44;peer=0.56;history=0.00 (leg not built),0.9955,
V,2026-08-07,2027-01-15,161,367.3326,0.983121,144,53,0.653,1.484,0.027318,0.027849,direct+peer,0.0888,20,direct=0.44;peer=0.56;history=0.00 (leg not built),0.9974,
V,2026-08-07,2027-03-19,224,369.1760,0.976383,130,55,0.569,1.463,0.039854,0.040999,direct+peer,0.0692,20,direct=0.44;peer=0.56;history=0.00 (leg not built),0.9977,
V,2026-08-07,2027-06-17,314,372.0474,0.966854,140,63,0.497,1.465,0.057411,0.059403,peer,0.0451,20,peer=1.00;history=0.00 (leg not built),0.9966,
V,2026-08-07,2027-12-17,497,378.4906,0.947065,140,63,0.476,1.440,0.092497,0.098637,direct+peer,0.0894,20,direct=0.44;peer=0.56;history=0.00 (leg not built),0.9953,
V,2026-08-07,2028-01-21,532,379.7721,0.943217,90,44,0.408,1.422,0.097638,0.106773,direct+peer,0.1028,20,direct=0.44;peer=0.56;history=0.00 (leg not built),0.9975,
V,2026-08-10,2027-01-15,158,365.5015,0.983317,144,52,0.629,1.491,0.026749,0.026343,direct+peer,0.0222,20,direct=0.44;peer=0.56;history=0.00 (leg not built),0.9974,
V,2026-08-10,2027-03-19,221,367.4555,0.976485,130,55,0.544,1.470,0.039095,0.039601,direct+peer,0.0318,20,direct=0.44;peer=0.56;history=0.00 (leg not built),0.9960,
V,2026-08-10,2027-06-17,311,370.4960,0.966911,140,67,0.445,1.471,0.056236,0.057751,direct+peer,0.0383,20,direct=0.44;peer=0.56;history=0.00 (leg not built),0.9942,
V,2026-08-10,2027-12-17,494,376.4593,0.946894,140,64,0.478,1.448,0.092534,0.098411,direct+peer,0.0819,20,direct=0.44;peer=0.56;history=0.00 (leg not built),0.9927,
V,2026-08-10,2028-01-21,529,377.4124,0.942976,90,44,0.411,1.431,0.097573,0.105628,direct+peer,0.0885,20,direct=0.44;peer=0.56;history=0.00 (leg not built),0.9942,
V,2026-08-11,2027-01-15,157,367.5305,0.983468,144,51,0.653,1.483,0.025968,0.025575,direct+peer,0.0264,20,direct=0.44;peer=0.56;history=0.00 (leg not built),0.9980,
V,2026-08-11,2027-03-19,220,369.5811,0.976648,130,55,0.568,1.461,0.038471,0.038787,direct+peer,0.0317,20,direct=0.44;peer=0.56;history=0.00 (leg not built),0.9966,
V,2026-08-11,2027-06-17,310,372.4431,0.967096,140,64,0.483,1.463,0.056124,0.058506,direct+peer,0.0618,20,direct=0.44;peer=0.56;history=0.00 (leg not built),0.9962,
V,2026-08-11,2027-12-17,493,378.8363,0.947215,140,65,0.462,1.439,0.091478,0.098283,direct+peer,0.0928,20,direct=0.44;peer=0.56;history=0.00 (leg not built),0.9951,
V,2026-08-11,2028-01-21,528,380.1219,0.943336,90,45,0.395,1.421,0.096172,0.105406,direct+peer,0.0994,20,direct=0.44;peer=0.56;history=0.00 (leg not built),0.9963,
V,2026-08-12,2027-01-15,156,365.1525,0.983578,144,50,0.657,1.451,0.025336,0.024905,direct+peer,0.0307,20,direct=0.44;peer=0.56;history=0.00 (leg not built),0.9970,
V,2026-08-12,2027-03-19,219,367.0313,0.976754,130,55,0.572,1.471,0.037507,0.037533,direct+peer,0.0238,20,direct=0.44;peer=0.56;history=0.00 (leg not built),0.9955,
V,2026-08-12,2027-06-17,309,369.8731,0.967203,140,61,0.527,1.473,0.054328,0.055518,direct+peer,0.0475,20,direct=0.44;peer=0.56;history=0.00 (leg not built),0.9938,
V,2026-08-12,2027-12-17,492,375.8589,0.947326,140,64,0.479,1.450,0.090999,0.095799,direct+peer,0.0829,20,direct=0.44;peer=0.56;history=0.00 (leg not built),0.9920,
V,2026-08-12,2028-01-21,527,376.9739,0.943447,90,43,0.398,1.432,0.095246,0.103501,direct+peer,0.0917,20,direct=0.44;peer=0.56;history=0.00 (leg not built),0.9938,
VRTX,2026-08-06,2027-01-15,162,493.0813,0.982886,106,34,0.649,1.420,0.055265,0.052205,peer,0.0570,20,peer=1.00;history=0.00 (leg not built),0.9979,
VRTX,2026-08-06,2027-03-19,225,496.9777,0.976077,100,34,0.684,1.409,0.079120,0.077639,direct+peer,0.1050,20,direct=0.44;peer=0.56;history=0.00 (leg not built),0.9972,
VRTX,2026-08-06,2027-06-17,315,501.7517,0.966391,106,37,0.658,1.475,0.107325,0.107263,direct+peer,0.1174,20,direct=0.44;peer=0.56;history=0.00 (leg not built),0.9969,
VRTX,2026-08-06,2028-01-21,533,512.8499,0.942385,100,39,0.565,1.482,0.154437,0.169612,direct+peer,0.1518,20,direct=0.44;peer=0.56;history=0.00 (leg not built),0.9955,
VRTX,2026-08-07,2027-01-15,161,505.0740,0.983121,106,28,0.733,1.267,0.051933,0.049045,direct+peer,0.1366,20,direct=0.44;peer=0.56;history=0.00 (leg not built),0.9933,
VRTX,2026-08-07,2027-03-19,224,509.0051,0.976383,100,34,0.668,1.375,0.076400,0.075640,direct+peer,0.1047,20,direct=0.44;peer=0.56;history=0.00 (leg not built),0.9980,
VRTX,2026-08-07,2027-06-17,314,512.9699,0.966854,106,37,0.643,1.443,0.103500,0.107846,peer,0.1364,20,peer=1.00;history=0.00 (leg not built),0.9941,
VRTX,2026-08-07,2028-01-21,532,524.8504,0.943217,100,38,0.572,1.448,0.150851,0.165877,peer,0.1623,20,peer=1.00;history=0.00 (leg not built),0.9953,
VRTX,2026-08-10,2027-01-15,158,531.9686,0.983317,106,28,0.733,1.353,0.047458,0.046038,peer,0.1092,20,peer=1.00;history=0.00 (leg not built),0.9963,
VRTX,2026-08-10,2027-03-19,221,536.0939,0.976485,100,33,0.690,1.380,0.073409,0.073874,direct+peer,0.1483,20,direct=0.44;peer=0.56;history=0.00 (leg not built),0.9944,
VRTX,2026-08-10,2027-06-17,311,541.2115,0.966911,106,37,0.628,1.404,0.098182,0.102451,peer,0.1344,20,peer=1.00;history=0.00 (leg not built),0.9976,
VRTX,2026-08-10,2028-01-21,529,553.5753,0.942976,100,37,0.560,1.373,0.140478,0.165273,peer,0.2007,20,peer=1.00;history=0.00 (leg not built),0.9936,
VRTX,2026-08-11,2027-01-15,157,539.9201,0.983468,106,27,0.741,1.259,0.045850,0.043026,peer,0.1220,20,peer=1.00;history=0.00 (leg not built),0.9974,
VRTX,2026-08-11,2027-03-19,220,543.7812,0.976648,102,32,0.699,1.361,0.070952,0.069466,direct+peer,0.1487,20,direct=0.44;peer=0.56;history=0.00 (leg not built),0.9982,
VRTX,2026-08-11,2027-06-17,310,548.8478,0.967096,108,39,0.565,1.421,0.095121,0.097694,peer,0.0906,20,peer=1.00;history=0.00 (leg not built),0.9938,
VRTX,2026-08-11,2028-01-21,528,561.6784,0.943336,102,37,0.570,1.389,0.139933,0.160742,direct+peer,0.2047,20,direct=0.44;peer=0.56;history=0.00 (leg not built),0.9937,
VRTX,2026-08-12,2027-01-15,156,535.0908,0.983578,106,31,0.635,1.233,0.039666,0.042377,peer,0.1239,20,peer=1.00;history=0.00 (leg not built),0.9982,
VRTX,2026-08-12,2027-03-19,219,539.2614,0.976754,102,31,0.705,1.335,0.068384,0.067631,direct+peer,0.1433,20,direct=0.44;peer=0.56;history=0.00 (leg not built),0.9985,
VRTX,2026-08-12,2027-06-17,309,544.8520,0.967203,108,37,0.642,1.432,0.096459,0.098069,direct+peer,0.1167,20,direct=0.44;peer=0.56;history=0.00 (leg not built),0.9966,
VRTX,2026-08-12,2028-01-21,527,557.0316,0.943447,102,37,0.574,1.400,0.140853,0.159299,direct+peer,0.1947,20,direct=0.44;peer=0.56;history=0.00 (leg not built),0.9956,
VZ,2026-08-06,2027-01-15,162,46.5291,0.982886,50,23,0.430,1.504,0.033018,0.032902,direct+peer,0.0183,20,direct=0.44;peer=0.56;history=0.00 (leg not built),0.9872,
VZ,2026-08-06,2027-03-19,225,46.7826,0.976077,24,8,0.534,1.229,0.039491,0.043715,peer,0.1153,20,peer=1.00;history=0.00 (leg not built),0.9947,
VZ,2026-08-06,2027-06-17,315,46.6400,0.966391,38,18,0.493,1.501,0.064258,0.079347,peer,0.1878,20,peer=1.00;history=0.00 (leg not built),0.9838,
VZ,2026-08-06,2027-12-17,498,45.9472,0.946290,40,15,0.653,1.523,0.102112,0.104268,direct+peer,0.1387,20,direct=0.44;peer=0.56;history=0.00 (leg not built),0.9902,
VZ,2026-08-06,2028-01-21,533,45.9400,0.942385,40,20,0.435,1.633,0.107897,0.114479,direct+peer,0.0919,20,direct=0.44;peer=0.56;history=0.00 (leg not built),0.9714,
VZ,2026-08-07,2027-01-15,161,46.7101,0.983121,50,23,0.428,1.499,0.033190,0.033208,direct+peer,0.0167,20,direct=0.44;peer=0.56;history=0.00 (leg not built),0.9892,
VZ,2026-08-07,2027-03-19,224,46.7684,0.976383,24,9,0.641,1.283,0.040966,0.043138,direct+peer,0.0987,20,direct=0.44;peer=0.56;history=0.00 (leg not built),0.9907,
VZ,2026-08-07,2027-06-17,314,46.4490,0.966854,38,17,0.495,1.507,0.063598,0.065326,direct+peer,0.0716,20,direct=0.44;peer=0.56;history=0.00 (leg not built),0.9965,
VZ,2026-08-07,2027-12-17,497,46.0205,0.947065,40,16,0.608,1.521,0.103791,0.101961,peer,0.0816,20,peer=1.00;history=0.00 (leg not built),0.9892,
VZ,2026-08-07,2028-01-21,532,46.3244,0.943217,40,19,0.496,1.619,0.103708,0.103652,direct+peer,0.0493,20,direct=0.44;peer=0.56;history=0.00 (leg not built),0.9723,
VZ,2026-08-10,2027-01-15,158,46.8024,0.983317,50,24,0.427,1.496,0.031555,0.031587,direct+peer,0.0236,20,direct=0.44;peer=0.56;history=0.00 (leg not built),0.9921,
VZ,2026-08-10,2027-03-19,221,46.8826,0.976485,24,10,0.747,1.493,0.045421,0.041984,direct+peer,0.0691,20,direct=0.44;peer=0.56;history=0.00 (leg not built),0.9875,
VZ,2026-08-10,2027-06-17,311,46.8903,0.966911,38,16,0.491,1.493,0.061258,0.061760,peer,0.0380,20,peer=1.00;history=0.00 (leg not built),0.9886,
VZ,2026-08-10,2027-12-17,494,46.3917,0.946894,40,15,0.647,1.509,0.104364,0.104335,direct+peer,0.0977,20,direct=0.44;peer=0.56;history=0.00 (leg not built),0.9934,
VZ,2026-08-10,2028-01-21,529,46.1138,0.942976,40,18,0.499,1.626,0.104674,0.106246,direct+peer,0.0548,20,direct=0.44;peer=0.56;history=0.00 (leg not built),0.9929,
VZ,2026-08-11,2027-01-15,157,46.8518,0.983468,50,24,0.427,1.494,0.030495,0.030275,direct+peer,0.0100,20,direct=0.44;peer=0.56;history=0.00 (leg not built),0.9946,
VZ,2026-08-11,2027-03-19,220,47.0359,0.976648,24,8,0.744,1.382,0.042619,0.041416,direct+peer,0.1251,20,direct=0.44;peer=0.56;history=0.00 (leg not built),0.9856,
VZ,2026-08-11,2027-06-17,310,47.0834,0.967096,38,16,0.637,1.593,0.062545,0.060836,direct+peer,0.0694,20,direct=0.44;peer=0.56;history=0.00 (leg not built),0.9979,
VZ,2026-08-11,2027-12-17,493,46.4272,0.947215,40,13,0.646,1.400,0.097081,0.099643,direct+peer,0.1419,20,direct=0.44;peer=0.56;history=0.00 (leg not built),0.9899,
VZ,2026-08-11,2028-01-21,528,46.4676,0.943336,40,19,0.495,1.614,0.104160,0.105400,direct+peer,0.0627,20,direct=0.44;peer=0.56;history=0.00 (leg not built),0.9790,
VZ,2026-08-12,2027-01-15,156,46.6057,0.983578,50,22,0.429,1.502,0.030575,0.030184,direct+peer,0.0098,20,direct=0.44;peer=0.56;history=0.00 (leg not built),0.9941,
VZ,2026-08-12,2027-03-19,219,46.7115,0.976754,24,10,0.642,1.392,0.040405,0.041076,direct+peer,0.0555,20,direct=0.44;peer=0.56;history=0.00 (leg not built),0.9925,
VZ,2026-08-12,2027-06-17,309,46.7923,0.967203,38,17,0.598,1.603,0.062728,0.060457,direct+peer,0.0527,20,direct=0.44;peer=0.56;history=0.00 (leg not built),0.9863,
VZ,2026-08-12,2027-12-17,492,46.7000,0.947326,40,17,0.493,1.499,0.095843,0.098294,direct+peer,0.0703,20,direct=0.44;peer=0.56;history=0.00 (leg not built),0.9648,
VZ,2026-08-12,2028-01-21,527,46.1851,0.943447,40,19,0.433,1.516,0.103617,0.108643,direct+peer,0.0735,20,direct=0.44;peer=0.56;history=0.00 (leg not built),0.9854,
WFC,2026-08-06,2027-01-15,162,88.1613,0.982886,78,26,0.312,1.475,0.036415,0.036680,direct+peer,0.0198,20,direct=0.44;peer=0.56;history=0.00 (leg not built),0.9973,
WFC,2026-08-06,2027-03-19,225,88.2991,0.976077,56,23,0.566,1.472,0.051209,0.051766,direct+peer,0.0430,20,direct=0.44;peer=0.56;history=0.00 (leg not built),0.9969,
WFC,2026-08-06,2027-06-17,315,88.8980,0.966391,64,28,0.506,1.575,0.072930,0.081080,direct+peer,0.2058,20,direct=0.44;peer=0.56;history=0.00 (leg not built),0.9986,
WFC,2026-08-06,2027-12-17,498,89.9472,0.946290,64,32,0.417,1.612,0.120362,0.127312,direct+peer,0.0744,20,direct=0.44;peer=0.56;history=0.00 (leg not built),0.9917,
WFC,2026-08-06,2028-01-21,533,90.2335,0.942385,64,32,0.416,1.607,0.128545,0.136004,direct+peer,0.0717,20,direct=0.44;peer=0.56;history=0.00 (leg not built),0.9926,
WFC,2026-08-07,2027-01-15,161,88.3493,0.983121,78,27,0.311,1.415,0.035614,0.036176,direct+peer,0.0217,20,direct=0.44;peer=0.56;history=0.00 (leg not built),0.9990,
WFC,2026-08-07,2027-03-19,224,88.3347,0.976383,56,23,0.566,1.472,0.050857,0.051595,direct+peer,0.0506,20,direct=0.44;peer=0.56;history=0.00 (leg not built),0.9974,
WFC,2026-08-07,2027-06-17,314,88.8157,0.966854,64,30,0.450,1.633,0.073330,0.075172,direct+peer,0.0385,20,direct=0.44;peer=0.56;history=0.00 (leg not built),0.9965,
WFC,2026-08-07,2027-12-17,497,89.5407,0.947065,64,32,0.419,1.619,0.120331,0.126060,direct+peer,0.0652,20,direct=0.44;peer=0.56;history=0.00 (leg not built),0.9933,
WFC,2026-08-07,2028-01-21,532,89.8039,0.943217,64,32,0.418,1.615,0.128868,0.134972,direct+peer,0.0650,20,direct=0.44;peer=0.56;history=0.00 (leg not built),0.9948,
WFC,2026-08-10,2027-01-15,158,88.6237,0.983317,78,32,0.310,1.523,0.035076,0.035681,direct+peer,0.0235,20,direct=0.44;peer=0.56;history=0.00 (leg not built),0.9976,
WFC,2026-08-10,2027-03-19,221,88.7506,0.976485,56,25,0.507,1.465,0.049297,0.050723,direct+peer,0.0423,20,direct=0.44;peer=0.56;history=0.00 (leg not built),0.9986,
WFC,2026-08-10,2027-06-17,311,89.3329,0.966911,64,30,0.420,1.623,0.072107,0.074816,direct+peer,0.0423,20,direct=0.44;peer=0.56;history=0.00 (leg not built),0.9967,
WFC,2026-08-10,2027-12-17,494,90.2271,0.946894,64,32,0.416,1.607,0.117761,0.124054,direct+peer,0.0645,20,direct=0.44;peer=0.56;history=0.00 (leg not built),0.9958,
WFC,2026-08-10,2028-01-21,529,90.5674,0.942976,64,32,0.414,1.601,0.125612,0.132476,direct+peer,0.0652,20,direct=0.44;peer=0.56;history=0.00 (leg not built),0.9956,
WFC,2026-08-11,2027-01-15,157,88.5931,0.983468,78,26,0.564,1.411,0.034363,0.034502,direct+peer,0.0297,20,direct=0.44;peer=0.56;history=0.00 (leg not built),0.9960,
WFC,2026-08-11,2027-03-19,220,88.8430,0.976648,56,23,0.563,1.463,0.048878,0.052215,direct+peer,0.1567,20,direct=0.44;peer=0.56;history=0.00 (leg not built),0.9975,
WFC,2026-08-11,2027-06-17,310,89.1107,0.967096,64,29,0.449,1.627,0.071854,0.073190,direct+peer,0.0295,20,direct=0.44;peer=0.56;history=0.00 (leg not built),0.9976,
WFC,2026-08-11,2027-12-17,493,90.3906,0.947215,64,32,0.415,1.604,0.115453,0.120689,direct+peer,0.0603,20,direct=0.44;peer=0.56;history=0.00 (leg not built),0.9951,
WFC,2026-08-11,2028-01-21,528,90.6731,0.943336,64,32,0.414,1.599,0.123592,0.132278,direct+peer,0.0979,20,direct=0.44;peer=0.56;history=0.00 (leg not built),0.9945,
WFC,2026-08-12,2027-01-15,156,89.9847,0.983578,78,28,0.306,1.445,0.033445,0.033493,direct+peer,0.0129,20,direct=0.44;peer=0.56;history=0.00 (leg not built),0.9982,
WFC,2026-08-12,2027-03-19,219,90.2406,0.976754,56,24,0.526,1.441,0.046987,0.047554,direct+peer,0.0379,20,direct=0.44;peer=0.56;history=0.00 (leg not built),0.9952,
WFC,2026-08-12,2027-06-17,309,90.6152,0.967203,64,30,0.441,1.600,0.070285,0.071622,direct+peer,0.0279,20,direct=0.44;peer=0.56;history=0.00 (leg not built),0.9980,
WFC,2026-08-12,2027-12-17,492,91.7664,0.947326,64,32,0.409,1.580,0.114077,0.118641,direct+peer,0.0552,20,direct=0.44;peer=0.56;history=0.00 (leg not built),0.9937,
WFC,2026-08-12,2028-01-21,527,91.9753,0.943447,64,32,0.408,1.577,0.122391,0.127964,direct+peer,0.0624,20,direct=0.44;peer=0.56;history=0.00 (leg not built),0.9964,
WM,2026-08-06,2027-01-15,162,231.0005,0.982886,70,20,0.693,1.342,0.025830,0.025200,direct+peer,0.0578,20,direct=0.44;peer=0.56;history=0.00 (leg not built),0.9966,
WM,2026-08-06,2027-03-19,225,231.7929,0.976077,64,23,0.604,1.337,0.035520,0.036313,direct+peer,0.0743,20,direct=0.44;peer=0.56;history=0.00 (leg not built),0.9974,
WM,2026-08-06,2027-06-17,315,232.8456,0.966391,64,19,0.730,1.374,0.054647,,refused,,20,,0.9972,no leg survived: no arbitrage-free fit inside the 0.35 synthetic-share ceiling
WM,2026-08-06,2028-01-21,533,236.6397,0.942385,74,28,0.592,1.479,0.085758,0.090162,direct+peer,0.1327,20,direct=0.44;peer=0.56;history=0.00 (leg not built),0.9971,
WM,2026-08-07,2027-01-15,161,229.8813,0.983121,70,16,0.805,1.392,0.028968,0.025105,direct+peer,0.1367,20,direct=0.44;peer=0.56;history=0.00 (leg not built),0.9984,
WM,2026-08-07,2027-03-19,224,231.4680,0.976383,64,18,0.734,1.382,0.040024,0.035049,peer,0.0609,20,peer=1.00;history=0.00 (leg not built),0.9979,
WM,2026-08-07,2027-06-17,314,232.7236,0.966854,64,21,0.623,1.375,0.049871,0.050388,direct+peer,0.0696,20,direct=0.44;peer=0.56;history=0.00 (leg not built),0.9967,
WM,2026-08-07,2028-01-21,532,235.7769,0.943217,74,27,0.615,1.484,0.087090,0.086464,direct+peer,0.1053,20,direct=0.44;peer=0.56;history=0.00 (leg not built),0.9942,
WM,2026-08-10,2027-01-15,158,228.6101,0.983317,70,17,0.722,1.269,0.024163,0.023768,peer,0.0779,20,peer=1.00;history=0.00 (leg not built),0.9961,
WM,2026-08-10,2027-03-19,221,229.6416,0.976485,64,13,0.762,1.176,0.033620,0.035162,direct+peer,0.2353,20,direct=0.44;peer=0.56;history=0.00 (leg not built),0.9957,
WM,2026-08-10,2027-06-17,311,231.4824,0.966911,64,17,0.713,1.253,0.048880,0.048925,peer,0.1504,20,peer=1.00;history=0.00 (leg not built),0.9961,
WM,2026-08-10,2028-01-21,529,235.0372,0.942976,74,28,0.596,1.489,0.084480,0.084966,direct+peer,0.0758,20,direct=0.44;peer=0.56;history=0.00 (leg not built),0.9977,
WM,2026-08-11,2027-01-15,157,229.6272,0.983468,70,16,0.719,1.263,0.023285,0.022852,direct+peer,0.0706,20,direct=0.44;peer=0.56;history=0.00 (leg not built),0.9983,
WM,2026-08-11,2027-03-19,220,230.2048,0.976648,64,23,0.652,1.390,0.033909,0.035381,peer,0.0996,20,peer=1.00;history=0.00 (leg not built),0.9957,
WM,2026-08-11,2027-06-17,310,231.6717,0.967096,64,21,0.647,1.338,0.050967,0.051028,direct+peer,0.1391,20,direct=0.44;peer=0.56;history=0.00 (leg not built),0.9966,
WM,2026-08-11,2028-01-21,528,235.2474,0.943336,74,28,0.595,1.488,0.083957,0.084666,direct+peer,0.0809,20,direct=0.44;peer=0.56;history=0.00 (leg not built),0.9962,
WM,2026-08-12,2027-01-15,156,228.8308,0.983578,70,18,0.721,1.311,0.023309,0.022584,direct+peer,0.0486,20,direct=0.44;peer=0.56;history=0.00 (leg not built),0.9988,
WM,2026-08-12,2027-03-19,219,229.5734,0.976754,64,22,0.632,1.307,0.032703,0.032087,peer,0.0428,20,peer=1.00;history=0.00 (leg not built),0.9984,
WM,2026-08-12,2027-06-17,309,230.9650,0.967203,64,18,0.649,1.342,0.049755,0.047062,peer,0.0840,20,peer=1.00;history=0.00 (leg not built),0.9934,
WM,2026-08-12,2028-01-21,527,234.2928,0.943447,74,27,0.619,1.494,0.085776,0.087272,direct+peer,0.1510,20,direct=0.44;peer=0.56;history=0.00 (leg not built),0.9962,
WMT,2026-08-06,2027-01-15,162,113.3213,0.982886,80,32,0.353,1.721,0.040568,0.040902,direct+peer,0.0066,20,direct=0.44;peer=0.56;history=0.00 (leg not built),0.9959,
WMT,2026-08-06,2027-03-19,225,114.2914,0.976077,56,21,0.656,1.619,0.059502,0.057898,peer,0.0392,20,peer=1.00;history=0.00 (leg not built),0.9970,
WMT,2026-08-06,2027-06-17,315,115.0086,0.966391,68,28,0.609,1.696,0.081763,0.078610,peer,0.0351,20,peer=1.00;history=0.00 (leg not built),0.9963,
WMT,2026-08-06,2027-09-17,407,115.7755,0.956369,44,14,0.734,1.339,0.099605,0.100351,peer,0.2091,20,peer=1.00;history=0.00 (leg not built),0.9926,
WMT,2026-08-06,2027-12-17,498,117.4305,0.946290,62,30,0.511,1.661,0.117332,0.124416,peer,0.0771,20,peer=1.00;history=0.00 (leg not built),0.9900,
WMT,2026-08-06,2028-01-21,533,117.2549,0.942385,62,29,0.512,1.663,0.128243,0.134463,direct+peer,0.0713,20,direct=0.44;peer=0.56;history=0.00 (leg not built),0.9946,
WMT,2026-08-07,2027-01-15,161,113.4403,0.983121,80,28,0.353,1.719,0.039783,0.039828,direct+peer,0.0064,20,direct=0.44;peer=0.56;history=0.00 (leg not built),0.9967,
WMT,2026-08-07,2027-03-19,224,114.1636,0.976383,56,21,0.657,1.620,0.059322,0.058472,direct+peer,0.0612,20,direct=0.44;peer=0.56;history=0.00 (leg not built),0.9979,
WMT,2026-08-07,2027-06-17,314,114.7931,0.966854,68,27,0.610,1.612,0.077848,0.080071,direct+peer,0.0912,20,direct=0.44;peer=0.56;history=0.00 (leg not built),0.9990,
WMT,2026-08-07,2027-09-17,406,116.3062,0.957002,44,17,0.688,1.419,0.098339,0.103968,peer,0.1663,20,peer=1.00;history=0.00 (leg not built),0.9916,
WMT,2026-08-07,2027-12-17,497,117.0502,0.947065,62,30,0.470,1.666,0.118425,0.125440,direct+peer,0.0752,20,direct=0.44;peer=0.56;history=0.00 (leg not built),0.9952,
WMT,2026-08-07,2028-01-21,532,117.4385,0.943217,62,29,0.468,1.660,0.127672,0.135953,direct+peer,0.0738,20,direct=0.44;peer=0.56;history=0.00 (leg not built),0.9951,
WMT,2026-08-10,2027-01-15,158,114.1610,0.983317,80,34,0.350,1.708,0.038881,0.039110,direct+peer,0.0084,20,direct=0.44;peer=0.56;history=0.00 (leg not built),0.9976,
WMT,2026-08-10,2027-03-19,221,114.9573,0.976485,56,25,0.609,1.653,0.055992,0.055906,direct+peer,0.0445,20,direct=0.44;peer=0.56;history=0.00 (leg not built),0.9961,
WMT,2026-08-10,2027-06-17,311,115.8963,0.966911,68,29,0.604,1.683,0.076287,0.076005,direct+peer,0.0415,20,direct=0.44;peer=0.56;history=0.00 (leg not built),0.9986,
WMT,2026-08-10,2027-09-17,403,117.2292,0.956992,44,22,0.512,1.407,0.090751,0.101040,direct+peer,0.1252,20,direct=0.44;peer=0.56;history=0.00 (leg not built),0.9883,
WMT,2026-08-10,2027-12-17,494,117.9582,0.946894,62,31,0.466,1.653,0.119729,0.125903,direct+peer,0.0681,20,direct=0.44;peer=0.56;history=0.00 (leg not built),0.9955,
WMT,2026-08-10,2028-01-21,529,118.4181,0.942976,62,31,0.464,1.647,0.125349,0.131563,direct+peer,0.0628,20,direct=0.44;peer=0.56;history=0.00 (leg not built),0.9953,
WMT,2026-08-11,2027-01-15,157,114.7289,0.983468,80,34,0.349,1.700,0.037370,0.037164,direct+peer,0.0068,20,direct=0.44;peer=0.56;history=0.00 (leg not built),0.9972,
WMT,2026-08-11,2027-03-19,220,115.4778,0.976648,56,26,0.520,1.689,0.053806,0.054452,direct+peer,0.0381,20,direct=0.44;peer=0.56;history=0.00 (leg not built),0.9959,
WMT,2026-08-11,2027-06-17,310,116.4304,0.967096,68,31,0.515,1.675,0.074406,0.075649,direct+peer,0.0326,20,direct=0.44;peer=0.56;history=0.00 (leg not built),0.9979,
WMT,2026-08-11,2027-09-17,402,117.3767,0.957224,44,19,0.554,1.406,0.086714,0.095187,direct+peer,0.1385,20,direct=0.44;peer=0.56;history=0.00 (leg not built),0.9912,
WMT,2026-08-11,2027-12-17,493,118.4516,0.947215,62,29,0.464,1.646,0.117322,0.122389,direct+peer,0.0527,20,direct=0.44;peer=0.56;history=0.00 (leg not built),0.9951,
WMT,2026-08-11,2028-01-21,528,118.4452,0.943336,62,30,0.464,1.646,0.126738,0.134098,direct+peer,0.0638,20,direct=0.44;peer=0.56;history=0.00 (leg not built),0.9901,
WMT,2026-08-12,2027-01-15,156,117.2960,0.983578,80,31,0.341,1.662,0.036441,0.036612,direct+peer,0.0053,20,direct=0.44;peer=0.56;history=0.00 (leg not built),0.9983,
WMT,2026-08-12,2027-03-19,219,118.0548,0.976754,56,22,0.508,1.609,0.052066,0.052660,direct+peer,0.0286,20,direct=0.44;peer=0.56;history=0.00 (leg not built),0.9982,
WMT,2026-08-12,2027-06-17,309,118.8713,0.967203,68,27,0.631,1.598,0.074498,0.073599,direct+peer,0.0488,20,direct=0.44;peer=0.56;history=0.00 (leg not built),0.9974,
WMT,2026-08-12,2027-09-17,401,119.5386,0.957333,44,17,0.669,1.380,0.091659,0.098246,direct+peer,0.1736,20,direct=0.44;peer=0.56;history=0.00 (leg not built),0.9945,
WMT,2026-08-12,2027-12-17,492,120.9940,0.947326,62,28,0.579,1.612,0.118780,0.122836,direct+peer,0.0858,20,direct=0.44;peer=0.56;history=0.00 (leg not built),0.9927,
WMT,2026-08-12,2028-01-21,527,121.5634,0.943447,62,29,0.535,1.604,0.123691,0.129433,direct+peer,0.0787,20,direct=0.44;peer=0.56;history=0.00 (leg not built),0.9962,
XOM,2026-08-06,2027-01-15,162,154.9491,0.982886,74,26,0.323,1.549,0.040316,0.040631,direct+peer,0.0169,20,direct=0.44;peer=0.56;history=0.00 (leg not built),0.9971,
XOM,2026-08-06,2027-03-19,225,154.9334,0.976077,62,26,0.645,1.678,0.057810,0.057013,direct+peer,0.0351,20,direct=0.44;peer=0.56;history=0.00 (leg not built),0.9970,
XOM,2026-08-06,2027-06-17,315,155.6933,0.966391,72,28,0.578,1.606,0.079556,0.082146,direct+peer,0.0675,20,direct=0.44;peer=0.56;history=0.00 (leg not built),0.9981,
XOM,2026-08-06,2027-12-17,498,156.8176,0.946290,72,29,0.574,1.658,0.122837,0.126535,peer,0.0762,20,peer=1.00;history=0.00 (leg not built),0.9920,
XOM,2026-08-06,2028-01-21,533,157.2390,0.942385,70,31,0.509,1.654,0.128295,0.136179,direct+peer,0.0878,20,direct=0.44;peer=0.56;history=0.00 (leg not built),0.9952,
XOM,2026-08-07,2027-01-15,161,153.0928,0.983121,74,26,0.327,1.502,0.040076,0.040725,direct+peer,0.0183,20,direct=0.44;peer=0.56;history=0.00 (leg not built),0.9993,
XOM,2026-08-07,2027-03-19,224,153.2538,0.976383,62,28,0.587,1.631,0.057417,0.059703,direct+peer,0.0591,20,direct=0.44;peer=0.56;history=0.00 (leg not built),0.9967,
XOM,2026-08-07,2027-06-17,314,153.8933,0.966854,72,27,0.617,1.625,0.080748,0.082408,direct+peer,0.0764,20,direct=0.44;peer=0.56;history=0.00 (leg not built),0.9960,
XOM,2026-08-07,2027-12-17,497,155.0686,0.947065,72,30,0.548,1.677,0.122730,0.127190,direct+peer,0.0888,20,direct=0.44;peer=0.56;history=0.00 (leg not built),0.9925,
XOM,2026-08-07,2028-01-21,532,155.2969,0.943217,70,32,0.483,1.674,0.129489,0.135895,peer,0.0742,20,peer=1.00;history=0.00 (leg not built),0.9956,
XOM,2026-08-10,2027-01-15,158,160.1424,0.983317,74,29,0.312,1.561,0.039926,0.040036,direct+peer,0.0139,20,direct=0.44;peer=0.56;history=0.00 (leg not built),0.9966,
XOM,2026-08-10,2027-03-19,221,160.4967,0.976485,62,27,0.623,1.620,0.057046,0.057391,peer,0.0465,20,peer=1.00;history=0.00 (leg not built),0.9951,
XOM,2026-08-10,2027-06-17,311,161.1635,0.966911,72,29,0.558,1.613,0.078855,0.085449,direct+peer,0.1924,20,direct=0.44;peer=0.56;history=0.00 (leg not built),0.9945,
XOM,2026-08-10,2027-12-17,494,162.4179,0.946894,72,32,0.462,1.601,0.119157,0.126680,direct+peer,0.0983,20,direct=0.44;peer=0.56;history=0.00 (leg not built),0.9884,
XOM,2026-08-10,2028-01-21,529,162.6935,0.942976,70,32,0.461,1.598,0.126797,0.143101,direct+peer,0.1985,20,direct=0.44;peer=0.56;history=0.00 (leg not built),0.9894,
XOM,2026-08-11,2027-01-15,157,160.1881,0.983468,74,25,0.312,1.561,0.039158,0.038897,direct+peer,0.0122,20,direct=0.44;peer=0.56;history=0.00 (leg not built),0.9988,
XOM,2026-08-11,2027-03-19,220,160.4300,0.976648,62,26,0.654,1.621,0.056584,0.055372,direct+peer,0.0455,20,direct=0.44;peer=0.56;history=0.00 (leg not built),0.9968,
XOM,2026-08-11,2027-06-17,310,161.0444,0.967096,72,28,0.590,1.614,0.077080,0.079564,direct+peer,0.0916,20,direct=0.44;peer=0.56;history=0.00 (leg not built),0.9952,
XOM,2026-08-11,2027-12-17,493,162.4546,0.947215,72,31,0.400,1.600,0.118402,0.123671,peer,0.0562,20,peer=1.00;history=0.00 (leg not built),0.9957,
XOM,2026-08-11,2028-01-21,528,162.7615,0.943336,70,32,0.461,1.597,0.125300,0.140309,direct+peer,0.1899,20,direct=0.44;peer=0.56;history=0.00 (leg not built),0.9925,
XOM,2026-08-12,2027-01-15,156,160.2033,0.983578,74,26,0.312,1.436,0.037162,0.038073,direct+peer,0.0387,20,direct=0.44;peer=0.56;history=0.00 (leg not built),0.9973,
XOM,2026-08-12,2027-03-19,219,160.4658,0.976754,62,25,0.654,1.558,0.055387,0.054714,peer,0.0495,20,peer=1.00;history=0.00 (leg not built),0.9967,
XOM,2026-08-12,2027-06-17,309,160.9460,0.967203,72,28,0.590,1.615,0.077975,0.078978,direct+peer,0.0609,20,direct=0.44;peer=0.56;history=0.00 (leg not built),0.9972,
XOM,2026-08-12,2027-12-17,492,161.8790,0.947326,72,29,0.494,1.606,0.118027,0.125725,direct+peer,0.0911,20,direct=0.44;peer=0.56;history=0.00 (leg not built),0.9944,
XOM,2026-08-12,2028-01-21,527,162.2789,0.943447,70,32,0.462,1.602,0.124986,0.134052,direct+peer,0.1105,20,direct=0.44;peer=0.56;history=0.00 (leg not built),0.9928,
ZTS,2026-08-06,2027-01-15,162,78.2026,0.982886,84,13,0.639,1.534,0.075487,0.076445,direct+peer,0.1019,20,direct=0.44;peer=0.56;history=0.00 (leg not built),0.9911,
ZTS,2026-08-06,2027-03-19,225,78.3266,0.976077,64,15,0.638,1.532,0.108107,0.112459,direct+peer,0.1078,20,direct=0.44;peer=0.56;history=0.00 (leg not built),0.9887,
ZTS,2026-08-06,2027-06-17,315,78.9307,0.966391,32,13,0.507,1.457,0.136384,0.156881,peer,0.1624,20,peer=1.00;history=0.00 (leg not built),0.9956,
ZTS,2026-08-06,2028-01-21,533,81.4149,0.942385,70,30,0.614,2.457,0.300429,0.353252,direct+peer,0.3413,20,direct=0.44;peer=0.56;history=0.00 (leg not built),0.9927,
ZTS,2026-08-07,2027-01-15,161,73.7624,0.983121,84,14,0.678,1.830,0.079687,0.078371,direct+peer,0.0342,20,direct=0.44;peer=0.56;history=0.00 (leg not built),0.9906,
ZTS,2026-08-07,2027-03-19,224,73.9758,0.976383,64,16,0.608,1.622,0.112971,0.121038,direct+peer,0.1220,20,direct=0.44;peer=0.56;history=0.00 (leg not built),0.9850,
ZTS,2026-08-07,2027-06-17,314,74.9655,0.966854,32,14,0.534,1.534,0.147095,0.166091,direct+peer,0.1522,20,direct=0.44;peer=0.56;history=0.00 (leg not built),0.9892,
ZTS,2026-08-07,2028-01-21,532,76.9967,0.943217,70,31,0.520,2.857,0.306786,0.319775,direct+peer,0.1433,20,direct=0.44;peer=0.56;history=0.00 (leg not built),0.9867,
ZTS,2026-08-10,2027-01-15,158,75.3729,0.983317,84,14,0.597,1.592,0.070418,0.071565,direct+peer,0.0518,20,direct=0.44;peer=0.56;history=0.00 (leg not built),0.9867,
ZTS,2026-08-10,2027-03-19,221,76.0753,0.976485,64,18,0.592,1.709,0.105705,0.108676,direct+peer,0.0575,20,direct=0.44;peer=0.56;history=0.00 (leg not built),0.9991,
ZTS,2026-08-10,2027-06-17,311,76.5341,0.966911,32,14,0.523,1.437,0.128716,0.148061,direct+peer,0.1616,20,direct=0.44;peer=0.56;history=0.00 (leg not built),0.9870,
ZTS,2026-08-10,2028-01-21,529,78.1088,0.942976,70,31,0.512,2.817,0.288258,0.297085,direct+peer,0.1000,20,direct=0.44;peer=0.56;history=0.00 (leg not built),0.9895,
ZTS,2026-08-11,2027-01-15,157,75.9151,0.983468,84,15,0.659,1.581,0.070441,0.070939,direct+peer,0.0648,20,direct=0.44;peer=0.56;history=0.00 (leg not built),0.9962,
ZTS,2026-08-11,2027-03-19,220,75.9556,0.976648,64,18,0.592,1.712,0.105577,0.113984,direct+peer,0.1586,20,direct=0.44;peer=0.56;history=0.00 (leg not built),0.9962,
ZTS,2026-08-11,2027-06-17,310,77.2254,0.967096,32,16,0.518,1.489,0.130450,0.154644,direct+peer,0.1984,20,direct=0.44;peer=0.56;history=0.00 (leg not built),0.9871,
ZTS,2026-08-11,2028-01-21,528,78.6572,0.943336,70,31,0.572,2.797,0.286564,0.287687,direct+peer,0.0876,20,direct=0.44;peer=0.56;history=0.00 (leg not built),0.9955,
ZTS,2026-08-12,2027-01-15,156,74.1697,0.983578,84,14,0.674,1.550,0.067227,0.068968,direct+peer,0.0821,20,direct=0.44;peer=0.56;history=0.00 (leg not built),0.9854,
ZTS,2026-08-12,2027-03-19,219,74.4198,0.976754,64,16,0.605,1.612,0.100262,0.105471,peer,0.0823,20,peer=1.00;history=0.00 (leg not built),0.9936,
ZTS,2026-08-12,2027-06-17,309,74.9138,0.967203,32,16,0.534,1.535,0.134165,0.149514,peer,0.1273,20,peer=1.00;history=0.00 (leg not built),0.9881,
ZTS,2026-08-12,2028-01-21,527,77.1729,0.943447,70,32,0.518,2.851,0.292142,0.296122,direct+peer,0.0903,20,direct=0.44;peer=0.56;history=0.00 (leg not built),0.9922,
