field,value
intrinsic_value_ps,46.224704012854765
current_price_real_ps,23.1713004475948
equity_enterprise_tie,0
normal_no_growth_value_ps,46.8116480731723
pvgo_ps,-23.6403476255775
implied_real_eps_growth,-0.0617614591940907
growth_premium_turns,-0.399268743143058
economic_rnoa,0.0613464773133924
real_coe_longrun,0.0459585535564359
economic_noa,345771.432603357
upside_downside,0.9949119436519553
