field,value
intrinsic_value_ps,45.53914243836817
current_price_real_ps,22.8799416427753
equity_enterprise_tie,0
normal_no_growth_value_ps,46.0129513657732
pvgo_ps,-23.1330097229979
implied_real_eps_growth,-0.0623311079193059
growth_premium_turns,-0.403549823184179
economic_rnoa,0.0613464773133924
real_coe_longrun,0.046760637970236
economic_noa,345771.432603357
upside_downside,0.9903522110926304
