field,value
intrinsic_value_ps,46.224704012854765
current_price_real_ps,22.8486093811637
equity_enterprise_tie,0
normal_no_growth_value_ps,46.8116480731723
pvgo_ps,-23.9630386920085
implied_real_eps_growth,-0.063282789670294
growth_premium_turns,-0.399268743143058
economic_rnoa,0.0613464773133924
real_coe_longrun,0.0459585535564359
economic_noa,345771.432603357
upside_downside,1.0230860986648151
