field,value
intrinsic_value_ps,35.9703837554789
current_price_real_ps,22.7028779318078
equity_enterprise_tie,0
normal_no_growth_value_ps,30.8997113869586
pvgo_ps,-8.1968334551508
implied_real_eps_growth,-0.0468608575979394
growth_premium_turns,-0.775636450958427
economic_rnoa,0.0613464773133924
real_coe_longrun,0.0694623836832437
economic_noa,345771.432603357
upside_downside,0.5843975316046912
