field,value
intrinsic_value_ps,48.02424594357466
current_price_real_ps,23.1713004475948
equity_enterprise_tie,0
normal_no_growth_value_ps,48.9483599706904
pvgo_ps,-25.7770595230956
implied_real_eps_growth,-0.0638618434085584
growth_premium_turns,-0.432783162157886
economic_rnoa,0.0613464773133924
real_coe_longrun,0.0438581693419681
economic_noa,345771.432603357
upside_downside,1.0725744785964149
