Date,Open,High,Low,Close,Adj Close,Volume
1986-03-13,,,,27.993600845336914,0.05909999832510948,1031788800
1986-03-14,,,,29.00160026550293,0.06129999831318855,308160000
1986-03-17,,,,29.491199493408203,0.062300000339746475,133171200
1986-03-18,,,,28.742399215698242,0.06069999933242798,67766400
1986-03-19,,,,28.25279998779297,0.059700001031160355,47894400
1986-03-20,,,,27.503999710083008,0.05810000002384186,58435200
1986-03-21,,,,26.755199432373047,0.05649999901652336,59990400
1986-03-24,,,,26.006399154663086,0.05490000173449516,65289600
1986-03-25,,,,26.496000289916992,0.0560000017285347,32083200
1986-03-26,,,,27.244800567626953,0.057500001043081284,22752000
1986-03-27,,,,27.763200759887695,0.05860000103712082,16848000
1986-03-31,,,,27.503999710083008,0.05810000002384186,12873600
1986-04-01,,,,27.244800567626953,0.057500001043081284,11088000
1986-04-02,,,,27.503999710083008,0.05810000002384186,27014400
1986-04-03,,,,27.763200759887695,0.05860000103712082,23040000
1986-04-04,,,,27.763200759887695,0.05860000103712082,26582400
1986-04-07,,,,27.244800567626953,0.057500001043081284,16560000
1986-04-08,,,,27.503999710083008,0.05810000002384186,10252800
1986-04-09,,,,27.993600845336914,0.05909999832510948,12153600
1986-04-10,,,,28.25279998779297,0.059700001031160355,13881600
1986-04-11,,,,28.742399215698242,0.06069999933242798,17222400
1986-04-14,,,,29.00160026550293,0.06129999831318855,12153600
1986-04-15,,,,29.00160026550293,0.06129999831318855,9302400
1986-04-16,,,,30.009599685668945,0.06340000033378601,31910400
1986-04-17,,,,30.239999771118164,0.06390000134706497,22003200
1986-04-18,,,,29.260799407958984,0.061799999326467514,21628800
1986-04-21,,,,29.260799407958984,0.061799999326467514,22924800
1986-04-22,,,,28.742399215698242,0.06069999933242798,15552000
1986-04-23,,,,28.88640022277832,0.061000000685453415,15609600
1986-04-24,,,,31.737600326538086,0.06700000166893005,62352000
1986-04-25,,,,33.75360107421875,0.07129999995231628,85795200
1986-04-28,,,,34.01279830932617,0.07180000096559525,28886400
1986-04-29,,,,33.004798889160156,0.06970000267028809,30326400
1986-04-30,,,,32.25600051879883,0.06809999793767929,30902400
1986-05-01,,,,31.737600326538086,0.06700000166893005,54345600
1986-05-02,,,,31.737600326538086,0.06700000166893005,20246400
1986-05-05,,,,31.507200241088867,0.06650000065565109,3254400
1986-05-06,,,,31.737600326538086,0.06700000166893005,9734400
1986-05-07,,,,31.737600326538086,0.06700000166893005,5155200
1986-05-08,,,,31.99679946899414,0.06759999692440033,3542400
1986-05-09,,,,31.737600326538086,0.06700000166893005,6076800
1986-05-12,,,,31.99679946899414,0.06759999692440033,10483200
1986-05-13,,,,32.25600051879883,0.06809999793767929,3830400
1986-05-14,,,,31.99679946899414,0.06759999692440033,9302400
1986-05-15,,,,31.99679946899414,0.06759999692440033,3801600
1986-05-16,,,,32.25600051879883,0.06809999793767929,11952000
1986-05-19,,,,31.737600326538086,0.06700000166893005,11001600
1986-05-20,,,,31.507200241088867,0.06650000065565109,61977600
1986-05-21,,,,30.988800048828125,0.06549999862909317,8092800
1986-05-22,,,,30.988800048828125,0.06549999862909317,4406400
1986-05-23,,,,30.988800048828125,0.06549999862909317,4089600
1986-05-27,,,,31.99679946899414,0.06759999692440033,13881600
1986-05-28,,,,33.004798889160156,0.06970000267028809,15523200
1986-05-29,,,,33.75360107421875,0.07129999995231628,45676800
1986-05-30,,,,34.992000579833984,0.0738999992609024,27072000
1986-06-02,,,,34.01279830932617,0.07180000096559525,19728000
1986-06-03,,,,34.01279830932617,0.07180000096559525,5011200
1986-06-04,,,,33.75360107421875,0.07129999995231628,4723200
1986-06-05,,,,34.24319839477539,0.0723000019788742,13708800
1986-06-06,,,,34.24319839477539,0.0723000019788742,3427200
1986-06-09,,,,32.745601654052734,0.06920000165700912,12672000
1986-06-10,,,,32.745601654052734,0.06920000165700912,3427200
1986-06-11,,,,32.745601654052734,0.06920000165700912,2304000
1986-06-12,,,,31.507200241088867,0.06650000065565109,13708800
1986-06-13,,,,31.507200241088867,0.06650000065565109,7891200
1986-06-16,,,,31.24799919128418,0.06599999964237213,9590400
1986-06-17,,,,31.737600326538086,0.06700000166893005,13075200
1986-06-18,,,,31.507200241088867,0.06650000065565109,4348800
1986-06-19,,,,31.24799919128418,0.06599999964237213,8467200
1986-06-20,,,,31.36319923400879,0.06620000302791595,3801600
1986-06-23,,,,31.737600326538086,0.06700000166893005,46195200
1986-06-24,,,,31.507200241088867,0.06650000065565109,14572800
1986-06-25,,,,30.988800048828125,0.06549999862909317,15235200
1986-06-26,,,,30.009599685668945,0.06340000033378601,19152000
1986-06-27,,,,29.75040054321289,0.06279999762773514,10396800
1986-06-30,,,,30.758399963378906,0.06499999761581421,62352000
1986-07-01,,,,30.758399963378906,0.06499999761581421,47577600
1986-07-02,,,,30.758399963378906,0.06499999761581421,52617600
1986-07-03,,,,31.24799919128418,0.06599999964237213,14140800
1986-07-07,,,,30.009599685668945,0.06340000033378601,14054400
1986-07-08,,,,29.260799407958984,0.061799999326467514,14256000
1986-07-09,,,,27.993600845336914,0.05909999832510948,46137600
1986-07-10,,,,27.244800567626953,0.057500001043081284,46886400
1986-07-11,,,,27.993600845336914,0.05909999832510948,17395200
1986-07-14,,,,27.619199752807617,0.05829999968409538,28598400
1986-07-15,,,,27.993600845336914,0.05909999832510948,13190400
1986-07-16,,,,29.00160026550293,0.06129999831318855,9360000
1986-07-17,,,,29.491199493408203,0.062300000339746475,6940800
1986-07-18,,,,29.75040054321289,0.06279999762773514,12326400
1986-07-21,,,,29.75040054321289,0.06279999762773514,3513600
1986-07-22,,,,30.758399963378906,0.06499999761581421,10512000
1986-07-23,,,,30.009599685668945,0.06340000033378601,20793600
1986-07-24,,,,30.988800048828125,0.06549999862909317,14140800
1986-07-25,,,,31.24799919128418,0.06599999964237213,20448000
1986-07-28,,,,30.49920082092285,0.06440000236034393,11808000
1986-07-29,,,,29.75040054321289,0.06279999762773514,14054400
1986-07-30,,,,28.742399215698242,0.06069999933242798,26409600
1986-07-31,,,,28.511999130249023,0.06019999831914902,15638400
1986-08-01,,,,28.25279998779297,0.059700001031160355,12902400
1986-08-04,,,,28.25279998779297,0.059700001031160355,12441600
1986-08-05,,,,27.993600845336914,0.05909999832510948,2822400
1986-08-06,,,,27.763200759887695,0.05860000103712082,18316800
1986-08-07,,,,27.503999710083008,0.05810000002384186,3657600
1986-08-08,,,,27.763200759887695,0.05860000103712082,4147200
1986-08-11,,,,28.742399215698242,0.06069999933242798,7948800
1986-08-12,,,,29.491199493408203,0.062300000339746475,9993600
1986-08-13,,,,29.75040054321289,0.06279999762773514,6883200
1986-08-14,,,,30.49920082092285,0.06440000236034393,20131200
1986-08-15,,,,30.61440086364746,0.06469999998807907,6105600
1986-08-18,,,,30.239999771118164,0.06390000134706497,12787200
1986-08-19,,,,30.239999771118164,0.06390000134706497,20390400
1986-08-20,,,,30.009599685668945,0.06340000033378601,20764800
1986-08-21,,,,30.009599685668945,0.06340000033378601,49536000
1986-08-22,,,,29.491199493408203,0.062300000339746475,5760000
1986-08-25,,,,29.491199493408203,0.062300000339746475,2419200
1986-08-26,,,,29.260799407958984,0.061799999326467514,10857600
1986-08-27,,,,29.260799407958984,0.061799999326467514,9532800
1986-08-28,,,,29.260799407958984,0.061799999326467514,3427200
1986-08-29,,,,28.511999130249023,0.06019999831914902,25430400
1986-09-02,,,,27.763200759887695,0.05860000103712082,5212800
1986-09-03,,,,27.014400482177734,0.057100001722574234,18316800
1986-09-04,,,,29.260799407958984,0.061799999326467514,39427200
1986-09-05,,,,30.49920082092285,0.06440000236034393,26352000
1986-09-08,,,,30.239999771118164,0.06390000134706497,9619200
1986-09-09,,,,30.758399963378906,0.06499999761581421,37526400
1986-09-10,,,,30.239999771118164,0.06390000134706497,10886400
1986-09-11,,,,29.00160026550293,0.06129999831318855,35654400
1986-09-12,,,,28.25279998779297,0.059700001031160355,24451200
1986-09-15,,,,28.742399215698242,0.06069999933242798,22492800
1986-09-16,,,,28.742399215698242,0.06069999933242798,5184000
1986-09-17,,,,29.491199493408203,0.062300000339746475,8035200
1986-09-18,,,,29.75040054321289,0.06279999762773514,5356800
1986-09-19,,,,29.75040054321289,0.06279999762773514,2505600
1986-09-22,,,,29.491199493408203,0.062300000339746475,4492800
1986-09-23,,,,30.009599685668945,0.06340000033378601,5961600
1986-09-24,,,,29.63520050048828,0.06260000169277191,4780800
1986-09-25,,,,29.00160026550293,0.06129999831318855,5155200
1986-09-26,,,,29.00160026550293,0.06129999831318855,2332800
1986-09-29,,,,28.25279998779297,0.059700001031160355,6192000
1986-09-30,,,,28.25279998779297,0.059700001031160355,5184000
1986-10-01,,,,27.993600845336914,0.05909999832510948,32428800
1986-10-02,,,,27.993600845336914,0.05909999832510948,22723200
1986-10-03,,,,28.25279998779297,0.059700001031160355,14716800
1986-10-06,,,,30.49920082092285,0.06440000236034393,85334400
1986-10-07,,,,31.13279914855957,0.0658000037074089,59788800
1986-10-08,,,,31.99679946899414,0.06759999692440033,119606400
1986-10-09,,,,33.004798889160156,0.06970000267028809,92563200
1986-10-10,,,,34.50239944458008,0.07289999723434448,76752000
1986-10-13,,,,33.004798889160156,0.06970000267028809,27129600
1986-10-14,,,,33.49440002441406,0.07069999724626541,12873600
1986-10-15,,,,34.992000579833984,0.0738999992609024,63532800
1986-10-16,,,,34.992000579833984,0.0738999992609024,21859200
1986-10-17,,,,36.0,0.07599999755620956,124444800
1986-10-20,,,,36.25920104980469,0.07660000026226044,43545600
1986-10-21,,,,37.75680160522461,0.07970000058412552,112377600
1986-10-22,,,,37.75680160522461,0.07970000058412552,54576000
1986-10-23,,,,37.75680160522461,0.07970000058412552,70444800
1986-10-24,,,,37.49760055541992,0.07919999957084656,101376000
1986-10-27,,,,38.736000061035156,0.08179999887943268,125654400
1986-10-28,,,,39.62879943847656,0.08370000123977661,142646400
1986-10-29,,,,38.50559997558594,0.08129999786615372,53222400
1986-10-30,,,,39.254398345947266,0.08290000259876251,44380800
1986-10-31,,,,38.736000061035156,0.08179999887943268,63734400
1986-11-03,,,,39.51359939575195,0.08349999785423279,42192000
1986-11-04,,,,41.011199951171875,0.08659999817609787,54403200
1986-11-05,,,,43.487998962402344,0.09179999679327011,45100800
1986-11-06,,,,44.49599838256836,0.09399999678134918,72576000
1986-11-07,,,,44.23680114746094,0.0934000015258789,44323200
1986-11-10,,,,42.5088005065918,0.08980000019073486,28684800
1986-11-11,,,,42.739200592041016,0.09030000120401382,11894400
1986-11-12,,,,42.739200592041016,0.09030000120401382,34156800
1986-11-13,,,,42.1343994140625,0.08900000154972076,30211200
1986-11-14,,,,42.5088005065918,0.08980000019073486,18720000
1986-11-17,,,,42.739200592041016,0.09030000120401382,24307200
1986-11-18,,,,40.492801666259766,0.08550000190734863,59673600
1986-11-19,,,,41.99039840698242,0.08869999647140503,48729600
1986-11-20,,,,45.24480056762695,0.09560000151395798,98179200
1986-11-21,,,,46.742401123046875,0.09870000183582306,91065600
1986-11-24,,,,50.48640060424805,0.10660000145435333,173836800
1986-11-25,,,,51.004798889160156,0.10769999772310257,95788800
1986-11-26,,,,50.48640060424805,0.10660000145435333,38793600
1986-11-28,,,,49.73759841918945,0.10499999672174454,41328000
1986-12-01,,,,48.758399963378906,0.10300000011920929,40291200
1986-12-02,,,,48.988800048828125,0.10350000113248825,28771200
1986-12-03,,,,48.61439895629883,0.10270000249147415,35164800
1986-12-04,,,,49.24800109863281,0.10400000214576721,42508800
1986-12-05,,,,48.988800048828125,0.10350000113248825,107510400
1986-12-08,,,,48.49919891357422,0.10239999741315842,22665600
1986-12-09,,,,48.2400016784668,0.10189999639987946,16099200
1986-12-10,,,,48.61439895629883,0.10270000249147415,27590400
1986-12-11,,,,48.988800048828125,0.10350000113248825,11635200
1986-12-12,,,,47.260799407958984,0.0997999981045723,25286400
1986-12-15,,,,45.99359893798828,0.09709999710321426,50774400
1986-12-16,,,,46.512001037597656,0.0982000008225441,77299200
1986-12-17,,,,47.0015983581543,0.09929999709129333,23356800
1986-12-18,,,,47.375999450683594,0.10010000318288803,12672000
1986-12-19,,,,48.49919891357422,0.10239999741315842,56592000
1986-12-22,,,,48.988800048828125,0.10350000113248825,18316800
1986-12-23,,,,49.507198333740234,0.10459999740123749,23788800
1986-12-24,,,,49.36320114135742,0.10429999977350235,7027200
1986-12-26,,,,49.24800109863281,0.10400000214576721,3715200
1986-12-29,,,,47.260799407958984,0.0997999981045723,41702400
1986-12-30,,,,47.75040054321289,0.10090000182390213,25401600
1986-12-31,,,,48.2400016784668,0.10189999639987946,23356800
1987-01-02,,,,47.75040054321289,0.10090000182390213,12643200
1987-01-05,,,,50.48640060424805,0.10660000145435333,48499200
1987-01-06,,,,51.263999938964844,0.10830000042915344,40032000
1987-01-07,,,,54.0,0.11410000175237656,60998400
1987-01-08,,,,55.75680160522461,0.11779999732971191,61488000
1987-01-09,,,,58.00320053100586,0.12250000238418579,63705600
1987-01-12,,,,61.74720001220703,0.13040000200271606,128793600
1987-01-13,,,,59.99039840698242,0.1266999989748001,76320000
1987-01-14,,,,59.99039840698242,0.1266999989748001,69465600
1987-01-15,,,,63.24480056762695,0.13359999656677246,117014400
1987-01-16,,,,61.74720001220703,0.13040000200271606,65433600
1987-01-19,,,,63.99359893798828,0.13519999384880066,88243200
1987-01-20,,,,65.00160217285156,0.13729999959468842,95760000
1987-01-21,,,,67.73760223388672,0.14309999346733093,108489600
1987-01-22,,,,74.50559997558594,0.1573999971151352,116035200
1987-01-23,,,,67.5072021484375,0.14259999990463257,317894400
1987-01-26,,,,68.74559783935547,0.1451999992132187,116553600
1987-01-27,,,,71.5103988647461,0.1509999930858612,114105600
1987-01-28,,,,71.74079895019531,0.15150000154972076,76723200
1987-01-29,,,,68.74559783935547,0.1451999992132187,79228800
1987-01-30,,,,73.12319946289062,0.15440000593662262,104169600
1987-02-02,,,,73.00800323486328,0.1542000025510788,46915200
1987-02-03,,,,71.74079895019531,0.15150000154972076,59328000
1987-02-04,,,,72.0,0.15209999680519104,31737600
1987-02-05,,,,71.5103988647461,0.1509999930858612,42652800
1987-02-06,,,,68.86080169677734,0.1454000025987625,45619200
1987-02-09,,,,68.25599670410156,0.14419999718666077,136080000
1987-02-10,,,,68.48639678955078,0.1446000039577484,44668800
1987-02-11,,,,71.74079895019531,0.15150000154972076,60307200
1987-02-12,,,,76.75199890136719,0.16210000216960907,185731200
1987-02-13,,,,76.0031967163086,0.16050000488758087,81763200
1987-02-17,,,,76.4927978515625,0.1615999937057495,70732800
1987-02-18,,,,71.74079895019531,0.15150000154972076,128592000
1987-02-19,,,,68.74559783935547,0.1451999992132187,317750400
1987-02-20,,,,67.9968032836914,0.1436000019311905,87897600
1987-02-23,,,,72.25920104980469,0.1526000052690506,125913600
1987-02-24,,,,75.74400329589844,0.1599999964237213,120816000
1987-02-25,,,,74.50559997558594,0.1573999971151352,65001600
1987-02-26,,,,77.2416000366211,0.163100004196167,145209600
1987-02-27,,,,76.75199890136719,0.16210000216960907,37555200
1987-03-02,,,,74.50559997558594,0.1573999971151352,79516800
1987-03-03,,,,74.50559997558594,0.1573999971151352,81100800
1987-03-04,,,,79.74720001220703,0.16840000450611115,98179200
1987-03-05,,,,83.49120330810547,0.17630000412464142,128188800
1987-03-06,,,,83.26080322265625,0.17589999735355377,63561600
1987-03-09,,,,81.76319885253906,0.17270000278949738,38275200
1987-03-10,,,,84.23999786376953,0.17790000140666962,74102400
1987-03-11,,,,85.5072021484375,0.18060000240802765,43862400
1987-03-12,,,,85.88159942626953,0.18140000104904175,71337600
1987-03-13,,,,82.74240112304688,0.17479999363422394,105120000
1987-03-16,,,,82.25279998779297,0.1737000048160553,88473600
1987-03-17,,,,84.98880004882812,0.17949999868869781,54547200
1987-03-18,,,,89.5103988647461,0.1890999972820282,119347200
1987-03-19,,,,91.2384033203125,0.19269999861717224,62812800
1987-03-20,,,,90.25920104980469,0.19059999287128448,38246400
1987-03-23,,,,89.62560272216797,0.18930000066757202,67478400
1987-03-24,,,,90.25920104980469,0.19059999287128448,69609600
1987-03-25,,,,89.88480377197266,0.18979999423027039,33840000
1987-03-26,,,,89.2511978149414,0.18850000202655792,33379200
1987-03-27,,,,91.75679779052734,0.19380000233650208,120873600
1987-03-30,,,,96.73919677734375,0.20430000126361847,186134400
1987-03-31,,,,96.73919677734375,0.20430000126361847,125337600
1987-04-01,,,,91.00800323486328,0.19220000505447388,259430400
1987-04-02,,,,95.01119995117188,0.20069999992847443,159955200
1987-04-03,,,,99.76319885253906,0.21070000529289246,155606400
1987-04-06,,,,99.24479675292969,0.20960000157356262,98956800
1987-04-07,,,,94.0031967163086,0.19850000739097595,73728000
1987-04-08,,,,96.73919677734375,0.20430000126361847,106214400
1987-04-09,,,,95.01119995117188,0.20069999992847443,71568000
1987-04-10,,,,95.61599731445312,0.20190000534057617,43372800
1987-04-13,,,,92.50559997558594,0.19539999961853027,50256000
1987-04-14,,,,94.0031967163086,0.19850000739097595,87379200
1987-04-15,,,,95.99040222167969,0.20270000398159027,95961600
1987-04-16,,,,98.49600219726562,0.20800000429153442,188092800
1987-04-20,,,,95.76000213623047,0.20229999721050262,100310400
1987-04-21,,,,97.25759887695312,0.2054000049829483,113184000
1987-04-22,,,,98.49600219726562,0.20800000429153442,74678400
1987-04-23,,,,98.49600219726562,0.20800000429153442,48326400
1987-04-24,,,,99.01439666748047,0.20909999310970306,54172800
1987-04-27,,,,99.01439666748047,0.20909999310970306,53107200
1987-04-28,,,,106.24320220947266,0.22439999878406525,111081600
1987-04-29,,,,103.24800109863281,0.21809999644756317,85161600
1987-04-30,,,,103.9968032836914,0.21960000693798065,88041600
1987-05-01,,,,105.00479888916016,0.22179999947547913,37843200
1987-05-04,,,,106.99199676513672,0.22599999606609344,34531200
1987-05-05,,,,115.74720001220703,0.24449999630451202,110995200
1987-05-06,,,,113.01119995117188,0.2387000024318695,153504000
1987-05-07,,,,118.25279998779297,0.24979999661445618,289699200
1987-05-08,,,,126.4896011352539,0.2671999931335449,150048000
1987-05-11,,,,123.00479888916016,0.259799987077713,127382400
1987-05-12,,,,118.74240112304688,0.2508000135421753,148464000
1987-05-13,,,,121.73760223388672,0.257099986076355,73382400
1987-05-14,,,,122.74559783935547,0.25920000672340393,59961600
1987-05-15,,,,119.26080322265625,0.25189998745918274,84326400
1987-05-18,,,,115.25759887695312,0.2433999925851822,172598400
1987-05-19,,,,111.25440216064453,0.23499999940395355,78336000
1987-05-20,,,,109.49759674072266,0.2312999963760376,228355200
1987-05-21,,,,111.51360321044922,0.23549999296665192,93312000
1987-05-22,,,,108.25920104980469,0.22869999706745148,64627200
1987-05-26,,,,109.49759674072266,0.2312999963760376,46886400
1987-05-27,,,,109.49759674072266,0.2312999963760376,48758400
1987-05-28,,,,116.23680114746094,0.24549999833106995,108662400
1987-05-29,,,,115.25759887695312,0.2433999925851822,80380800
1987-06-01,,,,113.01119995117188,0.2387000024318695,30326400
1987-06-02,,,,112.4927978515625,0.23759999871253967,51552000
1987-06-03,,,,113.2416000366211,0.23919999599456787,21628800
1987-06-04,,,,112.4927978515625,0.23759999871253967,20390400
1987-06-05,,,,109.2384033203125,0.23070000112056732,59270400
1987-06-08,,,,109.75679779052734,0.23180000483989716,111571200
1987-06-09,,,,109.00800323486328,0.23019999265670776,25833600
1987-06-10,,,,103.5072021484375,0.21860000491142273,176256000
1987-06-11,,,,97.48799896240234,0.20589999854564667,268704000
1987-06-12,,,,98.23680114746094,0.20749999582767487,196156800
1987-06-15,,,,98.23680114746094,0.20749999582767487,125222400
1987-06-16,,,,100.25279998779297,0.21170000731945038,73526400
1987-06-17,,,,103.73760223388672,0.2190999984741211,71078400
1987-06-18,,,,104.86080169677734,0.2214999943971634,56188800
1987-06-19,,,,104.48639678955078,0.2206999957561493,40809600
1987-06-22,,,,103.73760223388672,0.2190999984741211,87436800
1987-06-23,,,,102.7583999633789,0.21699999272823334,100771200
1987-06-24,,,,104.74559783935547,0.22120000422000885,82684800
1987-06-25,,,,104.48639678955078,0.2206999957561493,44035200
1987-06-26,,,,104.74559783935547,0.22120000422000885,21945600
1987-06-29,,,,104.25599670410156,0.22020000219345093,25632000
1987-06-30,,,,102.00959777832031,0.21549999713897705,38332800
1987-07-01,,,,102.49919891357422,0.21649999916553497,21945600
1987-07-02,,,,99.99359893798828,0.21119999885559082,56880000
1987-07-06,,,,97.48799896240234,0.20589999854564667,65491200
1987-07-07,,,,90.25920104980469,0.19059999287128448,197078400
1987-07-08,,,,93.25440216064453,0.19699999690055847,193449600
1987-07-09,,,,95.76000213623047,0.20229999721050262,92707200
1987-07-10,,,,96.99839782714844,0.20489999651908875,75830400
1987-07-13,,,,99.24479675292969,0.20960000157356262,48326400
1987-07-14,,,,105.00479888916016,0.22179999947547913,152812800
1987-07-15,,,,102.23999786376953,0.2159000039100647,96768000
1987-07-16,,,,102.00959777832031,0.21549999713897705,72979200
1987-07-17,,,,102.23999786376953,0.2159000039100647,51264000
1987-07-20,,,,99.50399780273438,0.2101999968290329,42019200
1987-07-21,,,,99.24479675292969,0.20960000157356262,36547200
1987-07-22,,,,99.99359893798828,0.21119999885559082,53366400
1987-07-23,,,,97.74720001220703,0.20640000700950623,148492800
1987-07-24,,,,98.49600219726562,0.20800000429153442,57744000
1987-07-27,,,,99.76319885253906,0.21070000529289246,41817600
1987-07-28,,,,99.50399780273438,0.2101999968290329,38160000
1987-07-29,,,,99.24479675292969,0.20960000157356262,27676800
1987-07-30,,,,96.99839782714844,0.20489999651908875,55555200
1987-07-31,,,,94.0031967163086,0.19850000739097595,186624000
1987-08-03,,,,91.75679779052734,0.19380000233650208,116352000
1987-08-04,,,,93.74400329589844,0.1979999989271164,135072000
1987-08-05,,,,97.25759887695312,0.2054000049829483,211190400
1987-08-06,,,,101.00160217285156,0.21330000460147858,152553600
1987-08-07,,,,103.5072021484375,0.21860000491142273,171014400
1987-08-10,,,,103.5072021484375,0.21860000491142273,56448000
1987-08-11,,,,101.49120330810547,0.21439999341964722,68544000
1987-08-12,,,,99.99359893798828,0.21119999885559082,42364800
1987-08-13,,,,102.98880004882812,0.2175000011920929,80640000
1987-08-14,,,,103.5072021484375,0.21860000491142273,50832000
1987-08-17,,,,104.25599670410156,0.22020000219345093,33667200
1987-08-18,,,,102.49919891357422,0.21649999916553497,46944000
1987-08-19,,,,102.49919891357422,0.21649999916553497,48902400
1987-08-20,,,,105.26399993896484,0.2222999930381775,82051200
1987-08-21,,,,106.99199676513672,0.22599999606609344,68976000
1987-08-24,,,,111.74400329589844,0.23600000143051147,97747200
1987-08-25,,,,114.73919677734375,0.24230000376701355,185961600
1987-08-26,,,,115.48799896240234,0.24390000104904175,114105600
1987-08-27,,,,115.74720001220703,0.24449999630451202,72432000
1987-08-28,,,,120.23999786376953,0.2540000081062317,114796800
1987-08-31,,,,118.74240112304688,0.2508000135421753,84326400
1987-09-01,,,,113.50080108642578,0.23970000445842743,93859200
1987-09-02,,,,114.99839782714844,0.24289999902248383,78393600
1987-09-03,,,,115.25759887695312,0.2433999925851822,70934400
1987-09-04,,,,112.0031967163086,0.23659999668598175,48355200
1987-09-08,,,,111.51360321044922,0.23549999296665192,96336000
1987-09-09,,,,112.75199890136719,0.23810000717639923,60710400
1987-09-10,,,,114.50879669189453,0.241799995303154,58176000
1987-09-11,,,,116.23680114746094,0.24549999833106995,41040000
1987-09-14,,,,119.26080322265625,0.25189998745918274,94464000
1987-09-15,,,,117.87840270996094,0.24899999797344208,39052800
1987-09-16,,,,116.75520324707031,0.24660000205039978,57715200
1987-09-17,,,,116.00640106201172,0.24500000476837158,69436800
1987-09-18,,,,114.99839782714844,0.24289999902248383,31651200
1987-09-21,,,,53.49760055541992,0.22599999606609344,85550400
1987-09-22,,,,57.254398345947266,0.241799995303154,82008000
1987-09-23,,,,60.24959945678711,0.25450000166893005,107697600
1987-09-24,,,,61.24480056762695,0.25870001316070557,118440000
1987-09-25,,,,62.00640106201172,0.26190000772476196,82454400
1987-09-28,,,,63.99359893798828,0.2703000009059906,95544000
1987-09-29,,,,64.25279998779297,0.27140000462532043,57412800
1987-09-30,,,,66.25599670410156,0.2799000144004822,85680000
1987-10-01,,,,68.50240325927734,0.28940001130104065,127224000
1987-10-02,,,,72.50559997558594,0.30630001425743103,131644800
1987-10-05,,,,78.99839782714844,0.3337000012397766,184320000
1987-10-06,,,,73.75679779052734,0.311599999666214,203040000
1987-10-07,,,,72.99520111083984,0.3082999885082245,125640000
1987-10-08,,,,72.0,0.30410000681877136,96940800
1987-10-09,,,,71.75679779052734,0.30309998989105225,93888000
1987-10-12,,,,71.49759674072266,0.3019999861717224,117187200
1987-10-13,,,,73.25440216064453,0.3093999922275543,96811200
1987-10-14,,,,71.2511978149414,0.3009999990463257,114220800
1987-10-15,,,,70.50240325927734,0.2978000044822693,128822400
1987-10-16,,,,64.7583999633789,0.273499995470047,210240000
1987-10-19,,,,45.24480056762695,0.19110000133514404,146880000
1987-10-20,,,,47.99679946899414,0.20270000398159027,324000000
1987-10-21,,,,56.62080001831055,0.23919999599456787,262080000
1987-10-22,,,,53.25120162963867,0.2249000072479248,223200000
1987-10-23,,,,48.25600051879883,0.2037999927997589,112766400
1987-10-26,,,,39.254398345947266,0.16580000519752502,148320000
1987-10-27,,,,41.257598876953125,0.17430000007152557,234720000
1987-10-28,,,,41.257598876953125,0.17430000007152557,149760000
1987-10-29,,,,47.75040054321289,0.20170000195503235,167040000
1987-10-30,,,,49.75360107421875,0.2101999968290329,168480000
1987-11-02,,,,50.25600051879883,0.21230000257492065,84772800
1987-11-03,,,,47.99679946899414,0.20270000398159027,116150400
1987-11-04,,,,48.745601654052734,0.20589999854564667,95342400
1987-11-05,,,,50.50239944458008,0.21330000460147858,81432000
1987-11-06,,,,47.507198333740234,0.20069999992847443,75355200
1987-11-09,,,,47.0015983581543,0.19850000739097595,86587200
1987-11-10,,,,47.0015983581543,0.19850000739097595,91166400
1987-11-11,,,,49.004798889160156,0.2070000022649765,54619200
1987-11-12,,,,49.99679946899414,0.21119999885559082,99172800
1987-11-13,,,,48.25600051879883,0.2037999927997589,58492800
1987-11-16,,,,47.75040054321289,0.20170000195503235,59472000
1987-11-17,,,,46.758399963378906,0.19750000536441803,69321600
1987-11-18,,,,47.99679946899414,0.20270000398159027,89308800
1987-11-19,,,,46.25279998779297,0.19539999961853027,75024000
1987-11-20,,,,47.507198333740234,0.20069999992847443,82468800
1987-11-23,,,,47.75040054321289,0.20170000195503235,44640000
1987-11-24,,,,47.507198333740234,0.20069999992847443,72230400
1987-11-25,,,,45.99359893798828,0.19429999589920044,32155200
1987-11-27,,,,45.24480056762695,0.19110000133514404,18316800
1987-11-30,,,,44.75519943237305,0.1890999972820282,164160000
1987-12-01,,,,43.74720001220703,0.18479999899864197,73540800
1987-12-02,,,,44.00640106201172,0.1859000027179718,68515200
1987-12-03,,,,40.377601623535156,0.17059999704360962,127670400
1987-12-04,,,,42.00640106201172,0.17739999294281006,121752000
1987-12-07,,,,43.24480056762695,0.1826999932527542,66211200
1987-12-08,,,,47.507198333740234,0.20069999992847443,112521600
1987-12-09,,,,46.25279998779297,0.19539999961853027,83793600
1987-12-10,,,,47.507198333740234,0.20069999992847443,165600000
1987-12-11,,,,47.99679946899414,0.20270000398159027,72475200
1987-12-14,,,,50.745601654052734,0.21439999341964722,95112000
1987-12-15,,,,51.25120162963867,0.21649999916553497,112219200
1987-12-16,,,,54.24639892578125,0.22910000383853912,105537600
1987-12-17,,,,52.0,0.21960000693798065,94017600
1987-12-18,,,,52.0,0.21960000693798065,52488000
1987-12-21,,,,51.49440002441406,0.2175000011920929,51163200
1987-12-22,,,,52.50239944458008,0.22179999947547913,41774400
1987-12-23,,,,53.25120162963867,0.2249000072479248,60710400
1987-12-24,,,,53.25120162963867,0.2249000072479248,12672000
1987-12-28,,,,51.25120162963867,0.21649999916553497,50716800
1987-12-29,,,,54.50559997558594,0.23019999265670776,79459200
1987-12-30,,,,55.75680160522461,0.23549999296665192,70704000
1987-12-31,,,,54.24639892578125,0.22910000383853912,61545600
1988-01-04,,,,56.00320053100586,0.23659999668598175,110347200
1988-01-05,,,,56.995201110839844,0.24079999327659607,155520000
1988-01-06,,,,58.5088005065918,0.24709999561309814,121680000
1988-01-07,,,,60.49599838256836,0.2554999887943268,90676800
1988-01-08,,,,56.00320053100586,0.23659999668598175,145440000
1988-01-11,,,,57.87519836425781,0.24449999630451202,143568000
1988-01-12,,,,56.75199890136719,0.23970000445842743,168480000
1988-01-13,,,,56.75199890136719,0.23970000445842743,96148800
1988-01-14,,,,56.24639892578125,0.23759999871253967,40608000
1988-01-15,,,,57.74399948120117,0.24390000104904175,92174400
1988-01-18,,,,57.254398345947266,0.241799995303154,30038400
1988-01-19,,,,57.254398345947266,0.241799995303154,47419200
1988-01-20,,,,54.0,0.2281000018119812,208800000
1988-01-21,,,,54.995201110839844,0.23229999840259552,125107200
1988-01-22,,,,53.87200164794922,0.22759999334812164,75297600
1988-01-25,,,,55.75680160522461,0.23549999296665192,75499200
1988-01-26,,,,54.50559997558594,0.23019999265670776,43560000
1988-01-27,,,,55.75680160522461,0.23549999296665192,100411200
1988-01-28,,,,56.50559997558594,0.2387000024318695,29318400
1988-01-29,,,,55.75680160522461,0.23549999296665192,66700800
1988-02-01,,,,55.254398345947266,0.23340000212192535,48729600
1988-02-02,,,,55.75680160522461,0.23549999296665192,60753600
1988-02-03,,,,52.74879837036133,0.22280000150203705,75801600
1988-02-04,,,,51.004798889160156,0.21549999713897705,114710400
1988-02-05,,,,51.49440002441406,0.2175000011920929,94104000
1988-02-08,,,,51.75360107421875,0.21860000491142273,72878400
1988-02-09,,,,52.74879837036133,0.22280000150203705,49939200
1988-02-10,,,,53.75680160522461,0.22709999978542328,77025600
1988-02-11,,,,54.74879837036133,0.2312999963760376,69436800
1988-02-12,,,,55.254398345947266,0.23340000212192535,80222400
1988-02-16,,,,57.50080108642578,0.24289999902248383,67334400
1988-02-17,,,,57.50080108642578,0.24289999902248383,101318400
1988-02-18,,,,58.00320053100586,0.24500000476837158,84153600
1988-02-19,,,,58.75199890136719,0.24819999933242798,53164800
1988-02-22,,,,58.75199890136719,0.24819999933242798,52228800
1988-02-23,,,,59.50080108642578,0.25130000710487366,91728000
1988-02-24,,,,59.87519836425781,0.25290000438690186,79560000
1988-02-25,,,,58.11840057373047,0.24549999833106995,61560000
1988-02-26,,,,58.24959945678711,0.2460000067949295,29923200
1988-02-29,,,,59.372798919677734,0.2508000135421753,39326400
1988-03-01,,,,58.9984016418457,0.2492000013589859,43300800
1988-03-02,,,,59.50080108642578,0.25130000710487366,67896000
1988-03-03,,,,60.9984016418457,0.25769999623298645,83664000
1988-03-04,,,,60.75519943237305,0.2565999925136566,68356800
1988-03-07,,,,62.627201080322266,0.2644999921321869,78004800
1988-03-08,,,,63.87839889526367,0.26980000734329224,96897600
1988-03-09,,,,63.99359893798828,0.2703000009059906,81734400
1988-03-10,,,,62.75519943237305,0.26510000228881836,97948800
1988-03-11,,,,62.49599838256836,0.2639999985694885,84297600
1988-03-14,,,,63.61920166015625,0.2687000036239624,46281600
1988-03-15,,,,62.49599838256836,0.2639999985694885,43761600
1988-03-16,,,,64.7583999633789,0.273499995470047,54547200
1988-03-17,,,,63.87839889526367,0.26980000734329224,125308800
1988-03-18,,,,58.24959945678711,0.2460000067949295,169920000
1988-03-21,,,,58.75199890136719,0.24819999933242798,198720000
1988-03-22,,,,60.24959945678711,0.25450000166893005,115833600
1988-03-23,,,,58.9984016418457,0.2492000013589859,151200000
1988-03-24,,,,56.50559997558594,0.2387000024318695,159840000
1988-03-25,,,,56.13119888305664,0.2371000051498413,47332800
1988-03-28,,,,56.880001068115234,0.2402999997138977,67147200
1988-03-29,,,,56.50559997558594,0.2387000024318695,80712000
1988-03-30,,,,54.74879837036133,0.2312999963760376,100713600
1988-03-31,,,,56.50559997558594,0.2387000024318695,50256000
1988-04-04,,,,55.254398345947266,0.23340000212192535,47721600
1988-04-05,,,,56.00320053100586,0.23659999668598175,41760000
1988-04-06,,,,58.11840057373047,0.24549999833106995,75297600
1988-04-07,,,,57.254398345947266,0.241799995303154,74923200
1988-04-08,,,,58.00320053100586,0.24500000476837158,57974400
1988-04-11,,,,57.50080108642578,0.24289999902248383,40406400
1988-04-12,,,,55.75680160522461,0.23549999296665192,52444800
1988-04-13,,,,56.995201110839844,0.24079999327659607,42206400
1988-04-14,,,,53.007999420166016,0.22390000522136688,110030400
1988-04-15,,,,54.24639892578125,0.22910000383853912,114220800
1988-04-18,,,,54.74879837036133,0.2312999963760376,48052800
1988-04-19,,,,54.24639892578125,0.22910000383853912,75772800
1988-04-20,,,,54.50559997558594,0.23019999265670776,65404800
1988-04-21,,,,54.3744010925293,0.2296999990940094,63979200
1988-04-22,,,,55.254398345947266,0.23340000212192535,33926400
1988-04-25,,,,55.123199462890625,0.23280000686645508,23385600
1988-04-26,,,,55.75680160522461,0.23549999296665192,46454400
1988-04-27,,,,55.49760055541992,0.23440000414848328,47894400
1988-04-28,,,,55.369598388671875,0.23389999568462372,28468800
1988-04-29,,,,54.50559997558594,0.23019999265670776,64771200
1988-05-02,,,,54.995201110839844,0.23229999840259552,49262400
1988-05-03,,,,56.50559997558594,0.2387000024318695,62740800
1988-05-04,,,,57.126399993896484,0.24130000174045563,75153600
1988-05-05,,,,56.995201110839844,0.24079999327659607,24883200
1988-05-06,,,,57.254398345947266,0.241799995303154,43977600
1988-05-09,,,,57.254398345947266,0.241799995303154,34790400
1988-05-10,,,,56.995201110839844,0.24079999327659607,46828800
1988-05-11,,,,55.75680160522461,0.23549999296665192,59486400
1988-05-12,,,,56.00320053100586,0.23659999668598175,26409600
1988-05-13,,,,56.75199890136719,0.23970000445842743,17913600
1988-05-16,,,,58.24959945678711,0.2460000067949295,59788800
1988-05-17,,,,58.00320053100586,0.24500000476837158,70430400
1988-05-18,,,,56.75199890136719,0.23970000445842743,81374400
1988-05-19,,,,56.995201110839844,0.24079999327659607,57729600
1988-05-20,,,,56.24639892578125,0.23759999871253967,42523200
1988-05-23,,,,54.995201110839844,0.23229999840259552,50227200
1988-05-24,,,,56.75199890136719,0.23970000445842743,55324800
1988-05-25,,,,55.75680160522461,0.23549999296665192,53582400
1988-05-26,,,,56.13119888305664,0.2371000051498413,43387200
1988-05-27,,,,55.49760055541992,0.23440000414848328,33148800
1988-05-31,,,,58.00320053100586,0.24500000476837158,44049600
1988-06-01,,,,59.257598876953125,0.25029999017715454,95788800
1988-06-02,,,,58.9984016418457,0.2492000013589859,63230400
1988-06-03,,,,59.50080108642578,0.25130000710487366,34833600
1988-06-06,,,,60.75519943237305,0.2565999925136566,81748800
1988-06-07,,,,60.9984016418457,0.25769999623298645,82166400
1988-06-08,,,,62.00640106201172,0.26190000772476196,66283200
1988-06-09,,,,61.74720001220703,0.26080000400543213,69264000
1988-06-10,,,,62.25279998779297,0.2630000114440918,45014400
1988-06-13,,,,62.38079833984375,0.26350000500679016,31118400
1988-06-14,,,,63.0015983581543,0.2660999894142151,60379200
1988-06-15,,,,63.99359893798828,0.2703000009059906,51033600
1988-06-16,,,,63.50400161743164,0.26820001006126404,73713600
1988-06-17,,,,63.0015983581543,0.2660999894142151,42105600
1988-06-20,,,,62.75519943237305,0.26510000228881836,28137600
1988-06-21,,,,63.99359893798828,0.2703000009059906,39715200
1988-06-22,,,,67.00479888916016,0.28299999237060547,127324800
1988-06-23,,,,65.9968032836914,0.27880001068115234,41054400
1988-06-24,,,,65.24800109863281,0.27559998631477356,28555200
1988-06-27,,,,63.99359893798828,0.2703000009059906,23630400
1988-06-28,,,,65.75039672851562,0.2777000069618225,32140800
1988-06-29,,,,65.75039672851562,0.2777000069618225,49809600
1988-06-30,,,,67.00479888916016,0.28299999237060547,31550400
1988-07-01,,,,67.9968032836914,0.287200003862381,42940800
1988-07-05,,,,69.62560272216797,0.29409998655319214,48096000
1988-07-06,,,,68.74559783935547,0.2903999984264374,89380800
1988-07-07,,,,68.74559783935547,0.2903999984264374,68428800
1988-07-08,,,,68.50240325927734,0.28940001130104065,40089600
1988-07-11,,,,66.74559783935547,0.28189998865127563,65764800
1988-07-12,,,,65.62239837646484,0.27720001339912415,90000000
1988-07-13,,,,66.74559783935547,0.28189998865127563,57427200
1988-07-14,,,,67.00479888916016,0.28299999237060547,34848000
1988-07-15,,,,67.00479888916016,0.28299999237060547,31579200
1988-07-18,,,,67.5072021484375,0.28519999980926514,20102400
1988-07-19,,,,65.9968032836914,0.27880001068115234,36460800
1988-07-20,,,,63.99359893798828,0.2703000009059906,111096000
1988-07-21,,,,60.9984016418457,0.25769999623298645,128937600
1988-07-22,,,,61.74720001220703,0.26080000400543213,68817600
1988-07-25,,,,60.49599838256836,0.2554999887943268,52704000
1988-07-26,,,,58.00320053100586,0.24500000476837158,228960000
1988-07-27,,,,57.62879943847656,0.2433999925851822,68140800
1988-07-28,,,,58.24959945678711,0.2460000067949295,57945600
1988-07-29,,,,59.50080108642578,0.25130000710487366,59385600
1988-08-01,,,,58.5088005065918,0.24709999561309814,51825600
1988-08-02,,,,57.50080108642578,0.24289999902248383,65476800
1988-08-03,,,,56.24639892578125,0.23759999871253967,91987200
1988-08-04,,,,55.49760055541992,0.23440000414848328,53496000
1988-08-05,,,,53.49760055541992,0.22599999606609344,201600000
1988-08-08,,,,53.25120162963867,0.2249000072479248,148320000
1988-08-09,,,,51.75360107421875,0.21860000491142273,138830400
1988-08-10,,,,50.50239944458008,0.21330000460147858,113169600
1988-08-11,,,,51.75360107421875,0.21860000491142273,123105600
1988-08-12,,,,52.0,0.21960000693798065,58262400
1988-08-15,,,,50.745601654052734,0.21439999341964722,41083200
1988-08-16,,,,52.50239944458008,0.22179999947547913,90878400
1988-08-17,,,,52.50239944458008,0.22179999947547913,59112000
1988-08-18,,,,52.74879837036133,0.22280000150203705,32025600
1988-08-19,,,,50.50239944458008,0.21330000460147858,67377600
1988-08-22,,,,47.99679946899414,0.20270000398159027,110174400
1988-08-23,,,,49.37919998168945,0.2085999995470047,88315200
1988-08-24,,,,51.49440002441406,0.2175000011920929,102585600
1988-08-25,,,,50.745601654052734,0.21439999341964722,72633600
1988-08-26,,,,51.37919998168945,0.21699999272823334,24451200
1988-08-29,,,,52.12799835205078,0.22020000219345093,35035200
1988-08-30,,,,51.25120162963867,0.21649999916553497,20966400
1988-08-31,,,,49.99679946899414,0.21119999885559082,71884800
1988-09-01,,,,48.873600006103516,0.20640000700950623,82382400
1988-09-02,,,,51.49440002441406,0.2175000011920929,115329600
1988-09-06,,,,52.0,0.21960000693798065,67752000
1988-09-07,,,,51.75360107421875,0.21860000491142273,72115200
1988-09-08,,,,52.0,0.21960000693798065,69206400
1988-09-09,,,,54.0,0.2281000018119812,111124800
1988-09-12,,,,53.75680160522461,0.22709999978542328,43257600
1988-09-13,,,,54.0,0.2281000018119812,40608000
1988-09-14,,,,54.0,0.2281000018119812,79214400
1988-09-15,,,,52.24319839477539,0.2206999957561493,72921600
1988-09-16,,,,52.0,0.21960000693798065,48700800
1988-09-19,,,,51.75360107421875,0.21860000491142273,44697600
1988-09-20,,,,53.25120162963867,0.2249000072479248,53625600
1988-09-21,,,,53.75680160522461,0.22709999978542328,16056000
1988-09-22,,,,54.50559997558594,0.23019999265670776,59688000
1988-09-23,,,,53.75680160522461,0.22709999978542328,35092800
1988-09-26,,,,52.3744010925293,0.22120000422000885,50212800
1988-09-27,,,,52.0,0.21960000693798065,35366400
1988-09-28,,,,53.007999420166016,0.22390000522136688,25516800
1988-09-29,,,,53.007999420166016,0.22390000522136688,56462400
1988-09-30,,,,52.24319839477539,0.2206999957561493,37252800
1988-10-03,,,,51.37919998168945,0.21699999272823334,41097600
1988-10-04,,,,51.119998931884766,0.2159000039100647,29260800
1988-10-05,,,,50.25600051879883,0.21230000257492065,67089600
1988-10-06,,,,49.99679946899414,0.21119999885559082,33609600
1988-10-07,,,,49.75360107421875,0.2101999968290329,208065600
1988-10-10,,,,49.24800109863281,0.20800000429153442,106358400
1988-10-11,,,,49.75360107421875,0.2101999968290329,65952000
1988-10-12,,,,50.630401611328125,0.21389999985694885,137534400
1988-10-13,,,,51.49440002441406,0.2175000011920929,82468800
1988-10-14,,,,51.25120162963867,0.21649999916553497,56764800
1988-10-17,,,,52.0,0.21960000693798065,25675200
1988-10-18,,,,52.50239944458008,0.22179999947547913,37224000
1988-10-19,,,,53.25120162963867,0.2249000072479248,80683200
1988-10-20,,,,53.49760055541992,0.22599999606609344,73296000
1988-10-21,,,,53.007999420166016,0.22390000522136688,24264000
1988-10-24,,,,52.0,0.21960000693798065,28627200
1988-10-25,,,,50.50239944458008,0.21330000460147858,74548800
1988-10-26,,,,49.75360107421875,0.2101999968290329,157420800
1988-10-27,,,,49.507198333740234,0.20909999310970306,114336000
1988-10-28,,,,49.507198333740234,0.20909999310970306,46540800
1988-10-31,,,,49.004798889160156,0.2070000022649765,41284800
1988-11-01,,,,48.745601654052734,0.20589999854564667,53280000
1988-11-02,,,,47.24800109863281,0.1995999962091446,221803200
1988-11-03,,,,47.24800109863281,0.1995999962091446,118339200
1988-11-04,,,,46.49919891357422,0.1964000016450882,106603200
1988-11-07,,,,46.758399963378906,0.19750000536441803,55065600
1988-11-08,,,,48.630401611328125,0.2054000049829483,56606400
1988-11-09,,,,49.75360107421875,0.2101999968290329,124732800
1988-11-10,,,,49.004798889160156,0.2070000022649765,78796800
1988-11-11,,,,47.622398376464844,0.2011999934911728,54936000
1988-11-14,,,,48.49919891357422,0.20489999651908875,34329600
1988-11-15,,,,47.0015983581543,0.19850000739097595,93902400
1988-11-16,,,,46.25279998779297,0.19539999961853027,199008000
1988-11-17,,,,45.99359893798828,0.19429999589920044,65865600
1988-11-18,,,,46.627201080322266,0.19699999690055847,34430400
1988-11-21,,,,45.99359893798828,0.19429999589920044,47102400
1988-11-22,,,,45.99359893798828,0.19429999589920044,30312000
1988-11-23,,,,46.873600006103516,0.1979999989271164,56548800
1988-11-25,,,,46.36800003051758,0.19589999318122864,11462400
1988-11-28,,,,47.0015983581543,0.19850000739097595,58737600
1988-11-29,,,,47.507198333740234,0.20069999992847443,21873600
1988-11-30,,,,47.24800109863281,0.1995999962091446,35193600
1988-12-01,,,,49.004798889160156,0.2070000022649765,82008000
1988-12-02,,,,49.75360107421875,0.2101999968290329,91497600
1988-12-05,,,,49.507198333740234,0.20909999310970306,70142400
1988-12-06,,,,49.75360107421875,0.2101999968290329,44366400
1988-12-07,,,,49.24800109863281,0.20800000429153442,30888000
1988-12-08,,,,49.004798889160156,0.2070000022649765,40176000
1988-12-09,,,,49.004798889160156,0.2070000022649765,22305600
1988-12-12,,,,47.375999450683594,0.20010000467300415,38894400
1988-12-13,,,,47.75040054321289,0.20170000195503235,39168000
1988-12-14,,,,48.37120056152344,0.20430000126361847,28008000
1988-12-15,,,,49.004798889160156,0.2070000022649765,23198400
1988-12-16,,,,49.75360107421875,0.2101999968290329,51796800
1988-12-19,,,,50.745601654052734,0.21439999341964722,83534400
1988-12-20,,,,51.25120162963867,0.21649999916553497,92188800
1988-12-21,,,,52.24319839477539,0.2206999957561493,46440000
1988-12-22,,,,52.0,0.21960000693798065,74592000
1988-12-23,,,,52.0,0.21960000693798065,17121600
1988-12-27,,,,51.75360107421875,0.21860000491142273,30772800
1988-12-28,,,,52.24319839477539,0.2206999957561493,21268800
1988-12-29,,,,53.25120162963867,0.2249000072479248,38275200
1988-12-30,,,,53.25120162963867,0.2249000072479248,63820800
1989-01-03,,,,53.6255989074707,0.226500004529953,51825600
1989-01-04,,,,54.24639892578125,0.22910000383853912,53899200
1989-01-05,,,,53.38240051269531,0.22550000250339508,47246400
1989-01-06,,,,53.007999420166016,0.22390000522136688,59054400
1989-01-09,,,,52.50239944458008,0.22179999947547913,46008000
1989-01-10,,,,52.0,0.21960000693798065,54129600
1989-01-11,,,,52.50239944458008,0.22179999947547913,48297600
1989-01-12,,,,52.50239944458008,0.22179999947547913,54590400
1989-01-13,,,,53.007999420166016,0.22390000522136688,35568000
1989-01-16,,,,53.123199462890625,0.22439999878406525,27532800
1989-01-17,,,,51.49440002441406,0.2175000011920929,41745600
1989-01-18,,,,51.49440002441406,0.2175000011920929,63633600
1989-01-19,,,,53.49760055541992,0.22599999606609344,84297600
1989-01-20,,,,54.13119888305664,0.22869999706745148,61027200
1989-01-23,,,,53.007999420166016,0.22390000522136688,52228800
1989-01-24,,,,52.74879837036133,0.22280000150203705,56217600
1989-01-25,,,,53.007999420166016,0.22390000522136688,49046400
1989-01-26,,,,54.24639892578125,0.22910000383853912,87134400
1989-01-27,,,,55.369598388671875,0.23389999568462372,166420800
1989-01-30,,,,58.5088005065918,0.24709999561309814,110088000
1989-01-31,,,,59.63199996948242,0.25189998745918274,125092800
1989-02-01,,,,59.257598876953125,0.25029999017715454,131212800
1989-02-02,,,,60.870399475097656,0.257099986076355,180028800
1989-02-03,,,,60.9984016418457,0.25769999623298645,91324800
1989-02-06,,,,60.49599838256836,0.2554999887943268,87580800
1989-02-07,,,,62.12160110473633,0.2624000012874603,127094400
1989-02-08,,,,62.49599838256836,0.2639999985694885,133315200
1989-02-09,,,,63.75040054321289,0.26930001378059387,199036800
1989-02-10,,,,61.87839889526367,0.2614000141620636,129038400
1989-02-13,,,,61.24480056762695,0.25870001316070557,94075200
1989-02-14,,,,60.24959945678711,0.25450000166893005,62956800
1989-02-15,,,,62.25279998779297,0.2630000114440918,81936000
1989-02-16,,,,62.75519943237305,0.26510000228881836,61387200
1989-02-17,,,,62.49599838256836,0.2639999985694885,29692800
1989-02-21,,,,61.74720001220703,0.26080000400543213,33753600
1989-02-22,,,,60.00640106201172,0.2535000145435333,95515200
1989-02-23,,,,60.38079833984375,0.2549999952316284,75945600
1989-02-24,,,,58.75199890136719,0.24819999933242798,76017600
1989-02-27,,,,59.74720001220703,0.2524000108242035,68788800
1989-02-28,,,,59.50080108642578,0.25130000710487366,43444800
1989-03-01,,,,59.257598876953125,0.25029999017715454,59889600
1989-03-02,,,,60.75519943237305,0.2565999925136566,92304000
1989-03-03,,,,61.74720001220703,0.26080000400543213,68947200
1989-03-06,,,,62.00640106201172,0.26190000772476196,56635200
1989-03-07,,,,53.49760055541992,0.22599999606609344,788688000
1989-03-08,,,,52.50239944458008,0.22179999947547913,253612800
1989-03-09,,,,51.75360107421875,0.21860000491142273,123307200
1989-03-10,,,,51.75360107421875,0.21860000491142273,66902400
1989-03-13,,,,52.74879837036133,0.22280000150203705,60206400
1989-03-14,,,,52.74879837036133,0.22280000150203705,63720000
1989-03-15,,,,50.25600051879883,0.21230000257492065,104889600
1989-03-16,,,,51.25120162963867,0.21649999916553497,102888000
1989-03-17,,,,46.49919891357422,0.1964000016450882,245577600
1989-03-20,,,,46.49919891357422,0.1964000016450882,238996800
1989-03-21,,,,49.88159942626953,0.21070000529289246,224467200
1989-03-22,,,,49.004798889160156,0.2070000022649765,167025600
1989-03-23,,,,50.25600051879883,0.21230000257492065,87811200
1989-03-27,,,,49.75360107421875,0.2101999968290329,75542400
1989-03-28,,,,49.75360107421875,0.2101999968290329,70804800
1989-03-29,,,,49.507198333740234,0.20909999310970306,30009600
1989-03-30,,,,49.88159942626953,0.21070000529289246,46742400
1989-03-31,,,,49.88159942626953,0.21070000529289246,29736000
1989-04-03,,,,50.25600051879883,0.21230000257492065,35049600
1989-04-04,,,,49.99679946899414,0.21119999885559082,25027200
1989-04-05,,,,50.37120056152344,0.21279999613761902,19641600
1989-04-06,,,,51.25120162963867,0.21649999916553497,51681600
1989-04-07,,,,51.25120162963867,0.21649999916553497,29448000
1989-04-10,,,,51.37919998168945,0.21699999272823334,28670400
1989-04-11,,,,51.37919998168945,0.21699999272823334,28728000
1989-04-12,,,,48.12480163574219,0.20329999923706055,71020800
1989-04-13,,,,48.745601654052734,0.20589999854564667,92880000
1989-04-14,,,,50.745601654052734,0.21439999341964722,62625600
1989-04-17,,,,51.49440002441406,0.2175000011920929,51638400
1989-04-18,,,,53.25120162963867,0.2249000072479248,69336000
1989-04-19,,,,54.880001068115234,0.23180000483989716,168969600
1989-04-20,,,,56.00320053100586,0.23659999668598175,138801600
1989-04-21,,,,55.254398345947266,0.23340000212192535,58190400
1989-04-24,,,,55.123199462890625,0.23280000686645508,29332800
1989-04-25,,,,54.74879837036133,0.2312999963760376,24897600
1989-04-26,,,,54.0,0.2281000018119812,44510400
1989-04-27,,,,54.74879837036133,0.2312999963760376,34588800
1989-04-28,,,,55.87200164794922,0.23600000143051147,69782400
1989-05-01,,,,54.62080001831055,0.23070000112056732,33739200
1989-05-02,,,,54.0,0.2281000018119812,34372800
1989-05-03,,,,54.0,0.2281000018119812,28857600
1989-05-04,,,,52.50239944458008,0.22179999947547913,37425600
1989-05-05,,,,52.0,0.21960000693798065,35827200
1989-05-08,,,,51.49440002441406,0.2175000011920929,49003200
1989-05-09,,,,53.007999420166016,0.22390000522136688,54590400
1989-05-10,,,,54.0,0.2281000018119812,58752000
1989-05-11,,,,54.0,0.2281000018119812,34401600
1989-05-12,,,,54.24639892578125,0.22910000383853912,71092800
1989-05-15,,,,54.74879837036133,0.2312999963760376,74736000
1989-05-16,,,,56.24639892578125,0.23759999871253967,83433600
1989-05-17,,,,57.369598388671875,0.24230000376701355,89812800
1989-05-18,,,,58.24959945678711,0.2460000067949295,52574400
1989-05-19,,,,58.24959945678711,0.2460000067949295,62568000
1989-05-22,,,,59.257598876953125,0.25029999017715454,74275200
1989-05-23,,,,56.62080001831055,0.23919999599456787,97545600
1989-05-24,,,,57.50080108642578,0.24289999902248383,69364800
1989-05-25,,,,57.50080108642578,0.24289999902248383,33840000
1989-05-26,,,,58.883201599121094,0.24869999289512634,37886400
1989-05-30,,,,58.9984016418457,0.2492000013589859,63907200
1989-05-31,,,,60.49599838256836,0.2554999887943268,80971200
1989-06-01,,,,60.00640106201172,0.2535000145435333,62798400
1989-06-02,,,,58.24959945678711,0.2460000067949295,54043200
1989-06-05,,,,56.75199890136719,0.23970000445842743,61416000
1989-06-06,,,,58.5088005065918,0.24709999561309814,53899200
1989-06-07,,,,59.74720001220703,0.2524000108242035,44928000
1989-06-08,,,,59.74720001220703,0.2524000108242035,29217600
1989-06-09,,,,59.74720001220703,0.2524000108242035,36144000
1989-06-12,,,,58.9984016418457,0.2492000013589859,51681600
1989-06-13,,,,57.254398345947266,0.241799995303154,40564800
1989-06-14,,,,57.74399948120117,0.24390000104904175,47304000
1989-06-15,,,,56.75199890136719,0.23970000445842743,52113600
1989-06-16,,,,56.75199890136719,0.23970000445842743,47361600
1989-06-19,,,,56.50559997558594,0.2387000024318695,27158400
1989-06-20,,,,54.50559997558594,0.23019999265670776,45806400
1989-06-21,,,,54.995201110839844,0.23229999840259552,80496000
1989-06-22,,,,55.49760055541992,0.23440000414848328,36072000
1989-06-23,,,,55.369598388671875,0.23389999568462372,33537600
1989-06-26,,,,54.74879837036133,0.2312999963760376,30240000
1989-06-27,,,,53.87200164794922,0.22759999334812164,35899200
1989-06-28,,,,52.74879837036133,0.22280000150203705,57456000
1989-06-29,,,,52.0,0.21960000693798065,77198400
1989-06-30,,,,53.007999420166016,0.22390000522136688,67248000
1989-07-03,,,,54.0,0.2281000018119812,14688000
1989-07-05,,,,55.254398345947266,0.23340000212192535,26539200
1989-07-06,,,,52.74879837036133,0.22280000150203705,94780800
1989-07-07,,,,53.49760055541992,0.22599999606609344,41457600
1989-07-10,,,,54.880001068115234,0.23180000483989716,27259200
1989-07-11,,,,53.49760055541992,0.22599999606609344,43488000
1989-07-12,,,,53.25120162963867,0.2249000072479248,52156800
1989-07-13,,,,53.007999420166016,0.22390000522136688,33408000
1989-07-14,,,,52.74879837036133,0.22280000150203705,42768000
1989-07-17,,,,53.25120162963867,0.2249000072479248,31291200
1989-07-18,,,,53.49760055541992,0.22599999606609344,42984000
1989-07-19,,,,54.13119888305664,0.22869999706745148,29764800
1989-07-20,,,,53.49760055541992,0.22599999606609344,44524800
1989-07-21,,,,55.254398345947266,0.23340000212192535,99763200
1989-07-24,,,,55.254398345947266,0.23340000212192535,38361600
1989-07-25,,,,52.0,0.21960000693798065,326030400
1989-07-26,,,,52.74879837036133,0.22280000150203705,123638400
1989-07-27,,,,53.75680160522461,0.22709999978542328,45561600
1989-07-28,,,,54.24639892578125,0.22910000383853912,29217600
1989-07-31,,,,54.74879837036133,0.2312999963760376,33336000
1989-08-01,,,,54.24639892578125,0.22910000383853912,62136000
1989-08-02,,,,54.24639892578125,0.22910000383853912,28368000
1989-08-03,,,,54.995201110839844,0.23229999840259552,27590400
1989-08-04,,,,56.995201110839844,0.24079999327659607,178128000
1989-08-07,,,,57.74399948120117,0.24390000104904175,93571200
1989-08-08,,,,58.9984016418457,0.2492000013589859,110548800
1989-08-09,,,,58.75199890136719,0.24819999933242798,113774400
1989-08-10,,,,58.5088005065918,0.24709999561309814,48340800
1989-08-11,,,,57.74399948120117,0.24390000104904175,61473600
1989-08-14,,,,56.995201110839844,0.24079999327659607,68990400
1989-08-15,,,,57.50080108642578,0.24289999902248383,17856000
1989-08-16,,,,55.87200164794922,0.23600000143051147,46670400
1989-08-17,,,,56.50559997558594,0.2387000024318695,39960000
1989-08-18,,,,57.50080108642578,0.24289999902248383,24912000
1989-08-21,,,,56.13119888305664,0.2371000051498413,32097600
1989-08-22,,,,58.377601623535156,0.24660000205039978,64771200
1989-08-23,,,,59.257598876953125,0.25029999017715454,46094400
1989-08-24,,,,58.9984016418457,0.2492000013589859,92764800
1989-08-25,,,,58.883201599121094,0.24869999289512634,85147200
1989-08-28,,,,59.126399993896484,0.24979999661445618,28540800
1989-08-29,,,,58.5088005065918,0.24709999561309814,54417600
1989-08-30,,,,59.257598876953125,0.25029999017715454,40377600
1989-08-31,,,,58.75199890136719,0.24819999933242798,14198400
1989-09-01,,,,59.87519836425781,0.25290000438690186,44409600
1989-09-05,,,,60.00640106201172,0.2535000145435333,93340800
1989-09-06,,,,59.257598876953125,0.25029999017715454,42379200
1989-09-07,,,,58.24959945678711,0.2460000067949295,41904000
1989-09-08,,,,58.9984016418457,0.2492000013589859,39787200
1989-09-11,,,,59.372798919677734,0.2508000135421753,27907200
1989-09-12,,,,60.24959945678711,0.25450000166893005,67795200
1989-09-13,,,,62.25279998779297,0.2630000114440918,181022400
1989-09-14,,,,63.75040054321289,0.26930001378059387,78163200
1989-09-15,,,,62.75519943237305,0.26510000228881836,89150400
1989-09-18,,,,63.50400161743164,0.26820001006126404,39110400
1989-09-19,,,,62.49599838256836,0.2639999985694885,49204800
1989-09-20,,,,65.00160217285156,0.27459999918937683,72129600
1989-09-21,,,,65.5072021484375,0.2766999900341034,89352000
1989-09-22,,,,65.9968032836914,0.27880001068115234,43948800
1989-09-25,,,,67.00479888916016,0.28299999237060547,69940800
1989-09-26,,,,67.24800109863281,0.2840999960899353,39988800
1989-09-27,,,,66.63040161132812,0.28139999508857727,69235200
1989-09-28,,,,67.9968032836914,0.287200003862381,41428800
1989-09-29,,,,68.50240325927734,0.28940001130104065,64324800
1989-10-02,,,,69.62560272216797,0.29409998655319214,50428800
1989-10-03,,,,69.00479888916016,0.2915000021457672,68918400
1989-10-04,,,,75.50080108642578,0.3188999891281128,260020800
1989-10-05,,,,79.24479675292969,0.33469998836517334,284760000
1989-10-06,,,,79.74720001220703,0.336899995803833,87609600
1989-10-09,,,,81.75039672851562,0.34529998898506165,58536000
1989-10-10,,,,81.24479675292969,0.3431999981403351,68299200
1989-10-11,,,,80.00640106201172,0.33799999952316284,106401600
1989-10-12,,,,78.49600219726562,0.33160001039505005,58881600
1989-10-13,,,,73.49759674072266,0.31049999594688416,102643200
1989-10-16,,,,75.74400329589844,0.3199999928474426,253065600
1989-10-17,,,,78.6240005493164,0.3321000039577484,177206400
1989-10-18,,,,80.49600219726562,0.3400000035762787,134784000
1989-10-19,,,,84.25599670410156,0.35589998960494995,179424000
1989-10-20,,,,85.24800109863281,0.36010000109672546,93542400
1989-10-23,,,,83.13279724121094,0.35120001435279846,60912000
1989-10-24,,,,80.87039947509766,0.3416000008583069,157089600
1989-10-25,,,,79.74720001220703,0.336899995803833,71481600
1989-10-26,,,,77.74720001220703,0.32839998602867126,135460800
1989-10-27,,,,76.99839782714844,0.32519999146461487,97041600
1989-10-30,,,,79.63200378417969,0.33640000224113464,45921600
1989-10-31,,,,81.75039672851562,0.34529998898506165,56563200
1989-11-01,,,,82.12480163574219,0.34689998626708984,74649600
1989-11-02,,,,76.24960327148438,0.3221000134944916,226051200
1989-11-03,,,,78.24960327148438,0.3305000066757202,98755200
1989-11-06,,,,77.25759887695312,0.3262999951839447,88027200
1989-11-07,,,,81.00160217285156,0.34220001101493835,131544000
1989-11-08,,,,83.24800109863281,0.3515999913215637,106488000
1989-11-09,,,,83.75039672851562,0.3537999987602234,111528000
1989-11-10,,,,84.49919891357422,0.35690000653266907,59169600
1989-11-13,,,,88.12799835205078,0.37229999899864197,178905600
1989-11-14,,,,86.50240325927734,0.3653999865055084,95241600
1989-11-15,,,,88.50240325927734,0.37380000948905945,94492800
1989-11-16,,,,87.49440002441406,0.36959999799728394,68054400
1989-11-17,,,,86.87680053710938,0.367000013589859,31651200
1989-11-20,,,,86.50240325927734,0.3653999865055084,56937600
1989-11-21,,,,88.12799835205078,0.37229999899864197,67118400
1989-11-22,,,,88.24320220947266,0.37279999256134033,38232000
1989-11-24,,,,87.62560272216797,0.3700999915599823,17971200
1989-11-27,,,,86.74559783935547,0.36640000343322754,37281600
1989-11-28,,,,87.00479888916016,0.3675000071525574,56664000
1989-11-29,,,,85.5072021484375,0.3612000048160553,85896000
1989-11-30,,,,87.00479888916016,0.3675000071525574,111211200
1989-12-01,,,,85.00479888916016,0.35910001397132874,52070400
1989-12-04,,,,86.25599670410156,0.3643999993801117,40536000
1989-12-05,,,,86.74559783935547,0.36640000343322754,44049600
1989-12-06,,,,85.24800109863281,0.36010000109672546,57384000
1989-12-07,,,,85.5072021484375,0.3612000048160553,40348800
1989-12-08,,,,84.74559783935547,0.3580000102519989,107625600
1989-12-11,,,,83.00160217285156,0.350600004196167,103377600
1989-12-12,,,,82.49919891357422,0.34850001335144043,93628800
1989-12-13,,,,80.00640106201172,0.33799999952316284,95788800
1989-12-14,,,,78.00640106201172,0.3294999897480011,61516800
1989-12-15,,,,76.99839782714844,0.32519999146461487,107164800
1989-12-18,,,,78.24960327148438,0.3305000066757202,78436800
1989-12-19,,,,80.38079833984375,0.3395000100135803,70473600
1989-12-20,,,,82.7583999633789,0.3495999872684479,111009600
1989-12-21,,,,83.5072021484375,0.35269999504089355,55022400
1989-12-22,,,,85.75360107421875,0.362199991941452,54892800
1989-12-26,,,,85.5072021484375,0.3612000048160553,23817600
1989-12-27,,,,86.25599670410156,0.3643999993801117,62798400
1989-12-28,,,,85.24800109863281,0.36010000109672546,123091200
1989-12-29,,,,87.00479888916016,0.3675000071525574,77630400
1990-01-02,,,,88.7488021850586,0.3749000132083893,53035200
1990-01-03,,,,89.2511978149414,0.37700000405311584,113774400
1990-01-04,,,,91.87200164794922,0.3880999982357025,125740800
1990-01-05,,,,89.62560272216797,0.37860000133514404,69566400
1990-01-08,,,,90.99520111083984,0.38440001010894775,58982400
1990-01-09,,,,90.7488021850586,0.3833000063896179,70300800
1990-01-10,,,,88.24320220947266,0.37279999256134033,103766400
1990-01-11,,,,86.50240325927734,0.3653999865055084,95774400
1990-01-12,,,,86.12799835205078,0.3637999892234802,148910400
1990-01-15,,,,86.12799835205078,0.3637999892234802,62467200
1990-01-16,,,,88.7488021850586,0.3749000132083893,80092800
1990-01-17,,,,87.49440002441406,0.36959999799728394,97588800
1990-01-18,,,,94.99839782714844,0.40130001306533813,292363200
1990-01-19,,,,94.11840057373047,0.397599995136261,99259200
1990-01-22,,,,90.7488021850586,0.3833000063896179,167688000
1990-01-23,,,,89.75679779052734,0.3790999948978424,139348800
1990-01-24,,,,90.7488021850586,0.3833000063896179,180345600
1990-01-25,,,,90.7488021850586,0.3833000063896179,112752000
1990-01-26,,,,90.7488021850586,0.3833000063896179,68083200
1990-01-29,,,,91.49759674072266,0.3865000009536743,55080000
1990-01-30,,,,91.25440216064453,0.3855000138282776,73108800
1990-01-31,,,,92.50559997558594,0.39079999923706055,112939200
1990-02-01,,,,93.74400329589844,0.3959999978542328,89193600
1990-02-02,,,,93.74400329589844,0.3959999978542328,71395200
1990-02-05,,,,94.24960327148438,0.39809998869895935,59731200
1990-02-06,,,,94.0031967163086,0.3971000015735626,81964800
1990-02-07,,,,93.25440216064453,0.3939000070095062,134150400
1990-02-08,,,,94.24960327148438,0.39809998869895935,95227200
1990-02-09,,,,94.50879669189453,0.3991999924182892,62380800
1990-02-12,,,,94.75199890136719,0.4002000093460083,56088000
1990-02-13,,,,94.75199890136719,0.4002000093460083,58752000
1990-02-14,,,,94.99839782714844,0.40130001306533813,35870400
1990-02-15,,,,96.99839782714844,0.4097000062465668,89496000
1990-02-16,,,,98.00640106201172,0.414000004529953,70876800
1990-02-20,,,,100.25279998779297,0.4235000014305115,132652800
1990-02-21,,,,96.12159729003906,0.4059999883174896,103348800
1990-02-22,,,,96.38079833984375,0.40709999203681946,60811200
1990-02-23,,,,97.50399780273438,0.41190001368522644,56851200
1990-02-26,,,,99.24479675292969,0.41920000314712524,69220800
1990-02-27,,,,98.00640106201172,0.414000004529953,62020800
1990-02-28,,,,98.75520324707031,0.4171999990940094,39312000
1990-03-01,,,,99.99359893798828,0.42239999771118164,76867200
1990-03-02,,,,103.75360107421875,0.4383000135421753,100209600
1990-03-05,,,,105.2511978149414,0.444599986076355,75528000
1990-03-06,,,,104.50240325927734,0.4413999915122986,68630400
1990-03-07,,,,102.74559783935547,0.4339999854564667,47606400
1990-03-08,,,,106.24320220947266,0.4487999975681305,88977600
1990-03-09,,,,106.50240325927734,0.4499000012874603,75744000
1990-03-12,,,,108.24639892578125,0.45719999074935913,68875200
1990-03-13,,,,106.24320220947266,0.4487999975681305,85204800
1990-03-14,,,,107.87200164794922,0.45570001006126404,130968000
1990-03-15,,,,110.99520111083984,0.46889999508857727,81676800
1990-03-16,,,,114.00640106201172,0.48159998655319214,118900800
1990-03-19,,,,116.49600219726562,0.4921000003814697,81172800
1990-03-20,,,,112.99839782714844,0.4772999882698059,92145600
1990-03-21,,,,113.25759887695312,0.47839999198913574,69840000
1990-03-22,,,,111.25440216064453,0.4699999988079071,92419200
1990-03-23,,,,110.24639892578125,0.4657000005245209,53596800
1990-03-26,,,,111.50080108642578,0.47099998593330383,55929600
1990-03-27,,,,112.50879669189453,0.47519999742507935,52516800
1990-03-28,,,,110.99520111083984,0.46889999508857727,99532800
1990-03-29,,,,110.50559997558594,0.4668000042438507,64785600
1990-03-30,,,,110.75199890136719,0.46779999136924744,36691200
1990-04-02,,,,111.50080108642578,0.47099998593330383,74059200
1990-04-03,,,,116.00640106201172,0.49000000953674316,84643200
1990-04-04,,,,117.00160217285156,0.4941999912261963,79646400
1990-04-05,,,,114.49600219726562,0.483599990606308,66369600
1990-04-06,,,,114.24960327148438,0.48260000348091125,72878400
1990-04-09,,,,114.49600219726562,0.483599990606308,31176000
1990-04-10,,,,117.99359893798828,0.4984000027179718,45187200
1990-04-11,,,,121.00479888916016,0.5110999941825867,70372800
1990-04-12,,,,120.74559783935547,0.5099999904632568,48254400
1990-04-16,,,,60.75519943237305,0.5133000016212463,39470400
1990-04-17,,,,62.00320053100586,0.5238000154495239,66780000
1990-04-18,,,,60.624000549316406,0.5121999979019165,97797600
1990-04-19,,,,59.50080108642578,0.5026999711990356,58003200
1990-04-20,,,,59.25120162963867,0.5005000233650208,44661600
1990-04-23,,,,58.9984016418457,0.4984000027179718,64879200
1990-04-24,,,,58.00320053100586,0.49000000953674316,47916000
1990-04-25,,,,58.00320053100586,0.49000000953674316,53870400
1990-04-26,,,,57.37919998168945,0.4846999943256378,46296000
1990-04-27,,,,56.25600051879883,0.47519999742507935,57124800
1990-04-30,,,,58.00320053100586,0.49000000953674316,51451200
1990-05-01,,,,57.126399993896484,0.48260000348091125,52473600
1990-05-02,,,,58.24959945678711,0.4921000003814697,33264000
1990-05-03,,,,58.9984016418457,0.4984000027179718,45892800
1990-05-04,,,,61.74720001220703,0.5217000246047974,47815200
1990-05-07,,,,64.0031967163086,0.5407000184059143,97351200
1990-05-08,,,,62.75199890136719,0.5300999879837036,50824800
1990-05-09,,,,62.75199890136719,0.5300999879837036,35164800
1990-05-10,,,,64.49919891357422,0.5449000000953674,48801600
1990-05-11,,,,65.50080108642578,0.5533000230789185,49168800
1990-05-14,,,,65.75039672851562,0.5554999709129333,47232000
1990-05-15,,,,64.75199890136719,0.546999990940094,54122400
1990-05-16,,,,64.75199890136719,0.546999990940094,38556000
1990-05-17,,,,64.75199890136719,0.546999990940094,41731200
1990-05-18,,,,68.25279998779297,0.5766000151634216,101822400
1990-05-21,,,,70.25279998779297,0.593500018119812,159595200
1990-05-22,,,,71.5072021484375,0.6040999889373779,142437600
1990-05-23,,,,75.87519836425781,0.640999972820282,141184800
1990-05-24,,,,76.50240325927734,0.6463000178337097,146649600
1990-05-25,,,,74.25599670410156,0.6273000240325928,104688000
1990-05-29,,,,75.2511978149414,0.635699987411499,61480800
1990-05-30,,,,75.50080108642578,0.6377999782562256,65073600
1990-05-31,,,,73.00479888916016,0.6166999936103821,69436800
1990-06-01,,,,75.12640380859375,0.6347000002861023,69069600
1990-06-04,,,,76.50240325927734,0.6463000178337097,59162400
1990-06-05,,,,73.37920379638672,0.6198999881744385,80258400
1990-06-06,,,,73.00479888916016,0.6166999936103821,86292000
1990-06-07,,,,72.0,0.608299970626831,90122400
1990-06-08,,,,73.49759674072266,0.6208999752998352,63770400
1990-06-11,,,,74.87680053710938,0.6324999928474426,58240800
1990-06-12,,,,75.87519836425781,0.640999972820282,46656000
1990-06-13,,,,76.50240325927734,0.6463000178337097,80265600
1990-06-14,,,,75.50080108642578,0.6377999782562256,58204800
1990-06-15,,,,76.0031967163086,0.6420999765396118,51552000
1990-06-18,,,,74.87680053710938,0.6324999928474426,52790400
1990-06-19,,,,75.00479888916016,0.6335999965667725,41716800
1990-06-20,,,,77.62560272216797,0.6557999849319458,39564000
1990-06-21,,,,76.99839782714844,0.6504999995231628,34308000
1990-06-22,,,,75.75360107421875,0.6399999856948853,34034400
1990-06-25,,,,74.50240325927734,0.6294000148773193,68983200
1990-06-26,,,,74.75199890136719,0.6315000057220459,50198400
1990-06-27,,,,76.24960327148438,0.6442000269889832,35762400
1990-06-28,,,,76.50240325927734,0.6463000178337097,30052800
1990-06-29,,,,76.0031967163086,0.6420999765396118,34956000
1990-07-02,,,,73.75360107421875,0.6230999827384949,35474400
1990-07-03,,,,72.0,0.608299970626831,79257600
1990-07-05,,,,72.25599670410156,0.6104000210762024,61855200
1990-07-06,,,,73.25440216064453,0.6189000010490417,41803200
1990-07-09,,,,74.25599670410156,0.6273000240325928,37317600
1990-07-10,,,,73.75360107421875,0.6230999827384949,29700000
1990-07-11,,,,75.50080108642578,0.6377999782562256,28922400
1990-07-12,,,,77.50080108642578,0.654699981212616,89042400
1990-07-13,,,,78.37439727783203,0.6621000170707703,93628800
1990-07-16,,,,79.25440216064453,0.6694999933242798,48729600
1990-07-17,,,,77.75679779052734,0.6568999886512756,54475200
1990-07-18,,,,76.0031967163086,0.6420999765396118,41853600
1990-07-19,,,,76.75199890136719,0.6484000086784363,63136800
1990-07-20,,,,73.25440216064453,0.6189000010490417,87724800
1990-07-23,,,,72.0,0.608299970626831,74203200
1990-07-24,,,,69.50399780273438,0.5871999859809875,137102400
1990-07-25,,,,71.5072021484375,0.6040999889373779,60148800
1990-07-26,,,,68.75520324707031,0.5807999968528748,303321600
1990-07-27,,,,69.00160217285156,0.5828999876976013,51019200
1990-07-30,,,,67.9968032836914,0.5745000243186951,87955200
1990-07-31,,,,66.49919891357422,0.5618000030517578,42307200
1990-08-01,,,,66.75520324707031,0.5638999938964844,111117600
1990-08-02,,,,66.00640106201172,0.5576000213623047,91771200
1990-08-03,,,,63.254398345947266,0.5343999862670898,117180000
1990-08-06,,,,60.50559997558594,0.5110999941825867,113184000
1990-08-07,,,,61.254398345947266,0.5174999833106995,91065600
1990-08-08,,,,63.50080108642578,0.5364000201225281,86263200
1990-08-09,,,,65.12640380859375,0.5501999855041504,77054400
1990-08-10,,,,64.49919891357422,0.5449000000953674,73188000
1990-08-13,,,,65.00160217285156,0.5491999983787537,53942400
1990-08-14,,,,64.25279998779297,0.5428000092506409,33710400
1990-08-15,,,,64.25279998779297,0.5428000092506409,51408000
1990-08-16,,,,61.74720001220703,0.5217000246047974,53330400
1990-08-17,,,,60.24959945678711,0.5090000033378601,95227200
1990-08-20,,,,55.49760055541992,0.46889999508857727,113601600
1990-08-21,,,,54.25600051879883,0.45829999446868896,165650400
1990-08-22,,,,53.75040054321289,0.45410001277923584,79236000
1990-08-23,,,,51.75360107421875,0.43720000982284546,107445600
1990-08-24,,,,57.25120162963867,0.483599990606308,95443200
1990-08-27,,,,60.75519943237305,0.5133000016212463,110116800
1990-08-28,,,,62.880001068115234,0.5311999917030334,79826400
1990-08-29,,,,60.50559997558594,0.5110999941825867,77954400
1990-08-30,,,,60.0,0.5069000124931335,65383200
1990-08-31,,,,61.50400161743164,0.519599974155426,40737600
1990-09-04,,,,62.25279998779297,0.5259000062942505,47376000
1990-09-05,,,,58.9984016418457,0.4984000027179718,54676800
1990-09-06,,,,57.50080108642578,0.48579999804496765,115617600
1990-09-07,,,,57.75360107421875,0.4878999888896942,53704800
1990-09-10,,,,55.75360107421875,0.47099998593330383,74246400
1990-09-11,,,,55.49760055541992,0.46889999508857727,78868800
1990-09-12,,,,57.37919998168945,0.4846999943256378,75016800
1990-09-13,,,,57.50080108642578,0.48579999804496765,49867200
1990-09-14,,,,59.75680160522461,0.504800021648407,67672800
1990-09-17,,,,60.75519943237305,0.5133000016212463,70394400
1990-09-18,,,,61.74720001220703,0.5217000246047974,60638400
1990-09-19,,,,62.00320053100586,0.5238000154495239,52696800
1990-09-20,,,,59.75680160522461,0.504800021648407,52444800
1990-09-21,,,,60.50559997558594,0.5110999941825867,79891200
1990-09-24,,,,58.50239944458008,0.4941999912261963,81439200
1990-09-25,,,,60.3744010925293,0.5099999904632568,53308800
1990-09-26,,,,60.24959945678711,0.5090000033378601,39268800
1990-09-27,,,,59.25120162963867,0.5005000233650208,65728800
1990-09-28,,,,63.0015983581543,0.5321999788284302,97984800
1990-10-01,,,,67.12960052490234,0.5670999884605408,131623200
1990-10-02,,,,65.87519836425781,0.5565000176429749,83469600
1990-10-03,,,,65.75039672851562,0.5554999709129333,57600000
1990-10-04,,,,64.12480163574219,0.541700005531311,69292800
1990-10-05,,,,64.75199890136719,0.546999990940094,82101600
1990-10-08,,,,66.00640106201172,0.5576000213623047,38678400
1990-10-09,,,,63.0015983581543,0.5321999788284302,66376800
1990-10-10,,,,59.50080108642578,0.5026999711990356,115596000
1990-10-11,,,,58.00320053100586,0.49000000953674316,83815200
1990-10-12,,,,57.004798889160156,0.48159998655319214,109252800
1990-10-15,,,,56.50239944458008,0.4772999882698059,130334400
1990-10-16,,,,54.630401611328125,0.46149998903274536,300888000
1990-10-17,,,,56.50239944458008,0.4772999882698059,135820800
1990-10-18,,,,61.129600524902344,0.5163999795913696,123739200
1990-10-19,,,,62.00320053100586,0.5238000154495239,170337600
1990-10-22,,,,64.0031967163086,0.5407000184059143,80294400
1990-10-23,,,,64.25279998779297,0.5428000092506409,71884800
1990-10-24,,,,65.3759994506836,0.552299976348877,54734400
1990-10-25,,,,64.75199890136719,0.546999990940094,51501600
1990-10-26,,,,63.375999450683594,0.5353999733924866,59126400
1990-10-29,,,,62.50559997558594,0.527999997138977,67881600
1990-10-30,,,,63.87839889526367,0.5396999716758728,52567200
1990-10-31,,,,63.75040054321289,0.5386000275611877,61200000
1990-11-01,,,,63.50080108642578,0.5364000201225281,49442400
1990-11-02,,,,65.00160217285156,0.5491999983787537,74764800
1990-11-05,,,,65.63200378417969,0.5544000267982483,50702400
1990-11-06,,,,64.25279998779297,0.5428000092506409,59212800
1990-11-07,,,,63.75040054321289,0.5386000275611877,63100800
1990-11-08,,,,63.50080108642578,0.5364000201225281,43466400
1990-11-09,,,,64.75199890136719,0.546999990940094,43344000
1990-11-12,,,,68.87680053710938,0.5819000005722046,87660000
1990-11-13,,,,68.627197265625,0.5796999931335449,67658400
1990-11-14,,,,69.50399780273438,0.5871999859809875,59724000
1990-11-15,,,,67.87840270996094,0.5734000205993652,63129600
1990-11-16,,,,67.9968032836914,0.5745000243186951,67075200
1990-11-19,,,,69.50399780273438,0.5871999859809875,45554400
1990-11-20,,,,68.25279998779297,0.5766000151634216,68868000
1990-11-21,,,,68.75520324707031,0.5807999968528748,60739200
1990-11-23,,,,68.75520324707031,0.5807999968528748,22060800
1990-11-26,,,,70.25279998779297,0.593500018119812,47577600
1990-11-27,,,,71.88159942626953,0.607200026512146,63417600
1990-11-28,,,,70.37439727783203,0.5945000052452087,77623200
1990-11-29,,,,71.2511978149414,0.6018999814987183,65865600
1990-11-30,,,,72.25599670410156,0.6104000210762024,72165600
1990-12-03,,,,73.87200164794922,0.6241000294685364,68241600
1990-12-04,,,,74.50240325927734,0.6294000148773193,54547200
1990-12-05,,,,75.2511978149414,0.635699987411499,68630400
1990-12-06,,,,74.75199890136719,0.6315000057220459,108201600
1990-12-07,,,,74.25599670410156,0.6273000240325928,81921600
1990-12-10,,,,74.0031967163086,0.6251999735832214,55526400
1990-12-11,,,,72.12480163574219,0.6093000173568726,61768800
1990-12-12,,,,72.49919891357422,0.612500011920929,71560800
1990-12-13,,,,72.7488021850586,0.6146000027656555,50709600
1990-12-14,,,,73.62879943847656,0.621999979019165,48636000
1990-12-17,,,,74.0031967163086,0.6251999735832214,27288000
1990-12-18,,,,75.2511978149414,0.635699987411499,51876000
1990-12-19,,,,74.87680053710938,0.6324999928474426,34264800
1990-12-20,,,,75.50080108642578,0.6377999782562256,46994400
1990-12-21,,,,75.75360107421875,0.6399999856948853,33472800
1990-12-24,,,,75.2511978149414,0.635699987411499,13550400
1990-12-26,,,,75.00479888916016,0.6335999965667725,16214400
1990-12-27,,,,74.75199890136719,0.6315000057220459,22629600
1990-12-28,,,,75.00479888916016,0.6335999965667725,20268000
1990-12-31,,,,75.2511978149414,0.635699987411499,23702400
1991-01-02,,,,74.75199890136719,0.6315000057220459,38109600
1991-01-03,,,,75.2511978149414,0.635699987411499,52826400
1991-01-04,,,,75.87519836425781,0.640999972820282,58485600
1991-01-07,,,,74.87680053710938,0.6324999928474426,87552000
1991-01-08,,,,73.49759674072266,0.6208999752998352,76442400
1991-01-09,,,,74.0031967163086,0.6251999735832214,115624800
1991-01-10,,,,78.24960327148438,0.6610999703407288,123890400
1991-01-11,,,,78.0,0.6589000225067139,62006400
1991-01-14,,,,76.75199890136719,0.6484000086784363,58658400
1991-01-15,,,,78.37439727783203,0.6621000170707703,83440800
1991-01-16,,,,82.25279998779297,0.6948999762535095,139917600
1991-01-17,,,,84.00640106201172,0.7096999883651733,163526400
1991-01-18,,,,85.24800109863281,0.7202000021934509,103032000
1991-01-21,,,,89.5072021484375,0.7560999989509583,154512000
1991-01-22,,,,88.87680053710938,0.7508999705314636,113716800
1991-01-23,,,,89.00160217285156,0.7519000172615051,77083200
1991-01-24,,,,90.49919891357422,0.7645000219345093,86083200
1991-01-25,,,,89.5072021484375,0.7560999989509583,86889600
1991-01-28,,,,92.25599670410156,0.7793999910354614,130989600
1991-01-29,,,,92.50240325927734,0.7814000248908997,146980800
1991-01-30,,,,96.24960327148438,0.8130999803543091,148586400
1991-01-31,,,,98.12159729003906,0.8289999961853027,111420000
1991-02-01,,,,99.75039672851562,0.8427000045776367,117878400
1991-02-04,,,,99.12640380859375,0.8374000191688538,88236000
1991-02-05,,,,101.25759887695312,0.855400025844574,88740000
1991-02-06,,,,105.75360107421875,0.8934000134468079,106351200
1991-02-07,,,,103.00479888916016,0.870199978351593,133466400
1991-02-08,,,,103.9968032836914,0.878600001335144,74232000
1991-02-11,,,,104.25279998779297,0.8806999921798706,152337600
1991-02-12,,,,103.24800109863281,0.8723000288009644,96206400
1991-02-13,,,,105.50399780273438,0.8913000226020813,95493600
1991-02-14,,,,100.75199890136719,0.8511999845504761,133704000
1991-02-15,,,,103.24800109863281,0.8723000288009644,115452000
1991-02-19,,,,102.49919891357422,0.8658999800682068,66564000
1991-02-20,,,,102.75520324707031,0.8680999875068665,52552800
1991-02-21,,,,100.0031967163086,0.8447999954223633,68277600
1991-02-22,,,,102.24960327148438,0.8637999892234802,105343200
1991-02-25,,,,103.00479888916016,0.870199978351593,88524000
1991-02-26,,,,101.75039672851562,0.8596000075340271,55540800
1991-02-27,,,,105.2511978149414,0.88919997215271,87674400
1991-02-28,,,,103.75360107421875,0.8765000104904175,55008000
1991-03-01,,,,105.75360107421875,0.8934000134468079,77724000
1991-03-04,,,,107.00160217285156,0.9039999842643738,47023200
1991-03-05,,,,111.50080108642578,0.9419999718666077,76356000
1991-03-06,,,,107.2511978149414,0.9060999751091003,101088000
1991-03-07,,,,103.9968032836914,0.878600001335144,165391200
1991-03-08,,,,102.49919891357422,0.8658999800682068,134697600
1991-03-11,,,,99.25440216064453,0.8385000228881836,160970400
1991-03-12,,,,95.75679779052734,0.808899998664856,152884800
1991-03-13,,,,100.49919891357422,0.8489999771118164,110268000
1991-03-14,,,,98.0031967163086,0.8278999924659729,100216800
1991-03-15,,,,96.6240005493164,0.8162999749183655,76932000
1991-03-18,,,,99.25440216064453,0.8385000228881836,66218400
1991-03-19,,,,99.00160217285156,0.8363999724388123,92505600
1991-03-20,,,,99.00160217285156,0.8363999724388123,83217600
1991-03-21,,,,94.75199890136719,0.8004999756813049,119188800
1991-03-22,,,,93.75360107421875,0.7919999957084656,95688000
1991-03-25,,,,98.25279998779297,0.8300999999046326,59824800
1991-03-26,,,,105.12960052490234,0.8881000280380249,89928000
1991-03-27,,,,107.75039672851562,0.9103000164031982,91936800
1991-03-28,,,,106.12799835205078,0.8966000080108643,30492000
1991-04-01,,,,106.7488021850586,0.9017999768257141,59205600
1991-04-02,,,,112.24960327148438,0.9483000040054321,96256800
1991-04-03,,,,113.75679779052734,0.9610000252723694,91778400
1991-04-04,,,,113.75679779052734,0.9610000252723694,73850400
1991-04-05,,,,110.0031967163086,0.9293000102043152,108914400
1991-04-08,,,,111.37920379638672,0.9409000277519226,46526400
1991-04-09,,,,110.25599670410156,0.9315000176429749,60768000
1991-04-10,,,,107.5072021484375,0.9082000255584717,74340000
1991-04-11,,,,111.00479888916016,0.9377999901771545,47937600
1991-04-12,,,,107.2511978149414,0.9060999751091003,176731200
1991-04-15,,,,113.75679779052734,0.9610000252723694,88819200
1991-04-16,,,,112.24960327148438,0.9483000040054321,81331200
1991-04-17,,,,111.50080108642578,0.9419999718666077,128383200
1991-04-18,,,,110.0031967163086,0.9293000102043152,88084800
1991-04-19,,,,107.2511978149414,0.9060999751091003,96588000
1991-04-22,,,,102.12480163574219,0.8628000020980835,139708800
1991-04-23,,,,101.63200378417969,0.8586000204086304,103910400
1991-04-24,,,,103.00479888916016,0.870199978351593,82130400
1991-04-25,,,,100.75199890136719,0.8511999845504761,65707200
1991-04-26,,,,100.75199890136719,0.8511999845504761,88372800
1991-04-29,,,,97.74720001220703,0.8258000016212463,71258400
1991-04-30,,,,99.00160217285156,0.8363999724388123,115178400
1991-05-01,,,,100.75199890136719,0.8511999845504761,111628800
1991-05-02,,,,100.49919891357422,0.8489999771118164,66888000
1991-05-03,,,,101.25759887695312,0.855400025844574,23047200
1991-05-06,,,,102.75520324707031,0.8680999875068665,44755200
1991-05-07,,,,101.25759887695312,0.855400025844574,50904000
1991-05-08,,,,103.00479888916016,0.870199978351593,57592800
1991-05-09,,,,105.75360107421875,0.8934000134468079,76298400
1991-05-10,,,,102.75520324707031,0.8680999875068665,52070400
1991-05-13,,,,103.12960052490234,0.8712000250816345,68745600
1991-05-14,,,,101.25759887695312,0.855400025844574,58816800
1991-05-15,,,,98.0031967163086,0.8278999924659729,111160800
1991-05-16,,,,99.3759994506836,0.8395000100135803,70243200
1991-05-17,,,,99.25440216064453,0.8385000228881836,44812800
1991-05-20,,,,99.12640380859375,0.8374000191688538,65937600
1991-05-21,,,,102.00640106201172,0.8616999983787537,83570400
1991-05-22,,,,106.7488021850586,0.9017999768257141,88783200
1991-05-23,,,,109.49759674072266,0.9251000285148621,67752000
1991-05-24,,,,110.0031967163086,0.9293000102043152,67932000
1991-05-28,,,,110.75199890136719,0.9355999827384949,43941600
1991-05-29,,,,110.25599670410156,0.9315000176429749,64202400
1991-05-30,,,,110.25599670410156,0.9315000176429749,61833600
1991-05-31,,,,109.75360107421875,0.9272000193595886,81784800
1991-06-03,,,,112.0031967163086,0.9462000131607056,46951200
1991-06-04,,,,112.99839782714844,0.9545999765396118,35035200
1991-06-05,,,,112.0031967163086,0.9462000131607056,41385600
1991-06-06,,,,111.12640380859375,0.9387999773025513,32680800
1991-06-07,,,,110.25599670410156,0.9315000176429749,51984000
1991-06-10,,,,110.50240325927734,0.9334999918937683,29498400
1991-06-11,,,,110.63040161132812,0.9345999956130981,41846400
1991-06-12,,,,111.12640380859375,0.9387999773025513,51069600
1991-06-13,,,,111.00479888916016,0.9377999901771545,38001600
1991-06-14,,,,113.50080108642578,0.958899974822998,46360800
1991-06-17,,,,113.50080108642578,0.958899974822998,29419200
1991-06-18,,,,111.50080108642578,0.9419999718666077,46850400
1991-06-19,,,,103.37920379638672,0.8733999729156494,157039200
1991-06-20,,,,100.75199890136719,0.8511999845504761,187999200
1991-06-21,,,,102.24960327148438,0.8637999892234802,67680000
1991-06-24,,,,98.12159729003906,0.8289999961853027,79696800
1991-06-25,,,,98.75199890136719,0.8342000246047974,97228800
1991-06-26,,,,100.75199890136719,0.8511999845504761,96638400
1991-06-27,,,,68.0031967163086,0.8616999983787537,56510400
1991-06-28,,,,68.12799835205078,0.8633000254631042,61526400
1991-07-01,,,,71.3759994506836,0.9045000076293945,72388800
1991-07-02,,,,68.12799835205078,0.8633000254631042,43920000
1991-07-03,,,,64.0,0.8109999895095825,191630400
1991-07-05,,,,61.75360107421875,0.7825000286102295,78758400
1991-07-08,,,,66.99839782714844,0.8489999771118164,109185600
1991-07-09,,,,67.87840270996094,0.8601999878883362,76948800
1991-07-10,,,,65.2511978149414,0.8269000053405762,67310400
1991-07-11,,,,66.24960327148438,0.8395000100135803,51148800
1991-07-12,,,,68.0031967163086,0.8616999983787537,35174400
1991-07-15,,,,69.87519836425781,0.8855000138282776,36763200
1991-07-16,,,,67.50399780273438,0.855400025844574,42734400
1991-07-17,,,,67.75360107421875,0.8586000204086304,40526400
1991-07-18,,,,66.99839782714844,0.8489999771118164,25656000
1991-07-19,,,,67.75360107421875,0.8586000204086304,24441600
1991-07-22,,,,67.50399780273438,0.855400025844574,35136000
1991-07-23,,,,66.49919891357422,0.8427000045776367,35596800
1991-07-24,,,,65.50080108642578,0.8300999999046326,54321600
1991-07-25,,,,66.0,0.8363999724388123,90211200
1991-07-26,,,,71.00160217285156,0.8998000025749207,149294400
1991-07-29,,,,70.24960327148438,0.8902000188827515,136468800
1991-07-30,,,,72.7488021850586,0.9218999743461609,78038400
1991-07-31,,,,73.50399780273438,0.9315000176429749,111628800
1991-08-01,,,,73.24800109863281,0.9282000064849854,53942400
1991-08-02,,,,73.24800109863281,0.9282000064849854,81369600
1991-08-05,,,,72.24960327148438,0.9156000018119812,28252800
1991-08-06,,,,74.50240325927734,0.944100022315979,53097600
1991-08-07,,,,76.0,0.963100016117096,69235200
1991-08-08,,,,78.99839782714844,1.001099944114685,91852800
1991-08-09,,,,80.75199890136719,1.023300051689148,114806400
1991-08-12,,,,83.00160217285156,1.051800012588501,56899200
1991-08-13,,,,82.50240325927734,1.0455000400543213,94497600
1991-08-14,,,,82.50240325927734,1.0455000400543213,67008000
1991-08-15,,,,81.50080108642578,1.0327999591827393,45460800
1991-08-16,,,,81.75039672851562,1.0360000133514404,52075200
1991-08-19,,,,80.25279998779297,1.0169999599456787,85425600
1991-08-20,,,,80.50240325927734,1.0200999975204468,57326400
1991-08-21,,,,84.0,1.0644999742507935,73214400
1991-08-22,,,,84.0,1.0644999742507935,43627200
1991-08-23,,,,85.24800109863281,1.080299973487854,43161600
1991-08-26,,,,85.24800109863281,1.080299973487854,44136000
1991-08-27,,,,84.7488021850586,1.0740000009536743,34204800
1991-08-28,,,,85.62879943847656,1.0851000547409058,41558400
1991-08-29,,,,85.75360107421875,1.0866999626159668,27974400
1991-08-30,,,,85.24800109863281,1.080299973487854,22032000
1991-09-03,,,,83.12640380859375,1.0534000396728516,33494400
1991-09-04,,,,82.627197265625,1.0470999479293823,38467200
1991-09-05,,,,80.50240325927734,1.0200999975204468,58459200
1991-09-06,,,,80.75199890136719,1.023300051689148,50788800
1991-09-09,,,,80.75199890136719,1.023300051689148,31915200
1991-09-10,,,,80.0031967163086,1.013800024986267,65937600
1991-09-11,,,,82.0,1.0391000509262085,64032000
1991-09-12,,,,85.62879943847656,1.0851000547409058,53808000
1991-09-13,,,,83.00160217285156,1.051800012588501,51360000
1991-09-16,,,,83.00160217285156,1.051800012588501,21686400
1991-09-17,,,,84.49919891357422,1.0707999467849731,23366400
1991-09-18,,,,84.7488021850586,1.0740000009536743,26942400
1991-09-19,,,,86.25279998779297,1.093000054359436,51364800
1991-09-20,,,,86.50240325927734,1.0961999893188477,30316800
1991-09-23,,,,84.87359619140625,1.075600028038025,49771200
1991-09-24,,,,88.0,1.1151000261306763,47625600
1991-09-25,,,,87.75039672851562,1.1119999885559082,25766400
1991-09-26,,,,89.2511978149414,1.13100004196167,48000000
1991-09-27,,,,88.24960327148438,1.118299961090088,33273600
1991-09-30,,,,89.00160217285156,1.1279000043869019,27700800
1991-10-01,,,,88.87680053710938,1.1262999773025513,19627200
1991-10-02,,,,87.00160217285156,1.1024999618530273,67219200
1991-10-03,,,,87.50080108642578,1.1088000535964966,34632000
1991-10-04,,,,88.12480163574219,1.1167000532150269,26457600
1991-10-07,,,,88.50240325927734,1.121500015258789,27187200
1991-10-08,,,,89.2511978149414,1.13100004196167,37708800
1991-10-09,,,,89.50080108642578,1.1341999769210815,60931200
1991-10-10,,,,89.75039672851562,1.1374000310897827,42048000
1991-10-11,,,,89.62560272216797,1.1358000040054321,69921600
1991-10-14,,,,92.25279998779297,1.1690000295639038,50625600
1991-10-15,,,,91.372802734375,1.1578999757766724,57854400
1991-10-16,,,,90.7488021850586,1.149999976158142,100200000
1991-10-17,,,,89.2511978149414,1.13100004196167,95563200
1991-10-18,,,,90.0,1.1404999494552612,37843200
1991-10-21,,,,90.99839782714844,1.1532000303268433,28704000
1991-10-22,,,,91.372802734375,1.1578999757766724,32496000
1991-10-23,,,,90.24960327148438,1.1437000036239624,36724800
1991-10-24,,,,90.24960327148438,1.1437000036239624,26942400
1991-10-25,,,,89.50080108642578,1.1341999769210815,28080000
1991-10-28,,,,90.24960327148438,1.1437000036239624,37953600
1991-10-29,,,,90.7488021850586,1.149999976158142,36523200
1991-10-30,,,,94.50240325927734,1.19760000705719,65592000
1991-10-31,,,,93.87519836425781,1.1895999908447266,41092800
1991-11-01,,,,92.627197265625,1.173799991607666,34296000
1991-11-04,,,,90.99839782714844,1.1532000303268433,28838400
1991-11-05,,,,93.75039672851562,1.187999963760376,51739200
1991-11-06,,,,95.2511978149414,1.2071000337600708,38308800
1991-11-07,,,,94.75199890136719,1.200700044631958,20894400
1991-11-08,,,,95.2511978149414,1.2071000337600708,36494400
1991-11-11,,,,97.50399780273438,1.2355999946594238,40564800
1991-11-12,,,,99.87519836425781,1.2655999660491943,80035200
1991-11-13,,,,101.00160217285156,1.2798999547958374,57523200
1991-11-14,,,,99.2511978149414,1.257699966430664,44371200
1991-11-15,,,,95.00160217285156,1.2038999795913696,71592000
1991-11-18,,,,97.24800109863281,1.2323999404907227,72432000
1991-11-19,,,,96.24960327148438,1.2196999788284302,71976000
1991-11-20,,,,96.49919891357422,1.2229000329971313,36441600
1991-11-21,,,,97.24800109863281,1.2323999404907227,35558400
1991-11-22,,,,96.0,1.2165000438690186,38102400
1991-11-25,,,,95.62560272216797,1.2117999792099,33724800
1991-11-26,,,,94.50240325927734,1.19760000705719,58809600
1991-11-27,,,,95.2511978149414,1.2071000337600708,15009600
1991-11-29,,,,97.24800109863281,1.2323999404907227,20524800
1991-12-02,,,,101.2511978149414,1.2831000089645386,55852800
1991-12-03,,,,101.3759994506836,1.2847000360488892,64996800
1991-12-04,,,,102.0,1.2926000356674194,36297600
1991-12-05,,,,101.75039672851562,1.2893999814987183,24892800
1991-12-06,,,,104.25279998779297,1.3210999965667725,51580800
1991-12-09,,,,102.0,1.2926000356674194,57720000
1991-12-10,,,,101.75039672851562,1.2893999814987183,46252800
1991-12-11,,,,100.75199890136719,1.2768000364303589,39134400
1991-12-12,,,,102.0,1.2926000356674194,36979200
1991-12-13,,,,102.0,1.2926000356674194,26193600
1991-12-16,,,,102.12480163574219,1.2941999435424805,27225600
1991-12-17,,,,101.87519836425781,1.2910000085830688,27480000
1991-12-18,,,,102.87359619140625,1.3036999702453613,33561600
1991-12-19,,,,102.7488021850586,1.3020999431610107,38116800
1991-12-20,,,,103.24800109863281,1.30840003490448,35356800
1991-12-23,,,,106.75199890136719,1.3528000116348267,46113600
1991-12-24,,,,106.24960327148438,1.3464000225067139,23995200
1991-12-26,,,,107.87519836425781,1.3669999837875366,24326400
1991-12-27,,,,110.37760162353516,1.3986999988555908,36657600
1991-12-30,,,,110.75199890136719,1.403499960899353,35524800
1991-12-31,,,,111.2511978149414,1.4098000526428223,40512000
1992-01-02,,,,114.0,1.444700002670288,74265600
1992-01-03,,,,113.00160217285156,1.4320000410079956,38246400
1992-01-06,,,,116.50240325927734,1.4763000011444092,63057600
1992-01-07,,,,120.0,1.5206999778747559,64363200
1992-01-08,,,,124.24960327148438,1.5744999647140503,90763200
1992-01-09,,,,127.24800109863281,1.6124999523162842,88348800
1992-01-10,,,,125.2511978149414,1.5872000455856323,64641600
1992-01-13,,,,127.12319946289062,1.6109999418258667,52804800
1992-01-14,,,,128.2528076171875,1.6252000331878662,44006400
1992-01-15,,,,131.50079345703125,1.6663999557495117,65294400
1992-01-16,,,,127.75360107421875,1.618899941444397,58761600
1992-01-17,,,,126.49919891357422,1.6030000448226929,85027200
1992-01-20,,,,122.50240325927734,1.55239999294281,58862400
1992-01-21,,,,119.3759994506836,1.5127999782562256,120019200
1992-01-22,,,,125.50080108642578,1.590399980545044,56131200
1992-01-23,,,,125.00160217285156,1.5841000080108643,75590400
1992-01-24,,,,124.627197265625,1.579300045967102,37756800
1992-01-27,,,,120.6240005493164,1.5285999774932861,46233600
1992-01-28,,,,120.7488021850586,1.5302000045776367,95539200
1992-01-29,,,,124.50240325927734,1.5777000188827515,97344000
1992-01-30,,,,123.50080108642578,1.565000057220459,41923200
1992-01-31,,,,120.24960327148438,1.523800015449524,49948800
1992-02-03,,,,125.00160217285156,1.5841000080108643,80265600
1992-02-04,,,,124.50240325927734,1.5777000188827515,58440000
1992-02-05,,,,127.24800109863281,1.6124999523162842,71212800
1992-02-06,,,,126.24960327148438,1.5999000072479248,62356800
1992-02-07,,,,125.75039672851562,1.5936000347137451,36499200
1992-02-10,,,,124.50240325927734,1.5777000188827515,41371200
1992-02-11,,,,122.50240325927734,1.55239999294281,41078400
1992-02-12,,,,125.75039672851562,1.5936000347137451,83342400
1992-02-13,,,,122.50240325927734,1.55239999294281,97358400
1992-02-14,,,,118.50240325927734,1.5017000436782837,82632000
1992-02-18,,,,118.24960327148438,1.4984999895095825,73694400
1992-02-19,,,,115.12319946289062,1.458899974822998,145372800
1992-02-20,,,,117.50080108642578,1.4889999628067017,74323200
1992-02-21,,,,114.49919891357422,1.4509999752044678,91118400
1992-02-24,,,,114.87359619140625,1.4557000398635864,59049600
1992-02-25,,,,115.75360107421875,1.4668999910354614,57388800
1992-02-26,,,,122.0031967163086,1.5461000204086304,100670400
1992-02-27,,,,124.87680053710938,1.5824999809265137,79579200
1992-02-28,,,,123.50080108642578,1.565000057220459,58276800
1992-03-02,,,,123.00160217285156,1.5586999654769897,34876800
1992-03-03,,,,123.2511978149414,1.561900019645691,27734400
1992-03-04,,,,122.50240325927734,1.55239999294281,33086400
1992-03-05,,,,121.24800109863281,1.5364999771118164,55689600
1992-03-06,,,,118.24960327148438,1.4984999895095825,61867200
1992-03-09,,,,119.00160217285156,1.5080000162124634,30427200
1992-03-10,,,,121.75360107421875,1.5428999662399292,45480000
1992-03-11,,,,120.24960327148438,1.523800015449524,39532800
1992-03-12,,,,121.12319946289062,1.5348999500274658,50025600
1992-03-13,,,,120.99839782714844,1.5333000421524048,36763200
1992-03-16,,,,124.24960327148438,1.5744999647140503,55132800
1992-03-17,,,,128.00320434570312,1.6220999956130981,94473600
1992-03-18,,,,126.37439727783203,1.6015000343322754,69230400
1992-03-19,,,,127.50399780273438,1.6158000230789185,111576000
1992-03-20,,,,128.5023956298828,1.6283999681472778,35774400
1992-03-23,,,,128.5023956298828,1.6283999681472778,37843200
1992-03-24,,,,127.50399780273438,1.6158000230789185,70228800
1992-03-25,,,,128.5023956298828,1.6283999681472778,36739200
1992-03-26,,,,125.00160217285156,1.5841000080108643,60403200
1992-03-27,,,,121.24800109863281,1.5364999771118164,89971200
1992-03-30,,,,120.0,1.5206999778747559,40713600
1992-03-31,,,,118.50240325927734,1.5017000436782837,86702400
1992-04-01,,,,120.49919891357422,1.5269999504089355,74203200
1992-04-02,,,,117.00160217285156,1.482699990272522,56918400
1992-04-03,,,,117.50080108642578,1.4889999628067017,59534400
1992-04-06,,,,121.24800109863281,1.5364999771118164,40123200
1992-04-07,,,,116.0031967163086,1.4700000286102295,72758400
1992-04-08,,,,117.2511978149414,1.48580002784729,105388800
1992-04-09,,,,120.0,1.5206999778747559,70008000
1992-04-10,,,,116.0031967163086,1.4700000286102295,126446400
1992-04-13,,,,117.50080108642578,1.4889999628067017,45552000
1992-04-14,,,,117.00160217285156,1.482699990272522,72806400
1992-04-15,,,,128.87680053710938,1.6332000494003296,223305600
1992-04-16,,,,127.62879943847656,1.617300033569336,66393600
1992-04-20,,,,118.12480163574219,1.496899962425232,226118400
1992-04-21,,,,116.12799835205078,1.47160005569458,99244800
1992-04-22,,,,117.62560272216797,1.4905999898910522,61790400
1992-04-23,,,,115.75360107421875,1.4668999910354614,115334400
1992-04-24,,,,112.24960327148438,1.4223999977111816,90393600
1992-04-27,,,,113.2511978149414,1.4351999759674072,99585600
1992-04-28,,,,108.99839782714844,1.3812999725341797,199876800
1992-04-29,,,,111.3759994506836,1.4113999605178833,137308800
1992-04-30,,,,110.25279998779297,1.3970999717712402,95870400
1992-05-01,,,,113.75039672851562,1.441499948501587,62083200
1992-05-04,,,,114.0,1.444700002670288,73920000
1992-05-05,,,,116.50240325927734,1.4763000011444092,59246400
1992-05-06,,,,116.0031967163086,1.4700000286102295,50016000
1992-05-07,,,,114.99839782714844,1.4572999477386475,40579200
1992-05-08,,,,114.49919891357422,1.4509999752044678,59822400
1992-05-11,,,,114.0,1.444700002670288,41112000
1992-05-12,,,,114.24960327148438,1.4478000402450562,49905600
1992-05-13,,,,112.75199890136719,1.4287999868392944,64320000
1992-05-14,,,,110.75199890136719,1.403499960899353,72307200
1992-05-15,,,,110.0031967163086,1.3940000534057617,40814400
1992-05-18,,,,112.75199890136719,1.4287999868392944,37526400
1992-05-19,,,,114.49919891357422,1.4509999752044678,51240000
1992-05-20,,,,116.75199890136719,1.4795000553131104,58800000
1992-05-21,,,,116.627197265625,1.4779000282287598,48566400
1992-05-22,,,,115.75360107421875,1.4668999910354614,36969600
1992-05-26,,,,115.50399780273438,1.4637000560760498,38217600
1992-05-27,,,,114.99839782714844,1.4572999477386475,31166400
1992-05-28,,,,119.00160217285156,1.5080000162124634,62702400
1992-05-29,,,,120.99839782714844,1.5333000421524048,89918400
1992-06-01,,,,124.24960327148438,1.5744999647140503,68529600
1992-06-02,,,,122.87680053710938,1.5571000576019287,42585600
1992-06-03,,,,123.00160217285156,1.5586999654769897,28190400
1992-06-04,,,,122.627197265625,1.5540000200271606,41755200
1992-06-05,,,,120.99839782714844,1.5333000421524048,40939200
1992-06-08,,,,118.24960327148438,1.4984999895095825,40228800
1992-06-09,,,,114.99839782714844,1.4572999477386475,84604800
1992-06-10,,,,112.50240325927734,1.4256999492645264,65457600
1992-06-11,,,,108.0,1.3686000108718872,130732800
1992-06-12,,,,112.50240325927734,1.4256999492645264,138028800
1992-06-15,,,,75.75039672851562,1.4399000406265259,54940800
1992-06-16,,,,72.7488021850586,1.3828999996185303,57376000
1992-06-17,,,,72.37439727783203,1.3756999969482422,70032000
1992-06-18,,,,72.24960327148438,1.3733999729156494,53356800
1992-06-19,,,,73.50080108642578,1.3970999717712402,43110400
1992-06-22,,,,74.24960327148438,1.4113999605178833,54080000
1992-06-23,,,,73.50080108642578,1.3970999717712402,57420800
1992-06-24,,,,72.24960327148438,1.3733999729156494,34096000
1992-06-25,,,,70.0,1.3306000232696533,165340800
1992-06-26,,,,66.7488021850586,1.2688000202178955,140982400
1992-06-29,,,,72.24960327148438,1.3733999729156494,90963200
1992-06-30,,,,70.0,1.3306000232696533,74048000
1992-07-01,,,,72.12480163574219,1.371000051498413,45136000
1992-07-02,,,,69.87519836425781,1.3281999826431274,80563200
1992-07-06,,,,69.50080108642578,1.3210999965667725,36224000
1992-07-07,,,,68.0,1.2926000356674194,54396800
1992-07-08,,,,68.6240005493164,1.3043999671936035,93417600
1992-07-09,,,,69.00160217285156,1.3115999698638916,61174400
1992-07-10,,,,69.50080108642578,1.3210999965667725,28905600
1992-07-13,,,,70.0,1.3306000232696533,35113600
1992-07-14,,,,71.12640380859375,1.3519999980926514,41116800
1992-07-15,,,,71.50080108642578,1.3590999841690063,80172800
1992-07-16,,,,72.24960327148438,1.3733999729156494,42291200
1992-07-17,,,,70.24960327148438,1.3352999687194824,59865600
1992-07-20,,,,69.2511978149414,1.3164000511169434,48707200
1992-07-21,,,,71.75039672851562,1.3638999462127686,45907200
1992-07-22,,,,70.0,1.3306000232696533,59008000
1992-07-23,,,,71.00160217285156,1.3495999574661255,68441600
1992-07-24,,,,72.7488021850586,1.3828999996185303,76259200
1992-07-27,,,,73.00160217285156,1.3876999616622925,30512000
1992-07-28,,,,74.0,1.406599998474121,45363200
1992-07-29,,,,74.0,1.406599998474121,145273600
1992-07-30,,,,73.12640380859375,1.3899999856948853,32035200
1992-07-31,,,,72.7488021850586,1.3828999996185303,35312000
1992-08-03,,,,73.75039672851562,1.401900053024292,31516800
1992-08-04,,,,73.87519836425781,1.4042999744415283,31430400
1992-08-05,,,,72.0,1.3686000108718872,60150400
1992-08-06,,,,71.50080108642578,1.3590999841690063,3705600
1992-08-07,,,,70.7488021850586,1.3447999954223633,55008000
1992-08-10,,,,70.87359619140625,1.3472000360488892,42067200
1992-08-11,,,,71.3759994506836,1.3567999601364136,33436800
1992-08-12,,,,71.00160217285156,1.3495999574661255,30441600
1992-08-13,,,,70.87359619140625,1.3472000360488892,28227200
1992-08-14,,,,71.00160217285156,1.3495999574661255,33942400
1992-08-17,,,,69.50080108642578,1.3210999965667725,63318400
1992-08-18,,,,69.50080108642578,1.3210999965667725,66313600
1992-08-19,,,,69.2511978149414,1.3164000511169434,27433600
1992-08-20,,,,70.37439727783203,1.3377000093460083,36534400
1992-08-21,,,,69.75039672851562,1.3258999586105347,52710400
1992-08-24,,,,69.00160217285156,1.3115999698638916,42800000
1992-08-25,,,,70.37439727783203,1.3377000093460083,37123200
1992-08-26,,,,71.62560272216797,1.3615000247955322,50016000
1992-08-27,,,,73.62560272216797,1.3995000123977661,88028800
1992-08-28,,,,74.37439727783203,1.4138000011444092,49468800
1992-08-31,,,,74.49919891357422,1.416100025177002,25651200
1992-09-01,,,,74.49919891357422,1.416100025177002,30825600
1992-09-02,,,,75.3759994506836,1.432800054550171,61955200
1992-09-03,,,,76.6240005493164,1.4565000534057617,85296000
1992-09-04,,,,76.0,1.444700002670288,28585600
1992-09-08,,,,76.7488021850586,1.458899974822998,49376000
1992-09-09,,,,78.12480163574219,1.4850000143051147,60982400
1992-09-10,,,,79.00160217285156,1.5017000436782837,53302400
1992-09-11,,,,78.7488021850586,1.496899962425232,30796800
1992-09-14,,,,81.75039672851562,1.5540000200271606,95100800
1992-09-15,,,,81.2511978149414,1.5444999933242798,44614400
1992-09-16,,,,80.37439727783203,1.5277999639511108,35708800
1992-09-17,,,,81.12640380859375,1.542099952697754,23590400
1992-09-18,,,,79.87519836425781,1.5183000564575195,71683200
1992-09-21,,,,79.12640380859375,1.50409996509552,31811200
1992-09-22,,,,77.75039672851562,1.4779000282287598,30777600
1992-09-23,,,,79.12640380859375,1.50409996509552,37654400
1992-09-24,,,,80.24960327148438,1.5254000425338745,36953600
1992-09-25,,,,78.7488021850586,1.496899962425232,41817600
1992-09-28,,,,77.00160217285156,1.4637000560760498,52854400
1992-09-29,,,,78.7488021850586,1.496899962425232,39392000
1992-09-30,,,,80.49919891357422,1.5302000045776367,59843200
1992-10-01,,,,79.62560272216797,1.5135999917984009,47804800
1992-10-02,,,,78.7488021850586,1.496899962425232,36803200
1992-10-05,,,,81.75039672851562,1.5540000200271606,71347200
1992-10-06,,,,82.49919891357422,1.5681999921798706,74316800
1992-10-07,,,,81.12640380859375,1.542099952697754,58153600
1992-10-08,,,,83.3759994506836,1.5849000215530396,59532800
1992-10-09,,,,82.37439727783203,1.5657999515533447,40182400
1992-10-12,,,,83.87519836425781,1.5943000316619873,34700800
1992-10-13,,,,84.24960327148438,1.6015000343322754,86643200
1992-10-14,,,,83.50080108642578,1.5872000455856323,47456000
1992-10-15,,,,84.49919891357422,1.6061999797821045,35942400
1992-10-16,,,,85.3759994506836,1.6229000091552734,47644800
1992-10-19,,,,87.87519836425781,1.6704000234603882,83280000
1992-10-20,,,,87.87519836425781,1.6704000234603882,84150400
1992-10-21,,,,90.0,1.710800051689148,60396800
1992-10-22,,,,89.75039672851562,1.7059999704360962,49174400
1992-10-23,,,,88.6240005493164,1.6845999956130981,46006400
1992-10-26,,,,90.0,1.710800051689148,40121600
1992-10-27,,,,88.0,1.6727999448776245,49116800
1992-10-28,,,,88.49919891357422,1.6821999549865723,36172800
1992-10-29,,,,90.0,1.710800051689148,32774400
1992-10-30,,,,88.7488021850586,1.687000036239624,24998400
1992-11-02,,,,89.62560272216797,1.7036999464035034,31091200
1992-11-03,,,,88.24960327148438,1.6775000095367432,35267200
1992-11-04,,,,88.49919891357422,1.6821999549865723,23657600
1992-11-05,,,,91.87519836425781,1.746399998664856,90361600
1992-11-06,,,,92.7488021850586,1.7630000114440918,61155200
1992-11-09,,,,91.87519836425781,1.746399998664856,54796800
1992-11-10,,,,92.87359619140625,1.7654000520706177,38710400
1992-11-11,,,,93.75039672851562,1.782099962234497,60748800
1992-11-12,,,,93.50080108642578,1.7773000001907349,46960000
1992-11-13,,,,93.2511978149414,1.7726000547409058,25811200
1992-11-16,,,,92.7488021850586,1.7630000114440918,19312000
1992-11-17,,,,90.0,1.710800051689148,56649600
1992-11-18,,,,92.0,1.7488000392913818,33273600
1992-11-19,,,,94.0,1.7868000268936157,46857600
1992-11-20,,,,95.00160217285156,1.805799961090088,41113600
1992-11-23,,,,88.49919891357422,1.6821999549865723,309884800
1992-11-24,,,,91.50080108642578,1.739300012588501,145513600
1992-11-25,,,,91.12640380859375,1.732200026512146,53152000
1992-11-27,,,,91.75039672851562,1.74399995803833,17593600
1992-11-30,,,,93.12640380859375,1.7702000141143799,35251200
1992-12-01,,,,93.12640380859375,1.7702000141143799,33593600
1992-12-02,,,,90.7488021850586,1.725000023841858,49881600
1992-12-03,,,,91.62560272216797,1.7417000532150269,26048000
1992-12-04,,,,91.75039672851562,1.74399995803833,23548800
1992-12-07,,,,93.3759994506836,1.774899959564209,46422400
1992-12-08,,,,92.49919891357422,1.7582999467849731,26908800
1992-12-09,,,,92.0,1.7488000392913818,26048000
1992-12-10,,,,89.00160217285156,1.6917999982833862,89296000
1992-12-11,,,,86.37439727783203,1.6418999433517456,112934400
1992-12-14,,,,87.12640380859375,1.6561000347137451,51286400
1992-12-15,,,,86.37439727783203,1.6418999433517456,45289600
1992-12-16,,,,87.00160217285156,1.6538000106811523,73792000
1992-12-17,,,,90.0,1.710800051689148,51859200
1992-12-18,,,,90.0,1.710800051689148,74387200
1992-12-21,,,,90.49919891357422,1.7202999591827393,64928000
1992-12-22,,,,87.75039672851562,1.6679999828338623,56928000
1992-12-23,,,,87.2511978149414,1.6584999561309814,59974400
1992-12-24,,,,87.2511978149414,1.6584999561309814,32723200
1992-12-28,,,,87.50080108642578,1.6633000373840332,45731200
1992-12-29,,,,86.49919891357422,1.6441999673843384,60035200
1992-12-30,,,,85.87519836425781,1.6324000358581543,50860800
1992-12-31,,,,85.3759994506836,1.6229000091552734,30851200
1993-01-04,,,,85.12640380859375,1.6181000471115112,72646400
1993-01-05,,,,86.49919891357422,1.6441999673843384,71529600
1993-01-06,,,,89.00160217285156,1.6917999982833862,87440000
1993-01-07,,,,87.2511978149414,1.6584999561309814,58748800
1993-01-08,,,,87.12640380859375,1.6561000347137451,43977600
1993-01-11,,,,89.12640380859375,1.694200038909912,58348800
1993-01-12,,,,89.75039672851562,1.7059999704360962,85129600
1993-01-13,,,,91.2511978149414,1.7345999479293823,83696000
1993-01-14,,,,91.2511978149414,1.7345999479293823,121264000
1993-01-15,,,,89.75039672851562,1.7059999704360962,181958400
1993-01-18,,,,89.2511978149414,1.6964999437332153,50611200
1993-01-19,,,,88.37439727783203,1.679900050163269,52960000
1993-01-20,,,,88.37439727783203,1.679900050163269,47968000
1993-01-21,,,,89.50080108642578,1.701300024986267,73363200
1993-01-22,,,,89.3759994506836,1.6988999843597412,49088000
1993-01-25,,,,88.49919891357422,1.6821999549865723,49609600
1993-01-26,,,,88.0,1.6727999448776245,42345600
1993-01-27,,,,86.24960327148438,1.6395000219345093,64192000
1993-01-28,,,,87.00160217285156,1.6538000106811523,77030400
1993-01-29,,,,86.49919891357422,1.6441999673843384,39424000
1993-02-01,,,,87.50080108642578,1.6633000373840332,42854400
1993-02-02,,,,89.00160217285156,1.6917999982833862,70371200
1993-02-03,,,,88.37439727783203,1.679900050163269,71728000
1993-02-04,,,,85.00160217285156,1.6158000230789185,124214400
1993-02-05,,,,89.00160217285156,1.6917999982833862,177216000
1993-02-08,,,,85.75039672851562,1.6299999952316284,92665600
1993-02-09,,,,83.87519836425781,1.5943000316619873,64550400
1993-02-10,,,,85.50080108642578,1.6252000331878662,39193600
1993-02-11,,,,85.2511978149414,1.6204999685287476,31635200
1993-02-12,,,,83.62560272216797,1.5895999670028687,34752000
1993-02-16,,,,80.12480163574219,1.5231000185012817,91180800
1993-02-17,,,,80.24960327148438,1.5254000425338745,121913600
1993-02-18,,,,81.62560272216797,1.5515999794006348,138553600
1993-02-19,,,,79.75039672851562,1.5159000158309937,97094400
1993-02-22,,,,76.7488021850586,1.458899974822998,76256000
1993-02-23,,,,79.50080108642578,1.511199951171875,105974400
1993-02-24,,,,83.87519836425781,1.5943000316619873,77548800
1993-02-25,,,,84.37439727783203,1.6038000583648682,60806400
1993-02-26,,,,83.3759994506836,1.5849000215530396,29833600
1993-03-01,,,,81.50080108642578,1.5492000579833984,26432000
1993-03-02,,,,84.6240005493164,1.6086000204086304,38380800
1993-03-03,,,,84.7488021850586,1.6109999418258667,42352000
1993-03-04,,,,83.75039672851562,1.5920000076293945,56659200
1993-03-05,,,,82.7488021850586,1.5729000568389893,35724800
1993-03-08,,,,83.62560272216797,1.5895999670028687,48022400
1993-03-09,,,,84.24960327148438,1.6015000343322754,41312000
1993-03-10,,,,85.00160217285156,1.6158000230789185,26592000
1993-03-11,,,,86.49919891357422,1.6441999673843384,57779200
1993-03-12,,,,89.00160217285156,1.6917999982833862,73580800
1993-03-15,,,,87.62560272216797,1.6655999422073364,35347200
1993-03-16,,,,87.75039672851562,1.6679999828338623,36336000
1993-03-17,,,,85.3759994506836,1.6229000091552734,39644800
1993-03-18,,,,85.2511978149414,1.6204999685287476,34406400
1993-03-19,,,,84.24960327148438,1.6015000343322754,45404800
1993-03-22,,,,83.3759994506836,1.5849000215530396,34083200
1993-03-23,,,,83.12640380859375,1.5801000595092773,34409600
1993-03-24,,,,86.24960327148438,1.6395000219345093,50576000
1993-03-25,,,,87.3759994506836,1.6608999967575073,43833600
1993-03-26,,,,86.6240005493164,1.6466000080108643,28380800
1993-03-29,,,,87.00160217285156,1.6538000106811523,48262400
1993-03-30,,,,91.00160217285156,1.7297999858856201,140777600
1993-03-31,,,,92.49919891357422,1.7582999467849731,179660800
1993-04-01,,,,93.00160217285156,1.767799973487854,100412800
1993-04-02,,,,89.75039672851562,1.7059999704360962,73251200
1993-04-05,,,,91.50080108642578,1.739300012588501,61187200
1993-04-06,,,,89.75039672851562,1.7059999704360962,55699200
1993-04-07,,,,90.24960327148438,1.715499997138977,39417600
1993-04-08,,,,89.00160217285156,1.6917999982833862,40185600
1993-04-12,,,,90.12480163574219,1.7130999565124512,48976000
1993-04-13,,,,88.87359619140625,1.6893999576568604,53337600
1993-04-14,,,,89.00160217285156,1.6917999982833862,38592000
1993-04-15,,,,87.12640380859375,1.6561000347137451,109152000
1993-04-16,,,,87.00160217285156,1.6538000106811523,49600000
1993-04-19,,,,87.00160217285156,1.6538000106811523,45673600
1993-04-20,,,,86.7488021850586,1.6490000486373901,46009600
1993-04-21,,,,84.87359619140625,1.6132999658584595,92528000
1993-04-22,,,,83.2511978149414,1.5824999809265137,79872000
1993-04-23,,,,81.3759994506836,1.5468000173568726,89296000
1993-04-26,,,,80.37439727783203,1.5277999639511108,65376000
1993-04-27,,,,82.49919891357422,1.5681999921798706,58208000
1993-04-28,,,,86.0,1.6346999406814575,55372800
1993-04-29,,,,85.50080108642578,1.6252000331878662,49660800
1993-04-30,,,,85.50080108642578,1.6252000331878662,46825600
1993-05-03,,,,86.12480163574219,1.6370999813079834,38096000
1993-05-04,,,,88.0,1.6727999448776245,49664000
1993-05-05,,,,89.2511978149414,1.6964999437332153,51868800
1993-05-06,,,,87.2511978149414,1.6584999561309814,47244800
1993-05-07,,,,87.00160217285156,1.6538000106811523,31798400
1993-05-10,,,,89.12640380859375,1.694200038909912,69091200
1993-05-11,,,,87.75039672851562,1.6679999828338623,38220800
1993-05-12,,,,86.24960327148438,1.6395000219345093,48272000
1993-05-13,,,,85.75039672851562,1.6299999952316284,43708800
1993-05-14,,,,85.50080108642578,1.6252000331878662,49116800
1993-05-17,,,,86.49919891357422,1.6441999673843384,27763200
1993-05-18,,,,88.49919891357422,1.6821999549865723,84185600
1993-05-19,,,,92.49919891357422,1.7582999467849731,181017600
1993-05-20,,,,94.12480163574219,1.789199948310852,150256000
1993-05-21,,,,92.49919891357422,1.7582999467849731,75500800
1993-05-24,,,,92.12480163574219,1.7511999607086182,64252800
1993-05-25,,,,91.2511978149414,1.7345999479293823,36716800
1993-05-26,,,,95.2511978149414,1.8106000423431396,87484800
1993-05-27,,,,94.12480163574219,1.789199948310852,95052800
1993-05-28,,,,92.6240005493164,1.760599970817566,35136000
1993-06-01,,,,96.24960327148438,1.8295999765396118,173088000
1993-06-02,,,,95.75039672851562,1.820099949836731,70710400
1993-06-03,,,,94.6240005493164,1.798699975013733,23936000
1993-06-04,,,,94.0,1.7868000268936157,32652800
1993-06-07,,,,93.2511978149414,1.7726000547409058,52761600
1993-06-08,,,,92.24960327148438,1.753499984741211,48131200
1993-06-09,,,,91.00160217285156,1.7297999858856201,62480000
1993-06-10,,,,91.12640380859375,1.732200026512146,56544000
1993-06-11,,,,89.3759994506836,1.6988999843597412,67542400
1993-06-14,,,,92.24960327148438,1.753499984741211,40489600
1993-06-15,,,,92.49919891357422,1.7582999467849731,42345600
1993-06-16,,,,91.2511978149414,1.7345999479293823,66966400
1993-06-17,,,,90.87359619140625,1.7273999452590942,28083200
1993-06-18,,,,87.50080108642578,1.6633000373840332,75910400
1993-06-21,,,,88.6240005493164,1.6845999956130981,68102400
1993-06-22,,,,88.0,1.6727999448776245,41062400
1993-06-23,,,,88.6240005493164,1.6845999956130981,33129600
1993-06-24,,,,88.49919891357422,1.6821999549865723,35782400
1993-06-25,,,,88.49919891357422,1.6821999549865723,45484800
1993-06-28,,,,90.24960327148438,1.715499997138977,52224000
1993-06-29,,,,89.00160217285156,1.6917999982833862,42361600
1993-06-30,,,,88.0,1.6727999448776245,56422400
1993-07-01,,,,87.12640380859375,1.6561000347137451,57907200
1993-07-02,,,,87.2511978149414,1.6584999561309814,25404800
1993-07-06,,,,86.0,1.6346999406814575,47721600
1993-07-07,,,,83.3759994506836,1.5849000215530396,182569600
1993-07-08,,,,84.87359619140625,1.6132999658584595,70105600
1993-07-09,,,,84.6240005493164,1.6086000204086304,50000000
1993-07-12,,,,83.75039672851562,1.5920000076293945,26540800
1993-07-13,,,,82.7488021850586,1.5729000568389893,36476800
1993-07-14,,,,84.24960327148438,1.6015000343322754,43491200
1993-07-15,,,,83.50080108642578,1.5872000455856323,34432000
1993-07-16,,,,81.12640380859375,1.542099952697754,86217600
1993-07-19,,,,78.7488021850586,1.496899962425232,122435200
1993-07-20,,,,80.49919891357422,1.5302000045776367,74822400
1993-07-21,,,,79.00160217285156,1.5017000436782837,178963200
1993-07-22,,,,77.62560272216797,1.475600004196167,147584000
1993-07-23,,,,77.62560272216797,1.475600004196167,92790400
1993-07-26,,,,78.24960327148438,1.4874000549316406,65801600
1993-07-27,,,,75.50080108642578,1.4351999759674072,112220800
1993-07-28,,,,78.24960327148438,1.4874000549316406,113459200
1993-07-29,,,,79.00160217285156,1.5017000436782837,96534400
1993-07-30,,,,74.0,1.406599998474121,287936000
1993-08-02,,,,72.7488021850586,1.3828999996185303,148208000
1993-08-03,,,,73.00160217285156,1.3876999616622925,85136000
1993-08-04,,,,73.00160217285156,1.3876999616622925,94416000
1993-08-05,,,,74.7488021850586,1.4208999872207642,67910400
1993-08-06,,,,73.2511978149414,1.3924000263214111,71760000
1993-08-09,,,,73.00160217285156,1.3876999616622925,70876800
1993-08-10,,,,71.00160217285156,1.3495999574661255,192028800
1993-08-11,,,,72.37439727783203,1.3756999969482422,95974400
1993-08-12,,,,74.0,1.406599998474121,77366400
1993-08-13,,,,75.2511978149414,1.430400013923645,61900800
1993-08-16,,,,77.75039672851562,1.4779000282287598,78451200
1993-08-17,,,,77.2511978149414,1.468400001525879,54272000
1993-08-18,,,,77.2511978149414,1.468400001525879,66012800
1993-08-19,,,,74.24960327148438,1.4113999605178833,114742400
1993-08-20,,,,76.24960327148438,1.4493999481201172,73683200
1993-08-23,,,,77.00160217285156,1.4637000560760498,59472000
1993-08-24,,,,75.87519836425781,1.4422999620437622,39417600
1993-08-25,,,,74.24960327148438,1.4113999605178833,68800000
1993-08-26,,,,72.12480163574219,1.371000051498413,136256000
1993-08-27,,,,71.87519836425781,1.3661999702453613,67763200
1993-08-30,,,,72.6240005493164,1.3804999589920044,54012800
1993-08-31,,,,75.12640380859375,1.4279999732971191,93020800
1993-09-01,,,,76.7488021850586,1.458899974822998,86035200
1993-09-02,,,,76.6240005493164,1.4565000534057617,55497600
1993-09-03,,,,75.75039672851562,1.4399000406265259,26800000
1993-09-07,,,,74.7488021850586,1.4208999872207642,38659200
1993-09-08,,,,74.49919891357422,1.416100025177002,54777600
1993-09-09,,,,76.24960327148438,1.4493999481201172,29856000
1993-09-10,,,,78.0,1.482699990272522,56540800
1993-09-13,,,,76.37439727783203,1.451799988746643,33481600
1993-09-14,,,,75.2511978149414,1.430400013923645,57756800
1993-09-15,,,,76.49919891357422,1.4541000127792358,60428800
1993-09-16,,,,76.0,1.444700002670288,25641600
1993-09-17,,,,76.0,1.444700002670288,25286400
1993-09-20,,,,75.62560272216797,1.4375,34691200
1993-09-21,,,,76.0,1.444700002670288,57846400
1993-09-22,,,,77.2511978149414,1.468400001525879,72051200
1993-09-23,,,,78.7488021850586,1.496899962425232,72214400
1993-09-24,,,,80.0,1.5206999778747559,91481600
1993-09-27,,,,82.24960327148438,1.5634000301361084,73472000
1993-09-28,,,,84.0,1.5966999530792236,84012800
1993-09-29,,,,83.00160217285156,1.5777000188827515,87529600
1993-09-30,,,,82.49919891357422,1.5681999921798706,38400000
1993-10-01,,,,82.0,1.5586999654769897,46048000
1993-10-04,,,,82.6240005493164,1.5706000328063965,40505600
1993-10-05,,,,83.2511978149414,1.5824999809265137,86931200
1993-10-06,,,,84.87359619140625,1.6132999658584595,77321600
1993-10-07,,,,84.12480163574219,1.5990999937057495,41596800
1993-10-08,,,,84.49919891357422,1.6061999797821045,38086400
1993-10-11,,,,84.0,1.5966999530792236,36457600
1993-10-12,,,,84.24960327148438,1.6015000343322754,79296000
1993-10-13,,,,83.2511978149414,1.5824999809265137,62409600
1993-10-14,,,,82.12480163574219,1.5611000061035156,63257600
1993-10-15,,,,80.7488021850586,1.5348999500274658,126425600
1993-10-18,,,,83.00160217285156,1.5777000188827515,67750400
1993-10-19,,,,80.24960327148438,1.5254000425338745,91392000
1993-10-20,,,,81.00160217285156,1.5397000312805176,81590400
1993-10-21,,,,79.50080108642578,1.511199951171875,127142400
1993-10-22,,,,80.37439727783203,1.5277999639511108,47625600
1993-10-25,,,,80.49919891357422,1.5302000045776367,48553600
1993-10-26,,,,79.50080108642578,1.511199951171875,66944000
1993-10-27,,,,79.87519836425781,1.5183000564575195,45564800
1993-10-28,,,,79.00160217285156,1.5017000436782837,56009600
1993-10-29,,,,80.12480163574219,1.5231000185012817,39843200
1993-11-01,,,,80.87359619140625,1.5372999906539917,30163200
1993-11-02,,,,80.24960327148438,1.5254000425338745,42422400
1993-11-03,,,,78.49919891357422,1.4922000169754028,56796800
1993-11-04,,,,76.49919891357422,1.4541000127792358,63177600
1993-11-05,,,,78.7488021850586,1.496899962425232,56432000
1993-11-08,,,,78.49919891357422,1.4922000169754028,28819200
1993-11-09,,,,78.24960327148438,1.4874000549316406,36320000
1993-11-10,,,,81.3759994506836,1.5468000173568726,57177600
1993-11-11,,,,81.62560272216797,1.5515999794006348,31158400
1993-11-12,,,,81.87519836425781,1.5563000440597534,34339200
1993-11-15,,,,80.49919891357422,1.5302000045776367,29244800
1993-11-16,,,,82.24960327148438,1.5634000301361084,47664000
1993-11-17,,,,80.7488021850586,1.5348999500274658,72217600
1993-11-18,,,,80.24960327148438,1.5254000425338745,48438400
1993-11-19,,,,80.12480163574219,1.5231000185012817,38403200
1993-11-22,,,,77.00160217285156,1.4637000560760498,80355200
1993-11-23,,,,77.3759994506836,1.4708000421524048,98256000
1993-11-24,,,,78.7488021850586,1.496899962425232,32467200
1993-11-26,,,,79.00160217285156,1.5017000436782837,6403200
1993-11-29,,,,79.50080108642578,1.511199951171875,32105600
1993-11-30,,,,80.0,1.5206999778747559,44153600
1993-12-01,,,,81.50080108642578,1.5492000579833984,58886400
1993-12-02,,,,82.87359619140625,1.5752999782562256,51936000
1993-12-03,,,,85.75039672851562,1.6299999952316284,114502400
1993-12-06,,,,84.87359619140625,1.6132999658584595,59337600
1993-12-07,,,,85.50080108642578,1.6252000331878662,32780800
1993-12-08,,,,83.50080108642578,1.5872000455856323,105900800
1993-12-09,,,,81.12640380859375,1.542099952697754,61465600
1993-12-10,,,,81.87519836425781,1.5563000440597534,19916800
1993-12-13,,,,81.3759994506836,1.5468000173568726,20112000
1993-12-14,,,,80.0,1.5206999778747559,47414400
1993-12-15,,,,79.75039672851562,1.5159000158309937,35219200
1993-12-16,,,,80.0,1.5206999778747559,29113600
1993-12-17,,,,80.49919891357422,1.5302000045776367,26112000
1993-12-20,,,,82.0,1.5586999654769897,35462400
1993-12-21,,,,82.49919891357422,1.5681999921798706,31008000
1993-12-22,,,,81.12640380859375,1.542099952697754,24169600
1993-12-23,,,,80.87359619140625,1.5372999906539917,31820800
1993-12-27,,,,80.49919891357422,1.5302000045776367,24537600
1993-12-28,,,,82.7488021850586,1.5729000568389893,27776000
1993-12-29,,,,81.50080108642578,1.5492000579833984,48988800
1993-12-30,,,,81.2511978149414,1.5444999933242798,25328000
1993-12-31,,,,80.6240005493164,1.5325000286102295,22995200
1994-01-03,,,,80.12480163574219,1.5231000185012817,36646400
1994-01-04,,,,80.49919891357422,1.5302000045776367,45302400
1994-01-05,,,,82.24960327148438,1.5634000301361084,53974400
1994-01-06,,,,84.6240005493164,1.6086000204086304,82006400
1994-01-07,,,,85.2511978149414,1.6204999685287476,70832000
1994-01-10,,,,85.75039672851562,1.6299999952316284,74185600
1994-01-11,,,,85.2511978149414,1.6204999685287476,35360000
1994-01-12,,,,85.50080108642578,1.6252000331878662,39488000
1994-01-13,,,,85.3759994506836,1.6229000091552734,40755200
1994-01-14,,,,85.62560272216797,1.6275999546051025,45216000
1994-01-17,,,,84.7488021850586,1.6109999418258667,30755200
1994-01-18,,,,84.6240005493164,1.6086000204086304,43686400
1994-01-19,,,,83.2511978149414,1.5824999809265137,76563200
1994-01-20,,,,86.24960327148438,1.6395000219345093,145004800
1994-01-21,,,,86.24960327148438,1.6395000219345093,99078400
1994-01-24,,,,85.2511978149414,1.6204999685287476,38374400
1994-01-25,,,,85.12640380859375,1.6181000471115112,70361600
1994-01-26,,,,84.24960327148438,1.6015000343322754,50489600
1994-01-27,,,,84.24960327148438,1.6015000343322754,51129600
1994-01-28,,,,84.87359619140625,1.6132999658584595,41875200
1994-01-31,,,,85.12640380859375,1.6181000471115112,62566400
1994-02-01,,,,85.12640380859375,1.6181000471115112,44003200
1994-02-02,,,,84.0,1.5966999530792236,40924800
1994-02-03,,,,84.49919891357422,1.6061999797821045,31792000
1994-02-04,,,,81.2511978149414,1.5444999933242798,78217600
1994-02-07,,,,80.7488021850586,1.5348999500274658,118851200
1994-02-08,,,,78.7488021850586,1.496899962425232,149875200
1994-02-09,,,,79.62560272216797,1.5135999917984009,98585600
1994-02-10,,,,79.3759994506836,1.5088000297546387,66620800
1994-02-11,,,,78.7488021850586,1.496899962425232,53747200
1994-02-14,,,,79.12640380859375,1.50409996509552,55270400
1994-02-15,,,,79.75039672851562,1.5159000158309937,28876800
1994-02-16,,,,78.7488021850586,1.496899962425232,43731200
1994-02-17,,,,78.6240005493164,1.4945000410079956,85017600
1994-02-18,,,,80.0,1.5206999778747559,79465600
1994-02-22,,,,79.50080108642578,1.511199951171875,63235200
1994-02-23,,,,81.00160217285156,1.5397000312805176,139462400
1994-02-24,,,,79.87519836425781,1.5183000564575195,82553600
1994-02-25,,,,81.00160217285156,1.5397000312805176,52995200
1994-02-28,,,,82.49919891357422,1.5681999921798706,55494400
1994-03-01,,,,83.2511978149414,1.5824999809265137,48070400
1994-03-02,,,,82.7488021850586,1.5729000568389893,68499200
1994-03-03,,,,81.00160217285156,1.5397000312805176,31564800
1994-03-04,,,,81.00160217285156,1.5397000312805176,25705600
1994-03-07,,,,81.2511978149414,1.5444999933242798,30540800
1994-03-08,,,,81.00160217285156,1.5397000312805176,24723200
1994-03-09,,,,80.87359619140625,1.5372999906539917,37024000
1994-03-10,,,,80.87359619140625,1.5372999906539917,46588800
1994-03-11,,,,81.75039672851562,1.5540000200271606,34857600
1994-03-14,,,,83.87519836425781,1.5943000316619873,69203200
1994-03-15,,,,84.87359619140625,1.6132999658584595,62934400
1994-03-16,,,,84.7488021850586,1.6109999418258667,41286400
1994-03-17,,,,84.49919891357422,1.6061999797821045,30992000
1994-03-18,,,,84.7488021850586,1.6109999418258667,36857600
1994-03-21,,,,83.2511978149414,1.5824999809265137,65078400
1994-03-22,,,,84.7488021850586,1.6109999418258667,89024000
1994-03-23,,,,86.24960327148438,1.6395000219345093,116441600
1994-03-24,,,,87.2511978149414,1.6584999561309814,60166400
1994-03-25,,,,87.50080108642578,1.6633000373840332,102051200
1994-03-28,,,,86.37439727783203,1.6418999433517456,118403200
1994-03-29,,,,82.49919891357422,1.5681999921798706,78339200
1994-03-30,,,,83.62560272216797,1.5895999670028687,86860800
1994-03-31,,,,84.7488021850586,1.6109999418258667,72297600
1994-04-04,,,,84.49919891357422,1.6061999797821045,73996800
1994-04-05,,,,87.75039672851562,1.6679999828338623,101878400
1994-04-06,,,,89.00160217285156,1.6917999982833862,80780800
1994-04-07,,,,89.75039672851562,1.7059999704360962,76630400
1994-04-08,,,,87.00160217285156,1.6538000106811523,118710400
1994-04-11,,,,87.00160217285156,1.6538000106811523,40400000
1994-04-12,,,,84.7488021850586,1.6109999418258667,84969600
1994-04-13,,,,84.87359619140625,1.6132999658584595,69644800
1994-04-14,,,,84.12480163574219,1.5990999937057495,53088000
1994-04-15,,,,84.87359619140625,1.6132999658584595,35241600
1994-04-18,,,,83.00160217285156,1.5777000188827515,78006400
1994-04-19,,,,88.12480163574219,1.6750999689102173,291273600
1994-04-20,,,,89.50080108642578,1.701300024986267,104732800
1994-04-21,,,,91.50080108642578,1.739300012588501,141980800
1994-04-22,,,,91.75039672851562,1.74399995803833,66060800
1994-04-25,,,,93.75039672851562,1.782099962234497,142745600
1994-04-26,,,,94.9375991821289,1.8046000003814697,113193600
1994-04-28,,,,92.12480163574219,1.7511999607086182,141382400
1994-04-29,,,,92.49919891357422,1.7582999467849731,56803200
1994-05-02,,,,95.50080108642578,1.8152999877929688,79260800
1994-05-03,,,,93.50080108642578,1.7773000001907349,41929600
1994-05-04,,,,95.12640380859375,1.8082000017166138,68889600
1994-05-05,,,,94.37439727783203,1.7939000129699707,56374400
1994-05-06,,,,92.49919891357422,1.7582999467849731,96403200
1994-05-09,,,,92.24960327148438,1.753499984741211,47600000
1994-05-10,,,,94.0,1.7868000268936157,65305600
1994-05-11,,,,93.50080108642578,1.7773000001907349,57433600
1994-05-12,,,,94.49919891357422,1.7963000535964966,58998400
1994-05-13,,,,96.49919891357422,1.8343000411987305,179920000
1994-05-16,,,,95.00160217285156,1.805799961090088,56633600
1994-05-17,,,,94.6240005493164,1.798699975013733,122464000
1994-05-18,,,,97.0624008178711,1.8450000286102295,96953600
1994-05-19,,,,98.37439727783203,1.8700000047683716,89651200
1994-05-20,,,,97.75039672851562,1.8581000566482544,78140800
1994-05-23,,,,50.563201904296875,1.9222999811172485,74947200
1994-05-24,,,,51.12480163574219,1.943600058555603,85144000
1994-05-25,,,,52.50080108642578,1.99590003490448,86003200
1994-05-26,,,,52.0,1.9768999814987183,64296000
1994-05-27,,,,52.3744010925293,1.9910999536514282,47544000
1994-05-31,,,,53.75040054321289,2.0434000492095947,76000000
1994-06-01,,,,53.0,2.014899969100952,100764800
1994-06-02,,,,52.24959945678711,1.9864000082015991,60291200
1994-06-03,,,,52.87519836425781,2.010200023651123,86841600
1994-06-06,,,,54.50080108642578,2.072000026702881,764504000
1994-06-07,,,,53.6255989074707,2.0387001037597656,166171200
1994-06-08,,,,52.0,1.9768999814987183,203835200
1994-06-09,,,,52.24959945678711,1.9864000082015991,79356800
1994-06-10,,,,52.563201904296875,1.9982999563217163,53726400
1994-06-13,,,,52.87519836425781,2.010200023651123,56628800
1994-06-14,,,,53.563201904296875,2.03629994392395,59249600
1994-06-15,,,,54.24959945678711,2.0624001026153564,58860800
1994-06-16,,,,53.563201904296875,2.03629994392395,48478400
1994-06-17,,,,53.0,2.014899969100952,47622400
1994-06-20,,,,53.50080108642578,2.033900022506714,45668800
1994-06-21,,,,52.6255989074707,2.000699996948242,86995200
1994-06-22,,,,51.50080108642578,1.957900047302246,82924800
1994-06-23,,,,50.12480163574219,1.9055999517440796,85979200
1994-06-24,,,,49.50080108642578,1.8818999528884888,81454400
1994-06-27,,,,51.87519836425781,1.972100019454956,76161600
1994-06-28,,,,51.3120002746582,1.950700044631958,99417600
1994-06-29,,,,51.3744010925293,1.9530999660491943,53435200
1994-06-30,,,,51.6255989074707,1.9627000093460083,40827200
1994-07-01,,,,50.24959945678711,1.9103000164031982,66622400
1994-07-05,,,,49.12480163574219,1.8675999641418457,40430400
1994-07-06,,,,48.3120002746582,1.8366999626159668,89254400
1994-07-07,,,,50.3744010925293,1.9150999784469604,89667200
1994-07-08,,,,49.50080108642578,1.8818999528884888,48945600
1994-07-11,,,,48.3744010925293,1.8391000032424927,85406400
1994-07-12,,,,48.0,1.8248000144958496,83752000
1994-07-13,,,,49.50080108642578,1.8818999528884888,82956800
1994-07-14,,,,48.75040054321289,1.8533999919891357,81446400
1994-07-15,,,,48.6255989074707,1.8486000299453735,45520000
1994-07-18,,,,50.50080108642578,1.9198999404907227,150499200
1994-07-19,,,,50.12480163574219,1.9055999517440796,70126400
1994-07-20,,,,48.3744010925293,1.8391000032424927,112604800
1994-07-21,,,,47.75040054321289,1.8152999877929688,85740800
1994-07-22,,,,50.563201904296875,1.9222999811172485,152916800
1994-07-25,,,,51.187198638916016,1.9459999799728394,51513600
1994-07-26,,,,50.3744010925293,1.9150999784469604,54308800
1994-07-27,,,,49.50080108642578,1.8818999528884888,29291200
1994-07-28,,,,49.50080108642578,1.8818999528884888,39899200
1994-07-29,,,,51.50080108642578,1.957900047302246,67064000
1994-08-01,,,,53.3744010925293,2.029099941253662,83934400
1994-08-02,,,,52.812801361083984,2.0078001022338867,95249600
1994-08-03,,,,53.3744010925293,2.029099941253662,58771200
1994-08-04,,,,52.75040054321289,2.0053999423980713,40192000
1994-08-05,,,,52.50080108642578,1.99590003490448,31204800
1994-08-08,,,,53.0,2.014899969100952,34537600
1994-08-09,,,,53.50080108642578,2.033900022506714,40198400
1994-08-10,,,,54.12480163574219,2.0576999187469482,48646400
1994-08-11,,,,55.24959945678711,2.100399971008301,81428800
1994-08-12,,,,55.24959945678711,2.100399971008301,38088000
1994-08-15,,,,54.436798095703125,2.069499969482422,36113600
1994-08-16,,,,54.87519836425781,2.086199998855591,56779200
1994-08-17,,,,55.87519836425781,2.1242001056671143,79790400
1994-08-18,,,,55.50080108642578,2.109999895095825,61276800
1994-08-19,,,,54.87519836425781,2.086199998855591,74761600
1994-08-22,,,,54.6255989074707,2.07669997215271,62835200
1994-08-23,,,,55.50080108642578,2.109999895095825,58363200
1994-08-24,,,,55.75040054321289,2.119499921798706,35246400
1994-08-25,,,,56.187198638916016,2.1361000537872314,55174400
1994-08-26,,,,56.87519836425781,2.1621999740600586,60961600
1994-08-29,,,,57.062400817871094,2.169300079345703,56625600
1994-08-30,,,,58.3744010925293,2.2191998958587646,39851200
1994-08-31,,,,58.12480163574219,2.209700107574463,60968000
1994-09-01,,,,56.12480163574219,2.133699893951416,115568000
1994-09-02,,,,56.0,2.128999948501587,46964800
1994-09-06,,,,56.0,2.128999948501587,28804800
1994-09-07,,,,56.87519836425781,2.1621999740600586,43588800
1994-09-08,,,,57.937599182128906,2.2026000022888184,28377600
1994-09-09,,,,56.87519836425781,2.1621999740600586,60800000
1994-09-12,,,,56.12480163574219,2.133699893951416,36238400
1994-09-13,,,,57.563201904296875,2.1884000301361084,41134400
1994-09-14,,,,57.6255989074707,2.1907999515533447,29968000
1994-09-15,,,,58.24959945678711,2.2144999504089355,40640000
1994-09-16,,,,56.87519836425781,2.1621999740600586,52921600
1994-09-19,,,,56.87519836425781,2.1621999740600586,48350400
1994-09-20,,,,56.0,2.128999948501587,40276800
1994-09-21,,,,57.24959945678711,2.176500082015991,82948800
1994-09-22,,,,57.0,2.1670000553131104,44320000
1994-09-23,,,,56.0,2.128999948501587,48371200
1994-09-26,,,,55.563201904296875,2.1124000549316406,29921600
1994-09-27,,,,56.50080108642578,2.1480000019073486,50585600
1994-09-28,,,,57.0,2.1670000553131104,33355200
1994-09-29,,,,56.50080108642578,2.1480000019073486,27105600
1994-09-30,,,,56.12480163574219,2.133699893951416,34608000
1994-10-03,,,,55.87519836425781,2.1242001056671143,28833600
1994-10-04,,,,55.0,2.09089994430542,42622400
1994-10-05,,,,55.50080108642578,2.109999895095825,50985600
1994-10-06,,,,54.50080108642578,2.072000026702881,40790400
1994-10-07,,,,54.3744010925293,2.067199945449829,51518400
1994-10-10,,,,54.75040054321289,2.0815000534057617,39480000
1994-10-11,,,,55.812801361083984,2.121799945831299,55692800
1994-10-12,,,,56.24959945678711,2.138400077819824,27912000
1994-10-13,,,,57.24959945678711,2.176500082015991,63033600
1994-10-14,,,,55.937599182128906,2.1266000270843506,99878400
1994-10-17,,,,55.12480163574219,2.0957000255584717,31160000
1994-10-18,,,,56.6255989074707,2.1526999473571777,52686400
1994-10-19,,,,57.6255989074707,2.1907999515533447,59488000
1994-10-20,,,,59.6255989074707,2.2667999267578125,136558400
1994-10-21,,,,59.3744010925293,2.257200002670288,67099200
1994-10-24,,,,58.87519836425781,2.238300085067749,57145600
1994-10-25,,,,59.6879997253418,2.269200086593628,44780800
1994-10-26,,,,61.0,2.319000005722046,97904000
1994-10-27,,,,61.6255989074707,2.3427999019622803,41238400
1994-10-28,,,,62.12480163574219,2.361799955368042,58414400
1994-10-31,,,,63.0,2.3951001167297363,59932800
1994-11-01,,,,62.75040054321289,2.3856000900268555,39624000
1994-11-02,,,,63.0,2.3951001167297363,61408000
1994-11-03,,,,62.6255989074707,2.3808000087738037,63441600
1994-11-04,,,,61.50080108642578,2.338099956512451,46947200
1994-11-07,,,,61.87519836425781,2.352299928665161,47094400
1994-11-08,,,,63.6255989074707,2.4189000129699707,43328000
1994-11-09,,,,63.75040054321289,2.4235999584198,60206400
1994-11-10,,,,63.6879997253418,2.4212000370025635,24689600
1994-11-11,,,,62.24959945678711,2.3666000366210938,132899200
1994-11-14,,,,64.50080108642578,2.4521000385284424,48934400
1994-11-15,,,,64.56320190429688,2.4544999599456787,52544000
1994-11-16,,,,64.62560272216797,2.456899881362915,30196800
1994-11-17,,,,64.24960327148438,2.4426000118255615,33232000
1994-11-18,,,,64.12480163574219,2.4377999305725098,25694400
1994-11-21,,,,63.50080108642578,2.414099931716919,35560000
1994-11-22,,,,62.0,2.357100009918213,56358400
1994-11-23,,,,61.50080108642578,2.338099956512451,87507200
1994-11-25,,,,62.24959945678711,2.3666000366210938,12563200
1994-11-28,,,,63.3744010925293,2.4093000888824463,43449600
1994-11-29,,,,64.12480163574219,2.4377999305725098,37673600
1994-11-30,,,,62.87519836425781,2.3903000354766846,40934400
1994-12-01,,,,62.563201904296875,2.378499984741211,43096000
1994-12-02,,,,63.24959945678711,2.404599905014038,37715200
1994-12-05,,,,63.3120002746582,2.406899929046631,38166400
1994-12-06,,,,63.3744010925293,2.4093000888824463,38830400
1994-12-07,,,,63.0,2.3951001167297363,36744000
1994-12-08,,,,62.50080108642578,2.3761000633239746,41934400
1994-12-09,,,,63.12480163574219,2.3998000621795654,79956800
1994-12-12,,,,63.12480163574219,2.3998000621795654,65313600
1994-12-13,,,,62.75040054321289,2.3856000900268555,30219200
1994-12-14,,,,63.24959945678711,2.404599905014038,33641600
1994-12-15,,,,63.50080108642578,2.414099931716919,28854400
1994-12-16,,,,63.3744010925293,2.4093000888824463,54020800
1994-12-19,,,,62.6255989074707,2.3808000087738037,31507200
1994-12-20,,,,59.87519836425781,2.2762999534606934,253456000
1994-12-21,,,,61.50080108642578,2.338099956512451,69395200
1994-12-22,,,,60.6255989074707,2.304800033569336,57355200
1994-12-23,,,,60.87519836425781,2.314300060272217,19486400
1994-12-27,,,,60.75040054321289,2.3096001148223877,20566400
1994-12-28,,,,61.0,2.319000005722046,34961600
1994-12-29,,,,61.812801361083984,2.349900007247925,23446400
1994-12-30,,,,61.12480163574219,2.3238000869750977,20686400
1995-01-03,,,,60.187198638916016,2.288100004196167,39545600
1995-01-04,,,,60.6255989074707,2.304800033569336,51611200
1995-01-05,,,,59.6255989074707,2.2667999267578125,39824000
1995-01-06,,,,60.6255989074707,2.304800033569336,46681600
1995-01-09,,,,60.24959945678711,2.2904999256134033,46000000
1995-01-10,,,,61.0,2.319000005722046,42184000
1995-01-11,,,,61.3744010925293,2.3333001136779785,31512000
1995-01-12,,,,61.24959945678711,2.3285000324249268,26996800
1995-01-13,,,,62.75040054321289,2.3856000900268555,41307200
1995-01-16,,,,64.12480163574219,2.4377999305725098,74648000
1995-01-17,,,,64.62560272216797,2.456899881362915,73932800
1995-01-18,,,,65.0624008178711,2.4735000133514404,50504000
1995-01-19,,,,63.50080108642578,2.414099931716919,67108800
1995-01-20,,,,61.6255989074707,2.3427999019622803,82388800
1995-01-23,,,,62.812801361083984,2.388000011444092,53843200
1995-01-24,,,,62.01599884033203,2.3577001094818115,36739200
1995-01-25,,,,61.75040054321289,2.347599983215332,52459200
1995-01-26,,,,59.87519836425781,2.2762999534606934,80836800
1995-01-27,,,,59.87519836425781,2.2762999534606934,58376000
1995-01-30,,,,59.0,2.243000030517578,55164800
1995-01-31,,,,59.3744010925293,2.257200002670288,59945600
1995-02-01,,,,59.12480163574219,2.24780011177063,66705600
1995-02-02,,,,59.0,2.243000030517578,46312000
1995-02-03,,,,60.12480163574219,2.285799980163574,60332800
1995-02-06,,,,60.87519836425781,2.314300060272217,48345600
1995-02-07,,,,61.0,2.319000005722046,33152000
1995-02-08,,,,61.87519836425781,2.352299928665161,49150400
1995-02-09,,,,61.87519836425781,2.352299928665161,42398400
1995-02-10,,,,62.0,2.357100009918213,49862400
1995-02-13,,,,62.0,2.357100009918213,38160000
1995-02-14,,,,61.87519836425781,2.352299928665161,31121600
1995-02-15,,,,60.75040054321289,2.3096001148223877,147001600
1995-02-16,,,,60.87519836425781,2.314300060272217,56744000
1995-02-17,,,,60.3744010925293,2.295300006866455,37824000
1995-02-21,,,,59.75040054321289,2.2715001106262207,55392000
1995-02-22,,,,61.50080108642578,2.338099956512451,60902400
1995-02-23,,,,61.6255989074707,2.3427999019622803,59939200
1995-02-24,,,,61.24959945678711,2.3285000324249268,34177600
1995-02-27,,,,61.75040054321289,2.347599983215332,28592000
1995-02-28,,,,63.0,2.3951001167297363,52544000
1995-03-01,,,,63.24959945678711,2.404599905014038,52032000
1995-03-02,,,,63.75040054321289,2.4235999584198,26038400
1995-03-03,,,,63.6255989074707,2.4189000129699707,31776000
1995-03-06,,,,64.31199645996094,2.444999933242798,45156800
1995-03-07,,,,65.34400177001953,2.4842000007629395,91750400
1995-03-08,,,,68.50080108642578,2.6041998863220215,140096000
1995-03-09,,,,67.87519836425781,2.580399990081787,58238400
1995-03-10,,,,68.56320190429688,2.606600046157837,44324800
1995-03-13,,,,69.0,2.623199939727783,34550400
1995-03-14,,,,71.75039672851562,2.7276999950408936,78643200
1995-03-15,,,,70.50080108642578,2.6802000999450684,57294400
1995-03-16,,,,70.12480163574219,2.6658999919891357,47510400
1995-03-17,,,,69.9375991821289,2.658799886703491,59868800
1995-03-20,,,,71.12480163574219,2.7039999961853027,37772800
1995-03-21,,,,70.43679809570312,2.677799940109253,74772800
1995-03-22,,,,70.9375991821289,2.6967999935150146,52464000
1995-03-23,,,,72.75039672851562,2.7657999992370605,105286400
1995-03-24,,,,73.87519836425781,2.808500051498413,65683200
1995-03-27,,,,73.0,2.7753000259399414,61008000
1995-03-28,,,,73.62560272216797,2.7990000247955322,47603200
1995-03-29,,,,72.24960327148438,2.7467000484466553,65763200
1995-03-30,,,,72.12480163574219,2.742000102996826,75011200
1995-03-31,,,,71.12480163574219,2.7039999961853027,63080000
1995-04-03,,,,70.0,2.6612000465393066,65617600
1995-04-04,,,,69.87519836425781,2.6565001010894775,66689600
1995-04-05,,,,70.62560272216797,2.684999942779541,65792000
1995-04-06,,,,70.0,2.6612000465393066,35414400
1995-04-07,,,,69.62560272216797,2.6470000743865967,43148800
1995-04-10,,,,70.9375991821289,2.6967999935150146,43169600
1995-04-11,,,,72.12480163574219,2.742000102996826,43624000
1995-04-12,,,,71.62560272216797,2.7230000495910645,40430400
1995-04-13,,,,72.50080108642578,2.7562999725341797,32814400
1995-04-17,,,,77.37439727783203,2.9416000843048096,187913600
1995-04-18,,,,76.75039672851562,2.917799949645996,75609600
1995-04-19,,,,76.12480163574219,2.8940000534057617,59163200
1995-04-20,,,,75.24960327148438,2.86080002784729,83913600
1995-04-21,,,,75.0,2.851300001144409,53555200
1995-04-24,,,,77.75039672851562,2.9558000564575195,68089600
1995-04-25,,,,80.0,3.0413999557495117,69371200
1995-04-26,,,,79.62560272216797,3.027100086212158,44305600
1995-04-27,,,,78.62560272216797,2.9890999794006348,128844800
1995-04-28,,,,81.75039672851562,3.1078999042510986,92104000
1995-05-01,,,,82.12480163574219,3.1222000122070312,65550400
1995-05-02,,,,79.56320190429688,3.0248000621795654,78099200
1995-05-03,,,,80.87519836425781,3.0745999813079834,61566400
1995-05-04,,,,81.50080108642578,3.098400115966797,66524800
1995-05-05,,,,80.0,3.0413999557495117,43707200
1995-05-08,,,,79.87519836425781,3.036600112915039,43988800
1995-05-09,,,,79.81279754638672,3.0343000888824463,36748800
1995-05-10,,,,79.24960327148438,3.0127999782562256,38688000
1995-05-11,,,,81.37439727783203,3.093600034713745,38673600
1995-05-12,,,,80.75039672851562,3.0699000358581543,36192000
1995-05-15,,,,81.31199645996094,3.091200113296509,35232000
1995-05-16,,,,84.87519836425781,3.2267000675201416,86708800
1995-05-17,,,,86.0,3.2695000171661377,66515200
1995-05-18,,,,84.62560272216797,3.2172000408172607,58326400
1995-05-19,,,,85.37439727783203,3.245699882507324,45190400
1995-05-22,,,,87.24960327148438,3.316999912261963,91382400
1995-05-23,,,,88.50080108642578,3.364500045776367,55516800
1995-05-24,,,,87.50080108642578,3.3264999389648438,68684800
1995-05-25,,,,89.24960327148438,3.3929998874664307,43440000
1995-05-26,,,,87.50080108642578,3.3264999389648438,52934400
1995-05-30,,,,83.0,3.155400037765503,99612800
1995-05-31,,,,84.68800354003906,3.219599962234497,119756800
1995-06-01,,,,84.12480163574219,3.198199987411499,61153600
1995-06-02,,,,83.12480163574219,3.1602001190185547,55556800
1995-06-05,,,,84.75039672851562,3.2219998836517334,55852800
1995-06-06,,,,83.12480163574219,3.1602001190185547,49036800
1995-06-07,,,,84.0,3.1933999061584473,64590400
1995-06-08,,,,84.12480163574219,3.198199987411499,29320000
1995-06-09,,,,84.87519836425781,3.2267000675201416,81214400
1995-06-12,,,,83.75039672851562,3.184000015258789,45832000
1995-06-13,,,,83.87519836425781,3.188699960708618,37691200
1995-06-14,,,,83.81279754638672,3.186300039291382,43096000
1995-06-15,,,,84.87519836425781,3.2267000675201416,43912000
1995-06-16,,,,87.0,3.307499885559082,92278400
1995-06-19,,,,89.81279754638672,3.414400100708008,78982400
1995-06-20,,,,91.37439727783203,3.47379994392395,56670400
1995-06-21,,,,90.50080108642578,3.4405999183654785,57224000
1995-06-22,,,,91.87519836425781,3.492799997329712,46296000
1995-06-23,,,,91.12480163574219,3.4642999172210693,46356800
1995-06-26,,,,89.75039672851562,3.412100076675415,41048000
1995-06-27,,,,86.87519836425781,3.3027000427246094,66004800
1995-06-28,,,,87.87519836425781,3.3408000469207764,107286400
1995-06-29,,,,89.37439727783203,3.3977999687194824,57643200
1995-06-30,,,,90.37439727783203,3.435800075531006,53342400
1995-07-03,,,,90.9375991821289,3.457200050354004,16763200
1995-07-05,,,,90.68800354003906,3.447700023651123,48547200
1995-07-06,,,,92.75039672851562,3.526099920272827,47070400
1995-07-07,,,,95.62560272216797,3.6354000568389893,66699200
1995-07-10,,,,98.87519836425781,3.759000062942505,111982400
1995-07-11,,,,96.50080108642578,3.6686999797821045,78227200
1995-07-12,,,,99.87519836425781,3.796999931335449,94675200
1995-07-13,,,,100.12480163574219,3.80649995803833,84811200
1995-07-14,,,,103.62560272216797,3.939500093460083,89905600
1995-07-17,,,,109.0,4.143899917602539,155830400
1995-07-18,,,,101.87519836425781,3.872999906539917,289624000
1995-07-19,,,,94.50080108642578,3.5927000045776367,305092800
1995-07-20,,,,96.12480163574219,3.654400110244751,177848000
1995-07-21,,,,92.0,3.4976000785827637,169257600
1995-07-24,,,,93.62560272216797,3.5594000816345215,94811200
1995-07-25,,,,96.37439727783203,3.6638998985290527,109422400
1995-07-26,,,,96.0,3.649600028991699,77470400
1995-07-27,,,,96.50080108642578,3.6686999797821045,52916800
1995-07-28,,,,92.62560272216797,3.521399974822998,158468800
1995-07-31,,,,90.50080108642578,3.4405999183654785,101435200
1995-08-01,,,,89.50080108642578,3.402600049972534,166144000
1995-08-02,,,,89.0,3.383500099182129,129804800
1995-08-03,,,,91.12480163574219,3.4642999172210693,113536000
1995-08-04,,,,93.87519836425781,3.5689001083374023,77705600
1995-08-07,,,,93.62560272216797,3.5594000816345215,64273600
1995-08-08,,,,93.50080108642578,3.5546000003814697,43913600
1995-08-09,,,,96.50080108642578,3.6686999797821045,144384000
1995-08-10,,,,94.12480163574219,3.578399896621704,71883200
1995-08-11,,,,96.50080108642578,3.6686999797821045,97195200
1995-08-14,,,,98.75039672851562,3.754199981689453,88872000
1995-08-15,,,,98.37439727783203,3.7399001121520996,63267200
1995-08-16,,,,98.75039672851562,3.754199981689453,38118400
1995-08-17,,,,99.12480163574219,3.768399953842163,74564800
1995-08-18,,,,97.12480163574219,3.6923999786376953,77502400
1995-08-21,,,,94.50080108642578,3.5927000045776367,110491200
1995-08-22,,,,99.31199645996094,3.775599956512451,94320000
1995-08-23,,,,97.87519836425781,3.720900058746338,111188800
1995-08-24,,,,96.12480163574219,3.654400110244751,95275200
1995-08-25,,,,94.37439727783203,3.5878000259399414,73489600
1995-08-28,,,,90.0624008178711,3.4238998889923096,112622400
1995-08-29,,,,91.87519836425781,3.492799997329712,163929600
1995-08-30,,,,93.24960327148438,3.545099973678589,79499200
1995-08-31,,,,92.50080108642578,3.5165998935699463,38764800
1995-09-01,,,,89.75039672851562,3.412100076675415,80262400
1995-09-05,,,,95.0,3.611599922180176,92052800
1995-09-06,,,,93.50080108642578,3.5546000003814697,100265600
1995-09-07,,,,94.62560272216797,3.597399950027466,93932800
1995-09-08,,,,95.50080108642578,3.63070011138916,64417600
1995-09-11,,,,97.62560272216797,3.711400032043457,77408000
1995-09-12,,,,96.24960327148438,3.65910005569458,71155200
1995-09-13,,,,96.12480163574219,3.654400110244751,61208000
1995-09-14,,,,94.87519836425781,3.6068999767303467,54230400
1995-09-15,,,,93.43679809570312,3.5522000789642334,88316800
1995-09-18,,,,92.0,3.4976000785827637,76827200
1995-09-19,,,,93.31199645996094,3.547499895095825,58011200
1995-09-20,,,,93.12480163574219,3.540299892425537,44652800
1995-09-21,,,,90.62560272216797,3.4453001022338867,83836800
1995-09-22,,,,89.75039672851562,3.412100076675415,99899200
1995-09-25,,,,90.23359680175781,3.4303998947143555,57878400
1995-09-26,,,,88.24960327148438,3.3550000190734863,76548800
1995-09-27,,,,88.62560272216797,3.36929988861084,140756800
1995-09-28,,,,91.50080108642578,3.478600025177002,105510400
1995-09-29,,,,90.50080108642578,3.4405999183654785,95158400
1995-10-02,,,,88.24960327148438,3.3550000190734863,67731200
1995-10-03,,,,88.87519836425781,3.3787999153137207,80736000
1995-10-04,,,,86.12480163574219,3.274199962615967,73473600
1995-10-05,,,,87.50080108642578,3.3264999389648438,101289600
1995-10-06,,,,85.87519836425781,3.264699935913086,76616000
1995-10-09,,,,83.12480163574219,3.1602001190185547,108614400
1995-10-10,,,,83.75039672851562,3.184000015258789,157644800
1995-10-11,,,,86.62560272216797,3.293299913406372,107009600
1995-10-12,,,,87.62560272216797,3.3313000202178955,78700800
1995-10-13,,,,86.24960327148438,3.2790000438690186,68644800
1995-10-16,,,,86.75039672851562,3.2980000972747803,61067200
1995-10-17,,,,91.12480163574219,3.4642999172210693,123140800
1995-10-18,,,,95.62560272216797,3.6354000568389893,294329600
1995-10-19,,,,96.75039672851562,3.6782000064849854,95840000
1995-10-20,,,,95.50080108642578,3.63070011138916,79984000
1995-10-23,,,,96.37439727783203,3.6638998985290527,93473600
1995-10-24,,,,97.50080108642578,3.706700086593628,68681600
1995-10-25,,,,95.87519836425781,3.64490008354187,60211200
1995-10-26,,,,98.0,3.7256999015808105,82841600
1995-10-27,,,,100.0,3.8017001152038574,130683200
1995-10-30,,,,102.75039672851562,3.9063000679016113,125464000
1995-10-31,,,,100.0,3.8017001152038574,91958400
1995-11-01,,,,98.37439727783203,3.7399001121520996,72819200
1995-11-02,,,,100.0,3.8017001152038574,63504000
1995-11-03,,,,99.50080108642578,3.7827000617980957,40635200
1995-11-06,,,,97.37439727783203,3.701900005340576,87729600
1995-11-07,,,,93.0,3.535599946975708,115921600
1995-11-08,,,,95.24960327148438,3.6210999488830566,71280000
1995-11-09,,,,99.0,3.763700008392334,99814400
1995-11-10,,,,96.87519836425781,3.6828999519348145,60819200
1995-11-13,,,,96.31199645996094,3.6614999771118164,59003200
1995-11-14,,,,94.0,3.5736000537872314,75657600
1995-11-15,,,,94.0,3.5736000537872314,108686400
1995-11-16,,,,89.87519836425781,3.416800022125244,195126400
1995-11-17,,,,87.37439727783203,3.321700096130371,143803200
1995-11-20,,,,86.0,3.2695000171661377,115296000
1995-11-21,,,,88.0,3.3454999923706055,130163200
1995-11-22,,,,87.37439727783203,3.321700096130371,65428800
1995-11-24,,,,88.0,3.3454999923706055,15014400
1995-11-27,,,,87.24960327148438,3.316999912261963,79100800
1995-11-28,,,,91.50080108642578,3.478600025177002,86537600
1995-11-29,,,,89.75039672851562,3.412100076675415,91067200
1995-11-30,,,,87.12480163574219,3.3122000694274902,93512000
1995-12-01,,,,86.24960327148438,3.2790000438690186,96124800
1995-12-04,,,,87.87519836425781,3.3408000469207764,130436800
1995-12-05,,,,86.0,3.2695000171661377,104528000
1995-12-06,,,,90.62560272216797,3.4453001022338867,145272000
1995-12-07,,,,90.50080108642578,3.4405999183654785,132876800
1995-12-08,,,,94.50080108642578,3.5927000045776367,147041600
1995-12-11,,,,93.12480163574219,3.540299892425537,61924800
1995-12-12,,,,91.37439727783203,3.47379994392395,44739200
1995-12-13,,,,91.75039672851562,3.488100051879883,39577600
1995-12-14,,,,88.75039672851562,3.374000072479248,92822400
1995-12-15,,,,88.37439727783203,3.3596999645233154,115470400
1995-12-18,,,,87.0,3.307499885559082,99460800
1995-12-19,,,,90.87519836425781,3.4547998905181885,84340800
1995-12-20,,,,87.12480163574219,3.3122000694274902,84980800
1995-12-21,,,,90.0,3.4214999675750732,60593600
1995-12-22,,,,90.50080108642578,3.4405999183654785,36057600
1995-12-26,,,,90.24960327148438,3.430999994277954,34707200
1995-12-27,,,,88.87519836425781,3.3787999153137207,40539200
1995-12-28,,,,87.37439727783203,3.321700096130371,49777600
1995-12-29,,,,87.75039672851562,3.3359999656677246,52342400
1996-01-02,,,,89.75039672851562,3.412100076675415,57779200
1996-01-03,,,,86.87519836425781,3.3027000427246094,62857600
1996-01-04,,,,87.37439727783203,3.321700096130371,102353600
1996-01-05,,,,86.37439727783203,3.2836999893188477,62083200
1996-01-08,,,,86.24960327148438,3.2790000438690186,11377600
1996-01-09,,,,80.18720245361328,3.0485000610351562,177424000
1996-01-10,,,,82.37439727783203,3.1315999031066895,181571200
1996-01-11,,,,86.62560272216797,3.293299913406372,116617600
1996-01-12,,,,85.75039672851562,3.259999990463257,80544000
1996-01-15,,,,82.50080108642578,3.136399984359741,84572800
1996-01-16,,,,86.37439727783203,3.2836999893188477,122006400
1996-01-17,,,,84.87519836425781,3.2267000675201416,143078400
1996-01-18,,,,87.62560272216797,3.3313000202178955,121331200
1996-01-19,,,,91.87519836425781,3.492799997329712,227440000
1996-01-22,,,,92.0,3.4976000785827637,82643200
1996-01-23,,,,89.50080108642578,3.402600049972534,66473600
1996-01-24,,,,91.24960327148438,3.4690001010894775,92217600
1996-01-25,,,,89.37439727783203,3.3977999687194824,59881600
1996-01-26,,,,90.50080108642578,3.4405999183654785,50881600
1996-01-29,,,,90.37439727783203,3.435800075531006,39587200
1996-01-30,,,,90.81279754638672,3.452399969100952,45120000
1996-01-31,,,,92.50080108642578,3.5165998935699463,68774400
1996-02-01,,,,94.12480163574219,3.578399896621704,78587200
1996-02-02,,,,93.0,3.535599946975708,44686400
1996-02-05,,,,97.12480163574219,3.6923999786376953,126480000
1996-02-06,,,,96.50080108642578,3.6686999797821045,98158400
1996-02-07,,,,96.87519836425781,3.6828999519348145,65555200
1996-02-08,,,,98.87519836425781,3.759000062942505,103924800
1996-02-09,,,,100.12480163574219,3.80649995803833,122832000
1996-02-12,,,,99.50080108642578,3.7827000617980957,87779200
1996-02-13,,,,99.62560272216797,3.7874999046325684,114513600
1996-02-14,,,,98.75039672851562,3.754199981689453,80212800
1996-02-15,,,,98.50080108642578,3.7446999549865723,52195200
1996-02-16,,,,97.87519836425781,3.720900058746338,62206400
1996-02-20,,,,97.75039672851562,3.716200113296509,64182400
1996-02-21,,,,99.87519836425781,3.796999931335449,80046400
1996-02-22,,,,102.50080108642578,3.8968000411987305,106500800
1996-02-23,,,,103.50080108642578,3.934799909591675,102640000
1996-02-26,,,,100.62560272216797,3.825500011444092,63696000
1996-02-27,,,,100.12480163574219,3.80649995803833,60958400
1996-02-28,,,,100.12480163574219,3.80649995803833,60051200
1996-02-29,,,,98.68800354003906,3.751800060272217,61723200
1996-03-01,,,,95.50080108642578,3.63070011138916,157652800
1996-03-04,,,,96.24960327148438,3.65910005569458,72564800
1996-03-05,,,,98.12480163574219,3.7304000854492188,57369600
1996-03-06,,,,97.0,3.687700033187866,44256000
1996-03-07,,,,97.31199645996094,3.69950008392334,44291200
1996-03-08,,,,95.12480163574219,3.6164000034332275,108524800
1996-03-11,,,,96.50080108642578,3.6686999797821045,74592000
1996-03-12,,,,95.75039672851562,3.640199899673462,76888000
1996-03-13,,,,100.87519836425781,3.8350000381469727,156710400
1996-03-14,,,,99.62560272216797,3.7874999046325684,60640000
1996-03-15,,,,102.37439727783203,3.8919999599456787,121721600
1996-03-18,,,,105.24960327148438,4.001299858093262,119472000
1996-03-19,,,,106.87519836425781,4.0630998611450195,92491200
1996-03-20,,,,104.62560272216797,3.97760009765625,92944000
1996-03-21,,,,100.75039672851562,3.830199956893921,66313600
1996-03-22,,,,101.12480163574219,3.8445000648498535,48046400
1996-03-25,,,,99.87519836425781,3.796999931335449,63379200
1996-03-26,,,,102.75039672851562,3.9063000679016113,79899200
1996-03-27,,,,102.50080108642578,3.8968000411987305,52729600
1996-03-28,,,,102.24960327148438,3.887200117111206,54955200
1996-03-29,,,,103.12480163574219,3.9205000400543213,53508800
1996-04-01,,,,102.75039672851562,3.9063000679016113,31692800
1996-04-02,,,,104.62560272216797,3.97760009765625,54396800
1996-04-03,,,,104.50080108642578,3.9728000164031982,46072000
1996-04-04,,,,104.37439727783203,3.9679999351501465,28961600
1996-04-08,,,,103.75039672851562,3.9442999362945557,73753600
1996-04-09,,,,101.62560272216797,3.8635001182556152,66942400
1996-04-10,,,,101.62560272216797,3.8635001182556152,51910400
1996-04-11,,,,101.12480163574219,3.8445000648498535,62465600
1996-04-12,,,,101.12480163574219,3.8445000648498535,33737600
1996-04-15,,,,103.51519775390625,3.9354000091552734,50102400
1996-04-16,,,,105.24960327148438,4.001299858093262,80116800
1996-04-17,,,,105.9375991821289,4.027400016784668,62630400
1996-04-18,,,,109.0,4.143899917602539,133958400
1996-04-19,,,,109.75039672851562,4.172399997711182,169492800
1996-04-22,,,,112.75039672851562,4.286399841308594,92758400
1996-04-23,,,,112.62560272216797,4.281700134277344,57139200
1996-04-24,,,,111.50080108642578,4.238900184631348,69251200
1996-04-25,,,,112.75039672851562,4.286399841308594,63896000
1996-04-26,,,,113.50080108642578,4.315000057220459,54296000
1996-04-29,,,,112.62560272216797,4.281700134277344,34267200
1996-04-30,,,,113.24960327148438,4.3053998947143555,28441600
1996-05-01,,,,115.12480163574219,4.376699924468994,65014400
1996-05-02,,,,111.62560272216797,4.24370002746582,87340800
1996-05-03,,,,110.87519836425781,4.215199947357178,75300800
1996-05-06,,,,111.75039672851562,4.2484002113342285,75852800
1996-05-07,,,,113.12480163574219,4.3007001876831055,47366400
1996-05-08,,,,114.24960327148438,4.343400001525879,77851200
1996-05-09,,,,113.50080108642578,4.315000057220459,47776000
1996-05-10,,,,114.87519836425781,4.367199897766113,43913600
1996-05-13,,,,118.62560272216797,4.509799957275391,95606400
1996-05-14,,,,119.0,4.52400016784668,76832000
1996-05-15,,,,117.62560272216797,4.471799850463867,56323200
1996-05-16,,,,117.12480163574219,4.4527997970581055,67092800
1996-05-17,,,,117.0,4.447999954223633,35392000
1996-05-20,,,,116.75039672851562,4.438499927520752,38457600
1996-05-21,,,,115.12480163574219,4.376699924468994,42113600
1996-05-22,,,,116.87519836425781,4.443299770355225,45646400
1996-05-23,,,,118.50080108642578,4.505099773406982,51976000
1996-05-24,,,,118.50080108642578,4.505099773406982,26443200
1996-05-28,,,,117.24960327148438,4.457499980926514,43376000
1996-05-29,,,,117.12480163574219,4.4527997970581055,33569600
1996-05-30,,,,118.24960327148438,4.495500087738037,33824000
1996-05-31,,,,118.75039672851562,4.514599800109863,40259200
1996-06-03,,,,118.37439727783203,4.50029993057251,31684800
1996-06-04,,,,117.87519836425781,4.481299877166748,65852800
1996-06-05,,,,120.87519836425781,4.595300197601318,50968000
1996-06-06,,,,119.81279754638672,4.554900169372559,88136000
1996-06-07,,,,121.24960327148438,4.609600067138672,70198400
1996-06-10,,,,120.62560272216797,4.5858001708984375,45819200
1996-06-11,,,,122.12480163574219,4.6427998542785645,65259200
1996-06-12,,,,125.0,4.752099990844727,88844800
1996-06-13,,,,124.62560272216797,4.7378997802734375,62577600
1996-06-14,,,,123.0,4.67609977722168,55944000
1996-06-17,,,,124.62560272216797,4.7378997802734375,57499200
1996-06-18,,,,122.37439727783203,4.652299880981445,74585600
1996-06-19,,,,121.75039672851562,4.628600120544434,73409600
1996-06-20,,,,121.75039672851562,4.628600120544434,102228800
1996-06-21,,,,123.87519836425781,4.709400177001953,56806400
1996-06-24,,,,124.12480163574219,4.718900203704834,48102400
1996-06-25,,,,122.0,4.6381001472473145,41145600
1996-06-26,,,,120.50080108642578,4.581099987030029,71457600
1996-06-27,,,,119.9375991821289,4.559700012207031,77582400
1996-06-28,,,,120.12480163574219,4.566800117492676,52000000
1996-07-01,,,,122.31199645996094,4.650000095367432,47862400
1996-07-02,,,,121.62560272216797,4.623899936676025,38548800
1996-07-03,,,,121.12480163574219,4.604800224304199,44243200
1996-07-05,,,,118.37439727783203,4.50029993057251,35331200
1996-07-08,,,,120.31199645996094,4.57390022277832,64432000
1996-07-09,,,,120.0,4.562099933624268,35571200
1996-07-10,,,,119.50080108642578,4.543099880218506,77980800
1996-07-11,,,,114.50080108642578,4.353000164031982,140915200
1996-07-12,,,,112.37439727783203,4.272200107574463,139478400
1996-07-15,,,,110.62560272216797,4.205699920654297,111832000
1996-07-16,,,,115.37439727783203,4.386199951171875,182100800
1996-07-17,,,,117.12480163574219,4.4527997970581055,126208000
1996-07-18,,,,119.87519836425781,4.557300090789795,98537600
1996-07-19,,,,120.98400115966797,4.5995001792907715,99208000
1996-07-22,,,,119.75039672851562,4.552599906921387,144475200
1996-07-23,,,,112.12480163574219,4.262700080871582,257678400
1996-07-24,,,,114.75039672851562,4.362500190734863,192225600
1996-07-25,,,,118.50080108642578,4.505099773406982,100920000
1996-07-26,,,,119.12480163574219,4.528800010681152,59304000
1996-07-29,,,,116.87519836425781,4.443299770355225,56748800
1996-07-30,,,,118.62560272216797,4.509799957275391,66976000
1996-07-31,,,,117.87519836425781,4.481299877166748,56320000
1996-08-01,,,,120.62560272216797,4.5858001708984375,96025600
1996-08-02,,,,123.37439727783203,4.690299987792969,109289600
1996-08-05,,,,121.75039672851562,4.628600120544434,55072000
1996-08-06,,,,124.0,4.714099884033203,67388800
1996-08-07,,,,124.75039672851562,4.742700099945068,76790400
1996-08-08,,,,125.24960327148438,4.761600017547607,54379200
1996-08-09,,,,124.50080108642578,4.7332000732421875,44313600
1996-08-12,,,,125.24960327148438,4.761600017547607,66187200
1996-08-13,,,,123.50080108642578,4.695099830627441,72508800
1996-08-14,,,,124.87519836425781,4.747399806976318,52032000
1996-08-15,,,,125.12480163574219,4.756899833679199,35556800
1996-08-16,,,,124.24960327148438,4.723599910736084,47598400
1996-08-19,,,,123.50080108642578,4.695099830627441,43131200
1996-08-20,,,,123.37439727783203,4.690299987792969,25678400
1996-08-21,,,,123.50080108642578,4.695099830627441,49345600
1996-08-22,,,,125.0,4.752099990844727,50236800
1996-08-23,,,,123.24960327148438,4.6855998039245605,44006400
1996-08-26,,,,122.87519836425781,4.67140007019043,31944000
1996-08-27,,,,124.75039672851562,4.742700099945068,28038400
1996-08-28,,,,125.62560272216797,4.775899887084961,32070400
1996-08-29,,,,124.12480163574219,4.718900203704834,34182400
1996-08-30,,,,122.50080108642578,4.657100200653076,28088000
1996-09-03,,,,123.37439727783203,4.690299987792969,48524800
1996-09-04,,,,123.37439727783203,4.690299987792969,27126400
1996-09-05,,,,121.50080108642578,4.619100093841553,40372800
1996-09-06,,,,122.50080108642578,4.657100200653076,41921600
1996-09-09,,,,124.87519836425781,4.747399806976318,41747200
1996-09-10,,,,124.37439727783203,4.728400230407715,38904000
1996-09-11,,,,125.12480163574219,4.756899833679199,36387200
1996-09-12,,,,128.62559509277344,4.889999866485596,95944000
1996-09-13,,,,131.0,4.980199813842773,80137600
1996-09-16,,,,131.50079345703125,4.999300003051758,62409600
1996-09-17,,,,133.8751983642578,5.089600086212158,75624000
1996-09-18,,,,136.50079345703125,5.1894001960754395,86049600
1996-09-19,,,,137.75039672851562,5.2368998527526855,75912000
1996-09-20,,,,138.1248016357422,5.251100063323975,104849600
1996-09-23,,,,137.75039672851562,5.2368998527526855,46385600
1996-09-24,,,,136.8751983642578,5.20359992980957,72520000
1996-09-25,,,,135.62559509277344,5.156099796295166,44067200
1996-09-26,,,,132.0,5.0183000564575195,92604800
1996-09-27,,,,134.37440490722656,5.108500003814697,98372800
1996-09-30,,,,131.8751983642578,5.013500213623047,89574400
1996-10-01,,,,132.1248016357422,5.0229997634887695,69124800
1996-10-02,,,,134.75039672851562,5.122799873352051,68760000
1996-10-03,,,,134.0,5.094299793243408,58294400
1996-10-04,,,,136.37440490722656,5.184599876403809,45166400
1996-10-07,,,,137.50079345703125,5.227399826049805,42432000
1996-10-08,,,,135.37440490722656,5.146500110626221,48465600
1996-10-09,,,,134.50079345703125,5.11329984664917,64955200
1996-10-10,,,,133.75039672851562,5.084799766540527,51739200
1996-10-11,,,,137.1248016357422,5.213099956512451,36523200
1996-10-14,,,,136.62559509277344,5.1940999031066895,36091200
1996-10-15,,,,138.8751983642578,5.279600143432617,61206400
1996-10-16,,,,138.0,5.246399879455566,36427200
1996-10-17,,,,135.50079345703125,5.151400089263916,49097600
1996-10-18,,,,134.75039672851562,5.122799873352051,69646400
1996-10-21,,,,134.0,5.094299793243408,71401600
1996-10-22,,,,132.50079345703125,5.037300109863281,113806400
1996-10-23,,,,134.50079345703125,5.11329984664917,67443200
1996-10-24,,,,136.62559509277344,5.1940999031066895,81417600
1996-10-25,,,,136.43679809570312,5.1869001388549805,53084800
1996-10-28,,,,136.62559509277344,5.1940999031066895,51240000
1996-10-29,,,,135.37440490722656,5.146500110626221,66756800
1996-10-30,,,,136.24960327148438,5.179800033569336,60526400
1996-10-31,,,,137.24960327148438,5.217800140380859,37028800
1996-11-01,,,,137.37440490722656,5.222599983215332,56531200
1996-11-04,,,,138.0,5.246399879455566,36006400
1996-11-05,,,,141.50079345703125,5.379499912261963,86417600
1996-11-06,,,,144.50079345703125,5.493500232696533,71438400
1996-11-07,,,,143.50079345703125,5.45550012588501,76742400
1996-11-08,,,,143.50079345703125,5.45550012588501,67369600
1996-11-11,,,,143.62559509277344,5.46019983291626,38593600
1996-11-12,,,,141.75039672851562,5.388899803161621,81156800
1996-11-13,,,,145.0,5.512499809265137,90409600
1996-11-14,,,,149.62559509277344,5.688300132751465,114969600
1996-11-15,,,,149.0,5.664599895477295,104041600
1996-11-18,,,,150.37440490722656,5.716800212860107,98585600
1996-11-19,,,,155.8751983642578,5.925899982452393,104739200
1996-11-20,,,,153.24960327148438,5.826099872589111,123857600
1996-11-21,,,,150.37440490722656,5.716800212860107,130718400
1996-11-22,,,,150.50079345703125,5.72160005569458,94424000
1996-11-25,,,,153.50079345703125,5.835700035095215,75129600
1996-11-26,,,,153.75039672851562,5.845200061798096,108238400
1996-11-27,,,,155.50079345703125,5.9116997718811035,44446400
1996-11-29,,,,156.8751983642578,5.963900089263916,17152000
1996-12-02,,,,157.75039672851562,5.997200012207031,64502400
1996-12-03,,,,154.68800354003906,5.880799770355225,77563200
1996-12-04,,,,153.24960327148438,5.826099872589111,102542400
1996-12-05,,,,153.0,5.8165998458862305,74950400
1996-12-06,,,,152.8751983642578,5.8119001388549805,110238400
1996-12-09,,,,81.75039672851562,6.215799808502197,94718400
1996-12-10,,,,81.87519836425781,6.225299835205078,125725600
1996-12-11,,,,83.37519836425781,6.339399814605713,113558400
1996-12-12,,,,81.0,6.15880012512207,78272800
1996-12-13,,,,80.0,6.082699775695801,74532000
1996-12-16,,,,76.75039672851562,5.835700035095215,64883200
1996-12-17,,,,79.87519836425781,6.073299884796143,68944800
1996-12-18,,,,82.62480163574219,6.282299995422363,61796800
1996-12-19,,,,84.87519836425781,6.453400135040283,94609600
1996-12-20,,,,83.62480163574219,6.358399868011475,90414400
1996-12-23,,,,83.75039672851562,6.3678998947143555,36892800
1996-12-24,,,,84.87519836425781,6.453400135040283,16246400
1996-12-26,,,,85.5,6.500899791717529,27905600
1996-12-27,,,,84.25039672851562,6.405900001525879,19079200
1996-12-30,,,,83.5,6.348899841308594,27279200
1996-12-31,,,,82.62480163574219,6.282299995422363,34367200
1997-01-02,,,,81.62480163574219,6.206299781799316,54480800
1997-01-03,,,,84.62480163574219,6.4344000816345215,44131200
1997-01-06,,,,84.37519836425781,6.41540002822876,55948000
1997-01-07,,,,85.0,6.462900161743164,36880800
1997-01-08,,,,83.37519836425781,6.339399814605713,50593600
1997-01-09,,,,82.37519836425781,6.263299942016602,47763200
1997-01-10,,,,84.25039672851562,6.405900001525879,66556800
1997-01-13,,,,83.75039672851562,6.3678998947143555,50361600
1997-01-14,,,,85.37519836425781,6.491399765014648,63728000
1997-01-15,,,,84.62480163574219,6.4344000816345215,53058400
1997-01-16,,,,86.0,6.538899898529053,58688000
1997-01-17,,,,87.12480163574219,6.624499797821045,65368800
1997-01-20,,,,90.75039672851562,6.900100231170654,146220800
1997-01-21,,,,95.0,7.223299980163574,114592000
1997-01-22,,,,97.37519836425781,7.403900146484375,129236800
1997-01-23,,,,94.75039672851562,7.2042999267578125,105048000
1997-01-24,,,,95.9375991821289,7.29449987411499,89817600
1997-01-27,,,,96.12480163574219,7.308800220489502,53263200
1997-01-28,,,,95.62480163574219,7.2708001136779785,64656800
1997-01-29,,,,97.25039672851562,7.394400119781494,48933600
1997-01-30,,,,101.12480163574219,7.689000129699707,79937600
1997-01-31,,,,102.0,7.755499839782715,86516000
1997-02-03,,,,102.37519836425781,7.783999919891357,60804800
1997-02-04,,,,103.12480163574219,7.841000080108643,56464000
1997-02-05,,,,98.37519836425781,7.479899883270264,110099200
1997-02-06,,,,97.12480163574219,7.384799957275391,102122400
1997-02-07,,,,100.37519836425781,7.631999969482422,62448000
1997-02-10,,,,97.75039672851562,7.432400226593018,66804800
1997-02-11,,,,98.5,7.4893999099731445,88834400
1997-02-12,,,,99.87519836425781,7.593900203704834,72001600
1997-02-13,,,,100.0,7.603400230407715,58292000
1997-02-14,,,,97.87519836425781,7.44189977645874,57395200
1997-02-18,,,,97.37519836425781,7.403900146484375,52545600
1997-02-19,,,,97.5,7.413300037384033,56383200
1997-02-20,,,,95.25039672851562,7.242300033569336,75395200
1997-02-21,,,,95.0,7.223299980163574,61131200
1997-02-24,,,,100.12480163574219,7.6128997802734375,68599200
1997-02-25,,,,99.5,7.565400123596191,63941600
1997-02-26,,,,100.25039672851562,7.622499942779541,48849600
1997-02-27,,,,96.12480163574219,7.308800220489502,56628800
1997-02-28,,,,97.5,7.413300037384033,78412000
1997-03-03,,,,99.5,7.565400123596191,53874400
1997-03-04,,,,99.12480163574219,7.536900043487549,63920800
1997-03-05,,,,100.87519836425781,7.670000076293945,46393600
1997-03-06,,,,97.75039672851562,7.432400226593018,57018400
1997-03-07,,,,96.75039672851562,7.356299877166748,46032000
1997-03-10,,,,100.0,7.603400230407715,45997600
1997-03-11,,,,98.37519836425781,7.479899883270264,47577600
1997-03-12,,,,98.75039672851562,7.508399963378906,43234400
1997-03-13,,,,99.62480163574219,7.574900150299072,45505600
1997-03-14,,,,99.0,7.527400016784668,61327200
1997-03-17,,,,100.5,7.64139986038208,83958400
1997-03-18,,,,99.62480163574219,7.574900150299072,59012000
1997-03-19,,,,96.75039672851562,7.356299877166748,111560000
1997-03-20,,,,96.0,7.299300193786621,81410400
1997-03-21,,,,94.0,7.147200107574463,85829600
1997-03-24,,,,90.12480163574219,6.85260009765625,186269600
1997-03-25,,,,90.31279754638672,6.8668999671936035,89701600
1997-03-26,,,,94.25039672851562,7.166299819946289,81270400
1997-03-27,,,,93.75039672851562,7.128200054168701,93919200
1997-03-31,,,,91.68720245361328,6.971399784088135,93825600
1997-04-01,,,,93.25039672851562,7.090199947357178,86680800
1997-04-02,,,,92.0,6.995200157165527,63331200
1997-04-03,,,,95.12480163574219,7.232699871063232,92252800
1997-04-04,,,,94.18720245361328,7.161499977111816,94964000
1997-04-07,,,,95.87519836425781,7.28980016708374,76511200
1997-04-08,,,,98.25039672851562,7.470399856567383,53339200
1997-04-09,,,,98.0,7.451399803161621,73762400
1997-04-10,,,,96.75039672851562,7.356299877166748,67913600
1997-04-11,,,,95.0,7.223299980163574,60033600
1997-04-14,,,,97.37519836425781,7.403900146484375,59107200
1997-04-15,,,,97.12480163574219,7.384799957275391,84440000
1997-04-16,,,,98.25039672851562,7.470399856567383,42710400
1997-04-17,,,,98.12480163574219,7.4608001708984375,71720800
1997-04-18,,,,107.62480163574219,8.183199882507324,231764000
1997-04-21,,,,107.62480163574219,8.183199882507324,155695200
1997-04-22,,,,110.62480163574219,8.411299705505371,82300000
1997-04-23,,,,115.12480163574219,8.753399848937988,102814400
1997-04-24,,,,114.12480163574219,8.677399635314941,118163200
1997-04-25,,,,113.62480163574219,8.639399528503418,58566400
1997-04-28,,,,114.87519836425781,8.73449993133545,67224000
1997-04-29,,,,119.0,9.048100471496582,73953600
1997-04-30,,,,121.5,9.238200187683105,90204000
1997-05-01,,,,121.0,9.20009994506836,72325600
1997-05-02,,,,120.75039672851562,9.18120002746582,96192000
1997-05-05,,,,120.18720245361328,9.138299942016602,111063200
1997-05-06,,,,117.31279754638672,8.9197998046875,74770400
1997-05-07,,,,115.5,8.781999588012695,70532800
1997-05-08,,,,116.37519836425781,8.84850025177002,53834400
1997-05-09,,,,116.75039672851562,8.876999855041504,58392000
1997-05-12,,,,118.12480163574219,8.981499671936035,42976000
1997-05-13,,,,117.75039672851562,8.953100204467773,49813600
1997-05-14,,,,115.87519836425781,8.810500144958496,60744800
1997-05-15,,,,117.12480163574219,8.905500411987305,41861600
1997-05-16,,,,115.4375991821289,8.777199745178223,59913600
1997-05-19,,,,115.12480163574219,8.753399848937988,45632000
1997-05-20,,,,119.12480163574219,9.057600021362305,64876800
1997-05-21,,,,120.37519836425781,9.152600288391113,76620000
1997-05-22,,,,120.62480163574219,9.171600341796875,33655200
1997-05-23,,,,122.87519836425781,9.342700004577637,28904800
1997-05-27,,,,126.62480163574219,9.627799987792969,69036000
1997-05-28,,,,125.87519836425781,9.570799827575684,52241600
1997-05-29,,,,125.87519836425781,9.570799827575684,51111200
1997-05-30,,,,124.0,9.428299903869629,83337600
1997-06-02,,,,124.37519836425781,9.45680046081543,38939200
1997-06-03,,,,120.75039672851562,9.18120002746582,41995200
1997-06-04,,,,119.18720245361328,9.062299728393555,54639200
1997-06-05,,,,120.5624008178711,9.166899681091309,35892000
1997-06-06,,,,124.0624008178711,9.432999610900879,35964000
1997-06-09,,,,125.12480163574219,9.513799667358398,48200000
1997-06-10,,,,124.81279754638672,9.490099906921387,53135200
1997-06-11,,,,127.0,9.656399726867676,49056800
1997-06-12,,,,127.0,9.656399726867676,44614400
1997-06-13,,,,129.6248016357422,9.855899810791016,50116000
1997-06-16,,,,131.3751983642578,9.98900032043457,40612800
1997-06-17,,,,134.18719482421875,10.202799797058105,53191200
1997-06-18,,,,130.18719482421875,9.898699760437012,55657600
1997-06-19,,,,129.31280517578125,9.832200050354004,65519200
1997-06-20,,,,129.8751983642578,9.875,64240000
1997-06-23,,,,128.06239318847656,9.737099647521973,35724800
1997-06-24,,,,132.06239318847656,10.041299819946289,39319200
1997-06-25,,,,130.43760681152344,9.917699813842773,49576000
1997-06-26,,,,128.25039672851562,9.751399993896484,37312000
1997-06-27,,,,127.5,9.6943998336792,38198400
1997-06-30,,,,126.37519836425781,9.608799934387207,38286400
1997-07-01,,,,124.9375991821289,9.499500274658203,59377600
1997-07-02,,,,128.3751983642578,9.760899543762207,53237600
1997-07-03,,,,129.56239318847656,9.851200103759766,28764000
1997-07-07,,,,129.5,9.846400260925293,39320000
1997-07-08,,,,131.25039672851562,9.979499816894531,36007200
1997-07-09,,,,130.75039672851562,9.941499710083008,48266400
1997-07-10,,,,129.8751983642578,9.875,43780800
1997-07-11,,,,129.75039672851562,9.865500450134277,38094400
1997-07-14,,,,135.93760681152344,10.33590030670166,57424000
1997-07-15,,,,138.4687957763672,10.528400421142578,75503200
1997-07-16,,,,148.43760681152344,11.286299705505371,111217600
1997-07-17,,,,149.5,11.36709976196289,131668000
1997-07-18,,,,140.5,10.68280029296875,158927200
1997-07-21,,,,135.93760681152344,10.33590030670166,127223200
1997-07-22,,,,144.1248016357422,10.958399772644043,101384000
1997-07-23,,,,141.43760681152344,10.75409984588623,95556000
1997-07-24,,,,138.0,10.49269962310791,141855200
1997-07-25,,,,138.5,10.530699729919434,90308800
1997-07-28,,,,137.0,10.41670036315918,56404000
1997-07-29,,,,139.93760681152344,10.64009952545166,79061600
1997-07-30,,,,141.1248016357422,10.730299949645996,78324000
1997-07-31,,,,141.3751983642578,10.74940013885498,42240800
1997-08-01,,,,140.6248016357422,10.692299842834473,58912800
1997-08-04,,,,141.56239318847656,10.76360034942627,46312800
1997-08-05,,,,143.31280517578125,10.896699905395508,59333600
1997-08-06,,,,143.43760681152344,10.906200408935547,43410400
1997-08-07,,,,143.93760681152344,10.944199562072754,43947200
1997-08-08,,,,140.0,10.644800186157227,66815200
1997-08-11,,,,138.25039672851562,10.511799812316895,72696000
1997-08-12,,,,136.0,10.340700149536133,60887200
1997-08-13,,,,136.06239318847656,10.345399856567383,66731200
1997-08-14,,,,136.25039672851562,10.359700202941895,45900800
1997-08-15,,,,132.8751983642578,10.103099822998047,51078400
1997-08-18,,,,133.8751983642578,10.179100036621094,69969600
1997-08-19,,,,138.81280517578125,10.554499626159668,91013600
1997-08-20,,,,140.56239318847656,10.687600135803223,51433600
1997-08-21,,,,137.8751983642578,10.483200073242188,64412000
1997-08-22,,,,137.25039672851562,10.435700416564941,72161600
1997-08-25,,,,136.5,10.378700256347656,38856800
1997-08-26,,,,135.0,10.264599800109863,34327200
1997-08-27,,,,134.56239318847656,10.231399536132812,49371200
1997-08-28,,,,132.06239318847656,10.041299819946289,43641600
1997-08-29,,,,132.18719482421875,10.050800323486328,37857600
1997-09-02,,,,137.18719482421875,10.430899620056152,50112800
1997-09-03,,,,136.56239318847656,10.383399963378906,42872800
1997-09-04,,,,138.18719482421875,10.506999969482422,44476000
1997-09-05,,,,137.31280517578125,10.440500259399414,48398400
1997-09-08,,,,139.31280517578125,10.592499732971191,42416000
1997-09-09,,,,139.5,10.606800079345703,39465600
1997-09-10,,,,135.1248016357422,10.274100303649902,53294400
1997-09-11,,,,136.81280517578125,10.40250015258789,61779200
1997-09-12,,,,137.93760681152344,10.48799991607666,48576000
1997-09-15,,,,130.68719482421875,9.936699867248535,129003200
1997-09-16,,,,136.3751983642578,10.369199752807617,102538400
1997-09-17,,,,133.18719482421875,10.126799583435059,61609600
1997-09-18,,,,132.25039672851562,10.0556001663208,61077600
1997-09-19,,,,135.18719482421875,10.278900146484375,77435200
1997-09-22,,,,133.31280517578125,10.136300086975098,43251200
1997-09-23,,,,135.5,10.302599906921387,39946400
1997-09-24,,,,132.43760681152344,10.06980037689209,60040000
1997-09-25,,,,132.75039672851562,10.093600273132324,39272000
1997-09-26,,,,133.3751983642578,10.14109992980957,36652000
1997-09-29,,,,134.5,10.22659969329834,27505600
1997-09-30,,,,132.31280517578125,10.06029987335205,43892800
1997-10-01,,,,133.8751983642578,10.179100036621094,61466400
1997-10-02,,,,133.18719482421875,10.126799583435059,28831200
1997-10-03,,,,134.93760681152344,10.259900093078613,60284800
1997-10-06,,,,135.1248016357422,10.274100303649902,41776800
1997-10-07,,,,136.56239318847656,10.383399963378906,54548800
1997-10-08,,,,139.0,10.56879997253418,71196800
1997-10-09,,,,138.93760681152344,10.564000129699707,34672800
1997-10-10,,,,136.5,10.378700256347656,24893600
1997-10-13,,,,136.75039672851562,10.397700309753418,19051200
1997-10-14,,,,136.68719482421875,10.392900466918945,33361600
1997-10-15,,,,135.75039672851562,10.321700096130371,45003200
1997-10-16,,,,133.90640258789062,10.181500434875488,47327200
1997-10-17,,,,132.25039672851562,10.0556001663208,87720000
1997-10-20,,,,132.6248016357422,10.083999633789062,154052800
1997-10-21,,,,138.5,10.530699729919434,115682400
1997-10-22,,,,135.68719482421875,10.316900253295898,55775200
1997-10-23,,,,135.6248016357422,10.312100410461426,66413600
1997-10-24,,,,135.3751983642578,10.29319953918457,70030400
1997-10-27,,,,128.8751983642578,9.79889965057373,96795200
1997-10-28,,,,133.3751983642578,10.14109992980957,160057600
1997-10-29,,,,130.8751983642578,9.951000213623047,85532800
1997-10-30,,,,128.6248016357422,9.779899597167969,72097600
1997-10-31,,,,130.0,9.884499549865723,46808800
1997-11-03,,,,134.1248016357422,10.198100090026855,67714400
1997-11-04,,,,134.25039672851562,10.207599639892578,49134400
1997-11-05,,,,133.56239318847656,10.15530014038086,42512800
1997-11-06,,,,132.06239318847656,10.041299819946289,40266400
1997-11-07,,,,131.56239318847656,10.003299713134766,63628800
1997-11-10,,,,130.18719482421875,9.898699760437012,36764800
1997-11-11,,,,130.6248016357422,9.932000160217285,37013600
1997-11-12,,,,129.18719482421875,9.822699546813965,45784000
1997-11-13,,,,131.56239318847656,10.003299713134766,60094400
1997-11-14,,,,133.31280517578125,10.136300086975098,46663200
1997-11-17,,,,134.8751983642578,10.25510025024414,60094400
1997-11-18,,,,134.0,10.188599586486816,36683200
1997-11-19,,,,135.06239318847656,10.269399642944336,31720800
1997-11-20,,,,136.8751983642578,10.40719985961914,53680800
1997-11-21,,,,137.8751983642578,10.483200073242188,68220800
1997-11-24,,,,135.5,10.302599906921387,39084000
1997-11-25,,,,139.0,10.56879997253418,56463200
1997-11-26,,,,141.56239318847656,10.76360034942627,63053600
1997-11-28,,,,141.5,10.758899688720703,17392800
1997-12-01,,,,143.81280517578125,10.934700012207031,49006400
1997-12-02,,,,142.25039672851562,10.815899848937988,50167200
1997-12-03,,,,144.68719482421875,11.001199722290039,57712000
1997-12-04,,,,142.56239318847656,10.839599609375,62630400
1997-12-05,,,,143.1248016357422,10.882399559020996,48136000
1997-12-08,,,,146.1248016357422,11.11050033569336,49952800
1997-12-09,,,,144.31280517578125,10.972700119018555,51782400
1997-12-10,,,,142.25039672851562,10.815899848937988,66434400
1997-12-11,,,,139.06239318847656,10.57349967956543,70189600
1997-12-12,,,,136.75039672851562,10.397700309753418,54308000
1997-12-15,,,,136.1248016357422,10.350199699401855,84305600
1997-12-16,,,,139.06239318847656,10.57349967956543,65401600
1997-12-17,,,,135.6248016357422,10.312100410461426,51472000
1997-12-18,,,,130.8751983642578,9.951000213623047,98774400
1997-12-19,,,,128.68719482421875,9.784600257873535,138065600
1997-12-22,,,,127.0,9.656399726867676,59063200
1997-12-23,,,,123.31279754638672,9.37600040435791,67195200
1997-12-24,,,,118.9375991821289,9.043299674987793,88411200
1997-12-26,,,,120.75039672851562,9.18120002746582,32388800
1997-12-29,,,,126.31279754638672,9.604100227355957,67815200
1997-12-30,,,,130.25039672851562,9.903499603271484,77864800
1997-12-31,,,,129.25039672851562,9.827500343322754,46147200
1998-01-02,,,,131.1248016357422,9.970000267028809,39748000
1998-01-05,,,,130.3751983642578,9.913000106811523,80377600
1998-01-06,,,,131.1248016357422,9.970000267028809,67834400
1998-01-07,,,,129.56239318847656,9.851200103759766,61492800
1998-01-08,,,,130.5,9.922499656677246,77619200
1998-01-09,,,,127.0,9.656399726867676,87534400
1998-01-12,,,,129.5,9.846400260925293,78393600
1998-01-13,,,,132.1248016357422,10.045999526977539,66945600
1998-01-14,,,,131.1248016357422,9.970000267028809,54774400
1998-01-15,,,,132.31280517578125,10.06029987335205,50622400
1998-01-16,,,,135.25039672851562,10.283699989318848,72943200
1998-01-20,,,,137.81280517578125,10.478500366210938,64956000
1998-01-21,,,,137.0,10.41670036315918,85567200
1998-01-22,,,,138.6248016357422,10.540200233459473,159139200
1998-01-23,,,,138.25039672851562,10.511799812316895,63312000
1998-01-26,,,,141.75039672851562,10.777899742126465,74277600
1998-01-27,,,,145.18719482421875,11.039199829101562,97540800
1998-01-28,,,,149.0,11.329099655151367,79387200
1998-01-29,,,,148.25039672851562,11.272100448608398,73571200
1998-01-30,,,,149.18719482421875,11.343299865722656,50071200
1998-02-02,,,,154.8751983642578,11.775799751281738,98397600
1998-02-03,,,,155.8751983642578,11.851900100708008,61374400
1998-02-04,,,,156.81280517578125,11.923100471496582,61940800
1998-02-05,,,,155.43760681152344,11.818599700927734,67014400
1998-02-06,,,,158.1248016357422,12.022899627685547,50070400
1998-02-09,,,,157.18719482421875,11.951600074768066,54681600
1998-02-10,,,,159.25039672851562,12.108499526977539,48099200
1998-02-11,,,,158.93760681152344,12.084699630737305,76460000
1998-02-12,,,,158.75039672851562,12.070500373840332,76658400
1998-02-13,,,,157.5,11.9753999710083,42203200
1998-02-17,,,,154.3751983642578,11.737799644470215,85673600
1998-02-18,,,,154.6248016357422,11.756799697875977,76608800
1998-02-19,,,,154.8751983642578,11.775799751281738,73773600
1998-02-20,,,,155.1248016357422,11.7947998046875,86092000
1998-02-23,,,,81.62519836425781,12.412599563598633,120803600
1998-02-24,,,,82.12519836425781,12.488699913024902,118302000
1998-02-25,,,,84.9375991821289,12.916299819946289,94944400
1998-02-26,,,,85.5,13.001899719238281,61388000
1998-02-27,,,,84.75,12.887800216674805,47532400
1998-03-02,,,,83.3124008178711,12.66919994354248,50093600
1998-03-03,,,,84.5,12.849800109863281,50753600
1998-03-04,,,,82.3124008178711,12.51710033416748,71513600
1998-03-05,,,,80.0624008178711,12.175000190734863,92255600
1998-03-06,,,,82.75,12.583700180053711,51404800
1998-03-09,,,,79.59359741210938,12.103699684143066,52256000
1998-03-10,,,,81.5,12.393600463867188,47406400
1998-03-11,,,,80.6875991821289,12.270000457763672,39838800
1998-03-12,,,,81.87519836425781,12.450599670410156,47962000
1998-03-13,,,,82.37519836425781,12.526700019836426,32542400
1998-03-16,,,,82.0,12.469599723815918,27979600
1998-03-17,,,,80.37519836425781,12.22249984741211,53842400
1998-03-18,,,,81.75,12.431599617004395,33887600
1998-03-19,,,,82.0,12.469599723815918,30299200
1998-03-20,,,,81.8124008178711,12.441100120544434,56310000
1998-03-23,,,,83.87519836425781,12.754799842834473,55050000
1998-03-24,,,,84.9375991821289,12.916299819946289,32281600
1998-03-25,,,,88.8124008178711,13.505599975585938,124244800
1998-03-26,,,,88.25,13.420100212097168,45441200
1998-03-27,,,,87.8124008178711,13.353500366210938,38924000
1998-03-30,,,,87.9375991821289,13.3725004196167,27463200
1998-03-31,,,,89.5,13.610099792480469,38177200
1998-04-01,,,,90.37519836425781,13.743200302124023,36835600
1998-04-02,,,,91.3124008178711,13.885700225830078,41414800
1998-04-03,,,,93.0,14.142399787902832,40987600
1998-04-06,,,,89.9375991821289,13.6766996383667,74232000
1998-04-07,,,,87.25,13.267999649047852,62630800
1998-04-08,,,,88.9375991821289,13.5246000289917,36793200
1998-04-09,,,,89.0,13.534099578857422,33619200
1998-04-13,,,,88.62519836425781,13.477100372314453,33156400
1998-04-14,,,,88.4375991821289,13.448599815368652,28476800
1998-04-15,,,,91.37519836425781,13.895299911499023,40498400
1998-04-16,,,,91.6875991821289,13.94279956817627,39695600
1998-04-17,,,,92.12519836425781,14.009300231933594,37402800
1998-04-20,,,,94.62519836425781,14.38949966430664,45535200
1998-04-21,,,,94.87519836425781,14.427499771118164,51938400
1998-04-22,,,,98.87519836425781,15.035799980163574,80154000
1998-04-23,,,,94.5,14.370499610900879,64215200
1998-04-24,,,,92.12519836425781,14.009300231933594,51436000
1998-04-27,,,,90.3124008178711,13.733699798583984,58752000
1998-04-28,,,,89.87519836425781,13.667200088500977,56668000
1998-04-29,,,,90.5,13.762200355529785,50061600
1998-04-30,,,,90.12519836425781,13.7052001953125,54473600
1998-05-01,,,,89.62519836425781,13.629199981689453,35996000
1998-05-04,,,,88.0624008178711,13.391500473022461,37899600
1998-05-05,,,,87.75,13.343999862670898,50828000
1998-05-06,,,,86.37519836425781,13.135000228881836,48110800
1998-05-07,,,,83.37519836425781,12.67870044708252,78022000
1998-05-08,,,,85.75,13.039899826049805,96274800
1998-05-11,,,,84.25,12.811800003051758,51474400
1998-05-12,,,,85.6875991821289,13.030400276184082,64147200
1998-05-13,,,,86.9375991821289,13.220499992370605,80680400
1998-05-14,,,,88.9375991821289,13.5246000289917,94774400
1998-05-15,,,,89.4375991821289,13.600600242614746,48150800
1998-05-18,,,,86.0624008178711,13.087400436401367,80395600
1998-05-19,,,,86.5,13.153900146484375,52234400
1998-05-20,,,,85.75,13.039899826049805,35698800
1998-05-21,,,,86.37519836425781,13.135000228881836,36680000
1998-05-22,,,,85.5624008178711,13.01140022277832,36129200
1998-05-26,,,,83.62519836425781,12.71679973602295,44473600
1998-05-27,,,,86.0,13.077899932861328,58574400
1998-05-28,,,,86.3124008178711,13.125399589538574,30746800
1998-05-29,,,,84.8124008178711,12.897299766540527,34091200
1998-06-01,,,,83.75,12.735699653625488,42436800
1998-06-02,,,,85.5,13.001899719238281,38570800
1998-06-03,,,,84.3124008178711,12.82129955291748,36010800
1998-06-04,,,,86.0624008178711,13.087400436401367,33717600
1998-06-05,,,,86.25,13.115900039672852,34431600
1998-06-08,,,,85.6875991821289,13.030400276184082,18886400
1998-06-09,,,,87.0624008178711,13.239500045776367,35690400
1998-06-10,,,,86.0,13.077899932861328,33290400
1998-06-11,,,,85.3124008178711,12.973299980163574,41271200
1998-06-12,,,,85.75,13.039899826049805,41323600
1998-06-15,,,,85.9375991821289,13.068400382995605,42846000
1998-06-16,,,,89.87519836425781,13.667200088500977,61138400
1998-06-17,,,,91.0624008178711,13.847700119018555,76147600
1998-06-18,,,,91.1875991821289,13.866800308227539,39228400
1998-06-19,,,,94.6875991821289,14.39900016784668,91226800
1998-06-22,,,,95.8124008178711,14.570099830627441,48969600
1998-06-23,,,,100.75,15.320899963378906,124675200
1998-06-24,,,,104.9375991821289,15.9576997756958,105724800
1998-06-25,,,,101.5624008178711,15.4443998336792,88969600
1998-06-26,,,,104.4375991821289,15.881699562072754,55680400
1998-06-29,,,,107.4375991821289,16.337900161743164,65906000
1998-06-30,,,,108.37519836425781,16.480499267578125,77010000
1998-07-01,,,,109.37519836425781,16.63249969482422,53470400
1998-07-02,,,,107.25,16.30940055847168,27321200
1998-07-06,,,,107.8124008178711,16.394899368286133,35307600
1998-07-07,,,,107.9375991821289,16.41390037536621,32422800
1998-07-08,,,,109.87519836425781,16.708599090576172,41553600
1998-07-09,,,,111.0,16.879600524902344,43690000
1998-07-10,,,,113.1875991821289,17.212299346923828,45396800
1998-07-13,,,,117.5624008178711,17.877500534057617,69223200
1998-07-14,,,,116.5,17.715999603271484,56972400
1998-07-15,,,,117.37519836425781,17.84910011291504,48690000
1998-07-16,,,,117.37519836425781,17.84910011291504,65125200
1998-07-17,,,,117.9375991821289,17.934600830078125,83108400
1998-07-20,,,,117.0,17.79199981689453,45794800
1998-07-21,,,,112.8124008178711,17.15519905090332,74605200
1998-07-22,,,,116.75,17.753999710083008,71654400
1998-07-23,,,,113.0,17.183700561523438,51029600
1998-07-24,,,,113.8124008178711,17.307300567626953,60366400
1998-07-27,,,,116.75,17.753999710083008,58998000
1998-07-28,,,,112.25,17.069700241088867,78378400
1998-07-29,,,,110.6875991821289,16.83209991455078,59738000
1998-07-30,,,,113.4375991821289,17.25029945373535,72746400
1998-07-31,,,,109.9375991821289,16.71809959411621,53705200
1998-08-03,,,,108.4375991821289,16.489999771118164,73566400
1998-08-04,,,,104.5,15.891200065612793,91412000
1998-08-05,,,,104.3124008178711,15.862600326538086,120208800
1998-08-06,,,,106.87519836425781,16.252399444580078,68308000
1998-08-07,,,,105.87519836425781,16.100299835205078,54972400
1998-08-10,,,,104.4375991821289,15.881699562072754,46763200
1998-08-11,,,,103.4375991821289,15.729599952697754,60976400
1998-08-12,,,,105.0624008178711,15.976699829101562,53760000
1998-08-13,,,,103.9375991821289,15.8056001663208,51193200
1998-08-14,,,,104.25,15.853099822998047,29566400
1998-08-17,,,,107.3124008178711,16.31879997253418,54073200
1998-08-18,,,,111.25,16.917600631713867,70591200
1998-08-19,,,,110.5624008178711,16.813100814819336,55709600
1998-08-20,,,,112.5624008178711,17.11720085144043,49970400
1998-08-21,,,,110.62519836425781,16.822599411010742,59523600
1998-08-24,,,,110.37519836425781,16.78459930419922,26319200
1998-08-25,,,,112.8124008178711,17.15519905090332,58026800
1998-08-26,,,,112.5624008178711,17.11720085144043,44804400
1998-08-27,,,,109.25,16.613500595092773,74874000
1998-08-28,,,,105.25,16.005199432373047,72730000
1998-08-31,,,,95.9375991821289,14.589099884033203,132690400
1998-09-01,,,,101.25,15.396900177001953,140112400
1998-09-02,,,,100.5624008178711,15.292400360107422,63438400
1998-09-03,,,,99.25,15.09280014038086,67506800
1998-09-04,,,,96.62519836425781,14.693699836730957,50890400
1998-09-08,,,,101.96880340576172,15.506199836730957,60625600
1998-09-09,,,,102.25,15.548999786376953,65480800
1998-09-10,,,,100.75,15.320899963378906,60758000
1998-09-11,,,,104.25,15.853099822998047,58989200
1998-09-14,,,,106.0,16.119300842285156,45086800
1998-09-15,,,,108.3124008178711,16.47089958190918,49367600
1998-09-16,,,,108.1875991821289,16.451900482177734,42886800
1998-09-17,,,,104.9375991821289,15.9576997756958,45178400
1998-09-18,,,,105.37519836425781,16.02429962158203,47361600
1998-09-21,,,,107.87519836425781,16.404399871826172,45872000
1998-09-22,,,,109.1875991821289,16.604000091552734,43082000
1998-09-23,,,,113.62519836425781,17.278799057006836,65263600
1998-09-24,,,,110.12519836425781,16.746599197387695,63521600
1998-09-25,,,,113.0624008178711,17.193199157714844,47878400
1998-09-28,,,,111.3124008178711,16.927099227905273,41405200
1998-09-29,,,,112.87519836425781,17.1648006439209,48743200
1998-09-30,,,,110.0624008178711,16.73699951171875,38875600
1998-10-01,,,,104.0624008178711,15.824600219726562,65442400
1998-10-02,,,,104.12519836425781,15.834199905395508,65889600
1998-10-05,,,,101.1875991821289,15.387499809265137,114937600
1998-10-06,,,,97.62519836425781,14.84570026397705,76550000
1998-10-07,,,,94.12519836425781,14.31350040435791,90710400
1998-10-08,,,,91.1875991821289,13.866800308227539,144719200
1998-10-09,,,,96.87519836425781,14.73169994354248,72661600
1998-10-12,,,,99.75,15.168800354003906,51502800
1998-10-13,,,,96.4375991821289,14.66510009765625,47995600
1998-10-14,,,,100.1875991821289,15.235400199890137,62403200
1998-10-15,,,,105.4375991821289,16.033700942993164,66253600
1998-10-16,,,,105.0624008178711,15.976699829101562,68620000
1998-10-19,,,,102.9375991821289,15.653599739074707,60177600
1998-10-20,,,,100.25,15.24489974975586,94368400
1998-10-21,,,,106.4375991821289,16.185800552368164,125377200
1998-10-22,,,,110.0,16.727500915527344,81910800
1998-10-23,,,,106.37519836425781,16.176300048828125,59882000
1998-10-26,,,,107.0624008178711,16.280799865722656,59678400
1998-10-27,,,,105.4375991821289,16.033700942993164,65434800
1998-10-28,,,,105.6875991821289,16.071800231933594,56808400
1998-10-29,,,,106.62519836425781,16.21430015563965,52402800
1998-10-30,,,,105.87519836425781,16.100299835205078,59322800
1998-11-02,,,,105.8124008178711,16.090700149536133,48388400
1998-11-03,,,,105.1875991821289,15.995699882507324,36546800
1998-11-04,,,,105.5,16.04319953918457,67459600
1998-11-05,,,,106.37519836425781,16.176300048828125,76727200
1998-11-06,,,,109.3124008178711,16.62299919128418,74461200
1998-11-09,,,,110.6875991821289,16.83209991455078,68956800
1998-11-10,,,,112.0624008178711,17.041200637817383,72075600
1998-11-11,,,,111.0624008178711,16.88909912109375,63899200
1998-11-12,,,,108.75,16.537500381469727,38526800
1998-11-13,,,,110.0,16.727500915527344,28368800
1998-11-16,,,,108.8124008178711,16.546899795532227,42620400
1998-11-17,,,,111.87519836425781,17.012699127197266,58744000
1998-11-18,,,,109.75,16.68950080871582,41691200
1998-11-19,,,,111.75,16.99370002746582,45220800
1998-11-20,,,,113.62519836425781,17.278799057006836,48405200
1998-11-23,,,,119.1875991821289,18.12470054626465,110870400
1998-11-24,,,,121.6875991821289,18.504899978637695,101114800
1998-11-25,,,,124.25,18.894500732421875,41394000
1998-11-27,,,,128.06239318847656,19.474300384521484,26335600
1998-11-30,,,,122.0,18.552400588989258,70900000
1998-12-01,,,,129.5,19.692899703979492,86330800
1998-12-02,,,,126.75,19.274700164794922,65759600
1998-12-03,,,,122.12519836425781,18.571399688720703,51426800
1998-12-04,,,,127.37519836425781,19.369800567626953,44352000
1998-12-07,,,,133.56239318847656,20.31060028076172,89809200
1998-12-08,,,,131.18760681152344,19.949499130249023,77585200
1998-12-09,,,,133.6251983642578,20.320199966430664,44781600
1998-12-10,,,,131.56239318847656,20.006500244140625,57015600
1998-12-11,,,,134.0,20.377199172973633,51728800
1998-12-14,,,,127.9375991821289,19.455299377441406,64077600
1998-12-15,,,,131.8751983642578,20.054100036621094,51719600
1998-12-16,,,,133.75,20.33919906616211,60024000
1998-12-17,,,,134.3751983642578,20.434200286865234,46963600
1998-12-18,,,,137.81239318847656,20.956899642944336,59648000
1998-12-21,,,,140.43760681152344,21.35610008239746,48112000
1998-12-22,,,,138.43760681152344,21.052000045776367,41350000
1998-12-23,,,,143.56239318847656,21.831300735473633,34940000
1998-12-24,,,,141.75,21.555700302124023,13832400
1998-12-28,,,,142.3751983642578,21.650800704956055,23636400
1998-12-29,,,,140.5,21.3656005859375,29651600
1998-12-30,,,,139.0,21.137500762939453,34942800
1998-12-31,,,,138.68760681152344,21.09000015258789,23834400
1999-01-04,,,,141.0,21.441699981689453,69305200
1999-01-05,,,,146.5,22.277999877929688,64281600
1999-01-06,,,,151.25,23.00040054321289,69064800
1999-01-07,,,,150.5,22.88629913330078,51150400
1999-01-08,,,,149.8751983642578,22.79129981994629,50244800
1999-01-11,,,,147.5,22.430099487304688,46463200
1999-01-12,,,,142.18760681152344,21.622299194335938,57907200
1999-01-13,,,,143.81239318847656,21.869300842285156,75346000
1999-01-14,,,,141.75,21.555700302124023,59214000
1999-01-15,,,,149.75,22.772300720214844,59344000
1999-01-19,,,,155.6251983642578,23.665700912475586,102741600
1999-01-20,,,,162.6251983642578,24.730199813842773,125481200
1999-01-21,,,,158.31239318847656,24.07430076599121,80077200
1999-01-22,,,,156.25,23.760700225830078,82160000
1999-01-25,,,,161.8751983642578,24.616100311279297,103076400
1999-01-26,,,,171.56239318847656,26.08919906616211,120203200
1999-01-27,,,,168.6251983642578,25.64259910583496,98048000
1999-01-28,,,,174.0,26.45989990234375,78838400
1999-01-29,,,,175.0,26.61199951171875,79571600
1999-02-01,,,,172.93760681152344,26.29840087890625,81729200
1999-02-02,,,,167.6251983642578,25.49049949645996,91965600
1999-02-03,,,,166.81239318847656,25.366899490356445,73749200
1999-02-04,,,,159.06239318847656,24.188400268554688,89151600
1999-02-05,,,,160.0,24.33099937438965,127945200
1999-02-08,,,,165.25,25.12929916381836,109866800
1999-02-09,,,,160.06239318847656,24.340499877929688,77293600
1999-02-10,,,,160.6251983642578,24.426000595092773,73694000
1999-02-11,,,,162.75,24.74920082092285,60366000
1999-02-12,,,,157.75,23.988800048828125,62930400
1999-02-16,,,,156.25,23.760700225830078,73666800
1999-02-17,,,,150.0,22.810300827026367,101215600
1999-02-18,,,,145.75,22.163999557495117,117035200
1999-02-19,,,,147.75,22.46809959411621,73085600
1999-02-22,,,,148.81239318847656,22.62969970703125,92514400
1999-02-23,,,,155.43760681152344,23.63719940185547,95106800
1999-02-24,,,,152.8751983642578,23.247499465942383,67696800
1999-02-25,,,,153.5,23.342500686645508,70817200
1999-02-26,,,,150.1251983642578,22.829299926757812,59273200
1999-03-01,,,,151.75,23.076400756835938,58332000
1999-03-02,,,,148.56239318847656,22.591699600219727,58569600
1999-03-03,,,,149.6251983642578,22.753299713134766,76798400
1999-03-04,,,,152.25,23.15239906311035,61696400
1999-03-05,,,,154.93760681152344,23.561100006103516,47302800
1999-03-08,,,,159.0,24.17889976501465,46726000
1999-03-09,,,,161.81239318847656,24.606599807739258,90129600
1999-03-10,,,,161.3751983642578,24.54010009765625,53114800
1999-03-11,,,,161.43760681152344,24.54960060119629,62948400
1999-03-12,,,,160.18760681152344,24.359500885009766,73395200
1999-03-15,,,,165.8751983642578,25.22439956665039,60609600
1999-03-16,,,,169.06239318847656,25.7091007232666,68554000
1999-03-17,,,,167.1251983642578,25.414499282836914,44919600
1999-03-18,,,,172.43760681152344,26.222299575805664,56231200
1999-03-19,,,,171.18760681152344,26.03230094909668,91980400
1999-03-22,,,,172.81239318847656,26.279300689697266,55719200
1999-03-23,,,,166.56239318847656,25.328899383544922,69581200
1999-03-24,,,,171.25,26.04170036315918,82634400
1999-03-25,,,,179.93760681152344,27.362899780273438,109447600
1999-03-26,,,,178.1251983642578,27.087200164794922,94687600
1999-03-29,,,,92.375,28.09469985961914,79777000
1999-03-30,,,,93.0,28.284799575805664,67502400
1999-03-31,,,,89.625,27.25830078125,58752600
1999-04-01,,,,92.6875991821289,28.189699172973633,41106000
1999-04-05,,,,94.9375991821289,28.874099731445312,39848600
1999-04-06,,,,94.0625991821289,28.607900619506836,39674800
1999-04-07,,,,93.3125991821289,28.37980079650879,46910200
1999-04-08,,,,94.5625991821289,28.760000228881836,38637000
1999-04-09,,,,94.25,28.664899826049805,31816800
1999-04-12,,,,93.0,28.284799575805664,37858800
1999-04-13,,,,90.125,27.410400390625,46746800
1999-04-14,,,,85.875,26.117799758911133,52944000
1999-04-15,,,,88.875,27.03019905090332,72594600
1999-04-16,,,,86.625,26.34589958190918,44774000
1999-04-19,,,,81.0,24.635099411010742,75389000
1999-04-20,,,,83.125,25.281400680541992,108459400
1999-04-21,,,,82.0,24.939199447631836,92732800
1999-04-22,,,,84.9375991821289,25.832700729370117,55096400
1999-04-23,,,,86.0,26.155799865722656,56592000
1999-04-26,,,,88.0,26.76409912109375,48349800
1999-04-27,,,,84.0,25.547500610351562,58665800
1999-04-28,,,,82.125,24.9773006439209,55963400
1999-04-29,,,,82.0625991821289,24.95829963684082,60880600
1999-04-30,,,,81.3125991821289,24.730199813842773,58558600
1999-05-03,,,,79.875,24.292999267578125,67180000
1999-05-04,,,,78.0625991821289,23.74169921875,66502200
1999-05-05,,,,79.125,24.064899444580078,67028200
1999-05-06,,,,77.9375991821289,23.703699111938477,74021000
1999-05-07,,,,79.0625991821289,24.045900344848633,48011600
1999-05-10,,,,79.6875991821289,24.236000061035156,46218000
1999-05-11,,,,79.875,24.292999267578125,42786200
1999-05-12,,,,80.5,24.482999801635742,60142600
1999-05-13,,,,79.125,24.064899444580078,51737200
1999-05-14,,,,76.875,23.38050079345703,84401000
1999-05-17,,,,79.125,24.064899444580078,66850200
1999-05-18,,,,78.6875991821289,23.931800842285156,63858400
1999-05-19,,,,79.3125991821289,24.12190055847168,46510800
1999-05-20,,,,78.4375991821289,23.85580062866211,42386200
1999-05-21,,,,77.5625991821289,23.58970069885254,56568800
1999-05-24,,,,77.25,23.494600296020508,38990000
1999-05-25,,,,76.25,23.190500259399414,50791600
1999-05-26,,,,78.5,23.874799728393555,52022800
1999-05-27,,,,78.375,23.836700439453125,56702200
1999-05-28,,,,80.6875991821289,24.54010009765625,41548000
1999-06-01,,,,78.5,23.874799728393555,36046400
1999-06-02,,,,78.4375991821289,23.85580062866211,42812600
1999-06-03,,,,76.375,23.228500366210938,32934400
1999-06-04,,,,79.5625991821289,24.197900772094727,35668200
1999-06-07,,,,80.25,24.406999588012695,32392200
1999-06-08,,,,79.375,24.140899658203125,41516400
1999-06-09,,,,82.3125991821289,25.034299850463867,53310800
1999-06-10,,,,79.875,24.292999267578125,35277400
1999-06-11,,,,78.125,23.760700225830078,34543000
1999-06-14,,,,77.5625991821289,23.58970069885254,28369800
1999-06-15,,,,77.6875991821289,23.627700805664062,36981000
1999-06-16,,,,81.0,24.635099411010742,48325200
1999-06-17,,,,82.875,25.205400466918945,44475200
1999-06-18,,,,85.0,25.851699829101562,69116200
1999-06-21,,,,88.9375991821289,27.0492000579834,56194400
1999-06-22,,,,86.5,26.307899475097656,38751000
1999-06-23,,,,86.0,26.155799865722656,33942000
1999-06-24,,,,84.625,25.737600326538086,33559000
1999-06-25,,,,84.9375991821289,25.832700729370117,24933000
1999-06-28,,,,86.75,26.383899688720703,31701000
1999-06-29,,,,88.0,26.76409912109375,38973200
1999-06-30,,,,90.1875991821289,27.429399490356445,57610200
1999-07-01,,,,91.1875991821289,27.73349952697754,47737800
1999-07-02,,,,92.0,27.980600357055664,32094800
1999-07-06,,,,89.5625991821289,27.239299774169922,45419400
1999-07-07,,,,92.3125991821289,28.075700759887695,33834600
1999-07-08,,,,92.5625991821289,28.15169906616211,37790400
1999-07-09,,,,93.25,28.36079978942871,33884200
1999-07-12,,,,94.1875991821289,28.64590072631836,43847800
1999-07-13,,,,93.625,28.47480010986328,30845000
1999-07-14,,,,94.9375991821289,28.874099731445312,37985200
1999-07-15,,,,94.375,28.702899932861328,40926200
1999-07-16,,,,99.4375991821289,30.242700576782227,115369800
1999-07-19,,,,98.375,29.91950035095215,81181600
1999-07-20,,,,93.3125991821289,28.37980079650879,92287400
1999-07-21,,,,94.6875991821289,28.79800033569336,54050800
1999-07-22,,,,91.0625991821289,27.695499420166016,60904200
1999-07-23,,,,90.25,27.448400497436523,68833200
1999-07-26,,,,87.625,26.649999618530273,50885000
1999-07-27,,,,88.8125991821289,27.011199951171875,65513000
1999-07-28,,,,90.0,27.372299194335938,62215200
1999-07-29,,,,86.9375991821289,26.44099998474121,57968200
1999-07-30,,,,85.8125991821289,26.098800659179688,51127400
1999-08-02,,,,84.8125991821289,25.794700622558594,48050600
1999-08-03,,,,84.75,25.77560043334961,55051200
1999-08-04,,,,84.9375991821289,25.832700729370117,75573400
1999-08-05,,,,85.75,26.07979965209961,76634000
1999-08-06,,,,85.125,25.889699935913086,67205800
1999-08-09,,,,83.8125991821289,25.49049949645996,39333600
1999-08-10,,,,82.9375991821289,25.22439956665039,62743000
1999-08-11,,,,84.1875991821289,25.60460090637207,66105200
1999-08-12,,,,81.75,24.86319923400879,61062000
1999-08-13,,,,84.6875991821289,25.75659942626953,65099800
1999-08-16,,,,84.3125991821289,25.64259910583496,57321800
1999-08-17,,,,84.5625991821289,25.718599319458008,51749000
1999-08-18,,,,85.0,25.851699829101562,58361200
1999-08-19,,,,83.8125991821289,25.49049949645996,71478200
1999-08-20,,,,83.375,25.35740089416504,46072800
1999-08-23,,,,86.4375991821289,26.28890037536621,60447000
1999-08-24,,,,92.1875991821289,28.037700653076172,120450000
1999-08-25,,,,95.3125991821289,28.988100051879883,81877600
1999-08-26,,,,94.625,28.77899932861328,61246000
1999-08-27,,,,93.25,28.36079978942871,41948400
1999-08-30,,,,92.25,28.056699752807617,33300800
1999-08-31,,,,92.5625991821289,28.15169906616211,46882800
1999-09-01,,,,92.375,28.09469985961914,36607200
1999-09-02,,,,91.8125991821289,27.923599243164062,33340800
1999-09-03,,,,95.875,29.159099578857422,52098000
1999-09-07,,,,94.25,28.664899826049805,47028000
1999-09-08,,,,92.25,28.056699752807617,42568200
1999-09-09,,,,94.0625991821289,28.607900619506836,38475200
1999-09-10,,,,95.0,28.89299964904785,34455000
1999-09-13,,,,93.875,28.550899505615234,27870800
1999-09-14,,,,95.0625991821289,28.912099838256836,40207800
1999-09-15,,,,92.625,28.170700073242188,48413800
1999-09-16,,,,94.0,28.588899612426758,45796000
1999-09-17,,,,96.4375991821289,29.330299377441406,79773400
1999-09-20,,,,97.5625991821289,29.672399520874023,48601800
1999-09-21,,,,94.625,28.77899932861328,47082800
1999-09-22,,,,96.0625991821289,29.21619987487793,48531600
1999-09-23,,,,91.1875991821289,27.73349952697754,71073600
1999-09-24,,,,90.9375991821289,27.657499313354492,70277000
1999-09-27,,,,91.4375991821289,27.809600830078125,34132200
1999-09-28,,,,92.125,28.018600463867188,46000600
1999-09-29,,,,89.5,27.220300674438477,37484400
1999-09-30,,,,90.5625991821289,27.543500900268555,47455400
1999-10-01,,,,89.9843978881836,27.367599487304688,44239000
1999-10-04,,,,92.5625991821289,28.15169906616211,29998000
1999-10-05,,,,91.8125991821289,27.923599243164062,43397000
1999-10-06,,,,93.6875991821289,28.493900299072266,35500200
1999-10-07,,,,93.75,28.51289939880371,46036400
1999-10-08,,,,94.9375991821289,28.874099731445312,35697000
1999-10-11,,,,94.3125991821289,28.68400001525879,19943800
1999-10-12,,,,92.5625991821289,28.15169906616211,27668600
1999-10-13,,,,91.0625991821289,27.695499420166016,38098400
1999-10-14,,,,90.6875991821289,27.581499099731445,42737800
1999-10-15,,,,88.0625991821289,26.783100128173828,73788000
1999-10-18,,,,87.875,26.72610092163086,75312800
1999-10-19,,,,86.3125991821289,26.250900268554688,69945600
1999-10-20,,,,92.25,28.056699752807617,88090600
1999-10-21,,,,93.0625991821289,28.303800582885742,60801200
1999-10-22,,,,92.6875991821289,28.189699172973633,43650600
1999-10-25,,,,92.4375991821289,28.11370086669922,30492200
1999-10-26,,,,92.375,28.09469985961914,52467600
1999-10-27,,,,90.875,27.638500213623047,54416600
1999-10-28,,,,89.875,27.334299087524414,70570400
1999-10-29,,,,92.5625991821289,28.15169906616211,79452600
1999-11-01,,,,92.375,28.09469985961914,53261200
1999-11-02,,,,92.5625991821289,28.15169906616211,46349000
1999-11-03,,,,92.0,27.980600357055664,44517000
1999-11-04,,,,91.75,27.904600143432617,54239400
1999-11-05,,,,91.5625991821289,27.84760093688965,70167400
1999-11-08,,,,89.9375991821289,27.3533992767334,243819200
1999-11-09,,,,88.875,27.03019905090332,109769800
1999-11-10,,,,87.125,26.497900009155273,69385400
1999-11-11,,,,89.625,27.25830078125,69274600
1999-11-12,,,,89.1875991821289,27.12529945373535,49414200
1999-11-15,,,,87.0,26.45989990234375,47080400
1999-11-16,,,,87.3125991821289,26.55500030517578,59165200
1999-11-17,,,,85.0,25.851699829101562,66819000
1999-11-18,,,,84.9375991821289,25.832700729370117,64493200
1999-11-19,,,,86.0,26.155799865722656,58226000
1999-11-22,,,,89.8125991821289,27.31529998779297,90596600
1999-11-23,,,,89.625,27.25830078125,70787400
1999-11-24,,,,91.6875991821289,27.88559913635254,53771000
1999-11-26,,,,91.125,27.714500427246094,28514200
1999-11-29,,,,90.1875991821289,27.429399490356445,51460200
1999-11-30,,,,91.04679870605469,27.69070053100586,64145600
1999-12-01,,,,93.1875991821289,28.341800689697266,48864200
1999-12-02,,,,94.8125991821289,28.836000442504883,55473800
1999-12-03,,,,96.125,29.235200881958008,64100600
1999-12-06,,,,95.4375991821289,29.026100158691406,49098200
1999-12-07,,,,93.0,28.284799575805664,56859200
1999-12-08,,,,91.75,27.904600143432617,40955800
1999-12-09,,,,92.75,28.20870018005371,46258200
1999-12-10,,,,93.875,28.550899505615234,36836000
1999-12-13,,,,96.625,29.387300491333008,52691600
1999-12-14,,,,98.6875991821289,30.01460075378418,144116200
1999-12-15,,,,108.4375991821289,32.97990036010742,155571600
1999-12-16,,,,113.6875991821289,34.57659912109375,128660200
1999-12-17,,,,115.25,35.05179977416992,105898800
1999-12-20,,,,112.75,34.291500091552734,39433800
1999-12-21,,,,115.875,35.24190139770508,57446000
1999-12-22,,,,117.5625991821289,35.75519943237305,38565200
1999-12-23,,,,117.4375991821289,35.717098236083984,31028400
1999-12-27,,,,119.125,36.23030090332031,32202200
1999-12-28,,,,117.5,35.73609924316406,24591000
1999-12-29,,,,117.9375991821289,35.86920166015625,17449200
1999-12-30,,,,117.625,35.77410125732422,22360000
1999-12-31,,,,116.75,35.507999420166016,12517600
2000-01-03,,,,116.5625991821289,35.45100021362305,53228400
2000-01-04,,,,112.625,34.25339889526367,54119000
2000-01-05,,,,113.8125991821289,34.614601135253906,64059600
2000-01-06,,,,110.0,33.455101013183594,54976600
2000-01-07,,,,111.4375991821289,33.89229965209961,62013600
2000-01-10,,,,112.25,34.139400482177734,44963600
2000-01-11,,,,109.375,33.26499938964844,46743600
2000-01-12,,,,105.8125991821289,32.18149948120117,66532400
2000-01-13,,,,107.8125991821289,32.789798736572266,83144000
2000-01-14,,,,112.25,34.139400482177734,73416400
2000-01-18,,,,115.3125991821289,35.07080078125,81483600
2000-01-19,,,,107.0,32.542701721191406,97568200
2000-01-20,,,,106.0,32.23849868774414,56349800
2000-01-21,,,,103.75,31.55419921875,68416200
2000-01-24,,,,101.25,30.793899536132812,63597600
2000-01-25,,,,102.8125991821289,31.269100189208984,59823200
2000-01-26,,,,99.375,30.223600387573242,49365000
2000-01-27,,,,98.75,30.03350067138672,63654800
2000-01-28,,,,98.25,29.881500244140625,58225400
2000-01-31,,,,97.875,29.76740074157715,73194200
2000-02-01,,,,102.9375991821289,31.307100296020508,70196600
2000-02-02,,,,100.8125991821289,30.660900115966797,49915600
2000-02-03,,,,103.625,31.516199111938477,49186000
2000-02-04,,,,106.5625991821289,32.40959930419922,55365400
2000-02-07,,,,106.625,32.4286003112793,40005800
2000-02-08,,,,109.9375991821289,33.436100006103516,56229000
2000-02-09,,,,104.0,31.630300521850586,55090000
2000-02-10,,,,106.0,32.23849868774414,54527800
2000-02-11,,,,99.9375991821289,30.394699096679688,115559000
2000-02-14,,,,99.625,30.299699783325195,81028600
2000-02-15,,,,98.5625991821289,29.976499557495117,71027600
2000-02-16,,,,97.625,29.6914005279541,65202600
2000-02-17,,,,99.625,30.299699783325195,80343400
2000-02-18,,,,95.0625991821289,28.912099838256836,79063000
2000-02-22,,,,93.8125991821289,28.53190040588379,66296200
2000-02-23,,,,94.25,28.664899826049805,75847200
2000-02-24,,,,94.75,28.816999435424805,69733200
2000-02-25,,,,91.3125991821289,27.7716007232666,65301400
2000-02-28,,,,91.5625991821289,27.84760093688965,76131800
2000-02-29,,,,89.375,27.182300567626953,58437400
2000-03-01,,,,90.8125991821289,27.61949920654297,106889800
2000-03-02,,,,93.375,28.398799896240234,106932600
2000-03-03,,,,96.125,29.235200881958008,101435200
2000-03-06,,,,90.625,27.562400817871094,93609400
2000-03-07,,,,92.875,28.246700286865234,135061000
2000-03-08,,,,95.5625991821289,29.06410026550293,94290000
2000-03-09,,,,100.0,30.413700103759766,88198800
2000-03-10,,,,101.0,30.717899322509766,85589000
2000-03-13,,,,98.0,29.805400848388672,61831800
2000-03-14,,,,95.125,28.930999755859375,73489200
2000-03-15,,,,95.375,29.007099151611328,53208000
2000-03-16,,,,95.375,29.007099151611328,77300800
2000-03-17,,,,99.375,30.223600387573242,81161600
2000-03-20,,,,97.375,29.615400314331055,47773000
2000-03-21,,,,102.75,31.250099182128906,81648800
2000-03-22,,,,103.25,31.40220069885254,93975800
2000-03-23,,,,111.875,34.025299072265625,148224000
2000-03-24,,,,111.6875991821289,33.968299865722656,112196800
2000-03-27,,,,104.0625991821289,31.64929962158203,111434000
2000-03-28,,,,104.3125991821289,31.725299835205078,81114400
2000-03-29,,,,107.1875991821289,32.599700927734375,64363800
2000-03-30,,,,103.375,31.440200805664062,64178400
2000-03-31,,,,106.25,32.31460189819336,64281400
2000-04-03,,,,90.875,27.638500213623047,260118200
2000-04-04,,,,88.5625991821289,26.935199737548828,181244400
2000-04-05,,,,86.375,26.269800186157227,82887600
2000-04-06,,,,86.0,26.155799865722656,66421400
2000-04-07,,,,89.0625991821289,27.087200164794922,82613600
2000-04-10,,,,86.0625991821289,26.174800872802734,60685400
2000-04-11,,,,83.875,25.50950050354004,71961800
2000-04-12,,,,79.375,24.140899658203125,153003800
2000-04-13,,,,79.25,24.1028995513916,94316200
2000-04-14,,,,74.125,22.544200897216797,151217800
2000-04-17,,,,75.875,23.076400756835938,119772200
2000-04-18,,,,80.5625991821289,24.502099990844727,91794600
2000-04-19,,,,78.6875991821289,23.931800842285156,53715400
2000-04-20,,,,78.9375991821289,24.00790023803711,52387400
2000-04-24,,,,66.625,20.263099670410156,313645800
2000-04-25,,,,69.375,21.09950065612793,159517400
2000-04-26,,,,68.0,20.681299209594727,107091200
2000-04-27,,,,69.8125991821289,21.23259925842285,77669800
2000-04-28,,,,69.75,21.213600158691406,78082600
2000-05-01,,,,73.4375991821289,22.335100173950195,107811000
2000-05-02,,,,69.875,21.25160026550293,97716200
2000-05-03,,,,70.5625991821289,21.4606990814209,55354800
2000-05-04,,,,70.4375991821289,21.422700881958008,43317200
2000-05-05,,,,71.125,21.631799697875977,36402200
2000-05-08,,,,69.8125991821289,21.23259925842285,36187600
2000-05-09,,,,67.8125991821289,20.624300003051758,60778400
2000-05-10,,,,66.1875991821289,20.13010025024414,67740000
2000-05-11,,,,67.875,20.643299102783203,58390800
2000-05-12,,,,68.8125991821289,20.928499221801758,37886000
2000-05-15,,,,69.375,21.09950065612793,33899600
2000-05-16,,,,69.5,21.137500762939453,48410600
2000-05-17,,,,67.6875991821289,20.586299896240234,53242000
2000-05-18,,,,66.1875991821289,20.13010025024414,53640400
2000-05-19,,,,65.0625991821289,19.788000106811523,66578000
2000-05-22,,,,64.1875991821289,19.521799087524414,69955000
2000-05-23,,,,63.187599182128906,19.21769905090332,57963200
2000-05-24,,,,65.5625991821289,19.940000534057617,85482400
2000-05-25,,,,61.5,18.70439910888672,94348800
2000-05-26,,,,61.437599182128906,18.68549919128418,55822000
2000-05-30,,,,63.375,19.274700164794922,68536400
2000-05-31,,,,62.562599182128906,19.027599334716797,54968200
2000-06-01,,,,64.5625991821289,19.635900497436523,94507200
2000-06-02,,,,66.3125991821289,20.168100357055664,80463200
2000-06-05,,,,66.875,20.33919906616211,64400000
2000-06-06,,,,69.625,21.175500869750977,99019000
2000-06-07,,,,70.5,21.441699981689453,76310600
2000-06-08,,,,68.8125991821289,20.928499221801758,94765600
2000-06-09,,,,68.8125991821289,20.928499221801758,35710200
2000-06-12,,,,66.875,20.33919906616211,49260600
2000-06-13,,,,67.875,20.643299102783203,44289200
2000-06-14,,,,70.5,21.441699981689453,79992400
2000-06-15,,,,72.375,22.011899948120117,65592600
2000-06-16,,,,72.5625991821289,22.069000244140625,68710600
2000-06-19,,,,73.6875991821289,22.411100387573242,46604800
2000-06-20,,,,74.9375991821289,22.79129981994629,62275000
2000-06-21,,,,80.6875991821289,24.54010009765625,160399600
2000-06-22,,,,79.875,24.292999267578125,87315200
2000-06-23,,,,77.6875991821289,23.627700805664062,49811600
2000-06-26,,,,79.5,24.17889976501465,48287000
2000-06-27,,,,78.8125991821289,23.96980094909668,31071200
2000-06-28,,,,78.9375991821289,24.00790023803711,37459200
2000-06-29,,,,77.1875991821289,23.47559928894043,38449000
2000-06-30,,,,80.0,24.33099937438965,52356400
2000-07-03,,,,80.0,24.33099937438965,15734800
2000-07-05,,,,78.5,23.874799728393555,34824400
2000-07-06,,,,80.9375991821289,24.616100311279297,47873200
2000-07-07,,,,82.0,24.939199447631836,54153200
2000-07-10,,,,79.4375991821289,24.159900665283203,52689800
2000-07-11,,,,79.125,24.064899444580078,37164800
2000-07-12,,,,80.3125991821289,24.426000595092773,58370200
2000-07-13,,,,79.9375991821289,24.312000274658203,80843200
2000-07-14,,,,78.9375991821289,24.00790023803711,51180600
2000-07-17,,,,78.1875991821289,23.779800415039062,53992800
2000-07-18,,,,78.5,23.874799728393555,70617200
2000-07-19,,,,73.125,22.239999771118164,139924600
2000-07-20,,,,74.8125991821289,22.753299713134766,54690600
2000-07-21,,,,72.3125991821289,21.992900848388672,56100600
2000-07-24,,,,70.5625991821289,21.4606990814209,56165600
2000-07-25,,,,69.0,20.98550033569336,64188600
2000-07-26,,,,67.8125991821289,20.624300003051758,85404600
2000-07-27,,,,69.375,21.09950065612793,74337600
2000-07-28,,,,69.6875991821289,21.194599151611328,75645600
2000-07-31,,,,69.8125991821289,21.23259925842285,70283800
2000-08-01,,,,68.6875991821289,20.890499114990234,47163600
2000-08-02,,,,69.375,21.09950065612793,48269200
2000-08-03,,,,70.25,21.3656005859375,54543400
2000-08-04,,,,69.125,21.023500442504883,38107400
2000-08-07,,,,70.0,21.289600372314453,52741800
2000-08-08,,,,74.125,22.544200897216797,138038800
2000-08-09,,,,74.25,22.582199096679688,63945600
2000-08-10,,,,72.625,22.08799934387207,48986000
2000-08-11,,,,72.4375991821289,22.0310001373291,35629600
2000-08-14,,,,72.1875991821289,21.95490074157715,53427000
2000-08-15,,,,71.625,21.78380012512207,40714200
2000-08-16,,,,71.0,21.593700408935547,44976200
2000-08-17,,,,71.5625991821289,21.764799118041992,36112800
2000-08-18,,,,71.0,21.593700408935547,54438800
2000-08-21,,,,70.625,21.479700088500977,34119600
2000-08-22,,,,71.25,21.6697998046875,54428200
2000-08-23,,,,70.75,21.5177001953125,36726800
2000-08-24,,,,71.125,21.631799697875977,42405400
2000-08-25,,,,70.625,21.479700088500977,52729400
2000-08-28,,,,71.3125991821289,21.688800811767578,56421600
2000-08-29,,,,70.9375991821289,21.574800491333008,59400200
2000-08-30,,,,70.0,21.289600372314453,53498800
2000-08-31,,,,69.8125991821289,21.23259925842285,72575400
2000-09-01,,,,70.1875991821289,21.34670066833496,37629800
2000-09-05,,,,70.125,21.327600479125977,50755200
2000-09-06,,,,69.4375991821289,21.118600845336914,62960800
2000-09-07,,,,70.0625991821289,21.3085994720459,111711200
2000-09-08,,,,69.3125991821289,21.08049964904785,56709600
2000-09-11,,,,68.8125991821289,20.928499221801758,48495200
2000-09-12,,,,68.125,20.71929931640625,46781200
2000-09-13,,,,68.25,20.757400512695312,40744800
2000-09-14,,,,65.8125991821289,20.01609992980957,78503000
2000-09-15,,,,64.1875991821289,19.521799087524414,99915200
2000-09-18,,,,63.0,19.160600662231445,69037800
2000-09-19,,,,65.0,19.76889991760254,79311200
2000-09-20,,,,64.25,19.540800094604492,67791400
2000-09-21,,,,64.1875991821289,19.521799087524414,48952200
2000-09-22,,,,63.25,19.2367000579834,84476600
2000-09-25,,,,61.25,18.628400802612305,53484200
2000-09-26,,,,62.687599182128906,19.06559944152832,155704800
2000-09-27,,,,60.625,18.43829917907715,106155600
2000-09-28,,,,61.312599182128906,18.64739990234375,52360400
2000-09-29,,,,60.312599182128906,18.343299865722656,74053600
2000-10-02,,,,59.125,17.982099533081055,58562400
2000-10-03,,,,56.562599182128906,17.202800750732422,85374000
2000-10-04,,,,55.437599182128906,16.860599517822266,136453400
2000-10-05,,,,55.375,16.84160041809082,81099400
2000-10-06,,,,55.562599182128906,16.898700714111328,61794000
2000-10-09,,,,54.187599182128906,16.480499267578125,58323600
2000-10-10,,,,54.562599182128906,16.594499588012695,62066200
2000-10-11,,,,55.75,16.95560073852539,101205800
2000-10-12,,,,54.375,16.537500381469727,90219600
2000-10-13,,,,53.75,16.347400665283203,104521200
2000-10-16,,,,50.375,15.320899963378906,119759000
2000-10-17,,,,50.437599182128906,15.339900016784668,81276600
2000-10-18,,,,51.75,15.739100456237793,110536400
2000-10-19,,,,61.875,18.818500518798828,256993200
2000-10-20,,,,65.1875991821289,19.826000213623047,160378600
2000-10-23,,,,62.125,18.894500732421875,185170400
2000-10-24,,,,61.5,18.70439910888672,94427400
2000-10-25,,,,61.25,18.628400802612305,167603800
2000-10-26,,,,64.4375991821289,19.597900390625,114826600
2000-10-27,,,,67.6875991821289,20.586299896240234,124292400
2000-10-30,,,,69.0625991821289,21.004499435424805,110057600
2000-10-31,,,,68.875,20.947399139404297,104474000
2000-11-01,,,,69.625,21.175500869750977,81309400
2000-11-02,,,,70.3125991821289,21.384700775146484,77985200
2000-11-03,,,,68.25,20.757400512695312,68711000
2000-11-06,,,,69.5,21.137500762939453,74851400
2000-11-07,,,,70.5,21.441699981689453,104331200
2000-11-08,,,,69.4375991821289,21.118600845336914,206149400
2000-11-09,,,,70.875,21.555700302124023,91058600
2000-11-10,,,,67.375,20.491199493408203,93744400
2000-11-13,,,,66.4375991821289,20.206100463867188,83364800
2000-11-14,,,,68.8125991821289,20.928499221801758,84218600
2000-11-15,,,,70.0625991821289,21.3085994720459,60422200
2000-11-16,,,,68.9375991821289,20.96649932861328,92128600
2000-11-17,,,,69.0625991821289,21.004499435424805,106525600
2000-11-20,,,,67.1875991821289,20.434200286865234,80157200
2000-11-21,,,,67.75,20.605300903320312,59487600
2000-11-22,,,,68.25,20.757400512695312,76343200
2000-11-24,,,,69.9375991821289,21.270599365234375,34439200
2000-11-27,,,,70.6875991821289,21.498699188232422,85307600
2000-11-28,,,,67.0,20.377199172973633,127446200
2000-11-29,,,,65.0625991821289,19.788000106811523,98280400
2000-11-30,,,,57.375,17.449899673461914,197200800
2000-12-01,,,,56.625,17.221799850463867,109809800
2000-12-04,,,,56.437599182128906,17.1648006439209,80407200
2000-12-05,,,,59.875,18.2101993560791,101734400
2000-12-06,,,,56.687599182128906,17.240800857543945,90560800
2000-12-07,,,,53.125,16.15730094909668,145308400
2000-12-08,,,,54.437599182128906,16.556499481201172,120939800
2000-12-11,,,,58.062599182128906,17.659000396728516,95576200
2000-12-12,,,,58.375,17.753999710083008,63106000
2000-12-13,,,,57.25,17.41189956665039,98360400
2000-12-14,,,,55.5,16.879600524902344,71201400
2000-12-15,,,,49.187599182128906,14.959799766540527,116899800
2000-12-18,,,,47.812599182128906,14.541600227355957,107187400
2000-12-19,,,,44.812599182128906,13.629199981689453,120271800
2000-12-20,,,,41.5,12.621700286865234,149037800
2000-12-21,,,,43.437599182128906,13.211000442504883,163173000
2000-12-22,,,,46.437599182128906,14.12339973449707,109551800
2000-12-26,,,,46.875,14.256400108337402,66941600
2000-12-27,,,,46.437599182128906,14.12339973449707,69003800
2000-12-28,,,,44.562599182128906,13.553099632263184,77619200
2000-12-29,,,,43.375,13.191900253295898,99977600
2001-01-02,,,,43.375,13.191900253295898,82413200
2001-01-03,,,,47.937599182128906,14.57960033416748,135962200
2001-01-04,,,,48.437599182128906,14.73169994354248,112397000
2001-01-05,,,,49.125,14.940699577331543,93414600
2001-01-08,,,,48.937599182128906,14.883700370788574,79817600
2001-01-09,,,,51.812599182128906,15.758099555969238,114965400
2001-01-10,,,,52.875,16.081300735473633,90230200
2001-01-11,,,,55.0,16.727500915527344,101854800
2001-01-12,,,,53.5,16.271299362182617,73712000
2001-01-16,,,,52.562599182128906,15.986200332641602,68462400
2001-01-17,,,,52.937599182128906,16.100299835205078,72844200
2001-01-18,,,,55.5,16.879600524902344,109788800
2001-01-19,,,,61.0,18.552400588989258,209348800
2001-01-22,,,,60.125,18.28619956970215,76673000
2001-01-23,,,,60.562599182128906,18.419300079345703,70295200
2001-01-24,,,,62.937599182128906,19.141700744628906,110455000
2001-01-25,,,,61.812599182128906,18.79949951171875,85657400
2001-01-26,,,,64.0,19.464799880981445,93080000
2001-01-29,,,,64.5,19.61680030822754,84983800
2001-01-30,,,,63.375,19.274700164794922,57276800
2001-01-31,,,,61.062599182128906,18.571399688720703,81898800
2001-02-01,,,,62.375,18.970600128173828,71792800
2001-02-02,,,,60.812599182128906,18.495399475097656,71100000
2001-02-05,,,,61.937599182128906,18.837499618530273,51399200
2001-02-06,,,,62.562599182128906,19.027599334716797,96442000
2001-02-07,,,,64.6875991821289,19.673900604248047,126061800
2001-02-08,,,,62.25,18.9325008392334,88041200
2001-02-09,,,,59.125,17.982099533081055,100575200
2001-02-12,,,,58.75,17.868099212646484,71289400
2001-02-13,,,,58.187599182128906,17.69700050354004,76070600
2001-02-14,,,,58.375,17.753999710083008,61728400
2001-02-15,,,,58.812599182128906,17.887100219726562,65627800
2001-02-16,,,,57.312599182128906,17.43090057373047,66958400
2001-02-20,,,,55.875,16.99370002746582,60730800
2001-02-21,,,,56.25,17.10770034790039,63947200
2001-02-22,,,,55.187599182128906,16.78459930419922,100816400
2001-02-23,,,,56.75,17.25979995727539,92620600
2001-02-26,,,,59.562599182128906,18.11520004272461,87936800
2001-02-27,,,,59.375,18.0580997467041,99148600
2001-02-28,,,,59.0,17.94409942626953,84608400
2001-03-01,,,,59.35940170288086,18.05340003967285,81781600
2001-03-02,,,,56.687599182128906,17.240800857543945,79800800
2001-03-05,,,,57.437599182128906,17.468900680541992,49383600
2001-03-06,,,,59.437599182128906,18.077199935913086,66781800
2001-03-07,,,,60.687599182128906,18.457399368286133,59743600
2001-03-08,,,,59.25,18.020099639892578,54626000
2001-03-09,,,,56.687599182128906,17.240800857543945,103794400
2001-03-12,,,,51.937599182128906,15.796199798583984,114376000
2001-03-13,,,,54.187599182128906,16.480499267578125,91035600
2001-03-14,,,,54.0,16.42340087890625,90686200
2001-03-15,,,,53.687599182128906,16.328399658203125,71638400
2001-03-16,,,,54.562599182128906,16.594499588012695,112848800
2001-03-19,,,,54.312599182128906,16.51849937438965,61036400
2001-03-20,,,,52.687599182128906,16.02429962158203,91822800
2001-03-21,,,,50.062599182128906,15.225899696350098,124988600
2001-03-22,,,,54.0,16.42340087890625,126363200
2001-03-23,,,,56.562599182128906,17.202800750732422,99519600
2001-03-26,,,,56.062599182128906,17.05069923400879,63118600
2001-03-27,,,,58.25,17.715999603271484,95135600
2001-03-28,,,,55.562599182128906,16.898700714111328,78681600
2001-03-29,,,,55.375,16.84160041809082,86985000
2001-03-30,,,,54.687599182128906,16.63249969482422,91201600
2001-04-02,,,,55.812599182128906,16.974700927734375,75924000
2001-04-03,,,,53.375,16.233299255371094,94187600
2001-04-04,,,,51.937599182128906,15.796199798583984,104046600
2001-04-05,,,,56.75,17.25979995727539,113364000
2001-04-06,,,,56.187599182128906,17.088699340820312,92622000
2001-04-09,,,,57.150001525878906,17.381399154663086,56295600
2001-04-10,,,,59.68000030517578,18.15089988708496,109199400
2001-04-11,,,,60.040000915527344,18.260400772094727,109879600
2001-04-12,,,,62.18000030517578,18.91119956970215,87520000
2001-04-16,,,,60.790000915527344,18.488500595092773,65857400
2001-04-17,,,,61.47999954223633,18.698400497436523,85149200
2001-04-18,,,,65.43000030517578,19.899700164794922,156696400
2001-04-19,,,,68.04000091552734,20.693500518798828,159375600
2001-04-20,,,,69.0,20.98550033569336,192919600
2001-04-23,,,,68.25,20.757400512695312,92171200
2001-04-24,,,,67.55000305175781,20.54450035095215,89176600
2001-04-25,,,,69.69000244140625,21.19529914855957,76744000
2001-04-26,,,,69.12999725341797,21.024999618530273,118737600
2001-04-27,,,,67.12000274658203,20.413700103759766,121572400
2001-04-30,,,,67.75,20.605300903320312,74368200
2001-05-01,,,,70.16999816894531,21.341299057006836,83702800
2001-05-02,,,,69.76000213623047,21.21660041809082,92864400
2001-05-03,,,,68.52999877929688,20.842500686645508,66273400
2001-05-04,,,,70.75,21.5177001953125,119538400
2001-05-07,,,,71.37999725341797,21.709299087524414,109356200
2001-05-08,,,,72.05999755859375,21.916099548339844,75084000
2001-05-09,,,,70.4000015258789,21.411300659179688,76676600
2001-05-10,,,,70.0,21.289600372314453,64334600
2001-05-11,,,,69.4000015258789,21.107099533081055,51128800
2001-05-14,,,,68.72000122070312,20.900299072265625,44968000
2001-05-15,,,,68.2699966430664,20.763399124145508,61385600
2001-05-16,,,,69.16000366210938,21.034099578857422,91893800
2001-05-17,,,,68.16999816894531,20.732999801635742,106984800
2001-05-18,,,,68.08999633789062,20.70870018005371,90605400
2001-05-21,,,,68.79000091552734,20.921600341796875,103491600
2001-05-22,,,,70.30999755859375,21.383899688720703,83455600
2001-05-23,,,,69.69999694824219,21.198400497436523,93637400
2001-05-24,,,,71.72000122070312,21.812700271606445,80781600
2001-05-25,,,,70.91000366210938,21.5664005279541,52747600
2001-05-29,,,,70.33999633789062,21.39299964904785,71210800
2001-05-30,,,,69.19000244140625,21.04319953918457,86501800
2001-05-31,,,,69.18000030517578,21.040199279785156,70682600
2001-06-01,,,,70.33999633789062,21.39299964904785,57587600
2001-06-04,,,,70.77999877929688,21.52680015563965,43736600
2001-06-05,,,,72.5999984741211,22.080400466918945,89454200
2001-06-06,,,,72.36000061035156,22.007400512695312,80022800
2001-06-07,,,,73.68000030517578,22.40880012512207,66960000
2001-06-08,,,,73.19000244140625,22.25979995727539,51867000
2001-06-11,,,,72.12000274658203,21.93440055847168,47345600
2001-06-12,,,,72.08000183105469,21.922199249267578,66714600
2001-06-13,,,,70.69000244140625,21.499500274658203,55302400
2001-06-14,,,,68.9000015258789,20.954999923706055,71972400
2001-06-15,,,,68.0199966430664,20.687400817871094,108354400
2001-06-18,,,,66.87999725341797,20.340700149536133,56846800
2001-06-19,,,,67.31999969482422,20.47450065612793,63457400
2001-06-20,,,,69.41000366210938,21.110200881958008,64108400
2001-06-21,,,,69.83999633789062,21.24090003967285,69603800
2001-06-22,,,,68.83000183105469,20.933799743652344,51092000
2001-06-25,,,,68.8499984741211,20.939800262451172,49215600
2001-06-26,,,,70.13999938964844,21.332199096679688,63077000
2001-06-27,,,,71.13999938964844,21.63629913330078,69199800
2001-06-28,,,,72.73999786376953,22.122900009155273,128975600
2001-06-29,,,,73.0,22.20199966430664,94283800
2001-07-02,,,,70.5999984741211,21.47209930419922,72810200
2001-07-03,,,,70.47000122070312,21.4325008392334,28037400
2001-07-05,,,,68.51000213623047,20.83639907836914,49242600
2001-07-06,,,,66.05999755859375,20.091299057006836,67467800
2001-07-09,,,,65.69000244140625,19.97879981994629,66476600
2001-07-10,,,,64.4800033569336,19.61079978942871,66562600
2001-07-11,,,,66.5,20.225099563598633,73822600
2001-07-12,,,,71.5999984741211,21.776199340820312,128078000
2001-07-13,,,,71.33999633789062,21.697099685668945,58934600
2001-07-16,,,,71.18000030517578,21.648500442504883,55990800
2001-07-17,,,,71.81999969482422,21.84309959411621,63241000
2001-07-18,,,,70.56999969482422,21.46299934387207,57590800
2001-07-19,,,,72.56999969482422,22.071199417114258,76549400
2001-07-20,,,,69.18000030517578,21.040199279785156,124203600
2001-07-23,,,,67.08999633789062,20.404600143432617,79999400
2001-07-24,,,,66.31999969482422,20.170400619506836,67530200
2001-07-25,,,,67.4800033569336,20.5231990814209,74065400
2001-07-26,,,,66.58999633789062,20.252500534057617,77974000
2001-07-27,,,,65.47000122070312,19.91189956665039,65396000
2001-07-30,,,,65.80000305175781,20.01219940185547,42196400
2001-07-31,,,,66.19000244140625,20.130800247192383,59031600
2001-08-01,,,,66.47000122070312,20.215999603271484,55679000
2001-08-02,,,,67.44999694824219,20.513999938964844,54198400
2001-08-03,,,,66.88999938964844,20.343700408935547,43260400
2001-08-06,,,,66.12999725341797,20.112600326538086,27831600
2001-08-07,,,,66.3499984741211,20.179500579833984,31347800
2001-08-08,,,,64.86000061035156,19.726299285888672,54996400
2001-08-09,,,,65.01000213623047,19.77199935913086,45536200
2001-08-10,,,,65.5199966430664,19.927099227905273,51756400
2001-08-13,,,,65.83000183105469,20.021299362182617,32675400
2001-08-14,,,,64.69000244140625,19.67460060119629,36481200
2001-08-15,,,,63.20000076293945,19.221500396728516,39503000
2001-08-16,,,,64.62000274658203,19.65329933166504,43905600
2001-08-17,,,,61.880001068115234,18.81999969482422,52234200
2001-08-20,,,,62.70000076293945,19.069400787353516,48371200
2001-08-21,,,,60.779998779296875,18.48550033569336,47111800
2001-08-22,,,,60.65999984741211,18.448999404907227,78107200
2001-08-23,,,,59.119998931884766,17.980600357055664,51813200
2001-08-24,,,,62.04999923706055,18.871700286865234,63399000
2001-08-27,,,,62.310001373291016,18.9507999420166,44562800
2001-08-28,,,,60.7400016784668,18.47330093383789,47422800
2001-08-29,,,,60.25,18.32430076599121,48170000
2001-08-30,,,,56.939998626708984,17.31760025024414,97632000
2001-08-31,,,,57.04999923706055,17.35099983215332,57900800
2001-09-04,,,,56.099998474121094,17.06209945678711,67189200
2001-09-05,,,,57.7400016784668,17.56089973449707,89470600
2001-09-06,,,,56.02000045776367,17.037799835205078,112356800
2001-09-07,,,,55.400001525878906,16.849199295043945,89863800
2001-09-10,,,,57.58000183105469,17.51219940185547,84471800
2001-09-17,,,,52.90999984741211,16.091899871826172,127502000
2001-09-18,,,,54.31999969482422,16.520700454711914,83182600
2001-09-19,,,,53.869998931884766,16.383899688720703,126950200
2001-09-20,,,,50.7599983215332,15.437999725341797,117983200
2001-09-21,,,,49.709999084472656,15.11870002746582,184976600
2001-09-24,,,,52.0099983215332,15.81820011138916,85580200
2001-09-25,,,,51.29999923706055,15.60219955444336,84940600
2001-09-26,,,,50.27000045776367,15.288999557495117,58524400
2001-09-27,,,,49.959999084472656,15.194700241088867,81191200
2001-09-28,,,,51.16999816894531,15.562700271606445,116641200
2001-10-01,,,,51.790000915527344,15.751299858093262,69999600
2001-10-02,,,,53.04999923706055,16.13450050354004,80860800
2001-10-03,,,,56.22999954223633,17.101600646972656,97199200
2001-10-04,,,,56.439998626708984,17.16550064086914,101778000
2001-10-05,,,,57.720001220703125,17.554800033569336,80844400
2001-10-08,,,,58.040000915527344,17.652099609375,60605800
2001-10-09,,,,54.560001373291016,16.593700408935547,99477600
2001-10-10,,,,55.5099983215332,16.882699966430664,86349200
2001-10-11,,,,56.31999969482422,17.128999710083008,83742600
2001-10-12,,,,56.380001068115234,17.147300720214844,63307000
2001-10-15,,,,58.060001373291016,17.658199310302734,68437000
2001-10-16,,,,58.45000076293945,17.77680015563965,66169000
2001-10-17,,,,56.029998779296875,17.040800094604492,73710600
2001-10-18,,,,56.75,17.25979995727539,78348000
2001-10-19,,,,57.900001525878906,17.609500885009766,91219600
2001-10-22,,,,60.15999984741211,18.296899795532227,72323600
2001-10-23,,,,60.43000030517578,18.378999710083008,80325000
2001-10-24,,,,61.31999969482422,18.649700164794922,79141400
2001-10-25,,,,62.560001373291016,19.02680015563965,75318200
2001-10-26,,,,62.20000076293945,18.917299270629883,64509400
2001-10-29,,,,59.63999938964844,18.138700485229492,55129400
2001-10-30,,,,58.880001068115234,17.90760040283203,57395600
2001-10-31,,,,58.150001525878906,17.68560028076172,64700000
2001-11-01,,,,61.84000015258789,18.80780029296875,109671200
2001-11-02,,,,61.400001525878906,18.673999786376953,83360000
2001-11-05,,,,63.27000045776367,19.242799758911133,66401600
2001-11-06,,,,64.77999877929688,19.70199966430664,68612000
2001-11-07,,,,64.25,19.540800094604492,58899000
2001-11-08,,,,64.41999816894531,19.592500686645508,74227800
2001-11-09,,,,65.20999908447266,19.832799911499023,48013600
2001-11-12,,,,65.79000091552734,20.009199142456055,57752800
2001-11-13,,,,67.9000015258789,20.65089988708496,60159600
2001-11-14,,,,65.94999694824219,20.05780029296875,88625600
2001-11-15,,,,66.12000274658203,20.109500885009766,77922000
2001-11-16,,,,65.75,19.996999740600586,59249000
2001-11-19,,,,66.54000091552734,20.237300872802734,56005000
2001-11-20,,,,65.4000015258789,19.890600204467773,65921800
2001-11-21,,,,64.05000305175781,19.479999542236328,50785200
2001-11-23,,,,64.70999908447266,19.680700302124023,15754600
2001-11-26,,,,65.13999938964844,19.811500549316406,41983600
2001-11-27,,,,63.7400016784668,19.385700225830078,90819000
2001-11-28,,,,62.79999923706055,19.09980010986328,54536600
2001-11-29,,,,64.83999633789062,19.720300674438477,54034400
2001-11-30,,,,64.20999908447266,19.528600692749023,48234200
2001-12-03,,,,64.7699966430664,19.698999404907227,47211800
2001-12-04,,,,66.0,20.07309913635254,51005800
2001-12-05,,,,68.0999984741211,20.711700439453125,74243000
2001-12-06,,,,68.6500015258789,20.878999710083008,56026200
2001-12-07,,,,67.83000183105469,20.629600524902344,42334800
2001-12-10,,,,67.05999755859375,20.39539909362793,38367400
2001-12-11,,,,67.31999969482422,20.47450065612793,54334000
2001-12-12,,,,67.94999694824219,20.666099548339844,47884200
2001-12-13,,,,66.2699966430664,20.15519905090332,53227800
2001-12-14,,,,67.44000244140625,20.51099967956543,43000600
2001-12-17,,,,68.9800033569336,20.979400634765625,57079800
2001-12-18,,,,69.2699966430664,21.06760025024414,47255200
2001-12-19,,,,69.48999786376953,21.13450050354004,56996200
2001-12-20,,,,66.76000213623047,20.30419921875,78585000
2001-12-21,,,,67.54000091552734,20.541400909423828,84307600
2001-12-24,,,,67.2699966430664,20.459299087524414,11701600
2001-12-26,,,,67.68000030517578,20.583999633789062,29328000
2001-12-27,,,,67.8499984741211,20.635700225830078,32406600
2001-12-28,,,,67.87000274658203,20.641799926757812,28787200
2001-12-31,,,,66.25,20.149099349975586,43006200
2002-01-02,,,,67.04000091552734,20.389400482177734,48124000
2002-01-03,,,,69.2300033569336,21.055400848388672,67590800
2002-01-04,,,,68.9000015258789,20.954999923706055,52731400
2002-01-07,,,,68.55999755859375,20.851600646972656,58508800
2002-01-08,,,,69.37999725341797,21.10099983215332,47736400
2002-01-09,,,,68.70999908447266,20.897300720214844,76304000
2002-01-10,,,,69.27999877929688,21.070600509643555,50296600
2002-01-11,,,,68.61000061035156,20.86680030822754,72993200
2002-01-14,,,,68.47000122070312,20.82430076599121,50997800
2002-01-15,,,,69.55000305175781,21.152700424194336,60717400
2002-01-16,,,,67.87000274658203,20.641799926757812,61955400
2002-01-17,,,,69.86000061035156,21.246999740600586,78958000
2002-01-18,,,,66.0999984741211,20.103500366210938,107140400
2002-01-22,,,,64.45999908447266,19.604700088500977,76837200
2002-01-23,,,,63.7400016784668,19.385700225830078,80403000
2002-01-24,,,,64.5999984741211,19.647300720214844,83886000
2002-01-25,,,,63.79999923706055,19.403900146484375,48981200
2002-01-28,,,,63.81999969482422,19.40999984741211,41622000
2002-01-29,,,,62.31999969482422,18.953800201416016,58666000
2002-01-30,,,,62.849998474121094,19.114999771118164,66100000
2002-01-31,,,,63.709999084472656,19.37660026550293,69566200
2002-02-01,,,,62.65999984741211,19.057199478149414,63462200
2002-02-04,,,,61.119998931884766,18.588899612426758,70308400
2002-02-05,,,,61.150001525878906,18.597999572753906,66772600
2002-02-06,,,,60.400001525878906,18.36989974975586,66103000
2002-02-07,,,,59.79999923706055,18.187400817871094,63314000
2002-02-08,,,,60.650001525878906,18.445899963378906,61283000
2002-02-11,,,,61.130001068115234,18.591899871826172,50899600
2002-02-12,,,,60.13999938964844,18.290800094604492,44973800
2002-02-13,,,,61.81999969482422,18.801799774169922,54168600
2002-02-14,,,,61.68000030517578,18.759199142456055,57267000
2002-02-15,,,,60.22999954223633,18.318199157714844,50179800
2002-02-19,,,,58.93000030517578,17.922800064086914,52262600
2002-02-20,,,,59.900001525878906,18.21780014038086,50492000
2002-02-21,,,,58.04999923706055,17.65519905090332,59398400
2002-02-22,,,,57.9900016784668,17.636899948120117,71347800
2002-02-25,,,,59.08000183105469,17.968399047851562,51832200
2002-02-26,,,,58.54999923706055,17.807199478149414,63276200
2002-02-27,,,,58.38999938964844,17.75860023498535,65750000
2002-02-28,,,,58.34000015258789,17.74340057373047,68068000
2002-03-01,,,,61.369998931884766,18.664899826049805,62115600
2002-03-04,,,,63.29999923706055,19.25189971923828,74464200
2002-03-05,,,,63.08000183105469,19.184999465942383,55926400
2002-03-06,,,,63.630001068115234,19.35219955444336,49835400
2002-03-07,,,,62.720001220703125,19.07550048828125,58079200
2002-03-08,,,,63.95000076293945,19.449600219726562,57701800
2002-03-11,,,,64.33999633789062,19.568199157714844,43718200
2002-03-12,,,,62.540000915527344,19.020700454711914,66407200
2002-03-13,,,,62.099998474121094,18.886899948120117,44387400
2002-03-14,,,,61.220001220703125,18.619300842285156,51819600
2002-03-15,,,,62.4900016784668,19.00550079345703,69086800
2002-03-18,,,,62.13999938964844,18.899099349975586,52296800
2002-03-19,,,,62.22999954223633,18.92650032043457,36376400
2002-03-20,,,,60.099998474121094,18.278600692749023,55235200
2002-03-21,,,,61.36000061035156,18.66189956665039,46123400
2002-03-22,,,,60.45000076293945,18.385099411010742,41341400
2002-03-25,,,,59.22999954223633,18.013999938964844,47752400
2002-03-26,,,,59.08000183105469,17.968399047851562,69357200
2002-03-27,,,,59.439998626708984,18.077899932861328,47318400
2002-03-28,,,,60.310001373291016,18.342500686645508,43901200
2002-04-01,,,,60.380001068115234,18.363800048828125,47010000
2002-04-02,,,,57.279998779296875,17.42099952697754,76509400
2002-04-03,,,,56.33000183105469,17.131999969482422,76931400
2002-04-04,,,,56.45000076293945,17.168500900268555,61763800
2002-04-05,,,,55.869998931884766,16.99209976196289,50166000
2002-04-08,,,,57.220001220703125,17.402700424194336,73389600
2002-04-09,,,,54.869998931884766,16.687999725341797,63413000
2002-04-10,,,,56.29999923706055,17.122900009155273,75636400
2002-04-11,,,,54.790000915527344,16.663700103759766,58165800
2002-04-12,,,,55.93000030517578,17.010400772094727,52297600
2002-04-15,,,,55.689998626708984,16.937400817871094,47388800
2002-04-16,,,,57.810001373291016,17.582199096679688,51921600
2002-04-17,,,,56.630001068115234,17.22330093383789,55158600
2002-04-18,,,,56.369998931884766,17.14419937133789,74794800
2002-04-19,,,,57.20000076293945,17.3966007232666,104268600
2002-04-22,,,,55.59000015258789,16.906999588012695,51465200
2002-04-23,,,,53.9900016784668,16.420400619506836,68281400
2002-04-24,,,,53.02000045776367,16.12540054321289,61220400
2002-04-25,,,,53.72999954223633,16.341299057006836,57290400
2002-04-26,,,,51.5,15.663100242614746,62776600
2002-04-29,,,,52.2400016784668,15.888099670410156,70246000
2002-04-30,,,,52.2599983215332,15.894200325012207,77384000
2002-05-01,,,,52.75,16.04319953918457,76413000
2002-05-02,,,,51.209999084472656,15.574899673461914,79009200
2002-05-03,,,,49.560001373291016,15.072999954223633,71628000
2002-05-06,,,,48.619998931884766,14.787099838256836,66299400
2002-05-07,,,,49.470001220703125,15.045700073242188,88385400
2002-05-08,,,,54.970001220703125,16.718399047851562,101242000
2002-05-09,,,,52.119998931884766,15.85159969329834,83288200
2002-05-10,,,,50.04999923706055,15.222100257873535,64408800
2002-05-13,,,,52.689998626708984,16.024999618530273,64819000
2002-05-14,,,,54.880001068115234,16.69099998474121,64832400
2002-05-15,,,,54.75,16.651500701904297,70412000
2002-05-16,,,,55.7400016784668,16.952600479125977,53406400
2002-05-17,,,,56.029998779296875,17.040800094604492,54646200
2002-05-20,,,,54.0099983215332,16.42639923095703,52115800
2002-05-21,,,,52.189998626708984,15.872900009155273,63120000
2002-05-22,,,,53.689998626708984,16.329099655151367,54169400
2002-05-23,,,,54.81999969482422,16.672800064086914,51412800
2002-05-24,,,,53.2599983215332,16.198299407958984,35982000
2002-05-28,,,,52.31999969482422,15.912500381469727,49602000
2002-05-29,,,,52.04999923706055,15.830300331115723,45393200
2002-05-30,,,,52.63999938964844,16.00979995727539,63213000
2002-05-31,,,,50.90999984741211,15.483599662780762,66468000
2002-06-03,,,,49.41999816894531,15.030500411987305,88439000
2002-06-04,,,,49.97999954223633,15.200799942016602,88008400
2002-06-05,,,,51.65999984741211,15.711700439453125,66969400
2002-06-06,,,,51.900001525878906,15.784700393676758,78703400
2002-06-07,,,,51.97999954223633,15.809000015258789,97834400
2002-06-10,,,,52.81999969482422,16.06450080871582,71825400
2002-06-11,,,,52.56999969482422,15.988499641418457,74368200
2002-06-12,,,,55.540000915527344,16.891799926757812,136198600
2002-06-13,,,,54.220001220703125,16.490299224853516,79771600
2002-06-14,,,,55.25,16.803600311279297,109433600
2002-06-17,,,,55.68000030517578,16.93440055847168,94486600
2002-06-18,,,,55.9900016784668,17.028600692749023,77518400
2002-06-19,,,,54.36000061035156,16.532899856567383,81247000
2002-06-20,,,,54.099998474121094,16.453800201416016,86401200
2002-06-21,,,,52.279998779296875,15.900300025939941,116820000
2002-06-24,,,,54.15999984741211,16.47209930419922,104523200
2002-06-25,,,,52.95000076293945,16.10409927368164,84025200
2002-06-26,,,,54.130001068115234,16.462900161743164,112131400
2002-06-27,,,,54.91999816894531,16.70319938659668,95812400
2002-06-28,,,,54.70000076293945,16.63629913330078,89555600
2002-07-01,,,,52.65999984741211,16.015899658203125,66473800
2002-07-02,,,,51.439998626708984,15.644800186157227,82814200
2002-07-03,,,,51.84000015258789,15.766500473022461,80936600
2002-07-05,,,,54.849998474121094,16.681900024414062,35673600
2002-07-08,,,,52.91999816894531,16.094900131225586,63199400
2002-07-09,,,,53.209999084472656,16.1830997467041,85277200
2002-07-10,,,,52.2400016784668,15.888099670410156,90673400
2002-07-11,,,,52.90999984741211,16.091899871826172,129550600
2002-07-12,,,,51.86000061035156,15.772600173950195,95733800
2002-07-15,,,,51.79999923706055,15.754300117492676,136965600
2002-07-16,,,,51.25,15.586999893188477,97154600
2002-07-17,,,,52.0,15.815099716186523,98034800
2002-07-18,,,,51.11000061035156,15.544400215148926,91053600
2002-07-19,,,,49.560001373291016,15.072999954223633,112543400
2002-07-22,,,,47.5099983215332,14.449600219726562,180069800
2002-07-23,,,,43.0099983215332,13.080900192260742,168061600
2002-07-24,,,,46.22999954223633,14.06029987335205,202307800
2002-07-25,,,,42.83000183105469,13.026200294494629,163411400
2002-07-26,,,,45.349998474121094,13.79259967803955,123538000
2002-07-29,,,,48.25,14.674599647521973,112148600
2002-07-30,,,,48.099998474121094,14.628999710083008,122690600
2002-07-31,,,,47.97999954223633,14.592499732971191,93875600
2002-08-01,,,,45.75,13.914299964904785,92002800
2002-08-02,,,,44.40999984741211,13.506699562072754,85947600
2002-08-05,,,,43.9900016784668,13.378999710083008,78941600
2002-08-06,,,,45.66999816894531,13.889900207519531,88715800
2002-08-07,,,,47.09000015258789,14.321800231933594,86349400
2002-08-08,,,,48.90999984741211,14.875300407409668,88748000
2002-08-09,,,,48.119998931884766,14.635100364685059,69049400
2002-08-12,,,,48.470001220703125,14.741499900817871,56866600
2002-08-13,,,,47.060001373291016,14.312700271606445,100122800
2002-08-14,,,,49.709999084472656,15.11870002746582,96706000
2002-08-15,,,,49.77000045776367,15.136899948120117,98745600
2002-08-16,,,,50.0,15.206899642944336,69334000
2002-08-19,,,,52.0,15.815099716186523,79848200
2002-08-20,,,,51.040000915527344,15.523200035095215,70317600
2002-08-21,,,,52.279998779296875,15.900300025939941,81203400
2002-08-22,,,,53.22999954223633,16.189199447631836,72517600
2002-08-23,,,,52.220001220703125,15.881999969482422,57929200
2002-08-26,,,,52.099998474121094,15.845499992370605,55652400
2002-08-27,,,,50.84000015258789,15.462300300598145,65470200
2002-08-28,,,,49.380001068115234,15.01830005645752,68875000
2002-08-29,,,,50.58000183105469,15.383299827575684,94275600
2002-08-30,,,,49.08000183105469,14.92710018157959,58138400
2002-09-03,,,,47.02000045776367,14.30049991607666,74452600
2002-09-04,,,,48.209999084472656,14.662500381469727,80232000
2002-09-05,,,,45.90999984741211,13.962900161743164,90438800
2002-09-06,,,,47.81999969482422,14.543800354003906,69918400
2002-09-09,,,,48.70000076293945,14.81149959564209,81653200
2002-09-10,,,,49.790000915527344,15.142999649047852,83950000
2002-09-11,,,,48.58000183105469,14.774999618530273,77443200
2002-09-12,,,,47.150001525878906,14.340100288391113,63726800
2002-09-13,,,,47.90999984741211,14.571200370788574,59549200
2002-09-16,,,,47.779998779296875,14.531700134277344,50166200
2002-09-17,,,,47.290000915527344,14.382599830627441,73343400
2002-09-18,,,,47.75,14.522500038146973,83951800
2002-09-19,,,,47.20000076293945,14.355299949645996,77777600
2002-09-20,,,,47.459999084472656,14.434300422668457,130619200
2002-09-23,,,,45.22999954223633,13.756099700927734,89783800
2002-09-24,,,,45.63999938964844,13.880800247192383,104142200
2002-09-25,,,,46.5099983215332,14.145400047302246,107116600
2002-09-26,,,,46.20000076293945,14.05109977722168,100852200
2002-09-27,,,,45.25,13.762200355529785,81011600
2002-09-30,,,,43.7400016784668,13.303000450134277,115577000
2002-10-01,,,,46.22999954223633,14.06029987335205,110636600
2002-10-02,,,,45.61000061035156,13.871700286865234,103488600
2002-10-03,,,,44.79999923706055,13.625300407409668,105221400
2002-10-04,,,,43.77000045776367,13.312100410461426,107120400
2002-10-07,,,,44.04999923706055,13.397199630737305,89790000
2002-10-08,,,,44.9900016784668,13.683099746704102,115667600
2002-10-09,,,,43.9900016784668,13.378999710083008,123142600
2002-10-10,,,,46.380001068115234,14.105899810791016,118515000
2002-10-11,,,,48.869998931884766,14.863200187683105,108828800
2002-10-14,,,,49.290000915527344,14.990900039672852,76216200
2002-10-15,,,,52.290000915527344,15.903300285339355,133374200
2002-10-16,,,,50.40999984741211,15.331600189208984,95437400
2002-10-17,,,,50.77000045776367,15.440999984741211,182602400
2002-10-18,,,,53.150001525878906,16.164899826049805,152817200
2002-10-21,,,,52.5099983215332,15.970199584960938,112378600
2002-10-22,,,,51.66999816894531,15.714799880981445,87159000
2002-10-23,,,,53.20000076293945,16.180099487304688,110866600
2002-10-24,,,,51.22999954223633,15.580900192260742,95833400
2002-10-25,,,,52.68000030517578,16.021900177001953,75425800
2002-10-28,,,,51.95000076293945,15.79990005493164,79906600
2002-10-29,,,,52.06999969482422,15.836400032043457,90517200
2002-10-30,,,,53.11000061035156,16.152700424194336,94451200
2002-10-31,,,,53.470001220703125,16.26219940185547,105973800
2002-11-01,,,,53.0,16.119300842285156,105097800
2002-11-04,,,,56.099998474121094,17.06209945678711,139964200
2002-11-05,,,,56.68000030517578,17.238500595092773,76658200
2002-11-06,,,,57.029998779296875,17.344900131225586,115407000
2002-11-07,,,,56.0099983215332,17.034700393676758,73699600
2002-11-08,,,,55.099998474121094,16.757999420166016,64522200
2002-11-11,,,,53.86000061035156,16.380800247192383,58341200
2002-11-12,,,,54.5099983215332,16.578500747680664,81398600
2002-11-13,,,,55.36000061035156,16.836999893188477,107370200
2002-11-14,,,,56.9900016784668,17.332799911499023,78337000
2002-11-15,,,,56.689998626708984,17.241500854492188,77533600
2002-11-18,,,,55.849998474121094,16.986099243164062,58086400
2002-11-19,,,,54.86000061035156,16.684999465942383,76403400
2002-11-20,,,,56.619998931884766,17.220199584960938,76435400
2002-11-21,,,,57.84000015258789,17.591299057006836,82922200
2002-11-22,,,,58.220001220703125,17.706899642944336,70002000
2002-11-25,,,,58.22999954223633,17.70989990234375,61583000
2002-11-26,,,,56.900001525878906,17.305400848388672,68650400
2002-11-27,,,,58.08000183105469,17.6643009185791,55191800
2002-11-29,,,,57.68000030517578,17.542600631713867,28393000
2002-12-02,,,,57.689998626708984,17.545700073242188,63735000
2002-12-03,,,,56.709999084472656,17.247600555419922,58457400
2002-12-04,,,,56.540000915527344,17.195899963378906,83892000
2002-12-05,,,,55.34000015258789,16.830900192260742,68435800
2002-12-06,,,,55.470001220703125,16.870500564575195,71670200
2002-12-09,,,,53.529998779296875,16.280500411987305,63862800
2002-12-10,,,,54.0099983215332,16.42639923095703,63730200
2002-12-11,,,,54.65999984741211,16.624099731445312,69186200
2002-12-12,,,,54.16999816894531,16.475099563598633,55242000
2002-12-13,,,,52.5,15.96720027923584,65245400
2002-12-16,,,,54.47999954223633,16.569400787353516,60140400
2002-12-17,,,,54.36000061035156,16.532899856567383,49549800
2002-12-18,,,,53.529998779296875,16.280500411987305,62709400
2002-12-19,,,,53.11000061035156,16.152700424194336,82686600
2002-12-20,,,,53.040000915527344,16.131399154663086,98294600
2002-12-23,,,,54.0,16.42340087890625,48798400
2002-12-24,,,,53.81999969482422,16.36870002746582,18386000
2002-12-26,,,,53.38999938964844,16.237899780273438,37228000
2002-12-27,,,,52.970001220703125,16.11009979248047,40891600
2002-12-30,,,,52.75,16.04319953918457,48019600
2002-12-31,,,,51.70000076293945,15.723899841308594,58208800
2003-01-02,,,,53.720001220703125,16.338199615478516,67025200
2003-01-03,,,,53.790000915527344,16.359500885009766,55546800
2003-01-06,,,,54.77000045776367,16.65760040283203,59456200
2003-01-07,,,,55.79999923706055,16.97089958190918,80517400
2003-01-08,,,,54.2400016784668,16.496400833129883,64566000
2003-01-09,,,,55.810001373291016,16.973899841308594,61808000
2003-01-10,,,,55.91999816894531,17.007299423217773,67730200
2003-01-13,,,,56.38999938964844,17.150299072265625,60817800
2003-01-14,,,,56.970001220703125,17.32670021057129,54206400
2003-01-15,,,,56.27000045776367,17.113800048828125,59622600
2003-01-16,,,,55.349998474121094,16.833999633789062,81371000
2003-01-17,,,,51.459999084472656,15.650899887084961,155876000
2003-01-21,,,,51.33000183105469,15.61139965057373,86159200
2003-01-22,,,,51.0,15.51099967956543,86948000
2003-01-23,,,,52.279998779296875,15.900300025939941,71374800
2003-01-24,,,,49.849998474121094,15.161199569702148,103027000
2003-01-27,,,,49.16999816894531,14.954400062561035,114838600
2003-01-28,,,,48.81999969482422,14.847999572753906,86151200
2003-01-29,,,,49.90999984741211,15.179499626159668,106884000
2003-01-30,,,,48.2400016784668,14.671600341796875,87877400
2003-01-31,,,,47.459999084472656,14.434300422668457,106858400
2003-02-03,,,,48.560001373291016,14.768899917602539,80129800
2003-02-04,,,,47.31999969482422,14.391799926757812,81854800
2003-02-05,,,,46.959999084472656,14.282299995422363,101072000
2003-02-06,,,,47.41999816894531,14.422200202941895,83312000
2003-02-07,,,,46.58000183105469,14.16670036315918,75208000
2003-02-10,,,,47.380001068115234,14.40999984741211,74081400
2003-02-11,,,,46.439998626708984,14.124099731445312,84292000
2003-02-12,,,,46.439998626708984,14.124099731445312,71315200
2003-02-13,,,,46.9900016784668,14.291399955749512,73558200
2003-02-14,,,,48.29999923706055,14.689800262451172,90446400
2003-02-18,,,,24.959999084472656,15.182499885559082,57415500
2003-02-19,,,,24.530000686645508,14.968899726867676,46902700
2003-02-20,,,,24.139999389648438,14.730999946594238,50897200
2003-02-21,,,,24.6299991607666,15.029999732971191,56853200
2003-02-24,,,,24.06999969482422,14.688199996948242,62403700
2003-02-25,,,,24.190000534057617,14.761500358581543,68113000
2003-02-26,,,,23.610000610351562,14.407500267028809,57096000
2003-02-27,,,,23.579999923706055,14.389200210571289,75434300
2003-02-28,,,,23.700000762939453,14.462499618530273,56585400
2003-03-03,,,,23.540000915527344,14.364800453186035,50653500
2003-03-04,,,,23.06999969482422,14.07800006866455,56605700
2003-03-05,,,,23.440000534057617,14.303799629211426,55415900
2003-03-06,,,,23.270000457763672,14.20009994506836,54607600
2003-03-07,,,,23.559999465942383,14.376999855041504,66167600
2003-03-10,,,,22.950000762939453,14.004799842834473,48413600
2003-03-11,,,,22.799999237060547,13.913200378417969,53990700
2003-03-12,,,,23.389999389648438,14.273300170898438,72379500
2003-03-13,,,,24.670000076293945,15.054400444030762,80701300
2003-03-14,,,,24.860000610351562,15.170299530029297,75451400
2003-03-17,,,,25.93000030517578,15.8233003616333,100983800
2003-03-18,,,,26.040000915527344,15.890399932861328,78108800
2003-03-19,,,,26.31999969482422,16.06130027770996,73652100
2003-03-20,,,,26.25,16.01849937438965,71798500
2003-03-21,,,,26.56999969482422,16.21380043029785,85586800
2003-03-24,,,,25.290000915527344,15.432700157165527,61105200
2003-03-25,,,,25.489999771118164,15.554800033569336,63595100
2003-03-26,,,,25.25,15.408300399780273,51673600
2003-03-27,,,,25.040000915527344,15.280200004577637,60043300
2003-03-28,,,,24.670000076293945,15.054400444030762,39584600
2003-03-31,,,,24.209999084472656,14.773699760437012,71384000
2003-04-01,,,,24.350000381469727,14.859100341796875,49803200
2003-04-02,,,,25.719999313354492,15.695099830627441,68282500
2003-04-03,,,,25.729999542236328,15.701199531555176,57394300
2003-04-04,,,,25.09000015258789,15.310700416564941,55740600
2003-04-07,,,,25.170000076293945,15.35949993133545,65627100
2003-04-08,,,,25.579999923706055,15.609700202941895,54132100
2003-04-09,,,,24.56999969482422,14.993399620056152,76875800
2003-04-10,,,,24.59000015258789,15.005599975585938,51608900
2003-04-11,,,,24.200000762939453,14.767600059509277,71565500
2003-04-14,,,,24.760000228881836,15.109299659729004,51599600
2003-04-15,,,,24.600000381469727,15.011699676513672,63399000
2003-04-16,,,,24.920000076293945,15.206899642944336,86178700
2003-04-17,,,,25.5,15.56089973449707,58356600
2003-04-21,,,,25.209999084472656,15.383899688720703,41557800
2003-04-22,,,,25.760000228881836,15.719499588012695,58844000
2003-04-23,,,,25.719999313354492,15.695099830627441,55559300
2003-04-24,,,,25.489999771118164,15.554800033569336,51703600
2003-04-25,,,,25.219999313354492,15.390000343322754,53657400
2003-04-28,,,,25.739999771118164,15.707300186157227,56287600
2003-04-29,,,,25.799999237060547,15.743900299072266,65877300
2003-04-30,,,,25.56999969482422,15.603599548339844,55566800
2003-05-01,,,,25.719999313354492,15.695099830627441,42085800
2003-05-02,,,,26.100000381469727,15.927000045776367,52695400
2003-05-05,,,,25.860000610351562,15.780599594116211,50391500
2003-05-06,,,,26.3700008392334,16.091800689697266,54299500
2003-05-07,,,,25.989999771118164,15.85990047454834,49120000
2003-05-08,,,,25.739999771118164,15.707300186157227,46401400
2003-05-09,,,,26.360000610351562,16.0856990814209,58913600
2003-05-12,,,,26.200000762939453,15.98799991607666,53900800
2003-05-13,,,,25.989999771118164,15.85990047454834,44501900
2003-05-14,,,,25.6200008392334,15.634099960327148,45021000
2003-05-15,,,,25.790000915527344,15.737799644470215,45450200
2003-05-16,,,,25.56999969482422,15.603599548339844,60620900
2003-05-19,,,,24.760000228881836,15.109299659729004,55336300
2003-05-20,,,,24.6299991607666,15.029999732971191,52677600
2003-05-21,,,,24.030000686645508,14.663800239562988,108960900
2003-05-22,,,,24.15999984741211,14.743200302124023,93157100
2003-05-23,,,,24.219999313354492,14.779800415039062,76968000
2003-05-27,,,,24.790000915527344,15.127599716186523,68486800
2003-05-28,,,,24.40999984741211,14.895700454711914,91467000
2003-05-29,,,,24.399999618530273,14.889599800109863,75451300
2003-05-30,,,,24.610000610351562,15.017800331115723,85096700
2003-06-02,,,,24.639999389648438,15.036100387573242,66310800
2003-06-03,,,,24.8799991607666,15.182499885559082,61058200
2003-06-04,,,,24.8700008392334,15.176400184631348,83484600
2003-06-05,,,,24.09000015258789,14.700400352478027,115877900
2003-06-06,,,,23.670000076293945,14.444100379943848,119629400
2003-06-09,,,,23.75,14.493000030517578,73610000
2003-06-10,,,,24.68000030517578,15.060500144958496,80655300
2003-06-11,,,,24.8799991607666,15.182499885559082,75768600
2003-06-12,,,,24.989999771118164,15.249699592590332,66177700
2003-06-13,,,,24.649999618530273,15.042200088500977,55157500
2003-06-16,,,,25.389999389648438,15.49370002746582,69658600
2003-06-17,,,,25.959999084472656,15.84160041809082,122213900
2003-06-18,,,,26.06999969482422,15.908699989318848,89957700
2003-06-19,,,,26.06999969482422,15.908699989318848,63626900
2003-06-20,,,,26.329999923706055,16.067399978637695,86048900
2003-06-23,,,,25.780000686645508,15.73169994354248,52584500
2003-06-24,,,,25.700000762939453,15.682900428771973,51820300
2003-06-25,,,,25.260000228881836,15.414400100708008,60483500
2003-06-26,,,,25.75,15.713399887084961,51758100
2003-06-27,,,,25.6299991607666,15.640199661254883,76040300
2003-06-30,,,,25.639999389648438,15.646300315856934,48073100
2003-07-01,,,,26.149999618530273,15.957500457763672,60926000
2003-07-02,,,,26.8799991607666,16.402999877929688,94069300
2003-07-03,,,,26.5,16.171100616455078,39440900
2003-07-07,,,,27.420000076293945,16.732500076293945,88960800
2003-07-08,,,,27.700000762939453,16.903400421142578,61896800
2003-07-09,,,,27.469999313354492,16.76300048828125,62300700
2003-07-10,,,,26.90999984741211,16.421300888061523,55350800
2003-07-11,,,,27.309999465942383,16.6653995513916,50377300
2003-07-14,,,,27.399999618530273,16.720300674438477,60464400
2003-07-15,,,,27.270000457763672,16.641000747680664,53567600
2003-07-16,,,,27.520000457763672,16.793500900268555,49838900
2003-07-17,,,,26.690000534057617,16.28700065612793,72805000
2003-07-18,,,,26.889999389648438,16.409099578857422,63388400
2003-07-21,,,,26.040000915527344,15.890399932861328,48480800
2003-07-22,,,,26.3799991607666,16.097900390625,51791000
2003-07-23,,,,26.450000762939453,16.140600204467773,49828200
2003-07-24,,,,26.0,15.866000175476074,53556600
2003-07-25,,,,26.889999389648438,16.409099578857422,54173000
2003-07-28,,,,26.610000610351562,16.23819923400879,52658300
2003-07-29,,,,26.469999313354492,16.152799606323242,62391100
2003-07-30,,,,26.229999542236328,16.00629997253418,41240300
2003-07-31,,,,26.40999984741211,16.116199493408203,64504800
2003-08-01,,,,26.170000076293945,15.96969985961914,42649700
2003-08-04,,,,26.18000030517578,15.975799560546875,51825600
2003-08-05,,,,25.65999984741211,15.658499717712402,58825800
2003-08-06,,,,25.649999618530273,15.652400016784668,56294900
2003-08-07,,,,25.709999084472656,15.689000129699707,44258500
2003-08-08,,,,25.579999923706055,15.609700202941895,33241400
2003-08-11,,,,25.610000610351562,15.628000259399414,36433900
2003-08-12,,,,25.729999542236328,15.701199531555176,38208400
2003-08-13,,,,25.600000381469727,15.621899604797363,39636900
2003-08-14,,,,25.6299991607666,15.640199661254883,37338300
2003-08-15,,,,25.540000915527344,15.58530044555664,27607900
2003-08-18,,,,25.700000762939453,15.682900428771973,45817400
2003-08-19,,,,26.6200008392334,16.244300842285156,72952900
2003-08-20,,,,26.450000762939453,16.140600204467773,56739300
2003-08-21,,,,26.239999771118164,16.012399673461914,63802700
2003-08-22,,,,26.219999313354492,16.000200271606445,65846300
2003-08-25,,,,26.5,16.171100616455078,36132900
2003-08-26,,,,26.56999969482422,16.21380043029785,47546000
2003-08-27,,,,26.420000076293945,16.122299194335938,30633900
2003-08-28,,,,26.510000228881836,16.177200317382812,46211200
2003-08-29,,,,26.520000457763672,16.183300018310547,34503000
2003-09-02,,,,27.260000228881836,16.634899139404297,74168900
2003-09-03,,,,28.299999237060547,17.269500732421875,109437800
2003-09-04,,,,28.43000030517578,17.348800659179688,59840800
2003-09-05,,,,28.3799991607666,17.318300247192383,64024500
2003-09-08,,,,28.84000015258789,17.599000930786133,46105300
2003-09-09,,,,28.3700008392334,17.31220054626465,44315200
2003-09-10,,,,27.549999237060547,16.811800003051758,54763500
2003-09-11,,,,27.84000015258789,16.988800048828125,37813300
2003-09-12,,,,28.34000015258789,17.293899536132812,55777200
2003-09-15,,,,28.360000610351562,17.306100845336914,41432300
2003-09-16,,,,28.899999618530273,17.635700225830078,52060600
2003-09-17,,,,28.5,17.391599655151367,47221600
2003-09-18,,,,29.5,18.001800537109375,67268100
2003-09-19,,,,29.959999084472656,18.282499313354492,92433800
2003-09-22,,,,29.06999969482422,17.73940086364746,65678700
2003-09-23,,,,29.600000381469727,18.06279945373535,57827800
2003-09-24,,,,28.459999084472656,17.36709976196289,66336500
2003-09-25,,,,28.239999771118164,17.232900619506836,56224500
2003-09-26,,,,28.190000534057617,17.20240020751953,49864700
2003-09-29,,,,28.829999923706055,17.592899322509766,47380300
2003-09-30,,,,27.799999237060547,16.964399337768555,63333700
2003-10-01,,,,28.520000457763672,17.403799057006836,58375900
2003-10-02,,,,28.5,17.391599655151367,38143600
2003-10-03,,,,29.079999923706055,17.745500564575195,57303000
2003-10-06,,,,29.190000534057617,17.812599182128906,34047600
2003-10-07,,,,29.139999389648438,17.782100677490234,52356800
2003-10-08,,,,28.81999969482422,17.58679962158203,46989100
2003-10-09,,,,28.940000534057617,17.66010093688965,62653300
2003-10-10,,,,28.90999984741211,17.641799926757812,37604700
2003-10-13,,,,28.780000686645508,17.562400817871094,39320300
2003-10-14,,,,28.68000030517578,17.501399993896484,34851300
2003-10-15,,,,29.06999969482422,17.838899612426758,57242100
2003-10-16,,,,29.229999542236328,17.93709945678711,42232500
2003-10-17,,,,28.93000030517578,17.753000259399414,49960000
2003-10-20,,,,29.350000381469727,18.010700225830078,38794500
2003-10-21,,,,29.350000381469727,18.010700225830078,44166800
2003-10-22,,,,28.889999389648438,17.728500366210938,48798500
2003-10-23,,,,28.90999984741211,17.740699768066406,67357900
2003-10-24,,,,26.610000610351562,16.329299926757812,210558300
2003-10-27,,,,26.90999984741211,16.513399124145508,65619100
2003-10-28,,,,27.200000762939453,16.6914005279541,71752600
2003-10-29,,,,26.739999771118164,16.409099578857422,73551500
2003-10-30,,,,26.1200008392334,16.028600692749023,98729400
2003-10-31,,,,26.139999389648438,16.0408992767334,69623700
2003-11-03,,,,26.68000030517578,16.372299194335938,57772300
2003-11-04,,,,26.06999969482422,15.997900009155273,84026100
2003-11-05,,,,26.100000381469727,16.016399383544922,61514400
2003-11-06,,,,26.229999542236328,16.096099853515625,68189800
2003-11-07,,,,26.100000381469727,16.016399383544922,57822100
2003-11-10,,,,26.0,15.954999923706055,54579100
2003-11-11,,,,25.799999237060547,15.832300186157227,64990700
2003-11-12,,,,25.979999542236328,15.942700386047363,75877300
2003-11-13,,,,25.690000534057617,15.764800071716309,78949500
2003-11-14,,,,25.5,15.648200035095215,83146400
2003-11-17,,,,25.149999618530273,15.43340015411377,103900200
2003-11-18,,,,25.149999618530273,15.43340015411377,106868300
2003-11-19,,,,25.350000381469727,15.556099891662598,78853300
2003-11-20,,,,25.100000381469727,15.402700424194336,106845700
2003-11-21,,,,25.110000610351562,15.40880012512207,70712900
2003-11-24,,,,25.729999542236328,15.789299964904785,99463800
2003-11-25,,,,25.399999618530273,15.586799621582031,85663800
2003-11-26,,,,25.450000762939453,15.617500305175781,69758400
2003-11-28,,,,25.709999084472656,15.777000427246094,33402600
2003-12-01,,,,25.84000015258789,15.856800079345703,101914600
2003-12-02,,,,25.65999984741211,15.746399879455566,85121700
2003-12-03,,,,25.670000076293945,15.7524995803833,93121600
2003-12-04,,,,26.200000762939453,16.077699661254883,87202400
2003-12-05,,,,25.979999542236328,15.942700386047363,96610900
2003-12-08,,,,26.239999771118164,16.1023006439209,90504000
2003-12-09,,,,26.3799991607666,16.188199996948242,103547100
2003-12-10,,,,26.59000015258789,16.316999435424805,82853700
2003-12-11,,,,26.610000610351562,16.329299926757812,79309000
2003-12-12,,,,26.649999618530273,16.353900909423828,69154100
2003-12-15,,,,26.739999771118164,16.409099578857422,88860600
2003-12-16,,,,27.059999465942383,16.605499267578125,73978000
2003-12-17,,,,27.040000915527344,16.59320068359375,53712300
2003-12-18,,,,27.399999618530273,16.81410026550293,61177800
2003-12-19,,,,27.360000610351562,16.789600372314453,76856400
2003-12-22,,,,27.18000030517578,16.679100036621094,43894800
2003-12-23,,,,27.149999618530273,16.66069984436035,39609000
2003-12-24,,,,27.040000915527344,16.59320068359375,19924200
2003-12-26,,,,27.209999084472656,16.697500228881836,12076900
2003-12-29,,,,27.459999084472656,16.850900650024414,40426700
2003-12-30,,,,27.520000457763672,16.887699127197266,34406600
2003-12-31,,,,27.3700008392334,16.795700073242188,42198900
2004-01-02,,,,27.450000762939453,16.84480094909668,44487700
2004-01-05,,,,28.139999389648438,17.268199920654297,67333700
2004-01-06,,,,28.239999771118164,17.329599380493164,46950800
2004-01-07,,,,28.209999084472656,17.311199188232422,54298200
2004-01-08,,,,28.15999984741211,17.280500411987305,58810800
2004-01-09,,,,27.65999984741211,16.97369956970215,67079900
2004-01-12,,,,27.56999969482422,16.918399810791016,55845200
2004-01-13,,,,27.43000030517578,16.832500457763672,51555900
2004-01-14,,,,27.700000762939453,16.998199462890625,43907000
2004-01-15,,,,27.540000915527344,16.899999618530273,58504100
2004-01-16,,,,27.809999465942383,17.06570053100586,63983400
2004-01-20,,,,28.100000381469727,17.24370002746582,63068500
2004-01-21,,,,28.299999237060547,17.36639976501465,53570600
2004-01-22,,,,28.010000228881836,17.188400268554688,78425200
2004-01-23,,,,28.479999542236328,17.476900100708008,127259100
2004-01-26,,,,28.799999237060547,17.673200607299805,58299600
2004-01-27,,,,28.25,17.3356990814209,63196200
2004-01-28,,,,27.709999084472656,17.00429916381836,71336000
2004-01-29,,,,27.90999984741211,17.127099990844727,63748400
2004-01-30,,,,27.649999618530273,16.967500686645508,40528700
2004-02-02,,,,27.399999618530273,16.81410026550293,62891800
2004-02-03,,,,27.290000915527344,16.746599197387695,47993800
2004-02-04,,,,27.010000228881836,16.574800491333008,60648000
2004-02-05,,,,26.959999084472656,16.544099807739258,55527500
2004-02-06,,,,27.079999923706055,16.617700576782227,47209600
2004-02-09,,,,26.899999618530273,16.507299423217773,48108500
2004-02-10,,,,27.020000457763672,16.580900192260742,37790600
2004-02-11,,,,27.149999618530273,16.66069984436035,51515300
2004-02-12,,,,26.950000762939453,16.538000106811523,44537000
2004-02-13,,,,26.59000015258789,16.316999435424805,67541100
2004-02-17,,,,26.989999771118164,16.5625,43477000
2004-02-18,,,,26.770000457763672,16.427499771118164,50334700
2004-02-19,,,,26.459999084472656,16.237300872802734,61840600
2004-02-20,,,,26.56999969482422,16.304800033569336,57821900
2004-02-23,,,,26.610000610351562,16.329299926757812,50256800
2004-02-24,,,,26.8799991607666,16.4950008392334,55426500
2004-02-25,,,,26.700000762939453,16.384599685668945,64275700
2004-02-26,,,,26.5,16.26180076599121,66602700
2004-02-27,,,,26.530000686645508,16.28019905090332,58266500
2004-03-01,,,,26.700000762939453,16.384599685668945,51912300
2004-03-02,,,,26.389999389648438,16.194299697875977,66331000
2004-03-03,,,,26.3700008392334,16.18199920654297,54998700
2004-03-04,,,,26.3700008392334,16.18199920654297,44023200
2004-03-05,,,,26.350000381469727,16.1697998046875,59849800
2004-03-08,,,,25.829999923706055,15.850700378417969,69367800
2004-03-09,,,,25.719999313354492,15.78320026397705,81111700
2004-03-10,,,,25.3700008392334,15.568400382995605,75155800
2004-03-11,,,,25.09000015258789,15.396599769592285,90536300
2004-03-12,,,,25.3799991607666,15.57450008392334,64137100
2004-03-15,,,,25.15999984741211,15.439499855041504,68835300
2004-03-16,,,,25.18000030517578,15.451800346374512,65453800
2004-03-17,,,,25.1299991607666,15.421099662780762,56241400
2004-03-18,,,,24.889999389648438,15.273799896240234,123231000
2004-03-19,,,,24.6299991607666,15.114299774169922,86281600
2004-03-22,,,,24.5,15.034500122070312,127605200
2004-03-23,,,,24.149999618530273,14.819700241088867,91696300
2004-03-24,,,,24.40999984741211,14.979299545288086,97584700
2004-03-25,,,,25.190000534057617,15.457900047302246,85677900
2004-03-26,,,,25.030000686645508,15.359700202941895,61584900
2004-03-29,,,,25.309999465942383,15.531599998474121,51881600
2004-03-30,,,,25.200000762939453,15.464099884033203,59010400
2004-03-31,,,,24.93000030517578,15.298399925231934,70533200
2004-04-01,,,,25.079999923706055,15.390399932861328,69051900
2004-04-02,,,,25.850000381469727,15.862899780273438,98043800
2004-04-05,,,,25.950000762939453,15.924300193786621,53800300
2004-04-06,,,,25.799999237060547,15.832300186157227,48992000
2004-04-07,,,,25.59000015258789,15.703399658203125,63268900
2004-04-08,,,,25.479999542236328,15.635899543762207,45294600
2004-04-12,,,,25.610000610351562,15.715700149536133,38786800
2004-04-13,,,,25.450000762939453,15.617500305175781,56971500
2004-04-14,,,,25.510000228881836,15.65429973602295,61079600
2004-04-15,,,,25.219999313354492,15.476300239562988,73756900
2004-04-16,,,,25.15999984741211,15.439499855041504,51768600
2004-04-19,,,,25.530000686645508,15.666600227355957,44592100
2004-04-20,,,,25.329999923706055,15.543800354003906,59902600
2004-04-21,,,,25.450000762939453,15.617500305175781,49252000
2004-04-22,,,,25.950000762939453,15.924300193786621,99207700
2004-04-23,,,,27.540000915527344,16.899999618530273,258269000
2004-04-26,,,,27.239999771118164,16.715900421142578,89391000
2004-04-27,,,,27.219999313354492,16.703699111938477,80716800
2004-04-28,,,,26.559999465942383,16.298599243164062,72842200
2004-04-29,,,,26.479999542236328,16.249500274658203,77787300
2004-04-30,,,,26.1299991607666,16.034799575805664,66172200
2004-05-03,,,,26.350000381469727,16.1697998046875,65916200
2004-05-04,,,,26.329999923706055,16.157499313354492,55496400
2004-05-05,,,,26.299999237060547,16.13909912109375,51841700
2004-05-06,,,,26.1200008392334,16.028600692749023,62693900
2004-05-07,,,,25.780000686645508,15.819999694824219,68290200
2004-05-10,,,,25.93000030517578,15.911999702453613,64621400
2004-05-11,,,,25.940000534057617,15.91819953918457,57917200
2004-05-12,,,,25.940000534057617,15.91819953918457,64145600
2004-05-13,,,,26.100000381469727,16.016399383544922,63861500
2004-05-14,,,,25.860000610351562,15.869099617004395,43775300
2004-05-17,,,,25.540000915527344,15.672699928283691,55149600
2004-05-18,,,,25.829999923706055,15.850700378417969,58158600
2004-05-19,,,,25.6200008392334,15.721799850463867,60052800
2004-05-20,,,,25.729999542236328,15.789299964904785,52089900
2004-05-21,,,,25.889999389648438,15.887499809265137,57809300
2004-05-24,,,,25.760000228881836,15.807700157165527,56250500
2004-05-25,,,,26.100000381469727,16.016399383544922,66615000
2004-05-26,,,,26.139999389648438,16.0408992767334,50306900
2004-05-27,,,,26.190000534057617,16.07159996032715,49071900
2004-05-28,,,,26.229999542236328,16.096099853515625,37393000
2004-06-01,,,,26.110000610351562,16.022499084472656,48369500
2004-06-02,,,,26.1299991607666,16.034799575805664,54020000
2004-06-03,,,,25.889999389648438,15.887499809265137,45933100
2004-06-04,,,,25.950000762939453,15.924300193786621,48815300
2004-06-07,,,,26.43000030517578,16.218900680541992,65218600
2004-06-08,,,,26.600000381469727,16.323200225830078,58447700
2004-06-09,,,,26.469999313354492,16.24340057373047,50385500
2004-06-10,,,,26.770000457763672,16.427499771118164,48109200
2004-06-14,,,,26.899999618530273,16.507299423217773,67377500
2004-06-15,,,,27.40999984741211,16.820199966430664,114183400
2004-06-16,,,,27.31999969482422,16.764999389648438,67431100
2004-06-17,,,,27.770000457763672,17.041200637817383,105427500
2004-06-18,,,,28.350000381469727,17.3971004486084,134218700
2004-06-21,,,,28.350000381469727,17.3971004486084,116881700
2004-06-22,,,,28.290000915527344,17.360300064086914,98932000
2004-06-23,,,,28.299999237060547,17.36639976501465,58558400
2004-06-24,,,,28.389999389648438,17.421600341796875,65503800
2004-06-25,,,,28.56999969482422,17.532100677490234,71136500
2004-06-28,,,,28.280000686645508,17.35409927368164,77024100
2004-06-29,,,,28.5,17.489099502563477,55371700
2004-06-30,,,,28.559999465942383,17.52589988708496,83544400
2004-07-01,,,,28.6299991607666,17.568899154663086,78441400
2004-07-02,,,,28.56999969482422,17.532100677490234,36690100
2004-07-06,,,,28.020000457763672,17.194599151611328,69158900
2004-07-07,,,,28.100000381469727,17.24370002746582,66255700
2004-07-08,,,,27.639999389648438,16.96139907836914,59125100
2004-07-09,,,,27.860000610351562,17.096399307250977,50249300
2004-07-12,,,,27.889999389648438,17.11479949951172,45757300
2004-07-13,,,,27.600000381469727,16.936800003051758,43274100
2004-07-14,,,,28.1299991607666,17.262100219726562,87656300
2004-07-15,,,,27.8700008392334,17.102500915527344,46759700
2004-07-16,,,,27.479999542236328,16.86319923400879,66406300
2004-07-19,,,,27.950000762939453,17.151599884033203,60354500
2004-07-20,,,,28.31999969482422,17.378700256347656,89010700
2004-07-21,,,,28.860000610351562,17.709999084472656,201518000
2004-07-22,,,,29.0,17.79599952697754,124640700
2004-07-23,,,,28.030000686645508,17.200700759887695,97372700
2004-07-26,,,,28.65999984741211,17.587299346923828,72387600
2004-07-27,,,,28.440000534057617,17.452299118041992,72968400
2004-07-28,,,,28.579999923706055,17.53820037841797,62718800
2004-07-29,,,,28.479999542236328,17.476900100708008,60148400
2004-07-30,,,,28.489999771118164,17.482999801635742,59552900
2004-08-02,,,,28.520000457763672,17.501399993896484,52267000
2004-08-03,,,,28.06999969482422,17.225299835205078,53990900
2004-08-04,,,,28.059999465942383,17.219100952148438,46217900
2004-08-05,,,,27.530000686645508,16.89389991760254,55591700
2004-08-06,,,,27.139999389648438,16.654600143432617,75628000
2004-08-09,,,,27.18000030517578,16.679100036621094,51877500
2004-08-10,,,,27.719999313354492,17.010499954223633,57632700
2004-08-11,,,,27.40999984741211,16.820199966430664,53097300
2004-08-12,,,,26.8799991607666,16.4950008392334,50279700
2004-08-13,,,,27.020000457763672,16.580900192260742,43333200
2004-08-16,,,,27.09000015258789,16.623899459838867,54347200
2004-08-17,,,,27.049999237060547,16.599300384521484,56879700
2004-08-18,,,,27.459999084472656,16.850900650024414,58844000
2004-08-19,,,,27.1200008392334,16.64229965209961,46293000
2004-08-20,,,,27.200000762939453,16.6914005279541,46494800
2004-08-23,,,,27.239999771118164,16.765199661254883,39572200
2004-08-24,,,,27.239999771118164,16.765199661254883,40835300
2004-08-25,,,,27.549999237060547,16.95599937438965,53512700
2004-08-26,,,,27.440000534057617,16.8882999420166,35465500
2004-08-27,,,,27.459999084472656,16.90060043334961,33248700
2004-08-30,,,,27.299999237060547,16.802200317382812,36679600
2004-08-31,,,,27.299999237060547,16.802200317382812,52106700
2004-09-01,,,,27.389999389648438,16.85759925842285,48507500
2004-09-02,,,,27.6200008392334,16.999099731445312,42161700
2004-09-03,,,,27.110000610351562,16.685199737548828,46174400
2004-09-07,,,,27.360000610351562,16.839099884033203,44893400
2004-09-08,,,,27.260000228881836,16.77750015258789,53278100
2004-09-09,,,,27.280000686645508,16.789899826049805,56904700
2004-09-10,,,,27.489999771118164,16.919099807739258,52664500
2004-09-13,,,,27.25,16.771400451660156,48239200
2004-09-14,,,,27.440000534057617,16.8882999420166,55920000
2004-09-15,,,,27.190000534057617,16.734500885009766,52605700
2004-09-16,,,,27.260000228881836,16.77750015258789,35951500
2004-09-17,,,,27.510000228881836,16.931400299072266,65283000
2004-09-20,,,,27.510000228881836,16.931400299072266,51513600
2004-09-21,,,,27.260000228881836,16.77750015258789,73874400
2004-09-22,,,,27.1200008392334,16.6914005279541,68409000
2004-09-23,,,,27.350000381469727,16.83289909362793,52155800
2004-09-24,,,,27.290000915527344,16.79599952697754,49859800
2004-09-27,,,,27.190000534057617,16.734500885009766,47813600
2004-09-28,,,,27.270000457763672,16.783700942993164,62055100
2004-09-29,,,,27.579999923706055,16.97450065612793,61529300
2004-09-30,,,,27.649999618530273,17.01759910583496,71218000
2004-10-01,,,,28.25,17.386899948120117,66302800
2004-10-04,,,,28.1200008392334,17.306800842285156,62016200
2004-10-05,,,,28.3799991607666,17.466899871826172,58017700
2004-10-06,,,,28.530000686645508,17.559200286865234,56999600
2004-10-07,,,,28.170000076293945,17.337600708007812,38401500
2004-10-08,,,,27.989999771118164,17.2268009185791,49556600
2004-10-11,,,,28.059999465942383,17.269899368286133,44691000
2004-10-12,,,,28.030000686645508,17.251399993896484,56412900
2004-10-13,,,,28.030000686645508,17.251399993896484,49500700
2004-10-14,,,,27.799999237060547,17.109899520874023,41548700
2004-10-15,,,,27.989999771118164,17.2268009185791,49828500
2004-10-18,,,,28.40999984741211,17.485300064086914,50350700
2004-10-19,,,,28.18000030517578,17.343799591064453,57026500
2004-10-20,,,,28.700000762939453,17.663799285888672,69078100
2004-10-21,,,,28.559999465942383,17.577600479125977,94988500
2004-10-22,,,,27.739999771118164,17.072999954223633,101912800
2004-10-25,,,,27.6299991607666,17.005300521850586,61529500
2004-10-26,,,,27.899999618530273,17.17140007019043,76966600
2004-10-27,,,,28.149999618530273,17.325300216674805,72392600
2004-10-28,,,,28.010000228881836,17.239099502563477,63059600
2004-10-29,,,,27.969999313354492,17.214500427246094,80010100
2004-11-01,,,,28.079999923706055,17.28219985961914,72930900
2004-11-02,,,,28.239999771118164,17.380699157714844,89417100
2004-11-03,,,,28.469999313354492,17.522300720214844,79666700
2004-11-04,,,,29.0,17.848400115966797,87867700
2004-11-05,,,,29.309999465942383,18.039199829101562,95337700
2004-11-08,,,,29.280000686645508,18.02079963684082,112802100
2004-11-09,,,,29.770000457763672,18.322399139404297,100401000
2004-11-10,,,,29.729999542236328,18.297700881958008,84097700
2004-11-11,,,,29.979999542236328,18.45159912109375,87358900
2004-11-12,,,,29.969999313354492,18.44540023803711,162269000
2004-11-15,,,,27.389999389648438,18.788400650024414,104468000
2004-11-16,,,,27.1200008392334,18.603200912475586,64522600
2004-11-17,,,,27.170000076293945,18.637500762939453,58830700
2004-11-18,,,,27.06999969482422,18.568899154663086,63249900
2004-11-19,,,,26.860000610351562,18.42490005493164,85808600
2004-11-22,,,,26.649999618530273,18.280799865722656,92410800
2004-11-23,,,,26.530000686645508,18.19849967956543,70459700
2004-11-24,,,,26.639999389648438,18.27400016784668,60069200
2004-11-26,,,,26.600000381469727,18.24650001525879,24398700
2004-11-29,,,,26.770000457763672,18.363100051879883,67079900
2004-11-30,,,,26.809999465942383,18.390600204467773,75960400
2004-12-01,,,,27.25,18.692399978637695,99889000
2004-12-02,,,,27.09000015258789,18.582599639892578,96088300
2004-12-03,,,,27.229999542236328,18.678699493408203,76498400
2004-12-06,,,,27.329999923706055,18.747299194335938,55297400
2004-12-07,,,,27.06999969482422,18.568899154663086,111656000
2004-12-08,,,,27.360000610351562,18.767900466918945,95655000
2004-12-09,,,,27.229999542236328,18.678699493408203,83006000
2004-12-10,,,,27.079999923706055,18.5757999420166,70949200
2004-12-13,,,,27.25,18.692399978637695,93812500
2004-12-14,,,,27.229999542236328,18.678699493408203,127843200
2004-12-15,,,,27.110000610351562,18.596399307250977,106303900
2004-12-16,,,,27.15999984741211,18.630699157714844,88997500
2004-12-17,,,,26.959999084472656,18.493499755859375,126184400
2004-12-20,,,,26.950000762939453,18.486600875854492,85552800
2004-12-21,,,,27.06999969482422,18.568899154663086,94646100
2004-12-22,,,,26.969999313354492,18.50029945373535,63651900
2004-12-23,,,,27.010000228881836,18.527799606323242,65801900
2004-12-27,,,,26.850000381469727,18.417999267578125,55958500
2004-12-28,,,,26.950000762939453,18.486600875854492,55075900
2004-12-29,,,,26.899999618530273,18.452299118041992,47594900
2004-12-30,,,,26.760000228881836,18.356300354003906,48355400
2004-12-31,,,,26.719999313354492,18.328800201416016,54959500
2005-01-03,,,,26.739999771118164,18.342599868774414,65002900
2005-01-04,,,,26.84000015258789,18.41119956970215,109442100
2005-01-05,,,,26.780000686645508,18.3700008392334,72463500
2005-01-06,,,,26.75,18.34939956665039,76890500
2005-01-07,,,,26.670000076293945,18.29450035095215,68723300
2005-01-10,,,,26.799999237060547,18.383699417114258,70376600
2005-01-11,,,,26.729999542236328,18.3356990814209,64712000
2005-01-12,,,,26.780000686645508,18.3700008392334,72940600
2005-01-13,,,,26.270000457763672,18.020200729370117,89861600
2005-01-14,,,,26.1200008392334,17.917299270629883,92180800
2005-01-18,,,,26.31999969482422,18.054500579833984,69146400
2005-01-19,,,,25.979999542236328,17.821199417114258,58114100
2005-01-20,,,,25.860000610351562,17.73889923095703,58380100
2005-01-21,,,,25.649999618530273,17.594900131225586,76501000
2005-01-24,,,,25.670000076293945,17.608600616455078,69010900
2005-01-25,,,,26.020000457763672,17.84869956970215,67580700
2005-01-26,,,,26.010000228881836,17.841800689697266,64974500
2005-01-27,,,,26.110000610351562,17.910400390625,93204100
2005-01-28,,,,26.18000030517578,17.95840072631836,110466500
2005-01-31,,,,26.280000686645508,18.027000427246094,71442100
2005-02-01,,,,26.389999389648438,18.102500915527344,57981700
2005-02-02,,,,26.459999084472656,18.15049934387207,79329500
2005-02-03,,,,26.18000030517578,17.95840072631836,62545400
2005-02-04,,,,26.31999969482422,18.054500579833984,61246500
2005-02-07,,,,26.15999984741211,17.944700241088867,57763400
2005-02-08,,,,26.239999771118164,17.99959945678711,61343700
2005-02-09,,,,26.06999969482422,17.882999420166016,77874800
2005-02-10,,,,26.059999465942383,17.876100540161133,71796400
2005-02-11,,,,25.969999313354492,17.81439971923828,83835900
2005-02-14,,,,26.010000228881836,17.841800689697266,58694000
2005-02-15,,,,25.93000030517578,17.841800689697266,76551600
2005-02-16,,,,25.790000915527344,17.745500564575195,57506600
2005-02-17,,,,25.649999618530273,17.649099349975586,67024800
2005-02-18,,,,25.479999542236328,17.53219985961914,77091100
2005-02-22,,,,25.229999542236328,17.360200881958008,96419200
2005-02-23,,,,25.200000762939453,17.339500427246094,83689400
2005-02-24,,,,25.3700008392334,17.456499099731445,85236300
2005-02-25,,,,25.25,17.373899459838867,62467700
2005-02-28,,,,25.15999984741211,17.312000274658203,82728000
2005-03-01,,,,25.280000686645508,17.39459991455078,56394800
2005-03-02,,,,25.260000228881836,17.380800247192383,67739000
2005-03-03,,,,25.170000076293945,17.318899154663086,52183600
2005-03-04,,,,25.170000076293945,17.318899154663086,63058200
2005-03-07,,,,25.469999313354492,17.525299072265625,80407400
2005-03-08,,,,25.399999618530273,17.477100372314453,52871800
2005-03-09,,,,25.309999465942383,17.415199279785156,62991800
2005-03-10,,,,25.43000030517578,17.497800827026367,59132900
2005-03-11,,,,25.09000015258789,17.2637996673584,60617900
2005-03-14,,,,25.110000610351562,17.277599334716797,65550500
2005-03-15,,,,24.90999984741211,17.139999389648438,71469400
2005-03-16,,,,24.6299991607666,16.94729995727539,74841400
2005-03-17,,,,24.540000915527344,16.885400772094727,60573200
2005-03-18,,,,24.309999465942383,16.727100372314453,135904000
2005-03-21,,,,24.200000762939453,16.651399612426758,71446200
2005-03-22,,,,23.989999771118164,16.506900787353516,102113300
2005-03-23,,,,24.18000030517578,16.637699127197266,79293300
2005-03-24,,,,24.280000686645508,16.706499099731445,78820900
2005-03-28,,,,24.200000762939453,16.651399612426758,49802000
2005-03-29,,,,23.920000076293945,16.458799362182617,74231700
2005-03-30,,,,24.15999984741211,16.623899459838867,59585700
2005-03-31,,,,24.170000076293945,16.630800247192383,62382300
2005-04-01,,,,24.1200008392334,16.596399307250977,64619600
2005-04-04,,,,24.229999542236328,16.672100067138672,62196400
2005-04-05,,,,24.469999313354492,16.837200164794922,73549600
2005-04-06,,,,24.670000076293945,16.97480010986328,78020200
2005-04-07,,,,25.100000381469727,17.270700454711914,77451500
2005-04-08,,,,24.940000534057617,17.160600662231445,47956300
2005-04-11,,,,24.969999313354492,17.181299209594727,47791800
2005-04-12,,,,25.31999969482422,17.422100067138672,67517800
2005-04-13,,,,25.040000915527344,17.229400634765625,60929300
2005-04-14,,,,24.84000015258789,17.091800689697266,66754400
2005-04-15,,,,24.459999084472656,16.830299377441406,100251600
2005-04-18,,,,24.649999618530273,16.96109962463379,75766400
2005-04-19,,,,24.6299991607666,16.94729995727539,65956200
2005-04-20,,,,24.31999969482422,16.733999252319336,91923500
2005-04-21,,,,25.280000686645508,17.39459991455078,93562300
2005-04-22,,,,24.979999542236328,17.188100814819336,80087500
2005-04-25,,,,24.989999771118164,17.19499969482422,75457900
2005-04-26,,,,24.760000228881836,17.036800384521484,60464300
2005-04-27,,,,24.989999771118164,17.19499969482422,47732800
2005-04-28,,,,24.450000762939453,16.82349967956543,83623100
2005-04-29,,,,25.299999237060547,17.408300399780273,98641200
2005-05-02,,,,25.229999542236328,17.360200881958008,54376700
2005-05-03,,,,25.360000610351562,17.449600219726562,67867800
2005-05-04,,,,25.209999084472656,17.346399307250977,86864200
2005-05-05,,,,25.229999542236328,17.360200881958008,59362300
2005-05-06,,,,25.219999313354492,17.353300094604492,64322600
2005-05-09,,,,25.110000610351562,17.277599334716797,61872400
2005-05-10,,,,24.899999618530273,17.133100509643555,62235100
2005-05-11,,,,24.90999984741211,17.139999389648438,59463300
2005-05-12,,,,25.0,17.201900482177734,74540700
2005-05-13,,,,25.299999237060547,17.408300399780273,77204300
2005-05-16,,,,25.489999771118164,17.59469985961914,50577300
2005-05-17,,,,25.459999084472656,17.573999404907227,39983200
2005-05-18,,,,25.700000762939453,17.739599227905273,71182400
2005-05-19,,,,25.920000076293945,17.89150047302246,52120800
2005-05-20,,,,25.739999771118164,17.76729965209961,64444500
2005-05-23,,,,25.850000381469727,17.84320068359375,75421100
2005-05-24,,,,25.75,17.774200439453125,61287700
2005-05-25,,,,25.709999084472656,17.74650001525879,35749000
2005-05-26,,,,25.899999618530273,17.877700805664062,50579200
2005-05-27,,,,26.06999969482422,17.9950008392334,54978000
2005-05-31,,,,25.799999237060547,17.808700561523438,46131100
2005-06-01,,,,25.809999465942383,17.81559944152832,54621000
2005-06-02,,,,25.790000915527344,17.801799774169922,27212500
2005-06-03,,,,25.43000030517578,17.553300857543945,79659500
2005-06-06,,,,25.3700008392334,17.511899948120117,40756900
2005-06-07,,,,25.510000228881836,17.60849952697754,54511400
2005-06-08,,,,25.399999618530273,17.53260040283203,45369700
2005-06-09,,,,25.510000228881836,17.60849952697754,52767900
2005-06-10,,,,25.43000030517578,17.553300857543945,39459800
2005-06-13,,,,25.309999465942383,17.470399856567383,49104100
2005-06-14,,,,25.360000610351562,17.5049991607666,44243300
2005-06-15,,,,25.260000228881836,17.43589973449707,50764800
2005-06-16,,,,25.040000915527344,17.284099578857422,65918800
2005-06-17,,,,25.040000915527344,17.284099578857422,90821300
2005-06-20,,,,25.110000610351562,17.332399368286133,50538900
2005-06-21,,,,25.149999618530273,17.360000610351562,81084000
2005-06-22,,,,25.06999969482422,17.304800033569336,60492700
2005-06-23,,,,25.309999465942383,17.470399856567383,105159800
2005-06-24,,,,25.040000915527344,17.284099578857422,57970700
2005-06-27,,,,25.049999237060547,17.291000366210938,61636200
2005-06-28,,,,25.06999969482422,17.304800033569336,53058100
2005-06-29,,,,25.09000015258789,17.318599700927734,55859900
2005-06-30,,,,24.84000015258789,17.145999908447266,82018200
2005-07-01,,,,24.709999084472656,17.056299209594727,69718400
2005-07-05,,,,24.979999542236328,17.242700576782227,61883500
2005-07-06,,,,24.700000762939453,17.049400329589844,64214600
2005-07-07,,,,24.649999618530273,17.01490020751953,80082900
2005-07-08,,,,25.09000015258789,17.318599700927734,56104000
2005-07-11,,,,25.290000915527344,17.456600189208984,61525400
2005-07-12,,,,25.610000610351562,17.677499771118164,63384800
2005-07-13,,,,25.65999984741211,17.711999893188477,44749200
2005-07-14,,,,25.969999313354492,17.926000595092773,69506800
2005-07-15,,,,25.790000915527344,17.801799774169922,56472800
2005-07-18,,,,25.549999237060547,17.63610076904297,39668000
2005-07-19,,,,26.15999984741211,18.057199478149414,113290100
2005-07-20,,,,26.190000534057617,18.077899932861328,71424800
2005-07-21,,,,26.440000534057617,18.25040054321289,112932100
2005-07-22,,,,25.68000030517578,17.725799560546875,97558900
2005-07-25,,,,25.690000534057617,17.73270034790039,45174600
2005-07-26,,,,25.540000915527344,17.629199981689453,51476400
2005-07-27,,,,25.719999313354492,17.753400802612305,57977300
2005-07-28,,,,25.75,17.774200439453125,44738700
2005-07-29,,,,25.610000610351562,17.677499771118164,59524400
2005-08-01,,,,25.920000076293945,17.89150047302246,61346800
2005-08-02,,,,26.809999465942383,18.505800247192383,137510100
2005-08-03,,,,27.25,18.809499740600586,139422400
2005-08-04,,,,27.31999969482422,18.857900619506836,91461400
2005-08-05,,,,27.760000228881836,19.16160011291504,82212400
2005-08-08,,,,27.1299991607666,18.726699829101562,77207200
2005-08-09,,,,27.350000381469727,18.878599166870117,64761800
2005-08-10,,,,26.950000762939453,18.602500915527344,62818800
2005-08-11,,,,27.270000457763672,18.823299407958984,48646800
2005-08-12,,,,27.049999237060547,18.671499252319336,52006500
2005-08-15,,,,27.1299991607666,18.78230094909668,45976600
2005-08-16,,,,26.739999771118164,18.512300491333008,46894600
2005-08-17,,,,26.950000762939453,18.65760040283203,52413100
2005-08-18,,,,26.81999969482422,18.56760025024414,40861900
2005-08-19,,,,26.719999313354492,18.49839973449707,36043500
2005-08-22,,,,26.90999984741211,18.6299991607666,41691700
2005-08-23,,,,26.8700008392334,18.6023006439209,48296700
2005-08-24,,,,26.809999465942383,18.560699462890625,63645000
2005-08-25,,,,27.030000686645508,18.71299934387207,39306300
2005-08-26,,,,26.969999313354492,18.671499252319336,36774600
2005-08-29,,,,27.149999618530273,18.796100616455078,52307700
2005-08-30,,,,27.18000030517578,18.8169002532959,55163200
2005-08-31,,,,27.3799991607666,18.955299377441406,65210200
2005-09-01,,,,27.200000762939453,18.830699920654297,75974500
2005-09-02,,,,27.020000457763672,18.706100463867188,52047500
2005-09-06,,,,27.0,18.69230079650879,46089000
2005-09-07,,,,26.850000381469727,18.58839988708496,44656100
2005-09-08,,,,26.610000610351562,18.422300338745117,52552300
2005-09-09,,,,26.579999923706055,18.401500701904297,41515800
2005-09-12,,,,26.610000610351562,18.422300338745117,40550500
2005-09-13,,,,26.479999542236328,18.332300186157227,63422900
2005-09-14,,,,26.309999465942383,18.214599609375,54969600
2005-09-15,,,,26.270000457763672,18.186899185180664,60357200
2005-09-16,,,,26.06999969482422,18.04840087890625,187384300
2005-09-19,,,,26.0,18.0,61832300
2005-09-20,,,,25.84000015258789,17.88920021057129,61043400
2005-09-21,,,,25.489999771118164,17.646900177001953,68281800
2005-09-22,,,,25.34000015258789,17.542999267578125,71314900
2005-09-23,,,,25.270000457763672,17.494600296020508,66396800
2005-09-26,,,,25.270000457763672,17.494600296020508,56203700
2005-09-27,,,,25.34000015258789,17.542999267578125,48797900
2005-09-28,,,,25.670000076293945,17.771499633789062,71019400
2005-09-29,,,,25.940000534057617,17.95840072631836,66807100
2005-09-30,,,,25.729999542236328,17.812999725341797,57644500
2005-10-03,,,,25.5,17.653799057006836,55341300
2005-10-04,,,,24.979999542236328,17.293800354003906,151666300
2005-10-05,,,,24.670000076293945,17.079200744628906,73684700
2005-10-06,,,,24.729999542236328,17.12070083618164,81724600
2005-10-07,,,,24.59000015258789,17.023799896240234,50768700
2005-10-10,,,,24.459999084472656,16.933799743652344,48880900
2005-10-11,,,,24.40999984741211,16.899200439453125,76567300
2005-10-12,,,,24.299999237060547,16.822999954223633,71294400
2005-10-13,,,,24.59000015258789,17.023799896240234,70192000
2005-10-14,,,,24.670000076293945,17.079200744628906,53846700
2005-10-17,,,,24.530000686645508,16.9822998046875,46924400
2005-10-18,,,,24.56999969482422,17.010000228881836,69328200
2005-10-19,,,,25.09000015258789,17.3700008392334,66574500
2005-10-20,,,,24.790000915527344,17.16230010986328,58830600
2005-10-21,,,,24.780000686645508,17.15530014038086,69431200
2005-10-24,,,,25.100000381469727,17.37689971923828,51868000
2005-10-25,,,,25.030000686645508,17.328399658203125,41310500
2005-10-26,,,,25.110000610351562,17.383800506591797,58178100
2005-10-27,,,,24.850000381469727,17.203800201416016,61566100
2005-10-28,,,,25.530000686645508,17.67460060119629,106559300
2005-10-31,,,,25.700000762939453,17.792299270629883,75122100
2005-11-01,,,,25.959999084472656,17.972299575805664,71370400
2005-11-02,,,,26.459999084472656,18.31839942932129,75067100
2005-11-03,,,,26.440000534057617,18.30459976196289,73421600
2005-11-04,,,,26.65999984741211,18.456899642944336,57464000
2005-11-07,,,,27.010000228881836,18.699199676513672,77104800
2005-11-08,,,,27.049999237060547,18.726900100708008,60091700
2005-11-09,,,,26.959999084472656,18.664600372314453,59562100
2005-11-10,,,,27.09000015258789,18.754600524902344,73314800
2005-11-11,,,,27.280000686645508,18.88610076904297,51945600
2005-11-14,,,,27.3700008392334,18.948400497436523,67152200
2005-11-15,,,,27.5,19.094200134277344,65081000
2005-11-16,,,,27.739999771118164,19.260900497436523,86277000
2005-11-17,,,,27.969999313354492,19.42060089111328,91351000
2005-11-18,,,,28.06999969482422,19.489999771118164,75431200
2005-11-21,,,,28.15999984741211,19.552499771118164,65794400
2005-11-22,,,,27.90999984741211,19.3789005279541,104253300
2005-11-23,,,,27.920000076293945,19.385799407958984,70541300
2005-11-25,,,,27.760000228881836,19.274799346923828,44082500
2005-11-28,,,,27.75,19.267799377441406,57517200
2005-11-29,,,,27.68000030517578,19.219200134277344,62220400
2005-11-30,,,,27.68000030517578,19.219200134277344,55904700
2005-12-01,,,,27.889999389648438,19.364999771118164,61006100
2005-12-02,,,,28.010000228881836,19.448299407958984,42319600
2005-12-05,,,,27.850000381469727,19.337200164794922,47517300
2005-12-06,,,,27.690000534057617,19.22610092163086,65980000
2005-12-07,,,,27.75,19.267799377441406,55583200
2005-12-08,,,,27.690000534057617,19.22610092163086,63931600
2005-12-09,,,,27.709999084472656,19.239999771118164,48467000
2005-12-12,,,,27.450000762939453,19.059499740600586,63757200
2005-12-13,,,,27.1299991607666,18.837299346923828,104285500
2005-12-14,,,,27.09000015258789,18.809499740600586,65076200
2005-12-15,,,,26.920000076293945,18.691499710083008,79018100
2005-12-16,,,,26.899999618530273,18.677600860595703,88542500
2005-12-19,,,,26.829999923706055,18.628999710083008,68680100
2005-12-20,,,,26.860000610351562,18.649799346923828,62960600
2005-12-21,,,,26.729999542236328,18.559600830078125,75800900
2005-12-22,,,,26.59000015258789,18.462400436401367,91276900
2005-12-23,,,,26.639999389648438,18.497100830078125,30689200
2005-12-27,,,,26.459999084472656,18.372100830078125,37819000
2005-12-28,,,,26.389999389648438,18.32349967956543,35444400
2005-12-29,,,,26.270000457763672,18.24020004272461,34495500
2005-12-30,,,,26.149999618530273,18.15690040588379,49044600
2006-01-03,,,,26.84000015258789,18.63599967956543,79973000
2006-01-04,,,,26.969999313354492,18.726200103759766,57975600
2006-01-05,,,,26.989999771118164,18.740100860595703,48245500
2006-01-06,,,,26.90999984741211,18.684600830078125,100963000
2006-01-09,,,,26.860000610351562,18.649799346923828,55625000
2006-01-10,,,,27.0,18.747100830078125,64921900
2006-01-11,,,,27.290000915527344,18.948400497436523,70120700
2006-01-12,,,,27.139999389648438,18.84429931640625,45994800
2006-01-13,,,,27.190000534057617,18.878999710083008,41418000
2006-01-17,,,,26.989999771118164,18.740100860595703,58566600
2006-01-18,,,,26.829999923706055,18.628999710083008,52376200
2006-01-19,,,,27.020000457763672,18.760900497436523,60367600
2006-01-20,,,,26.40999984741211,18.337400436401367,79165900
2006-01-23,,,,26.350000381469727,18.295700073242188,47925600
2006-01-24,,,,26.280000686645508,18.247100830078125,63040700
2006-01-25,,,,26.399999618530273,18.33049964904785,59072100
2006-01-26,,,,26.5,18.399900436401367,69509300
2006-01-27,,,,27.790000915527344,19.29560089111328,134520700
2006-01-30,,,,28.0,19.4414005279541,103999200
2006-01-31,,,,28.149999618530273,19.545499801635742,94841300
2006-02-01,,,,28.040000915527344,19.469200134277344,68448800
2006-02-02,,,,27.68000030517578,19.219200134277344,55073400
2006-02-03,,,,27.540000915527344,19.121999740600586,75022700
2006-02-06,,,,27.170000076293945,18.865100860595703,60170500
2006-02-07,,,,26.940000534057617,18.705400466918945,72159500
2006-02-08,,,,26.90999984741211,18.684600830078125,51795200
2006-02-09,,,,26.65999984741211,18.51099967956543,52861700
2006-02-10,,,,26.690000534057617,18.53179931640625,52127000
2006-02-13,,,,26.389999389648438,18.32349967956543,46707000
2006-02-14,,,,26.649999618530273,18.503999710083008,58432900
2006-02-15,,,,26.8799991607666,18.726999282836914,62808900
2006-02-16,,,,26.809999465942383,18.678199768066406,48868500
2006-02-17,,,,26.700000762939453,18.601600646972656,41513200
2006-02-21,,,,26.540000915527344,18.490100860595703,50216100
2006-02-22,,,,26.719999313354492,18.61549949645996,43043100
2006-02-23,,,,26.65999984741211,18.573699951171875,47359100
2006-02-24,,,,26.6299991607666,18.552799224853516,44753800
2006-02-27,,,,27.049999237060547,18.845399856567383,51301500
2006-02-28,,,,26.8700008392334,18.719999313354492,65036100
2006-03-01,,,,27.139999389648438,18.908100128173828,53061200
2006-03-02,,,,26.969999313354492,18.78969955444336,41850300
2006-03-03,,,,26.93000030517578,18.76180076599121,45218800
2006-03-06,,,,26.90999984741211,18.747900009155273,53054100
2006-03-07,,,,27.059999465942383,18.852399826049805,51613900
2006-03-08,,,,27.25,18.984800338745117,57547400
2006-03-09,,,,27.0,18.81060028076172,45360700
2006-03-10,,,,27.170000076293945,18.929000854492188,41297200
2006-03-13,,,,27.110000610351562,18.88719940185547,40342600
2006-03-14,,,,27.229999542236328,18.970800399780273,39821800
2006-03-15,,,,27.360000610351562,19.061399459838867,57152000
2006-03-16,,,,27.270000457763672,18.998699188232422,73793700
2006-03-17,,,,27.5,19.158899307250977,120615000
2006-03-20,,,,27.889999389648438,19.430599212646484,67094100
2006-03-21,,,,27.739999771118164,19.326099395751953,73199600
2006-03-22,,,,27.149999618530273,18.91510009765625,145696100
2006-03-23,,,,26.850000381469727,18.706100463867188,73682900
2006-03-24,,,,27.010000228881836,18.8174991607666,69157600
2006-03-27,,,,27.010000228881836,18.8174991607666,59908600
2006-03-28,,,,26.899999618530273,18.74090003967285,58520500
2006-03-29,,,,27.020000457763672,18.824499130249023,53150300
2006-03-30,,,,27.229999542236328,18.970800399780273,54612000
2006-03-31,,,,27.209999084472656,18.956899642944336,62190500
2006-04-03,,,,27.559999465942383,19.200700759887695,57605300
2006-04-04,,,,27.639999389648438,19.256500244140625,45470000
2006-04-05,,,,27.739999771118164,19.326099395751953,41539300
2006-04-06,,,,27.559999465942383,19.200700759887695,51885500
2006-04-07,,,,27.25,18.984800338745117,47249400
2006-04-10,,,,27.290000915527344,19.01259994506836,39432000
2006-04-11,,,,27.1299991607666,18.901199340820312,42953400
2006-04-12,,,,27.200000762939453,18.949899673461914,32183000
2006-04-13,,,,27.06999969482422,18.85930061340332,28160000
2006-04-17,,,,26.84000015258789,18.699100494384766,35796200
2006-04-18,,,,27.219999313354492,18.963899612426758,56272700
2006-04-19,,,,27.030000686645508,18.831499099731445,45111100
2006-04-20,,,,27.030000686645508,18.831499099731445,45648300
2006-04-21,,,,27.149999618530273,18.91510009765625,58528000
2006-04-24,,,,27.110000610351562,18.88719940185547,42318400
2006-04-25,,,,27.110000610351562,18.88719940185547,49222500
2006-04-26,,,,27.100000381469727,18.880199432373047,39190000
2006-04-27,,,,27.25,18.984800338745117,96509600
2006-04-28,,,,24.149999618530273,16.825000762939453,591052200
2006-05-01,,,,24.290000915527344,16.92259979248047,174800900
2006-05-02,,,,24.010000228881836,16.727500915527344,190533500
2006-05-03,,,,23.170000076293945,16.14229965209961,211527100
2006-05-04,,,,23.440000534057617,16.330400466918945,171257400
2006-05-05,,,,23.799999237060547,16.581199645996094,131604300
2006-05-08,,,,23.729999542236328,16.532400131225586,80693500
2006-05-09,,,,23.6200008392334,16.455799102783203,75345900
2006-05-10,,,,23.770000457763672,16.560300827026367,76563300
2006-05-11,,,,23.219999313354492,16.177099227905273,92916700
2006-05-12,,,,23.170000076293945,16.14229965209961,83115900
2006-05-15,,,,23.149999618530273,16.191200256347656,67314800
2006-05-16,,,,23.010000228881836,16.093299865722656,82095100
2006-05-17,,,,22.729999542236328,15.897500038146973,98598300
2006-05-18,,,,22.829999923706055,15.967399597167969,95476400
2006-05-19,,,,22.559999465942383,15.778599739074707,100071200
2006-05-22,,,,22.8799991607666,16.002399444580078,87322300
2006-05-23,,,,22.790000915527344,15.939399719238281,79986300
2006-05-24,,,,23.5,16.43600082397461,107356700
2006-05-25,,,,23.739999771118164,16.603900909423828,83052700
2006-05-26,,,,23.719999313354492,16.58989906311035,46861600
2006-05-30,,,,23.149999618530273,16.191200256347656,52497500
2006-05-31,,,,22.649999618530273,15.841500282287598,120202000
2006-06-01,,,,22.81999969482422,15.960399627685547,80230800
2006-06-02,,,,22.760000228881836,15.918499946594238,73935600
2006-06-05,,,,22.5,15.736599922180176,63914100
2006-06-06,,,,22.1299991607666,15.477800369262695,126601300
2006-06-07,,,,22.040000915527344,15.414899826049805,73827500
2006-06-08,,,,22.110000610351562,15.463800430297852,104126900
2006-06-09,,,,21.920000076293945,15.331000328063965,52573800
2006-06-12,,,,21.709999084472656,15.184100151062012,74309700
2006-06-13,,,,21.510000228881836,15.04419994354248,113175300
2006-06-14,,,,21.8799991607666,15.303000450134277,86081500
2006-06-15,,,,22.06999969482422,15.43589973449707,121577300
2006-06-16,,,,22.100000381469727,15.45680046081543,147506500
2006-06-19,,,,22.549999237060547,15.771599769592285,129640900
2006-06-20,,,,22.559999465942383,15.778599739074707,90598500
2006-06-21,,,,23.079999923706055,16.14229965209961,91660300
2006-06-22,,,,22.8799991607666,16.002399444580078,76590600
2006-06-23,,,,22.5,15.736599922180176,60532600
2006-06-26,,,,22.81999969482422,15.960399627685547,53644100
2006-06-27,,,,22.860000610351562,15.98840045928955,84759100
2006-06-28,,,,23.15999984741211,16.198200225830078,71906500
2006-06-29,,,,23.469999313354492,16.415000915527344,121395500
2006-06-30,,,,23.299999237060547,16.296100616455078,73048800
2006-07-03,,,,23.700000762939453,16.575899124145508,25711400
2006-07-05,,,,23.350000381469727,16.331100463867188,53093500
2006-07-06,,,,23.479999542236328,16.422000885009766,44775200
2006-07-07,,,,23.299999237060547,16.296100616455078,63168800
2006-07-10,,,,23.5,16.43600082397461,50565100
2006-07-11,,,,23.100000381469727,16.156299591064453,88676300
2006-07-12,,,,22.639999389648438,15.834500312805176,77379300
2006-07-13,,,,22.260000228881836,15.56879997253418,73099500
2006-07-14,,,,22.290000915527344,15.589699745178223,67499400
2006-07-17,,,,22.479999542236328,15.722599983215332,37053500
2006-07-18,,,,22.739999771118164,15.904500007629395,65047300
2006-07-19,,,,23.399999618530273,16.366100311279297,82188200
2006-07-20,,,,22.850000381469727,15.981399536132812,76605200
2006-07-21,,,,23.8700008392334,16.694799423217773,175483800
2006-07-24,,,,24.0,16.78569984436035,59586700
2006-07-25,,,,24.219999313354492,16.939599990844727,60075800
2006-07-26,,,,24.3700008392334,17.04450035095215,54942100
2006-07-27,,,,23.8700008392334,16.694799423217773,85386800
2006-07-28,,,,24.25,16.960599899291992,51705800
2006-07-31,,,,24.059999465942383,16.827699661254883,40254400
2006-08-01,,,,23.989999771118164,16.77869987487793,49168700
2006-08-02,,,,24.299999237060547,16.995500564575195,46462000
2006-08-03,,,,24.209999084472656,16.932600021362305,43155300
2006-08-04,,,,24.290000915527344,16.988500595092773,45690400
2006-08-07,,,,24.219999313354492,16.939599990844727,36862400
2006-08-08,,,,24.34000015258789,17.023500442504883,58171300
2006-08-09,,,,24.440000534057617,17.0935001373291,44405700
2006-08-10,,,,24.459999084472656,17.10740089416504,31753400
2006-08-11,,,,24.43000030517578,17.08650016784668,30255500
2006-08-14,,,,24.530000686645508,17.156400680541992,47831900
2006-08-15,,,,24.6200008392334,17.282800674438477,48994500
2006-08-16,,,,24.700000762939453,17.338899612426758,52373600
2006-08-17,,,,24.700000762939453,17.338899612426758,45674800
2006-08-18,,,,25.790000915527344,18.10409927368164,128414800
2006-08-21,,,,26.1200008392334,18.3356990814209,88398300
2006-08-22,,,,25.6200008392334,17.984699249267578,89312400
2006-08-23,,,,25.670000076293945,18.019800186157227,44648500
2006-08-24,,,,25.739999771118164,18.069000244140625,35933300
2006-08-25,,,,25.850000381469727,18.14620018005371,33115900
2006-08-28,,,,25.950000762939453,18.216400146484375,34190900
2006-08-29,,,,25.84000015258789,18.13920021057129,42711200
2006-08-30,,,,25.799999237060547,18.111099243164062,30283100
2006-08-31,,,,25.700000762939453,18.0408992767334,26380500
2006-09-01,,,,25.84000015258789,18.13920021057129,31594600
2006-09-05,,,,25.610000610351562,17.977699279785156,44222400
2006-09-06,,,,25.610000610351562,17.977699279785156,50160400
2006-09-07,,,,25.43000030517578,17.85140037536621,51266900
2006-09-08,,,,25.600000381469727,17.970699310302734,36866800
2006-09-11,,,,25.90999984741211,18.18829917907715,55608200
2006-09-12,,,,25.93000030517578,18.20240020751953,52248800
2006-09-13,,,,25.979999542236328,18.237499237060547,37706700
2006-09-14,,,,26.329999923706055,18.48310089111328,74324500
2006-09-15,,,,26.850000381469727,18.84819984436035,126057700
2006-09-18,,,,26.790000915527344,18.806100845336914,49135000
2006-09-19,,,,26.860000610351562,18.855199813842773,43039100
2006-09-20,,,,27.18000030517578,19.07979965209961,71676400
2006-09-21,,,,26.899999618530273,18.88330078125,58495100
2006-09-22,,,,26.65999984741211,18.714799880981445,47712500
2006-09-25,,,,26.950000762939453,18.918399810791016,67903900
2006-09-26,,,,27.200000762939453,19.093900680541992,54766500
2006-09-27,,,,27.440000534057617,19.262300491333008,66233900
2006-09-28,,,,27.399999618530273,19.23430061340332,44179700
2006-09-29,,,,27.350000381469727,19.199199676513672,34283500
2006-10-02,,,,27.360000610351562,19.206199645996094,52908100
2006-10-03,,,,27.3700008392334,19.213199615478516,39386200
2006-10-04,,,,27.940000534057617,19.613300323486328,82191200
2006-10-05,,,,27.920000076293945,19.599300384521484,81967200
2006-10-06,,,,27.8700008392334,19.564199447631836,36452200
2006-10-09,,,,27.719999313354492,19.458900451660156,33366300
2006-10-10,,,,27.690000534057617,19.43779945373535,34598500
2006-10-11,,,,27.540000915527344,19.332500457763672,37219600
2006-10-12,,,,28.219999313354492,19.809900283813477,120174900
2006-10-13,,,,28.3700008392334,19.915199279785156,129751900
2006-10-16,,,,28.450000762939453,19.97130012512207,49744800
2006-10-17,,,,28.440000534057617,19.96430015563965,40122600
2006-10-18,,,,28.520000457763672,20.02050018310547,40630800
2006-10-19,,,,28.290000915527344,19.858999252319336,44730800
2006-10-20,,,,28.43000030517578,19.957300186157227,48887800
2006-10-23,,,,28.450000762939453,19.97130012512207,48525000
2006-10-24,,,,28.280000686645508,19.851999282836914,61409600
2006-10-25,,,,28.309999465942383,19.87310028076172,40717100
2006-10-26,,,,28.350000381469727,19.901100158691406,69964200
2006-10-27,,,,28.34000015258789,19.894100189208984,89060100
2006-10-30,,,,28.530000686645508,20.02750015258789,47296800
2006-10-31,,,,28.709999084472656,20.153900146484375,61861700
2006-11-01,,,,28.809999465942383,20.22410011291504,75895900
2006-11-02,,,,28.770000457763672,20.195999145507812,58674400
2006-11-03,,,,28.729999542236328,20.16790008544922,41124500
2006-11-06,,,,28.84000015258789,20.245100021362305,60446200
2006-11-07,,,,28.950000762939453,20.32229995727539,56511200
2006-11-08,,,,28.979999542236328,20.343399047851562,77403300
2006-11-09,,,,29.260000228881836,20.539899826049805,89407500
2006-11-10,,,,29.239999771118164,20.52589988708496,37855100
2006-11-13,,,,29.350000381469727,20.603099822998047,47271800
2006-11-14,,,,29.229999542236328,20.589000701904297,63012500
2006-11-15,,,,29.1200008392334,20.511600494384766,63943200
2006-11-16,,,,29.469999313354492,20.758100509643555,64328500
2006-11-17,,,,29.399999618530273,20.708799362182617,49356700
2006-11-20,,,,29.889999389648438,21.05389976501465,85703800
2006-11-21,,,,29.920000076293945,21.07509994506836,66446600
2006-11-22,,,,29.920000076293945,21.07509994506836,43907200
2006-11-24,,,,29.760000228881836,20.962400436401367,20456700
2006-11-27,,,,29.479999542236328,20.765100479125977,72722100
2006-11-28,,,,29.389999389648438,20.70170021057129,52602300
2006-11-29,,,,29.56999969482422,20.828500747680664,58775100
2006-11-30,,,,29.360000610351562,20.680599212646484,53297400
2006-12-01,,,,29.1200008392334,20.511600494384766,72257000
2006-12-04,,,,29.329999923706055,20.659500122070312,55123400
2006-12-05,,,,29.1299991607666,20.518600463867188,45606000
2006-12-06,,,,28.989999771118164,20.420000076293945,48564100
2006-12-07,,,,28.850000381469727,20.321399688720703,46831100
2006-12-08,,,,29.399999618530273,20.708799362182617,108854900
2006-12-11,,,,29.540000915527344,20.80739974975586,107712000
2006-12-12,,,,29.43000030517578,20.729900360107422,68529400
2006-12-13,,,,29.549999237060547,20.81439971923828,46002500
2006-12-14,,,,30.06999969482422,21.180700302124023,85866500
2006-12-15,,,,30.190000534057617,21.265199661254883,102783700
2006-12-18,,,,29.889999389648438,21.05389976501465,56986800
2006-12-19,,,,29.989999771118164,21.124399185180664,53822100
2006-12-20,,,,30.09000015258789,21.194799423217773,31202100
2006-12-21,,,,29.979999542236328,21.117300033569336,32270500
2006-12-22,,,,29.639999389648438,20.87779998779297,37971700
2006-12-26,,,,29.989999771118164,21.124399185180664,37098300
2006-12-27,,,,30.020000457763672,21.14550018310547,31248400
2006-12-28,,,,29.979999542236328,21.117300033569336,26690600
2006-12-29,,,,29.860000610351562,21.032800674438477,41739800
2007-01-03,,,,29.860000610351562,21.032800674438477,76935100
2007-01-04,,,,29.809999465942383,20.997600555419922,45774500
2007-01-05,,,,29.639999389648438,20.87779998779297,44607200
2007-01-08,,,,29.93000030517578,21.08209991455078,50220200
2007-01-09,,,,29.959999084472656,21.103200912475586,44636600
2007-01-10,,,,29.65999984741211,20.89189910888672,55017400
2007-01-11,,,,30.700000762939453,21.624500274658203,99464300
2007-01-12,,,,31.209999084472656,21.983699798583984,103972500
2007-01-16,,,,31.15999984741211,21.94849967956543,62379600
2007-01-17,,,,31.100000381469727,21.906200408935547,58519600
2007-01-18,,,,31.0,21.835800170898438,56364300
2007-01-19,,,,31.110000610351562,21.913299560546875,75826900
2007-01-22,,,,30.719999313354492,21.638599395751953,56143900
2007-01-23,,,,30.739999771118164,21.652700424194336,49171200
2007-01-24,,,,31.09000015258789,21.899200439453125,58527800
2007-01-25,,,,30.450000762939453,21.448400497436523,97378700
2007-01-26,,,,30.600000381469727,21.554000854492188,96103700
2007-01-29,,,,30.530000686645508,21.50469970703125,57605900
2007-01-30,,,,30.479999542236328,21.469499588012695,61900400
2007-01-31,,,,30.860000610351562,21.737199783325195,73968400
2007-02-01,,,,30.559999465942383,21.52589988708496,55355800
2007-02-02,,,,30.190000534057617,21.265199661254883,60401700
2007-02-05,,,,29.610000610351562,20.856700897216797,99102100
2007-02-06,,,,29.510000228881836,20.786300659179688,79281100
2007-02-07,,,,29.3700008392334,20.687700271606445,65145500
2007-02-08,,,,29.260000228881836,20.610200881958008,48749000
2007-02-09,,,,28.979999542236328,20.412900924682617,69823100
2007-02-12,,,,28.940000534057617,20.38479995727539,52774400
2007-02-13,,,,29.010000228881836,20.504899978637695,50348100
2007-02-14,,,,29.399999618530273,20.78059959411621,55588600
2007-02-15,,,,29.459999084472656,20.822999954223633,63858100
2007-02-16,,,,28.739999771118164,20.31410026550293,109340300
2007-02-20,,,,28.829999923706055,20.377700805664062,53978200
2007-02-21,,,,29.350000381469727,20.74519920349121,68604900
2007-02-22,,,,29.389999389648438,20.773500442504883,57754400
2007-02-23,,,,28.899999618530273,20.427200317382812,63787100
2007-02-26,,,,29.06999969482422,20.547300338745117,63481900
2007-02-27,,,,27.8700008392334,19.699199676513672,87143300
2007-02-28,,,,28.170000076293945,19.91119956970215,86333300
2007-03-01,,,,28.09000015258789,19.854700088500977,80175700
2007-03-02,,,,27.760000228881836,19.621400833129883,63254700
2007-03-05,,,,27.549999237060547,19.472999572753906,56454300
2007-03-06,,,,27.829999923706055,19.670900344848633,49361800
2007-03-07,,,,27.610000610351562,19.515399932861328,52044700
2007-03-08,,,,27.31999969482422,19.310400009155273,72175200
2007-03-09,,,,27.290000915527344,19.289199829101562,80125000
2007-03-12,,,,27.440000534057617,19.395200729370117,36516400
2007-03-13,,,,26.719999313354492,18.88629913330078,75169500
2007-03-14,,,,27.399999618530273,19.366899490356445,75730300
2007-03-15,,,,27.280000686645508,19.282100677490234,51757100
2007-03-16,,,,27.329999923706055,19.3174991607666,65055300
2007-03-19,,,,27.829999923706055,19.670900344848633,49412000
2007-03-20,,,,27.84000015258789,19.677900314331055,47902400
2007-03-21,,,,28.520000457763672,20.158599853515625,72808200
2007-03-22,,,,28.270000457763672,19.98189926147461,47934900
2007-03-23,,,,28.020000457763672,19.805200576782227,50519800
2007-03-26,,,,28.219999313354492,19.946500778198242,47491500
2007-03-27,,,,27.719999313354492,19.59309959411621,58979800
2007-03-28,,,,27.639999389648438,19.53660011291504,46947000
2007-03-29,,,,27.75,19.614299774169922,42629900
2007-03-30,,,,27.8700008392334,19.699199676513672,47061000
2007-04-02,,,,27.739999771118164,19.6072998046875,41977600
2007-04-03,,,,27.8700008392334,19.699199676513672,39821300
2007-04-04,,,,28.5,20.144399642944336,63244200
2007-04-05,,,,28.549999237060547,20.179800033569336,30131200
2007-04-09,,,,28.56999969482422,20.193899154663086,31384600
2007-04-10,,,,28.399999618530273,20.07379913330078,38643100
2007-04-11,,,,28.110000610351562,19.868799209594727,44050200
2007-04-12,,,,28.540000915527344,20.172700881958008,43762100
2007-04-13,,,,28.610000610351562,20.222200393676758,36002900
2007-04-16,,,,28.729999542236328,20.30699920654297,30740100
2007-04-17,,,,28.850000381469727,20.391799926757812,33170200
2007-04-18,,,,28.600000381469727,20.215099334716797,41778400
2007-04-19,,,,28.690000534057617,20.27869987487793,43648800
2007-04-20,,,,29.020000457763672,20.511999130249023,60311500
2007-04-23,,,,28.780000686645508,20.34239959716797,41739100
2007-04-24,,,,28.790000915527344,20.34939956665039,34236700
2007-04-25,,,,28.989999771118164,20.490800857543945,39475000
2007-04-26,,,,29.100000381469727,20.568500518798828,68760300
2007-04-27,,,,30.1200008392334,21.289499282836914,128298800
2007-04-30,,,,29.940000534057617,21.16230010986328,67788800
2007-05-01,,,,30.399999618530273,21.48740005493164,73539300
2007-05-02,,,,30.610000610351562,21.635799407958984,80686700
2007-05-03,,,,30.969999313354492,21.890300750732422,82036800
2007-05-04,,,,30.559999465942383,21.600500106811523,104385900
2007-05-07,,,,30.709999084472656,21.706499099731445,59889100
2007-05-08,,,,30.75,21.734800338745117,60551700
2007-05-09,,,,30.780000686645508,21.756000518798828,51735000
2007-05-10,,,,30.579999923706055,21.614599227905273,55398600
2007-05-11,,,,30.889999389648438,21.833799362182617,43425300
2007-05-14,,,,30.969999313354492,21.890300750732422,70188500
2007-05-15,,,,30.899999618530273,21.91160011291504,75013900
2007-05-16,,,,31.06999969482422,22.032100677490234,45833600
2007-05-17,,,,30.979999542236328,21.968299865722656,41045600
2007-05-18,,,,30.829999923706055,21.861900329589844,58453000
2007-05-21,,,,31.049999237060547,22.017900466918945,41836400
2007-05-22,,,,30.690000534057617,21.762699127197266,39999500
2007-05-23,,,,30.579999923706055,21.68470001220703,46322500
2007-05-24,,,,30.170000076293945,21.39389991760254,64046400
2007-05-25,,,,30.479999542236328,21.61370086669922,47726500
2007-05-29,,,,30.790000915527344,21.833599090576172,42373100
2007-05-30,,,,31.110000610351562,22.06049919128418,57376800
2007-05-31,,,,30.690000534057617,21.762699127197266,85290500
2007-06-01,,,,30.59000015258789,21.691699981689453,39469400
2007-06-04,,,,30.719999313354492,21.783899307250977,41434500
2007-06-05,,,,30.579999923706055,21.68470001220703,44265000
2007-06-06,,,,30.290000915527344,21.479000091552734,38217500
2007-06-07,,,,29.6200008392334,21.0039005279541,71971400
2007-06-08,,,,30.049999237060547,21.308799743652344,61346200
2007-06-11,,,,30.020000457763672,21.287599563598633,48467400
2007-06-12,,,,29.850000381469727,21.16699981689453,56981800
2007-06-13,,,,30.389999389648438,21.54990005493164,64435600
2007-06-14,,,,30.520000457763672,21.642099380493164,59065700
2007-06-15,,,,30.489999771118164,21.620800018310547,100933000
2007-06-18,,,,30.510000228881836,21.635000228881836,45412600
2007-06-19,,,,30.459999084472656,21.599599838256836,46802600
2007-06-20,,,,30.010000228881836,21.280500411987305,46861600
2007-06-21,,,,30.219999313354492,21.429399490356445,56564800
2007-06-22,,,,29.489999771118164,20.911699295043945,86219900
2007-06-25,,,,29.489999771118164,20.911699295043945,53905800
2007-06-26,,,,29.520000457763672,20.933000564575195,48340300
2007-06-27,,,,29.8700008392334,21.18120002746582,53468600
2007-06-28,,,,29.829999923706055,21.152799606323242,46055200
2007-06-29,,,,29.469999313354492,20.897499084472656,71193900
2007-07-02,,,,29.739999771118164,21.089000701904297,47316000
2007-07-03,,,,30.020000457763672,21.287599563598633,35202600
2007-07-05,,,,29.989999771118164,21.266300201416016,47838500
2007-07-06,,,,29.969999313354492,21.252099990844727,57541000
2007-07-09,,,,29.8700008392334,21.18120002746582,33831400
2007-07-10,,,,29.329999923706055,20.79829978942871,66013500
2007-07-11,,,,29.489999771118164,20.911699295043945,48017000
2007-07-12,,,,30.06999969482422,21.322999954223633,54302400
2007-07-13,,,,29.81999969482422,21.145700454711914,42173000
2007-07-16,,,,30.030000686645508,21.294599533081055,48023200
2007-07-17,,,,30.780000686645508,21.826499938964844,77539600
2007-07-18,,,,30.920000076293945,21.925800323486328,64414400
2007-07-19,,,,31.510000228881836,22.344100952148438,121159300
2007-07-20,,,,31.15999984741211,22.09589958190918,98292600
2007-07-23,,,,31.190000534057617,22.11720085144043,48910600
2007-07-24,,,,30.799999237060547,21.840700149536133,59729300
2007-07-25,,,,30.709999084472656,21.77680015563965,54950100
2007-07-26,,,,29.979999542236328,21.259199142456055,87025300
2007-07-27,,,,29.389999389648438,20.84079933166504,69214600
2007-07-30,,,,29.399999618530273,20.847900390625,67499600
2007-07-31,,,,28.989999771118164,20.557199478149414,66554000
2007-08-01,,,,29.299999237060547,20.777000427246094,80006300
2007-08-02,,,,29.520000457763672,20.933000564575195,47938300
2007-08-03,,,,28.959999084472656,20.535900115966797,61535500
2007-08-06,,,,29.540000915527344,20.947200775146484,59530500
2007-08-07,,,,29.549999237060547,20.954299926757812,49163000
2007-08-08,,,,30.0,21.273399353027344,52898600
2007-08-09,,,,29.299999237060547,20.777000427246094,72964500
2007-08-10,,,,28.709999084472656,20.358600616455078,76576200
2007-08-13,,,,28.6299991607666,20.30190086364746,55492300
2007-08-14,,,,28.270000457763672,20.116899490356445,42944100
2007-08-15,,,,28.100000381469727,19.995899200439453,48117700
2007-08-16,,,,27.809999465942383,19.789499282836914,81447400
2007-08-17,,,,28.25,20.10260009765625,76747700
2007-08-20,,,,28.260000228881836,20.109800338745117,49952000
2007-08-21,,,,28.06999969482422,19.974599838256836,50786200
2007-08-22,,,,28.219999313354492,20.081300735473633,44763500
2007-08-23,,,,28.299999237060547,20.138200759887695,33886600
2007-08-24,,,,28.809999465942383,20.501100540161133,45158900
2007-08-27,,,,28.489999771118164,20.273399353027344,32789500
2007-08-28,,,,27.93000030517578,19.874900817871094,43924400
2007-08-29,,,,28.59000015258789,20.344600677490234,45753700
2007-08-30,,,,28.450000762939453,20.2450008392334,33690700
2007-08-31,,,,28.729999542236328,20.44420051574707,42511900
2007-09-04,,,,28.809999465942383,20.501100540161133,45689600
2007-09-05,,,,28.479999542236328,20.266300201416016,47669800
2007-09-06,,,,28.90999984741211,20.57229995727539,45430800
2007-09-07,,,,28.440000534057617,20.23780059814453,52160900
2007-09-10,,,,28.479999542236328,20.266300201416016,37247600
2007-09-11,,,,28.93000030517578,20.58650016784668,34380800
2007-09-12,,,,28.93000030517578,20.58650016784668,42364700
2007-09-13,,,,29.15999984741211,20.750200271606445,35288600
2007-09-14,,,,29.040000915527344,20.6648006439209,33496600
2007-09-17,,,,28.729999542236328,20.44420051574707,39536500
2007-09-18,,,,28.93000030517578,20.58650016784668,77462400
2007-09-19,,,,28.670000076293945,20.401500701904297,94242200
2007-09-20,,,,28.420000076293945,20.223600387573242,67168900
2007-09-21,,,,28.649999618530273,20.387300491333008,135636100
2007-09-24,,,,29.079999923706055,20.693300247192383,104459800
2007-09-25,,,,29.559999465942383,21.034799575805664,75621000
2007-09-26,,,,29.5,20.99209976196289,60337000
2007-09-27,,,,29.489999771118164,20.985000610351562,43407100
2007-09-28,,,,29.459999084472656,20.963699340820312,45819100
2007-10-01,,,,29.770000457763672,21.18429946899414,43875100
2007-10-02,,,,29.700000762939453,21.13450050354004,33700900
2007-10-03,,,,29.450000762939453,20.956600189208984,37633900
2007-10-04,,,,29.709999084472656,21.141599655151367,37868000
2007-10-05,,,,29.84000015258789,21.234100341796875,45012300
2007-10-08,,,,29.84000015258789,21.234100341796875,30265400
2007-10-09,,,,30.100000381469727,21.419099807739258,63603100
2007-10-10,,,,30.229999542236328,21.511600494384766,32251500
2007-10-11,,,,29.90999984741211,21.283899307250977,50788400
2007-10-12,,,,30.170000076293945,21.468900680541992,31121100
2007-10-15,,,,30.040000915527344,21.376399993896484,47150500
2007-10-16,,,,30.31999969482422,21.575599670410156,56286200
2007-10-17,,,,31.079999923706055,22.116500854492188,86092400
2007-10-18,,,,31.15999984741211,22.17340087890625,49208600
2007-10-19,,,,30.170000076293945,21.468900680541992,75200200
2007-10-22,,,,30.510000228881836,21.710899353027344,58785100
2007-10-23,,,,30.899999618530273,21.988399505615234,49956200
2007-10-24,,,,31.25,22.23740005493164,77979200
2007-10-25,,,,31.989999771118164,22.763999938964844,169588700
2007-10-26,,,,35.029998779296875,24.92729949951172,288121200
2007-10-29,,,,34.56999969482422,24.599899291992188,114655600
2007-10-30,,,,35.56999969482422,25.311500549316406,107297300
2007-10-31,,,,36.810001373291016,26.193899154663086,185635800
2007-11-01,,,,37.060001373291016,26.37179946899414,152078800
2007-11-02,,,,37.060001373291016,26.37179946899414,96389800
2007-11-05,,,,36.72999954223633,26.136999130249023,75485400
2007-11-06,,,,36.40999984741211,25.909299850463867,100966700
2007-11-07,,,,35.52000045776367,25.275999069213867,74897800
2007-11-08,,,,34.7400016784668,24.72089958190918,133742400
2007-11-09,,,,33.72999954223633,24.002199172973633,125136900
2007-11-12,,,,33.380001068115234,23.75309944152832,84865200
2007-11-13,,,,34.459999084472656,24.601900100708008,104311500
2007-11-14,,,,33.93000030517578,24.223499298095703,84063100
2007-11-15,,,,33.7599983215332,24.102100372314453,64014100
2007-11-16,,,,34.09000015258789,24.33769989013672,71113800
2007-11-19,,,,33.959999084472656,24.24489974975586,63026200
2007-11-20,,,,34.58000183105469,24.687599182128906,100009400
2007-11-21,,,,34.22999954223633,24.437700271606445,89518700
2007-11-23,,,,34.11000061035156,24.351999282836914,33467200
2007-11-26,,,,32.970001220703125,23.53809928894043,80335000
2007-11-27,,,,33.060001373291016,23.602399826049805,84178400
2007-11-28,,,,33.70000076293945,24.05929946899414,88585000
2007-11-29,,,,33.59000015258789,23.98080062866211,53633600
2007-11-30,,,,33.599998474121094,23.987899780273438,71027800
2007-12-03,,,,32.91999816894531,23.502399444580078,61770600
2007-12-04,,,,32.77000045776367,23.39539909362793,54801500
2007-12-05,,,,34.150001525878906,24.380599975585938,84894700
2007-12-06,,,,34.54999923706055,24.666099548339844,49209700
2007-12-07,,,,34.529998779296875,24.651899337768555,40771000
2007-12-10,,,,34.7599983215332,24.816099166870117,36083500
2007-12-11,,,,34.099998474121094,24.344900131225586,55070700
2007-12-12,,,,34.470001220703125,24.608999252319336,63345400
2007-12-13,,,,35.220001220703125,25.144500732421875,73913200
2007-12-14,,,,35.310001373291016,25.20870018005371,71126200
2007-12-17,,,,34.38999938964844,24.55190086364746,58121200
2007-12-18,,,,34.7400016784668,24.801799774169922,52791800
2007-12-19,,,,34.790000915527344,24.837499618530273,58469100
2007-12-20,,,,35.52000045776367,25.358699798583984,59345000
2007-12-21,,,,36.060001373291016,25.744199752807617,83240500
2007-12-24,,,,36.58000183105469,26.115400314331055,29622600
2007-12-26,,,,36.61000061035156,26.13680076599121,30252400
2007-12-27,,,,35.970001220703125,25.679899215698242,33311100
2007-12-28,,,,36.119998931884766,25.78700065612793,33447200
2007-12-31,,,,35.599998474121094,25.415800094604492,35229700
2008-01-02,,,,35.220001220703125,25.144500732421875,63004200
2008-01-03,,,,35.369998931884766,25.25160026550293,49599600
2008-01-04,,,,34.380001068115234,24.5447998046875,72090800
2008-01-07,,,,34.61000061035156,24.708999633789062,80164300
2008-01-08,,,,33.45000076293945,23.880800247192383,79148300
2008-01-09,,,,34.439998626708984,24.587600708007812,74305500
2008-01-10,,,,34.33000183105469,24.50909996032715,72446000
2008-01-11,,,,33.90999984741211,24.209199905395508,55187900
2008-01-14,,,,34.38999938964844,24.55190086364746,52792200
2008-01-15,,,,34.0,24.273500442504883,61606200
2008-01-16,,,,33.22999954223633,23.723800659179688,120778500
2008-01-17,,,,33.11000061035156,23.638099670410156,94247800
2008-01-18,,,,33.0099983215332,23.566699981689453,117062000
2008-01-22,,,,31.959999084472656,22.817100524902344,108521400
2008-01-23,,,,31.93000030517578,22.795700073242188,137597400
2008-01-24,,,,33.25,23.738000869750977,155640400
2008-01-25,,,,32.939998626708984,23.516700744628906,196992300
2008-01-28,,,,32.720001220703125,23.359699249267578,81019000
2008-01-29,,,,32.599998474121094,23.27400016784668,68023000
2008-01-30,,,,32.20000076293945,22.988399505615234,106432600
2008-01-31,,,,32.599998474121094,23.27400016784668,103642200
2008-02-01,,,,30.450000762939453,21.739099502563477,291138900
2008-02-04,,,,30.190000534057617,21.55340003967285,119998600
2008-02-05,,,,29.06999969482422,20.753799438476562,137534100
2008-02-06,,,,28.520000457763672,20.3612003326416,138315600
2008-02-07,,,,28.1200008392334,20.075599670410156,164964900
2008-02-08,,,,28.559999465942383,20.389699935913086,124872000
2008-02-11,,,,28.209999084472656,20.13990020751953,156814100
2008-02-12,,,,28.34000015258789,20.23270034790039,84365900
2008-02-13,,,,28.959999084472656,20.67530059814453,88986200
2008-02-14,,,,28.5,20.346900939941406,69113500
2008-02-15,,,,28.420000076293945,20.2898006439209,68166100
2008-02-19,,,,28.170000076293945,20.18939971923828,68261200
2008-02-20,,,,28.219999313354492,20.225299835205078,93056200
2008-02-21,,,,28.100000381469727,20.139299392700195,98776500
2008-02-22,,,,27.68000030517578,19.838300704956055,125705400
2008-02-25,,,,27.84000015258789,19.952899932861328,109974300
2008-02-26,,,,28.3799991607666,20.34000015258789,108923500
2008-02-27,,,,28.260000228881836,20.2539005279541,75199500
2008-02-28,,,,27.93000030517578,20.01740074157715,83002900
2008-02-29,,,,27.200000762939453,19.494199752807617,117411400
2008-03-03,,,,26.989999771118164,19.343700408935547,76544300
2008-03-04,,,,27.59000015258789,19.773799896240234,86925600
2008-03-05,,,,28.1200008392334,20.153600692749023,106489800
2008-03-06,,,,27.56999969482422,19.7593994140625,91127700
2008-03-07,,,,27.8700008392334,19.97439956665039,77597600
2008-03-10,,,,28.049999237060547,20.1033992767334,72175100
2008-03-11,,,,29.280000686645508,20.985000610351562,98740700
2008-03-12,,,,28.6299991607666,20.519100189208984,75993800
2008-03-13,,,,28.6200008392334,20.511999130249023,84552200
2008-03-14,,,,27.959999084472656,20.03890037536621,105214900
2008-03-17,,,,28.299999237060547,20.28260040283203,84490100
2008-03-18,,,,29.420000076293945,21.08530044555664,83695300
2008-03-19,,,,28.6200008392334,20.511999130249023,61442100
2008-03-20,,,,29.18000030517578,20.913299560546875,60170200
2008-03-24,,,,29.170000076293945,20.906099319458008,48294700
2008-03-25,,,,29.139999389648438,20.884599685668945,49149000
2008-03-26,,,,28.559999465942383,20.4689998626709,45868100
2008-03-27,,,,28.049999237060547,20.1033992767334,47894400
2008-03-28,,,,27.90999984741211,20.00309944152832,49244000
2008-03-31,,,,28.3799991607666,20.34000015258789,46780600
2008-04-01,,,,29.5,21.1427001953125,65796200
2008-04-02,,,,29.15999984741211,20.89900016784668,49499400
2008-04-03,,,,29.0,20.784299850463867,38961400
2008-04-04,,,,29.15999984741211,20.89900016784668,43860800
2008-04-07,,,,29.15999984741211,20.89900016784668,44428600
2008-04-08,,,,28.75,20.605100631713867,44733500
2008-04-09,,,,28.889999389648438,20.70549964904785,45839300
2008-04-10,,,,29.110000610351562,20.863100051879883,65591600
2008-04-11,,,,28.280000686645508,20.268299102783203,54373700
2008-04-14,,,,28.059999465942383,20.110599517822266,43418100
2008-04-15,,,,28.25,20.24679946899414,34310000
2008-04-16,,,,28.950000762939453,20.74850082397461,54107400
2008-04-17,,,,29.219999313354492,20.941999435424805,48743300
2008-04-18,,,,30.0,21.500999450683594,73658900
2008-04-21,,,,30.420000076293945,21.802000045776367,54411700
2008-04-22,,,,30.25,21.680200576782227,67387500
2008-04-23,,,,31.450000762939453,22.540199279785156,98351500
2008-04-24,,,,31.799999237060547,22.791099548339844,115416700
2008-04-25,,,,29.829999923706055,21.379199981689453,145194900
2008-04-28,,,,28.989999771118164,20.777099609375,97473000
2008-04-29,,,,28.639999389648438,20.52630043029785,84428900
2008-04-30,,,,28.520000457763672,20.44029998779297,74733600
2008-05-01,,,,29.399999618530273,21.070999145507812,71699400
2008-05-02,,,,29.239999771118164,20.956300735473633,66024200
2008-05-05,,,,29.079999923706055,20.84160041809082,119687700
2008-05-06,,,,29.700000762939453,21.285999298095703,93582000
2008-05-07,,,,29.209999084472656,20.934799194335938,88775000
2008-05-08,,,,29.270000457763672,20.977800369262695,69589900
2008-05-09,,,,29.389999389648438,21.063800811767578,51621200
2008-05-12,,,,29.989999771118164,21.493799209594727,64278800
2008-05-13,,,,29.780000686645508,21.421899795532227,70934700
2008-05-14,,,,29.93000030517578,21.529800415039062,66730400
2008-05-15,,,,30.450000762939453,21.903900146484375,53355800
2008-05-16,,,,29.989999771118164,21.572999954223633,81538200
2008-05-19,,,,29.459999084472656,21.191699981689453,59615000
2008-05-20,,,,28.760000228881836,20.688199996948242,75767600
2008-05-21,,,,28.25,20.321300506591797,60125100
2008-05-22,,,,28.469999313354492,20.47960090637207,52203100
2008-05-23,,,,28.049999237060547,20.177400588989258,48890700
2008-05-27,,,,28.440000534057617,20.45800018310547,47334500
2008-05-28,,,,28.18000030517578,20.270999908447266,52318500
2008-05-29,,,,28.309999465942383,20.364500045776367,47699200
2008-05-30,,,,28.31999969482422,20.371700286865234,63399200
2008-06-02,,,,27.799999237060547,19.997600555419922,77028400
2008-06-03,,,,27.309999465942383,19.645099639892578,86616700
2008-06-04,,,,27.540000915527344,19.81060028076172,79567400
2008-06-05,,,,28.299999237060547,20.3572998046875,76063400
2008-06-06,,,,27.489999771118164,19.774599075317383,78500800
2008-06-09,,,,27.709999084472656,19.932899475097656,66787100
2008-06-10,,,,27.889999389648438,20.062400817871094,77433900
2008-06-11,,,,27.1200008392334,19.508499145507812,59330800
2008-06-12,,,,28.239999771118164,20.31410026550293,113996300
2008-06-13,,,,29.06999969482422,20.91119956970215,131969100
2008-06-16,,,,28.93000030517578,20.81049919128418,74718900
2008-06-17,,,,28.799999237060547,20.716999053955078,44256700
2008-06-18,,,,28.459999084472656,20.472400665283203,49677800
2008-06-19,,,,28.93000030517578,20.81049919128418,62037800
2008-06-20,,,,28.229999542236328,20.306900024414062,97480400
2008-06-23,,,,27.969999313354492,20.11989974975586,57145300
2008-06-24,,,,27.729999542236328,19.94729995727539,65218300
2008-06-25,,,,28.350000381469727,20.393299102783203,64280200
2008-06-26,,,,27.75,19.961599349975586,67049100
2008-06-27,,,,27.6299991607666,19.87529945373535,73450200
2008-06-30,,,,27.510000228881836,19.788999557495117,57830500
2008-07-01,,,,26.8700008392334,19.32859992980957,100327800
2008-07-02,,,,25.8799991607666,18.616500854492188,84669000
2008-07-03,,,,25.979999542236328,18.688400268554688,37074500
2008-07-07,,,,26.030000686645508,18.72439956665039,71527600
2008-07-08,,,,25.850000381469727,18.594900131225586,65553200
2008-07-09,,,,25.229999542236328,18.14889907836914,54255800
2008-07-10,,,,25.450000762939453,18.307199478149414,57830600
2008-07-11,,,,25.25,18.163299560546875,69532600
2008-07-14,,,,25.149999618530273,18.091400146484375,51216200
2008-07-15,,,,26.149999618530273,18.810699462890625,92719300
2008-07-16,,,,27.260000228881836,19.60919952392578,82060400
2008-07-17,,,,27.520000457763672,19.796199798583984,96526100
2008-07-18,,,,25.860000610351562,18.602100372314453,150277000
2008-07-21,,,,25.639999389648438,18.44379997253418,77575600
2008-07-22,,,,25.799999237060547,18.558900833129883,88657200
2008-07-23,,,,26.43000030517578,19.012100219726562,79408800
2008-07-24,,,,25.440000534057617,18.299999237060547,81092600
2008-07-25,,,,26.15999984741211,18.817899703979492,58682300
2008-07-28,,,,25.5,18.34309959411621,59707800
2008-07-29,,,,26.110000610351562,18.78190040588379,66368200
2008-07-30,,,,26.229999542236328,18.86829948425293,51977700
2008-07-31,,,,25.719999313354492,18.501399993896484,60461000
2008-08-01,,,,25.440000534057617,18.299999237060547,82720200
2008-08-04,,,,25.280000686645508,18.184900283813477,60588300
2008-08-05,,,,26.209999084472656,18.853900909423828,84297600
2008-08-06,,,,27.020000457763672,19.436500549316406,95550000
2008-08-07,,,,27.389999389648438,19.702699661254883,82565800
2008-08-08,,,,28.1299991607666,20.235000610351562,80814100
2008-08-11,,,,27.899999618530273,20.069499969482422,68743800
2008-08-12,,,,28.1200008392334,20.227800369262695,62813000
2008-08-13,,,,27.90999984741211,20.07670021057129,51165200
2008-08-14,,,,27.90999984741211,20.07670021057129,49732300
2008-08-15,,,,27.809999465942383,20.00480079650879,47267400
2008-08-18,,,,27.690000534057617,19.918500900268555,38078200
2008-08-19,,,,27.31999969482422,19.73069953918457,40332900
2008-08-20,,,,27.290000915527344,19.708999633789062,41497200
2008-08-21,,,,27.18000030517578,19.629600524902344,43614200
2008-08-22,,,,27.84000015258789,20.106300354003906,47930400
2008-08-25,,,,27.65999984741211,19.976299285888672,51381300
2008-08-26,,,,27.270000457763672,19.694599151611328,44774400
2008-08-27,,,,27.559999465942383,19.90399932861328,33975300
2008-08-28,,,,27.940000534057617,20.178499221801758,48372600
2008-08-29,,,,27.290000915527344,19.708999633789062,50735500
2008-09-02,,,,27.100000381469727,19.571800231933594,66079200
2008-09-03,,,,26.899999618530273,19.427400588989258,57127700
2008-09-04,,,,26.350000381469727,19.03019905090332,66141900
2008-09-05,,,,25.649999618530273,18.524599075317383,82305200
2008-09-08,,,,26.1200008392334,18.864099502563477,62110800
2008-09-09,,,,26.100000381469727,18.849599838256836,85735700
2008-09-10,,,,26.440000534057617,19.095199584960938,75064900
2008-09-11,,,,27.34000015258789,19.74519920349121,72913300
2008-09-12,,,,27.6200008392334,19.947399139404297,75628500
2008-09-15,,,,26.81999969482422,19.369600296020508,82349400
2008-09-16,,,,25.989999771118164,18.770200729370117,111729700
2008-09-17,,,,24.56999969482422,17.744600296020508,106972100
2008-09-18,,,,25.260000228881836,18.243000030517578,132291300
2008-09-19,,,,25.15999984741211,18.170700073242188,134926100
2008-09-22,,,,25.399999618530273,18.344100952148438,105207700
2008-09-23,,,,25.440000534057617,18.37299919128418,92181300
2008-09-24,,,,25.719999313354492,18.575199127197266,80250300
2008-09-25,,,,26.610000610351562,19.217899322509766,96203500
2008-09-26,,,,27.399999618530273,19.78849983215332,100744300
2008-09-29,,,,25.010000228881836,18.062400817871094,134383100
2008-09-30,,,,26.690000534057617,19.275699615478516,107192700
2008-10-01,,,,26.479999542236328,19.124099731445312,88957000
2008-10-02,,,,26.25,18.95800018310547,93819800
2008-10-03,,,,26.31999969482422,19.008499145507812,114289400
2008-10-06,,,,24.90999984741211,17.99020004272461,146374600
2008-10-07,,,,23.229999542236328,16.776899337768555,145941200
2008-10-08,,,,23.010000228881836,16.618000030517578,171598600
2008-10-09,,,,22.299999237060547,16.105199813842773,131948700
2008-10-10,,,,21.5,15.52750015258789,228467500
2008-10-13,,,,25.5,18.41629981994629,144935400
2008-10-14,,,,24.100000381469727,17.40519905090332,165674900
2008-10-15,,,,22.65999984741211,16.36520004272461,113280200
2008-10-16,,,,24.190000534057617,17.470199584960938,161147800
2008-10-17,,,,23.93000030517578,17.282400131225586,133673100
2008-10-20,,,,24.719999313354492,17.85300064086914,93484300
2008-10-21,,,,23.360000610351562,16.870800018310547,100385600
2008-10-22,,,,21.530000686645508,15.549099922180176,150054800
2008-10-23,,,,22.31999969482422,16.119699478149414,154774100
2008-10-24,,,,21.959999084472656,15.859700202941895,153919700
2008-10-27,,,,21.18000030517578,15.29640007019043,117683900
2008-10-28,,,,23.100000381469727,16.683000564575195,134088800
2008-10-29,,,,23.0,16.61079978942871,111701800
2008-10-30,,,,22.6299991607666,16.343599319458008,95323000
2008-10-31,,,,22.329999923706055,16.12689971923828,93055200
2008-11-03,,,,22.6200008392334,16.336299896240234,61923500
2008-11-04,,,,23.530000686645508,16.993499755859375,72123000
2008-11-05,,,,22.079999923706055,15.94629955291748,81179700
2008-11-06,,,,20.8799991607666,15.079700469970703,95509700
2008-11-07,,,,21.5,15.52750015258789,71256300
2008-11-10,,,,21.299999237060547,15.383000373840332,67106800
2008-11-11,,,,21.200000762939453,15.310799598693848,78014500
2008-11-12,,,,20.299999237060547,14.660799980163574,90162300
2008-11-13,,,,21.25,15.34689998626709,148413700
2008-11-14,,,,20.059999465942383,14.487500190734863,96624500
2008-11-17,,,,19.31999969482422,13.953100204467773,97289000
2008-11-18,,,,19.6200008392334,14.265700340270996,108966500
2008-11-19,,,,18.290000915527344,13.298700332641602,103010500
2008-11-20,,,,17.530000686645508,12.746100425720215,139532800
2008-11-21,,,,19.68000030517578,14.309300422668457,157231900
2008-11-24,,,,20.690000534057617,15.043700218200684,125289900
2008-11-25,,,,19.989999771118164,14.534700393676758,92948100
2008-11-26,,,,20.489999771118164,14.898300170898438,79678300
2008-11-28,,,,20.219999313354492,14.70199966430664,28650800
2008-12-01,,,,18.610000610351562,13.531299591064453,79639900
2008-12-02,,,,19.149999618530273,13.923999786376953,79689800
2008-12-03,,,,19.8700008392334,14.447500228881836,80961500
2008-12-04,,,,19.110000610351562,13.89490032196045,78719200
2008-12-05,,,,19.8700008392334,14.447500228881836,91996200
2008-12-08,,,,21.010000228881836,15.276399612426758,107225000
2008-12-09,,,,20.600000381469727,14.978300094604492,80484900
2008-12-10,,,,20.610000610351562,14.98550033569336,61499000
2008-12-11,,,,19.450000762939453,14.14210033416748,83564300
2008-12-12,,,,19.360000610351562,14.076700210571289,78112600
2008-12-15,,,,19.040000915527344,13.843999862670898,59925900
2008-12-16,,,,20.110000610351562,14.621999740600586,97688700
2008-12-17,,,,19.65999984741211,14.2947998046875,78922700
2008-12-18,,,,19.299999237060547,14.032999992370605,80759200
2008-12-19,,,,19.1200008392334,13.902199745178223,113530400
2008-12-22,,,,19.18000030517578,13.945799827575684,58575400
2008-12-23,,,,19.280000686645508,14.018500328063965,47511400
2008-12-24,,,,19.170000076293945,13.93850040435791,16880400
2008-12-26,,,,19.1299991607666,13.90939998626709,23101000
2008-12-29,,,,18.959999084472656,13.785799980163574,58512800
2008-12-30,,,,19.34000015258789,14.062100410461426,43224100
2008-12-31,,,,19.440000534057617,14.13479995727539,46419000
2009-01-02,,,,20.329999923706055,14.781900405883789,50084000
2009-01-05,,,,20.520000457763672,14.920100212097168,61475200
2009-01-06,,,,20.760000228881836,15.094599723815918,58083400
2009-01-07,,,,19.510000228881836,14.185700416564941,72709900
2009-01-08,,,,20.1200008392334,14.629300117492676,70255400
2009-01-09,,,,19.520000457763672,14.192999839782715,49815300
2009-01-12,,,,19.469999313354492,14.156599998474121,52163500
2009-01-13,,,,19.81999969482422,14.411100387573242,65843500
2009-01-14,,,,19.09000015258789,13.88029956817627,80257500
2009-01-15,,,,19.239999771118164,13.989399909973145,96169800
2009-01-16,,,,19.709999084472656,14.331100463867188,79634100
2009-01-20,,,,18.479999542236328,13.436800003051758,89873000
2009-01-21,,,,19.3799991607666,14.09119987487793,68340900
2009-01-22,,,,17.110000610351562,12.440699577331543,222436600
2009-01-23,,,,17.200000762939453,12.506099700927734,117020600
2009-01-26,,,,17.6299991607666,12.81879997253418,92476500
2009-01-27,,,,17.65999984741211,12.84060001373291,61695000
2009-01-28,,,,18.040000915527344,13.116900444030762,64145500
2009-01-29,,,,17.59000015258789,12.78969955444336,49192800
2009-01-30,,,,17.100000381469727,12.43340015411377,62370900
2009-02-02,,,,17.829999923706055,12.964200019836426,88871700
2009-02-03,,,,18.5,13.451399803161621,86865100
2009-02-04,,,,18.6299991607666,13.545900344848633,75618000
2009-02-05,,,,19.040000915527344,13.843999862670898,75195200
2009-02-06,,,,19.65999984741211,14.2947998046875,86746000
2009-02-09,,,,19.440000534057617,14.13479995727539,52196400
2009-02-10,,,,18.799999237060547,13.669500350952148,83953200
2009-02-11,,,,19.209999084472656,13.967599868774414,58599000
2009-02-12,,,,19.260000228881836,14.003899574279785,75323200
2009-02-13,,,,19.09000015258789,13.88029956817627,47416000
2009-02-17,,,,18.09000015258789,13.243399620056152,75853300
2009-02-18,,,,18.1200008392334,13.265399932861328,54946900
2009-02-19,,,,17.90999984741211,13.111700057983398,49195600
2009-02-20,,,,18.0,13.177499771118164,69413800
2009-02-23,,,,17.209999084472656,12.599200248718262,70803400
2009-02-24,,,,17.170000076293945,12.569899559020996,122674500
2009-02-25,,,,16.959999084472656,12.416199684143066,105894600
2009-02-26,,,,16.420000076293945,12.02079963684082,83219500
2009-02-27,,,,16.149999618530273,11.823200225830078,93428000
2009-03-02,,,,15.789999961853027,11.559599876403809,80602100
2009-03-03,,,,15.880000114440918,11.625499725341797,80476600
2009-03-04,,,,16.1200008392334,11.801199913024902,69285100
2009-03-05,,,,15.270000457763672,11.178899765014648,89708500
2009-03-06,,,,15.279999732971191,11.186300277709961,92821400
2009-03-09,,,,15.149999618530273,11.091099739074707,66479100
2009-03-10,,,,16.479999542236328,12.064800262451172,95184200
2009-03-11,,,,17.110000610351562,12.526000022888184,84522200
2009-03-12,,,,17.010000228881836,12.452799797058105,93694100
2009-03-13,,,,16.649999618530273,12.189200401306152,82965800
2009-03-16,,,,16.25,11.896400451660156,67028900
2009-03-17,,,,16.899999618530273,12.372200012207031,62481000
2009-03-18,,,,16.959999084472656,12.416199684143066,70710700
2009-03-19,,,,17.139999389648438,12.547900199890137,58994600
2009-03-20,,,,17.059999465942383,12.489399909973145,81725500
2009-03-23,,,,18.329999923706055,13.419099807739258,71600000
2009-03-24,,,,17.93000030517578,13.126299858093262,50044100
2009-03-25,,,,17.8799991607666,13.089699745178223,73927100
2009-03-26,,,,18.829999923706055,13.785200119018555,63775100
2009-03-27,,,,18.1299991607666,13.272700309753418,47670400
2009-03-30,,,,17.479999542236328,12.796899795532227,49633000
2009-03-31,,,,18.3700008392334,13.448399543762207,92423300
2009-04-01,,,,19.309999465942383,14.13659954071045,96438900
2009-04-02,,,,19.290000915527344,14.121899604797363,99082300
2009-04-03,,,,18.75,13.72659969329834,81858400
2009-04-06,,,,18.760000228881836,13.73390007019043,47476100
2009-04-07,,,,18.760000228881836,13.73390007019043,65815200
2009-04-08,,,,19.190000534057617,14.048700332641602,56408900
2009-04-09,,,,19.670000076293945,14.400099754333496,55759600
2009-04-13,,,,19.59000015258789,14.34160041809082,44444700
2009-04-14,,,,19.350000381469727,14.165900230407715,63796300
2009-04-15,,,,18.829999923706055,13.785200119018555,72725500
2009-04-16,,,,19.760000228881836,14.465999603271484,67688700
2009-04-17,,,,19.200000762939453,14.055999755859375,61398500
2009-04-20,,,,18.610000610351562,13.624099731445312,62937200
2009-04-21,,,,18.969999313354492,13.887700080871582,60928300
2009-04-22,,,,18.780000686645508,13.748600006103516,59401000
2009-04-23,,,,18.920000076293945,13.851099967956543,86116300
2009-04-24,,,,20.90999984741211,15.307900428771973,168478500
2009-04-27,,,,20.399999618530273,14.934499740600586,68219600
2009-04-28,,,,19.93000030517578,14.590499877929688,76685200
2009-04-29,,,,20.25,14.824700355529785,79301600
2009-04-30,,,,20.260000228881836,14.832099914550781,87439900
2009-05-01,,,,20.239999771118164,14.817399978637695,63224500
2009-05-04,,,,20.190000534057617,14.780799865722656,54313400
2009-05-05,,,,19.790000915527344,14.48799991607666,66835500
2009-05-06,,,,19.790000915527344,14.48799991607666,59639100
2009-05-07,,,,19.31999969482422,14.143899917602539,68727200
2009-05-08,,,,19.420000076293945,14.217100143432617,67597600
2009-05-11,,,,19.31999969482422,14.143899917602539,63762600
2009-05-12,,,,19.889999389648438,14.561200141906738,71966800
2009-05-13,,,,19.75,14.458700180053711,49281700
2009-05-14,,,,20.059999465942383,14.685600280761719,54539500
2009-05-15,,,,20.219999313354492,14.802800178527832,61289900
2009-05-18,,,,20.600000381469727,15.081000328063965,46073800
2009-05-19,,,,20.309999465942383,14.96310043334961,51368300
2009-05-20,,,,20.3799991607666,15.014699935913086,47450700
2009-05-21,,,,19.81999969482422,14.602100372314453,58232800
2009-05-22,,,,19.75,14.55049991607666,37318700
2009-05-26,,,,20.34000015258789,14.985199928283691,44991700
2009-05-27,,,,20.1299991607666,14.830499649047852,42892900
2009-05-28,,,,20.450000762939453,15.066200256347656,45480800
2009-05-29,,,,20.889999389648438,15.390399932861328,46134900
2009-06-01,,,,21.399999618530273,15.76609992980957,57317100
2009-06-02,,,,21.399999618530273,15.76609992980957,48935700
2009-06-03,,,,21.729999542236328,16.009199142456055,56039600
2009-06-04,,,,21.829999923706055,16.08289909362793,42330000
2009-06-05,,,,22.139999389648438,16.31130027770996,59579200
2009-06-08,,,,22.049999237060547,16.2450008392334,49000600
2009-06-09,,,,22.079999923706055,16.267099380493164,50887700
2009-06-10,,,,22.549999237060547,16.613399505615234,61297200
2009-06-11,,,,22.829999923706055,16.819700241088867,65124600
2009-06-12,,,,23.329999923706055,17.187999725341797,50963500
2009-06-15,,,,23.420000076293945,17.25429916381836,69089600
2009-06-16,,,,23.450000762939453,17.276399612426758,105295600
2009-06-17,,,,23.68000030517578,17.445899963378906,86483100
2009-06-18,,,,23.5,17.31329917907715,58852200
2009-06-19,,,,24.06999969482422,17.733200073242188,115459000
2009-06-22,,,,23.280000686645508,17.151199340820312,71291600
2009-06-23,,,,23.34000015258789,17.19540023803711,56752700
2009-06-24,,,,23.469999313354492,17.291200637817383,54287700
2009-06-25,,,,23.790000915527344,17.526899337768555,57724300
2009-06-26,,,,23.350000381469727,17.202800750732422,65126400
2009-06-29,,,,23.860000610351562,17.578500747680664,62854900
2009-06-30,,,,23.770000457763672,17.51219940185547,66452400
2009-07-01,,,,24.040000915527344,17.71109962463379,54908400
2009-07-02,,,,23.3700008392334,17.217500686645508,65422200
2009-07-06,,,,23.200000762939453,17.092199325561523,49207700
2009-07-07,,,,22.530000686645508,16.598600387573242,52842500
2009-07-08,,,,22.559999465942383,16.62070083618164,73023400
2009-07-09,,,,22.440000534057617,16.53230094909668,46981200
2009-07-10,,,,22.389999389648438,16.495500564575195,43229200
2009-07-13,,,,23.229999542236328,17.11440086364746,67584000
2009-07-14,,,,23.110000610351562,17.02589988708496,45448700
2009-07-15,,,,24.1200008392334,17.770000457763672,67238700
2009-07-16,,,,24.440000534057617,18.005800247192383,64555100
2009-07-17,,,,24.290000915527344,17.895299911499023,52860100
2009-07-20,,,,24.530000686645508,18.072099685668945,47798000
2009-07-21,,,,24.829999923706055,18.293100357055664,52028400
2009-07-22,,,,24.799999237060547,18.270999908447266,66192500
2009-07-23,,,,25.559999465942383,18.830900192260742,106060500
2009-07-24,,,,23.450000762939453,17.276399612426758,215135700
2009-07-27,,,,23.110000610351562,17.02589988708496,80950000
2009-07-28,,,,23.469999313354492,17.291200637817383,70288400
2009-07-29,,,,23.799999237060547,17.534299850463867,73626900
2009-07-30,,,,23.809999465942383,17.54170036315918,67820000
2009-07-31,,,,23.520000457763672,17.327999114990234,54258200
2009-08-03,,,,23.829999923706055,17.556400299072266,46902900
2009-08-04,,,,23.770000457763672,17.51219940185547,49218300
2009-08-05,,,,23.809999465942383,17.54170036315918,53310300
2009-08-06,,,,23.459999084472656,17.28380012512207,59686000
2009-08-07,,,,23.559999465942383,17.357500076293945,46169700
2009-08-10,,,,23.420000076293945,17.25429916381836,35261900
2009-08-11,,,,23.1299991607666,17.040700912475586,33615800
2009-08-12,,,,23.530000686645508,17.335399627685547,61972300
2009-08-13,,,,23.6200008392334,17.40169906616211,38954500
2009-08-14,,,,23.690000534057617,17.45319938659668,46330200
2009-08-17,,,,23.25,17.129100799560547,42474400
2009-08-18,,,,23.579999923706055,17.469900131225586,38878900
2009-08-19,,,,23.649999618530273,17.521699905395508,41821300
2009-08-20,,,,23.670000076293945,17.53660011291504,39505900
2009-08-21,,,,24.40999984741211,18.084800720214844,69011400
2009-08-24,,,,24.639999389648438,18.255199432373047,54180900
2009-08-25,,,,24.639999389648438,18.255199432373047,43980300
2009-08-26,,,,24.549999237060547,18.188499450683594,41079000
2009-08-27,,,,24.690000534057617,18.292299270629883,45495600
2009-08-28,,,,24.68000030517578,18.284900665283203,55808000
2009-08-31,,,,24.649999618530273,18.26259994506836,49592800
2009-09-01,,,,24.0,17.781099319458008,62608500
2009-09-02,,,,23.860000610351562,17.67729949951172,40771300
2009-09-03,,,,24.110000610351562,17.862600326538086,34120000
2009-09-04,,,,24.6200008392334,18.240400314331055,44999700
2009-09-08,,,,24.81999969482422,18.388599395751953,53737100
2009-09-09,,,,24.780000686645508,18.35890007019043,49900300
2009-09-10,,,,25.0,18.521900177001953,46256000
2009-09-11,,,,24.860000610351562,18.41819953918457,54303500
2009-09-14,,,,25.0,18.521900177001953,42806800
2009-09-15,,,,25.200000762939453,18.67009925842285,44716600
2009-09-16,,,,25.200000762939453,18.67009925842285,50055800
2009-09-17,,,,25.299999237060547,18.744199752807617,42428800
2009-09-18,,,,25.260000228881836,18.714599609375,68016500
2009-09-21,,,,25.299999237060547,18.744199752807617,28878700
2009-09-22,,,,25.770000457763672,19.09239959716797,61376700
2009-09-23,,,,25.709999084472656,19.04800033569336,60599900
2009-09-24,,,,25.940000534057617,19.218399047851562,56302900
2009-09-25,,,,25.549999237060547,18.929399490356445,50158900
2009-09-28,,,,25.829999923706055,19.136899948120117,44358000
2009-09-29,,,,25.75,19.077600479125977,39050300
2009-09-30,,,,25.719999313354492,19.055400848388672,63533400
2009-10-01,,,,24.8799991607666,18.433000564575195,75958100
2009-10-02,,,,24.959999084472656,18.492300033569336,51219700
2009-10-05,,,,24.639999389648438,18.255199432373047,60804900
2009-10-06,,,,25.110000610351562,18.6033992767334,48795300
2009-10-07,,,,25.100000381469727,18.59600067138672,38472700
2009-10-08,,,,25.670000076293945,19.018299102783203,60521300
2009-10-09,,,,25.549999237060547,18.929399490356445,39520000
2009-10-12,,,,25.719999313354492,19.055400848388672,29145800
2009-10-13,,,,25.809999465942383,19.121999740600586,37749000
2009-10-14,,,,25.959999084472656,19.233200073242188,45365500
2009-10-15,,,,26.709999084472656,19.788799285888672,65620100
2009-10-16,,,,26.5,19.63330078125,56500900
2009-10-19,,,,26.360000610351562,19.529499053955078,48143200
2009-10-20,,,,26.3700008392334,19.53689956665039,54604700
2009-10-21,,,,26.579999923706055,19.6924991607666,61672700
2009-10-22,,,,26.59000015258789,19.699899673461914,61600000
2009-10-23,,,,28.020000457763672,20.7593994140625,281761000
2009-10-26,,,,28.68000030517578,21.24839973449707,124149700
2009-10-27,,,,28.59000015258789,21.181699752807617,69685800
2009-10-28,,,,28.020000457763672,20.7593994140625,73542400
2009-10-29,,,,28.219999313354492,20.90760040283203,65225500
2009-10-30,,,,27.729999542236328,20.54450035095215,73371800
2009-11-02,,,,27.8799991607666,20.65570068359375,62428900
2009-11-03,,,,27.530000686645508,20.396400451660156,50294800
2009-11-04,,,,28.059999465942383,20.788999557495117,63898400
2009-11-05,,,,28.469999313354492,21.09280014038086,52681700
2009-11-06,,,,28.520000457763672,21.12980079650879,38908500
2009-11-09,,,,28.989999771118164,21.47800064086914,57518000
2009-11-10,,,,29.010000228881836,21.492900848388672,65881100
2009-11-11,,,,29.1200008392334,21.57430076599121,49693400
2009-11-12,,,,29.360000610351562,21.752199172973633,55352400
2009-11-13,,,,29.6299991607666,21.952199935913086,53037600
2009-11-16,,,,29.540000915527344,21.885499954223633,54129500
2009-11-17,,,,30.0,22.324600219726562,75648900
2009-11-18,,,,30.110000610351562,22.406400680541992,59431200
2009-11-19,,,,29.780000686645508,22.160900115966797,51967700
2009-11-20,,,,29.6200008392334,22.041799545288086,42647100
2009-11-23,,,,29.940000534057617,22.27989959716797,41832700
2009-11-24,,,,29.90999984741211,22.257600784301758,37341400
2009-11-25,,,,29.790000915527344,22.16830062866211,32033500
2009-11-27,,,,29.219999313354492,21.74410057067871,29357900
2009-11-30,,,,29.40999984741211,21.885499954223633,44172000
2009-12-01,,,,30.010000228881836,22.332000732421875,49904200
2009-12-02,,,,29.780000686645508,22.160900115966797,36308600
2009-12-03,,,,29.829999923706055,22.19809913635254,43095200
2009-12-04,,,,29.979999542236328,22.30970001220703,58810700
2009-12-07,,,,29.790000915527344,22.16830062866211,38082700
2009-12-08,,,,29.56999969482422,22.004600524902344,37402200
2009-12-09,,,,29.709999084472656,22.108800888061523,44713300
2009-12-10,,,,29.8700008392334,22.227800369262695,45940200
2009-12-11,,,,29.850000381469727,22.212900161743164,43744200
2009-12-14,,,,30.110000610351562,22.406400680541992,34651200
2009-12-15,,,,30.020000457763672,22.339500427246094,49473200
2009-12-16,,,,30.100000381469727,22.39900016784668,55737800
2009-12-17,,,,29.600000381469727,22.026899337768555,43691200
2009-12-18,,,,30.360000610351562,22.592500686645508,94118000
2009-12-21,,,,30.520000457763672,22.71150016784668,40129100
2009-12-22,,,,30.81999969482422,22.934799194335938,36321000
2009-12-23,,,,30.920000076293945,23.009199142456055,28362700
2009-12-24,,,,31.0,23.068700790405273,11083900
2009-12-28,,,,31.170000076293945,23.195199966430664,25384000
2009-12-29,,,,31.389999389648438,23.35890007019043,29716200
2009-12-30,,,,30.959999084472656,23.038999557495117,42006200
2009-12-31,,,,30.479999542236328,22.681800842285156,31929700
2010-01-04,,,,30.950000762939453,23.0314998626709,38409100
2010-01-05,,,,30.959999084472656,23.038999557495117,49749600
2010-01-06,,,,30.770000457763672,22.897600173950195,58182400
2010-01-07,,,,30.450000762939453,22.659400939941406,50559700
2010-01-08,,,,30.65999984741211,22.81570053100586,51197400
2010-01-11,,,,30.270000457763672,22.52549934387207,68754700
2010-01-12,,,,30.06999969482422,22.376699447631836,65912100
2010-01-13,,,,30.350000381469727,22.584999084472656,51863500
2010-01-14,,,,30.959999084472656,23.038999557495117,63228100
2010-01-15,,,,30.860000610351562,22.964500427246094,79913200
2010-01-19,,,,31.100000381469727,23.14310073852539,46575700
2010-01-20,,,,30.59000015258789,22.763599395751953,54849500
2010-01-21,,,,30.010000228881836,22.332000732421875,73086700
2010-01-22,,,,28.959999084472656,21.550600051879883,102004600
2010-01-25,,,,29.31999969482422,21.818500518798828,63373000
2010-01-26,,,,29.5,21.952499389648438,66639900
2010-01-27,,,,29.670000076293945,22.07900047302246,63949500
2010-01-28,,,,29.15999984741211,21.699499130249023,117513700
2010-01-29,,,,28.18000030517578,20.970199584960938,193888500
2010-02-01,,,,28.40999984741211,21.141399383544922,85931100
2010-02-02,,,,28.459999084472656,21.178600311279297,54413700
2010-02-03,,,,28.6299991607666,21.305099487304688,61397900
2010-02-04,,,,27.84000015258789,20.717199325561523,77850000
2010-02-05,,,,28.020000457763672,20.85110092163086,80960100
2010-02-08,,,,27.719999313354492,20.627899169921875,52820600
2010-02-09,,,,28.010000228881836,20.843700408935547,59195800
2010-02-10,,,,27.989999771118164,20.828800201416016,48591300
2010-02-11,,,,28.1200008392334,20.925600051879883,65993700
2010-02-12,,,,27.93000030517578,20.78420066833496,81117200
2010-02-16,,,,28.350000381469727,21.19540023803711,51935600
2010-02-17,,,,28.59000015258789,21.374799728393555,45882900
2010-02-18,,,,28.969999313354492,21.658899307250977,42856500
2010-02-19,,,,28.770000457763672,21.5093994140625,44451800
2010-02-22,,,,28.729999542236328,21.47949981689453,36707100
2010-02-23,,,,28.329999923706055,21.180400848388672,52266200
2010-02-24,,,,28.6299991607666,21.404699325561523,43165900
2010-02-25,,,,28.600000381469727,21.382299423217773,48735300
2010-02-26,,,,28.670000076293945,21.434600830078125,40370600
2010-03-01,,,,29.020000457763672,21.696300506591797,43805400
2010-03-02,,,,28.459999084472656,21.277599334716797,93123900
2010-03-03,,,,28.459999084472656,21.277599334716797,48442100
2010-03-04,,,,28.6299991607666,21.404699325561523,42890600
2010-03-05,,,,28.59000015258789,21.374799728393555,56001800
2010-03-08,,,,28.6299991607666,21.404699325561523,39414500
2010-03-09,,,,28.799999237060547,21.53179931640625,50271600
2010-03-10,,,,28.969999313354492,21.658899307250977,44891400
2010-03-11,,,,29.18000030517578,21.815900802612305,35349700
2010-03-12,,,,29.270000457763672,21.88319969177246,31700200
2010-03-15,,,,29.290000915527344,21.898099899291992,37512000
2010-03-16,,,,29.3700008392334,21.95800018310547,36723500
2010-03-17,,,,29.6299991607666,22.152299880981445,50385700
2010-03-18,,,,29.610000610351562,22.137399673461914,43845200
2010-03-19,,,,29.59000015258789,22.122400283813477,81332100
2010-03-22,,,,29.600000381469727,22.129899978637695,37718200
2010-03-23,,,,29.8799991607666,22.33919906616211,42026600
2010-03-24,,,,29.649999618530273,22.167299270629883,33987700
2010-03-25,,,,30.010000228881836,22.436399459838867,73168700
2010-03-26,,,,29.65999984741211,22.174800872802734,55595500
2010-03-29,,,,29.59000015258789,22.122400283813477,33336000
2010-03-30,,,,29.770000457763672,22.256999969482422,34954800
2010-03-31,,,,29.290000915527344,21.898099899291992,63760000
2010-04-01,,,,29.15999984741211,21.801000595092773,74768100
2010-04-05,,,,29.270000457763672,21.88319969177246,34331200
2010-04-06,,,,29.31999969482422,21.92060089111328,47366800
2010-04-07,,,,29.350000381469727,21.94300079345703,58318800
2010-04-08,,,,29.920000076293945,22.369199752807617,63713800
2010-04-09,,,,30.34000015258789,22.68320083618164,54752500
2010-04-12,,,,30.31999969482422,22.66819953918457,37068800
2010-04-13,,,,30.450000762939453,22.765399932861328,41374600
2010-04-14,,,,30.81999969482422,23.04199981689453,68941200
2010-04-15,,,,30.8700008392334,23.07939910888672,52745400
2010-04-16,,,,30.670000076293945,22.929899215698242,88703100
2010-04-19,,,,31.040000915527344,23.206499099731445,64970300
2010-04-20,,,,31.360000610351562,23.44569969177246,52199500
2010-04-21,,,,31.329999923706055,23.42329978942871,55343100
2010-04-22,,,,31.389999389648438,23.46820068359375,84847600
2010-04-23,,,,30.959999084472656,23.146699905395508,126766600
2010-04-26,,,,31.110000610351562,23.258800506591797,63649300
2010-04-27,,,,30.850000381469727,23.06450080871582,68730900
2010-04-28,,,,30.90999984741211,23.10930061340332,64557900
2010-04-29,,,,31.0,23.176599502563477,52665200
2010-04-30,,,,30.540000915527344,22.832700729370117,63214800
2010-05-03,,,,30.860000610351562,23.0718994140625,43989500
2010-05-04,,,,30.1299991607666,22.526199340820312,82085600
2010-05-05,,,,29.850000381469727,22.31679916381836,66833800
2010-05-06,,,,28.979999542236328,21.666400909423828,128613000
2010-05-07,,,,28.209999084472656,21.090700149536133,173718100
2010-05-10,,,,28.940000534057617,21.636499404907227,86653300
2010-05-11,,,,28.8799991607666,21.59160041809082,63789400
2010-05-12,,,,29.440000534057617,22.010299682617188,47146800
2010-05-13,,,,29.239999771118164,21.86079978942871,45188800
2010-05-14,,,,28.93000030517578,21.628999710083008,63334000
2010-05-17,,,,28.940000534057617,21.636499404907227,46053300
2010-05-18,,,,28.600000381469727,21.47879981994629,52690600
2010-05-19,,,,28.239999771118164,21.20840072631836,61746700
2010-05-20,,,,27.110000610351562,20.359800338745117,87991100
2010-05-21,,,,26.84000015258789,20.156999588012695,117596300
2010-05-24,,,,26.270000457763672,19.728900909423828,73711700
2010-05-25,,,,26.06999969482422,19.578699111938477,98373600
2010-05-26,,,,25.010000228881836,18.782699584960938,176684100
2010-05-27,,,,26.0,19.526100158691406,136433600
2010-05-28,,,,25.799999237060547,19.375900268554688,67496900
2010-06-01,,,,25.889999389648438,19.443500518798828,76152400
2010-06-02,,,,26.459999084472656,19.871599197387695,65718800
2010-06-03,,,,26.860000610351562,20.172000885009766,67837000
2010-06-04,,,,25.790000915527344,19.36840057373047,89832200
2010-06-07,,,,25.290000915527344,18.992900848388672,80456200
2010-06-08,,,,25.110000610351562,18.857799530029297,87355000
2010-06-09,,,,24.790000915527344,18.617399215698242,87794000
2010-06-10,,,,25.0,18.775100708007812,78930900
2010-06-11,,,,25.65999984741211,19.27079963684082,68057700
2010-06-14,,,,25.5,19.15060043334961,50972400
2010-06-15,,,,26.579999923706055,19.961700439453125,81641500
2010-06-16,,,,26.31999969482422,19.76650047302246,48698000
2010-06-17,,,,26.3700008392334,19.804000854492188,47995500
2010-06-18,,,,26.440000534057617,19.856599807739258,52075600
2010-06-21,,,,25.950000762939453,19.48859977722168,54625300
2010-06-22,,,,25.770000457763672,19.3533992767334,55985400
2010-06-23,,,,25.309999465942383,19.007999420166016,61466200
2010-06-24,,,,25.0,18.775100708007812,85243400
2010-06-25,,,,24.530000686645508,18.422199249267578,156256700
2010-06-28,,,,24.309999465942383,18.256900787353516,73784800
2010-06-29,,,,23.309999465942383,17.50589942932129,119882100
2010-06-30,,,,23.010000228881836,17.28059959411621,81050500
2010-07-01,,,,23.15999984741211,17.393299102783203,92239400
2010-07-02,,,,23.270000457763672,17.475900650024414,62485100
2010-07-06,,,,23.81999969482422,17.888999938964844,73592000
2010-07-07,,,,24.299999237060547,18.249399185180664,79965300
2010-07-08,,,,24.40999984741211,18.332000732421875,50758100
2010-07-09,,,,24.270000457763672,18.226900100708008,53806100
2010-07-12,,,,24.829999923706055,18.647499084472656,49854200
2010-07-13,,,,25.1299991607666,18.872800827026367,61928700
2010-07-14,,,,25.440000534057617,19.105600357055664,72808100
2010-07-15,,,,25.510000228881836,19.158199310302734,56934700
2010-07-16,,,,24.889999389648438,18.6924991607666,65064800
2010-07-19,,,,25.229999542236328,18.947900772094727,38181800
2010-07-20,,,,25.479999542236328,19.13559913635254,45530700
2010-07-21,,,,25.1200008392334,18.865299224853516,73297300
2010-07-22,,,,25.84000015258789,19.4060001373291,73016400
2010-07-23,,,,25.809999465942383,19.383499145507812,108520100
2010-07-26,,,,26.100000381469727,19.601200103759766,67249900
2010-07-27,,,,26.15999984741211,19.646299362182617,60672100
2010-07-28,,,,25.950000762939453,19.48859977722168,69704800
2010-07-29,,,,26.030000686645508,19.5487003326416,69446200
2010-07-30,,,,25.809999465942383,19.383499145507812,83534800
2010-08-02,,,,26.329999923706055,19.77400016784668,55044600
2010-08-03,,,,26.15999984741211,19.646299362182617,56877700
2010-08-04,,,,25.729999542236328,19.323400497436523,78531900
2010-08-05,,,,25.3700008392334,19.05299949645996,64922100
2010-08-06,,,,25.549999237060547,19.188199996948242,55982100
2010-08-09,,,,25.610000610351562,19.233299255371094,57096500
2010-08-10,,,,25.06999969482422,18.827699661254883,87257700
2010-08-11,,,,24.860000610351562,18.670000076293945,76746900
2010-08-12,,,,24.489999771118164,18.392099380493164,70240500
2010-08-13,,,,24.399999618530273,18.324499130249023,45263500
2010-08-16,,,,24.5,18.399599075317383,40909700
2010-08-17,,,,24.709999084472656,18.656299591064453,52912600
2010-08-18,,,,24.81999969482422,18.73940086364746,46818900
2010-08-19,,,,24.440000534057617,18.452499389648438,54064600
2010-08-20,,,,24.229999542236328,18.293899536132812,49560100
2010-08-23,,,,24.280000686645508,18.33169937133789,51643000
2010-08-24,,,,24.040000915527344,18.15049934387207,66522500
2010-08-25,,,,24.100000381469727,18.19580078125,47404800
2010-08-26,,,,23.81999969482422,17.984399795532227,49105300
2010-08-27,,,,23.93000030517578,18.067399978637695,60939400
2010-08-30,,,,23.639999389648438,17.848499298095703,45453100
2010-08-31,,,,23.469999313354492,17.72010040283203,66074600
2010-09-01,,,,23.899999618530273,18.0447998046875,65235900
2010-09-02,,,,23.940000534057617,18.075000762939453,48837100
2010-09-03,,,,24.290000915527344,18.33919906616211,64189100
2010-09-07,,,,23.959999084472656,18.090099334716797,51928700
2010-09-08,,,,23.93000030517578,18.067399978637695,65512400
2010-09-09,,,,24.010000228881836,18.12779998779297,46028900
2010-09-10,,,,23.850000381469727,18.006999969482422,58284300
2010-09-13,,,,25.110000610351562,18.95829963684082,114680400
2010-09-14,,,,25.030000686645508,18.897899627685547,87160400
2010-09-15,,,,25.1200008392334,18.965900421142578,56201900
2010-09-16,,,,25.329999923706055,19.124399185180664,44548300
2010-09-17,,,,25.219999313354492,19.041400909423828,70341600
2010-09-20,,,,25.43000030517578,19.200000762939453,49838700
2010-09-21,,,,25.149999618530273,18.988500595092773,52675700
2010-09-22,,,,24.610000610351562,18.580799102783203,94299400
2010-09-23,,,,24.43000030517578,18.444900512695312,46201800
2010-09-24,,,,24.780000686645508,18.709199905395508,51948800
2010-09-27,,,,24.729999542236328,18.67140007019043,43603300
2010-09-28,,,,24.68000030517578,18.633699417114258,56041200
2010-09-29,,,,24.5,18.497800827026367,44318900
2010-09-30,,,,24.489999771118164,18.49020004272461,61262700
2010-10-01,,,,24.3799991607666,18.40719985961914,62672300
2010-10-04,,,,23.90999984741211,18.05229949951172,98143400
2010-10-05,,,,24.350000381469727,18.38450050354004,78152900
2010-10-06,,,,24.43000030517578,18.444900512695312,50489700
2010-10-07,,,,24.530000686645508,18.52039909362793,50096100
2010-10-08,,,,24.56999969482422,18.550600051879883,41327800
2010-10-11,,,,24.59000015258789,18.56570053100586,27587800
2010-10-12,,,,24.829999923706055,18.74690055847168,50141500
2010-10-13,,,,25.34000015258789,19.131999969482422,75336500
2010-10-14,,,,25.229999542236328,19.048900604248047,51949100
2010-10-15,,,,25.540000915527344,19.283000946044922,68954800
2010-10-18,,,,25.81999969482422,19.494400024414062,48330500
2010-10-19,,,,25.100000381469727,18.9507999420166,66150900
2010-10-20,,,,25.309999465942383,19.10930061340332,56283600
2010-10-21,,,,25.420000076293945,19.192399978637695,50032400
2010-10-22,,,,25.3799991607666,19.162200927734375,25837900
2010-10-25,,,,25.190000534057617,19.018699645996094,50912400
2010-10-26,,,,25.899999618530273,19.554800033569336,69304200
2010-10-27,,,,26.049999237060547,19.668100357055664,64805500
2010-10-28,,,,26.280000686645508,19.841699600219727,80730300
2010-10-29,,,,26.670000076293945,20.136199951171875,114193200
2010-11-01,,,,26.950000762939453,20.34760093688965,61912100
2010-11-02,,,,27.389999389648438,20.679800033569336,54402100
2010-11-03,,,,27.030000686645508,20.408000946044922,110255300
2010-11-04,,,,27.139999389648438,20.490999221801758,93599300
2010-11-05,,,,26.850000381469727,20.2721004486084,110953700
2010-11-08,,,,26.809999465942383,20.241899490356445,71670800
2010-11-09,,,,26.950000762939453,20.34760093688965,58538600
2010-11-10,,,,26.940000534057617,20.34000015258789,52277300
2010-11-11,,,,26.68000030517578,20.143699645996094,62073100
2010-11-12,,,,26.270000457763672,19.834199905395508,64962200
2010-11-15,,,,26.200000762939453,19.781299591064453,51794600
2010-11-16,,,,25.809999465942383,19.606599807739258,65339200
2010-11-17,,,,25.56999969482422,19.424299240112305,58299700
2010-11-18,,,,25.84000015258789,19.6294002532959,59514000
2010-11-19,,,,25.690000534057617,19.515399932861328,52423200
2010-11-22,,,,25.729999542236328,19.545799255371094,53350500
2010-11-23,,,,25.1200008392334,19.082399368286133,69742500
2010-11-24,,,,25.3700008392334,19.272300720214844,56825900
2010-11-26,,,,25.25,19.18120002746582,21356500
2010-11-29,,,,25.309999465942383,19.2268009185791,56603600
2010-11-30,,,,25.260000228881836,19.188800811767578,75282100
2010-12-01,,,,26.040000915527344,19.781299591064453,74123500
2010-12-02,,,,26.889999389648438,20.427000045776367,91759200
2010-12-03,,,,27.020000457763672,20.525800704956055,52622000
2010-12-06,,,,26.84000015258789,20.388999938964844,36264200
2010-12-07,,,,26.8700008392334,20.411800384521484,57860500
2010-12-08,,,,27.229999542236328,20.685300827026367,41666800
2010-12-09,,,,27.079999923706055,20.571300506591797,47148300
2010-12-10,,,,27.34000015258789,20.76889991760254,37625800
2010-12-13,,,,27.25,20.70050048828125,47943900
2010-12-14,,,,27.6200008392334,20.981599807739258,64070500
2010-12-15,,,,27.850000381469727,21.156299591064453,69634200
2010-12-16,,,,27.989999771118164,21.26259994506836,57680200
2010-12-17,,,,27.899999618530273,21.194299697875977,87456500
2010-12-20,,,,27.809999465942383,21.125900268554688,52811000
2010-12-21,,,,28.06999969482422,21.323400497436523,38153000
2010-12-22,,,,28.190000534057617,21.414600372314453,42252300
2010-12-23,,,,28.299999237060547,21.49810028076172,24902500
2010-12-27,,,,28.06999969482422,21.323400497436523,21652800
2010-12-28,,,,28.010000228881836,21.277799606323242,23042200
2010-12-29,,,,27.969999313354492,21.247400283813477,19502500
2010-12-30,,,,27.850000381469727,21.156299591064453,20786100
2010-12-31,,,,27.90999984741211,21.201900482177734,24752000
2011-01-03,,,,27.979999542236328,21.2549991607666,53443800
2011-01-04,,,,28.09000015258789,21.338600158691406,54405600
2011-01-05,,,,28.0,21.270200729370117,58998700
2011-01-06,,,,28.81999969482422,21.89310073852539,88026300
2011-01-07,,,,28.600000381469727,21.72599983215332,73762000
2011-01-10,,,,28.219999313354492,21.437299728393555,57573600
2011-01-11,,,,28.110000610351562,21.35379981994629,50298900
2011-01-12,,,,28.549999237060547,21.687999725341797,52631100
2011-01-13,,,,28.190000534057617,21.414600372314453,67077600
2011-01-14,,,,28.299999237060547,21.49810028076172,62688400
2011-01-18,,,,28.65999984741211,21.7716007232666,53322700
2011-01-19,,,,28.469999313354492,21.627300262451172,50005900
2011-01-20,,,,28.350000381469727,21.536100387573242,58613600
2011-01-21,,,,28.020000457763672,21.285400390625,58080300
2011-01-24,,,,28.3799991607666,21.558900833129883,52047800
2011-01-25,,,,28.450000762939453,21.61210060119629,42436600
2011-01-26,,,,28.780000686645508,21.86280059814453,74628800
2011-01-27,,,,28.8700008392334,21.931100845336914,146938600
2011-01-28,,,,27.75,21.080299377441406,141249400
2011-01-31,,,,27.729999542236328,21.065099716186523,65029000
2011-02-01,,,,27.989999771118164,21.26259994506836,62810700
2011-02-02,,,,27.940000534057617,21.224599838256836,45824000
2011-02-03,,,,27.649999618530273,21.00429916381836,60340100
2011-02-04,,,,27.770000457763672,21.095500946044922,40412200
2011-02-07,,,,28.200000762939453,21.422199249267578,68980900
2011-02-08,,,,28.280000686645508,21.482900619506836,34904200
2011-02-09,,,,27.969999313354492,21.247400283813477,52905100
2011-02-10,,,,27.5,20.890399932861328,76672400
2011-02-11,,,,27.25,20.70050048828125,83939700
2011-02-14,,,,27.229999542236328,20.685300827026367,56766200
2011-02-15,,,,26.959999084472656,20.601200103759766,44116500
2011-02-16,,,,27.020000457763672,20.6471004486084,70817900
2011-02-17,,,,27.209999084472656,20.792299270629883,57207300
2011-02-18,,,,27.059999465942383,20.67770004272461,68667800
2011-02-22,,,,26.59000015258789,20.318500518798828,60889000
2011-02-23,,,,26.59000015258789,20.318500518798828,60234100
2011-02-24,,,,26.770000457763672,20.456100463867188,64494200
2011-02-25,,,,26.549999237060547,20.287900924682617,53006300
2011-02-28,,,,26.579999923706055,20.31089973449707,51379900
2011-03-01,,,,26.15999984741211,19.989900588989258,60055000
2011-03-02,,,,26.079999923706055,19.928800582885742,48658200
2011-03-03,,,,26.200000762939453,20.02050018310547,68271500
2011-03-04,,,,25.950000762939453,19.829500198364258,70437200
2011-03-07,,,,25.719999313354492,19.65369987487793,64980400
2011-03-08,,,,25.90999984741211,19.798900604248047,50549800
2011-03-09,,,,25.889999389648438,19.783599853515625,39789100
2011-03-10,,,,25.40999984741211,19.416799545288086,66549500
2011-03-11,,,,25.68000030517578,19.62310028076172,49905800
2011-03-14,,,,25.690000534057617,19.630800247192383,54473400
2011-03-15,,,,25.389999389648438,19.401500701904297,76067300
2011-03-16,,,,24.790000915527344,18.943099975585938,100725400
2011-03-17,,,,24.780000686645508,18.935400009155273,62497000
2011-03-18,,,,24.799999237060547,18.950700759887695,85486700
2011-03-21,,,,25.329999923706055,19.35569953918457,46878100
2011-03-22,,,,25.299999237060547,19.332799911499023,30895600
2011-03-23,,,,25.540000915527344,19.516199111938477,43969000
2011-03-24,,,,25.809999465942383,19.72249984741211,38696700
2011-03-25,,,,25.6200008392334,19.577299118041992,57029800
2011-03-28,,,,25.40999984741211,19.416799545288086,48973200
2011-03-29,,,,25.489999771118164,19.47800064086914,40763500
2011-03-30,,,,25.610000610351562,19.569599151611328,41999300
2011-03-31,,,,25.389999389648438,19.401500701904297,63233700
2011-04-01,,,,25.479999542236328,19.470300674438477,63114200
2011-04-04,,,,25.549999237060547,19.523799896240234,35433700
2011-04-05,,,,25.780000686645508,19.699600219726562,73651100
2011-04-06,,,,26.149999618530273,19.9822998046875,65581400
2011-04-07,,,,26.200000762939453,20.02050018310547,46134700
2011-04-08,,,,26.06999969482422,19.921199798583984,39887600
2011-04-11,,,,25.979999542236328,19.852399826049805,34286300
2011-04-12,,,,25.639999389648438,19.592599868774414,36920400
2011-04-13,,,,25.6299991607666,19.58489990234375,38144700
2011-04-14,,,,25.420000076293945,19.42449951171875,55239900
2011-04-15,,,,25.3700008392334,19.38629913330078,65080400
2011-04-18,,,,25.079999923706055,19.16469955444336,58045100
2011-04-19,,,,25.149999618530273,19.21809959411621,38892400
2011-04-20,,,,25.760000228881836,19.68429946899414,61608600
2011-04-21,,,,25.520000457763672,19.500900268554688,46892300
2011-04-25,,,,25.610000610351562,19.569599151611328,33525100
2011-04-26,,,,26.190000534057617,20.01289939880371,69200000
2011-04-27,,,,26.3799991607666,20.158000946044922,52689000
2011-04-28,,,,26.709999084472656,20.410200119018555,80200000
2011-04-29,,,,25.920000076293945,19.806499481201172,319317900
2011-05-02,,,,25.65999984741211,19.607900619506836,89825600
2011-05-03,,,,25.809999465942383,19.72249984741211,71892900
2011-05-04,,,,26.059999465942383,19.91349983215332,73292300
2011-05-05,,,,25.790000915527344,19.707199096679688,55600000
2011-05-06,,,,25.8700008392334,19.768299102783203,55993000
2011-05-09,,,,25.829999923706055,19.73780059814453,38696400
2011-05-10,,,,25.670000076293945,19.61549949645996,120798700
2011-05-11,,,,25.360000610351562,19.378599166870117,78600000
2011-05-12,,,,25.31999969482422,19.347999572753906,77400000
2011-05-13,,,,25.030000686645508,19.126399993896484,66812300
2011-05-16,,,,24.56999969482422,18.774900436401367,91350900
2011-05-17,,,,24.520000457763672,18.859500885009766,82882100
2011-05-18,,,,24.690000534057617,18.990299224853516,53931100
2011-05-19,,,,24.719999313354492,19.013399124145508,37783600
2011-05-20,,,,24.489999771118164,18.83650016784668,45451500
2011-05-23,,,,24.170000076293945,18.590299606323242,52692500
2011-05-24,,,,24.149999618530273,18.575000762939453,47691800
2011-05-25,,,,24.190000534057617,18.60569953918457,34904200
2011-05-26,,,,24.670000076293945,18.974899291992188,78016600
2011-05-27,,,,24.760000228881836,19.044099807739258,50251000
2011-05-31,,,,25.010000228881836,19.236400604248047,60196300
2011-06-01,,,,24.43000030517578,18.790300369262695,74033500
2011-06-02,,,,24.219999313354492,18.628799438476562,51487800
2011-06-03,,,,23.90999984741211,18.390399932861328,60697700
2011-06-06,,,,24.010000228881836,18.467300415039062,54778700
2011-06-07,,,,24.059999465942383,18.505699157714844,41112600
2011-06-08,,,,23.940000534057617,18.413400650024414,42205000
2011-06-09,,,,23.959999084472656,18.428800582885742,42878700
2011-06-10,,,,23.709999084472656,18.236499786376953,49327200
2011-06-13,,,,24.040000915527344,18.490400314331055,47572500
2011-06-14,,,,24.219999313354492,18.628799438476562,42894500
2011-06-15,,,,23.739999771118164,18.259599685668945,49410200
2011-06-16,,,,24.0,18.4596004486084,57184100
2011-06-17,,,,24.260000228881836,18.65959930419922,83320400
2011-06-20,,,,24.469999313354492,18.82110023498535,54338400
2011-06-21,,,,24.760000228881836,19.044099807739258,49708700
2011-06-22,,,,24.649999618530273,18.95949935913086,44287300
2011-06-23,,,,24.6299991607666,18.94420051574707,59470400
2011-06-24,,,,24.299999237060547,18.69029998779297,101387200
2011-06-27,,,,25.200000762939453,19.382600784301758,92044200
2011-06-28,,,,25.799999237060547,19.844100952148438,81032100
2011-06-29,,,,25.6200008392334,19.70560073852539,66051000
2011-06-30,,,,26.0,19.997900009155273,52535400
2011-07-01,,,,26.020000457763672,20.0132999420166,52906200
2011-07-05,,,,26.030000686645508,20.020999908447266,37805300
2011-07-06,,,,26.329999923706055,20.251699447631836,48744200
2011-07-07,,,,26.770000457763672,20.590099334716797,51946500
2011-07-08,,,,26.920000076293945,20.70549964904785,58320700
2011-07-11,,,,26.6299991607666,20.482500076293945,43999800
2011-07-12,,,,26.540000915527344,20.41320037841797,47319300
2011-07-13,,,,26.6299991607666,20.482500076293945,40861800
2011-07-14,,,,26.469999313354492,20.359399795532227,46382300
2011-07-15,,,,26.780000686645508,20.59779930114746,49132400
2011-07-18,,,,26.59000015258789,20.45170021057129,44501900
2011-07-19,,,,27.540000915527344,21.18239974975586,86730600
2011-07-20,,,,27.059999465942383,20.813199996948242,49795400
2011-07-21,,,,27.100000381469727,20.8439998626709,81737400
2011-07-22,,,,27.530000686645508,21.174699783325195,76380600
2011-07-25,,,,27.90999984741211,21.466999053955078,108482400
2011-07-26,,,,28.079999923706055,21.597700119018555,74636500
2011-07-27,,,,27.329999923706055,21.02090072631836,71488700
2011-07-28,,,,27.719999313354492,21.32080078125,83761400
2011-07-29,,,,27.399999618530273,21.07469940185547,104394800
2011-08-01,,,,27.270000457763672,20.974700927734375,61838400
2011-08-02,,,,26.799999237060547,20.61319923400879,63883100
2011-08-03,,,,26.920000076293945,20.70549964904785,64581200
2011-08-04,,,,25.940000534057617,19.95170021057129,92949500
2011-08-05,,,,25.68000030517578,19.751800537109375,112071700
2011-08-08,,,,24.479999542236328,18.828800201416016,134257200
2011-08-09,,,,25.579999923706055,19.674800872802734,126268900
2011-08-10,,,,24.200000762939453,18.613399505615234,127819900
2011-08-11,,,,25.190000534057617,19.374900817871094,90690100
2011-08-12,,,,25.100000381469727,19.305700302124023,64787100
2011-08-15,,,,25.510000228881836,19.621000289916992,56529400
2011-08-16,,,,25.350000381469727,19.621000289916992,54251500
2011-08-17,,,,25.25,19.54360008239746,50923700
2011-08-18,,,,24.670000076293945,19.09469985961914,105714200
2011-08-19,,,,24.049999237060547,18.61479949951172,77397900
2011-08-22,,,,23.979999542236328,18.56060028076172,54721000
2011-08-23,,,,24.719999313354492,19.133399963378906,59670600
2011-08-24,,,,24.899999618530273,19.2726993560791,45329700
2011-08-25,,,,24.56999969482422,19.01729965209961,48192000
2011-08-26,,,,25.25,19.54360008239746,71957000
2011-08-29,,,,25.84000015258789,20.00029945373535,38863200
2011-08-30,,,,26.229999542236328,20.302099227905273,57341400
2011-08-31,,,,26.600000381469727,20.588499069213867,59300800
2011-09-01,,,,26.209999084472656,20.286699295043945,60510800
2011-09-02,,,,25.799999237060547,19.96929931640625,43894400
2011-09-06,,,,25.510000228881836,19.744800567626953,54929300
2011-09-07,,,,26.0,20.124099731445312,41961000
2011-09-08,,,,26.219999313354492,20.29439926147461,65811900
2011-09-09,,,,25.739999771118164,19.92289924621582,64529200
2011-09-12,,,,25.889999389648438,20.038999557495117,55046100
2011-09-13,,,,26.040000915527344,20.155099868774414,48792300
2011-09-14,,,,26.5,20.51110076904297,66739200
2011-09-15,,,,26.989999771118164,20.890399932861328,67808300
2011-09-16,,,,27.1200008392334,20.990999221801758,89681500
2011-09-19,,,,27.209999084472656,21.060699462890625,52324900
2011-09-20,,,,26.979999542236328,20.882600784301758,49211900
2011-09-21,,,,25.989999771118164,20.11639976501465,72750700
2011-09-22,,,,25.059999465942383,19.396499633789062,96278300
2011-09-23,,,,25.059999465942383,19.396499633789062,64768100
2011-09-26,,,,25.440000534057617,19.69070053100586,51057600
2011-09-27,,,,25.670000076293945,19.86870002746582,55620700
2011-09-28,,,,25.579999923706055,19.798999786376953,60736200
2011-09-29,,,,25.450000762939453,19.698400497436523,63407300
2011-09-30,,,,24.889999389648438,19.264999389648438,54060500
2011-10-03,,,,24.530000686645508,18.986299514770508,64592500
2011-10-04,,,,25.34000015258789,19.613300323486328,83485400
2011-10-05,,,,25.889999389648438,20.038999557495117,94061300
2011-10-06,,,,26.34000015258789,20.387300491333008,55111400
2011-10-07,,,,26.25,20.31760025024414,52741600
2011-10-10,,,,26.940000534057617,20.851699829101562,41815300
2011-10-11,,,,27.0,20.898099899291992,38826200
2011-10-12,,,,26.959999084472656,20.86720085144043,52489800
2011-10-13,,,,27.18000030517578,21.037399291992188,43823500
2011-10-14,,,,27.270000457763672,21.107099533081055,50947700
2011-10-17,,,,26.979999542236328,20.882600784301758,39453300
2011-10-18,,,,27.309999465942383,21.138099670410156,52487900
2011-10-19,,,,27.1299991607666,20.998699188232422,42880000
2011-10-20,,,,27.040000915527344,20.929100036621094,76300200
2011-10-21,,,,27.15999984741211,21.02199935913086,76620600
2011-10-24,,,,27.190000534057617,21.04520034790039,56897800
2011-10-25,,,,26.809999465942383,20.751100540161133,53554600
2011-10-26,,,,26.59000015258789,20.580799102783203,63029900
2011-10-27,,,,27.25,21.09160041809082,74512400
2011-10-28,,,,26.979999542236328,20.882600784301758,57712100
2011-10-31,,,,26.6299991607666,20.6117000579834,46799000
2011-11-01,,,,25.989999771118164,20.11639976501465,61182600
2011-11-02,,,,26.010000228881836,20.131799697875977,53533100
2011-11-03,,,,26.530000686645508,20.534299850463867,65836100
2011-11-04,,,,26.25,20.31760025024414,36549200
2011-11-07,,,,26.799999237060547,20.74329948425293,42589700
2011-11-08,,,,27.15999984741211,21.02199935913086,47822500
2011-11-09,,,,26.200000762939453,20.278900146484375,62950900
2011-11-10,,,,26.280000686645508,20.34079933166504,32514400
2011-11-11,,,,26.90999984741211,20.828500747680664,37903000
2011-11-14,,,,26.760000228881836,20.712400436401367,34199200
2011-11-15,,,,26.739999771118164,20.852699279785156,43874200
2011-11-16,,,,26.06999969482422,20.3302001953125,53262800
2011-11-17,,,,25.540000915527344,19.916900634765625,70977500
2011-11-18,,,,25.299999237060547,19.729799270629883,47626200
2011-11-21,,,,25.0,19.495800018310547,61882500
2011-11-22,,,,24.790000915527344,19.332000732421875,49204500
2011-11-23,,,,24.469999313354492,19.082500457763672,49099700
2011-11-25,,,,24.299999237060547,18.949899673461914,26164600
2011-11-28,,,,24.8700008392334,19.394399642944336,46766700
2011-11-29,,,,24.84000015258789,19.371000289916992,40917100
2011-11-30,,,,25.579999923706055,19.94809913635254,81350900
2011-12-01,,,,25.280000686645508,19.71419906616211,48545400
2011-12-02,,,,25.219999313354492,19.667400360107422,52293800
2011-12-05,,,,25.700000762939453,20.04170036315918,56818400
2011-12-06,,,,25.65999984741211,20.010499954223633,46175300
2011-12-07,,,,25.600000381469727,19.963699340820312,62667000
2011-12-08,,,,25.399999618530273,19.80769920349121,60522200
2011-12-09,,,,25.700000762939453,20.04170036315918,53788500
2011-12-12,,,,25.510000228881836,19.89349937438965,38945900
2011-12-13,,,,25.760000228881836,20.088499069213867,54581100
2011-12-14,,,,25.59000015258789,19.955900192260742,47926400
2011-12-15,,,,25.559999465942383,19.9325008392334,46213900
2011-12-16,,,,26.0,20.27560043334961,101408100
2011-12-19,,,,25.530000686645508,19.909099578857422,52258300
2011-12-20,,,,26.030000686645508,20.298999786376953,60767600
2011-12-21,,,,25.760000228881836,20.088499069213867,64132500
2011-12-22,,,,25.809999465942383,20.127500534057617,35794100
2011-12-23,,,,26.030000686645508,20.298999786376953,23205800
2011-12-27,,,,26.040000915527344,20.306800842285156,21287200
2011-12-28,,,,25.81999969482422,20.135299682617188,29822500
2011-12-29,,,,26.020000457763672,20.291200637817383,22616900
2011-12-30,,,,25.959999084472656,20.24449920654297,27395700
2012-01-03,,,,26.770000457763672,20.876100540161133,64731500
2012-01-04,,,,27.399999618530273,21.367399215698242,80516100
2012-01-05,,,,27.68000030517578,21.585800170898438,56081400
2012-01-06,,,,28.110000610351562,21.921100616455078,99455500
2012-01-09,,,,27.739999771118164,21.632600784301758,59706800
2012-01-10,,,,27.84000015258789,21.710500717163086,60014400
2012-01-11,,,,27.719999313354492,21.617000579833984,65582400
2012-01-12,,,,28.0,21.83530044555664,49370800
2012-01-13,,,,28.25,22.03030014038086,60196100
2012-01-17,,,,28.260000228881836,22.03809928894043,72395300
2012-01-18,,,,28.229999542236328,22.014699935913086,64860600
2012-01-19,,,,28.1200008392334,21.92889976501465,74053500
2012-01-20,,,,29.709999084472656,23.168800354003906,165902900
2012-01-23,,,,29.729999542236328,23.18440055847168,76078100
2012-01-24,,,,29.34000015258789,22.880300521850586,51703300
2012-01-25,,,,29.559999465942383,23.05190086364746,59231700
2012-01-26,,,,29.5,23.00510025024414,49102800
2012-01-27,,,,29.229999542236328,22.79450035095215,44187700
2012-01-30,,,,29.610000610351562,23.09079933166504,51114800
2012-01-31,,,,29.530000686645508,23.028499603271484,50572400
2012-02-01,,,,29.889999389648438,23.309200286865234,67409900
2012-02-02,,,,29.950000762939453,23.356000900268555,52223300
2012-02-03,,,,30.239999771118164,23.58209991455078,41838500
2012-02-06,,,,30.200000762939453,23.550899505615234,28039700
2012-02-07,,,,30.350000381469727,23.66790008544922,39242400
2012-02-08,,,,30.65999984741211,23.909700393676758,49659100
2012-02-09,,,,30.770000457763672,23.995399475097656,50481600
2012-02-10,,,,30.5,23.784900665283203,44605300
2012-02-13,,,,30.579999923706055,23.847299575805664,33319800
2012-02-14,,,,30.25,23.74519920349121,59644000
2012-02-15,,,,30.049999237060547,23.588199615478516,43311300
2012-02-16,,,,31.290000915527344,24.561599731445312,94705100
2012-02-17,,,,31.25,24.53019905090332,70036500
2012-02-21,,,,31.440000534057617,24.67930030822754,50829900
2012-02-22,,,,31.270000457763672,24.545900344848633,49253200
2012-02-23,,,,31.3700008392334,24.624399185180664,35034700
2012-02-24,,,,31.479999542236328,24.7106990814209,35575400
2012-02-27,,,,31.350000381469727,24.608699798583984,34568400
2012-02-28,,,,31.8700008392334,25.01689910888672,45230600
2012-02-29,,,,31.739999771118164,24.9148006439209,59323600
2012-03-01,,,,32.290000915527344,25.346599578857422,77344100
2012-03-02,,,,32.08000183105469,25.181699752807617,47314200
2012-03-05,,,,31.799999237060547,24.96190071105957,45240000
2012-03-06,,,,31.559999465942383,24.773500442504883,51932900
2012-03-07,,,,31.84000015258789,24.99329948425293,34340400
2012-03-08,,,,32.0099983215332,25.126800537109375,36747400
2012-03-09,,,,31.989999771118164,25.111099243164062,34628400
2012-03-12,,,,32.040000915527344,25.150299072265625,34073600
2012-03-13,,,,32.66999816894531,25.644899368286133,48951700
2012-03-14,,,,32.77000045776367,25.72330093383789,41986900
2012-03-15,,,,32.849998474121094,25.786100387573242,49068300
2012-03-16,,,,32.599998474121094,25.58989906311035,65626400
2012-03-19,,,,32.20000076293945,25.27589988708496,44789200
2012-03-20,,,,31.989999771118164,25.111099243164062,41566800
2012-03-21,,,,31.90999984741211,25.04829978942871,37928600
2012-03-22,,,,32.0,25.118900299072266,31749500
2012-03-23,,,,32.0099983215332,25.126800537109375,35912200
2012-03-26,,,,32.59000015258789,25.58209991455078,36758300
2012-03-27,,,,32.52000045776367,25.527099609375,36274900
2012-03-28,,,,32.189998626708984,25.26810073852539,41344800
2012-03-29,,,,32.119998931884766,25.21310043334961,37038500
2012-03-30,,,,32.2599983215332,25.322999954223633,31749400
2012-04-02,,,,32.290000915527344,25.346599578857422,35853600
2012-04-03,,,,31.940000534057617,25.071800231933594,42752100
2012-04-04,,,,31.209999084472656,24.49880027770996,49455900
2012-04-05,,,,31.520000457763672,24.74209976196289,50368600
2012-04-09,,,,31.100000381469727,24.412500381469727,31056400
2012-04-10,,,,30.469999313354492,23.91790008544922,54131300
2012-04-11,,,,30.350000381469727,23.823699951171875,43014000
2012-04-12,,,,30.979999542236328,24.318300247192383,38304000
2012-04-13,,,,30.809999465942383,24.184799194335938,39749200
2012-04-16,,,,31.079999923706055,24.396799087524414,38124800
2012-04-17,,,,31.440000534057617,24.67930030822754,34361500
2012-04-18,,,,31.139999389648438,24.443899154663086,40552900
2012-04-19,,,,31.010000228881836,24.341800689697266,54781200
2012-04-20,,,,32.41999816894531,25.44860076904297,106045000
2012-04-23,,,,32.119998931884766,25.21310043334961,61398200
2012-04-24,,,,31.920000076293945,25.056100845336914,40871100
2012-04-25,,,,32.20000076293945,25.27589988708496,62495500
2012-04-26,,,,32.11000061035156,25.205299377441406,40308100
2012-04-27,,,,31.979999542236328,25.103200912475586,41419100
2012-04-30,,,,32.02000045776367,25.134599685668945,35697200
2012-05-01,,,,32.0099983215332,25.126800537109375,43832300
2012-05-02,,,,31.799999237060547,24.96190071105957,37385300
2012-05-03,,,,31.760000228881836,24.930500030517578,31501300
2012-05-04,,,,30.979999542236328,24.318300247192383,57927200
2012-05-07,,,,30.649999618530273,24.059200286865234,48641400
2012-05-08,,,,30.5,23.941499710083008,46328300
2012-05-09,,,,30.760000228881836,24.145599365234375,50309300
2012-05-10,,,,30.739999771118164,24.129899978637695,43839200
2012-05-11,,,,31.15999984741211,24.4596004486084,43459300
2012-05-14,,,,30.68000030517578,24.082799911499023,40528900
2012-05-15,,,,30.209999084472656,23.869400024414062,61822800
2012-05-16,,,,29.899999618530273,23.624500274658203,60083700
2012-05-17,,,,29.719999313354492,23.4822998046875,48484000
2012-05-18,,,,29.270000457763672,23.126699447631836,56205300
2012-05-21,,,,29.75,23.506000518798828,38787900
2012-05-22,,,,29.760000228881836,23.513900756835938,39504900
2012-05-23,,,,29.110000610351562,23.00029945373535,65171000
2012-05-24,,,,29.06999969482422,22.968700408935547,52575000
2012-05-25,,,,29.059999465942383,22.960800170898438,29507200
2012-05-29,,,,29.559999465942383,23.355899810791016,37758800
2012-05-30,,,,29.34000015258789,23.18199920654297,41585500
2012-05-31,,,,29.190000534057617,23.063499450683594,39134000
2012-06-01,,,,28.450000762939453,22.47879981994629,56634300
2012-06-04,,,,28.549999237060547,22.55780029296875,47926300
2012-06-05,,,,28.510000228881836,22.526199340820312,45715400
2012-06-06,,,,29.350000381469727,23.189899444580078,46860500
2012-06-07,,,,29.229999542236328,23.09510040283203,37792800
2012-06-08,,,,29.649999618530273,23.427000045776367,42551100
2012-06-11,,,,28.899999618530273,22.834400177001953,46361900
2012-06-12,,,,29.290000915527344,23.142499923706055,35337900
2012-06-13,,,,29.1299991607666,23.01609992980957,32984600
2012-06-14,,,,29.34000015258789,23.18199920654297,39458900
2012-06-15,,,,30.020000457763672,23.71929931640625,62314400
2012-06-18,,,,29.84000015258789,23.57710075378418,58679900
2012-06-19,,,,30.700000762939453,24.25659942626953,75725800
2012-06-20,,,,30.93000030517578,24.43829917907715,36257100
2012-06-21,,,,30.139999389648438,23.81410026550293,48456600
2012-06-22,,,,30.700000762939453,24.25659942626953,45098100
2012-06-25,,,,29.8700008392334,23.600799560546875,42217200
2012-06-26,,,,30.020000457763672,23.71929931640625,38421300
2012-06-27,,,,30.170000076293945,23.837799072265625,33781700
2012-06-28,,,,29.90999984741211,23.632400512695312,45328400
2012-06-29,,,,30.59000015258789,24.169700622558594,55227200
2012-07-02,,,,30.559999465942383,24.145999908447266,30589100
2012-07-03,,,,30.760000228881836,24.304000854492188,20938100
2012-07-05,,,,30.700000762939453,24.25659942626953,28801900
2012-07-06,,,,30.190000534057617,23.853599548339844,38294800
2012-07-09,,,,30.0,23.703500747680664,30680800
2012-07-10,,,,29.739999771118164,23.49810028076172,37534100
2012-07-11,,,,29.299999237060547,23.150400161743164,39184900
2012-07-12,,,,28.6299991607666,22.6210994720459,63523600
2012-07-13,,,,29.389999389648438,23.221500396728516,39085000
2012-07-16,,,,29.440000534057617,23.26099967956543,27900600
2012-07-17,,,,29.65999984741211,23.434900283813477,33771300
2012-07-18,,,,30.450000762939453,24.059099197387695,41090400
2012-07-19,,,,30.670000076293945,24.232900619506836,46663200
2012-07-20,,,,30.1200008392334,23.79829978942871,64021700
2012-07-23,,,,29.280000686645508,23.134599685668945,55151900
2012-07-24,,,,29.149999618530273,23.03190040588379,47723300
2012-07-25,,,,28.829999923706055,22.77910041809082,45579500
2012-07-26,,,,29.15999984741211,23.0398006439209,45301400
2012-07-27,,,,29.760000228881836,23.513900756835938,44242600
2012-07-30,,,,29.639999389648438,23.419099807739258,28905000
2012-07-31,,,,29.469999313354492,23.284799575805664,37620900
2012-08-01,,,,29.40999984741211,23.237300872802734,31721800
2012-08-02,,,,29.190000534057617,23.063499450683594,39520500
2012-08-03,,,,29.75,23.506000518798828,35859400
2012-08-06,,,,29.950000762939453,23.663999557495117,27471800
2012-08-07,,,,30.260000228881836,23.908899307250977,28002900
2012-08-08,,,,30.329999923706055,23.96430015563965,26257600
2012-08-09,,,,30.5,24.098600387573242,24920800
2012-08-10,,,,30.420000076293945,24.035400390625,27810300
2012-08-13,,,,30.389999389648438,24.011699676513672,23049100
2012-08-14,,,,30.1299991607666,23.963899612426758,34551400
2012-08-15,,,,30.200000762939453,24.01959991455078,24351000
2012-08-16,,,,30.780000686645508,24.480899810791016,35787200
2012-08-17,,,,30.899999618530273,24.576400756835938,32589900
2012-08-20,,,,30.739999771118164,24.449100494384766,23737700
2012-08-21,,,,30.799999237060547,24.49679946899414,28822700
2012-08-22,,,,30.540000915527344,24.290000915527344,33437400
2012-08-23,,,,30.260000228881836,24.06730079650879,28355600
2012-08-24,,,,30.559999465942383,24.30590057373047,22943300
2012-08-27,,,,30.690000534057617,24.409299850463867,34691100
2012-08-28,,,,30.6299991607666,24.361600875854492,23947900
2012-08-29,,,,30.649999618530273,24.377500534057617,23346800
2012-08-30,,,,30.31999969482422,24.115100860595703,23982100
2012-08-31,,,,30.81999969482422,24.512699127197266,36590100
2012-09-04,,,,30.389999389648438,24.170700073242188,48556700
2012-09-05,,,,30.389999389648438,24.170700073242188,33650000
2012-09-06,,,,31.350000381469727,24.93429946899414,48371700
2012-09-07,,,,30.950000762939453,24.616100311279297,42649100
2012-09-10,,,,30.719999313354492,24.43320083618164,40524000
2012-09-11,,,,30.790000915527344,24.48889923095703,25191800
2012-09-12,,,,30.780000686645508,24.480899810791016,32775800
2012-09-13,,,,30.940000534057617,24.608200073242188,45047300
2012-09-14,,,,31.209999084472656,24.822900772094727,51422800
2012-09-17,,,,31.209999084472656,24.822900772094727,36488500
2012-09-18,,,,31.18000030517578,24.799100875854492,34542700
2012-09-19,,,,31.049999237060547,24.69569969177246,48871900
2012-09-20,,,,31.450000762939453,25.0137996673584,45543000
2012-09-21,,,,31.190000534057617,24.80699920654297,102348900
2012-09-24,,,,30.780000686645508,24.480899810791016,46825900
2012-09-25,,,,30.389999389648438,24.170700073242188,54266400
2012-09-26,,,,30.170000076293945,23.995800018310547,54672000
2012-09-27,,,,30.15999984741211,23.98780059814453,47129900
2012-09-28,,,,29.760000228881836,23.669700622558594,54229300
2012-10-01,,,,29.489999771118164,23.45490074157715,54042700
2012-10-02,,,,29.65999984741211,23.590099334716797,43338900
2012-10-03,,,,29.860000610351562,23.74920082092285,46655900
2012-10-04,,,,30.030000686645508,23.8843994140625,43634900
2012-10-05,,,,29.850000381469727,23.741199493408203,41133900
2012-10-08,,,,29.780000686645508,23.68560028076172,29752000
2012-10-09,,,,29.280000686645508,23.287900924682617,45121100
2012-10-10,,,,28.979999542236328,23.049299240112305,47227100
2012-10-11,,,,28.950000762939453,23.025400161743164,41488500
2012-10-12,,,,29.200000762939453,23.224300384521484,46464700
2012-10-15,,,,29.510000228881836,23.470800399780273,42440200
2012-10-16,,,,29.489999771118164,23.45490074157715,47739400
2012-10-17,,,,29.59000015258789,23.534400939941406,44206100
2012-10-18,,,,29.5,23.462900161743164,59238500
2012-10-19,,,,28.639999389648438,22.778900146484375,90470800
2012-10-22,,,,28.0,22.269800186157227,83374000
2012-10-23,,,,28.049999237060547,22.309600830078125,64414800
2012-10-24,,,,27.899999618530273,22.19029998779297,53320400
2012-10-25,,,,27.8799991607666,22.174400329589844,54084300
2012-10-26,,,,28.209999084472656,22.436899185180664,57790000
2012-10-31,,,,28.540000915527344,22.69930076599121,69464100
2012-11-01,,,,29.520000457763672,23.47879981994629,72047900
2012-11-02,,,,29.5,23.462900161743164,57131600
2012-11-05,,,,29.6299991607666,23.566299438476562,38070800
2012-11-06,,,,29.860000610351562,23.74920082092285,43401500
2012-11-07,,,,29.079999923706055,23.128799438476562,57871800
2012-11-08,,,,28.809999465942383,22.914100646972656,49841800
2012-11-09,,,,28.829999923706055,22.93000030517578,43291200
2012-11-12,,,,28.219999313354492,22.444799423217773,61112300
2012-11-13,,,,27.09000015258789,21.71929931640625,131689200
2012-11-14,,,,26.84000015258789,21.51889991760254,76086100
2012-11-15,,,,26.65999984741211,21.37459945678711,50955600
2012-11-16,,,,26.520000457763672,21.262300491333008,64083300
2012-11-19,,,,26.729999542236328,21.430700302124023,57179300
2012-11-20,,,,26.709999084472656,21.41469955444336,47070400
2012-11-21,,,,26.950000762939453,21.607099533081055,66360300
2012-11-23,,,,27.700000762939453,22.20840072631836,57845700
2012-11-26,,,,27.389999389648438,21.95989990234375,85198700
2012-11-27,,,,27.079999923706055,21.711299896240234,45018600
2012-11-28,,,,27.360000610351562,21.935800552368164,53018400
2012-11-29,,,,26.950000762939453,21.607099533081055,69551400
2012-11-30,,,,26.6200008392334,21.342500686645508,83690200
2012-12-03,,,,26.43000030517578,21.190200805664062,53173800
2012-12-04,,,,26.3700008392334,21.142099380493164,49777500
2012-12-05,,,,26.670000076293945,21.382600784301758,68283800
2012-12-06,,,,26.729999542236328,21.430700302124023,39182300
2012-12-07,,,,26.459999084472656,21.21419906616211,46162100
2012-12-10,,,,26.940000534057617,21.59910011291504,47031100
2012-12-11,,,,27.31999969482422,21.90369987487793,52282800
2012-12-12,,,,27.239999771118164,21.839599609375,43966300
2012-12-13,,,,27.110000610351562,21.73539924621582,45080100
2012-12-14,,,,26.809999465942383,21.49489974975586,42077500
2012-12-17,,,,27.100000381469727,21.727399826049805,42046100
2012-12-18,,,,27.559999465942383,22.096200942993164,50486900
2012-12-19,,,,27.309999465942383,21.895700454711914,53519900
2012-12-20,,,,27.68000030517578,22.192399978637695,52607300
2012-12-21,,,,27.450000762939453,22.007999420166016,98776500
2012-12-24,,,,27.059999465942383,21.69529914855957,20842400
2012-12-26,,,,26.860000610351562,21.534900665283203,31631100
2012-12-27,,,,26.959999084472656,21.615100860595703,39394000
2012-12-28,,,,26.549999237060547,21.286399841308594,28239900
2012-12-31,,,,26.709999084472656,21.41469955444336,42749500
2013-01-02,,,,27.6200008392334,22.14430046081543,52899300
2013-01-03,,,,27.25,21.84760093688965,48294400
2013-01-04,,,,26.739999771118164,21.43869972229004,52521100
2013-01-07,,,,26.690000534057617,21.39859962463379,37110400
2013-01-08,,,,26.549999237060547,21.286399841308594,44703100
2013-01-09,,,,26.700000762939453,21.406700134277344,49047900
2013-01-10,,,,26.459999084472656,21.21419906616211,71431300
2013-01-11,,,,26.829999923706055,21.510900497436523,55512100
2013-01-14,,,,26.889999389648438,21.55900001525879,48324400
2013-01-15,,,,27.209999084472656,21.81559944152832,48244500
2013-01-16,,,,27.040000915527344,21.67930030822754,41077400
2013-01-17,,,,27.25,21.84760093688965,51685900
2013-01-18,,,,27.25,21.84760093688965,52167700
2013-01-22,,,,27.149999618530273,21.76740074157715,58650600
2013-01-23,,,,27.610000610351562,22.13629913330078,50387700
2013-01-24,,,,27.6299991607666,22.152299880981445,101739300
2013-01-25,,,,27.8799991607666,22.352699279785156,81847700
2013-01-28,,,,27.90999984741211,22.376800537109375,56056500
2013-01-29,,,,28.010000228881836,22.457000732421875,49242600
2013-01-30,,,,27.850000381469727,22.328699111938477,43580500
2013-01-31,,,,27.450000762939453,22.007999420166016,50530000
2013-02-01,,,,27.93000030517578,22.392799377441406,55565900
2013-02-04,,,,27.440000534057617,22.0,50540000
2013-02-05,,,,27.5,22.048099517822266,35410400
2013-02-06,,,,27.34000015258789,21.9197998046875,41889600
2013-02-07,,,,27.280000686645508,21.871700286865234,38028300
2013-02-08,,,,27.549999237060547,22.08810043334961,33318500
2013-02-11,,,,27.860000610351562,22.336700439453125,32247700
2013-02-12,,,,27.8799991607666,22.352699279785156,35990900
2013-02-13,,,,28.030000686645508,22.472999572753906,41715600
2013-02-14,,,,28.040000915527344,22.481000900268555,32663200
2013-02-15,,,,28.010000228881836,22.457000732421875,49650900
2013-02-19,,,,28.049999237060547,22.675199508666992,38781400
2013-02-20,,,,27.8700008392334,22.529699325561523,44110200
2013-02-21,,,,27.489999771118164,22.22249984741211,49078500
2013-02-22,,,,27.760000228881836,22.440799713134766,31425900
2013-02-25,,,,27.3700008392334,22.125499725341797,48011800
2013-02-26,,,,27.3700008392334,22.125499725341797,49923300
2013-02-27,,,,27.809999465942383,22.481199264526367,36394700
2013-02-28,,,,27.799999237060547,22.473100662231445,35840200
2013-03-01,,,,27.950000762939453,22.59440040588379,34849700
2013-03-04,,,,28.149999618530273,22.756099700927734,38157500
2013-03-05,,,,28.350000381469727,22.917699813842773,41432200
2013-03-06,,,,28.09000015258789,22.707500457763672,51448500
2013-03-07,,,,28.139999389648438,22.74799919128418,29196700
2013-03-08,,,,28.0,22.63479995727539,37667800
2013-03-11,,,,27.8700008392334,22.529699325561523,36627500
2013-03-12,,,,27.90999984741211,22.562000274658203,39255200
2013-03-13,,,,27.920000076293945,22.570100784301758,29093400
2013-03-14,,,,28.139999389648438,22.74799919128418,55914800
2013-03-15,,,,28.040000915527344,22.66710090637207,92710300
2013-03-18,,,,28.100000381469727,22.715599060058594,44809400
2013-03-19,,,,28.18000030517578,22.78030014038086,51901600
2013-03-20,,,,28.31999969482422,22.89349937438965,35447800
2013-03-21,,,,28.110000610351562,22.72369956970215,34233200
2013-03-22,,,,28.25,22.83690071105957,28720900
2013-03-25,,,,28.15999984741211,22.76409912109375,44154000
2013-03-26,,,,28.15999984741211,22.76409912109375,27824300
2013-03-27,,,,28.3700008392334,22.933900833129883,36047400
2013-03-28,,,,28.610000610351562,23.127899169921875,55453800
2013-04-01,,,,28.610000610351562,23.127899169921875,29201100
2013-04-02,,,,28.799999237060547,23.2814998626709,28456500
2013-04-03,,,,28.559999465942383,23.087499618530273,35062800
2013-04-04,,,,28.600000381469727,23.119800567626953,45263200
2013-04-05,,,,28.700000762939453,23.200700759887695,50927300
2013-04-08,,,,28.59000015258789,23.1117000579834,34759500
2013-04-09,,,,29.610000610351562,23.93630027770996,77733800
2013-04-10,,,,30.280000686645508,24.4778995513916,71116700
2013-04-11,,,,28.940000534057617,23.394699096679688,130923200
2013-04-12,,,,28.790000915527344,23.273399353027344,62886300
2013-04-15,,,,28.690000534057617,23.19260025024414,56332900
2013-04-16,,,,28.969999313354492,23.418899536132812,52797300
2013-04-17,,,,28.829999923706055,23.30579948425293,52840700
2013-04-18,,,,28.790000915527344,23.273399353027344,56906600
2013-04-19,,,,29.770000457763672,24.06559944152832,99790700
2013-04-22,,,,30.829999923706055,24.922500610351562,137904000
2013-04-23,,,,30.600000381469727,24.736600875854492,59126900
2013-04-24,,,,31.760000228881836,25.674299240112305,90946600
2013-04-25,,,,31.940000534057617,25.819799423217773,110700200
2013-04-26,,,,31.790000915527344,25.69860076904297,47799300
2013-04-29,,,,32.61000061035156,26.361499786376953,59116400
2013-04-30,,,,33.099998474121094,26.757600784301758,75165200
2013-05-01,,,,32.720001220703125,26.45039939880371,54330900
2013-05-02,,,,33.15999984741211,26.806100845336914,46059500
2013-05-03,,,,33.4900016784668,27.072799682617188,46784600
2013-05-06,,,,33.75,27.283000946044922,40978300
2013-05-07,,,,33.310001373291016,26.92729949951172,43078300
2013-05-08,,,,32.9900016784668,26.66860008239746,51595700
2013-05-09,,,,32.65999984741211,26.401899337768555,46417800
2013-05-10,,,,32.689998626708984,26.42609977722168,36394900
2013-05-13,,,,33.029998779296875,26.701000213623047,36027600
2013-05-14,,,,33.529998779296875,27.29520034790039,56870100
2013-05-15,,,,33.849998474121094,27.555700302124023,46303900
2013-05-16,,,,34.08000183105469,27.743000030517578,59382900
2013-05-17,,,,34.869998931884766,28.38610076904297,60666700
2013-05-20,,,,35.08000183105469,28.55699920654297,54020800
2013-05-21,,,,34.849998474121094,28.369800567626953,48702400
2013-05-22,,,,34.61000061035156,28.174400329589844,66047500
2013-05-23,,,,34.150001525878906,27.79990005493164,51102700
2013-05-24,,,,34.27000045776367,27.897600173950195,33174400
2013-05-28,,,,35.02000045776367,28.50819969177246,48212100
2013-05-29,,,,34.880001068115234,28.39419937133789,38412200
2013-05-30,,,,35.029998779296875,28.516300201416016,51131000
2013-05-31,,,,34.900001525878906,28.410499572753906,56165700
2013-06-03,,,,35.59000015258789,28.972200393676758,51252600
2013-06-04,,,,34.9900016784668,28.483800888061523,65529500
2013-06-05,,,,34.779998779296875,28.31279945373535,46025100
2013-06-06,,,,34.959999084472656,28.459299087524414,37618500
2013-06-07,,,,35.66999816894531,29.03730010986328,40757300
2013-06-10,,,,35.470001220703125,28.874500274658203,35994500
2013-06-11,,,,34.84000015258789,28.361600875854492,39435900
2013-06-12,,,,35.0,28.491899490356445,37372700
2013-06-13,,,,34.720001220703125,28.263999938964844,45654900
2013-06-14,,,,34.400001525878906,28.00349998474121,53192600
2013-06-17,,,,35.0,28.491899490356445,49670100
2013-06-18,,,,34.97999954223633,28.47559928894043,28616500
2013-06-19,,,,34.59000015258789,28.158100128173828,30816200
2013-06-20,,,,33.4900016784668,27.262699127197266,54493700
2013-06-21,,,,33.27000045776367,27.083599090576172,85338500
2013-06-24,,,,33.720001220703125,27.449899673461914,56109000
2013-06-25,,,,33.66999816894531,27.40920066833496,44073400
2013-06-26,,,,34.349998474121094,27.962799072265625,48665900
2013-06-27,,,,34.619998931884766,28.182600021362305,28993100
2013-06-28,,,,34.540000915527344,28.117399215698242,65545500
2013-07-01,,,,34.36000061035156,27.97089958190918,31055400
2013-07-02,,,,33.939998626708984,27.628999710083008,37630000
2013-07-03,,,,34.0099983215332,27.68600082397461,15994400
2013-07-05,,,,34.209999084472656,27.848800659179688,26085900
2013-07-08,,,,34.33000183105469,27.946500778198242,32396900
2013-07-09,,,,34.349998474121094,27.962799072265625,25318500
2013-07-10,,,,34.70000076293945,28.247699737548828,29658800
2013-07-11,,,,35.689998626708984,29.053600311279297,53638300
2013-07-12,,,,35.66999816894531,29.03730010986328,35501200
2013-07-15,,,,36.16999816894531,29.444299697875977,34142600
2013-07-16,,,,36.27000045776367,29.525699615478516,36378500
2013-07-17,,,,35.7400016784668,29.09429931640625,37285100
2013-07-18,,,,35.439998626708984,28.850099563598633,49547100
2013-07-19,,,,31.399999618530273,25.56130027770996,248428500
2013-07-22,,,,32.0099983215332,26.057899475097656,79040700
2013-07-23,,,,31.81999969482422,25.903200149536133,65810400
2013-07-24,,,,31.959999084472656,26.017200469970703,52803100
2013-07-25,,,,31.389999389648438,25.553199768066406,63213000
2013-07-26,,,,31.6200008392334,25.740400314331055,38633600
2013-07-29,,,,31.540000915527344,25.67530059814453,28870700
2013-07-30,,,,31.850000381469727,25.927600860595703,45799500
2013-07-31,,,,31.84000015258789,25.91950035095215,43898400
2013-08-01,,,,31.670000076293945,25.781099319458008,42557900
2013-08-02,,,,31.889999389648438,25.9601993560791,29199900
2013-08-05,,,,31.700000762939453,25.805500030517578,30984000
2013-08-06,,,,31.579999923706055,25.707799911499023,36331500
2013-08-07,,,,32.060001373291016,26.098600387573242,38078600
2013-08-08,,,,32.88999938964844,26.774200439453125,59034400
2013-08-09,,,,32.70000076293945,26.619600296020508,26800700
2013-08-12,,,,32.869998931884766,26.757999420166016,25493700
2013-08-13,,,,32.22999954223633,26.42180061340332,39464100
2013-08-14,,,,32.349998474121094,26.520200729370117,48519600
2013-08-15,,,,31.790000915527344,26.061100006103516,33338000
2013-08-16,,,,31.799999237060547,26.069299697875977,32866300
2013-08-19,,,,31.389999389648438,25.733200073242188,27902500
2013-08-20,,,,31.6200008392334,25.92180061340332,22979600
2013-08-21,,,,31.610000610351562,25.91360092163086,37409100
2013-08-22,,,,32.38999938964844,26.55299949645996,31169900
2013-08-23,,,,34.75,28.487699508666992,225493800
2013-08-26,,,,34.150001525878906,27.995800018310547,72786800
2013-08-27,,,,33.2599983215332,27.266199111938477,58522300
2013-08-28,,,,33.02000045776367,27.069499969482422,44257400
2013-08-29,,,,33.54999923706055,27.503999710083008,45284700
2013-08-30,,,,33.400001525878906,27.381000518798828,42790200
2013-09-03,,,,31.8799991607666,26.134899139404297,154507000
2013-09-04,,,,31.200000762939453,25.577499389648438,142320600
2013-09-05,,,,31.229999542236328,25.602100372314453,71644900
2013-09-06,,,,31.149999618530273,25.536500930786133,75434900
2013-09-09,,,,31.65999984741211,25.954599380493164,49628500
2013-09-10,,,,32.38999938964844,26.55299949645996,56881200
2013-09-11,,,,32.7400016784668,26.83989906311035,39087500
2013-09-12,,,,32.689998626708984,26.798900604248047,32860200
2013-09-13,,,,33.029998779296875,27.077699661254883,40899000
2013-09-16,,,,32.79999923706055,26.88909912109375,52839700
2013-09-17,,,,32.93000030517578,26.99570083618164,84716500
2013-09-18,,,,33.31999969482422,27.315399169921875,64099900
2013-09-19,,,,33.63999938964844,27.577699661254883,42026600
2013-09-20,,,,32.790000915527344,26.88089942932129,102904900
2013-09-23,,,,32.7400016784668,26.83989906311035,39826100
2013-09-24,,,,32.45000076293945,26.60219955444336,40685000
2013-09-25,,,,32.5099983215332,26.651399612426758,28907500
2013-09-26,,,,32.77000045776367,26.864500045776367,28504000
2013-09-27,,,,33.27000045776367,27.27440071105957,55348000
2013-09-30,,,,33.279998779296875,27.28260040283203,39839500
2013-10-01,,,,33.58000183105469,27.528600692749023,36718700
2013-10-02,,,,33.91999816894531,27.807300567626953,46946800
2013-10-03,,,,33.86000061035156,27.758100509643555,38703800
2013-10-04,,,,33.880001068115234,27.774499893188477,33008100
2013-10-07,,,,33.29999923706055,27.298999786376953,35069300
2013-10-08,,,,33.0099983215332,27.06130027770996,41017600
2013-10-09,,,,33.06999969482422,27.11050033569336,35878600
2013-10-10,,,,33.7599983215332,27.67609977722168,42875100
2013-10-11,,,,34.130001068115234,27.979400634765625,30033300
2013-10-14,,,,34.45000076293945,28.24180030822754,27757900
2013-10-15,,,,34.4900016784668,28.274599075317383,47097800
2013-10-16,,,,34.63999938964844,28.397499084472656,35111600
2013-10-17,,,,34.91999816894531,28.627099990844727,31359200
2013-10-18,,,,34.959999084472656,28.659900665283203,41811700
2013-10-21,,,,34.9900016784668,28.684499740600586,27433500
2013-10-22,,,,34.58000183105469,28.348400115966797,40438500
2013-10-23,,,,33.7599983215332,27.67609977722168,58600500
2013-10-24,,,,33.720001220703125,27.643299102783203,53209700
2013-10-25,,,,35.72999954223633,29.291099548339844,113494000
2013-10-28,,,,35.56999969482422,29.159900665283203,38383600
2013-10-29,,,,35.52000045776367,29.118999481201172,31702200
2013-10-30,,,,35.540000915527344,29.135400772094727,36997700
2013-10-31,,,,35.40999984741211,29.028799057006836,41682300
2013-11-01,,,,35.529998779296875,29.127199172973633,40264600
2013-11-04,,,,35.939998626708984,29.463300704956055,28060700
2013-11-05,,,,36.63999938964844,30.037099838256836,51681900
2013-11-06,,,,38.18000030517578,31.29960060119629,88948800
2013-11-07,,,,37.5,30.74209976196289,60437400
2013-11-08,,,,37.779998779296875,30.97170066833496,36737800
2013-11-11,,,,37.59000015258789,30.815900802612305,26872500
2013-11-12,,,,37.36000061035156,30.627399444580078,31651600
2013-11-13,,,,38.15999984741211,31.283199310302734,44957600
2013-11-14,,,,38.02000045776367,31.168399810791016,46183700
2013-11-15,,,,37.84000015258789,31.02090072631836,50601300
2013-11-18,,,,37.20000076293945,30.496200561523438,53277500
2013-11-19,,,,36.7400016784668,30.34749984741211,44275000
2013-11-20,,,,37.08000183105469,30.628400802612305,32229900
2013-11-21,,,,37.400001525878906,30.8927001953125,23064700
2013-11-22,,,,37.56999969482422,31.033100128173828,27982000
2013-11-25,,,,37.63999938964844,31.090900421142578,30646800
2013-11-26,,,,37.349998474121094,30.85140037536621,34465300
2013-11-27,,,,37.599998474121094,31.057899475097656,26002100
2013-11-29,,,,38.130001068115234,31.49570083618164,22090400
2013-12-02,,,,38.45000076293945,31.760000228881836,42950400
2013-12-03,,,,38.310001373291016,31.644399642944336,52109800
2013-12-04,,,,38.939998626708984,32.16469955444336,51983600
2013-12-05,,,,38.0,31.3882999420166,116305000
2013-12-06,,,,38.36000061035156,31.685699462890625,36457300
2013-12-09,,,,38.709999084472656,31.97480010986328,30286000
2013-12-10,,,,38.11000061035156,31.47920036315918,37828600
2013-12-11,,,,37.61000061035156,31.066099166870117,39853400
2013-12-12,,,,37.220001220703125,30.743999481201172,36012800
2013-12-13,,,,36.689998626708984,30.30620002746582,40066100
2013-12-16,,,,36.88999938964844,30.471399307250977,31734200
2013-12-17,,,,36.52000045776367,30.165800094604492,45687700
2013-12-18,,,,36.58000183105469,30.21540069580078,63192100
2013-12-19,,,,36.25,29.942800521850586,34160100
2013-12-20,,,,36.79999923706055,30.3971004486084,62649100
2013-12-23,,,,36.619998931884766,30.24839973449707,25128700
2013-12-24,,,,37.08000183105469,30.628400802612305,14243000
2013-12-26,,,,37.439998626708984,30.92569923400879,17612800
2013-12-27,,,,37.290000915527344,30.801799774169922,14563000
2013-12-30,,,,37.290000915527344,30.801799774169922,16290500
2013-12-31,,,,37.40999984741211,30.90089988708496,17503500
2014-01-02,,,,37.15999984741211,30.694400787353516,30632200
2014-01-03,,,,36.90999984741211,30.487899780273438,31134800
2014-01-06,,,,36.130001068115234,29.843700408935547,43603700
2014-01-07,,,,36.40999984741211,30.074899673461914,35802800
2014-01-08,,,,35.7599983215332,29.538000106811523,59971700
2014-01-09,,,,35.529998779296875,29.348100662231445,36516300
2014-01-10,,,,36.040000915527344,29.76930046081543,40548800
2014-01-13,,,,34.97999954223633,28.893699645996094,45901900
2014-01-14,,,,35.779998779296875,29.55459976196289,41623300
2014-01-15,,,,36.7599983215332,30.36400032043457,44812600
2014-01-16,,,,36.88999938964844,30.471399307250977,38018700
2014-01-17,,,,36.380001068115234,30.050199508666992,46267500
2014-01-21,,,,36.16999816894531,29.876699447631836,31567300
2014-01-22,,,,35.93000030517578,29.678499221801758,21904300
2014-01-23,,,,36.060001373291016,29.78580093383789,43954000
2014-01-24,,,,36.810001373291016,30.40530014038086,76395500
2014-01-27,,,,36.029998779296875,29.76110076904297,44420800
2014-01-28,,,,36.27000045776367,29.959299087524414,36205500
2014-01-29,,,,36.65999984741211,30.281400680541992,52745900
2014-01-30,,,,36.86000061035156,30.44659996032715,35036300
2014-01-31,,,,37.84000015258789,31.256099700927734,93162300
2014-02-03,,,,36.47999954223633,30.13279914855957,64063100
2014-02-04,,,,36.349998474121094,30.025400161743164,54697900
2014-02-05,,,,35.81999969482422,29.587600708007812,55814400
2014-02-06,,,,36.18000030517578,29.885000228881836,35351800
2014-02-07,,,,36.560001373291016,30.19879913330078,33260500
2014-02-10,,,,36.79999923706055,30.3971004486084,26767000
2014-02-11,,,,37.16999816894531,30.702699661254883,32141400
2014-02-12,,,,37.470001220703125,30.95050048828125,27051800
2014-02-13,,,,37.61000061035156,31.066099166870117,37635500
2014-02-14,,,,37.619998931884766,31.074399948120117,31407500
2014-02-18,,,,37.41999816894531,31.141000747680664,32834000
2014-02-19,,,,37.5099983215332,31.215900421142578,29750400
2014-02-20,,,,37.75,31.415599822998047,27526100
2014-02-21,,,,37.97999954223633,31.60700035095215,38021300
2014-02-24,,,,37.689998626708984,31.365699768066406,32085100
2014-02-25,,,,37.540000915527344,31.240800857543945,30736500
2014-02-26,,,,37.470001220703125,31.182600021362305,41041800
2014-02-27,,,,37.86000061035156,31.507200241088867,33903400
2014-02-28,,,,38.310001373291016,31.88159942626953,41215000
2014-03-03,,,,37.779998779296875,31.44059944152832,29717500
2014-03-04,,,,38.40999984741211,31.96489906311035,26802400
2014-03-05,,,,38.11000061035156,31.715200424194336,20520100
2014-03-06,,,,38.150001525878906,31.74850082397461,23582200
2014-03-07,,,,37.900001525878906,31.5403995513916,26591600
2014-03-10,,,,37.81999969482422,31.473899841308594,19006600
2014-03-11,,,,38.02000045776367,31.640300750732422,25216400
2014-03-12,,,,38.27000045776367,31.848400115966797,30494100
2014-03-13,,,,37.88999938964844,31.532100677490234,32169700
2014-03-14,,,,37.70000076293945,31.374000549316406,27195600
2014-03-17,,,,38.04999923706055,31.665300369262695,20479600
2014-03-18,,,,39.54999923706055,32.91360092163086,64063900
2014-03-19,,,,39.27000045776367,32.680599212646484,35597200
2014-03-20,,,,40.33000183105469,33.56269836425781,59269800
2014-03-21,,,,40.15999984741211,33.421199798583984,80721800
2014-03-24,,,,40.5,33.704200744628906,46098400
2014-03-25,,,,40.34000015258789,33.57099914550781,43193100
2014-03-26,,,,39.790000915527344,33.11330032348633,41977500
2014-03-27,,,,39.36000061035156,32.75550079345703,35369200
2014-03-28,,,,40.29999923706055,33.53770065307617,43472700
2014-03-31,,,,40.9900016784668,34.111900329589844,46886300
2014-04-01,,,,41.41999816894531,34.46979904174805,32605000
2014-04-02,,,,41.349998474121094,34.4114990234375,28666700
2014-04-03,,,,41.0099983215332,34.12860107421875,30139600
2014-04-04,,,,39.869998931884766,33.179901123046875,51409600
2014-04-07,,,,39.79999923706055,33.12160110473633,37559600
2014-04-08,,,,39.81999969482422,33.138301849365234,35918600
2014-04-09,,,,40.470001220703125,33.67919921875,27398700
2014-04-10,,,,39.36000061035156,32.75550079345703,45960800
2014-04-11,,,,39.209999084472656,32.63059997558594,34330200
2014-04-14,,,,39.18000030517578,32.6057014465332,32006600
2014-04-15,,,,39.75,33.08000183105469,33968700
2014-04-16,,,,40.400001525878906,33.62089920043945,30615800
2014-04-17,,,,40.0099983215332,33.2963981628418,36688400
2014-04-21,,,,39.939998626708984,33.23809814453125,22221200
2014-04-22,,,,39.9900016784668,33.279701232910156,27056700
2014-04-23,,,,39.689998626708984,33.03010177612305,24602800
2014-04-24,,,,39.86000061035156,33.171600341796875,42381600
2014-04-25,,,,39.90999984741211,33.213199615478516,56876800
2014-04-28,,,,40.869998931884766,34.01210021972656,50610200
2014-04-29,,,,40.5099983215332,33.712501525878906,29636200
2014-04-30,,,,40.400001525878906,33.62089920043945,35458700
2014-05-01,,,,40.0,33.28810119628906,28787400
2014-05-02,,,,39.689998626708984,33.03010177612305,43416600
2014-05-05,,,,39.43000030517578,32.81370162963867,22460900
2014-05-06,,,,39.060001373291016,32.50579833984375,27112400
2014-05-07,,,,39.41999816894531,32.80540084838867,41744500
2014-05-08,,,,39.63999938964844,32.98849868774414,32120400
2014-05-09,,,,39.540000915527344,32.90530014038086,29647600
2014-05-12,,,,39.970001220703125,33.263099670410156,22782600
2014-05-13,,,,40.41999816894531,33.874900817871094,27004800
2014-05-14,,,,40.2400016784668,33.7239990234375,18818700
2014-05-15,,,,39.599998474121094,33.18769836425781,37793200
2014-05-16,,,,39.83000183105469,33.380401611328125,29867100
2014-05-19,,,,39.75,33.31340026855469,24537400
2014-05-20,,,,39.68000030517578,33.25469970703125,21320900
2014-05-21,,,,40.349998474121094,33.816200256347656,22398700
2014-05-22,,,,40.099998474121094,33.6067008972168,20201800
2014-05-23,,,,40.119998931884766,33.62350082397461,18020000
2014-05-27,,,,40.189998626708984,33.682098388671875,26160600
2014-05-28,,,,40.0099983215332,33.53129959106445,25711500
2014-05-29,,,,40.34000015258789,33.80780029296875,19888200
2014-05-30,,,,40.939998626708984,34.310699462890625,34567600
2014-06-02,,,,40.790000915527344,34.185001373291016,18504300
2014-06-03,,,,40.290000915527344,33.765899658203125,18068900
2014-06-04,,,,40.31999969482422,33.791099548339844,23209000
2014-06-05,,,,41.209999084472656,34.5369987487793,31865200
2014-06-06,,,,41.47999954223633,34.76319885253906,24060500
2014-06-09,,,,41.27000045776367,34.58729934692383,15019200
2014-06-10,,,,41.11000061035156,34.45320129394531,15117700
2014-06-11,,,,40.86000061035156,34.24359893798828,18040000
2014-06-12,,,,40.58000183105469,34.00899887084961,29818900
2014-06-13,,,,41.22999954223633,34.5536994934082,26310000
2014-06-16,,,,41.5,34.779998779296875,24205300
2014-06-17,,,,41.68000030517578,34.93090057373047,22518600
2014-06-18,,,,41.650001525878906,34.90570068359375,27097000
2014-06-19,,,,41.5099983215332,34.78839874267578,19828200
2014-06-20,,,,41.68000030517578,34.93090057373047,47764900
2014-06-23,,,,41.9900016784668,35.19070053100586,18743900
2014-06-24,,,,41.75,34.989498138427734,26509100
2014-06-25,,,,42.029998779296875,35.22420120239258,20049100
2014-06-26,,,,41.720001220703125,34.96440124511719,23604400
2014-06-27,,,,42.25,35.408599853515625,74640000
2014-06-30,,,,41.70000076293945,34.947601318359375,30793100
2014-07-01,,,,41.869998931884766,35.0900993347168,26917000
2014-07-02,,,,41.900001525878906,35.11520004272461,20208100
2014-07-03,,,,41.79999923706055,35.03139877319336,15969300
2014-07-07,,,,41.9900016784668,35.19070053100586,21952400
2014-07-08,,,,41.779998779296875,35.01470184326172,31218200
2014-07-09,,,,41.66999816894531,34.92250061035156,18445900
2014-07-10,,,,41.689998626708984,34.93920135498047,21854700
2014-07-11,,,,42.09000015258789,35.27450180053711,24083000
2014-07-14,,,,42.13999938964844,35.31639862060547,21881100
2014-07-15,,,,42.45000076293945,35.57619857788086,28748700
2014-07-16,,,,44.08000183105469,36.94219970703125,63318000
2014-07-17,,,,44.529998779296875,37.319400787353516,82180300
2014-07-18,,,,44.689998626708984,37.45349884033203,43407500
2014-07-21,,,,44.84000015258789,37.579200744628906,37604400
2014-07-22,,,,44.83000183105469,37.57080078125,43095800
2014-07-23,,,,44.869998931884766,37.60430145263672,52362900
2014-07-24,,,,44.400001525878906,37.21039962768555,30725300
2014-07-25,,,,44.5,37.2942008972168,26737700
2014-07-28,,,,43.970001220703125,36.849998474121094,29684200
2014-07-29,,,,43.88999938964844,36.78300094604492,27763100
2014-07-30,,,,43.58000183105469,36.52320098876953,31921400
2014-07-31,,,,43.15999984741211,36.171199798583984,31537500
2014-08-01,,,,42.86000061035156,35.9197998046875,31170300
2014-08-04,,,,43.369998931884766,36.347198486328125,34277400
2014-08-05,,,,43.08000183105469,36.10419845581055,26266400
2014-08-06,,,,42.7400016784668,35.81919860839844,24634000
2014-08-07,,,,43.22999954223633,36.22990036010742,30314900
2014-08-08,,,,43.20000076293945,36.2047004699707,28942700
2014-08-11,,,,43.20000076293945,36.2047004699707,20351600
2014-08-12,,,,43.52000045776367,36.472900390625,21431100
2014-08-13,,,,44.08000183105469,36.94219970703125,22889500
2014-08-14,,,,44.27000045776367,37.10150146484375,19313200
2014-08-15,,,,44.790000915527344,37.53730010986328,41611300
2014-08-18,,,,45.11000061035156,37.80550003051758,26891100
2014-08-19,,,,45.33000183105469,38.22710037231445,28139500
2014-08-20,,,,44.95000076293945,37.90660095214844,24770500
2014-08-21,,,,45.220001220703125,38.134300231933594,22285500
2014-08-22,,,,45.150001525878906,38.07529830932617,18294500
2014-08-25,,,,45.16999816894531,38.092201232910156,16910000
2014-08-26,,,,45.0099983215332,37.95719909667969,14873100
2014-08-27,,,,44.869998931884766,37.83919906616211,21287900
2014-08-28,,,,44.880001068115234,37.847599029541016,17657600
2014-08-29,,,,45.43000030517578,38.3114013671875,21607600
2014-09-02,,,,45.09000015258789,38.02470016479492,22976800
2014-09-03,,,,44.959999084472656,37.91510009765625,33684500
2014-09-04,,,,45.2599983215332,38.16809844970703,26475500
2014-09-05,,,,45.90999984741211,38.71620178222656,36939400
2014-09-08,,,,46.470001220703125,39.188499450683594,45736700
2014-09-09,,,,46.7599983215332,39.43299865722656,40302400
2014-09-10,,,,46.84000015258789,39.5004997253418,27302400
2014-09-11,,,,47.0,39.635398864746094,29216400
2014-09-12,,,,46.70000076293945,39.38240051269531,38244700
2014-09-15,,,,46.2400016784668,38.99449920654297,37667600
2014-09-16,,,,46.7599983215332,39.43299865722656,27910600
2014-09-17,,,,46.52000045776367,39.23059844970703,38311900
2014-09-18,,,,46.68000030517578,39.3656005859375,35556600
2014-09-19,,,,47.52000045776367,40.07389831542969,202522400
2014-09-22,,,,47.060001373291016,39.68600082397461,38686100
2014-09-23,,,,46.560001373291016,39.264400482177734,33430300
2014-09-24,,,,47.08000183105469,39.70289993286133,26582700
2014-09-25,,,,46.040000915527344,38.82590103149414,33077400
2014-09-26,,,,46.40999984741211,39.137901306152344,27078800
2014-09-29,,,,46.439998626708984,39.16320037841797,26091000
2014-09-30,,,,46.36000061035156,39.095699310302734,33033100
2014-10-01,,,,45.900001525878906,38.707801818847656,38088400
2014-10-02,,,,45.7599983215332,38.589698791503906,25119400
2014-10-03,,,,46.09000015258789,38.86800003051758,32453200
2014-10-06,,,,46.09000015258789,38.86800003051758,20604000
2014-10-07,,,,45.529998779296875,38.39580154418945,25723700
2014-10-08,,,,46.779998779296875,39.44990158081055,33031000
2014-10-09,,,,45.849998474121094,38.66559982299805,34422800
2014-10-10,,,,44.029998779296875,37.13079833984375,51978100
2014-10-13,,,,43.650001525878906,36.810298919677734,37100200
2014-10-14,,,,43.72999954223633,36.87779998779297,38115700
2014-10-15,,,,43.220001220703125,36.44770050048828,60218700
2014-10-16,,,,42.7400016784668,36.04290008544922,49040400
2014-10-17,,,,43.630001068115234,36.79349899291992,40683300
2014-10-20,,,,44.08000183105469,37.17300033569336,34527900
2014-10-21,,,,44.880001068115234,37.847599029541016,36433800
2014-10-22,,,,44.380001068115234,37.42599868774414,33570900
2014-10-23,,,,45.02000045776367,37.9656982421875,45451900
2014-10-24,,,,46.130001068115234,38.90169906616211,61076700
2014-10-27,,,,45.90999984741211,38.71620178222656,30371300
2014-10-28,,,,46.4900016784668,39.205299377441406,29049800
2014-10-29,,,,46.619998931884766,39.314998626708984,30276100
2014-10-30,,,,46.04999923706055,38.83430099487305,30073900
2014-10-31,,,,46.95000076293945,39.593299865722656,35849700
2014-11-03,,,,47.439998626708984,40.006500244140625,23130400
2014-11-04,,,,47.56999969482422,40.1161003112793,21530800
2014-11-05,,,,47.86000061035156,40.36069869995117,22449600
2014-11-06,,,,48.70000076293945,41.069000244140625,33037800
2014-11-07,,,,48.68000030517578,41.05220031738281,28000600
2014-11-10,,,,48.88999938964844,41.22930145263672,36370100
2014-11-11,,,,48.869998931884766,41.212398529052734,23445200
2014-11-12,,,,48.779998779296875,41.13650131225586,22722100
2014-11-13,,,,49.61000061035156,41.83649826049805,26210400
2014-11-14,,,,49.58000183105469,41.81119918823242,29081700
2014-11-17,,,,49.459999084472656,41.709999084472656,30318600
2014-11-18,,,,48.7400016784668,41.36199951171875,23995500
2014-11-19,,,,48.220001220703125,40.92070007324219,26177500
2014-11-20,,,,48.70000076293945,41.32809829711914,21510600
2014-11-21,,,,47.97999954223633,40.717098236083984,42884800
2014-11-24,,,,47.59000015258789,40.38610076904297,35434200
2014-11-25,,,,47.470001220703125,40.2843017578125,28008000
2014-11-26,,,,47.75,40.52190017700195,27163600
2014-11-28,,,,47.810001373291016,40.57279968261719,21534400
2014-12-01,,,,48.619998931884766,41.26020050048828,31191600
2014-12-02,,,,48.459999084472656,41.1244010925293,25773500
2014-12-03,,,,48.08000183105469,40.80189895629883,23534800
2014-12-04,,,,48.84000015258789,41.4468994140625,30320400
2014-12-05,,,,48.41999816894531,41.09049987792969,27313400
2014-12-08,,,,47.70000076293945,40.47949981689453,26663100
2014-12-09,,,,47.59000015258789,40.38610076904297,24330500
2014-12-10,,,,46.900001525878906,39.80059814453125,30431800
2014-12-11,,,,47.16999816894531,40.029701232910156,29060400
2014-12-12,,,,46.95000076293945,39.84299850463867,34248400
2014-12-15,,,,46.66999816894531,39.60540008544922,29247800
2014-12-16,,,,45.15999984741211,38.32389831542969,47801400
2014-12-17,,,,45.7400016784668,38.81610107421875,34970900
2014-12-18,,,,47.52000045776367,40.326698303222656,40105600
2014-12-19,,,,47.65999984741211,40.445499420166016,64551200
2014-12-22,,,,47.97999954223633,40.717098236083984,26566000
2014-12-23,,,,48.45000076293945,41.11589813232422,23648100
2014-12-24,,,,48.13999938964844,40.85279846191406,11437800
2014-12-26,,,,47.880001068115234,40.632198333740234,13197800
2014-12-29,,,,47.45000076293945,40.26729965209961,14439500
2014-12-30,,,,47.02000045776367,39.902400970458984,16384700
2014-12-31,,,,46.45000076293945,39.418701171875,21552500
2015-01-02,,,,46.7599983215332,39.68170166015625,27913900
2015-01-05,,,,46.33000183105469,39.31679916381836,39673900
2015-01-06,,,,45.650001525878906,38.73979949951172,36447900
2015-01-07,,,,46.22999954223633,39.231998443603516,29114100
2015-01-08,,,,47.59000015258789,40.38610076904297,29645200
2015-01-09,,,,47.189998626708984,40.04669952392578,23944200
2015-01-12,,,,46.599998474121094,39.54600143432617,23651900
2015-01-13,,,,46.36000061035156,39.34230041503906,35270600
2015-01-14,,,,45.959999084472656,39.00279998779297,29719600
2015-01-15,,,,45.47999954223633,38.59550094604492,32750800
2015-01-16,,,,46.2400016784668,39.240501403808594,35695300
2015-01-20,,,,46.38999938964844,39.367801666259766,36161900
2015-01-21,,,,45.91999816894531,38.96889877319336,39081100
2015-01-22,,,,47.130001068115234,39.99570083618164,35898000
2015-01-23,,,,47.18000030517578,40.03820037841797,26211600
2015-01-26,,,,47.0099983215332,39.89390182495117,42525500
2015-01-27,,,,42.65999984741211,36.20240020751953,169164000
2015-01-28,,,,41.189998626708984,34.954898834228516,84507100
2015-01-29,,,,42.0099983215332,35.65079879760742,63585300
2015-01-30,,,,40.400001525878906,34.28450012207031,78004900
2015-02-02,,,,41.279998779296875,35.03129959106445,50352500
2015-02-03,,,,41.599998474121094,35.302799224853516,52082400
2015-02-04,,,,41.84000015258789,35.506500244140625,41614800
2015-02-05,,,,42.45000076293945,36.024200439453125,36548200
2015-02-06,,,,42.40999984741211,35.99020004272461,34616600
2015-02-09,,,,42.36000061035156,35.94779968261719,31381100
2015-02-10,,,,42.599998474121094,36.1515007019043,29670700
2015-02-11,,,,42.380001068115234,35.96480178833008,38262500
2015-02-12,,,,43.09000015258789,36.567298889160156,33268800
2015-02-13,,,,43.869998931884766,37.22919845581055,40264900
2015-02-17,,,,43.58000183105469,37.246299743652344,33695700
2015-02-18,,,,43.529998779296875,37.2036018371582,27111700
2015-02-19,,,,43.5,37.17789840698242,27603400
2015-02-20,,,,43.86000061035156,37.485599517822266,29721100
2015-02-23,,,,44.150001525878906,37.73350143432617,32518800
2015-02-24,,,,44.09000015258789,37.68220138549805,25271700
2015-02-25,,,,43.9900016784668,37.59669876098633,29759800
2015-02-26,,,,44.060001373291016,37.65650177001953,28957300
2015-02-27,,,,43.849998474121094,37.47710037231445,33807700
2015-03-02,,,,43.880001068115234,37.50270080566406,31924000
2015-03-03,,,,43.279998779296875,36.989898681640625,31748600
2015-03-04,,,,43.060001373291016,36.80189895629883,25748700
2015-03-05,,,,43.11000061035156,36.844600677490234,23193500
2015-03-06,,,,42.36000061035156,36.2036018371582,36248800
2015-03-09,,,,42.849998474121094,36.622398376464844,32108000
2015-03-10,,,,42.029998779296875,35.921600341796875,39159700
2015-03-11,,,,41.97999954223633,35.87879943847656,32215300
2015-03-12,,,,41.02000045776367,35.05839920043945,59992500
2015-03-13,,,,41.380001068115234,35.36600112915039,58007700
2015-03-16,,,,41.560001373291016,35.519901275634766,35273500
2015-03-17,,,,41.70000076293945,35.63949966430664,31673400
2015-03-18,,,,42.5,36.323299407958984,44194800
2015-03-19,,,,42.290000915527344,36.143798828125,33879100
2015-03-20,,,,42.880001068115234,36.64799880981445,71904500
2015-03-23,,,,42.86000061035156,36.63100051879883,26246100
2015-03-24,,,,42.900001525878906,36.66510009765625,25513300
2015-03-25,,,,41.459999084472656,35.43439865112305,43469900
2015-03-26,,,,41.209999084472656,35.22079849243164,37495600
2015-03-27,,,,40.970001220703125,35.01559829711914,34401400
2015-03-30,,,,40.959999084472656,35.00709915161133,35049700
2015-03-31,,,,40.65999984741211,34.750701904296875,34887200
2015-04-01,,,,40.720001220703125,34.801998138427734,36865300
2015-04-02,,,,40.290000915527344,34.43450164794922,37487500
2015-04-06,,,,41.54999923706055,35.51129913330078,39223700
2015-04-07,,,,41.529998779296875,35.49420166015625,28809400
2015-04-08,,,,41.41999816894531,35.40019989013672,24753400
2015-04-09,,,,41.47999954223633,35.451499938964844,25723900
2015-04-10,,,,41.720001220703125,35.65660095214844,28022000
2015-04-13,,,,41.7599983215332,35.690799713134766,30276700
2015-04-14,,,,41.650001525878906,35.5968017578125,24244400
2015-04-15,,,,42.2599983215332,36.11819839477539,27343600
2015-04-16,,,,42.15999984741211,36.03269958496094,22509700
2015-04-17,,,,41.619998931884766,35.57120132446289,42387600
2015-04-20,,,,42.90999984741211,36.67369842529297,46057700
2015-04-21,,,,42.63999938964844,36.442901611328125,26013800
2015-04-22,,,,42.9900016784668,36.74209976196289,25064300
2015-04-23,,,,43.34000015258789,37.04119873046875,46309500
2015-04-24,,,,47.869998931884766,40.91279983520508,130933700
2015-04-27,,,,48.029998779296875,41.049598693847656,59248200
2015-04-28,,,,49.15999984741211,42.01530075073242,60730800
2015-04-29,,,,49.060001373291016,41.929901123046875,47804600
2015-04-30,,,,48.63999938964844,41.570899963378906,64725500
2015-05-01,,,,48.65999984741211,41.5880012512207,38937300
2015-05-04,,,,48.2400016784668,41.22909927368164,34039500
2015-05-05,,,,47.599998474121094,40.682098388671875,50369200
2015-05-06,,,,46.279998779296875,39.55390167236328,52433000
2015-05-07,,,,46.70000076293945,39.912899017333984,32971700
2015-05-08,,,,47.75,40.810298919677734,35364900
2015-05-11,,,,47.369998931884766,40.48550033569336,24609400
2015-05-12,,,,47.349998474121094,40.46839904785156,29928300
2015-05-13,,,,47.630001068115234,40.707698822021484,34184600
2015-05-14,,,,48.720001220703125,41.63930130004883,32980900
2015-05-15,,,,48.29999923706055,41.28030014038086,28642700
2015-05-18,,,,48.0099983215332,41.032501220703125,24136500
2015-05-19,,,,47.58000183105469,40.929298400878906,28574800
2015-05-20,,,,47.58000183105469,40.929298400878906,25047900
2015-05-21,,,,47.41999816894531,40.79159927368164,22410700
2015-05-22,,,,46.900001525878906,40.34429931640625,25720600
2015-05-26,,,,46.59000015258789,40.077598571777344,29581900
2015-05-27,,,,47.61000061035156,40.955101013183594,27335600
2015-05-28,,,,47.45000076293945,40.81740188598633,19283700
2015-05-29,,,,46.86000061035156,40.309898376464844,36519600
2015-06-01,,,,47.22999954223633,40.62820053100586,28837300
2015-06-02,,,,46.91999816894531,40.36149978637695,21498300
2015-06-03,,,,46.849998474121094,40.301300048828125,28002200
2015-06-04,,,,46.36000061035156,39.879798889160156,27745500
2015-06-05,,,,46.13999938964844,39.69049835205078,25438100
2015-06-08,,,,45.72999954223633,39.337799072265625,22121600
2015-06-09,,,,45.650001525878906,39.26900100708008,24406100
2015-06-10,,,,46.61000061035156,40.09479904174805,28417400
2015-06-11,,,,46.439998626708984,39.94860076904297,27347800
2015-06-12,,,,45.970001220703125,39.5443000793457,23931000
2015-06-15,,,,45.47999954223633,39.122798919677734,33254500
2015-06-16,,,,45.83000183105469,39.42390060424805,27070300
2015-06-17,,,,45.970001220703125,39.5443000793457,28704100
2015-06-18,,,,46.720001220703125,40.18949890136719,32658300
2015-06-19,,,,46.099998474121094,39.65610122680664,63837000
2015-06-22,,,,46.22999954223633,39.768001556396484,20318100
2015-06-23,,,,45.90999984741211,39.492698669433594,25896500
2015-06-24,,,,45.63999938964844,39.260398864746094,34890900
2015-06-25,,,,45.650001525878906,39.26900100708008,20616000
2015-06-26,,,,45.2599983215332,38.93349838256836,49835300
2015-06-29,,,,44.369998931884766,38.16790008544922,34081700
2015-06-30,,,,44.150001525878906,37.97869873046875,35945400
2015-07-01,,,,44.45000076293945,38.23680114746094,28343900
2015-07-02,,,,44.400001525878906,38.19380187988281,21752000
2015-07-06,,,,44.38999938964844,38.18519973754883,23034000
2015-07-07,,,,44.29999923706055,38.10770034790039,36435800
2015-07-08,,,,44.2400016784668,38.05609893798828,39785900
2015-07-09,,,,44.52000045776367,38.297000885009766,32424700
2015-07-10,,,,44.61000061035156,38.3744010925293,25465800
2015-07-13,,,,45.540000915527344,39.174400329589844,28178300
2015-07-14,,,,45.619998931884766,39.24319839477539,22880300
2015-07-15,,,,45.7599983215332,39.36370086669922,26629600
2015-07-16,,,,46.65999984741211,40.13779830932617,26271700
2015-07-17,,,,46.619998931884766,40.10340118408203,29467100
2015-07-20,,,,46.91999816894531,40.36149978637695,30631900
2015-07-21,,,,47.279998779296875,40.671199798583984,42781900
2015-07-22,,,,45.540000915527344,39.174400329589844,59152400
2015-07-23,,,,46.11000061035156,39.66469955444336,33934000
2015-07-24,,,,45.939998626708984,39.51850128173828,32333200
2015-07-27,,,,45.349998474121094,39.01100158691406,39701400
2015-07-28,,,,45.34000015258789,39.00239944458008,34328900
2015-07-29,,,,46.290000915527344,39.81959915161133,40945900
2015-07-30,,,,46.880001068115234,40.32709884643555,39777900
2015-07-31,,,,46.70000076293945,40.172298431396484,31201500
2015-08-03,,,,46.810001373291016,40.26689910888672,24125900
2015-08-04,,,,47.540000915527344,40.894798278808594,33403900
2015-08-05,,,,47.58000183105469,40.929298400878906,26959700
2015-08-06,,,,46.619998931884766,40.10340118408203,27368000
2015-08-07,,,,46.7400016784668,40.20669937133789,19163000
2015-08-10,,,,47.33000183105469,40.71419906616211,23079900
2015-08-11,,,,46.40999984741211,39.92279815673828,29237400
2015-08-12,,,,46.7400016784668,40.20669937133789,30181400
2015-08-13,,,,46.72999954223633,40.19810104370117,22627200
2015-08-14,,,,47.0,40.430301666259766,21473400
2015-08-17,,,,47.31999969482422,40.70560073852539,21099700
2015-08-18,,,,47.27000045776367,40.93069839477539,23574100
2015-08-19,,,,46.61000061035156,40.35919952392578,31485500
2015-08-20,,,,45.65999984741211,39.536598205566406,36238200
2015-08-21,,,,43.06999969482422,37.29399871826172,70053100
2015-08-24,,,,41.68000030517578,36.09040069580078,88753700
2015-08-25,,,,40.470001220703125,35.042701721191406,70616600
2015-08-26,,,,42.709999084472656,36.9822998046875,63408000
2015-08-27,,,,43.900001525878906,38.012699127197266,50943200
2015-08-28,,,,43.93000030517578,38.03860092163086,28246700
2015-08-31,,,,43.52000045776367,37.68360137939453,34441700
2015-09-01,,,,41.81999969482422,36.21160125732422,49688900
2015-09-02,,,,43.36000061035156,37.545101165771484,37671500
2015-09-03,,,,43.5,37.66630172729492,28285200
2015-09-04,,,,42.61000061035156,36.89569854736328,37138800
2015-09-08,,,,43.88999938964844,38.00400161743164,32469800
2015-09-09,,,,43.06999969482422,37.29399871826172,33469500
2015-09-10,,,,43.290000915527344,37.484500885009766,31366600
2015-09-11,,,,43.47999954223633,37.64899826049805,27132500
2015-09-14,,,,43.040000915527344,37.268001556396484,23656000
2015-09-15,,,,43.97999954223633,38.08190155029297,28882200
2015-09-16,,,,44.29999923706055,38.35900115966797,23372200
2015-09-17,,,,44.25,38.31570053100586,32768200
2015-09-18,,,,43.47999954223633,37.64899826049805,63143700
2015-09-21,,,,44.11000061035156,38.19449996948242,26177200
2015-09-22,,,,43.900001525878906,38.012699127197266,28085900
2015-09-23,,,,43.869998931884766,37.986698150634766,17145200
2015-09-24,,,,43.90999984741211,38.02130126953125,27905600
2015-09-25,,,,43.939998626708984,38.047298431396484,29384600
2015-09-28,,,,43.290000915527344,37.484500885009766,27613800
2015-09-29,,,,43.439998626708984,37.61439895629883,32763600
2015-09-30,,,,44.2599983215332,38.32440185546875,34958900
2015-10-01,,,,44.61000061035156,38.627498626708984,28657900
2015-10-02,,,,45.56999969482422,39.45869827270508,41839000
2015-10-05,,,,46.630001068115234,40.3765983581543,34369300
2015-10-06,,,,46.75,40.480499267578125,27017200
2015-10-07,,,,46.79999923706055,40.523799896240234,27711500
2015-10-08,,,,47.45000076293945,41.08660125732422,33772700
2015-10-09,,,,47.11000061035156,40.792198181152344,28600600
2015-10-12,,,,47.0,40.6968994140625,19769100
2015-10-13,,,,46.88999938964844,40.60169982910156,19987800
2015-10-14,,,,46.68000030517578,40.4197998046875,24697800
2015-10-15,,,,47.0099983215332,40.70560073852539,27189400
2015-10-16,,,,47.5099983215332,41.13850021362305,26450300
2015-10-19,,,,47.619998931884766,41.23379898071289,29387600
2015-10-20,,,,47.77000045776367,41.36370086669922,30802200
2015-10-21,,,,47.20000076293945,40.87009811401367,25144300
2015-10-22,,,,48.029998779296875,41.58879852294922,56637100
2015-10-23,,,,52.869998931884766,45.779701232910156,135227100
2015-10-26,,,,54.25,46.974700927734375,64633300
2015-10-27,,,,53.689998626708984,46.48979949951172,50999900
2015-10-28,,,,53.97999954223633,46.74089813232422,47000800
2015-10-29,,,,53.36000061035156,46.20399856567383,30202100
2015-10-30,,,,52.63999938964844,45.58060073852539,46619800
2015-11-02,,,,53.2400016784668,46.100101470947266,30285000
2015-11-03,,,,54.150001525878906,46.888099670410156,36596900
2015-11-04,,,,54.400001525878906,47.10449981689453,37087800
2015-11-05,,,,54.380001068115234,47.08720016479492,31468500
2015-11-06,,,,54.91999816894531,47.5547981262207,32851200
2015-11-09,,,,54.15999984741211,46.89670181274414,32513100
2015-11-10,,,,53.5099983215332,46.333900451660156,55283700
2015-11-11,,,,53.650001525878906,46.455101013183594,36516300
2015-11-12,,,,53.31999969482422,46.16939926147461,35361100
2015-11-13,,,,52.84000015258789,45.753700256347656,36848200
2015-11-16,,,,53.77000045776367,46.558998107910156,32165200
2015-11-17,,,,52.970001220703125,46.175498962402344,31551300
2015-11-18,,,,53.849998474121094,46.94260025024414,29710000
2015-11-19,,,,53.939998626708984,47.020999908447266,28149200
2015-11-20,,,,54.189998626708984,47.23899841308594,37147600
2015-11-23,,,,54.189998626708984,47.23899841308594,28235900
2015-11-24,,,,54.25,47.29130172729492,24600000
2015-11-25,,,,53.689998626708984,46.8031005859375,21005100
2015-11-27,,,,53.93000030517578,47.012298583984375,9009100
2015-11-30,,,,54.349998474121094,47.378501892089844,56241400
2015-12-01,,,,55.220001220703125,48.13690185546875,39952800
2015-12-02,,,,55.209999084472656,48.12810134887695,47274900
2015-12-03,,,,54.20000076293945,47.24769973754883,38627800
2015-12-04,,,,55.90999984741211,48.73830032348633,43963700
2015-12-07,,,,55.810001373291016,48.65119934082031,30709800
2015-12-08,,,,55.790000915527344,48.63370132446289,32878000
2015-12-09,,,,54.97999954223633,47.9276008605957,36373200
2015-12-10,,,,55.27000045776367,48.18040084838867,31775800
2015-12-11,,,,54.060001373291016,47.1255989074707,39549500
2015-12-14,,,,55.13999938964844,48.067100524902344,46768900
2015-12-15,,,,55.20000076293945,48.11940002441406,39843000
2015-12-16,,,,56.130001068115234,48.93009948730469,37503300
2015-12-17,,,,55.70000076293945,48.555301666259766,41280900
2015-12-18,,,,54.130001068115234,47.18669891357422,84684200
2015-12-21,,,,54.83000183105469,47.79690170288086,37246300
2015-12-22,,,,55.349998474121094,48.25019836425781,28322200
2015-12-23,,,,55.81999969482422,48.6599006652832,27279800
2015-12-24,,,,55.66999816894531,48.52909851074219,9558500
2015-12-28,,,,55.95000076293945,48.77320098876953,22458300
2015-12-29,,,,56.54999923706055,49.29629898071289,27731400
2015-12-30,,,,56.310001373291016,49.08700180053711,21704500
2015-12-31,,,,55.47999954223633,48.36349868774414,27334100
2016-01-04,,,,54.79999923706055,47.77069854736328,53778000
2016-01-05,,,,55.04999923706055,47.98870086669922,34079700
2016-01-06,,,,54.04999923706055,47.11690139770508,39518900
2016-01-07,,,,52.16999816894531,45.47809982299805,56564900
2016-01-08,,,,52.33000183105469,45.61759948730469,48754000
2016-01-11,,,,52.29999923706055,45.591400146484375,36943800
2016-01-12,,,,52.779998779296875,46.00979995727539,36095500
2016-01-13,,,,51.63999938964844,45.0161018371582,66883600
2016-01-14,,,,53.11000061035156,46.29750061035156,52381900
2016-01-15,,,,50.9900016784668,44.44940185546875,71820700
2016-01-19,,,,50.560001373291016,44.07460021972656,43564500
2016-01-20,,,,50.790000915527344,44.27510070800781,63273000
2016-01-21,,,,50.47999954223633,44.00490188598633,40191200
2016-01-22,,,,52.290000915527344,45.582698822021484,37555800
2016-01-25,,,,51.790000915527344,45.14680099487305,34707700
2016-01-26,,,,52.16999816894531,45.47809982299805,28900800
2016-01-27,,,,51.220001220703125,44.649898529052734,36775200
2016-01-28,,,,52.060001373291016,45.382198333740234,62513800
2016-01-29,,,,55.09000015258789,48.02349853515625,83611700
2016-02-01,,,,54.709999084472656,47.692298889160156,44208500
2016-02-02,,,,53.0,46.20159912109375,56313800
2016-02-03,,,,52.15999984741211,45.469398498535156,57559800
2016-02-04,,,,52.0,45.329898834228516,46987100
2016-02-05,,,,50.15999984741211,43.72589874267578,62009000
2016-02-08,,,,49.40999984741211,43.07210159301758,59290500
2016-02-09,,,,49.279998779296875,42.95880126953125,46740500
2016-02-10,,,,49.709999084472656,43.33359909057617,38237000
2016-02-11,,,,49.689998626708984,43.316200256347656,48878600
2016-02-12,,,,50.5,44.022300720214844,34243300
2016-02-16,,,,51.09000015258789,44.85639953613281,37291200
2016-02-17,,,,52.41999816894531,46.02410125732422,40789000
2016-02-18,,,,52.189998626708984,45.822200775146484,27176000
2016-02-19,,,,51.81999969482422,45.49729919433594,33559100
2016-02-22,,,,52.650001525878906,46.22600173950195,25008300
2016-02-23,,,,51.18000030517578,44.93539810180664,28895300
2016-02-24,,,,51.36000061035156,45.09339904785156,33014500
2016-02-25,,,,52.099998474121094,45.74319839477539,26939500
2016-02-26,,,,51.29999923706055,45.04079818725586,35975900
2016-02-29,,,,50.880001068115234,44.672000885009766,31654000
2016-03-01,,,,52.58000183105469,46.16460037231445,33024500
2016-03-02,,,,52.95000076293945,46.48939895629883,29289900
2016-03-03,,,,52.349998474121094,45.96260070800781,24427800
2016-03-04,,,,52.029998779296875,45.68170166015625,33034200
2016-03-07,,,,51.029998779296875,44.8036994934082,38407800
2016-03-08,,,,51.650001525878906,45.34809875488281,33835100
2016-03-09,,,,52.84000015258789,46.39289855957031,28251600
2016-03-10,,,,52.04999923706055,45.69929885864258,38387800
2016-03-11,,,,53.06999969482422,46.59479904174805,32275700
2016-03-14,,,,53.16999816894531,46.68259811401367,24083600
2016-03-15,,,,53.59000015258789,47.05139923095703,21104800
2016-03-16,,,,54.349998474121094,47.71860122680664,31691700
2016-03-17,,,,54.65999984741211,47.99079895019531,28223900
2016-03-18,,,,53.4900016784668,46.963600158691406,67625500
2016-03-21,,,,53.86000061035156,47.28839874267578,23925700
2016-03-22,,,,54.06999969482422,47.472801208496094,23124100
2016-03-23,,,,53.970001220703125,47.3849983215332,20129000
2016-03-24,,,,54.209999084472656,47.595699310302734,19950000
2016-03-28,,,,53.540000915527344,47.00749969482422,17025100
2016-03-29,,,,54.709999084472656,48.034698486328125,23924300
2016-03-30,,,,55.04999923706055,48.33319854736328,23008300
2016-03-31,,,,55.22999954223633,48.49129867553711,26360500
2016-04-01,,,,55.56999969482422,48.789798736572266,24399200
2016-04-04,,,,55.43000030517578,48.66680145263672,18928800
2016-04-05,,,,54.560001373291016,47.90299987792969,19272300
2016-04-06,,,,55.119998931884766,48.39469909667969,21188700
2016-04-07,,,,54.459999084472656,47.81520080566406,19225100
2016-04-08,,,,54.41999816894531,47.78010177612305,22167200
2016-04-11,,,,54.310001373291016,47.68349838256836,21414200
2016-04-12,,,,54.650001525878906,47.981998443603516,24944300
2016-04-13,,,,55.349998474121094,48.59659957885742,20818000
2016-04-14,,,,55.36000061035156,48.60540008544922,20877100
2016-04-15,,,,55.650001525878906,48.86000061035156,28793800
2016-04-18,,,,56.459999084472656,49.57120132446289,23786000
2016-04-19,,,,56.38999938964844,49.509700775146484,29596800
2016-04-20,,,,55.59000015258789,48.80730056762695,36195700
2016-04-21,,,,55.779998779296875,48.974098205566406,38909100
2016-04-22,,,,51.779998779296875,45.46220016479492,126834100
2016-04-25,,,,52.11000061035156,45.75189971923828,33226900
2016-04-26,,,,51.439998626708984,45.163700103759766,33532600
2016-04-27,,,,50.939998626708984,44.724700927734375,43369300
2016-04-28,,,,49.900001525878906,43.81159973144531,43134800
2016-04-29,,,,49.869998931884766,43.78519821166992,48411700
2016-05-02,,,,50.61000061035156,44.434898376464844,33114500
2016-05-03,,,,49.779998779296875,43.706199645996094,26460200
2016-05-04,,,,49.869998931884766,43.78519821166992,24257600
2016-05-05,,,,49.939998626708984,43.84669876098633,25390700
2016-05-06,,,,50.38999938964844,44.241798400878906,24787300
2016-05-09,,,,50.06999969482422,43.96080017089844,17951600
2016-05-10,,,,51.02000045776367,44.794898986816406,22891000
2016-05-11,,,,51.04999923706055,44.8213005065918,24039100
2016-05-12,,,,51.5099983215332,45.225101470947266,24102800
2016-05-13,,,,51.08000183105469,44.847599029541016,22592300
2016-05-16,,,,51.83000183105469,45.506099700927734,20032000
2016-05-17,,,,50.5099983215332,44.65729904174805,27803500
2016-05-18,,,,50.810001373291016,44.92259979248047,24907500
2016-05-19,,,,50.31999969482422,44.48929977416992,23842400
2016-05-20,,,,50.619998931884766,44.754600524902344,23905800
2016-05-23,,,,50.029998779296875,44.2328987121582,26118700
2016-05-24,,,,51.59000015258789,45.61220169067383,34757900
2016-05-25,,,,52.119998931884766,46.0807991027832,24040200
2016-05-26,,,,51.88999938964844,45.87739944458008,24335200
2016-05-27,,,,52.31999969482422,46.257598876953125,17721400
2016-05-31,,,,53.0,46.85879898071289,37653100
2016-06-01,,,,52.849998474121094,46.726200103759766,25324800
2016-06-02,,,,52.47999954223633,46.39910125732422,22840800
2016-06-03,,,,51.790000915527344,45.78900146484375,23368300
2016-06-06,,,,52.130001068115234,46.089599609375,18243300
2016-06-07,,,,52.099998474121094,46.0630989074707,20866800
2016-06-08,,,,52.040000915527344,46.0099983215332,21149400
2016-06-09,,,,51.619998931884766,45.63869857788086,20305700
2016-06-10,,,,51.47999954223633,45.51490020751953,25833200
2016-06-13,,,,50.13999938964844,44.3302001953125,83217800
2016-06-14,,,,49.83000183105469,44.05609893798828,42577100
2016-06-15,,,,49.689998626708984,43.93230056762695,33757600
2016-06-16,,,,50.38999938964844,44.55120086669922,31188600
2016-06-17,,,,50.130001068115234,44.3213996887207,45710500
2016-06-20,,,,50.06999969482422,44.2682991027832,35607900
2016-06-21,,,,51.189998626708984,45.25849914550781,34097800
2016-06-22,,,,50.9900016784668,45.08169937133789,28816800
2016-06-23,,,,51.90999984741211,45.89509963989258,29028800
2016-06-24,,,,49.83000183105469,44.05609893798828,133503000
2016-06-27,,,,48.43000030517578,42.81829833984375,50216300
2016-06-28,,,,49.439998626708984,43.711299896240234,38140700
2016-06-29,,,,50.540000915527344,44.68389892578125,31304000
2016-06-30,,,,51.16999816894531,45.24089813232422,28527800
2016-07-01,,,,51.15999984741211,45.231998443603516,21400400
2016-07-05,,,,51.16999816894531,45.24089813232422,24806400
2016-07-06,,,,51.380001068115234,45.42649841308594,28167500
2016-07-07,,,,51.380001068115234,45.42649841308594,19585200
2016-07-08,,,,52.29999923706055,46.239898681640625,28391000
2016-07-11,,,,52.59000015258789,46.496299743652344,22269200
2016-07-12,,,,53.209999084472656,47.044498443603516,27317600
2016-07-13,,,,53.5099983215332,47.30970001220703,25356800
2016-07-14,,,,53.7400016784668,47.513099670410156,24545500
2016-07-15,,,,53.70000076293945,47.477699279785156,32024400
2016-07-18,,,,53.959999084472656,47.70759963989258,31433900
2016-07-19,,,,53.09000015258789,46.93840026855469,53336500
2016-07-20,,,,55.90999984741211,49.43159866333008,89893300
2016-07-21,,,,55.79999923706055,49.33440017700195,32776700
2016-07-22,,,,56.56999969482422,50.015098571777344,32157200
2016-07-25,,,,56.72999954223633,50.15660095214844,25610600
2016-07-26,,,,56.7599983215332,50.183101654052734,28079000
2016-07-27,,,,56.189998626708984,49.67919921875,32327500
2016-07-28,,,,56.209999084472656,49.6968994140625,37550400
2016-07-29,,,,56.68000030517578,50.11240005493164,30558700
2016-08-01,,,,56.58000183105469,50.02399826049805,26003400
2016-08-02,,,,56.58000183105469,50.02399826049805,35122000
2016-08-03,,,,56.970001220703125,50.36880111694336,22075600
2016-08-04,,,,57.38999938964844,50.7401008605957,26587700
2016-08-05,,,,57.959999084472656,51.24409866333008,29335200
2016-08-08,,,,58.060001373291016,51.33250045776367,19473500
2016-08-09,,,,58.20000076293945,51.456298828125,16920700
2016-08-10,,,,58.02000045776367,51.29710006713867,15756900
2016-08-11,,,,58.29999923706055,51.544700622558594,18162300
2016-08-12,,,,57.939998626708984,51.22639846801758,21655200
2016-08-15,,,,58.119998931884766,51.385501861572266,19283900
2016-08-16,,,,57.439998626708984,51.10089874267578,20523500
2016-08-17,,,,57.560001373291016,51.20759963989258,18856400
2016-08-18,,,,57.599998474121094,51.24319839477539,14214300
2016-08-19,,,,57.619998931884766,51.26100158691406,17271000
2016-08-22,,,,57.66999816894531,51.30550003051758,15221900
2016-08-23,,,,57.88999938964844,51.50120162963867,18732400
2016-08-24,,,,57.95000076293945,51.55459976196289,18151500
2016-08-25,,,,58.16999816894531,51.750301361083984,18552600
2016-08-26,,,,58.029998779296875,51.62580108642578,20971200
2016-08-29,,,,58.099998474121094,51.6879997253418,16417200
2016-08-30,,,,57.88999938964844,51.50120162963867,16930200
2016-08-31,,,,57.459999084472656,51.11869812011719,20860300
2016-09-01,,,,57.59000015258789,51.23429870605469,26075400
2016-09-02,,,,57.66999816894531,51.30550003051758,18900500
2016-09-06,,,,57.61000061035156,51.25210189819336,16278400
2016-09-07,,,,57.65999984741211,51.296600341796875,17493400
2016-09-08,,,,57.43000030517578,51.09199905395508,20146100
2016-09-09,,,,56.209999084472656,50.00659942626953,35113900
2016-09-12,,,,57.04999923706055,50.75389862060547,29303000
2016-09-13,,,,56.529998779296875,50.29130172729492,30130200
2016-09-14,,,,56.2599983215332,50.05110168457031,24062500
2016-09-15,,,,57.189998626708984,50.878501892089844,26847000
2016-09-16,,,,57.25,50.931800842285156,44607000
2016-09-19,,,,56.93000030517578,50.647098541259766,20937100
2016-09-20,,,,56.810001373291016,50.540401458740234,17384000
2016-09-21,,,,57.7599983215332,51.385501861572266,33707300
2016-09-22,,,,57.81999969482422,51.438899993896484,19822200
2016-09-23,,,,57.43000030517578,51.09199905395508,19955300
2016-09-26,,,,56.900001525878906,50.62049865722656,21688700
2016-09-27,,,,57.95000076293945,51.55459976196289,28065100
2016-09-28,,,,58.029998779296875,51.62580108642578,20536400
2016-09-29,,,,57.400001525878906,51.06529998779297,25463500
2016-09-30,,,,57.599998474121094,51.24319839477539,29910800
2016-10-03,,,,57.41999816894531,51.083099365234375,19189500
2016-10-04,,,,57.2400016784668,50.92290115356445,20085900
2016-10-05,,,,57.63999938964844,51.27880096435547,16726400
2016-10-06,,,,57.7400016784668,51.367801666259766,16212600
2016-10-07,,,,57.79999923706055,51.42110061645508,20089000
2016-10-10,,,,58.040000915527344,51.63460159301758,18196500
2016-10-11,,,,57.189998626708984,50.878501892089844,26497400
2016-10-12,,,,57.11000061035156,50.80730056762695,22177500
2016-10-13,,,,56.91999816894531,50.638301849365234,25313700
2016-10-14,,,,57.41999816894531,51.083099365234375,27402500
2016-10-17,,,,57.220001220703125,50.90510177612305,23830000
2016-10-18,,,,57.65999984741211,51.296600341796875,19149500
2016-10-19,,,,57.529998779296875,51.18090057373047,22878400
2016-10-20,,,,57.25,50.931800842285156,49455600
2016-10-21,,,,59.65999984741211,53.07590103149414,80032200
2016-10-24,,,,61.0,54.268001556396484,54067000
2016-10-25,,,,60.9900016784668,54.25910186767578,35137200
2016-10-26,,,,60.630001068115234,53.93880081176758,29911600
2016-10-27,,,,60.099998474121094,53.46730041503906,28479900
2016-10-28,,,,59.869998931884766,53.262699127197266,33574700
2016-10-31,,,,59.91999816894531,53.30720138549805,26434700
2016-11-01,,,,59.79999923706055,53.200401306152344,24533000
2016-11-02,,,,59.43000030517578,52.87120056152344,22147000
2016-11-03,,,,59.209999084472656,52.675498962402344,21600400
2016-11-04,,,,58.709999084472656,52.2307014465332,28697000
2016-11-07,,,,60.41999816894531,53.75199890136719,31664800
2016-11-08,,,,60.470001220703125,53.79650115966797,22935400
2016-11-09,,,,60.16999816894531,53.529598236083984,49632500
2016-11-10,,,,58.70000076293945,52.2218017578125,57822400
2016-11-11,,,,59.02000045776367,52.506500244140625,38767800
2016-11-14,,,,58.119998931884766,51.7057991027832,41328400
2016-11-15,,,,58.869998931884766,52.726898193359375,35904100
2016-11-16,,,,59.650001525878906,53.425498962402344,27332500
2016-11-17,,,,60.63999938964844,54.312198638916016,32132700
2016-11-18,,,,60.349998474121094,54.052398681640625,27686300
2016-11-21,,,,60.86000061035156,54.50920104980469,19652600
2016-11-22,,,,61.119998931884766,54.74209976196289,23206700
2016-11-23,,,,60.400001525878906,54.097198486328125,21848900
2016-11-25,,,,60.529998779296875,54.213600158691406,8409600
2016-11-28,,,,60.61000061035156,54.285301208496094,20732600
2016-11-29,,,,61.09000015258789,54.7151985168457,22366700
2016-11-30,,,,60.2599983215332,53.9718017578125,34655400
2016-12-01,,,,59.20000076293945,53.02239990234375,34542100
2016-12-02,,,,59.25,53.06719970703125,25515700
2016-12-05,,,,60.220001220703125,53.93600082397461,23552700
2016-12-06,,,,59.95000076293945,53.69419860839844,19907000
2016-12-07,,,,61.369998931884766,54.965999603271484,30809000
2016-12-08,,,,61.0099983215332,54.64350128173828,21220800
2016-12-09,,,,61.970001220703125,55.50339889526367,27349400
2016-12-12,,,,62.16999816894531,55.682498931884766,20198100
2016-12-13,,,,62.97999954223633,56.40800094604492,35718900
2016-12-14,,,,62.68000030517578,56.13930130004883,30352700
2016-12-15,,,,62.58000183105469,56.04970169067383,27669900
2016-12-16,,,,62.29999923706055,55.79890060424805,42453100
2016-12-19,,,,63.619998931884766,56.981201171875,34338200
2016-12-20,,,,63.540000915527344,56.90950012207031,26028400
2016-12-21,,,,63.540000915527344,56.90950012207031,17096300
2016-12-22,,,,63.54999923706055,56.91849899291992,22176600
2016-12-23,,,,63.2400016784668,56.64080047607422,12403800
2016-12-27,,,,63.279998779296875,56.676700592041016,11763200
2016-12-28,,,,62.9900016784668,56.416900634765625,14653300
2016-12-29,,,,62.900001525878906,56.336299896240234,10250600
2016-12-30,,,,62.13999938964844,55.655601501464844,25579900
2017-01-03,,,,62.58000183105469,56.04970169067383,20694100
2017-01-04,,,,62.29999923706055,55.79890060424805,21340000
2017-01-05,,,,62.29999923706055,55.79890060424805,24876000
2017-01-06,,,,62.84000015258789,56.28260040283203,19922900
2017-01-09,,,,62.63999938964844,56.10350036621094,20382700
2017-01-10,,,,62.619998931884766,56.08549880981445,18593000
2017-01-11,,,,63.189998626708984,56.596099853515625,21517300
2017-01-12,,,,62.61000061035156,56.07659912109375,20968200
2017-01-13,,,,62.70000076293945,56.15719985961914,19422300
2017-01-17,,,,62.529998779296875,56.00490188598633,20664000
2017-01-18,,,,62.5,55.97809982299805,19670100
2017-01-19,,,,62.29999923706055,55.79890060424805,18451700
2017-01-20,,,,62.7400016784668,56.19300079345703,30213500
2017-01-23,,,,62.959999084472656,56.390098571777344,23097600
2017-01-24,,,,63.52000045776367,56.8916015625,24672900
2017-01-25,,,,63.68000030517578,57.0349006652832,23672700
2017-01-26,,,,64.2699966430664,57.56340026855469,43554600
2017-01-27,,,,65.77999877929688,58.91579818725586,44818000
2017-01-30,,,,65.12999725341797,58.33359909057617,31651400
2017-01-31,,,,64.6500015258789,57.90370178222656,25270500
2017-02-01,,,,63.58000183105469,56.94540023803711,39671500
2017-02-02,,,,63.16999816894531,56.57809829711914,45827000
2017-02-03,,,,63.68000030517578,57.0349006652832,30301800
2017-02-06,,,,63.63999938964844,56.99909973144531,19796400
2017-02-07,,,,63.43000030517578,56.81100082397461,20277200
2017-02-08,,,,63.34000015258789,56.73040008544922,18096400
2017-02-09,,,,64.05999755859375,57.375301361083984,22644400
2017-02-10,,,,64.0,57.32149887084961,18170700
2017-02-13,,,,64.72000122070312,57.966400146484375,22920100
2017-02-14,,,,64.56999969482422,58.182701110839844,23108400
2017-02-15,,,,64.52999877929688,58.14659881591797,17005200
2017-02-16,,,,64.5199966430664,58.13759994506836,20546300
2017-02-17,,,,64.62000274658203,58.227699279785156,21248800
2017-02-21,,,,64.48999786376953,58.110599517822266,20655900
2017-02-22,,,,64.36000061035156,57.99340057373047,19292700
2017-02-23,,,,64.62000274658203,58.227699279785156,20273100
2017-02-24,,,,64.62000274658203,58.227699279785156,21796800
2017-02-27,,,,64.2300033569336,57.87630081176758,15871500
2017-02-28,,,,63.97999954223633,57.6510009765625,23239800
2017-03-01,,,,64.94000244140625,58.5161018371582,26937500
2017-03-02,,,,64.01000213623047,57.6781005859375,24539600
2017-03-03,,,,64.25,57.8942985534668,18135900
2017-03-06,,,,64.2699966430664,57.91230010986328,18750300
2017-03-07,,,,64.4000015258789,58.02949905395508,18521000
2017-03-08,,,,64.98999786376953,58.561100006103516,21510900
2017-03-09,,,,64.7300033569336,58.32680130004883,19846800
2017-03-10,,,,64.93000030517578,58.50709915161133,19538200
2017-03-13,,,,64.70999908447266,58.308799743652344,20100000
2017-03-14,,,,64.41000366210938,58.03850173950195,14280200
2017-03-15,,,,64.75,58.34489822387695,24833800
2017-03-16,,,,64.63999938964844,58.24570083618164,20674300
2017-03-17,,,,64.87000274658203,58.452999114990234,49219700
2017-03-20,,,,64.93000030517578,58.50709915161133,14598100
2017-03-21,,,,64.20999908447266,57.858299255371094,26640500
2017-03-22,,,,65.02999877929688,58.597198486328125,20680000
2017-03-23,,,,64.87000274658203,58.452999114990234,19269200
2017-03-24,,,,64.9800033569336,58.552101135253906,22617100
2017-03-27,,,,65.0999984741211,58.66019821166992,18614700
2017-03-28,,,,65.29000091552734,58.83140182495117,20080400
2017-03-29,,,,65.47000122070312,58.99359893798828,13618400
2017-03-30,,,,65.70999908447266,59.20989990234375,15122800
2017-03-31,,,,65.86000061035156,59.34510040283203,21040300
2017-04-03,,,,65.55000305175781,59.06570053100586,20400900
2017-04-04,,,,65.7300033569336,59.227901458740234,12997400
2017-04-05,,,,65.55999755859375,59.07469940185547,21448600
2017-04-06,,,,65.7300033569336,59.227901458740234,18103500
2017-04-07,,,,65.68000030517578,59.182899475097656,14108500
2017-04-10,,,,65.52999877929688,59.047698974609375,17952700
2017-04-11,,,,65.4800033569336,59.002601623535156,18791500
2017-04-12,,,,65.2300033569336,58.777400970458984,17108500
2017-04-13,,,,64.94999694824219,58.52510070800781,17896500
2017-04-17,,,,65.4800033569336,59.002601623535156,16689300
2017-04-18,,,,65.38999938964844,58.92150115966797,15155600
2017-04-19,,,,65.04000091552734,58.606201171875,26992800
2017-04-20,,,,65.5,59.02069854736328,22299500
2017-04-21,,,,66.4000015258789,59.831600189208984,32522600
2017-04-24,,,,67.52999877929688,60.84989929199219,29770000
2017-04-25,,,,67.91999816894531,61.20130157470703,30242700
2017-04-26,,,,67.83000183105469,61.120201110839844,26190800
2017-04-27,,,,68.2699966430664,61.516700744628906,34971000
2017-04-28,,,,68.45999908447266,61.68790054321289,39548800
2017-05-01,,,,69.41000366210938,62.54389953613281,31954400
2017-05-02,,,,69.30000305175781,62.444801330566406,23906100
2017-05-03,,,,69.08000183105469,62.246498107910156,28928000
2017-05-04,,,,68.80999755859375,62.00320053100586,21749400
2017-05-05,,,,69.0,62.174400329589844,19128800
2017-05-08,,,,68.94000244140625,62.120399475097656,18566100
2017-05-09,,,,69.04000091552734,62.21049880981445,22858400
2017-05-10,,,,69.30999755859375,62.453800201416016,17977800
2017-05-11,,,,68.45999908447266,61.68790054321289,28789400
2017-05-12,,,,68.37999725341797,61.61579895019531,18714100
2017-05-15,,,,68.43000030517578,61.66080093383789,31530300
2017-05-16,,,,69.41000366210938,62.902400970458984,34956000
2017-05-17,,,,67.4800033569336,61.15330123901367,30548800
2017-05-18,,,,67.70999908447266,61.36180114746094,25201300
2017-05-19,,,,67.69000244140625,61.34360122680664,26961100
2017-05-22,,,,68.44999694824219,62.03239822387695,16237600
2017-05-23,,,,68.68000030517578,62.24079895019531,15425800
2017-05-24,,,,68.7699966430664,62.3223991394043,14593900
2017-05-25,,,,69.62000274658203,63.09270095825195,21854100
2017-05-26,,,,69.95999908447266,63.40079879760742,19827900
2017-05-30,,,,70.41000366210938,63.80860137939453,17072800
2017-05-31,,,,69.83999633789062,63.29209899902344,30436400
2017-06-01,,,,70.0999984741211,63.5276985168457,21603600
2017-06-02,,,,71.76000213623047,65.03209686279297,34770300
2017-06-05,,,,72.27999877929688,65.50330352783203,33316800
2017-06-06,,,,72.5199966430664,65.7208023071289,31511100
2017-06-07,,,,72.38999938964844,65.60299682617188,22301800
2017-06-08,,,,71.94999694824219,65.2042007446289,24588300
2017-06-09,,,,70.31999969482422,63.72710037231445,49187400
2017-06-12,,,,69.77999877929688,63.237701416015625,47761700
2017-06-13,,,,70.6500015258789,64.0261001586914,25258600
2017-06-14,,,,70.2699966430664,63.681800842285156,25510700
2017-06-15,,,,69.9000015258789,63.34640121459961,26068700
2017-06-16,,,,70.0,63.43709945678711,48345100
2017-06-19,,,,70.87000274658203,64.22550201416016,23798300
2017-06-20,,,,69.91000366210938,63.355499267578125,21512200
2017-06-21,,,,70.2699966430664,63.681800842285156,19891100
2017-06-22,,,,70.26000213623047,63.672698974609375,22965700
2017-06-23,,,,71.20999908447266,64.53359985351562,27617300
2017-06-26,,,,70.52999877929688,63.91740036010742,19607000
2017-06-27,,,,69.20999908447266,62.721099853515625,25215100
2017-06-28,,,,69.80000305175781,63.25579833984375,25806200
2017-06-29,,,,68.48999786376953,62.068599700927734,28918700
2017-06-30,,,,68.93000030517578,62.46739959716797,24161100
2017-07-03,,,,68.16999816894531,61.77859878540039,16165500
2017-07-05,,,,69.08000183105469,62.60329818725586,21176300
2017-07-06,,,,68.56999969482422,62.1411018371582,21117600
2017-07-07,,,,69.45999908447266,62.94770050048828,16878300
2017-07-10,,,,69.9800033569336,63.41889953613281,15014500
2017-07-11,,,,69.98999786376953,63.428001403808594,17460000
2017-07-12,,,,71.1500015258789,64.47920227050781,17750900
2017-07-13,,,,71.7699966430664,65.04109954833984,20269800
2017-07-14,,,,72.77999877929688,65.9563980102539,25868100
2017-07-17,,,,73.3499984741211,66.4729995727539,21803900
2017-07-18,,,,73.30000305175781,66.42769622802734,26435300
2017-07-19,,,,73.86000061035156,66.9352035522461,22416200
2017-07-20,,,,74.22000122070312,67.26139831542969,42361000
2017-07-21,,,,73.79000091552734,66.87169647216797,46717100
2017-07-24,,,,73.5999984741211,66.69950103759766,21394800
2017-07-25,,,,74.19000244140625,67.23419952392578,22018700
2017-07-26,,,,74.05000305175781,67.1073989868164,16252200
2017-07-27,,,,73.16000366210938,66.30079650878906,36844200
2017-07-28,,,,73.04000091552734,66.19200134277344,18306700
2017-07-31,,,,72.69999694824219,65.88390350341797,23600100
2017-08-01,,,,72.58000183105469,65.77519989013672,22132300
2017-08-02,,,,72.26000213623047,65.48519897460938,26499200
2017-08-03,,,,72.1500015258789,65.385498046875,18214400
2017-08-04,,,,72.68000030517578,65.86579895019531,22579000
2017-08-07,,,,72.4000015258789,65.61209869384766,18705700
2017-08-08,,,,72.79000091552734,65.96549987792969,22044600
2017-08-09,,,,72.47000122070312,65.67549896240234,22213400
2017-08-10,,,,71.41000366210938,64.71489715576172,24734500
2017-08-11,,,,72.5,65.70269775390625,21443700
2017-08-14,,,,73.58999633789062,66.69049835205078,20096600
2017-08-15,,,,73.22000122070312,66.70870208740234,19181400
2017-08-16,,,,73.6500015258789,67.10050201416016,18150400
2017-08-17,,,,72.4000015258789,65.96160125732422,22977500
2017-08-18,,,,72.48999786376953,66.0436019897461,18761500
2017-08-21,,,,72.1500015258789,65.73390197753906,17734800
2017-08-22,,,,73.16000366210938,66.65399932861328,14343700
2017-08-23,,,,72.72000122070312,66.2531967163086,13766500
2017-08-24,,,,72.69000244140625,66.22579956054688,17098300
2017-08-25,,,,72.81999969482422,66.34429931640625,12794300
2017-08-28,,,,72.83000183105469,66.35340118408203,14569700
2017-08-29,,,,73.05000305175781,66.55380249023438,11478400
2017-08-30,,,,74.01000213623047,67.42849731445312,16897800
2017-08-31,,,,74.7699966430664,68.12090301513672,27652800
2017-09-01,,,,73.94000244140625,67.36470031738281,21736200
2017-09-05,,,,73.61000061035156,67.06400299072266,21556000
2017-09-06,,,,73.4000015258789,66.8727035522461,16535800
2017-09-07,,,,74.33999633789062,67.7291030883789,17471200
2017-09-08,,,,73.9800033569336,67.4011001586914,14703800
2017-09-11,,,,74.76000213623047,68.11180114746094,17910400
2017-09-12,,,,74.68000030517578,68.03890228271484,14394900
2017-09-13,,,,75.20999908447266,68.52169799804688,13380800
2017-09-14,,,,74.7699966430664,68.12090301513672,15733900
2017-09-15,,,,75.30999755859375,68.61280059814453,38578400
2017-09-18,,,,75.16000366210938,68.4761962890625,23307000
2017-09-19,,,,75.44000244140625,68.7313003540039,16093300
2017-09-20,,,,74.94000244140625,68.27570343017578,21587900
2017-09-21,,,,74.20999908447266,67.61070251464844,19186100
2017-09-22,,,,74.41000366210938,67.79290008544922,14111400
2017-09-25,,,,73.26000213623047,66.74510192871094,24149200
2017-09-26,,,,73.26000213623047,66.74510192871094,18019600
2017-09-27,,,,73.8499984741211,67.28269958496094,19565100
2017-09-28,,,,73.87000274658203,67.3009033203125,10883800
2017-09-29,,,,74.48999786376953,67.86579895019531,17079100
2017-10-02,,,,74.61000061035156,67.97509765625,15304800
2017-10-03,,,,74.26000213623047,67.65619659423828,12190400
2017-10-04,,,,74.69000244140625,68.0479965209961,13317700
2017-10-05,,,,75.97000122070312,69.21420288085938,21195300
2017-10-06,,,,76.0,69.24150085449219,13959800
2017-10-09,,,,76.29000091552734,69.50569915771484,11386500
2017-10-10,,,,76.29000091552734,69.50569915771484,13944500
2017-10-11,,,,76.41999816894531,69.62409973144531,15388900
2017-10-12,,,,77.12000274658203,70.26190185546875,16876500
2017-10-13,,,,77.48999786376953,70.5989990234375,15335700
2017-10-16,,,,77.6500015258789,70.74479675292969,12380100
2017-10-17,,,,77.58999633789062,70.69010162353516,16824000
2017-10-18,,,,77.61000061035156,70.70829772949219,13300700
2017-10-19,,,,77.91000366210938,70.98159790039062,15092800
2017-10-20,,,,78.80999755859375,71.80159759521484,22866400
2017-10-23,,,,78.83000183105469,71.8198013305664,20627200
2017-10-24,,,,78.86000061035156,71.84719848632812,17517200
2017-10-25,,,,78.62999725341797,71.63760375976562,20410800
2017-10-26,,,,78.76000213623047,71.75599670410156,32120700
2017-10-27,,,,83.80999755859375,76.35700225830078,71066700
2017-10-30,,,,83.88999938964844,76.42980194091797,31756700
2017-10-31,,,,83.18000030517578,75.78299713134766,27086600
2017-11-01,,,,83.18000030517578,75.78299713134766,22307400
2017-11-02,,,,84.05000305175781,76.57559967041016,23992900
2017-11-03,,,,84.13999938964844,76.65760040283203,17633500
2017-11-06,,,,84.47000122070312,76.95829772949219,19860900
2017-11-07,,,,84.2699966430664,76.7761001586914,17939700
2017-11-08,,,,84.55999755859375,77.04029846191406,18034200
2017-11-09,,,,84.08999633789062,76.61209869384766,21178400
2017-11-10,,,,83.87000274658203,76.4115982055664,19397800
2017-11-13,,,,83.93000030517578,76.46630096435547,14196900
2017-11-14,,,,84.05000305175781,76.57559967041016,18801300
2017-11-15,,,,82.9800033569336,75.98040008544922,19383100
2017-11-16,,,,83.19999694824219,76.18190002441406,20962800
2017-11-17,,,,82.4000015258789,75.44940185546875,22079000
2017-11-20,,,,82.52999877929688,75.56839752197266,16315000
2017-11-21,,,,83.72000122070312,76.65799713134766,21237500
2017-11-22,,,,83.11000061035156,76.09950256347656,20553100
2017-11-24,,,,83.26000213623047,76.23680114746094,7425600
2017-11-27,,,,83.87000274658203,76.79540252685547,18265200
2017-11-28,,,,84.87999725341797,77.72019958496094,21926000
2017-11-29,,,,83.33999633789062,76.31009674072266,27381100
2017-11-30,,,,84.16999816894531,77.07009887695312,33054600
2017-12-01,,,,84.26000213623047,77.15249633789062,29532100
2017-12-04,,,,81.08000183105469,74.2406997680664,39094900
2017-12-05,,,,81.58999633789062,74.70770263671875,26152300
2017-12-06,,,,82.77999877929688,75.79730224609375,26162100
2017-12-07,,,,82.48999786376953,75.53179931640625,23184500
2017-12-08,,,,84.16000366210938,77.06089782714844,24489100
2017-12-11,,,,85.2300033569336,78.04070281982422,22857900
2017-12-12,,,,85.58000183105469,78.36109924316406,23924100
2017-12-13,,,,85.3499984741211,78.15049743652344,22062700
2017-12-14,,,,84.69000244140625,77.54620361328125,19306000
2017-12-15,,,,86.8499984741211,79.52400207519531,53936700
2017-12-18,,,,86.37999725341797,79.09359741210938,22283800
2017-12-19,,,,85.83000183105469,78.58999633789062,23524800
2017-12-20,,,,85.5199966430664,78.30619812011719,23674900
2017-12-21,,,,85.5,78.28790283203125,17990700
2017-12-22,,,,85.51000213623047,78.2969970703125,14145800
2017-12-26,,,,85.4000015258789,78.19629669189453,9891200
2017-12-27,,,,85.70999908447266,78.4802017211914,14678000
2017-12-28,,,,85.72000122070312,78.48930358886719,10594300
2017-12-29,,,,85.54000091552734,78.32450103759766,18717400
2018-01-02,,,,85.94999694824219,78.69989776611328,22483800
2018-01-03,,,,86.3499984741211,79.06620025634766,26061400
2018-01-04,,,,87.11000061035156,79.76210021972656,21912000
2018-01-05,,,,88.19000244140625,80.7509994506836,23407100
2018-01-08,,,,88.27999877929688,80.8333969116211,22113000
2018-01-09,,,,88.22000122070312,80.77839660644531,19484300
2018-01-10,,,,87.81999969482422,80.41220092773438,18652200
2018-01-11,,,,88.08000183105469,80.65019989013672,17808900
2018-01-12,,,,89.5999984741211,82.04199981689453,24271500
2018-01-16,,,,88.3499984741211,80.89749908447266,36599700
2018-01-17,,,,90.13999938964844,82.5364990234375,25621200
2018-01-18,,,,90.0999984741211,82.4999008178711,24159700
2018-01-19,,,,90.0,82.4083023071289,36875000
2018-01-22,,,,91.61000061035156,83.88249969482422,23601600
2018-01-23,,,,91.9000015258789,84.14800262451172,23412800
2018-01-24,,,,91.81999969482422,84.07479858398438,33277500
2018-01-25,,,,92.33000183105469,84.54170227050781,26383200
2018-01-26,,,,94.05999755859375,86.12580108642578,29172200
2018-01-29,,,,93.91999816894531,85.99759674072266,31569900
2018-01-30,,,,92.73999786376953,84.91719818115234,38635100
2018-01-31,,,,95.01000213623047,86.99569702148438,48756300
2018-02-01,,,,94.26000213623047,86.30889892578125,47227900
2018-02-02,,,,91.77999877929688,84.03810119628906,47867800
2018-02-05,,,,88.0,80.5770034790039,51031500
2018-02-06,,,,91.33000183105469,83.6260986328125,67998600
2018-02-07,,,,89.61000061035156,82.05120086669922,41107600
2018-02-08,,,,85.01000213623047,77.83920288085938,55628700
2018-02-09,,,,88.18000030517578,80.7417984008789,63499100
2018-02-12,,,,89.12999725341797,81.61170196533203,35720300
2018-02-13,,,,89.83000183105469,82.25260162353516,26407700
2018-02-14,,,,90.80999755859375,83.54060363769531,34960900
2018-02-15,,,,92.66000366210938,85.24250030517578,27823900
2018-02-16,,,,92.0,84.63529968261719,30596900
2018-02-20,,,,92.72000122070312,85.29769897460938,30911700
2018-02-21,,,,91.48999786376953,84.16609954833984,26922500
2018-02-22,,,,91.7300033569336,84.38690185546875,24392800
2018-02-23,,,,94.05999755859375,86.53040313720703,26329200
2018-02-26,,,,95.41999816894531,87.78150177001953,30199800
2018-02-27,,,,94.19999694824219,86.6592025756836,25869100
2018-02-28,,,,93.7699966430664,86.26360321044922,31167300
2018-03-01,,,,92.8499984741211,85.41729736328125,37135600
2018-03-02,,,,93.05000305175781,85.6011962890625,32830400
2018-03-05,,,,93.63999938964844,86.14399719238281,23901600
2018-03-06,,,,93.31999969482422,85.84960174560547,22175800
2018-03-07,,,,93.86000061035156,86.34639739990234,26716100
2018-03-08,,,,94.43000030517578,86.87079620361328,25887800
2018-03-09,,,,96.54000091552734,88.81189727783203,36937300
2018-03-12,,,,96.7699966430664,89.02349853515625,26073700
2018-03-13,,,,94.41000366210938,86.85240173339844,35387800
2018-03-14,,,,93.8499984741211,86.33719635009766,32132000
2018-03-15,,,,94.18000030517578,86.64080047607422,27611000
2018-03-16,,,,94.5999984741211,87.0271987915039,49081300
2018-03-19,,,,92.88999938964844,85.4541015625,33344100
2018-03-20,,,,93.12999725341797,85.67479705810547,23075200
2018-03-21,,,,92.4800033569336,85.07689666748047,24457100
2018-03-22,,,,89.79000091552734,82.60220336914062,38604700
2018-03-23,,,,87.18000030517578,80.20110321044922,44068900
2018-03-26,,,,93.77999877929688,86.27279663085938,56396800
2018-03-27,,,,89.47000122070312,82.30780029296875,56569000
2018-03-28,,,,89.38999938964844,82.23419952392578,52501100
2018-03-29,,,,91.2699966430664,83.96369934082031,45867500
2018-04-02,,,,88.5199966430664,81.43389892578125,48515400
2018-04-03,,,,89.70999908447266,82.52860260009766,37213800
2018-04-04,,,,92.33000183105469,84.93890380859375,35560000
2018-04-05,,,,92.37999725341797,84.98490142822266,29771900
2018-04-06,,,,90.2300033569336,83.00700378417969,38026000
2018-04-09,,,,90.7699966430664,83.50379943847656,31533900
2018-04-10,,,,92.87999725341797,85.44490051269531,26812000
2018-04-11,,,,91.86000061035156,84.50650024414062,24872100
2018-04-12,,,,93.58000183105469,86.08879852294922,26758900
2018-04-13,,,,93.08000183105469,85.62879943847656,23346100
2018-04-16,,,,94.16999816894531,86.63159942626953,20288100
2018-04-17,,,,96.06999969482422,88.37950134277344,26771000
2018-04-18,,,,96.44000244140625,88.71990203857422,21043300
2018-04-19,,,,96.11000061035156,88.41629791259766,23552500
2018-04-20,,,,95.0,87.39510345458984,31154400
2018-04-23,,,,95.3499984741211,87.71710205078125,22331800
2018-04-24,,,,93.12000274658203,85.66560363769531,34524800
2018-04-25,,,,92.30999755859375,84.92050170898438,33729300
2018-04-26,,,,94.26000213623047,86.71440124511719,42529000
2018-04-27,,,,95.81999969482422,88.14949798583984,48272800
2018-04-30,,,,93.5199966430664,86.03359985351562,41523600
2018-05-01,,,,95.0,87.39510345458984,31408900
2018-05-02,,,,93.51000213623047,86.02439880371094,27471000
2018-05-03,,,,94.06999969482422,86.53959655761719,31142500
2018-05-04,,,,95.16000366210938,87.54229736328125,22531300
2018-05-07,,,,96.22000122070312,88.51750183105469,24242000
2018-05-08,,,,95.80999755859375,88.14029693603516,23484600
2018-05-09,,,,96.94000244140625,89.17980194091797,27327400
2018-05-10,,,,97.91000366210938,90.07219696044922,22388100
2018-05-11,,,,97.69999694824219,89.87899780273438,16778300
2018-05-14,,,,98.02999877929688,90.18260192871094,19454100
2018-05-15,,,,97.31999969482422,89.52940368652344,24594000
2018-05-16,,,,97.1500015258789,89.7603988647461,17384700
2018-05-17,,,,96.18000030517578,88.86419677734375,17246700
2018-05-18,,,,96.36000061035156,89.03050231933594,17865800
2018-05-21,,,,97.5999984741211,90.17620086669922,19422500
2018-05-22,,,,97.5,90.08380126953125,15441200
2018-05-23,,,,98.66000366210938,91.15560150146484,21251200
2018-05-24,,,,98.30999755859375,90.83219909667969,26649300
2018-05-25,,,,98.36000061035156,90.87840270996094,18363900
2018-05-29,,,,98.01000213623047,90.55500030517578,28671000
2018-05-30,,,,98.94999694824219,91.42350006103516,22158500
2018-05-31,,,,98.83999633789062,91.3218994140625,34140900
2018-06-01,,,,100.79000091552734,93.12349700927734,28655600
2018-06-04,,,,101.66999816894531,93.93659973144531,27281600
2018-06-05,,,,102.19000244140625,94.41699981689453,23514400
2018-06-06,,,,102.48999786376953,94.69419860839844,21122900
2018-06-07,,,,100.87999725341797,93.20670318603516,28232200
2018-06-08,,,,101.62999725341797,93.89959716796875,22165100
2018-06-11,,,,101.05000305175781,93.36380004882812,23490900
2018-06-12,,,,101.30999755859375,93.60399627685547,18325200
2018-06-13,,,,100.8499984741211,93.17900085449219,29492900
2018-06-14,,,,101.41999816894531,93.70559692382812,25691800
2018-06-15,,,,100.12999725341797,92.51370239257812,65738600
2018-06-18,,,,100.86000061035156,93.18820190429688,23586000
2018-06-19,,,,100.86000061035156,93.18820190429688,28653100
2018-06-20,,,,101.87000274658203,94.12139892578125,26180800
2018-06-21,,,,101.13999938964844,93.4468994140625,23198200
2018-06-22,,,,100.41000366210938,92.77239990234375,38923100
2018-06-25,,,,98.38999938964844,90.90609741210938,35433300
2018-06-26,,,,99.08000183105469,91.5436019897461,26897200
2018-06-27,,,,97.54000091552734,90.12069702148438,31298400
2018-06-28,,,,98.62999725341797,91.12779998779297,26650700
2018-06-29,,,,98.61000061035156,91.1093978881836,28053200
2018-07-02,,,,100.01000213623047,92.40290069580078,19564500
2018-07-03,,,,99.05000305175781,91.51589965820312,14670300
2018-07-05,,,,99.76000213623047,92.1718978881836,18977400
2018-07-06,,,,101.16000366210938,93.46540069580078,19234600
2018-07-09,,,,101.8499984741211,94.10289764404297,18212000
2018-07-10,,,,102.12000274658203,94.35240173339844,19293100
2018-07-11,,,,101.9800033569336,94.2229995727539,19644600
2018-07-12,,,,104.19000244140625,96.26490020751953,24335900
2018-07-13,,,,105.43000030517578,97.41059875488281,24635200
2018-07-16,,,,104.91000366210938,96.9301986694336,21786900
2018-07-17,,,,105.94999694824219,97.89099884033203,25901700
2018-07-18,,,,105.12000274658203,97.12419891357422,29493900
2018-07-19,,,,104.4000015258789,96.45890045166016,40171600
2018-07-20,,,,106.2699966430664,98.18669891357422,56004000
2018-07-23,,,,107.97000122070312,99.75740051269531,29707000
2018-07-24,,,,107.66000366210938,99.47100067138672,26316600
2018-07-25,,,,110.83000183105469,102.39990234375,30702100
2018-07-26,,,,109.62000274658203,101.28189849853516,31372100
2018-07-27,,,,107.68000030517578,99.489501953125,37005300
2018-07-30,,,,105.37000274658203,97.3552017211914,34668300
2018-07-31,,,,106.08000183105469,98.01119995117188,27655200
2018-08-01,,,,106.27999877929688,98.1958999633789,23628700
2018-08-02,,,,107.56999969482422,99.38780212402344,26104300
2018-08-03,,,,108.04000091552734,99.82209777832031,18659600
2018-08-06,,,,108.12999725341797,99.90519714355469,20265900
2018-08-07,,,,108.87999725341797,100.59819793701172,16080200
2018-08-08,,,,109.48999786376953,101.16179656982422,15487500
2018-08-09,,,,109.66999816894531,101.3281021118164,13677200
2018-08-10,,,,109.0,100.70909881591797,18183700
2018-08-13,,,,108.20999908447266,99.9791030883789,18472500
2018-08-14,,,,109.55999755859375,101.22650146484375,16788300
2018-08-15,,,,107.66000366210938,99.85379791259766,29982800
2018-08-16,,,,107.63999938964844,99.83519744873047,21384300
2018-08-17,,,,107.58000183105469,99.77960205078125,18061500
2018-08-20,,,,106.87000274658203,99.12110137939453,17914200
2018-08-21,,,,105.9800033569336,98.29560089111328,22881900
2018-08-22,,,,107.05999755859375,99.29730224609375,18000600
2018-08-23,,,,107.55999755859375,99.76100158691406,18167700
2018-08-24,,,,108.4000015258789,100.54010009765625,17234000
2018-08-27,,,,109.5999984741211,101.6530990600586,19662300
2018-08-28,,,,110.26000213623047,102.26529693603516,19151500
2018-08-29,,,,112.0199966430664,103.89759826660156,20818000
2018-08-30,,,,111.94999694824219,103.83270263671875,22798700
2018-08-31,,,,112.33000183105469,104.1852035522461,23222700
2018-09-04,,,,111.70999908447266,103.61009979248047,22634600
2018-09-05,,,,108.48999786376953,100.62359619140625,32872400
2018-09-06,,,,108.73999786376953,100.85549926757812,23477600
2018-09-07,,,,108.20999908447266,100.36389923095703,22498600
2018-09-10,,,,109.37999725341797,101.4490966796875,20727900
2018-09-11,,,,111.23999786376953,103.17420196533203,24301800
2018-09-12,,,,111.70999908447266,103.61009979248047,18891100
2018-09-13,,,,112.91000366210938,104.72309875488281,26055600
2018-09-14,,,,113.37000274658203,105.1498031616211,19122300
2018-09-17,,,,112.13999938964844,104.00890350341797,20736500
2018-09-18,,,,113.20999908447266,105.00140380859375,22170900
2018-09-19,,,,111.69999694824219,103.60079956054688,21728400
2018-09-20,,,,113.56999969482422,105.33519744873047,23714500
2018-09-21,,,,114.26000213623047,105.9751968383789,71229700
2018-09-24,,,,114.66999816894531,106.35549926757812,27334500
2018-09-25,,,,114.44999694824219,106.15139770507812,22668000
2018-09-26,,,,113.9800033569336,105.71549987792969,19352000
2018-09-27,,,,114.41000366210938,106.11430358886719,19091300
2018-09-28,,,,114.37000274658203,106.07720184326172,21647800
2018-10-01,,,,115.61000061035156,107.22730255126953,18883100
2018-10-02,,,,115.1500015258789,106.80069732666016,20787200
2018-10-03,,,,115.16999816894531,106.81919860839844,16648000
2018-10-04,,,,112.79000091552734,104.61180114746094,34821700
2018-10-05,,,,112.12999725341797,103.99970245361328,29068900
2018-10-08,,,,110.8499984741211,102.8125,29640600
2018-10-09,,,,112.26000213623047,104.12020111083984,26198600
2018-10-10,,,,106.16000366210938,98.4625015258789,61376300
2018-10-11,,,,105.91000366210938,98.23069763183594,63904300
2018-10-12,,,,109.56999969482422,101.62529754638672,47742100
2018-10-15,,,,107.5999984741211,99.79810333251953,32068100
2018-10-16,,,,111.0,102.95159912109375,31610200
2018-10-17,,,,110.70999908447266,102.68260192871094,26548200
2018-10-18,,,,108.5,100.63289642333984,32506200
2018-10-19,,,,108.66000366210938,100.78130340576172,32785500
2018-10-22,,,,109.62999725341797,101.68090057373047,26545600
2018-10-23,,,,108.0999984741211,100.26190185546875,43770400
2018-10-24,,,,102.31999969482422,94.9010009765625,63897800
2018-10-25,,,,108.30000305175781,100.44740295410156,61646800
2018-10-26,,,,106.95999908447266,99.20449829101562,55523100
2018-10-29,,,,103.8499984741211,96.31999969482422,55162000
2018-10-30,,,,103.7300033569336,96.20870208740234,65350900
2018-10-31,,,,106.80999755859375,99.06539916992188,51062400
2018-11-01,,,,105.91999816894531,98.23989868164062,33384200
2018-11-02,,,,106.16000366210938,98.4625015258789,37680200
2018-11-05,,,,107.51000213623047,99.714599609375,27922100
2018-11-06,,,,107.72000122070312,99.9094009399414,24340200
2018-11-07,,,,111.95999908447266,103.84200286865234,37901700
2018-11-08,,,,111.75,103.64720153808594,25644100
2018-11-09,,,,109.56999969482422,101.62529754638672,32039200
2018-11-12,,,,106.87000274658203,99.12110137939453,33621800
2018-11-13,,,,106.94000244140625,99.18599700927734,35374600
2018-11-14,,,,104.97000122070312,97.77940368652344,39495100
2018-11-15,,,,107.27999877929688,99.93119812011719,38505200
2018-11-16,,,,108.29000091552734,100.87200164794922,33502100
2018-11-19,,,,104.62000274658203,97.45339965820312,44773900
2018-11-20,,,,101.70999908447266,94.7426986694336,64052500
2018-11-21,,,,103.11000061035156,96.04679870605469,28130600
2018-11-23,,,,103.06999969482422,96.00959777832031,13823100
2018-11-26,,,,106.47000122070312,99.17669677734375,32336200
2018-11-27,,,,107.13999938964844,99.80079650878906,29124500
2018-11-28,,,,111.12000274658203,103.50810241699219,46788500
2018-11-29,,,,110.19000244140625,102.64179992675781,28123200
2018-11-30,,,,110.88999938964844,103.29389953613281,33665600
2018-12-03,,,,112.08999633789062,104.41169738769531,34732800
2018-12-04,,,,108.5199966430664,101.08619689941406,45197000
2018-12-06,,,,109.19000244140625,101.71029663085938,49107400
2018-12-07,,,,104.81999969482422,97.63970184326172,45044900
2018-12-10,,,,107.58999633789062,100.21990203857422,40801500
2018-12-11,,,,108.58999633789062,101.15139770507812,42381900
2018-12-12,,,,109.08000183105469,101.60790252685547,36183000
2018-12-13,,,,109.44999694824219,101.95249938964844,31333400
2018-12-14,,,,106.02999877929688,98.76679992675781,47043100
2018-12-17,,,,102.88999938964844,95.84190368652344,56957300
2018-12-18,,,,103.97000122070312,96.847900390625,49319200
2018-12-19,,,,103.69000244140625,96.58709716796875,68198200
2018-12-20,,,,101.51000213623047,94.556396484375,70334200
2018-12-21,,,,98.2300033569336,91.5010986328125,111242100
2018-12-24,,,,94.12999725341797,87.68199920654297,43935200
2018-12-26,,,,100.55999755859375,93.67150115966797,51634800
2018-12-27,,,,101.18000030517578,94.2490005493164,49498500
2018-12-28,,,,100.38999938964844,93.51319885253906,38196300
2018-12-31,,,,101.56999969482422,94.61229705810547,33173800
2019-01-02,,,,101.12000274658203,94.19309997558594,35329300
2019-01-03,,,,97.4000015258789,90.72799682617188,42579100
2019-01-04,,,,101.93000030517578,94.94770050048828,44060600
2019-01-07,,,,102.05999755859375,95.06880187988281,35656100
2019-01-08,,,,102.80000305175781,95.75810241699219,31514400
2019-01-09,,,,104.2699966430664,97.12740325927734,32280800
2019-01-10,,,,103.5999984741211,96.50330352783203,30067600
2019-01-11,,,,102.80000305175781,95.75810241699219,28314200
2019-01-14,,,,102.05000305175781,95.05940246582031,28437100
2019-01-15,,,,105.01000213623047,97.81670379638672,31587600
2019-01-16,,,,105.37999725341797,98.16130065917969,29853900
2019-01-17,,,,106.12000274658203,98.85060119628906,28393000
2019-01-18,,,,107.70999908447266,100.33170318603516,37427600
2019-01-22,,,,105.68000030517578,98.44080352783203,32371300
2019-01-23,,,,106.70999908447266,99.40019989013672,25874300
2019-01-24,,,,106.19999694824219,98.92520141601562,23164800
2019-01-25,,,,107.16999816894531,99.82869720458984,31225600
2019-01-28,,,,105.08000183105469,97.88189697265625,29476700
2019-01-29,,,,102.94000244140625,95.88849639892578,31490500
2019-01-30,,,,106.37999725341797,99.0927963256836,49471900
2019-01-31,,,,104.43000030517578,97.27639770507812,55636400
2019-02-01,,,,102.77999877929688,95.7394027709961,35535700
2019-02-04,,,,105.73999786376953,98.49669647216797,31315100
2019-02-05,,,,107.22000122070312,99.87529754638672,27325400
2019-02-06,,,,106.02999877929688,98.76679992675781,20609800
2019-02-07,,,,105.2699966430664,98.05889892578125,29760700
2019-02-08,,,,105.66999816894531,98.43150329589844,21461100
2019-02-11,,,,105.25,98.04019927978516,18914100
2019-02-12,,,,106.88999938964844,99.56790161132812,25056600
2019-02-13,,,,106.80999755859375,99.49340057373047,18394900
2019-02-14,,,,106.9000015258789,99.57720184326172,21784700
2019-02-15,,,,108.22000122070312,100.80680084228516,26606900
2019-02-19,,,,108.16999816894531,100.76020050048828,18038500
2019-02-20,,,,107.1500015258789,100.23629760742188,21607700
2019-02-21,,,,109.41000366210938,102.35050201416016,29063200
2019-02-22,,,,110.97000122070312,103.80989837646484,27763200
2019-02-25,,,,111.58999633789062,104.38990020751953,23750600
2019-02-26,,,,112.36000061035156,105.11019897460938,21536700
2019-02-27,,,,112.16999816894531,104.93240356445312,21487100
2019-02-28,,,,112.02999877929688,104.80149841308594,29083900
2019-03-01,,,,112.52999877929688,105.26920318603516,23501200
2019-03-04,,,,112.26000213623047,105.0166015625,26608000
2019-03-05,,,,111.69999694824219,104.4927978515625,19538300
2019-03-06,,,,111.75,104.53949737548828,17687000
2019-03-07,,,,110.38999938964844,103.26730346679688,25339000
2019-03-08,,,,110.51000213623047,103.37950134277344,22818400
2019-03-11,,,,112.83000183105469,105.54989624023438,26491600
2019-03-12,,,,113.62000274658203,106.28890228271484,26132700
2019-03-13,,,,114.5,107.11209869384766,35513800
2019-03-14,,,,114.58999633789062,107.19629669189453,30763400
2019-03-15,,,,115.91000366210938,108.43109893798828,54681100
2019-03-18,,,,117.56999969482422,109.98400115966797,31207600
2019-03-19,,,,117.6500015258789,110.05889892578125,37588700
2019-03-20,,,,117.5199966430664,109.93720245361328,28113300
2019-03-21,,,,120.22000122070312,112.46299743652344,29854400
2019-03-22,,,,117.05000305175781,109.49759674072266,33624500
2019-03-25,,,,117.66000366210938,110.06819915771484,27067100
2019-03-26,,,,117.91000366210938,110.3021011352539,26097700
2019-03-27,,,,116.7699966430664,109.23560333251953,22733400
2019-03-28,,,,116.93000030517578,109.38529968261719,18334800
2019-03-29,,,,117.94000244140625,110.3301010131836,25399800
2019-04-01,,,,119.0199966430664,111.34049987792969,22789100
2019-04-02,,,,119.19000244140625,111.49949645996094,18142300
2019-04-03,,,,119.97000122070312,112.22920227050781,22860700
2019-04-04,,,,119.36000061035156,111.65850067138672,20112800
2019-04-05,,,,119.88999938964844,112.154296875,15826200
2019-04-08,,,,119.93000030517578,112.19170379638672,15116200
2019-04-09,,,,119.27999877929688,111.58370208740234,17612000
2019-04-10,,,,120.19000244140625,112.43499755859375,16477200
2019-04-11,,,,120.33000183105469,112.56590270996094,14209100
2019-04-12,,,,120.94999694824219,113.1458969116211,19745100
2019-04-15,,,,121.05000305175781,113.239501953125,15792600
2019-04-16,,,,120.7699966430664,112.97750091552734,14071800
2019-04-17,,,,121.7699966430664,113.91300201416016,19300900
2019-04-18,,,,123.37000274658203,115.40979766845703,27991000
2019-04-22,,,,123.76000213623047,115.77459716796875,15648700
2019-04-23,,,,125.44000244140625,117.34619903564453,24025500
2019-04-24,,,,125.01000213623047,116.94400024414062,31257000
2019-04-25,,,,129.14999389648438,120.81680297851562,38033900
2019-04-26,,,,129.88999938964844,121.50910186767578,23654900
2019-04-29,,,,129.77000427246094,121.39679718017578,16324200
2019-04-30,,,,130.60000610351562,122.17330169677734,24166500
2019-05-01,,,,127.87999725341797,119.62879943847656,26821700
2019-05-02,,,,126.20999908447266,118.06649780273438,27350200
2019-05-03,,,,128.89999389648438,120.58300018310547,24911100
2019-05-06,,,,128.14999389648438,119.88140106201172,24239800
2019-05-07,,,,125.5199966430664,117.42109680175781,36017700
2019-05-08,,,,125.51000213623047,117.41169738769531,28419000
2019-05-09,,,,125.5,117.40229797363281,27235800
2019-05-10,,,,127.12999725341797,118.92720031738281,30915100
2019-05-13,,,,123.3499984741211,115.39109802246094,33944900
2019-05-14,,,,124.7300033569336,116.68199920654297,25266300
2019-05-15,,,,126.0199966430664,118.32520294189453,24722700
2019-05-16,,,,128.92999267578125,121.05750274658203,30112200
2019-05-17,,,,128.07000732421875,120.25,25770500
2019-05-20,,,,126.22000122070312,118.51300048828125,23706900
2019-05-21,,,,126.9000015258789,119.15139770507812,15293300
2019-05-22,,,,127.66999816894531,119.87439727783203,15396500
2019-05-23,,,,126.18000030517578,118.47540283203125,23603800
2019-05-24,,,,126.23999786376953,118.53170013427734,14123400
2019-05-28,,,,126.16000366210938,118.45659637451172,23128400
2019-05-29,,,,124.94000244140625,117.31109619140625,22763100
2019-05-30,,,,125.7300033569336,118.05290222167969,16829600
2019-05-31,,,,123.68000030517578,116.12809753417969,26646800
2019-06-03,,,,119.83999633789062,112.52249908447266,37983600
2019-06-04,,,,123.16000366210938,115.63980102539062,29382600
2019-06-05,,,,125.83000183105469,118.14679718017578,24926100
2019-06-06,,,,127.81999969482422,120.01529693603516,21459000
2019-06-07,,,,131.39999389648438,123.37670135498047,33885600
2019-06-10,,,,132.60000610351562,124.50340270996094,26477100
2019-06-11,,,,132.10000610351562,124.03389739990234,23913700
2019-06-12,,,,131.49000549316406,123.46119689941406,17092500
2019-06-13,,,,132.32000732421875,124.2405014038086,17200800
2019-06-14,,,,132.4499969482422,124.36260223388672,17821700
2019-06-17,,,,132.85000610351562,124.73809814453125,14517800
2019-06-18,,,,135.16000366210938,126.90709686279297,25934500
2019-06-19,,,,135.69000244140625,127.40470123291016,23744400
2019-06-20,,,,136.9499969482422,128.58779907226562,33042600
2019-06-21,,,,136.97000122070312,128.60659790039062,36727900
2019-06-24,,,,137.77999877929688,129.36709594726562,20628800
2019-06-25,,,,133.42999267578125,125.28269958496094,33327400
2019-06-26,,,,133.92999267578125,125.752197265625,23657700
2019-06-27,,,,134.14999389648438,125.95870208740234,16557500
2019-06-28,,,,133.9600067138672,125.78040313720703,30043000
2019-07-01,,,,135.67999267578125,127.39530181884766,22613500
2019-07-02,,,,136.5800018310547,128.2404022216797,15237800
2019-07-03,,,,137.4600067138672,129.0666046142578,13629300
2019-07-05,,,,137.05999755859375,128.69110107421875,18141100
2019-07-08,,,,136.9600067138672,128.59719848632812,16779700
2019-07-09,,,,136.4600067138672,128.12770080566406,19953100
2019-07-10,,,,137.85000610351562,129.43280029296875,24204400
2019-07-11,,,,138.39999389648438,129.94920349121094,22327900
2019-07-12,,,,138.89999389648438,130.418701171875,18936800
2019-07-15,,,,138.89999389648438,130.418701171875,16651500
2019-07-16,,,,137.0800018310547,128.7097930908203,22726100
2019-07-17,,,,136.27000427246094,127.94930267333984,20211000
2019-07-18,,,,136.4199981689453,128.09010314941406,30381800
2019-07-19,,,,136.6199951171875,128.27789306640625,48992400
2019-07-22,,,,138.42999267578125,129.97740173339844,25074900
2019-07-23,,,,139.2899932861328,130.78489685058594,18034600
2019-07-24,,,,140.72000122070312,132.12759399414062,20738300
2019-07-25,,,,140.19000244140625,131.62989807128906,18356900
2019-07-26,,,,141.33999633789062,132.70970153808594,19037600
2019-07-29,,,,141.02999877929688,132.418701171875,16605900
2019-07-30,,,,140.35000610351562,131.7801971435547,16846500
2019-07-31,,,,136.27000427246094,127.94930267333984,38598800
2019-08-01,,,,138.05999755859375,129.6300048828125,40557500
2019-08-02,,,,136.89999389648438,128.54080200195312,30791600
2019-08-05,,,,132.2100067138672,124.13719940185547,42749600
2019-08-06,,,,134.69000244140625,126.4657974243164,32696700
2019-08-07,,,,135.27999877929688,127.0197982788086,33414500
2019-08-08,,,,138.88999938964844,130.4093017578125,27496500
2019-08-09,,,,137.7100067138672,129.30140686035156,23466700
2019-08-12,,,,135.7899932861328,127.49859619140625,20484300
2019-08-13,,,,138.60000610351562,130.13699340820312,25154600
2019-08-14,,,,133.97999572753906,126.21800231933594,32527300
2019-08-15,,,,133.67999267578125,125.9354019165039,28074400
2019-08-16,,,,136.1300048828125,128.24349975585938,24449100
2019-08-19,,,,138.41000366210938,130.3914031982422,24355700
2019-08-20,,,,137.25999450683594,129.30799865722656,21170800
2019-08-21,,,,138.7899932861328,130.74940490722656,14970300
2019-08-22,,,,137.77999877929688,129.7978973388672,18697000
2019-08-23,,,,133.38999938964844,125.66220092773438,38508600
2019-08-26,,,,135.4499969482422,127.60289764404297,20312600
2019-08-27,,,,135.74000549316406,127.8760986328125,23102100
2019-08-28,,,,135.55999755859375,127.70649719238281,17393300
2019-08-29,,,,138.1199951171875,130.11819458007812,20168700
2019-08-30,,,,137.86000061035156,129.87330627441406,23940100
2019-09-03,,,,136.0399932861328,128.15870666503906,18869300
2019-09-04,,,,137.6300048828125,129.65660095214844,17995900
2019-09-05,,,,140.0500030517578,131.9364013671875,26101800
2019-09-06,,,,139.10000610351562,131.04139709472656,20824500
2019-09-09,,,,137.52000427246094,129.5529022216797,25773900
2019-09-10,,,,136.0800018310547,128.19639587402344,28903400
2019-09-11,,,,136.1199951171875,128.23410034179688,24726100
2019-09-12,,,,137.52000427246094,129.5529022216797,27010000
2019-09-13,,,,137.32000732421875,129.364501953125,23363100
2019-09-16,,,,136.3300018310547,128.43190002441406,16731400
2019-09-17,,,,137.38999938964844,129.4304962158203,17814200
2019-09-18,,,,138.52000427246094,130.4949951171875,23982100
2019-09-19,,,,141.07000732421875,132.8972930908203,35772100
2019-09-20,,,,139.44000244140625,131.3616943359375,39167300
2019-09-23,,,,139.13999938964844,131.0791015625,17139300
2019-09-24,,,,137.3800048828125,129.4210968017578,29773200
2019-09-25,,,,139.36000061035156,131.28640747070312,21382000
2019-09-26,,,,139.5399932861328,131.45590209960938,17456600
2019-09-27,,,,137.72999572753906,129.75079345703125,22477700
2019-09-30,,,,139.02999877929688,130.97549438476562,17280900
2019-10-01,,,,137.07000732421875,129.12899780273438,21466600
2019-10-02,,,,134.64999389648438,126.84919738769531,30521700
2019-10-03,,,,136.27999877929688,128.38479614257812,24132900
2019-10-04,,,,138.1199951171875,130.11819458007812,22897700
2019-10-07,,,,137.1199951171875,129.1761016845703,15303700
2019-10-08,,,,135.6699981689453,127.81009674072266,25550500
2019-10-09,,,,138.24000549316406,130.231201171875,19749900
2019-10-10,,,,139.10000610351562,131.04139709472656,17654600
2019-10-11,,,,139.67999267578125,131.58779907226562,25446000
2019-10-14,,,,139.5500030517578,131.46530151367188,13304300
2019-10-15,,,,141.57000732421875,133.36830139160156,19695700
2019-10-16,,,,140.41000366210938,132.27549743652344,20751600
2019-10-17,,,,139.69000244140625,131.59719848632812,21460600
2019-10-18,,,,137.41000366210938,129.4492950439453,32273500
2019-10-21,,,,138.42999267578125,130.4102020263672,20078200
2019-10-22,,,,136.3699951171875,128.4696044921875,27431000
2019-10-23,,,,137.24000549316406,129.28919982910156,29844600
2019-10-24,,,,139.94000244140625,131.83279418945312,37029300
2019-10-25,,,,140.72999572753906,132.57699584960938,25959700
2019-10-28,,,,144.19000244140625,135.8365020751953,35280100
2019-10-29,,,,142.8300018310547,134.5552978515625,20589500
2019-10-30,,,,144.61000061035156,136.23219299316406,18496600
2019-10-31,,,,143.3699951171875,135.06399536132812,24605100
2019-11-01,,,,143.72000122070312,135.393798828125,33128400
2019-11-04,,,,144.5500030517578,136.1757049560547,16912000
2019-11-05,,,,144.4600067138672,136.0908966064453,18250200
2019-11-06,,,,144.05999755859375,135.71409606933594,16575800
2019-11-07,,,,144.25999450683594,135.90249633789062,17786700
2019-11-08,,,,145.9600067138672,137.50399780273438,16732700
2019-11-11,,,,146.11000061035156,137.64529418945312,14362600
2019-11-12,,,,147.07000732421875,138.54969787597656,18641600
2019-11-13,,,,147.30999755859375,138.7758026123047,16919200
2019-11-14,,,,148.05999755859375,139.4822998046875,19729800
2019-11-15,,,,149.97000122070312,141.2816925048828,23485700
2019-11-18,,,,150.33999633789062,141.6302032470703,21534000
2019-11-19,,,,150.38999938964844,141.67730712890625,23935700
2019-11-20,,,,149.6199951171875,141.4315948486328,25696800
2019-11-21,,,,149.47999572753906,141.2991943359375,18576100
2019-11-22,,,,149.58999633789062,141.4031982421875,15901800
2019-11-25,,,,151.22999572753906,142.95350646972656,22420900
2019-11-26,,,,152.02999877929688,143.70970153808594,24620100
2019-11-27,,,,152.32000732421875,143.98379516601562,15184400
2019-11-29,,,,151.3800048828125,143.09530639648438,11977300
2019-12-02,,,,149.5500030517578,141.3654022216797,27418400
2019-12-03,,,,149.30999755859375,141.1385040283203,24066000
2019-12-04,,,,149.85000610351562,141.6490020751953,17574700
2019-12-05,,,,149.92999267578125,141.72459411621094,17869100
2019-12-06,,,,151.75,143.44500732421875,16403500
2019-12-09,,,,151.36000061035156,143.0762939453125,16687400
2019-12-10,,,,151.1300048828125,142.85890197753906,16476100
2019-12-11,,,,151.6999969482422,143.397705078125,18856600
2019-12-12,,,,153.24000549316406,144.85350036621094,24612100
2019-12-13,,,,154.52999877929688,146.07290649414062,23845400
2019-12-16,,,,155.52999877929688,147.01809692382812,24144200
2019-12-17,,,,154.69000244140625,146.22410583496094,25425600
2019-12-18,,,,154.3699951171875,145.92160034179688,24129200
2019-12-19,,,,155.7100067138672,147.18829345703125,24958900
2019-12-20,,,,157.41000366210938,148.79519653320312,53477500
2019-12-23,,,,157.41000366210938,148.79519653320312,17718200
2019-12-24,,,,157.3800048828125,148.76690673828125,8989200
2019-12-26,,,,158.6699981689453,149.98629760742188,14520600
2019-12-27,,,,158.9600067138672,150.26040649414062,18412800
2019-12-30,,,,157.58999633789062,148.96539306640625,16348400
2019-12-31,,,,157.6999969482422,149.06939697265625,18369400
2020-01-02,,,,160.6199951171875,151.82960510253906,22622100
2020-01-03,,,,158.6199951171875,149.93899536132812,21116200
2020-01-06,,,,159.02999877929688,150.32659912109375,20813700
2020-01-07,,,,157.5800018310547,148.95590209960938,21634100
2020-01-08,,,,160.08999633789062,151.32859802246094,27746500
2020-01-09,,,,162.08999633789062,153.21910095214844,21385000
2020-01-10,,,,161.33999633789062,152.51019287109375,20725900
2020-01-13,,,,163.27999877929688,154.343994140625,21626500
2020-01-14,,,,162.1300048828125,153.25689697265625,23477400
2020-01-15,,,,163.17999267578125,154.24949645996094,21417900
2020-01-16,,,,166.1699981689453,157.0758056640625,23865400
2020-01-17,,,,167.10000610351562,157.95489501953125,34371700
2020-01-21,,,,166.5,157.38780212402344,29517200
2020-01-22,,,,165.6999969482422,156.63150024414062,24138800
2020-01-23,,,,166.72000122070312,157.595703125,19680800
2020-01-24,,,,165.0399932861328,156.00770568847656,24918100
2020-01-27,,,,162.27999877929688,153.39869689941406,32078100
2020-01-28,,,,165.4600067138672,156.40469360351562,24899900
2020-01-29,,,,168.0399932861328,158.843505859375,34754500
2020-01-30,,,,172.77999877929688,163.3240966796875,51597500
2020-01-31,,,,170.22999572753906,160.91360473632812,36142700
2020-02-03,,,,174.3800048828125,164.8365020751953,30107000
2020-02-04,,,,180.1199951171875,170.2624053955078,36433300
2020-02-05,,,,179.89999389648438,170.0543975830078,39186300
2020-02-06,,,,183.6300048828125,173.58030700683594,27751400
2020-02-07,,,,183.88999938964844,173.8260040283203,33529100
2020-02-10,,,,188.6999969482422,178.372802734375,35844300
2020-02-11,,,,184.44000244140625,174.3459014892578,53159900
2020-02-12,,,,184.7100067138672,174.6011962890625,47062900
2020-02-13,,,,183.7100067138672,173.65589904785156,35295800
2020-02-14,,,,185.35000610351562,175.2061004638672,23149500
2020-02-18,,,,187.22999572753906,176.9832000732422,27792200
2020-02-19,,,,187.27999877929688,177.51400756835938,29997500
2020-02-20,,,,184.4199981689453,174.80320739746094,36862400
2020-02-21,,,,178.58999633789062,169.27720642089844,48572600
2020-02-24,,,,170.88999938964844,161.97869873046875,68311100
2020-02-25,,,,168.07000732421875,159.30580139160156,68073300
2020-02-26,,,,170.1699981689453,161.29629516601562,56206100
2020-02-27,,,,158.17999267578125,149.93150329589844,93174900
2020-02-28,,,,162.00999450683594,153.56179809570312,97012700
2020-03-02,,,,172.7899932861328,163.77960205078125,71030800
2020-03-03,,,,164.50999450683594,155.931396484375,71677000
2020-03-04,,,,170.5500030517578,161.656494140625,49814400
2020-03-05,,,,166.27000427246094,157.59959411621094,47817300
2020-03-06,,,,161.57000732421875,153.1446990966797,72821100
2020-03-09,,,,150.6199951171875,142.7657012939453,70419300
2020-03-10,,,,160.9199981689453,152.52859497070312,65354400
2020-03-11,,,,153.6300048828125,145.61880493164062,56371600
2020-03-12,,,,139.05999755859375,131.80850219726562,93226400
2020-03-13,,,,158.8300018310547,150.547607421875,92727400
2020-03-16,,,,135.4199981689453,128.3583984375,87905900
2020-03-17,,,,146.57000732421875,138.92689514160156,81059800
2020-03-18,,,,140.39999389648438,133.07870483398438,81593200
2020-03-19,,,,142.7100067138672,135.26820373535156,85922700
2020-03-20,,,,137.35000610351562,130.1876983642578,84866200
2020-03-23,,,,135.97999572753906,128.88909912109375,78975200
2020-03-24,,,,148.33999633789062,140.60459899902344,82516700
2020-03-25,,,,146.9199981689453,139.25869750976562,75638200
2020-03-26,,,,156.11000061035156,147.9694061279297,64568100
2020-03-27,,,,149.6999969482422,141.89370727539062,57042300
2020-03-30,,,,160.22999572753906,151.87460327148438,63420300
2020-03-31,,,,157.7100067138672,149.48599243164062,77927200
2020-04-01,,,,152.11000061035156,144.17799377441406,57969900
2020-04-02,,,,155.25999450683594,147.16380310058594,49630700
2020-04-03,,,,153.8300018310547,145.8083038330078,41243300
2020-04-06,,,,165.27000427246094,156.65179443359375,67111700
2020-04-07,,,,163.49000549316406,154.964599609375,62769000
2020-04-08,,,,165.1300048828125,156.51910400390625,48318200
2020-04-09,,,,165.13999938964844,156.52859497070312,51385100
2020-04-13,,,,165.50999450683594,156.87930297851562,41905300
2020-04-14,,,,173.6999969482422,164.64219665527344,52874300
2020-04-15,,,,171.8800048828125,162.91709899902344,40940800
2020-04-16,,,,177.0399932861328,167.80799865722656,50479600
2020-04-17,,,,178.60000610351562,169.2866973876953,52765600
2020-04-20,,,,175.05999755859375,165.93130493164062,36669600
2020-04-21,,,,167.82000732421875,159.0688018798828,56203700
2020-04-22,,,,173.52000427246094,164.4716033935547,34620200
2020-04-23,,,,171.4199981689453,162.48109436035156,32790800
2020-04-24,,,,174.5500030517578,165.44790649414062,34277600
2020-04-27,,,,174.0500030517578,164.97390747070312,33194400
2020-04-28,,,,169.80999755859375,160.9550018310547,34392700
2020-04-29,,,,177.42999267578125,168.17770385742188,51286600
2020-04-30,,,,179.2100067138672,169.86489868164062,53875900
2020-05-01,,,,174.57000732421875,165.466796875,39370500
2020-05-04,,,,178.83999633789062,169.5142059326172,30372900
2020-05-05,,,,180.75999450683594,171.33399963378906,36839200
2020-05-06,,,,182.5399932861328,173.0211944580078,32139300
2020-05-07,,,,183.60000610351562,174.02589416503906,28316000
2020-05-08,,,,184.67999267578125,175.0496063232422,30877800
2020-05-11,,,,186.74000549316406,177.002197265625,30892700
2020-05-12,,,,182.50999450683594,172.9927978515625,32038200
2020-05-13,,,,179.75,170.37669372558594,44711500
2020-05-14,,,,180.52999877929688,171.11599731445312,41873900
2020-05-15,,,,183.16000366210938,173.60890197753906,46610400
2020-05-18,,,,184.91000366210938,175.26759338378906,35264500
2020-05-19,,,,183.6300048828125,174.0543975830078,26799100
2020-05-20,,,,185.66000366210938,176.46859741210938,31261300
2020-05-21,,,,183.42999267578125,174.3489990234375,29119500
2020-05-22,,,,183.50999450683594,174.4250946044922,20826900
2020-05-26,,,,181.57000732421875,172.5811004638672,36073600
2020-05-27,,,,181.80999755859375,172.8092041015625,39517100
2020-05-28,,,,181.39999389648438,172.41949462890625,33810200
2020-05-29,,,,183.25,174.1779022216797,42130400
2020-06-01,,,,182.8300018310547,173.77870178222656,22622400
2020-06-02,,,,184.91000366210938,175.75579833984375,30794600
2020-06-03,,,,185.36000061035156,176.18350219726562,27311000
2020-06-04,,,,182.9199981689453,173.8643035888672,28761800
2020-06-05,,,,187.1999969482422,177.93240356445312,39893600
2020-06-08,,,,188.36000061035156,179.03500366210938,33211600
2020-06-09,,,,189.8000030517578,180.40370178222656,29783900
2020-06-10,,,,196.83999633789062,187.0950927734375,43872300
2020-06-11,,,,186.27000427246094,177.04840087890625,52854700
2020-06-12,,,,187.74000549316406,178.44569396972656,43373600
2020-06-15,,,,188.94000244140625,179.5863037109375,32770200
2020-06-16,,,,193.57000732421875,183.98699951171875,42556700
2020-06-17,,,,194.24000549316406,184.6239013671875,25687800
2020-06-18,,,,196.32000732421875,186.6009063720703,23061600
2020-06-19,,,,195.14999389648438,185.48880004882812,44441100
2020-06-22,,,,200.57000732421875,190.6405029296875,32818900
2020-06-23,,,,201.91000366210938,191.91419982910156,30917400
2020-06-24,,,,197.83999633789062,188.04559326171875,36740600
2020-06-25,,,,200.33999633789062,190.42190551757812,27803900
2020-06-26,,,,196.3300018310547,186.6103973388672,54675800
2020-06-29,,,,198.44000244140625,188.61590576171875,26701600
2020-06-30,,,,203.50999450683594,193.43490600585938,34310300
2020-07-01,,,,204.6999969482422,194.5659942626953,32061200
2020-07-02,,,,206.25999450683594,196.04879760742188,29315800
2020-07-06,,,,210.6999969482422,200.2689971923828,31897600
2020-07-07,,,,208.25,197.9403076171875,33600700
2020-07-08,,,,212.8300018310547,202.2935028076172,33600000
2020-07-09,,,,214.32000732421875,203.7097930908203,33121700
2020-07-10,,,,213.6699981689453,203.0919952392578,26177600
2020-07-13,,,,207.07000732421875,196.81869506835938,38135600
2020-07-14,,,,208.35000610351562,198.03529357910156,37591800
2020-07-15,,,,208.0399932861328,197.74070739746094,32179400
2020-07-16,,,,203.9199981689453,193.82460021972656,29940700
2020-07-17,,,,202.8800048828125,192.8361053466797,31635300
2020-07-20,,,,211.60000610351562,201.12440490722656,36884800
2020-07-21,,,,208.75,198.41549682617188,37990400
2020-07-22,,,,211.75,201.26699829101562,49605700
2020-07-23,,,,202.5399932861328,192.51300048828125,67457000
2020-07-24,,,,201.3000030517578,191.3343963623047,39827000
2020-07-27,,,,203.85000610351562,193.7581024169922,30160900
2020-07-28,,,,202.02000427246094,192.01870727539062,23251400
2020-07-29,,,,204.05999755859375,193.95770263671875,19632600
2020-07-30,,,,203.89999389648438,193.80560302734375,25079600
2020-07-31,,,,205.00999450683594,194.86070251464844,51044000
2020-08-03,,,,216.5399932861328,205.8199005126953,78983000
2020-08-04,,,,213.2899932861328,202.73080444335938,49280100
2020-08-05,,,,212.94000244140625,202.39810180664062,28806400
2020-08-06,,,,216.35000610351562,205.63929748535156,32656800
2020-08-07,,,,212.47999572753906,201.96090698242188,27820400
2020-08-10,,,,208.25,197.9403076171875,36716500
2020-08-11,,,,203.3800048828125,193.3114013671875,36446500
2020-08-12,,,,209.19000244140625,198.8336944580078,28013100
2020-08-13,,,,208.6999969482422,198.3679962158203,22588900
2020-08-14,,,,208.89999389648438,198.55810546875,17958900
2020-08-17,,,,210.27999877929688,199.8697967529297,20184800
2020-08-18,,,,211.49000549316406,201.0198974609375,21336200
2020-08-19,,,,209.6999969482422,199.80029296875,27627600
2020-08-20,,,,214.5800018310547,204.4499053955078,26981500
2020-08-21,,,,213.02000427246094,202.96359252929688,36249300
2020-08-24,,,,213.69000244140625,203.60189819335938,25460100
2020-08-25,,,,216.47000122070312,206.25070190429688,23043700
2020-08-26,,,,221.14999389648438,210.7097930908203,39600800
2020-08-27,,,,226.5800018310547,215.88340759277344,57602200
2020-08-28,,,,228.91000366210938,218.1033935546875,26292900
2020-08-31,,,,225.52999877929688,214.88299560546875,28774200
2020-09-01,,,,227.27000427246094,216.54080200195312,25725500
2020-09-02,,,,231.64999389648438,220.71409606933594,34080800
2020-09-03,,,,217.3000030517578,207.04150390625,58400300
2020-09-04,,,,214.25,204.135498046875,59664100
2020-09-08,,,,202.66000366210938,193.0926971435547,52924300
2020-09-09,,,,211.2899932861328,201.31520080566406,45679000
2020-09-10,,,,205.3699951171875,195.67469787597656,35461500
2020-09-11,,,,204.02999877929688,194.3979949951172,33620100
2020-09-14,,,,205.41000366210938,195.71279907226562,30375800
2020-09-15,,,,208.77999877929688,198.9237060546875,21823900
2020-09-16,,,,205.0500030517578,195.3697967529297,26328100
2020-09-17,,,,202.91000366210938,193.33090209960938,34011300
2020-09-18,,,,200.38999938964844,190.92979431152344,55225300
2020-09-21,,,,202.5399932861328,192.97830200195312,39839700
2020-09-22,,,,207.4199981689453,197.62789916992188,33517100
2020-09-23,,,,200.58999633789062,191.1204071044922,30803800
2020-09-24,,,,203.19000244140625,193.59759521484375,31202500
2020-09-25,,,,207.82000732421875,198.00909423828125,29437300
2020-09-28,,,,209.44000244140625,199.55259704589844,32004900
2020-09-29,,,,207.25999450683594,197.47549438476562,24221900
2020-09-30,,,,210.3300018310547,200.40060424804688,33829100
2020-10-01,,,,212.4600067138672,202.42999267578125,27158400
2020-10-02,,,,206.19000244140625,196.45599365234375,33154800
2020-10-05,,,,210.3800048828125,200.4481964111328,21331600
2020-10-06,,,,205.91000366210938,196.18919372558594,28554300
2020-10-07,,,,209.8300018310547,199.9241943359375,25681100
2020-10-08,,,,210.5800018310547,200.6387939453125,19925800
2020-10-09,,,,215.80999755859375,205.6219024658203,26458000
2020-10-12,,,,221.39999389648438,210.947998046875,40461400
2020-10-13,,,,222.86000061035156,212.33900451660156,28950800
2020-10-14,,,,220.86000061035156,210.43350219726562,23421700
2020-10-15,,,,219.66000366210938,209.29010009765625,22733100
2020-10-16,,,,219.66000366210938,209.29010009765625,26057900
2020-10-19,,,,214.22000122070312,204.10690307617188,27625800
2020-10-20,,,,214.64999389648438,204.5166015625,22753500
2020-10-21,,,,214.8000030517578,204.6595001220703,22724900
2020-10-22,,,,214.88999938964844,204.74530029296875,22351500
2020-10-23,,,,216.22999572753906,206.02200317382812,18879600
2020-10-26,,,,210.0800018310547,200.1623992919922,37111600
2020-10-27,,,,213.25,203.1826934814453,36700300
2020-10-28,,,,202.67999267578125,193.1116943359375,51195600
2020-10-29,,,,204.72000122070312,195.05540466308594,31432600
2020-10-30,,,,202.47000122070312,192.91160583496094,36953700
2020-11-02,,,,202.3300018310547,192.7781982421875,30842200
2020-11-03,,,,206.42999267578125,196.6846923828125,27512000
2020-11-04,,,,216.38999938964844,206.17449951171875,42311800
2020-11-05,,,,223.2899932861328,212.7487030029297,36080100
2020-11-06,,,,223.72000122070312,213.1584014892578,25231900
2020-11-09,,,,218.38999938964844,208.08009338378906,44395000
2020-11-10,,,,211.00999450683594,201.04849243164062,44045100
2020-11-11,,,,216.5500030517578,206.326904296875,29440800
2020-11-12,,,,215.44000244140625,205.26930236816406,21593900
2020-11-13,,,,216.50999450683594,206.28880310058594,18621100
2020-11-16,,,,217.22999572753906,206.97479248046875,24953300
2020-11-17,,,,214.4600067138672,204.33560180664062,24154100
2020-11-18,,,,211.0800018310547,201.64169311523438,28372800
2020-11-19,,,,212.4199981689453,202.9217987060547,24792700
2020-11-20,,,,210.38999938964844,200.9824981689453,22843100
2020-11-23,,,,210.11000061035156,200.71510314941406,25683500
2020-11-24,,,,213.86000061035156,204.29739379882812,33979700
2020-11-25,,,,213.8699951171875,204.30690002441406,21012900
2020-11-27,,,,215.22999572753906,205.60609436035156,14512200
2020-11-30,,,,214.07000732421875,204.4980010986328,33064800
2020-12-01,,,,216.2100067138672,206.54229736328125,30904500
2020-12-02,,,,215.3699951171875,205.73989868164062,23724500
2020-12-03,,,,214.24000549316406,204.660400390625,25120900
2020-12-04,,,,214.36000061035156,204.77499389648438,24666000
2020-12-07,,,,214.2899932861328,204.7082061767578,24620000
2020-12-08,,,,216.00999450683594,206.3511962890625,23284100
2020-12-09,,,,211.8000030517578,202.32949829101562,32440600
2020-12-10,,,,210.52000427246094,201.10670471191406,26733300
2020-12-11,,,,213.25999450683594,203.7241973876953,30979400
2020-12-14,,,,214.1999969482422,204.6221923828125,28798400
2020-12-15,,,,214.1300048828125,204.5552978515625,27000600
2020-12-16,,,,219.27999877929688,209.47500610351562,35023300
2020-12-17,,,,219.4199981689453,209.60879516601562,32515800
2020-12-18,,,,218.58999633789062,208.81590270996094,63354900
2020-12-21,,,,222.58999633789062,212.63699340820312,37181900
2020-12-22,,,,223.94000244140625,213.92669677734375,22612200
2020-12-23,,,,221.02000427246094,211.13720703125,18699600
2020-12-24,,,,222.75,212.78990173339844,10550600
2020-12-28,,,,224.9600067138672,214.90109252929688,17933500
2020-12-29,,,,224.14999389648438,214.12730407714844,17403200
2020-12-30,,,,221.67999267578125,211.7677001953125,20272300
2020-12-31,,,,222.4199981689453,212.47459411621094,20942100
2021-01-04,,,,217.69000244140625,207.9561004638672,37130100
2021-01-05,,,,217.89999389648438,208.1566925048828,23823000
2021-01-06,,,,212.25,202.7593994140625,35930700
2021-01-07,,,,218.2899932861328,208.529296875,27694500
2021-01-08,,,,219.6199951171875,209.7998046875,22956200
2021-01-11,,,,217.49000549316406,207.76510620117188,23031300
2021-01-12,,,,214.92999267578125,205.3195037841797,23249300
2021-01-13,,,,216.33999633789062,206.66650390625,20087100
2021-01-14,,,,213.02000427246094,203.49490356445312,29480800
2021-01-15,,,,212.64999389648438,203.14149475097656,31746500
2021-01-19,,,,216.44000244140625,206.76199340820312,30480900
2021-01-20,,,,224.33999633789062,214.30880737304688,37777300
2021-01-21,,,,224.97000122070312,214.9105987548828,30709400
2021-01-22,,,,225.9499969482422,215.8468017578125,30172700
2021-01-25,,,,229.52999877929688,219.26669311523438,33152100
2021-01-26,,,,232.3300018310547,221.94149780273438,49169600
2021-01-27,,,,232.89999389648438,222.48599243164062,69870600
2021-01-28,,,,238.92999267578125,228.24639892578125,49111200
2021-01-29,,,,231.9600067138672,221.58810424804688,42503100
2021-02-01,,,,239.64999389648438,228.9342041015625,33314200
2021-02-02,,,,239.50999450683594,228.80050659179688,25916300
2021-02-03,,,,243.0,232.1343994140625,27158100
2021-02-04,,,,242.00999450683594,231.18870544433594,25296100
2021-02-05,,,,242.1999969482422,231.3701934814453,18054800
2021-02-08,,,,242.47000122070312,231.6280975341797,22211900
2021-02-09,,,,243.77000427246094,232.8699951171875,23565000
2021-02-10,,,,242.82000732421875,231.96249389648438,22186700
2021-02-11,,,,244.49000549316406,233.55780029296875,15751100
2021-02-12,,,,244.99000549316406,234.035400390625,16561100
2021-02-16,,,,243.6999969482422,232.8031005859375,26728500
2021-02-17,,,,244.1999969482422,233.8179931640625,21653500
2021-02-18,,,,243.7899932861328,233.42550659179688,16925600
2021-02-19,,,,240.97000122070312,230.72540283203125,25262600
2021-02-22,,,,234.50999450683594,224.5399932861328,36446900
2021-02-23,,,,233.27000427246094,223.3527069091797,30228700
2021-02-24,,,,234.5500030517578,224.5782928466797,26339700
2021-02-25,,,,228.99000549316406,219.25469970703125,39542200
2021-02-26,,,,232.3800048828125,222.50059509277344,37819200
2021-03-01,,,,236.94000244140625,226.86669921875,25324000
2021-03-02,,,,233.8699951171875,223.9272003173828,22812500
2021-03-03,,,,227.55999755859375,217.885498046875,34029500
2021-03-04,,,,226.72999572753906,217.09080505371094,44727800
2021-03-05,,,,231.60000610351562,221.75369262695312,41872800
2021-03-08,,,,227.38999938964844,217.7227020263672,35267400
2021-03-09,,,,233.77999877929688,223.84100341796875,33080500
2021-03-10,,,,232.4199981689453,222.5388946533203,29746800
2021-03-11,,,,237.1300048828125,227.04859924316406,29907600
2021-03-12,,,,235.75,225.727294921875,22653700
2021-03-15,,,,234.80999755859375,224.8271942138672,26034900
2021-03-16,,,,237.7100067138672,227.60400390625,28092200
2021-03-17,,,,237.0399932861328,226.96240234375,29562100
2021-03-18,,,,230.72000122070312,220.91110229492188,34833000
2021-03-19,,,,230.35000610351562,220.55690002441406,46430700
2021-03-22,,,,235.99000549316406,225.9571075439453,30127000
2021-03-23,,,,237.5800018310547,227.47950744628906,31638400
2021-03-24,,,,235.4600067138672,225.44960021972656,25620100
2021-03-25,,,,232.33999633789062,222.46229553222656,34061900
2021-03-26,,,,236.47999572753906,226.4261932373047,25479900
2021-03-29,,,,235.24000549316406,225.23899841308594,25227500
2021-03-30,,,,231.85000610351562,221.99310302734375,24792000
2021-03-31,,,,235.77000427246094,225.74639892578125,43623500
2021-04-01,,,,242.35000610351562,232.0467071533203,30338000
2021-04-05,,,,249.07000732421875,238.4810028076172,36910600
2021-04-06,,,,247.86000061035156,237.32240295410156,22931900
2021-04-07,,,,249.89999389648438,239.27569580078125,22719800
2021-04-08,,,,253.25,242.48330688476562,23625200
2021-04-09,,,,255.85000610351562,244.9727020263672,24326800
2021-04-12,,,,255.91000366210938,245.0301971435547,27148700
2021-04-13,,,,258.489990234375,247.50050354003906,23837500
2021-04-14,,,,255.58999633789062,244.7238006591797,23070900
2021-04-15,,,,259.5,248.4676055908203,25627500
2021-04-16,,,,260.739990234375,249.6549072265625,24878600
2021-04-19,,,,258.739990234375,247.73989868164062,23209300
2021-04-20,,,,258.260009765625,247.28030395507812,19722900
2021-04-21,,,,260.5799865722656,249.50169372558594,24030400
2021-04-22,,,,257.1700134277344,246.23660278320312,25606200
2021-04-23,,,,261.1499938964844,250.04739379882812,21462600
2021-04-26,,,,261.54998779296875,250.43040466308594,19763300
2021-04-27,,,,261.9700012207031,250.8325958251953,31014200
2021-04-28,,,,254.55999755859375,243.7375946044922,46903100
2021-04-29,,,,252.50999450683594,241.7747039794922,40589000
2021-04-30,,,,252.17999267578125,241.45880126953125,30945100
2021-05-03,,,,251.86000061035156,241.15240478515625,19626600
2021-05-04,,,,247.7899932861328,237.25540161132812,32756100
2021-05-05,,,,246.47000122070312,235.9915008544922,21901300
2021-05-06,,,,249.72999572753906,239.11289978027344,26491100
2021-05-07,,,,252.4600067138672,241.72689819335938,27032900
2021-05-10,,,,247.17999267578125,236.67129516601562,29299900
2021-05-11,,,,246.22999572753906,235.76170349121094,33641600
2021-05-12,,,,239.0,228.83909606933594,36684400
2021-05-13,,,,243.02999877929688,232.6977996826172,29624300
2021-05-14,,,,248.14999389648438,237.60009765625,23901100
2021-05-17,,,,245.17999267578125,234.7563934326172,24970200
2021-05-18,,,,243.0800018310547,232.74569702148438,20168000
2021-05-19,,,,243.1199951171875,233.32150268554688,25739800
2021-05-20,,,,246.47999572753906,236.5460968017578,21800700
2021-05-21,,,,245.1699981689453,235.2888946533203,21863100
2021-05-24,,,,250.77999877929688,240.67269897460938,21411500
2021-05-25,,,,251.72000122070312,241.5749053955078,17704300
2021-05-26,,,,251.49000549316406,241.35409545898438,17771600
2021-05-27,,,,249.30999755859375,239.26199340820312,24426200
2021-05-28,,,,249.67999267578125,239.61709594726562,18270200
2021-06-01,,,,247.39999389648438,237.4290008544922,23213300
2021-06-02,,,,247.3000030517578,237.33299255371094,19406700
2021-06-03,,,,245.7100067138672,235.80709838867188,25307700
2021-06-04,,,,250.7899932861328,240.6822967529297,25281100
2021-06-07,,,,253.80999755859375,243.58059692382812,23079200
2021-06-08,,,,252.57000732421875,242.39059448242188,22455000
2021-06-09,,,,253.58999633789062,243.3695068359375,17937600
2021-06-10,,,,257.239990234375,246.87240600585938,24563600
2021-06-11,,,,257.8900146484375,247.49620056152344,18999700
2021-06-14,,,,259.8900146484375,249.4156036376953,19150500
2021-06-15,,,,258.3599853515625,247.94729614257812,18038900
2021-06-16,,,,257.3800048828125,247.00669860839844,27220000
2021-06-17,,,,260.8999938964844,250.38490295410156,27565500
2021-06-18,,,,259.42999267578125,248.97410583496094,37202200
2021-06-21,,,,262.6300048828125,252.04519653320312,26696100
2021-06-22,,,,265.510009765625,254.80909729003906,24694100
2021-06-23,,,,265.2699890136719,254.57879638671875,19518700
2021-06-24,,,,266.69000244140625,255.94149780273438,21446900
2021-06-25,,,,265.0199890136719,254.33880615234375,25611100
2021-06-28,,,,268.7200012207031,257.88970947265625,19590000
2021-06-29,,,,271.3999938964844,260.4617004394531,19937800
2021-06-30,,,,270.8999938964844,259.9818115234375,21656500
2021-07-01,,,,271.6000061035156,260.6535949707031,16725300
2021-07-02,,,,277.6499938964844,266.4598083496094,26458000
2021-07-06,,,,277.6600036621094,266.4693908691406,31565600
2021-07-07,,,,279.92999267578125,268.64788818359375,23260000
2021-07-08,,,,277.4200134277344,266.2391052246094,24618600
2021-07-09,,,,277.94000244140625,266.73809814453125,23916700
2021-07-12,,,,277.32000732421875,266.1430969238281,18931700
2021-07-13,,,,280.9800109863281,269.6556091308594,26120100
2021-07-14,,,,282.510009765625,271.1239013671875,23113700
2021-07-15,,,,281.0299987792969,269.70361328125,22604200
2021-07-16,,,,280.75,269.4349060058594,26186800
2021-07-19,,,,277.010009765625,265.8456115722656,32935600
2021-07-20,,,,279.32000732421875,268.0625,26259700
2021-07-21,,,,281.3999938964844,270.0586853027344,24364300
2021-07-22,,,,286.1400146484375,274.60760498046875,23384100
2021-07-23,,,,289.6700134277344,277.9953918457031,22768100
2021-07-26,,,,289.04998779296875,277.4002990722656,23176100
2021-07-27,,,,286.5400085449219,274.9914855957031,33604100
2021-07-28,,,,286.2200012207031,274.68438720703125,33566900
2021-07-29,,,,286.5,274.9530944824219,18168300
2021-07-30,,,,284.9100036621094,273.42718505859375,20944800
2021-08-02,,,,284.82000732421875,273.3407897949219,16267400
2021-08-03,,,,287.1199951171875,275.548095703125,17879000
2021-08-04,,,,286.510009765625,274.96270751953125,16191300
2021-08-05,,,,289.5199890136719,277.8514099121094,13900200
2021-08-06,,,,289.4599914550781,277.7937927246094,16589300
2021-08-09,,,,288.3299865722656,276.70941162109375,16117600
2021-08-10,,,,286.44000244140625,274.8955078125,18616600
2021-08-11,,,,286.95001220703125,275.385009765625,13955900
2021-08-12,,,,289.80999755859375,278.12969970703125,14561300
2021-08-13,,,,292.8500061035156,281.0472106933594,18249000
2021-08-16,,,,294.6000061035156,282.7267150878906,22507600
2021-08-17,,,,293.0799865722656,281.2679138183594,20075300
2021-08-18,,,,290.7300109863281,279.54681396484375,21813000
2021-08-19,,,,296.7699890136719,285.3544006347656,29850500
2021-08-20,,,,304.3599853515625,292.6524963378906,40817600
2021-08-23,,,,304.6499938964844,292.9313049316406,22830200
2021-08-24,,,,302.6199951171875,290.9794006347656,18175800
2021-08-25,,,,302.010009765625,290.3929138183594,20006100
2021-08-26,,,,299.0899963378906,287.585205078125,17666100
2021-08-27,,,,299.7200012207031,288.1910095214844,22605700
2021-08-30,,,,303.5899963378906,291.912109375,16348100
2021-08-31,,,,301.8800048828125,290.2679138183594,26285300
2021-09-01,,,,301.8299865722656,290.21978759765625,18983800
2021-09-02,,,,301.1499938964844,289.5660095214844,16285600
2021-09-03,,,,301.1400146484375,289.5563049316406,14747900
2021-09-07,,,,300.17999267578125,288.63330078125,17180400
2021-09-08,,,,300.2099914550781,288.662109375,15046800
2021-09-09,,,,297.25,285.8160095214844,19927000
2021-09-10,,,,295.7099914550781,284.335205078125,19633400
2021-09-13,,,,296.989990234375,285.5660095214844,23652900
2021-09-14,,,,299.7900085449219,288.25830078125,21853400
2021-09-15,,,,304.82000732421875,293.09478759765625,28356300
2021-09-16,,,,305.2200012207031,293.4794006347656,19550800
2021-09-17,,,,299.8699951171875,288.335205078125,41372500
2021-09-20,,,,294.29998779296875,282.9794921875,38278700
2021-09-21,,,,294.79998779296875,283.460205078125,22364100
2021-09-22,,,,298.5799865722656,287.09478759765625,26626300
2021-09-23,,,,299.55999755859375,288.037109375,18604600
2021-09-24,,,,299.3500061035156,287.835205078125,14999000
2021-09-27,,,,294.1700134277344,282.8544921875,23571700
2021-09-28,,,,283.5199890136719,272.6141052246094,43186200
2021-09-29,,,,284.0,273.0757141113281,26353700
2021-09-30,,,,281.9200134277344,271.0757141113281,32343600
2021-10-01,,,,289.1000061035156,277.9794921875,30086300
2021-10-04,,,,283.1099853515625,272.21990966796875,31350700
2021-10-05,,,,288.760009765625,277.652587890625,24993000
2021-10-06,,,,293.1099853515625,281.835205078125,28002600
2021-10-07,,,,294.8500061035156,283.50830078125,20430500
2021-10-08,,,,294.8500061035156,283.50830078125,17685700
2021-10-11,,,,294.2300109863281,282.912109375,19298600
2021-10-12,,,,292.8800048828125,281.6141052246094,17974100
2021-10-13,,,,296.30999755859375,284.912109375,23416300
2021-10-14,,,,302.75,291.1044006347656,27262900
2021-10-15,,,,304.2099914550781,292.50830078125,25384800
2021-10-18,,,,307.2900085449219,295.46978759765625,22729300
2021-10-19,,,,308.2300109863281,296.37359619140625,17682100
2021-10-20,,,,307.4100036621094,295.585205078125,16537100
2021-10-21,,,,310.760009765625,298.8063049316406,16918100
2021-10-22,,,,309.1600036621094,297.2677917480469,17449300
2021-10-25,,,,308.1300048828125,296.2774963378906,17554500
2021-10-26,,,,310.1099853515625,298.1813049316406,28107300
2021-10-27,,,,323.1700134277344,310.7388916015625,52588700
2021-10-28,,,,324.3500061035156,311.8735046386719,26297900
2021-10-29,,,,331.6199951171875,318.8638916015625,34766000
2021-11-01,,,,329.3699951171875,316.7004089355469,27073200
2021-11-02,,,,333.1300048828125,320.3157958984375,26487100
2021-11-03,,,,334.0,321.15240478515625,21500100
2021-11-04,,,,336.44000244140625,323.4985046386719,23992200
2021-11-05,,,,336.05999755859375,323.1330871582031,22570100
2021-11-08,,,,336.989990234375,324.0273132324219,20897000
2021-11-09,,,,335.95001220703125,323.0273132324219,21307400
2021-11-10,,,,330.79998779296875,318.0754089355469,25500900
2021-11-11,,,,332.42999267578125,319.6427001953125,16849800
2021-11-12,,,,336.7200012207031,323.7677001953125,23831000
2021-11-15,,,,336.07000732421875,323.1427001953125,16723000
2021-11-16,,,,339.510009765625,326.4504089355469,20886800
2021-11-17,,,,339.1199951171875,326.6719970703125,19053400
2021-11-18,,,,341.2699890136719,328.7430114746094,22463500
2021-11-19,,,,343.1099853515625,330.5155029296875,21963400
2021-11-22,,,,339.8299865722656,327.35589599609375,31031100
2021-11-23,,,,337.67999267578125,325.2847900390625,30427600
2021-11-24,,,,337.9100036621094,325.50640869140625,21661300
2021-11-26,,,,329.67999267578125,317.5784912109375,24217200
2021-11-29,,,,336.6300048828125,324.2734069824219,28563500
2021-11-30,,,,330.5899963378906,318.4551086425781,42885600
2021-12-01,,,,330.0799865722656,317.96380615234375,33337600
2021-12-02,,,,329.489990234375,317.3953857421875,30766000
2021-12-03,,,,323.010009765625,311.1532897949219,41779300
2021-12-06,,,,326.19000244140625,314.21661376953125,30032600
2021-12-07,,,,334.9200134277344,322.6260986328125,31021900
2021-12-08,,,,334.9700012207031,322.6742858886719,24761000
2021-12-09,,,,333.1000061035156,320.8728942871094,22214200
2021-12-10,,,,342.5400085449219,329.9664001464844,38095700
2021-12-13,,,,339.3999938964844,326.94171142578125,28899400
2021-12-14,,,,328.3399963378906,316.2876892089844,44438700
2021-12-15,,,,334.6499938964844,322.3659973144531,35381100
2021-12-16,,,,324.8999938964844,312.9739074707031,35034800
2021-12-17,,,,323.79998779296875,311.914306640625,47750300
2021-12-20,,,,319.9100036621094,308.1671142578125,28326500
2021-12-21,,,,327.2900085449219,315.2762145996094,24740600
2021-12-22,,,,333.20001220703125,320.96929931640625,24831500
2021-12-23,,,,334.69000244140625,322.40460205078125,19617800
2021-12-27,,,,342.45001220703125,329.87969970703125,19947000
2021-12-28,,,,341.25,328.7237854003906,15661500
2021-12-29,,,,341.95001220703125,329.3981018066406,15042000
2021-12-30,,,,339.32000732421875,326.8645935058594,15994500
2021-12-31,,,,336.32000732421875,323.9747009277344,18000800
2022-01-03,,,,334.75,322.46240234375,28865100
2022-01-04,,,,329.010009765625,316.93310546875,32674300
2022-01-05,,,,316.3800048828125,304.7666931152344,40054300
2022-01-06,,,,313.8800048828125,302.3583984375,39646100
2022-01-07,,,,314.0400085449219,302.5126037597656,32720000
2022-01-10,,,,314.2699890136719,302.7341003417969,44289500
2022-01-11,,,,314.9800109863281,303.4180908203125,29386800
2022-01-12,,,,318.2699890136719,306.5873107910156,34372200
2022-01-13,,,,304.79998779296875,293.6116943359375,45366000
2022-01-14,,,,310.20001220703125,298.8135070800781,39846400
2022-01-18,,,,302.6499938964844,291.54071044921875,42333200
2022-01-19,,,,303.3299865722656,292.1957092285156,45933900
2022-01-20,,,,301.6000061035156,290.5292053222656,35380700
2022-01-21,,,,296.0299987792969,285.1636962890625,57984400
2022-01-24,,,,296.3699951171875,285.4912109375,85731500
2022-01-25,,,,288.489990234375,277.900390625,72848600
2022-01-26,,,,296.7099914550781,285.8186950683594,90428900
2022-01-27,,,,299.8399963378906,288.83380126953125,53481300
2022-01-28,,,,308.260009765625,296.9447021484375,49743700
2022-01-31,,,,310.9800109863281,299.5649108886719,46444500
2022-02-01,,,,308.760009765625,297.4263916015625,40950400
2022-02-02,,,,313.4599914550781,301.9538879394531,36636000
2022-02-03,,,,301.25,290.1921081542969,43730000
2022-02-04,,,,305.94000244140625,294.70989990234375,35096500
2022-02-07,,,,300.95001220703125,289.9031066894531,28533300
2022-02-08,,,,304.55999755859375,293.380615234375,32421200
2022-02-09,,,,311.2099914550781,299.7864990234375,31284700
2022-02-10,,,,302.3800048828125,291.2806091308594,45386200
2022-02-11,,,,295.0400085449219,284.2099914550781,39175600
2022-02-14,,,,295.0,284.1715087890625,36359500
2022-02-15,,,,300.4700012207031,289.4407043457031,27058300
2022-02-16,,,,299.5,289.1028137207031,29982100
2022-02-17,,,,290.7300109863281,280.6372985839844,32461600
2022-02-18,,,,287.92999267578125,277.93450927734375,34264000
2022-02-22,,,,287.7200012207031,277.7318115234375,41736100
2022-02-23,,,,280.2699890136719,270.5404052734375,37811200
2022-02-24,,,,294.5899963378906,284.3633117675781,56989700
2022-02-25,,,,297.30999755859375,286.9888916015625,32546700
2022-02-28,,,,298.7900085449219,288.4175109863281,34627500
2022-03-01,,,,294.95001220703125,284.7107849121094,31217800
2022-03-02,,,,300.19000244140625,289.7688903808594,31873000
2022-03-03,,,,295.9200134277344,285.6470947265625,27314500
2022-03-04,,,,289.8599853515625,279.7974853515625,32356500
2022-03-07,,,,278.9100036621094,269.22760009765625,43157200
2022-03-08,,,,275.8500061035156,266.2738037109375,48159500
2022-03-09,,,,288.5,278.4847106933594,35204500
2022-03-10,,,,285.5899963378906,275.6756896972656,30628000
2022-03-11,,,,280.07000732421875,270.3472900390625,27209300
2022-03-14,,,,276.44000244140625,266.8434143066406,30660700
2022-03-15,,,,287.1499938964844,277.1816101074219,34245100
2022-03-16,,,,294.3900146484375,284.1701965332031,37826300
2022-03-17,,,,295.2200012207031,284.9714050292969,30816600
2022-03-18,,,,300.42999267578125,290.00048828125,43390600
2022-03-21,,,,299.1600036621094,288.77459716796875,28351200
2022-03-22,,,,304.05999755859375,293.5044860839844,27599700
2022-03-23,,,,299.489990234375,289.09320068359375,25715400
2022-03-24,,,,304.1000061035156,293.5430908203125,24484500
2022-03-25,,,,303.67999267578125,293.1376953125,22566500
2022-03-28,,,,310.70001220703125,299.91400146484375,29578200
2022-03-29,,,,315.4100036621094,304.46051025390625,30393400
2022-03-30,,,,313.8599853515625,302.96429443359375,28163600
2022-03-31,,,,308.30999755859375,297.60699462890625,33422100
2022-04-01,,,,309.4200134277344,298.6784973144531,27110500
2022-04-04,,,,314.9700012207031,304.0357971191406,24289600
2022-04-05,,,,310.8800048828125,300.0877990722656,23156700
2022-04-06,,,,299.5,289.1028137207031,40110400
2022-04-07,,,,301.3699951171875,290.90789794921875,31411200
2022-04-08,,,,296.9700012207031,286.66070556640625,24361900
2022-04-11,,,,285.260009765625,275.3572082519531,34569300
2022-04-12,,,,282.05999755859375,272.268310546875,30966700
2022-04-13,,,,287.6199951171875,277.63519287109375,21907200
2022-04-14,,,,279.8299865722656,270.1156921386719,28221600
2022-04-18,,,,280.5199890136719,270.7817077636719,20778000
2022-04-19,,,,285.29998779296875,275.39581298828125,22297700
2022-04-20,,,,286.3599853515625,276.41900634765625,22906700
2022-04-21,,,,280.80999755859375,271.06170654296875,29454600
2022-04-22,,,,274.0299987792969,264.5169982910156,29405800
2022-04-25,,,,280.7200012207031,270.97479248046875,35678900
2022-04-26,,,,270.2200012207031,260.83929443359375,46518400
2022-04-27,,,,283.2200012207031,273.38800048828125,63477700
2022-04-28,,,,289.6300048828125,279.57550048828125,33646600
2022-04-29,,,,277.5199890136719,267.8858947753906,37073900
2022-05-02,,,,284.4700012207031,274.5946044921875,35151100
2022-05-03,,,,281.7799987792969,271.99798583984375,25978600
2022-05-04,,,,289.9800109863281,279.9132995605469,33599300
2022-05-05,,,,277.3500061035156,267.7218017578125,43260400
2022-05-06,,,,274.7300109863281,265.19268798828125,37780300
2022-05-09,,,,264.5799865722656,255.3950958251953,47726000
2022-05-10,,,,269.5,260.144287109375,39336400
2022-05-11,,,,260.54998779296875,251.5050048828125,48975900
2022-05-12,,,,255.35000610351562,246.48550415039062,51033800
2022-05-13,,,,261.1199951171875,252.05520629882812,34925100
2022-05-16,,,,261.5,252.4219970703125,32550900
2022-05-17,,,,266.82000732421875,257.55731201171875,28828800
2022-05-18,,,,254.0800018310547,245.83079528808594,31356000
2022-05-19,,,,253.13999938964844,244.92129516601562,32692300
2022-05-20,,,,252.55999755859375,244.36019897460938,39199300
2022-05-23,,,,260.6499938964844,252.1875,33175400
2022-05-24,,,,259.6199951171875,251.1909942626953,29043900
2022-05-25,,,,262.5199890136719,253.99679565429688,28547900
2022-05-26,,,,265.8999938964844,257.26708984375,25002100
2022-05-27,,,,273.239990234375,264.3688049316406,26910800
2022-05-31,,,,271.8699951171875,263.043212890625,37827700
2022-06-01,,,,272.4200134277344,263.5754089355469,25292200
2022-06-02,,,,274.5799865722656,265.6651916503906,44008200
2022-06-03,,,,270.0199890136719,261.2532958984375,28059000
2022-06-06,,,,268.75,260.0245056152344,22400300
2022-06-07,,,,272.5,263.6528015136719,22860700
2022-06-08,,,,270.4100036621094,261.630615234375,17372300
2022-06-09,,,,264.7900085449219,256.193115234375,26439700
2022-06-10,,,,252.99000549316406,244.7761993408203,31422800
2022-06-13,,,,242.25999450683594,234.3946075439453,46135800
2022-06-14,,,,244.49000549316406,236.5522003173828,28651500
2022-06-15,,,,251.75999450683594,243.5861053466797,33111700
2022-06-16,,,,244.97000122070312,237.0166015625,33169200
2022-06-17,,,,247.64999389648438,239.60960388183594,43084800
2022-06-21,,,,253.74000549316406,245.5019073486328,29928300
2022-06-22,,,,253.1300048828125,244.9116973876953,25939900
2022-06-23,,,,258.8599853515625,250.45559692382812,25861400
2022-06-24,,,,267.70001220703125,259.00860595703125,33923200
2022-06-27,,,,264.8900146484375,256.2898864746094,24615100
2022-06-28,,,,256.4800109863281,248.15289306640625,27295500
2022-06-29,,,,260.260009765625,251.81019592285156,20069800
2022-06-30,,,,256.8299865722656,248.4915008544922,31730900
2022-07-01,,,,259.5799865722656,251.1522979736328,22837700
2022-07-05,,,,262.8500061035156,254.31610107421875,22941000
2022-07-06,,,,266.2099914550781,257.5669860839844,23824400
2022-07-07,,,,268.3999938964844,259.6859130859375,20859900
2022-07-08,,,,267.6600036621094,258.96990966796875,19658800
2022-07-11,,,,264.510009765625,255.9221954345703,19455200
2022-07-12,,,,253.6699981689453,245.43409729003906,35868500
2022-07-13,,,,252.72000122070312,244.51499938964844,29497400
2022-07-14,,,,254.0800018310547,245.83079528808594,25102800
2022-07-15,,,,256.7200012207031,248.38510131835938,29774100
2022-07-18,,,,254.25,245.99530029296875,20975000
2022-07-19,,,,259.5299987792969,251.10389709472656,25012600
2022-07-20,,,,262.2699890136719,253.75489807128906,22788300
2022-07-21,,,,264.8399963378906,256.2414855957031,22404700
2022-07-22,,,,260.3599853515625,251.9069061279297,21881300
2022-07-25,,,,258.8299865722656,250.42660522460938,21056000
2022-07-26,,,,251.89999389648438,243.7216033935547,39348000
2022-07-27,,,,268.739990234375,260.014892578125,45994000
2022-07-28,,,,276.4100036621094,267.435791015625,33459300
2022-07-29,,,,280.739990234375,271.62530517578125,32152800
2022-08-01,,,,278.010009765625,268.98388671875,21539600
2022-08-02,,,,274.82000732421875,265.8974914550781,22754200
2022-08-03,,,,282.4700012207031,273.2991027832031,23518900
2022-08-04,,,,283.6499938964844,274.4407958984375,18098700
2022-08-05,,,,282.9100036621094,273.72479248046875,16774600
2022-08-08,,,,280.32000732421875,271.2189025878906,18739200
2022-08-09,,,,282.29998779296875,273.1346130371094,23405200
2022-08-10,,,,289.1600036621094,279.77191162109375,24687800
2022-08-11,,,,287.0199890136719,277.7013854980469,20065900
2022-08-12,,,,291.9100036621094,282.4325866699219,22619700
2022-08-15,,,,293.4700012207031,283.9419860839844,18085700
2022-08-16,,,,292.7099914550781,283.20660400390625,18102900
2022-08-17,,,,291.32000732421875,282.4599914550781,18253400
2022-08-18,,,,290.1700134277344,281.3450012207031,17186200
2022-08-19,,,,286.1499938964844,277.4472961425781,20570000
2022-08-22,,,,277.75,269.3027038574219,25061100
2022-08-23,,,,276.44000244140625,268.0325927734375,17527400
2022-08-24,,,,275.7900085449219,267.40240478515625,18137000
2022-08-25,,,,278.8500061035156,270.3692932128906,16583400
2022-08-26,,,,268.0899963378906,259.9364929199219,27549300
2022-08-29,,,,265.2300109863281,257.16351318359375,20338500
2022-08-30,,,,262.9700012207031,254.97230529785156,22767100
2022-08-31,,,,261.4700012207031,253.5178985595703,24791800
2022-09-01,,,,260.3999938964844,252.4803924560547,23263400
2022-09-02,,,,256.05999755859375,248.27239990234375,22855400
2022-09-06,,,,253.25,245.5478973388672,21328200
2022-09-07,,,,258.0899963378906,250.24070739746094,24126700
2022-09-08,,,,258.5199890136719,250.6575927734375,20319900
2022-09-09,,,,264.4599914550781,256.4169006347656,22084700
2022-09-12,,,,266.6499938964844,258.5403137207031,18747700
2022-09-13,,,,251.99000549316406,244.32620239257812,33353300
2022-09-14,,,,252.22000122070312,244.5491943359375,23913000
2022-09-15,,,,245.3800048828125,237.91720581054688,31530900
2022-09-16,,,,244.74000549316406,237.2967071533203,39791800
2022-09-19,,,,244.52000427246094,237.08340454101562,26826900
2022-09-20,,,,242.4499969482422,235.0762939453125,26660300
2022-09-21,,,,238.9499969482422,231.68280029296875,28625600
2022-09-22,,,,240.97999572753906,233.6510009765625,31061200
2022-09-23,,,,237.9199981689453,230.68409729003906,34176000
2022-09-26,,,,237.4499969482422,230.2283935546875,27694200
2022-09-27,,,,236.41000366210938,229.22000122070312,27018700
2022-09-28,,,,241.07000732421875,233.73829650878906,29029700
2022-09-29,,,,237.5,230.2769012451172,27484200
2022-09-30,,,,232.89999389648438,225.81680297851562,35694800
2022-10-03,,,,240.74000549316406,233.41830444335938,28880400
2022-10-04,,,,248.8800048828125,241.31080627441406,34888400
2022-10-05,,,,249.1999969482422,241.62100219726562,20347100
2022-10-06,,,,246.7899932861328,239.2843017578125,20239900
2022-10-07,,,,234.24000549316406,227.11599731445312,37769600
2022-10-10,,,,229.25,222.27780151367188,29743600
2022-10-11,,,,225.41000366210938,218.55459594726562,30474000
2022-10-12,,,,225.75,218.8842010498047,21903900
2022-10-13,,,,234.24000549316406,227.11599731445312,42551800
2022-10-14,,,,228.55999755859375,221.60879516601562,30198600
2022-10-17,,,,237.52999877929688,230.30599975585938,28142300
2022-10-18,,,,238.5,231.2465057373047,26329600
2022-10-19,,,,236.47999572753906,229.28790283203125,19985700
2022-10-20,,,,236.14999389648438,228.9678955078125,21811000
2022-10-21,,,,242.1199951171875,234.7563934326172,26299700
2022-10-24,,,,247.25,239.7303924560547,24911200
2022-10-25,,,,250.66000366210938,243.03660583496094,34775500
2022-10-26,,,,231.32000732421875,224.28480529785156,82543200
2022-10-27,,,,226.75,219.8538055419922,40424600
2022-10-28,,,,235.8699951171875,228.69650268554688,40647700
2022-10-31,,,,232.1300048828125,225.07020568847656,28357300
2022-11-01,,,,228.1699981689453,221.23060607910156,30592300
2022-11-02,,,,220.10000610351562,213.40609741210938,38407000
2022-11-03,,,,214.25,207.73399353027344,36633900
2022-11-04,,,,221.38999938964844,214.65679931640625,36789100
2022-11-07,,,,227.8699951171875,220.93980407714844,33498000
2022-11-08,,,,228.8699951171875,221.9093017578125,28192500
2022-11-09,,,,224.50999450683594,217.68190002441406,27852900
2022-11-10,,,,242.97999572753906,235.59019470214844,46268000
2022-11-11,,,,247.11000061035156,239.5946044921875,34620200
2022-11-14,,,,241.5500030517578,234.20370483398438,31123300
2022-11-15,,,,241.97000122070312,234.61090087890625,31390100
2022-11-16,,,,241.72999572753906,235.03880310058594,24093300
2022-11-17,,,,241.67999267578125,234.99009704589844,23123500
2022-11-18,,,,241.22000122070312,234.5428924560547,27613500
2022-11-21,,,,242.0500030517578,235.3498992919922,26394700
2022-11-22,,,,245.02999877929688,238.24740600585938,19665700
2022-11-23,,,,247.5800018310547,240.726806640625,19508500
2022-11-25,,,,247.49000549316406,240.63929748535156,9200800
2022-11-28,,,,241.75999450683594,235.06790161132812,24778200
2022-11-29,,,,240.3300018310547,233.67750549316406,17956300
2022-11-30,,,,255.13999938964844,248.07760620117188,47594200
2022-12-01,,,,254.69000244140625,247.63999938964844,26041500
2022-12-02,,,,255.02000427246094,247.96090698242188,21528500
2022-12-05,,,,250.1999969482422,243.27430725097656,23435300
2022-12-06,,,,245.1199951171875,238.33489990234375,22463700
2022-12-07,,,,244.3699951171875,237.60569763183594,20481500
2022-12-08,,,,247.39999389648438,240.5518035888672,22611800
2022-12-09,,,,245.4199981689453,238.62660217285156,20609700
2022-12-12,,,,252.50999450683594,245.52040100097656,30665100
2022-12-13,,,,256.9200134277344,249.8083038330078,42196900
2022-12-14,,,,257.2200012207031,250.10000610351562,35410900
2022-12-15,,,,249.00999450683594,242.11720275878906,35560400
2022-12-16,,,,244.69000244140625,237.9167938232422,86102000
2022-12-19,,,,240.4499969482422,233.79420471191406,29696400
2022-12-20,,,,241.8000030517578,235.10679626464844,25150800
2022-12-21,,,,244.42999267578125,237.66400146484375,23690600
2022-12-22,,,,238.19000244140625,231.59669494628906,28651700
2022-12-23,,,,238.72999572753906,232.12179565429688,21207000
2022-12-27,,,,236.9600067138672,230.4008026123047,16688600
2022-12-28,,,,234.52999877929688,228.03810119628906,17457100
2022-12-29,,,,241.00999450683594,234.3386993408203,19770700
2022-12-30,,,,239.82000732421875,233.1815948486328,21938500
2023-01-03,,,,239.5800018310547,232.94830322265625,25740000
2023-01-04,,,,229.10000610351562,222.75840759277344,50623400
2023-01-05,,,,222.30999755859375,216.1562957763672,39585600
2023-01-06,,,,224.92999267578125,218.70379638671875,43613600
2023-01-09,,,,227.1199951171875,220.8332061767578,27369800
2023-01-10,,,,228.85000610351562,222.5153045654297,27033900
2023-01-11,,,,235.77000427246094,229.2436981201172,28669300
2023-01-12,,,,238.50999450683594,231.90789794921875,27269500
2023-01-13,,,,239.22999572753906,232.60800170898438,21333300
2023-01-17,,,,240.35000610351562,233.69700622558594,29831300
2023-01-18,,,,235.80999755859375,229.2825927734375,30028700
2023-01-19,,,,231.92999267578125,225.50999450683594,28623000
2023-01-20,,,,240.22000122070312,233.5706024169922,35389800
2023-01-23,,,,242.5800018310547,235.86520385742188,31934000
2023-01-24,,,,242.0399932861328,235.34019470214844,40234400
2023-01-25,,,,240.61000061035156,233.94979858398438,66526600
2023-01-26,,,,248.0,241.13519287109375,33454500
2023-01-27,,,,248.16000366210938,241.29080200195312,26498900
2023-01-30,,,,242.7100067138672,235.99159240722656,25867400
2023-01-31,,,,247.80999755859375,240.95050048828125,26541100
2023-02-01,,,,252.75,245.75369262695312,31259900
2023-02-02,,,,264.6000061035156,257.27569580078125,39940400
2023-02-03,,,,258.3500061035156,251.19869995117188,29077300
2023-02-06,,,,256.7699890136719,249.6623992919922,22518000
2023-02-07,,,,267.55999755859375,260.15380859375,50841400
2023-02-08,,,,266.7300109863281,259.3467102050781,54686000
2023-02-09,,,,263.6199951171875,256.32281494140625,42375100
2023-02-10,,,,263.1000061035156,255.81719970703125,25818500
2023-02-13,,,,271.32000732421875,263.8096923828125,44630900
2023-02-14,,,,272.1700134277344,264.6361999511719,37047900
2023-02-15,,,,269.32000732421875,262.5209045410156,28922400
2023-02-16,,,,262.1499938964844,255.5319061279297,29603600
2023-02-17,,,,258.05999755859375,251.54519653320312,30000100
2023-02-21,,,,252.6699981689453,246.2913055419922,28397400
2023-02-22,,,,251.50999450683594,245.1605987548828,22491100
2023-02-23,,,,254.77000427246094,248.3383026123047,29219100
2023-02-24,,,,249.22000122070312,242.92840576171875,24990900
2023-02-27,,,,250.16000366210938,243.8446044921875,21190000
2023-02-28,,,,249.4199981689453,243.12330627441406,22491000
2023-03-01,,,,246.27000427246094,240.05279541015625,27565300
2023-03-02,,,,251.11000061035156,244.7707061767578,24808200
2023-03-03,,,,255.2899932861328,248.8450927734375,30760100
2023-03-06,,,,256.8699951171875,250.38519287109375,24109800
2023-03-07,,,,254.14999389648438,247.73390197753906,21473200
2023-03-08,,,,253.6999969482422,247.29530334472656,17340200
2023-03-09,,,,252.32000732421875,245.95010375976562,26653400
2023-03-10,,,,248.58999633789062,242.31430053710938,28333900
2023-03-13,,,,253.9199981689453,247.50970458984375,33339700
2023-03-14,,,,260.7900085449219,254.206298828125,33620300
2023-03-15,,,,265.44000244140625,258.7388916015625,46028000
2023-03-16,,,,276.20001220703125,269.2272033691406,54768800
2023-03-17,,,,279.42999267578125,272.3757019042969,69527400
2023-03-20,,,,272.2300109863281,265.3575134277344,43466600
2023-03-21,,,,273.7799987792969,266.8682861328125,34558700
2023-03-22,,,,272.2900085449219,265.4159851074219,34873300
2023-03-23,,,,277.6600036621094,270.650390625,36610900
2023-03-24,,,,280.57000732421875,273.4869079589844,28172000
2023-03-27,,,,276.3800048828125,269.4027099609375,26840200
2023-03-28,,,,275.2300109863281,268.2817077636719,21878600
2023-03-29,,,,280.510009765625,273.42840576171875,25087000
2023-03-30,,,,284.04998779296875,276.87908935546875,25053400
2023-03-31,,,,288.29998779296875,281.02178955078125,32766000
2023-04-03,,,,287.2300109863281,279.9787902832031,24883300
2023-04-04,,,,287.17999267578125,279.93011474609375,25824300
2023-04-05,,,,284.3399963378906,277.16180419921875,22064800
2023-04-06,,,,291.6000061035156,284.2384948730469,29770300
2023-04-10,,,,289.3900146484375,282.08428955078125,23103000
2023-04-11,,,,282.8299865722656,275.6899108886719,27276600
2023-04-12,,,,283.489990234375,276.33319091796875,27403400
2023-04-13,,,,289.8399963378906,282.52288818359375,24222700
2023-04-14,,,,286.1400146484375,278.9162902832031,20987900
2023-04-17,,,,288.79998779296875,281.5091857910156,23836200
2023-04-18,,,,288.3699951171875,281.0899963378906,20161800
2023-04-19,,,,288.45001220703125,281.1679992675781,17150300
2023-04-20,,,,286.1099853515625,278.8870849609375,23244400
2023-04-21,,,,285.760009765625,278.5458984375,21676400
2023-04-24,,,,281.7699890136719,274.6565856933594,26611000
2023-04-25,,,,275.4200134277344,268.4668884277344,45772200
2023-04-26,,,,295.3699951171875,287.9132995605469,64599200
2023-04-27,,,,304.8299865722656,297.1344909667969,46462600
2023-04-28,,,,307.260009765625,299.50311279296875,36469600
2023-05-01,,,,305.55999755859375,297.84600830078125,21294100
2023-05-02,,,,305.4100036621094,297.6997985839844,26404400
2023-05-03,,,,304.3999938964844,296.7153015136719,22360800
2023-05-04,,,,305.4100036621094,297.6997985839844,22519900
2023-05-05,,,,310.6499938964844,302.8074951171875,28197100
2023-05-08,,,,308.6499938964844,300.8580017089844,21318600
2023-05-09,,,,307.0,299.24969482421875,21340800
2023-05-10,,,,312.30999755859375,304.42559814453125,30078000
2023-05-11,,,,310.1099853515625,302.28118896484375,31680200
2023-05-12,,,,308.9700012207031,301.1700134277344,19774700
2023-05-15,,,,309.4599914550781,301.6476135253906,16336500
2023-05-16,,,,311.739990234375,303.8699951171875,26730300
2023-05-17,,,,314.0,306.7420959472656,24315000
2023-05-18,,,,318.5199890136719,311.1575927734375,27276000
2023-05-19,,,,318.3399963378906,310.9818115234375,27546700
2023-05-22,,,,321.17999267578125,313.756103515625,24115700
2023-05-23,,,,315.260009765625,307.972900390625,30797200
2023-05-24,,,,313.8500061035156,306.5954895019531,23384900
2023-05-25,,,,325.9200134277344,318.3865051269531,43301700
2023-05-26,,,,332.8900146484375,325.1954040527344,36630600
2023-05-30,,,,331.2099914550781,323.5542907714844,29503100
2023-05-31,,,,328.3900146484375,320.79949951171875,45950600
2023-06-01,,,,332.5799865722656,324.8926086425781,26773900
2023-06-02,,,,335.3999938964844,327.64739990234375,25873800
2023-06-05,,,,335.94000244140625,328.1748962402344,21307100
2023-06-06,,,,333.67999267578125,325.9671936035156,20396200
2023-06-07,,,,323.3800048828125,315.9053039550781,40717100
2023-06-08,,,,325.260009765625,317.7417907714844,23277700
2023-06-09,,,,326.7900085449219,319.23638916015625,22529000
2023-06-12,,,,331.8500061035156,324.17950439453125,24260300
2023-06-13,,,,334.2900085449219,326.5631103515625,22951300
2023-06-14,,,,337.3399963378906,329.5426025390625,26003800
2023-06-15,,,,348.1000061035156,340.05389404296875,38899100
2023-06-16,,,,342.3299865722656,334.4172058105469,46552000
2023-06-20,,,,338.04998779296875,330.2362060546875,26375400
2023-06-21,,,,333.55999755859375,325.8500061035156,25117800
2023-06-22,,,,339.7099914550781,331.8577880859375,23556800
2023-06-23,,,,335.0199890136719,327.2762145996094,23146900
2023-06-26,,,,328.6000061035156,321.0046081542969,21520600
2023-06-27,,,,334.57000732421875,326.83660888671875,24354100
2023-06-28,,,,335.8500061035156,328.0870056152344,20259500
2023-06-29,,,,335.04998779296875,327.3055114746094,16997000
2023-06-30,,,,340.5400085449219,332.6686096191406,26832800
2023-07-03,,,,337.989990234375,330.1776123046875,12508700
2023-07-05,,,,338.1499938964844,330.3338928222656,18172400
2023-07-06,,,,341.2699890136719,333.3817138671875,28161200
2023-07-07,,,,337.2200012207031,329.4254150390625,21214800
2023-07-10,,,,331.8299865722656,324.159912109375,32791400
2023-07-11,,,,332.4700012207031,324.7851867675781,26698200
2023-07-12,,,,337.20001220703125,329.4057922363281,29995300
2023-07-13,,,,342.6600036621094,334.7395935058594,20567200
2023-07-14,,,,345.239990234375,337.260009765625,28352700
2023-07-17,,,,345.7300109863281,337.73870849609375,20363900
2023-07-18,,,,359.489990234375,351.18060302734375,64738600
2023-07-19,,,,355.0799865722656,346.87249755859375,39732900
2023-07-20,,,,346.8699951171875,338.852294921875,33778400
2023-07-21,,,,343.7699890136719,335.8240051269531,69405400
2023-07-24,,,,345.1099853515625,337.13299560546875,26678100
2023-07-25,,,,350.9800109863281,342.8673095703125,41637700
2023-07-26,,,,337.7699890136719,329.96258544921875,58383700
2023-07-27,,,,330.7200012207031,323.0755920410156,39635300
2023-07-28,,,,338.3699951171875,330.5487976074219,28484900
2023-07-31,,,,335.9200134277344,328.1553955078125,25446000
2023-08-01,,,,336.3399963378906,328.5657043457031,18311900
2023-08-02,,,,327.5,319.92999267578125,27761300
2023-08-03,,,,326.6600036621094,319.1094055175781,18253700
2023-08-04,,,,327.7799987792969,320.20361328125,23741500
2023-08-07,,,,330.1099853515625,322.4797058105469,17741500
2023-08-08,,,,326.04998779296875,318.51348876953125,22327600
2023-08-09,,,,322.2300109863281,314.78179931640625,22373300
2023-08-10,,,,322.92999267578125,315.4656982421875,20113700
2023-08-11,,,,321.010009765625,313.5899963378906,24355500
2023-08-14,,,,324.0400085449219,316.54998779296875,18836100
2023-08-15,,,,321.8599853515625,314.42041015625,16966300
2023-08-16,,,,320.3999938964844,313.65679931640625,20698900
2023-08-17,,,,316.8800048828125,310.2109069824219,21257200
2023-08-18,,,,316.4800109863281,309.8193054199219,24755000
2023-08-21,,,,321.8800048828125,315.105712890625,24040000
2023-08-22,,,,322.4599914550781,315.6734924316406,16084600
2023-08-23,,,,327.0,320.1178894042969,21166400
2023-08-24,,,,319.9700012207031,313.23590087890625,23281400
2023-08-25,,,,322.9800109863281,316.1824951171875,21684100
2023-08-28,,,,323.70001220703125,316.88739013671875,14808500
2023-08-29,,,,328.4100036621094,321.4981994628906,19284600
2023-08-30,,,,328.7900085449219,321.8702087402344,15222100
2023-08-31,,,,327.760009765625,320.8619079589844,26411000
2023-09-01,,,,328.6600036621094,321.7430114746094,14942000
2023-09-05,,,,333.54998779296875,326.53009033203125,18553900
2023-09-06,,,,332.8800048828125,325.87420654296875,17535800
2023-09-07,,,,329.9100036621094,322.9667053222656,18381000
2023-09-08,,,,334.2699890136719,327.2348937988281,19530100
2023-09-11,,,,337.94000244140625,330.82769775390625,16583300
2023-09-12,,,,331.7699890136719,324.7875061035156,17565500
2023-09-13,,,,336.05999755859375,328.9872131347656,16544400
2023-09-14,,,,338.70001220703125,331.5716857910156,20267000
2023-09-15,,,,330.2200012207031,323.2701110839844,37679800
2023-09-18,,,,329.05999755859375,322.1346130371094,16834200
2023-09-19,,,,328.6499938964844,321.7331848144531,16505900
2023-09-20,,,,320.7699890136719,314.0190124511719,21436500
2023-09-21,,,,319.5299987792969,312.80511474609375,35560400
2023-09-22,,,,317.010009765625,310.33819580078125,21447900
2023-09-25,,,,317.5400085449219,310.85699462890625,17836000
2023-09-26,,,,312.1400146484375,305.5707092285156,26297600
2023-09-27,,,,312.7900085449219,306.2070007324219,19410100
2023-09-28,,,,313.6400146484375,307.0390930175781,19683600
2023-09-29,,,,315.75,309.1047058105469,24147300
2023-10-02,,,,321.79998779296875,315.0273132324219,20570000
2023-10-03,,,,313.3900146484375,306.7943115234375,21033500
2023-10-04,,,,318.9599914550781,312.2471008300781,20720100
2023-10-05,,,,319.3599853515625,312.6387023925781,16965600
2023-10-06,,,,327.260009765625,320.3724060058594,25673600
2023-10-09,,,,329.82000732421875,322.87860107421875,19891200
2023-10-10,,,,328.3900146484375,321.47869873046875,20557100
2023-10-11,,,,332.4200134277344,325.4237976074219,20063200
2023-10-12,,,,331.1600036621094,324.1903991699219,19313100
2023-10-13,,,,327.7300109863281,320.8324890136719,21072400
2023-10-16,,,,332.6400146484375,325.6391906738281,22158000
2023-10-17,,,,332.05999755859375,325.0714111328125,18338500
2023-10-18,,,,330.1099853515625,323.1625061035156,23153600
2023-10-19,,,,331.32000732421875,324.34698486328125,25052100
2023-10-20,,,,326.6700134277344,319.7948913574219,25027700
2023-10-23,,,,329.32000732421875,322.38909912109375,24374700
2023-10-24,,,,330.5299987792969,323.5736083984375,31153600
2023-10-25,,,,340.6700134277344,333.5002136230469,55053800
2023-10-26,,,,327.8900146484375,320.98919677734375,37828500
2023-10-27,,,,329.80999755859375,322.8688049316406,29856500
2023-10-30,,,,337.30999755859375,330.2109069824219,22828100
2023-10-31,,,,338.1099853515625,330.9941101074219,20265300
2023-11-01,,,,346.07000732421875,338.7865905761719,28158800
2023-11-02,,,,348.32000732421875,340.98919677734375,24348100
2023-11-03,,,,352.79998779296875,345.3749084472656,23637700
2023-11-06,,,,356.5299987792969,349.0263977050781,23828300
2023-11-07,,,,360.5299987792969,352.94219970703125,25833900
2023-11-08,,,,363.20001220703125,355.5559997558594,26767800
2023-11-09,,,,360.69000244140625,353.0989074707031,24847300
2023-11-10,,,,369.6700134277344,361.889892578125,28042100
2023-11-13,,,,366.67999267578125,358.9627990722656,19986500
2023-11-14,,,,370.2699890136719,362.4772033691406,27683900
2023-11-15,,,,369.6700134277344,362.6243896484375,26860100
2023-11-16,,,,376.1700134277344,369.00048828125,27182300
2023-11-17,,,,369.8500061035156,362.8009033203125,40157000
2023-11-20,,,,377.44000244140625,370.2463073730469,52465100
2023-11-21,,,,373.07000732421875,365.9595947265625,28423100
2023-11-22,,,,377.8500061035156,370.64849853515625,23345300
2023-11-24,,,,377.42999267578125,370.23651123046875,10176600
2023-11-27,,,,378.6099853515625,371.3940124511719,22179200
2023-11-28,,,,382.70001220703125,375.406005859375,20453100
2023-11-29,,,,378.8500061035156,371.62939453125,28963400
2023-11-30,,,,378.9100036621094,371.68829345703125,30554400
2023-12-01,,,,374.510009765625,367.3721008300781,33040500
2023-12-04,,,,369.1400146484375,362.1044921875,32063300
2023-12-05,,,,372.5199890136719,365.42010498046875,23065000
2023-12-06,,,,368.79998779296875,361.77099609375,21182100
2023-12-07,,,,370.95001220703125,363.8800048828125,23118900
2023-12-08,,,,374.2300109863281,367.0975036621094,20154400
2023-12-11,,,,371.29998779296875,364.2232971191406,27708800
2023-12-12,,,,374.3800048828125,367.2445983886719,24838300
2023-12-13,,,,374.3699951171875,367.23480224609375,30955500
2023-12-14,,,,365.92999267578125,358.9556884765625,43277500
2023-12-15,,,,370.7300109863281,363.6642150878906,78502300
2023-12-18,,,,372.6499938964844,365.547607421875,21802900
2023-12-19,,,,373.260009765625,366.14599609375,20603700
2023-12-20,,,,370.6199951171875,363.5563049316406,26316700
2023-12-21,,,,373.5400085449219,366.42059326171875,17708000
2023-12-22,,,,374.5799865722656,367.4407958984375,17107500
2023-12-26,,,,374.6600036621094,367.519287109375,12673100
2023-12-27,,,,374.07000732421875,366.94049072265625,14905400
2023-12-28,,,,375.2799987792969,368.12750244140625,14327000
2023-12-29,,,,376.0400085449219,368.87298583984375,18730800
2024-01-02,,,,370.8699951171875,363.801513671875,25258600
2024-01-03,,,,370.6000061035156,363.5367126464844,23083500
2024-01-04,,,,367.94000244140625,360.9273986816406,20901500
2024-01-05,,,,367.75,360.7409973144531,21004600
2024-01-08,,,,374.69000244140625,367.5487060546875,23134000
2024-01-09,,,,375.7900085449219,368.627685546875,20830000
2024-01-10,,,,382.7699890136719,375.4747009277344,25514200
2024-01-11,,,,384.6300048828125,377.2992858886719,27850800
2024-01-12,,,,388.4700012207031,381.06610107421875,21661200
2024-01-16,,,,390.2699890136719,382.831787109375,27202300
2024-01-17,,,,389.4700012207031,382.0469970703125,22234100
2024-01-18,,,,393.8699951171875,386.36309814453125,23392100
2024-01-19,,,,398.6700134277344,391.0716857910156,29331100
2024-01-22,,,,396.510009765625,388.9527893066406,27016900
2024-01-23,,,,398.8999938964844,391.29730224609375,20525900
2024-01-24,,,,402.55999755859375,394.88751220703125,24867000
2024-01-25,,,,404.8699951171875,397.15350341796875,21021200
2024-01-26,,,,403.92999267578125,396.2314147949219,17803300
2024-01-29,,,,409.7200012207031,401.9111022949219,24510200
2024-01-30,,,,408.5899963378906,400.8026123046875,33477600
2024-01-31,,,,397.5799865722656,390.0024108886719,47871100
2024-02-01,,,,403.7799987792969,396.08428955078125,30657700
2024-02-02,,,,411.2200012207031,403.38250732421875,28256700
2024-02-05,,,,405.6499938964844,397.9186096191406,25352300
2024-02-06,,,,405.489990234375,397.7616882324219,18382600
2024-02-07,,,,414.04998779296875,406.15850830078125,22340500
2024-02-08,,,,414.1099853515625,406.2174072265625,21225300
2024-02-09,,,,420.54998779296875,412.53460693359375,22032800
2024-02-12,,,,415.260009765625,407.3454895019531,21202900
2024-02-13,,,,406.32000732421875,398.5758972167969,27824900
2024-02-14,,,,409.489990234375,402.4283142089844,20401200
2024-02-15,,,,406.55999755859375,399.5487976074219,21825500
2024-02-16,,,,404.05999755859375,397.0918884277344,22296500
2024-02-20,,,,402.7900085449219,395.84381103515625,24307900
2024-02-21,,,,402.17999267578125,395.2442932128906,18518900
2024-02-22,,,,411.6499938964844,404.5509948730469,27009900
2024-02-23,,,,410.3399963378906,403.26361083984375,16295900
2024-02-26,,,,407.5400085449219,400.51190185546875,16193500
2024-02-27,,,,407.4800109863281,400.4529113769531,14835800
2024-02-28,,,,407.7200012207031,400.6888122558594,13183100
2024-02-29,,,,413.6400146484375,406.5067138671875,31947300
2024-03-01,,,,415.5,408.3345947265625,17823400
2024-03-04,,,,414.9200134277344,407.76458740234375,17596000
2024-03-05,,,,402.6499938964844,395.7062072753906,26919200
2024-03-06,,,,402.0899963378906,395.1559143066406,22344100
2024-03-07,,,,409.1400146484375,402.08428955078125,18718500
2024-03-08,,,,406.2200012207031,399.214599609375,18002200
2024-03-11,,,,404.5199890136719,397.54400634765625,16120800
2024-03-12,,,,415.2799987792969,408.118408203125,22457000
2024-03-13,,,,415.1000061035156,407.9414978027344,17115900
2024-03-14,,,,425.2200012207031,417.8869934082031,34157300
2024-03-15,,,,416.4200134277344,409.23870849609375,45079900
2024-03-18,,,,417.32000732421875,410.1231994628906,20106000
2024-03-19,,,,421.4100036621094,414.1427001953125,19837900
2024-03-20,,,,425.2300109863281,417.89678955078125,17860100
2024-03-21,,,,429.3699951171875,421.96539306640625,21296200
2024-03-22,,,,428.739990234375,421.3463134765625,17648500
2024-03-25,,,,422.8599853515625,415.56768798828125,18060500
2024-03-26,,,,421.6499938964844,414.37860107421875,16725600
2024-03-27,,,,421.42999267578125,414.16229248046875,16705000
2024-03-28,,,,420.7200012207031,413.464599609375,21871200
2024-04-01,,,,424.57000732421875,417.2481994628906,16316000
2024-04-02,,,,421.44000244140625,414.1722106933594,17912000
2024-04-03,,,,420.45001220703125,413.1993103027344,16502300
2024-04-04,,,,417.8800048828125,410.6736145019531,19370900
2024-04-05,,,,425.5199890136719,418.1817932128906,16554800
2024-04-08,,,,424.5899963378906,417.2679138183594,14272400
2024-04-09,,,,426.2799987792969,418.9287109375,12496900
2024-04-10,,,,423.260009765625,415.9607849121094,16216600
2024-04-11,,,,427.92999267578125,420.55029296875,17966400
2024-04-12,,,,421.8999938964844,414.62420654296875,19253800
2024-04-15,,,,413.6400146484375,406.5067138671875,20273500
2024-04-16,,,,414.5799865722656,407.4305114746094,16765600
2024-04-17,,,,411.8399963378906,404.7377014160156,15855500
2024-04-18,,,,404.2699890136719,397.2983093261719,21029900
2024-04-19,,,,399.1199951171875,392.2370910644531,30565800
2024-04-22,,,,400.9599914550781,394.04541015625,20286900
2024-04-23,,,,407.57000732421875,400.5414123535156,15734500
2024-04-24,,,,409.05999755859375,402.0057067871094,15065300
2024-04-25,,,,399.0400085449219,392.15850830078125,40586500
2024-04-26,,,,406.32000732421875,399.3128967285156,29694700
2024-04-29,,,,402.25,395.3131103515625,19582100
2024-04-30,,,,389.3299865722656,382.61590576171875,28781400
2024-05-01,,,,394.94000244140625,388.12921142578125,23562500
2024-05-02,,,,397.8399963378906,390.97918701171875,17709400
2024-05-03,,,,406.6600036621094,399.6470947265625,17446700
2024-05-06,,,,413.5400085449219,406.40838623046875,16996600
2024-05-07,,,,409.3399963378906,402.2807922363281,20018200
2024-05-08,,,,410.5400085449219,403.460205078125,11792300
2024-05-09,,,,412.32000732421875,405.2095031738281,14689700
2024-05-10,,,,414.739990234375,407.58770751953125,13402300
2024-05-13,,,,413.7200012207031,406.5852966308594,15440200
2024-05-14,,,,416.55999755859375,409.3763122558594,15109300
2024-05-15,,,,423.0799865722656,416.5338134765625,22239500
2024-05-16,,,,420.989990234375,414.4761962890625,17530100
2024-05-17,,,,420.2099914550781,413.70831298828125,15352200
2024-05-20,,,,425.3399963378906,418.7589111328125,16272100
2024-05-21,,,,429.0400085449219,422.401611328125,21453300
2024-05-22,,,,430.5199890136719,423.85870361328125,18073700
2024-05-23,,,,427.0,420.3931884765625,17211700
2024-05-24,,,,430.1600036621094,423.5043029785156,11855300
2024-05-28,,,,430.32000732421875,423.66180419921875,15718000
2024-05-29,,,,429.1700134277344,422.52960205078125,15517100
2024-05-30,,,,414.6700134277344,408.2539978027344,28394500
2024-05-31,,,,415.1300048828125,408.7069091796875,47995300
2024-06-03,,,,413.5199890136719,407.1217956542969,17484700
2024-06-04,,,,416.07000732421875,409.6322937011719,14348900
2024-06-05,,,,424.010009765625,417.4494934082031,16988000
2024-06-06,,,,424.5199890136719,417.95159912109375,14861300
2024-06-07,,,,423.8500061035156,417.2919006347656,13621700
2024-06-10,,,,427.8699951171875,421.24969482421875,13982900
2024-06-11,,,,432.67999267578125,425.98529052734375,14551100
2024-06-12,,,,441.05999755859375,434.2356872558594,22366200
2024-06-13,,,,441.5799865722656,434.7475891113281,15960600
2024-06-14,,,,442.57000732421875,435.7222900390625,13582000
2024-06-17,,,,448.3699951171875,441.4324951171875,20790000
2024-06-18,,,,446.3399963378906,439.4339904785156,17112500
2024-06-20,,,,445.70001220703125,438.80389404296875,19877400
2024-06-21,,,,449.7799987792969,442.8207092285156,34187100
2024-06-24,,,,447.6700134277344,440.743408203125,15913700
2024-06-25,,,,450.95001220703125,443.97259521484375,16413400
2024-06-26,,,,452.1600036621094,445.1639099121094,16507000
2024-06-27,,,,452.8500061035156,445.84320068359375,14806300
2024-06-28,,,,446.95001220703125,440.03448486328125,28362300
2024-07-01,,,,456.7300109863281,449.6632080078125,17662800
2024-07-02,,,,459.2799987792969,452.1737060546875,13979800
2024-07-03,,,,460.7699890136719,453.64068603515625,9932800
2024-07-05,,,,467.55999755859375,460.3255920410156,16000300
2024-07-08,,,,466.239990234375,459.0260925292969,12962300
2024-07-09,,,,459.5400085449219,452.4296875,17207200
2024-07-10,,,,466.25,459.035888671875,18196100
2024-07-11,,,,454.70001220703125,447.66461181640625,23111200
2024-07-12,,,,453.54998779296875,446.53240966796875,16324300
2024-07-15,,,,453.9599914550781,446.93609619140625,14429400
2024-07-16,,,,449.5199890136719,442.5647888183594,17175700
2024-07-17,,,,443.5199890136719,436.6575927734375,21778000
2024-07-18,,,,440.3699951171875,433.5563049316406,20794800
2024-07-19,,,,437.1099853515625,430.3468017578125,20940400
2024-07-22,,,,442.94000244140625,436.08660888671875,15808800
2024-07-23,,,,444.8500061035156,437.9670104980469,13107100
2024-07-24,,,,428.8999938964844,422.2637939453125,26805800
2024-07-25,,,,418.3999938964844,411.9263000488281,29943800
2024-07-26,,,,425.2699890136719,418.69000244140625,23583800
2024-07-29,,,,426.7300109863281,420.1274108886719,15125800
2024-07-30,,,,422.9200134277344,416.3763122558594,32687600
2024-07-31,,,,418.3500061035156,411.87701416015625,42891400
2024-08-01,,,,417.1099853515625,410.65618896484375,30296400
2024-08-02,,,,408.489990234375,402.1695861816406,29437900
2024-08-05,,,,395.1499938964844,389.0360107421875,40709200
2024-08-06,,,,399.6099853515625,393.427001953125,24946500
2024-08-07,,,,398.42999267578125,392.26519775390625,20650900
2024-08-08,,,,402.69000244140625,396.45928955078125,20203000
2024-08-09,,,,406.0199890136719,399.73779296875,19276700
2024-08-12,,,,406.80999755859375,400.5155944824219,16762900
2024-08-13,,,,414.010009765625,407.60418701171875,19414300
2024-08-14,,,,416.8599853515625,410.41009521484375,18267000
2024-08-15,,,,421.0299987792969,415.2626953125,20752100
2024-08-16,,,,418.4700012207031,412.73779296875,22775600
2024-08-19,,,,421.5299987792969,415.75579833984375,15234000
2024-08-20,,,,424.79998779296875,418.9811096191406,16387600
2024-08-21,,,,424.1400146484375,418.3301086425781,16067300
2024-08-22,,,,415.54998779296875,409.8577880859375,19361900
2024-08-23,,,,416.7900085449219,411.080810546875,18493800
2024-08-26,,,,413.489990234375,407.82598876953125,13152800
2024-08-27,,,,413.8399963378906,408.17120361328125,13492900
2024-08-28,,,,410.6000061035156,404.9755859375,14882700
2024-08-29,,,,413.1199951171875,407.46099853515625,17045200
2024-08-30,,,,417.1400146484375,411.4259948730469,24308300
2024-09-03,,,,409.44000244140625,403.8315124511719,20313600
2024-09-04,,,,408.8999938964844,403.29888916015625,15135800
2024-09-05,,,,408.3900146484375,402.7958068847656,14195500
2024-09-06,,,,401.70001220703125,396.197509765625,19609500
2024-09-09,,,,405.7200012207031,400.16241455078125,15295100
2024-09-10,,,,414.20001220703125,408.52630615234375,19594300
2024-09-11,,,,423.0400085449219,417.2452087402344,19266900
2024-09-12,,,,427.0,421.1509094238281,17395700
2024-09-13,,,,430.5899963378906,424.69171142578125,15874600
2024-09-16,,,,431.3399963378906,425.4314880371094,13834700
2024-09-17,,,,435.1499938964844,429.1893005371094,18874200
2024-09-18,,,,430.80999755859375,424.90869140625,18898000
2024-09-19,,,,438.69000244140625,432.6807861328125,21706600
2024-09-20,,,,435.2699890136719,429.3075866699219,55167100
2024-09-23,,,,433.510009765625,427.5716857910156,15128900
2024-09-24,,,,429.1700134277344,423.29119873046875,17015800
2024-09-25,,,,432.1099853515625,426.1908874511719,13396400
2024-09-26,,,,431.30999755859375,425.4018859863281,14492000
2024-09-27,,,,428.0199890136719,422.1568908691406,14896100
2024-09-30,,,,430.29998779296875,424.40570068359375,16807300
2024-10-01,,,,420.69000244140625,414.9273986816406,19092900
2024-10-02,,,,417.1300048828125,411.4161071777344,16582300
2024-10-03,,,,416.5400085449219,410.8341979980469,13686400
2024-10-04,,,,416.05999755859375,410.3608093261719,19169700
2024-10-07,,,,409.5400085449219,403.93011474609375,20919800
2024-10-08,,,,414.7099914550781,409.029296875,19229300
2024-10-09,,,,417.4599914550781,411.7416076660156,14974300
2024-10-10,,,,415.8399963378906,410.143798828125,13848400
2024-10-11,,,,416.32000732421875,410.6171875,14144900
2024-10-14,,,,419.1400146484375,413.3985900878906,16653100
2024-10-15,,,,418.739990234375,413.00408935546875,18900200
2024-10-16,,,,416.1199951171875,410.4200134277344,15508900
2024-10-17,,,,416.7200012207031,411.0116882324219,14820000
2024-10-18,,,,418.1600036621094,412.4320068359375,17145300
2024-10-21,,,,418.7799987792969,413.0434875488281,14206100
2024-10-22,,,,427.510009765625,421.6539001464844,25482200
2024-10-23,,,,424.6000061035156,418.7838134765625,19654400
2024-10-24,,,,424.7300109863281,418.9119873046875,13581600
2024-10-25,,,,428.1499938964844,422.2851867675781,16899100
2024-10-28,,,,426.5899963378906,420.7464904785156,14882400
2024-10-29,,,,431.95001220703125,426.0331115722656,17644100
2024-10-30,,,,432.5299987792969,426.6051940917969,29749100
2024-10-31,,,,406.3500061035156,400.7838134765625,53971000
2024-11-01,,,,410.3699951171875,404.7486877441406,24230400
2024-11-04,,,,408.4599914550781,402.8648986816406,19672300
2024-11-05,,,,411.4599914550781,405.82379150390625,17626000
2024-11-06,,,,420.17999267578125,414.4242858886719,26681800
2024-11-07,,,,425.42999267578125,419.6023864746094,19901800
2024-11-08,,,,422.5400085449219,416.75201416015625,16891400
2024-11-11,,,,418.010009765625,412.2840881347656,24503300
2024-11-12,,,,423.0299987792969,417.23529052734375,19401200
2024-11-13,,,,425.20001220703125,419.3756103515625,21502200
2024-11-14,,,,426.8900146484375,421.0423889160156,30246900
2024-11-15,,,,415.0,409.3153076171875,28247600
2024-11-18,,,,415.760009765625,410.0649108886719,24727000
2024-11-19,,,,417.7900085449219,412.0671081542969,18133500
2024-11-20,,,,415.489990234375,409.7986145019531,19191700
2024-11-21,,,,412.8699951171875,408.02960205078125,20780200
2024-11-22,,,,417.0,412.1111145019531,24814600
2024-11-25,,,,418.7900085449219,413.88018798828125,27691100
2024-11-26,,,,427.989990234375,422.9722900390625,23458900
2024-11-27,,,,422.989990234375,418.0309143066406,18332400
2024-11-29,,,,423.4599914550781,418.4953918457031,16271900
2024-12-02,,,,430.9800109863281,425.92718505859375,20207200
2024-12-03,,,,431.20001220703125,426.14471435546875,18302000
2024-12-04,,,,437.4200134277344,432.29168701171875,26009400
2024-12-05,,,,442.6199951171875,437.4307861328125,21697800
2024-12-06,,,,443.57000732421875,438.3695983886719,18821000
2024-12-09,,,,446.0199890136719,440.7908935546875,19144400
2024-12-10,,,,443.3299865722656,438.13250732421875,18469500
2024-12-11,,,,448.989990234375,443.7261047363281,19200200
2024-12-12,,,,449.55999755859375,444.2893981933594,20834800
2024-12-13,,,,447.2699890136719,442.02630615234375,20177800
2024-12-16,,,,451.5899963378906,446.29559326171875,23598800
2024-12-17,,,,454.4599914550781,449.1319885253906,22733500
2024-12-18,,,,437.3900146484375,432.2620849609375,24444500
2024-12-19,,,,437.0299987792969,431.90631103515625,22963700
2024-12-20,,,,436.6000061035156,431.4814147949219,64263700
2024-12-23,,,,435.25,430.1471862792969,19152500
2024-12-24,,,,439.3299865722656,434.1794128417969,7164500
2024-12-26,,,,438.1099853515625,432.97369384765625,8194200
2024-12-27,,,,430.5299987792969,425.4825134277344,18117700
2024-12-30,,,,424.8299865722656,419.84930419921875,13158700
2024-12-31,,,,421.5,416.55841064453125,13246500
2025-01-02,,,,418.5799865722656,413.672607421875,16896500
2025-01-03,,,,423.3500061035156,418.3866882324219,16662900
2025-01-06,,,,427.8500061035156,422.8338928222656,20573600
2025-01-07,,,,422.3699951171875,417.418212890625,18139100
2025-01-08,,,,424.55999755859375,419.5824890136719,15054600
2025-01-10,,,,418.95001220703125,414.0382995605469,20201100
2025-01-13,,,,417.19000244140625,412.29888916015625,17604800
2025-01-14,,,,415.6700134277344,410.79669189453125,16935900
2025-01-15,,,,426.30999755859375,421.31201171875,19637800
2025-01-16,,,,424.5799865722656,419.602294921875,15300000
2025-01-17,,,,429.0299987792969,424.0000915527344,26197500
2025-01-21,,,,428.5,423.4762878417969,26085700
2025-01-22,,,,446.20001220703125,440.96881103515625,27803800
2025-01-23,,,,446.7099914550781,441.4728088378906,18389300
2025-01-24,,,,444.05999755859375,438.8539123535156,15549500
2025-01-27,,,,434.55999755859375,429.4653015136719,35647800
2025-01-28,,,,447.20001220703125,441.95709228515625,23491700
2025-01-29,,,,442.3299865722656,437.1441955566406,23581400
2025-01-30,,,,414.989990234375,410.12469482421875,54586300
2025-01-31,,,,415.05999755859375,410.19390869140625,34161900
2025-02-03,,,,410.9200134277344,406.1023864746094,25679100
2025-02-04,,,,412.3699951171875,407.535400390625,20532100
2025-02-05,,,,413.2900085449219,408.4446105957031,16316700
2025-02-06,,,,415.82000732421875,410.94500732421875,16309800
2025-02-07,,,,409.75,404.94610595703125,22886800
2025-02-10,,,,412.2200012207031,407.38720703125,20817900
2025-02-11,,,,411.44000244140625,406.6163024902344,18140600
2025-02-12,,,,409.0400085449219,404.2445068359375,19121700
2025-02-13,,,,410.5400085449219,405.7268981933594,23891700
2025-02-14,,,,408.42999267578125,403.6416015625,22758500
2025-02-18,,,,409.6400146484375,404.83740234375,21423100
2025-02-19,,,,414.7699890136719,409.90728759765625,24114200
2025-02-20,,,,416.1300048828125,412.07598876953125,23508700
2025-02-21,,,,408.2099914550781,404.23309326171875,27524800
2025-02-24,,,,404.0,400.0640869140625,26443700
2025-02-25,,,,397.8999938964844,394.0235900878906,29387400
2025-02-26,,,,399.7300109863281,395.835693359375,19619000
2025-02-27,,,,392.5299987792969,388.7059020996094,21127400
2025-02-28,,,,396.989990234375,393.1224060058594,32845700
2025-03-03,,,,388.489990234375,384.7052001953125,23007700
2025-03-04,,,,388.6099853515625,384.8240966796875,29342900
2025-03-05,,,,401.0199890136719,397.1131896972656,23433100
2025-03-06,,,,396.8900146484375,393.0234069824219,23304600
2025-03-07,,,,393.30999755859375,389.4783020019531,22034100
2025-03-10,,,,380.1600036621094,376.4563903808594,32840100
2025-03-11,,,,380.45001220703125,376.74359130859375,30380200
2025-03-12,,,,383.2699890136719,379.5361022949219,24253600
2025-03-13,,,,378.7699890136719,375.07989501953125,20473000
2025-03-14,,,,388.55999755859375,384.7745056152344,19952800
2025-03-17,,,,388.70001220703125,384.9132080078125,22474300
2025-03-18,,,,383.5199890136719,379.78369140625,19486900
2025-03-19,,,,387.82000732421875,384.04180908203125,19185500
2025-03-20,,,,386.8399963378906,383.0712890625,18470500
2025-03-21,,,,391.260009765625,387.4482116699219,39675900
2025-03-24,,,,393.0799865722656,389.25048828125,21004500
2025-03-25,,,,395.1600036621094,391.310302734375,15775000
2025-03-26,,,,389.9700012207031,386.1708068847656,16108400
2025-03-27,,,,390.5799865722656,386.77490234375,13766800
2025-03-28,,,,378.79998779296875,375.1095886230469,21632000
2025-03-31,,,,375.3900146484375,371.73291015625,35184700
2025-04-01,,,,382.19000244140625,378.46661376953125,19689500
2025-04-02,,,,382.1400146484375,378.4171142578125,16092600
2025-04-03,,,,373.1099853515625,369.47509765625,30198000
2025-04-04,,,,359.8399963378906,356.33428955078125,49209900
2025-04-07,,,,357.8599853515625,354.37359619140625,50425000
2025-04-08,,,,354.55999755859375,351.1058044433594,35868900
2025-04-09,,,,390.489990234375,386.6856994628906,50199700
2025-04-10,,,,381.3500061035156,377.6347961425781,38024400
2025-04-11,,,,388.45001220703125,384.66558837890625,23839200
2025-04-14,,,,387.80999755859375,384.0318908691406,19251200
2025-04-15,,,,385.7300109863281,381.97210693359375,17199900
2025-04-16,,,,371.6099853515625,367.98968505859375,21967800
2025-04-17,,,,367.7799987792969,364.1969909667969,21120200
2025-04-21,,,,359.1199951171875,355.62139892578125,20807300
2025-04-22,,,,366.82000732421875,363.2463073730469,19485000
2025-04-23,,,,374.3900146484375,370.74261474609375,20545500
2025-04-24,,,,387.29998779296875,383.52679443359375,22232300
2025-04-25,,,,391.8500061035156,388.0325012207031,18973200
2025-04-28,,,,391.1600036621094,387.3492126464844,16579400
2025-04-29,,,,394.0400085449219,390.2012023925781,14974000
2025-04-30,,,,395.260009765625,391.4093017578125,36461100
2025-05-01,,,,425.3999938964844,421.255615234375,58938100
2025-05-02,,,,435.2799987792969,431.0393981933594,30757400
2025-05-05,,,,436.1700134277344,431.9206848144531,20136100
2025-05-06,,,,433.30999755859375,429.0885925292969,15104200
2025-05-07,,,,433.3500061035156,429.1282043457031,23295300
2025-05-08,,,,438.1700134277344,433.9012145996094,23491300
2025-05-09,,,,438.7300109863281,434.455810546875,15324200
2025-05-12,,,,449.260009765625,444.8832092285156,22821900
2025-05-13,,,,449.1400146484375,444.764404296875,23618800
2025-05-14,,,,452.94000244140625,448.5273132324219,19902800
2025-05-15,,,,453.1300048828125,449.539306640625,21992300
2025-05-16,,,,454.2699890136719,450.6701965332031,23849800
2025-05-19,,,,458.8699951171875,455.2337951660156,21336500
2025-05-20,,,,458.1700134277344,454.539306640625,15441800
2025-05-21,,,,452.57000732421875,448.98370361328125,19216900
2025-05-22,,,,454.8599853515625,451.255615234375,18025600
2025-05-23,,,,450.17999267578125,446.61260986328125,16883500
2025-05-27,,,,460.69000244140625,457.0393981933594,20974300
2025-05-28,,,,457.3599853515625,453.7356872558594,17086300
2025-05-29,,,,458.67999267578125,455.0452880859375,13974800
2025-05-30,,,,460.3599853515625,456.7120056152344,34770500
2025-06-02,,,,461.9700012207031,458.3092041015625,16626500
2025-06-03,,,,462.9700012207031,459.3013000488281,15743800
2025-06-04,,,,463.8699951171875,460.1942138671875,14162700
2025-06-05,,,,467.67999267578125,463.9739990234375,20131700
2025-06-06,,,,470.3800048828125,466.652587890625,15285600
2025-06-09,,,,472.75,469.0038146972656,16469900
2025-06-10,,,,470.9200134277344,467.18829345703125,15375900
2025-06-11,,,,472.6199951171875,468.8747863769531,16399200
2025-06-12,,,,478.8699951171875,475.0752868652344,18950600
2025-06-13,,,,474.9599914550781,471.1962890625,16814500
2025-06-16,,,,479.1400146484375,475.3431091308594,15626100
2025-06-17,,,,478.0400085449219,474.25189208984375,15414100
2025-06-18,,,,480.239990234375,476.43438720703125,17526500
2025-06-20,,,,477.3999938964844,473.6169128417969,37576200
2025-06-23,,,,486.0,482.1488037109375,24864000
2025-06-24,,,,490.1099853515625,486.2261962890625,22305600
2025-06-25,,,,492.2699890136719,488.3691101074219,17495100
2025-06-26,,,,497.45001220703125,493.5080871582031,21578900
2025-06-27,,,,495.94000244140625,492.010009765625,34539200
2025-06-30,,,,497.4100036621094,493.4684143066406,28369000
2025-07-01,,,,492.04998779296875,488.1507873535156,19945400
2025-07-02,,,,491.0899963378906,487.198486328125,16319600
2025-07-03,,,,498.8399963378906,494.8869934082031,13984800
2025-07-07,,,,497.7200012207031,493.7759094238281,13981600
2025-07-08,,,,496.6199951171875,492.6846008300781,11846600
2025-07-09,,,,503.510009765625,499.5199890136719,18659500
2025-07-10,,,,501.4800109863281,497.506103515625,16492100
2025-07-11,,,,503.32000732421875,499.3315124511719,16459500
2025-07-14,,,,503.0199890136719,499.0339050292969,12058800
2025-07-15,,,,505.82000732421875,501.81170654296875,14927200
2025-07-16,,,,505.6199951171875,501.6133117675781,15154400
2025-07-17,,,,511.70001220703125,507.6451110839844,17503100
2025-07-18,,,,510.04998779296875,506.0082092285156,21209700
2025-07-21,,,,510.05999755859375,506.0180969238281,14066800
2025-07-22,,,,505.2699890136719,501.26611328125,13868600
2025-07-23,,,,505.8699951171875,501.8612976074219,16396600
2025-07-24,,,,510.8800048828125,506.83160400390625,16107000
2025-07-25,,,,513.7100219726562,509.6391906738281,19125700
2025-07-28,,,,512.5,508.4388122558594,14308000
2025-07-29,,,,512.5700073242188,508.5082092285156,16469200
2025-07-30,,,,513.239990234375,509.17291259765625,26380400
2025-07-31,,,,533.5,529.2723999023438,51617300
2025-08-01,,,,524.1099853515625,519.956787109375,28977600
2025-08-04,,,,535.6400146484375,531.3953857421875,25349000
2025-08-05,,,,527.75,523.56787109375,19171600
2025-08-06,,,,524.9400024414062,520.7802124023438,21355700
2025-08-07,,,,520.8400268554688,516.7127075195312,16079100
2025-08-08,,,,522.0399780273438,517.9031982421875,15531000
2025-08-11,,,,521.77001953125,517.6353149414062,20194400
2025-08-12,,,,529.239990234375,525.0460815429688,18667000
2025-08-13,,,,520.5800170898438,516.4547729492188,19619200
2025-08-14,,,,522.47998046875,518.3397216796875,20269100
2025-08-15,,,,520.1699829101562,516.0479736328125,25213300
2025-08-18,,,,517.0999755859375,513.0023193359375,23760600
2025-08-19,,,,509.7699890136719,505.73040771484375,21481000
2025-08-20,,,,505.7200012207031,501.7124938964844,27723000
2025-08-21,,,,504.239990234375,501.06658935546875,18443300
2025-08-22,,,,507.2300109863281,504.0378112792969,24324200
2025-08-25,,,,504.260009765625,501.08648681640625,21638600
2025-08-26,,,,502.0400085449219,498.8804931640625,30835700
2025-08-27,,,,506.739990234375,503.5509033203125,17277900
2025-08-28,,,,509.6400146484375,506.4325866699219,18015600
2025-08-29,,,,506.69000244140625,503.5011901855469,20961600
2025-09-02,,,,505.1199951171875,501.94110107421875,18128000
2025-09-03,,,,505.3500061035156,502.1695861816406,16345100
2025-09-04,,,,507.9700012207031,504.7731018066406,15509500
2025-09-05,,,,495.0,491.8847961425781,31994800
2025-09-08,,,,498.20001220703125,495.0646057128906,16771000
2025-09-09,,,,498.4100036621094,495.2732849121094,14410500
2025-09-10,,,,500.3699951171875,497.22100830078125,21611800
2025-09-11,,,,501.010009765625,497.8569030761719,18881600
2025-09-12,,,,509.8999938964844,506.6910095214844,23624900
2025-09-15,,,,515.3599853515625,512.1165771484375,17143800
2025-09-16,,,,509.0400085449219,505.8363952636719,19711900
2025-09-17,,,,510.0199890136719,506.8102111816406,15816600
2025-09-18,,,,508.45001220703125,505.2500915527344,18913700
2025-09-19,,,,517.9299926757812,514.6704711914062,52474100
2025-09-22,,,,514.4500122070312,511.21240234375,20009300
2025-09-23,,,,509.2300109863281,506.02520751953125,19799600
2025-09-24,,,,510.1499938964844,506.93939208984375,13533700
2025-09-25,,,,507.0299987792969,503.839111328125,15786500
2025-09-26,,,,511.4599914550781,508.2412109375,16213100
2025-09-29,,,,514.5999755859375,511.36138916015625,17617800
2025-09-30,,,,517.9500122070312,514.6903076171875,19728200
2025-10-01,,,,519.7100219726562,516.4392700195312,22632300
2025-10-02,,,,515.739990234375,512.4942016601562,21222900
2025-10-03,,,,517.3499755859375,514.0941162109375,15112300
2025-10-06,,,,528.5700073242188,525.2435302734375,21388600
2025-10-07,,,,523.97998046875,520.682373046875,14615200
2025-10-08,,,,524.8499755859375,521.546875,13363400
2025-10-09,,,,522.4000244140625,519.1123046875,18343600
2025-10-10,,,,510.9599914550781,507.7442932128906,24133800
2025-10-13,,,,514.0499877929688,510.8149108886719,14284200
2025-10-14,,,,513.5700073242188,510.337890625,14684300
2025-10-15,,,,513.4299926757812,510.19879150390625,14694700
2025-10-16,,,,511.6099853515625,508.39019775390625,15559600
2025-10-17,,,,513.5800170898438,510.3478088378906,19867800
2025-10-20,,,,516.7899780273438,513.53759765625,14665600
2025-10-21,,,,517.6599731445312,514.4022216796875,15586200
2025-10-22,,,,520.5399780273438,517.2639770507812,18962700
2025-10-23,,,,520.5599975585938,517.2838745117188,14023500
2025-10-24,,,,523.6099853515625,520.314697265625,15532400
2025-10-27,,,,531.52001953125,528.1749267578125,18734700
2025-10-28,,,,542.0700073242188,538.6585083007812,29986700
2025-10-29,,,,541.5499877929688,538.1417846679688,36023000
2025-10-30,,,,525.760009765625,522.451171875,41023100
2025-10-31,,,,517.8099975585938,514.5512084960938,34006400
2025-11-03,,,,517.030029296875,513.776123046875,22374700
2025-11-04,,,,514.3300170898438,511.0931091308594,20958700
2025-11-05,,,,507.1600036621094,503.96820068359375,23024300
2025-11-06,,,,497.1000061035156,493.97149658203125,27406500
2025-11-07,,,,496.82000732421875,493.69329833984375,24019800
2025-11-10,,,,506.0,502.81549072265625,26101500
2025-11-11,,,,508.67999267578125,505.47869873046875,17980000
2025-11-12,,,,511.1400146484375,507.9231872558594,26574900
2025-11-13,,,,503.2900085449219,500.1225891113281,25273100
2025-11-14,,,,510.17999267578125,506.9692077636719,28505700
2025-11-17,,,,507.489990234375,504.29620361328125,19092800
2025-11-18,,,,493.7900085449219,490.6824035644531,33815100
2025-11-19,,,,487.1199951171875,484.0544128417969,23245300
2025-11-20,,,,478.42999267578125,476.3088073730469,26802500
2025-11-21,,,,472.1199951171875,470.02679443359375,31769200
2025-11-24,,,,474.0,471.89849853515625,34421000
2025-11-25,,,,476.989990234375,474.8752136230469,28019800
2025-11-26,,,,485.5,483.3475036621094,25709100
2025-11-28,,,,492.010009765625,489.82861328125,14386700
2025-12-01,,,,486.739990234375,484.5820007324219,23964000
2025-12-02,,,,490.0,487.8276062011719,19562700
2025-12-03,,,,477.7300109863281,475.61199951171875,34615100
2025-12-04,,,,480.8399963378906,478.70819091796875,22318200
2025-12-05,,,,483.1600036621094,481.0179138183594,22608700
2025-12-08,,,,491.0199890136719,488.8429870605469,21965900
2025-12-09,,,,492.0199890136719,489.8385925292969,14696100
2025-12-10,,,,478.55999755859375,476.43829345703125,35756200
2025-12-11,,,,483.4700012207031,481.3265075683594,24669200
2025-12-12,,,,478.5299987792969,476.40838623046875,21248100
2025-12-15,,,,474.82000732421875,472.71490478515625,23727700
2025-12-16,,,,476.3900146484375,474.27789306640625,20705600
2025-12-17,,,,476.1199951171875,474.00909423828125,24527200
2025-12-18,,,,483.9800109863281,481.8341979980469,28573500
2025-12-19,,,,485.9200134277344,483.7655944824219,70836100
2025-12-22,,,,484.9200134277344,482.7701110839844,16963000
2025-12-23,,,,486.8500061035156,484.6914978027344,14683600
2025-12-24,,,,488.0199890136719,485.8562927246094,5855900
2025-12-26,,,,487.7099914550781,485.5476989746094,8842200
2025-12-29,,,,487.1000061035156,484.9403991699219,10893400
2025-12-30,,,,487.4800109863281,485.3186950683594,13944500
2025-12-31,,,,483.6199951171875,481.4757995605469,15601600
2026-01-02,,,,472.94000244140625,470.84320068359375,25571600
2026-01-05,,,,472.8500061035156,470.75360107421875,25250300
2026-01-06,,,,478.510009765625,476.38848876953125,23037700
2026-01-07,,,,483.4700012207031,481.3265075683594,25564200
2026-01-08,,,,478.1099853515625,475.99029541015625,18162600
2026-01-09,,,,479.2799987792969,477.15509033203125,18491000
2026-01-12,,,,477.17999267578125,475.06439208984375,23519900
2026-01-13,,,,470.6700134277344,468.58331298828125,28545800
2026-01-14,,,,459.3800048828125,457.3432922363281,28184300
2026-01-15,,,,456.6600036621094,454.6354064941406,23225800
2026-01-16,,,,459.8599853515625,457.8211975097656,34246700
2026-01-20,,,,454.5199890136719,452.5049133300781,26130000
2026-01-21,,,,444.1099853515625,442.1409912109375,37980500
2026-01-22,,,,451.1400146484375,449.1398010253906,25349400
2026-01-23,,,,465.95001220703125,463.8841857910156,38000200
2026-01-26,,,,470.2799987792969,468.19500732421875,29291200
2026-01-27,,,,480.5799865722656,478.4493103027344,29213900
2026-01-28,,,,481.6300048828125,479.49468994140625,36875400
2026-01-29,,,,433.5,431.5780029296875,128855300
2026-01-30,,,,430.2900085449219,428.3822937011719,58566800
2026-02-02,,,,423.3699951171875,421.4930114746094,42219900
2026-02-03,,,,411.2099914550781,409.38690185546875,61424100
2026-02-04,,,,414.19000244140625,412.35369873046875,45012400
2026-02-05,,,,393.6700134277344,391.9245910644531,66289200
2026-02-06,,,,401.1400146484375,399.36151123046875,53515300
2026-02-09,,,,413.6000061035156,411.76629638671875,45480500
2026-02-10,,,,413.2699890136719,411.4377136230469,44857900
2026-02-11,,,,404.3699951171875,402.57720947265625,42491000
2026-02-12,,,,401.8399963378906,400.05841064453125,40802400
2026-02-13,,,,401.32000732421875,399.54071044921875,34091600
2026-02-17,,,,396.8599853515625,395.1004943847656,32078800
2026-02-18,,,,399.6000061035156,397.82830810546875,23223400
2026-02-19,,,,398.4599914550781,397.5987854003906,28234000
2026-02-20,,,,397.2300109863281,396.3714904785156,34015200
2026-02-23,,,,384.4700012207031,383.63909912109375,43238300
2026-02-24,,,,389.0,388.1593017578125,33884700
2026-02-25,,,,400.6000061035156,399.73419189453125,43625500
2026-02-26,,,,401.7200012207031,400.851806640625,34405900
2026-02-27,,,,392.739990234375,391.8912048339844,51367200
2026-03-02,,,,398.54998779296875,397.6885986328125,35474900
2026-03-03,,,,403.92999267578125,403.0570068359375,38199200
2026-03-04,,,,405.20001220703125,404.3243103027344,35808000
2026-03-05,,,,410.67999267578125,409.7923889160156,39001300
2026-03-06,,,,408.9599914550781,408.0762023925781,31123900
2026-03-09,,,,409.4100036621094,408.52520751953125,30131900
2026-03-10,,,,405.760009765625,404.8830871582031,31706400
2026-03-11,,,,404.8800048828125,404.0050048828125,25512100
2026-03-12,,,,401.8599853515625,400.9914855957031,27263900
2026-03-13,,,,395.54998779296875,394.6950988769531,26848000
2026-03-16,,,,399.95001220703125,399.0856018066406,27733700
2026-03-17,,,,399.4100036621094,398.54681396484375,26228300
2026-03-18,,,,391.7900085449219,390.94329833984375,25908500
2026-03-19,,,,389.0199890136719,388.17919921875,25138800
2026-03-20,,,,381.8699951171875,381.0447082519531,50853200
2026-03-23,,,,383.0,382.17230224609375,29680100
2026-03-24,,,,372.739990234375,371.93438720703125,42733600
2026-03-25,,,,371.0400085449219,370.23809814453125,31181200
2026-03-26,,,,365.9700012207031,365.1791076660156,36836600
2026-03-27,,,,356.7699890136719,355.9989013671875,37883400
2026-03-30,,,,358.9599914550781,358.1842041015625,44797000
2026-03-31,,,,370.1700134277344,369.3699951171875,45244400
2026-04-01,,,,369.3699951171875,368.5716857910156,29417200
2026-04-02,,,,373.4599914550781,372.65289306640625,24099100
2026-04-06,,,,372.8800048828125,372.0740966796875,16146600
2026-04-07,,,,372.2900085449219,371.48541259765625,21443300
2026-04-08,,,,374.3299865722656,373.52099609375,33064800
2026-04-09,,,,373.07000732421875,372.2637023925781,30435300
2026-04-10,,,,370.8699951171875,370.0685119628906,28111100
2026-04-13,,,,384.3699951171875,383.539306640625,35745800
2026-04-14,,,,393.1099853515625,392.2604064941406,37504500
2026-04-15,,,,411.2200012207031,410.331298828125,45063400
2026-04-16,,,,420.260009765625,419.3517150878906,41642400
2026-04-17,,,,422.7900085449219,421.8763122558594,48568200
2026-04-20,,,,418.07000732421875,417.16650390625,27582200
2026-04-21,,,,424.1600036621094,423.2432861328125,32048500
2026-04-22,,,,432.9200134277344,431.9844055175781,29378200
2026-04-23,,,,415.75,414.85150146484375,38308000
2026-04-24,,,,424.6199951171875,423.7023010253906,27457400
2026-04-27,,,,424.82000732421875,423.9018859863281,30867300
2026-04-28,,,,429.25,428.3222961425781,30438100
2026-04-29,,,,424.4599914550781,423.5426940917969,38288300
2026-04-30,,,,407.7799987792969,406.8987121582031,70909400
2026-05-01,,,,414.44000244140625,413.5443115234375,31372400
2026-05-04,,,,413.6199951171875,412.7261047363281,28066500
2026-05-05,,,,411.3800048828125,410.49090576171875,25700900
2026-05-06,,,,413.9599914550781,413.0653076171875,30285900
2026-05-07,,,,420.7699890136719,419.860595703125,34942400
2026-05-08,,,,415.1199951171875,414.2228088378906,33383800
2026-05-11,,,,412.6600036621094,411.7681884765625,35657900
2026-05-12,,,,407.7699890136719,406.8887023925781,38594200
2026-05-13,,,,405.2099914550781,404.33428955078125,29667100
2026-05-14,,,,409.42999267578125,408.54510498046875,27077500
2026-05-15,,,,421.9200134277344,421.0080871582031,50771200
2026-05-18,,,,423.5400085449219,422.62469482421875,32564100
2026-05-19,,,,417.4200134277344,416.5179138183594,33018700
2026-05-20,,,,421.05999755859375,420.1499938964844,27864000
2026-05-21,,,,419.0899963378906,419.0899963378906,31393500
2026-05-22,,,,418.57000732421875,418.57000732421875,22390300
2026-05-26,,,,416.0299987792969,416.0299987792969,30398000
2026-05-27,,,,412.6700134277344,412.6700134277344,28901500
2026-05-28,,,,426.989990234375,426.989990234375,47250500
2026-05-29,,,,450.239990234375,450.239990234375,79654400
2026-06-01,,,,460.5199890136719,460.5199890136719,53628900
2026-06-02,,,,441.30999755859375,441.30999755859375,37036800
2026-06-03,,,,427.3399963378906,427.3399963378906,39037000
2026-06-04,,,,428.04998779296875,428.04998779296875,26899500
2026-06-05,,,,416.6700134277344,416.6700134277344,34782200
2026-06-08,,,,411.739990234375,411.739990234375,32086700
2026-06-09,,,,403.4100036621094,403.4100036621094,35317300
2026-06-10,,,,397.3599853515625,397.3599853515625,32576000
2026-06-11,,,,390.3399963378906,390.3399963378906,47224100
2026-06-12,,,,390.739990234375,390.739990234375,34865800
2026-06-15,,,,399.760009765625,399.760009765625,32266400
2026-06-16,,,,393.8299865722656,393.8299865722656,31506800
2026-06-17,,,,378.9100036621094,378.9100036621094,41987800
2026-06-18,,,,379.3999938964844,379.3999938964844,59714200
2026-06-22,,,,367.3399963378906,367.3399963378906,45171100
2026-06-23,,,,373.94000244140625,373.94000244140625,40647600
2026-06-24,,,,365.4599914550781,365.4599914550781,44509900
2026-06-25,,,,352.8299865722656,352.8299865722656,66179000
2026-06-26,,,,372.9700012207031,372.9700012207031,186201600
2026-06-29,,,,368.57000732421875,368.57000732421875,51229900
2026-06-30,,,,373.0199890136719,373.0199890136719,44945700
2026-07-01,,,,384.2799987792969,384.2799987792969,48065800
2026-07-02,,,,390.489990234375,390.489990234375,42128900
2026-07-06,,,,386.739990234375,386.739990234375,34224500
2026-07-07,,,,388.8399963378906,388.8399963378906,29297500
2026-07-08,,,,383.3399963378906,383.3399963378906,25908300
2026-07-09,,,,384.3599853515625,384.3599853515625,31083200
2026-07-10,,,,385.1000061035156,385.1000061035156,24644600
2026-07-13,,,,390.989990234375,390.989990234375,28914900
2026-07-14,,,,384.92999267578125,384.92999267578125,27863900
2026-07-15,,,,395.6300048828125,395.6300048828125,36253700
2026-07-16,,,,401.1000061035156,401.1000061035156,37047400
2026-07-17,,,,393.82000732421875,393.82000732421875,33049800
2026-07-20,,,,402.2900085449219,402.2900085449219,27915760
2026-07-21,,,,397.75,397.75,24126631
2026-07-22,,,,390.3399963378906,390.3399963378906,28142500
2026-07-23,,,,381.5799865722656,381.5799865722656,30351800
2026-07-24,,,,381.70001220703125,381.70001220703125,27659400
2026-07-27,,,,389.1000061035156,389.1000061035156,27856200
2026-07-28,,,,393.3500061035156,393.3500061035156,32367500
2026-07-29,,,,390.5400085449219,390.5400085449219,47209000
2026-07-30,,,,451.1000061035156,451.1000061035156,110160700
2026-07-31,,,,464.7200012207031,464.7200012207031,60846000
2026-08-03,,,,487.6499938964844,487.6499938964844,66762100
2026-08-04,,,,492.80999755859375,492.80999755859375,50455500
2026-08-05,,,,487.4599914550781,486.5440979003906,33388900
2026-08-06,,,,499.8599853515625,498.9208068847656,36441500
2026-08-07,,,,499.989990234375,499.0505065917969,28846200
2026-08-10,,,,506.05999755859375,505.1091003417969,31206100
2026-08-11,,,,503.80999755859375,502.8634033203125,23049800
2026-08-12,,,,492.42999267578125,491.50469970703125,29001500
2026-08-13,,,,496.8800048828125,495.9464111328125,23039000
2026-08-14,,,,495.3999938964844,494.4692077636719,16217600
2026-08-17,,,,480.3500061035156,479.4473876953125,29635800
2026-08-18,,,,481.6300048828125,480.7250061035156,24087600
2026-08-19,,,,484.30999755859375,483.3999938964844,19885600
