tenor,market_erp
1,0.051263
2,0.050576
3,0.049935
4,0.049336
5,0.048778
6,0.048257
7,0.047771
8,0.047318
9,0.046895
10,0.0465
11,0.046132
12,0.045788
13,0.045467
14,0.045168
15,0.044889
16,0.044629
17,0.044386
18,0.044159
19,0.043947
20,0.04375
21,0.043566
22,0.043394
23,0.043234
24,0.043084
25,0.042945
26,0.042814
27,0.042693
28,0.042579
29,0.042474
30,0.042375
